local_date,partition,london_open_utc,london_end_utc,utc_offset_hours,dst_regime,H,L,R,break_side,breakout_ts,retest_episodes,retest_bucket,first_retest_ts,first_retest_state,first_event,first_event_ts,post_e10,post_e20,post_e30,post_e50,first_e10_ts,first_e20_ts,opposite_boundary_reached,retest_episodes_before_e20,hold_then_e10,hold_then_e20,minutes_open_to_break
2020-02-11,external,2020-02-11 08:00:00+00:00,2020-02-11 13:00:00+00:00,0.0,GMT,25.264,24.25,1.0139999999999993,UP_BREAK,2020-02-11 12:20:00+00:00,1.0,1,2020-02-11 12:25:00+00:00,HOLD_RETEST,BOUNDARY_HOLD_RETEST,2020-02-11 12:25:00+00:00,False,False,False,False,,,False,,False,False,260.0
2020-02-12,external,2020-02-12 08:00:00+00:00,2020-02-12 13:00:00+00:00,0.0,GMT,26.087,25.347,0.7399999999999984,NO_BREAK,,,NA,,NA,NO_BREAK,,False,False,False,False,,,False,,False,False,
2020-02-13,external,2020-02-13 08:00:00+00:00,2020-02-13 13:00:00+00:00,0.0,GMT,27.397,25.733,1.663999999999998,DOWN_BREAK,2020-02-13 08:05:00+00:00,0.0,0,,NO_RETEST,DIRECT_E10,2020-02-13 08:10:00+00:00,True,True,True,True,2020-02-13 08:10:00+00:00,2020-02-13 08:10:00+00:00,False,0.0,False,False,5.0
2020-02-14,external,2020-02-14 08:00:00+00:00,2020-02-14 13:00:00+00:00,0.0,GMT,26.161,25.043,1.118000000000002,NO_BREAK,,,NA,,NA,NO_BREAK,,False,False,False,False,,,False,,False,False,
2020-02-17,external,2020-02-17 08:00:00+00:00,2020-02-17 13:00:00+00:00,0.0,GMT,23.554,22.001,1.5529999999999973,DOWN_BREAK,2020-02-17 11:10:00+00:00,2.0,2,2020-02-17 11:15:00+00:00,HOLD_RETEST,AMBIGUOUS_E10_BOUNDARY_INTERACTION,2020-02-17 11:15:00+00:00,True,True,True,False,2020-02-17 11:15:00+00:00,2020-02-17 11:15:00+00:00,False,0.0,False,False,190.0
2020-02-18,external,2020-02-18 08:00:00+00:00,2020-02-18 13:00:00+00:00,0.0,GMT,24.063,22.827,1.235999999999997,NO_BREAK,,,NA,,NA,NO_BREAK,,False,False,False,False,,,False,,False,False,
2020-02-19,external,2020-02-19 08:00:00+00:00,2020-02-19 13:00:00+00:00,0.0,GMT,24.392,23.8,0.5919999999999987,DOWN_BREAK,2020-02-19 08:05:00+00:00,1.0,1,2020-02-19 08:10:00+00:00,ACCEPT_BACK_INSIDE,ACCEPT_BACK_INSIDE,2020-02-19 08:10:00+00:00,False,False,False,False,,,False,,False,False,5.0
2020-02-20,external,2020-02-20 08:00:00+00:00,2020-02-20 13:00:00+00:00,0.0,GMT,22.723,21.886,0.8369999999999997,DOWN_BREAK,2020-02-20 09:20:00+00:00,1.0,1,2020-02-20 09:25:00+00:00,HOLD_RETEST,BOUNDARY_HOLD_RETEST,2020-02-20 09:25:00+00:00,True,True,True,True,2020-02-20 11:55:00+00:00,2020-02-20 12:25:00+00:00,False,1.0,True,True,80.0
2020-02-21,external,2020-02-21 08:00:00+00:00,2020-02-21 13:00:00+00:00,0.0,GMT,22.933,21.987,0.9460000000000015,DOWN_BREAK,2020-02-21 09:05:00+00:00,2.0,2,2020-02-21 09:10:00+00:00,ACCEPT_BACK_INSIDE,ACCEPT_BACK_INSIDE,2020-02-21 09:10:00+00:00,True,False,False,False,2020-02-21 09:25:00+00:00,,False,,False,False,65.0
2020-02-24,external,2020-02-24 08:00:00+00:00,2020-02-24 13:00:00+00:00,0.0,GMT,23.288,22.192,1.096,NO_BREAK,,,NA,,NA,NO_BREAK,,False,False,False,False,,,False,,False,False,
2020-02-25,external,2020-02-25 08:00:00+00:00,2020-02-25 13:00:00+00:00,0.0,GMT,22.13,20.88,1.25,NO_BREAK,,,NA,,NA,NO_BREAK,,False,False,False,False,,,False,,False,False,
2020-02-26,external,2020-02-26 08:00:00+00:00,2020-02-26 13:00:00+00:00,0.0,GMT,20.547,19.0,1.5470000000000006,DOWN_BREAK,2020-02-26 09:15:00+00:00,2.0,2,2020-02-26 09:30:00+00:00,ACCEPT_BACK_INSIDE,ACCEPT_BACK_INSIDE,2020-02-26 09:30:00+00:00,False,False,False,False,,,False,,False,False,75.0
2020-02-27,external,2020-02-27 08:00:00+00:00,2020-02-27 13:00:00+00:00,0.0,GMT,18.8,17.701,1.0990000000000002,UP_BREAK,2020-02-27 08:35:00+00:00,3.0,3+,2020-02-27 08:40:00+00:00,ACCEPT_BACK_INSIDE,ACCEPT_BACK_INSIDE,2020-02-27 08:40:00+00:00,True,True,True,True,2020-02-27 10:40:00+00:00,2020-02-27 11:05:00+00:00,False,3.0,False,False,35.0
2020-02-28,external,2020-02-28 08:00:00+00:00,2020-02-28 13:00:00+00:00,0.0,GMT,19.755,18.655,1.0999999999999979,DOWN_BREAK,2020-02-28 09:05:00+00:00,1.0,1,2020-02-28 09:10:00+00:00,HOLD_RETEST,AMBIGUOUS_E10_BOUNDARY_INTERACTION,2020-02-28 09:10:00+00:00,True,True,True,True,2020-02-28 09:10:00+00:00,2020-02-28 09:35:00+00:00,False,1.0,False,False,65.0
2020-03-02,external,2020-03-02 08:00:00+00:00,2020-03-02 13:00:00+00:00,0.0,GMT,19.465,18.768,0.6969999999999992,UP_BREAK,2020-03-02 08:55:00+00:00,4.0,3+,2020-03-02 09:00:00+00:00,ACCEPT_BACK_INSIDE,ACCEPT_BACK_INSIDE,2020-03-02 09:00:00+00:00,True,True,False,False,2020-03-02 09:35:00+00:00,2020-03-02 10:15:00+00:00,False,3.0,False,False,55.0
2020-03-03,external,2020-03-03 08:00:00+00:00,2020-03-03 13:00:00+00:00,0.0,GMT,19.905,19.543,0.3620000000000019,UP_BREAK,2020-03-03 10:25:00+00:00,3.0,3+,2020-03-03 10:35:00+00:00,HOLD_RETEST,DIRECT_E10,2020-03-03 10:30:00+00:00,True,True,True,True,2020-03-03 10:30:00+00:00,2020-03-03 10:30:00+00:00,False,0.0,False,False,145.0
2020-03-04,external,2020-03-04 08:00:00+00:00,2020-03-04 13:00:00+00:00,0.0,GMT,20.273,19.622,0.6509999999999998,NO_BREAK,,,NA,,NA,NO_BREAK,,False,False,False,False,,,False,,False,False,
2020-03-05,external,2020-03-05 08:00:00+00:00,2020-03-05 13:00:00+00:00,0.0,GMT,20.919,19.965,0.9540000000000006,UP_BREAK,2020-03-05 09:25:00+00:00,1.0,1,2020-03-05 09:30:00+00:00,ACCEPT_BACK_INSIDE,ACCEPT_BACK_INSIDE,2020-03-05 09:30:00+00:00,True,True,True,True,2020-03-05 09:35:00+00:00,2020-03-05 09:50:00+00:00,False,1.0,False,False,85.0
2020-03-06,external,2020-03-06 08:00:00+00:00,2020-03-06 13:00:00+00:00,0.0,GMT,21.447,20.692,0.754999999999999,UP_BREAK,2020-03-06 10:25:00+00:00,2.0,2,2020-03-06 10:30:00+00:00,ACCEPT_BACK_INSIDE,AMBIGUOUS_E10_BOUNDARY_INTERACTION,2020-03-06 10:30:00+00:00,True,True,True,False,2020-03-06 10:30:00+00:00,2020-03-06 10:30:00+00:00,False,0.0,False,False,145.0
2020-03-09,external,2020-03-09 08:00:00+00:00,2020-03-09 13:00:00+00:00,0.0,GMT,17.465,16.261,1.2040000000000006,NO_BREAK,,,NA,,NA,NO_BREAK,,False,False,False,False,,,False,,False,False,
2020-03-10,external,2020-03-10 08:00:00+00:00,2020-03-10 13:00:00+00:00,0.0,GMT,16.997,16.383,0.6140000000000008,UP_BREAK,2020-03-10 10:40:00+00:00,0.0,0,,NO_RETEST,DIRECT_E10,2020-03-10 10:45:00+00:00,True,True,True,True,2020-03-10 10:45:00+00:00,2020-03-10 10:45:00+00:00,False,0.0,False,False,160.0
2020-03-11,external,2020-03-11 08:00:00+00:00,2020-03-11 13:00:00+00:00,0.0,GMT,17.129,16.556,0.5730000000000004,DOWN_BREAK,2020-03-11 08:30:00+00:00,2.0,2,2020-03-11 08:35:00+00:00,HOLD_RETEST,AMBIGUOUS_E10_BOUNDARY_INTERACTION,2020-03-11 08:35:00+00:00,True,True,True,True,2020-03-11 08:35:00+00:00,2020-03-11 09:20:00+00:00,False,1.0,False,False,30.0
2020-03-12,external,2020-03-12 08:00:00+00:00,2020-03-12 13:00:00+00:00,0.0,GMT,16.628,14.443,2.1850000000000005,DOWN_BREAK,2020-03-12 08:10:00+00:00,1.0,1,2020-03-12 08:15:00+00:00,ACCEPT_BACK_INSIDE,ACCEPT_BACK_INSIDE,2020-03-12 08:15:00+00:00,True,True,True,True,2020-03-12 10:00:00+00:00,2020-03-12 10:15:00+00:00,False,1.0,False,False,10.0
2020-03-13,external,2020-03-13 08:00:00+00:00,2020-03-13 13:00:00+00:00,0.0,GMT,10.415,6.236,4.178999999999999,UP_BREAK,2020-03-13 08:00:00+00:00,4.0,3+,2020-03-13 08:10:00+00:00,ACCEPT_BACK_INSIDE,DIRECT_E10,2020-03-13 08:05:00+00:00,True,False,False,False,2020-03-13 08:05:00+00:00,,False,,False,False,0.0
2020-03-16,external,2020-03-16 08:00:00+00:00,2020-03-16 13:00:00+00:00,0.0,GMT,10.404,9.05,1.3539999999999992,DOWN_BREAK,2020-03-16 10:00:00+00:00,2.0,2,2020-03-16 12:05:00+00:00,ACCEPT_BACK_INSIDE,DIRECT_E10,2020-03-16 10:05:00+00:00,True,True,True,False,2020-03-16 10:05:00+00:00,2020-03-16 10:05:00+00:00,False,0.0,False,False,120.0
2020-03-17,external,2020-03-17 08:00:00+00:00,2020-03-17 13:00:00+00:00,0.0,GMT,10.493,9.326,1.1669999999999998,NO_BREAK,,,NA,,NA,NO_BREAK,,False,False,False,False,,,False,,False,False,
2020-03-18,external,2020-03-18 08:00:00+00:00,2020-03-18 13:00:00+00:00,0.0,GMT,10.425,9.795,0.6300000000000008,NO_BREAK,,,NA,,NA,NO_BREAK,,False,False,False,False,,,False,,False,False,
2020-03-19,external,2020-03-19 08:00:00+00:00,2020-03-19 13:00:00+00:00,0.0,GMT,10.708,10.245,0.46300000000000097,UP_BREAK,2020-03-19 09:10:00+00:00,1.0,1,2020-03-19 09:15:00+00:00,HOLD_RETEST,AMBIGUOUS_E10_BOUNDARY_INTERACTION,2020-03-19 09:15:00+00:00,True,True,True,True,2020-03-19 09:15:00+00:00,2020-03-19 09:15:00+00:00,False,0.0,False,False,70.0
2020-03-20,external,2020-03-20 08:00:00+00:00,2020-03-20 13:00:00+00:00,0.0,GMT,12.576,11.982,0.5940000000000012,UP_BREAK,2020-03-20 08:00:00+00:00,0.0,0,,NO_RETEST,DIRECT_E10,2020-03-20 08:05:00+00:00,True,True,True,True,2020-03-20 08:05:00+00:00,2020-03-20 08:10:00+00:00,False,0.0,False,False,0.0
2020-03-23,external,2020-03-23 08:00:00+00:00,2020-03-23 13:00:00+00:00,0.0,GMT,11.422,10.765,0.657,UP_BREAK,2020-03-23 12:10:00+00:00,0.0,0,,NO_RETEST,DIRECT_E10,2020-03-23 12:15:00+00:00,True,True,True,True,2020-03-23 12:15:00+00:00,2020-03-23 12:15:00+00:00,False,0.0,False,False,250.0
2020-03-24,external,2020-03-24 08:00:00+00:00,2020-03-24 13:00:00+00:00,0.0,GMT,12.434,11.906,0.5279999999999987,UP_BREAK,2020-03-24 09:20:00+00:00,2.0,2,2020-03-24 09:25:00+00:00,HOLD_RETEST,BOUNDARY_HOLD_RETEST,2020-03-24 09:25:00+00:00,True,True,False,False,2020-03-24 09:30:00+00:00,2020-03-24 09:35:00+00:00,False,1.0,True,True,80.0
2020-03-25,external,2020-03-25 08:00:00+00:00,2020-03-25 13:00:00+00:00,0.0,GMT,12.438,12.086,0.3520000000000003,UP_BREAK,2020-03-25 08:55:00+00:00,1.0,1,2020-03-25 10:30:00+00:00,ACCEPT_BACK_INSIDE,DIRECT_E10,2020-03-25 09:00:00+00:00,True,True,True,True,2020-03-25 09:00:00+00:00,2020-03-25 09:00:00+00:00,True,0.0,False,False,55.0
2020-03-26,external,2020-03-26 08:00:00+00:00,2020-03-26 13:00:00+00:00,0.0,GMT,12.468,12.177,0.29100000000000037,NO_BREAK,,,NA,,NA,NO_BREAK,,False,False,False,False,,,False,,False,False,
2020-03-27,external,2020-03-27 08:00:00+00:00,2020-03-27 13:00:00+00:00,0.0,GMT,13.386,12.801,0.5849999999999991,NO_BREAK,,,NA,,NA,NO_BREAK,,False,False,False,False,,,False,,False,False,
2020-03-30,external,2020-03-30 07:00:00+00:00,2020-03-30 12:00:00+00:00,1.0,BST,11.919,11.225,0.6940000000000008,UP_BREAK,2020-03-30 07:00:00+00:00,3.0,3+,2020-03-30 07:20:00+00:00,HOLD_RETEST,DIRECT_E10,2020-03-30 07:05:00+00:00,True,True,True,False,2020-03-30 07:05:00+00:00,2020-03-30 07:15:00+00:00,False,0.0,False,False,0.0
2020-03-31,external,2020-03-31 07:00:00+00:00,2020-03-31 12:00:00+00:00,1.0,BST,12.332,12.1,0.2320000000000011,UP_BREAK,2020-03-31 07:15:00+00:00,0.0,0,,NO_RETEST,DIRECT_E10,2020-03-31 07:20:00+00:00,True,True,True,True,2020-03-31 07:20:00+00:00,2020-03-31 07:20:00+00:00,False,0.0,False,False,15.0
2020-04-01,external,2020-04-01 07:00:00+00:00,2020-04-01 12:00:00+00:00,1.0,BST,12.633,12.23,0.4029999999999987,NO_BREAK,,,NA,,NA,NO_BREAK,,False,False,False,False,,,False,,False,False,
2020-04-02,external,2020-04-02 07:00:00+00:00,2020-04-02 12:00:00+00:00,1.0,BST,12.849,12.5,0.3490000000000002,UP_BREAK,2020-04-02 10:10:00+00:00,1.0,1,2020-04-02 10:15:00+00:00,ACCEPT_BACK_INSIDE,ACCEPT_BACK_INSIDE,2020-04-02 10:15:00+00:00,True,True,True,False,2020-04-02 11:20:00+00:00,2020-04-02 11:25:00+00:00,False,1.0,False,False,190.0
2020-04-03,external,2020-04-03 07:00:00+00:00,2020-04-03 12:00:00+00:00,1.0,BST,13.295,12.923,0.3719999999999999,UP_BREAK,2020-04-03 07:15:00+00:00,0.0,0,,NO_RETEST,DIRECT_E10,2020-04-03 07:20:00+00:00,True,True,True,True,2020-04-03 07:20:00+00:00,2020-04-03 07:30:00+00:00,False,0.0,False,False,15.0
2020-04-06,external,2020-04-06 07:00:00+00:00,2020-04-06 12:00:00+00:00,1.0,BST,14.251,13.639,0.6120000000000001,UP_BREAK,2020-04-06 09:25:00+00:00,3.0,3+,2020-04-06 10:15:00+00:00,ACCEPT_BACK_INSIDE,DIRECT_E10,2020-04-06 09:50:00+00:00,True,False,False,False,2020-04-06 09:50:00+00:00,,False,,False,False,145.0
2020-04-07,external,2020-04-07 07:00:00+00:00,2020-04-07 12:00:00+00:00,1.0,BST,15.512,14.726,0.7859999999999996,NO_BREAK,,,NA,,NA,NO_BREAK,,False,False,False,False,,,False,,False,False,
2020-04-08,external,2020-04-08 07:00:00+00:00,2020-04-08 12:00:00+00:00,1.0,BST,15.377,14.51,0.8670000000000009,NO_BREAK,,,NA,,NA,NO_BREAK,,False,False,False,False,,,False,,False,False,
2020-04-09,external,2020-04-09 07:00:00+00:00,2020-04-09 12:00:00+00:00,1.0,BST,15.178,14.881,0.2970000000000006,UP_BREAK,2020-04-09 08:50:00+00:00,1.0,1,2020-04-09 08:55:00+00:00,HOLD_RETEST,AMBIGUOUS_E10_BOUNDARY_INTERACTION,2020-04-09 08:55:00+00:00,True,False,False,False,2020-04-09 08:55:00+00:00,,True,,False,False,110.0
2020-04-10,external,2020-04-10 07:00:00+00:00,2020-04-10 12:00:00+00:00,1.0,BST,15.084,14.022,1.0619999999999994,DOWN_BREAK,2020-04-10 07:00:00+00:00,5.0,3+,2020-04-10 07:05:00+00:00,ACCEPT_BACK_INSIDE,ACCEPT_BACK_INSIDE,2020-04-10 07:05:00+00:00,True,True,False,False,2020-04-10 07:25:00+00:00,2020-04-10 08:00:00+00:00,False,2.0,False,False,0.0
2020-04-13,external,2020-04-13 07:00:00+00:00,2020-04-13 12:00:00+00:00,1.0,BST,14.526,13.5,1.0259999999999998,UP_BREAK,2020-04-13 10:35:00+00:00,1.0,1,2020-04-13 10:40:00+00:00,HOLD_RETEST,BOUNDARY_HOLD_RETEST,2020-04-13 10:40:00+00:00,True,True,True,False,2020-04-13 10:55:00+00:00,2020-04-13 11:00:00+00:00,False,1.0,True,True,215.0
2020-04-14,external,2020-04-14 07:00:00+00:00,2020-04-14 12:00:00+00:00,1.0,BST,15.515,14.763,0.7520000000000007,UP_BREAK,2020-04-14 07:10:00+00:00,1.0,1,2020-04-14 07:35:00+00:00,ACCEPT_BACK_INSIDE,DIRECT_E10,2020-04-14 07:15:00+00:00,True,True,False,False,2020-04-14 07:15:00+00:00,2020-04-14 07:20:00+00:00,False,0.0,False,False,10.0
2020-04-15,external,2020-04-15 07:00:00+00:00,2020-04-15 12:00:00+00:00,1.0,BST,15.811,15.41,0.4009999999999998,DOWN_BREAK,2020-04-15 09:00:00+00:00,2.0,2,2020-04-15 09:20:00+00:00,HOLD_RETEST,DIRECT_E10,2020-04-15 09:05:00+00:00,True,True,True,False,2020-04-15 09:05:00+00:00,2020-04-15 09:05:00+00:00,False,0.0,False,False,120.0
2020-04-16,external,2020-04-16 07:00:00+00:00,2020-04-16 12:00:00+00:00,1.0,BST,15.13,14.069,1.061,UP_BREAK,2020-04-16 07:00:00+00:00,1.0,1,2020-04-16 07:50:00+00:00,ACCEPT_BACK_INSIDE,DIRECT_E10,2020-04-16 07:05:00+00:00,True,True,True,False,2020-04-16 07:05:00+00:00,2020-04-16 07:10:00+00:00,False,0.0,False,False,0.0
2020-04-17,external,2020-04-17 07:00:00+00:00,2020-04-17 12:00:00+00:00,1.0,BST,15.767,15.139,0.6280000000000001,UP_BREAK,2020-04-17 09:20:00+00:00,3.0,3+,2020-04-17 09:25:00+00:00,HOLD_RETEST,BOUNDARY_HOLD_RETEST,2020-04-17 09:25:00+00:00,True,True,False,False,2020-04-17 09:30:00+00:00,2020-04-17 09:40:00+00:00,False,1.0,True,True,140.0
2020-04-20,external,2020-04-20 07:00:00+00:00,2020-04-20 12:00:00+00:00,1.0,BST,16.456,15.921,0.5350000000000001,DOWN_BREAK,2020-04-20 11:45:00+00:00,0.0,0,,NO_RETEST,DIRECT_E10,2020-04-20 11:50:00+00:00,True,True,True,True,2020-04-20 11:50:00+00:00,2020-04-20 11:50:00+00:00,False,0.0,False,False,285.0
2020-04-21,external,2020-04-21 07:00:00+00:00,2020-04-21 12:00:00+00:00,1.0,BST,15.422,14.806,0.6160000000000014,DOWN_BREAK,2020-04-21 11:10:00+00:00,2.0,2,2020-04-21 11:15:00+00:00,HOLD_RETEST,BOUNDARY_HOLD_RETEST,2020-04-21 11:15:00+00:00,True,True,False,False,2020-04-21 11:20:00+00:00,2020-04-21 11:20:00+00:00,False,1.0,True,True,250.0
2020-04-22,external,2020-04-22 07:00:00+00:00,2020-04-22 12:00:00+00:00,1.0,BST,15.369,14.913,0.4559999999999995,UP_BREAK,2020-04-22 07:30:00+00:00,3.0,3+,2020-04-22 07:35:00+00:00,HOLD_RETEST,BOUNDARY_HOLD_RETEST,2020-04-22 07:35:00+00:00,True,False,False,False,2020-04-22 07:40:00+00:00,,False,,True,False,30.0
2020-04-23,external,2020-04-23 07:00:00+00:00,2020-04-23 12:00:00+00:00,1.0,BST,15.91,15.379,0.5310000000000006,NO_BREAK,,,NA,,NA,NO_BREAK,,False,False,False,False,,,False,,False,False,
2020-04-24,external,2020-04-24 07:00:00+00:00,2020-04-24 12:00:00+00:00,1.0,BST,16.269,15.952,0.3169999999999984,NO_BREAK,,,NA,,NA,NO_BREAK,,False,False,False,False,,,False,,False,False,
2020-04-27,external,2020-04-27 07:00:00+00:00,2020-04-27 12:00:00+00:00,1.0,BST,16.567,16.192,0.375,NO_BREAK,,,NA,,NA,NO_BREAK,,False,False,False,False,,,False,,False,False,
2020-04-28,external,2020-04-28 07:00:00+00:00,2020-04-28 12:00:00+00:00,1.0,BST,16.465,16.183,0.28200000000000003,NO_BREAK,,,NA,,NA,NO_BREAK,,False,False,False,False,,,False,,False,False,
2020-04-29,external,2020-04-29 07:00:00+00:00,2020-04-29 12:00:00+00:00,1.0,BST,16.578,16.294,0.2839999999999989,UP_BREAK,2020-04-29 07:00:00+00:00,2.0,2,2020-04-29 07:05:00+00:00,HOLD_RETEST,BOUNDARY_HOLD_RETEST,2020-04-29 07:05:00+00:00,True,True,True,True,2020-04-29 07:10:00+00:00,2020-04-29 08:00:00+00:00,False,2.0,True,True,0.0
2020-04-30,external,2020-04-30 07:00:00+00:00,2020-04-30 12:00:00+00:00,1.0,BST,18.137,17.2,0.9370000000000012,DOWN_BREAK,2020-04-30 09:05:00+00:00,2.0,2,2020-04-30 11:00:00+00:00,ACCEPT_BACK_INSIDE,DIRECT_E10,2020-04-30 09:10:00+00:00,True,True,True,True,2020-04-30 09:10:00+00:00,2020-04-30 09:15:00+00:00,False,0.0,False,False,125.0
2020-05-01,external,2020-05-01 07:00:00+00:00,2020-05-01 12:00:00+00:00,1.0,BST,17.856,16.839,1.017000000000003,NO_BREAK,,,NA,,NA,NO_BREAK,,False,False,False,False,,,False,,False,False,
2020-05-04,external,2020-05-04 07:00:00+00:00,2020-05-04 12:00:00+00:00,1.0,BST,17.267,16.25,1.0169999999999995,NO_BREAK,,,NA,,NA,NO_BREAK,,False,False,False,False,,,False,,False,False,
2020-05-05,external,2020-05-05 07:00:00+00:00,2020-05-05 12:00:00+00:00,1.0,BST,17.294,16.911,0.3829999999999991,DOWN_BREAK,2020-05-05 10:00:00+00:00,0.0,0,,NO_RETEST,DIRECT_E10,2020-05-05 10:05:00+00:00,True,True,True,True,2020-05-05 10:05:00+00:00,2020-05-05 10:05:00+00:00,False,0.0,False,False,180.0
2020-05-06,external,2020-05-06 07:00:00+00:00,2020-05-06 12:00:00+00:00,1.0,BST,16.904,16.594,0.3099999999999987,UP_BREAK,2020-05-06 07:00:00+00:00,2.0,2,2020-05-06 07:20:00+00:00,ACCEPT_BACK_INSIDE,DIRECT_E10,2020-05-06 07:10:00+00:00,True,True,True,True,2020-05-06 07:10:00+00:00,2020-05-06 09:00:00+00:00,False,1.0,False,False,0.0
2020-05-07,external,2020-05-07 07:00:00+00:00,2020-05-07 12:00:00+00:00,1.0,BST,16.904,16.024,0.879999999999999,NO_BREAK,,,NA,,NA,NO_BREAK,,False,False,False,False,,,False,,False,False,
2020-05-08,external,2020-05-08 07:00:00+00:00,2020-05-08 12:00:00+00:00,1.0,BST,17.242,16.837,0.40500000000000114,NO_BREAK,,,NA,,NA,NO_BREAK,,False,False,False,False,,,False,,False,False,
2020-05-11,external,2020-05-11 07:00:00+00:00,2020-05-11 12:00:00+00:00,1.0,BST,15.522,15.004,0.5180000000000007,DOWN_BREAK,2020-05-11 08:10:00+00:00,5.0,3+,2020-05-11 08:15:00+00:00,ACCEPT_BACK_INSIDE,ACCEPT_BACK_INSIDE,2020-05-11 08:15:00+00:00,True,True,True,True,2020-05-11 08:25:00+00:00,2020-05-11 08:25:00+00:00,False,1.0,False,False,70.0
2020-05-12,external,2020-05-12 07:00:00+00:00,2020-05-12 12:00:00+00:00,1.0,BST,15.486,14.896,0.5899999999999999,UP_BREAK,2020-05-12 07:00:00+00:00,1.0,1,2020-05-12 07:05:00+00:00,HOLD_RETEST,BOUNDARY_HOLD_RETEST,2020-05-12 07:05:00+00:00,True,True,True,True,2020-05-12 08:05:00+00:00,2020-05-12 08:10:00+00:00,False,1.0,True,True,0.0
2020-05-13,external,2020-05-13 07:00:00+00:00,2020-05-13 12:00:00+00:00,1.0,BST,16.086,15.683,0.4029999999999987,DOWN_BREAK,2020-05-13 08:00:00+00:00,1.0,1,2020-05-13 08:05:00+00:00,ACCEPT_BACK_INSIDE,ACCEPT_BACK_INSIDE,2020-05-13 08:05:00+00:00,False,False,False,False,,,False,,False,False,60.0
2020-05-14,external,2020-05-14 07:00:00+00:00,2020-05-14 12:00:00+00:00,1.0,BST,16.251,15.976,0.27500000000000036,UP_BREAK,2020-05-14 07:15:00+00:00,1.0,1,2020-05-14 08:05:00+00:00,HOLD_RETEST,DIRECT_E10,2020-05-14 07:20:00+00:00,True,True,True,True,2020-05-14 07:20:00+00:00,2020-05-14 07:20:00+00:00,False,0.0,False,False,15.0
2020-05-15,external,2020-05-15 07:00:00+00:00,2020-05-15 12:00:00+00:00,1.0,BST,16.451,15.81,0.641,NO_BREAK,,,NA,,NA,NO_BREAK,,False,False,False,False,,,False,,False,False,
2020-05-18,external,2020-05-18 07:00:00+00:00,2020-05-18 12:00:00+00:00,1.0,BST,16.872,16.247,0.625,NO_BREAK,,,NA,,NA,NO_BREAK,,False,False,False,False,,,False,,False,False,
2020-05-19,external,2020-05-19 07:00:00+00:00,2020-05-19 12:00:00+00:00,1.0,BST,16.669,16.302,0.3670000000000009,UP_BREAK,2020-05-19 08:15:00+00:00,2.0,2,2020-05-19 08:20:00+00:00,HOLD_RETEST,AMBIGUOUS_E10_BOUNDARY_INTERACTION,2020-05-19 08:20:00+00:00,True,True,True,True,2020-05-19 08:20:00+00:00,2020-05-19 09:00:00+00:00,False,2.0,False,False,75.0
2020-05-20,external,2020-05-20 07:00:00+00:00,2020-05-20 12:00:00+00:00,1.0,BST,17.348,17.02,0.3279999999999994,NO_BREAK,,,NA,,NA,NO_BREAK,,False,False,False,False,,,False,,False,False,
2020-05-21,external,2020-05-21 07:00:00+00:00,2020-05-21 12:00:00+00:00,1.0,BST,17.064,16.666,0.3979999999999997,DOWN_BREAK,2020-05-21 08:15:00+00:00,0.0,0,,NO_RETEST,DIRECT_E10,2020-05-21 08:20:00+00:00,True,True,True,True,2020-05-21 08:20:00+00:00,2020-05-21 08:30:00+00:00,False,0.0,False,False,75.0
2020-05-22,external,2020-05-22 07:00:00+00:00,2020-05-22 12:00:00+00:00,1.0,BST,16.263,15.935,0.3280000000000012,UP_BREAK,2020-05-22 07:00:00+00:00,1.0,1,2020-05-22 07:05:00+00:00,ACCEPT_BACK_INSIDE,ACCEPT_BACK_INSIDE,2020-05-22 07:05:00+00:00,True,True,True,True,2020-05-22 07:35:00+00:00,2020-05-22 07:45:00+00:00,False,1.0,False,False,0.0
2020-05-25,external,2020-05-25 07:00:00+00:00,2020-05-25 12:00:00+00:00,1.0,BST,16.478,15.789,0.6890000000000018,NO_BREAK,,,NA,,NA,NO_BREAK,,False,False,False,False,,,False,,False,False,
2020-05-26,external,2020-05-26 07:00:00+00:00,2020-05-26 12:00:00+00:00,1.0,BST,16.486,16.225,0.26099999999999923,DOWN_BREAK,2020-05-26 11:15:00+00:00,2.0,2,2020-05-26 11:20:00+00:00,ACCEPT_BACK_INSIDE,ACCEPT_BACK_INSIDE,2020-05-26 11:20:00+00:00,True,False,False,False,2020-05-26 11:30:00+00:00,,False,,False,False,255.0
2020-05-27,external,2020-05-27 07:00:00+00:00,2020-05-27 12:00:00+00:00,1.0,BST,16.344,16.162,0.18200000000000216,UP_BREAK,2020-05-27 10:25:00+00:00,0.0,0,,NO_RETEST,DIRECT_E10,2020-05-27 10:30:00+00:00,True,True,True,True,2020-05-27 10:30:00+00:00,2020-05-27 10:30:00+00:00,False,0.0,False,False,205.0
2020-05-28,external,2020-05-28 07:00:00+00:00,2020-05-28 12:00:00+00:00,1.0,BST,16.575,16.344,0.2309999999999981,NO_BREAK,,,NA,,NA,NO_BREAK,,False,False,False,False,,,False,,False,False,
2020-05-29,external,2020-05-29 07:00:00+00:00,2020-05-29 12:00:00+00:00,1.0,BST,17.208,16.972,0.2359999999999971,DOWN_BREAK,2020-05-29 08:20:00+00:00,1.0,1,2020-05-29 08:25:00+00:00,HOLD_RETEST,AMBIGUOUS_E10_BOUNDARY_INTERACTION,2020-05-29 08:25:00+00:00,True,True,True,True,2020-05-29 08:25:00+00:00,2020-05-29 08:25:00+00:00,False,0.0,False,False,80.0
2020-06-01,external,2020-06-01 07:00:00+00:00,2020-06-01 12:00:00+00:00,1.0,BST,17.527,16.854,0.6730000000000018,NO_BREAK,,,NA,,NA,NO_BREAK,,False,False,False,False,,,False,,False,False,
2020-06-02,external,2020-06-02 07:00:00+00:00,2020-06-02 12:00:00+00:00,1.0,BST,18.173,17.688,0.48499999999999943,UP_BREAK,2020-06-02 10:35:00+00:00,1.0,1,2020-06-02 10:40:00+00:00,HOLD_RETEST,AMBIGUOUS_E10_BOUNDARY_INTERACTION,2020-06-02 10:40:00+00:00,True,False,False,False,2020-06-02 10:40:00+00:00,,False,,False,False,215.0
2020-06-03,external,2020-06-03 07:00:00+00:00,2020-06-03 12:00:00+00:00,1.0,BST,17.329,16.962,0.3670000000000009,UP_BREAK,2020-06-03 10:00:00+00:00,0.0,0,,NO_RETEST,DIRECT_E10,2020-06-03 10:05:00+00:00,True,True,True,False,2020-06-03 10:05:00+00:00,2020-06-03 10:05:00+00:00,False,0.0,False,False,180.0
2020-06-04,external,2020-06-04 07:00:00+00:00,2020-06-04 12:00:00+00:00,1.0,BST,17.658,17.461,0.19700000000000273,DOWN_BREAK,2020-06-04 09:10:00+00:00,1.0,1,2020-06-04 09:15:00+00:00,HOLD_RETEST,AMBIGUOUS_E10_BOUNDARY_INTERACTION,2020-06-04 09:15:00+00:00,True,True,True,True,2020-06-04 09:15:00+00:00,2020-06-04 09:15:00+00:00,False,0.0,False,False,130.0
2020-06-05,external,2020-06-05 07:00:00+00:00,2020-06-05 12:00:00+00:00,1.0,BST,17.841,17.44,0.4009999999999998,UP_BREAK,2020-06-05 08:40:00+00:00,1.0,1,2020-06-05 08:45:00+00:00,HOLD_RETEST,AMBIGUOUS_E10_BOUNDARY_INTERACTION,2020-06-05 08:45:00+00:00,True,False,False,False,2020-06-05 08:45:00+00:00,,False,,False,False,100.0
2020-06-08,external,2020-06-08 07:00:00+00:00,2020-06-08 12:00:00+00:00,1.0,BST,17.561,17.355,0.20599999999999952,DOWN_BREAK,2020-06-08 08:15:00+00:00,1.0,1,2020-06-08 08:20:00+00:00,ACCEPT_BACK_INSIDE,ACCEPT_BACK_INSIDE,2020-06-08 08:20:00+00:00,False,False,False,False,,,False,,False,False,75.0
2020-06-09,external,2020-06-09 07:00:00+00:00,2020-06-09 12:00:00+00:00,1.0,BST,17.521,17.01,0.5109999999999992,NO_BREAK,,,NA,,NA,NO_BREAK,,False,False,False,False,,,False,,False,False,
2020-06-10,external,2020-06-10 07:00:00+00:00,2020-06-10 12:00:00+00:00,1.0,BST,17.472,17.275,0.19700000000000273,NO_BREAK,,,NA,,NA,NO_BREAK,,False,False,False,False,,,False,,False,False,
2020-06-11,external,2020-06-11 07:00:00+00:00,2020-06-11 12:00:00+00:00,1.0,BST,17.536,17.28,0.2560000000000002,NO_BREAK,,,NA,,NA,NO_BREAK,,False,False,False,False,,,False,,False,False,
2020-06-12,external,2020-06-12 07:00:00+00:00,2020-06-12 12:00:00+00:00,1.0,BST,16.599,16.078,0.5210000000000008,UP_BREAK,2020-06-12 07:10:00+00:00,1.0,1,2020-06-12 09:45:00+00:00,HOLD_RETEST,DIRECT_E10,2020-06-12 07:20:00+00:00,True,True,True,False,2020-06-12 07:20:00+00:00,2020-06-12 08:00:00+00:00,False,0.0,False,False,10.0
2020-06-15,external,2020-06-15 07:00:00+00:00,2020-06-15 12:00:00+00:00,1.0,BST,16.631,15.404,1.2270000000000003,NO_BREAK,,,NA,,NA,NO_BREAK,,False,False,False,False,,,False,,False,False,
2020-06-16,external,2020-06-16 07:00:00+00:00,2020-06-16 12:00:00+00:00,1.0,BST,16.65,16.267,0.3829999999999991,NO_BREAK,,,NA,,NA,NO_BREAK,,False,False,False,False,,,False,,False,False,
2020-06-17,external,2020-06-17 07:00:00+00:00,2020-06-17 12:00:00+00:00,1.0,BST,16.584,16.302,0.28200000000000003,NO_BREAK,,,NA,,NA,NO_BREAK,,False,False,False,False,,,False,,False,False,
2020-06-18,external,2020-06-18 07:00:00+00:00,2020-06-18 12:00:00+00:00,1.0,BST,16.55,16.334,0.21600000000000108,NO_BREAK,,,NA,,NA,NO_BREAK,,False,False,False,False,,,False,,False,False,
2020-06-19,external,2020-06-19 07:00:00+00:00,2020-06-19 12:00:00+00:00,1.0,BST,16.306,15.9,0.4060000000000006,NO_BREAK,,,NA,,NA,NO_BREAK,,False,False,False,False,,,False,,False,False,
2020-06-22,external,2020-06-22 07:00:00+00:00,2020-06-22 12:00:00+00:00,1.0,BST,16.259,15.936,0.3230000000000004,UP_BREAK,2020-06-22 09:00:00+00:00,4.0,3+,2020-06-22 09:10:00+00:00,HOLD_RETEST,BOUNDARY_HOLD_RETEST,2020-06-22 09:10:00+00:00,True,False,False,False,2020-06-22 11:45:00+00:00,,False,,True,False,120.0
2020-06-23,external,2020-06-23 07:00:00+00:00,2020-06-23 12:00:00+00:00,1.0,BST,16.568,16.334,0.23400000000000176,DOWN_BREAK,2020-06-23 09:10:00+00:00,2.0,2,2020-06-23 09:30:00+00:00,HOLD_RETEST,DIRECT_E10,2020-06-23 09:15:00+00:00,True,False,False,False,2020-06-23 09:15:00+00:00,,False,,False,False,130.0
2020-06-24,external,2020-06-24 07:00:00+00:00,2020-06-24 12:00:00+00:00,1.0,BST,16.666,16.325,0.3410000000000011,DOWN_BREAK,2020-06-24 07:55:00+00:00,1.0,1,2020-06-24 08:05:00+00:00,ACCEPT_BACK_INSIDE,DIRECT_E10,2020-06-24 08:00:00+00:00,True,True,True,True,2020-06-24 08:00:00+00:00,2020-06-24 08:00:00+00:00,False,0.0,False,False,55.0
2020-06-25,external,2020-06-25 07:00:00+00:00,2020-06-25 12:00:00+00:00,1.0,BST,16.114,15.444,0.6699999999999999,NO_BREAK,,,NA,,NA,NO_BREAK,,False,False,False,False,,,False,,False,False,
2020-06-26,external,2020-06-26 07:00:00+00:00,2020-06-26 12:00:00+00:00,1.0,BST,15.997,15.746,0.25099999999999945,DOWN_BREAK,2020-06-26 07:00:00+00:00,2.0,2,2020-06-26 09:35:00+00:00,ACCEPT_BACK_INSIDE,DIRECT_E10,2020-06-26 07:05:00+00:00,True,True,True,True,2020-06-26 07:05:00+00:00,2020-06-26 07:05:00+00:00,False,0.0,False,False,0.0
2020-06-29,external,2020-06-29 07:00:00+00:00,2020-06-29 12:00:00+00:00,1.0,BST,15.578,15.287,0.2909999999999986,DOWN_BREAK,2020-06-29 07:00:00+00:00,3.0,3+,2020-06-29 07:05:00+00:00,HOLD_RETEST,BOUNDARY_HOLD_RETEST,2020-06-29 07:05:00+00:00,True,True,False,False,2020-06-29 08:10:00+00:00,2020-06-29 08:15:00+00:00,False,1.0,True,True,0.0
2020-06-30,external,2020-06-30 07:00:00+00:00,2020-06-30 12:00:00+00:00,1.0,BST,15.562,15.371,0.19099999999999895,NO_BREAK,,,NA,,NA,NO_BREAK,,False,False,False,False,,,False,,False,False,
2020-07-01,external,2020-07-01 07:00:00+00:00,2020-07-01 12:00:00+00:00,1.0,BST,15.48,15.329,0.1509999999999998,UP_BREAK,2020-07-01 08:20:00+00:00,0.0,0,,NO_RETEST,DIRECT_E10,2020-07-01 08:25:00+00:00,True,True,True,True,2020-07-01 08:25:00+00:00,2020-07-01 08:25:00+00:00,False,0.0,False,False,80.0
2020-07-02,external,2020-07-02 07:00:00+00:00,2020-07-02 12:00:00+00:00,1.0,BST,15.978,15.685,0.29299999999999926,DOWN_BREAK,2020-07-02 10:40:00+00:00,2.0,2,2020-07-02 10:45:00+00:00,ACCEPT_BACK_INSIDE,ACCEPT_BACK_INSIDE,2020-07-02 10:45:00+00:00,True,False,False,False,2020-07-02 11:40:00+00:00,,False,,False,False,220.0
2020-07-03,external,2020-07-03 07:00:00+00:00,2020-07-03 12:00:00+00:00,1.0,BST,15.494,15.318,0.17600000000000016,NO_BREAK,,,NA,,NA,NO_BREAK,,False,False,False,False,,,False,,False,False,
2020-07-06,external,2020-07-06 07:00:00+00:00,2020-07-06 12:00:00+00:00,1.0,BST,15.774,15.451,0.3229999999999986,UP_BREAK,2020-07-06 07:10:00+00:00,2.0,2,2020-07-06 07:25:00+00:00,ACCEPT_BACK_INSIDE,DIRECT_E10,2020-07-06 07:15:00+00:00,True,True,True,False,2020-07-06 07:15:00+00:00,2020-07-06 08:35:00+00:00,False,1.0,False,False,10.0
2020-07-07,external,2020-07-07 07:00:00+00:00,2020-07-07 12:00:00+00:00,1.0,BST,16.551,16.02,0.5309999999999988,NO_BREAK,,,NA,,NA,NO_BREAK,,False,False,False,False,,,False,,False,False,
2020-07-08,external,2020-07-08 07:00:00+00:00,2020-07-08 12:00:00+00:00,1.0,BST,17.022,16.597,0.42499999999999716,UP_BREAK,2020-07-08 08:05:00+00:00,2.0,2,2020-07-08 08:10:00+00:00,HOLD_RETEST,AMBIGUOUS_E10_BOUNDARY_INTERACTION,2020-07-08 08:10:00+00:00,True,True,True,True,2020-07-08 08:10:00+00:00,2020-07-08 08:10:00+00:00,False,0.0,False,False,65.0
2020-07-09,external,2020-07-09 07:00:00+00:00,2020-07-09 12:00:00+00:00,1.0,BST,17.53,16.709,0.8210000000000015,NO_BREAK,,,NA,,NA,NO_BREAK,,False,False,False,False,,,False,,False,False,
2020-07-10,external,2020-07-10 07:00:00+00:00,2020-07-10 12:00:00+00:00,1.0,BST,16.862,16.475,0.3869999999999969,DOWN_BREAK,2020-07-10 07:00:00+00:00,1.0,1,2020-07-10 07:05:00+00:00,ACCEPT_BACK_INSIDE,ACCEPT_BACK_INSIDE,2020-07-10 07:05:00+00:00,False,False,False,False,,,False,,False,False,0.0
2020-07-13,external,2020-07-13 07:00:00+00:00,2020-07-13 12:00:00+00:00,1.0,BST,18.334,17.8,0.5339999999999989,UP_BREAK,2020-07-13 11:00:00+00:00,0.0,0,,NO_RETEST,DIRECT_E10,2020-07-13 11:05:00+00:00,True,True,True,True,2020-07-13 11:05:00+00:00,2020-07-13 11:10:00+00:00,False,0.0,False,False,240.0
2020-07-14,external,2020-07-14 07:00:00+00:00,2020-07-14 12:00:00+00:00,1.0,BST,18.795,18.0,0.7950000000000017,DOWN_BREAK,2020-07-14 11:20:00+00:00,1.0,1,2020-07-14 11:25:00+00:00,ACCEPT_BACK_INSIDE,ACCEPT_BACK_INSIDE,2020-07-14 11:25:00+00:00,False,False,False,False,,,False,,False,False,260.0
2020-07-15,external,2020-07-15 07:00:00+00:00,2020-07-15 12:00:00+00:00,1.0,BST,18.177,17.921,0.2560000000000002,DOWN_BREAK,2020-07-15 07:00:00+00:00,0.0,0,,NO_RETEST,DIRECT_E10,2020-07-15 07:05:00+00:00,True,True,True,True,2020-07-15 07:05:00+00:00,2020-07-15 07:05:00+00:00,False,0.0,False,False,0.0
2020-07-16,external,2020-07-16 07:00:00+00:00,2020-07-16 12:00:00+00:00,1.0,BST,17.798,16.808,0.9899999999999984,DOWN_BREAK,2020-07-16 07:10:00+00:00,2.0,2,2020-07-16 07:15:00+00:00,ACCEPT_BACK_INSIDE,AMBIGUOUS_E10_BOUNDARY_INTERACTION,2020-07-16 07:15:00+00:00,True,True,True,False,2020-07-16 07:15:00+00:00,2020-07-16 07:15:00+00:00,False,0.0,False,False,10.0
2020-07-17,external,2020-07-17 07:00:00+00:00,2020-07-17 12:00:00+00:00,1.0,BST,17.48,16.95,0.5300000000000011,NO_BREAK,,,NA,,NA,NO_BREAK,,False,False,False,False,,,False,,False,False,
2020-07-20,external,2020-07-20 07:00:00+00:00,2020-07-20 12:00:00+00:00,1.0,BST,18.333,17.931,0.40199999999999747,DOWN_BREAK,2020-07-20 10:45:00+00:00,3.0,3+,2020-07-20 11:00:00+00:00,HOLD_RETEST,DIRECT_E10,2020-07-20 10:50:00+00:00,True,True,False,False,2020-07-20 10:50:00+00:00,2020-07-20 10:50:00+00:00,False,0.0,False,False,225.0
2020-07-21,external,2020-07-21 07:00:00+00:00,2020-07-21 12:00:00+00:00,1.0,BST,17.775,17.404,0.37099999999999866,UP_BREAK,2020-07-21 07:45:00+00:00,2.0,2,2020-07-21 07:50:00+00:00,ACCEPT_BACK_INSIDE,ACCEPT_BACK_INSIDE,2020-07-21 07:50:00+00:00,True,True,True,False,2020-07-21 08:00:00+00:00,2020-07-21 09:00:00+00:00,False,1.0,False,False,45.0
2020-07-22,external,2020-07-22 07:00:00+00:00,2020-07-22 12:00:00+00:00,1.0,BST,17.778,17.61,0.16799999999999926,DOWN_BREAK,2020-07-22 07:50:00+00:00,1.0,1,2020-07-22 09:15:00+00:00,HOLD_RETEST,DIRECT_E10,2020-07-22 07:55:00+00:00,True,True,True,True,2020-07-22 07:55:00+00:00,2020-07-22 07:55:00+00:00,False,0.0,False,False,50.0
2020-07-23,external,2020-07-23 07:00:00+00:00,2020-07-23 12:00:00+00:00,1.0,BST,18.376,17.859,0.5169999999999995,NO_BREAK,,,NA,,NA,NO_BREAK,,False,False,False,False,,,False,,False,False,
2020-07-24,external,2020-07-24 07:00:00+00:00,2020-07-24 12:00:00+00:00,1.0,BST,18.89,18.248,0.6419999999999995,NO_BREAK,,,NA,,NA,NO_BREAK,,False,False,False,False,,,False,,False,False,
2020-07-27,external,2020-07-27 07:00:00+00:00,2020-07-27 12:00:00+00:00,1.0,BST,19.746,19.1,0.6459999999999972,NO_BREAK,,,NA,,NA,NO_BREAK,,False,False,False,False,,,False,,False,False,
2020-07-28,external,2020-07-28 07:00:00+00:00,2020-07-28 12:00:00+00:00,1.0,BST,20.73,19.559,1.1709999999999994,DOWN_BREAK,2020-07-28 10:10:00+00:00,1.0,1,2020-07-28 10:15:00+00:00,HOLD_RETEST,BOUNDARY_HOLD_RETEST,2020-07-28 10:15:00+00:00,False,False,False,False,,,False,,False,False,190.0
2020-07-29,external,2020-07-29 07:00:00+00:00,2020-07-29 12:00:00+00:00,1.0,BST,20.435,20.027,0.4079999999999977,DOWN_BREAK,2020-07-29 09:25:00+00:00,3.0,3+,2020-07-29 09:30:00+00:00,HOLD_RETEST,AMBIGUOUS_E10_BOUNDARY_INTERACTION,2020-07-29 09:30:00+00:00,True,False,False,False,2020-07-29 09:30:00+00:00,,False,,False,False,145.0
2020-07-30,external,2020-07-30 07:00:00+00:00,2020-07-30 12:00:00+00:00,1.0,BST,20.073,19.65,0.4230000000000018,NO_BREAK,,,NA,,NA,NO_BREAK,,False,False,False,False,,,False,,False,False,
2020-07-31,external,2020-07-31 07:00:00+00:00,2020-07-31 12:00:00+00:00,1.0,BST,20.805,19.95,0.8550000000000004,UP_BREAK,2020-07-31 10:05:00+00:00,1.0,1,2020-07-31 10:10:00+00:00,ACCEPT_BACK_INSIDE,ACCEPT_BACK_INSIDE,2020-07-31 10:10:00+00:00,False,False,False,False,,,False,,False,False,185.0
2020-08-03,external,2020-08-03 07:00:00+00:00,2020-08-03 12:00:00+00:00,1.0,BST,21.355,20.615,0.740000000000002,UP_BREAK,2020-08-03 07:10:00+00:00,0.0,0,,NO_RETEST,DIRECT_E10,2020-08-03 07:15:00+00:00,True,True,True,True,2020-08-03 07:15:00+00:00,2020-08-03 07:25:00+00:00,False,0.0,False,False,10.0
2020-08-04,external,2020-08-04 07:00:00+00:00,2020-08-04 12:00:00+00:00,1.0,BST,22.463,21.602,0.8610000000000007,DOWN_BREAK,2020-08-04 11:50:00+00:00,1.0,1,2020-08-04 11:55:00+00:00,ACCEPT_BACK_INSIDE,AMBIGUOUS_E10_BOUNDARY_INTERACTION,2020-08-04 11:55:00+00:00,True,False,False,False,2020-08-04 11:55:00+00:00,,False,,False,False,290.0
2020-08-05,external,2020-08-05 07:00:00+00:00,2020-08-05 12:00:00+00:00,1.0,BST,23.44,22.084,1.3560000000000016,UP_BREAK,2020-08-05 09:20:00+00:00,2.0,2,2020-08-05 09:25:00+00:00,HOLD_RETEST,BOUNDARY_HOLD_RETEST,2020-08-05 09:25:00+00:00,False,False,False,False,,,False,,False,False,140.0
2020-08-06,external,2020-08-06 07:00:00+00:00,2020-08-06 12:00:00+00:00,1.0,BST,23.291,22.652,0.6389999999999993,NO_BREAK,,,NA,,NA,NO_BREAK,,False,False,False,False,,,False,,False,False,
2020-08-07,external,2020-08-07 07:00:00+00:00,2020-08-07 12:00:00+00:00,1.0,BST,22.9,22.406,0.4939999999999998,UP_BREAK,2020-08-07 08:40:00+00:00,2.0,2,2020-08-07 08:45:00+00:00,HOLD_RETEST,AMBIGUOUS_E10_BOUNDARY_INTERACTION,2020-08-07 08:45:00+00:00,True,True,False,False,2020-08-07 08:45:00+00:00,2020-08-07 09:15:00+00:00,False,1.0,False,False,100.0
2020-08-10,external,2020-08-10 07:00:00+00:00,2020-08-10 12:00:00+00:00,1.0,BST,22.806,22.301,0.5050000000000026,DOWN_BREAK,2020-08-10 10:25:00+00:00,1.0,1,2020-08-10 10:55:00+00:00,ACCEPT_BACK_INSIDE,DIRECT_E10,2020-08-10 10:30:00+00:00,True,True,True,True,2020-08-10 10:30:00+00:00,2020-08-10 10:30:00+00:00,False,0.0,False,False,205.0
2020-08-11,external,2020-08-11 07:00:00+00:00,2020-08-11 12:00:00+00:00,1.0,BST,22.792,22.12,0.6720000000000006,DOWN_BREAK,2020-08-11 08:55:00+00:00,2.0,2,2020-08-11 09:00:00+00:00,ACCEPT_BACK_INSIDE,ACCEPT_BACK_INSIDE,2020-08-11 09:00:00+00:00,True,True,True,True,2020-08-11 09:55:00+00:00,2020-08-11 09:55:00+00:00,False,1.0,False,False,115.0
2020-08-12,external,2020-08-12 07:00:00+00:00,2020-08-12 12:00:00+00:00,1.0,BST,21.3,20.509,0.7910000000000004,UP_BREAK,2020-08-12 07:20:00+00:00,0.0,0,,NO_RETEST,DIRECT_E10,2020-08-12 07:25:00+00:00,True,True,True,True,2020-08-12 07:25:00+00:00,2020-08-12 07:25:00+00:00,False,0.0,False,False,20.0
2020-08-13,external,2020-08-13 07:00:00+00:00,2020-08-13 12:00:00+00:00,1.0,BST,21.688,21.201,0.4869999999999983,DOWN_BREAK,2020-08-13 08:00:00+00:00,1.0,1,2020-08-13 10:55:00+00:00,ACCEPT_BACK_INSIDE,DIRECT_E10,2020-08-13 08:05:00+00:00,True,True,True,True,2020-08-13 08:05:00+00:00,2020-08-13 08:05:00+00:00,False,0.0,False,False,60.0
2020-08-14,external,2020-08-14 07:00:00+00:00,2020-08-14 12:00:00+00:00,1.0,BST,21.978,21.334,0.6440000000000019,DOWN_BREAK,2020-08-14 08:45:00+00:00,1.0,1,2020-08-14 08:50:00+00:00,ACCEPT_BACK_INSIDE,ACCEPT_BACK_INSIDE,2020-08-14 08:50:00+00:00,False,False,False,False,,,True,,False,False,105.0
2020-08-17,external,2020-08-17 07:00:00+00:00,2020-08-17 12:00:00+00:00,1.0,BST,23.641,23.012,0.6289999999999978,NO_BREAK,,,NA,,NA,NO_BREAK,,False,False,False,False,,,False,,False,False,
2020-08-18,external,2020-08-18 07:00:00+00:00,2020-08-18 12:00:00+00:00,1.0,BST,23.905,23.328,0.5770000000000017,DOWN_BREAK,2020-08-18 11:55:00+00:00,0.0,0,,NO_RETEST,TIMEOUT,,False,False,False,False,,,False,,False,False,295.0
2020-08-19,external,2020-08-19 07:00:00+00:00,2020-08-19 12:00:00+00:00,1.0,BST,23.279,22.0,1.279,NO_BREAK,,,NA,,NA,NO_BREAK,,False,False,False,False,,,False,,False,False,
2020-08-20,external,2020-08-20 07:00:00+00:00,2020-08-20 12:00:00+00:00,1.0,BST,22.64,22.043,0.5970000000000013,NO_BREAK,,,NA,,NA,NO_BREAK,,False,False,False,False,,,False,,False,False,
2020-08-21,external,2020-08-21 07:00:00+00:00,2020-08-21 12:00:00+00:00,1.0,BST,23.35,22.755,0.5950000000000024,DOWN_BREAK,2020-08-21 10:05:00+00:00,2.0,2,2020-08-21 10:15:00+00:00,ACCEPT_BACK_INSIDE,DIRECT_E10,2020-08-21 10:10:00+00:00,True,True,True,True,2020-08-21 10:10:00+00:00,2020-08-21 10:35:00+00:00,False,1.0,False,False,185.0
2020-08-24,external,2020-08-24 07:00:00+00:00,2020-08-24 12:00:00+00:00,1.0,BST,22.488,21.68,0.8079999999999998,UP_BREAK,2020-08-24 07:05:00+00:00,4.0,3+,2020-08-24 07:25:00+00:00,ACCEPT_BACK_INSIDE,ACCEPT_BACK_INSIDE,2020-08-24 07:25:00+00:00,True,True,True,True,2020-08-24 08:25:00+00:00,2020-08-24 09:55:00+00:00,False,4.0,False,False,5.0
2020-08-25,external,2020-08-25 07:00:00+00:00,2020-08-25 12:00:00+00:00,1.0,BST,22.667,22.107,0.5600000000000023,DOWN_BREAK,2020-08-25 07:05:00+00:00,4.0,3+,2020-08-25 07:10:00+00:00,HOLD_RETEST,AMBIGUOUS_E10_BOUNDARY_INTERACTION,2020-08-25 07:10:00+00:00,True,True,False,False,2020-08-25 07:10:00+00:00,2020-08-25 08:30:00+00:00,False,3.0,False,False,5.0
2020-08-26,external,2020-08-26 07:00:00+00:00,2020-08-26 12:00:00+00:00,1.0,BST,22.474,21.282,1.1920000000000002,NO_BREAK,,,NA,,NA,NO_BREAK,,False,False,False,False,,,False,,False,False,
2020-08-27,external,2020-08-27 07:00:00+00:00,2020-08-27 12:00:00+00:00,1.0,BST,22.437,22.083,0.35400000000000276,UP_BREAK,2020-08-27 08:30:00+00:00,1.0,1,2020-08-27 11:55:00+00:00,HOLD_RETEST,DIRECT_E10,2020-08-27 08:35:00+00:00,True,True,True,True,2020-08-27 08:35:00+00:00,2020-08-27 08:35:00+00:00,False,0.0,False,False,90.0
2020-08-28,external,2020-08-28 07:00:00+00:00,2020-08-28 12:00:00+00:00,1.0,BST,23.609,22.54,1.0690000000000026,NO_BREAK,,,NA,,NA,NO_BREAK,,False,False,False,False,,,False,,False,False,
2020-08-31,external,2020-08-31 07:00:00+00:00,2020-08-31 12:00:00+00:00,1.0,BST,24.019,23.293,0.7259999999999991,DOWN_BREAK,2020-08-31 07:30:00+00:00,4.0,3+,2020-08-31 08:10:00+00:00,HOLD_RETEST,DIRECT_E10,2020-08-31 07:35:00+00:00,True,True,False,False,2020-08-31 07:35:00+00:00,2020-08-31 07:45:00+00:00,False,0.0,False,False,30.0
2020-09-01,external,2020-09-01 07:00:00+00:00,2020-09-01 12:00:00+00:00,1.0,BST,23.464,22.822,0.6419999999999995,UP_BREAK,2020-09-01 08:40:00+00:00,2.0,2,2020-09-01 08:45:00+00:00,ACCEPT_BACK_INSIDE,ACCEPT_BACK_INSIDE,2020-09-01 08:45:00+00:00,True,True,True,True,2020-09-01 09:50:00+00:00,2020-09-01 09:50:00+00:00,False,1.0,False,False,100.0
2020-09-02,external,2020-09-02 07:00:00+00:00,2020-09-02 12:00:00+00:00,1.0,BST,25.634,24.55,1.0839999999999996,UP_BREAK,2020-09-02 09:40:00+00:00,1.0,1,2020-09-02 10:05:00+00:00,HOLD_RETEST,DIRECT_E10,2020-09-02 09:45:00+00:00,True,True,False,False,2020-09-02 09:45:00+00:00,2020-09-02 09:55:00+00:00,True,0.0,False,False,160.0
2020-09-03,external,2020-09-03 07:00:00+00:00,2020-09-03 12:00:00+00:00,1.0,BST,25.568,24.22,1.3480000000000025,DOWN_BREAK,2020-09-03 07:05:00+00:00,1.0,1,2020-09-03 07:10:00+00:00,ACCEPT_BACK_INSIDE,ACCEPT_BACK_INSIDE,2020-09-03 07:10:00+00:00,True,True,True,True,2020-09-03 11:30:00+00:00,2020-09-03 11:30:00+00:00,False,1.0,False,False,5.0
2020-09-04,external,2020-09-04 07:00:00+00:00,2020-09-04 12:00:00+00:00,1.0,BST,21.934,19.57,2.3640000000000008,NO_BREAK,,,NA,,NA,NO_BREAK,,False,False,False,False,,,False,,False,False,
2020-09-07,external,2020-09-07 07:00:00+00:00,2020-09-07 12:00:00+00:00,1.0,BST,23.564,21.31,2.2540000000000013,DOWN_BREAK,2020-09-07 11:35:00+00:00,1.0,1,2020-09-07 11:40:00+00:00,HOLD_RETEST,AMBIGUOUS_E10_BOUNDARY_INTERACTION,2020-09-07 11:40:00+00:00,True,False,False,False,2020-09-07 11:40:00+00:00,,False,,False,False,275.0
2020-09-08,external,2020-09-08 07:00:00+00:00,2020-09-08 12:00:00+00:00,1.0,BST,23.1,22.003,1.0970000000000013,DOWN_BREAK,2020-09-08 09:20:00+00:00,2.0,2,2020-09-08 09:25:00+00:00,ACCEPT_BACK_INSIDE,ACCEPT_BACK_INSIDE,2020-09-08 09:25:00+00:00,True,True,True,True,2020-09-08 09:50:00+00:00,2020-09-08 09:55:00+00:00,False,1.0,False,False,140.0
2020-09-09,external,2020-09-09 07:00:00+00:00,2020-09-09 12:00:00+00:00,1.0,BST,23.966,22.35,1.6159999999999997,NO_BREAK,,,NA,,NA,NO_BREAK,,False,False,False,False,,,False,,False,False,
2020-09-10,external,2020-09-10 07:00:00+00:00,2020-09-10 12:00:00+00:00,1.0,BST,24.908,24.021,0.8870000000000005,UP_BREAK,2020-09-10 10:00:00+00:00,2.0,2,2020-09-10 10:05:00+00:00,HOLD_RETEST,BOUNDARY_HOLD_RETEST,2020-09-10 10:05:00+00:00,True,True,True,False,2020-09-10 10:15:00+00:00,2020-09-10 10:15:00+00:00,False,1.0,True,True,180.0
2020-09-11,external,2020-09-11 07:00:00+00:00,2020-09-11 12:00:00+00:00,1.0,BST,24.518,23.019,1.4990000000000023,NO_BREAK,,,NA,,NA,NO_BREAK,,False,False,False,False,,,False,,False,False,
2020-09-14,external,2020-09-14 07:00:00+00:00,2020-09-14 12:00:00+00:00,1.0,BST,31.171,29.05,2.1209999999999987,UP_BREAK,2020-09-14 08:40:00+00:00,1.0,1,2020-09-14 08:50:00+00:00,HOLD_RETEST,DIRECT_E10,2020-09-14 08:45:00+00:00,True,True,True,True,2020-09-14 08:45:00+00:00,2020-09-14 08:45:00+00:00,False,0.0,False,False,100.0
2020-09-15,external,2020-09-15 07:00:00+00:00,2020-09-15 12:00:00+00:00,1.0,BST,30.99,27.85,3.139999999999997,NO_BREAK,,,NA,,NA,NO_BREAK,,False,False,False,False,,,False,,False,False,
2020-09-16,external,2020-09-16 07:00:00+00:00,2020-09-16 12:00:00+00:00,1.0,BST,27.757,25.577,2.1799999999999997,NO_BREAK,,,NA,,NA,NO_BREAK,,False,False,False,False,,,False,,False,False,
2020-09-17,external,2020-09-17 07:00:00+00:00,2020-09-17 12:00:00+00:00,1.0,BST,28.741,26.88,1.8610000000000007,DOWN_BREAK,2020-09-17 07:25:00+00:00,6.0,3+,2020-09-17 07:30:00+00:00,HOLD_RETEST,BOUNDARY_HOLD_RETEST,2020-09-17 07:30:00+00:00,True,True,True,False,2020-09-17 07:35:00+00:00,2020-09-17 08:55:00+00:00,False,4.0,True,True,25.0
2020-09-18,external,2020-09-18 07:00:00+00:00,2020-09-18 12:00:00+00:00,1.0,BST,27.975,26.567,1.4080000000000013,UP_BREAK,2020-09-18 09:35:00+00:00,1.0,1,2020-09-18 11:10:00+00:00,HOLD_RETEST,DIRECT_E10,2020-09-18 09:40:00+00:00,True,True,True,True,2020-09-18 09:40:00+00:00,2020-09-18 09:40:00+00:00,False,0.0,False,False,155.0
2020-09-21,external,2020-09-21 07:00:00+00:00,2020-09-21 12:00:00+00:00,1.0,BST,26.652,25.513,1.1389999999999993,DOWN_BREAK,2020-09-21 08:40:00+00:00,1.0,1,2020-09-21 08:55:00+00:00,ACCEPT_BACK_INSIDE,DIRECT_E10,2020-09-21 08:45:00+00:00,True,True,True,True,2020-09-21 08:45:00+00:00,2020-09-21 09:20:00+00:00,False,1.0,False,False,100.0
2020-09-22,external,2020-09-22 07:00:00+00:00,2020-09-22 12:00:00+00:00,1.0,BST,24.3,22.662,1.6380000000000017,NO_BREAK,,,NA,,NA,NO_BREAK,,False,False,False,False,,,False,,False,False,
2020-09-23,external,2020-09-23 07:00:00+00:00,2020-09-23 12:00:00+00:00,1.0,BST,24.366,23.352,1.0139999999999993,DOWN_BREAK,2020-09-23 07:00:00+00:00,1.0,1,2020-09-23 07:35:00+00:00,ACCEPT_BACK_INSIDE,DIRECT_E10,2020-09-23 07:05:00+00:00,True,True,True,False,2020-09-23 07:05:00+00:00,2020-09-23 07:15:00+00:00,False,0.0,False,False,0.0
2020-09-24,external,2020-09-24 07:00:00+00:00,2020-09-24 12:00:00+00:00,1.0,BST,23.381,22.562,0.8189999999999991,UP_BREAK,2020-09-24 07:15:00+00:00,1.0,1,2020-09-24 07:20:00+00:00,HOLD_RETEST,BOUNDARY_HOLD_RETEST,2020-09-24 07:20:00+00:00,True,True,True,True,2020-09-24 07:25:00+00:00,2020-09-24 07:30:00+00:00,False,1.0,True,True,15.0
2020-09-25,external,2020-09-25 07:00:00+00:00,2020-09-25 12:00:00+00:00,1.0,BST,25.0,24.225,0.7749999999999986,DOWN_BREAK,2020-09-25 08:50:00+00:00,3.0,3+,2020-09-25 09:00:00+00:00,ACCEPT_BACK_INSIDE,DIRECT_E10,2020-09-25 08:55:00+00:00,True,True,True,True,2020-09-25 08:55:00+00:00,2020-09-25 09:40:00+00:00,False,1.0,False,False,110.0
2020-09-28,external,2020-09-28 07:00:00+00:00,2020-09-28 12:00:00+00:00,1.0,BST,26.75,25.902,0.847999999999999,DOWN_BREAK,2020-09-28 07:10:00+00:00,1.0,1,2020-09-28 07:15:00+00:00,ACCEPT_BACK_INSIDE,ACCEPT_BACK_INSIDE,2020-09-28 07:15:00+00:00,False,False,False,False,,,False,,False,False,10.0
2020-09-29,external,2020-09-29 07:00:00+00:00,2020-09-29 12:00:00+00:00,1.0,BST,27.769,26.682,1.0869999999999997,UP_BREAK,2020-09-29 09:10:00+00:00,0.0,0,,NO_RETEST,DIRECT_E10,2020-09-29 09:15:00+00:00,True,True,True,True,2020-09-29 09:15:00+00:00,2020-09-29 09:15:00+00:00,False,0.0,False,False,130.0
2020-09-30,external,2020-09-30 07:00:00+00:00,2020-09-30 12:00:00+00:00,1.0,BST,28.948,28.052,0.8960000000000008,DOWN_BREAK,2020-09-30 09:00:00+00:00,2.0,2,2020-09-30 09:30:00+00:00,ACCEPT_BACK_INSIDE,DIRECT_E10,2020-09-30 09:05:00+00:00,True,True,True,False,2020-09-30 09:05:00+00:00,2020-09-30 09:05:00+00:00,False,0.0,False,False,120.0
2020-10-01,external,2020-10-01 07:00:00+00:00,2020-10-01 12:00:00+00:00,1.0,BST,29.549,28.659,0.8900000000000006,NO_BREAK,,,NA,,NA,NO_BREAK,,False,False,False,False,,,False,,False,False,
2020-10-02,external,2020-10-02 07:00:00+00:00,2020-10-02 12:00:00+00:00,1.0,BST,28.091,26.59,1.5010000000000012,DOWN_BREAK,2020-10-02 08:55:00+00:00,1.0,1,2020-10-02 09:00:00+00:00,ACCEPT_BACK_INSIDE,ACCEPT_BACK_INSIDE,2020-10-02 09:00:00+00:00,True,True,True,True,2020-10-02 09:15:00+00:00,2020-10-02 09:20:00+00:00,False,1.0,False,False,115.0
2020-10-05,external,2020-10-05 07:00:00+00:00,2020-10-05 12:00:00+00:00,1.0,BST,29.185,28.67,0.514999999999997,DOWN_BREAK,2020-10-05 07:25:00+00:00,4.0,3+,2020-10-05 07:35:00+00:00,ACCEPT_BACK_INSIDE,DIRECT_E10,2020-10-05 07:30:00+00:00,True,True,True,True,2020-10-05 07:30:00+00:00,2020-10-05 07:30:00+00:00,False,0.0,False,False,25.0
2020-10-06,external,2020-10-06 07:00:00+00:00,2020-10-06 12:00:00+00:00,1.0,BST,28.94,28.296,0.6440000000000019,DOWN_BREAK,2020-10-06 11:00:00+00:00,2.0,2,2020-10-06 11:05:00+00:00,HOLD_RETEST,AMBIGUOUS_E10_BOUNDARY_INTERACTION,2020-10-06 11:05:00+00:00,True,True,True,False,2020-10-06 11:05:00+00:00,2020-10-06 11:10:00+00:00,False,1.0,False,False,240.0
2020-10-07,external,2020-10-07 07:00:00+00:00,2020-10-07 12:00:00+00:00,1.0,BST,27.77,27.023,0.7469999999999999,DOWN_BREAK,2020-10-07 10:40:00+00:00,2.0,2,2020-10-07 10:55:00+00:00,ACCEPT_BACK_INSIDE,DIRECT_E10,2020-10-07 10:45:00+00:00,True,True,False,False,2020-10-07 10:45:00+00:00,2020-10-07 10:50:00+00:00,False,0.0,False,False,220.0
2020-10-08,external,2020-10-08 07:00:00+00:00,2020-10-08 12:00:00+00:00,1.0,BST,27.699,26.98,0.7190000000000012,DOWN_BREAK,2020-10-08 07:00:00+00:00,2.0,2,2020-10-08 10:20:00+00:00,ACCEPT_BACK_INSIDE,DIRECT_E10,2020-10-08 07:05:00+00:00,True,True,True,True,2020-10-08 07:05:00+00:00,2020-10-08 07:05:00+00:00,False,0.0,False,False,0.0
2020-10-09,external,2020-10-09 07:00:00+00:00,2020-10-09 12:00:00+00:00,1.0,BST,28.0,27.43,0.5700000000000003,UP_BREAK,2020-10-09 07:45:00+00:00,1.0,1,2020-10-09 08:05:00+00:00,ACCEPT_BACK_INSIDE,DIRECT_E10,2020-10-09 07:50:00+00:00,True,True,True,True,2020-10-09 07:50:00+00:00,2020-10-09 07:50:00+00:00,False,0.0,False,False,45.0
2020-10-12,external,2020-10-12 07:00:00+00:00,2020-10-12 12:00:00+00:00,1.0,BST,29.498,28.379,1.1189999999999998,UP_BREAK,2020-10-12 07:30:00+00:00,1.0,1,2020-10-12 10:40:00+00:00,HOLD_RETEST,DIRECT_E10,2020-10-12 07:35:00+00:00,True,True,True,True,2020-10-12 07:35:00+00:00,2020-10-12 07:35:00+00:00,False,0.0,False,False,30.0
2020-10-13,external,2020-10-13 07:00:00+00:00,2020-10-13 12:00:00+00:00,1.0,BST,31.701,30.232,1.4690000000000012,NO_BREAK,,,NA,,NA,NO_BREAK,,False,False,False,False,,,False,,False,False,
2020-10-14,external,2020-10-14 07:00:00+00:00,2020-10-14 12:00:00+00:00,1.0,BST,31.0,30.446,0.5539999999999985,UP_BREAK,2020-10-14 07:55:00+00:00,1.0,1,2020-10-14 09:05:00+00:00,ACCEPT_BACK_INSIDE,DIRECT_E10,2020-10-14 08:00:00+00:00,True,True,True,True,2020-10-14 08:00:00+00:00,2020-10-14 08:00:00+00:00,True,0.0,False,False,55.0
2020-10-15,external,2020-10-15 07:00:00+00:00,2020-10-15 12:00:00+00:00,1.0,BST,31.166,30.58,0.5860000000000021,DOWN_BREAK,2020-10-15 09:05:00+00:00,1.0,1,2020-10-15 09:50:00+00:00,HOLD_RETEST,DIRECT_E10,2020-10-15 09:10:00+00:00,True,True,True,False,2020-10-15 09:10:00+00:00,2020-10-15 09:15:00+00:00,False,0.0,False,False,125.0
2020-10-16,external,2020-10-16 07:00:00+00:00,2020-10-16 12:00:00+00:00,1.0,BST,31.891,29.65,2.2409999999999997,NO_BREAK,,,NA,,NA,NO_BREAK,,False,False,False,False,,,False,,False,False,
2020-10-19,external,2020-10-19 07:00:00+00:00,2020-10-19 12:00:00+00:00,1.0,BST,30.672,29.7,0.9720000000000013,NO_BREAK,,,NA,,NA,NO_BREAK,,False,False,False,False,,,False,,False,False,
2020-10-20,external,2020-10-20 07:00:00+00:00,2020-10-20 12:00:00+00:00,1.0,BST,30.089,29.754,0.3349999999999973,DOWN_BREAK,2020-10-20 07:45:00+00:00,1.0,1,2020-10-20 11:10:00+00:00,HOLD_RETEST,DIRECT_E10,2020-10-20 07:50:00+00:00,True,True,True,True,2020-10-20 07:50:00+00:00,2020-10-20 07:50:00+00:00,False,0.0,False,False,45.0
2020-10-21,external,2020-10-21 07:00:00+00:00,2020-10-21 12:00:00+00:00,1.0,BST,29.7,28.624,1.0760000000000005,NO_BREAK,,,NA,,NA,NO_BREAK,,False,False,False,False,,,False,,False,False,
2020-10-22,external,2020-10-22 07:00:00+00:00,2020-10-22 12:00:00+00:00,1.0,BST,30.464,29.525,0.9390000000000001,UP_BREAK,2020-10-22 07:20:00+00:00,0.0,0,,NO_RETEST,DIRECT_E10,2020-10-22 07:25:00+00:00,True,True,True,True,2020-10-22 07:25:00+00:00,2020-10-22 07:25:00+00:00,False,0.0,False,False,20.0
2020-10-23,external,2020-10-23 07:00:00+00:00,2020-10-23 12:00:00+00:00,1.0,BST,30.9,30.527,0.37299999999999756,UP_BREAK,2020-10-23 09:25:00+00:00,1.0,1,2020-10-23 09:30:00+00:00,HOLD_RETEST,AMBIGUOUS_E10_BOUNDARY_INTERACTION,2020-10-23 09:30:00+00:00,True,True,True,True,2020-10-23 09:30:00+00:00,2020-10-23 10:00:00+00:00,False,1.0,False,False,145.0
2020-10-26,external,2020-10-26 08:00:00+00:00,2020-10-26 13:00:00+00:00,0.0,GMT,30.7,29.925,0.7749999999999986,UP_BREAK,2020-10-26 08:00:00+00:00,3.0,3+,2020-10-26 08:25:00+00:00,HOLD_RETEST,DIRECT_E10,2020-10-26 08:05:00+00:00,True,True,True,True,2020-10-26 08:05:00+00:00,2020-10-26 08:05:00+00:00,False,0.0,False,False,0.0
2020-10-27,external,2020-10-27 08:00:00+00:00,2020-10-27 13:00:00+00:00,0.0,GMT,31.777,30.821,0.9559999999999995,NO_BREAK,,,NA,,NA,NO_BREAK,,False,False,False,False,,,False,,False,False,
2020-10-28,external,2020-10-28 08:00:00+00:00,2020-10-28 13:00:00+00:00,0.0,GMT,31.93,30.9,1.0300000000000011,DOWN_BREAK,2020-10-28 08:05:00+00:00,1.0,1,2020-10-28 08:10:00+00:00,ACCEPT_BACK_INSIDE,ACCEPT_BACK_INSIDE,2020-10-28 08:10:00+00:00,True,True,True,False,2020-10-28 11:15:00+00:00,2020-10-28 11:20:00+00:00,False,1.0,False,False,5.0
2020-10-29,external,2020-10-29 08:00:00+00:00,2020-10-29 13:00:00+00:00,0.0,GMT,30.423,30.01,0.4129999999999967,DOWN_BREAK,2020-10-29 08:05:00+00:00,3.0,3+,2020-10-29 08:10:00+00:00,HOLD_RETEST,AMBIGUOUS_E10_BOUNDARY_INTERACTION,2020-10-29 08:10:00+00:00,True,True,True,True,2020-10-29 08:10:00+00:00,2020-10-29 08:10:00+00:00,False,0.0,False,False,5.0
2020-10-30,external,2020-10-30 08:00:00+00:00,2020-10-30 13:00:00+00:00,0.0,GMT,30.19,27.451,2.7390000000000008,NO_BREAK,,,NA,,NA,NO_BREAK,,False,False,False,False,,,False,,False,False,
2020-11-02,external,2020-11-02 08:00:00+00:00,2020-11-02 13:00:00+00:00,0.0,GMT,29.1,28.523,0.5770000000000017,UP_BREAK,2020-11-02 08:00:00+00:00,2.0,2,2020-11-02 08:10:00+00:00,HOLD_RETEST,DIRECT_E10,2020-11-02 08:05:00+00:00,True,True,False,False,2020-11-02 08:05:00+00:00,2020-11-02 08:05:00+00:00,True,0.0,False,False,0.0
2020-11-03,external,2020-11-03 08:00:00+00:00,2020-11-03 13:00:00+00:00,0.0,GMT,27.806,25.727,2.0790000000000006,NO_BREAK,,,NA,,NA,NO_BREAK,,False,False,False,False,,,False,,False,False,
2020-11-04,external,2020-11-04 08:00:00+00:00,2020-11-04 13:00:00+00:00,0.0,GMT,26.908,26.129,0.7789999999999999,NO_BREAK,,,NA,,NA,NO_BREAK,,False,False,False,False,,,False,,False,False,
2020-11-05,external,2020-11-05 08:00:00+00:00,2020-11-05 13:00:00+00:00,0.0,GMT,27.73,26.949,0.7809999999999988,DOWN_BREAK,2020-11-05 12:45:00+00:00,1.0,1,2020-11-05 12:50:00+00:00,ACCEPT_BACK_INSIDE,ACCEPT_BACK_INSIDE,2020-11-05 12:50:00+00:00,True,False,False,False,2020-11-05 12:55:00+00:00,,False,,False,False,285.0
2020-11-06,external,2020-11-06 08:00:00+00:00,2020-11-06 13:00:00+00:00,0.0,GMT,28.94,27.721,1.2190000000000012,UP_BREAK,2020-11-06 10:15:00+00:00,2.0,2,2020-11-06 11:15:00+00:00,HOLD_RETEST,DIRECT_E10,2020-11-06 10:25:00+00:00,True,True,True,False,2020-11-06 10:25:00+00:00,2020-11-06 10:30:00+00:00,False,0.0,False,False,135.0
2020-11-09,external,2020-11-09 08:00:00+00:00,2020-11-09 13:00:00+00:00,0.0,GMT,28.978,28.02,0.958000000000002,NO_BREAK,,,NA,,NA,NO_BREAK,,False,False,False,False,,,False,,False,False,
2020-11-10,external,2020-11-10 08:00:00+00:00,2020-11-10 13:00:00+00:00,0.0,GMT,28.3,27.717,0.583000000000002,UP_BREAK,2020-11-10 08:40:00+00:00,3.0,3+,2020-11-10 08:50:00+00:00,ACCEPT_BACK_INSIDE,ACCEPT_BACK_INSIDE,2020-11-10 08:50:00+00:00,True,True,True,False,2020-11-10 09:10:00+00:00,2020-11-10 09:25:00+00:00,False,1.0,False,False,40.0
2020-11-11,external,2020-11-11 08:00:00+00:00,2020-11-11 13:00:00+00:00,0.0,GMT,28.6,28.029,0.5710000000000015,DOWN_BREAK,2020-11-11 09:45:00+00:00,1.0,1,2020-11-11 09:50:00+00:00,ACCEPT_BACK_INSIDE,AMBIGUOUS_E10_BOUNDARY_INTERACTION,2020-11-11 09:50:00+00:00,True,False,False,False,2020-11-11 09:50:00+00:00,,False,,False,False,105.0
2020-11-12,external,2020-11-12 08:00:00+00:00,2020-11-12 13:00:00+00:00,0.0,GMT,28.08,27.68,0.3999999999999986,UP_BREAK,2020-11-12 08:05:00+00:00,2.0,2,2020-11-12 08:10:00+00:00,ACCEPT_BACK_INSIDE,ACCEPT_BACK_INSIDE,2020-11-12 08:10:00+00:00,True,True,False,False,2020-11-12 10:00:00+00:00,2020-11-12 10:10:00+00:00,False,1.0,False,False,5.0
2020-11-13,external,2020-11-13 08:00:00+00:00,2020-11-13 13:00:00+00:00,0.0,GMT,27.992,27.55,0.44200000000000017,UP_BREAK,2020-11-13 08:00:00+00:00,3.0,3+,2020-11-13 08:05:00+00:00,HOLD_RETEST,AMBIGUOUS_E10_BOUNDARY_INTERACTION,2020-11-13 08:05:00+00:00,True,True,True,True,2020-11-13 08:05:00+00:00,2020-11-13 08:05:00+00:00,False,0.0,False,False,0.0
2020-11-16,external,2020-11-16 08:00:00+00:00,2020-11-16 13:00:00+00:00,0.0,GMT,27.765,27.48,0.28500000000000014,UP_BREAK,2020-11-16 08:10:00+00:00,4.0,3+,2020-11-16 08:25:00+00:00,ACCEPT_BACK_INSIDE,DIRECT_E10,2020-11-16 08:15:00+00:00,True,True,True,True,2020-11-16 08:15:00+00:00,2020-11-16 08:20:00+00:00,False,0.0,False,False,10.0
2020-11-17,external,2020-11-17 08:00:00+00:00,2020-11-17 13:00:00+00:00,0.0,GMT,28.608,27.958,0.6500000000000021,UP_BREAK,2020-11-17 08:30:00+00:00,5.0,3+,2020-11-17 08:40:00+00:00,ACCEPT_BACK_INSIDE,ACCEPT_BACK_INSIDE,2020-11-17 08:40:00+00:00,True,True,False,False,2020-11-17 09:05:00+00:00,2020-11-17 09:20:00+00:00,False,1.0,False,False,30.0
2020-11-18,external,2020-11-18 08:00:00+00:00,2020-11-18 13:00:00+00:00,0.0,GMT,28.84,27.203,1.6370000000000005,NO_BREAK,,,NA,,NA,NO_BREAK,,False,False,False,False,,,False,,False,False,
2020-11-19,external,2020-11-19 08:00:00+00:00,2020-11-19 13:00:00+00:00,0.0,GMT,28.202,27.82,0.38200000000000145,DOWN_BREAK,2020-11-19 08:40:00+00:00,3.0,3+,2020-11-19 08:45:00+00:00,HOLD_RETEST,AMBIGUOUS_E10_BOUNDARY_INTERACTION,2020-11-19 08:45:00+00:00,True,True,True,False,2020-11-19 08:45:00+00:00,2020-11-19 08:45:00+00:00,True,0.0,False,False,40.0
2020-11-20,external,2020-11-20 08:00:00+00:00,2020-11-20 13:00:00+00:00,0.0,GMT,28.469,28.074,0.3949999999999996,UP_BREAK,2020-11-20 10:40:00+00:00,1.0,1,2020-11-20 10:45:00+00:00,HOLD_RETEST,AMBIGUOUS_E10_BOUNDARY_INTERACTION,2020-11-20 10:45:00+00:00,True,True,True,True,2020-11-20 10:45:00+00:00,2020-11-20 10:45:00+00:00,False,0.0,False,False,160.0
2020-11-23,external,2020-11-23 08:00:00+00:00,2020-11-23 13:00:00+00:00,0.0,GMT,30.84,29.821,1.0189999999999984,UP_BREAK,2020-11-23 08:25:00+00:00,3.0,3+,2020-11-23 08:30:00+00:00,ACCEPT_BACK_INSIDE,ACCEPT_BACK_INSIDE,2020-11-23 08:30:00+00:00,True,True,True,False,2020-11-23 09:10:00+00:00,2020-11-23 09:10:00+00:00,False,1.0,False,False,25.0
2020-11-24,external,2020-11-24 08:00:00+00:00,2020-11-24 13:00:00+00:00,0.0,GMT,34.148,30.852,3.296000000000003,UP_BREAK,2020-11-24 08:20:00+00:00,2.0,2,2020-11-24 08:25:00+00:00,HOLD_RETEST,BOUNDARY_HOLD_RETEST,2020-11-24 08:25:00+00:00,True,True,True,False,2020-11-24 08:30:00+00:00,2020-11-24 08:35:00+00:00,False,1.0,True,True,20.0
2020-11-25,external,2020-11-25 08:00:00+00:00,2020-11-25 13:00:00+00:00,0.0,GMT,35.423,32.319,3.103999999999999,NO_BREAK,,,NA,,NA,NO_BREAK,,False,False,False,False,,,False,,False,False,
2020-11-26,external,2020-11-26 08:00:00+00:00,2020-11-26 13:00:00+00:00,0.0,GMT,31.793,28.155,3.637999999999998,DOWN_BREAK,2020-11-26 08:35:00+00:00,3.0,3+,2020-11-26 08:40:00+00:00,HOLD_RETEST,BOUNDARY_HOLD_RETEST,2020-11-26 08:40:00+00:00,True,True,False,False,2020-11-26 08:45:00+00:00,2020-11-26 08:50:00+00:00,False,1.0,True,True,35.0
2020-11-27,external,2020-11-27 08:00:00+00:00,2020-11-27 13:00:00+00:00,0.0,GMT,28.75,27.966,0.7839999999999989,DOWN_BREAK,2020-11-27 08:00:00+00:00,4.0,3+,2020-11-27 08:05:00+00:00,HOLD_RETEST,BOUNDARY_HOLD_RETEST,2020-11-27 08:05:00+00:00,True,True,True,True,2020-11-27 08:10:00+00:00,2020-11-27 08:10:00+00:00,False,1.0,True,True,0.0
2020-11-30,external,2020-11-30 08:00:00+00:00,2020-11-30 13:00:00+00:00,0.0,GMT,30.689,30.02,0.6690000000000005,DOWN_BREAK,2020-11-30 09:05:00+00:00,2.0,2,2020-11-30 09:10:00+00:00,ACCEPT_BACK_INSIDE,ACCEPT_BACK_INSIDE,2020-11-30 09:10:00+00:00,True,True,True,False,2020-11-30 09:30:00+00:00,2020-11-30 09:30:00+00:00,True,1.0,False,False,65.0
2020-12-01,external,2020-12-01 08:00:00+00:00,2020-12-01 13:00:00+00:00,0.0,GMT,31.871,31.187,0.6839999999999975,UP_BREAK,2020-12-01 08:05:00+00:00,2.0,2,2020-12-01 08:10:00+00:00,ACCEPT_BACK_INSIDE,ACCEPT_BACK_INSIDE,2020-12-01 08:10:00+00:00,True,False,False,False,2020-12-01 11:05:00+00:00,,True,,False,False,5.0
2020-12-02,external,2020-12-02 08:00:00+00:00,2020-12-02 13:00:00+00:00,0.0,GMT,30.495,29.504,0.9909999999999997,UP_BREAK,2020-12-02 09:05:00+00:00,1.0,1,2020-12-02 12:00:00+00:00,ACCEPT_BACK_INSIDE,DIRECT_E10,2020-12-02 09:10:00+00:00,True,True,True,True,2020-12-02 09:10:00+00:00,2020-12-02 09:10:00+00:00,False,0.0,False,False,65.0
2020-12-03,external,2020-12-03 08:00:00+00:00,2020-12-03 13:00:00+00:00,0.0,GMT,30.52,29.884,0.6359999999999992,UP_BREAK,2020-12-03 10:40:00+00:00,1.0,1,2020-12-03 10:45:00+00:00,HOLD_RETEST,AMBIGUOUS_E10_BOUNDARY_INTERACTION,2020-12-03 10:45:00+00:00,True,True,True,True,2020-12-03 10:45:00+00:00,2020-12-03 10:55:00+00:00,False,1.0,False,False,160.0
2020-12-04,external,2020-12-04 08:00:00+00:00,2020-12-04 13:00:00+00:00,0.0,GMT,31.16,30.179,0.9810000000000016,DOWN_BREAK,2020-12-04 10:05:00+00:00,0.0,0,,NO_RETEST,DIRECT_E10,2020-12-04 10:10:00+00:00,True,True,True,True,2020-12-04 10:10:00+00:00,2020-12-04 10:15:00+00:00,False,0.0,False,False,125.0
2020-12-07,external,2020-12-07 08:00:00+00:00,2020-12-07 13:00:00+00:00,0.0,GMT,29.658,29.176,0.48200000000000287,NO_BREAK,,,NA,,NA,NO_BREAK,,False,False,False,False,,,False,,False,False,
2020-12-08,external,2020-12-08 08:00:00+00:00,2020-12-08 13:00:00+00:00,0.0,GMT,29.488,29.18,0.30799999999999983,DOWN_BREAK,2020-12-08 08:05:00+00:00,1.0,1,2020-12-08 08:10:00+00:00,HOLD_RETEST,AMBIGUOUS_E10_BOUNDARY_INTERACTION,2020-12-08 08:10:00+00:00,True,True,True,True,2020-12-08 08:10:00+00:00,2020-12-08 08:15:00+00:00,False,1.0,False,False,5.0
2020-12-09,external,2020-12-09 08:00:00+00:00,2020-12-09 13:00:00+00:00,0.0,GMT,27.836,27.2,0.6359999999999992,DOWN_BREAK,2020-12-09 08:25:00+00:00,1.0,1,2020-12-09 08:40:00+00:00,ACCEPT_BACK_INSIDE,DIRECT_E10,2020-12-09 08:30:00+00:00,True,True,True,False,2020-12-09 08:30:00+00:00,2020-12-09 08:30:00+00:00,True,0.0,False,False,25.0
2020-12-10,external,2020-12-10 08:00:00+00:00,2020-12-10 13:00:00+00:00,0.0,GMT,28.243,27.768,0.47499999999999787,DOWN_BREAK,2020-12-10 10:15:00+00:00,2.0,2,2020-12-10 10:20:00+00:00,HOLD_RETEST,BOUNDARY_HOLD_RETEST,2020-12-10 10:20:00+00:00,True,True,True,False,2020-12-10 10:35:00+00:00,2020-12-10 10:40:00+00:00,False,2.0,True,True,135.0
2020-12-11,external,2020-12-11 08:00:00+00:00,2020-12-11 13:00:00+00:00,0.0,GMT,27.784,26.872,0.911999999999999,DOWN_BREAK,2020-12-11 11:00:00+00:00,4.0,3+,2020-12-11 11:05:00+00:00,HOLD_RETEST,BOUNDARY_HOLD_RETEST,2020-12-11 11:05:00+00:00,True,False,False,False,2020-12-11 11:30:00+00:00,,False,,True,False,180.0
2020-12-14,external,2020-12-14 08:00:00+00:00,2020-12-14 13:00:00+00:00,0.0,GMT,29.271,28.69,0.5809999999999995,NO_BREAK,,,NA,,NA,NO_BREAK,,False,False,False,False,,,False,,False,False,
2020-12-15,external,2020-12-15 08:00:00+00:00,2020-12-15 13:00:00+00:00,0.0,GMT,30.335,29.44,0.8949999999999996,NO_BREAK,,,NA,,NA,NO_BREAK,,False,False,False,False,,,False,,False,False,
2020-12-16,external,2020-12-16 08:00:00+00:00,2020-12-16 13:00:00+00:00,0.0,GMT,29.482,29.099,0.3829999999999991,DOWN_BREAK,2020-12-16 08:20:00+00:00,2.0,2,2020-12-16 08:25:00+00:00,HOLD_RETEST,AMBIGUOUS_E10_BOUNDARY_INTERACTION,2020-12-16 08:25:00+00:00,True,False,False,False,2020-12-16 08:25:00+00:00,,True,,False,False,20.0
2020-12-17,external,2020-12-17 08:00:00+00:00,2020-12-17 13:00:00+00:00,0.0,GMT,31.265,30.502,0.7630000000000017,DOWN_BREAK,2020-12-17 09:20:00+00:00,2.0,2,2020-12-17 09:25:00+00:00,ACCEPT_BACK_INSIDE,AMBIGUOUS_E10_BOUNDARY_INTERACTION,2020-12-17 09:25:00+00:00,True,True,True,False,2020-12-17 09:25:00+00:00,2020-12-17 09:25:00+00:00,True,0.0,False,False,80.0
2020-12-18,external,2020-12-18 08:00:00+00:00,2020-12-18 13:00:00+00:00,0.0,GMT,30.682,29.638,1.043999999999997,UP_BREAK,2020-12-18 08:05:00+00:00,2.0,2,2020-12-18 11:05:00+00:00,HOLD_RETEST,DIRECT_E10,2020-12-18 08:10:00+00:00,True,True,True,True,2020-12-18 08:10:00+00:00,2020-12-18 08:25:00+00:00,False,0.0,False,False,5.0
2020-12-21,external,2020-12-21 08:00:00+00:00,2020-12-21 13:00:00+00:00,0.0,GMT,35.695,33.491,2.2040000000000006,DOWN_BREAK,2020-12-21 10:05:00+00:00,1.0,1,2020-12-21 10:10:00+00:00,HOLD_RETEST,BOUNDARY_HOLD_RETEST,2020-12-21 10:10:00+00:00,True,True,True,True,2020-12-21 10:15:00+00:00,2020-12-21 10:15:00+00:00,False,1.0,True,True,125.0
2020-12-22,external,2020-12-22 08:00:00+00:00,2020-12-22 13:00:00+00:00,0.0,GMT,32.655,31.075,1.5800000000000018,DOWN_BREAK,2020-12-22 08:15:00+00:00,2.0,2,2020-12-22 08:20:00+00:00,HOLD_RETEST,AMBIGUOUS_E10_BOUNDARY_INTERACTION,2020-12-22 08:20:00+00:00,True,True,True,False,2020-12-22 08:20:00+00:00,2020-12-22 08:20:00+00:00,True,0.0,False,False,15.0
2020-12-23,external,2020-12-23 08:00:00+00:00,2020-12-23 13:00:00+00:00,0.0,GMT,34.5,33.035,1.4650000000000034,DOWN_BREAK,2020-12-23 09:25:00+00:00,3.0,3+,2020-12-23 09:30:00+00:00,ACCEPT_BACK_INSIDE,AMBIGUOUS_E10_BOUNDARY_INTERACTION,2020-12-23 09:30:00+00:00,True,True,True,True,2020-12-23 09:30:00+00:00,2020-12-23 10:40:00+00:00,False,2.0,False,False,85.0
2020-12-24,external,2020-12-24 08:00:00+00:00,2020-12-24 13:00:00+00:00,0.0,GMT,31.553,30.354,1.1990000000000016,UP_BREAK,2020-12-24 08:10:00+00:00,4.0,3+,2020-12-24 10:15:00+00:00,HOLD_RETEST,DIRECT_E10,2020-12-24 08:15:00+00:00,True,True,True,False,2020-12-24 08:15:00+00:00,2020-12-24 08:15:00+00:00,False,0.0,False,False,10.0
2020-12-25,external,2020-12-25 08:00:00+00:00,2020-12-25 13:00:00+00:00,0.0,GMT,32.943,32.029,0.9139999999999944,UP_BREAK,2020-12-25 09:40:00+00:00,1.0,1,2020-12-25 09:45:00+00:00,ACCEPT_BACK_INSIDE,ACCEPT_BACK_INSIDE,2020-12-25 09:45:00+00:00,True,True,True,True,2020-12-25 09:50:00+00:00,2020-12-25 09:55:00+00:00,False,1.0,False,False,100.0
2020-12-28,external,2020-12-28 08:00:00+00:00,2020-12-28 13:00:00+00:00,0.0,GMT,35.495,33.352,2.1430000000000007,UP_BREAK,2020-12-28 09:55:00+00:00,4.0,3+,2020-12-28 10:40:00+00:00,HOLD_RETEST,DIRECT_E10,2020-12-28 10:00:00+00:00,True,True,True,False,2020-12-28 10:00:00+00:00,2020-12-28 10:00:00+00:00,False,0.0,False,False,115.0
2020-12-29,external,2020-12-29 08:00:00+00:00,2020-12-29 13:00:00+00:00,0.0,GMT,39.5,35.372,4.128,NO_BREAK,,,NA,,NA,NO_BREAK,,False,False,False,False,,,False,,False,False,
2020-12-30,external,2020-12-30 08:00:00+00:00,2020-12-30 13:00:00+00:00,0.0,GMT,39.355,37.372,1.982999999999997,DOWN_BREAK,2020-12-30 09:00:00+00:00,3.0,3+,2020-12-30 09:20:00+00:00,ACCEPT_BACK_INSIDE,DIRECT_E10,2020-12-30 09:05:00+00:00,True,True,False,False,2020-12-30 09:05:00+00:00,2020-12-30 09:40:00+00:00,False,1.0,False,False,60.0
2020-12-31,external,2020-12-31 08:00:00+00:00,2020-12-31 13:00:00+00:00,0.0,GMT,38.28,37.007,1.2730000000000032,NO_BREAK,,,NA,,NA,NO_BREAK,,False,False,False,False,,,False,,False,False,
2021-01-01,external,2021-01-01 08:00:00+00:00,2021-01-01 13:00:00+00:00,0.0,GMT,38.207,37.03,1.1769999999999996,UP_BREAK,2021-01-01 10:00:00+00:00,0.0,0,,NO_RETEST,DIRECT_E10,2021-01-01 10:05:00+00:00,True,True,True,True,2021-01-01 10:05:00+00:00,2021-01-01 10:10:00+00:00,False,0.0,False,False,120.0
2021-01-04,external,2021-01-04 08:00:00+00:00,2021-01-04 13:00:00+00:00,0.0,GMT,43.646,40.5,3.146000000000001,DOWN_BREAK,2021-01-04 09:25:00+00:00,1.0,1,2021-01-04 09:45:00+00:00,ACCEPT_BACK_INSIDE,DIRECT_E10,2021-01-04 09:30:00+00:00,True,True,True,True,2021-01-04 09:30:00+00:00,2021-01-04 09:35:00+00:00,False,0.0,False,False,85.0
2021-01-05,external,2021-01-05 08:00:00+00:00,2021-01-05 13:00:00+00:00,0.0,GMT,41.3,38.844,2.455999999999996,NO_BREAK,,,NA,,NA,NO_BREAK,,False,False,False,False,,,False,,False,False,
2021-01-06,external,2021-01-06 08:00:00+00:00,2021-01-06 13:00:00+00:00,0.0,GMT,41.951,40.53,1.4209999999999994,UP_BREAK,2021-01-06 12:50:00+00:00,1.0,1,2021-01-06 12:55:00+00:00,ACCEPT_BACK_INSIDE,ACCEPT_BACK_INSIDE,2021-01-06 12:55:00+00:00,False,False,False,False,,,False,,False,False,290.0
2021-01-07,external,2021-01-07 08:00:00+00:00,2021-01-07 13:00:00+00:00,0.0,GMT,44.208,41.488,2.719999999999999,UP_BREAK,2021-01-07 12:00:00+00:00,1.0,1,2021-01-07 12:05:00+00:00,HOLD_RETEST,BOUNDARY_HOLD_RETEST,2021-01-07 12:05:00+00:00,False,False,False,False,,,False,,False,False,240.0
2021-01-08,external,2021-01-08 08:00:00+00:00,2021-01-08 13:00:00+00:00,0.0,GMT,43.69,40.054,3.6359999999999957,NO_BREAK,,,NA,,NA,NO_BREAK,,False,False,False,False,,,False,,False,False,
2021-01-11,external,2021-01-11 08:00:00+00:00,2021-01-11 13:00:00+00:00,0.0,GMT,42.464,36.8,5.6640000000000015,NO_BREAK,,,NA,,NA,NO_BREAK,,False,False,False,False,,,False,,False,False,
2021-01-12,external,2021-01-12 08:00:00+00:00,2021-01-12 13:00:00+00:00,0.0,GMT,39.998,37.135,2.8629999999999995,NO_BREAK,,,NA,,NA,NO_BREAK,,False,False,False,False,,,False,,False,False,
2021-01-13,external,2021-01-13 08:00:00+00:00,2021-01-13 13:00:00+00:00,0.0,GMT,38.529,37.0,1.5290000000000035,UP_BREAK,2021-01-13 10:05:00+00:00,3.0,3+,2021-01-13 10:30:00+00:00,ACCEPT_BACK_INSIDE,DIRECT_E10,2021-01-13 10:10:00+00:00,True,False,False,False,2021-01-13 10:10:00+00:00,,False,,False,False,125.0
2021-01-14,external,2021-01-14 08:00:00+00:00,2021-01-14 13:00:00+00:00,0.0,GMT,41.482,39.68,1.8019999999999996,NO_BREAK,,,NA,,NA,NO_BREAK,,False,False,False,False,,,False,,False,False,
2021-01-15,external,2021-01-15 08:00:00+00:00,2021-01-15 13:00:00+00:00,0.0,GMT,42.69,40.74,1.9499999999999957,DOWN_BREAK,2021-01-15 12:25:00+00:00,1.0,1,2021-01-15 12:30:00+00:00,HOLD_RETEST,BOUNDARY_HOLD_RETEST,2021-01-15 12:30:00+00:00,False,False,False,False,,,False,,False,False,265.0
2021-01-18,external,2021-01-18 08:00:00+00:00,2021-01-18 13:00:00+00:00,0.0,GMT,46.967,44.85,2.1169999999999973,DOWN_BREAK,2021-01-18 11:05:00+00:00,3.0,3+,2021-01-18 11:10:00+00:00,HOLD_RETEST,AMBIGUOUS_E10_BOUNDARY_INTERACTION,2021-01-18 11:10:00+00:00,True,True,False,False,2021-01-18 11:10:00+00:00,2021-01-18 11:45:00+00:00,False,2.0,False,False,185.0
2021-01-19,external,2021-01-19 08:00:00+00:00,2021-01-19 13:00:00+00:00,0.0,GMT,45.875,44.653,1.2220000000000013,UP_BREAK,2021-01-19 08:00:00+00:00,4.0,3+,2021-01-19 08:05:00+00:00,ACCEPT_BACK_INSIDE,ACCEPT_BACK_INSIDE,2021-01-19 08:05:00+00:00,True,True,False,False,2021-01-19 09:15:00+00:00,2021-01-19 09:15:00+00:00,False,1.0,False,False,0.0
2021-01-20,external,2021-01-20 08:00:00+00:00,2021-01-20 13:00:00+00:00,0.0,GMT,42.802,40.981,1.820999999999998,DOWN_BREAK,2021-01-20 10:05:00+00:00,4.0,3+,2021-01-20 10:10:00+00:00,HOLD_RETEST,AMBIGUOUS_E10_BOUNDARY_INTERACTION,2021-01-20 10:10:00+00:00,True,True,True,False,2021-01-20 10:10:00+00:00,2021-01-20 11:15:00+00:00,False,1.0,False,False,125.0
2021-01-21,external,2021-01-21 08:00:00+00:00,2021-01-21 13:00:00+00:00,0.0,GMT,42.714,40.94,1.774000000000001,DOWN_BREAK,2021-01-21 08:55:00+00:00,1.0,1,2021-01-21 09:00:00+00:00,HOLD_RETEST,AMBIGUOUS_E10_BOUNDARY_INTERACTION,2021-01-21 09:00:00+00:00,True,True,True,True,2021-01-21 09:00:00+00:00,2021-01-21 09:00:00+00:00,False,0.0,False,False,55.0
2021-01-22,external,2021-01-22 08:00:00+00:00,2021-01-22 13:00:00+00:00,0.0,GMT,40.014,36.81,3.2040000000000006,UP_BREAK,2021-01-22 09:40:00+00:00,2.0,2,2021-01-22 10:00:00+00:00,HOLD_RETEST,BOUNDARY_HOLD_RETEST,2021-01-22 10:00:00+00:00,True,False,False,False,2021-01-22 11:10:00+00:00,,False,,True,False,100.0
2021-01-25,external,2021-01-25 08:00:00+00:00,2021-01-25 13:00:00+00:00,0.0,GMT,42.9,41.833,1.0670000000000002,DOWN_BREAK,2021-01-25 09:55:00+00:00,1.0,1,2021-01-25 10:00:00+00:00,ACCEPT_BACK_INSIDE,ACCEPT_BACK_INSIDE,2021-01-25 10:00:00+00:00,False,False,False,False,,,False,,False,False,115.0
2021-01-26,external,2021-01-26 08:00:00+00:00,2021-01-26 13:00:00+00:00,0.0,GMT,42.556,40.627,1.928999999999995,DOWN_BREAK,2021-01-26 08:05:00+00:00,2.0,2,2021-01-26 08:30:00+00:00,HOLD_RETEST,DIRECT_E10,2021-01-26 08:10:00+00:00,True,True,True,False,2021-01-26 08:10:00+00:00,2021-01-26 09:45:00+00:00,False,1.0,False,False,5.0
2021-01-27,external,2021-01-27 08:00:00+00:00,2021-01-27 13:00:00+00:00,0.0,GMT,42.131,40.988,1.1430000000000007,DOWN_BREAK,2021-01-27 09:05:00+00:00,3.0,3+,2021-01-27 10:00:00+00:00,HOLD_RETEST,DIRECT_E10,2021-01-27 09:10:00+00:00,True,True,True,False,2021-01-27 09:10:00+00:00,2021-01-27 09:10:00+00:00,False,0.0,False,False,65.0
2021-01-28,external,2021-01-28 08:00:00+00:00,2021-01-28 13:00:00+00:00,0.0,GMT,42.49,40.36,2.1300000000000026,UP_BREAK,2021-01-28 10:00:00+00:00,3.0,3+,2021-01-28 10:15:00+00:00,ACCEPT_BACK_INSIDE,DIRECT_E10,2021-01-28 10:05:00+00:00,True,False,False,False,2021-01-28 10:05:00+00:00,,False,,False,False,120.0
2021-01-29,external,2021-01-29 08:00:00+00:00,2021-01-29 13:00:00+00:00,0.0,GMT,42.8,41.837,0.9629999999999939,UP_BREAK,2021-01-29 08:45:00+00:00,0.0,0,,NO_RETEST,DIRECT_E10,2021-01-29 08:50:00+00:00,True,True,True,True,2021-01-29 08:50:00+00:00,2021-01-29 08:50:00+00:00,False,0.0,False,False,45.0
2021-02-01,external,2021-02-01 08:00:00+00:00,2021-02-01 13:00:00+00:00,0.0,GMT,45.948,43.418,2.530000000000001,UP_BREAK,2021-02-01 08:45:00+00:00,1.0,1,2021-02-01 08:50:00+00:00,ACCEPT_BACK_INSIDE,ACCEPT_BACK_INSIDE,2021-02-01 08:50:00+00:00,True,True,True,True,2021-02-01 09:10:00+00:00,2021-02-01 09:40:00+00:00,False,1.0,False,False,45.0
2021-02-02,external,2021-02-02 08:00:00+00:00,2021-02-02 13:00:00+00:00,0.0,GMT,51.778,49.315,2.463000000000001,UP_BREAK,2021-02-02 09:35:00+00:00,6.0,3+,2021-02-02 09:40:00+00:00,HOLD_RETEST,AMBIGUOUS_E10_BOUNDARY_INTERACTION,2021-02-02 09:40:00+00:00,True,True,True,False,2021-02-02 09:40:00+00:00,2021-02-02 09:40:00+00:00,False,0.0,False,False,95.0
2021-02-03,external,2021-02-03 08:00:00+00:00,2021-02-03 13:00:00+00:00,0.0,GMT,51.85,50.159,1.6910000000000025,DOWN_BREAK,2021-02-03 08:10:00+00:00,1.0,1,2021-02-03 08:50:00+00:00,ACCEPT_BACK_INSIDE,DIRECT_E10,2021-02-03 08:15:00+00:00,True,True,False,False,2021-02-03 08:15:00+00:00,2021-02-03 08:15:00+00:00,False,0.0,False,False,10.0
2021-02-04,external,2021-02-04 08:00:00+00:00,2021-02-04 13:00:00+00:00,0.0,GMT,53.632,52.089,1.5429999999999993,DOWN_BREAK,2021-02-04 09:05:00+00:00,1.0,1,2021-02-04 09:50:00+00:00,HOLD_RETEST,DIRECT_E10,2021-02-04 09:10:00+00:00,True,True,True,True,2021-02-04 09:10:00+00:00,2021-02-04 09:10:00+00:00,True,0.0,False,False,65.0
2021-02-05,external,2021-02-05 08:00:00+00:00,2021-02-05 13:00:00+00:00,0.0,GMT,58.162,55.925,2.237000000000002,UP_BREAK,2021-02-05 09:00:00+00:00,0.0,0,,NO_RETEST,DIRECT_E10,2021-02-05 09:05:00+00:00,True,True,True,True,2021-02-05 09:05:00+00:00,2021-02-05 09:15:00+00:00,False,0.0,False,False,60.0
2021-02-08,external,2021-02-08 08:00:00+00:00,2021-02-08 13:00:00+00:00,0.0,GMT,74.777,67.4,7.376999999999995,NO_BREAK,,,NA,,NA,NO_BREAK,,False,False,False,False,,,False,,False,False,
2021-02-09,external,2021-02-09 08:00:00+00:00,2021-02-09 13:00:00+00:00,0.0,GMT,97.352,78.785,18.567000000000007,NO_BREAK,,,NA,,NA,NO_BREAK,,False,False,False,False,,,False,,False,False,
2021-02-10,external,2021-02-10 08:00:00+00:00,2021-02-10 13:00:00+00:00,0.0,GMT,144.214,107.25,36.964,UP_BREAK,2021-02-10 08:25:00+00:00,4.0,3+,2021-02-10 08:40:00+00:00,HOLD_RETEST,BOUNDARY_HOLD_RETEST,2021-02-10 08:40:00+00:00,True,False,False,False,2021-02-10 08:55:00+00:00,,False,,True,False,25.0
2021-02-11,external,2021-02-11 08:00:00+00:00,2021-02-11 13:00:00+00:00,0.0,GMT,130.45,121.198,9.251999999999995,DOWN_BREAK,2021-02-11 11:50:00+00:00,2.0,2,2021-02-11 12:10:00+00:00,ACCEPT_BACK_INSIDE,DIRECT_E10,2021-02-11 11:55:00+00:00,True,True,True,False,2021-02-11 11:55:00+00:00,2021-02-11 11:55:00+00:00,False,0.0,False,False,230.0
2021-02-12,external,2021-02-12 08:00:00+00:00,2021-02-12 13:00:00+00:00,0.0,GMT,128.5,121.0,7.5,UP_BREAK,2021-02-12 09:10:00+00:00,2.0,2,2021-02-12 09:15:00+00:00,ACCEPT_BACK_INSIDE,ACCEPT_BACK_INSIDE,2021-02-12 09:15:00+00:00,True,True,True,True,2021-02-12 11:10:00+00:00,2021-02-12 11:20:00+00:00,False,1.0,False,False,70.0
2021-02-15,external,2021-02-15 08:00:00+00:00,2021-02-15 13:00:00+00:00,0.0,GMT,140.187,117.189,22.99800000000002,NO_BREAK,,,NA,,NA,NO_BREAK,,False,False,False,False,,,False,,False,False,
2021-02-16,external,2021-02-16 08:00:00+00:00,2021-02-16 13:00:00+00:00,0.0,GMT,132.5,126.2,6.299999999999997,UP_BREAK,2021-02-16 09:35:00+00:00,2.0,2,2021-02-16 09:40:00+00:00,HOLD_RETEST,AMBIGUOUS_E10_BOUNDARY_INTERACTION,2021-02-16 09:40:00+00:00,True,True,False,False,2021-02-16 09:40:00+00:00,2021-02-16 09:45:00+00:00,False,1.0,False,False,95.0
2021-02-17,external,2021-02-17 08:00:00+00:00,2021-02-17 13:00:00+00:00,0.0,GMT,131.3,127.0,4.300000000000011,UP_BREAK,2021-02-17 09:00:00+00:00,0.0,0,,NO_RETEST,DIRECT_E10,2021-02-17 09:05:00+00:00,True,True,True,True,2021-02-17 09:05:00+00:00,2021-02-17 09:10:00+00:00,False,0.0,False,False,60.0
2021-02-18,external,2021-02-18 08:00:00+00:00,2021-02-18 13:00:00+00:00,0.0,GMT,180.973,163.257,17.716000000000008,UP_BREAK,2021-02-18 08:00:00+00:00,0.0,0,,NO_RETEST,DIRECT_E10,2021-02-18 08:05:00+00:00,True,True,True,True,2021-02-18 08:05:00+00:00,2021-02-18 08:05:00+00:00,False,0.0,False,False,0.0
2021-02-19,external,2021-02-19 08:00:00+00:00,2021-02-19 13:00:00+00:00,0.0,GMT,288.387,195.0,93.387,NO_BREAK,,,NA,,NA,NO_BREAK,,False,False,False,False,,,False,,False,False,
2021-02-22,external,2021-02-22 08:00:00+00:00,2021-02-22 13:00:00+00:00,0.0,GMT,295.986,267.763,28.223000000000013,DOWN_BREAK,2021-02-22 09:50:00+00:00,3.0,3+,2021-02-22 10:30:00+00:00,ACCEPT_BACK_INSIDE,DIRECT_E10,2021-02-22 09:55:00+00:00,True,True,True,True,2021-02-22 09:55:00+00:00,2021-02-22 09:55:00+00:00,False,0.0,False,False,110.0
2021-02-23,external,2021-02-23 08:00:00+00:00,2021-02-23 13:00:00+00:00,0.0,GMT,270.081,227.5,42.58100000000002,DOWN_BREAK,2021-02-23 08:05:00+00:00,0.0,0,,NO_RETEST,DIRECT_E10,2021-02-23 08:10:00+00:00,True,True,True,True,2021-02-23 08:10:00+00:00,2021-02-23 08:15:00+00:00,False,0.0,False,False,5.0
2021-02-24,external,2021-02-24 08:00:00+00:00,2021-02-24 13:00:00+00:00,0.0,GMT,256.0,213.2,42.80000000000001,UP_BREAK,2021-02-24 08:05:00+00:00,1.0,1,2021-02-24 08:10:00+00:00,HOLD_RETEST,BOUNDARY_HOLD_RETEST,2021-02-24 08:10:00+00:00,True,True,True,True,2021-02-24 08:15:00+00:00,2021-02-24 08:20:00+00:00,False,1.0,True,True,5.0
2021-02-25,external,2021-02-25 08:00:00+00:00,2021-02-25 13:00:00+00:00,0.0,GMT,265.82,242.22,23.599999999999994,DOWN_BREAK,2021-02-25 08:50:00+00:00,2.0,2,2021-02-25 08:55:00+00:00,HOLD_RETEST,BOUNDARY_HOLD_RETEST,2021-02-25 08:55:00+00:00,True,False,False,False,2021-02-25 09:05:00+00:00,,False,,True,False,50.0
2021-02-26,external,2021-02-26 08:00:00+00:00,2021-02-26 13:00:00+00:00,0.0,GMT,235.5,208.872,26.627999999999986,NO_BREAK,,,NA,,NA,NO_BREAK,,False,False,False,False,,,False,,False,False,
2021-03-01,external,2021-03-01 08:00:00+00:00,2021-03-01 13:00:00+00:00,0.0,GMT,229.318,209.052,20.26600000000002,UP_BREAK,2021-03-01 08:20:00+00:00,1.0,1,2021-03-01 08:25:00+00:00,ACCEPT_BACK_INSIDE,ACCEPT_BACK_INSIDE,2021-03-01 08:25:00+00:00,True,True,True,True,2021-03-01 08:50:00+00:00,2021-03-01 09:05:00+00:00,False,1.0,False,False,20.0
2021-03-02,external,2021-03-02 08:00:00+00:00,2021-03-02 13:00:00+00:00,0.0,GMT,265.584,243.142,22.442000000000007,NO_BREAK,,,NA,,NA,NO_BREAK,,False,False,False,False,,,False,,False,False,
2021-03-03,external,2021-03-03 08:00:00+00:00,2021-03-03 13:00:00+00:00,0.0,GMT,251.078,236.054,15.024000000000001,UP_BREAK,2021-03-03 08:15:00+00:00,6.0,3+,2021-03-03 08:45:00+00:00,HOLD_RETEST,DIRECT_E10,2021-03-03 08:20:00+00:00,True,True,False,False,2021-03-03 08:20:00+00:00,2021-03-03 08:20:00+00:00,False,0.0,False,False,15.0
2021-03-04,external,2021-03-04 08:00:00+00:00,2021-03-04 13:00:00+00:00,0.0,GMT,250.311,238.1,12.211000000000013,DOWN_BREAK,2021-03-04 11:20:00+00:00,1.0,1,2021-03-04 11:30:00+00:00,HOLD_RETEST,DIRECT_E10,2021-03-04 11:25:00+00:00,True,False,False,False,2021-03-04 11:25:00+00:00,,False,,False,False,200.0
2021-03-05,external,2021-03-05 08:00:00+00:00,2021-03-05 13:00:00+00:00,0.0,GMT,229.74,215.7,14.04000000000002,NO_BREAK,,,NA,,NA,NO_BREAK,,False,False,False,False,,,False,,False,False,
2021-03-08,external,2021-03-08 08:00:00+00:00,2021-03-08 13:00:00+00:00,0.0,GMT,243.394,231.641,11.753000000000014,DOWN_BREAK,2021-03-08 08:05:00+00:00,4.0,3+,2021-03-08 08:10:00+00:00,HOLD_RETEST,AMBIGUOUS_E10_BOUNDARY_INTERACTION,2021-03-08 08:10:00+00:00,True,True,False,False,2021-03-08 08:10:00+00:00,2021-03-08 09:30:00+00:00,False,3.0,False,False,5.0
2021-03-09,external,2021-03-09 08:00:00+00:00,2021-03-09 13:00:00+00:00,0.0,GMT,248.992,235.82,13.171999999999997,UP_BREAK,2021-03-09 09:10:00+00:00,0.0,0,,NO_RETEST,DIRECT_E10,2021-03-09 09:15:00+00:00,True,True,True,True,2021-03-09 09:15:00+00:00,2021-03-09 09:15:00+00:00,False,0.0,False,False,70.0
2021-03-10,external,2021-03-10 08:00:00+00:00,2021-03-10 13:00:00+00:00,0.0,GMT,296.5,264.0,32.5,NO_BREAK,,,NA,,NA,NO_BREAK,,False,False,False,False,,,False,,False,False,
2021-03-11,external,2021-03-11 08:00:00+00:00,2021-03-11 13:00:00+00:00,0.0,GMT,288.576,275.122,13.454000000000008,DOWN_BREAK,2021-03-11 08:15:00+00:00,1.0,1,2021-03-11 08:20:00+00:00,ACCEPT_BACK_INSIDE,ACCEPT_BACK_INSIDE,2021-03-11 08:20:00+00:00,False,False,False,False,,,False,,False,False,15.0
2021-03-12,external,2021-03-12 08:00:00+00:00,2021-03-12 13:00:00+00:00,0.0,GMT,290.954,277.052,13.901999999999987,DOWN_BREAK,2021-03-12 12:30:00+00:00,1.0,1,2021-03-12 12:45:00+00:00,HOLD_RETEST,DIRECT_E10,2021-03-12 12:35:00+00:00,True,False,False,False,2021-03-12 12:35:00+00:00,,False,,False,False,270.0
2021-03-15,external,2021-03-15 08:00:00+00:00,2021-03-15 13:00:00+00:00,0.0,GMT,268.158,249.649,18.509000000000015,NO_BREAK,,,NA,,NA,NO_BREAK,,False,False,False,False,,,False,,False,False,
2021-03-16,external,2021-03-16 08:00:00+00:00,2021-03-16 13:00:00+00:00,0.0,GMT,256.6,240.0,16.600000000000023,UP_BREAK,2021-03-16 08:50:00+00:00,2.0,2,2021-03-16 09:10:00+00:00,HOLD_RETEST,DIRECT_E10,2021-03-16 08:55:00+00:00,True,False,False,False,2021-03-16 08:55:00+00:00,,False,,False,False,50.0
2021-03-17,external,2021-03-17 08:00:00+00:00,2021-03-17 13:00:00+00:00,0.0,GMT,260.673,252.348,8.324999999999989,DOWN_BREAK,2021-03-17 09:30:00+00:00,4.0,3+,2021-03-17 09:35:00+00:00,HOLD_RETEST,AMBIGUOUS_E10_BOUNDARY_INTERACTION,2021-03-17 09:35:00+00:00,True,True,True,False,2021-03-17 09:35:00+00:00,2021-03-17 09:45:00+00:00,False,1.0,False,False,90.0
2021-03-18,external,2021-03-18 08:00:00+00:00,2021-03-18 13:00:00+00:00,0.0,GMT,277.401,269.431,7.970000000000027,UP_BREAK,2021-03-18 08:10:00+00:00,1.0,1,2021-03-18 08:15:00+00:00,ACCEPT_BACK_INSIDE,AMBIGUOUS_E10_BOUNDARY_INTERACTION,2021-03-18 08:15:00+00:00,True,False,False,False,2021-03-18 08:15:00+00:00,,True,,False,False,10.0
2021-03-19,external,2021-03-19 08:00:00+00:00,2021-03-19 13:00:00+00:00,0.0,GMT,267.512,255.001,12.510999999999996,UP_BREAK,2021-03-19 09:10:00+00:00,4.0,3+,2021-03-19 09:15:00+00:00,ACCEPT_BACK_INSIDE,ACCEPT_BACK_INSIDE,2021-03-19 09:15:00+00:00,True,False,False,False,2021-03-19 11:00:00+00:00,,False,,False,False,70.0
2021-03-22,external,2021-03-22 08:00:00+00:00,2021-03-22 13:00:00+00:00,0.0,GMT,269.7,260.111,9.588999999999999,NO_BREAK,,,NA,,NA,NO_BREAK,,False,False,False,False,,,False,,False,False,
2021-03-23,external,2021-03-23 08:00:00+00:00,2021-03-23 13:00:00+00:00,0.0,GMT,262.286,252.0,10.286000000000001,NO_BREAK,,,NA,,NA,NO_BREAK,,False,False,False,False,,,False,,False,False,
2021-03-24,external,2021-03-24 08:00:00+00:00,2021-03-24 13:00:00+00:00,0.0,GMT,259.95,251.0,8.949999999999989,UP_BREAK,2021-03-24 08:00:00+00:00,2.0,2,2021-03-24 08:05:00+00:00,HOLD_RETEST,AMBIGUOUS_E10_BOUNDARY_INTERACTION,2021-03-24 08:05:00+00:00,True,True,True,True,2021-03-24 08:05:00+00:00,2021-03-24 08:15:00+00:00,False,1.0,False,False,0.0
2021-03-25,external,2021-03-25 08:00:00+00:00,2021-03-25 13:00:00+00:00,0.0,GMT,250.084,238.062,12.021999999999991,DOWN_BREAK,2021-03-25 12:10:00+00:00,0.0,0,,NO_RETEST,DIRECT_E10,2021-03-25 12:15:00+00:00,True,True,True,True,2021-03-25 12:15:00+00:00,2021-03-25 12:15:00+00:00,False,0.0,False,False,250.0
2021-03-26,external,2021-03-26 08:00:00+00:00,2021-03-26 13:00:00+00:00,0.0,GMT,246.448,233.744,12.704000000000008,UP_BREAK,2021-03-26 08:00:00+00:00,5.0,3+,2021-03-26 08:10:00+00:00,ACCEPT_BACK_INSIDE,DIRECT_E10,2021-03-26 08:05:00+00:00,True,True,True,False,2021-03-26 08:05:00+00:00,2021-03-26 12:05:00+00:00,False,5.0,False,False,0.0
2021-03-29,external,2021-03-29 07:00:00+00:00,2021-03-29 12:00:00+00:00,1.0,BST,271.999,264.52,7.479000000000042,UP_BREAK,2021-03-29 07:00:00+00:00,0.0,0,,NO_RETEST,DIRECT_E10,2021-03-29 07:05:00+00:00,True,True,True,True,2021-03-29 07:05:00+00:00,2021-03-29 07:15:00+00:00,False,0.0,False,False,0.0
2021-03-30,external,2021-03-30 07:00:00+00:00,2021-03-30 12:00:00+00:00,1.0,BST,276.534,271.507,5.026999999999987,UP_BREAK,2021-03-30 07:00:00+00:00,1.0,1,2021-03-30 07:05:00+00:00,ACCEPT_BACK_INSIDE,AMBIGUOUS_E10_BOUNDARY_INTERACTION,2021-03-30 07:05:00+00:00,True,True,True,True,2021-03-30 07:05:00+00:00,2021-03-30 07:20:00+00:00,False,1.0,False,False,0.0
2021-03-31,external,2021-03-31 07:00:00+00:00,2021-03-31 12:00:00+00:00,1.0,BST,317.89,298.327,19.562999999999988,DOWN_BREAK,2021-03-31 08:00:00+00:00,5.0,3+,2021-03-31 08:15:00+00:00,HOLD_RETEST,DIRECT_E10,2021-03-31 08:05:00+00:00,True,True,True,True,2021-03-31 08:05:00+00:00,2021-03-31 08:05:00+00:00,False,0.0,False,False,60.0
2021-04-01,external,2021-04-01 07:00:00+00:00,2021-04-01 12:00:00+00:00,1.0,BST,315.0,298.914,16.086000000000013,UP_BREAK,2021-04-01 07:50:00+00:00,5.0,3+,2021-04-01 07:55:00+00:00,ACCEPT_BACK_INSIDE,ACCEPT_BACK_INSIDE,2021-04-01 07:55:00+00:00,True,True,True,False,2021-04-01 08:00:00+00:00,2021-04-01 08:10:00+00:00,False,1.0,False,False,50.0
2021-04-02,external,2021-04-02 07:00:00+00:00,2021-04-02 12:00:00+00:00,1.0,BST,358.418,334.307,24.11099999999999,NO_BREAK,,,NA,,NA,NO_BREAK,,False,False,False,False,,,False,,False,False,
2021-04-05,external,2021-04-05 07:00:00+00:00,2021-04-05 12:00:00+00:00,1.0,BST,350.8,335.532,15.268000000000029,UP_BREAK,2021-04-05 10:45:00+00:00,0.0,0,,NO_RETEST,DIRECT_E10,2021-04-05 10:50:00+00:00,True,True,True,True,2021-04-05 10:50:00+00:00,2021-04-05 10:50:00+00:00,False,0.0,False,False,225.0
2021-04-06,external,2021-04-06 07:00:00+00:00,2021-04-06 12:00:00+00:00,1.0,BST,390.0,364.048,25.951999999999998,UP_BREAK,2021-04-06 10:35:00+00:00,1.0,1,2021-04-06 10:55:00+00:00,ACCEPT_BACK_INSIDE,DIRECT_E10,2021-04-06 10:40:00+00:00,True,True,True,False,2021-04-06 10:40:00+00:00,2021-04-06 10:40:00+00:00,False,0.0,False,False,215.0
2021-04-07,external,2021-04-07 07:00:00+00:00,2021-04-07 12:00:00+00:00,1.0,BST,414.784,391.583,23.200999999999965,DOWN_BREAK,2021-04-07 09:05:00+00:00,1.0,1,2021-04-07 09:15:00+00:00,HOLD_RETEST,DIRECT_E10,2021-04-07 09:10:00+00:00,True,True,True,True,2021-04-07 09:10:00+00:00,2021-04-07 09:10:00+00:00,False,0.0,False,False,125.0
2021-04-08,external,2021-04-08 07:00:00+00:00,2021-04-08 12:00:00+00:00,1.0,BST,405.31,372.146,33.16399999999999,NO_BREAK,,,NA,,NA,NO_BREAK,,False,False,False,False,,,False,,False,False,
2021-04-09,external,2021-04-09 07:00:00+00:00,2021-04-09 12:00:00+00:00,1.0,BST,419.767,405.05,14.716999999999985,UP_BREAK,2021-04-09 07:35:00+00:00,1.0,1,2021-04-09 07:40:00+00:00,ACCEPT_BACK_INSIDE,ACCEPT_BACK_INSIDE,2021-04-09 07:40:00+00:00,True,True,True,True,2021-04-09 07:55:00+00:00,2021-04-09 09:20:00+00:00,False,1.0,False,False,35.0
2021-04-12,external,2021-04-12 07:00:00+00:00,2021-04-12 12:00:00+00:00,1.0,BST,576.622,514.204,62.418000000000006,UP_BREAK,2021-04-12 07:20:00+00:00,4.0,3+,2021-04-12 07:30:00+00:00,HOLD_RETEST,DIRECT_E10,2021-04-12 07:25:00+00:00,True,True,True,True,2021-04-12 07:25:00+00:00,2021-04-12 08:15:00+00:00,False,1.0,False,False,20.0
2021-04-13,external,2021-04-13 07:00:00+00:00,2021-04-13 12:00:00+00:00,1.0,BST,607.0,541.23,65.76999999999998,DOWN_BREAK,2021-04-13 08:35:00+00:00,1.0,1,2021-04-13 08:40:00+00:00,HOLD_RETEST,AMBIGUOUS_E10_BOUNDARY_INTERACTION,2021-04-13 08:40:00+00:00,True,False,False,False,2021-04-13 08:40:00+00:00,,False,,False,False,95.0
2021-04-14,external,2021-04-14 07:00:00+00:00,2021-04-14 12:00:00+00:00,1.0,BST,593.414,551.0,42.41399999999999,NO_BREAK,,,NA,,NA,NO_BREAK,,False,False,False,False,,,False,,False,False,
2021-04-15,external,2021-04-15 07:00:00+00:00,2021-04-15 12:00:00+00:00,1.0,BST,556.0,534.205,21.79499999999996,UP_BREAK,2021-04-15 08:05:00+00:00,1.0,1,2021-04-15 08:10:00+00:00,ACCEPT_BACK_INSIDE,ACCEPT_BACK_INSIDE,2021-04-15 08:10:00+00:00,False,False,False,False,,,False,,False,False,65.0
2021-04-16,external,2021-04-16 07:00:00+00:00,2021-04-16 12:00:00+00:00,1.0,BST,547.22,506.0,41.22000000000003,UP_BREAK,2021-04-16 08:05:00+00:00,1.0,1,2021-04-16 08:10:00+00:00,ACCEPT_BACK_INSIDE,ACCEPT_BACK_INSIDE,2021-04-16 08:10:00+00:00,False,False,False,False,,,True,,False,False,65.0
2021-04-19,external,2021-04-19 07:00:00+00:00,2021-04-19 12:00:00+00:00,1.0,BST,540.909,467.235,73.67399999999998,NO_BREAK,,,NA,,NA,NO_BREAK,,False,False,False,False,,,False,,False,False,
2021-04-20,external,2021-04-20 07:00:00+00:00,2021-04-20 12:00:00+00:00,1.0,BST,514.387,472.468,41.918999999999926,UP_BREAK,2021-04-20 10:35:00+00:00,4.0,3+,2021-04-20 10:40:00+00:00,HOLD_RETEST,AMBIGUOUS_E10_BOUNDARY_INTERACTION,2021-04-20 10:40:00+00:00,True,True,True,False,2021-04-20 10:40:00+00:00,2021-04-20 11:45:00+00:00,False,4.0,False,False,215.0
2021-04-21,external,2021-04-21 07:00:00+00:00,2021-04-21 12:00:00+00:00,1.0,BST,614.8,568.652,46.14799999999991,DOWN_BREAK,2021-04-21 11:20:00+00:00,2.0,2,2021-04-21 11:25:00+00:00,HOLD_RETEST,AMBIGUOUS_E10_BOUNDARY_INTERACTION,2021-04-21 11:25:00+00:00,True,True,False,False,2021-04-21 11:25:00+00:00,2021-04-21 11:25:00+00:00,False,0.0,False,False,260.0
2021-04-22,external,2021-04-22 07:00:00+00:00,2021-04-22 12:00:00+00:00,1.0,BST,569.212,531.737,37.47500000000002,UP_BREAK,2021-04-22 11:30:00+00:00,1.0,1,2021-04-22 11:35:00+00:00,HOLD_RETEST,AMBIGUOUS_E10_BOUNDARY_INTERACTION,2021-04-22 11:35:00+00:00,True,False,False,False,2021-04-22 11:35:00+00:00,,False,,False,False,270.0
2021-04-23,external,2021-04-23 07:00:00+00:00,2021-04-23 12:00:00+00:00,1.0,BST,519.424,447.597,71.827,NO_BREAK,,,NA,,NA,NO_BREAK,,False,False,False,False,,,False,,False,False,
2021-04-26,external,2021-04-26 07:00:00+00:00,2021-04-26 12:00:00+00:00,1.0,BST,550.595,498.686,51.90900000000005,NO_BREAK,,,NA,,NA,NO_BREAK,,False,False,False,False,,,False,,False,False,
2021-04-27,external,2021-04-27 07:00:00+00:00,2021-04-27 12:00:00+00:00,1.0,BST,543.5,525.747,17.753000000000043,UP_BREAK,2021-04-27 07:00:00+00:00,1.0,1,2021-04-27 07:05:00+00:00,HOLD_RETEST,BOUNDARY_HOLD_RETEST,2021-04-27 07:05:00+00:00,True,True,True,True,2021-04-27 08:30:00+00:00,2021-04-27 09:20:00+00:00,False,1.0,True,True,0.0
2021-04-28,external,2021-04-28 07:00:00+00:00,2021-04-28 12:00:00+00:00,1.0,BST,580.0,540.0,40.0,NO_BREAK,,,NA,,NA,NO_BREAK,,False,False,False,False,,,False,,False,False,
2021-04-29,external,2021-04-29 07:00:00+00:00,2021-04-29 12:00:00+00:00,1.0,BST,575.0,554.066,20.93399999999997,UP_BREAK,2021-04-29 07:55:00+00:00,1.0,1,2021-04-29 08:15:00+00:00,ACCEPT_BACK_INSIDE,DIRECT_E10,2021-04-29 08:00:00+00:00,True,True,True,True,2021-04-29 08:00:00+00:00,2021-04-29 08:00:00+00:00,False,0.0,False,False,55.0
2021-04-30,external,2021-04-30 07:00:00+00:00,2021-04-30 12:00:00+00:00,1.0,BST,621.0,586.328,34.672000000000025,UP_BREAK,2021-04-30 09:10:00+00:00,1.0,1,2021-04-30 09:15:00+00:00,ACCEPT_BACK_INSIDE,ACCEPT_BACK_INSIDE,2021-04-30 09:15:00+00:00,False,False,False,False,,,False,,False,False,130.0
2021-05-03,external,2021-05-03 07:00:00+00:00,2021-05-03 12:00:00+00:00,1.0,BST,637.469,618.2,19.269000000000005,UP_BREAK,2021-05-03 07:40:00+00:00,1.0,1,2021-05-03 07:50:00+00:00,ACCEPT_BACK_INSIDE,ACCEPT_BACK_INSIDE,2021-05-03 07:50:00+00:00,True,True,True,True,2021-05-03 08:00:00+00:00,2021-05-03 11:10:00+00:00,False,1.0,False,False,40.0
2021-05-04,external,2021-05-04 07:00:00+00:00,2021-05-04 12:00:00+00:00,1.0,BST,679.53,628.0,51.52999999999997,NO_BREAK,,,NA,,NA,NO_BREAK,,False,False,False,False,,,False,,False,False,
2021-05-05,external,2021-05-05 07:00:00+00:00,2021-05-05 12:00:00+00:00,1.0,BST,638.753,605.0,33.75300000000004,UP_BREAK,2021-05-05 07:40:00+00:00,2.0,2,2021-05-05 07:45:00+00:00,ACCEPT_BACK_INSIDE,ACCEPT_BACK_INSIDE,2021-05-05 07:45:00+00:00,True,True,True,False,2021-05-05 07:55:00+00:00,2021-05-05 08:00:00+00:00,False,1.0,False,False,40.0
2021-05-06,external,2021-05-06 07:00:00+00:00,2021-05-06 12:00:00+00:00,1.0,BST,656.78,628.7,28.079999999999927,NO_BREAK,,,NA,,NA,NO_BREAK,,False,False,False,False,,,False,,False,False,
2021-05-07,external,2021-05-07 07:00:00+00:00,2021-05-07 12:00:00+00:00,1.0,BST,638.763,612.348,26.415000000000077,NO_BREAK,,,NA,,NA,NO_BREAK,,False,False,False,False,,,False,,False,False,
2021-05-10,external,2021-05-10 07:00:00+00:00,2021-05-10 12:00:00+00:00,1.0,BST,692.9,660.0,32.89999999999998,DOWN_BREAK,2021-05-10 11:20:00+00:00,1.0,1,2021-05-10 11:25:00+00:00,ACCEPT_BACK_INSIDE,AMBIGUOUS_E10_BOUNDARY_INTERACTION,2021-05-10 11:25:00+00:00,True,False,False,False,2021-05-10 11:25:00+00:00,,False,,False,False,260.0
2021-05-11,external,2021-05-11 07:00:00+00:00,2021-05-11 12:00:00+00:00,1.0,BST,651.8,621.753,30.046999999999912,UP_BREAK,2021-05-11 07:15:00+00:00,2.0,2,2021-05-11 07:20:00+00:00,ACCEPT_BACK_INSIDE,ACCEPT_BACK_INSIDE,2021-05-11 07:20:00+00:00,True,True,True,True,2021-05-11 07:55:00+00:00,2021-05-11 09:50:00+00:00,False,2.0,False,False,15.0
2021-05-12,external,2021-05-12 07:00:00+00:00,2021-05-12 12:00:00+00:00,1.0,BST,685.0,660.5,24.5,DOWN_BREAK,2021-05-12 10:40:00+00:00,1.0,1,2021-05-12 10:45:00+00:00,ACCEPT_BACK_INSIDE,ACCEPT_BACK_INSIDE,2021-05-12 10:45:00+00:00,False,False,False,False,,,False,,False,False,220.0
2021-05-13,external,2021-05-13 07:00:00+00:00,2021-05-13 12:00:00+00:00,1.0,BST,639.38,530.93,108.45000000000005,NO_BREAK,,,NA,,NA,NO_BREAK,,False,False,False,False,,,False,,False,False,
2021-05-14,external,2021-05-14 07:00:00+00:00,2021-05-14 12:00:00+00:00,1.0,BST,591.47,550.37,41.10000000000002,UP_BREAK,2021-05-14 07:20:00+00:00,0.0,0,,NO_RETEST,DIRECT_E10,2021-05-14 07:25:00+00:00,True,True,True,True,2021-05-14 07:25:00+00:00,2021-05-14 08:00:00+00:00,False,0.0,False,False,20.0
2021-05-17,external,2021-05-17 07:00:00+00:00,2021-05-17 12:00:00+00:00,1.0,BST,564.6,483.93,80.67000000000002,NO_BREAK,,,NA,,NA,NO_BREAK,,False,False,False,False,,,False,,False,False,
2021-05-18,external,2021-05-18 07:00:00+00:00,2021-05-18 12:00:00+00:00,1.0,BST,533.79,502.03,31.75999999999999,UP_BREAK,2021-05-18 11:45:00+00:00,1.0,1,2021-05-18 11:50:00+00:00,ACCEPT_BACK_INSIDE,ACCEPT_BACK_INSIDE,2021-05-18 11:50:00+00:00,False,False,False,False,,,False,,False,False,285.0
2021-05-19,external,2021-05-19 07:00:00+00:00,2021-05-19 12:00:00+00:00,1.0,BST,516.68,407.74,108.93999999999994,DOWN_BREAK,2021-05-19 11:20:00+00:00,0.0,0,,NO_RETEST,DIRECT_E10,2021-05-19 11:25:00+00:00,True,True,True,False,2021-05-19 11:25:00+00:00,2021-05-19 11:25:00+00:00,False,0.0,False,False,260.0
2021-05-20,external,2021-05-20 07:00:00+00:00,2021-05-20 12:00:00+00:00,1.0,BST,383.2,284.33,98.87,NO_BREAK,,,NA,,NA,NO_BREAK,,False,False,False,False,,,False,,False,False,
2021-05-21,external,2021-05-21 07:00:00+00:00,2021-05-21 12:00:00+00:00,1.0,BST,415.79,375.6,40.19,DOWN_BREAK,2021-05-21 08:10:00+00:00,1.0,1,2021-05-21 08:15:00+00:00,ACCEPT_BACK_INSIDE,ACCEPT_BACK_INSIDE,2021-05-21 08:15:00+00:00,False,False,False,False,,,False,,False,False,70.0
2021-05-24,external,2021-05-24 07:00:00+00:00,2021-05-24 12:00:00+00:00,1.0,BST,283.14,254.49,28.649999999999977,UP_BREAK,2021-05-24 07:00:00+00:00,0.0,0,,NO_RETEST,DIRECT_E10,2021-05-24 07:05:00+00:00,True,True,True,True,2021-05-24 07:05:00+00:00,2021-05-24 07:05:00+00:00,False,0.0,False,False,0.0
2021-05-25,external,2021-05-25 07:00:00+00:00,2021-05-25 12:00:00+00:00,1.0,BST,376.08,329.59,46.49000000000001,DOWN_BREAK,2021-05-25 10:05:00+00:00,0.0,0,,NO_RETEST,DIRECT_E10,2021-05-25 10:10:00+00:00,True,True,True,False,2021-05-25 10:10:00+00:00,2021-05-25 10:10:00+00:00,False,0.0,False,False,185.0
2021-05-26,external,2021-05-26 07:00:00+00:00,2021-05-26 12:00:00+00:00,1.0,BST,380.15,336.37,43.77999999999997,UP_BREAK,2021-05-26 07:30:00+00:00,5.0,3+,2021-05-26 07:35:00+00:00,HOLD_RETEST,BOUNDARY_HOLD_RETEST,2021-05-26 07:35:00+00:00,True,False,False,False,2021-05-26 07:40:00+00:00,,False,,True,False,30.0
2021-05-27,external,2021-05-27 07:00:00+00:00,2021-05-27 12:00:00+00:00,1.0,BST,380.71,340.03,40.68000000000001,NO_BREAK,,,NA,,NA,NO_BREAK,,False,False,False,False,,,False,,False,False,
2021-05-28,external,2021-05-28 07:00:00+00:00,2021-05-28 12:00:00+00:00,1.0,BST,373.72,332.73,40.99000000000001,DOWN_BREAK,2021-05-28 08:55:00+00:00,1.0,1,2021-05-28 09:50:00+00:00,HOLD_RETEST,DIRECT_E10,2021-05-28 09:00:00+00:00,True,True,True,False,2021-05-28 09:00:00+00:00,2021-05-28 09:00:00+00:00,False,0.0,False,False,115.0
2021-05-31,external,2021-05-31 07:00:00+00:00,2021-05-31 12:00:00+00:00,1.0,BST,329.88,307.06,22.819999999999993,UP_BREAK,2021-05-31 08:20:00+00:00,1.0,1,2021-05-31 08:25:00+00:00,HOLD_RETEST,AMBIGUOUS_E10_BOUNDARY_INTERACTION,2021-05-31 08:25:00+00:00,True,True,True,True,2021-05-31 08:25:00+00:00,2021-05-31 09:00:00+00:00,False,1.0,False,False,80.0
2021-06-01,external,2021-06-01 07:00:00+00:00,2021-06-01 12:00:00+00:00,1.0,BST,364.5,343.4,21.100000000000023,DOWN_BREAK,2021-06-01 08:30:00+00:00,2.0,2,2021-06-01 08:40:00+00:00,HOLD_RETEST,DIRECT_E10,2021-06-01 08:35:00+00:00,True,True,False,False,2021-06-01 08:35:00+00:00,2021-06-01 08:45:00+00:00,False,1.0,False,False,90.0
2021-06-02,external,2021-06-02 07:00:00+00:00,2021-06-02 12:00:00+00:00,1.0,BST,366.42,350.38,16.04000000000002,UP_BREAK,2021-06-02 07:05:00+00:00,0.0,0,,NO_RETEST,DIRECT_E10,2021-06-02 07:10:00+00:00,True,True,True,True,2021-06-02 07:10:00+00:00,2021-06-02 07:15:00+00:00,False,0.0,False,False,5.0
2021-06-03,external,2021-06-03 07:00:00+00:00,2021-06-03 12:00:00+00:00,1.0,BST,421.0,391.14,29.860000000000014,UP_BREAK,2021-06-03 09:40:00+00:00,4.0,3+,2021-06-03 09:45:00+00:00,ACCEPT_BACK_INSIDE,ACCEPT_BACK_INSIDE,2021-06-03 09:45:00+00:00,True,True,True,False,2021-06-03 09:55:00+00:00,2021-06-03 10:05:00+00:00,False,1.0,False,False,160.0
2021-06-04,external,2021-06-04 07:00:00+00:00,2021-06-04 12:00:00+00:00,1.0,BST,430.54,370.0,60.54000000000002,DOWN_BREAK,2021-06-04 07:15:00+00:00,1.0,1,2021-06-04 07:20:00+00:00,HOLD_RETEST,BOUNDARY_HOLD_RETEST,2021-06-04 07:20:00+00:00,False,False,False,False,,,False,,False,False,15.0
2021-06-07,external,2021-06-07 07:00:00+00:00,2021-06-07 12:00:00+00:00,1.0,BST,407.23,388.33,18.900000000000034,NO_BREAK,,,NA,,NA,NO_BREAK,,False,False,False,False,,,False,,False,False,
2021-06-08,external,2021-06-08 07:00:00+00:00,2021-06-08 12:00:00+00:00,1.0,BST,366.58,330.63,35.94999999999999,NO_BREAK,,,NA,,NA,NO_BREAK,,False,False,False,False,,,False,,False,False,
2021-06-09,external,2021-06-09 07:00:00+00:00,2021-06-09 12:00:00+00:00,1.0,BST,358.8,333.34,25.460000000000036,UP_BREAK,2021-06-09 07:00:00+00:00,1.0,1,2021-06-09 07:10:00+00:00,ACCEPT_BACK_INSIDE,DIRECT_E10,2021-06-09 07:05:00+00:00,True,False,False,False,2021-06-09 07:05:00+00:00,,False,,False,False,0.0
2021-06-10,external,2021-06-10 07:00:00+00:00,2021-06-10 12:00:00+00:00,1.0,BST,377.47,360.0,17.470000000000027,DOWN_BREAK,2021-06-10 08:40:00+00:00,1.0,1,2021-06-10 09:30:00+00:00,ACCEPT_BACK_INSIDE,DIRECT_E10,2021-06-10 08:45:00+00:00,True,True,True,False,2021-06-10 08:45:00+00:00,2021-06-10 08:45:00+00:00,False,0.0,False,False,100.0
2021-06-11,external,2021-06-11 07:00:00+00:00,2021-06-11 12:00:00+00:00,1.0,BST,362.51,341.1,21.409999999999968,UP_BREAK,2021-06-11 09:25:00+00:00,1.0,1,2021-06-11 09:35:00+00:00,HOLD_RETEST,DIRECT_E10,2021-06-11 09:30:00+00:00,True,False,False,False,2021-06-11 09:30:00+00:00,,False,,False,False,145.0
2021-06-14,external,2021-06-14 07:00:00+00:00,2021-06-14 12:00:00+00:00,1.0,BST,368.79,356.76,12.03000000000003,DOWN_BREAK,2021-06-14 08:45:00+00:00,1.0,1,2021-06-14 08:50:00+00:00,ACCEPT_BACK_INSIDE,ACCEPT_BACK_INSIDE,2021-06-14 08:50:00+00:00,False,False,False,False,,,False,,False,False,105.0
2021-06-15,external,2021-06-15 07:00:00+00:00,2021-06-15 12:00:00+00:00,1.0,BST,379.72,366.6,13.120000000000005,NO_BREAK,,,NA,,NA,NO_BREAK,,False,False,False,False,,,False,,False,False,
2021-06-16,external,2021-06-16 07:00:00+00:00,2021-06-16 12:00:00+00:00,1.0,BST,368.84,357.0,11.839999999999975,DOWN_BREAK,2021-06-16 11:00:00+00:00,0.0,0,,NO_RETEST,DIRECT_E10,2021-06-16 11:05:00+00:00,True,True,True,False,2021-06-16 11:05:00+00:00,2021-06-16 11:05:00+00:00,False,0.0,False,False,240.0
2021-06-17,external,2021-06-17 07:00:00+00:00,2021-06-17 12:00:00+00:00,1.0,BST,361.5,345.06,16.439999999999998,UP_BREAK,2021-06-17 07:05:00+00:00,1.0,1,2021-06-17 07:10:00+00:00,ACCEPT_BACK_INSIDE,ACCEPT_BACK_INSIDE,2021-06-17 07:10:00+00:00,False,False,False,False,,,False,,False,False,5.0
2021-06-18,external,2021-06-18 07:00:00+00:00,2021-06-18 12:00:00+00:00,1.0,BST,356.85,346.15,10.700000000000045,NO_BREAK,,,NA,,NA,NO_BREAK,,False,False,False,False,,,False,,False,False,
2021-06-21,external,2021-06-21 07:00:00+00:00,2021-06-21 12:00:00+00:00,1.0,BST,342.36,310.0,32.360000000000014,DOWN_BREAK,2021-06-21 10:20:00+00:00,1.0,1,2021-06-21 10:25:00+00:00,HOLD_RETEST,BOUNDARY_HOLD_RETEST,2021-06-21 10:25:00+00:00,True,True,True,True,2021-06-21 10:30:00+00:00,2021-06-21 10:30:00+00:00,False,1.0,True,True,200.0
2021-06-22,external,2021-06-22 07:00:00+00:00,2021-06-22 12:00:00+00:00,1.0,BST,291.02,260.0,31.019999999999982,DOWN_BREAK,2021-06-22 10:05:00+00:00,3.0,3+,2021-06-22 10:10:00+00:00,HOLD_RETEST,BOUNDARY_HOLD_RETEST,2021-06-22 10:10:00+00:00,True,True,False,False,2021-06-22 10:15:00+00:00,2021-06-22 10:20:00+00:00,False,1.0,True,True,185.0
2021-06-23,external,2021-06-23 07:00:00+00:00,2021-06-23 12:00:00+00:00,1.0,BST,293.4,250.55,42.849999999999966,UP_BREAK,2021-06-23 11:00:00+00:00,1.0,1,2021-06-23 11:15:00+00:00,ACCEPT_BACK_INSIDE,ACCEPT_BACK_INSIDE,2021-06-23 11:15:00+00:00,False,False,False,False,,,False,,False,False,240.0
2021-06-24,external,2021-06-24 07:00:00+00:00,2021-06-24 12:00:00+00:00,1.0,BST,299.7,281.12,18.579999999999984,UP_BREAK,2021-06-24 07:25:00+00:00,4.0,3+,2021-06-24 07:30:00+00:00,ACCEPT_BACK_INSIDE,AMBIGUOUS_E10_BOUNDARY_INTERACTION,2021-06-24 07:30:00+00:00,True,True,True,False,2021-06-24 07:30:00+00:00,2021-06-24 08:15:00+00:00,False,2.0,False,False,25.0
2021-06-25,external,2021-06-25 07:00:00+00:00,2021-06-25 12:00:00+00:00,1.0,BST,314.8,300.1,14.699999999999989,DOWN_BREAK,2021-06-25 07:00:00+00:00,1.0,1,2021-06-25 07:05:00+00:00,HOLD_RETEST,AMBIGUOUS_E10_BOUNDARY_INTERACTION,2021-06-25 07:05:00+00:00,True,True,True,True,2021-06-25 07:05:00+00:00,2021-06-25 07:10:00+00:00,False,1.0,False,False,0.0
2021-06-28,external,2021-06-28 07:00:00+00:00,2021-06-28 12:00:00+00:00,1.0,BST,291.9,283.65,8.25,UP_BREAK,2021-06-28 07:30:00+00:00,2.0,2,2021-06-28 07:35:00+00:00,HOLD_RETEST,AMBIGUOUS_E10_BOUNDARY_INTERACTION,2021-06-28 07:35:00+00:00,True,True,True,True,2021-06-28 07:35:00+00:00,2021-06-28 07:35:00+00:00,True,0.0,False,False,30.0
2021-06-29,external,2021-06-29 07:00:00+00:00,2021-06-29 12:00:00+00:00,1.0,BST,298.87,286.67,12.199999999999989,UP_BREAK,2021-06-29 07:10:00+00:00,2.0,2,2021-06-29 07:30:00+00:00,ACCEPT_BACK_INSIDE,DIRECT_E10,2021-06-29 07:15:00+00:00,True,True,True,True,2021-06-29 07:15:00+00:00,2021-06-29 07:15:00+00:00,False,0.0,False,False,10.0
2021-06-30,external,2021-06-30 07:00:00+00:00,2021-06-30 12:00:00+00:00,1.0,BST,304.26,291.15,13.110000000000014,DOWN_BREAK,2021-06-30 09:50:00+00:00,1.0,1,2021-06-30 09:55:00+00:00,ACCEPT_BACK_INSIDE,ACCEPT_BACK_INSIDE,2021-06-30 09:55:00+00:00,False,False,False,False,,,False,,False,False,170.0
2021-07-01,external,2021-07-01 07:00:00+00:00,2021-07-01 12:00:00+00:00,1.0,BST,304.76,285.08,19.680000000000007,DOWN_BREAK,2021-07-01 07:55:00+00:00,1.0,1,2021-07-01 08:00:00+00:00,ACCEPT_BACK_INSIDE,ACCEPT_BACK_INSIDE,2021-07-01 08:00:00+00:00,False,False,False,False,,,False,,False,False,55.0
2021-07-02,external,2021-07-02 07:00:00+00:00,2021-07-02 12:00:00+00:00,1.0,BST,290.57,276.48,14.089999999999975,NO_BREAK,,,NA,,NA,NO_BREAK,,False,False,False,False,,,False,,False,False,
2021-07-05,external,2021-07-05 07:00:00+00:00,2021-07-05 12:00:00+00:00,1.0,BST,310.11,296.65,13.460000000000036,DOWN_BREAK,2021-07-05 11:30:00+00:00,1.0,1,2021-07-05 11:35:00+00:00,ACCEPT_BACK_INSIDE,ACCEPT_BACK_INSIDE,2021-07-05 11:35:00+00:00,True,True,True,False,2021-07-05 11:55:00+00:00,2021-07-05 11:55:00+00:00,False,1.0,False,False,270.0
2021-07-06,external,2021-07-06 07:00:00+00:00,2021-07-06 12:00:00+00:00,1.0,BST,322.39,301.68,20.70999999999998,NO_BREAK,,,NA,,NA,NO_BREAK,,False,False,False,False,,,False,,False,False,
2021-07-07,external,2021-07-07 07:00:00+00:00,2021-07-07 12:00:00+00:00,1.0,BST,336.85,316.69,20.160000000000025,NO_BREAK,,,NA,,NA,NO_BREAK,,False,False,False,False,,,False,,False,False,
2021-07-08,external,2021-07-08 07:00:00+00:00,2021-07-08 12:00:00+00:00,1.0,BST,332.35,313.85,18.5,DOWN_BREAK,2021-07-08 07:40:00+00:00,3.0,3+,2021-07-08 08:00:00+00:00,HOLD_RETEST,DIRECT_E10,2021-07-08 07:50:00+00:00,True,True,False,False,2021-07-08 07:50:00+00:00,2021-07-08 07:55:00+00:00,False,0.0,False,False,40.0
2021-07-09,external,2021-07-09 07:00:00+00:00,2021-07-09 12:00:00+00:00,1.0,BST,312.96,301.52,11.439999999999998,NO_BREAK,,,NA,,NA,NO_BREAK,,False,False,False,False,,,False,,False,False,
2021-07-12,external,2021-07-12 07:00:00+00:00,2021-07-12 12:00:00+00:00,1.0,BST,333.9,320.0,13.899999999999977,UP_BREAK,2021-07-12 08:15:00+00:00,1.0,1,2021-07-12 08:20:00+00:00,ACCEPT_BACK_INSIDE,ACCEPT_BACK_INSIDE,2021-07-12 08:20:00+00:00,False,False,False,False,,,False,,False,False,75.0
2021-07-13,external,2021-07-13 07:00:00+00:00,2021-07-13 12:00:00+00:00,1.0,BST,318.0,308.0,10.0,NO_BREAK,,,NA,,NA,NO_BREAK,,False,False,False,False,,,False,,False,False,
2021-07-14,external,2021-07-14 07:00:00+00:00,2021-07-14 12:00:00+00:00,1.0,BST,309.68,291.04,18.639999999999986,NO_BREAK,,,NA,,NA,NO_BREAK,,False,False,False,False,,,False,,False,False,
2021-07-15,external,2021-07-15 07:00:00+00:00,2021-07-15 12:00:00+00:00,1.0,BST,314.65,301.11,13.539999999999964,UP_BREAK,2021-07-15 08:50:00+00:00,2.0,2,2021-07-15 08:55:00+00:00,ACCEPT_BACK_INSIDE,ACCEPT_BACK_INSIDE,2021-07-15 08:55:00+00:00,True,True,True,True,2021-07-15 09:05:00+00:00,2021-07-15 09:15:00+00:00,False,1.0,False,False,110.0
2021-07-16,external,2021-07-16 07:00:00+00:00,2021-07-16 12:00:00+00:00,1.0,BST,323.31,310.73,12.579999999999984,DOWN_BREAK,2021-07-16 07:30:00+00:00,1.0,1,2021-07-16 07:35:00+00:00,ACCEPT_BACK_INSIDE,ACCEPT_BACK_INSIDE,2021-07-16 07:35:00+00:00,True,True,True,True,2021-07-16 07:40:00+00:00,2021-07-16 08:10:00+00:00,False,1.0,False,False,30.0
2021-07-19,external,2021-07-19 07:00:00+00:00,2021-07-19 12:00:00+00:00,1.0,BST,303.61,297.0,6.610000000000014,DOWN_BREAK,2021-07-19 09:55:00+00:00,3.0,3+,2021-07-19 10:00:00+00:00,ACCEPT_BACK_INSIDE,ACCEPT_BACK_INSIDE,2021-07-19 10:00:00+00:00,True,True,True,False,2021-07-19 10:20:00+00:00,2021-07-19 10:40:00+00:00,False,2.0,False,False,175.0
2021-07-20,external,2021-07-20 07:00:00+00:00,2021-07-20 12:00:00+00:00,1.0,BST,283.32,258.0,25.319999999999993,DOWN_BREAK,2021-07-20 09:55:00+00:00,2.0,2,2021-07-20 10:00:00+00:00,HOLD_RETEST,AMBIGUOUS_E10_BOUNDARY_INTERACTION,2021-07-20 10:00:00+00:00,True,False,False,False,2021-07-20 10:00:00+00:00,,False,,False,False,175.0
2021-07-21,external,2021-07-21 07:00:00+00:00,2021-07-21 12:00:00+00:00,1.0,BST,283.5,260.6,22.899999999999977,UP_BREAK,2021-07-21 09:55:00+00:00,1.0,1,2021-07-21 10:00:00+00:00,HOLD_RETEST,BOUNDARY_HOLD_RETEST,2021-07-21 10:00:00+00:00,True,True,False,False,2021-07-21 10:05:00+00:00,2021-07-21 11:35:00+00:00,False,1.0,True,True,175.0
2021-07-22,external,2021-07-22 07:00:00+00:00,2021-07-22 12:00:00+00:00,1.0,BST,297.1,287.25,9.850000000000023,UP_BREAK,2021-07-22 08:25:00+00:00,1.0,1,2021-07-22 08:30:00+00:00,ACCEPT_BACK_INSIDE,ACCEPT_BACK_INSIDE,2021-07-22 08:30:00+00:00,False,False,False,False,,,False,,False,False,85.0
2021-07-23,external,2021-07-23 07:00:00+00:00,2021-07-23 12:00:00+00:00,1.0,BST,301.34,288.03,13.310000000000002,NO_BREAK,,,NA,,NA,NO_BREAK,,False,False,False,False,,,False,,False,False,
2021-07-26,external,2021-07-26 07:00:00+00:00,2021-07-26 12:00:00+00:00,1.0,BST,329.05,299.14,29.910000000000025,NO_BREAK,,,NA,,NA,NO_BREAK,,False,False,False,False,,,False,,False,False,
2021-07-27,external,2021-07-27 07:00:00+00:00,2021-07-27 12:00:00+00:00,1.0,BST,307.69,297.32,10.370000000000005,UP_BREAK,2021-07-27 10:30:00+00:00,1.0,1,2021-07-27 10:35:00+00:00,HOLD_RETEST,BOUNDARY_HOLD_RETEST,2021-07-27 10:35:00+00:00,True,True,True,True,2021-07-27 10:50:00+00:00,2021-07-27 11:25:00+00:00,False,1.0,True,True,210.0
2021-07-28,external,2021-07-28 07:00:00+00:00,2021-07-28 12:00:00+00:00,1.0,BST,316.6,308.0,8.600000000000023,UP_BREAK,2021-07-28 10:00:00+00:00,3.0,3+,2021-07-28 10:05:00+00:00,HOLD_RETEST,BOUNDARY_HOLD_RETEST,2021-07-28 10:05:00+00:00,True,True,False,False,2021-07-28 10:20:00+00:00,2021-07-28 11:30:00+00:00,False,1.0,True,True,180.0
2021-07-29,external,2021-07-29 07:00:00+00:00,2021-07-29 12:00:00+00:00,1.0,BST,315.87,308.05,7.819999999999993,UP_BREAK,2021-07-29 09:45:00+00:00,1.0,1,2021-07-29 09:50:00+00:00,ACCEPT_BACK_INSIDE,ACCEPT_BACK_INSIDE,2021-07-29 09:50:00+00:00,False,False,False,False,,,False,,False,False,165.0
2021-07-30,external,2021-07-30 07:00:00+00:00,2021-07-30 12:00:00+00:00,1.0,BST,326.0,314.24,11.759999999999991,DOWN_BREAK,2021-07-30 08:40:00+00:00,0.0,0,,NO_RETEST,DIRECT_E10,2021-07-30 08:45:00+00:00,True,True,True,True,2021-07-30 08:45:00+00:00,2021-07-30 08:45:00+00:00,False,0.0,False,False,100.0
2021-08-02,external,2021-08-02 07:00:00+00:00,2021-08-02 12:00:00+00:00,1.0,BST,337.95,326.36,11.589999999999975,NO_BREAK,,,NA,,NA,NO_BREAK,,False,False,False,False,,,False,,False,False,
2021-08-03,external,2021-08-03 07:00:00+00:00,2021-08-03 12:00:00+00:00,1.0,BST,334.7,317.82,16.879999999999995,NO_BREAK,,,NA,,NA,NO_BREAK,,False,False,False,False,,,False,,False,False,
2021-08-04,external,2021-08-04 07:00:00+00:00,2021-08-04 12:00:00+00:00,1.0,BST,325.38,320.35,5.029999999999973,DOWN_BREAK,2021-08-04 08:45:00+00:00,1.0,1,2021-08-04 08:50:00+00:00,ACCEPT_BACK_INSIDE,AMBIGUOUS_E10_BOUNDARY_INTERACTION,2021-08-04 08:50:00+00:00,True,False,False,False,2021-08-04 08:50:00+00:00,,False,,False,False,105.0
2021-08-05,external,2021-08-05 07:00:00+00:00,2021-08-05 12:00:00+00:00,1.0,BST,336.65,330.22,6.42999999999995,DOWN_BREAK,2021-08-05 07:25:00+00:00,2.0,2,2021-08-05 08:00:00+00:00,HOLD_RETEST,DIRECT_E10,2021-08-05 07:30:00+00:00,True,True,True,True,2021-08-05 07:30:00+00:00,2021-08-05 07:30:00+00:00,False,0.0,False,False,25.0
2021-08-06,external,2021-08-06 07:00:00+00:00,2021-08-06 12:00:00+00:00,1.0,BST,339.67,332.25,7.420000000000016,NO_BREAK,,,NA,,NA,NO_BREAK,,False,False,False,False,,,False,,False,False,
2021-08-09,external,2021-08-09 07:00:00+00:00,2021-08-09 12:00:00+00:00,1.0,BST,345.49,333.35,12.139999999999986,UP_BREAK,2021-08-09 08:50:00+00:00,1.0,1,2021-08-09 08:55:00+00:00,ACCEPT_BACK_INSIDE,ACCEPT_BACK_INSIDE,2021-08-09 08:55:00+00:00,True,True,True,True,2021-08-09 09:10:00+00:00,2021-08-09 09:15:00+00:00,False,1.0,False,False,110.0
2021-08-10,external,2021-08-10 07:00:00+00:00,2021-08-10 12:00:00+00:00,1.0,BST,356.32,348.7,7.6200000000000045,UP_BREAK,2021-08-10 08:45:00+00:00,2.0,2,2021-08-10 10:20:00+00:00,ACCEPT_BACK_INSIDE,DIRECT_E10,2021-08-10 08:50:00+00:00,True,True,True,False,2021-08-10 08:50:00+00:00,2021-08-10 08:55:00+00:00,False,0.0,False,False,105.0
2021-08-11,external,2021-08-11 07:00:00+00:00,2021-08-11 12:00:00+00:00,1.0,BST,390.32,369.52,20.80000000000001,NO_BREAK,,,NA,,NA,NO_BREAK,,False,False,False,False,,,False,,False,False,
2021-08-12,external,2021-08-12 07:00:00+00:00,2021-08-12 12:00:00+00:00,1.0,BST,406.95,377.72,29.22999999999996,NO_BREAK,,,NA,,NA,NO_BREAK,,False,False,False,False,,,False,,False,False,
2021-08-13,external,2021-08-13 07:00:00+00:00,2021-08-13 12:00:00+00:00,1.0,BST,400.82,378.28,22.54000000000002,UP_BREAK,2021-08-13 07:00:00+00:00,2.0,2,2021-08-13 08:20:00+00:00,ACCEPT_BACK_INSIDE,DIRECT_E10,2021-08-13 07:05:00+00:00,True,True,False,False,2021-08-13 07:05:00+00:00,2021-08-13 09:10:00+00:00,False,1.0,False,False,0.0
2021-08-16,external,2021-08-16 07:00:00+00:00,2021-08-16 12:00:00+00:00,1.0,BST,425.7,411.35,14.349999999999966,UP_BREAK,2021-08-16 08:30:00+00:00,2.0,2,2021-08-16 08:35:00+00:00,HOLD_RETEST,AMBIGUOUS_E10_BOUNDARY_INTERACTION,2021-08-16 08:35:00+00:00,True,True,True,True,2021-08-16 08:35:00+00:00,2021-08-16 10:30:00+00:00,False,2.0,False,False,90.0
2021-08-17,external,2021-08-17 07:00:00+00:00,2021-08-17 12:00:00+00:00,1.0,BST,430.33,408.67,21.659999999999968,UP_BREAK,2021-08-17 09:35:00+00:00,3.0,3+,2021-08-17 09:40:00+00:00,ACCEPT_BACK_INSIDE,ACCEPT_BACK_INSIDE,2021-08-17 09:40:00+00:00,True,True,False,False,2021-08-17 10:35:00+00:00,2021-08-17 11:45:00+00:00,False,3.0,False,False,155.0
2021-08-18,external,2021-08-18 07:00:00+00:00,2021-08-18 12:00:00+00:00,1.0,BST,408.38,384.92,23.45999999999998,NO_BREAK,,,NA,,NA,NO_BREAK,,False,False,False,False,,,False,,False,False,
2021-08-19,external,2021-08-19 07:00:00+00:00,2021-08-19 12:00:00+00:00,1.0,BST,405.57,391.0,14.569999999999993,UP_BREAK,2021-08-19 09:05:00+00:00,2.0,2,2021-08-19 09:10:00+00:00,HOLD_RETEST,BOUNDARY_HOLD_RETEST,2021-08-19 09:10:00+00:00,True,False,False,False,2021-08-19 09:15:00+00:00,,False,,True,False,125.0
2021-08-20,external,2021-08-20 07:00:00+00:00,2021-08-20 12:00:00+00:00,1.0,BST,436.88,425.5,11.379999999999995,DOWN_BREAK,2021-08-20 07:35:00+00:00,2.0,2,2021-08-20 07:40:00+00:00,ACCEPT_BACK_INSIDE,ACCEPT_BACK_INSIDE,2021-08-20 07:40:00+00:00,True,True,True,False,2021-08-20 07:50:00+00:00,2021-08-20 08:10:00+00:00,False,1.0,False,False,35.0
2021-08-23,external,2021-08-23 07:00:00+00:00,2021-08-23 12:00:00+00:00,1.0,BST,484.36,446.43,37.93000000000001,UP_BREAK,2021-08-23 07:30:00+00:00,3.0,3+,2021-08-23 07:35:00+00:00,HOLD_RETEST,BOUNDARY_HOLD_RETEST,2021-08-23 07:35:00+00:00,True,True,True,True,2021-08-23 08:50:00+00:00,2021-08-23 09:15:00+00:00,False,3.0,True,True,30.0
2021-08-24,external,2021-08-24 07:00:00+00:00,2021-08-24 12:00:00+00:00,1.0,BST,505.23,491.69,13.54000000000002,DOWN_BREAK,2021-08-24 10:30:00+00:00,2.0,2,2021-08-24 10:35:00+00:00,HOLD_RETEST,BOUNDARY_HOLD_RETEST,2021-08-24 10:35:00+00:00,True,True,True,False,2021-08-24 10:40:00+00:00,2021-08-24 10:40:00+00:00,False,1.0,True,True,210.0
2021-08-25,external,2021-08-25 07:00:00+00:00,2021-08-25 12:00:00+00:00,1.0,BST,495.31,470.83,24.480000000000018,NO_BREAK,,,NA,,NA,NO_BREAK,,False,False,False,False,,,False,,False,False,
2021-08-26,external,2021-08-26 07:00:00+00:00,2021-08-26 12:00:00+00:00,1.0,BST,519.82,481.39,38.430000000000064,DOWN_BREAK,2021-08-26 07:00:00+00:00,2.0,2,2021-08-26 07:25:00+00:00,ACCEPT_BACK_INSIDE,DIRECT_E10,2021-08-26 07:15:00+00:00,True,False,False,False,2021-08-26 07:15:00+00:00,,False,,False,False,0.0
2021-08-27,external,2021-08-27 07:00:00+00:00,2021-08-27 12:00:00+00:00,1.0,BST,489.39,467.2,22.189999999999998,NO_BREAK,,,NA,,NA,NO_BREAK,,False,False,False,False,,,False,,False,False,
2021-08-30,external,2021-08-30 07:00:00+00:00,2021-08-30 12:00:00+00:00,1.0,BST,484.1,471.38,12.720000000000027,NO_BREAK,,,NA,,NA,NO_BREAK,,False,False,False,False,,,False,,False,False,
2021-08-31,external,2021-08-31 07:00:00+00:00,2021-08-31 12:00:00+00:00,1.0,BST,470.57,451.84,18.730000000000018,UP_BREAK,2021-08-31 11:40:00+00:00,1.0,1,2021-08-31 11:45:00+00:00,ACCEPT_BACK_INSIDE,AMBIGUOUS_E10_BOUNDARY_INTERACTION,2021-08-31 11:45:00+00:00,True,False,False,False,2021-08-31 11:45:00+00:00,,False,,False,False,280.0
2021-09-01,external,2021-09-01 07:00:00+00:00,2021-09-01 12:00:00+00:00,1.0,BST,470.5,455.64,14.860000000000014,UP_BREAK,2021-09-01 08:05:00+00:00,2.0,2,2021-09-01 08:10:00+00:00,HOLD_RETEST,BOUNDARY_HOLD_RETEST,2021-09-01 08:10:00+00:00,True,True,True,True,2021-09-01 09:10:00+00:00,2021-09-01 09:20:00+00:00,False,2.0,True,True,65.0
2021-09-02,external,2021-09-02 07:00:00+00:00,2021-09-02 12:00:00+00:00,1.0,BST,505.44,484.5,20.939999999999998,NO_BREAK,,,NA,,NA,NO_BREAK,,False,False,False,False,,,False,,False,False,
2021-09-03,external,2021-09-03 07:00:00+00:00,2021-09-03 12:00:00+00:00,1.0,BST,489.67,473.0,16.670000000000016,UP_BREAK,2021-09-03 08:55:00+00:00,4.0,3+,2021-09-03 09:00:00+00:00,HOLD_RETEST,BOUNDARY_HOLD_RETEST,2021-09-03 09:00:00+00:00,True,True,False,False,2021-09-03 09:30:00+00:00,2021-09-03 10:40:00+00:00,False,3.0,True,True,115.0
2021-09-06,external,2021-09-06 07:00:00+00:00,2021-09-06 12:00:00+00:00,1.0,BST,510.55,497.27,13.28000000000003,NO_BREAK,,,NA,,NA,NO_BREAK,,False,False,False,False,,,False,,False,False,
2021-09-07,external,2021-09-07 07:00:00+00:00,2021-09-07 12:00:00+00:00,1.0,BST,505.88,491.16,14.71999999999997,DOWN_BREAK,2021-09-07 07:05:00+00:00,1.0,1,2021-09-07 07:10:00+00:00,HOLD_RETEST,BOUNDARY_HOLD_RETEST,2021-09-07 07:10:00+00:00,True,True,True,True,2021-09-07 07:15:00+00:00,2021-09-07 08:15:00+00:00,False,1.0,True,True,5.0
2021-09-08,external,2021-09-08 07:00:00+00:00,2021-09-08 12:00:00+00:00,1.0,BST,425.32,390.0,35.31999999999999,DOWN_BREAK,2021-09-08 08:10:00+00:00,1.0,1,2021-09-08 08:25:00+00:00,ACCEPT_BACK_INSIDE,DIRECT_E10,2021-09-08 08:15:00+00:00,True,True,False,False,2021-09-08 08:15:00+00:00,2021-09-08 08:20:00+00:00,False,0.0,False,False,70.0
2021-09-09,external,2021-09-09 07:00:00+00:00,2021-09-09 12:00:00+00:00,1.0,BST,421.42,403.73,17.689999999999998,NO_BREAK,,,NA,,NA,NO_BREAK,,False,False,False,False,,,False,,False,False,
2021-09-10,external,2021-09-10 07:00:00+00:00,2021-09-10 12:00:00+00:00,1.0,BST,439.86,419.45,20.410000000000025,DOWN_BREAK,2021-09-10 07:30:00+00:00,3.0,3+,2021-09-10 07:40:00+00:00,HOLD_RETEST,DIRECT_E10,2021-09-10 07:35:00+00:00,True,True,True,True,2021-09-10 07:35:00+00:00,2021-09-10 07:40:00+00:00,False,0.0,False,False,30.0
2021-09-13,external,2021-09-13 07:00:00+00:00,2021-09-13 12:00:00+00:00,1.0,BST,420.48,396.08,24.400000000000034,DOWN_BREAK,2021-09-13 07:25:00+00:00,4.0,3+,2021-09-13 07:35:00+00:00,HOLD_RETEST,DIRECT_E10,2021-09-13 07:30:00+00:00,True,True,False,False,2021-09-13 07:30:00+00:00,2021-09-13 07:45:00+00:00,False,1.0,False,False,25.0
2021-09-14,external,2021-09-14 07:00:00+00:00,2021-09-14 12:00:00+00:00,1.0,BST,402.81,395.84,6.970000000000027,UP_BREAK,2021-09-14 07:10:00+00:00,7.0,3+,2021-09-14 07:15:00+00:00,HOLD_RETEST,BOUNDARY_HOLD_RETEST,2021-09-14 07:15:00+00:00,True,True,True,True,2021-09-14 07:25:00+00:00,2021-09-14 07:25:00+00:00,False,1.0,True,True,10.0
2021-09-15,external,2021-09-15 07:00:00+00:00,2021-09-15 12:00:00+00:00,1.0,BST,419.15,410.14,9.009999999999991,UP_BREAK,2021-09-15 07:25:00+00:00,1.0,1,2021-09-15 07:30:00+00:00,HOLD_RETEST,AMBIGUOUS_E10_BOUNDARY_INTERACTION,2021-09-15 07:30:00+00:00,True,True,True,True,2021-09-15 07:30:00+00:00,2021-09-15 07:35:00+00:00,False,1.0,False,False,25.0
2021-09-16,external,2021-09-16 07:00:00+00:00,2021-09-16 12:00:00+00:00,1.0,BST,433.21,422.03,11.180000000000007,NO_BREAK,,,NA,,NA,NO_BREAK,,False,False,False,False,,,False,,False,False,
2021-09-17,external,2021-09-17 07:00:00+00:00,2021-09-17 12:00:00+00:00,1.0,BST,426.25,418.58,7.670000000000016,DOWN_BREAK,2021-09-17 07:40:00+00:00,3.0,3+,2021-09-17 07:45:00+00:00,HOLD_RETEST,BOUNDARY_HOLD_RETEST,2021-09-17 07:45:00+00:00,True,True,True,True,2021-09-17 07:50:00+00:00,2021-09-17 07:55:00+00:00,False,1.0,True,True,40.0
2021-09-20,external,2021-09-20 07:00:00+00:00,2021-09-20 12:00:00+00:00,1.0,BST,409.99,384.62,25.370000000000005,DOWN_BREAK,2021-09-20 07:30:00+00:00,4.0,3+,2021-09-20 07:45:00+00:00,HOLD_RETEST,DIRECT_E10,2021-09-20 07:35:00+00:00,True,True,True,True,2021-09-20 07:35:00+00:00,2021-09-20 07:35:00+00:00,False,0.0,False,False,30.0
2021-09-21,external,2021-09-21 07:00:00+00:00,2021-09-21 12:00:00+00:00,1.0,BST,367.21,342.68,24.529999999999973,UP_BREAK,2021-09-21 07:40:00+00:00,1.0,1,2021-09-21 07:45:00+00:00,ACCEPT_BACK_INSIDE,ACCEPT_BACK_INSIDE,2021-09-21 07:45:00+00:00,True,True,True,False,2021-09-21 07:55:00+00:00,2021-09-21 08:45:00+00:00,False,1.0,False,False,40.0
2021-09-22,external,2021-09-22 07:00:00+00:00,2021-09-22 12:00:00+00:00,1.0,BST,358.18,341.89,16.29000000000002,UP_BREAK,2021-09-22 07:20:00+00:00,2.0,2,2021-09-22 07:25:00+00:00,ACCEPT_BACK_INSIDE,ACCEPT_BACK_INSIDE,2021-09-22 07:25:00+00:00,True,True,True,False,2021-09-22 07:40:00+00:00,2021-09-22 07:45:00+00:00,False,1.0,False,False,20.0
2021-09-23,external,2021-09-23 07:00:00+00:00,2021-09-23 12:00:00+00:00,1.0,BST,383.64,371.36,12.279999999999973,DOWN_BREAK,2021-09-23 11:10:00+00:00,2.0,2,2021-09-23 11:15:00+00:00,HOLD_RETEST,BOUNDARY_HOLD_RETEST,2021-09-23 11:15:00+00:00,True,False,False,False,2021-09-23 11:20:00+00:00,,False,,True,False,250.0
2021-09-24,external,2021-09-24 07:00:00+00:00,2021-09-24 12:00:00+00:00,1.0,BST,385.0,370.22,14.779999999999973,DOWN_BREAK,2021-09-24 09:05:00+00:00,0.0,0,,NO_RETEST,DIRECT_E10,2021-09-24 09:10:00+00:00,True,True,True,True,2021-09-24 09:10:00+00:00,2021-09-24 09:10:00+00:00,False,0.0,False,False,125.0
2021-09-27,external,2021-09-27 07:00:00+00:00,2021-09-27 12:00:00+00:00,1.0,BST,357.69,340.03,17.660000000000025,NO_BREAK,,,NA,,NA,NO_BREAK,,False,False,False,False,,,False,,False,False,
2021-09-28,external,2021-09-28 07:00:00+00:00,2021-09-28 12:00:00+00:00,1.0,BST,341.7,333.5,8.199999999999989,DOWN_BREAK,2021-09-28 08:05:00+00:00,1.0,1,2021-09-28 08:10:00+00:00,ACCEPT_BACK_INSIDE,AMBIGUOUS_E10_BOUNDARY_INTERACTION,2021-09-28 08:10:00+00:00,True,False,False,False,2021-09-28 08:10:00+00:00,,False,,False,False,65.0
2021-09-29,external,2021-09-29 07:00:00+00:00,2021-09-29 12:00:00+00:00,1.0,BST,344.8,331.16,13.639999999999986,UP_BREAK,2021-09-29 07:25:00+00:00,1.0,1,2021-09-29 07:30:00+00:00,ACCEPT_BACK_INSIDE,ACCEPT_BACK_INSIDE,2021-09-29 07:30:00+00:00,True,True,True,True,2021-09-29 10:00:00+00:00,2021-09-29 10:00:00+00:00,False,1.0,False,False,25.0
2021-09-30,external,2021-09-30 07:00:00+00:00,2021-09-30 12:00:00+00:00,1.0,BST,383.0,364.63,18.370000000000005,NO_BREAK,,,NA,,NA,NO_BREAK,,False,False,False,False,,,False,,False,False,
2021-10-01,external,2021-10-01 07:00:00+00:00,2021-10-01 12:00:00+00:00,1.0,BST,393.43,380.88,12.550000000000011,UP_BREAK,2021-10-01 07:00:00+00:00,0.0,0,,NO_RETEST,DIRECT_E10,2021-10-01 07:05:00+00:00,True,True,True,True,2021-10-01 07:05:00+00:00,2021-10-01 07:10:00+00:00,False,0.0,False,False,0.0
2021-10-04,external,2021-10-04 07:00:00+00:00,2021-10-04 12:00:00+00:00,1.0,BST,431.06,411.2,19.860000000000014,NO_BREAK,,,NA,,NA,NO_BREAK,,False,False,False,False,,,False,,False,False,
2021-10-05,external,2021-10-05 07:00:00+00:00,2021-10-05 12:00:00+00:00,1.0,BST,433.24,422.2,11.04000000000002,UP_BREAK,2021-10-05 07:15:00+00:00,4.0,3+,2021-10-05 07:20:00+00:00,HOLD_RETEST,BOUNDARY_HOLD_RETEST,2021-10-05 07:20:00+00:00,True,True,True,True,2021-10-05 08:45:00+00:00,2021-10-05 08:45:00+00:00,False,3.0,True,True,15.0
2021-10-06,external,2021-10-06 07:00:00+00:00,2021-10-06 12:00:00+00:00,1.0,BST,443.74,430.5,13.240000000000009,DOWN_BREAK,2021-10-06 07:25:00+00:00,1.0,1,2021-10-06 07:30:00+00:00,HOLD_RETEST,AMBIGUOUS_E10_BOUNDARY_INTERACTION,2021-10-06 07:30:00+00:00,True,True,True,True,2021-10-06 07:30:00+00:00,2021-10-06 07:30:00+00:00,False,0.0,False,False,25.0
2021-10-07,external,2021-10-07 07:00:00+00:00,2021-10-07 12:00:00+00:00,1.0,BST,438.75,422.84,15.910000000000025,UP_BREAK,2021-10-07 07:30:00+00:00,0.0,0,,NO_RETEST,DIRECT_E10,2021-10-07 07:35:00+00:00,True,True,True,True,2021-10-07 07:35:00+00:00,2021-10-07 07:40:00+00:00,False,0.0,False,False,30.0
2021-10-08,external,2021-10-08 07:00:00+00:00,2021-10-08 12:00:00+00:00,1.0,BST,441.63,428.89,12.740000000000009,DOWN_BREAK,2021-10-08 11:50:00+00:00,0.0,0,,NO_RETEST,DIRECT_E10,2021-10-08 11:55:00+00:00,True,True,True,False,2021-10-08 11:55:00+00:00,2021-10-08 11:55:00+00:00,False,0.0,False,False,290.0
2021-10-11,external,2021-10-11 07:00:00+00:00,2021-10-11 12:00:00+00:00,1.0,BST,417.69,399.74,17.94999999999999,UP_BREAK,2021-10-11 07:15:00+00:00,2.0,2,2021-10-11 07:25:00+00:00,HOLD_RETEST,BOUNDARY_HOLD_RETEST,2021-10-11 07:25:00+00:00,True,True,True,False,2021-10-11 07:30:00+00:00,2021-10-11 08:00:00+00:00,False,1.0,True,True,15.0
2021-10-12,external,2021-10-12 07:00:00+00:00,2021-10-12 12:00:00+00:00,1.0,BST,413.65,402.56,11.089999999999975,DOWN_BREAK,2021-10-12 09:15:00+00:00,1.0,1,2021-10-12 09:25:00+00:00,HOLD_RETEST,BOUNDARY_HOLD_RETEST,2021-10-12 09:25:00+00:00,True,True,True,True,2021-10-12 09:30:00+00:00,2021-10-12 09:55:00+00:00,False,1.0,True,True,135.0
2021-10-13,external,2021-10-13 07:00:00+00:00,2021-10-13 12:00:00+00:00,1.0,BST,468.42,433.0,35.420000000000016,NO_BREAK,,,NA,,NA,NO_BREAK,,False,False,False,False,,,False,,False,False,
2021-10-14,external,2021-10-14 07:00:00+00:00,2021-10-14 12:00:00+00:00,1.0,BST,479.47,460.11,19.360000000000014,UP_BREAK,2021-10-14 11:30:00+00:00,1.0,1,2021-10-14 11:40:00+00:00,HOLD_RETEST,DIRECT_E10,2021-10-14 11:35:00+00:00,True,False,False,False,2021-10-14 11:35:00+00:00,,False,,False,False,270.0
2021-10-15,external,2021-10-15 07:00:00+00:00,2021-10-15 12:00:00+00:00,1.0,BST,474.79,461.0,13.79000000000002,DOWN_BREAK,2021-10-15 08:25:00+00:00,2.0,2,2021-10-15 11:10:00+00:00,ACCEPT_BACK_INSIDE,DIRECT_E10,2021-10-15 08:30:00+00:00,True,True,True,True,2021-10-15 08:30:00+00:00,2021-10-15 08:30:00+00:00,False,0.0,False,False,85.0
2021-10-18,external,2021-10-18 07:00:00+00:00,2021-10-18 12:00:00+00:00,1.0,BST,475.0,466.86,8.139999999999986,NO_BREAK,,,NA,,NA,NO_BREAK,,False,False,False,False,,,False,,False,False,
2021-10-19,external,2021-10-19 07:00:00+00:00,2021-10-19 12:00:00+00:00,1.0,BST,497.5,481.56,15.939999999999998,NO_BREAK,,,NA,,NA,NO_BREAK,,False,False,False,False,,,False,,False,False,
2021-10-20,external,2021-10-20 07:00:00+00:00,2021-10-20 12:00:00+00:00,1.0,BST,487.66,480.0,7.660000000000025,NO_BREAK,,,NA,,NA,NO_BREAK,,False,False,False,False,,,False,,False,False,
2021-10-21,external,2021-10-21 07:00:00+00:00,2021-10-21 12:00:00+00:00,1.0,BST,505.46,487.0,18.45999999999998,DOWN_BREAK,2021-10-21 07:05:00+00:00,1.0,1,2021-10-21 07:10:00+00:00,HOLD_RETEST,AMBIGUOUS_E10_BOUNDARY_INTERACTION,2021-10-21 07:10:00+00:00,True,False,False,False,2021-10-21 07:10:00+00:00,,False,,False,False,5.0
2021-10-22,external,2021-10-22 07:00:00+00:00,2021-10-22 12:00:00+00:00,1.0,BST,482.3,471.21,11.090000000000032,UP_BREAK,2021-10-22 07:00:00+00:00,0.0,0,,NO_RETEST,DIRECT_E10,2021-10-22 07:05:00+00:00,True,True,True,True,2021-10-22 07:05:00+00:00,2021-10-22 07:05:00+00:00,False,0.0,False,False,0.0
2021-10-25,external,2021-10-25 07:00:00+00:00,2021-10-25 12:00:00+00:00,1.0,BST,483.85,475.32,8.53000000000003,UP_BREAK,2021-10-25 07:15:00+00:00,6.0,3+,2021-10-25 07:20:00+00:00,HOLD_RETEST,BOUNDARY_HOLD_RETEST,2021-10-25 07:20:00+00:00,True,False,False,False,2021-10-25 07:25:00+00:00,,False,,True,False,15.0
2021-10-26,external,2021-10-26 07:00:00+00:00,2021-10-26 12:00:00+00:00,1.0,BST,488.1,482.2,5.900000000000034,UP_BREAK,2021-10-26 08:10:00+00:00,3.0,3+,2021-10-26 08:35:00+00:00,HOLD_RETEST,DIRECT_E10,2021-10-26 08:15:00+00:00,True,True,True,False,2021-10-26 08:15:00+00:00,2021-10-26 08:15:00+00:00,False,0.0,False,False,70.0
2021-10-27,external,2021-10-27 07:00:00+00:00,2021-10-27 12:00:00+00:00,1.0,BST,486.89,475.62,11.269999999999982,DOWN_BREAK,2021-10-27 07:50:00+00:00,1.0,1,2021-10-27 07:55:00+00:00,HOLD_RETEST,AMBIGUOUS_E10_BOUNDARY_INTERACTION,2021-10-27 07:55:00+00:00,True,True,True,True,2021-10-27 07:55:00+00:00,2021-10-27 07:55:00+00:00,False,0.0,False,False,50.0
2021-10-28,external,2021-10-28 07:00:00+00:00,2021-10-28 12:00:00+00:00,1.0,BST,459.29,446.5,12.79000000000002,UP_BREAK,2021-10-28 08:00:00+00:00,0.0,0,,NO_RETEST,DIRECT_E10,2021-10-28 08:05:00+00:00,True,True,True,True,2021-10-28 08:05:00+00:00,2021-10-28 08:05:00+00:00,False,0.0,False,False,60.0
2021-10-29,external,2021-10-29 07:00:00+00:00,2021-10-29 12:00:00+00:00,1.0,BST,500.25,487.32,12.930000000000007,UP_BREAK,2021-10-29 11:20:00+00:00,1.0,1,2021-10-29 11:35:00+00:00,ACCEPT_BACK_INSIDE,DIRECT_E10,2021-10-29 11:25:00+00:00,True,False,False,False,2021-10-29 11:25:00+00:00,,False,,False,False,260.0
2021-11-01,external,2021-11-01 08:00:00+00:00,2021-11-01 13:00:00+00:00,0.0,GMT,529.63,511.0,18.629999999999995,UP_BREAK,2021-11-01 09:05:00+00:00,2.0,2,2021-11-01 09:10:00+00:00,HOLD_RETEST,AMBIGUOUS_E10_BOUNDARY_INTERACTION,2021-11-01 09:10:00+00:00,True,True,True,True,2021-11-01 09:10:00+00:00,2021-11-01 09:40:00+00:00,False,2.0,False,False,65.0
2021-11-02,external,2021-11-02 08:00:00+00:00,2021-11-02 13:00:00+00:00,0.0,GMT,551.17,540.0,11.169999999999959,DOWN_BREAK,2021-11-02 08:00:00+00:00,2.0,2,2021-11-02 08:20:00+00:00,HOLD_RETEST,DIRECT_E10,2021-11-02 08:05:00+00:00,True,True,False,False,2021-11-02 08:05:00+00:00,2021-11-02 08:05:00+00:00,False,0.0,False,False,0.0
2021-11-03,external,2021-11-03 08:00:00+00:00,2021-11-03 13:00:00+00:00,0.0,GMT,555.51,544.18,11.330000000000041,DOWN_BREAK,2021-11-03 12:40:00+00:00,1.0,1,2021-11-03 12:55:00+00:00,HOLD_RETEST,DIRECT_E10,2021-11-03 12:45:00+00:00,True,True,True,False,2021-11-03 12:45:00+00:00,2021-11-03 12:45:00+00:00,False,0.0,False,False,280.0
2021-11-04,external,2021-11-04 08:00:00+00:00,2021-11-04 13:00:00+00:00,0.0,GMT,568.82,552.24,16.58000000000004,DOWN_BREAK,2021-11-04 08:05:00+00:00,1.0,1,2021-11-04 08:10:00+00:00,ACCEPT_BACK_INSIDE,ACCEPT_BACK_INSIDE,2021-11-04 08:10:00+00:00,False,False,False,False,,,False,,False,False,5.0
2021-11-05,external,2021-11-05 08:00:00+00:00,2021-11-05 13:00:00+00:00,0.0,GMT,595.77,554.51,41.25999999999999,UP_BREAK,2021-11-05 09:55:00+00:00,0.0,0,,NO_RETEST,DIRECT_E10,2021-11-05 10:00:00+00:00,True,True,True,True,2021-11-05 10:00:00+00:00,2021-11-05 10:00:00+00:00,False,0.0,False,False,115.0
2021-11-08,external,2021-11-08 08:00:00+00:00,2021-11-08 13:00:00+00:00,0.0,GMT,650.03,632.32,17.709999999999923,NO_BREAK,,,NA,,NA,NO_BREAK,,False,False,False,False,,,False,,False,False,
2021-11-09,external,2021-11-09 08:00:00+00:00,2021-11-09 13:00:00+00:00,0.0,GMT,656.93,642.56,14.370000000000005,DOWN_BREAK,2021-11-09 11:35:00+00:00,2.0,2,2021-11-09 11:40:00+00:00,ACCEPT_BACK_INSIDE,ACCEPT_BACK_INSIDE,2021-11-09 11:40:00+00:00,True,True,False,False,2021-11-09 12:10:00+00:00,2021-11-09 12:15:00+00:00,False,1.0,False,False,215.0
2021-11-10,external,2021-11-10 08:00:00+00:00,2021-11-10 13:00:00+00:00,0.0,GMT,646.92,624.5,22.41999999999996,UP_BREAK,2021-11-10 08:00:00+00:00,5.0,3+,2021-11-10 08:05:00+00:00,ACCEPT_BACK_INSIDE,ACCEPT_BACK_INSIDE,2021-11-10 08:05:00+00:00,True,True,True,False,2021-11-10 08:10:00+00:00,2021-11-10 10:15:00+00:00,False,4.0,False,False,0.0
2021-11-11,external,2021-11-11 08:00:00+00:00,2021-11-11 13:00:00+00:00,0.0,GMT,631.46,605.31,26.15000000000009,UP_BREAK,2021-11-11 08:55:00+00:00,2.0,2,2021-11-11 09:05:00+00:00,HOLD_RETEST,BOUNDARY_HOLD_RETEST,2021-11-11 09:05:00+00:00,True,False,False,False,2021-11-11 09:30:00+00:00,,False,,True,False,55.0
2021-11-12,external,2021-11-12 08:00:00+00:00,2021-11-12 13:00:00+00:00,0.0,GMT,634.36,620.56,13.800000000000068,DOWN_BREAK,2021-11-12 09:25:00+00:00,1.0,1,2021-11-12 09:40:00+00:00,HOLD_RETEST,DIRECT_E10,2021-11-12 09:30:00+00:00,True,True,True,True,2021-11-12 09:30:00+00:00,2021-11-12 09:30:00+00:00,False,0.0,False,False,85.0
2021-11-15,external,2021-11-15 08:00:00+00:00,2021-11-15 13:00:00+00:00,0.0,GMT,659.28,650.13,9.149999999999977,DOWN_BREAK,2021-11-15 08:05:00+00:00,0.0,0,,NO_RETEST,DIRECT_E10,2021-11-15 08:10:00+00:00,True,True,True,True,2021-11-15 08:10:00+00:00,2021-11-15 08:10:00+00:00,False,0.0,False,False,5.0
2021-11-16,external,2021-11-16 08:00:00+00:00,2021-11-16 13:00:00+00:00,0.0,GMT,634.5,596.01,38.49000000000001,DOWN_BREAK,2021-11-16 10:05:00+00:00,1.0,1,2021-11-16 11:00:00+00:00,ACCEPT_BACK_INSIDE,DIRECT_E10,2021-11-16 10:10:00+00:00,True,True,True,True,2021-11-16 10:10:00+00:00,2021-11-16 10:10:00+00:00,False,0.0,False,False,125.0
2021-11-17,external,2021-11-17 08:00:00+00:00,2021-11-17 13:00:00+00:00,0.0,GMT,592.87,561.73,31.139999999999986,DOWN_BREAK,2021-11-17 09:30:00+00:00,3.0,3+,2021-11-17 09:35:00+00:00,HOLD_RETEST,BOUNDARY_HOLD_RETEST,2021-11-17 09:35:00+00:00,True,True,False,False,2021-11-17 09:40:00+00:00,2021-11-17 10:35:00+00:00,False,2.0,True,True,90.0
2021-11-18,external,2021-11-18 08:00:00+00:00,2021-11-18 13:00:00+00:00,0.0,GMT,588.47,569.6,18.870000000000005,DOWN_BREAK,2021-11-18 09:20:00+00:00,4.0,3+,2021-11-18 09:55:00+00:00,HOLD_RETEST,DIRECT_E10,2021-11-18 09:25:00+00:00,True,True,False,False,2021-11-18 09:25:00+00:00,2021-11-18 09:35:00+00:00,False,0.0,False,False,80.0
2021-11-19,external,2021-11-19 08:00:00+00:00,2021-11-19 13:00:00+00:00,0.0,GMT,555.68,524.2,31.479999999999905,UP_BREAK,2021-11-19 08:15:00+00:00,1.0,1,2021-11-19 08:20:00+00:00,HOLD_RETEST,AMBIGUOUS_E10_BOUNDARY_INTERACTION,2021-11-19 08:20:00+00:00,True,True,True,False,2021-11-19 08:20:00+00:00,2021-11-19 09:10:00+00:00,False,1.0,False,False,15.0
2021-11-22,external,2021-11-22 08:00:00+00:00,2021-11-22 13:00:00+00:00,0.0,GMT,585.54,561.46,24.079999999999927,NO_BREAK,,,NA,,NA,NO_BREAK,,False,False,False,False,,,False,,False,False,
2021-11-23,external,2021-11-23 08:00:00+00:00,2021-11-23 13:00:00+00:00,0.0,GMT,569.68,558.16,11.519999999999982,UP_BREAK,2021-11-23 09:40:00+00:00,1.0,1,2021-11-23 10:00:00+00:00,ACCEPT_BACK_INSIDE,DIRECT_E10,2021-11-23 09:45:00+00:00,True,True,True,True,2021-11-23 09:45:00+00:00,2021-11-23 09:45:00+00:00,False,0.0,False,False,100.0
2021-11-24,external,2021-11-24 08:00:00+00:00,2021-11-24 13:00:00+00:00,0.0,GMT,594.42,579.19,15.229999999999905,NO_BREAK,,,NA,,NA,NO_BREAK,,False,False,False,False,,,False,,False,False,
2021-11-25,external,2021-11-25 08:00:00+00:00,2021-11-25 13:00:00+00:00,0.0,GMT,615.0,587.67,27.33000000000004,UP_BREAK,2021-11-25 09:50:00+00:00,0.0,0,,NO_RETEST,DIRECT_E10,2021-11-25 09:55:00+00:00,True,True,True,True,2021-11-25 09:55:00+00:00,2021-11-25 10:05:00+00:00,False,0.0,False,False,110.0
2021-11-26,external,2021-11-26 08:00:00+00:00,2021-11-26 13:00:00+00:00,0.0,GMT,658.94,597.9,61.04000000000008,DOWN_BREAK,2021-11-26 08:15:00+00:00,0.0,0,,NO_RETEST,DIRECT_E10,2021-11-26 08:20:00+00:00,True,True,True,True,2021-11-26 08:20:00+00:00,2021-11-26 08:20:00+00:00,False,0.0,False,False,15.0
2021-11-29,external,2021-11-29 08:00:00+00:00,2021-11-29 13:00:00+00:00,0.0,GMT,620.0,602.25,17.75,NO_BREAK,,,NA,,NA,NO_BREAK,,False,False,False,False,,,False,,False,False,
2021-11-30,external,2021-11-30 08:00:00+00:00,2021-11-30 13:00:00+00:00,0.0,GMT,634.99,603.76,31.230000000000018,NO_BREAK,,,NA,,NA,NO_BREAK,,False,False,False,False,,,False,,False,False,
2021-12-01,external,2021-12-01 08:00:00+00:00,2021-12-01 13:00:00+00:00,0.0,GMT,637.71,620.48,17.230000000000018,UP_BREAK,2021-12-01 08:15:00+00:00,3.0,3+,2021-12-01 08:20:00+00:00,HOLD_RETEST,AMBIGUOUS_E10_BOUNDARY_INTERACTION,2021-12-01 08:20:00+00:00,True,True,True,True,2021-12-01 08:20:00+00:00,2021-12-01 08:30:00+00:00,False,1.0,False,False,15.0
2021-12-02,external,2021-12-02 08:00:00+00:00,2021-12-02 13:00:00+00:00,0.0,GMT,629.42,605.5,23.91999999999996,NO_BREAK,,,NA,,NA,NO_BREAK,,False,False,False,False,,,False,,False,False,
2021-12-03,external,2021-12-03 08:00:00+00:00,2021-12-03 13:00:00+00:00,0.0,GMT,622.22,609.36,12.860000000000014,UP_BREAK,2021-12-03 10:00:00+00:00,1.0,1,2021-12-03 10:25:00+00:00,ACCEPT_BACK_INSIDE,DIRECT_E10,2021-12-03 10:05:00+00:00,True,True,True,False,2021-12-03 10:05:00+00:00,2021-12-03 10:10:00+00:00,False,0.0,False,False,120.0
2021-12-06,external,2021-12-06 08:00:00+00:00,2021-12-06 13:00:00+00:00,0.0,GMT,561.0,533.22,27.779999999999973,UP_BREAK,2021-12-06 08:00:00+00:00,1.0,1,2021-12-06 08:05:00+00:00,ACCEPT_BACK_INSIDE,AMBIGUOUS_E10_BOUNDARY_INTERACTION,2021-12-06 08:05:00+00:00,True,False,False,False,2021-12-06 08:05:00+00:00,,False,,False,False,0.0
2021-12-07,external,2021-12-07 08:00:00+00:00,2021-12-07 13:00:00+00:00,0.0,GMT,592.59,581.24,11.350000000000023,DOWN_BREAK,2021-12-07 12:20:00+00:00,0.0,0,,NO_RETEST,DIRECT_E10,2021-12-07 12:25:00+00:00,True,True,True,True,2021-12-07 12:25:00+00:00,2021-12-07 12:25:00+00:00,False,0.0,False,False,260.0
2021-12-08,external,2021-12-08 08:00:00+00:00,2021-12-08 13:00:00+00:00,0.0,GMT,581.3,566.42,14.879999999999995,UP_BREAK,2021-12-08 08:00:00+00:00,4.0,3+,2021-12-08 08:05:00+00:00,HOLD_RETEST,BOUNDARY_HOLD_RETEST,2021-12-08 08:05:00+00:00,True,True,True,True,2021-12-08 08:10:00+00:00,2021-12-08 08:30:00+00:00,False,2.0,True,True,0.0
2021-12-09,external,2021-12-09 08:00:00+00:00,2021-12-09 13:00:00+00:00,0.0,GMT,616.68,595.34,21.339999999999918,DOWN_BREAK,2021-12-09 09:05:00+00:00,0.0,0,,NO_RETEST,DIRECT_E10,2021-12-09 09:10:00+00:00,True,True,False,False,2021-12-09 09:10:00+00:00,2021-12-09 09:25:00+00:00,False,0.0,False,False,65.0
2021-12-10,external,2021-12-10 08:00:00+00:00,2021-12-10 13:00:00+00:00,0.0,GMT,581.9,568.06,13.840000000000032,UP_BREAK,2021-12-10 12:00:00+00:00,1.0,1,2021-12-10 12:20:00+00:00,ACCEPT_BACK_INSIDE,DIRECT_E10,2021-12-10 12:05:00+00:00,True,True,False,False,2021-12-10 12:05:00+00:00,2021-12-10 12:35:00+00:00,False,1.0,False,False,240.0
2021-12-13,external,2021-12-13 08:00:00+00:00,2021-12-13 13:00:00+00:00,0.0,GMT,571.65,550.03,21.620000000000005,DOWN_BREAK,2021-12-13 09:05:00+00:00,4.0,3+,2021-12-13 09:10:00+00:00,ACCEPT_BACK_INSIDE,ACCEPT_BACK_INSIDE,2021-12-13 09:10:00+00:00,True,True,True,False,2021-12-13 09:30:00+00:00,2021-12-13 10:15:00+00:00,False,3.0,False,False,65.0
2021-12-14,external,2021-12-14 08:00:00+00:00,2021-12-14 13:00:00+00:00,0.0,GMT,529.77,516.63,13.139999999999986,UP_BREAK,2021-12-14 08:00:00+00:00,2.0,2,2021-12-14 08:10:00+00:00,HOLD_RETEST,DIRECT_E10,2021-12-14 08:05:00+00:00,True,True,True,False,2021-12-14 08:05:00+00:00,2021-12-14 08:05:00+00:00,False,0.0,False,False,0.0
2021-12-15,external,2021-12-15 08:00:00+00:00,2021-12-15 13:00:00+00:00,0.0,GMT,533.11,524.1,9.009999999999991,UP_BREAK,2021-12-15 08:00:00+00:00,2.0,2,2021-12-15 08:05:00+00:00,HOLD_RETEST,BOUNDARY_HOLD_RETEST,2021-12-15 08:05:00+00:00,True,True,False,False,2021-12-15 08:15:00+00:00,2021-12-15 08:35:00+00:00,True,1.0,True,True,0.0
2021-12-16,external,2021-12-16 08:00:00+00:00,2021-12-16 13:00:00+00:00,0.0,GMT,545.17,528.8,16.370000000000005,NO_BREAK,,,NA,,NA,NO_BREAK,,False,False,False,False,,,False,,False,False,
2021-12-17,external,2021-12-17 08:00:00+00:00,2021-12-17 13:00:00+00:00,0.0,GMT,534.25,521.01,13.240000000000009,NO_BREAK,,,NA,,NA,NO_BREAK,,False,False,False,False,,,False,,False,False,
2021-12-20,external,2021-12-20 08:00:00+00:00,2021-12-20 13:00:00+00:00,0.0,GMT,534.93,518.0,16.92999999999995,DOWN_BREAK,2021-12-20 09:05:00+00:00,0.0,0,,NO_RETEST,DIRECT_E10,2021-12-20 09:10:00+00:00,True,True,True,False,2021-12-20 09:10:00+00:00,2021-12-20 09:10:00+00:00,False,0.0,False,False,65.0
2021-12-21,external,2021-12-21 08:00:00+00:00,2021-12-21 13:00:00+00:00,0.0,GMT,532.5,517.17,15.330000000000041,UP_BREAK,2021-12-21 08:50:00+00:00,3.0,3+,2021-12-21 08:55:00+00:00,ACCEPT_BACK_INSIDE,ACCEPT_BACK_INSIDE,2021-12-21 08:55:00+00:00,True,True,False,False,2021-12-21 09:00:00+00:00,2021-12-21 09:00:00+00:00,False,1.0,False,False,50.0
2021-12-22,external,2021-12-22 08:00:00+00:00,2021-12-22 13:00:00+00:00,0.0,GMT,536.25,527.25,9.0,UP_BREAK,2021-12-22 08:30:00+00:00,5.0,3+,2021-12-22 08:35:00+00:00,HOLD_RETEST,AMBIGUOUS_E10_BOUNDARY_INTERACTION,2021-12-22 08:35:00+00:00,True,False,False,False,2021-12-22 08:35:00+00:00,,False,,False,False,30.0
2021-12-23,external,2021-12-23 08:00:00+00:00,2021-12-23 13:00:00+00:00,0.0,GMT,537.44,524.33,13.110000000000014,NO_BREAK,,,NA,,NA,NO_BREAK,,False,False,False,False,,,False,,False,False,
2021-12-24,external,2021-12-24 08:00:00+00:00,2021-12-24 13:00:00+00:00,0.0,GMT,550.83,541.01,9.82000000000005,UP_BREAK,2021-12-24 11:20:00+00:00,1.0,1,2021-12-24 11:25:00+00:00,ACCEPT_BACK_INSIDE,ACCEPT_BACK_INSIDE,2021-12-24 11:25:00+00:00,False,False,False,False,,,False,,False,False,200.0
2021-12-27,external,2021-12-27 08:00:00+00:00,2021-12-27 13:00:00+00:00,0.0,GMT,550.0,544.01,5.990000000000009,DOWN_BREAK,2021-12-27 09:00:00+00:00,1.0,1,2021-12-27 09:05:00+00:00,HOLD_RETEST,AMBIGUOUS_E10_BOUNDARY_INTERACTION,2021-12-27 09:05:00+00:00,True,False,False,False,2021-12-27 09:05:00+00:00,,False,,False,False,60.0
2021-12-28,external,2021-12-28 08:00:00+00:00,2021-12-28 13:00:00+00:00,0.0,GMT,563.98,542.51,21.470000000000027,NO_BREAK,,,NA,,NA,NO_BREAK,,False,False,False,False,,,False,,False,False,
2021-12-29,external,2021-12-29 08:00:00+00:00,2021-12-29 13:00:00+00:00,0.0,GMT,540.55,532.67,7.8799999999999955,DOWN_BREAK,2021-12-29 12:05:00+00:00,1.0,1,2021-12-29 12:10:00+00:00,HOLD_RETEST,AMBIGUOUS_E10_BOUNDARY_INTERACTION,2021-12-29 12:10:00+00:00,True,True,True,True,2021-12-29 12:10:00+00:00,2021-12-29 12:10:00+00:00,False,0.0,False,False,245.0
2021-12-30,external,2021-12-30 08:00:00+00:00,2021-12-30 13:00:00+00:00,0.0,GMT,521.81,508.0,13.809999999999945,UP_BREAK,2021-12-30 08:00:00+00:00,2.0,2,2021-12-30 08:05:00+00:00,HOLD_RETEST,BOUNDARY_HOLD_RETEST,2021-12-30 08:05:00+00:00,True,True,True,False,2021-12-30 08:10:00+00:00,2021-12-30 11:40:00+00:00,False,2.0,True,True,0.0
2021-12-31,external,2021-12-31 08:00:00+00:00,2021-12-31 13:00:00+00:00,0.0,GMT,520.65,506.25,14.399999999999977,UP_BREAK,2021-12-31 08:20:00+00:00,2.0,2,2021-12-31 08:25:00+00:00,HOLD_RETEST,AMBIGUOUS_E10_BOUNDARY_INTERACTION,2021-12-31 08:25:00+00:00,True,True,True,True,2021-12-31 08:25:00+00:00,2021-12-31 08:30:00+00:00,False,1.0,False,False,20.0
2022-01-03,development,2022-01-03 08:00:00+00:00,2022-01-03 13:00:00+00:00,0.0,GMT,531.02,522.82,8.199999999999932,UP_BREAK,2022-01-03 11:50:00+00:00,2.0,2,2022-01-03 11:55:00+00:00,HOLD_RETEST,AMBIGUOUS_E10_BOUNDARY_INTERACTION,2022-01-03 11:55:00+00:00,True,False,False,False,2022-01-03 11:55:00+00:00,,False,,False,False,230.0
2022-01-04,development,2022-01-04 08:00:00+00:00,2022-01-04 13:00:00+00:00,0.0,GMT,513.35,502.0,11.350000000000023,UP_BREAK,2022-01-04 10:45:00+00:00,2.0,2,2022-01-04 11:25:00+00:00,HOLD_RETEST,DIRECT_E10,2022-01-04 11:00:00+00:00,True,True,True,False,2022-01-04 11:00:00+00:00,2022-01-04 12:00:00+00:00,False,1.0,False,False,165.0
2022-01-05,development,2022-01-05 08:00:00+00:00,2022-01-05 13:00:00+00:00,0.0,GMT,514.44,505.5,8.940000000000055,UP_BREAK,2022-01-05 09:40:00+00:00,2.0,2,2022-01-05 09:45:00+00:00,ACCEPT_BACK_INSIDE,AMBIGUOUS_E10_BOUNDARY_INTERACTION,2022-01-05 09:45:00+00:00,True,False,False,False,2022-01-05 09:45:00+00:00,,False,,False,False,100.0
2022-01-06,development,2022-01-06 08:00:00+00:00,2022-01-06 13:00:00+00:00,0.0,GMT,475.7,461.5,14.199999999999989,DOWN_BREAK,2022-01-06 09:50:00+00:00,2.0,2,2022-01-06 09:55:00+00:00,HOLD_RETEST,AMBIGUOUS_E10_BOUNDARY_INTERACTION,2022-01-06 09:55:00+00:00,True,True,False,False,2022-01-06 09:55:00+00:00,2022-01-06 10:20:00+00:00,False,1.0,False,False,110.0
2022-01-07,development,2022-01-07 08:00:00+00:00,2022-01-07 13:00:00+00:00,0.0,GMT,473.76,437.08,36.68000000000001,NO_BREAK,,,NA,,NA,NO_BREAK,,False,False,False,False,,,False,,False,False,
2022-01-10,development,2022-01-10 08:00:00+00:00,2022-01-10 13:00:00+00:00,0.0,GMT,445.21,435.29,9.919999999999959,DOWN_BREAK,2022-01-10 11:00:00+00:00,1.0,1,2022-01-10 11:30:00+00:00,HOLD_RETEST,DIRECT_E10,2022-01-10 11:05:00+00:00,True,True,True,True,2022-01-10 11:05:00+00:00,2022-01-10 11:10:00+00:00,False,0.0,False,False,180.0
2022-01-11,development,2022-01-11 08:00:00+00:00,2022-01-11 13:00:00+00:00,0.0,GMT,442.59,421.22,21.369999999999948,UP_BREAK,2022-01-11 08:00:00+00:00,0.0,0,,NO_RETEST,DIRECT_E10,2022-01-11 08:05:00+00:00,True,True,True,True,2022-01-11 08:05:00+00:00,2022-01-11 08:05:00+00:00,False,0.0,False,False,0.0
2022-01-12,development,2022-01-12 08:00:00+00:00,2022-01-12 13:00:00+00:00,0.0,GMT,465.35,456.26,9.090000000000032,UP_BREAK,2022-01-12 09:25:00+00:00,1.0,1,2022-01-12 09:30:00+00:00,ACCEPT_BACK_INSIDE,ACCEPT_BACK_INSIDE,2022-01-12 09:30:00+00:00,True,True,True,True,2022-01-12 11:35:00+00:00,2022-01-12 11:35:00+00:00,False,1.0,False,False,85.0
2022-01-13,development,2022-01-13 08:00:00+00:00,2022-01-13 13:00:00+00:00,0.0,GMT,488.5,475.55,12.949999999999989,NO_BREAK,,,NA,,NA,NO_BREAK,,False,False,False,False,,,False,,False,False,
2022-01-14,development,2022-01-14 08:00:00+00:00,2022-01-14 13:00:00+00:00,0.0,GMT,489.77,471.62,18.149999999999977,DOWN_BREAK,2022-01-14 10:55:00+00:00,2.0,2,2022-01-14 12:20:00+00:00,HOLD_RETEST,DIRECT_E10,2022-01-14 11:00:00+00:00,True,True,False,False,2022-01-14 11:00:00+00:00,2022-01-14 11:05:00+00:00,False,0.0,False,False,175.0
2022-01-17,development,2022-01-17 08:00:00+00:00,2022-01-17 13:00:00+00:00,0.0,GMT,498.2,480.12,18.079999999999984,DOWN_BREAK,2022-01-17 11:35:00+00:00,2.0,2,2022-01-17 11:40:00+00:00,HOLD_RETEST,BOUNDARY_HOLD_RETEST,2022-01-17 11:40:00+00:00,True,True,True,False,2022-01-17 12:05:00+00:00,2022-01-17 12:10:00+00:00,False,1.0,True,True,215.0
2022-01-18,development,2022-01-18 08:00:00+00:00,2022-01-18 13:00:00+00:00,0.0,GMT,479.0,466.55,12.449999999999989,DOWN_BREAK,2022-01-18 08:50:00+00:00,2.0,2,2022-01-18 10:30:00+00:00,HOLD_RETEST,DIRECT_E10,2022-01-18 08:55:00+00:00,True,True,True,True,2022-01-18 08:55:00+00:00,2022-01-18 08:55:00+00:00,False,0.0,False,False,50.0
2022-01-19,development,2022-01-19 08:00:00+00:00,2022-01-19 13:00:00+00:00,0.0,GMT,471.75,453.3,18.44999999999999,NO_BREAK,,,NA,,NA,NO_BREAK,,False,False,False,False,,,False,,False,False,
2022-01-20,development,2022-01-20 08:00:00+00:00,2022-01-20 13:00:00+00:00,0.0,GMT,478.34,461.44,16.899999999999977,DOWN_BREAK,2022-01-20 12:00:00+00:00,1.0,1,2022-01-20 12:05:00+00:00,ACCEPT_BACK_INSIDE,ACCEPT_BACK_INSIDE,2022-01-20 12:05:00+00:00,False,False,False,False,,,False,,False,False,240.0
2022-01-21,development,2022-01-21 08:00:00+00:00,2022-01-21 13:00:00+00:00,0.0,GMT,444.57,418.25,26.319999999999993,DOWN_BREAK,2022-01-21 12:30:00+00:00,0.0,0,,NO_RETEST,DIRECT_E10,2022-01-21 12:35:00+00:00,True,True,True,False,2022-01-21 12:35:00+00:00,2022-01-21 12:35:00+00:00,False,0.0,False,False,270.0
2022-01-24,development,2022-01-24 08:00:00+00:00,2022-01-24 13:00:00+00:00,0.0,GMT,383.9,360.7,23.19999999999999,DOWN_BREAK,2022-01-24 09:15:00+00:00,0.0,0,,NO_RETEST,DIRECT_E10,2022-01-24 09:20:00+00:00,True,True,True,True,2022-01-24 09:20:00+00:00,2022-01-24 09:20:00+00:00,False,0.0,False,False,75.0
2022-01-25,development,2022-01-25 08:00:00+00:00,2022-01-25 13:00:00+00:00,0.0,GMT,371.33,357.32,14.009999999999991,UP_BREAK,2022-01-25 09:30:00+00:00,3.0,3+,2022-01-25 09:35:00+00:00,ACCEPT_BACK_INSIDE,ACCEPT_BACK_INSIDE,2022-01-25 09:35:00+00:00,True,True,True,False,2022-01-25 09:55:00+00:00,2022-01-25 10:10:00+00:00,False,1.0,False,False,90.0
2022-01-26,development,2022-01-26 08:00:00+00:00,2022-01-26 13:00:00+00:00,0.0,GMT,385.23,376.15,9.080000000000041,UP_BREAK,2022-01-26 10:30:00+00:00,2.0,2,2022-01-26 10:35:00+00:00,HOLD_RETEST,AMBIGUOUS_E10_BOUNDARY_INTERACTION,2022-01-26 10:35:00+00:00,True,True,True,True,2022-01-26 10:35:00+00:00,2022-01-26 10:40:00+00:00,False,1.0,False,False,150.0
2022-01-27,development,2022-01-27 08:00:00+00:00,2022-01-27 13:00:00+00:00,0.0,GMT,378.2,359.28,18.920000000000016,NO_BREAK,,,NA,,NA,NO_BREAK,,False,False,False,False,,,False,,False,False,
2022-01-28,development,2022-01-28 08:00:00+00:00,2022-01-28 13:00:00+00:00,0.0,GMT,396.39,382.0,14.389999999999986,DOWN_BREAK,2022-01-28 11:15:00+00:00,2.0,2,2022-01-28 11:20:00+00:00,ACCEPT_BACK_INSIDE,ACCEPT_BACK_INSIDE,2022-01-28 11:20:00+00:00,True,True,True,False,2022-01-28 11:30:00+00:00,2022-01-28 11:30:00+00:00,False,1.0,False,False,195.0
2022-01-31,development,2022-01-31 08:00:00+00:00,2022-01-31 13:00:00+00:00,0.0,GMT,377.54,364.77,12.770000000000039,NO_BREAK,,,NA,,NA,NO_BREAK,,False,False,False,False,,,False,,False,False,
2022-02-01,development,2022-02-01 08:00:00+00:00,2022-02-01 13:00:00+00:00,0.0,GMT,385.0,373.6,11.399999999999977,UP_BREAK,2022-02-01 09:00:00+00:00,1.0,1,2022-02-01 09:20:00+00:00,ACCEPT_BACK_INSIDE,DIRECT_E10,2022-02-01 09:05:00+00:00,True,True,False,False,2022-02-01 09:05:00+00:00,2022-02-01 09:15:00+00:00,False,0.0,False,False,60.0
2022-02-02,development,2022-02-02 08:00:00+00:00,2022-02-02 13:00:00+00:00,0.0,GMT,385.97,379.14,6.830000000000041,NO_BREAK,,,NA,,NA,NO_BREAK,,False,False,False,False,,,False,,False,False,
2022-02-03,development,2022-02-03 08:00:00+00:00,2022-02-03 13:00:00+00:00,0.0,GMT,369.55,362.82,6.730000000000018,UP_BREAK,2022-02-03 08:10:00+00:00,1.0,1,2022-02-03 08:20:00+00:00,ACCEPT_BACK_INSIDE,ACCEPT_BACK_INSIDE,2022-02-03 08:20:00+00:00,False,False,False,False,,,True,,False,False,10.0
2022-02-04,development,2022-02-04 08:00:00+00:00,2022-02-04 13:00:00+00:00,0.0,GMT,378.93,369.09,9.840000000000032,UP_BREAK,2022-02-04 08:15:00+00:00,1.0,1,2022-02-04 08:25:00+00:00,ACCEPT_BACK_INSIDE,ACCEPT_BACK_INSIDE,2022-02-04 08:25:00+00:00,True,False,False,False,2022-02-04 10:05:00+00:00,,False,,False,False,15.0
2022-02-07,development,2022-02-07 08:00:00+00:00,2022-02-07 13:00:00+00:00,0.0,GMT,429.46,412.79,16.66999999999996,NO_BREAK,,,NA,,NA,NO_BREAK,,False,False,False,False,,,False,,False,False,
2022-02-08,development,2022-02-08 08:00:00+00:00,2022-02-08 13:00:00+00:00,0.0,GMT,445.48,427.83,17.650000000000034,DOWN_BREAK,2022-02-08 08:50:00+00:00,1.0,1,2022-02-08 08:55:00+00:00,HOLD_RETEST,BOUNDARY_HOLD_RETEST,2022-02-08 08:55:00+00:00,True,True,True,True,2022-02-08 09:05:00+00:00,2022-02-08 09:10:00+00:00,False,1.0,True,True,50.0
2022-02-09,development,2022-02-09 08:00:00+00:00,2022-02-09 13:00:00+00:00,0.0,GMT,416.37,407.22,9.149999999999977,UP_BREAK,2022-02-09 10:25:00+00:00,3.0,3+,2022-02-09 10:30:00+00:00,ACCEPT_BACK_INSIDE,ACCEPT_BACK_INSIDE,2022-02-09 10:30:00+00:00,True,True,True,True,2022-02-09 10:55:00+00:00,2022-02-09 11:25:00+00:00,False,2.0,False,False,145.0
2022-02-10,development,2022-02-10 08:00:00+00:00,2022-02-10 13:00:00+00:00,0.0,GMT,422.79,414.44,8.350000000000023,UP_BREAK,2022-02-10 08:15:00+00:00,3.0,3+,2022-02-10 08:20:00+00:00,ACCEPT_BACK_INSIDE,ACCEPT_BACK_INSIDE,2022-02-10 08:20:00+00:00,True,True,True,True,2022-02-10 08:25:00+00:00,2022-02-10 10:00:00+00:00,False,3.0,False,False,15.0
2022-02-11,development,2022-02-11 08:00:00+00:00,2022-02-11 13:00:00+00:00,0.0,GMT,418.28,407.02,11.259999999999991,NO_BREAK,,,NA,,NA,NO_BREAK,,False,False,False,False,,,False,,False,False,
2022-02-14,development,2022-02-14 08:00:00+00:00,2022-02-14 13:00:00+00:00,0.0,GMT,399.14,390.31,8.829999999999984,UP_BREAK,2022-02-14 12:50:00+00:00,0.0,0,,NO_RETEST,DIRECT_E10,2022-02-14 12:55:00+00:00,True,True,False,False,2022-02-14 12:55:00+00:00,2022-02-14 12:55:00+00:00,False,0.0,False,False,290.0
2022-02-15,development,2022-02-15 08:00:00+00:00,2022-02-15 13:00:00+00:00,0.0,GMT,427.99,402.67,25.319999999999993,UP_BREAK,2022-02-15 08:20:00+00:00,5.0,3+,2022-02-15 09:05:00+00:00,HOLD_RETEST,DIRECT_E10,2022-02-15 08:25:00+00:00,True,True,True,True,2022-02-15 08:25:00+00:00,2022-02-15 09:00:00+00:00,False,0.0,False,False,20.0
2022-02-16,development,2022-02-16 08:00:00+00:00,2022-02-16 13:00:00+00:00,0.0,GMT,433.5,427.39,6.110000000000014,NO_BREAK,,,NA,,NA,NO_BREAK,,False,False,False,False,,,False,,False,False,
2022-02-17,development,2022-02-17 08:00:00+00:00,2022-02-17 13:00:00+00:00,0.0,GMT,430.86,419.75,11.110000000000014,NO_BREAK,,,NA,,NA,NO_BREAK,,False,False,False,False,,,False,,False,False,
2022-02-18,development,2022-02-18 08:00:00+00:00,2022-02-18 13:00:00+00:00,0.0,GMT,408.24,398.04,10.199999999999989,UP_BREAK,2022-02-18 08:35:00+00:00,3.0,3+,2022-02-18 10:00:00+00:00,ACCEPT_BACK_INSIDE,DIRECT_E10,2022-02-18 08:40:00+00:00,True,True,False,False,2022-02-18 08:40:00+00:00,2022-02-18 08:55:00+00:00,False,0.0,False,False,35.0
2022-02-21,development,2022-02-21 08:00:00+00:00,2022-02-21 13:00:00+00:00,0.0,GMT,393.41,378.16,15.25,DOWN_BREAK,2022-02-21 10:55:00+00:00,1.0,1,2022-02-21 11:00:00+00:00,ACCEPT_BACK_INSIDE,ACCEPT_BACK_INSIDE,2022-02-21 11:00:00+00:00,True,True,True,True,2022-02-21 11:35:00+00:00,2022-02-21 11:35:00+00:00,False,1.0,False,False,175.0
2022-02-22,development,2022-02-22 08:00:00+00:00,2022-02-22 13:00:00+00:00,0.0,GMT,361.12,347.87,13.25,UP_BREAK,2022-02-22 10:10:00+00:00,0.0,0,,NO_RETEST,DIRECT_E10,2022-02-22 10:15:00+00:00,True,True,True,False,2022-02-22 10:15:00+00:00,2022-02-22 10:25:00+00:00,False,0.0,False,False,130.0
2022-02-23,development,2022-02-23 08:00:00+00:00,2022-02-23 13:00:00+00:00,0.0,GMT,380.47,370.68,9.79000000000002,UP_BREAK,2022-02-23 09:10:00+00:00,2.0,2,2022-02-23 09:15:00+00:00,HOLD_RETEST,AMBIGUOUS_E10_BOUNDARY_INTERACTION,2022-02-23 09:15:00+00:00,True,True,True,False,2022-02-23 09:15:00+00:00,2022-02-23 11:45:00+00:00,False,1.0,False,False,70.0
2022-02-24,development,2022-02-24 08:00:00+00:00,2022-02-24 13:00:00+00:00,0.0,GMT,368.4,323.02,45.379999999999995,NO_BREAK,,,NA,,NA,NO_BREAK,,False,False,False,False,,,False,,False,False,
2022-02-25,development,2022-02-25 08:00:00+00:00,2022-02-25 13:00:00+00:00,0.0,GMT,366.93,358.61,8.319999999999993,DOWN_BREAK,2022-02-25 09:25:00+00:00,1.0,1,2022-02-25 09:30:00+00:00,HOLD_RETEST,AMBIGUOUS_E10_BOUNDARY_INTERACTION,2022-02-25 09:30:00+00:00,True,True,False,False,2022-02-25 09:30:00+00:00,2022-02-25 09:30:00+00:00,True,0.0,False,False,85.0
2022-02-28,development,2022-02-28 08:00:00+00:00,2022-02-28 13:00:00+00:00,0.0,GMT,366.54,355.52,11.020000000000039,UP_BREAK,2022-02-28 08:00:00+00:00,6.0,3+,2022-02-28 08:35:00+00:00,ACCEPT_BACK_INSIDE,DIRECT_E10,2022-02-28 08:05:00+00:00,True,True,True,False,2022-02-28 08:05:00+00:00,2022-02-28 08:05:00+00:00,False,0.0,False,False,0.0
2022-03-01,development,2022-03-01 08:00:00+00:00,2022-03-01 13:00:00+00:00,0.0,GMT,415.0,390.97,24.029999999999973,UP_BREAK,2022-03-01 08:00:00+00:00,3.0,3+,2022-03-01 08:05:00+00:00,HOLD_RETEST,BOUNDARY_HOLD_RETEST,2022-03-01 08:05:00+00:00,True,True,True,True,2022-03-01 08:40:00+00:00,2022-03-01 08:55:00+00:00,False,2.0,True,True,0.0
2022-03-02,development,2022-03-02 08:00:00+00:00,2022-03-02 13:00:00+00:00,0.0,GMT,415.46,403.53,11.930000000000007,NO_BREAK,,,NA,,NA,NO_BREAK,,False,False,False,False,,,False,,False,False,
2022-03-03,development,2022-03-03 08:00:00+00:00,2022-03-03 13:00:00+00:00,0.0,GMT,410.98,402.38,8.600000000000023,NO_BREAK,,,NA,,NA,NO_BREAK,,False,False,False,False,,,False,,False,False,
2022-03-04,development,2022-03-04 08:00:00+00:00,2022-03-04 13:00:00+00:00,0.0,GMT,403.27,388.41,14.859999999999957,NO_BREAK,,,NA,,NA,NO_BREAK,,False,False,False,False,,,False,,False,False,
2022-03-07,development,2022-03-07 08:00:00+00:00,2022-03-07 13:00:00+00:00,0.0,GMT,375.0,365.12,9.879999999999995,UP_BREAK,2022-03-07 08:55:00+00:00,1.0,1,2022-03-07 09:30:00+00:00,ACCEPT_BACK_INSIDE,DIRECT_E10,2022-03-07 09:00:00+00:00,True,True,True,False,2022-03-07 09:00:00+00:00,2022-03-07 09:05:00+00:00,False,0.0,False,False,55.0
2022-03-08,development,2022-03-08 08:00:00+00:00,2022-03-08 13:00:00+00:00,0.0,GMT,385.32,376.59,8.730000000000018,UP_BREAK,2022-03-08 08:35:00+00:00,5.0,3+,2022-03-08 08:40:00+00:00,ACCEPT_BACK_INSIDE,ACCEPT_BACK_INSIDE,2022-03-08 08:40:00+00:00,True,True,True,False,2022-03-08 10:00:00+00:00,2022-03-08 10:50:00+00:00,False,1.0,False,False,35.0
2022-03-09,development,2022-03-09 08:00:00+00:00,2022-03-09 13:00:00+00:00,0.0,GMT,402.45,380.71,21.74000000000001,NO_BREAK,,,NA,,NA,NO_BREAK,,False,False,False,False,,,False,,False,False,
2022-03-10,development,2022-03-10 08:00:00+00:00,2022-03-10 13:00:00+00:00,0.0,GMT,394.36,373.03,21.33000000000004,NO_BREAK,,,NA,,NA,NO_BREAK,,False,False,False,False,,,False,,False,False,
2022-03-11,development,2022-03-11 08:00:00+00:00,2022-03-11 13:00:00+00:00,0.0,GMT,374.35,364.44,9.910000000000025,UP_BREAK,2022-03-11 11:30:00+00:00,0.0,0,,NO_RETEST,DIRECT_E10,2022-03-11 11:35:00+00:00,True,True,True,True,2022-03-11 11:35:00+00:00,2022-03-11 11:35:00+00:00,False,0.0,False,False,210.0
2022-03-14,development,2022-03-14 08:00:00+00:00,2022-03-14 13:00:00+00:00,0.0,GMT,371.68,359.05,12.629999999999995,NO_BREAK,,,NA,,NA,NO_BREAK,,False,False,False,False,,,False,,False,False,
2022-03-15,development,2022-03-15 08:00:00+00:00,2022-03-15 13:00:00+00:00,0.0,GMT,374.71,361.35,13.359999999999957,NO_BREAK,,,NA,,NA,NO_BREAK,,False,False,False,False,,,False,,False,False,
2022-03-16,development,2022-03-16 08:00:00+00:00,2022-03-16 13:00:00+00:00,0.0,GMT,383.18,367.6,15.579999999999984,NO_BREAK,,,NA,,NA,NO_BREAK,,False,False,False,False,,,False,,False,False,
2022-03-17,development,2022-03-17 08:00:00+00:00,2022-03-17 13:00:00+00:00,0.0,GMT,388.48,381.58,6.900000000000034,UP_BREAK,2022-03-17 12:15:00+00:00,1.0,1,2022-03-17 12:20:00+00:00,ACCEPT_BACK_INSIDE,AMBIGUOUS_E10_BOUNDARY_INTERACTION,2022-03-17 12:20:00+00:00,True,True,True,True,2022-03-17 12:20:00+00:00,2022-03-17 12:20:00+00:00,False,0.0,False,False,255.0
2022-03-18,development,2022-03-18 08:00:00+00:00,2022-03-18 13:00:00+00:00,0.0,GMT,392.46,383.71,8.75,NO_BREAK,,,NA,,NA,NO_BREAK,,False,False,False,False,,,False,,False,False,
2022-03-21,development,2022-03-21 08:00:00+00:00,2022-03-21 13:00:00+00:00,0.0,GMT,392.66,385.14,7.520000000000039,UP_BREAK,2022-03-21 08:00:00+00:00,3.0,3+,2022-03-21 08:35:00+00:00,HOLD_RETEST,DIRECT_E10,2022-03-21 08:05:00+00:00,True,True,True,False,2022-03-21 08:05:00+00:00,2022-03-21 08:05:00+00:00,False,0.0,False,False,0.0
2022-03-22,development,2022-03-22 08:00:00+00:00,2022-03-22 13:00:00+00:00,0.0,GMT,409.78,394.78,15.0,NO_BREAK,,,NA,,NA,NO_BREAK,,False,False,False,False,,,False,,False,False,
2022-03-23,development,2022-03-23 08:00:00+00:00,2022-03-23 13:00:00+00:00,0.0,GMT,406.5,397.74,8.759999999999991,NO_BREAK,,,NA,,NA,NO_BREAK,,False,False,False,False,,,False,,False,False,
2022-03-24,development,2022-03-24 08:00:00+00:00,2022-03-24 13:00:00+00:00,0.0,GMT,413.54,406.16,7.3799999999999955,NO_BREAK,,,NA,,NA,NO_BREAK,,False,False,False,False,,,False,,False,False,
2022-03-25,development,2022-03-25 08:00:00+00:00,2022-03-25 13:00:00+00:00,0.0,GMT,415.87,411.19,4.680000000000007,DOWN_BREAK,2022-03-25 08:05:00+00:00,2.0,2,2022-03-25 08:20:00+00:00,HOLD_RETEST,DIRECT_E10,2022-03-25 08:10:00+00:00,True,True,True,False,2022-03-25 08:10:00+00:00,2022-03-25 08:10:00+00:00,True,0.0,False,False,5.0
2022-03-28,development,2022-03-28 07:00:00+00:00,2022-03-28 12:00:00+00:00,1.0,BST,437.44,428.17,9.269999999999982,NO_BREAK,,,NA,,NA,NO_BREAK,,False,False,False,False,,,False,,False,False,
2022-03-29,development,2022-03-29 07:00:00+00:00,2022-03-29 12:00:00+00:00,1.0,BST,437.26,427.55,9.70999999999998,UP_BREAK,2022-03-29 09:05:00+00:00,3.0,3+,2022-03-29 09:25:00+00:00,ACCEPT_BACK_INSIDE,DIRECT_E10,2022-03-29 09:10:00+00:00,True,True,True,False,2022-03-29 09:10:00+00:00,2022-03-29 11:10:00+00:00,False,3.0,False,False,125.0
2022-03-30,development,2022-03-30 07:00:00+00:00,2022-03-30 12:00:00+00:00,1.0,BST,435.68,425.5,10.180000000000007,UP_BREAK,2022-03-30 07:05:00+00:00,3.0,3+,2022-03-30 07:15:00+00:00,ACCEPT_BACK_INSIDE,DIRECT_E10,2022-03-30 07:10:00+00:00,True,True,True,False,2022-03-30 07:10:00+00:00,2022-03-30 07:30:00+00:00,False,1.0,False,False,5.0
2022-03-31,development,2022-03-31 07:00:00+00:00,2022-03-31 12:00:00+00:00,1.0,BST,452.7,440.35,12.349999999999966,NO_BREAK,,,NA,,NA,NO_BREAK,,False,False,False,False,,,False,,False,False,
2022-04-01,development,2022-04-01 07:00:00+00:00,2022-04-01 12:00:00+00:00,1.0,BST,431.56,413.01,18.55000000000001,UP_BREAK,2022-04-01 10:25:00+00:00,3.0,3+,2022-04-01 10:30:00+00:00,HOLD_RETEST,BOUNDARY_HOLD_RETEST,2022-04-01 10:30:00+00:00,False,False,False,False,,,False,,False,False,205.0
2022-04-04,development,2022-04-04 07:00:00+00:00,2022-04-04 12:00:00+00:00,1.0,BST,451.45,441.67,9.779999999999973,NO_BREAK,,,NA,,NA,NO_BREAK,,False,False,False,False,,,False,,False,False,
2022-04-05,development,2022-04-05 07:00:00+00:00,2022-04-05 12:00:00+00:00,1.0,BST,458.97,446.14,12.830000000000041,NO_BREAK,,,NA,,NA,NO_BREAK,,False,False,False,False,,,False,,False,False,
2022-04-06,development,2022-04-06 07:00:00+00:00,2022-04-06 12:00:00+00:00,1.0,BST,449.09,432.0,17.089999999999975,NO_BREAK,,,NA,,NA,NO_BREAK,,False,False,False,False,,,False,,False,False,
2022-04-07,development,2022-04-07 07:00:00+00:00,2022-04-07 12:00:00+00:00,1.0,BST,432.56,416.01,16.55000000000001,UP_BREAK,2022-04-07 11:30:00+00:00,0.0,0,,NO_RETEST,DIRECT_E10,2022-04-07 11:35:00+00:00,True,True,False,False,2022-04-07 11:35:00+00:00,2022-04-07 11:40:00+00:00,False,0.0,False,False,270.0
2022-04-08,development,2022-04-08 07:00:00+00:00,2022-04-08 12:00:00+00:00,1.0,BST,441.0,432.71,8.29000000000002,DOWN_BREAK,2022-04-08 07:20:00+00:00,2.0,2,2022-04-08 07:55:00+00:00,ACCEPT_BACK_INSIDE,DIRECT_E10,2022-04-08 07:25:00+00:00,True,True,True,True,2022-04-08 07:25:00+00:00,2022-04-08 07:25:00+00:00,False,0.0,False,False,20.0
2022-04-11,development,2022-04-11 07:00:00+00:00,2022-04-11 12:00:00+00:00,1.0,BST,421.3,410.37,10.930000000000007,DOWN_BREAK,2022-04-11 09:45:00+00:00,1.0,1,2022-04-11 09:50:00+00:00,HOLD_RETEST,BOUNDARY_HOLD_RETEST,2022-04-11 09:50:00+00:00,True,True,True,True,2022-04-11 09:55:00+00:00,2022-04-11 09:55:00+00:00,False,1.0,True,True,165.0
2022-04-12,development,2022-04-12 07:00:00+00:00,2022-04-12 12:00:00+00:00,1.0,BST,408.1,392.1,16.0,UP_BREAK,2022-04-12 08:10:00+00:00,1.0,1,2022-04-12 08:15:00+00:00,ACCEPT_BACK_INSIDE,ACCEPT_BACK_INSIDE,2022-04-12 08:15:00+00:00,True,True,False,False,2022-04-12 11:30:00+00:00,2022-04-12 11:45:00+00:00,False,1.0,False,False,70.0
2022-04-13,development,2022-04-13 07:00:00+00:00,2022-04-13 12:00:00+00:00,1.0,BST,420.97,410.08,10.890000000000043,NO_BREAK,,,NA,,NA,NO_BREAK,,False,False,False,False,,,False,,False,False,
2022-04-14,development,2022-04-14 07:00:00+00:00,2022-04-14 12:00:00+00:00,1.0,BST,426.87,420.0,6.8700000000000045,DOWN_BREAK,2022-04-14 07:05:00+00:00,1.0,1,2022-04-14 07:10:00+00:00,HOLD_RETEST,BOUNDARY_HOLD_RETEST,2022-04-14 07:10:00+00:00,True,True,True,True,2022-04-14 09:05:00+00:00,2022-04-14 09:05:00+00:00,False,1.0,True,True,5.0
2022-04-15,development,2022-04-15 07:00:00+00:00,2022-04-15 12:00:00+00:00,1.0,BST,418.77,412.41,6.359999999999957,NO_BREAK,,,NA,,NA,NO_BREAK,,False,False,False,False,,,False,,False,False,
2022-04-18,development,2022-04-18 07:00:00+00:00,2022-04-18 12:00:00+00:00,1.0,BST,413.77,395.75,18.019999999999982,NO_BREAK,,,NA,,NA,NO_BREAK,,False,False,False,False,,,False,,False,False,
2022-04-19,development,2022-04-19 07:00:00+00:00,2022-04-19 12:00:00+00:00,1.0,BST,419.9,414.53,5.3700000000000045,UP_BREAK,2022-04-19 07:05:00+00:00,6.0,3+,2022-04-19 07:15:00+00:00,ACCEPT_BACK_INSIDE,DIRECT_E10,2022-04-19 07:10:00+00:00,True,True,True,True,2022-04-19 07:10:00+00:00,2022-04-19 07:10:00+00:00,False,0.0,False,False,5.0
2022-04-20,development,2022-04-20 07:00:00+00:00,2022-04-20 12:00:00+00:00,1.0,BST,422.93,417.51,5.420000000000016,UP_BREAK,2022-04-20 07:05:00+00:00,1.0,1,2022-04-20 07:10:00+00:00,ACCEPT_BACK_INSIDE,ACCEPT_BACK_INSIDE,2022-04-20 07:10:00+00:00,True,True,True,True,2022-04-20 09:00:00+00:00,2022-04-20 09:00:00+00:00,False,1.0,False,False,5.0
2022-04-21,development,2022-04-21 07:00:00+00:00,2022-04-21 12:00:00+00:00,1.0,BST,423.14,416.66,6.479999999999961,UP_BREAK,2022-04-21 10:15:00+00:00,1.0,1,2022-04-21 10:20:00+00:00,ACCEPT_BACK_INSIDE,ACCEPT_BACK_INSIDE,2022-04-21 10:20:00+00:00,True,True,True,False,2022-04-21 10:40:00+00:00,2022-04-21 11:00:00+00:00,False,1.0,False,False,195.0
2022-04-22,development,2022-04-22 07:00:00+00:00,2022-04-22 12:00:00+00:00,1.0,BST,411.44,403.16,8.279999999999973,UP_BREAK,2022-04-22 11:10:00+00:00,1.0,1,2022-04-22 11:15:00+00:00,HOLD_RETEST,BOUNDARY_HOLD_RETEST,2022-04-22 11:15:00+00:00,False,False,False,False,,,False,,False,False,250.0
2022-04-25,development,2022-04-25 07:00:00+00:00,2022-04-25 12:00:00+00:00,1.0,BST,400.78,386.48,14.299999999999955,DOWN_BREAK,2022-04-25 07:00:00+00:00,1.0,1,2022-04-25 09:40:00+00:00,HOLD_RETEST,DIRECT_E10,2022-04-25 07:05:00+00:00,True,True,True,False,2022-04-25 07:05:00+00:00,2022-04-25 07:05:00+00:00,False,0.0,False,False,0.0
2022-04-26,development,2022-04-26 07:00:00+00:00,2022-04-26 12:00:00+00:00,1.0,BST,407.51,402.31,5.199999999999989,DOWN_BREAK,2022-04-26 07:00:00+00:00,1.0,1,2022-04-26 07:05:00+00:00,HOLD_RETEST,AMBIGUOUS_E10_BOUNDARY_INTERACTION,2022-04-26 07:05:00+00:00,True,True,True,True,2022-04-26 07:05:00+00:00,2022-04-26 07:05:00+00:00,False,0.0,False,False,0.0
2022-04-27,development,2022-04-27 07:00:00+00:00,2022-04-27 12:00:00+00:00,1.0,BST,393.0,380.45,12.550000000000011,UP_BREAK,2022-04-27 07:00:00+00:00,2.0,2,2022-04-27 07:05:00+00:00,HOLD_RETEST,BOUNDARY_HOLD_RETEST,2022-04-27 07:05:00+00:00,True,False,False,False,2022-04-27 08:15:00+00:00,,False,,True,False,0.0
2022-04-28,development,2022-04-28 07:00:00+00:00,2022-04-28 12:00:00+00:00,1.0,BST,392.93,388.17,4.759999999999991,UP_BREAK,2022-04-28 08:00:00+00:00,0.0,0,,NO_RETEST,DIRECT_E10,2022-04-28 08:05:00+00:00,True,True,True,True,2022-04-28 08:05:00+00:00,2022-04-28 08:05:00+00:00,False,0.0,False,False,60.0
2022-04-29,development,2022-04-29 07:00:00+00:00,2022-04-29 12:00:00+00:00,1.0,BST,410.45,402.0,8.449999999999989,DOWN_BREAK,2022-04-29 08:55:00+00:00,0.0,0,,NO_RETEST,DIRECT_E10,2022-04-29 09:00:00+00:00,True,True,True,True,2022-04-29 09:00:00+00:00,2022-04-29 09:05:00+00:00,False,0.0,False,False,115.0
2022-05-02,development,2022-05-02 07:00:00+00:00,2022-05-02 12:00:00+00:00,1.0,BST,392.35,386.73,5.6200000000000045,DOWN_BREAK,2022-05-02 10:50:00+00:00,2.0,2,2022-05-02 10:55:00+00:00,ACCEPT_BACK_INSIDE,ACCEPT_BACK_INSIDE,2022-05-02 10:55:00+00:00,True,True,True,False,2022-05-02 11:10:00+00:00,2022-05-02 11:10:00+00:00,False,1.0,False,False,230.0
2022-05-03,development,2022-05-03 07:00:00+00:00,2022-05-03 12:00:00+00:00,1.0,BST,392.17,388.42,3.75,DOWN_BREAK,2022-05-03 07:00:00+00:00,2.0,2,2022-05-03 07:05:00+00:00,ACCEPT_BACK_INSIDE,ACCEPT_BACK_INSIDE,2022-05-03 07:05:00+00:00,True,True,True,True,2022-05-03 09:55:00+00:00,2022-05-03 09:55:00+00:00,False,1.0,False,False,0.0
2022-05-04,development,2022-05-04 07:00:00+00:00,2022-05-04 12:00:00+00:00,1.0,BST,387.79,381.35,6.439999999999998,UP_BREAK,2022-05-04 07:15:00+00:00,0.0,0,,NO_RETEST,DIRECT_E10,2022-05-04 07:25:00+00:00,True,True,True,True,2022-05-04 07:25:00+00:00,2022-05-04 07:30:00+00:00,False,0.0,False,False,15.0
2022-05-05,development,2022-05-05 07:00:00+00:00,2022-05-05 12:00:00+00:00,1.0,BST,406.34,400.07,6.269999999999982,DOWN_BREAK,2022-05-05 08:00:00+00:00,2.0,2,2022-05-05 08:05:00+00:00,ACCEPT_BACK_INSIDE,ACCEPT_BACK_INSIDE,2022-05-05 08:05:00+00:00,True,True,False,False,2022-05-05 08:40:00+00:00,2022-05-05 08:40:00+00:00,True,1.0,False,False,60.0
2022-05-06,development,2022-05-06 07:00:00+00:00,2022-05-06 12:00:00+00:00,1.0,BST,380.27,374.25,6.019999999999982,DOWN_BREAK,2022-05-06 07:40:00+00:00,1.0,1,2022-05-06 07:45:00+00:00,ACCEPT_BACK_INSIDE,AMBIGUOUS_E10_BOUNDARY_INTERACTION,2022-05-06 07:45:00+00:00,True,True,False,False,2022-05-06 07:45:00+00:00,2022-05-06 07:45:00+00:00,True,0.0,False,False,40.0
2022-05-09,development,2022-05-09 07:00:00+00:00,2022-05-09 12:00:00+00:00,1.0,BST,359.19,343.31,15.879999999999995,DOWN_BREAK,2022-05-09 08:00:00+00:00,2.0,2,2022-05-09 08:05:00+00:00,HOLD_RETEST,BOUNDARY_HOLD_RETEST,2022-05-09 08:05:00+00:00,True,True,True,True,2022-05-09 08:15:00+00:00,2022-05-09 08:20:00+00:00,False,1.0,True,True,60.0
2022-05-10,development,2022-05-10 07:00:00+00:00,2022-05-10 12:00:00+00:00,1.0,BST,332.56,288.37,44.19,NO_BREAK,,,NA,,NA,NO_BREAK,,False,False,False,False,,,False,,False,False,
2022-05-11,development,2022-05-11 07:00:00+00:00,2022-05-11 12:00:00+00:00,1.0,BST,322.81,299.71,23.100000000000023,DOWN_BREAK,2022-05-11 07:35:00+00:00,2.0,2,2022-05-11 07:40:00+00:00,HOLD_RETEST,AMBIGUOUS_E10_BOUNDARY_INTERACTION,2022-05-11 07:40:00+00:00,True,False,False,False,2022-05-11 07:40:00+00:00,,False,,False,False,35.0
2022-05-12,development,2022-05-12 07:00:00+00:00,2022-05-12 12:00:00+00:00,1.0,BST,280.45,225.5,54.94999999999999,DOWN_BREAK,2022-05-12 07:10:00+00:00,1.0,1,2022-05-12 07:15:00+00:00,HOLD_RETEST,AMBIGUOUS_E10_BOUNDARY_INTERACTION,2022-05-12 07:15:00+00:00,True,False,False,False,2022-05-12 07:15:00+00:00,,False,,False,False,10.0
2022-05-13,development,2022-05-13 07:00:00+00:00,2022-05-13 12:00:00+00:00,1.0,BST,310.0,265.03,44.97000000000003,NO_BREAK,,,NA,,NA,NO_BREAK,,False,False,False,False,,,False,,False,False,
2022-05-16,development,2022-05-16 07:00:00+00:00,2022-05-16 12:00:00+00:00,1.0,BST,312.67,291.17,21.5,DOWN_BREAK,2022-05-16 07:05:00+00:00,1.0,1,2022-05-16 07:10:00+00:00,HOLD_RETEST,BOUNDARY_HOLD_RETEST,2022-05-16 07:10:00+00:00,False,False,False,False,,,False,,False,False,5.0
2022-05-17,development,2022-05-17 07:00:00+00:00,2022-05-17 12:00:00+00:00,1.0,BST,307.59,295.78,11.810000000000002,UP_BREAK,2022-05-17 09:20:00+00:00,1.0,1,2022-05-17 09:35:00+00:00,HOLD_RETEST,BOUNDARY_HOLD_RETEST,2022-05-17 09:35:00+00:00,False,False,False,False,,,False,,False,False,140.0
2022-05-18,development,2022-05-18 07:00:00+00:00,2022-05-18 12:00:00+00:00,1.0,BST,308.44,298.01,10.430000000000007,NO_BREAK,,,NA,,NA,NO_BREAK,,False,False,False,False,,,False,,False,False,
2022-05-19,development,2022-05-19 07:00:00+00:00,2022-05-19 12:00:00+00:00,1.0,BST,300.16,286.26,13.900000000000034,UP_BREAK,2022-05-19 07:05:00+00:00,1.0,1,2022-05-19 07:10:00+00:00,ACCEPT_BACK_INSIDE,ACCEPT_BACK_INSIDE,2022-05-19 07:10:00+00:00,True,False,False,False,2022-05-19 11:55:00+00:00,,False,,False,False,5.0
2022-05-20,development,2022-05-20 07:00:00+00:00,2022-05-20 12:00:00+00:00,1.0,BST,311.84,304.31,7.529999999999973,UP_BREAK,2022-05-20 11:55:00+00:00,0.0,0,,NO_RETEST,TIMEOUT,,False,False,False,False,,,False,,False,False,295.0
2022-05-23,development,2022-05-23 07:00:00+00:00,2022-05-23 12:00:00+00:00,1.0,BST,326.66,316.84,9.82000000000005,UP_BREAK,2022-05-23 07:10:00+00:00,4.0,3+,2022-05-23 07:45:00+00:00,HOLD_RETEST,DIRECT_E10,2022-05-23 07:15:00+00:00,True,True,True,True,2022-05-23 07:15:00+00:00,2022-05-23 07:15:00+00:00,False,0.0,False,False,10.0
2022-05-24,development,2022-05-24 07:00:00+00:00,2022-05-24 12:00:00+00:00,1.0,BST,329.63,315.0,14.629999999999995,NO_BREAK,,,NA,,NA,NO_BREAK,,False,False,False,False,,,False,,False,False,
2022-05-25,development,2022-05-25 07:00:00+00:00,2022-05-25 12:00:00+00:00,1.0,BST,337.88,327.12,10.759999999999991,DOWN_BREAK,2022-05-25 11:10:00+00:00,1.0,1,2022-05-25 11:15:00+00:00,ACCEPT_BACK_INSIDE,ACCEPT_BACK_INSIDE,2022-05-25 11:15:00+00:00,True,True,False,False,2022-05-25 11:20:00+00:00,2022-05-25 11:25:00+00:00,False,1.0,False,False,250.0
2022-05-26,development,2022-05-26 07:00:00+00:00,2022-05-26 12:00:00+00:00,1.0,BST,331.83,315.59,16.24000000000001,DOWN_BREAK,2022-05-26 08:20:00+00:00,0.0,0,,NO_RETEST,DIRECT_E10,2022-05-26 08:25:00+00:00,True,True,True,True,2022-05-26 08:25:00+00:00,2022-05-26 08:30:00+00:00,False,0.0,False,False,80.0
2022-05-27,development,2022-05-27 07:00:00+00:00,2022-05-27 12:00:00+00:00,1.0,BST,311.2,290.2,21.0,NO_BREAK,,,NA,,NA,NO_BREAK,,False,False,False,False,,,False,,False,False,
2022-05-30,development,2022-05-30 07:00:00+00:00,2022-05-30 12:00:00+00:00,1.0,BST,321.8,303.69,18.110000000000014,NO_BREAK,,,NA,,NA,NO_BREAK,,False,False,False,False,,,False,,False,False,
2022-05-31,development,2022-05-31 07:00:00+00:00,2022-05-31 12:00:00+00:00,1.0,BST,324.82,315.63,9.189999999999998,NO_BREAK,,,NA,,NA,NO_BREAK,,False,False,False,False,,,False,,False,False,
2022-06-01,development,2022-06-01 07:00:00+00:00,2022-06-01 12:00:00+00:00,1.0,BST,324.6,316.25,8.350000000000023,DOWN_BREAK,2022-06-01 11:40:00+00:00,1.0,1,2022-06-01 11:50:00+00:00,ACCEPT_BACK_INSIDE,DIRECT_E10,2022-06-01 11:45:00+00:00,True,True,False,False,2022-06-01 11:45:00+00:00,2022-06-01 11:45:00+00:00,False,0.0,False,False,280.0
2022-06-02,development,2022-06-02 07:00:00+00:00,2022-06-02 12:00:00+00:00,1.0,BST,304.17,297.88,6.2900000000000205,UP_BREAK,2022-06-02 07:50:00+00:00,1.0,1,2022-06-02 07:55:00+00:00,ACCEPT_BACK_INSIDE,ACCEPT_BACK_INSIDE,2022-06-02 07:55:00+00:00,True,False,False,False,2022-06-02 10:45:00+00:00,,False,,False,False,50.0
2022-06-03,development,2022-06-03 07:00:00+00:00,2022-06-03 12:00:00+00:00,1.0,BST,310.19,305.28,4.910000000000025,DOWN_BREAK,2022-06-03 07:00:00+00:00,3.0,3+,2022-06-03 07:05:00+00:00,HOLD_RETEST,AMBIGUOUS_E10_BOUNDARY_INTERACTION,2022-06-03 07:05:00+00:00,True,True,True,True,2022-06-03 07:05:00+00:00,2022-06-03 07:35:00+00:00,False,1.0,False,False,0.0
2022-06-06,development,2022-06-06 07:00:00+00:00,2022-06-06 12:00:00+00:00,1.0,BST,310.99,298.0,12.990000000000009,UP_BREAK,2022-06-06 07:00:00+00:00,2.0,2,2022-06-06 07:05:00+00:00,ACCEPT_BACK_INSIDE,ACCEPT_BACK_INSIDE,2022-06-06 07:05:00+00:00,True,False,False,False,2022-06-06 08:35:00+00:00,,False,,False,False,0.0
2022-06-07,development,2022-06-07 07:00:00+00:00,2022-06-07 12:00:00+00:00,1.0,BST,296.98,276.09,20.890000000000043,DOWN_BREAK,2022-06-07 11:20:00+00:00,1.0,1,2022-06-07 11:30:00+00:00,ACCEPT_BACK_INSIDE,DIRECT_E10,2022-06-07 11:25:00+00:00,True,False,False,False,2022-06-07 11:25:00+00:00,,False,,False,False,260.0
2022-06-08,development,2022-06-08 07:00:00+00:00,2022-06-08 12:00:00+00:00,1.0,BST,293.58,283.73,9.849999999999966,NO_BREAK,,,NA,,NA,NO_BREAK,,False,False,False,False,,,False,,False,False,
2022-06-09,development,2022-06-09 07:00:00+00:00,2022-06-09 12:00:00+00:00,1.0,BST,290.54,286.06,4.480000000000018,UP_BREAK,2022-06-09 08:00:00+00:00,3.0,3+,2022-06-09 08:05:00+00:00,HOLD_RETEST,AMBIGUOUS_E10_BOUNDARY_INTERACTION,2022-06-09 08:05:00+00:00,True,True,True,True,2022-06-09 08:05:00+00:00,2022-06-09 08:20:00+00:00,False,1.0,False,False,60.0
2022-06-10,development,2022-06-10 07:00:00+00:00,2022-06-10 12:00:00+00:00,1.0,BST,293.06,284.12,8.939999999999998,NO_BREAK,,,NA,,NA,NO_BREAK,,False,False,False,False,,,False,,False,False,
2022-06-13,development,2022-06-13 07:00:00+00:00,2022-06-13 12:00:00+00:00,1.0,BST,259.66,234.55,25.110000000000014,DOWN_BREAK,2022-06-13 07:40:00+00:00,1.0,1,2022-06-13 07:45:00+00:00,HOLD_RETEST,AMBIGUOUS_E10_BOUNDARY_INTERACTION,2022-06-13 07:45:00+00:00,True,True,True,True,2022-06-13 07:45:00+00:00,2022-06-13 08:20:00+00:00,False,1.0,False,False,40.0
2022-06-14,development,2022-06-14 07:00:00+00:00,2022-06-14 12:00:00+00:00,1.0,BST,230.5,203.81,26.689999999999998,NO_BREAK,,,NA,,NA,NO_BREAK,,False,False,False,False,,,False,,False,False,
2022-06-15,development,2022-06-15 07:00:00+00:00,2022-06-15 12:00:00+00:00,1.0,BST,224.59,207.0,17.590000000000003,DOWN_BREAK,2022-06-15 08:00:00+00:00,4.0,3+,2022-06-15 10:15:00+00:00,HOLD_RETEST,DIRECT_E10,2022-06-15 08:05:00+00:00,True,True,True,True,2022-06-15 08:05:00+00:00,2022-06-15 08:05:00+00:00,False,0.0,False,False,60.0
2022-06-16,development,2022-06-16 07:00:00+00:00,2022-06-16 12:00:00+00:00,1.0,BST,237.2,223.11,14.089999999999975,DOWN_BREAK,2022-06-16 07:30:00+00:00,3.0,3+,2022-06-16 07:45:00+00:00,HOLD_RETEST,BOUNDARY_HOLD_RETEST,2022-06-16 07:45:00+00:00,True,True,True,True,2022-06-16 07:50:00+00:00,2022-06-16 09:05:00+00:00,False,3.0,True,True,30.0
2022-06-17,development,2022-06-17 07:00:00+00:00,2022-06-17 12:00:00+00:00,1.0,BST,219.79,207.51,12.280000000000001,UP_BREAK,2022-06-17 07:15:00+00:00,4.0,3+,2022-06-17 07:20:00+00:00,HOLD_RETEST,AMBIGUOUS_E10_BOUNDARY_INTERACTION,2022-06-17 07:20:00+00:00,True,False,False,False,2022-06-17 07:20:00+00:00,,False,,False,False,15.0
2022-06-20,development,2022-06-20 07:00:00+00:00,2022-06-20 12:00:00+00:00,1.0,BST,216.2,205.14,11.060000000000002,DOWN_BREAK,2022-06-20 07:40:00+00:00,1.0,1,2022-06-20 07:45:00+00:00,ACCEPT_BACK_INSIDE,ACCEPT_BACK_INSIDE,2022-06-20 07:45:00+00:00,False,False,False,False,,,True,,False,False,40.0
2022-06-21,development,2022-06-21 07:00:00+00:00,2022-06-21 12:00:00+00:00,1.0,BST,224.76,212.94,11.819999999999993,NO_BREAK,,,NA,,NA,NO_BREAK,,False,False,False,False,,,False,,False,False,
2022-06-22,development,2022-06-22 07:00:00+00:00,2022-06-22 12:00:00+00:00,1.0,BST,222.11,211.65,10.460000000000008,DOWN_BREAK,2022-06-22 08:00:00+00:00,1.0,1,2022-06-22 08:05:00+00:00,ACCEPT_BACK_INSIDE,ACCEPT_BACK_INSIDE,2022-06-22 08:05:00+00:00,False,False,False,False,,,False,,False,False,60.0
2022-06-23,development,2022-06-23 07:00:00+00:00,2022-06-23 12:00:00+00:00,1.0,BST,223.82,213.79,10.030000000000001,UP_BREAK,2022-06-23 07:10:00+00:00,2.0,2,2022-06-23 07:15:00+00:00,ACCEPT_BACK_INSIDE,ACCEPT_BACK_INSIDE,2022-06-23 07:15:00+00:00,True,True,True,True,2022-06-23 10:35:00+00:00,2022-06-23 10:40:00+00:00,False,2.0,False,False,10.0
2022-06-24,development,2022-06-24 07:00:00+00:00,2022-06-24 12:00:00+00:00,1.0,BST,234.5,228.1,6.400000000000006,UP_BREAK,2022-06-24 11:00:00+00:00,1.0,1,2022-06-24 11:05:00+00:00,HOLD_RETEST,AMBIGUOUS_E10_BOUNDARY_INTERACTION,2022-06-24 11:05:00+00:00,True,True,True,True,2022-06-24 11:05:00+00:00,2022-06-24 11:05:00+00:00,False,0.0,False,False,240.0
2022-06-27,development,2022-06-27 07:00:00+00:00,2022-06-27 12:00:00+00:00,1.0,BST,238.85,233.0,5.849999999999994,UP_BREAK,2022-06-27 07:00:00+00:00,3.0,3+,2022-06-27 07:05:00+00:00,HOLD_RETEST,BOUNDARY_HOLD_RETEST,2022-06-27 07:05:00+00:00,True,True,True,False,2022-06-27 07:20:00+00:00,2022-06-27 07:25:00+00:00,False,1.0,True,True,0.0
2022-06-28,development,2022-06-28 07:00:00+00:00,2022-06-28 12:00:00+00:00,1.0,BST,236.5,230.33,6.1699999999999875,UP_BREAK,2022-06-28 07:00:00+00:00,1.0,1,2022-06-28 07:45:00+00:00,ACCEPT_BACK_INSIDE,DIRECT_E10,2022-06-28 07:05:00+00:00,True,True,True,True,2022-06-28 07:05:00+00:00,2022-06-28 07:05:00+00:00,False,0.0,False,False,0.0
2022-06-29,development,2022-06-29 07:00:00+00:00,2022-06-29 12:00:00+00:00,1.0,BST,229.55,216.97,12.580000000000013,NO_BREAK,,,NA,,NA,NO_BREAK,,False,False,False,False,,,False,,False,False,
2022-06-30,development,2022-06-30 07:00:00+00:00,2022-06-30 12:00:00+00:00,1.0,BST,221.03,212.22,8.810000000000002,DOWN_BREAK,2022-06-30 07:10:00+00:00,1.0,1,2022-06-30 07:20:00+00:00,HOLD_RETEST,DIRECT_E10,2022-06-30 07:15:00+00:00,True,True,True,True,2022-06-30 07:15:00+00:00,2022-06-30 07:15:00+00:00,False,0.0,False,False,10.0
2022-07-01,development,2022-07-01 07:00:00+00:00,2022-07-01 12:00:00+00:00,1.0,BST,226.66,211.55,15.109999999999985,NO_BREAK,,,NA,,NA,NO_BREAK,,False,False,False,False,,,False,,False,False,
2022-07-04,development,2022-07-04 07:00:00+00:00,2022-07-04 12:00:00+00:00,1.0,BST,219.79,214.5,5.289999999999992,UP_BREAK,2022-07-04 10:00:00+00:00,0.0,0,,NO_RETEST,DIRECT_E10,2022-07-04 10:05:00+00:00,True,True,True,True,2022-07-04 10:05:00+00:00,2022-07-04 10:05:00+00:00,False,0.0,False,False,180.0
2022-07-05,development,2022-07-05 07:00:00+00:00,2022-07-05 12:00:00+00:00,1.0,BST,236.43,229.17,7.260000000000019,DOWN_BREAK,2022-07-05 09:20:00+00:00,3.0,3+,2022-07-05 09:25:00+00:00,HOLD_RETEST,BOUNDARY_HOLD_RETEST,2022-07-05 09:25:00+00:00,True,True,True,False,2022-07-05 09:30:00+00:00,2022-07-05 09:40:00+00:00,False,1.0,True,True,140.0
2022-07-06,development,2022-07-06 07:00:00+00:00,2022-07-06 12:00:00+00:00,1.0,BST,235.52,228.8,6.719999999999999,UP_BREAK,2022-07-06 08:10:00+00:00,1.0,1,2022-07-06 08:15:00+00:00,ACCEPT_BACK_INSIDE,ACCEPT_BACK_INSIDE,2022-07-06 08:15:00+00:00,True,True,True,True,2022-07-06 09:20:00+00:00,2022-07-06 09:20:00+00:00,False,1.0,False,False,70.0
2022-07-07,development,2022-07-07 07:00:00+00:00,2022-07-07 12:00:00+00:00,1.0,BST,239.98,235.4,4.579999999999984,NO_BREAK,,,NA,,NA,NO_BREAK,,False,False,False,False,,,False,,False,False,
2022-07-08,development,2022-07-08 07:00:00+00:00,2022-07-08 12:00:00+00:00,1.0,BST,249.0,240.02,8.97999999999999,DOWN_BREAK,2022-07-08 08:45:00+00:00,1.0,1,2022-07-08 11:45:00+00:00,HOLD_RETEST,DIRECT_E10,2022-07-08 08:50:00+00:00,True,True,True,False,2022-07-08 08:50:00+00:00,2022-07-08 08:50:00+00:00,False,0.0,False,False,105.0
2022-07-11,development,2022-07-11 07:00:00+00:00,2022-07-11 12:00:00+00:00,1.0,BST,234.88,228.37,6.509999999999991,NO_BREAK,,,NA,,NA,NO_BREAK,,False,False,False,False,,,False,,False,False,
2022-07-12,development,2022-07-12 07:00:00+00:00,2022-07-12 12:00:00+00:00,1.0,BST,226.43,223.07,3.3600000000000136,DOWN_BREAK,2022-07-12 07:15:00+00:00,4.0,3+,2022-07-12 07:20:00+00:00,HOLD_RETEST,AMBIGUOUS_E10_BOUNDARY_INTERACTION,2022-07-12 07:20:00+00:00,True,True,True,True,2022-07-12 07:20:00+00:00,2022-07-12 07:20:00+00:00,False,0.0,False,False,15.0
2022-07-13,development,2022-07-13 07:00:00+00:00,2022-07-13 12:00:00+00:00,1.0,BST,224.6,219.02,5.579999999999984,UP_BREAK,2022-07-13 07:00:00+00:00,1.0,1,2022-07-13 07:05:00+00:00,HOLD_RETEST,BOUNDARY_HOLD_RETEST,2022-07-13 07:05:00+00:00,True,True,True,True,2022-07-13 07:40:00+00:00,2022-07-13 07:40:00+00:00,False,1.0,True,True,0.0
2022-07-14,development,2022-07-14 07:00:00+00:00,2022-07-14 12:00:00+00:00,1.0,BST,234.49,226.19,8.300000000000011,NO_BREAK,,,NA,,NA,NO_BREAK,,False,False,False,False,,,False,,False,False,
2022-07-15,development,2022-07-15 07:00:00+00:00,2022-07-15 12:00:00+00:00,1.0,BST,239.71,235.35,4.360000000000014,NO_BREAK,,,NA,,NA,NO_BREAK,,False,False,False,False,,,False,,False,False,
2022-07-18,development,2022-07-18 07:00:00+00:00,2022-07-18 12:00:00+00:00,1.0,BST,261.97,247.36,14.610000000000014,UP_BREAK,2022-07-18 08:05:00+00:00,2.0,2,2022-07-18 08:10:00+00:00,ACCEPT_BACK_INSIDE,ACCEPT_BACK_INSIDE,2022-07-18 08:10:00+00:00,True,False,False,False,2022-07-18 11:25:00+00:00,,False,,False,False,65.0
2022-07-19,development,2022-07-19 07:00:00+00:00,2022-07-19 12:00:00+00:00,1.0,BST,267.67,255.65,12.02000000000001,NO_BREAK,,,NA,,NA,NO_BREAK,,False,False,False,False,,,False,,False,False,
2022-07-20,development,2022-07-20 07:00:00+00:00,2022-07-20 12:00:00+00:00,1.0,BST,271.5,265.6,5.899999999999977,DOWN_BREAK,2022-07-20 08:55:00+00:00,1.0,1,2022-07-20 09:05:00+00:00,ACCEPT_BACK_INSIDE,DIRECT_E10,2022-07-20 09:00:00+00:00,True,True,True,False,2022-07-20 09:00:00+00:00,2022-07-20 09:00:00+00:00,False,0.0,False,False,115.0
2022-07-21,development,2022-07-21 07:00:00+00:00,2022-07-21 12:00:00+00:00,1.0,BST,259.98,250.49,9.490000000000009,NO_BREAK,,,NA,,NA,NO_BREAK,,False,False,False,False,,,False,,False,False,
2022-07-22,development,2022-07-22 07:00:00+00:00,2022-07-22 12:00:00+00:00,1.0,BST,268.0,262.82,5.180000000000007,UP_BREAK,2022-07-22 07:25:00+00:00,1.0,1,2022-07-22 07:35:00+00:00,ACCEPT_BACK_INSIDE,DIRECT_E10,2022-07-22 07:30:00+00:00,True,True,True,True,2022-07-22 07:30:00+00:00,2022-07-22 08:55:00+00:00,False,1.0,False,False,25.0
2022-07-25,development,2022-07-25 07:00:00+00:00,2022-07-25 12:00:00+00:00,1.0,BST,263.68,252.73,10.950000000000017,NO_BREAK,,,NA,,NA,NO_BREAK,,False,False,False,False,,,False,,False,False,
2022-07-26,development,2022-07-26 07:00:00+00:00,2022-07-26 12:00:00+00:00,1.0,BST,250.6,240.36,10.23999999999998,NO_BREAK,,,NA,,NA,NO_BREAK,,False,False,False,False,,,False,,False,False,
2022-07-27,development,2022-07-27 07:00:00+00:00,2022-07-27 12:00:00+00:00,1.0,BST,254.81,246.36,8.449999999999989,NO_BREAK,,,NA,,NA,NO_BREAK,,False,False,False,False,,,False,,False,False,
2022-07-28,development,2022-07-28 07:00:00+00:00,2022-07-28 12:00:00+00:00,1.0,BST,274.0,266.59,7.410000000000025,DOWN_BREAK,2022-07-28 09:15:00+00:00,1.0,1,2022-07-28 09:40:00+00:00,ACCEPT_BACK_INSIDE,DIRECT_E10,2022-07-28 09:20:00+00:00,True,False,False,False,2022-07-28 09:20:00+00:00,,False,,False,False,135.0
2022-07-29,development,2022-07-29 07:00:00+00:00,2022-07-29 12:00:00+00:00,1.0,BST,282.7,274.77,7.930000000000007,UP_BREAK,2022-07-29 09:30:00+00:00,0.0,0,,NO_RETEST,DIRECT_E10,2022-07-29 09:35:00+00:00,True,True,True,True,2022-07-29 09:35:00+00:00,2022-07-29 09:35:00+00:00,False,0.0,False,False,150.0
2022-08-01,development,2022-08-01 07:00:00+00:00,2022-08-01 12:00:00+00:00,1.0,BST,290.55,282.28,8.270000000000039,NO_BREAK,,,NA,,NA,NO_BREAK,,False,False,False,False,,,False,,False,False,
2022-08-02,development,2022-08-02 07:00:00+00:00,2022-08-02 12:00:00+00:00,1.0,BST,284.99,274.09,10.900000000000034,NO_BREAK,,,NA,,NA,NO_BREAK,,False,False,False,False,,,False,,False,False,
2022-08-03,development,2022-08-03 07:00:00+00:00,2022-08-03 12:00:00+00:00,1.0,BST,288.52,278.07,10.449999999999989,UP_BREAK,2022-08-03 07:05:00+00:00,3.0,3+,2022-08-03 07:10:00+00:00,ACCEPT_BACK_INSIDE,ACCEPT_BACK_INSIDE,2022-08-03 07:10:00+00:00,True,True,True,False,2022-08-03 07:20:00+00:00,2022-08-03 09:15:00+00:00,False,3.0,False,False,5.0
2022-08-04,development,2022-08-04 07:00:00+00:00,2022-08-04 12:00:00+00:00,1.0,BST,308.63,295.62,13.009999999999991,NO_BREAK,,,NA,,NA,NO_BREAK,,False,False,False,False,,,False,,False,False,
2022-08-05,development,2022-08-05 07:00:00+00:00,2022-08-05 12:00:00+00:00,1.0,BST,315.85,308.0,7.850000000000023,UP_BREAK,2022-08-05 07:20:00+00:00,0.0,0,,NO_RETEST,DIRECT_E10,2022-08-05 07:25:00+00:00,True,True,True,True,2022-08-05 07:25:00+00:00,2022-08-05 07:25:00+00:00,False,0.0,False,False,20.0
2022-08-08,development,2022-08-08 07:00:00+00:00,2022-08-08 12:00:00+00:00,1.0,BST,329.7,322.0,7.699999999999989,UP_BREAK,2022-08-08 08:45:00+00:00,2.0,2,2022-08-08 09:10:00+00:00,ACCEPT_BACK_INSIDE,DIRECT_E10,2022-08-08 08:50:00+00:00,True,True,False,False,2022-08-08 08:50:00+00:00,2022-08-08 08:50:00+00:00,False,0.0,False,False,105.0
2022-08-09,development,2022-08-09 07:00:00+00:00,2022-08-09 12:00:00+00:00,1.0,BST,326.56,322.34,4.220000000000027,DOWN_BREAK,2022-08-09 09:00:00+00:00,1.0,1,2022-08-09 09:05:00+00:00,ACCEPT_BACK_INSIDE,AMBIGUOUS_E10_BOUNDARY_INTERACTION,2022-08-09 09:05:00+00:00,True,True,True,True,2022-08-09 09:05:00+00:00,2022-08-09 09:20:00+00:00,False,1.0,False,False,120.0
2022-08-10,development,2022-08-10 07:00:00+00:00,2022-08-10 12:00:00+00:00,1.0,BST,328.5,313.47,15.029999999999973,NO_BREAK,,,NA,,NA,NO_BREAK,,False,False,False,False,,,False,,False,False,
2022-08-11,development,2022-08-11 07:00:00+00:00,2022-08-11 12:00:00+00:00,1.0,BST,334.68,326.85,7.829999999999984,NO_BREAK,,,NA,,NA,NO_BREAK,,False,False,False,False,,,False,,False,False,
2022-08-12,development,2022-08-12 07:00:00+00:00,2022-08-12 12:00:00+00:00,1.0,BST,325.99,319.58,6.410000000000025,UP_BREAK,2022-08-12 09:30:00+00:00,2.0,2,2022-08-12 09:45:00+00:00,HOLD_RETEST,DIRECT_E10,2022-08-12 09:40:00+00:00,True,True,False,False,2022-08-12 09:40:00+00:00,2022-08-12 09:50:00+00:00,True,1.0,False,False,150.0
2022-08-15,development,2022-08-15 07:00:00+00:00,2022-08-15 12:00:00+00:00,1.0,BST,327.33,315.12,12.20999999999998,NO_BREAK,,,NA,,NA,NO_BREAK,,False,False,False,False,,,False,,False,False,
2022-08-16,development,2022-08-16 07:00:00+00:00,2022-08-16 12:00:00+00:00,1.0,BST,322.29,314.25,8.04000000000002,NO_BREAK,,,NA,,NA,NO_BREAK,,False,False,False,False,,,False,,False,False,
2022-08-17,development,2022-08-17 07:00:00+00:00,2022-08-17 12:00:00+00:00,1.0,BST,324.16,315.02,9.140000000000043,DOWN_BREAK,2022-08-17 10:10:00+00:00,0.0,0,,NO_RETEST,DIRECT_E10,2022-08-17 10:15:00+00:00,True,True,True,False,2022-08-17 10:15:00+00:00,2022-08-17 10:20:00+00:00,False,0.0,False,False,190.0
2022-08-18,development,2022-08-18 07:00:00+00:00,2022-08-18 12:00:00+00:00,1.0,BST,307.82,301.38,6.439999999999998,UP_BREAK,2022-08-18 08:00:00+00:00,5.0,3+,2022-08-18 08:20:00+00:00,HOLD_RETEST,DIRECT_E10,2022-08-18 08:05:00+00:00,True,True,False,False,2022-08-18 08:05:00+00:00,2022-08-18 09:50:00+00:00,False,3.0,False,False,60.0
2022-08-19,development,2022-08-19 07:00:00+00:00,2022-08-19 12:00:00+00:00,1.0,BST,303.18,273.1,30.079999999999984,NO_BREAK,,,NA,,NA,NO_BREAK,,False,False,False,False,,,False,,False,False,
2022-08-22,development,2022-08-22 07:00:00+00:00,2022-08-22 12:00:00+00:00,1.0,BST,305.0,293.76,11.240000000000009,DOWN_BREAK,2022-08-22 07:25:00+00:00,2.0,2,2022-08-22 07:30:00+00:00,ACCEPT_BACK_INSIDE,ACCEPT_BACK_INSIDE,2022-08-22 07:30:00+00:00,True,True,True,False,2022-08-22 07:50:00+00:00,2022-08-22 07:55:00+00:00,False,1.0,False,False,25.0
2022-08-23,development,2022-08-23 07:00:00+00:00,2022-08-23 12:00:00+00:00,1.0,BST,301.79,293.49,8.300000000000011,NO_BREAK,,,NA,,NA,NO_BREAK,,False,False,False,False,,,False,,False,False,
2022-08-24,development,2022-08-24 07:00:00+00:00,2022-08-24 12:00:00+00:00,1.0,BST,301.19,293.87,7.319999999999993,NO_BREAK,,,NA,,NA,NO_BREAK,,False,False,False,False,,,False,,False,False,
2022-08-25,development,2022-08-25 07:00:00+00:00,2022-08-25 12:00:00+00:00,1.0,BST,299.87,295.45,4.420000000000016,UP_BREAK,2022-08-25 07:00:00+00:00,1.0,1,2022-08-25 07:05:00+00:00,HOLD_RETEST,AMBIGUOUS_E10_BOUNDARY_INTERACTION,2022-08-25 07:05:00+00:00,True,True,True,True,2022-08-25 07:05:00+00:00,2022-08-25 07:05:00+00:00,False,0.0,False,False,0.0
2022-08-26,development,2022-08-26 07:00:00+00:00,2022-08-26 12:00:00+00:00,1.0,BST,301.81,294.26,7.550000000000011,DOWN_BREAK,2022-08-26 11:05:00+00:00,0.0,0,,NO_RETEST,DIRECT_E10,2022-08-26 11:10:00+00:00,True,True,True,False,2022-08-26 11:10:00+00:00,2022-08-26 11:10:00+00:00,False,0.0,False,False,245.0
2022-08-29,development,2022-08-29 07:00:00+00:00,2022-08-29 12:00:00+00:00,1.0,BST,280.14,274.11,6.029999999999973,DOWN_BREAK,2022-08-29 09:35:00+00:00,2.0,2,2022-08-29 09:40:00+00:00,ACCEPT_BACK_INSIDE,AMBIGUOUS_E10_BOUNDARY_INTERACTION,2022-08-29 09:40:00+00:00,True,True,True,False,2022-08-29 09:40:00+00:00,2022-08-29 10:25:00+00:00,False,1.0,False,False,155.0
2022-08-30,development,2022-08-30 07:00:00+00:00,2022-08-30 12:00:00+00:00,1.0,BST,289.86,283.19,6.670000000000016,UP_BREAK,2022-08-30 07:25:00+00:00,2.0,2,2022-08-30 07:35:00+00:00,HOLD_RETEST,DIRECT_E10,2022-08-30 07:30:00+00:00,True,True,True,False,2022-08-30 07:30:00+00:00,2022-08-30 08:05:00+00:00,False,1.0,False,False,25.0
2022-08-31,development,2022-08-31 07:00:00+00:00,2022-08-31 12:00:00+00:00,1.0,BST,289.92,280.71,9.210000000000036,NO_BREAK,,,NA,,NA,NO_BREAK,,False,False,False,False,,,False,,False,False,
2022-09-01,development,2022-09-01 07:00:00+00:00,2022-09-01 12:00:00+00:00,1.0,BST,280.21,275.1,5.109999999999957,DOWN_BREAK,2022-09-01 08:00:00+00:00,2.0,2,2022-09-01 08:10:00+00:00,ACCEPT_BACK_INSIDE,DIRECT_E10,2022-09-01 08:05:00+00:00,True,False,False,False,2022-09-01 08:05:00+00:00,,False,,False,False,60.0
2022-09-02,development,2022-09-02 07:00:00+00:00,2022-09-02 12:00:00+00:00,1.0,BST,281.22,274.96,6.260000000000048,NO_BREAK,,,NA,,NA,NO_BREAK,,False,False,False,False,,,False,,False,False,
2022-09-05,development,2022-09-05 07:00:00+00:00,2022-09-05 12:00:00+00:00,1.0,BST,282.47,275.34,7.130000000000052,DOWN_BREAK,2022-09-05 07:00:00+00:00,3.0,3+,2022-09-05 08:20:00+00:00,HOLD_RETEST,DIRECT_E10,2022-09-05 07:05:00+00:00,True,True,True,False,2022-09-05 07:05:00+00:00,2022-09-05 10:40:00+00:00,False,3.0,False,False,0.0
2022-09-06,development,2022-09-06 07:00:00+00:00,2022-09-06 12:00:00+00:00,1.0,BST,286.4,275.1,11.299999999999955,NO_BREAK,,,NA,,NA,NO_BREAK,,False,False,False,False,,,False,,False,False,
2022-09-07,development,2022-09-07 07:00:00+00:00,2022-09-07 12:00:00+00:00,1.0,BST,265.1,257.74,7.360000000000014,NO_BREAK,,,NA,,NA,NO_BREAK,,False,False,False,False,,,False,,False,False,
2022-09-08,development,2022-09-08 07:00:00+00:00,2022-09-08 12:00:00+00:00,1.0,BST,280.97,277.7,3.2700000000000387,DOWN_BREAK,2022-09-08 07:15:00+00:00,3.0,3+,2022-09-08 08:05:00+00:00,ACCEPT_BACK_INSIDE,DIRECT_E10,2022-09-08 07:20:00+00:00,True,True,True,True,2022-09-08 07:20:00+00:00,2022-09-08 07:20:00+00:00,False,0.0,False,False,15.0
2022-09-09,development,2022-09-09 07:00:00+00:00,2022-09-09 12:00:00+00:00,1.0,BST,291.24,279.52,11.720000000000027,UP_BREAK,2022-09-09 10:45:00+00:00,1.0,1,2022-09-09 11:55:00+00:00,HOLD_RETEST,DIRECT_E10,2022-09-09 10:50:00+00:00,True,True,False,False,2022-09-09 10:50:00+00:00,2022-09-09 11:00:00+00:00,False,0.0,False,False,225.0
2022-09-12,development,2022-09-12 07:00:00+00:00,2022-09-12 12:00:00+00:00,1.0,BST,298.29,290.56,7.730000000000018,UP_BREAK,2022-09-12 11:40:00+00:00,1.0,1,2022-09-12 11:45:00+00:00,HOLD_RETEST,AMBIGUOUS_E10_BOUNDARY_INTERACTION,2022-09-12 11:45:00+00:00,True,False,False,False,2022-09-12 11:45:00+00:00,,False,,False,False,280.0
2022-09-13,development,2022-09-13 07:00:00+00:00,2022-09-13 12:00:00+00:00,1.0,BST,294.74,288.27,6.470000000000027,UP_BREAK,2022-09-13 11:05:00+00:00,0.0,0,,NO_RETEST,DIRECT_E10,2022-09-13 11:15:00+00:00,True,True,True,False,2022-09-13 11:15:00+00:00,2022-09-13 11:20:00+00:00,False,0.0,False,False,245.0
2022-09-14,development,2022-09-14 07:00:00+00:00,2022-09-14 12:00:00+00:00,1.0,BST,281.86,275.16,6.699999999999989,NO_BREAK,,,NA,,NA,NO_BREAK,,False,False,False,False,,,False,,False,False,
2022-09-15,development,2022-09-15 07:00:00+00:00,2022-09-15 12:00:00+00:00,1.0,BST,280.31,271.0,9.310000000000002,NO_BREAK,,,NA,,NA,NO_BREAK,,False,False,False,False,,,False,,False,False,
2022-09-16,development,2022-09-16 07:00:00+00:00,2022-09-16 12:00:00+00:00,1.0,BST,275.54,268.22,7.319999999999993,UP_BREAK,2022-09-16 09:50:00+00:00,2.0,2,2022-09-16 09:55:00+00:00,ACCEPT_BACK_INSIDE,ACCEPT_BACK_INSIDE,2022-09-16 09:55:00+00:00,True,False,False,False,2022-09-16 11:50:00+00:00,,False,,False,False,170.0
2022-09-19,development,2022-09-19 07:00:00+00:00,2022-09-19 12:00:00+00:00,1.0,BST,269.63,256.91,12.71999999999997,DOWN_BREAK,2022-09-19 07:25:00+00:00,1.0,1,2022-09-19 07:30:00+00:00,ACCEPT_BACK_INSIDE,ACCEPT_BACK_INSIDE,2022-09-19 07:30:00+00:00,False,False,False,False,,,False,,False,False,25.0
2022-09-20,development,2022-09-20 07:00:00+00:00,2022-09-20 12:00:00+00:00,1.0,BST,273.58,267.18,6.399999999999977,NO_BREAK,,,NA,,NA,NO_BREAK,,False,False,False,False,,,False,,False,False,
2022-09-21,development,2022-09-21 07:00:00+00:00,2022-09-21 12:00:00+00:00,1.0,BST,268.41,263.88,4.53000000000003,UP_BREAK,2022-09-21 11:45:00+00:00,0.0,0,,NO_RETEST,DIRECT_E10,2022-09-21 11:50:00+00:00,True,True,False,False,2022-09-21 11:50:00+00:00,2022-09-21 11:50:00+00:00,False,0.0,False,False,285.0
2022-09-22,development,2022-09-22 07:00:00+00:00,2022-09-22 12:00:00+00:00,1.0,BST,266.73,261.35,5.3799999999999955,UP_BREAK,2022-09-22 08:15:00+00:00,1.0,1,2022-09-22 08:20:00+00:00,HOLD_RETEST,AMBIGUOUS_E10_BOUNDARY_INTERACTION,2022-09-22 08:20:00+00:00,True,True,True,True,2022-09-22 08:20:00+00:00,2022-09-22 08:30:00+00:00,False,1.0,False,False,75.0
2022-09-23,development,2022-09-23 07:00:00+00:00,2022-09-23 12:00:00+00:00,1.0,BST,277.6,272.58,5.020000000000039,DOWN_BREAK,2022-09-23 08:50:00+00:00,1.0,1,2022-09-23 08:55:00+00:00,ACCEPT_BACK_INSIDE,ACCEPT_BACK_INSIDE,2022-09-23 08:55:00+00:00,False,False,False,False,,,False,,False,False,110.0
2022-09-26,development,2022-09-26 07:00:00+00:00,2022-09-26 12:00:00+00:00,1.0,BST,276.54,270.53,6.010000000000048,NO_BREAK,,,NA,,NA,NO_BREAK,,False,False,False,False,,,False,,False,False,
2022-09-27,development,2022-09-27 07:00:00+00:00,2022-09-27 12:00:00+00:00,1.0,BST,286.65,274.54,12.109999999999957,NO_BREAK,,,NA,,NA,NO_BREAK,,False,False,False,False,,,False,,False,False,
2022-09-28,development,2022-09-28 07:00:00+00:00,2022-09-28 12:00:00+00:00,1.0,BST,273.5,266.2,7.300000000000011,UP_BREAK,2022-09-28 10:40:00+00:00,1.0,1,2022-09-28 10:45:00+00:00,ACCEPT_BACK_INSIDE,ACCEPT_BACK_INSIDE,2022-09-28 10:45:00+00:00,False,False,False,False,,,False,,False,False,220.0
2022-09-29,development,2022-09-29 07:00:00+00:00,2022-09-29 12:00:00+00:00,1.0,BST,285.45,280.97,4.479999999999961,DOWN_BREAK,2022-09-29 07:25:00+00:00,4.0,3+,2022-09-29 07:55:00+00:00,ACCEPT_BACK_INSIDE,DIRECT_E10,2022-09-29 07:30:00+00:00,True,True,True,False,2022-09-29 07:30:00+00:00,2022-09-29 07:45:00+00:00,False,0.0,False,False,25.0
2022-09-30,development,2022-09-30 07:00:00+00:00,2022-09-30 12:00:00+00:00,1.0,BST,285.41,281.66,3.75,UP_BREAK,2022-09-30 07:45:00+00:00,1.0,1,2022-09-30 10:50:00+00:00,ACCEPT_BACK_INSIDE,DIRECT_E10,2022-09-30 07:50:00+00:00,True,True,True,True,2022-09-30 07:50:00+00:00,2022-09-30 07:50:00+00:00,False,0.0,False,False,45.0
2022-10-03,development,2022-10-03 07:00:00+00:00,2022-10-03 12:00:00+00:00,1.0,BST,287.43,282.9,4.53000000000003,NO_BREAK,,,NA,,NA,NO_BREAK,,False,False,False,False,,,False,,False,False,
2022-10-04,development,2022-10-04 07:00:00+00:00,2022-10-04 12:00:00+00:00,1.0,BST,288.47,285.51,2.9600000000000364,UP_BREAK,2022-10-04 07:00:00+00:00,0.0,0,,NO_RETEST,DIRECT_E10,2022-10-04 07:05:00+00:00,True,True,True,True,2022-10-04 07:05:00+00:00,2022-10-04 07:05:00+00:00,False,0.0,False,False,0.0
2022-10-05,development,2022-10-05 07:00:00+00:00,2022-10-05 12:00:00+00:00,1.0,BST,296.63,293.85,2.7799999999999727,DOWN_BREAK,2022-10-05 08:05:00+00:00,0.0,0,,NO_RETEST,DIRECT_E10,2022-10-05 08:10:00+00:00,True,True,True,True,2022-10-05 08:10:00+00:00,2022-10-05 08:10:00+00:00,False,0.0,False,False,65.0
2022-10-06,development,2022-10-06 07:00:00+00:00,2022-10-06 12:00:00+00:00,1.0,BST,297.8,293.38,4.420000000000016,NO_BREAK,,,NA,,NA,NO_BREAK,,False,False,False,False,,,False,,False,False,
2022-10-07,development,2022-10-07 07:00:00+00:00,2022-10-07 12:00:00+00:00,1.0,BST,287.26,282.1,5.159999999999968,NO_BREAK,,,NA,,NA,NO_BREAK,,False,False,False,False,,,False,,False,False,
2022-10-10,development,2022-10-10 07:00:00+00:00,2022-10-10 12:00:00+00:00,1.0,BST,279.1,276.29,2.8100000000000023,DOWN_BREAK,2022-10-10 08:05:00+00:00,0.0,0,,NO_RETEST,DIRECT_E10,2022-10-10 08:10:00+00:00,True,True,True,True,2022-10-10 08:10:00+00:00,2022-10-10 08:10:00+00:00,False,0.0,False,False,65.0
2022-10-11,development,2022-10-11 07:00:00+00:00,2022-10-11 12:00:00+00:00,1.0,BST,273.06,267.0,6.060000000000002,NO_BREAK,,,NA,,NA,NO_BREAK,,False,False,False,False,,,False,,False,False,
2022-10-12,development,2022-10-12 07:00:00+00:00,2022-10-12 12:00:00+00:00,1.0,BST,272.88,270.22,2.659999999999968,NO_BREAK,,,NA,,NA,NO_BREAK,,False,False,False,False,,,False,,False,False,
2022-10-13,development,2022-10-13 07:00:00+00:00,2022-10-13 12:00:00+00:00,1.0,BST,272.24,265.58,6.660000000000025,DOWN_BREAK,2022-10-13 07:10:00+00:00,3.0,3+,2022-10-13 07:20:00+00:00,HOLD_RETEST,DIRECT_E10,2022-10-13 07:15:00+00:00,True,True,True,True,2022-10-13 07:15:00+00:00,2022-10-13 07:35:00+00:00,False,1.0,False,False,10.0
2022-10-14,development,2022-10-14 07:00:00+00:00,2022-10-14 12:00:00+00:00,1.0,BST,276.65,271.0,5.649999999999977,NO_BREAK,,,NA,,NA,NO_BREAK,,False,False,False,False,,,False,,False,False,
2022-10-17,development,2022-10-17 07:00:00+00:00,2022-10-17 12:00:00+00:00,1.0,BST,272.97,269.51,3.4600000000000364,UP_BREAK,2022-10-17 10:50:00+00:00,2.0,2,2022-10-17 10:55:00+00:00,HOLD_RETEST,BOUNDARY_HOLD_RETEST,2022-10-17 10:55:00+00:00,True,True,True,False,2022-10-17 11:10:00+00:00,2022-10-17 11:10:00+00:00,False,1.0,True,True,230.0
2022-10-18,development,2022-10-18 07:00:00+00:00,2022-10-18 12:00:00+00:00,1.0,BST,275.9,273.72,2.17999999999995,DOWN_BREAK,2022-10-18 08:40:00+00:00,1.0,1,2022-10-18 11:50:00+00:00,HOLD_RETEST,DIRECT_E10,2022-10-18 08:45:00+00:00,True,True,True,True,2022-10-18 08:45:00+00:00,2022-10-18 08:45:00+00:00,False,0.0,False,False,100.0
2022-10-19,development,2022-10-19 07:00:00+00:00,2022-10-19 12:00:00+00:00,1.0,BST,273.76,270.33,3.430000000000007,NO_BREAK,,,NA,,NA,NO_BREAK,,False,False,False,False,,,False,,False,False,
2022-10-20,development,2022-10-20 07:00:00+00:00,2022-10-20 12:00:00+00:00,1.0,BST,272.81,268.46,4.350000000000023,UP_BREAK,2022-10-20 10:50:00+00:00,1.0,1,2022-10-20 10:55:00+00:00,ACCEPT_BACK_INSIDE,ACCEPT_BACK_INSIDE,2022-10-20 10:55:00+00:00,False,False,False,False,,,False,,False,False,230.0
2022-10-21,development,2022-10-21 07:00:00+00:00,2022-10-21 12:00:00+00:00,1.0,BST,269.26,265.18,4.079999999999984,NO_BREAK,,,NA,,NA,NO_BREAK,,False,False,False,False,,,False,,False,False,
2022-10-24,development,2022-10-24 07:00:00+00:00,2022-10-24 12:00:00+00:00,1.0,BST,277.38,273.06,4.319999999999993,DOWN_BREAK,2022-10-24 07:15:00+00:00,2.0,2,2022-10-24 07:20:00+00:00,HOLD_RETEST,BOUNDARY_HOLD_RETEST,2022-10-24 07:20:00+00:00,True,False,False,False,2022-10-24 07:25:00+00:00,,False,,True,False,15.0
2022-10-25,development,2022-10-25 07:00:00+00:00,2022-10-25 12:00:00+00:00,1.0,BST,274.76,273.01,1.75,DOWN_BREAK,2022-10-25 08:25:00+00:00,2.0,2,2022-10-25 08:30:00+00:00,ACCEPT_BACK_INSIDE,ACCEPT_BACK_INSIDE,2022-10-25 08:30:00+00:00,True,True,True,True,2022-10-25 08:55:00+00:00,2022-10-25 08:55:00+00:00,False,1.0,False,False,85.0
2022-10-26,development,2022-10-26 07:00:00+00:00,2022-10-26 12:00:00+00:00,1.0,BST,286.66,283.14,3.5200000000000387,UP_BREAK,2022-10-26 07:25:00+00:00,1.0,1,2022-10-26 07:30:00+00:00,HOLD_RETEST,AMBIGUOUS_E10_BOUNDARY_INTERACTION,2022-10-26 07:30:00+00:00,True,True,True,True,2022-10-26 07:30:00+00:00,2022-10-26 08:35:00+00:00,False,1.0,False,False,25.0
2022-10-27,development,2022-10-27 07:00:00+00:00,2022-10-27 12:00:00+00:00,1.0,BST,293.22,287.73,5.490000000000009,DOWN_BREAK,2022-10-27 09:10:00+00:00,2.0,2,2022-10-27 09:15:00+00:00,HOLD_RETEST,AMBIGUOUS_E10_BOUNDARY_INTERACTION,2022-10-27 09:15:00+00:00,True,False,False,False,2022-10-27 09:15:00+00:00,,False,,False,False,130.0
2022-10-28,development,2022-10-28 07:00:00+00:00,2022-10-28 12:00:00+00:00,1.0,BST,288.14,284.86,3.2799999999999727,NO_BREAK,,,NA,,NA,NO_BREAK,,False,False,False,False,,,False,,False,False,
2022-10-31,development,2022-10-31 08:00:00+00:00,2022-10-31 13:00:00+00:00,0.0,GMT,315.0,306.41,8.589999999999975,UP_BREAK,2022-10-31 09:30:00+00:00,0.0,0,,NO_RETEST,DIRECT_E10,2022-10-31 09:35:00+00:00,True,True,True,True,2022-10-31 09:35:00+00:00,2022-10-31 09:35:00+00:00,False,0.0,False,False,90.0
2022-11-01,development,2022-11-01 08:00:00+00:00,2022-11-01 13:00:00+00:00,0.0,GMT,334.25,323.35,10.899999999999977,DOWN_BREAK,2022-11-01 11:40:00+00:00,2.0,2,2022-11-01 11:45:00+00:00,ACCEPT_BACK_INSIDE,ACCEPT_BACK_INSIDE,2022-11-01 11:45:00+00:00,True,True,False,False,2022-11-01 12:05:00+00:00,2022-11-01 12:05:00+00:00,False,1.0,False,False,220.0
2022-11-02,development,2022-11-02 08:00:00+00:00,2022-11-02 13:00:00+00:00,0.0,GMT,327.89,318.89,9.0,DOWN_BREAK,2022-11-02 09:30:00+00:00,2.0,2,2022-11-02 09:35:00+00:00,ACCEPT_BACK_INSIDE,ACCEPT_BACK_INSIDE,2022-11-02 09:35:00+00:00,True,True,True,False,2022-11-02 09:55:00+00:00,2022-11-02 09:55:00+00:00,False,1.0,False,False,90.0
2022-11-03,development,2022-11-03 08:00:00+00:00,2022-11-03 13:00:00+00:00,0.0,GMT,339.0,317.83,21.170000000000016,NO_BREAK,,,NA,,NA,NO_BREAK,,False,False,False,False,,,False,,False,False,
2022-11-04,development,2022-11-04 08:00:00+00:00,2022-11-04 13:00:00+00:00,0.0,GMT,347.0,327.97,19.029999999999973,UP_BREAK,2022-11-04 08:30:00+00:00,1.0,1,2022-11-04 11:35:00+00:00,ACCEPT_BACK_INSIDE,DIRECT_E10,2022-11-04 08:35:00+00:00,True,True,True,False,2022-11-04 08:35:00+00:00,2022-11-04 08:35:00+00:00,False,0.0,False,False,30.0
2022-11-07,development,2022-11-07 08:00:00+00:00,2022-11-07 13:00:00+00:00,0.0,GMT,342.3,327.0,15.300000000000011,NO_BREAK,,,NA,,NA,NO_BREAK,,False,False,False,False,,,False,,False,False,
2022-11-08,development,2022-11-08 08:00:00+00:00,2022-11-08 13:00:00+00:00,0.0,GMT,348.74,307.85,40.889999999999986,NO_BREAK,,,NA,,NA,NO_BREAK,,False,False,False,False,,,False,,False,False,
2022-11-09,development,2022-11-09 08:00:00+00:00,2022-11-09 13:00:00+00:00,0.0,GMT,332.64,310.75,21.889999999999986,DOWN_BREAK,2022-11-09 08:15:00+00:00,1.0,1,2022-11-09 08:20:00+00:00,HOLD_RETEST,AMBIGUOUS_E10_BOUNDARY_INTERACTION,2022-11-09 08:20:00+00:00,True,True,True,True,2022-11-09 08:20:00+00:00,2022-11-09 08:30:00+00:00,False,1.0,False,False,15.0
2022-11-10,development,2022-11-10 08:00:00+00:00,2022-11-10 13:00:00+00:00,0.0,GMT,286.55,262.11,24.439999999999998,NO_BREAK,,,NA,,NA,NO_BREAK,,False,False,False,False,,,False,,False,False,
2022-11-11,development,2022-11-11 08:00:00+00:00,2022-11-11 13:00:00+00:00,0.0,GMT,305.92,288.16,17.75999999999999,NO_BREAK,,,NA,,NA,NO_BREAK,,False,False,False,False,,,False,,False,False,
2022-11-14,development,2022-11-14 08:00:00+00:00,2022-11-14 13:00:00+00:00,0.0,GMT,282.0,267.58,14.420000000000016,UP_BREAK,2022-11-14 08:00:00+00:00,2.0,2,2022-11-14 08:05:00+00:00,ACCEPT_BACK_INSIDE,ACCEPT_BACK_INSIDE,2022-11-14 08:05:00+00:00,True,True,True,False,2022-11-14 08:10:00+00:00,2022-11-14 10:35:00+00:00,False,2.0,False,False,0.0
2022-11-15,development,2022-11-15 08:00:00+00:00,2022-11-15 13:00:00+00:00,0.0,GMT,282.29,276.17,6.1200000000000045,DOWN_BREAK,2022-11-15 09:20:00+00:00,4.0,3+,2022-11-15 09:50:00+00:00,HOLD_RETEST,DIRECT_E10,2022-11-15 09:25:00+00:00,True,True,True,False,2022-11-15 09:25:00+00:00,2022-11-15 09:25:00+00:00,False,0.0,False,False,80.0
2022-11-16,development,2022-11-16 08:00:00+00:00,2022-11-16 13:00:00+00:00,0.0,GMT,280.23,275.75,4.480000000000018,DOWN_BREAK,2022-11-16 08:10:00+00:00,1.0,1,2022-11-16 08:20:00+00:00,HOLD_RETEST,DIRECT_E10,2022-11-16 08:15:00+00:00,True,True,True,True,2022-11-16 08:15:00+00:00,2022-11-16 08:15:00+00:00,False,0.0,False,False,10.0
2022-11-17,development,2022-11-17 08:00:00+00:00,2022-11-17 13:00:00+00:00,0.0,GMT,273.4,265.57,7.829999999999984,DOWN_BREAK,2022-11-17 09:35:00+00:00,2.0,2,2022-11-17 09:40:00+00:00,ACCEPT_BACK_INSIDE,ACCEPT_BACK_INSIDE,2022-11-17 09:40:00+00:00,True,True,True,False,2022-11-17 09:45:00+00:00,2022-11-17 09:50:00+00:00,False,1.0,False,False,95.0
2022-11-18,development,2022-11-18 08:00:00+00:00,2022-11-18 13:00:00+00:00,0.0,GMT,273.58,267.51,6.069999999999993,UP_BREAK,2022-11-18 12:00:00+00:00,1.0,1,2022-11-18 12:10:00+00:00,HOLD_RETEST,DIRECT_E10,2022-11-18 12:05:00+00:00,True,False,False,False,2022-11-18 12:05:00+00:00,,False,,False,False,240.0
2022-11-21,development,2022-11-21 08:00:00+00:00,2022-11-21 13:00:00+00:00,0.0,GMT,265.08,255.19,9.889999999999986,NO_BREAK,,,NA,,NA,NO_BREAK,,False,False,False,False,,,False,,False,False,
2022-11-22,development,2022-11-22 08:00:00+00:00,2022-11-22 13:00:00+00:00,0.0,GMT,257.34,252.01,5.329999999999984,NO_BREAK,,,NA,,NA,NO_BREAK,,False,False,False,False,,,False,,False,False,
2022-11-23,development,2022-11-23 08:00:00+00:00,2022-11-23 13:00:00+00:00,0.0,GMT,275.68,264.8,10.879999999999995,UP_BREAK,2022-11-23 08:00:00+00:00,0.0,0,,NO_RETEST,DIRECT_E10,2022-11-23 08:05:00+00:00,True,True,True,True,2022-11-23 08:05:00+00:00,2022-11-23 08:05:00+00:00,False,0.0,False,False,0.0
2022-11-24,development,2022-11-24 08:00:00+00:00,2022-11-24 13:00:00+00:00,0.0,GMT,303.84,293.81,10.029999999999973,NO_BREAK,,,NA,,NA,NO_BREAK,,False,False,False,False,,,False,,False,False,
2022-11-25,development,2022-11-25 08:00:00+00:00,2022-11-25 13:00:00+00:00,0.0,GMT,301.43,293.63,7.800000000000011,UP_BREAK,2022-11-25 12:15:00+00:00,1.0,1,2022-11-25 12:40:00+00:00,ACCEPT_BACK_INSIDE,DIRECT_E10,2022-11-25 12:20:00+00:00,True,True,True,True,2022-11-25 12:20:00+00:00,2022-11-25 12:20:00+00:00,False,0.0,False,False,255.0
2022-11-28,development,2022-11-28 08:00:00+00:00,2022-11-28 13:00:00+00:00,0.0,GMT,309.19,286.0,23.189999999999998,NO_BREAK,,,NA,,NA,NO_BREAK,,False,False,False,False,,,False,,False,False,
2022-11-29,development,2022-11-29 08:00:00+00:00,2022-11-29 13:00:00+00:00,0.0,GMT,304.4,288.51,15.889999999999986,UP_BREAK,2022-11-29 09:05:00+00:00,1.0,1,2022-11-29 09:15:00+00:00,HOLD_RETEST,BOUNDARY_HOLD_RETEST,2022-11-29 09:15:00+00:00,False,False,False,False,,,False,,False,False,65.0
2022-11-30,development,2022-11-30 08:00:00+00:00,2022-11-30 13:00:00+00:00,0.0,GMT,305.27,294.34,10.930000000000007,NO_BREAK,,,NA,,NA,NO_BREAK,,False,False,False,False,,,False,,False,False,
2022-12-01,development,2022-12-01 08:00:00+00:00,2022-12-01 13:00:00+00:00,0.0,GMT,301.53,294.2,7.329999999999984,NO_BREAK,,,NA,,NA,NO_BREAK,,False,False,False,False,,,False,,False,False,
2022-12-02,development,2022-12-02 08:00:00+00:00,2022-12-02 13:00:00+00:00,0.0,GMT,294.0,285.31,8.689999999999998,NO_BREAK,,,NA,,NA,NO_BREAK,,False,False,False,False,,,False,,False,False,
2022-12-05,development,2022-12-05 08:00:00+00:00,2022-12-05 13:00:00+00:00,0.0,GMT,297.25,291.47,5.779999999999973,NO_BREAK,,,NA,,NA,NO_BREAK,,False,False,False,False,,,False,,False,False,
2022-12-06,development,2022-12-06 08:00:00+00:00,2022-12-06 13:00:00+00:00,0.0,GMT,290.54,288.2,2.340000000000032,DOWN_BREAK,2022-12-06 10:00:00+00:00,3.0,3+,2022-12-06 10:05:00+00:00,ACCEPT_BACK_INSIDE,AMBIGUOUS_E10_BOUNDARY_INTERACTION,2022-12-06 10:05:00+00:00,True,True,True,True,2022-12-06 10:05:00+00:00,2022-12-06 10:25:00+00:00,False,1.0,False,False,120.0
2022-12-07,development,2022-12-07 08:00:00+00:00,2022-12-07 13:00:00+00:00,0.0,GMT,291.0,280.0,11.0,NO_BREAK,,,NA,,NA,NO_BREAK,,False,False,False,False,,,False,,False,False,
2022-12-08,development,2022-12-08 08:00:00+00:00,2022-12-08 13:00:00+00:00,0.0,GMT,285.76,282.29,3.4699999999999704,UP_BREAK,2022-12-08 08:00:00+00:00,1.0,1,2022-12-08 08:05:00+00:00,ACCEPT_BACK_INSIDE,AMBIGUOUS_E10_BOUNDARY_INTERACTION,2022-12-08 08:05:00+00:00,True,False,False,False,2022-12-08 08:05:00+00:00,,False,,False,False,0.0
2022-12-09,development,2022-12-09 08:00:00+00:00,2022-12-09 13:00:00+00:00,0.0,GMT,291.4,288.72,2.67999999999995,UP_BREAK,2022-12-09 10:05:00+00:00,1.0,1,2022-12-09 10:10:00+00:00,ACCEPT_BACK_INSIDE,AMBIGUOUS_E10_BOUNDARY_INTERACTION,2022-12-09 10:10:00+00:00,True,True,False,False,2022-12-09 10:10:00+00:00,2022-12-09 12:40:00+00:00,False,1.0,False,False,125.0
2022-12-12,development,2022-12-12 08:00:00+00:00,2022-12-12 13:00:00+00:00,0.0,GMT,285.74,280.09,5.650000000000034,DOWN_BREAK,2022-12-12 12:20:00+00:00,0.0,0,,NO_RETEST,DIRECT_E10,2022-12-12 12:25:00+00:00,True,True,True,True,2022-12-12 12:25:00+00:00,2022-12-12 12:25:00+00:00,False,0.0,False,False,260.0
2022-12-13,development,2022-12-13 08:00:00+00:00,2022-12-13 13:00:00+00:00,0.0,GMT,277.29,255.34,21.950000000000017,NO_BREAK,,,NA,,NA,NO_BREAK,,False,False,False,False,,,False,,False,False,
2022-12-14,development,2022-12-14 08:00:00+00:00,2022-12-14 13:00:00+00:00,0.0,GMT,278.67,271.41,7.259999999999991,NO_BREAK,,,NA,,NA,NO_BREAK,,False,False,False,False,,,False,,False,False,
2022-12-15,development,2022-12-15 08:00:00+00:00,2022-12-15 13:00:00+00:00,0.0,GMT,268.14,261.22,6.919999999999959,NO_BREAK,,,NA,,NA,NO_BREAK,,False,False,False,False,,,False,,False,False,
2022-12-16,development,2022-12-16 08:00:00+00:00,2022-12-16 13:00:00+00:00,0.0,GMT,264.77,257.6,7.169999999999959,DOWN_BREAK,2022-12-16 09:00:00+00:00,0.0,0,,NO_RETEST,DIRECT_E10,2022-12-16 09:05:00+00:00,True,True,True,True,2022-12-16 09:05:00+00:00,2022-12-16 09:05:00+00:00,False,0.0,False,False,60.0
2022-12-19,development,2022-12-19 08:00:00+00:00,2022-12-19 13:00:00+00:00,0.0,GMT,252.87,245.01,7.860000000000014,NO_BREAK,,,NA,,NA,NO_BREAK,,False,False,False,False,,,False,,False,False,
2022-12-20,development,2022-12-20 08:00:00+00:00,2022-12-20 13:00:00+00:00,0.0,GMT,251.3,239.03,12.27000000000001,NO_BREAK,,,NA,,NA,NO_BREAK,,False,False,False,False,,,False,,False,False,
2022-12-21,development,2022-12-21 08:00:00+00:00,2022-12-21 13:00:00+00:00,0.0,GMT,251.35,246.61,4.739999999999981,NO_BREAK,,,NA,,NA,NO_BREAK,,False,False,False,False,,,False,,False,False,
2022-12-22,development,2022-12-22 08:00:00+00:00,2022-12-22 13:00:00+00:00,0.0,GMT,248.27,244.36,3.9099999999999966,NO_BREAK,,,NA,,NA,NO_BREAK,,False,False,False,False,,,False,,False,False,
2022-12-23,development,2022-12-23 08:00:00+00:00,2022-12-23 13:00:00+00:00,0.0,GMT,248.74,244.66,4.0800000000000125,NO_BREAK,,,NA,,NA,NO_BREAK,,False,False,False,False,,,False,,False,False,
2022-12-26,development,2022-12-26 08:00:00+00:00,2022-12-26 13:00:00+00:00,0.0,GMT,244.9,242.2,2.700000000000017,NO_BREAK,,,NA,,NA,NO_BREAK,,False,False,False,False,,,False,,False,False,
2022-12-27,development,2022-12-27 08:00:00+00:00,2022-12-27 13:00:00+00:00,0.0,GMT,246.56,242.79,3.7700000000000102,DOWN_BREAK,2022-12-27 08:10:00+00:00,3.0,3+,2022-12-27 08:15:00+00:00,ACCEPT_BACK_INSIDE,ACCEPT_BACK_INSIDE,2022-12-27 08:15:00+00:00,True,False,False,False,2022-12-27 08:55:00+00:00,,False,,False,False,10.0
2022-12-28,development,2022-12-28 08:00:00+00:00,2022-12-28 13:00:00+00:00,0.0,GMT,247.37,241.28,6.090000000000003,NO_BREAK,,,NA,,NA,NO_BREAK,,False,False,False,False,,,False,,False,False,
2022-12-29,development,2022-12-29 08:00:00+00:00,2022-12-29 13:00:00+00:00,0.0,GMT,245.94,243.14,2.8000000000000114,UP_BREAK,2022-12-29 09:20:00+00:00,3.0,3+,2022-12-29 09:25:00+00:00,ACCEPT_BACK_INSIDE,AMBIGUOUS_E10_BOUNDARY_INTERACTION,2022-12-29 09:25:00+00:00,True,False,False,False,2022-12-29 09:25:00+00:00,,False,,False,False,80.0
2022-12-30,development,2022-12-30 08:00:00+00:00,2022-12-30 13:00:00+00:00,0.0,GMT,246.54,242.53,4.009999999999991,NO_BREAK,,,NA,,NA,NO_BREAK,,False,False,False,False,,,False,,False,False,
2023-01-02,development,2023-01-02 08:00:00+00:00,2023-01-02 13:00:00+00:00,0.0,GMT,247.0,240.4,6.599999999999994,UP_BREAK,2023-01-02 08:30:00+00:00,3.0,3+,2023-01-02 08:40:00+00:00,HOLD_RETEST,BOUNDARY_HOLD_RETEST,2023-01-02 08:40:00+00:00,True,False,False,False,2023-01-02 09:00:00+00:00,,False,,True,False,30.0
2023-01-03,development,2023-01-03 08:00:00+00:00,2023-01-03 13:00:00+00:00,0.0,GMT,246.9,244.63,2.2700000000000102,NO_BREAK,,,NA,,NA,NO_BREAK,,False,False,False,False,,,False,,False,False,
2023-01-04,development,2023-01-04 08:00:00+00:00,2023-01-04 13:00:00+00:00,0.0,GMT,258.71,245.47,13.23999999999998,NO_BREAK,,,NA,,NA,NO_BREAK,,False,False,False,False,,,False,,False,False,
2023-01-05,development,2023-01-05 08:00:00+00:00,2023-01-05 13:00:00+00:00,0.0,GMT,258.9,256.24,2.659999999999968,DOWN_BREAK,2023-01-05 09:30:00+00:00,3.0,3+,2023-01-05 09:35:00+00:00,HOLD_RETEST,AMBIGUOUS_E10_BOUNDARY_INTERACTION,2023-01-05 09:35:00+00:00,True,True,True,False,2023-01-05 09:35:00+00:00,2023-01-05 09:45:00+00:00,False,1.0,False,False,90.0
2023-01-06,development,2023-01-06 08:00:00+00:00,2023-01-06 13:00:00+00:00,0.0,GMT,258.66,255.1,3.5600000000000307,DOWN_BREAK,2023-01-06 12:25:00+00:00,1.0,1,2023-01-06 12:30:00+00:00,ACCEPT_BACK_INSIDE,AMBIGUOUS_E10_BOUNDARY_INTERACTION,2023-01-06 12:30:00+00:00,True,False,False,False,2023-01-06 12:30:00+00:00,,False,,False,False,265.0
2023-01-09,development,2023-01-09 08:00:00+00:00,2023-01-09 13:00:00+00:00,0.0,GMT,280.99,273.55,7.439999999999998,NO_BREAK,,,NA,,NA,NO_BREAK,,False,False,False,False,,,False,,False,False,
2023-01-10,development,2023-01-10 08:00:00+00:00,2023-01-10 13:00:00+00:00,0.0,GMT,276.2,270.07,6.1299999999999955,UP_BREAK,2023-01-10 11:00:00+00:00,1.0,1,2023-01-10 11:15:00+00:00,ACCEPT_BACK_INSIDE,ACCEPT_BACK_INSIDE,2023-01-10 11:15:00+00:00,False,False,False,False,,,False,,False,False,180.0
2023-01-11,development,2023-01-11 08:00:00+00:00,2023-01-11 13:00:00+00:00,0.0,GMT,277.82,273.91,3.909999999999968,UP_BREAK,2023-01-11 09:15:00+00:00,6.0,3+,2023-01-11 09:20:00+00:00,HOLD_RETEST,BOUNDARY_HOLD_RETEST,2023-01-11 09:20:00+00:00,True,False,False,False,2023-01-11 09:40:00+00:00,,False,,True,False,75.0
2023-01-12,development,2023-01-12 08:00:00+00:00,2023-01-12 13:00:00+00:00,0.0,GMT,288.2,283.83,4.3700000000000045,DOWN_BREAK,2023-01-12 08:05:00+00:00,2.0,2,2023-01-12 08:10:00+00:00,HOLD_RETEST,AMBIGUOUS_E10_BOUNDARY_INTERACTION,2023-01-12 08:10:00+00:00,True,True,True,False,2023-01-12 08:10:00+00:00,2023-01-12 08:35:00+00:00,False,1.0,False,False,5.0
2023-01-13,development,2023-01-13 08:00:00+00:00,2023-01-13 13:00:00+00:00,0.0,GMT,291.78,285.44,6.339999999999975,DOWN_BREAK,2023-01-13 12:50:00+00:00,1.0,1,2023-01-13 12:55:00+00:00,ACCEPT_BACK_INSIDE,ACCEPT_BACK_INSIDE,2023-01-13 12:55:00+00:00,False,False,False,False,,,False,,False,False,290.0
2023-01-16,development,2023-01-16 08:00:00+00:00,2023-01-16 13:00:00+00:00,0.0,GMT,308.19,300.28,7.910000000000025,DOWN_BREAK,2023-01-16 08:05:00+00:00,1.0,1,2023-01-16 12:00:00+00:00,HOLD_RETEST,DIRECT_E10,2023-01-16 08:10:00+00:00,True,True,True,True,2023-01-16 08:10:00+00:00,2023-01-16 08:10:00+00:00,False,0.0,False,False,5.0
2023-01-17,development,2023-01-17 08:00:00+00:00,2023-01-17 13:00:00+00:00,0.0,GMT,301.47,294.0,7.470000000000027,UP_BREAK,2023-01-17 08:15:00+00:00,2.0,2,2023-01-17 08:20:00+00:00,HOLD_RETEST,AMBIGUOUS_E10_BOUNDARY_INTERACTION,2023-01-17 08:20:00+00:00,True,True,False,False,2023-01-17 08:20:00+00:00,2023-01-17 11:55:00+00:00,False,2.0,False,False,15.0
2023-01-18,development,2023-01-18 08:00:00+00:00,2023-01-18 13:00:00+00:00,0.0,GMT,305.48,298.38,7.100000000000023,NO_BREAK,,,NA,,NA,NO_BREAK,,False,False,False,False,,,False,,False,False,
2023-01-19,development,2023-01-19 08:00:00+00:00,2023-01-19 13:00:00+00:00,0.0,GMT,291.37,286.18,5.189999999999998,UP_BREAK,2023-01-19 08:35:00+00:00,2.0,2,2023-01-19 08:40:00+00:00,ACCEPT_BACK_INSIDE,ACCEPT_BACK_INSIDE,2023-01-19 08:40:00+00:00,False,False,False,False,,,False,,False,False,35.0
2023-01-20,development,2023-01-20 08:00:00+00:00,2023-01-20 13:00:00+00:00,0.0,GMT,296.34,286.69,9.649999999999977,NO_BREAK,,,NA,,NA,NO_BREAK,,False,False,False,False,,,False,,False,False,
2023-01-23,development,2023-01-23 08:00:00+00:00,2023-01-23 13:00:00+00:00,0.0,GMT,308.24,302.86,5.3799999999999955,NO_BREAK,,,NA,,NA,NO_BREAK,,False,False,False,False,,,False,,False,False,
2023-01-24,development,2023-01-24 08:00:00+00:00,2023-01-24 13:00:00+00:00,0.0,GMT,324.08,303.25,20.829999999999984,NO_BREAK,,,NA,,NA,NO_BREAK,,False,False,False,False,,,False,,False,False,
2023-01-25,development,2023-01-25 08:00:00+00:00,2023-01-25 13:00:00+00:00,0.0,GMT,303.75,292.8,10.949999999999989,UP_BREAK,2023-01-25 08:00:00+00:00,1.0,1,2023-01-25 08:05:00+00:00,ACCEPT_BACK_INSIDE,ACCEPT_BACK_INSIDE,2023-01-25 08:05:00+00:00,False,False,False,False,,,False,,False,False,0.0
2023-01-26,development,2023-01-26 08:00:00+00:00,2023-01-26 13:00:00+00:00,0.0,GMT,309.49,304.75,4.740000000000009,DOWN_BREAK,2023-01-26 09:20:00+00:00,4.0,3+,2023-01-26 09:45:00+00:00,HOLD_RETEST,DIRECT_E10,2023-01-26 09:25:00+00:00,True,True,True,False,2023-01-26 09:25:00+00:00,2023-01-26 09:30:00+00:00,False,0.0,False,False,80.0
2023-01-27,development,2023-01-27 08:00:00+00:00,2023-01-27 13:00:00+00:00,0.0,GMT,306.0,298.55,7.449999999999989,NO_BREAK,,,NA,,NA,NO_BREAK,,False,False,False,False,,,False,,False,False,
2023-01-30,development,2023-01-30 08:00:00+00:00,2023-01-30 13:00:00+00:00,0.0,GMT,321.26,312.25,9.009999999999991,DOWN_BREAK,2023-01-30 08:25:00+00:00,0.0,0,,NO_RETEST,DIRECT_E10,2023-01-30 08:30:00+00:00,True,True,True,True,2023-01-30 08:30:00+00:00,2023-01-30 08:50:00+00:00,False,0.0,False,False,25.0
2023-01-31,development,2023-01-31 08:00:00+00:00,2023-01-31 13:00:00+00:00,0.0,GMT,314.47,305.32,9.150000000000034,NO_BREAK,,,NA,,NA,NO_BREAK,,False,False,False,False,,,False,,False,False,
2023-02-01,development,2023-02-01 08:00:00+00:00,2023-02-01 13:00:00+00:00,0.0,GMT,314.9,306.27,8.629999999999995,NO_BREAK,,,NA,,NA,NO_BREAK,,False,False,False,False,,,False,,False,False,
2023-02-02,development,2023-02-02 08:00:00+00:00,2023-02-02 13:00:00+00:00,0.0,GMT,334.99,316.43,18.560000000000002,NO_BREAK,,,NA,,NA,NO_BREAK,,False,False,False,False,,,False,,False,False,
2023-02-03,development,2023-02-03 08:00:00+00:00,2023-02-03 13:00:00+00:00,0.0,GMT,327.54,318.54,9.0,UP_BREAK,2023-02-03 11:50:00+00:00,0.0,0,,NO_RETEST,DIRECT_E10,2023-02-03 11:55:00+00:00,True,True,True,True,2023-02-03 11:55:00+00:00,2023-02-03 11:55:00+00:00,False,0.0,False,False,230.0
2023-02-06,development,2023-02-06 08:00:00+00:00,2023-02-06 13:00:00+00:00,0.0,GMT,330.25,320.6,9.649999999999977,NO_BREAK,,,NA,,NA,NO_BREAK,,False,False,False,False,,,False,,False,False,
2023-02-07,development,2023-02-07 08:00:00+00:00,2023-02-07 13:00:00+00:00,0.0,GMT,329.19,323.26,5.930000000000007,UP_BREAK,2023-02-07 08:00:00+00:00,1.0,1,2023-02-07 08:05:00+00:00,ACCEPT_BACK_INSIDE,ACCEPT_BACK_INSIDE,2023-02-07 08:05:00+00:00,True,True,True,False,2023-02-07 09:00:00+00:00,2023-02-07 09:10:00+00:00,False,1.0,False,False,0.0
2023-02-08,development,2023-02-08 08:00:00+00:00,2023-02-08 13:00:00+00:00,0.0,GMT,336.01,330.76,5.25,DOWN_BREAK,2023-02-08 08:05:00+00:00,3.0,3+,2023-02-08 08:10:00+00:00,HOLD_RETEST,BOUNDARY_HOLD_RETEST,2023-02-08 08:10:00+00:00,True,True,False,False,2023-02-08 09:00:00+00:00,2023-02-08 09:05:00+00:00,False,1.0,True,True,5.0
2023-02-09,development,2023-02-09 08:00:00+00:00,2023-02-09 13:00:00+00:00,0.0,GMT,329.25,316.55,12.699999999999989,NO_BREAK,,,NA,,NA,NO_BREAK,,False,False,False,False,,,False,,False,False,
2023-02-10,development,2023-02-10 08:00:00+00:00,2023-02-10 13:00:00+00:00,0.0,GMT,307.81,302.05,5.759999999999991,UP_BREAK,2023-02-10 09:20:00+00:00,1.0,1,2023-02-10 09:55:00+00:00,ACCEPT_BACK_INSIDE,DIRECT_E10,2023-02-10 09:25:00+00:00,True,True,False,False,2023-02-10 09:25:00+00:00,2023-02-10 09:25:00+00:00,False,0.0,False,False,80.0
2023-02-13,development,2023-02-13 08:00:00+00:00,2023-02-13 13:00:00+00:00,0.0,GMT,315.91,304.39,11.520000000000039,DOWN_BREAK,2023-02-13 08:00:00+00:00,1.0,1,2023-02-13 08:05:00+00:00,HOLD_RETEST,AMBIGUOUS_E10_BOUNDARY_INTERACTION,2023-02-13 08:05:00+00:00,True,True,True,True,2023-02-13 08:05:00+00:00,2023-02-13 08:05:00+00:00,False,0.0,False,False,0.0
2023-02-14,development,2023-02-14 08:00:00+00:00,2023-02-14 13:00:00+00:00,0.0,GMT,294.12,289.6,4.519999999999982,UP_BREAK,2023-02-14 09:50:00+00:00,2.0,2,2023-02-14 09:55:00+00:00,ACCEPT_BACK_INSIDE,AMBIGUOUS_E10_BOUNDARY_INTERACTION,2023-02-14 09:55:00+00:00,True,True,True,False,2023-02-14 09:55:00+00:00,2023-02-14 12:45:00+00:00,False,1.0,False,False,110.0
2023-02-15,development,2023-02-15 08:00:00+00:00,2023-02-15 13:00:00+00:00,0.0,GMT,298.0,293.8,4.199999999999989,UP_BREAK,2023-02-15 09:35:00+00:00,1.0,1,2023-02-15 09:40:00+00:00,ACCEPT_BACK_INSIDE,ACCEPT_BACK_INSIDE,2023-02-15 09:40:00+00:00,True,True,True,True,2023-02-15 10:15:00+00:00,2023-02-15 10:15:00+00:00,False,1.0,False,False,95.0
2023-02-16,development,2023-02-16 08:00:00+00:00,2023-02-16 13:00:00+00:00,0.0,GMT,328.1,316.29,11.810000000000002,NO_BREAK,,,NA,,NA,NO_BREAK,,False,False,False,False,,,False,,False,False,
2023-02-17,development,2023-02-17 08:00:00+00:00,2023-02-17 13:00:00+00:00,0.0,GMT,310.25,302.5,7.75,UP_BREAK,2023-02-17 08:55:00+00:00,2.0,2,2023-02-17 09:05:00+00:00,ACCEPT_BACK_INSIDE,DIRECT_E10,2023-02-17 09:00:00+00:00,True,False,False,False,2023-02-17 09:00:00+00:00,,False,,False,False,55.0
2023-02-20,development,2023-02-20 08:00:00+00:00,2023-02-20 13:00:00+00:00,0.0,GMT,317.03,307.17,9.859999999999957,UP_BREAK,2023-02-20 09:40:00+00:00,1.0,1,2023-02-20 12:20:00+00:00,ACCEPT_BACK_INSIDE,DIRECT_E10,2023-02-20 09:55:00+00:00,True,True,False,False,2023-02-20 09:55:00+00:00,2023-02-20 10:10:00+00:00,False,0.0,False,False,100.0
2023-02-21,development,2023-02-21 08:00:00+00:00,2023-02-21 13:00:00+00:00,0.0,GMT,317.2,314.1,3.099999999999966,DOWN_BREAK,2023-02-21 08:35:00+00:00,2.0,2,2023-02-21 08:40:00+00:00,HOLD_RETEST,AMBIGUOUS_E10_BOUNDARY_INTERACTION,2023-02-21 08:40:00+00:00,True,True,True,True,2023-02-21 08:40:00+00:00,2023-02-21 08:40:00+00:00,False,0.0,False,False,35.0
2023-02-22,development,2023-02-22 08:00:00+00:00,2023-02-22 13:00:00+00:00,0.0,GMT,311.64,304.57,7.069999999999993,DOWN_BREAK,2023-02-22 08:35:00+00:00,1.0,1,2023-02-22 08:40:00+00:00,HOLD_RETEST,AMBIGUOUS_E10_BOUNDARY_INTERACTION,2023-02-22 08:40:00+00:00,True,False,False,False,2023-02-22 08:40:00+00:00,,False,,False,False,35.0
2023-02-23,development,2023-02-23 08:00:00+00:00,2023-02-23 13:00:00+00:00,0.0,GMT,315.0,310.5,4.5,DOWN_BREAK,2023-02-23 11:20:00+00:00,0.0,0,,NO_RETEST,DIRECT_E10,2023-02-23 11:25:00+00:00,True,True,True,True,2023-02-23 11:25:00+00:00,2023-02-23 11:25:00+00:00,False,0.0,False,False,200.0
2023-02-24,development,2023-02-24 08:00:00+00:00,2023-02-24 13:00:00+00:00,0.0,GMT,311.18,307.45,3.730000000000018,UP_BREAK,2023-02-24 08:30:00+00:00,2.0,2,2023-02-24 08:40:00+00:00,ACCEPT_BACK_INSIDE,ACCEPT_BACK_INSIDE,2023-02-24 08:40:00+00:00,True,True,False,False,2023-02-24 09:00:00+00:00,2023-02-24 09:05:00+00:00,False,1.0,False,False,30.0
2023-02-27,development,2023-02-27 08:00:00+00:00,2023-02-27 13:00:00+00:00,0.0,GMT,309.32,304.92,4.399999999999977,DOWN_BREAK,2023-02-27 08:10:00+00:00,4.0,3+,2023-02-27 09:30:00+00:00,ACCEPT_BACK_INSIDE,DIRECT_E10,2023-02-27 08:25:00+00:00,True,True,True,False,2023-02-27 08:25:00+00:00,2023-02-27 08:25:00+00:00,False,0.0,False,False,10.0
2023-02-28,development,2023-02-28 08:00:00+00:00,2023-02-28 13:00:00+00:00,0.0,GMT,305.58,301.42,4.159999999999968,DOWN_BREAK,2023-02-28 09:30:00+00:00,1.0,1,2023-02-28 09:40:00+00:00,HOLD_RETEST,BOUNDARY_HOLD_RETEST,2023-02-28 09:40:00+00:00,False,False,False,False,,,False,,False,False,90.0
2023-03-01,development,2023-03-01 08:00:00+00:00,2023-03-01 13:00:00+00:00,0.0,GMT,306.41,300.24,6.170000000000016,NO_BREAK,,,NA,,NA,NO_BREAK,,False,False,False,False,,,False,,False,False,
2023-03-02,development,2023-03-02 08:00:00+00:00,2023-03-02 13:00:00+00:00,0.0,GMT,303.73,297.6,6.1299999999999955,DOWN_BREAK,2023-03-02 08:30:00+00:00,1.0,1,2023-03-02 08:40:00+00:00,ACCEPT_BACK_INSIDE,DIRECT_E10,2023-03-02 08:35:00+00:00,True,False,False,False,2023-03-02 08:35:00+00:00,,False,,False,False,30.0
2023-03-03,development,2023-03-03 08:00:00+00:00,2023-03-03 13:00:00+00:00,0.0,GMT,300.0,285.0,15.0,NO_BREAK,,,NA,,NA,NO_BREAK,,False,False,False,False,,,False,,False,False,
2023-03-06,development,2023-03-06 08:00:00+00:00,2023-03-06 13:00:00+00:00,0.0,GMT,289.59,284.4,5.189999999999998,DOWN_BREAK,2023-03-06 08:05:00+00:00,3.0,3+,2023-03-06 08:25:00+00:00,HOLD_RETEST,DIRECT_E10,2023-03-06 08:10:00+00:00,True,True,False,False,2023-03-06 08:10:00+00:00,2023-03-06 12:05:00+00:00,False,2.0,False,False,5.0
2023-03-07,development,2023-03-07 08:00:00+00:00,2023-03-07 13:00:00+00:00,0.0,GMT,289.53,286.51,3.019999999999982,DOWN_BREAK,2023-03-07 09:20:00+00:00,3.0,3+,2023-03-07 09:25:00+00:00,HOLD_RETEST,AMBIGUOUS_E10_BOUNDARY_INTERACTION,2023-03-07 09:25:00+00:00,True,True,True,False,2023-03-07 09:25:00+00:00,2023-03-07 09:35:00+00:00,False,1.0,False,False,80.0
2023-03-08,development,2023-03-08 08:00:00+00:00,2023-03-08 13:00:00+00:00,0.0,GMT,290.6,285.0,5.600000000000023,NO_BREAK,,,NA,,NA,NO_BREAK,,False,False,False,False,,,False,,False,False,
2023-03-09,development,2023-03-09 08:00:00+00:00,2023-03-09 13:00:00+00:00,0.0,GMT,291.28,285.8,5.479999999999961,NO_BREAK,,,NA,,NA,NO_BREAK,,False,False,False,False,,,False,,False,False,
2023-03-10,development,2023-03-10 08:00:00+00:00,2023-03-10 13:00:00+00:00,0.0,GMT,276.94,270.34,6.600000000000023,DOWN_BREAK,2023-03-10 09:10:00+00:00,1.0,1,2023-03-10 09:15:00+00:00,ACCEPT_BACK_INSIDE,ACCEPT_BACK_INSIDE,2023-03-10 09:15:00+00:00,True,True,True,True,2023-03-10 09:35:00+00:00,2023-03-10 09:35:00+00:00,False,1.0,False,False,70.0
2023-03-13,development,2023-03-13 08:00:00+00:00,2023-03-13 13:00:00+00:00,0.0,GMT,310.55,285.99,24.560000000000002,NO_BREAK,,,NA,,NA,NO_BREAK,,False,False,False,False,,,False,,False,False,
2023-03-14,development,2023-03-14 08:00:00+00:00,2023-03-14 13:00:00+00:00,0.0,GMT,308.41,303.64,4.770000000000039,DOWN_BREAK,2023-03-14 08:00:00+00:00,3.0,3+,2023-03-14 08:05:00+00:00,HOLD_RETEST,AMBIGUOUS_E10_BOUNDARY_INTERACTION,2023-03-14 08:05:00+00:00,True,True,True,False,2023-03-14 08:05:00+00:00,2023-03-14 08:10:00+00:00,True,1.0,False,False,0.0
2023-03-15,development,2023-03-15 08:00:00+00:00,2023-03-15 13:00:00+00:00,0.0,GMT,312.91,306.33,6.580000000000041,DOWN_BREAK,2023-03-15 11:05:00+00:00,2.0,2,2023-03-15 11:10:00+00:00,HOLD_RETEST,BOUNDARY_HOLD_RETEST,2023-03-15 11:10:00+00:00,True,True,True,False,2023-03-15 11:15:00+00:00,2023-03-15 11:15:00+00:00,False,1.0,True,True,185.0
2023-03-16,development,2023-03-16 08:00:00+00:00,2023-03-16 13:00:00+00:00,0.0,GMT,322.28,302.92,19.359999999999957,NO_BREAK,,,NA,,NA,NO_BREAK,,False,False,False,False,,,False,,False,False,
2023-03-17,development,2023-03-17 08:00:00+00:00,2023-03-17 13:00:00+00:00,0.0,GMT,333.25,325.2,8.050000000000011,UP_BREAK,2023-03-17 09:55:00+00:00,4.0,3+,2023-03-17 10:10:00+00:00,ACCEPT_BACK_INSIDE,DIRECT_E10,2023-03-17 10:00:00+00:00,True,True,True,False,2023-03-17 10:00:00+00:00,2023-03-17 10:00:00+00:00,False,0.0,False,False,115.0
2023-03-20,development,2023-03-20 08:00:00+00:00,2023-03-20 13:00:00+00:00,0.0,GMT,336.6,330.44,6.160000000000025,UP_BREAK,2023-03-20 08:55:00+00:00,4.0,3+,2023-03-20 09:00:00+00:00,HOLD_RETEST,AMBIGUOUS_E10_BOUNDARY_INTERACTION,2023-03-20 09:00:00+00:00,True,True,False,False,2023-03-20 09:00:00+00:00,2023-03-20 10:25:00+00:00,False,2.0,False,False,55.0
2023-03-21,development,2023-03-21 08:00:00+00:00,2023-03-21 13:00:00+00:00,0.0,GMT,335.35,326.19,9.160000000000025,UP_BREAK,2023-03-21 12:45:00+00:00,1.0,1,2023-03-21 12:50:00+00:00,HOLD_RETEST,AMBIGUOUS_E10_BOUNDARY_INTERACTION,2023-03-21 12:50:00+00:00,True,False,False,False,2023-03-21 12:50:00+00:00,,False,,False,False,285.0
2023-03-22,development,2023-03-22 08:00:00+00:00,2023-03-22 13:00:00+00:00,0.0,GMT,338.4,330.63,7.769999999999982,DOWN_BREAK,2023-03-22 09:40:00+00:00,1.0,1,2023-03-22 10:00:00+00:00,HOLD_RETEST,DIRECT_E10,2023-03-22 09:45:00+00:00,True,True,True,True,2023-03-22 09:45:00+00:00,2023-03-22 09:45:00+00:00,False,0.0,False,False,100.0
2023-03-23,development,2023-03-23 08:00:00+00:00,2023-03-23 13:00:00+00:00,0.0,GMT,324.24,318.82,5.420000000000016,UP_BREAK,2023-03-23 08:00:00+00:00,3.0,3+,2023-03-23 08:05:00+00:00,HOLD_RETEST,BOUNDARY_HOLD_RETEST,2023-03-23 08:05:00+00:00,True,True,True,False,2023-03-23 09:20:00+00:00,2023-03-23 09:25:00+00:00,False,1.0,True,True,0.0
2023-03-24,development,2023-03-24 08:00:00+00:00,2023-03-24 13:00:00+00:00,0.0,GMT,329.7,324.57,5.1299999999999955,DOWN_BREAK,2023-03-24 08:05:00+00:00,0.0,0,,NO_RETEST,DIRECT_E10,2023-03-24 08:10:00+00:00,True,True,True,True,2023-03-24 08:10:00+00:00,2023-03-24 08:10:00+00:00,False,0.0,False,False,5.0
2023-03-27,development,2023-03-27 07:00:00+00:00,2023-03-27 12:00:00+00:00,1.0,BST,329.14,326.1,3.0399999999999636,DOWN_BREAK,2023-03-27 07:30:00+00:00,2.0,2,2023-03-27 07:40:00+00:00,HOLD_RETEST,DIRECT_E10,2023-03-27 07:35:00+00:00,True,True,False,False,2023-03-27 07:35:00+00:00,2023-03-27 07:50:00+00:00,False,1.0,False,False,30.0
2023-03-28,development,2023-03-28 07:00:00+00:00,2023-03-28 12:00:00+00:00,1.0,BST,312.4,306.62,5.779999999999973,NO_BREAK,,,NA,,NA,NO_BREAK,,False,False,False,False,,,False,,False,False,
2023-03-29,development,2023-03-29 07:00:00+00:00,2023-03-29 12:00:00+00:00,1.0,BST,316.85,311.87,4.980000000000018,UP_BREAK,2023-03-29 08:10:00+00:00,1.0,1,2023-03-29 11:00:00+00:00,ACCEPT_BACK_INSIDE,DIRECT_E10,2023-03-29 08:15:00+00:00,True,True,True,True,2023-03-29 08:15:00+00:00,2023-03-29 08:15:00+00:00,False,0.0,False,False,70.0
2023-03-30,development,2023-03-30 07:00:00+00:00,2023-03-30 12:00:00+00:00,1.0,BST,318.31,308.5,9.810000000000002,NO_BREAK,,,NA,,NA,NO_BREAK,,False,False,False,False,,,False,,False,False,
2023-03-31,development,2023-03-31 07:00:00+00:00,2023-03-31 12:00:00+00:00,1.0,BST,317.93,314.7,3.230000000000018,DOWN_BREAK,2023-03-31 07:20:00+00:00,2.0,2,2023-03-31 07:55:00+00:00,HOLD_RETEST,DIRECT_E10,2023-03-31 07:25:00+00:00,True,True,True,True,2023-03-31 07:25:00+00:00,2023-03-31 07:25:00+00:00,False,0.0,False,False,20.0
2023-04-03,development,2023-04-03 07:00:00+00:00,2023-04-03 12:00:00+00:00,1.0,BST,313.88,308.6,5.279999999999973,NO_BREAK,,,NA,,NA,NO_BREAK,,False,False,False,False,,,False,,False,False,
2023-04-04,development,2023-04-04 07:00:00+00:00,2023-04-04 12:00:00+00:00,1.0,BST,311.0,306.93,4.069999999999993,UP_BREAK,2023-04-04 11:05:00+00:00,1.0,1,2023-04-04 11:10:00+00:00,ACCEPT_BACK_INSIDE,ACCEPT_BACK_INSIDE,2023-04-04 11:10:00+00:00,False,False,False,False,,,False,,False,False,245.0
2023-04-05,development,2023-04-05 07:00:00+00:00,2023-04-05 12:00:00+00:00,1.0,BST,315.91,310.07,5.840000000000032,NO_BREAK,,,NA,,NA,NO_BREAK,,False,False,False,False,,,False,,False,False,
2023-04-06,development,2023-04-06 07:00:00+00:00,2023-04-06 12:00:00+00:00,1.0,BST,315.33,311.12,4.2099999999999795,DOWN_BREAK,2023-04-06 10:50:00+00:00,1.0,1,2023-04-06 10:55:00+00:00,HOLD_RETEST,BOUNDARY_HOLD_RETEST,2023-04-06 10:55:00+00:00,False,False,False,False,,,False,,False,False,230.0
2023-04-07,development,2023-04-07 07:00:00+00:00,2023-04-07 12:00:00+00:00,1.0,BST,312.6,310.53,2.07000000000005,DOWN_BREAK,2023-04-07 07:30:00+00:00,5.0,3+,2023-04-07 07:35:00+00:00,ACCEPT_BACK_INSIDE,AMBIGUOUS_E10_BOUNDARY_INTERACTION,2023-04-07 07:35:00+00:00,True,True,True,True,2023-04-07 07:35:00+00:00,2023-04-07 07:35:00+00:00,False,0.0,False,False,30.0
2023-04-10,development,2023-04-10 07:00:00+00:00,2023-04-10 12:00:00+00:00,1.0,BST,313.22,311.77,1.4500000000000455,NO_BREAK,,,NA,,NA,NO_BREAK,,False,False,False,False,,,False,,False,False,
2023-04-11,development,2023-04-11 07:00:00+00:00,2023-04-11 12:00:00+00:00,1.0,BST,333.75,315.35,18.399999999999977,NO_BREAK,,,NA,,NA,NO_BREAK,,False,False,False,False,,,False,,False,False,
2023-04-12,development,2023-04-12 07:00:00+00:00,2023-04-12 12:00:00+00:00,1.0,BST,324.6,316.74,7.860000000000014,NO_BREAK,,,NA,,NA,NO_BREAK,,False,False,False,False,,,False,,False,False,
2023-04-13,development,2023-04-13 07:00:00+00:00,2023-04-13 12:00:00+00:00,1.0,BST,320.75,317.81,2.9399999999999977,UP_BREAK,2023-04-13 08:50:00+00:00,0.0,0,,NO_RETEST,DIRECT_E10,2023-04-13 08:55:00+00:00,True,True,True,True,2023-04-13 08:55:00+00:00,2023-04-13 08:55:00+00:00,False,0.0,False,False,110.0
2023-04-14,development,2023-04-14 07:00:00+00:00,2023-04-14 12:00:00+00:00,1.0,BST,336.14,324.14,12.0,NO_BREAK,,,NA,,NA,NO_BREAK,,False,False,False,False,,,False,,False,False,
2023-04-17,development,2023-04-17 07:00:00+00:00,2023-04-17 12:00:00+00:00,1.0,BST,350.6,342.44,8.160000000000025,DOWN_BREAK,2023-04-17 10:00:00+00:00,3.0,3+,2023-04-17 10:10:00+00:00,ACCEPT_BACK_INSIDE,ACCEPT_BACK_INSIDE,2023-04-17 10:10:00+00:00,True,True,True,False,2023-04-17 10:15:00+00:00,2023-04-17 11:30:00+00:00,False,2.0,False,False,180.0
2023-04-18,development,2023-04-18 07:00:00+00:00,2023-04-18 12:00:00+00:00,1.0,BST,345.95,337.0,8.949999999999989,UP_BREAK,2023-04-18 11:40:00+00:00,1.0,1,2023-04-18 11:45:00+00:00,HOLD_RETEST,BOUNDARY_HOLD_RETEST,2023-04-18 11:45:00+00:00,False,False,False,False,,,False,,False,False,280.0
2023-04-19,development,2023-04-19 07:00:00+00:00,2023-04-19 12:00:00+00:00,1.0,BST,343.99,334.86,9.129999999999995,DOWN_BREAK,2023-04-19 08:10:00+00:00,0.0,0,,NO_RETEST,DIRECT_E10,2023-04-19 08:15:00+00:00,True,True,True,True,2023-04-19 08:15:00+00:00,2023-04-19 08:15:00+00:00,False,0.0,False,False,70.0
2023-04-20,development,2023-04-20 07:00:00+00:00,2023-04-20 12:00:00+00:00,1.0,BST,326.49,319.63,6.860000000000014,NO_BREAK,,,NA,,NA,NO_BREAK,,False,False,False,False,,,False,,False,False,
2023-04-21,development,2023-04-21 07:00:00+00:00,2023-04-21 12:00:00+00:00,1.0,BST,320.0,315.38,4.6200000000000045,UP_BREAK,2023-04-21 07:45:00+00:00,0.0,0,,NO_RETEST,DIRECT_E10,2023-04-21 07:50:00+00:00,True,True,True,True,2023-04-21 07:50:00+00:00,2023-04-21 07:50:00+00:00,False,0.0,False,False,45.0
2023-04-24,development,2023-04-24 07:00:00+00:00,2023-04-24 12:00:00+00:00,1.0,BST,333.49,328.76,4.730000000000018,DOWN_BREAK,2023-04-24 07:00:00+00:00,4.0,3+,2023-04-24 07:10:00+00:00,HOLD_RETEST,AMBIGUOUS_E10_BOUNDARY_INTERACTION,2023-04-24 07:10:00+00:00,True,True,False,False,2023-04-24 07:10:00+00:00,2023-04-24 07:20:00+00:00,False,1.0,False,False,0.0
2023-04-25,development,2023-04-25 07:00:00+00:00,2023-04-25 12:00:00+00:00,1.0,BST,331.88,329.07,2.8100000000000023,DOWN_BREAK,2023-04-25 07:00:00+00:00,5.0,3+,2023-04-25 07:05:00+00:00,ACCEPT_BACK_INSIDE,ACCEPT_BACK_INSIDE,2023-04-25 07:05:00+00:00,True,True,True,False,2023-04-25 07:20:00+00:00,2023-04-25 07:30:00+00:00,False,1.0,False,False,0.0
2023-04-26,development,2023-04-26 07:00:00+00:00,2023-04-26 12:00:00+00:00,1.0,BST,340.64,336.36,4.279999999999973,DOWN_BREAK,2023-04-26 07:30:00+00:00,2.0,2,2023-04-26 07:35:00+00:00,HOLD_RETEST,BOUNDARY_HOLD_RETEST,2023-04-26 07:35:00+00:00,True,False,False,False,2023-04-26 07:45:00+00:00,,False,,True,False,30.0
2023-04-27,development,2023-04-27 07:00:00+00:00,2023-04-27 12:00:00+00:00,1.0,BST,335.99,329.05,6.939999999999998,NO_BREAK,,,NA,,NA,NO_BREAK,,False,False,False,False,,,False,,False,False,
2023-04-28,development,2023-04-28 07:00:00+00:00,2023-04-28 12:00:00+00:00,1.0,BST,332.56,323.28,9.28000000000003,DOWN_BREAK,2023-04-28 08:30:00+00:00,0.0,0,,NO_RETEST,DIRECT_E10,2023-04-28 08:35:00+00:00,True,True,True,True,2023-04-28 08:35:00+00:00,2023-04-28 08:40:00+00:00,False,0.0,False,False,90.0
2023-05-01,development,2023-05-01 07:00:00+00:00,2023-05-01 12:00:00+00:00,1.0,BST,338.34,331.0,7.339999999999975,NO_BREAK,,,NA,,NA,NO_BREAK,,False,False,False,False,,,False,,False,False,
2023-05-02,development,2023-05-02 07:00:00+00:00,2023-05-02 12:00:00+00:00,1.0,BST,328.52,322.36,6.159999999999968,NO_BREAK,,,NA,,NA,NO_BREAK,,False,False,False,False,,,False,,False,False,
2023-05-03,development,2023-05-03 07:00:00+00:00,2023-05-03 12:00:00+00:00,1.0,BST,324.65,321.12,3.5299999999999727,NO_BREAK,,,NA,,NA,NO_BREAK,,False,False,False,False,,,False,,False,False,
2023-05-04,development,2023-05-04 07:00:00+00:00,2023-05-04 12:00:00+00:00,1.0,BST,327.3,324.86,2.4399999999999977,NO_BREAK,,,NA,,NA,NO_BREAK,,False,False,False,False,,,False,,False,False,
2023-05-05,development,2023-05-05 07:00:00+00:00,2023-05-05 12:00:00+00:00,1.0,BST,326.5,323.04,3.4599999999999795,NO_BREAK,,,NA,,NA,NO_BREAK,,False,False,False,False,,,False,,False,False,
2023-05-08,development,2023-05-08 07:00:00+00:00,2023-05-08 12:00:00+00:00,1.0,BST,322.97,315.57,7.400000000000034,DOWN_BREAK,2023-05-08 07:45:00+00:00,3.0,3+,2023-05-08 07:50:00+00:00,ACCEPT_BACK_INSIDE,ACCEPT_BACK_INSIDE,2023-05-08 07:50:00+00:00,True,True,False,False,2023-05-08 08:45:00+00:00,2023-05-08 08:55:00+00:00,False,2.0,False,False,45.0
2023-05-09,development,2023-05-09 07:00:00+00:00,2023-05-09 12:00:00+00:00,1.0,BST,315.25,312.38,2.8700000000000045,NO_BREAK,,,NA,,NA,NO_BREAK,,False,False,False,False,,,False,,False,False,
2023-05-10,development,2023-05-10 07:00:00+00:00,2023-05-10 12:00:00+00:00,1.0,BST,313.86,311.06,2.8000000000000114,DOWN_BREAK,2023-05-10 08:35:00+00:00,5.0,3+,2023-05-10 08:40:00+00:00,HOLD_RETEST,AMBIGUOUS_E10_BOUNDARY_INTERACTION,2023-05-10 08:40:00+00:00,True,True,False,False,2023-05-10 08:40:00+00:00,2023-05-10 09:00:00+00:00,False,1.0,False,False,95.0
2023-05-11,development,2023-05-11 07:00:00+00:00,2023-05-11 12:00:00+00:00,1.0,BST,315.44,311.03,4.410000000000025,DOWN_BREAK,2023-05-11 07:50:00+00:00,1.0,1,2023-05-11 08:50:00+00:00,ACCEPT_BACK_INSIDE,DIRECT_E10,2023-05-11 07:55:00+00:00,True,True,True,False,2023-05-11 07:55:00+00:00,2023-05-11 08:00:00+00:00,False,0.0,False,False,50.0
2023-05-12,development,2023-05-12 07:00:00+00:00,2023-05-12 12:00:00+00:00,1.0,BST,308.92,301.0,7.920000000000016,NO_BREAK,,,NA,,NA,NO_BREAK,,False,False,False,False,,,False,,False,False,
2023-05-15,development,2023-05-15 07:00:00+00:00,2023-05-15 12:00:00+00:00,1.0,BST,315.9,310.3,5.599999999999966,NO_BREAK,,,NA,,NA,NO_BREAK,,False,False,False,False,,,False,,False,False,
2023-05-16,development,2023-05-16 07:00:00+00:00,2023-05-16 12:00:00+00:00,1.0,BST,314.14,310.52,3.6200000000000045,DOWN_BREAK,2023-05-16 10:50:00+00:00,1.0,1,2023-05-16 10:55:00+00:00,HOLD_RETEST,BOUNDARY_HOLD_RETEST,2023-05-16 10:55:00+00:00,False,False,False,False,,,False,,False,False,230.0
2023-05-17,development,2023-05-17 07:00:00+00:00,2023-05-17 12:00:00+00:00,1.0,BST,312.89,310.23,2.659999999999968,DOWN_BREAK,2023-05-17 07:15:00+00:00,1.0,1,2023-05-17 07:25:00+00:00,ACCEPT_BACK_INSIDE,ACCEPT_BACK_INSIDE,2023-05-17 07:25:00+00:00,True,True,True,True,2023-05-17 07:35:00+00:00,2023-05-17 07:45:00+00:00,False,1.0,False,False,15.0
2023-05-18,development,2023-05-18 07:00:00+00:00,2023-05-18 12:00:00+00:00,1.0,BST,314.82,312.19,2.6299999999999955,UP_BREAK,2023-05-18 11:00:00+00:00,1.0,1,2023-05-18 11:05:00+00:00,ACCEPT_BACK_INSIDE,ACCEPT_BACK_INSIDE,2023-05-18 11:05:00+00:00,False,False,False,False,,,False,,False,False,240.0
2023-05-19,development,2023-05-19 07:00:00+00:00,2023-05-19 12:00:00+00:00,1.0,BST,310.37,307.0,3.3700000000000045,NO_BREAK,,,NA,,NA,NO_BREAK,,False,False,False,False,,,False,,False,False,
2023-05-22,development,2023-05-22 07:00:00+00:00,2023-05-22 12:00:00+00:00,1.0,BST,307.62,304.22,3.3999999999999773,UP_BREAK,2023-05-22 08:10:00+00:00,0.0,0,,NO_RETEST,DIRECT_E10,2023-05-22 08:30:00+00:00,True,True,True,False,2023-05-22 08:30:00+00:00,2023-05-22 09:05:00+00:00,False,0.0,False,False,70.0
2023-05-23,development,2023-05-23 07:00:00+00:00,2023-05-23 12:00:00+00:00,1.0,BST,315.64,309.15,6.490000000000009,NO_BREAK,,,NA,,NA,NO_BREAK,,False,False,False,False,,,False,,False,False,
2023-05-24,development,2023-05-24 07:00:00+00:00,2023-05-24 12:00:00+00:00,1.0,BST,313.87,307.5,6.3700000000000045,NO_BREAK,,,NA,,NA,NO_BREAK,,False,False,False,False,,,False,,False,False,
2023-05-25,development,2023-05-25 07:00:00+00:00,2023-05-25 12:00:00+00:00,1.0,BST,306.38,302.13,4.25,NO_BREAK,,,NA,,NA,NO_BREAK,,False,False,False,False,,,False,,False,False,
2023-05-26,development,2023-05-26 07:00:00+00:00,2023-05-26 12:00:00+00:00,1.0,BST,307.43,301.25,6.180000000000007,NO_BREAK,,,NA,,NA,NO_BREAK,,False,False,False,False,,,False,,False,False,
2023-05-29,development,2023-05-29 07:00:00+00:00,2023-05-29 12:00:00+00:00,1.0,BST,316.52,313.75,2.769999999999982,DOWN_BREAK,2023-05-29 10:45:00+00:00,1.0,1,2023-05-29 10:50:00+00:00,ACCEPT_BACK_INSIDE,AMBIGUOUS_E10_BOUNDARY_INTERACTION,2023-05-29 10:50:00+00:00,True,False,False,False,2023-05-29 10:50:00+00:00,,True,,False,False,225.0
2023-05-30,development,2023-05-30 07:00:00+00:00,2023-05-30 12:00:00+00:00,1.0,BST,313.47,311.06,2.410000000000025,UP_BREAK,2023-05-30 09:35:00+00:00,2.0,2,2023-05-30 09:40:00+00:00,ACCEPT_BACK_INSIDE,ACCEPT_BACK_INSIDE,2023-05-30 09:40:00+00:00,True,True,True,False,2023-05-30 10:15:00+00:00,2023-05-30 10:25:00+00:00,False,1.0,False,False,155.0
2023-05-31,development,2023-05-31 07:00:00+00:00,2023-05-31 12:00:00+00:00,1.0,BST,312.05,305.5,6.550000000000011,NO_BREAK,,,NA,,NA,NO_BREAK,,False,False,False,False,,,False,,False,False,
2023-06-01,development,2023-06-01 07:00:00+00:00,2023-06-01 12:00:00+00:00,1.0,BST,307.86,303.2,4.660000000000025,NO_BREAK,,,NA,,NA,NO_BREAK,,False,False,False,False,,,False,,False,False,
2023-06-02,development,2023-06-02 07:00:00+00:00,2023-06-02 12:00:00+00:00,1.0,BST,308.63,303.22,5.409999999999968,NO_BREAK,,,NA,,NA,NO_BREAK,,False,False,False,False,,,False,,False,False,
2023-06-05,development,2023-06-05 07:00:00+00:00,2023-06-05 12:00:00+00:00,1.0,BST,306.7,298.24,8.45999999999998,NO_BREAK,,,NA,,NA,NO_BREAK,,False,False,False,False,,,False,,False,False,
2023-06-06,development,2023-06-06 07:00:00+00:00,2023-06-06 12:00:00+00:00,1.0,BST,279.43,273.26,6.170000000000016,UP_BREAK,2023-06-06 10:10:00+00:00,1.0,1,2023-06-06 10:15:00+00:00,HOLD_RETEST,BOUNDARY_HOLD_RETEST,2023-06-06 10:15:00+00:00,False,False,False,False,,,False,,False,False,190.0
2023-06-07,development,2023-06-07 07:00:00+00:00,2023-06-07 12:00:00+00:00,1.0,BST,282.68,277.45,5.230000000000018,DOWN_BREAK,2023-06-07 07:05:00+00:00,3.0,3+,2023-06-07 07:15:00+00:00,HOLD_RETEST,DIRECT_E10,2023-06-07 07:10:00+00:00,True,True,True,True,2023-06-07 07:10:00+00:00,2023-06-07 09:35:00+00:00,False,3.0,False,False,5.0
2023-06-08,development,2023-06-08 07:00:00+00:00,2023-06-08 12:00:00+00:00,1.0,BST,262.99,257.04,5.949999999999989,UP_BREAK,2023-06-08 11:05:00+00:00,1.0,1,2023-06-08 11:10:00+00:00,HOLD_RETEST,AMBIGUOUS_E10_BOUNDARY_INTERACTION,2023-06-08 11:10:00+00:00,True,True,True,True,2023-06-08 11:10:00+00:00,2023-06-08 11:35:00+00:00,False,1.0,False,False,245.0
2023-06-09,development,2023-06-09 07:00:00+00:00,2023-06-09 12:00:00+00:00,1.0,BST,263.19,257.43,5.759999999999991,DOWN_BREAK,2023-06-09 07:15:00+00:00,1.0,1,2023-06-09 07:45:00+00:00,ACCEPT_BACK_INSIDE,DIRECT_E10,2023-06-09 07:20:00+00:00,True,True,True,False,2023-06-09 07:20:00+00:00,2023-06-09 07:25:00+00:00,False,0.0,False,False,15.0
2023-06-12,development,2023-06-12 07:00:00+00:00,2023-06-12 12:00:00+00:00,1.0,BST,235.63,222.0,13.629999999999995,DOWN_BREAK,2023-06-12 08:10:00+00:00,1.0,1,2023-06-12 08:15:00+00:00,HOLD_RETEST,AMBIGUOUS_E10_BOUNDARY_INTERACTION,2023-06-12 08:15:00+00:00,True,False,False,False,2023-06-12 08:15:00+00:00,,True,,False,False,70.0
2023-06-13,development,2023-06-13 07:00:00+00:00,2023-06-13 12:00:00+00:00,1.0,BST,235.85,228.43,7.4199999999999875,UP_BREAK,2023-06-13 08:35:00+00:00,2.0,2,2023-06-13 10:05:00+00:00,HOLD_RETEST,DIRECT_E10,2023-06-13 08:40:00+00:00,True,True,True,True,2023-06-13 08:40:00+00:00,2023-06-13 08:45:00+00:00,False,0.0,False,False,95.0
2023-06-14,development,2023-06-14 07:00:00+00:00,2023-06-14 12:00:00+00:00,1.0,BST,252.97,241.18,11.789999999999992,NO_BREAK,,,NA,,NA,NO_BREAK,,False,False,False,False,,,False,,False,False,
2023-06-15,development,2023-06-15 07:00:00+00:00,2023-06-15 12:00:00+00:00,1.0,BST,240.75,234.29,6.460000000000008,DOWN_BREAK,2023-06-15 10:40:00+00:00,2.0,2,2023-06-15 10:45:00+00:00,ACCEPT_BACK_INSIDE,ACCEPT_BACK_INSIDE,2023-06-15 10:45:00+00:00,True,True,True,True,2023-06-15 10:50:00+00:00,2023-06-15 11:05:00+00:00,False,1.0,False,False,220.0
2023-06-16,development,2023-06-16 07:00:00+00:00,2023-06-16 12:00:00+00:00,1.0,BST,239.63,234.71,4.9199999999999875,UP_BREAK,2023-06-16 08:05:00+00:00,2.0,2,2023-06-16 08:10:00+00:00,HOLD_RETEST,BOUNDARY_HOLD_RETEST,2023-06-16 08:10:00+00:00,True,True,False,False,2023-06-16 08:20:00+00:00,2023-06-16 08:35:00+00:00,True,1.0,True,True,65.0
2023-06-19,development,2023-06-19 07:00:00+00:00,2023-06-19 12:00:00+00:00,1.0,BST,244.66,241.09,3.569999999999993,NO_BREAK,,,NA,,NA,NO_BREAK,,False,False,False,False,,,False,,False,False,
2023-06-20,development,2023-06-20 07:00:00+00:00,2023-06-20 12:00:00+00:00,1.0,BST,245.1,240.79,4.310000000000002,DOWN_BREAK,2023-06-20 08:10:00+00:00,3.0,3+,2023-06-20 08:15:00+00:00,HOLD_RETEST,BOUNDARY_HOLD_RETEST,2023-06-20 08:15:00+00:00,True,True,False,False,2023-06-20 08:20:00+00:00,2023-06-20 08:35:00+00:00,False,1.0,True,True,70.0
2023-06-21,development,2023-06-21 07:00:00+00:00,2023-06-21 12:00:00+00:00,1.0,BST,254.95,244.61,10.339999999999975,NO_BREAK,,,NA,,NA,NO_BREAK,,False,False,False,False,,,False,,False,False,
2023-06-22,development,2023-06-22 07:00:00+00:00,2023-06-22 12:00:00+00:00,1.0,BST,257.19,248.73,8.460000000000008,DOWN_BREAK,2023-06-22 11:05:00+00:00,1.0,1,2023-06-22 11:10:00+00:00,ACCEPT_BACK_INSIDE,AMBIGUOUS_E10_BOUNDARY_INTERACTION,2023-06-22 11:10:00+00:00,True,True,True,False,2023-06-22 11:10:00+00:00,2023-06-22 11:10:00+00:00,False,0.0,False,False,245.0
2023-06-23,development,2023-06-23 07:00:00+00:00,2023-06-23 12:00:00+00:00,1.0,BST,244.4,239.4,5.0,UP_BREAK,2023-06-23 11:00:00+00:00,1.0,1,2023-06-23 11:05:00+00:00,ACCEPT_BACK_INSIDE,ACCEPT_BACK_INSIDE,2023-06-23 11:05:00+00:00,False,False,False,False,,,False,,False,False,240.0
2023-06-26,development,2023-06-26 07:00:00+00:00,2023-06-26 12:00:00+00:00,1.0,BST,239.55,233.61,5.939999999999998,NO_BREAK,,,NA,,NA,NO_BREAK,,False,False,False,False,,,False,,False,False,
2023-06-27,development,2023-06-27 07:00:00+00:00,2023-06-27 12:00:00+00:00,1.0,BST,238.87,234.54,4.3300000000000125,UP_BREAK,2023-06-27 07:50:00+00:00,3.0,3+,2023-06-27 07:55:00+00:00,ACCEPT_BACK_INSIDE,ACCEPT_BACK_INSIDE,2023-06-27 07:55:00+00:00,True,True,True,False,2023-06-27 10:00:00+00:00,2023-06-27 10:05:00+00:00,False,1.0,False,False,50.0
2023-06-28,development,2023-06-28 07:00:00+00:00,2023-06-28 12:00:00+00:00,1.0,BST,237.78,234.14,3.640000000000015,DOWN_BREAK,2023-06-28 07:30:00+00:00,3.0,3+,2023-06-28 10:30:00+00:00,HOLD_RETEST,DIRECT_E10,2023-06-28 07:35:00+00:00,True,True,True,True,2023-06-28 07:35:00+00:00,2023-06-28 07:35:00+00:00,False,0.0,False,False,30.0
2023-06-29,development,2023-06-29 07:00:00+00:00,2023-06-29 12:00:00+00:00,1.0,BST,233.8,230.21,3.5900000000000034,UP_BREAK,2023-06-29 07:10:00+00:00,2.0,2,2023-06-29 07:15:00+00:00,ACCEPT_BACK_INSIDE,ACCEPT_BACK_INSIDE,2023-06-29 07:15:00+00:00,True,True,True,True,2023-06-29 09:20:00+00:00,2023-06-29 10:20:00+00:00,False,2.0,False,False,10.0
2023-06-30,development,2023-06-30 07:00:00+00:00,2023-06-30 12:00:00+00:00,1.0,BST,240.9,231.59,9.310000000000002,NO_BREAK,,,NA,,NA,NO_BREAK,,False,False,False,False,,,False,,False,False,
2023-07-03,development,2023-07-03 07:00:00+00:00,2023-07-03 12:00:00+00:00,1.0,BST,248.95,245.27,3.6799999999999784,UP_BREAK,2023-07-03 07:35:00+00:00,3.0,3+,2023-07-03 08:00:00+00:00,HOLD_RETEST,DIRECT_E10,2023-07-03 07:40:00+00:00,True,True,True,True,2023-07-03 07:40:00+00:00,2023-07-03 07:40:00+00:00,False,0.0,False,False,35.0
2023-07-04,development,2023-07-04 07:00:00+00:00,2023-07-04 12:00:00+00:00,1.0,BST,246.97,244.37,2.5999999999999943,NO_BREAK,,,NA,,NA,NO_BREAK,,False,False,False,False,,,False,,False,False,
2023-07-05,development,2023-07-05 07:00:00+00:00,2023-07-05 12:00:00+00:00,1.0,BST,244.0,241.69,2.3100000000000023,DOWN_BREAK,2023-07-05 09:40:00+00:00,3.0,3+,2023-07-05 09:45:00+00:00,HOLD_RETEST,BOUNDARY_HOLD_RETEST,2023-07-05 09:45:00+00:00,True,True,True,True,2023-07-05 09:50:00+00:00,2023-07-05 09:50:00+00:00,False,1.0,True,True,160.0
2023-07-06,development,2023-07-06 07:00:00+00:00,2023-07-06 12:00:00+00:00,1.0,BST,241.88,237.59,4.289999999999992,UP_BREAK,2023-07-06 08:30:00+00:00,4.0,3+,2023-07-06 09:40:00+00:00,HOLD_RETEST,DIRECT_E10,2023-07-06 08:40:00+00:00,True,True,True,True,2023-07-06 08:40:00+00:00,2023-07-06 08:45:00+00:00,False,0.0,False,False,90.0
2023-07-07,development,2023-07-07 07:00:00+00:00,2023-07-07 12:00:00+00:00,1.0,BST,235.21,230.51,4.700000000000017,NO_BREAK,,,NA,,NA,NO_BREAK,,False,False,False,False,,,False,,False,False,
2023-07-10,development,2023-07-10 07:00:00+00:00,2023-07-10 12:00:00+00:00,1.0,BST,234.48,231.0,3.4799999999999898,UP_BREAK,2023-07-10 09:20:00+00:00,0.0,0,,NO_RETEST,DIRECT_E10,2023-07-10 09:25:00+00:00,True,True,True,True,2023-07-10 09:25:00+00:00,2023-07-10 09:25:00+00:00,False,0.0,False,False,140.0
2023-07-11,development,2023-07-11 07:00:00+00:00,2023-07-11 12:00:00+00:00,1.0,BST,247.72,243.56,4.159999999999997,UP_BREAK,2023-07-11 08:25:00+00:00,2.0,2,2023-07-11 08:30:00+00:00,HOLD_RETEST,AMBIGUOUS_E10_BOUNDARY_INTERACTION,2023-07-11 08:30:00+00:00,True,True,False,False,2023-07-11 08:30:00+00:00,2023-07-11 08:30:00+00:00,False,0.0,False,False,85.0
2023-07-12,development,2023-07-12 07:00:00+00:00,2023-07-12 12:00:00+00:00,1.0,BST,250.07,247.76,2.3100000000000023,DOWN_BREAK,2023-07-12 08:40:00+00:00,2.0,2,2023-07-12 08:45:00+00:00,ACCEPT_BACK_INSIDE,AMBIGUOUS_E10_BOUNDARY_INTERACTION,2023-07-12 08:45:00+00:00,True,True,False,False,2023-07-12 08:45:00+00:00,2023-07-12 10:30:00+00:00,False,1.0,False,False,100.0
2023-07-13,development,2023-07-13 07:00:00+00:00,2023-07-13 12:00:00+00:00,1.0,BST,244.19,242.41,1.7800000000000011,UP_BREAK,2023-07-13 07:10:00+00:00,2.0,2,2023-07-13 07:35:00+00:00,HOLD_RETEST,DIRECT_E10,2023-07-13 07:15:00+00:00,True,True,True,True,2023-07-13 07:15:00+00:00,2023-07-13 07:15:00+00:00,False,0.0,False,False,10.0
2023-07-14,development,2023-07-14 07:00:00+00:00,2023-07-14 12:00:00+00:00,1.0,BST,261.38,253.94,7.439999999999998,DOWN_BREAK,2023-07-14 10:20:00+00:00,1.0,1,2023-07-14 10:25:00+00:00,ACCEPT_BACK_INSIDE,ACCEPT_BACK_INSIDE,2023-07-14 10:25:00+00:00,False,False,False,False,,,False,,False,False,200.0
2023-07-17,development,2023-07-17 07:00:00+00:00,2023-07-17 12:00:00+00:00,1.0,BST,244.7,240.01,4.689999999999998,DOWN_BREAK,2023-07-17 10:20:00+00:00,1.0,1,2023-07-17 10:25:00+00:00,ACCEPT_BACK_INSIDE,AMBIGUOUS_E10_BOUNDARY_INTERACTION,2023-07-17 10:25:00+00:00,True,True,True,False,2023-07-17 10:25:00+00:00,2023-07-17 10:25:00+00:00,False,0.0,False,False,200.0
2023-07-18,development,2023-07-18 07:00:00+00:00,2023-07-18 12:00:00+00:00,1.0,BST,246.5,240.58,5.9199999999999875,DOWN_BREAK,2023-07-18 11:50:00+00:00,0.0,0,,NO_RETEST,DIRECT_E10,2023-07-18 11:55:00+00:00,True,False,False,False,2023-07-18 11:55:00+00:00,,False,,False,False,290.0
2023-07-19,development,2023-07-19 07:00:00+00:00,2023-07-19 12:00:00+00:00,1.0,BST,244.3,239.7,4.600000000000023,NO_BREAK,,,NA,,NA,NO_BREAK,,False,False,False,False,,,False,,False,False,
2023-07-20,development,2023-07-20 07:00:00+00:00,2023-07-20 12:00:00+00:00,1.0,BST,243.62,240.8,2.819999999999993,UP_BREAK,2023-07-20 07:00:00+00:00,2.0,2,2023-07-20 07:05:00+00:00,ACCEPT_BACK_INSIDE,ACCEPT_BACK_INSIDE,2023-07-20 07:05:00+00:00,True,True,True,True,2023-07-20 07:15:00+00:00,2023-07-20 07:15:00+00:00,False,1.0,False,False,0.0
2023-07-21,development,2023-07-21 07:00:00+00:00,2023-07-21 12:00:00+00:00,1.0,BST,244.94,242.21,2.7299999999999898,NO_BREAK,,,NA,,NA,NO_BREAK,,False,False,False,False,,,False,,False,False,
2023-07-24,development,2023-07-24 07:00:00+00:00,2023-07-24 12:00:00+00:00,1.0,BST,243.28,239.13,4.150000000000006,DOWN_BREAK,2023-07-24 09:50:00+00:00,1.0,1,2023-07-24 10:50:00+00:00,HOLD_RETEST,DIRECT_E10,2023-07-24 09:55:00+00:00,True,True,True,True,2023-07-24 09:55:00+00:00,2023-07-24 09:55:00+00:00,False,0.0,False,False,170.0
2023-07-25,development,2023-07-25 07:00:00+00:00,2023-07-25 12:00:00+00:00,1.0,BST,240.0,236.86,3.1399999999999864,NO_BREAK,,,NA,,NA,NO_BREAK,,False,False,False,False,,,False,,False,False,
2023-07-26,development,2023-07-26 07:00:00+00:00,2023-07-26 12:00:00+00:00,1.0,BST,238.88,236.49,2.3899999999999864,NO_BREAK,,,NA,,NA,NO_BREAK,,False,False,False,False,,,False,,False,False,
2023-07-27,development,2023-07-27 07:00:00+00:00,2023-07-27 12:00:00+00:00,1.0,BST,244.84,238.5,6.340000000000003,NO_BREAK,,,NA,,NA,NO_BREAK,,False,False,False,False,,,False,,False,False,
2023-07-28,development,2023-07-28 07:00:00+00:00,2023-07-28 12:00:00+00:00,1.0,BST,241.38,239.84,1.539999999999992,UP_BREAK,2023-07-28 08:10:00+00:00,3.0,3+,2023-07-28 08:15:00+00:00,ACCEPT_BACK_INSIDE,AMBIGUOUS_E10_BOUNDARY_INTERACTION,2023-07-28 08:15:00+00:00,True,True,True,True,2023-07-28 08:15:00+00:00,2023-07-28 09:00:00+00:00,False,1.0,False,False,70.0
2023-07-31,development,2023-07-31 07:00:00+00:00,2023-07-31 12:00:00+00:00,1.0,BST,244.71,241.91,2.8000000000000114,NO_BREAK,,,NA,,NA,NO_BREAK,,False,False,False,False,,,False,,False,False,
2023-08-01,development,2023-08-01 07:00:00+00:00,2023-08-01 12:00:00+00:00,1.0,BST,242.3,237.0,5.300000000000011,UP_BREAK,2023-08-01 07:00:00+00:00,0.0,0,,NO_RETEST,DIRECT_E10,2023-08-01 07:05:00+00:00,True,True,True,True,2023-08-01 07:05:00+00:00,2023-08-01 07:05:00+00:00,False,0.0,False,False,0.0
2023-08-02,development,2023-08-02 07:00:00+00:00,2023-08-02 12:00:00+00:00,1.0,BST,248.83,244.51,4.320000000000022,NO_BREAK,,,NA,,NA,NO_BREAK,,False,False,False,False,,,False,,False,False,
2023-08-03,development,2023-08-03 07:00:00+00:00,2023-08-03 12:00:00+00:00,1.0,BST,241.36,239.55,1.8100000000000023,DOWN_BREAK,2023-08-03 07:35:00+00:00,3.0,3+,2023-08-03 07:40:00+00:00,ACCEPT_BACK_INSIDE,ACCEPT_BACK_INSIDE,2023-08-03 07:40:00+00:00,True,True,True,True,2023-08-03 07:55:00+00:00,2023-08-03 08:00:00+00:00,False,1.0,False,False,35.0
2023-08-04,development,2023-08-04 07:00:00+00:00,2023-08-04 12:00:00+00:00,1.0,BST,243.47,240.65,2.819999999999993,NO_BREAK,,,NA,,NA,NO_BREAK,,False,False,False,False,,,False,,False,False,
2023-08-07,development,2023-08-07 07:00:00+00:00,2023-08-07 12:00:00+00:00,1.0,BST,245.09,242.82,2.2700000000000102,DOWN_BREAK,2023-08-07 07:40:00+00:00,2.0,2,2023-08-07 08:00:00+00:00,HOLD_RETEST,DIRECT_E10,2023-08-07 07:45:00+00:00,True,True,True,True,2023-08-07 07:45:00+00:00,2023-08-07 08:05:00+00:00,False,1.0,False,False,40.0
2023-08-08,development,2023-08-08 07:00:00+00:00,2023-08-08 12:00:00+00:00,1.0,BST,243.91,241.38,2.530000000000001,NO_BREAK,,,NA,,NA,NO_BREAK,,False,False,False,False,,,False,,False,False,
2023-08-09,development,2023-08-09 07:00:00+00:00,2023-08-09 12:00:00+00:00,1.0,BST,245.58,243.99,1.5900000000000034,DOWN_BREAK,2023-08-09 10:40:00+00:00,1.0,1,2023-08-09 10:45:00+00:00,ACCEPT_BACK_INSIDE,AMBIGUOUS_E10_BOUNDARY_INTERACTION,2023-08-09 10:45:00+00:00,True,False,False,False,2023-08-09 10:45:00+00:00,,False,,False,False,220.0
2023-08-10,development,2023-08-10 07:00:00+00:00,2023-08-10 12:00:00+00:00,1.0,BST,244.2,241.86,2.339999999999975,DOWN_BREAK,2023-08-10 08:05:00+00:00,2.0,2,2023-08-10 08:10:00+00:00,HOLD_RETEST,BOUNDARY_HOLD_RETEST,2023-08-10 08:10:00+00:00,False,False,False,False,,,False,,False,False,65.0
2023-08-11,development,2023-08-11 07:00:00+00:00,2023-08-11 12:00:00+00:00,1.0,BST,242.0,239.4,2.5999999999999943,NO_BREAK,,,NA,,NA,NO_BREAK,,False,False,False,False,,,False,,False,False,
2023-08-14,development,2023-08-14 07:00:00+00:00,2023-08-14 12:00:00+00:00,1.0,BST,241.4,239.5,1.9000000000000057,NO_BREAK,,,NA,,NA,NO_BREAK,,False,False,False,False,,,False,,False,False,
2023-08-15,development,2023-08-15 07:00:00+00:00,2023-08-15 12:00:00+00:00,1.0,BST,240.67,238.74,1.9299999999999784,DOWN_BREAK,2023-08-15 11:30:00+00:00,1.0,1,2023-08-15 11:40:00+00:00,ACCEPT_BACK_INSIDE,DIRECT_E10,2023-08-15 11:35:00+00:00,True,False,False,False,2023-08-15 11:35:00+00:00,,False,,False,False,270.0
2023-08-16,development,2023-08-16 07:00:00+00:00,2023-08-16 12:00:00+00:00,1.0,BST,237.31,234.28,3.030000000000001,DOWN_BREAK,2023-08-16 08:15:00+00:00,3.0,3+,2023-08-16 08:35:00+00:00,HOLD_RETEST,DIRECT_E10,2023-08-16 08:20:00+00:00,True,True,True,False,2023-08-16 08:20:00+00:00,2023-08-16 08:20:00+00:00,False,0.0,False,False,75.0
2023-08-17,development,2023-08-17 07:00:00+00:00,2023-08-17 12:00:00+00:00,1.0,BST,232.32,227.0,5.319999999999993,NO_BREAK,,,NA,,NA,NO_BREAK,,False,False,False,False,,,False,,False,False,
2023-08-18,development,2023-08-18 07:00:00+00:00,2023-08-18 12:00:00+00:00,1.0,BST,222.43,213.23,9.200000000000017,NO_BREAK,,,NA,,NA,NO_BREAK,,False,False,False,False,,,False,,False,False,
2023-08-21,development,2023-08-21 07:00:00+00:00,2023-08-21 12:00:00+00:00,1.0,BST,216.88,215.0,1.8799999999999955,DOWN_BREAK,2023-08-21 07:05:00+00:00,2.0,2,2023-08-21 07:10:00+00:00,ACCEPT_BACK_INSIDE,AMBIGUOUS_E10_BOUNDARY_INTERACTION,2023-08-21 07:10:00+00:00,True,True,True,True,2023-08-21 07:10:00+00:00,2023-08-21 07:20:00+00:00,False,1.0,False,False,5.0
2023-08-22,development,2023-08-22 07:00:00+00:00,2023-08-22 12:00:00+00:00,1.0,BST,211.5,208.02,3.4799999999999898,NO_BREAK,,,NA,,NA,NO_BREAK,,False,False,False,False,,,False,,False,False,
2023-08-23,development,2023-08-23 07:00:00+00:00,2023-08-23 12:00:00+00:00,1.0,BST,216.12,208.6,7.52000000000001,UP_BREAK,2023-08-23 07:15:00+00:00,2.0,2,2023-08-23 07:20:00+00:00,ACCEPT_BACK_INSIDE,ACCEPT_BACK_INSIDE,2023-08-23 07:20:00+00:00,False,False,False,False,,,False,,False,False,15.0
2023-08-24,development,2023-08-24 07:00:00+00:00,2023-08-24 12:00:00+00:00,1.0,BST,221.2,215.43,5.769999999999982,NO_BREAK,,,NA,,NA,NO_BREAK,,False,False,False,False,,,False,,False,False,
2023-08-25,development,2023-08-25 07:00:00+00:00,2023-08-25 12:00:00+00:00,1.0,BST,219.63,213.44,6.189999999999998,NO_BREAK,,,NA,,NA,NO_BREAK,,False,False,False,False,,,False,,False,False,
2023-08-28,development,2023-08-28 07:00:00+00:00,2023-08-28 12:00:00+00:00,1.0,BST,218.47,216.27,2.1999999999999886,DOWN_BREAK,2023-08-28 07:20:00+00:00,3.0,3+,2023-08-28 08:40:00+00:00,ACCEPT_BACK_INSIDE,DIRECT_E10,2023-08-28 07:25:00+00:00,True,True,True,True,2023-08-28 07:25:00+00:00,2023-08-28 07:40:00+00:00,False,0.0,False,False,20.0
2023-08-29,development,2023-08-29 07:00:00+00:00,2023-08-29 12:00:00+00:00,1.0,BST,219.5,217.45,2.0500000000000114,DOWN_BREAK,2023-08-29 08:15:00+00:00,2.0,2,2023-08-29 08:20:00+00:00,ACCEPT_BACK_INSIDE,ACCEPT_BACK_INSIDE,2023-08-29 08:20:00+00:00,True,True,False,False,2023-08-29 10:15:00+00:00,2023-08-29 10:25:00+00:00,False,1.0,False,False,75.0
2023-08-30,development,2023-08-30 07:00:00+00:00,2023-08-30 12:00:00+00:00,1.0,BST,227.22,224.25,2.969999999999999,DOWN_BREAK,2023-08-30 11:55:00+00:00,0.0,0,,NO_RETEST,TIMEOUT,,False,False,False,False,,,False,,False,False,295.0
2023-08-31,development,2023-08-31 07:00:00+00:00,2023-08-31 12:00:00+00:00,1.0,BST,224.12,222.67,1.450000000000017,UP_BREAK,2023-08-31 11:00:00+00:00,0.0,0,,NO_RETEST,DIRECT_E10,2023-08-31 11:05:00+00:00,True,True,True,True,2023-08-31 11:05:00+00:00,2023-08-31 11:10:00+00:00,False,0.0,False,False,240.0
2023-09-01,development,2023-09-01 07:00:00+00:00,2023-09-01 12:00:00+00:00,1.0,BST,218.4,213.6,4.800000000000011,NO_BREAK,,,NA,,NA,NO_BREAK,,False,False,False,False,,,False,,False,False,
2023-09-04,development,2023-09-04 07:00:00+00:00,2023-09-04 12:00:00+00:00,1.0,BST,216.69,213.97,2.719999999999999,DOWN_BREAK,2023-09-04 11:10:00+00:00,0.0,0,,NO_RETEST,DIRECT_E10,2023-09-04 11:25:00+00:00,True,False,False,False,2023-09-04 11:25:00+00:00,,False,,False,False,250.0
2023-09-05,development,2023-09-05 07:00:00+00:00,2023-09-05 12:00:00+00:00,1.0,BST,215.34,213.44,1.9000000000000057,UP_BREAK,2023-09-05 09:45:00+00:00,3.0,3+,2023-09-05 09:55:00+00:00,ACCEPT_BACK_INSIDE,DIRECT_E10,2023-09-05 09:50:00+00:00,True,True,False,False,2023-09-05 09:50:00+00:00,2023-09-05 09:50:00+00:00,False,0.0,False,False,165.0
2023-09-06,development,2023-09-06 07:00:00+00:00,2023-09-06 12:00:00+00:00,1.0,BST,215.54,214.03,1.509999999999991,NO_BREAK,,,NA,,NA,NO_BREAK,,False,False,False,False,,,False,,False,False,
2023-09-07,development,2023-09-07 07:00:00+00:00,2023-09-07 12:00:00+00:00,1.0,BST,216.22,214.73,1.490000000000009,DOWN_BREAK,2023-09-07 11:20:00+00:00,0.0,0,,NO_RETEST,DIRECT_E10,2023-09-07 11:25:00+00:00,True,True,True,True,2023-09-07 11:25:00+00:00,2023-09-07 11:25:00+00:00,False,0.0,False,False,260.0
2023-09-08,development,2023-09-08 07:00:00+00:00,2023-09-08 12:00:00+00:00,1.0,BST,218.9,216.32,2.5800000000000125,DOWN_BREAK,2023-09-08 09:55:00+00:00,0.0,0,,NO_RETEST,DIRECT_E10,2023-09-08 10:00:00+00:00,True,True,True,True,2023-09-08 10:00:00+00:00,2023-09-08 10:00:00+00:00,False,0.0,False,False,175.0
2023-09-11,development,2023-09-11 07:00:00+00:00,2023-09-11 12:00:00+00:00,1.0,BST,212.73,211.0,1.7299999999999898,DOWN_BREAK,2023-09-11 08:05:00+00:00,0.0,0,,NO_RETEST,DIRECT_E10,2023-09-11 08:10:00+00:00,True,True,True,True,2023-09-11 08:10:00+00:00,2023-09-11 08:10:00+00:00,False,0.0,False,False,65.0
2023-09-12,development,2023-09-12 07:00:00+00:00,2023-09-12 12:00:00+00:00,1.0,BST,211.0,204.94,6.060000000000002,UP_BREAK,2023-09-12 10:15:00+00:00,0.0,0,,NO_RETEST,DIRECT_E10,2023-09-12 10:20:00+00:00,True,True,True,True,2023-09-12 10:20:00+00:00,2023-09-12 10:20:00+00:00,False,0.0,False,False,195.0
2023-09-13,development,2023-09-13 07:00:00+00:00,2023-09-13 12:00:00+00:00,1.0,BST,211.92,209.28,2.6399999999999864,UP_BREAK,2023-09-13 09:50:00+00:00,1.0,1,2023-09-13 09:55:00+00:00,ACCEPT_BACK_INSIDE,ACCEPT_BACK_INSIDE,2023-09-13 09:55:00+00:00,True,False,False,False,2023-09-13 10:00:00+00:00,,False,,False,False,170.0
2023-09-14,development,2023-09-14 07:00:00+00:00,2023-09-14 12:00:00+00:00,1.0,BST,215.49,209.59,5.900000000000006,NO_BREAK,,,NA,,NA,NO_BREAK,,False,False,False,False,,,False,,False,False,
2023-09-15,development,2023-09-15 07:00:00+00:00,2023-09-15 12:00:00+00:00,1.0,BST,213.2,211.5,1.6999999999999886,NO_BREAK,,,NA,,NA,NO_BREAK,,False,False,False,False,,,False,,False,False,
2023-09-18,development,2023-09-18 07:00:00+00:00,2023-09-18 12:00:00+00:00,1.0,BST,218.8,215.0,3.8000000000000114,UP_BREAK,2023-09-18 09:05:00+00:00,3.0,3+,2023-09-18 09:10:00+00:00,ACCEPT_BACK_INSIDE,ACCEPT_BACK_INSIDE,2023-09-18 09:10:00+00:00,True,True,True,False,2023-09-18 09:35:00+00:00,2023-09-18 10:30:00+00:00,False,3.0,False,False,125.0
2023-09-19,development,2023-09-19 07:00:00+00:00,2023-09-19 12:00:00+00:00,1.0,BST,216.96,215.31,1.6500000000000057,UP_BREAK,2023-09-19 07:25:00+00:00,1.0,1,2023-09-19 07:35:00+00:00,ACCEPT_BACK_INSIDE,ACCEPT_BACK_INSIDE,2023-09-19 07:35:00+00:00,True,True,True,True,2023-09-19 08:00:00+00:00,2023-09-19 08:10:00+00:00,False,1.0,False,False,25.0
2023-09-20,development,2023-09-20 07:00:00+00:00,2023-09-20 12:00:00+00:00,1.0,BST,217.88,215.74,2.1399999999999864,DOWN_BREAK,2023-09-20 09:45:00+00:00,2.0,2,2023-09-20 09:55:00+00:00,HOLD_RETEST,DIRECT_E10,2023-09-20 09:50:00+00:00,True,True,True,False,2023-09-20 09:50:00+00:00,2023-09-20 09:50:00+00:00,False,0.0,False,False,165.0
2023-09-21,development,2023-09-21 07:00:00+00:00,2023-09-21 12:00:00+00:00,1.0,BST,215.29,213.46,1.829999999999984,DOWN_BREAK,2023-09-21 07:45:00+00:00,3.0,3+,2023-09-21 07:50:00+00:00,HOLD_RETEST,BOUNDARY_HOLD_RETEST,2023-09-21 07:50:00+00:00,True,True,True,True,2023-09-21 07:55:00+00:00,2023-09-21 08:05:00+00:00,False,1.0,True,True,45.0
2023-09-22,development,2023-09-22 07:00:00+00:00,2023-09-22 12:00:00+00:00,1.0,BST,212.34,209.7,2.640000000000015,NO_BREAK,,,NA,,NA,NO_BREAK,,False,False,False,False,,,False,,False,False,
2023-09-25,development,2023-09-25 07:00:00+00:00,2023-09-25 12:00:00+00:00,1.0,BST,209.81,206.0,3.8100000000000023,NO_BREAK,,,NA,,NA,NO_BREAK,,False,False,False,False,,,False,,False,False,
2023-09-26,development,2023-09-26 07:00:00+00:00,2023-09-26 12:00:00+00:00,1.0,BST,212.45,209.82,2.6299999999999955,UP_BREAK,2023-09-26 07:50:00+00:00,2.0,2,2023-09-26 09:20:00+00:00,HOLD_RETEST,DIRECT_E10,2023-09-26 07:55:00+00:00,True,True,True,True,2023-09-26 07:55:00+00:00,2023-09-26 08:00:00+00:00,False,0.0,False,False,50.0
2023-09-27,development,2023-09-27 07:00:00+00:00,2023-09-27 12:00:00+00:00,1.0,BST,213.68,211.68,2.0,UP_BREAK,2023-09-27 09:45:00+00:00,0.0,0,,NO_RETEST,DIRECT_E10,2023-09-27 09:50:00+00:00,True,True,True,True,2023-09-27 09:50:00+00:00,2023-09-27 09:50:00+00:00,False,0.0,False,False,165.0
2023-09-28,development,2023-09-28 07:00:00+00:00,2023-09-28 12:00:00+00:00,1.0,BST,213.18,211.62,1.5600000000000023,UP_BREAK,2023-09-28 07:40:00+00:00,1.0,1,2023-09-28 07:50:00+00:00,HOLD_RETEST,DIRECT_E10,2023-09-28 07:45:00+00:00,True,True,True,True,2023-09-28 07:45:00+00:00,2023-09-28 10:30:00+00:00,False,1.0,False,False,40.0
2023-09-29,development,2023-09-29 07:00:00+00:00,2023-09-29 12:00:00+00:00,1.0,BST,215.83,214.46,1.3700000000000045,UP_BREAK,2023-09-29 07:05:00+00:00,2.0,2,2023-09-29 08:55:00+00:00,ACCEPT_BACK_INSIDE,DIRECT_E10,2023-09-29 07:10:00+00:00,True,True,True,True,2023-09-29 07:10:00+00:00,2023-09-29 07:10:00+00:00,False,0.0,False,False,5.0
2023-10-02,development,2023-10-02 07:00:00+00:00,2023-10-02 12:00:00+00:00,1.0,BST,220.3,217.17,3.130000000000024,UP_BREAK,2023-10-02 08:05:00+00:00,1.0,1,2023-10-02 08:50:00+00:00,ACCEPT_BACK_INSIDE,DIRECT_E10,2023-10-02 08:10:00+00:00,True,True,True,False,2023-10-02 08:10:00+00:00,2023-10-02 08:10:00+00:00,False,0.0,False,False,65.0
2023-10-03,development,2023-10-03 07:00:00+00:00,2023-10-03 12:00:00+00:00,1.0,BST,215.92,214.3,1.6199999999999761,DOWN_BREAK,2023-10-03 11:10:00+00:00,0.0,0,,NO_RETEST,DIRECT_E10,2023-10-03 11:15:00+00:00,True,True,True,False,2023-10-03 11:15:00+00:00,2023-10-03 11:15:00+00:00,False,0.0,False,False,250.0
2023-10-04,development,2023-10-04 07:00:00+00:00,2023-10-04 12:00:00+00:00,1.0,BST,213.8,210.79,3.0100000000000193,NO_BREAK,,,NA,,NA,NO_BREAK,,False,False,False,False,,,False,,False,False,
2023-10-05,development,2023-10-05 07:00:00+00:00,2023-10-05 12:00:00+00:00,1.0,BST,214.09,212.62,1.4699999999999989,DOWN_BREAK,2023-10-05 07:10:00+00:00,4.0,3+,2023-10-05 07:15:00+00:00,HOLD_RETEST,BOUNDARY_HOLD_RETEST,2023-10-05 07:15:00+00:00,True,True,True,False,2023-10-05 07:20:00+00:00,2023-10-05 07:20:00+00:00,False,1.0,True,True,10.0
2023-10-06,development,2023-10-06 07:00:00+00:00,2023-10-06 12:00:00+00:00,1.0,BST,211.85,210.69,1.1599999999999966,UP_BREAK,2023-10-06 07:10:00+00:00,2.0,2,2023-10-06 07:15:00+00:00,HOLD_RETEST,AMBIGUOUS_E10_BOUNDARY_INTERACTION,2023-10-06 07:15:00+00:00,True,True,True,True,2023-10-06 07:15:00+00:00,2023-10-06 07:20:00+00:00,False,1.0,False,False,10.0
2023-10-09,development,2023-10-09 07:00:00+00:00,2023-10-09 12:00:00+00:00,1.0,BST,212.31,210.62,1.6899999999999977,DOWN_BREAK,2023-10-09 08:30:00+00:00,1.0,1,2023-10-09 08:35:00+00:00,ACCEPT_BACK_INSIDE,ACCEPT_BACK_INSIDE,2023-10-09 08:35:00+00:00,True,True,True,True,2023-10-09 09:35:00+00:00,2023-10-09 09:45:00+00:00,False,1.0,False,False,90.0
2023-10-10,development,2023-10-10 07:00:00+00:00,2023-10-10 12:00:00+00:00,1.0,BST,208.82,204.74,4.079999999999984,UP_BREAK,2023-10-10 08:00:00+00:00,5.0,3+,2023-10-10 08:15:00+00:00,HOLD_RETEST,DIRECT_E10,2023-10-10 08:05:00+00:00,True,True,True,True,2023-10-10 08:05:00+00:00,2023-10-10 09:10:00+00:00,False,1.0,False,False,60.0
2023-10-11,development,2023-10-11 07:00:00+00:00,2023-10-11 12:00:00+00:00,1.0,BST,208.92,204.16,4.759999999999991,NO_BREAK,,,NA,,NA,NO_BREAK,,False,False,False,False,,,False,,False,False,
2023-10-12,development,2023-10-12 07:00:00+00:00,2023-10-12 12:00:00+00:00,1.0,BST,206.81,204.9,1.9099999999999966,DOWN_BREAK,2023-10-12 09:20:00+00:00,2.0,2,2023-10-12 09:25:00+00:00,HOLD_RETEST,AMBIGUOUS_E10_BOUNDARY_INTERACTION,2023-10-12 09:25:00+00:00,True,True,True,True,2023-10-12 09:25:00+00:00,2023-10-12 09:30:00+00:00,True,1.0,False,False,140.0
2023-10-13,development,2023-10-13 07:00:00+00:00,2023-10-13 12:00:00+00:00,1.0,BST,206.86,204.4,2.460000000000008,NO_BREAK,,,NA,,NA,NO_BREAK,,False,False,False,False,,,False,,False,False,
2023-10-16,development,2023-10-16 07:00:00+00:00,2023-10-16 12:00:00+00:00,1.0,BST,214.6,209.17,5.430000000000007,NO_BREAK,,,NA,,NA,NO_BREAK,,False,False,False,False,,,False,,False,False,
2023-10-17,development,2023-10-17 07:00:00+00:00,2023-10-17 12:00:00+00:00,1.0,BST,215.53,212.75,2.780000000000001,DOWN_BREAK,2023-10-17 08:50:00+00:00,4.0,3+,2023-10-17 08:55:00+00:00,HOLD_RETEST,BOUNDARY_HOLD_RETEST,2023-10-17 08:55:00+00:00,True,False,False,False,2023-10-17 10:30:00+00:00,,False,,True,False,110.0
2023-10-18,development,2023-10-18 07:00:00+00:00,2023-10-18 12:00:00+00:00,1.0,BST,214.08,211.08,3.0,NO_BREAK,,,NA,,NA,NO_BREAK,,False,False,False,False,,,False,,False,False,
2023-10-19,development,2023-10-19 07:00:00+00:00,2023-10-19 12:00:00+00:00,1.0,BST,210.94,208.1,2.8400000000000034,UP_BREAK,2023-10-19 10:45:00+00:00,1.0,1,2023-10-19 10:50:00+00:00,HOLD_RETEST,BOUNDARY_HOLD_RETEST,2023-10-19 10:50:00+00:00,False,False,False,False,,,False,,False,False,225.0
2023-10-20,development,2023-10-20 07:00:00+00:00,2023-10-20 12:00:00+00:00,1.0,BST,213.59,210.32,3.2700000000000102,UP_BREAK,2023-10-20 07:20:00+00:00,1.0,1,2023-10-20 07:25:00+00:00,ACCEPT_BACK_INSIDE,ACCEPT_BACK_INSIDE,2023-10-20 07:25:00+00:00,True,True,True,True,2023-10-20 08:25:00+00:00,2023-10-20 08:25:00+00:00,False,1.0,False,False,20.0
2023-10-23,development,2023-10-23 07:00:00+00:00,2023-10-23 12:00:00+00:00,1.0,BST,223.0,217.05,5.949999999999989,NO_BREAK,,,NA,,NA,NO_BREAK,,False,False,False,False,,,False,,False,False,
2023-10-24,development,2023-10-24 07:00:00+00:00,2023-10-24 12:00:00+00:00,1.0,BST,238.46,226.47,11.990000000000009,NO_BREAK,,,NA,,NA,NO_BREAK,,False,False,False,False,,,False,,False,False,
2023-10-25,development,2023-10-25 07:00:00+00:00,2023-10-25 12:00:00+00:00,1.0,BST,229.32,224.93,4.389999999999986,DOWN_BREAK,2023-10-25 07:45:00+00:00,3.0,3+,2023-10-25 07:50:00+00:00,HOLD_RETEST,AMBIGUOUS_E10_BOUNDARY_INTERACTION,2023-10-25 07:50:00+00:00,True,True,False,False,2023-10-25 07:50:00+00:00,2023-10-25 08:10:00+00:00,False,1.0,False,False,45.0
2023-10-26,development,2023-10-26 07:00:00+00:00,2023-10-26 12:00:00+00:00,1.0,BST,226.22,221.63,4.590000000000003,UP_BREAK,2023-10-26 07:25:00+00:00,3.0,3+,2023-10-26 07:50:00+00:00,HOLD_RETEST,DIRECT_E10,2023-10-26 07:30:00+00:00,True,True,True,False,2023-10-26 07:30:00+00:00,2023-10-26 07:30:00+00:00,False,0.0,False,False,25.0
2023-10-27,development,2023-10-27 07:00:00+00:00,2023-10-27 12:00:00+00:00,1.0,BST,227.0,220.01,6.990000000000009,UP_BREAK,2023-10-27 11:50:00+00:00,0.0,0,,NO_RETEST,DIRECT_E10,2023-10-27 11:55:00+00:00,True,True,False,False,2023-10-27 11:55:00+00:00,2023-10-27 11:55:00+00:00,False,0.0,False,False,290.0
2023-10-30,development,2023-10-30 08:00:00+00:00,2023-10-30 13:00:00+00:00,0.0,GMT,228.0,224.61,3.3899999999999864,UP_BREAK,2023-10-30 08:40:00+00:00,7.0,3+,2023-10-30 08:45:00+00:00,ACCEPT_BACK_INSIDE,AMBIGUOUS_E10_BOUNDARY_INTERACTION,2023-10-30 08:45:00+00:00,True,True,False,False,2023-10-30 08:45:00+00:00,2023-10-30 09:30:00+00:00,False,2.0,False,False,40.0
2023-10-31,development,2023-10-31 08:00:00+00:00,2023-10-31 13:00:00+00:00,0.0,GMT,229.49,225.7,3.7900000000000205,NO_BREAK,,,NA,,NA,NO_BREAK,,False,False,False,False,,,False,,False,False,
2023-11-01,development,2023-11-01 08:00:00+00:00,2023-11-01 13:00:00+00:00,0.0,GMT,227.17,224.15,3.019999999999982,DOWN_BREAK,2023-11-01 10:35:00+00:00,2.0,2,2023-11-01 11:40:00+00:00,HOLD_RETEST,DIRECT_E10,2023-11-01 10:40:00+00:00,True,True,False,False,2023-11-01 10:40:00+00:00,2023-11-01 10:45:00+00:00,False,0.0,False,False,155.0
2023-11-02,development,2023-11-02 08:00:00+00:00,2023-11-02 13:00:00+00:00,0.0,GMT,232.74,227.7,5.0400000000000205,UP_BREAK,2023-11-02 12:50:00+00:00,1.0,1,2023-11-02 12:55:00+00:00,ACCEPT_BACK_INSIDE,ACCEPT_BACK_INSIDE,2023-11-02 12:55:00+00:00,False,False,False,False,,,False,,False,False,290.0
2023-11-03,development,2023-11-03 08:00:00+00:00,2023-11-03 13:00:00+00:00,0.0,GMT,232.63,227.3,5.329999999999984,DOWN_BREAK,2023-11-03 10:05:00+00:00,4.0,3+,2023-11-03 10:10:00+00:00,HOLD_RETEST,BOUNDARY_HOLD_RETEST,2023-11-03 10:10:00+00:00,True,True,True,False,2023-11-03 10:15:00+00:00,2023-11-03 10:15:00+00:00,False,1.0,True,True,125.0
2023-11-06,development,2023-11-06 08:00:00+00:00,2023-11-06 13:00:00+00:00,0.0,GMT,246.35,241.58,4.769999999999982,UP_BREAK,2023-11-06 12:35:00+00:00,0.0,0,,NO_RETEST,DIRECT_E10,2023-11-06 12:40:00+00:00,True,True,False,False,2023-11-06 12:40:00+00:00,2023-11-06 12:55:00+00:00,False,0.0,False,False,275.0
2023-11-07,development,2023-11-07 08:00:00+00:00,2023-11-07 13:00:00+00:00,0.0,GMT,255.69,250.0,5.689999999999998,DOWN_BREAK,2023-11-07 09:35:00+00:00,1.0,1,2023-11-07 09:50:00+00:00,HOLD_RETEST,DIRECT_E10,2023-11-07 09:40:00+00:00,True,True,True,True,2023-11-07 09:40:00+00:00,2023-11-07 09:40:00+00:00,False,0.0,False,False,95.0
2023-11-08,development,2023-11-08 08:00:00+00:00,2023-11-08 13:00:00+00:00,0.0,GMT,248.1,244.15,3.9499999999999886,NO_BREAK,,,NA,,NA,NO_BREAK,,False,False,False,False,,,False,,False,False,
2023-11-09,development,2023-11-09 08:00:00+00:00,2023-11-09 13:00:00+00:00,0.0,GMT,252.2,245.82,6.3799999999999955,NO_BREAK,,,NA,,NA,NO_BREAK,,False,False,False,False,,,False,,False,False,
2023-11-10,development,2023-11-10 08:00:00+00:00,2023-11-10 13:00:00+00:00,0.0,GMT,258.31,251.3,7.009999999999991,DOWN_BREAK,2023-11-10 08:05:00+00:00,3.0,3+,2023-11-10 08:10:00+00:00,HOLD_RETEST,BOUNDARY_HOLD_RETEST,2023-11-10 08:10:00+00:00,True,True,False,False,2023-11-10 08:15:00+00:00,2023-11-10 08:15:00+00:00,False,1.0,True,True,5.0
2023-11-13,development,2023-11-13 08:00:00+00:00,2023-11-13 13:00:00+00:00,0.0,GMT,250.37,244.0,6.3700000000000045,DOWN_BREAK,2023-11-13 12:20:00+00:00,1.0,1,2023-11-13 12:25:00+00:00,ACCEPT_BACK_INSIDE,ACCEPT_BACK_INSIDE,2023-11-13 12:25:00+00:00,False,False,False,False,,,False,,False,False,260.0
2023-11-14,development,2023-11-14 08:00:00+00:00,2023-11-14 13:00:00+00:00,0.0,GMT,244.7,237.77,6.929999999999978,UP_BREAK,2023-11-14 08:10:00+00:00,5.0,3+,2023-11-14 08:20:00+00:00,HOLD_RETEST,BOUNDARY_HOLD_RETEST,2023-11-14 08:20:00+00:00,True,True,True,True,2023-11-14 08:55:00+00:00,2023-11-14 08:55:00+00:00,False,2.0,True,True,10.0
2023-11-15,development,2023-11-15 08:00:00+00:00,2023-11-15 13:00:00+00:00,0.0,GMT,246.9,242.24,4.659999999999997,UP_BREAK,2023-11-15 11:55:00+00:00,0.0,0,,NO_RETEST,DIRECT_E10,2023-11-15 12:00:00+00:00,True,True,True,True,2023-11-15 12:00:00+00:00,2023-11-15 12:00:00+00:00,False,0.0,False,False,235.0
2023-11-16,development,2023-11-16 08:00:00+00:00,2023-11-16 13:00:00+00:00,0.0,GMT,255.88,251.9,3.9799999999999898,UP_BREAK,2023-11-16 08:00:00+00:00,1.0,1,2023-11-16 08:05:00+00:00,ACCEPT_BACK_INSIDE,ACCEPT_BACK_INSIDE,2023-11-16 08:05:00+00:00,False,False,False,False,,,True,,False,False,0.0
2023-11-17,development,2023-11-17 08:00:00+00:00,2023-11-17 13:00:00+00:00,0.0,GMT,246.04,242.53,3.509999999999991,DOWN_BREAK,2023-11-17 12:20:00+00:00,1.0,1,2023-11-17 12:25:00+00:00,ACCEPT_BACK_INSIDE,ACCEPT_BACK_INSIDE,2023-11-17 12:25:00+00:00,False,False,False,False,,,False,,False,False,260.0
2023-11-20,development,2023-11-20 08:00:00+00:00,2023-11-20 13:00:00+00:00,0.0,GMT,247.99,245.4,2.5900000000000034,UP_BREAK,2023-11-20 09:50:00+00:00,4.0,3+,2023-11-20 09:55:00+00:00,HOLD_RETEST,AMBIGUOUS_E10_BOUNDARY_INTERACTION,2023-11-20 09:55:00+00:00,True,True,True,True,2023-11-20 09:55:00+00:00,2023-11-20 10:10:00+00:00,False,1.0,False,False,110.0
2023-11-21,development,2023-11-21 08:00:00+00:00,2023-11-21 13:00:00+00:00,0.0,GMT,268.4,252.55,15.849999999999966,NO_BREAK,,,NA,,NA,NO_BREAK,,False,False,False,False,,,False,,False,False,
2023-11-22,development,2023-11-22 08:00:00+00:00,2023-11-22 13:00:00+00:00,0.0,GMT,238.49,224.62,13.870000000000005,NO_BREAK,,,NA,,NA,NO_BREAK,,False,False,False,False,,,False,,False,False,
2023-11-23,development,2023-11-23 08:00:00+00:00,2023-11-23 13:00:00+00:00,0.0,GMT,239.42,233.81,5.609999999999985,DOWN_BREAK,2023-11-23 11:10:00+00:00,2.0,2,2023-11-23 11:30:00+00:00,HOLD_RETEST,DIRECT_E10,2023-11-23 11:15:00+00:00,True,True,False,False,2023-11-23 11:15:00+00:00,2023-11-23 11:20:00+00:00,False,0.0,False,False,190.0
2023-11-24,development,2023-11-24 08:00:00+00:00,2023-11-24 13:00:00+00:00,0.0,GMT,235.99,233.56,2.430000000000007,UP_BREAK,2023-11-24 09:40:00+00:00,1.0,1,2023-11-24 09:45:00+00:00,ACCEPT_BACK_INSIDE,AMBIGUOUS_E10_BOUNDARY_INTERACTION,2023-11-24 09:45:00+00:00,True,True,True,False,2023-11-24 09:45:00+00:00,2023-11-24 10:20:00+00:00,False,1.0,False,False,100.0
2023-11-27,development,2023-11-27 08:00:00+00:00,2023-11-27 13:00:00+00:00,0.0,GMT,233.1,227.43,5.6699999999999875,DOWN_BREAK,2023-11-27 10:35:00+00:00,1.0,1,2023-11-27 10:50:00+00:00,HOLD_RETEST,DIRECT_E10,2023-11-27 10:40:00+00:00,True,True,True,False,2023-11-27 10:40:00+00:00,2023-11-27 11:25:00+00:00,False,1.0,False,False,155.0
2023-11-28,development,2023-11-28 08:00:00+00:00,2023-11-28 13:00:00+00:00,0.0,GMT,228.79,224.37,4.4199999999999875,UP_BREAK,2023-11-28 11:20:00+00:00,2.0,2,2023-11-28 11:25:00+00:00,ACCEPT_BACK_INSIDE,ACCEPT_BACK_INSIDE,2023-11-28 11:25:00+00:00,True,False,False,False,2023-11-28 11:50:00+00:00,,False,,False,False,200.0
2023-11-29,development,2023-11-29 08:00:00+00:00,2023-11-29 13:00:00+00:00,0.0,GMT,230.81,228.81,2.0,UP_BREAK,2023-11-29 08:45:00+00:00,1.0,1,2023-11-29 09:25:00+00:00,ACCEPT_BACK_INSIDE,DIRECT_E10,2023-11-29 08:50:00+00:00,True,True,True,False,2023-11-29 08:50:00+00:00,2023-11-29 08:55:00+00:00,True,0.0,False,False,45.0
2023-11-30,development,2023-11-30 08:00:00+00:00,2023-11-30 13:00:00+00:00,0.0,GMT,229.37,226.59,2.780000000000001,NO_BREAK,,,NA,,NA,NO_BREAK,,False,False,False,False,,,False,,False,False,
2023-12-01,development,2023-12-01 08:00:00+00:00,2023-12-01 13:00:00+00:00,0.0,GMT,230.08,227.16,2.920000000000016,NO_BREAK,,,NA,,NA,NO_BREAK,,False,False,False,False,,,False,,False,False,
2023-12-04,development,2023-12-04 08:00:00+00:00,2023-12-04 13:00:00+00:00,0.0,GMT,235.0,228.13,6.8700000000000045,UP_BREAK,2023-12-04 09:40:00+00:00,1.0,1,2023-12-04 09:50:00+00:00,HOLD_RETEST,DIRECT_E10,2023-12-04 09:45:00+00:00,True,True,True,False,2023-12-04 09:45:00+00:00,2023-12-04 09:45:00+00:00,True,0.0,False,False,100.0
2023-12-05,development,2023-12-05 08:00:00+00:00,2023-12-05 13:00:00+00:00,0.0,GMT,235.19,227.96,7.22999999999999,NO_BREAK,,,NA,,NA,NO_BREAK,,False,False,False,False,,,False,,False,False,
2023-12-06,development,2023-12-06 08:00:00+00:00,2023-12-06 13:00:00+00:00,0.0,GMT,233.78,228.56,5.219999999999999,UP_BREAK,2023-12-06 08:00:00+00:00,3.0,3+,2023-12-06 08:05:00+00:00,HOLD_RETEST,AMBIGUOUS_E10_BOUNDARY_INTERACTION,2023-12-06 08:05:00+00:00,True,True,False,False,2023-12-06 08:05:00+00:00,2023-12-06 09:30:00+00:00,False,2.0,False,False,0.0
2023-12-07,development,2023-12-07 08:00:00+00:00,2023-12-07 13:00:00+00:00,0.0,GMT,235.0,229.31,5.689999999999998,NO_BREAK,,,NA,,NA,NO_BREAK,,False,False,False,False,,,False,,False,False,
2023-12-08,development,2023-12-08 08:00:00+00:00,2023-12-08 13:00:00+00:00,0.0,GMT,237.4,232.16,5.240000000000009,NO_BREAK,,,NA,,NA,NO_BREAK,,False,False,False,False,,,False,,False,False,
2023-12-11,development,2023-12-11 08:00:00+00:00,2023-12-11 13:00:00+00:00,0.0,GMT,241.56,225.58,15.97999999999999,UP_BREAK,2023-12-11 12:25:00+00:00,0.0,0,,NO_RETEST,DIRECT_E10,2023-12-11 12:30:00+00:00,True,True,True,False,2023-12-11 12:30:00+00:00,2023-12-11 12:30:00+00:00,False,0.0,False,False,265.0
2023-12-12,development,2023-12-12 08:00:00+00:00,2023-12-12 13:00:00+00:00,0.0,GMT,254.37,245.65,8.719999999999999,NO_BREAK,,,NA,,NA,NO_BREAK,,False,False,False,False,,,False,,False,False,
2023-12-13,development,2023-12-13 08:00:00+00:00,2023-12-13 13:00:00+00:00,0.0,GMT,254.19,244.16,10.030000000000001,NO_BREAK,,,NA,,NA,NO_BREAK,,False,False,False,False,,,False,,False,False,
2023-12-14,development,2023-12-14 08:00:00+00:00,2023-12-14 13:00:00+00:00,0.0,GMT,253.05,248.13,4.920000000000016,NO_BREAK,,,NA,,NA,NO_BREAK,,False,False,False,False,,,False,,False,False,
2023-12-15,development,2023-12-15 08:00:00+00:00,2023-12-15 13:00:00+00:00,0.0,GMT,253.29,248.81,4.47999999999999,DOWN_BREAK,2023-12-15 08:15:00+00:00,2.0,2,2023-12-15 08:20:00+00:00,ACCEPT_BACK_INSIDE,ACCEPT_BACK_INSIDE,2023-12-15 08:20:00+00:00,True,False,False,False,2023-12-15 08:35:00+00:00,,False,,False,False,15.0
2023-12-18,development,2023-12-18 08:00:00+00:00,2023-12-18 13:00:00+00:00,0.0,GMT,240.29,235.55,4.739999999999981,DOWN_BREAK,2023-12-18 09:20:00+00:00,5.0,3+,2023-12-18 09:25:00+00:00,ACCEPT_BACK_INSIDE,ACCEPT_BACK_INSIDE,2023-12-18 09:25:00+00:00,True,True,True,True,2023-12-18 10:05:00+00:00,2023-12-18 10:10:00+00:00,False,1.0,False,False,80.0
2023-12-19,development,2023-12-19 08:00:00+00:00,2023-12-19 13:00:00+00:00,0.0,GMT,247.76,241.51,6.25,UP_BREAK,2023-12-19 10:35:00+00:00,0.0,0,,NO_RETEST,DIRECT_E10,2023-12-19 10:40:00+00:00,True,True,True,True,2023-12-19 10:40:00+00:00,2023-12-19 10:40:00+00:00,False,0.0,False,False,155.0
2023-12-20,development,2023-12-20 08:00:00+00:00,2023-12-20 13:00:00+00:00,0.0,GMT,256.2,250.24,5.9599999999999795,UP_BREAK,2023-12-20 08:00:00+00:00,5.0,3+,2023-12-20 08:05:00+00:00,HOLD_RETEST,AMBIGUOUS_E10_BOUNDARY_INTERACTION,2023-12-20 08:05:00+00:00,True,True,False,False,2023-12-20 08:05:00+00:00,2023-12-20 12:40:00+00:00,False,5.0,False,False,0.0
2023-12-21,development,2023-12-21 08:00:00+00:00,2023-12-21 13:00:00+00:00,0.0,GMT,261.48,256.2,5.28000000000003,UP_BREAK,2023-12-21 08:15:00+00:00,0.0,0,,NO_RETEST,DIRECT_E10,2023-12-21 08:20:00+00:00,True,True,True,True,2023-12-21 08:20:00+00:00,2023-12-21 08:20:00+00:00,False,0.0,False,False,15.0
2023-12-22,development,2023-12-22 08:00:00+00:00,2023-12-22 13:00:00+00:00,0.0,GMT,276.03,264.7,11.329999999999984,NO_BREAK,,,NA,,NA,NO_BREAK,,False,False,False,False,,,False,,False,False,
2023-12-25,development,2023-12-25 08:00:00+00:00,2023-12-25 13:00:00+00:00,0.0,GMT,266.79,261.11,5.680000000000007,NO_BREAK,,,NA,,NA,NO_BREAK,,False,False,False,False,,,False,,False,False,
2023-12-26,development,2023-12-26 08:00:00+00:00,2023-12-26 13:00:00+00:00,0.0,GMT,273.71,263.82,9.889999999999986,UP_BREAK,2023-12-26 08:00:00+00:00,2.0,2,2023-12-26 08:05:00+00:00,HOLD_RETEST,AMBIGUOUS_E10_BOUNDARY_INTERACTION,2023-12-26 08:05:00+00:00,True,True,True,True,2023-12-26 08:05:00+00:00,2023-12-26 08:10:00+00:00,False,1.0,False,False,0.0
2023-12-27,development,2023-12-27 08:00:00+00:00,2023-12-27 13:00:00+00:00,0.0,GMT,298.38,285.0,13.379999999999995,UP_BREAK,2023-12-27 10:20:00+00:00,0.0,0,,NO_RETEST,DIRECT_E10,2023-12-27 10:25:00+00:00,True,True,True,True,2023-12-27 10:25:00+00:00,2023-12-27 10:25:00+00:00,False,0.0,False,False,140.0
2023-12-28,development,2023-12-28 08:00:00+00:00,2023-12-28 13:00:00+00:00,0.0,GMT,329.94,319.2,10.740000000000009,UP_BREAK,2023-12-28 09:30:00+00:00,1.0,1,2023-12-28 09:40:00+00:00,ACCEPT_BACK_INSIDE,DIRECT_E10,2023-12-28 09:35:00+00:00,True,True,True,True,2023-12-28 09:35:00+00:00,2023-12-28 11:25:00+00:00,False,1.0,False,False,90.0
2023-12-29,development,2023-12-29 08:00:00+00:00,2023-12-29 13:00:00+00:00,0.0,GMT,325.25,311.33,13.920000000000016,NO_BREAK,,,NA,,NA,NO_BREAK,,False,False,False,False,,,False,,False,False,
2024-01-01,development,2024-01-01 08:00:00+00:00,2024-01-01 13:00:00+00:00,0.0,GMT,315.25,306.65,8.600000000000023,NO_BREAK,,,NA,,NA,NO_BREAK,,False,False,False,False,,,False,,False,False,
2024-01-02,development,2024-01-02 08:00:00+00:00,2024-01-02 13:00:00+00:00,0.0,GMT,320.29,312.17,8.120000000000005,UP_BREAK,2024-01-02 12:10:00+00:00,1.0,1,2024-01-02 12:15:00+00:00,ACCEPT_BACK_INSIDE,AMBIGUOUS_E10_BOUNDARY_INTERACTION,2024-01-02 12:15:00+00:00,True,False,False,False,2024-01-02 12:15:00+00:00,,False,,False,False,250.0
2024-01-03,development,2024-01-03 08:00:00+00:00,2024-01-03 13:00:00+00:00,0.0,GMT,321.66,311.31,10.350000000000023,UP_BREAK,2024-01-03 09:35:00+00:00,1.0,1,2024-01-03 11:55:00+00:00,HOLD_RETEST,DIRECT_E10,2024-01-03 09:40:00+00:00,True,True,True,True,2024-01-03 09:40:00+00:00,2024-01-03 09:40:00+00:00,True,0.0,False,False,95.0
2024-01-04,development,2024-01-04 08:00:00+00:00,2024-01-04 13:00:00+00:00,0.0,GMT,321.94,310.58,11.360000000000014,UP_BREAK,2024-01-04 09:30:00+00:00,2.0,2,2024-01-04 09:45:00+00:00,HOLD_RETEST,DIRECT_E10,2024-01-04 09:35:00+00:00,True,False,False,False,2024-01-04 09:35:00+00:00,,False,,False,False,90.0
2024-01-05,development,2024-01-05 08:00:00+00:00,2024-01-05 13:00:00+00:00,0.0,GMT,326.6,316.06,10.54000000000002,NO_BREAK,,,NA,,NA,NO_BREAK,,False,False,False,False,,,False,,False,False,
2024-01-08,development,2024-01-08 08:00:00+00:00,2024-01-08 13:00:00+00:00,0.0,GMT,302.17,289.17,13.0,NO_BREAK,,,NA,,NA,NO_BREAK,,False,False,False,False,,,False,,False,False,
2024-01-09,development,2024-01-09 08:00:00+00:00,2024-01-09 13:00:00+00:00,0.0,GMT,304.79,297.93,6.860000000000014,UP_BREAK,2024-01-09 08:00:00+00:00,6.0,3+,2024-01-09 08:05:00+00:00,HOLD_RETEST,AMBIGUOUS_E10_BOUNDARY_INTERACTION,2024-01-09 08:05:00+00:00,True,True,True,False,2024-01-09 08:05:00+00:00,2024-01-09 08:10:00+00:00,True,1.0,False,False,0.0
2024-01-10,development,2024-01-10 08:00:00+00:00,2024-01-10 13:00:00+00:00,0.0,GMT,303.23,299.52,3.7100000000000364,DOWN_BREAK,2024-01-10 08:20:00+00:00,3.0,3+,2024-01-10 08:30:00+00:00,ACCEPT_BACK_INSIDE,DIRECT_E10,2024-01-10 08:25:00+00:00,True,True,True,True,2024-01-10 08:25:00+00:00,2024-01-10 08:45:00+00:00,False,1.0,False,False,20.0
2024-01-11,development,2024-01-11 08:00:00+00:00,2024-01-11 13:00:00+00:00,0.0,GMT,308.86,301.98,6.8799999999999955,UP_BREAK,2024-01-11 08:15:00+00:00,0.0,0,,NO_RETEST,DIRECT_E10,2024-01-11 08:20:00+00:00,True,True,True,True,2024-01-11 08:20:00+00:00,2024-01-11 08:25:00+00:00,False,0.0,False,False,15.0
2024-01-12,development,2024-01-12 08:00:00+00:00,2024-01-12 13:00:00+00:00,0.0,GMT,313.35,305.72,7.6299999999999955,NO_BREAK,,,NA,,NA,NO_BREAK,,False,False,False,False,,,False,,False,False,
2024-01-15,development,2024-01-15 08:00:00+00:00,2024-01-15 13:00:00+00:00,0.0,GMT,320.16,299.58,20.58000000000004,NO_BREAK,,,NA,,NA,NO_BREAK,,False,False,False,False,,,False,,False,False,
2024-01-16,development,2024-01-16 08:00:00+00:00,2024-01-16 13:00:00+00:00,0.0,GMT,318.0,313.57,4.430000000000007,UP_BREAK,2024-01-16 09:25:00+00:00,3.0,3+,2024-01-16 09:30:00+00:00,HOLD_RETEST,AMBIGUOUS_E10_BOUNDARY_INTERACTION,2024-01-16 09:30:00+00:00,True,False,False,False,2024-01-16 09:30:00+00:00,,False,,False,False,85.0
2024-01-17,development,2024-01-17 08:00:00+00:00,2024-01-17 13:00:00+00:00,0.0,GMT,316.16,308.63,7.53000000000003,DOWN_BREAK,2024-01-17 08:00:00+00:00,2.0,2,2024-01-17 08:05:00+00:00,ACCEPT_BACK_INSIDE,ACCEPT_BACK_INSIDE,2024-01-17 08:05:00+00:00,False,False,False,False,,,False,,False,False,0.0
2024-01-18,development,2024-01-18 08:00:00+00:00,2024-01-18 13:00:00+00:00,0.0,GMT,312.33,305.55,6.779999999999973,UP_BREAK,2024-01-18 10:15:00+00:00,1.0,1,2024-01-18 10:20:00+00:00,ACCEPT_BACK_INSIDE,ACCEPT_BACK_INSIDE,2024-01-18 10:20:00+00:00,False,False,False,False,,,False,,False,False,135.0
2024-01-19,development,2024-01-19 08:00:00+00:00,2024-01-19 13:00:00+00:00,0.0,GMT,313.14,307.36,5.779999999999973,UP_BREAK,2024-01-19 09:50:00+00:00,4.0,3+,2024-01-19 09:55:00+00:00,HOLD_RETEST,BOUNDARY_HOLD_RETEST,2024-01-19 09:55:00+00:00,True,True,False,False,2024-01-19 10:00:00+00:00,2024-01-19 12:10:00+00:00,False,3.0,True,True,110.0
2024-01-22,development,2024-01-22 08:00:00+00:00,2024-01-22 13:00:00+00:00,0.0,GMT,320.0,313.3,6.699999999999989,DOWN_BREAK,2024-01-22 09:50:00+00:00,4.0,3+,2024-01-22 11:05:00+00:00,HOLD_RETEST,DIRECT_E10,2024-01-22 09:55:00+00:00,True,True,True,False,2024-01-22 09:55:00+00:00,2024-01-22 09:55:00+00:00,False,0.0,False,False,110.0
2024-01-23,development,2024-01-23 08:00:00+00:00,2024-01-23 13:00:00+00:00,0.0,GMT,311.2,305.01,6.189999999999998,DOWN_BREAK,2024-01-23 08:45:00+00:00,1.0,1,2024-01-23 08:55:00+00:00,HOLD_RETEST,DIRECT_E10,2024-01-23 08:50:00+00:00,True,True,True,True,2024-01-23 08:50:00+00:00,2024-01-23 08:50:00+00:00,False,0.0,False,False,45.0
2024-01-24,development,2024-01-24 08:00:00+00:00,2024-01-24 13:00:00+00:00,0.0,GMT,300.45,291.26,9.189999999999998,NO_BREAK,,,NA,,NA,NO_BREAK,,False,False,False,False,,,False,,False,False,
2024-01-25,development,2024-01-25 08:00:00+00:00,2024-01-25 13:00:00+00:00,0.0,GMT,293.65,287.46,6.189999999999998,UP_BREAK,2024-01-25 10:15:00+00:00,3.0,3+,2024-01-25 10:20:00+00:00,HOLD_RETEST,AMBIGUOUS_E10_BOUNDARY_INTERACTION,2024-01-25 10:20:00+00:00,True,True,True,False,2024-01-25 10:20:00+00:00,2024-01-25 10:20:00+00:00,False,0.0,False,False,135.0
2024-01-26,development,2024-01-26 08:00:00+00:00,2024-01-26 13:00:00+00:00,0.0,GMT,295.3,290.68,4.6200000000000045,UP_BREAK,2024-01-26 08:15:00+00:00,1.0,1,2024-01-26 08:20:00+00:00,ACCEPT_BACK_INSIDE,ACCEPT_BACK_INSIDE,2024-01-26 08:20:00+00:00,True,True,True,True,2024-01-26 08:40:00+00:00,2024-01-26 09:25:00+00:00,False,1.0,False,False,15.0
2024-01-29,development,2024-01-29 08:00:00+00:00,2024-01-29 13:00:00+00:00,0.0,GMT,307.49,304.42,3.069999999999993,UP_BREAK,2024-01-29 08:50:00+00:00,2.0,2,2024-01-29 08:55:00+00:00,ACCEPT_BACK_INSIDE,ACCEPT_BACK_INSIDE,2024-01-29 08:55:00+00:00,True,True,True,True,2024-01-29 09:20:00+00:00,2024-01-29 09:20:00+00:00,False,1.0,False,False,50.0
2024-01-30,development,2024-01-30 08:00:00+00:00,2024-01-30 13:00:00+00:00,0.0,GMT,313.13,309.93,3.1999999999999886,DOWN_BREAK,2024-01-30 12:40:00+00:00,0.0,0,,NO_RETEST,DIRECT_E10,2024-01-30 12:45:00+00:00,True,True,True,True,2024-01-30 12:45:00+00:00,2024-01-30 12:45:00+00:00,False,0.0,False,False,280.0
2024-01-31,development,2024-01-31 08:00:00+00:00,2024-01-31 13:00:00+00:00,0.0,GMT,308.06,305.58,2.480000000000018,DOWN_BREAK,2024-01-31 09:25:00+00:00,0.0,0,,NO_RETEST,DIRECT_E10,2024-01-31 09:30:00+00:00,True,True,True,True,2024-01-31 09:30:00+00:00,2024-01-31 09:30:00+00:00,False,0.0,False,False,85.0
2024-02-01,development,2024-02-01 08:00:00+00:00,2024-02-01 13:00:00+00:00,0.0,GMT,301.38,296.39,4.990000000000009,NO_BREAK,,,NA,,NA,NO_BREAK,,False,False,False,False,,,False,,False,False,
2024-02-02,development,2024-02-02 08:00:00+00:00,2024-02-02 13:00:00+00:00,0.0,GMT,303.72,299.7,4.020000000000039,UP_BREAK,2024-02-02 08:05:00+00:00,3.0,3+,2024-02-02 08:10:00+00:00,ACCEPT_BACK_INSIDE,AMBIGUOUS_E10_BOUNDARY_INTERACTION,2024-02-02 08:10:00+00:00,True,True,True,False,2024-02-02 08:10:00+00:00,2024-02-02 08:10:00+00:00,False,0.0,False,False,5.0
2024-02-05,development,2024-02-05 08:00:00+00:00,2024-02-05 13:00:00+00:00,0.0,GMT,306.94,301.34,5.600000000000023,NO_BREAK,,,NA,,NA,NO_BREAK,,False,False,False,False,,,False,,False,False,
2024-02-06,development,2024-02-06 08:00:00+00:00,2024-02-06 13:00:00+00:00,0.0,GMT,302.77,300.74,2.0299999999999727,UP_BREAK,2024-02-06 08:45:00+00:00,5.0,3+,2024-02-06 08:50:00+00:00,HOLD_RETEST,AMBIGUOUS_E10_BOUNDARY_INTERACTION,2024-02-06 08:50:00+00:00,True,True,True,False,2024-02-06 08:50:00+00:00,2024-02-06 08:55:00+00:00,False,1.0,False,False,45.0
2024-02-07,development,2024-02-07 08:00:00+00:00,2024-02-07 13:00:00+00:00,0.0,GMT,303.24,300.7,2.5400000000000205,UP_BREAK,2024-02-07 08:35:00+00:00,2.0,2,2024-02-07 08:40:00+00:00,ACCEPT_BACK_INSIDE,ACCEPT_BACK_INSIDE,2024-02-07 08:40:00+00:00,True,True,True,False,2024-02-07 09:30:00+00:00,2024-02-07 09:35:00+00:00,False,1.0,False,False,35.0
2024-02-08,development,2024-02-08 08:00:00+00:00,2024-02-08 13:00:00+00:00,0.0,GMT,315.0,307.4,7.600000000000023,UP_BREAK,2024-02-08 08:05:00+00:00,3.0,3+,2024-02-08 08:10:00+00:00,HOLD_RETEST,BOUNDARY_HOLD_RETEST,2024-02-08 08:10:00+00:00,True,True,False,False,2024-02-08 09:05:00+00:00,2024-02-08 12:00:00+00:00,False,2.0,True,True,5.0
2024-02-09,development,2024-02-09 08:00:00+00:00,2024-02-09 13:00:00+00:00,0.0,GMT,322.97,317.08,5.890000000000043,UP_BREAK,2024-02-09 08:50:00+00:00,1.0,1,2024-02-09 08:55:00+00:00,HOLD_RETEST,BOUNDARY_HOLD_RETEST,2024-02-09 08:55:00+00:00,True,True,True,False,2024-02-09 09:00:00+00:00,2024-02-09 09:00:00+00:00,False,1.0,True,True,50.0
2024-02-12,development,2024-02-12 08:00:00+00:00,2024-02-12 13:00:00+00:00,0.0,GMT,321.79,315.22,6.569999999999993,NO_BREAK,,,NA,,NA,NO_BREAK,,False,False,False,False,,,False,,False,False,
2024-02-13,development,2024-02-13 08:00:00+00:00,2024-02-13 13:00:00+00:00,0.0,GMT,328.99,325.79,3.1999999999999886,DOWN_BREAK,2024-02-13 08:00:00+00:00,2.0,2,2024-02-13 08:10:00+00:00,ACCEPT_BACK_INSIDE,DIRECT_E10,2024-02-13 08:05:00+00:00,True,True,True,False,2024-02-13 08:05:00+00:00,2024-02-13 11:10:00+00:00,False,1.0,False,False,0.0
2024-02-14,development,2024-02-14 08:00:00+00:00,2024-02-14 13:00:00+00:00,0.0,GMT,327.93,323.02,4.910000000000025,UP_BREAK,2024-02-14 08:35:00+00:00,1.0,1,2024-02-14 08:40:00+00:00,ACCEPT_BACK_INSIDE,ACCEPT_BACK_INSIDE,2024-02-14 08:40:00+00:00,True,True,True,True,2024-02-14 08:50:00+00:00,2024-02-14 08:55:00+00:00,False,1.0,False,False,35.0
2024-02-15,development,2024-02-15 08:00:00+00:00,2024-02-15 13:00:00+00:00,0.0,GMT,345.15,332.9,12.25,UP_BREAK,2024-02-15 10:15:00+00:00,2.0,2,2024-02-15 11:35:00+00:00,HOLD_RETEST,DIRECT_E10,2024-02-15 10:50:00+00:00,True,True,True,False,2024-02-15 10:50:00+00:00,2024-02-15 10:50:00+00:00,False,0.0,False,False,135.0
2024-02-16,development,2024-02-16 08:00:00+00:00,2024-02-16 13:00:00+00:00,0.0,GMT,367.11,352.63,14.480000000000018,DOWN_BREAK,2024-02-16 09:10:00+00:00,2.0,2,2024-02-16 09:20:00+00:00,HOLD_RETEST,DIRECT_E10,2024-02-16 09:15:00+00:00,True,False,False,False,2024-02-16 09:15:00+00:00,,False,,False,False,70.0
2024-02-19,development,2024-02-19 08:00:00+00:00,2024-02-19 13:00:00+00:00,0.0,GMT,356.22,349.25,6.970000000000027,NO_BREAK,,,NA,,NA,NO_BREAK,,False,False,False,False,,,False,,False,False,
2024-02-20,development,2024-02-20 08:00:00+00:00,2024-02-20 13:00:00+00:00,0.0,GMT,361.69,350.78,10.910000000000025,NO_BREAK,,,NA,,NA,NO_BREAK,,False,False,False,False,,,False,,False,False,
2024-02-21,development,2024-02-21 08:00:00+00:00,2024-02-21 13:00:00+00:00,0.0,GMT,360.71,351.2,9.509999999999991,UP_BREAK,2024-02-21 08:25:00+00:00,3.0,3+,2024-02-21 09:40:00+00:00,HOLD_RETEST,DIRECT_E10,2024-02-21 08:30:00+00:00,True,True,True,True,2024-02-21 08:30:00+00:00,2024-02-21 08:30:00+00:00,False,0.0,False,False,25.0
2024-02-22,development,2024-02-22 08:00:00+00:00,2024-02-22 13:00:00+00:00,0.0,GMT,386.81,373.17,13.639999999999986,NO_BREAK,,,NA,,NA,NO_BREAK,,False,False,False,False,,,False,,False,False,
2024-02-23,development,2024-02-23 08:00:00+00:00,2024-02-23 13:00:00+00:00,0.0,GMT,385.38,374.11,11.269999999999982,DOWN_BREAK,2024-02-23 12:00:00+00:00,2.0,2,2024-02-23 12:15:00+00:00,HOLD_RETEST,DIRECT_E10,2024-02-23 12:10:00+00:00,True,False,False,False,2024-02-23 12:10:00+00:00,,False,,False,False,240.0
2024-02-26,development,2024-02-26 08:00:00+00:00,2024-02-26 13:00:00+00:00,0.0,GMT,389.75,381.6,8.149999999999977,UP_BREAK,2024-02-26 11:10:00+00:00,1.0,1,2024-02-26 11:50:00+00:00,ACCEPT_BACK_INSIDE,DIRECT_E10,2024-02-26 11:15:00+00:00,True,True,True,False,2024-02-26 11:15:00+00:00,2024-02-26 11:15:00+00:00,False,0.0,False,False,190.0
2024-02-27,development,2024-02-27 08:00:00+00:00,2024-02-27 13:00:00+00:00,0.0,GMT,403.69,394.2,9.490000000000009,NO_BREAK,,,NA,,NA,NO_BREAK,,False,False,False,False,,,False,,False,False,
2024-02-28,development,2024-02-28 08:00:00+00:00,2024-02-28 13:00:00+00:00,0.0,GMT,400.78,393.69,7.089999999999975,UP_BREAK,2024-02-28 08:00:00+00:00,1.0,1,2024-02-28 08:05:00+00:00,ACCEPT_BACK_INSIDE,ACCEPT_BACK_INSIDE,2024-02-28 08:05:00+00:00,True,True,True,True,2024-02-28 08:50:00+00:00,2024-02-28 08:50:00+00:00,False,1.0,False,False,0.0
2024-02-29,development,2024-02-29 08:00:00+00:00,2024-02-29 13:00:00+00:00,0.0,GMT,419.98,411.04,8.939999999999998,DOWN_BREAK,2024-02-29 11:50:00+00:00,1.0,1,2024-02-29 11:55:00+00:00,HOLD_RETEST,BOUNDARY_HOLD_RETEST,2024-02-29 11:55:00+00:00,True,True,True,False,2024-02-29 12:05:00+00:00,2024-02-29 12:05:00+00:00,False,1.0,True,True,230.0
2024-03-01,development,2024-03-01 08:00:00+00:00,2024-03-01 13:00:00+00:00,0.0,GMT,408.35,399.28,9.07000000000005,UP_BREAK,2024-03-01 09:25:00+00:00,1.0,1,2024-03-01 09:30:00+00:00,ACCEPT_BACK_INSIDE,ACCEPT_BACK_INSIDE,2024-03-01 09:30:00+00:00,False,False,False,False,,,False,,False,False,85.0
2024-03-04,development,2024-03-04 08:00:00+00:00,2024-03-04 13:00:00+00:00,0.0,GMT,417.93,411.89,6.0400000000000205,UP_BREAK,2024-03-04 08:05:00+00:00,4.0,3+,2024-03-04 10:35:00+00:00,HOLD_RETEST,DIRECT_E10,2024-03-04 08:10:00+00:00,True,True,True,True,2024-03-04 08:10:00+00:00,2024-03-04 08:10:00+00:00,False,0.0,False,False,5.0
2024-03-05,development,2024-03-05 08:00:00+00:00,2024-03-05 13:00:00+00:00,0.0,GMT,428.06,415.19,12.870000000000005,NO_BREAK,,,NA,,NA,NO_BREAK,,False,False,False,False,,,False,,False,False,
2024-03-06,development,2024-03-06 08:00:00+00:00,2024-03-06 13:00:00+00:00,0.0,GMT,412.05,385.82,26.230000000000018,UP_BREAK,2024-03-06 08:05:00+00:00,2.0,2,2024-03-06 08:40:00+00:00,HOLD_RETEST,DIRECT_E10,2024-03-06 08:10:00+00:00,True,True,True,True,2024-03-06 08:10:00+00:00,2024-03-06 10:25:00+00:00,False,2.0,False,False,5.0
2024-03-07,development,2024-03-07 08:00:00+00:00,2024-03-07 13:00:00+00:00,0.0,GMT,434.9,423.33,11.569999999999993,UP_BREAK,2024-03-07 08:00:00+00:00,2.0,2,2024-03-07 08:10:00+00:00,ACCEPT_BACK_INSIDE,DIRECT_E10,2024-03-07 08:05:00+00:00,True,True,True,True,2024-03-07 08:05:00+00:00,2024-03-07 10:55:00+00:00,False,1.0,False,False,0.0
2024-03-08,development,2024-03-08 08:00:00+00:00,2024-03-08 13:00:00+00:00,0.0,GMT,477.28,463.44,13.839999999999975,UP_BREAK,2024-03-08 12:25:00+00:00,1.0,1,2024-03-08 12:30:00+00:00,ACCEPT_BACK_INSIDE,AMBIGUOUS_E10_BOUNDARY_INTERACTION,2024-03-08 12:30:00+00:00,True,True,False,False,2024-03-08 12:30:00+00:00,2024-03-08 12:50:00+00:00,False,1.0,False,False,265.0
2024-03-11,development,2024-03-11 08:00:00+00:00,2024-03-11 13:00:00+00:00,0.0,GMT,534.48,504.57,29.910000000000025,NO_BREAK,,,NA,,NA,NO_BREAK,,False,False,False,False,,,False,,False,False,
2024-03-12,development,2024-03-12 08:00:00+00:00,2024-03-12 13:00:00+00:00,0.0,GMT,544.35,522.37,21.980000000000018,NO_BREAK,,,NA,,NA,NO_BREAK,,False,False,False,False,,,False,,False,False,
2024-03-13,development,2024-03-13 08:00:00+00:00,2024-03-13 13:00:00+00:00,0.0,GMT,564.9,532.1,32.799999999999955,UP_BREAK,2024-03-13 08:05:00+00:00,0.0,0,,NO_RETEST,DIRECT_E10,2024-03-13 08:10:00+00:00,True,True,True,True,2024-03-13 08:10:00+00:00,2024-03-13 08:40:00+00:00,False,0.0,False,False,5.0
2024-03-14,development,2024-03-14 08:00:00+00:00,2024-03-14 13:00:00+00:00,0.0,GMT,632.0,606.1,25.899999999999977,DOWN_BREAK,2024-03-14 11:35:00+00:00,1.0,1,2024-03-14 11:45:00+00:00,ACCEPT_BACK_INSIDE,DIRECT_E10,2024-03-14 11:40:00+00:00,True,False,False,False,2024-03-14 11:40:00+00:00,,False,,False,False,215.0
2024-03-15,development,2024-03-15 08:00:00+00:00,2024-03-15 13:00:00+00:00,0.0,GMT,612.99,565.0,47.99000000000001,DOWN_BREAK,2024-03-15 08:50:00+00:00,2.0,2,2024-03-15 08:55:00+00:00,HOLD_RETEST,BOUNDARY_HOLD_RETEST,2024-03-15 08:55:00+00:00,True,True,True,False,2024-03-15 09:05:00+00:00,2024-03-15 09:05:00+00:00,False,1.0,True,True,50.0
2024-03-18,development,2024-03-18 08:00:00+00:00,2024-03-18 13:00:00+00:00,0.0,GMT,587.63,550.56,37.07000000000005,NO_BREAK,,,NA,,NA,NO_BREAK,,False,False,False,False,,,False,,False,False,
2024-03-19,development,2024-03-19 08:00:00+00:00,2024-03-19 13:00:00+00:00,0.0,GMT,560.97,512.55,48.42000000000007,DOWN_BREAK,2024-03-19 08:45:00+00:00,4.0,3+,2024-03-19 08:50:00+00:00,HOLD_RETEST,AMBIGUOUS_E10_BOUNDARY_INTERACTION,2024-03-19 08:50:00+00:00,True,True,True,False,2024-03-19 08:50:00+00:00,2024-03-19 09:05:00+00:00,False,1.0,False,False,45.0
2024-03-20,development,2024-03-20 08:00:00+00:00,2024-03-20 13:00:00+00:00,0.0,GMT,534.3,500.29,34.009999999999934,UP_BREAK,2024-03-20 11:25:00+00:00,3.0,3+,2024-03-20 11:30:00+00:00,HOLD_RETEST,BOUNDARY_HOLD_RETEST,2024-03-20 11:30:00+00:00,True,False,False,False,2024-03-20 12:10:00+00:00,,False,,True,False,205.0
2024-03-21,development,2024-03-21 08:00:00+00:00,2024-03-21 13:00:00+00:00,0.0,GMT,562.58,541.11,21.470000000000027,UP_BREAK,2024-03-21 10:05:00+00:00,1.0,1,2024-03-21 11:20:00+00:00,ACCEPT_BACK_INSIDE,DIRECT_E10,2024-03-21 10:10:00+00:00,True,True,True,False,2024-03-21 10:10:00+00:00,2024-03-21 10:15:00+00:00,False,0.0,False,False,125.0
2024-03-22,development,2024-03-22 08:00:00+00:00,2024-03-22 13:00:00+00:00,0.0,GMT,586.99,552.4,34.59000000000003,UP_BREAK,2024-03-22 09:25:00+00:00,1.0,1,2024-03-22 09:30:00+00:00,ACCEPT_BACK_INSIDE,ACCEPT_BACK_INSIDE,2024-03-22 09:30:00+00:00,False,False,False,False,,,False,,False,False,85.0
2024-03-25,development,2024-03-25 08:00:00+00:00,2024-03-25 13:00:00+00:00,0.0,GMT,589.88,565.47,24.409999999999968,NO_BREAK,,,NA,,NA,NO_BREAK,,False,False,False,False,,,False,,False,False,
2024-03-26,development,2024-03-26 08:00:00+00:00,2024-03-26 13:00:00+00:00,0.0,GMT,597.63,586.76,10.870000000000005,NO_BREAK,,,NA,,NA,NO_BREAK,,False,False,False,False,,,False,,False,False,
2024-03-27,development,2024-03-27 08:00:00+00:00,2024-03-27 13:00:00+00:00,0.0,GMT,586.28,573.33,12.949999999999932,DOWN_BREAK,2024-03-27 09:00:00+00:00,1.0,1,2024-03-27 09:05:00+00:00,ACCEPT_BACK_INSIDE,ACCEPT_BACK_INSIDE,2024-03-27 09:05:00+00:00,False,False,False,False,,,False,,False,False,60.0
2024-03-28,development,2024-03-28 08:00:00+00:00,2024-03-28 13:00:00+00:00,0.0,GMT,591.46,574.6,16.860000000000014,UP_BREAK,2024-03-28 08:00:00+00:00,1.0,1,2024-03-28 08:05:00+00:00,ACCEPT_BACK_INSIDE,ACCEPT_BACK_INSIDE,2024-03-28 08:05:00+00:00,False,False,False,False,,,False,,False,False,0.0
2024-03-29,development,2024-03-29 08:00:00+00:00,2024-03-29 13:00:00+00:00,0.0,GMT,614.27,582.72,31.549999999999955,UP_BREAK,2024-03-29 11:15:00+00:00,0.0,0,,NO_RETEST,DIRECT_E10,2024-03-29 11:20:00+00:00,True,False,False,False,2024-03-29 11:20:00+00:00,,False,,False,False,195.0
2024-04-01,development,2024-04-01 07:00:00+00:00,2024-04-01 12:00:00+00:00,1.0,BST,607.02,570.0,37.01999999999998,NO_BREAK,,,NA,,NA,NO_BREAK,,False,False,False,False,,,False,,False,False,
2024-04-02,development,2024-04-02 07:00:00+00:00,2024-04-02 12:00:00+00:00,1.0,BST,580.0,550.0,30.0,NO_BREAK,,,NA,,NA,NO_BREAK,,False,False,False,False,,,False,,False,False,
2024-04-03,development,2024-04-03 07:00:00+00:00,2024-04-03 12:00:00+00:00,1.0,BST,561.88,539.33,22.549999999999955,UP_BREAK,2024-04-03 07:10:00+00:00,2.0,2,2024-04-03 07:30:00+00:00,HOLD_RETEST,BOUNDARY_HOLD_RETEST,2024-04-03 07:30:00+00:00,True,True,False,False,2024-04-03 08:30:00+00:00,2024-04-03 08:40:00+00:00,False,1.0,True,True,10.0
2024-04-04,development,2024-04-04 07:00:00+00:00,2024-04-04 12:00:00+00:00,1.0,BST,582.92,561.21,21.709999999999923,UP_BREAK,2024-04-04 07:15:00+00:00,2.0,2,2024-04-04 07:30:00+00:00,ACCEPT_BACK_INSIDE,ACCEPT_BACK_INSIDE,2024-04-04 07:30:00+00:00,True,True,False,False,2024-04-04 09:45:00+00:00,2024-04-04 09:55:00+00:00,False,2.0,False,False,15.0
2024-04-05,development,2024-04-05 07:00:00+00:00,2024-04-05 12:00:00+00:00,1.0,BST,590.0,564.1,25.899999999999977,NO_BREAK,,,NA,,NA,NO_BREAK,,False,False,False,False,,,False,,False,False,
2024-04-08,development,2024-04-08 07:00:00+00:00,2024-04-08 12:00:00+00:00,1.0,BST,584.8,577.21,7.589999999999918,UP_BREAK,2024-04-08 07:30:00+00:00,1.0,1,2024-04-08 07:35:00+00:00,HOLD_RETEST,AMBIGUOUS_E10_BOUNDARY_INTERACTION,2024-04-08 07:35:00+00:00,True,True,True,True,2024-04-08 07:35:00+00:00,2024-04-08 07:35:00+00:00,False,0.0,False,False,30.0
2024-04-09,development,2024-04-09 07:00:00+00:00,2024-04-09 12:00:00+00:00,1.0,BST,590.87,580.3,10.57000000000005,DOWN_BREAK,2024-04-09 07:15:00+00:00,3.0,3+,2024-04-09 08:30:00+00:00,HOLD_RETEST,DIRECT_E10,2024-04-09 07:20:00+00:00,True,True,True,True,2024-04-09 07:20:00+00:00,2024-04-09 07:20:00+00:00,False,0.0,False,False,15.0
2024-04-10,development,2024-04-10 07:00:00+00:00,2024-04-10 12:00:00+00:00,1.0,BST,583.98,573.56,10.420000000000073,UP_BREAK,2024-04-10 07:35:00+00:00,0.0,0,,NO_RETEST,DIRECT_E10,2024-04-10 07:45:00+00:00,True,True,True,True,2024-04-10 07:45:00+00:00,2024-04-10 07:45:00+00:00,False,0.0,False,False,35.0
2024-04-11,development,2024-04-11 07:00:00+00:00,2024-04-11 12:00:00+00:00,1.0,BST,618.55,604.58,13.969999999999914,DOWN_BREAK,2024-04-11 07:35:00+00:00,1.0,1,2024-04-11 07:40:00+00:00,ACCEPT_BACK_INSIDE,ACCEPT_BACK_INSIDE,2024-04-11 07:40:00+00:00,True,True,True,True,2024-04-11 08:45:00+00:00,2024-04-11 08:45:00+00:00,False,1.0,False,False,35.0
2024-04-12,development,2024-04-12 07:00:00+00:00,2024-04-12 12:00:00+00:00,1.0,BST,632.0,604.51,27.49000000000001,NO_BREAK,,,NA,,NA,NO_BREAK,,False,False,False,False,,,False,,False,False,
2024-04-15,development,2024-04-15 07:00:00+00:00,2024-04-15 12:00:00+00:00,1.0,BST,576.62,558.81,17.81000000000006,UP_BREAK,2024-04-15 07:15:00+00:00,1.0,1,2024-04-15 07:40:00+00:00,ACCEPT_BACK_INSIDE,DIRECT_E10,2024-04-15 07:20:00+00:00,True,True,True,False,2024-04-15 07:20:00+00:00,2024-04-15 09:20:00+00:00,False,1.0,False,False,15.0
2024-04-16,development,2024-04-16 07:00:00+00:00,2024-04-16 12:00:00+00:00,1.0,BST,556.32,531.13,25.190000000000055,NO_BREAK,,,NA,,NA,NO_BREAK,,False,False,False,False,,,False,,False,False,
2024-04-17,development,2024-04-17 07:00:00+00:00,2024-04-17 12:00:00+00:00,1.0,BST,546.15,534.34,11.809999999999945,UP_BREAK,2024-04-17 09:20:00+00:00,2.0,2,2024-04-17 09:25:00+00:00,HOLD_RETEST,AMBIGUOUS_E10_BOUNDARY_INTERACTION,2024-04-17 09:25:00+00:00,True,False,False,False,2024-04-17 09:25:00+00:00,,True,,False,False,140.0
2024-04-18,development,2024-04-18 07:00:00+00:00,2024-04-18 12:00:00+00:00,1.0,BST,555.55,526.73,28.819999999999936,NO_BREAK,,,NA,,NA,NO_BREAK,,False,False,False,False,,,False,,False,False,
2024-04-19,development,2024-04-19 07:00:00+00:00,2024-04-19 12:00:00+00:00,1.0,BST,559.22,523.42,35.80000000000007,UP_BREAK,2024-04-19 07:00:00+00:00,3.0,3+,2024-04-19 07:05:00+00:00,ACCEPT_BACK_INSIDE,ACCEPT_BACK_INSIDE,2024-04-19 07:05:00+00:00,False,False,False,False,,,False,,False,False,0.0
2024-04-22,development,2024-04-22 07:00:00+00:00,2024-04-22 12:00:00+00:00,1.0,BST,608.69,578.06,30.63000000000011,NO_BREAK,,,NA,,NA,NO_BREAK,,False,False,False,False,,,False,,False,False,
2024-04-23,development,2024-04-23 07:00:00+00:00,2024-04-23 12:00:00+00:00,1.0,BST,608.94,598.5,10.440000000000055,UP_BREAK,2024-04-23 10:20:00+00:00,3.0,3+,2024-04-23 10:25:00+00:00,HOLD_RETEST,AMBIGUOUS_E10_BOUNDARY_INTERACTION,2024-04-23 10:25:00+00:00,True,True,True,True,2024-04-23 10:25:00+00:00,2024-04-23 10:25:00+00:00,False,0.0,False,False,200.0
2024-04-24,development,2024-04-24 07:00:00+00:00,2024-04-24 12:00:00+00:00,1.0,BST,608.76,600.2,8.559999999999945,UP_BREAK,2024-04-24 07:10:00+00:00,1.0,1,2024-04-24 07:15:00+00:00,HOLD_RETEST,BOUNDARY_HOLD_RETEST,2024-04-24 07:15:00+00:00,True,True,True,True,2024-04-24 09:20:00+00:00,2024-04-24 09:50:00+00:00,False,1.0,True,True,10.0
2024-04-25,development,2024-04-25 07:00:00+00:00,2024-04-25 12:00:00+00:00,1.0,BST,609.28,600.36,8.919999999999959,UP_BREAK,2024-04-25 09:05:00+00:00,1.0,1,2024-04-25 10:05:00+00:00,ACCEPT_BACK_INSIDE,DIRECT_E10,2024-04-25 09:10:00+00:00,True,True,True,False,2024-04-25 09:10:00+00:00,2024-04-25 09:10:00+00:00,False,0.0,False,False,125.0
2024-04-26,development,2024-04-26 07:00:00+00:00,2024-04-26 12:00:00+00:00,1.0,BST,614.38,605.06,9.32000000000005,DOWN_BREAK,2024-04-26 09:50:00+00:00,1.0,1,2024-04-26 10:05:00+00:00,HOLD_RETEST,DIRECT_E10,2024-04-26 09:55:00+00:00,True,True,True,False,2024-04-26 09:55:00+00:00,2024-04-26 09:55:00+00:00,False,0.0,False,False,170.0
2024-04-29,development,2024-04-29 07:00:00+00:00,2024-04-29 12:00:00+00:00,1.0,BST,602.0,578.09,23.909999999999968,NO_BREAK,,,NA,,NA,NO_BREAK,,False,False,False,False,,,False,,False,False,
2024-04-30,development,2024-04-30 07:00:00+00:00,2024-04-30 12:00:00+00:00,1.0,BST,602.81,588.89,13.919999999999959,UP_BREAK,2024-04-30 07:35:00+00:00,1.0,1,2024-04-30 07:40:00+00:00,ACCEPT_BACK_INSIDE,AMBIGUOUS_E10_BOUNDARY_INTERACTION,2024-04-30 07:40:00+00:00,True,False,False,False,2024-04-30 07:40:00+00:00,,True,,False,False,35.0
2024-05-01,development,2024-05-01 07:00:00+00:00,2024-05-01 12:00:00+00:00,1.0,BST,579.92,562.25,17.66999999999996,DOWN_BREAK,2024-05-01 07:00:00+00:00,0.0,0,,NO_RETEST,DIRECT_E10,2024-05-01 07:05:00+00:00,True,True,True,True,2024-05-01 07:05:00+00:00,2024-05-01 07:05:00+00:00,False,0.0,False,False,0.0
2024-05-02,development,2024-05-02 07:00:00+00:00,2024-05-02 12:00:00+00:00,1.0,BST,563.45,541.01,22.440000000000055,NO_BREAK,,,NA,,NA,NO_BREAK,,False,False,False,False,,,False,,False,False,
2024-05-03,development,2024-05-03 07:00:00+00:00,2024-05-03 12:00:00+00:00,1.0,BST,566.97,558.57,8.399999999999977,UP_BREAK,2024-05-03 09:45:00+00:00,1.0,1,2024-05-03 09:50:00+00:00,ACCEPT_BACK_INSIDE,ACCEPT_BACK_INSIDE,2024-05-03 09:50:00+00:00,False,False,False,False,,,False,,False,False,165.0
2024-05-06,development,2024-05-06 07:00:00+00:00,2024-05-06 12:00:00+00:00,1.0,BST,595.45,588.9,6.550000000000068,UP_BREAK,2024-05-06 08:00:00+00:00,1.0,1,2024-05-06 10:15:00+00:00,HOLD_RETEST,DIRECT_E10,2024-05-06 08:05:00+00:00,True,True,True,True,2024-05-06 08:05:00+00:00,2024-05-06 08:05:00+00:00,True,0.0,False,False,60.0
2024-05-07,development,2024-05-07 07:00:00+00:00,2024-05-07 12:00:00+00:00,1.0,BST,593.74,581.88,11.860000000000014,UP_BREAK,2024-05-07 08:50:00+00:00,5.0,3+,2024-05-07 08:55:00+00:00,HOLD_RETEST,AMBIGUOUS_E10_BOUNDARY_INTERACTION,2024-05-07 08:55:00+00:00,True,True,True,True,2024-05-07 08:55:00+00:00,2024-05-07 11:10:00+00:00,False,4.0,False,False,110.0
2024-05-08,development,2024-05-08 07:00:00+00:00,2024-05-08 12:00:00+00:00,1.0,BST,587.36,573.63,13.730000000000018,NO_BREAK,,,NA,,NA,NO_BREAK,,False,False,False,False,,,False,,False,False,
2024-05-09,development,2024-05-09 07:00:00+00:00,2024-05-09 12:00:00+00:00,1.0,BST,602.55,585.12,17.42999999999995,NO_BREAK,,,NA,,NA,NO_BREAK,,False,False,False,False,,,False,,False,False,
2024-05-10,development,2024-05-10 07:00:00+00:00,2024-05-10 12:00:00+00:00,1.0,BST,598.46,590.61,7.850000000000023,NO_BREAK,,,NA,,NA,NO_BREAK,,False,False,False,False,,,False,,False,False,
2024-05-13,development,2024-05-13 07:00:00+00:00,2024-05-13 12:00:00+00:00,1.0,BST,596.21,584.48,11.730000000000018,UP_BREAK,2024-05-13 07:50:00+00:00,5.0,3+,2024-05-13 07:55:00+00:00,ACCEPT_BACK_INSIDE,AMBIGUOUS_E10_BOUNDARY_INTERACTION,2024-05-13 07:55:00+00:00,True,False,False,False,2024-05-13 07:55:00+00:00,,False,,False,False,50.0
2024-05-14,development,2024-05-14 07:00:00+00:00,2024-05-14 12:00:00+00:00,1.0,BST,592.99,580.43,12.56000000000006,NO_BREAK,,,NA,,NA,NO_BREAK,,False,False,False,False,,,False,,False,False,
2024-05-15,development,2024-05-15 07:00:00+00:00,2024-05-15 12:00:00+00:00,1.0,BST,570.43,560.5,9.92999999999995,NO_BREAK,,,NA,,NA,NO_BREAK,,False,False,False,False,,,False,,False,False,
2024-05-16,development,2024-05-16 07:00:00+00:00,2024-05-16 12:00:00+00:00,1.0,BST,585.97,580.05,5.920000000000073,DOWN_BREAK,2024-05-16 10:30:00+00:00,1.0,1,2024-05-16 10:35:00+00:00,ACCEPT_BACK_INSIDE,ACCEPT_BACK_INSIDE,2024-05-16 10:35:00+00:00,False,False,False,False,,,False,,False,False,210.0
2024-05-17,development,2024-05-17 07:00:00+00:00,2024-05-17 12:00:00+00:00,1.0,BST,573.67,566.93,6.740000000000009,UP_BREAK,2024-05-17 07:00:00+00:00,0.0,0,,NO_RETEST,DIRECT_E10,2024-05-17 07:05:00+00:00,True,True,True,True,2024-05-17 07:05:00+00:00,2024-05-17 07:05:00+00:00,False,0.0,False,False,0.0
2024-05-20,development,2024-05-20 07:00:00+00:00,2024-05-20 12:00:00+00:00,1.0,BST,580.82,570.24,10.580000000000041,NO_BREAK,,,NA,,NA,NO_BREAK,,False,False,False,False,,,False,,False,False,
2024-05-21,development,2024-05-21 07:00:00+00:00,2024-05-21 12:00:00+00:00,1.0,BST,612.93,592.17,20.75999999999999,UP_BREAK,2024-05-21 07:00:00+00:00,0.0,0,,NO_RETEST,DIRECT_E10,2024-05-21 07:05:00+00:00,True,True,True,True,2024-05-21 07:05:00+00:00,2024-05-21 07:05:00+00:00,False,0.0,False,False,0.0
2024-05-22,development,2024-05-22 07:00:00+00:00,2024-05-22 12:00:00+00:00,1.0,BST,624.94,613.0,11.940000000000055,UP_BREAK,2024-05-22 08:20:00+00:00,1.0,1,2024-05-22 08:30:00+00:00,ACCEPT_BACK_INSIDE,DIRECT_E10,2024-05-22 08:25:00+00:00,True,False,False,False,2024-05-22 08:25:00+00:00,,False,,False,False,80.0
2024-05-23,development,2024-05-23 07:00:00+00:00,2024-05-23 12:00:00+00:00,1.0,BST,617.68,613.14,4.539999999999964,DOWN_BREAK,2024-05-23 09:40:00+00:00,2.0,2,2024-05-23 10:15:00+00:00,ACCEPT_BACK_INSIDE,DIRECT_E10,2024-05-23 09:45:00+00:00,True,True,True,True,2024-05-23 09:45:00+00:00,2024-05-23 09:45:00+00:00,False,0.0,False,False,160.0
2024-05-24,development,2024-05-24 07:00:00+00:00,2024-05-24 12:00:00+00:00,1.0,BST,605.64,589.78,15.860000000000014,DOWN_BREAK,2024-05-24 07:05:00+00:00,1.0,1,2024-05-24 07:10:00+00:00,ACCEPT_BACK_INSIDE,ACCEPT_BACK_INSIDE,2024-05-24 07:10:00+00:00,False,False,False,False,,,False,,False,False,5.0
2024-05-27,development,2024-05-27 07:00:00+00:00,2024-05-27 12:00:00+00:00,1.0,BST,606.92,599.64,7.279999999999973,NO_BREAK,,,NA,,NA,NO_BREAK,,False,False,False,False,,,False,,False,False,
2024-05-28,development,2024-05-28 07:00:00+00:00,2024-05-28 12:00:00+00:00,1.0,BST,605.36,593.71,11.649999999999977,UP_BREAK,2024-05-28 10:10:00+00:00,1.0,1,2024-05-28 10:15:00+00:00,ACCEPT_BACK_INSIDE,ACCEPT_BACK_INSIDE,2024-05-28 10:15:00+00:00,False,False,False,False,,,False,,False,False,190.0
2024-05-29,development,2024-05-29 07:00:00+00:00,2024-05-29 12:00:00+00:00,1.0,BST,603.99,601.15,2.840000000000032,DOWN_BREAK,2024-05-29 07:25:00+00:00,0.0,0,,NO_RETEST,DIRECT_E10,2024-05-29 07:30:00+00:00,True,True,True,True,2024-05-29 07:30:00+00:00,2024-05-29 07:30:00+00:00,False,0.0,False,False,25.0
2024-05-30,development,2024-05-30 07:00:00+00:00,2024-05-30 12:00:00+00:00,1.0,BST,598.56,593.35,5.209999999999923,DOWN_BREAK,2024-05-30 07:20:00+00:00,2.0,2,2024-05-30 07:45:00+00:00,HOLD_RETEST,DIRECT_E10,2024-05-30 07:25:00+00:00,True,True,True,True,2024-05-30 07:25:00+00:00,2024-05-30 07:25:00+00:00,False,0.0,False,False,20.0
2024-05-31,development,2024-05-31 07:00:00+00:00,2024-05-31 12:00:00+00:00,1.0,BST,596.91,591.2,5.709999999999923,NO_BREAK,,,NA,,NA,NO_BREAK,,False,False,False,False,,,False,,False,False,
2024-06-03,development,2024-06-03 07:00:00+00:00,2024-06-03 12:00:00+00:00,1.0,BST,639.6,601.69,37.90999999999997,NO_BREAK,,,NA,,NA,NO_BREAK,,False,False,False,False,,,False,,False,False,
2024-06-04,development,2024-06-04 07:00:00+00:00,2024-06-04 12:00:00+00:00,1.0,BST,635.91,625.46,10.449999999999932,UP_BREAK,2024-06-04 10:10:00+00:00,2.0,2,2024-06-04 10:15:00+00:00,HOLD_RETEST,AMBIGUOUS_E10_BOUNDARY_INTERACTION,2024-06-04 10:15:00+00:00,True,True,True,True,2024-06-04 10:15:00+00:00,2024-06-04 10:15:00+00:00,False,0.0,False,False,190.0
2024-06-05,development,2024-06-05 07:00:00+00:00,2024-06-05 12:00:00+00:00,1.0,BST,718.97,680.55,38.42000000000007,NO_BREAK,,,NA,,NA,NO_BREAK,,False,False,False,False,,,False,,False,False,
2024-06-06,development,2024-06-06 07:00:00+00:00,2024-06-06 12:00:00+00:00,1.0,BST,709.0,691.77,17.230000000000018,UP_BREAK,2024-06-06 10:10:00+00:00,2.0,2,2024-06-06 10:15:00+00:00,ACCEPT_BACK_INSIDE,ACCEPT_BACK_INSIDE,2024-06-06 10:15:00+00:00,False,False,False,False,,,False,,False,False,190.0
2024-06-07,development,2024-06-07 07:00:00+00:00,2024-06-07 12:00:00+00:00,1.0,BST,712.15,700.2,11.949999999999932,DOWN_BREAK,2024-06-07 07:45:00+00:00,2.0,2,2024-06-07 08:05:00+00:00,HOLD_RETEST,DIRECT_E10,2024-06-07 07:50:00+00:00,True,True,False,False,2024-06-07 07:50:00+00:00,2024-06-07 07:50:00+00:00,False,0.0,False,False,45.0
2024-06-10,development,2024-06-10 07:00:00+00:00,2024-06-10 12:00:00+00:00,1.0,BST,674.93,649.68,25.25,DOWN_BREAK,2024-06-10 07:00:00+00:00,0.0,0,,NO_RETEST,DIRECT_E10,2024-06-10 07:05:00+00:00,True,True,True,False,2024-06-10 07:05:00+00:00,2024-06-10 07:05:00+00:00,False,0.0,False,False,0.0
2024-06-11,development,2024-06-11 07:00:00+00:00,2024-06-11 12:00:00+00:00,1.0,BST,629.42,610.0,19.41999999999996,DOWN_BREAK,2024-06-11 09:20:00+00:00,2.0,2,2024-06-11 09:25:00+00:00,HOLD_RETEST,AMBIGUOUS_E10_BOUNDARY_INTERACTION,2024-06-11 09:25:00+00:00,True,True,True,False,2024-06-11 09:25:00+00:00,2024-06-11 09:35:00+00:00,False,1.0,False,False,140.0
2024-06-12,development,2024-06-12 07:00:00+00:00,2024-06-12 12:00:00+00:00,1.0,BST,611.93,590.88,21.049999999999955,UP_BREAK,2024-06-12 07:20:00+00:00,2.0,2,2024-06-12 07:30:00+00:00,HOLD_RETEST,BOUNDARY_HOLD_RETEST,2024-06-12 07:30:00+00:00,True,True,False,False,2024-06-12 07:55:00+00:00,2024-06-12 08:10:00+00:00,False,1.0,True,True,20.0
2024-06-13,development,2024-06-13 07:00:00+00:00,2024-06-13 12:00:00+00:00,1.0,BST,620.22,602.58,17.639999999999986,NO_BREAK,,,NA,,NA,NO_BREAK,,False,False,False,False,,,False,,False,False,
2024-06-14,development,2024-06-14 07:00:00+00:00,2024-06-14 12:00:00+00:00,1.0,BST,606.6,594.0,12.600000000000023,UP_BREAK,2024-06-14 07:35:00+00:00,2.0,2,2024-06-14 07:40:00+00:00,HOLD_RETEST,BOUNDARY_HOLD_RETEST,2024-06-14 07:40:00+00:00,True,True,True,False,2024-06-14 07:45:00+00:00,2024-06-14 07:45:00+00:00,False,1.0,True,True,35.0
2024-06-17,development,2024-06-17 07:00:00+00:00,2024-06-17 12:00:00+00:00,1.0,BST,612.53,602.75,9.779999999999973,DOWN_BREAK,2024-06-17 07:05:00+00:00,4.0,3+,2024-06-17 07:20:00+00:00,ACCEPT_BACK_INSIDE,DIRECT_E10,2024-06-17 07:10:00+00:00,True,True,True,True,2024-06-17 07:10:00+00:00,2024-06-17 08:30:00+00:00,False,1.0,False,False,5.0
2024-06-18,development,2024-06-18 07:00:00+00:00,2024-06-18 12:00:00+00:00,1.0,BST,606.8,574.0,32.799999999999955,NO_BREAK,,,NA,,NA,NO_BREAK,,False,False,False,False,,,False,,False,False,
2024-06-19,development,2024-06-19 07:00:00+00:00,2024-06-19 12:00:00+00:00,1.0,BST,605.76,586.46,19.299999999999955,NO_BREAK,,,NA,,NA,NO_BREAK,,False,False,False,False,,,False,,False,False,
2024-06-20,development,2024-06-20 07:00:00+00:00,2024-06-20 12:00:00+00:00,1.0,BST,605.27,595.21,10.059999999999945,UP_BREAK,2024-06-20 07:15:00+00:00,2.0,2,2024-06-20 07:20:00+00:00,ACCEPT_BACK_INSIDE,ACCEPT_BACK_INSIDE,2024-06-20 07:20:00+00:00,True,True,False,False,2024-06-20 11:05:00+00:00,2024-06-20 11:05:00+00:00,False,1.0,False,False,15.0
2024-06-21,development,2024-06-21 07:00:00+00:00,2024-06-21 12:00:00+00:00,1.0,BST,591.75,582.9,8.850000000000023,DOWN_BREAK,2024-06-21 08:05:00+00:00,2.0,2,2024-06-21 08:10:00+00:00,HOLD_RETEST,AMBIGUOUS_E10_BOUNDARY_INTERACTION,2024-06-21 08:10:00+00:00,True,True,True,True,2024-06-21 08:10:00+00:00,2024-06-21 08:45:00+00:00,False,1.0,False,False,65.0
2024-06-24,development,2024-06-24 07:00:00+00:00,2024-06-24 12:00:00+00:00,1.0,BST,581.91,563.57,18.339999999999918,DOWN_BREAK,2024-06-24 09:30:00+00:00,2.0,2,2024-06-24 09:35:00+00:00,HOLD_RETEST,AMBIGUOUS_E10_BOUNDARY_INTERACTION,2024-06-24 09:35:00+00:00,True,True,True,False,2024-06-24 09:35:00+00:00,2024-06-24 09:35:00+00:00,False,0.0,False,False,150.0
2024-06-25,development,2024-06-25 07:00:00+00:00,2024-06-25 12:00:00+00:00,1.0,BST,578.0,563.55,14.450000000000045,NO_BREAK,,,NA,,NA,NO_BREAK,,False,False,False,False,,,False,,False,False,
2024-06-26,development,2024-06-26 07:00:00+00:00,2024-06-26 12:00:00+00:00,1.0,BST,584.5,575.1,9.399999999999977,DOWN_BREAK,2024-06-26 08:15:00+00:00,3.0,3+,2024-06-26 08:20:00+00:00,ACCEPT_BACK_INSIDE,ACCEPT_BACK_INSIDE,2024-06-26 08:20:00+00:00,True,True,False,False,2024-06-26 09:00:00+00:00,2024-06-26 09:05:00+00:00,False,1.0,False,False,75.0
2024-06-27,development,2024-06-27 07:00:00+00:00,2024-06-27 12:00:00+00:00,1.0,BST,576.49,566.18,10.31000000000006,NO_BREAK,,,NA,,NA,NO_BREAK,,False,False,False,False,,,False,,False,False,
2024-06-28,development,2024-06-28 07:00:00+00:00,2024-06-28 12:00:00+00:00,1.0,BST,585.33,578.5,6.830000000000041,DOWN_BREAK,2024-06-28 07:20:00+00:00,1.0,1,2024-06-28 11:25:00+00:00,ACCEPT_BACK_INSIDE,DIRECT_E10,2024-06-28 07:25:00+00:00,True,True,True,True,2024-06-28 07:25:00+00:00,2024-06-28 07:30:00+00:00,False,0.0,False,False,20.0
2024-07-01,development,2024-07-01 07:00:00+00:00,2024-07-01 12:00:00+00:00,1.0,BST,588.5,580.45,8.049999999999955,DOWN_BREAK,2024-07-01 10:35:00+00:00,1.0,1,2024-07-01 10:40:00+00:00,HOLD_RETEST,AMBIGUOUS_E10_BOUNDARY_INTERACTION,2024-07-01 10:40:00+00:00,True,True,True,False,2024-07-01 10:40:00+00:00,2024-07-01 10:40:00+00:00,False,0.0,False,False,215.0
2024-07-02,development,2024-07-02 07:00:00+00:00,2024-07-02 12:00:00+00:00,1.0,BST,582.13,574.67,7.460000000000036,NO_BREAK,,,NA,,NA,NO_BREAK,,False,False,False,False,,,False,,False,False,
2024-07-03,development,2024-07-03 07:00:00+00:00,2024-07-03 12:00:00+00:00,1.0,BST,581.29,565.65,15.639999999999986,DOWN_BREAK,2024-07-03 10:05:00+00:00,0.0,0,,NO_RETEST,DIRECT_E10,2024-07-03 10:10:00+00:00,True,True,True,True,2024-07-03 10:10:00+00:00,2024-07-03 10:10:00+00:00,False,0.0,False,False,185.0
2024-07-04,development,2024-07-04 07:00:00+00:00,2024-07-04 12:00:00+00:00,1.0,BST,558.68,527.36,31.319999999999936,DOWN_BREAK,2024-07-04 09:05:00+00:00,2.0,2,2024-07-04 09:25:00+00:00,HOLD_RETEST,DIRECT_E10,2024-07-04 09:10:00+00:00,True,False,False,False,2024-07-04 09:10:00+00:00,,False,,False,False,125.0
2024-07-05,development,2024-07-05 07:00:00+00:00,2024-07-05 12:00:00+00:00,1.0,BST,524.5,452.63,71.87,NO_BREAK,,,NA,,NA,NO_BREAK,,False,False,False,False,,,False,,False,False,
2024-07-08,development,2024-07-08 07:00:00+00:00,2024-07-08 12:00:00+00:00,1.0,BST,509.7,470.03,39.670000000000016,UP_BREAK,2024-07-08 08:20:00+00:00,1.0,1,2024-07-08 10:55:00+00:00,ACCEPT_BACK_INSIDE,DIRECT_E10,2024-07-08 08:25:00+00:00,True,True,True,False,2024-07-08 08:25:00+00:00,2024-07-08 08:45:00+00:00,False,0.0,False,False,80.0
2024-07-09,development,2024-07-09 07:00:00+00:00,2024-07-09 12:00:00+00:00,1.0,BST,516.49,506.25,10.240000000000009,UP_BREAK,2024-07-09 08:35:00+00:00,1.0,1,2024-07-09 08:45:00+00:00,HOLD_RETEST,DIRECT_E10,2024-07-09 08:40:00+00:00,True,True,False,False,2024-07-09 08:40:00+00:00,2024-07-09 08:40:00+00:00,False,0.0,False,False,95.0
2024-07-10,development,2024-07-10 07:00:00+00:00,2024-07-10 12:00:00+00:00,1.0,BST,526.37,511.13,15.240000000000009,UP_BREAK,2024-07-10 10:35:00+00:00,1.0,1,2024-07-10 10:40:00+00:00,HOLD_RETEST,BOUNDARY_HOLD_RETEST,2024-07-10 10:40:00+00:00,True,False,False,False,2024-07-10 10:45:00+00:00,,False,,True,False,215.0
2024-07-11,development,2024-07-11 07:00:00+00:00,2024-07-11 12:00:00+00:00,1.0,BST,528.89,520.26,8.629999999999995,UP_BREAK,2024-07-11 08:00:00+00:00,2.0,2,2024-07-11 08:10:00+00:00,ACCEPT_BACK_INSIDE,DIRECT_E10,2024-07-11 08:05:00+00:00,True,True,True,True,2024-07-11 08:05:00+00:00,2024-07-11 09:40:00+00:00,False,1.0,False,False,60.0
2024-07-12,development,2024-07-12 07:00:00+00:00,2024-07-12 12:00:00+00:00,1.0,BST,529.52,516.92,12.600000000000023,NO_BREAK,,,NA,,NA,NO_BREAK,,False,False,False,False,,,False,,False,False,
2024-07-15,development,2024-07-15 07:00:00+00:00,2024-07-15 12:00:00+00:00,1.0,BST,557.75,543.76,13.990000000000009,UP_BREAK,2024-07-15 07:40:00+00:00,1.0,1,2024-07-15 09:05:00+00:00,ACCEPT_BACK_INSIDE,DIRECT_E10,2024-07-15 07:45:00+00:00,True,True,True,False,2024-07-15 07:45:00+00:00,2024-07-15 07:45:00+00:00,False,0.0,False,False,40.0
2024-07-16,development,2024-07-16 07:00:00+00:00,2024-07-16 12:00:00+00:00,1.0,BST,587.57,562.27,25.300000000000068,DOWN_BREAK,2024-07-16 07:50:00+00:00,2.0,2,2024-07-16 07:55:00+00:00,ACCEPT_BACK_INSIDE,ACCEPT_BACK_INSIDE,2024-07-16 07:55:00+00:00,True,True,True,False,2024-07-16 08:15:00+00:00,2024-07-16 08:20:00+00:00,False,1.0,False,False,50.0
2024-07-17,development,2024-07-17 07:00:00+00:00,2024-07-17 12:00:00+00:00,1.0,BST,584.02,572.22,11.799999999999955,NO_BREAK,,,NA,,NA,NO_BREAK,,False,False,False,False,,,False,,False,False,
2024-07-18,development,2024-07-18 07:00:00+00:00,2024-07-18 12:00:00+00:00,1.0,BST,576.85,567.98,8.870000000000005,NO_BREAK,,,NA,,NA,NO_BREAK,,False,False,False,False,,,False,,False,False,
2024-07-19,development,2024-07-19 07:00:00+00:00,2024-07-19 12:00:00+00:00,1.0,BST,575.0,565.0,10.0,NO_BREAK,,,NA,,NA,NO_BREAK,,False,False,False,False,,,False,,False,False,
2024-07-22,development,2024-07-22 07:00:00+00:00,2024-07-22 12:00:00+00:00,1.0,BST,606.02,591.5,14.519999999999982,NO_BREAK,,,NA,,NA,NO_BREAK,,False,False,False,False,,,False,,False,False,
2024-07-23,development,2024-07-23 07:00:00+00:00,2024-07-23 12:00:00+00:00,1.0,BST,593.59,577.47,16.120000000000005,NO_BREAK,,,NA,,NA,NO_BREAK,,False,False,False,False,,,False,,False,False,
2024-07-24,development,2024-07-24 07:00:00+00:00,2024-07-24 12:00:00+00:00,1.0,BST,586.09,580.6,5.490000000000009,UP_BREAK,2024-07-24 07:55:00+00:00,3.0,3+,2024-07-24 08:00:00+00:00,ACCEPT_BACK_INSIDE,ACCEPT_BACK_INSIDE,2024-07-24 08:00:00+00:00,True,True,True,True,2024-07-24 08:05:00+00:00,2024-07-24 08:05:00+00:00,False,1.0,False,False,55.0
2024-07-25,development,2024-07-25 07:00:00+00:00,2024-07-25 12:00:00+00:00,1.0,BST,576.18,553.08,23.09999999999991,NO_BREAK,,,NA,,NA,NO_BREAK,,False,False,False,False,,,False,,False,False,
2024-07-26,development,2024-07-26 07:00:00+00:00,2024-07-26 12:00:00+00:00,1.0,BST,580.94,570.4,10.540000000000077,NO_BREAK,,,NA,,NA,NO_BREAK,,False,False,False,False,,,False,,False,False,
2024-07-29,development,2024-07-29 07:00:00+00:00,2024-07-29 12:00:00+00:00,1.0,BST,597.64,582.76,14.879999999999995,NO_BREAK,,,NA,,NA,NO_BREAK,,False,False,False,False,,,False,,False,False,
2024-07-30,development,2024-07-30 07:00:00+00:00,2024-07-30 12:00:00+00:00,1.0,BST,578.18,566.83,11.349999999999909,NO_BREAK,,,NA,,NA,NO_BREAK,,False,False,False,False,,,False,,False,False,
2024-07-31,development,2024-07-31 07:00:00+00:00,2024-07-31 12:00:00+00:00,1.0,BST,589.98,581.51,8.470000000000027,NO_BREAK,,,NA,,NA,NO_BREAK,,False,False,False,False,,,False,,False,False,
2024-08-01,development,2024-08-01 07:00:00+00:00,2024-08-01 12:00:00+00:00,1.0,BST,579.01,562.84,16.16999999999996,NO_BREAK,,,NA,,NA,NO_BREAK,,False,False,False,False,,,False,,False,False,
2024-08-02,development,2024-08-02 07:00:00+00:00,2024-08-02 12:00:00+00:00,1.0,BST,577.97,563.77,14.200000000000045,NO_BREAK,,,NA,,NA,NO_BREAK,,False,False,False,False,,,False,,False,False,
2024-08-05,development,2024-08-05 07:00:00+00:00,2024-08-05 12:00:00+00:00,1.0,BST,504.1,397.29,106.81,NO_BREAK,,,NA,,NA,NO_BREAK,,False,False,False,False,,,False,,False,False,
2024-08-06,development,2024-08-06 07:00:00+00:00,2024-08-06 12:00:00+00:00,1.0,BST,491.58,463.36,28.21999999999997,UP_BREAK,2024-08-06 07:40:00+00:00,1.0,1,2024-08-06 07:45:00+00:00,ACCEPT_BACK_INSIDE,ACCEPT_BACK_INSIDE,2024-08-06 07:45:00+00:00,False,False,False,False,,,False,,False,False,40.0
2024-08-07,development,2024-08-07 07:00:00+00:00,2024-08-07 12:00:00+00:00,1.0,BST,497.43,478.02,19.410000000000025,NO_BREAK,,,NA,,NA,NO_BREAK,,False,False,False,False,,,False,,False,False,
2024-08-08,development,2024-08-08 07:00:00+00:00,2024-08-08 12:00:00+00:00,1.0,BST,491.77,467.4,24.370000000000005,NO_BREAK,,,NA,,NA,NO_BREAK,,False,False,False,False,,,False,,False,False,
2024-08-09,development,2024-08-09 07:00:00+00:00,2024-08-09 12:00:00+00:00,1.0,BST,521.74,507.44,14.300000000000011,DOWN_BREAK,2024-08-09 09:35:00+00:00,3.0,3+,2024-08-09 09:40:00+00:00,ACCEPT_BACK_INSIDE,ACCEPT_BACK_INSIDE,2024-08-09 09:40:00+00:00,True,True,True,False,2024-08-09 10:20:00+00:00,2024-08-09 10:20:00+00:00,False,1.0,False,False,155.0
2024-08-12,development,2024-08-12 07:00:00+00:00,2024-08-12 12:00:00+00:00,1.0,BST,509.76,500.2,9.560000000000002,UP_BREAK,2024-08-12 07:35:00+00:00,2.0,2,2024-08-12 07:40:00+00:00,ACCEPT_BACK_INSIDE,AMBIGUOUS_E10_BOUNDARY_INTERACTION,2024-08-12 07:40:00+00:00,True,True,True,True,2024-08-12 07:40:00+00:00,2024-08-12 08:00:00+00:00,False,1.0,False,False,35.0
2024-08-13,development,2024-08-13 07:00:00+00:00,2024-08-13 12:00:00+00:00,1.0,BST,522.5,514.21,8.289999999999964,UP_BREAK,2024-08-13 07:05:00+00:00,4.0,3+,2024-08-13 07:10:00+00:00,HOLD_RETEST,BOUNDARY_HOLD_RETEST,2024-08-13 07:10:00+00:00,True,True,False,False,2024-08-13 07:15:00+00:00,2024-08-13 07:15:00+00:00,False,1.0,True,True,5.0
2024-08-14,development,2024-08-14 07:00:00+00:00,2024-08-14 12:00:00+00:00,1.0,BST,528.49,521.82,6.669999999999959,UP_BREAK,2024-08-14 10:05:00+00:00,2.0,2,2024-08-14 10:10:00+00:00,ACCEPT_BACK_INSIDE,ACCEPT_BACK_INSIDE,2024-08-14 10:10:00+00:00,True,True,True,False,2024-08-14 10:15:00+00:00,2024-08-14 10:30:00+00:00,False,1.0,False,False,185.0
2024-08-15,development,2024-08-15 07:00:00+00:00,2024-08-15 12:00:00+00:00,1.0,BST,527.18,515.57,11.6099999999999,DOWN_BREAK,2024-08-15 07:20:00+00:00,2.0,2,2024-08-15 07:25:00+00:00,HOLD_RETEST,AMBIGUOUS_E10_BOUNDARY_INTERACTION,2024-08-15 07:25:00+00:00,True,False,False,False,2024-08-15 07:25:00+00:00,,False,,False,False,20.0
2024-08-16,development,2024-08-16 07:00:00+00:00,2024-08-16 12:00:00+00:00,1.0,BST,521.96,514.09,7.8700000000000045,UP_BREAK,2024-08-16 07:40:00+00:00,6.0,3+,2024-08-16 08:25:00+00:00,HOLD_RETEST,DIRECT_E10,2024-08-16 07:45:00+00:00,True,True,False,False,2024-08-16 07:45:00+00:00,2024-08-16 07:50:00+00:00,False,0.0,False,False,40.0
2024-08-19,development,2024-08-19 07:00:00+00:00,2024-08-19 12:00:00+00:00,1.0,BST,537.58,529.0,8.580000000000041,NO_BREAK,,,NA,,NA,NO_BREAK,,False,False,False,False,,,False,,False,False,
2024-08-20,development,2024-08-20 07:00:00+00:00,2024-08-20 12:00:00+00:00,1.0,BST,573.8,556.79,17.00999999999999,NO_BREAK,,,NA,,NA,NO_BREAK,,False,False,False,False,,,False,,False,False,
2024-08-21,development,2024-08-21 07:00:00+00:00,2024-08-21 12:00:00+00:00,1.0,BST,574.88,558.88,16.0,DOWN_BREAK,2024-08-21 08:05:00+00:00,1.0,1,2024-08-21 08:10:00+00:00,HOLD_RETEST,AMBIGUOUS_E10_BOUNDARY_INTERACTION,2024-08-21 08:10:00+00:00,True,True,True,False,2024-08-21 08:10:00+00:00,2024-08-21 08:10:00+00:00,False,0.0,False,False,65.0
2024-08-22,development,2024-08-22 07:00:00+00:00,2024-08-22 12:00:00+00:00,1.0,BST,574.57,559.03,15.540000000000077,UP_BREAK,2024-08-22 07:50:00+00:00,1.0,1,2024-08-22 08:10:00+00:00,HOLD_RETEST,DIRECT_E10,2024-08-22 07:55:00+00:00,True,True,True,True,2024-08-22 07:55:00+00:00,2024-08-22 07:55:00+00:00,False,0.0,False,False,50.0
2024-08-23,development,2024-08-23 07:00:00+00:00,2024-08-23 12:00:00+00:00,1.0,BST,586.98,578.44,8.539999999999964,DOWN_BREAK,2024-08-23 07:30:00+00:00,2.0,2,2024-08-23 07:35:00+00:00,ACCEPT_BACK_INSIDE,ACCEPT_BACK_INSIDE,2024-08-23 07:35:00+00:00,True,True,True,False,2024-08-23 09:10:00+00:00,2024-08-23 09:20:00+00:00,False,1.0,False,False,30.0
2024-08-26,development,2024-08-26 07:00:00+00:00,2024-08-26 12:00:00+00:00,1.0,BST,578.75,562.13,16.620000000000005,DOWN_BREAK,2024-08-26 07:40:00+00:00,4.0,3+,2024-08-26 07:50:00+00:00,HOLD_RETEST,BOUNDARY_HOLD_RETEST,2024-08-26 07:50:00+00:00,True,False,False,False,2024-08-26 09:15:00+00:00,,False,,True,False,40.0
2024-08-27,development,2024-08-27 07:00:00+00:00,2024-08-27 12:00:00+00:00,1.0,BST,558.21,547.79,10.420000000000073,NO_BREAK,,,NA,,NA,NO_BREAK,,False,False,False,False,,,False,,False,False,
2024-08-28,development,2024-08-28 07:00:00+00:00,2024-08-28 12:00:00+00:00,1.0,BST,542.74,526.6,16.139999999999986,UP_BREAK,2024-08-28 09:50:00+00:00,3.0,3+,2024-08-28 10:20:00+00:00,HOLD_RETEST,DIRECT_E10,2024-08-28 09:55:00+00:00,True,True,False,False,2024-08-28 09:55:00+00:00,2024-08-28 09:55:00+00:00,False,0.0,False,False,170.0
2024-08-29,development,2024-08-29 07:00:00+00:00,2024-08-29 12:00:00+00:00,1.0,BST,544.9,535.6,9.299999999999955,UP_BREAK,2024-08-29 11:45:00+00:00,1.0,1,2024-08-29 11:50:00+00:00,ACCEPT_BACK_INSIDE,ACCEPT_BACK_INSIDE,2024-08-29 11:50:00+00:00,False,False,False,False,,,False,,False,False,285.0
2024-08-30,development,2024-08-30 07:00:00+00:00,2024-08-30 12:00:00+00:00,1.0,BST,537.45,528.15,9.300000000000068,UP_BREAK,2024-08-30 09:35:00+00:00,3.0,3+,2024-08-30 09:40:00+00:00,HOLD_RETEST,BOUNDARY_HOLD_RETEST,2024-08-30 09:40:00+00:00,True,True,True,False,2024-08-30 10:40:00+00:00,2024-08-30 10:45:00+00:00,False,2.0,True,True,155.0
2024-09-02,development,2024-09-02 07:00:00+00:00,2024-09-02 12:00:00+00:00,1.0,BST,516.23,504.44,11.79000000000002,DOWN_BREAK,2024-09-02 07:15:00+00:00,2.0,2,2024-09-02 07:20:00+00:00,HOLD_RETEST,BOUNDARY_HOLD_RETEST,2024-09-02 07:20:00+00:00,True,True,False,False,2024-09-02 07:25:00+00:00,2024-09-02 07:35:00+00:00,True,1.0,True,True,15.0
2024-09-03,development,2024-09-03 07:00:00+00:00,2024-09-03 12:00:00+00:00,1.0,BST,538.54,525.33,13.209999999999923,NO_BREAK,,,NA,,NA,NO_BREAK,,False,False,False,False,,,False,,False,False,
2024-09-04,development,2024-09-04 07:00:00+00:00,2024-09-04 12:00:00+00:00,1.0,BST,523.83,501.06,22.77000000000004,DOWN_BREAK,2024-09-04 10:15:00+00:00,3.0,3+,2024-09-04 10:25:00+00:00,HOLD_RETEST,DIRECT_E10,2024-09-04 10:20:00+00:00,True,False,False,False,2024-09-04 10:20:00+00:00,,False,,False,False,195.0
2024-09-05,development,2024-09-05 07:00:00+00:00,2024-09-05 12:00:00+00:00,1.0,BST,512.71,501.04,11.670000000000016,NO_BREAK,,,NA,,NA,NO_BREAK,,False,False,False,False,,,False,,False,False,
2024-09-06,development,2024-09-06 07:00:00+00:00,2024-09-06 12:00:00+00:00,1.0,BST,508.48,500.81,7.670000000000016,DOWN_BREAK,2024-09-06 07:20:00+00:00,1.0,1,2024-09-06 07:45:00+00:00,ACCEPT_BACK_INSIDE,DIRECT_E10,2024-09-06 07:25:00+00:00,True,True,True,True,2024-09-06 07:25:00+00:00,2024-09-06 07:25:00+00:00,False,0.0,False,False,20.0
2024-09-09,development,2024-09-09 07:00:00+00:00,2024-09-09 12:00:00+00:00,1.0,BST,510.0,500.13,9.870000000000005,UP_BREAK,2024-09-09 09:05:00+00:00,1.0,1,2024-09-09 09:10:00+00:00,ACCEPT_BACK_INSIDE,ACCEPT_BACK_INSIDE,2024-09-09 09:10:00+00:00,False,False,False,False,,,False,,False,False,125.0
2024-09-10,development,2024-09-10 07:00:00+00:00,2024-09-10 12:00:00+00:00,1.0,BST,520.85,513.59,7.259999999999991,UP_BREAK,2024-09-10 08:00:00+00:00,3.0,3+,2024-09-10 08:20:00+00:00,ACCEPT_BACK_INSIDE,DIRECT_E10,2024-09-10 08:05:00+00:00,True,True,False,False,2024-09-10 08:05:00+00:00,2024-09-10 08:05:00+00:00,False,0.0,False,False,60.0
2024-09-11,development,2024-09-11 07:00:00+00:00,2024-09-11 12:00:00+00:00,1.0,BST,521.38,506.46,14.920000000000016,NO_BREAK,,,NA,,NA,NO_BREAK,,False,False,False,False,,,False,,False,False,
2024-09-12,development,2024-09-12 07:00:00+00:00,2024-09-12 12:00:00+00:00,1.0,BST,547.29,528.86,18.42999999999995,NO_BREAK,,,NA,,NA,NO_BREAK,,False,False,False,False,,,False,,False,False,
2024-09-13,development,2024-09-13 07:00:00+00:00,2024-09-13 12:00:00+00:00,1.0,BST,547.41,538.43,8.980000000000018,UP_BREAK,2024-09-13 11:20:00+00:00,2.0,2,2024-09-13 11:25:00+00:00,HOLD_RETEST,AMBIGUOUS_E10_BOUNDARY_INTERACTION,2024-09-13 11:25:00+00:00,True,True,False,False,2024-09-13 11:25:00+00:00,2024-09-13 11:25:00+00:00,False,0.0,False,False,260.0
2024-09-16,development,2024-09-16 07:00:00+00:00,2024-09-16 12:00:00+00:00,1.0,BST,560.11,540.54,19.57000000000005,NO_BREAK,,,NA,,NA,NO_BREAK,,False,False,False,False,,,False,,False,False,
2024-09-17,development,2024-09-17 07:00:00+00:00,2024-09-17 12:00:00+00:00,1.0,BST,539.85,528.58,11.269999999999982,UP_BREAK,2024-09-17 09:50:00+00:00,2.0,2,2024-09-17 09:55:00+00:00,ACCEPT_BACK_INSIDE,AMBIGUOUS_E10_BOUNDARY_INTERACTION,2024-09-17 09:55:00+00:00,True,True,True,False,2024-09-17 09:55:00+00:00,2024-09-17 10:50:00+00:00,False,2.0,False,False,170.0
2024-09-18,development,2024-09-18 07:00:00+00:00,2024-09-18 12:00:00+00:00,1.0,BST,549.52,541.68,7.840000000000032,DOWN_BREAK,2024-09-18 09:30:00+00:00,2.0,2,2024-09-18 09:35:00+00:00,HOLD_RETEST,AMBIGUOUS_E10_BOUNDARY_INTERACTION,2024-09-18 09:35:00+00:00,True,True,True,True,2024-09-18 09:35:00+00:00,2024-09-18 09:50:00+00:00,False,1.0,False,False,150.0
2024-09-19,development,2024-09-19 07:00:00+00:00,2024-09-19 12:00:00+00:00,1.0,BST,562.61,552.07,10.539999999999964,NO_BREAK,,,NA,,NA,NO_BREAK,,False,False,False,False,,,False,,False,False,
2024-09-20,development,2024-09-20 07:00:00+00:00,2024-09-20 12:00:00+00:00,1.0,BST,577.0,558.78,18.220000000000027,NO_BREAK,,,NA,,NA,NO_BREAK,,False,False,False,False,,,False,,False,False,
2024-09-23,development,2024-09-23 07:00:00+00:00,2024-09-23 12:00:00+00:00,1.0,BST,599.72,583.0,16.720000000000027,NO_BREAK,,,NA,,NA,NO_BREAK,,False,False,False,False,,,False,,False,False,
2024-09-24,development,2024-09-24 07:00:00+00:00,2024-09-24 12:00:00+00:00,1.0,BST,609.93,600.6,9.329999999999927,NO_BREAK,,,NA,,NA,NO_BREAK,,False,False,False,False,,,False,,False,False,
2024-09-25,development,2024-09-25 07:00:00+00:00,2024-09-25 12:00:00+00:00,1.0,BST,609.69,593.01,16.680000000000064,NO_BREAK,,,NA,,NA,NO_BREAK,,False,False,False,False,,,False,,False,False,
2024-09-26,development,2024-09-26 07:00:00+00:00,2024-09-26 12:00:00+00:00,1.0,BST,595.82,581.15,14.670000000000073,UP_BREAK,2024-09-26 07:35:00+00:00,6.0,3+,2024-09-26 07:40:00+00:00,HOLD_RETEST,BOUNDARY_HOLD_RETEST,2024-09-26 07:40:00+00:00,True,True,False,False,2024-09-26 08:30:00+00:00,2024-09-26 10:35:00+00:00,False,3.0,True,True,35.0
2024-09-27,development,2024-09-27 07:00:00+00:00,2024-09-27 12:00:00+00:00,1.0,BST,607.75,592.1,15.649999999999977,UP_BREAK,2024-09-27 08:30:00+00:00,2.0,2,2024-09-27 08:35:00+00:00,ACCEPT_BACK_INSIDE,ACCEPT_BACK_INSIDE,2024-09-27 08:35:00+00:00,False,False,False,False,,,False,,False,False,90.0
2024-09-30,development,2024-09-30 07:00:00+00:00,2024-09-30 12:00:00+00:00,1.0,BST,597.65,572.54,25.110000000000014,DOWN_BREAK,2024-09-30 10:10:00+00:00,1.0,1,2024-09-30 10:15:00+00:00,ACCEPT_BACK_INSIDE,ACCEPT_BACK_INSIDE,2024-09-30 10:15:00+00:00,False,False,False,False,,,False,,False,False,190.0
2024-10-01,development,2024-10-01 07:00:00+00:00,2024-10-01 12:00:00+00:00,1.0,BST,583.2,563.4,19.800000000000068,NO_BREAK,,,NA,,NA,NO_BREAK,,False,False,False,False,,,False,,False,False,
2024-10-02,development,2024-10-02 07:00:00+00:00,2024-10-02 12:00:00+00:00,1.0,BST,556.8,545.22,11.579999999999927,UP_BREAK,2024-10-02 07:35:00+00:00,1.0,1,2024-10-02 07:40:00+00:00,HOLD_RETEST,BOUNDARY_HOLD_RETEST,2024-10-02 07:40:00+00:00,True,False,False,False,2024-10-02 07:45:00+00:00,,True,,True,False,35.0
2024-10-03,development,2024-10-03 07:00:00+00:00,2024-10-03 12:00:00+00:00,1.0,BST,550.55,541.04,9.509999999999991,DOWN_BREAK,2024-10-03 08:15:00+00:00,3.0,3+,2024-10-03 08:20:00+00:00,ACCEPT_BACK_INSIDE,AMBIGUOUS_E10_BOUNDARY_INTERACTION,2024-10-03 08:20:00+00:00,True,True,True,True,2024-10-03 08:20:00+00:00,2024-10-03 08:20:00+00:00,False,0.0,False,False,75.0
2024-10-04,development,2024-10-04 07:00:00+00:00,2024-10-04 12:00:00+00:00,1.0,BST,550.34,541.6,8.740000000000009,UP_BREAK,2024-10-04 07:55:00+00:00,2.0,2,2024-10-04 08:00:00+00:00,HOLD_RETEST,BOUNDARY_HOLD_RETEST,2024-10-04 08:00:00+00:00,True,True,True,False,2024-10-04 08:10:00+00:00,2024-10-04 08:15:00+00:00,False,1.0,True,True,55.0
2024-10-07,development,2024-10-07 07:00:00+00:00,2024-10-07 12:00:00+00:00,1.0,BST,577.13,567.03,10.100000000000023,NO_BREAK,,,NA,,NA,NO_BREAK,,False,False,False,False,,,False,,False,False,
2024-10-08,development,2024-10-08 07:00:00+00:00,2024-10-08 12:00:00+00:00,1.0,BST,571.62,562.4,9.220000000000027,DOWN_BREAK,2024-10-08 07:15:00+00:00,1.0,1,2024-10-08 07:35:00+00:00,ACCEPT_BACK_INSIDE,DIRECT_E10,2024-10-08 07:20:00+00:00,True,True,True,False,2024-10-08 07:20:00+00:00,2024-10-08 07:20:00+00:00,True,0.0,False,False,15.0
2024-10-09,development,2024-10-09 07:00:00+00:00,2024-10-09 12:00:00+00:00,1.0,BST,584.91,572.45,12.459999999999923,NO_BREAK,,,NA,,NA,NO_BREAK,,False,False,False,False,,,False,,False,False,
2024-10-10,development,2024-10-10 07:00:00+00:00,2024-10-10 12:00:00+00:00,1.0,BST,572.5,566.96,5.539999999999964,DOWN_BREAK,2024-10-10 09:20:00+00:00,1.0,1,2024-10-10 09:35:00+00:00,HOLD_RETEST,DIRECT_E10,2024-10-10 09:25:00+00:00,True,True,True,False,2024-10-10 09:25:00+00:00,2024-10-10 09:25:00+00:00,False,0.0,False,False,140.0
2024-10-11,development,2024-10-11 07:00:00+00:00,2024-10-11 12:00:00+00:00,1.0,BST,565.47,560.34,5.1299999999999955,UP_BREAK,2024-10-11 09:40:00+00:00,0.0,0,,NO_RETEST,DIRECT_E10,2024-10-11 09:50:00+00:00,True,True,True,True,2024-10-11 09:50:00+00:00,2024-10-11 09:50:00+00:00,False,0.0,False,False,160.0
2024-10-14,development,2024-10-14 07:00:00+00:00,2024-10-14 12:00:00+00:00,1.0,BST,582.71,569.43,13.280000000000086,NO_BREAK,,,NA,,NA,NO_BREAK,,False,False,False,False,,,False,,False,False,
2024-10-15,development,2024-10-15 07:00:00+00:00,2024-10-15 12:00:00+00:00,1.0,BST,592.56,581.16,11.399999999999977,NO_BREAK,,,NA,,NA,NO_BREAK,,False,False,False,False,,,False,,False,False,
2024-10-16,development,2024-10-16 07:00:00+00:00,2024-10-16 12:00:00+00:00,1.0,BST,597.7,590.12,7.580000000000041,UP_BREAK,2024-10-16 11:05:00+00:00,0.0,0,,NO_RETEST,DIRECT_E10,2024-10-16 11:10:00+00:00,True,True,True,False,2024-10-16 11:10:00+00:00,2024-10-16 11:25:00+00:00,False,0.0,False,False,245.0
2024-10-17,development,2024-10-17 07:00:00+00:00,2024-10-17 12:00:00+00:00,1.0,BST,606.68,598.44,8.239999999999895,DOWN_BREAK,2024-10-17 07:05:00+00:00,1.0,1,2024-10-17 07:10:00+00:00,ACCEPT_BACK_INSIDE,ACCEPT_BACK_INSIDE,2024-10-17 07:10:00+00:00,True,True,True,True,2024-10-17 07:15:00+00:00,2024-10-17 07:20:00+00:00,False,1.0,False,False,5.0
2024-10-18,development,2024-10-18 07:00:00+00:00,2024-10-18 12:00:00+00:00,1.0,BST,599.29,591.04,8.25,NO_BREAK,,,NA,,NA,NO_BREAK,,False,False,False,False,,,False,,False,False,
2024-10-21,development,2024-10-21 07:00:00+00:00,2024-10-21 12:00:00+00:00,1.0,BST,609.96,601.39,8.57000000000005,UP_BREAK,2024-10-21 08:00:00+00:00,2.0,2,2024-10-21 08:15:00+00:00,HOLD_RETEST,DIRECT_E10,2024-10-21 08:10:00+00:00,True,True,False,False,2024-10-21 08:10:00+00:00,2024-10-21 08:10:00+00:00,False,0.0,False,False,60.0
2024-10-22,development,2024-10-22 07:00:00+00:00,2024-10-22 12:00:00+00:00,1.0,BST,601.22,592.3,8.920000000000073,DOWN_BREAK,2024-10-22 08:25:00+00:00,1.0,1,2024-10-22 11:00:00+00:00,HOLD_RETEST,DIRECT_E10,2024-10-22 08:30:00+00:00,True,True,True,True,2024-10-22 08:30:00+00:00,2024-10-22 08:30:00+00:00,False,0.0,False,False,85.0
2024-10-23,development,2024-10-23 07:00:00+00:00,2024-10-23 12:00:00+00:00,1.0,BST,595.8,586.62,9.17999999999995,DOWN_BREAK,2024-10-23 07:30:00+00:00,1.0,1,2024-10-23 07:35:00+00:00,HOLD_RETEST,BOUNDARY_HOLD_RETEST,2024-10-23 07:35:00+00:00,True,True,True,True,2024-10-23 07:40:00+00:00,2024-10-23 07:55:00+00:00,False,1.0,True,True,30.0
2024-10-24,development,2024-10-24 07:00:00+00:00,2024-10-24 12:00:00+00:00,1.0,BST,594.39,582.56,11.830000000000041,NO_BREAK,,,NA,,NA,NO_BREAK,,False,False,False,False,,,False,,False,False,
2024-10-25,development,2024-10-25 07:00:00+00:00,2024-10-25 12:00:00+00:00,1.0,BST,597.96,590.49,7.470000000000027,DOWN_BREAK,2024-10-25 07:10:00+00:00,1.0,1,2024-10-25 08:35:00+00:00,ACCEPT_BACK_INSIDE,DIRECT_E10,2024-10-25 07:15:00+00:00,True,True,True,True,2024-10-25 07:15:00+00:00,2024-10-25 07:15:00+00:00,False,0.0,False,False,10.0
2024-10-28,development,2024-10-28 08:00:00+00:00,2024-10-28 13:00:00+00:00,0.0,GMT,592.81,585.37,7.439999999999941,UP_BREAK,2024-10-28 09:45:00+00:00,1.0,1,2024-10-28 11:00:00+00:00,HOLD_RETEST,DIRECT_E10,2024-10-28 09:50:00+00:00,True,True,True,False,2024-10-28 09:50:00+00:00,2024-10-28 09:50:00+00:00,False,0.0,False,False,105.0
2024-10-29,development,2024-10-29 08:00:00+00:00,2024-10-29 13:00:00+00:00,0.0,GMT,610.87,600.18,10.690000000000055,NO_BREAK,,,NA,,NA,NO_BREAK,,False,False,False,False,,,False,,False,False,
2024-10-30,development,2024-10-30 08:00:00+00:00,2024-10-30 13:00:00+00:00,0.0,GMT,607.2,598.56,8.6400000000001,DOWN_BREAK,2024-10-30 11:25:00+00:00,1.0,1,2024-10-30 11:30:00+00:00,ACCEPT_BACK_INSIDE,ACCEPT_BACK_INSIDE,2024-10-30 11:30:00+00:00,True,True,True,False,2024-10-30 11:45:00+00:00,2024-10-30 11:55:00+00:00,False,1.0,False,False,205.0
2024-10-31,development,2024-10-31 08:00:00+00:00,2024-10-31 13:00:00+00:00,0.0,GMT,596.88,588.07,8.809999999999945,DOWN_BREAK,2024-10-31 08:00:00+00:00,2.0,2,2024-10-31 12:05:00+00:00,HOLD_RETEST,DIRECT_E10,2024-10-31 08:05:00+00:00,True,True,True,True,2024-10-31 08:05:00+00:00,2024-10-31 08:05:00+00:00,False,0.0,False,False,0.0
2024-11-01,development,2024-11-01 08:00:00+00:00,2024-11-01 13:00:00+00:00,0.0,GMT,580.75,570.15,10.600000000000023,UP_BREAK,2024-11-01 12:35:00+00:00,1.0,1,2024-11-01 12:50:00+00:00,HOLD_RETEST,DIRECT_E10,2024-11-01 12:40:00+00:00,True,False,False,False,2024-11-01 12:40:00+00:00,,False,,False,False,275.0
2024-11-04,development,2024-11-04 08:00:00+00:00,2024-11-04 13:00:00+00:00,0.0,GMT,564.71,553.13,11.580000000000041,NO_BREAK,,,NA,,NA,NO_BREAK,,False,False,False,False,,,False,,False,False,
2024-11-05,development,2024-11-05 08:00:00+00:00,2024-11-05 13:00:00+00:00,0.0,GMT,561.03,550.99,10.039999999999964,UP_BREAK,2024-11-05 09:00:00+00:00,2.0,2,2024-11-05 09:05:00+00:00,ACCEPT_BACK_INSIDE,ACCEPT_BACK_INSIDE,2024-11-05 09:05:00+00:00,False,False,False,False,,,False,,False,False,60.0
2024-11-06,development,2024-11-06 08:00:00+00:00,2024-11-06 13:00:00+00:00,0.0,GMT,589.86,563.13,26.730000000000018,NO_BREAK,,,NA,,NA,NO_BREAK,,False,False,False,False,,,False,,False,False,
2024-11-07,development,2024-11-07 08:00:00+00:00,2024-11-07 13:00:00+00:00,0.0,GMT,611.98,591.42,20.56000000000006,NO_BREAK,,,NA,,NA,NO_BREAK,,False,False,False,False,,,False,,False,False,
2024-11-08,development,2024-11-08 08:00:00+00:00,2024-11-08 13:00:00+00:00,0.0,GMT,606.55,593.23,13.319999999999936,NO_BREAK,,,NA,,NA,NO_BREAK,,False,False,False,False,,,False,,False,False,
2024-11-11,development,2024-11-11 08:00:00+00:00,2024-11-11 13:00:00+00:00,0.0,GMT,641.98,613.34,28.639999999999986,NO_BREAK,,,NA,,NA,NO_BREAK,,False,False,False,False,,,False,,False,False,
2024-11-12,development,2024-11-12 08:00:00+00:00,2024-11-12 13:00:00+00:00,0.0,GMT,668.5,633.51,34.99000000000001,DOWN_BREAK,2024-11-12 10:20:00+00:00,1.0,1,2024-11-12 11:35:00+00:00,HOLD_RETEST,DIRECT_E10,2024-11-12 10:25:00+00:00,True,True,True,True,2024-11-12 10:25:00+00:00,2024-11-12 10:35:00+00:00,False,0.0,False,False,140.0
2024-11-13,development,2024-11-13 08:00:00+00:00,2024-11-13 13:00:00+00:00,0.0,GMT,629.32,598.81,30.510000000000105,NO_BREAK,,,NA,,NA,NO_BREAK,,False,False,False,False,,,False,,False,False,
2024-11-14,development,2024-11-14 08:00:00+00:00,2024-11-14 13:00:00+00:00,0.0,GMT,661.3,610.8,50.5,NO_BREAK,,,NA,,NA,NO_BREAK,,False,False,False,False,,,False,,False,False,
2024-11-15,development,2024-11-15 08:00:00+00:00,2024-11-15 13:00:00+00:00,0.0,GMT,628.69,607.1,21.590000000000032,NO_BREAK,,,NA,,NA,NO_BREAK,,False,False,False,False,,,False,,False,False,
2024-11-18,development,2024-11-18 08:00:00+00:00,2024-11-18 13:00:00+00:00,0.0,GMT,630.42,617.75,12.669999999999959,DOWN_BREAK,2024-11-18 11:35:00+00:00,2.0,2,2024-11-18 12:00:00+00:00,HOLD_RETEST,DIRECT_E10,2024-11-18 11:40:00+00:00,True,True,True,False,2024-11-18 11:40:00+00:00,2024-11-18 11:40:00+00:00,False,0.0,False,False,215.0
2024-11-19,development,2024-11-19 08:00:00+00:00,2024-11-19 13:00:00+00:00,0.0,GMT,621.53,616.27,5.259999999999991,DOWN_BREAK,2024-11-19 08:15:00+00:00,3.0,3+,2024-11-19 08:20:00+00:00,ACCEPT_BACK_INSIDE,ACCEPT_BACK_INSIDE,2024-11-19 08:20:00+00:00,True,True,True,False,2024-11-19 09:25:00+00:00,2024-11-19 09:25:00+00:00,True,1.0,False,False,15.0
2024-11-20,development,2024-11-20 08:00:00+00:00,2024-11-20 13:00:00+00:00,0.0,GMT,616.85,606.15,10.700000000000045,NO_BREAK,,,NA,,NA,NO_BREAK,,False,False,False,False,,,False,,False,False,
2024-11-21,development,2024-11-21 08:00:00+00:00,2024-11-21 13:00:00+00:00,0.0,GMT,614.47,593.26,21.210000000000036,UP_BREAK,2024-11-21 12:10:00+00:00,0.0,0,,NO_RETEST,DIRECT_E10,2024-11-21 12:15:00+00:00,True,True,True,False,2024-11-21 12:15:00+00:00,2024-11-21 12:20:00+00:00,False,0.0,False,False,250.0
2024-11-22,development,2024-11-22 08:00:00+00:00,2024-11-22 13:00:00+00:00,0.0,GMT,640.57,622.32,18.25,NO_BREAK,,,NA,,NA,NO_BREAK,,False,False,False,False,,,False,,False,False,
2024-11-25,development,2024-11-25 08:00:00+00:00,2024-11-25 13:00:00+00:00,0.0,GMT,663.84,646.88,16.960000000000036,UP_BREAK,2024-11-25 08:25:00+00:00,4.0,3+,2024-11-25 08:30:00+00:00,HOLD_RETEST,BOUNDARY_HOLD_RETEST,2024-11-25 08:30:00+00:00,True,True,True,True,2024-11-25 08:35:00+00:00,2024-11-25 08:40:00+00:00,False,1.0,True,True,25.0
2024-11-26,development,2024-11-26 08:00:00+00:00,2024-11-26 13:00:00+00:00,0.0,GMT,646.13,633.06,13.07000000000005,DOWN_BREAK,2024-11-26 08:15:00+00:00,1.0,1,2024-11-26 10:00:00+00:00,HOLD_RETEST,DIRECT_E10,2024-11-26 08:20:00+00:00,True,True,True,True,2024-11-26 08:20:00+00:00,2024-11-26 08:20:00+00:00,False,0.0,False,False,15.0
2024-11-27,development,2024-11-27 08:00:00+00:00,2024-11-27 13:00:00+00:00,0.0,GMT,623.06,608.22,14.839999999999918,UP_BREAK,2024-11-27 10:35:00+00:00,2.0,2,2024-11-27 11:05:00+00:00,HOLD_RETEST,DIRECT_E10,2024-11-27 10:40:00+00:00,True,True,True,False,2024-11-27 10:40:00+00:00,2024-11-27 10:40:00+00:00,False,0.0,False,False,155.0
2024-11-28,development,2024-11-28 08:00:00+00:00,2024-11-28 13:00:00+00:00,0.0,GMT,659.71,640.26,19.450000000000045,UP_BREAK,2024-11-28 11:55:00+00:00,2.0,2,2024-11-28 12:00:00+00:00,ACCEPT_BACK_INSIDE,AMBIGUOUS_E10_BOUNDARY_INTERACTION,2024-11-28 12:00:00+00:00,True,True,False,False,2024-11-28 12:00:00+00:00,2024-11-28 12:25:00+00:00,False,1.0,False,False,235.0
2024-11-29,development,2024-11-29 08:00:00+00:00,2024-11-29 13:00:00+00:00,0.0,GMT,664.4,648.9,15.5,NO_BREAK,,,NA,,NA,NO_BREAK,,False,False,False,False,,,False,,False,False,
2024-12-02,development,2024-12-02 08:00:00+00:00,2024-12-02 13:00:00+00:00,0.0,GMT,667.94,643.12,24.82000000000005,DOWN_BREAK,2024-12-02 08:15:00+00:00,0.0,0,,NO_RETEST,DIRECT_E10,2024-12-02 08:20:00+00:00,True,True,True,True,2024-12-02 08:20:00+00:00,2024-12-02 08:20:00+00:00,False,0.0,False,False,15.0
2024-12-03,development,2024-12-03 08:00:00+00:00,2024-12-03 13:00:00+00:00,0.0,GMT,661.68,646.02,15.659999999999968,DOWN_BREAK,2024-12-03 12:05:00+00:00,1.0,1,2024-12-03 12:10:00+00:00,ACCEPT_BACK_INSIDE,ACCEPT_BACK_INSIDE,2024-12-03 12:10:00+00:00,False,False,False,False,,,False,,False,False,245.0
2024-12-04,development,2024-12-04 08:00:00+00:00,2024-12-04 13:00:00+00:00,0.0,GMT,775.68,735.59,40.08999999999992,UP_BREAK,2024-12-04 08:50:00+00:00,2.0,2,2024-12-04 09:00:00+00:00,ACCEPT_BACK_INSIDE,AMBIGUOUS_E10_BOUNDARY_INTERACTION,2024-12-04 09:00:00+00:00,True,True,True,False,2024-12-04 09:00:00+00:00,2024-12-04 09:55:00+00:00,False,1.0,False,False,50.0
2024-12-05,development,2024-12-05 08:00:00+00:00,2024-12-05 13:00:00+00:00,0.0,GMT,740.64,690.0,50.639999999999986,NO_BREAK,,,NA,,NA,NO_BREAK,,False,False,False,False,,,False,,False,False,
2024-12-06,development,2024-12-06 08:00:00+00:00,2024-12-06 13:00:00+00:00,0.0,GMT,735.18,714.17,21.00999999999999,DOWN_BREAK,2024-12-06 12:40:00+00:00,1.0,1,2024-12-06 12:45:00+00:00,HOLD_RETEST,AMBIGUOUS_E10_BOUNDARY_INTERACTION,2024-12-06 12:45:00+00:00,True,True,True,False,2024-12-06 12:45:00+00:00,2024-12-06 12:55:00+00:00,False,1.0,False,False,280.0
2024-12-09,development,2024-12-09 08:00:00+00:00,2024-12-09 13:00:00+00:00,0.0,GMT,743.04,711.85,31.18999999999994,DOWN_BREAK,2024-12-09 08:30:00+00:00,3.0,3+,2024-12-09 08:35:00+00:00,ACCEPT_BACK_INSIDE,ACCEPT_BACK_INSIDE,2024-12-09 08:35:00+00:00,True,False,False,False,2024-12-09 08:55:00+00:00,,False,,False,False,30.0
2024-12-10,development,2024-12-10 08:00:00+00:00,2024-12-10 13:00:00+00:00,0.0,GMT,702.5,670.01,32.49000000000001,UP_BREAK,2024-12-10 10:10:00+00:00,2.0,2,2024-12-10 10:15:00+00:00,HOLD_RETEST,BOUNDARY_HOLD_RETEST,2024-12-10 10:15:00+00:00,False,False,False,False,,,False,,False,False,130.0
2024-12-11,development,2024-12-11 08:00:00+00:00,2024-12-11 13:00:00+00:00,0.0,GMT,683.25,659.1,24.149999999999977,UP_BREAK,2024-12-11 08:15:00+00:00,1.0,1,2024-12-11 08:20:00+00:00,HOLD_RETEST,BOUNDARY_HOLD_RETEST,2024-12-11 08:20:00+00:00,True,True,True,False,2024-12-11 08:30:00+00:00,2024-12-11 08:35:00+00:00,False,1.0,True,True,15.0
2024-12-12,development,2024-12-12 08:00:00+00:00,2024-12-12 13:00:00+00:00,0.0,GMT,724.47,709.06,15.410000000000082,UP_BREAK,2024-12-12 09:40:00+00:00,2.0,2,2024-12-12 09:45:00+00:00,HOLD_RETEST,BOUNDARY_HOLD_RETEST,2024-12-12 09:45:00+00:00,True,False,False,False,2024-12-12 09:55:00+00:00,,False,,True,False,100.0
2024-12-13,development,2024-12-13 08:00:00+00:00,2024-12-13 13:00:00+00:00,0.0,GMT,711.9,697.0,14.899999999999977,UP_BREAK,2024-12-13 08:55:00+00:00,2.0,2,2024-12-13 09:00:00+00:00,HOLD_RETEST,AMBIGUOUS_E10_BOUNDARY_INTERACTION,2024-12-13 09:00:00+00:00,True,True,True,True,2024-12-13 09:00:00+00:00,2024-12-13 09:00:00+00:00,False,0.0,False,False,55.0
2024-12-16,development,2024-12-16 08:00:00+00:00,2024-12-16 13:00:00+00:00,0.0,GMT,725.67,708.12,17.549999999999955,DOWN_BREAK,2024-12-16 10:00:00+00:00,4.0,3+,2024-12-16 10:05:00+00:00,HOLD_RETEST,BOUNDARY_HOLD_RETEST,2024-12-16 10:05:00+00:00,True,True,False,False,2024-12-16 11:50:00+00:00,2024-12-16 11:55:00+00:00,False,2.0,True,True,120.0
2024-12-17,development,2024-12-17 08:00:00+00:00,2024-12-17 13:00:00+00:00,0.0,GMT,725.24,712.61,12.629999999999995,NO_BREAK,,,NA,,NA,NO_BREAK,,False,False,False,False,,,False,,False,False,
2024-12-18,development,2024-12-18 08:00:00+00:00,2024-12-18 13:00:00+00:00,0.0,GMT,722.68,703.79,18.889999999999986,NO_BREAK,,,NA,,NA,NO_BREAK,,False,False,False,False,,,False,,False,False,
2024-12-19,development,2024-12-19 08:00:00+00:00,2024-12-19 13:00:00+00:00,0.0,GMT,704.33,668.06,36.270000000000095,UP_BREAK,2024-12-19 11:50:00+00:00,1.0,1,2024-12-19 11:55:00+00:00,ACCEPT_BACK_INSIDE,ACCEPT_BACK_INSIDE,2024-12-19 11:55:00+00:00,False,False,False,False,,,False,,False,False,230.0
2024-12-20,development,2024-12-20 08:00:00+00:00,2024-12-20 13:00:00+00:00,0.0,GMT,679.65,662.15,17.5,DOWN_BREAK,2024-12-20 08:15:00+00:00,0.0,0,,NO_RETEST,DIRECT_E10,2024-12-20 08:20:00+00:00,True,True,True,True,2024-12-20 08:20:00+00:00,2024-12-20 08:20:00+00:00,False,0.0,False,False,15.0
2024-12-23,development,2024-12-23 08:00:00+00:00,2024-12-23 13:00:00+00:00,0.0,GMT,670.06,638.03,32.02999999999997,UP_BREAK,2024-12-23 08:55:00+00:00,2.0,2,2024-12-23 09:50:00+00:00,HOLD_RETEST,DIRECT_E10,2024-12-23 09:00:00+00:00,True,True,False,False,2024-12-23 09:00:00+00:00,2024-12-23 10:15:00+00:00,False,2.0,False,False,55.0
2024-12-24,development,2024-12-24 08:00:00+00:00,2024-12-24 13:00:00+00:00,0.0,GMT,695.31,684.01,11.299999999999955,DOWN_BREAK,2024-12-24 12:15:00+00:00,2.0,2,2024-12-24 12:20:00+00:00,HOLD_RETEST,BOUNDARY_HOLD_RETEST,2024-12-24 12:20:00+00:00,True,False,False,False,2024-12-24 12:40:00+00:00,,False,,True,False,255.0
2024-12-25,development,2024-12-25 08:00:00+00:00,2024-12-25 13:00:00+00:00,0.0,GMT,706.0,695.71,10.289999999999964,UP_BREAK,2024-12-25 09:25:00+00:00,4.0,3+,2024-12-25 09:30:00+00:00,ACCEPT_BACK_INSIDE,AMBIGUOUS_E10_BOUNDARY_INTERACTION,2024-12-25 09:30:00+00:00,True,True,True,True,2024-12-25 09:30:00+00:00,2024-12-25 10:00:00+00:00,False,1.0,False,False,85.0
2024-12-26,development,2024-12-26 08:00:00+00:00,2024-12-26 13:00:00+00:00,0.0,GMT,720.24,700.0,20.24000000000001,DOWN_BREAK,2024-12-26 08:10:00+00:00,1.0,1,2024-12-26 08:50:00+00:00,HOLD_RETEST,DIRECT_E10,2024-12-26 08:15:00+00:00,True,True,True,True,2024-12-26 08:15:00+00:00,2024-12-26 08:15:00+00:00,False,0.0,False,False,10.0
2024-12-27,development,2024-12-27 08:00:00+00:00,2024-12-27 13:00:00+00:00,0.0,GMT,700.47,685.18,15.290000000000077,UP_BREAK,2024-12-27 09:00:00+00:00,1.0,1,2024-12-27 10:30:00+00:00,ACCEPT_BACK_INSIDE,DIRECT_E10,2024-12-27 09:05:00+00:00,True,True,True,True,2024-12-27 09:05:00+00:00,2024-12-27 09:05:00+00:00,False,0.0,False,False,60.0
2024-12-30,development,2024-12-30 08:00:00+00:00,2024-12-30 13:00:00+00:00,0.0,GMT,703.07,691.71,11.360000000000014,NO_BREAK,,,NA,,NA,NO_BREAK,,False,False,False,False,,,False,,False,False,
2024-12-31,development,2024-12-31 08:00:00+00:00,2024-12-31 13:00:00+00:00,0.0,GMT,709.76,698.0,11.759999999999991,NO_BREAK,,,NA,,NA,NO_BREAK,,False,False,False,False,,,False,,False,False,
2025-01-01,reference_validation,2025-01-01 08:00:00+00:00,2025-01-01 13:00:00+00:00,0.0,GMT,710.93,701.44,9.489999999999895,DOWN_BREAK,2025-01-01 09:20:00+00:00,2.0,2,2025-01-01 09:25:00+00:00,ACCEPT_BACK_INSIDE,AMBIGUOUS_E10_BOUNDARY_INTERACTION,2025-01-01 09:25:00+00:00,True,False,False,False,2025-01-01 09:25:00+00:00,,False,,False,False,80.0
2025-01-02,reference_validation,2025-01-02 08:00:00+00:00,2025-01-02 13:00:00+00:00,0.0,GMT,709.61,698.04,11.57000000000005,UP_BREAK,2025-01-02 08:50:00+00:00,1.0,1,2025-01-02 09:05:00+00:00,HOLD_RETEST,BOUNDARY_HOLD_RETEST,2025-01-02 09:05:00+00:00,True,True,True,True,2025-01-02 09:15:00+00:00,2025-01-02 09:30:00+00:00,False,1.0,True,True,50.0
2025-01-03,reference_validation,2025-01-03 08:00:00+00:00,2025-01-03 13:00:00+00:00,0.0,GMT,707.0,700.13,6.8700000000000045,DOWN_BREAK,2025-01-03 08:25:00+00:00,1.0,1,2025-01-03 09:10:00+00:00,ACCEPT_BACK_INSIDE,DIRECT_E10,2025-01-03 08:30:00+00:00,True,True,True,True,2025-01-03 08:30:00+00:00,2025-01-03 08:30:00+00:00,True,0.0,False,False,25.0
2025-01-06,reference_validation,2025-01-06 08:00:00+00:00,2025-01-06 13:00:00+00:00,0.0,GMT,716.53,706.06,10.470000000000027,UP_BREAK,2025-01-06 09:50:00+00:00,1.0,1,2025-01-06 09:55:00+00:00,HOLD_RETEST,AMBIGUOUS_E10_BOUNDARY_INTERACTION,2025-01-06 09:55:00+00:00,True,True,True,False,2025-01-06 09:55:00+00:00,2025-01-06 10:20:00+00:00,False,1.0,False,False,110.0
2025-01-07,reference_validation,2025-01-07 08:00:00+00:00,2025-01-07 13:00:00+00:00,0.0,GMT,732.98,725.59,7.389999999999986,DOWN_BREAK,2025-01-07 11:35:00+00:00,1.0,1,2025-01-07 11:55:00+00:00,ACCEPT_BACK_INSIDE,DIRECT_E10,2025-01-07 11:40:00+00:00,True,True,True,True,2025-01-07 11:40:00+00:00,2025-01-07 11:40:00+00:00,False,0.0,False,False,215.0
2025-01-08,reference_validation,2025-01-08 08:00:00+00:00,2025-01-08 13:00:00+00:00,0.0,GMT,706.82,681.07,25.75,NO_BREAK,,,NA,,NA,NO_BREAK,,False,False,False,False,,,False,,False,False,
2025-01-09,reference_validation,2025-01-09 08:00:00+00:00,2025-01-09 13:00:00+00:00,0.0,GMT,700.79,689.07,11.719999999999914,DOWN_BREAK,2025-01-09 08:10:00+00:00,1.0,1,2025-01-09 08:15:00+00:00,ACCEPT_BACK_INSIDE,ACCEPT_BACK_INSIDE,2025-01-09 08:15:00+00:00,False,False,False,False,,,True,,False,False,10.0
2025-01-10,reference_validation,2025-01-10 08:00:00+00:00,2025-01-10 13:00:00+00:00,0.0,GMT,696.5,682.6,13.899999999999977,UP_BREAK,2025-01-10 09:05:00+00:00,2.0,2,2025-01-10 10:15:00+00:00,ACCEPT_BACK_INSIDE,DIRECT_E10,2025-01-10 09:35:00+00:00,True,False,False,False,2025-01-10 09:35:00+00:00,,False,,False,False,65.0
2025-01-13,reference_validation,2025-01-13 08:00:00+00:00,2025-01-13 13:00:00+00:00,0.0,GMT,700.0,676.79,23.210000000000036,DOWN_BREAK,2025-01-13 08:20:00+00:00,1.0,1,2025-01-13 08:25:00+00:00,ACCEPT_BACK_INSIDE,ACCEPT_BACK_INSIDE,2025-01-13 08:25:00+00:00,True,True,True,True,2025-01-13 09:05:00+00:00,2025-01-13 09:20:00+00:00,False,1.0,False,False,20.0
2025-01-14,reference_validation,2025-01-14 08:00:00+00:00,2025-01-14 13:00:00+00:00,0.0,GMT,692.85,686.0,6.850000000000023,UP_BREAK,2025-01-14 09:10:00+00:00,3.0,3+,2025-01-14 09:15:00+00:00,HOLD_RETEST,BOUNDARY_HOLD_RETEST,2025-01-14 09:15:00+00:00,True,True,True,True,2025-01-14 09:20:00+00:00,2025-01-14 09:20:00+00:00,False,1.0,True,True,70.0
2025-01-15,reference_validation,2025-01-15 08:00:00+00:00,2025-01-15 13:00:00+00:00,0.0,GMT,703.2,696.36,6.840000000000032,DOWN_BREAK,2025-01-15 09:25:00+00:00,1.0,1,2025-01-15 09:30:00+00:00,HOLD_RETEST,AMBIGUOUS_E10_BOUNDARY_INTERACTION,2025-01-15 09:30:00+00:00,True,True,True,True,2025-01-15 09:30:00+00:00,2025-01-15 09:35:00+00:00,False,1.0,False,False,85.0
2025-01-16,reference_validation,2025-01-16 08:00:00+00:00,2025-01-16 13:00:00+00:00,0.0,GMT,715.26,706.42,8.840000000000032,DOWN_BREAK,2025-01-16 08:40:00+00:00,2.0,2,2025-01-16 08:45:00+00:00,HOLD_RETEST,AMBIGUOUS_E10_BOUNDARY_INTERACTION,2025-01-16 08:45:00+00:00,True,True,True,False,2025-01-16 08:45:00+00:00,2025-01-16 08:45:00+00:00,True,0.0,False,False,40.0
2025-01-17,reference_validation,2025-01-17 08:00:00+00:00,2025-01-17 13:00:00+00:00,0.0,GMT,719.0,708.05,10.950000000000045,UP_BREAK,2025-01-17 08:30:00+00:00,2.0,2,2025-01-17 08:40:00+00:00,HOLD_RETEST,DIRECT_E10,2025-01-17 08:35:00+00:00,True,True,True,True,2025-01-17 08:35:00+00:00,2025-01-17 09:00:00+00:00,False,1.0,False,False,30.0
2025-01-20,reference_validation,2025-01-20 08:00:00+00:00,2025-01-20 13:00:00+00:00,0.0,GMT,709.99,674.33,35.65999999999997,NO_BREAK,,,NA,,NA,NO_BREAK,,False,False,False,False,,,False,,False,False,
2025-01-21,reference_validation,2025-01-21 08:00:00+00:00,2025-01-21 13:00:00+00:00,0.0,GMT,685.41,675.31,10.100000000000023,UP_BREAK,2025-01-21 10:15:00+00:00,2.0,2,2025-01-21 10:30:00+00:00,HOLD_RETEST,DIRECT_E10,2025-01-21 10:25:00+00:00,True,True,True,True,2025-01-21 10:25:00+00:00,2025-01-21 11:05:00+00:00,False,2.0,False,False,135.0
2025-01-22,reference_validation,2025-01-22 08:00:00+00:00,2025-01-22 13:00:00+00:00,0.0,GMT,704.23,690.15,14.080000000000041,NO_BREAK,,,NA,,NA,NO_BREAK,,False,False,False,False,,,False,,False,False,
2025-01-23,reference_validation,2025-01-23 08:00:00+00:00,2025-01-23 13:00:00+00:00,0.0,GMT,698.11,683.37,14.740000000000009,DOWN_BREAK,2025-01-23 10:40:00+00:00,3.0,3+,2025-01-23 10:45:00+00:00,ACCEPT_BACK_INSIDE,ACCEPT_BACK_INSIDE,2025-01-23 10:45:00+00:00,False,False,False,False,,,False,,False,False,160.0
2025-01-24,reference_validation,2025-01-24 08:00:00+00:00,2025-01-24 13:00:00+00:00,0.0,GMT,691.74,679.08,12.659999999999968,NO_BREAK,,,NA,,NA,NO_BREAK,,False,False,False,False,,,False,,False,False,
2025-01-27,reference_validation,2025-01-27 08:00:00+00:00,2025-01-27 13:00:00+00:00,0.0,GMT,669.7,635.98,33.72000000000003,NO_BREAK,,,NA,,NA,NO_BREAK,,False,False,False,False,,,False,,False,False,
2025-01-28,reference_validation,2025-01-28 08:00:00+00:00,2025-01-28 13:00:00+00:00,0.0,GMT,683.25,676.15,7.100000000000023,DOWN_BREAK,2025-01-28 08:30:00+00:00,4.0,3+,2025-01-28 08:45:00+00:00,HOLD_RETEST,DIRECT_E10,2025-01-28 08:35:00+00:00,True,True,True,True,2025-01-28 08:35:00+00:00,2025-01-28 09:20:00+00:00,False,2.0,False,False,30.0
2025-01-29,reference_validation,2025-01-29 08:00:00+00:00,2025-01-29 13:00:00+00:00,0.0,GMT,679.35,661.0,18.350000000000023,NO_BREAK,,,NA,,NA,NO_BREAK,,False,False,False,False,,,False,,False,False,
2025-01-30,reference_validation,2025-01-30 08:00:00+00:00,2025-01-30 13:00:00+00:00,0.0,GMT,679.93,665.8,14.129999999999995,NO_BREAK,,,NA,,NA,NO_BREAK,,False,False,False,False,,,False,,False,False,
2025-01-31,reference_validation,2025-01-31 08:00:00+00:00,2025-01-31 13:00:00+00:00,0.0,GMT,681.1,673.71,7.389999999999986,UP_BREAK,2025-01-31 11:15:00+00:00,0.0,0,,NO_RETEST,DIRECT_E10,2025-01-31 11:20:00+00:00,True,True,True,False,2025-01-31 11:20:00+00:00,2025-01-31 11:20:00+00:00,False,0.0,False,False,195.0
2025-02-03,reference_validation,2025-02-03 08:00:00+00:00,2025-02-03 13:00:00+00:00,0.0,GMT,618.74,499.04,119.69999999999999,NO_BREAK,,,NA,,NA,NO_BREAK,,False,False,False,False,,,False,,False,False,
2025-02-04,reference_validation,2025-02-04 08:00:00+00:00,2025-02-04 13:00:00+00:00,0.0,GMT,618.74,567.92,50.82000000000005,DOWN_BREAK,2025-02-04 08:00:00+00:00,1.0,1,2025-02-04 08:05:00+00:00,ACCEPT_BACK_INSIDE,ACCEPT_BACK_INSIDE,2025-02-04 08:05:00+00:00,False,False,False,False,,,False,,False,False,0.0
2025-02-05,reference_validation,2025-02-05 08:00:00+00:00,2025-02-05 13:00:00+00:00,0.0,GMT,579.9,567.52,12.379999999999995,NO_BREAK,,,NA,,NA,NO_BREAK,,False,False,False,False,,,False,,False,False,
2025-02-06,reference_validation,2025-02-06 08:00:00+00:00,2025-02-06 13:00:00+00:00,0.0,GMT,581.83,568.76,13.07000000000005,UP_BREAK,2025-02-06 12:35:00+00:00,2.0,2,2025-02-06 12:40:00+00:00,HOLD_RETEST,AMBIGUOUS_E10_BOUNDARY_INTERACTION,2025-02-06 12:40:00+00:00,True,True,True,False,2025-02-06 12:40:00+00:00,2025-02-06 12:40:00+00:00,False,0.0,False,False,275.0
2025-02-07,reference_validation,2025-02-07 08:00:00+00:00,2025-02-07 13:00:00+00:00,0.0,GMT,582.97,570.92,12.050000000000068,UP_BREAK,2025-02-07 08:35:00+00:00,1.0,1,2025-02-07 12:10:00+00:00,HOLD_RETEST,DIRECT_E10,2025-02-07 08:40:00+00:00,True,True,True,False,2025-02-07 08:40:00+00:00,2025-02-07 09:20:00+00:00,False,0.0,False,False,35.0
2025-02-10,reference_validation,2025-02-10 08:00:00+00:00,2025-02-10 13:00:00+00:00,0.0,GMT,622.28,596.0,26.279999999999973,NO_BREAK,,,NA,,NA,NO_BREAK,,False,False,False,False,,,False,,False,False,
2025-02-11,reference_validation,2025-02-11 08:00:00+00:00,2025-02-11 13:00:00+00:00,0.0,GMT,644.76,614.79,29.970000000000027,NO_BREAK,,,NA,,NA,NO_BREAK,,False,False,False,False,,,False,,False,False,
2025-02-12,reference_validation,2025-02-12 08:00:00+00:00,2025-02-12 13:00:00+00:00,0.0,GMT,647.23,626.29,20.940000000000055,UP_BREAK,2025-02-12 10:00:00+00:00,4.0,3+,2025-02-12 10:05:00+00:00,HOLD_RETEST,BOUNDARY_HOLD_RETEST,2025-02-12 10:05:00+00:00,True,True,False,False,2025-02-12 10:10:00+00:00,2025-02-12 10:20:00+00:00,False,1.0,True,True,120.0
2025-02-13,reference_validation,2025-02-13 08:00:00+00:00,2025-02-13 13:00:00+00:00,0.0,GMT,724.54,694.75,29.789999999999964,NO_BREAK,,,NA,,NA,NO_BREAK,,False,False,False,False,,,False,,False,False,
2025-02-14,reference_validation,2025-02-14 08:00:00+00:00,2025-02-14 13:00:00+00:00,0.0,GMT,684.37,660.27,24.100000000000023,NO_BREAK,,,NA,,NA,NO_BREAK,,False,False,False,False,,,False,,False,False,
2025-02-17,reference_validation,2025-02-17 08:00:00+00:00,2025-02-17 13:00:00+00:00,0.0,GMT,678.01,665.1,12.909999999999968,NO_BREAK,,,NA,,NA,NO_BREAK,,False,False,False,False,,,False,,False,False,
2025-02-18,reference_validation,2025-02-18 08:00:00+00:00,2025-02-18 13:00:00+00:00,0.0,GMT,667.91,644.2,23.709999999999923,DOWN_BREAK,2025-02-18 08:45:00+00:00,1.0,1,2025-02-18 08:50:00+00:00,ACCEPT_BACK_INSIDE,ACCEPT_BACK_INSIDE,2025-02-18 08:50:00+00:00,False,False,False,False,,,False,,False,False,45.0
2025-02-19,reference_validation,2025-02-19 08:00:00+00:00,2025-02-19 13:00:00+00:00,0.0,GMT,656.62,637.28,19.340000000000032,UP_BREAK,2025-02-19 08:35:00+00:00,2.0,2,2025-02-19 08:45:00+00:00,ACCEPT_BACK_INSIDE,DIRECT_E10,2025-02-19 08:40:00+00:00,True,False,False,False,2025-02-19 08:40:00+00:00,,False,,False,False,35.0
2025-02-20,reference_validation,2025-02-20 08:00:00+00:00,2025-02-20 13:00:00+00:00,0.0,GMT,655.11,646.0,9.110000000000014,DOWN_BREAK,2025-02-20 12:50:00+00:00,1.0,1,2025-02-20 12:55:00+00:00,ACCEPT_BACK_INSIDE,ACCEPT_BACK_INSIDE,2025-02-20 12:55:00+00:00,False,False,False,False,,,False,,False,False,290.0
2025-02-21,reference_validation,2025-02-21 08:00:00+00:00,2025-02-21 13:00:00+00:00,0.0,GMT,657.06,650.19,6.869999999999891,UP_BREAK,2025-02-21 09:15:00+00:00,1.0,1,2025-02-21 09:40:00+00:00,ACCEPT_BACK_INSIDE,DIRECT_E10,2025-02-21 09:20:00+00:00,True,True,True,True,2025-02-21 09:20:00+00:00,2025-02-21 09:20:00+00:00,False,0.0,False,False,75.0
2025-02-24,reference_validation,2025-02-24 08:00:00+00:00,2025-02-24 13:00:00+00:00,0.0,GMT,658.79,636.72,22.069999999999936,DOWN_BREAK,2025-02-24 10:30:00+00:00,1.0,1,2025-02-24 10:45:00+00:00,ACCEPT_BACK_INSIDE,ACCEPT_BACK_INSIDE,2025-02-24 10:45:00+00:00,False,False,False,False,,,False,,False,False,150.0
2025-02-25,reference_validation,2025-02-25 08:00:00+00:00,2025-02-25 13:00:00+00:00,0.0,GMT,621.26,585.71,35.549999999999955,NO_BREAK,,,NA,,NA,NO_BREAK,,False,False,False,False,,,False,,False,False,
2025-02-26,reference_validation,2025-02-26 08:00:00+00:00,2025-02-26 13:00:00+00:00,0.0,GMT,631.47,620.81,10.660000000000082,DOWN_BREAK,2025-02-26 08:05:00+00:00,1.0,1,2025-02-26 08:10:00+00:00,ACCEPT_BACK_INSIDE,AMBIGUOUS_E10_BOUNDARY_INTERACTION,2025-02-26 08:10:00+00:00,True,True,True,False,2025-02-26 08:10:00+00:00,2025-02-26 12:50:00+00:00,False,1.0,False,False,5.0
2025-02-27,reference_validation,2025-02-27 08:00:00+00:00,2025-02-27 13:00:00+00:00,0.0,GMT,619.46,605.93,13.530000000000086,NO_BREAK,,,NA,,NA,NO_BREAK,,False,False,False,False,,,False,,False,False,
2025-02-28,reference_validation,2025-02-28 08:00:00+00:00,2025-02-28 13:00:00+00:00,0.0,GMT,606.23,564.01,42.22000000000003,DOWN_BREAK,2025-02-28 08:15:00+00:00,1.0,1,2025-02-28 08:25:00+00:00,ACCEPT_BACK_INSIDE,DIRECT_E10,2025-02-28 08:20:00+00:00,True,False,False,False,2025-02-28 08:20:00+00:00,,False,,False,False,15.0
2025-03-03,reference_validation,2025-03-03 08:00:00+00:00,2025-03-03 13:00:00+00:00,0.0,GMT,623.89,597.14,26.75,DOWN_BREAK,2025-03-03 08:50:00+00:00,1.0,1,2025-03-03 08:55:00+00:00,ACCEPT_BACK_INSIDE,ACCEPT_BACK_INSIDE,2025-03-03 08:55:00+00:00,False,False,False,False,,,False,,False,False,50.0
2025-03-04,reference_validation,2025-03-04 08:00:00+00:00,2025-03-04 13:00:00+00:00,0.0,GMT,579.88,545.51,34.370000000000005,NO_BREAK,,,NA,,NA,NO_BREAK,,False,False,False,False,,,False,,False,False,
2025-03-05,reference_validation,2025-03-05 08:00:00+00:00,2025-03-05 13:00:00+00:00,0.0,GMT,593.58,580.4,13.180000000000064,UP_BREAK,2025-03-05 08:05:00+00:00,0.0,0,,NO_RETEST,DIRECT_E10,2025-03-05 08:10:00+00:00,True,True,True,True,2025-03-05 08:10:00+00:00,2025-03-05 08:20:00+00:00,False,0.0,False,False,5.0
2025-03-06,reference_validation,2025-03-06 08:00:00+00:00,2025-03-06 13:00:00+00:00,0.0,GMT,611.82,596.54,15.280000000000086,NO_BREAK,,,NA,,NA,NO_BREAK,,False,False,False,False,,,False,,False,False,
2025-03-07,reference_validation,2025-03-07 08:00:00+00:00,2025-03-07 13:00:00+00:00,0.0,GMT,603.26,577.04,26.220000000000027,NO_BREAK,,,NA,,NA,NO_BREAK,,False,False,False,False,,,False,,False,False,
2025-03-10,reference_validation,2025-03-10 08:00:00+00:00,2025-03-10 13:00:00+00:00,0.0,GMT,566.69,549.55,17.1400000000001,UP_BREAK,2025-03-10 09:15:00+00:00,2.0,2,2025-03-10 09:30:00+00:00,ACCEPT_BACK_INSIDE,DIRECT_E10,2025-03-10 09:20:00+00:00,True,True,True,False,2025-03-10 09:20:00+00:00,2025-03-10 09:20:00+00:00,False,0.0,False,False,75.0
2025-03-11,reference_validation,2025-03-11 08:00:00+00:00,2025-03-11 13:00:00+00:00,0.0,GMT,557.82,506.47,51.35000000000002,UP_BREAK,2025-03-11 08:10:00+00:00,2.0,2,2025-03-11 08:15:00+00:00,ACCEPT_BACK_INSIDE,ACCEPT_BACK_INSIDE,2025-03-11 08:15:00+00:00,True,False,False,False,2025-03-11 09:00:00+00:00,,False,,False,False,10.0
2025-03-12,reference_validation,2025-03-12 08:00:00+00:00,2025-03-12 13:00:00+00:00,0.0,GMT,556.85,544.0,12.850000000000023,UP_BREAK,2025-03-12 08:05:00+00:00,4.0,3+,2025-03-12 08:15:00+00:00,ACCEPT_BACK_INSIDE,DIRECT_E10,2025-03-12 08:10:00+00:00,True,True,True,True,2025-03-12 08:10:00+00:00,2025-03-12 09:00:00+00:00,False,1.0,False,False,5.0
2025-03-13,reference_validation,2025-03-13 08:00:00+00:00,2025-03-13 13:00:00+00:00,0.0,GMT,582.08,567.72,14.360000000000014,NO_BREAK,,,NA,,NA,NO_BREAK,,False,False,False,False,,,False,,False,False,
2025-03-14,reference_validation,2025-03-14 08:00:00+00:00,2025-03-14 13:00:00+00:00,0.0,GMT,586.78,576.32,10.459999999999923,NO_BREAK,,,NA,,NA,NO_BREAK,,False,False,False,False,,,False,,False,False,
2025-03-17,reference_validation,2025-03-17 08:00:00+00:00,2025-03-17 13:00:00+00:00,0.0,GMT,633.99,602.01,31.980000000000018,UP_BREAK,2025-03-17 09:10:00+00:00,3.0,3+,2025-03-17 10:05:00+00:00,ACCEPT_BACK_INSIDE,DIRECT_E10,2025-03-17 09:15:00+00:00,True,True,True,False,2025-03-17 09:15:00+00:00,2025-03-17 09:20:00+00:00,False,0.0,False,False,70.0
2025-03-18,reference_validation,2025-03-18 08:00:00+00:00,2025-03-18 13:00:00+00:00,0.0,GMT,637.38,619.94,17.43999999999994,UP_BREAK,2025-03-18 08:35:00+00:00,3.0,3+,2025-03-18 08:40:00+00:00,HOLD_RETEST,BOUNDARY_HOLD_RETEST,2025-03-18 08:40:00+00:00,True,True,True,False,2025-03-18 08:45:00+00:00,2025-03-18 08:55:00+00:00,False,1.0,True,True,35.0
2025-03-19,reference_validation,2025-03-19 08:00:00+00:00,2025-03-19 13:00:00+00:00,0.0,GMT,627.8,612.38,15.419999999999959,DOWN_BREAK,2025-03-19 12:20:00+00:00,0.0,0,,NO_RETEST,DIRECT_E10,2025-03-19 12:25:00+00:00,True,True,True,False,2025-03-19 12:25:00+00:00,2025-03-19 12:35:00+00:00,False,0.0,False,False,260.0
2025-03-20,reference_validation,2025-03-20 08:00:00+00:00,2025-03-20 13:00:00+00:00,0.0,GMT,629.4,616.7,12.699999999999932,UP_BREAK,2025-03-20 09:05:00+00:00,3.0,3+,2025-03-20 10:00:00+00:00,ACCEPT_BACK_INSIDE,DIRECT_E10,2025-03-20 09:10:00+00:00,True,True,True,True,2025-03-20 09:10:00+00:00,2025-03-20 09:10:00+00:00,False,0.0,False,False,65.0
2025-03-21,reference_validation,2025-03-21 08:00:00+00:00,2025-03-21 13:00:00+00:00,0.0,GMT,633.83,626.0,7.830000000000041,DOWN_BREAK,2025-03-21 08:30:00+00:00,1.0,1,2025-03-21 08:35:00+00:00,ACCEPT_BACK_INSIDE,ACCEPT_BACK_INSIDE,2025-03-21 08:35:00+00:00,False,False,False,False,,,True,,False,False,30.0
2025-03-24,reference_validation,2025-03-24 08:00:00+00:00,2025-03-24 13:00:00+00:00,0.0,GMT,627.04,617.0,10.039999999999964,UP_BREAK,2025-03-24 09:10:00+00:00,3.0,3+,2025-03-24 09:15:00+00:00,ACCEPT_BACK_INSIDE,ACCEPT_BACK_INSIDE,2025-03-24 09:15:00+00:00,True,True,True,False,2025-03-24 10:05:00+00:00,2025-03-24 10:05:00+00:00,False,1.0,False,False,70.0
2025-03-25,reference_validation,2025-03-25 08:00:00+00:00,2025-03-25 13:00:00+00:00,0.0,GMT,644.67,632.34,12.329999999999927,DOWN_BREAK,2025-03-25 12:55:00+00:00,0.0,0,,NO_RETEST,TIMEOUT,,False,False,False,False,,,False,,False,False,295.0
2025-03-26,reference_validation,2025-03-26 08:00:00+00:00,2025-03-26 13:00:00+00:00,0.0,GMT,633.86,627.42,6.440000000000055,NO_BREAK,,,NA,,NA,NO_BREAK,,False,False,False,False,,,False,,False,False,
2025-03-27,reference_validation,2025-03-27 08:00:00+00:00,2025-03-27 13:00:00+00:00,0.0,GMT,637.0,616.73,20.269999999999982,UP_BREAK,2025-03-27 08:25:00+00:00,1.0,1,2025-03-27 09:20:00+00:00,ACCEPT_BACK_INSIDE,DIRECT_E10,2025-03-27 08:35:00+00:00,True,True,False,False,2025-03-27 08:35:00+00:00,2025-03-27 09:00:00+00:00,False,0.0,False,False,25.0
2025-03-28,reference_validation,2025-03-28 08:00:00+00:00,2025-03-28 13:00:00+00:00,0.0,GMT,636.81,627.3,9.509999999999991,DOWN_BREAK,2025-03-28 08:50:00+00:00,1.0,1,2025-03-28 09:00:00+00:00,ACCEPT_BACK_INSIDE,DIRECT_E10,2025-03-28 08:55:00+00:00,True,False,False,False,2025-03-28 08:55:00+00:00,,False,,False,False,50.0
2025-03-31,reference_validation,2025-03-31 07:00:00+00:00,2025-03-31 12:00:00+00:00,1.0,BST,606.57,595.0,11.57000000000005,DOWN_BREAK,2025-03-31 07:50:00+00:00,4.0,3+,2025-03-31 07:55:00+00:00,ACCEPT_BACK_INSIDE,ACCEPT_BACK_INSIDE,2025-03-31 07:55:00+00:00,True,True,True,True,2025-03-31 08:30:00+00:00,2025-03-31 08:45:00+00:00,False,2.0,False,False,50.0
2025-04-01,reference_validation,2025-04-01 07:00:00+00:00,2025-04-01 12:00:00+00:00,1.0,BST,611.22,604.08,7.139999999999986,UP_BREAK,2025-04-01 08:10:00+00:00,2.0,2,2025-04-01 10:30:00+00:00,HOLD_RETEST,DIRECT_E10,2025-04-01 08:15:00+00:00,True,True,True,True,2025-04-01 08:15:00+00:00,2025-04-01 08:15:00+00:00,False,0.0,False,False,70.0
2025-04-02,reference_validation,2025-04-02 07:00:00+00:00,2025-04-02 12:00:00+00:00,1.0,BST,611.88,596.36,15.519999999999982,NO_BREAK,,,NA,,NA,NO_BREAK,,False,False,False,False,,,False,,False,False,
2025-04-03,reference_validation,2025-04-03 07:00:00+00:00,2025-04-03 12:00:00+00:00,1.0,BST,609.72,584.42,25.300000000000068,NO_BREAK,,,NA,,NA,NO_BREAK,,False,False,False,False,,,False,,False,False,
2025-04-04,reference_validation,2025-04-04 07:00:00+00:00,2025-04-04 12:00:00+00:00,1.0,BST,597.41,588.5,8.909999999999968,UP_BREAK,2025-04-04 07:30:00+00:00,3.0,3+,2025-04-04 07:40:00+00:00,HOLD_RETEST,DIRECT_E10,2025-04-04 07:35:00+00:00,True,True,False,False,2025-04-04 07:35:00+00:00,2025-04-04 08:05:00+00:00,True,1.0,False,False,30.0
2025-04-07,reference_validation,2025-04-07 07:00:00+00:00,2025-04-07 12:00:00+00:00,1.0,BST,565.53,509.59,55.94,NO_BREAK,,,NA,,NA,NO_BREAK,,False,False,False,False,,,False,,False,False,
2025-04-08,reference_validation,2025-04-08 07:00:00+00:00,2025-04-08 12:00:00+00:00,1.0,BST,565.4,552.97,12.42999999999995,NO_BREAK,,,NA,,NA,NO_BREAK,,False,False,False,False,,,False,,False,False,
2025-04-09,reference_validation,2025-04-09 07:00:00+00:00,2025-04-09 12:00:00+00:00,1.0,BST,556.57,534.4,22.170000000000073,UP_BREAK,2025-04-09 07:30:00+00:00,5.0,3+,2025-04-09 07:35:00+00:00,ACCEPT_BACK_INSIDE,ACCEPT_BACK_INSIDE,2025-04-09 07:35:00+00:00,True,False,False,False,2025-04-09 09:40:00+00:00,,False,,False,False,30.0
2025-04-10,reference_validation,2025-04-10 07:00:00+00:00,2025-04-10 12:00:00+00:00,1.0,BST,583.16,571.69,11.469999999999914,NO_BREAK,,,NA,,NA,NO_BREAK,,False,False,False,False,,,False,,False,False,
2025-04-11,reference_validation,2025-04-11 07:00:00+00:00,2025-04-11 12:00:00+00:00,1.0,BST,580.98,575.53,5.4500000000000455,UP_BREAK,2025-04-11 07:00:00+00:00,3.0,3+,2025-04-11 07:05:00+00:00,ACCEPT_BACK_INSIDE,ACCEPT_BACK_INSIDE,2025-04-11 07:05:00+00:00,True,True,True,True,2025-04-11 07:35:00+00:00,2025-04-11 07:35:00+00:00,False,1.0,False,False,0.0
2025-04-14,reference_validation,2025-04-14 07:00:00+00:00,2025-04-14 12:00:00+00:00,1.0,BST,591.0,581.89,9.110000000000014,UP_BREAK,2025-04-14 09:10:00+00:00,4.0,3+,2025-04-14 09:15:00+00:00,HOLD_RETEST,BOUNDARY_HOLD_RETEST,2025-04-14 09:15:00+00:00,True,False,False,False,2025-04-14 10:55:00+00:00,,False,,True,False,130.0
2025-04-15,reference_validation,2025-04-15 07:00:00+00:00,2025-04-15 12:00:00+00:00,1.0,BST,589.77,582.2,7.569999999999936,UP_BREAK,2025-04-15 09:15:00+00:00,2.0,2,2025-04-15 09:25:00+00:00,ACCEPT_BACK_INSIDE,DIRECT_E10,2025-04-15 09:20:00+00:00,True,False,False,False,2025-04-15 09:20:00+00:00,,False,,False,False,135.0
2025-04-16,reference_validation,2025-04-16 07:00:00+00:00,2025-04-16 12:00:00+00:00,1.0,BST,584.08,575.62,8.460000000000036,NO_BREAK,,,NA,,NA,NO_BREAK,,False,False,False,False,,,False,,False,False,
2025-04-17,reference_validation,2025-04-17 07:00:00+00:00,2025-04-17 12:00:00+00:00,1.0,BST,585.11,580.62,4.490000000000009,UP_BREAK,2025-04-17 09:30:00+00:00,2.0,2,2025-04-17 10:10:00+00:00,ACCEPT_BACK_INSIDE,DIRECT_E10,2025-04-17 09:35:00+00:00,True,True,True,False,2025-04-17 09:35:00+00:00,2025-04-17 09:40:00+00:00,False,0.0,False,False,150.0
2025-04-18,reference_validation,2025-04-18 07:00:00+00:00,2025-04-18 12:00:00+00:00,1.0,BST,590.65,586.94,3.7099999999999227,DOWN_BREAK,2025-04-18 07:05:00+00:00,1.0,1,2025-04-18 07:10:00+00:00,HOLD_RETEST,BOUNDARY_HOLD_RETEST,2025-04-18 07:10:00+00:00,True,True,False,False,2025-04-18 08:35:00+00:00,2025-04-18 08:35:00+00:00,True,1.0,True,True,5.0
2025-04-21,reference_validation,2025-04-21 07:00:00+00:00,2025-04-21 12:00:00+00:00,1.0,BST,608.49,589.59,18.899999999999977,NO_BREAK,,,NA,,NA,NO_BREAK,,False,False,False,False,,,False,,False,False,
2025-04-22,reference_validation,2025-04-22 07:00:00+00:00,2025-04-22 12:00:00+00:00,1.0,BST,602.74,594.34,8.399999999999977,UP_BREAK,2025-04-22 07:25:00+00:00,1.0,1,2025-04-22 07:30:00+00:00,HOLD_RETEST,AMBIGUOUS_E10_BOUNDARY_INTERACTION,2025-04-22 07:30:00+00:00,True,True,True,False,2025-04-22 07:30:00+00:00,2025-04-22 07:45:00+00:00,False,1.0,False,False,25.0
2025-04-23,reference_validation,2025-04-23 07:00:00+00:00,2025-04-23 12:00:00+00:00,1.0,BST,620.26,612.24,8.019999999999982,DOWN_BREAK,2025-04-23 09:35:00+00:00,2.0,2,2025-04-23 09:45:00+00:00,ACCEPT_BACK_INSIDE,DIRECT_E10,2025-04-23 09:40:00+00:00,True,True,True,False,2025-04-23 09:40:00+00:00,2025-04-23 10:00:00+00:00,False,1.0,False,False,155.0
2025-04-24,reference_validation,2025-04-24 07:00:00+00:00,2025-04-24 12:00:00+00:00,1.0,BST,607.0,601.42,5.580000000000041,DOWN_BREAK,2025-04-24 08:30:00+00:00,0.0,0,,NO_RETEST,DIRECT_E10,2025-04-24 08:35:00+00:00,True,True,True,True,2025-04-24 08:35:00+00:00,2025-04-24 08:35:00+00:00,False,0.0,False,False,90.0
2025-04-25,reference_validation,2025-04-25 07:00:00+00:00,2025-04-25 12:00:00+00:00,1.0,BST,608.83,596.67,12.160000000000082,UP_BREAK,2025-04-25 07:00:00+00:00,3.0,3+,2025-04-25 07:10:00+00:00,ACCEPT_BACK_INSIDE,ACCEPT_BACK_INSIDE,2025-04-25 07:10:00+00:00,False,False,False,False,,,False,,False,False,0.0
2025-04-28,reference_validation,2025-04-28 07:00:00+00:00,2025-04-28 12:00:00+00:00,1.0,BST,607.03,598.01,9.019999999999982,UP_BREAK,2025-04-28 11:25:00+00:00,2.0,2,2025-04-28 11:35:00+00:00,HOLD_RETEST,DIRECT_E10,2025-04-28 11:30:00+00:00,True,False,False,False,2025-04-28 11:30:00+00:00,,False,,False,False,265.0
2025-04-29,reference_validation,2025-04-29 07:00:00+00:00,2025-04-29 12:00:00+00:00,1.0,BST,609.98,603.01,6.970000000000027,UP_BREAK,2025-04-29 07:25:00+00:00,1.0,1,2025-04-29 07:35:00+00:00,HOLD_RETEST,DIRECT_E10,2025-04-29 07:30:00+00:00,True,False,False,False,2025-04-29 07:30:00+00:00,,True,,False,False,25.0
2025-04-30,reference_validation,2025-04-30 07:00:00+00:00,2025-04-30 12:00:00+00:00,1.0,BST,604.42,597.53,6.889999999999986,NO_BREAK,,,NA,,NA,NO_BREAK,,False,False,False,False,,,False,,False,False,
2025-05-01,reference_validation,2025-05-01 07:00:00+00:00,2025-05-01 12:00:00+00:00,1.0,BST,602.25,598.29,3.9600000000000364,UP_BREAK,2025-05-01 09:30:00+00:00,1.0,1,2025-05-01 09:35:00+00:00,HOLD_RETEST,AMBIGUOUS_E10_BOUNDARY_INTERACTION,2025-05-01 09:35:00+00:00,True,True,True,True,2025-05-01 09:35:00+00:00,2025-05-01 09:35:00+00:00,False,0.0,False,False,150.0
2025-05-02,reference_validation,2025-05-02 07:00:00+00:00,2025-05-02 12:00:00+00:00,1.0,BST,603.5,596.0,7.5,DOWN_BREAK,2025-05-02 07:05:00+00:00,2.0,2,2025-05-02 07:10:00+00:00,ACCEPT_BACK_INSIDE,ACCEPT_BACK_INSIDE,2025-05-02 07:10:00+00:00,True,False,False,False,2025-05-02 07:35:00+00:00,,False,,False,False,5.0
2025-05-05,reference_validation,2025-05-05 07:00:00+00:00,2025-05-05 12:00:00+00:00,1.0,BST,592.16,583.02,9.139999999999986,UP_BREAK,2025-05-05 09:05:00+00:00,1.0,1,2025-05-05 10:15:00+00:00,HOLD_RETEST,DIRECT_E10,2025-05-05 09:20:00+00:00,True,True,True,True,2025-05-05 09:20:00+00:00,2025-05-05 10:00:00+00:00,False,0.0,False,False,125.0
2025-05-06,reference_validation,2025-05-06 07:00:00+00:00,2025-05-06 12:00:00+00:00,1.0,BST,599.88,595.75,4.1299999999999955,DOWN_BREAK,2025-05-06 09:15:00+00:00,2.0,2,2025-05-06 09:20:00+00:00,HOLD_RETEST,BOUNDARY_HOLD_RETEST,2025-05-06 09:20:00+00:00,True,True,True,True,2025-05-06 09:40:00+00:00,2025-05-06 10:00:00+00:00,False,1.0,True,True,135.0
2025-05-07,reference_validation,2025-05-07 07:00:00+00:00,2025-05-07 12:00:00+00:00,1.0,BST,607.22,600.91,6.310000000000059,NO_BREAK,,,NA,,NA,NO_BREAK,,False,False,False,False,,,False,,False,False,
2025-05-08,reference_validation,2025-05-08 07:00:00+00:00,2025-05-08 12:00:00+00:00,1.0,BST,612.6,600.66,11.940000000000055,UP_BREAK,2025-05-08 07:00:00+00:00,0.0,0,,NO_RETEST,DIRECT_E10,2025-05-08 07:05:00+00:00,True,True,True,False,2025-05-08 07:05:00+00:00,2025-05-08 07:25:00+00:00,False,0.0,False,False,0.0
2025-05-09,reference_validation,2025-05-09 07:00:00+00:00,2025-05-09 12:00:00+00:00,1.0,BST,630.36,622.78,7.580000000000041,UP_BREAK,2025-05-09 07:00:00+00:00,2.0,2,2025-05-09 09:25:00+00:00,ACCEPT_BACK_INSIDE,DIRECT_E10,2025-05-09 07:05:00+00:00,True,True,True,True,2025-05-09 07:05:00+00:00,2025-05-09 07:10:00+00:00,False,0.0,False,False,0.0
2025-05-12,reference_validation,2025-05-12 07:00:00+00:00,2025-05-12 12:00:00+00:00,1.0,BST,659.24,647.13,12.110000000000014,UP_BREAK,2025-05-12 07:00:00+00:00,3.0,3+,2025-05-12 07:45:00+00:00,ACCEPT_BACK_INSIDE,DIRECT_E10,2025-05-12 07:05:00+00:00,True,True,True,True,2025-05-12 07:05:00+00:00,2025-05-12 07:05:00+00:00,False,0.0,False,False,0.0
2025-05-13,reference_validation,2025-05-13 07:00:00+00:00,2025-05-13 12:00:00+00:00,1.0,BST,663.45,640.88,22.57000000000005,NO_BREAK,,,NA,,NA,NO_BREAK,,False,False,False,False,,,False,,False,False,
2025-05-14,reference_validation,2025-05-14 07:00:00+00:00,2025-05-14 12:00:00+00:00,1.0,BST,667.25,658.03,9.220000000000027,DOWN_BREAK,2025-05-14 08:05:00+00:00,4.0,3+,2025-05-14 08:15:00+00:00,HOLD_RETEST,DIRECT_E10,2025-05-14 08:10:00+00:00,True,True,True,True,2025-05-14 08:10:00+00:00,2025-05-14 08:30:00+00:00,False,1.0,False,False,65.0
2025-05-15,reference_validation,2025-05-15 07:00:00+00:00,2025-05-15 12:00:00+00:00,1.0,BST,655.22,645.01,10.210000000000036,DOWN_BREAK,2025-05-15 07:25:00+00:00,1.0,1,2025-05-15 07:35:00+00:00,HOLD_RETEST,DIRECT_E10,2025-05-15 07:30:00+00:00,True,True,False,False,2025-05-15 07:30:00+00:00,2025-05-15 07:45:00+00:00,False,1.0,False,False,25.0
2025-05-16,reference_validation,2025-05-16 07:00:00+00:00,2025-05-16 12:00:00+00:00,1.0,BST,660.19,645.71,14.480000000000018,NO_BREAK,,,NA,,NA,NO_BREAK,,False,False,False,False,,,False,,False,False,
2025-05-19,reference_validation,2025-05-19 07:00:00+00:00,2025-05-19 12:00:00+00:00,1.0,BST,653.47,633.16,20.31000000000006,NO_BREAK,,,NA,,NA,NO_BREAK,,False,False,False,False,,,False,,False,False,
2025-05-20,reference_validation,2025-05-20 07:00:00+00:00,2025-05-20 12:00:00+00:00,1.0,BST,654.14,648.29,5.850000000000023,DOWN_BREAK,2025-05-20 07:30:00+00:00,2.0,2,2025-05-20 08:50:00+00:00,HOLD_RETEST,DIRECT_E10,2025-05-20 07:35:00+00:00,True,True,True,True,2025-05-20 07:35:00+00:00,2025-05-20 07:45:00+00:00,False,0.0,False,False,30.0
2025-05-21,reference_validation,2025-05-21 07:00:00+00:00,2025-05-21 12:00:00+00:00,1.0,BST,669.71,648.85,20.860000000000014,NO_BREAK,,,NA,,NA,NO_BREAK,,False,False,False,False,,,False,,False,False,
2025-05-22,reference_validation,2025-05-22 07:00:00+00:00,2025-05-22 12:00:00+00:00,1.0,BST,689.99,672.63,17.360000000000014,NO_BREAK,,,NA,,NA,NO_BREAK,,False,False,False,False,,,False,,False,False,
2025-05-23,reference_validation,2025-05-23 07:00:00+00:00,2025-05-23 12:00:00+00:00,1.0,BST,691.66,682.58,9.079999999999927,DOWN_BREAK,2025-05-23 11:15:00+00:00,0.0,0,,NO_RETEST,DIRECT_E10,2025-05-23 11:20:00+00:00,True,True,True,True,2025-05-23 11:20:00+00:00,2025-05-23 11:20:00+00:00,False,0.0,False,False,255.0
2025-05-26,reference_validation,2025-05-26 07:00:00+00:00,2025-05-26 12:00:00+00:00,1.0,BST,675.48,667.98,7.5,NO_BREAK,,,NA,,NA,NO_BREAK,,False,False,False,False,,,False,,False,False,
2025-05-27,reference_validation,2025-05-27 07:00:00+00:00,2025-05-27 12:00:00+00:00,1.0,BST,681.8,666.12,15.67999999999995,UP_BREAK,2025-05-27 08:00:00+00:00,2.0,2,2025-05-27 08:35:00+00:00,HOLD_RETEST,DIRECT_E10,2025-05-27 08:05:00+00:00,True,False,False,False,2025-05-27 08:05:00+00:00,,False,,False,False,60.0
2025-05-28,reference_validation,2025-05-28 07:00:00+00:00,2025-05-28 12:00:00+00:00,1.0,BST,688.84,679.71,9.129999999999995,NO_BREAK,,,NA,,NA,NO_BREAK,,False,False,False,False,,,False,,False,False,
2025-05-29,reference_validation,2025-05-29 07:00:00+00:00,2025-05-29 12:00:00+00:00,1.0,BST,691.21,680.0,11.210000000000036,NO_BREAK,,,NA,,NA,NO_BREAK,,False,False,False,False,,,False,,False,False,
2025-05-30,reference_validation,2025-05-30 07:00:00+00:00,2025-05-30 12:00:00+00:00,1.0,BST,678.28,665.0,13.279999999999973,NO_BREAK,,,NA,,NA,NO_BREAK,,False,False,False,False,,,False,,False,False,
2025-06-02,reference_validation,2025-06-02 07:00:00+00:00,2025-06-02 12:00:00+00:00,1.0,BST,664.3,654.78,9.519999999999982,DOWN_BREAK,2025-06-02 09:00:00+00:00,1.0,1,2025-06-02 09:30:00+00:00,ACCEPT_BACK_INSIDE,DIRECT_E10,2025-06-02 09:05:00+00:00,True,True,True,False,2025-06-02 09:05:00+00:00,2025-06-02 09:50:00+00:00,False,1.0,False,False,120.0
2025-06-03,reference_validation,2025-06-03 07:00:00+00:00,2025-06-03 12:00:00+00:00,1.0,BST,673.76,664.6,9.159999999999968,DOWN_BREAK,2025-06-03 08:10:00+00:00,2.0,2,2025-06-03 08:15:00+00:00,HOLD_RETEST,BOUNDARY_HOLD_RETEST,2025-06-03 08:15:00+00:00,False,False,False,False,,,False,,False,False,70.0
2025-06-04,reference_validation,2025-06-04 07:00:00+00:00,2025-06-04 12:00:00+00:00,1.0,BST,670.0,660.06,9.940000000000055,UP_BREAK,2025-06-04 07:50:00+00:00,3.0,3+,2025-06-04 08:55:00+00:00,HOLD_RETEST,DIRECT_E10,2025-06-04 08:00:00+00:00,True,False,False,False,2025-06-04 08:00:00+00:00,,False,,False,False,50.0
2025-06-05,reference_validation,2025-06-05 07:00:00+00:00,2025-06-05 12:00:00+00:00,1.0,BST,668.44,661.52,6.920000000000073,UP_BREAK,2025-06-05 08:00:00+00:00,2.0,2,2025-06-05 08:40:00+00:00,HOLD_RETEST,DIRECT_E10,2025-06-05 08:05:00+00:00,True,True,True,False,2025-06-05 08:05:00+00:00,2025-06-05 08:05:00+00:00,False,0.0,False,False,60.0
2025-06-06,reference_validation,2025-06-06 07:00:00+00:00,2025-06-06 12:00:00+00:00,1.0,BST,641.27,628.56,12.710000000000036,UP_BREAK,2025-06-06 07:25:00+00:00,1.0,1,2025-06-06 07:30:00+00:00,HOLD_RETEST,BOUNDARY_HOLD_RETEST,2025-06-06 07:30:00+00:00,True,True,True,False,2025-06-06 09:05:00+00:00,2025-06-06 09:20:00+00:00,False,1.0,True,True,25.0
2025-06-09,reference_validation,2025-06-09 07:00:00+00:00,2025-06-09 12:00:00+00:00,1.0,BST,653.19,647.52,5.670000000000073,UP_BREAK,2025-06-09 10:10:00+00:00,1.0,1,2025-06-09 10:15:00+00:00,HOLD_RETEST,AMBIGUOUS_E10_BOUNDARY_INTERACTION,2025-06-09 10:15:00+00:00,True,True,True,True,2025-06-09 10:15:00+00:00,2025-06-09 10:15:00+00:00,False,0.0,False,False,190.0
2025-06-10,reference_validation,2025-06-10 07:00:00+00:00,2025-06-10 12:00:00+00:00,1.0,BST,668.01,659.82,8.18999999999994,DOWN_BREAK,2025-06-10 08:15:00+00:00,5.0,3+,2025-06-10 08:20:00+00:00,HOLD_RETEST,AMBIGUOUS_E10_BOUNDARY_INTERACTION,2025-06-10 08:20:00+00:00,True,True,True,False,2025-06-10 08:20:00+00:00,2025-06-10 08:25:00+00:00,False,1.0,False,False,75.0
2025-06-11,reference_validation,2025-06-11 07:00:00+00:00,2025-06-11 12:00:00+00:00,1.0,BST,674.59,667.95,6.639999999999986,DOWN_BREAK,2025-06-11 10:50:00+00:00,1.0,1,2025-06-11 10:55:00+00:00,ACCEPT_BACK_INSIDE,ACCEPT_BACK_INSIDE,2025-06-11 10:55:00+00:00,True,True,False,False,2025-06-11 11:00:00+00:00,2025-06-11 11:00:00+00:00,False,1.0,False,False,230.0
2025-06-12,reference_validation,2025-06-12 07:00:00+00:00,2025-06-12 12:00:00+00:00,1.0,BST,670.24,664.13,6.110000000000014,DOWN_BREAK,2025-06-12 11:25:00+00:00,1.0,1,2025-06-12 11:30:00+00:00,HOLD_RETEST,BOUNDARY_HOLD_RETEST,2025-06-12 11:30:00+00:00,True,False,False,False,2025-06-12 11:55:00+00:00,,False,,True,False,265.0
2025-06-13,reference_validation,2025-06-13 07:00:00+00:00,2025-06-13 12:00:00+00:00,1.0,BST,656.68,637.55,19.129999999999995,UP_BREAK,2025-06-13 08:05:00+00:00,3.0,3+,2025-06-13 08:40:00+00:00,HOLD_RETEST,DIRECT_E10,2025-06-13 08:10:00+00:00,True,False,False,False,2025-06-13 08:10:00+00:00,,False,,False,False,65.0
2025-06-16,reference_validation,2025-06-16 07:00:00+00:00,2025-06-16 12:00:00+00:00,1.0,BST,655.0,646.0,9.0,UP_BREAK,2025-06-16 07:30:00+00:00,2.0,2,2025-06-16 10:05:00+00:00,HOLD_RETEST,DIRECT_E10,2025-06-16 07:35:00+00:00,True,False,False,False,2025-06-16 07:35:00+00:00,,False,,False,False,30.0
2025-06-17,reference_validation,2025-06-17 07:00:00+00:00,2025-06-17 12:00:00+00:00,1.0,BST,659.25,647.02,12.230000000000018,NO_BREAK,,,NA,,NA,NO_BREAK,,False,False,False,False,,,False,,False,False,
2025-06-18,reference_validation,2025-06-18 07:00:00+00:00,2025-06-18 12:00:00+00:00,1.0,BST,654.19,645.54,8.650000000000091,DOWN_BREAK,2025-06-18 10:30:00+00:00,0.0,0,,NO_RETEST,DIRECT_E10,2025-06-18 10:35:00+00:00,True,True,True,False,2025-06-18 10:35:00+00:00,2025-06-18 10:35:00+00:00,False,0.0,False,False,210.0
2025-06-19,reference_validation,2025-06-19 07:00:00+00:00,2025-06-19 12:00:00+00:00,1.0,BST,646.43,641.0,5.42999999999995,NO_BREAK,,,NA,,NA,NO_BREAK,,False,False,False,False,,,False,,False,False,
2025-06-20,reference_validation,2025-06-20 07:00:00+00:00,2025-06-20 12:00:00+00:00,1.0,BST,645.52,641.27,4.25,UP_BREAK,2025-06-20 07:15:00+00:00,0.0,0,,NO_RETEST,DIRECT_E10,2025-06-20 07:20:00+00:00,True,True,True,True,2025-06-20 07:20:00+00:00,2025-06-20 07:25:00+00:00,False,0.0,False,False,15.0
2025-06-23,reference_validation,2025-06-23 07:00:00+00:00,2025-06-23 12:00:00+00:00,1.0,BST,623.56,614.86,8.699999999999932,UP_BREAK,2025-06-23 07:00:00+00:00,4.0,3+,2025-06-23 07:10:00+00:00,ACCEPT_BACK_INSIDE,DIRECT_E10,2025-06-23 07:05:00+00:00,True,False,False,False,2025-06-23 07:05:00+00:00,,False,,False,False,0.0
2025-06-24,reference_validation,2025-06-24 07:00:00+00:00,2025-06-24 12:00:00+00:00,1.0,BST,642.39,635.8,6.590000000000032,NO_BREAK,,,NA,,NA,NO_BREAK,,False,False,False,False,,,False,,False,False,
2025-06-25,reference_validation,2025-06-25 07:00:00+00:00,2025-06-25 12:00:00+00:00,1.0,BST,653.09,641.84,11.25,NO_BREAK,,,NA,,NA,NO_BREAK,,False,False,False,False,,,False,,False,False,
2025-06-26,reference_validation,2025-06-26 07:00:00+00:00,2025-06-26 12:00:00+00:00,1.0,BST,649.94,643.89,6.050000000000068,NO_BREAK,,,NA,,NA,NO_BREAK,,False,False,False,False,,,False,,False,False,
2025-06-27,reference_validation,2025-06-27 07:00:00+00:00,2025-06-27 12:00:00+00:00,1.0,BST,646.45,638.58,7.8700000000000045,NO_BREAK,,,NA,,NA,NO_BREAK,,False,False,False,False,,,False,,False,False,
2025-06-30,reference_validation,2025-06-30 07:00:00+00:00,2025-06-30 12:00:00+00:00,1.0,BST,657.26,652.36,4.899999999999977,DOWN_BREAK,2025-06-30 09:55:00+00:00,3.0,3+,2025-06-30 10:05:00+00:00,HOLD_RETEST,DIRECT_E10,2025-06-30 10:00:00+00:00,True,False,False,False,2025-06-30 10:00:00+00:00,,False,,False,False,175.0
2025-07-01,reference_validation,2025-07-01 07:00:00+00:00,2025-07-01 12:00:00+00:00,1.0,BST,659.2,651.56,7.6400000000001,DOWN_BREAK,2025-07-01 11:10:00+00:00,1.0,1,2025-07-01 11:15:00+00:00,ACCEPT_BACK_INSIDE,ACCEPT_BACK_INSIDE,2025-07-01 11:15:00+00:00,False,False,False,False,,,False,,False,False,250.0
2025-07-02,reference_validation,2025-07-02 07:00:00+00:00,2025-07-02 12:00:00+00:00,1.0,BST,656.38,643.5,12.879999999999995,UP_BREAK,2025-07-02 07:35:00+00:00,0.0,0,,NO_RETEST,DIRECT_E10,2025-07-02 07:45:00+00:00,True,True,False,False,2025-07-02 07:45:00+00:00,2025-07-02 08:00:00+00:00,False,0.0,False,False,35.0
2025-07-03,reference_validation,2025-07-03 07:00:00+00:00,2025-07-03 12:00:00+00:00,1.0,BST,662.64,658.32,4.319999999999936,UP_BREAK,2025-07-03 07:50:00+00:00,4.0,3+,2025-07-03 07:55:00+00:00,HOLD_RETEST,BOUNDARY_HOLD_RETEST,2025-07-03 07:55:00+00:00,True,True,True,False,2025-07-03 08:00:00+00:00,2025-07-03 09:30:00+00:00,False,1.0,True,True,50.0
2025-07-04,reference_validation,2025-07-04 07:00:00+00:00,2025-07-04 12:00:00+00:00,1.0,BST,664.48,658.03,6.4500000000000455,DOWN_BREAK,2025-07-04 07:05:00+00:00,3.0,3+,2025-07-04 09:00:00+00:00,ACCEPT_BACK_INSIDE,DIRECT_E10,2025-07-04 07:10:00+00:00,True,True,True,True,2025-07-04 07:10:00+00:00,2025-07-04 07:30:00+00:00,False,0.0,False,False,5.0
2025-07-07,reference_validation,2025-07-07 07:00:00+00:00,2025-07-07 12:00:00+00:00,1.0,BST,663.92,660.26,3.659999999999968,NO_BREAK,,,NA,,NA,NO_BREAK,,False,False,False,False,,,False,,False,False,
2025-07-08,reference_validation,2025-07-08 07:00:00+00:00,2025-07-08 12:00:00+00:00,1.0,BST,662.64,657.47,5.169999999999959,NO_BREAK,,,NA,,NA,NO_BREAK,,False,False,False,False,,,False,,False,False,
2025-07-09,reference_validation,2025-07-09 07:00:00+00:00,2025-07-09 12:00:00+00:00,1.0,BST,664.6,659.35,5.25,DOWN_BREAK,2025-07-09 10:25:00+00:00,1.0,1,2025-07-09 10:35:00+00:00,ACCEPT_BACK_INSIDE,ACCEPT_BACK_INSIDE,2025-07-09 10:35:00+00:00,False,False,False,False,,,False,,False,False,205.0
2025-07-10,reference_validation,2025-07-10 07:00:00+00:00,2025-07-10 12:00:00+00:00,1.0,BST,673.37,668.4,4.970000000000027,NO_BREAK,,,NA,,NA,NO_BREAK,,False,False,False,False,,,False,,False,False,
2025-07-11,reference_validation,2025-07-11 07:00:00+00:00,2025-07-11 12:00:00+00:00,1.0,BST,695.4,684.18,11.220000000000027,NO_BREAK,,,NA,,NA,NO_BREAK,,False,False,False,False,,,False,,False,False,
2025-07-14,reference_validation,2025-07-14 07:00:00+00:00,2025-07-14 12:00:00+00:00,1.0,BST,703.75,690.2,13.549999999999955,UP_BREAK,2025-07-14 07:15:00+00:00,5.0,3+,2025-07-14 07:20:00+00:00,ACCEPT_BACK_INSIDE,AMBIGUOUS_E10_BOUNDARY_INTERACTION,2025-07-14 07:20:00+00:00,True,True,True,False,2025-07-14 07:20:00+00:00,2025-07-14 07:30:00+00:00,False,1.0,False,False,15.0
2025-07-15,reference_validation,2025-07-15 07:00:00+00:00,2025-07-15 12:00:00+00:00,1.0,BST,691.49,675.0,16.49000000000001,NO_BREAK,,,NA,,NA,NO_BREAK,,False,False,False,False,,,False,,False,False,
2025-07-16,reference_validation,2025-07-16 07:00:00+00:00,2025-07-16 12:00:00+00:00,1.0,BST,693.97,685.43,8.540000000000077,UP_BREAK,2025-07-16 09:05:00+00:00,6.0,3+,2025-07-16 09:40:00+00:00,HOLD_RETEST,DIRECT_E10,2025-07-16 09:10:00+00:00,True,True,False,False,2025-07-16 09:10:00+00:00,2025-07-16 09:30:00+00:00,False,0.0,False,False,125.0
2025-07-17,reference_validation,2025-07-17 07:00:00+00:00,2025-07-17 12:00:00+00:00,1.0,BST,724.2,706.91,17.290000000000077,NO_BREAK,,,NA,,NA,NO_BREAK,,False,False,False,False,,,False,,False,False,
2025-07-18,reference_validation,2025-07-18 07:00:00+00:00,2025-07-18 12:00:00+00:00,1.0,BST,748.74,720.1,28.639999999999986,NO_BREAK,,,NA,,NA,NO_BREAK,,False,False,False,False,,,False,,False,False,
2025-07-21,reference_validation,2025-07-21 07:00:00+00:00,2025-07-21 12:00:00+00:00,1.0,BST,767.53,746.29,21.24000000000001,UP_BREAK,2025-07-21 10:40:00+00:00,0.0,0,,NO_RETEST,DIRECT_E10,2025-07-21 10:45:00+00:00,True,True,True,True,2025-07-21 10:45:00+00:00,2025-07-21 10:50:00+00:00,False,0.0,False,False,220.0
2025-07-22,reference_validation,2025-07-22 07:00:00+00:00,2025-07-22 12:00:00+00:00,1.0,BST,772.54,745.0,27.539999999999964,NO_BREAK,,,NA,,NA,NO_BREAK,,False,False,False,False,,,False,,False,False,
2025-07-23,reference_validation,2025-07-23 07:00:00+00:00,2025-07-23 12:00:00+00:00,1.0,BST,806.19,777.2,28.99000000000001,UP_BREAK,2025-07-23 11:40:00+00:00,0.0,0,,NO_RETEST,DIRECT_E10,2025-07-23 11:45:00+00:00,True,False,False,False,2025-07-23 11:45:00+00:00,,False,,False,False,280.0
2025-07-24,reference_validation,2025-07-24 07:00:00+00:00,2025-07-24 12:00:00+00:00,1.0,BST,786.93,743.72,43.20999999999992,NO_BREAK,,,NA,,NA,NO_BREAK,,False,False,False,False,,,False,,False,False,
2025-07-25,reference_validation,2025-07-25 07:00:00+00:00,2025-07-25 12:00:00+00:00,1.0,BST,778.16,752.26,25.899999999999977,NO_BREAK,,,NA,,NA,NO_BREAK,,False,False,False,False,,,False,,False,False,
2025-07-28,reference_validation,2025-07-28 07:00:00+00:00,2025-07-28 12:00:00+00:00,1.0,BST,856.21,839.26,16.950000000000045,UP_BREAK,2025-07-28 07:35:00+00:00,5.0,3+,2025-07-28 07:45:00+00:00,ACCEPT_BACK_INSIDE,DIRECT_E10,2025-07-28 07:40:00+00:00,True,True,True,False,2025-07-28 07:40:00+00:00,2025-07-28 07:40:00+00:00,False,0.0,False,False,35.0
2025-07-29,reference_validation,2025-07-29 07:00:00+00:00,2025-07-29 12:00:00+00:00,1.0,BST,835.67,813.68,21.99000000000001,NO_BREAK,,,NA,,NA,NO_BREAK,,False,False,False,False,,,False,,False,False,
2025-07-30,reference_validation,2025-07-30 07:00:00+00:00,2025-07-30 12:00:00+00:00,1.0,BST,812.28,796.0,16.279999999999973,DOWN_BREAK,2025-07-30 10:50:00+00:00,0.0,0,,NO_RETEST,DIRECT_E10,2025-07-30 10:55:00+00:00,True,True,True,True,2025-07-30 10:55:00+00:00,2025-07-30 11:15:00+00:00,False,0.0,False,False,230.0
2025-07-31,reference_validation,2025-07-31 07:00:00+00:00,2025-07-31 12:00:00+00:00,1.0,BST,804.27,787.96,16.309999999999945,UP_BREAK,2025-07-31 07:05:00+00:00,3.0,3+,2025-07-31 07:10:00+00:00,ACCEPT_BACK_INSIDE,ACCEPT_BACK_INSIDE,2025-07-31 07:10:00+00:00,True,True,True,True,2025-07-31 08:05:00+00:00,2025-07-31 08:25:00+00:00,False,2.0,False,False,5.0
2025-08-01,reference_validation,2025-08-01 07:00:00+00:00,2025-08-01 12:00:00+00:00,1.0,BST,795.88,770.67,25.210000000000036,DOWN_BREAK,2025-08-01 08:00:00+00:00,4.0,3+,2025-08-01 08:50:00+00:00,HOLD_RETEST,DIRECT_E10,2025-08-01 08:05:00+00:00,True,True,False,False,2025-08-01 08:05:00+00:00,2025-08-01 08:05:00+00:00,False,0.0,False,False,60.0
2025-08-04,reference_validation,2025-08-04 07:00:00+00:00,2025-08-04 12:00:00+00:00,1.0,BST,759.31,750.56,8.75,UP_BREAK,2025-08-04 09:15:00+00:00,1.0,1,2025-08-04 09:35:00+00:00,HOLD_RETEST,DIRECT_E10,2025-08-04 09:25:00+00:00,True,False,False,False,2025-08-04 09:25:00+00:00,,False,,False,False,135.0
2025-08-05,reference_validation,2025-08-05 07:00:00+00:00,2025-08-05 12:00:00+00:00,1.0,BST,770.04,760.19,9.849999999999909,DOWN_BREAK,2025-08-05 07:30:00+00:00,1.0,1,2025-08-05 09:35:00+00:00,HOLD_RETEST,DIRECT_E10,2025-08-05 07:35:00+00:00,True,True,True,True,2025-08-05 07:35:00+00:00,2025-08-05 07:35:00+00:00,False,0.0,False,False,30.0
2025-08-06,reference_validation,2025-08-06 07:00:00+00:00,2025-08-06 12:00:00+00:00,1.0,BST,762.47,746.39,16.08000000000004,UP_BREAK,2025-08-06 07:25:00+00:00,7.0,3+,2025-08-06 07:30:00+00:00,ACCEPT_BACK_INSIDE,ACCEPT_BACK_INSIDE,2025-08-06 07:30:00+00:00,True,False,False,False,2025-08-06 08:00:00+00:00,,False,,False,False,25.0
2025-08-07,reference_validation,2025-08-07 07:00:00+00:00,2025-08-07 12:00:00+00:00,1.0,BST,775.09,765.26,9.830000000000041,UP_BREAK,2025-08-07 10:40:00+00:00,0.0,0,,NO_RETEST,DIRECT_E10,2025-08-07 10:45:00+00:00,True,True,True,False,2025-08-07 10:45:00+00:00,2025-08-07 10:50:00+00:00,False,0.0,False,False,220.0
2025-08-08,reference_validation,2025-08-08 07:00:00+00:00,2025-08-08 12:00:00+00:00,1.0,BST,793.39,781.1,12.289999999999964,NO_BREAK,,,NA,,NA,NO_BREAK,,False,False,False,False,,,False,,False,False,
2025-08-11,reference_validation,2025-08-11 07:00:00+00:00,2025-08-11 12:00:00+00:00,1.0,BST,828.22,803.22,25.0,DOWN_BREAK,2025-08-11 11:15:00+00:00,0.0,0,,NO_RETEST,DIRECT_E10,2025-08-11 11:20:00+00:00,True,True,True,False,2025-08-11 11:20:00+00:00,2025-08-11 11:30:00+00:00,False,0.0,False,False,255.0
2025-08-12,reference_validation,2025-08-12 07:00:00+00:00,2025-08-12 12:00:00+00:00,1.0,BST,815.53,802.3,13.230000000000018,DOWN_BREAK,2025-08-12 09:50:00+00:00,1.0,1,2025-08-12 11:45:00+00:00,ACCEPT_BACK_INSIDE,DIRECT_E10,2025-08-12 10:00:00+00:00,True,True,True,False,2025-08-12 10:00:00+00:00,2025-08-12 10:05:00+00:00,False,0.0,False,False,170.0
2025-08-13,reference_validation,2025-08-13 07:00:00+00:00,2025-08-13 12:00:00+00:00,1.0,BST,841.6,828.83,12.769999999999982,UP_BREAK,2025-08-13 07:00:00+00:00,0.0,0,,NO_RETEST,DIRECT_E10,2025-08-13 07:05:00+00:00,True,True,True,True,2025-08-13 07:05:00+00:00,2025-08-13 07:05:00+00:00,False,0.0,False,False,0.0
2025-08-14,reference_validation,2025-08-14 07:00:00+00:00,2025-08-14 12:00:00+00:00,1.0,BST,867.49,844.31,23.180000000000064,UP_BREAK,2025-08-14 10:15:00+00:00,2.0,2,2025-08-14 10:20:00+00:00,HOLD_RETEST,BOUNDARY_HOLD_RETEST,2025-08-14 10:20:00+00:00,True,False,False,False,2025-08-14 10:35:00+00:00,,False,,True,False,195.0
2025-08-15,reference_validation,2025-08-15 07:00:00+00:00,2025-08-15 12:00:00+00:00,1.0,BST,853.99,834.09,19.899999999999977,NO_BREAK,,,NA,,NA,NO_BREAK,,False,False,False,False,,,False,,False,False,
2025-08-18,reference_validation,2025-08-18 07:00:00+00:00,2025-08-18 12:00:00+00:00,1.0,BST,859.49,825.19,34.299999999999955,NO_BREAK,,,NA,,NA,NO_BREAK,,False,False,False,False,,,False,,False,False,
2025-08-19,reference_validation,2025-08-19 07:00:00+00:00,2025-08-19 12:00:00+00:00,1.0,BST,855.49,837.59,17.899999999999977,DOWN_BREAK,2025-08-19 07:30:00+00:00,1.0,1,2025-08-19 07:35:00+00:00,ACCEPT_BACK_INSIDE,AMBIGUOUS_E10_BOUNDARY_INTERACTION,2025-08-19 07:35:00+00:00,True,False,False,False,2025-08-19 07:35:00+00:00,,False,,False,False,30.0
2025-08-20,reference_validation,2025-08-20 07:00:00+00:00,2025-08-20 12:00:00+00:00,1.0,BST,837.71,818.54,19.170000000000073,NO_BREAK,,,NA,,NA,NO_BREAK,,False,False,False,False,,,False,,False,False,
2025-08-21,reference_validation,2025-08-21 07:00:00+00:00,2025-08-21 12:00:00+00:00,1.0,BST,884.54,858.16,26.379999999999995,DOWN_BREAK,2025-08-21 08:35:00+00:00,1.0,1,2025-08-21 08:40:00+00:00,ACCEPT_BACK_INSIDE,ACCEPT_BACK_INSIDE,2025-08-21 08:40:00+00:00,True,True,True,False,2025-08-21 09:00:00+00:00,2025-08-21 09:00:00+00:00,False,1.0,False,False,95.0
2025-08-22,reference_validation,2025-08-22 07:00:00+00:00,2025-08-22 12:00:00+00:00,1.0,BST,853.86,837.95,15.909999999999968,UP_BREAK,2025-08-22 07:25:00+00:00,2.0,2,2025-08-22 07:30:00+00:00,HOLD_RETEST,BOUNDARY_HOLD_RETEST,2025-08-22 07:30:00+00:00,True,False,False,False,2025-08-22 08:15:00+00:00,,False,,True,False,25.0
2025-08-25,reference_validation,2025-08-25 07:00:00+00:00,2025-08-25 12:00:00+00:00,1.0,BST,881.3,863.4,17.899999999999977,DOWN_BREAK,2025-08-25 07:30:00+00:00,2.0,2,2025-08-25 07:35:00+00:00,HOLD_RETEST,AMBIGUOUS_E10_BOUNDARY_INTERACTION,2025-08-25 07:35:00+00:00,True,True,True,True,2025-08-25 07:35:00+00:00,2025-08-25 07:50:00+00:00,False,1.0,False,False,30.0
2025-08-26,reference_validation,2025-08-26 07:00:00+00:00,2025-08-26 12:00:00+00:00,1.0,BST,850.37,830.08,20.289999999999964,NO_BREAK,,,NA,,NA,NO_BREAK,,False,False,False,False,,,False,,False,False,
2025-08-27,reference_validation,2025-08-27 07:00:00+00:00,2025-08-27 12:00:00+00:00,1.0,BST,868.33,857.06,11.270000000000095,DOWN_BREAK,2025-08-27 08:10:00+00:00,2.0,2,2025-08-27 08:20:00+00:00,HOLD_RETEST,BOUNDARY_HOLD_RETEST,2025-08-27 08:20:00+00:00,True,True,True,False,2025-08-27 08:25:00+00:00,2025-08-27 08:35:00+00:00,False,1.0,True,True,70.0
2025-08-28,reference_validation,2025-08-28 07:00:00+00:00,2025-08-28 12:00:00+00:00,1.0,BST,873.52,851.54,21.980000000000018,UP_BREAK,2025-08-28 11:50:00+00:00,0.0,0,,NO_RETEST,TIMEOUT,,False,False,False,False,,,False,,False,False,290.0
2025-08-29,reference_validation,2025-08-29 07:00:00+00:00,2025-08-29 12:00:00+00:00,1.0,BST,878.53,864.43,14.100000000000023,DOWN_BREAK,2025-08-29 07:05:00+00:00,0.0,0,,NO_RETEST,DIRECT_E10,2025-08-29 07:10:00+00:00,True,True,True,True,2025-08-29 07:10:00+00:00,2025-08-29 07:10:00+00:00,False,0.0,False,False,5.0
2025-09-01,reference_validation,2025-09-01 07:00:00+00:00,2025-09-01 12:00:00+00:00,1.0,BST,866.0,849.36,16.639999999999986,UP_BREAK,2025-09-01 07:45:00+00:00,1.0,1,2025-09-01 07:50:00+00:00,ACCEPT_BACK_INSIDE,AMBIGUOUS_E10_BOUNDARY_INTERACTION,2025-09-01 07:50:00+00:00,True,True,False,False,2025-09-01 07:50:00+00:00,2025-09-01 08:00:00+00:00,False,1.0,False,False,45.0
2025-09-02,reference_validation,2025-09-02 07:00:00+00:00,2025-09-02 12:00:00+00:00,1.0,BST,856.16,843.85,12.309999999999945,UP_BREAK,2025-09-02 08:05:00+00:00,2.0,2,2025-09-02 08:10:00+00:00,ACCEPT_BACK_INSIDE,ACCEPT_BACK_INSIDE,2025-09-02 08:10:00+00:00,False,False,False,False,,,False,,False,False,65.0
2025-09-03,reference_validation,2025-09-03 07:00:00+00:00,2025-09-03 12:00:00+00:00,1.0,BST,854.46,849.16,5.300000000000068,UP_BREAK,2025-09-03 07:50:00+00:00,3.0,3+,2025-09-03 08:10:00+00:00,HOLD_RETEST,DIRECT_E10,2025-09-03 07:55:00+00:00,True,True,False,False,2025-09-03 07:55:00+00:00,2025-09-03 08:00:00+00:00,False,0.0,False,False,50.0
2025-09-04,reference_validation,2025-09-04 07:00:00+00:00,2025-09-04 12:00:00+00:00,1.0,BST,857.17,844.56,12.610000000000014,NO_BREAK,,,NA,,NA,NO_BREAK,,False,False,False,False,,,False,,False,False,
2025-09-05,reference_validation,2025-09-05 07:00:00+00:00,2025-09-05 12:00:00+00:00,1.0,BST,850.0,842.33,7.669999999999959,UP_BREAK,2025-09-05 07:35:00+00:00,4.0,3+,2025-09-05 07:40:00+00:00,HOLD_RETEST,BOUNDARY_HOLD_RETEST,2025-09-05 07:40:00+00:00,True,False,False,False,2025-09-05 07:45:00+00:00,,False,,True,False,35.0
2025-09-08,reference_validation,2025-09-08 07:00:00+00:00,2025-09-08 12:00:00+00:00,1.0,BST,886.59,871.39,15.200000000000045,NO_BREAK,,,NA,,NA,NO_BREAK,,False,False,False,False,,,False,,False,False,
2025-09-09,reference_validation,2025-09-09 07:00:00+00:00,2025-09-09 12:00:00+00:00,1.0,BST,883.89,872.01,11.879999999999995,UP_BREAK,2025-09-09 07:20:00+00:00,2.0,2,2025-09-09 07:30:00+00:00,ACCEPT_BACK_INSIDE,ACCEPT_BACK_INSIDE,2025-09-09 07:30:00+00:00,True,False,False,False,2025-09-09 08:30:00+00:00,,False,,False,False,20.0
2025-09-10,reference_validation,2025-09-10 07:00:00+00:00,2025-09-10 12:00:00+00:00,1.0,BST,886.38,877.51,8.870000000000005,NO_BREAK,,,NA,,NA,NO_BREAK,,False,False,False,False,,,False,,False,False,
2025-09-11,reference_validation,2025-09-11 07:00:00+00:00,2025-09-11 12:00:00+00:00,1.0,BST,899.08,888.82,10.259999999999991,UP_BREAK,2025-09-11 09:45:00+00:00,1.0,1,2025-09-11 10:35:00+00:00,HOLD_RETEST,DIRECT_E10,2025-09-11 10:00:00+00:00,True,True,True,False,2025-09-11 10:00:00+00:00,2025-09-11 10:05:00+00:00,False,0.0,False,False,165.0
2025-09-12,reference_validation,2025-09-12 07:00:00+00:00,2025-09-12 12:00:00+00:00,1.0,BST,910.3,901.15,9.149999999999977,NO_BREAK,,,NA,,NA,NO_BREAK,,False,False,False,False,,,False,,False,False,
2025-09-15,reference_validation,2025-09-15 07:00:00+00:00,2025-09-15 12:00:00+00:00,1.0,BST,936.13,922.5,13.629999999999995,DOWN_BREAK,2025-09-15 08:00:00+00:00,0.0,0,,NO_RETEST,DIRECT_E10,2025-09-15 08:05:00+00:00,True,True,True,True,2025-09-15 08:05:00+00:00,2025-09-15 08:05:00+00:00,False,0.0,False,False,60.0
2025-09-16,reference_validation,2025-09-16 07:00:00+00:00,2025-09-16 12:00:00+00:00,1.0,BST,932.99,917.05,15.940000000000055,UP_BREAK,2025-09-16 08:05:00+00:00,1.0,1,2025-09-16 08:10:00+00:00,HOLD_RETEST,BOUNDARY_HOLD_RETEST,2025-09-16 08:10:00+00:00,False,False,False,False,,,False,,False,False,65.0
2025-09-17,reference_validation,2025-09-17 07:00:00+00:00,2025-09-17 12:00:00+00:00,1.0,BST,963.7,947.35,16.350000000000023,NO_BREAK,,,NA,,NA,NO_BREAK,,False,False,False,False,,,False,,False,False,
2025-09-18,reference_validation,2025-09-18 07:00:00+00:00,2025-09-18 12:00:00+00:00,1.0,BST,997.75,979.66,18.090000000000032,UP_BREAK,2025-09-18 07:30:00+00:00,2.0,2,2025-09-18 09:00:00+00:00,ACCEPT_BACK_INSIDE,DIRECT_E10,2025-09-18 07:40:00+00:00,True,True,True,True,2025-09-18 07:40:00+00:00,2025-09-18 07:40:00+00:00,False,0.0,False,False,30.0
2025-09-19,reference_validation,2025-09-19 07:00:00+00:00,2025-09-19 12:00:00+00:00,1.0,BST,997.46,980.01,17.450000000000045,UP_BREAK,2025-09-19 08:05:00+00:00,1.0,1,2025-09-19 09:15:00+00:00,HOLD_RETEST,DIRECT_E10,2025-09-19 08:10:00+00:00,True,True,True,False,2025-09-19 08:10:00+00:00,2025-09-19 08:10:00+00:00,False,0.0,False,False,65.0
2025-09-22,reference_validation,2025-09-22 07:00:00+00:00,2025-09-22 12:00:00+00:00,1.0,BST,1053.11,993.0,60.1099999999999,NO_BREAK,,,NA,,NA,NO_BREAK,,False,False,False,False,,,False,,False,False,
2025-09-23,reference_validation,2025-09-23 07:00:00+00:00,2025-09-23 12:00:00+00:00,1.0,BST,998.31,963.12,35.18999999999994,UP_BREAK,2025-09-23 07:10:00+00:00,2.0,2,2025-09-23 09:45:00+00:00,HOLD_RETEST,DIRECT_E10,2025-09-23 07:20:00+00:00,True,True,True,False,2025-09-23 07:20:00+00:00,2025-09-23 07:20:00+00:00,False,0.0,False,False,10.0
2025-09-24,reference_validation,2025-09-24 07:00:00+00:00,2025-09-24 12:00:00+00:00,1.0,BST,1027.38,991.18,36.20000000000016,UP_BREAK,2025-09-24 09:25:00+00:00,2.0,2,2025-09-24 09:30:00+00:00,HOLD_RETEST,AMBIGUOUS_E10_BOUNDARY_INTERACTION,2025-09-24 09:30:00+00:00,True,True,False,False,2025-09-24 09:30:00+00:00,2025-09-24 09:40:00+00:00,False,1.0,False,False,145.0
2025-09-25,reference_validation,2025-09-25 07:00:00+00:00,2025-09-25 12:00:00+00:00,1.0,BST,1020.33,986.0,34.33000000000004,DOWN_BREAK,2025-09-25 10:40:00+00:00,1.0,1,2025-09-25 11:25:00+00:00,ACCEPT_BACK_INSIDE,DIRECT_E10,2025-09-25 10:45:00+00:00,True,False,False,False,2025-09-25 10:45:00+00:00,,False,,False,False,220.0
2025-09-26,reference_validation,2025-09-26 07:00:00+00:00,2025-09-26 12:00:00+00:00,1.0,BST,960.0,936.6,23.399999999999977,DOWN_BREAK,2025-09-26 11:05:00+00:00,1.0,1,2025-09-26 11:20:00+00:00,HOLD_RETEST,DIRECT_E10,2025-09-26 11:10:00+00:00,True,False,False,False,2025-09-26 11:10:00+00:00,,False,,False,False,245.0
2025-09-29,reference_validation,2025-09-29 07:00:00+00:00,2025-09-29 12:00:00+00:00,1.0,BST,1014.55,988.16,26.389999999999986,NO_BREAK,,,NA,,NA,NO_BREAK,,False,False,False,False,,,False,,False,False,
2025-09-30,reference_validation,2025-09-30 07:00:00+00:00,2025-09-30 12:00:00+00:00,1.0,BST,1035.2,1020.58,14.620000000000005,DOWN_BREAK,2025-09-30 07:35:00+00:00,2.0,2,2025-09-30 07:40:00+00:00,HOLD_RETEST,AMBIGUOUS_E10_BOUNDARY_INTERACTION,2025-09-30 07:40:00+00:00,True,True,True,True,2025-09-30 07:40:00+00:00,2025-09-30 07:40:00+00:00,False,0.0,False,False,35.0
2025-10-01,reference_validation,2025-10-01 07:00:00+00:00,2025-10-01 12:00:00+00:00,1.0,BST,1016.18,1001.51,14.669999999999959,UP_BREAK,2025-10-01 08:30:00+00:00,0.0,0,,NO_RETEST,DIRECT_E10,2025-10-01 08:35:00+00:00,True,True,True,True,2025-10-01 08:35:00+00:00,2025-10-01 08:35:00+00:00,False,0.0,False,False,90.0
2025-10-02,reference_validation,2025-10-02 07:00:00+00:00,2025-10-02 12:00:00+00:00,1.0,BST,1041.92,1020.69,21.230000000000018,UP_BREAK,2025-10-02 10:35:00+00:00,0.0,0,,NO_RETEST,DIRECT_E10,2025-10-02 10:40:00+00:00,True,True,True,False,2025-10-02 10:40:00+00:00,2025-10-02 10:45:00+00:00,False,0.0,False,False,215.0
2025-10-03,reference_validation,2025-10-03 07:00:00+00:00,2025-10-03 12:00:00+00:00,1.0,BST,1113.47,1084.78,28.690000000000055,UP_BREAK,2025-10-03 09:25:00+00:00,1.0,1,2025-10-03 09:30:00+00:00,ACCEPT_BACK_INSIDE,ACCEPT_BACK_INSIDE,2025-10-03 09:30:00+00:00,False,False,False,False,,,False,,False,False,145.0
2025-10-06,reference_validation,2025-10-06 07:00:00+00:00,2025-10-06 12:00:00+00:00,1.0,BST,1225.0,1160.32,64.68000000000006,NO_BREAK,,,NA,,NA,NO_BREAK,,False,False,False,False,,,False,,False,False,
2025-10-07,reference_validation,2025-10-07 07:00:00+00:00,2025-10-07 12:00:00+00:00,1.0,BST,1265.0,1203.33,61.67000000000007,UP_BREAK,2025-10-07 08:50:00+00:00,3.0,3+,2025-10-07 08:55:00+00:00,HOLD_RETEST,BOUNDARY_HOLD_RETEST,2025-10-07 08:55:00+00:00,True,True,True,True,2025-10-07 09:10:00+00:00,2025-10-07 09:20:00+00:00,False,2.0,True,True,110.0
2025-10-08,reference_validation,2025-10-08 07:00:00+00:00,2025-10-08 12:00:00+00:00,1.0,BST,1335.32,1264.28,71.03999999999996,NO_BREAK,,,NA,,NA,NO_BREAK,,False,False,False,False,,,False,,False,False,
2025-10-09,reference_validation,2025-10-09 07:00:00+00:00,2025-10-09 12:00:00+00:00,1.0,BST,1317.49,1254.03,63.460000000000036,NO_BREAK,,,NA,,NA,NO_BREAK,,False,False,False,False,,,False,,False,False,
2025-10-10,reference_validation,2025-10-10 07:00:00+00:00,2025-10-10 12:00:00+00:00,1.0,BST,1279.14,1245.0,34.1400000000001,NO_BREAK,,,NA,,NA,NO_BREAK,,False,False,False,False,,,False,,False,False,
2025-10-13,reference_validation,2025-10-13 07:00:00+00:00,2025-10-13 12:00:00+00:00,1.0,BST,1344.99,1281.13,63.8599999999999,UP_BREAK,2025-10-13 07:25:00+00:00,4.0,3+,2025-10-13 07:30:00+00:00,HOLD_RETEST,BOUNDARY_HOLD_RETEST,2025-10-13 07:30:00+00:00,True,True,True,False,2025-10-13 07:35:00+00:00,2025-10-13 08:10:00+00:00,True,2.0,True,True,25.0
2025-10-14,reference_validation,2025-10-14 07:00:00+00:00,2025-10-14 12:00:00+00:00,1.0,BST,1317.02,1179.57,137.45000000000005,DOWN_BREAK,2025-10-14 10:30:00+00:00,2.0,2,2025-10-14 10:35:00+00:00,ACCEPT_BACK_INSIDE,AMBIGUOUS_E10_BOUNDARY_INTERACTION,2025-10-14 10:35:00+00:00,True,False,False,False,2025-10-14 10:35:00+00:00,,False,,False,False,210.0
2025-10-15,reference_validation,2025-10-15 07:00:00+00:00,2025-10-15 12:00:00+00:00,1.0,BST,1223.09,1176.27,46.819999999999936,NO_BREAK,,,NA,,NA,NO_BREAK,,False,False,False,False,,,False,,False,False,
2025-10-16,reference_validation,2025-10-16 07:00:00+00:00,2025-10-16 12:00:00+00:00,1.0,BST,1195.59,1152.18,43.409999999999854,NO_BREAK,,,NA,,NA,NO_BREAK,,False,False,False,False,,,False,,False,False,
2025-10-17,reference_validation,2025-10-17 07:00:00+00:00,2025-10-17 12:00:00+00:00,1.0,BST,1157.5,1093.24,64.25999999999999,DOWN_BREAK,2025-10-17 07:00:00+00:00,1.0,1,2025-10-17 07:05:00+00:00,HOLD_RETEST,AMBIGUOUS_E10_BOUNDARY_INTERACTION,2025-10-17 07:05:00+00:00,True,True,True,True,2025-10-17 07:05:00+00:00,2025-10-17 07:05:00+00:00,False,0.0,False,False,0.0
2025-10-20,reference_validation,2025-10-20 07:00:00+00:00,2025-10-20 12:00:00+00:00,1.0,BST,1142.74,1086.87,55.87000000000012,NO_BREAK,,,NA,,NA,NO_BREAK,,False,False,False,False,,,False,,False,False,
2025-10-21,reference_validation,2025-10-21 07:00:00+00:00,2025-10-21 12:00:00+00:00,1.0,BST,1102.19,1061.35,40.840000000000146,NO_BREAK,,,NA,,NA,NO_BREAK,,False,False,False,False,,,False,,False,False,
2025-10-22,reference_validation,2025-10-22 07:00:00+00:00,2025-10-22 12:00:00+00:00,1.0,BST,1074.04,1051.01,23.029999999999973,NO_BREAK,,,NA,,NA,NO_BREAK,,False,False,False,False,,,False,,False,False,
2025-10-23,reference_validation,2025-10-23 07:00:00+00:00,2025-10-23 12:00:00+00:00,1.0,BST,1110.38,1059.1,51.2800000000002,UP_BREAK,2025-10-23 08:00:00+00:00,2.0,2,2025-10-23 08:05:00+00:00,HOLD_RETEST,BOUNDARY_HOLD_RETEST,2025-10-23 08:05:00+00:00,True,True,False,False,2025-10-23 08:10:00+00:00,2025-10-23 08:10:00+00:00,False,1.0,True,True,60.0
2025-10-24,reference_validation,2025-10-24 07:00:00+00:00,2025-10-24 12:00:00+00:00,1.0,BST,1143.92,1116.56,27.360000000000127,NO_BREAK,,,NA,,NA,NO_BREAK,,False,False,False,False,,,False,,False,False,
2025-10-27,reference_validation,2025-10-27 08:00:00+00:00,2025-10-27 13:00:00+00:00,0.0,GMT,1163.61,1136.81,26.799999999999955,UP_BREAK,2025-10-27 11:40:00+00:00,0.0,0,,NO_RETEST,DIRECT_E10,2025-10-27 11:45:00+00:00,True,True,True,True,2025-10-27 11:45:00+00:00,2025-10-27 11:45:00+00:00,False,0.0,False,False,220.0
2025-10-28,reference_validation,2025-10-28 08:00:00+00:00,2025-10-28 13:00:00+00:00,0.0,GMT,1147.33,1120.1,27.230000000000018,NO_BREAK,,,NA,,NA,NO_BREAK,,False,False,False,False,,,False,,False,False,
2025-10-29,reference_validation,2025-10-29 08:00:00+00:00,2025-10-29 13:00:00+00:00,0.0,GMT,1120.24,1098.05,22.190000000000055,NO_BREAK,,,NA,,NA,NO_BREAK,,False,False,False,False,,,False,,False,False,
2025-10-30,reference_validation,2025-10-30 08:00:00+00:00,2025-10-30 13:00:00+00:00,0.0,GMT,1119.61,1088.54,31.069999999999936,UP_BREAK,2025-10-30 10:20:00+00:00,2.0,2,2025-10-30 10:40:00+00:00,ACCEPT_BACK_INSIDE,DIRECT_E10,2025-10-30 10:25:00+00:00,True,True,False,False,2025-10-30 10:25:00+00:00,2025-10-30 10:25:00+00:00,False,0.0,False,False,140.0
2025-10-31,reference_validation,2025-10-31 08:00:00+00:00,2025-10-31 13:00:00+00:00,0.0,GMT,1103.46,1074.19,29.269999999999982,NO_BREAK,,,NA,,NA,NO_BREAK,,False,False,False,False,,,False,,False,False,
2025-11-03,reference_validation,2025-11-03 08:00:00+00:00,2025-11-03 13:00:00+00:00,0.0,GMT,1087.29,1023.6,63.68999999999994,DOWN_BREAK,2025-11-03 08:35:00+00:00,5.0,3+,2025-11-03 08:40:00+00:00,HOLD_RETEST,BOUNDARY_HOLD_RETEST,2025-11-03 08:40:00+00:00,True,True,False,False,2025-11-03 08:45:00+00:00,2025-11-03 10:55:00+00:00,False,4.0,True,True,35.0
2025-11-04,reference_validation,2025-11-04 08:00:00+00:00,2025-11-04 13:00:00+00:00,0.0,GMT,1001.92,940.21,61.70999999999992,NO_BREAK,,,NA,,NA,NO_BREAK,,False,False,False,False,,,False,,False,False,
2025-11-05,reference_validation,2025-11-05 08:00:00+00:00,2025-11-05 13:00:00+00:00,0.0,GMT,957.5,900.6,56.89999999999998,NO_BREAK,,,NA,,NA,NO_BREAK,,False,False,False,False,,,False,,False,False,
2025-11-06,reference_validation,2025-11-06 08:00:00+00:00,2025-11-06 13:00:00+00:00,0.0,GMT,965.0,943.5,21.5,DOWN_BREAK,2025-11-06 12:55:00+00:00,0.0,0,,NO_RETEST,TIMEOUT,,False,False,False,False,,,False,,False,False,295.0
2025-11-07,reference_validation,2025-11-07 08:00:00+00:00,2025-11-07 13:00:00+00:00,0.0,GMT,977.0,945.14,31.860000000000014,DOWN_BREAK,2025-11-07 11:10:00+00:00,2.0,2,2025-11-07 11:50:00+00:00,HOLD_RETEST,DIRECT_E10,2025-11-07 11:15:00+00:00,True,True,True,False,2025-11-07 11:15:00+00:00,2025-11-07 11:25:00+00:00,False,0.0,False,False,190.0
2025-11-10,reference_validation,2025-11-10 08:00:00+00:00,2025-11-10 13:00:00+00:00,0.0,GMT,1019.15,990.78,28.370000000000005,NO_BREAK,,,NA,,NA,NO_BREAK,,False,False,False,False,,,False,,False,False,
2025-11-11,reference_validation,2025-11-11 08:00:00+00:00,2025-11-11 13:00:00+00:00,0.0,GMT,1008.84,971.0,37.84000000000003,NO_BREAK,,,NA,,NA,NO_BREAK,,False,False,False,False,,,False,,False,False,
2025-11-12,reference_validation,2025-11-12 08:00:00+00:00,2025-11-12 13:00:00+00:00,0.0,GMT,965.57,951.16,14.410000000000082,UP_BREAK,2025-11-12 09:05:00+00:00,3.0,3+,2025-11-12 09:10:00+00:00,HOLD_RETEST,AMBIGUOUS_E10_BOUNDARY_INTERACTION,2025-11-12 09:10:00+00:00,True,True,True,True,2025-11-12 09:10:00+00:00,2025-11-12 09:10:00+00:00,False,0.0,False,False,65.0
2025-11-13,reference_validation,2025-11-13 08:00:00+00:00,2025-11-13 13:00:00+00:00,0.0,GMT,970.88,945.62,25.25999999999999,NO_BREAK,,,NA,,NA,NO_BREAK,,False,False,False,False,,,False,,False,False,
2025-11-14,reference_validation,2025-11-14 08:00:00+00:00,2025-11-14 13:00:00+00:00,0.0,GMT,933.3,898.0,35.299999999999955,DOWN_BREAK,2025-11-14 12:30:00+00:00,1.0,1,2025-11-14 12:45:00+00:00,ACCEPT_BACK_INSIDE,DIRECT_E10,2025-11-14 12:35:00+00:00,True,True,False,False,2025-11-14 12:35:00+00:00,2025-11-14 12:35:00+00:00,False,0.0,False,False,270.0
2025-11-17,reference_validation,2025-11-17 08:00:00+00:00,2025-11-17 13:00:00+00:00,0.0,GMT,940.54,920.2,20.339999999999918,NO_BREAK,,,NA,,NA,NO_BREAK,,False,False,False,False,,,False,,False,False,
2025-11-18,reference_validation,2025-11-18 08:00:00+00:00,2025-11-18 13:00:00+00:00,0.0,GMT,919.3,884.07,35.229999999999905,UP_BREAK,2025-11-18 09:45:00+00:00,2.0,2,2025-11-18 10:20:00+00:00,ACCEPT_BACK_INSIDE,DIRECT_E10,2025-11-18 09:50:00+00:00,True,True,False,False,2025-11-18 09:50:00+00:00,2025-11-18 09:50:00+00:00,False,0.0,False,False,105.0
2025-11-19,reference_validation,2025-11-19 08:00:00+00:00,2025-11-19 13:00:00+00:00,0.0,GMT,941.85,913.45,28.399999999999977,NO_BREAK,,,NA,,NA,NO_BREAK,,False,False,False,False,,,False,,False,False,
2025-11-20,reference_validation,2025-11-20 08:00:00+00:00,2025-11-20 13:00:00+00:00,0.0,GMT,916.0,893.65,22.350000000000023,NO_BREAK,,,NA,,NA,NO_BREAK,,False,False,False,False,,,False,,False,False,
2025-11-21,reference_validation,2025-11-21 08:00:00+00:00,2025-11-21 13:00:00+00:00,0.0,GMT,878.06,800.0,78.05999999999995,DOWN_BREAK,2025-11-21 12:20:00+00:00,1.0,1,2025-11-21 12:30:00+00:00,ACCEPT_BACK_INSIDE,DIRECT_E10,2025-11-21 12:25:00+00:00,True,False,False,False,2025-11-21 12:25:00+00:00,,False,,False,False,260.0
2025-11-24,reference_validation,2025-11-24 08:00:00+00:00,2025-11-24 13:00:00+00:00,0.0,GMT,859.37,836.46,22.909999999999968,NO_BREAK,,,NA,,NA,NO_BREAK,,False,False,False,False,,,False,,False,False,
2025-11-25,reference_validation,2025-11-25 08:00:00+00:00,2025-11-25 13:00:00+00:00,0.0,GMT,867.58,856.02,11.56000000000006,DOWN_BREAK,2025-11-25 08:50:00+00:00,1.0,1,2025-11-25 10:30:00+00:00,HOLD_RETEST,DIRECT_E10,2025-11-25 08:55:00+00:00,True,True,True,True,2025-11-25 08:55:00+00:00,2025-11-25 08:55:00+00:00,False,0.0,False,False,50.0
2025-11-26,reference_validation,2025-11-26 08:00:00+00:00,2025-11-26 13:00:00+00:00,0.0,GMT,870.34,857.79,12.550000000000068,DOWN_BREAK,2025-11-26 08:15:00+00:00,5.0,3+,2025-11-26 08:20:00+00:00,HOLD_RETEST,BOUNDARY_HOLD_RETEST,2025-11-26 08:20:00+00:00,True,True,True,False,2025-11-26 09:15:00+00:00,2025-11-26 09:30:00+00:00,False,1.0,True,True,15.0
2025-11-27,reference_validation,2025-11-27 08:00:00+00:00,2025-11-27 13:00:00+00:00,0.0,GMT,905.12,889.81,15.31000000000006,DOWN_BREAK,2025-11-27 12:45:00+00:00,1.0,1,2025-11-27 12:50:00+00:00,HOLD_RETEST,AMBIGUOUS_E10_BOUNDARY_INTERACTION,2025-11-27 12:50:00+00:00,True,True,False,False,2025-11-27 12:50:00+00:00,2025-11-27 12:55:00+00:00,False,1.0,False,False,285.0
2025-11-28,reference_validation,2025-11-28 08:00:00+00:00,2025-11-28 13:00:00+00:00,0.0,GMT,900.41,882.0,18.409999999999968,NO_BREAK,,,NA,,NA,NO_BREAK,,False,False,False,False,,,False,,False,False,
2025-12-01,reference_validation,2025-12-01 08:00:00+00:00,2025-12-01 13:00:00+00:00,0.0,GMT,877.23,820.66,56.57000000000005,DOWN_BREAK,2025-12-01 12:30:00+00:00,2.0,2,2025-12-01 12:35:00+00:00,HOLD_RETEST,BOUNDARY_HOLD_RETEST,2025-12-01 12:35:00+00:00,True,False,False,False,2025-12-01 12:45:00+00:00,,False,,True,False,270.0
2025-12-02,reference_validation,2025-12-02 08:00:00+00:00,2025-12-02 13:00:00+00:00,0.0,GMT,833.95,820.2,13.75,UP_BREAK,2025-12-02 09:45:00+00:00,1.0,1,2025-12-02 10:25:00+00:00,HOLD_RETEST,DIRECT_E10,2025-12-02 09:50:00+00:00,True,True,True,True,2025-12-02 09:50:00+00:00,2025-12-02 09:55:00+00:00,False,0.0,False,False,105.0
2025-12-03,reference_validation,2025-12-03 08:00:00+00:00,2025-12-03 13:00:00+00:00,0.0,GMT,911.39,874.0,37.389999999999986,NO_BREAK,,,NA,,NA,NO_BREAK,,False,False,False,False,,,False,,False,False,
2025-12-04,reference_validation,2025-12-04 08:00:00+00:00,2025-12-04 13:00:00+00:00,0.0,GMT,928.88,907.05,21.83000000000004,NO_BREAK,,,NA,,NA,NO_BREAK,,False,False,False,False,,,False,,False,False,
2025-12-05,reference_validation,2025-12-05 08:00:00+00:00,2025-12-05 13:00:00+00:00,0.0,GMT,908.68,899.0,9.67999999999995,DOWN_BREAK,2025-12-05 09:05:00+00:00,0.0,0,,NO_RETEST,DIRECT_E10,2025-12-05 09:10:00+00:00,True,True,True,True,2025-12-05 09:10:00+00:00,2025-12-05 09:15:00+00:00,False,0.0,False,False,65.0
2025-12-08,reference_validation,2025-12-08 08:00:00+00:00,2025-12-08 13:00:00+00:00,0.0,GMT,910.5,891.66,18.840000000000032,UP_BREAK,2025-12-08 09:05:00+00:00,2.0,2,2025-12-08 09:10:00+00:00,ACCEPT_BACK_INSIDE,ACCEPT_BACK_INSIDE,2025-12-08 09:10:00+00:00,False,False,False,False,,,False,,False,False,65.0
2025-12-09,reference_validation,2025-12-09 08:00:00+00:00,2025-12-09 13:00:00+00:00,0.0,GMT,900.0,884.75,15.25,NO_BREAK,,,NA,,NA,NO_BREAK,,False,False,False,False,,,False,,False,False,
2025-12-10,reference_validation,2025-12-10 08:00:00+00:00,2025-12-10 13:00:00+00:00,0.0,GMT,899.23,887.54,11.690000000000055,DOWN_BREAK,2025-12-10 11:30:00+00:00,1.0,1,2025-12-10 12:55:00+00:00,ACCEPT_BACK_INSIDE,DIRECT_E10,2025-12-10 11:35:00+00:00,True,True,False,False,2025-12-10 11:35:00+00:00,2025-12-10 11:40:00+00:00,False,0.0,False,False,210.0
2025-12-11,reference_validation,2025-12-11 08:00:00+00:00,2025-12-11 13:00:00+00:00,0.0,GMT,895.21,861.69,33.51999999999998,NO_BREAK,,,NA,,NA,NO_BREAK,,False,False,False,False,,,False,,False,False,
2025-12-12,reference_validation,2025-12-12 08:00:00+00:00,2025-12-12 13:00:00+00:00,0.0,GMT,896.51,880.33,16.17999999999995,NO_BREAK,,,NA,,NA,NO_BREAK,,False,False,False,False,,,False,,False,False,
2025-12-15,reference_validation,2025-12-15 08:00:00+00:00,2025-12-15 13:00:00+00:00,0.0,GMT,896.05,876.55,19.5,NO_BREAK,,,NA,,NA,NO_BREAK,,False,False,False,False,,,False,,False,False,
2025-12-16,reference_validation,2025-12-16 08:00:00+00:00,2025-12-16 13:00:00+00:00,0.0,GMT,866.34,846.54,19.800000000000068,UP_BREAK,2025-12-16 12:00:00+00:00,0.0,0,,NO_RETEST,DIRECT_E10,2025-12-16 12:05:00+00:00,True,True,False,False,2025-12-16 12:05:00+00:00,2025-12-16 12:45:00+00:00,False,0.0,False,False,240.0
2025-12-17,reference_validation,2025-12-17 08:00:00+00:00,2025-12-17 13:00:00+00:00,0.0,GMT,876.34,855.53,20.81000000000006,NO_BREAK,,,NA,,NA,NO_BREAK,,False,False,False,False,,,False,,False,False,
2025-12-18,reference_validation,2025-12-18 08:00:00+00:00,2025-12-18 13:00:00+00:00,0.0,GMT,846.77,830.0,16.769999999999982,NO_BREAK,,,NA,,NA,NO_BREAK,,False,False,False,False,,,False,,False,False,
2025-12-19,reference_validation,2025-12-19 08:00:00+00:00,2025-12-19 13:00:00+00:00,0.0,GMT,850.37,822.42,27.950000000000045,NO_BREAK,,,NA,,NA,NO_BREAK,,False,False,False,False,,,False,,False,False,
2025-12-22,reference_validation,2025-12-22 08:00:00+00:00,2025-12-22 13:00:00+00:00,0.0,GMT,868.61,851.16,17.450000000000045,UP_BREAK,2025-12-22 12:15:00+00:00,1.0,1,2025-12-22 12:20:00+00:00,ACCEPT_BACK_INSIDE,ACCEPT_BACK_INSIDE,2025-12-22 12:20:00+00:00,True,False,False,False,2025-12-22 12:30:00+00:00,,False,,False,False,255.0
2025-12-23,reference_validation,2025-12-23 08:00:00+00:00,2025-12-23 13:00:00+00:00,0.0,GMT,861.86,847.29,14.57000000000005,NO_BREAK,,,NA,,NA,NO_BREAK,,False,False,False,False,,,False,,False,False,
2025-12-24,reference_validation,2025-12-24 08:00:00+00:00,2025-12-24 13:00:00+00:00,0.0,GMT,847.75,836.24,11.509999999999991,DOWN_BREAK,2025-12-24 08:20:00+00:00,2.0,2,2025-12-24 08:25:00+00:00,ACCEPT_BACK_INSIDE,ACCEPT_BACK_INSIDE,2025-12-24 08:25:00+00:00,False,False,False,False,,,False,,False,False,20.0
2025-12-25,reference_validation,2025-12-25 08:00:00+00:00,2025-12-25 13:00:00+00:00,0.0,GMT,848.31,842.33,5.9799999999999045,DOWN_BREAK,2025-12-25 08:15:00+00:00,0.0,0,,NO_RETEST,DIRECT_E10,2025-12-25 08:20:00+00:00,True,True,True,True,2025-12-25 08:20:00+00:00,2025-12-25 08:20:00+00:00,False,0.0,False,False,15.0
2025-12-26,reference_validation,2025-12-26 08:00:00+00:00,2025-12-26 13:00:00+00:00,0.0,GMT,847.5,828.1,19.399999999999977,NO_BREAK,,,NA,,NA,NO_BREAK,,False,False,False,False,,,False,,False,False,
2025-12-29,reference_validation,2025-12-29 08:00:00+00:00,2025-12-29 13:00:00+00:00,0.0,GMT,872.75,859.25,13.5,DOWN_BREAK,2025-12-29 09:00:00+00:00,0.0,0,,NO_RETEST,DIRECT_E10,2025-12-29 09:05:00+00:00,True,True,True,True,2025-12-29 09:05:00+00:00,2025-12-29 09:30:00+00:00,False,0.0,False,False,60.0
2025-12-30,reference_validation,2025-12-30 08:00:00+00:00,2025-12-30 13:00:00+00:00,0.0,GMT,855.39,849.17,6.220000000000027,UP_BREAK,2025-12-30 08:00:00+00:00,5.0,3+,2025-12-30 08:20:00+00:00,HOLD_RETEST,DIRECT_E10,2025-12-30 08:05:00+00:00,True,True,True,True,2025-12-30 08:05:00+00:00,2025-12-30 08:05:00+00:00,False,0.0,False,False,0.0
2025-12-31,reference_validation,2025-12-31 08:00:00+00:00,2025-12-31 13:00:00+00:00,0.0,GMT,868.45,858.1,10.350000000000023,UP_BREAK,2025-12-31 08:00:00+00:00,4.0,3+,2025-12-31 08:10:00+00:00,ACCEPT_BACK_INSIDE,DIRECT_E10,2025-12-31 08:05:00+00:00,True,False,False,False,2025-12-31 08:05:00+00:00,,False,,False,False,0.0
2026-01-01,reference_validation,2026-01-01 08:00:00+00:00,2026-01-01 13:00:00+00:00,0.0,GMT,875.0,859.65,15.350000000000023,DOWN_BREAK,2026-01-01 12:15:00+00:00,1.0,1,2026-01-01 12:55:00+00:00,HOLD_RETEST,DIRECT_E10,2026-01-01 12:20:00+00:00,True,True,False,False,2026-01-01 12:20:00+00:00,2026-01-01 12:20:00+00:00,False,0.0,False,False,255.0
2026-01-02,reference_validation,2026-01-02 08:00:00+00:00,2026-01-02 13:00:00+00:00,0.0,GMT,868.16,859.78,8.379999999999995,UP_BREAK,2026-01-02 08:05:00+00:00,3.0,3+,2026-01-02 08:10:00+00:00,HOLD_RETEST,AMBIGUOUS_E10_BOUNDARY_INTERACTION,2026-01-02 08:10:00+00:00,True,True,True,True,2026-01-02 08:10:00+00:00,2026-01-02 09:10:00+00:00,False,2.0,False,False,5.0
2026-01-05,reference_validation,2026-01-05 08:00:00+00:00,2026-01-05 13:00:00+00:00,0.0,GMT,907.65,890.74,16.909999999999968,UP_BREAK,2026-01-05 11:50:00+00:00,1.0,1,2026-01-05 12:00:00+00:00,ACCEPT_BACK_INSIDE,DIRECT_E10,2026-01-05 11:55:00+00:00,True,False,False,False,2026-01-05 11:55:00+00:00,,False,,False,False,230.0
2026-01-06,reference_validation,2026-01-06 08:00:00+00:00,2026-01-06 13:00:00+00:00,0.0,GMT,912.2,903.31,8.8900000000001,UP_BREAK,2026-01-06 09:20:00+00:00,4.0,3+,2026-01-06 09:30:00+00:00,HOLD_RETEST,DIRECT_E10,2026-01-06 09:25:00+00:00,True,True,True,False,2026-01-06 09:25:00+00:00,2026-01-06 09:25:00+00:00,False,0.0,False,False,80.0
2026-01-07,reference_validation,2026-01-07 08:00:00+00:00,2026-01-07 13:00:00+00:00,0.0,GMT,919.78,905.06,14.720000000000027,UP_BREAK,2026-01-07 08:05:00+00:00,1.0,1,2026-01-07 08:10:00+00:00,ACCEPT_BACK_INSIDE,ACCEPT_BACK_INSIDE,2026-01-07 08:10:00+00:00,False,False,False,False,,,False,,False,False,5.0
2026-01-08,reference_validation,2026-01-08 08:00:00+00:00,2026-01-08 13:00:00+00:00,0.0,GMT,905.36,875.0,30.360000000000014,NO_BREAK,,,NA,,NA,NO_BREAK,,False,False,False,False,,,False,,False,False,
2026-01-09,reference_validation,2026-01-09 08:00:00+00:00,2026-01-09 13:00:00+00:00,0.0,GMT,899.3,888.12,11.17999999999995,DOWN_BREAK,2026-01-09 08:45:00+00:00,1.0,1,2026-01-09 08:50:00+00:00,HOLD_RETEST,AMBIGUOUS_E10_BOUNDARY_INTERACTION,2026-01-09 08:50:00+00:00,True,False,False,False,2026-01-09 08:50:00+00:00,,False,,False,False,45.0
2026-01-12,reference_validation,2026-01-12 08:00:00+00:00,2026-01-12 13:00:00+00:00,0.0,GMT,910.93,897.06,13.870000000000005,NO_BREAK,,,NA,,NA,NO_BREAK,,False,False,False,False,,,False,,False,False,
2026-01-13,reference_validation,2026-01-13 08:00:00+00:00,2026-01-13 13:00:00+00:00,0.0,GMT,915.68,902.69,12.989999999999895,NO_BREAK,,,NA,,NA,NO_BREAK,,False,False,False,False,,,False,,False,False,
2026-01-14,reference_validation,2026-01-14 08:00:00+00:00,2026-01-14 13:00:00+00:00,0.0,GMT,955.65,935.8,19.850000000000023,DOWN_BREAK,2026-01-14 11:00:00+00:00,1.0,1,2026-01-14 12:35:00+00:00,HOLD_RETEST,DIRECT_E10,2026-01-14 11:10:00+00:00,True,True,True,False,2026-01-14 11:10:00+00:00,2026-01-14 11:10:00+00:00,False,0.0,False,False,180.0
2026-01-15,reference_validation,2026-01-15 08:00:00+00:00,2026-01-15 13:00:00+00:00,0.0,GMT,949.46,929.47,19.99000000000001,NO_BREAK,,,NA,,NA,NO_BREAK,,False,False,False,False,,,False,,False,False,
2026-01-16,reference_validation,2026-01-16 08:00:00+00:00,2026-01-16 13:00:00+00:00,0.0,GMT,936.54,927.38,9.159999999999968,UP_BREAK,2026-01-16 08:10:00+00:00,3.0,3+,2026-01-16 08:15:00+00:00,HOLD_RETEST,BOUNDARY_HOLD_RETEST,2026-01-16 08:15:00+00:00,True,True,False,False,2026-01-16 08:20:00+00:00,2026-01-16 08:40:00+00:00,False,1.0,True,True,10.0
2026-01-19,reference_validation,2026-01-19 08:00:00+00:00,2026-01-19 13:00:00+00:00,0.0,GMT,932.73,900.67,32.06000000000006,NO_BREAK,,,NA,,NA,NO_BREAK,,False,False,False,False,,,False,,False,False,
2026-01-20,reference_validation,2026-01-20 08:00:00+00:00,2026-01-20 13:00:00+00:00,0.0,GMT,933.6,914.44,19.159999999999968,DOWN_BREAK,2026-01-20 08:30:00+00:00,3.0,3+,2026-01-20 08:55:00+00:00,ACCEPT_BACK_INSIDE,DIRECT_E10,2026-01-20 08:35:00+00:00,True,True,False,False,2026-01-20 08:35:00+00:00,2026-01-20 08:35:00+00:00,False,0.0,False,False,30.0
2026-01-21,reference_validation,2026-01-21 08:00:00+00:00,2026-01-21 13:00:00+00:00,0.0,GMT,886.63,867.57,19.059999999999945,DOWN_BREAK,2026-01-21 12:10:00+00:00,1.0,1,2026-01-21 12:30:00+00:00,ACCEPT_BACK_INSIDE,DIRECT_E10,2026-01-21 12:15:00+00:00,True,False,False,False,2026-01-21 12:15:00+00:00,,False,,False,False,250.0
2026-01-22,reference_validation,2026-01-22 08:00:00+00:00,2026-01-22 13:00:00+00:00,0.0,GMT,894.63,883.68,10.950000000000045,UP_BREAK,2026-01-22 09:35:00+00:00,1.0,1,2026-01-22 11:10:00+00:00,HOLD_RETEST,DIRECT_E10,2026-01-22 09:40:00+00:00,True,True,False,False,2026-01-22 09:40:00+00:00,2026-01-22 10:25:00+00:00,False,0.0,False,False,95.0
2026-01-23,reference_validation,2026-01-23 08:00:00+00:00,2026-01-23 13:00:00+00:00,0.0,GMT,893.82,888.0,5.82000000000005,DOWN_BREAK,2026-01-23 09:50:00+00:00,3.0,3+,2026-01-23 09:55:00+00:00,HOLD_RETEST,BOUNDARY_HOLD_RETEST,2026-01-23 09:55:00+00:00,True,True,True,False,2026-01-23 10:05:00+00:00,2026-01-23 10:10:00+00:00,False,1.0,True,True,110.0
2026-01-26,reference_validation,2026-01-26 08:00:00+00:00,2026-01-26 13:00:00+00:00,0.0,GMT,876.52,865.45,11.069999999999936,NO_BREAK,,,NA,,NA,NO_BREAK,,False,False,False,False,,,False,,False,False,
2026-01-27,reference_validation,2026-01-27 08:00:00+00:00,2026-01-27 13:00:00+00:00,0.0,GMT,888.55,876.69,11.8599999999999,NO_BREAK,,,NA,,NA,NO_BREAK,,False,False,False,False,,,False,,False,False,
2026-01-28,reference_validation,2026-01-28 08:00:00+00:00,2026-01-28 13:00:00+00:00,0.0,GMT,905.3,895.0,10.299999999999955,UP_BREAK,2026-01-28 08:05:00+00:00,4.0,3+,2026-01-28 08:15:00+00:00,ACCEPT_BACK_INSIDE,ACCEPT_BACK_INSIDE,2026-01-28 08:15:00+00:00,True,True,True,False,2026-01-28 09:35:00+00:00,2026-01-28 09:35:00+00:00,False,2.0,False,False,5.0
2026-01-29,reference_validation,2026-01-29 08:00:00+00:00,2026-01-29 13:00:00+00:00,0.0,GMT,907.11,893.71,13.399999999999977,DOWN_BREAK,2026-01-29 12:00:00+00:00,0.0,0,,NO_RETEST,DIRECT_E10,2026-01-29 12:20:00+00:00,True,True,False,False,2026-01-29 12:20:00+00:00,2026-01-29 12:25:00+00:00,False,0.0,False,False,240.0
2026-01-30,reference_validation,2026-01-30 08:00:00+00:00,2026-01-30 13:00:00+00:00,0.0,GMT,869.98,835.26,34.72000000000003,DOWN_BREAK,2026-01-30 09:45:00+00:00,1.0,1,2026-01-30 09:50:00+00:00,HOLD_RETEST,BOUNDARY_HOLD_RETEST,2026-01-30 09:50:00+00:00,False,False,False,False,,,False,,False,False,105.0
2026-02-02,reference_validation,2026-02-02 08:00:00+00:00,2026-02-02 13:00:00+00:00,0.0,GMT,770.75,728.53,42.22000000000003,NO_BREAK,,,NA,,NA,NO_BREAK,,False,False,False,False,,,False,,False,False,
2026-02-03,reference_validation,2026-02-03 08:00:00+00:00,2026-02-03 13:00:00+00:00,0.0,GMT,783.78,762.69,21.089999999999918,NO_BREAK,,,NA,,NA,NO_BREAK,,False,False,False,False,,,False,,False,False,
2026-02-04,reference_validation,2026-02-04 08:00:00+00:00,2026-02-04 13:00:00+00:00,0.0,GMT,765.9,751.86,14.039999999999964,DOWN_BREAK,2026-02-04 11:00:00+00:00,4.0,3+,2026-02-04 11:25:00+00:00,HOLD_RETEST,DIRECT_E10,2026-02-04 11:05:00+00:00,True,True,True,False,2026-02-04 11:05:00+00:00,2026-02-04 11:05:00+00:00,False,0.0,False,False,180.0
2026-02-05,reference_validation,2026-02-05 08:00:00+00:00,2026-02-05 13:00:00+00:00,0.0,GMT,703.25,685.82,17.42999999999995,DOWN_BREAK,2026-02-05 11:20:00+00:00,2.0,2,2026-02-05 11:35:00+00:00,HOLD_RETEST,DIRECT_E10,2026-02-05 11:25:00+00:00,True,True,True,True,2026-02-05 11:25:00+00:00,2026-02-05 11:25:00+00:00,False,0.0,False,False,200.0
2026-02-06,reference_validation,2026-02-06 08:00:00+00:00,2026-02-06 13:00:00+00:00,0.0,GMT,642.72,572.0,70.72000000000003,NO_BREAK,,,NA,,NA,NO_BREAK,,False,False,False,False,,,False,,False,False,
2026-02-09,reference_validation,2026-02-09 08:00:00+00:00,2026-02-09 13:00:00+00:00,0.0,GMT,646.31,630.85,15.459999999999923,DOWN_BREAK,2026-02-09 08:15:00+00:00,1.0,1,2026-02-09 08:20:00+00:00,HOLD_RETEST,AMBIGUOUS_E10_BOUNDARY_INTERACTION,2026-02-09 08:20:00+00:00,True,True,True,True,2026-02-09 08:20:00+00:00,2026-02-09 08:25:00+00:00,False,1.0,False,False,15.0
2026-02-10,reference_validation,2026-02-10 08:00:00+00:00,2026-02-10 13:00:00+00:00,0.0,GMT,641.89,628.03,13.860000000000014,DOWN_BREAK,2026-02-10 10:15:00+00:00,4.0,3+,2026-02-10 10:20:00+00:00,ACCEPT_BACK_INSIDE,ACCEPT_BACK_INSIDE,2026-02-10 10:20:00+00:00,True,True,False,False,2026-02-10 10:45:00+00:00,2026-02-10 11:40:00+00:00,False,2.0,False,False,135.0
2026-02-11,reference_validation,2026-02-11 08:00:00+00:00,2026-02-11 13:00:00+00:00,0.0,GMT,624.0,597.21,26.789999999999964,DOWN_BREAK,2026-02-11 08:35:00+00:00,1.0,1,2026-02-11 09:00:00+00:00,HOLD_RETEST,BOUNDARY_HOLD_RETEST,2026-02-11 09:00:00+00:00,True,True,True,False,2026-02-11 09:45:00+00:00,2026-02-11 10:00:00+00:00,False,1.0,True,True,35.0
2026-02-12,reference_validation,2026-02-12 08:00:00+00:00,2026-02-12 13:00:00+00:00,0.0,GMT,618.32,608.19,10.129999999999995,UP_BREAK,2026-02-12 10:50:00+00:00,2.0,2,2026-02-12 10:55:00+00:00,HOLD_RETEST,BOUNDARY_HOLD_RETEST,2026-02-12 10:55:00+00:00,True,True,False,False,2026-02-12 11:25:00+00:00,2026-02-12 11:30:00+00:00,False,1.0,True,True,170.0
2026-02-13,reference_validation,2026-02-13 08:00:00+00:00,2026-02-13 13:00:00+00:00,0.0,GMT,616.67,592.3,24.370000000000005,NO_BREAK,,,NA,,NA,NO_BREAK,,False,False,False,False,,,False,,False,False,
2026-02-16,reference_validation,2026-02-16 08:00:00+00:00,2026-02-16 13:00:00+00:00,0.0,GMT,618.75,610.05,8.700000000000045,UP_BREAK,2026-02-16 09:35:00+00:00,2.0,2,2026-02-16 09:45:00+00:00,ACCEPT_BACK_INSIDE,DIRECT_E10,2026-02-16 09:40:00+00:00,True,True,True,True,2026-02-16 09:40:00+00:00,2026-02-16 12:25:00+00:00,False,2.0,False,False,95.0
2026-02-17,reference_validation,2026-02-17 08:00:00+00:00,2026-02-17 13:00:00+00:00,0.0,GMT,632.0,620.38,11.620000000000005,DOWN_BREAK,2026-02-17 08:35:00+00:00,4.0,3+,2026-02-17 08:45:00+00:00,HOLD_RETEST,BOUNDARY_HOLD_RETEST,2026-02-17 08:45:00+00:00,True,True,True,False,2026-02-17 09:10:00+00:00,2026-02-17 10:15:00+00:00,False,2.0,True,True,35.0
2026-02-18,reference_validation,2026-02-18 08:00:00+00:00,2026-02-18 13:00:00+00:00,0.0,GMT,621.38,613.18,8.200000000000045,UP_BREAK,2026-02-18 08:15:00+00:00,1.0,1,2026-02-18 10:30:00+00:00,ACCEPT_BACK_INSIDE,DIRECT_E10,2026-02-18 08:20:00+00:00,True,True,True,True,2026-02-18 08:20:00+00:00,2026-02-18 08:20:00+00:00,False,0.0,False,False,15.0
2026-02-19,reference_validation,2026-02-19 08:00:00+00:00,2026-02-19 13:00:00+00:00,0.0,GMT,614.62,602.46,12.159999999999968,NO_BREAK,,,NA,,NA,NO_BREAK,,False,False,False,False,,,False,,False,False,
2026-02-20,reference_validation,2026-02-20 08:00:00+00:00,2026-02-20 13:00:00+00:00,0.0,GMT,613.85,605.05,8.800000000000068,UP_BREAK,2026-02-20 10:05:00+00:00,2.0,2,2026-02-20 10:10:00+00:00,ACCEPT_BACK_INSIDE,ACCEPT_BACK_INSIDE,2026-02-20 10:10:00+00:00,True,False,False,False,2026-02-20 10:20:00+00:00,,False,,False,False,125.0
2026-02-23,reference_validation,2026-02-23 08:00:00+00:00,2026-02-23 13:00:00+00:00,0.0,GMT,616.16,582.77,33.389999999999986,NO_BREAK,,,NA,,NA,NO_BREAK,,False,False,False,False,,,False,,False,False,
2026-02-24,reference_validation,2026-02-24 08:00:00+00:00,2026-02-24 13:00:00+00:00,0.0,GMT,602.75,585.86,16.889999999999986,DOWN_BREAK,2026-02-24 12:45:00+00:00,1.0,1,2026-02-24 12:50:00+00:00,ACCEPT_BACK_INSIDE,ACCEPT_BACK_INSIDE,2026-02-24 12:50:00+00:00,False,False,False,False,,,False,,False,False,285.0
2026-02-25,reference_validation,2026-02-25 08:00:00+00:00,2026-02-25 13:00:00+00:00,0.0,GMT,601.99,581.2,20.789999999999964,UP_BREAK,2026-02-25 09:15:00+00:00,3.0,3+,2026-02-25 09:20:00+00:00,ACCEPT_BACK_INSIDE,ACCEPT_BACK_INSIDE,2026-02-25 09:20:00+00:00,True,True,True,True,2026-02-25 11:20:00+00:00,2026-02-25 12:10:00+00:00,False,3.0,False,False,75.0
2026-02-26,reference_validation,2026-02-26 08:00:00+00:00,2026-02-26 13:00:00+00:00,0.0,GMT,634.27,625.63,8.639999999999986,DOWN_BREAK,2026-02-26 11:05:00+00:00,2.0,2,2026-02-26 11:10:00+00:00,HOLD_RETEST,BOUNDARY_HOLD_RETEST,2026-02-26 11:10:00+00:00,True,True,True,False,2026-02-26 11:15:00+00:00,2026-02-26 11:15:00+00:00,False,1.0,True,True,185.0
2026-02-27,reference_validation,2026-02-27 08:00:00+00:00,2026-02-27 13:00:00+00:00,0.0,GMT,634.0,622.68,11.32000000000005,DOWN_BREAK,2026-02-27 10:10:00+00:00,0.0,0,,NO_RETEST,DIRECT_E10,2026-02-27 10:15:00+00:00,True,True,True,True,2026-02-27 10:15:00+00:00,2026-02-27 10:15:00+00:00,False,0.0,False,False,130.0
2026-03-02,reference_validation,2026-03-02 08:00:00+00:00,2026-03-02 13:00:00+00:00,0.0,GMT,625.97,613.18,12.790000000000077,NO_BREAK,,,NA,,NA,NO_BREAK,,False,False,False,False,,,False,,False,False,
2026-03-03,reference_validation,2026-03-03 08:00:00+00:00,2026-03-03 13:00:00+00:00,0.0,GMT,642.41,628.6,13.809999999999945,DOWN_BREAK,2026-03-03 08:35:00+00:00,1.0,1,2026-03-03 12:05:00+00:00,HOLD_RETEST,DIRECT_E10,2026-03-03 08:40:00+00:00,True,True,True,True,2026-03-03 08:40:00+00:00,2026-03-03 08:40:00+00:00,False,0.0,False,False,35.0
2026-03-04,reference_validation,2026-03-04 08:00:00+00:00,2026-03-04 13:00:00+00:00,0.0,GMT,641.0,626.0,15.0,UP_BREAK,2026-03-04 08:05:00+00:00,1.0,1,2026-03-04 08:10:00+00:00,HOLD_RETEST,BOUNDARY_HOLD_RETEST,2026-03-04 08:10:00+00:00,True,True,True,True,2026-03-04 08:40:00+00:00,2026-03-04 08:40:00+00:00,False,1.0,True,True,5.0
2026-03-05,reference_validation,2026-03-05 08:00:00+00:00,2026-03-05 13:00:00+00:00,0.0,GMT,661.14,648.69,12.449999999999932,UP_BREAK,2026-03-05 10:25:00+00:00,3.0,3+,2026-03-05 10:30:00+00:00,HOLD_RETEST,AMBIGUOUS_E10_BOUNDARY_INTERACTION,2026-03-05 10:30:00+00:00,True,True,True,False,2026-03-05 10:30:00+00:00,2026-03-05 10:30:00+00:00,False,0.0,False,False,145.0
2026-03-06,reference_validation,2026-03-06 08:00:00+00:00,2026-03-06 13:00:00+00:00,0.0,GMT,651.78,641.12,10.659999999999968,DOWN_BREAK,2026-03-06 09:20:00+00:00,1.0,1,2026-03-06 09:55:00+00:00,HOLD_RETEST,DIRECT_E10,2026-03-06 09:25:00+00:00,True,True,True,True,2026-03-06 09:25:00+00:00,2026-03-06 11:00:00+00:00,False,1.0,False,False,80.0
2026-03-09,reference_validation,2026-03-09 08:00:00+00:00,2026-03-09 13:00:00+00:00,0.0,GMT,630.07,610.76,19.31000000000006,UP_BREAK,2026-03-09 12:25:00+00:00,1.0,1,2026-03-09 12:30:00+00:00,HOLD_RETEST,BOUNDARY_HOLD_RETEST,2026-03-09 12:30:00+00:00,True,False,False,False,2026-03-09 12:35:00+00:00,,False,,True,False,265.0
2026-03-10,reference_validation,2026-03-10 08:00:00+00:00,2026-03-10 13:00:00+00:00,0.0,GMT,646.94,634.36,12.580000000000041,UP_BREAK,2026-03-10 08:20:00+00:00,5.0,3+,2026-03-10 08:25:00+00:00,HOLD_RETEST,BOUNDARY_HOLD_RETEST,2026-03-10 08:25:00+00:00,True,False,False,False,2026-03-10 08:35:00+00:00,,False,,True,False,20.0
2026-03-11,reference_validation,2026-03-11 08:00:00+00:00,2026-03-11 13:00:00+00:00,0.0,GMT,644.84,637.56,7.280000000000086,DOWN_BREAK,2026-03-11 11:25:00+00:00,3.0,3+,2026-03-11 11:30:00+00:00,ACCEPT_BACK_INSIDE,ACCEPT_BACK_INSIDE,2026-03-11 11:30:00+00:00,True,True,False,False,2026-03-11 11:40:00+00:00,2026-03-11 11:55:00+00:00,False,2.0,False,False,205.0
2026-03-12,reference_validation,2026-03-12 08:00:00+00:00,2026-03-12 13:00:00+00:00,0.0,GMT,652.47,641.69,10.779999999999973,UP_BREAK,2026-03-12 11:30:00+00:00,2.0,2,2026-03-12 11:35:00+00:00,HOLD_RETEST,BOUNDARY_HOLD_RETEST,2026-03-12 11:35:00+00:00,True,True,True,True,2026-03-12 11:40:00+00:00,2026-03-12 12:45:00+00:00,False,2.0,True,True,210.0
2026-03-13,reference_validation,2026-03-13 08:00:00+00:00,2026-03-13 13:00:00+00:00,0.0,GMT,664.56,650.62,13.93999999999994,UP_BREAK,2026-03-13 08:30:00+00:00,1.0,1,2026-03-13 09:15:00+00:00,HOLD_RETEST,DIRECT_E10,2026-03-13 08:35:00+00:00,True,True,True,True,2026-03-13 08:35:00+00:00,2026-03-13 08:35:00+00:00,False,0.0,False,False,30.0
2026-03-16,reference_validation,2026-03-16 08:00:00+00:00,2026-03-16 13:00:00+00:00,0.0,GMT,687.86,670.5,17.360000000000014,NO_BREAK,,,NA,,NA,NO_BREAK,,False,False,False,False,,,False,,False,False,
2026-03-17,reference_validation,2026-03-17 08:00:00+00:00,2026-03-17 13:00:00+00:00,0.0,GMT,686.6,671.9,14.700000000000045,DOWN_BREAK,2026-03-17 10:05:00+00:00,2.0,2,2026-03-17 10:10:00+00:00,HOLD_RETEST,BOUNDARY_HOLD_RETEST,2026-03-17 10:10:00+00:00,True,True,True,False,2026-03-17 10:15:00+00:00,2026-03-17 10:40:00+00:00,False,2.0,True,True,125.0
2026-03-18,reference_validation,2026-03-18 08:00:00+00:00,2026-03-18 13:00:00+00:00,0.0,GMT,675.13,665.45,9.67999999999995,UP_BREAK,2026-03-18 08:10:00+00:00,4.0,3+,2026-03-18 08:15:00+00:00,HOLD_RETEST,BOUNDARY_HOLD_RETEST,2026-03-18 08:15:00+00:00,True,False,False,False,2026-03-18 10:10:00+00:00,,True,,True,False,10.0
2026-03-19,reference_validation,2026-03-19 08:00:00+00:00,2026-03-19 13:00:00+00:00,0.0,GMT,656.18,640.39,15.789999999999964,DOWN_BREAK,2026-03-19 12:50:00+00:00,0.0,0,,NO_RETEST,DIRECT_E10,2026-03-19 12:55:00+00:00,True,False,False,False,2026-03-19 12:55:00+00:00,,False,,False,False,290.0
2026-03-20,reference_validation,2026-03-20 08:00:00+00:00,2026-03-20 13:00:00+00:00,0.0,GMT,645.59,638.14,7.4500000000000455,UP_BREAK,2026-03-20 08:05:00+00:00,4.0,3+,2026-03-20 08:20:00+00:00,HOLD_RETEST,DIRECT_E10,2026-03-20 08:10:00+00:00,True,True,False,False,2026-03-20 08:10:00+00:00,2026-03-20 08:10:00+00:00,False,0.0,False,False,5.0
2026-03-23,reference_validation,2026-03-23 08:00:00+00:00,2026-03-23 13:00:00+00:00,0.0,GMT,631.79,620.0,11.789999999999964,UP_BREAK,2026-03-23 11:05:00+00:00,0.0,0,,NO_RETEST,DIRECT_E10,2026-03-23 11:10:00+00:00,True,True,True,True,2026-03-23 11:10:00+00:00,2026-03-23 11:10:00+00:00,False,0.0,False,False,185.0
2026-03-24,reference_validation,2026-03-24 08:00:00+00:00,2026-03-24 13:00:00+00:00,0.0,GMT,640.39,627.13,13.259999999999991,NO_BREAK,,,NA,,NA,NO_BREAK,,False,False,False,False,,,False,,False,False,
2026-03-25,reference_validation,2026-03-25 08:00:00+00:00,2026-03-25 13:00:00+00:00,0.0,GMT,647.2,637.39,9.81000000000006,UP_BREAK,2026-03-25 08:30:00+00:00,4.0,3+,2026-03-25 08:35:00+00:00,HOLD_RETEST,AMBIGUOUS_E10_BOUNDARY_INTERACTION,2026-03-25 08:35:00+00:00,True,True,True,False,2026-03-25 08:35:00+00:00,2026-03-25 09:20:00+00:00,False,2.0,False,False,30.0
2026-03-26,reference_validation,2026-03-26 08:00:00+00:00,2026-03-26 13:00:00+00:00,0.0,GMT,648.75,633.37,15.379999999999995,DOWN_BREAK,2026-03-26 08:20:00+00:00,3.0,3+,2026-03-26 08:25:00+00:00,HOLD_RETEST,BOUNDARY_HOLD_RETEST,2026-03-26 08:25:00+00:00,True,True,True,False,2026-03-26 09:30:00+00:00,2026-03-26 09:30:00+00:00,False,3.0,True,True,20.0
2026-03-27,reference_validation,2026-03-27 08:00:00+00:00,2026-03-27 13:00:00+00:00,0.0,GMT,631.85,624.73,7.1200000000000045,DOWN_BREAK,2026-03-27 08:25:00+00:00,1.0,1,2026-03-27 08:30:00+00:00,ACCEPT_BACK_INSIDE,ACCEPT_BACK_INSIDE,2026-03-27 08:30:00+00:00,True,True,True,True,2026-03-27 08:35:00+00:00,2026-03-27 08:35:00+00:00,False,1.0,False,False,25.0
2026-03-30,reference_validation,2026-03-30 07:00:00+00:00,2026-03-30 12:00:00+00:00,1.0,BST,619.08,603.7,15.379999999999995,UP_BREAK,2026-03-30 08:10:00+00:00,3.0,3+,2026-03-30 08:15:00+00:00,HOLD_RETEST,BOUNDARY_HOLD_RETEST,2026-03-30 08:15:00+00:00,True,False,False,False,2026-03-30 08:35:00+00:00,,False,,True,False,70.0
2026-03-31,reference_validation,2026-03-31 07:00:00+00:00,2026-03-31 12:00:00+00:00,1.0,BST,619.9,607.22,12.67999999999995,DOWN_BREAK,2026-03-31 09:15:00+00:00,0.0,0,,NO_RETEST,DIRECT_E10,2026-03-31 09:20:00+00:00,True,True,True,True,2026-03-31 09:20:00+00:00,2026-03-31 09:25:00+00:00,False,0.0,False,False,135.0
2026-04-01,reference_validation,2026-04-01 07:00:00+00:00,2026-04-01 12:00:00+00:00,1.0,BST,622.66,614.07,8.589999999999918,NO_BREAK,,,NA,,NA,NO_BREAK,,False,False,False,False,,,False,,False,False,
2026-04-02,reference_validation,2026-04-02 07:00:00+00:00,2026-04-02 12:00:00+00:00,1.0,BST,613.98,587.56,26.420000000000073,DOWN_BREAK,2026-04-02 09:05:00+00:00,1.0,1,2026-04-02 09:10:00+00:00,HOLD_RETEST,BOUNDARY_HOLD_RETEST,2026-04-02 09:10:00+00:00,True,True,True,False,2026-04-02 10:05:00+00:00,2026-04-02 10:45:00+00:00,False,1.0,True,True,125.0
2026-04-03,reference_validation,2026-04-03 07:00:00+00:00,2026-04-03 12:00:00+00:00,1.0,BST,588.44,582.07,6.3700000000000045,NO_BREAK,,,NA,,NA,NO_BREAK,,False,False,False,False,,,False,,False,False,
2026-04-06,reference_validation,2026-04-06 07:00:00+00:00,2026-04-06 12:00:00+00:00,1.0,BST,608.14,596.93,11.210000000000036,UP_BREAK,2026-04-06 09:15:00+00:00,1.0,1,2026-04-06 09:20:00+00:00,HOLD_RETEST,AMBIGUOUS_E10_BOUNDARY_INTERACTION,2026-04-06 09:20:00+00:00,True,True,False,False,2026-04-06 09:20:00+00:00,2026-04-06 09:20:00+00:00,False,0.0,False,False,135.0
2026-04-07,reference_validation,2026-04-07 07:00:00+00:00,2026-04-07 12:00:00+00:00,1.0,BST,602.11,596.33,5.779999999999973,UP_BREAK,2026-04-07 08:50:00+00:00,1.0,1,2026-04-07 10:25:00+00:00,ACCEPT_BACK_INSIDE,DIRECT_E10,2026-04-07 08:55:00+00:00,True,True,True,True,2026-04-07 08:55:00+00:00,2026-04-07 09:05:00+00:00,False,0.0,False,False,110.0
2026-04-08,reference_validation,2026-04-08 07:00:00+00:00,2026-04-08 12:00:00+00:00,1.0,BST,625.38,613.24,12.139999999999986,DOWN_BREAK,2026-04-08 07:35:00+00:00,7.0,3+,2026-04-08 07:40:00+00:00,HOLD_RETEST,BOUNDARY_HOLD_RETEST,2026-04-08 07:40:00+00:00,True,False,False,False,2026-04-08 08:40:00+00:00,,False,,True,False,35.0
2026-04-09,reference_validation,2026-04-09 07:00:00+00:00,2026-04-09 12:00:00+00:00,1.0,BST,604.74,597.14,7.600000000000023,NO_BREAK,,,NA,,NA,NO_BREAK,,False,False,False,False,,,False,,False,False,
2026-04-10,reference_validation,2026-04-10 07:00:00+00:00,2026-04-10 12:00:00+00:00,1.0,BST,606.5,599.73,6.769999999999982,DOWN_BREAK,2026-04-10 07:50:00+00:00,2.0,2,2026-04-10 07:55:00+00:00,HOLD_RETEST,BOUNDARY_HOLD_RETEST,2026-04-10 07:55:00+00:00,True,True,False,False,2026-04-10 08:00:00+00:00,2026-04-10 08:00:00+00:00,False,1.0,True,True,50.0
2026-04-13,reference_validation,2026-04-13 07:00:00+00:00,2026-04-13 12:00:00+00:00,1.0,BST,600.15,591.18,8.970000000000027,NO_BREAK,,,NA,,NA,NO_BREAK,,False,False,False,False,,,False,,False,False,
2026-04-14,reference_validation,2026-04-14 07:00:00+00:00,2026-04-14 12:00:00+00:00,1.0,BST,618.4,610.81,7.590000000000032,UP_BREAK,2026-04-14 08:35:00+00:00,3.0,3+,2026-04-14 08:40:00+00:00,HOLD_RETEST,BOUNDARY_HOLD_RETEST,2026-04-14 08:40:00+00:00,True,False,False,False,2026-04-14 09:30:00+00:00,,False,,True,False,95.0
2026-04-15,reference_validation,2026-04-15 07:00:00+00:00,2026-04-15 12:00:00+00:00,1.0,BST,620.36,613.18,7.180000000000064,DOWN_BREAK,2026-04-15 07:20:00+00:00,1.0,1,2026-04-15 08:25:00+00:00,ACCEPT_BACK_INSIDE,DIRECT_E10,2026-04-15 07:25:00+00:00,True,True,True,False,2026-04-15 07:25:00+00:00,2026-04-15 07:40:00+00:00,True,0.0,False,False,20.0
2026-04-16,reference_validation,2026-04-16 07:00:00+00:00,2026-04-16 12:00:00+00:00,1.0,BST,626.68,621.02,5.659999999999968,DOWN_BREAK,2026-04-16 10:10:00+00:00,2.0,2,2026-04-16 10:25:00+00:00,HOLD_RETEST,DIRECT_E10,2026-04-16 10:15:00+00:00,True,True,True,False,2026-04-16 10:15:00+00:00,2026-04-16 10:50:00+00:00,False,1.0,False,False,190.0
2026-04-17,reference_validation,2026-04-17 07:00:00+00:00,2026-04-17 12:00:00+00:00,1.0,BST,637.03,627.39,9.639999999999986,NO_BREAK,,,NA,,NA,NO_BREAK,,False,False,False,False,,,False,,False,False,
2026-04-20,reference_validation,2026-04-20 07:00:00+00:00,2026-04-20 12:00:00+00:00,1.0,BST,624.87,615.51,9.360000000000014,UP_BREAK,2026-04-20 07:15:00+00:00,2.0,2,2026-04-20 07:35:00+00:00,HOLD_RETEST,DIRECT_E10,2026-04-20 07:20:00+00:00,True,True,True,True,2026-04-20 07:20:00+00:00,2026-04-20 07:20:00+00:00,False,0.0,False,False,15.0
2026-04-21,reference_validation,2026-04-21 07:00:00+00:00,2026-04-21 12:00:00+00:00,1.0,BST,633.5,628.29,5.210000000000036,UP_BREAK,2026-04-21 07:25:00+00:00,3.0,3+,2026-04-21 07:30:00+00:00,ACCEPT_BACK_INSIDE,ACCEPT_BACK_INSIDE,2026-04-21 07:30:00+00:00,True,True,True,True,2026-04-21 07:40:00+00:00,2026-04-21 08:20:00+00:00,False,3.0,False,False,25.0
2026-04-22,reference_validation,2026-04-22 07:00:00+00:00,2026-04-22 12:00:00+00:00,1.0,BST,645.32,629.16,16.160000000000082,NO_BREAK,,,NA,,NA,NO_BREAK,,False,False,False,False,,,False,,False,False,
2026-04-23,reference_validation,2026-04-23 07:00:00+00:00,2026-04-23 12:00:00+00:00,1.0,BST,640.96,633.54,7.420000000000073,DOWN_BREAK,2026-04-23 09:45:00+00:00,2.0,2,2026-04-23 10:00:00+00:00,HOLD_RETEST,DIRECT_E10,2026-04-23 09:50:00+00:00,True,True,True,False,2026-04-23 09:50:00+00:00,2026-04-23 10:05:00+00:00,False,1.0,False,False,165.0
2026-04-24,reference_validation,2026-04-24 07:00:00+00:00,2026-04-24 12:00:00+00:00,1.0,BST,640.68,632.26,8.419999999999959,NO_BREAK,,,NA,,NA,NO_BREAK,,False,False,False,False,,,False,,False,False,
2026-04-27,reference_validation,2026-04-27 07:00:00+00:00,2026-04-27 12:00:00+00:00,1.0,BST,640.38,625.33,15.049999999999955,NO_BREAK,,,NA,,NA,NO_BREAK,,False,False,False,False,,,False,,False,False,
2026-04-28,reference_validation,2026-04-28 07:00:00+00:00,2026-04-28 12:00:00+00:00,1.0,BST,627.98,623.31,4.670000000000073,DOWN_BREAK,2026-04-28 07:05:00+00:00,1.0,1,2026-04-28 07:20:00+00:00,ACCEPT_BACK_INSIDE,DIRECT_E10,2026-04-28 07:10:00+00:00,True,True,True,False,2026-04-28 07:10:00+00:00,2026-04-28 07:15:00+00:00,False,0.0,False,False,5.0
2026-04-29,reference_validation,2026-04-29 07:00:00+00:00,2026-04-29 12:00:00+00:00,1.0,BST,628.81,622.84,5.969999999999914,UP_BREAK,2026-04-29 09:45:00+00:00,4.0,3+,2026-04-29 09:50:00+00:00,HOLD_RETEST,AMBIGUOUS_E10_BOUNDARY_INTERACTION,2026-04-29 09:50:00+00:00,True,False,False,False,2026-04-29 09:50:00+00:00,,False,,False,False,165.0
2026-04-30,reference_validation,2026-04-30 07:00:00+00:00,2026-04-30 12:00:00+00:00,1.0,BST,620.9,613.69,7.209999999999923,NO_BREAK,,,NA,,NA,NO_BREAK,,False,False,False,False,,,False,,False,False,
2026-05-01,reference_validation,2026-05-01 07:00:00+00:00,2026-05-01 12:00:00+00:00,1.0,BST,621.74,615.01,6.730000000000018,NO_BREAK,,,NA,,NA,NO_BREAK,,False,False,False,False,,,False,,False,False,
2026-05-04,reference_validation,2026-05-04 07:00:00+00:00,2026-05-04 12:00:00+00:00,1.0,BST,639.56,615.81,23.75,NO_BREAK,,,NA,,NA,NO_BREAK,,False,False,False,False,,,False,,False,False,
2026-05-05,reference_validation,2026-05-05 07:00:00+00:00,2026-05-05 12:00:00+00:00,1.0,BST,628.99,622.88,6.110000000000014,UP_BREAK,2026-05-05 07:30:00+00:00,4.0,3+,2026-05-05 07:35:00+00:00,HOLD_RETEST,BOUNDARY_HOLD_RETEST,2026-05-05 07:35:00+00:00,True,False,False,False,2026-05-05 11:25:00+00:00,,False,,True,False,30.0
2026-05-06,reference_validation,2026-05-06 07:00:00+00:00,2026-05-06 12:00:00+00:00,1.0,BST,636.63,629.02,7.610000000000014,UP_BREAK,2026-05-06 07:05:00+00:00,0.0,0,,NO_RETEST,DIRECT_E10,2026-05-06 07:10:00+00:00,True,True,True,True,2026-05-06 07:10:00+00:00,2026-05-06 07:10:00+00:00,False,0.0,False,False,5.0
2026-05-07,reference_validation,2026-05-07 07:00:00+00:00,2026-05-07 12:00:00+00:00,1.0,BST,650.3,641.9,8.399999999999977,UP_BREAK,2026-05-07 07:20:00+00:00,4.0,3+,2026-05-07 07:25:00+00:00,HOLD_RETEST,BOUNDARY_HOLD_RETEST,2026-05-07 07:25:00+00:00,True,True,True,False,2026-05-07 07:30:00+00:00,2026-05-07 07:30:00+00:00,False,1.0,True,True,20.0
2026-05-08,reference_validation,2026-05-08 07:00:00+00:00,2026-05-08 12:00:00+00:00,1.0,BST,641.32,634.46,6.860000000000014,UP_BREAK,2026-05-08 11:50:00+00:00,1.0,1,2026-05-08 11:55:00+00:00,ACCEPT_BACK_INSIDE,ACCEPT_BACK_INSIDE,2026-05-08 11:55:00+00:00,False,False,False,False,,,False,,False,False,290.0
2026-05-11,reference_validation,2026-05-11 07:00:00+00:00,2026-05-11 12:00:00+00:00,1.0,BST,667.26,650.32,16.93999999999994,DOWN_BREAK,2026-05-11 08:05:00+00:00,1.0,1,2026-05-11 08:10:00+00:00,ACCEPT_BACK_INSIDE,ACCEPT_BACK_INSIDE,2026-05-11 08:10:00+00:00,False,False,False,False,,,False,,False,False,65.0
2026-05-12,reference_validation,2026-05-12 07:00:00+00:00,2026-05-12 12:00:00+00:00,1.0,BST,673.59,659.25,14.340000000000032,DOWN_BREAK,2026-05-12 07:40:00+00:00,1.0,1,2026-05-12 07:45:00+00:00,HOLD_RETEST,BOUNDARY_HOLD_RETEST,2026-05-12 07:45:00+00:00,True,False,False,False,2026-05-12 08:15:00+00:00,,False,,True,False,40.0
2026-05-13,reference_validation,2026-05-13 07:00:00+00:00,2026-05-13 12:00:00+00:00,1.0,BST,683.45,664.41,19.040000000000077,UP_BREAK,2026-05-13 09:00:00+00:00,2.0,2,2026-05-13 09:05:00+00:00,ACCEPT_BACK_INSIDE,ACCEPT_BACK_INSIDE,2026-05-13 09:05:00+00:00,True,False,False,False,2026-05-13 09:25:00+00:00,,False,,False,False,120.0
2026-05-14,reference_validation,2026-05-14 07:00:00+00:00,2026-05-14 12:00:00+00:00,1.0,BST,677.76,665.62,12.139999999999986,NO_BREAK,,,NA,,NA,NO_BREAK,,False,False,False,False,,,False,,False,False,
2026-05-15,reference_validation,2026-05-15 07:00:00+00:00,2026-05-15 12:00:00+00:00,1.0,BST,686.4,674.0,12.399999999999977,UP_BREAK,2026-05-15 07:20:00+00:00,2.0,2,2026-05-15 07:30:00+00:00,ACCEPT_BACK_INSIDE,DIRECT_E10,2026-05-15 07:25:00+00:00,True,True,True,False,2026-05-15 07:25:00+00:00,2026-05-15 07:25:00+00:00,False,0.0,False,False,20.0
2026-05-18,reference_validation,2026-05-18 07:00:00+00:00,2026-05-18 12:00:00+00:00,1.0,BST,654.23,637.13,17.100000000000023,NO_BREAK,,,NA,,NA,NO_BREAK,,False,False,False,False,,,False,,False,False,
2026-05-19,reference_validation,2026-05-19 07:00:00+00:00,2026-05-19 12:00:00+00:00,1.0,BST,647.47,641.09,6.3799999999999955,DOWN_BREAK,2026-05-19 09:25:00+00:00,6.0,3+,2026-05-19 09:30:00+00:00,HOLD_RETEST,AMBIGUOUS_E10_BOUNDARY_INTERACTION,2026-05-19 09:30:00+00:00,True,True,True,False,2026-05-19 09:30:00+00:00,2026-05-19 10:20:00+00:00,False,2.0,False,False,145.0
2026-05-20,reference_validation,2026-05-20 07:00:00+00:00,2026-05-20 12:00:00+00:00,1.0,BST,644.4,637.85,6.5499999999999545,UP_BREAK,2026-05-20 07:20:00+00:00,5.0,3+,2026-05-20 07:30:00+00:00,ACCEPT_BACK_INSIDE,DIRECT_E10,2026-05-20 07:25:00+00:00,True,True,False,False,2026-05-20 07:25:00+00:00,2026-05-20 08:35:00+00:00,False,1.0,False,False,20.0
2026-05-21,reference_validation,2026-05-21 07:00:00+00:00,2026-05-21 12:00:00+00:00,1.0,BST,655.9,647.74,8.159999999999968,UP_BREAK,2026-05-21 08:05:00+00:00,1.0,1,2026-05-21 08:10:00+00:00,HOLD_RETEST,BOUNDARY_HOLD_RETEST,2026-05-21 08:10:00+00:00,False,False,False,False,,,True,,False,False,65.0
2026-05-22,reference_validation,2026-05-22 07:00:00+00:00,2026-05-22 12:00:00+00:00,1.0,BST,661.81,656.16,5.649999999999977,DOWN_BREAK,2026-05-22 10:10:00+00:00,1.0,1,2026-05-22 10:20:00+00:00,ACCEPT_BACK_INSIDE,DIRECT_E10,2026-05-22 10:15:00+00:00,True,False,False,False,2026-05-22 10:15:00+00:00,,False,,False,False,190.0
2026-05-25,reference_validation,2026-05-25 07:00:00+00:00,2026-05-25 12:00:00+00:00,1.0,BST,662.33,654.93,7.400000000000091,UP_BREAK,2026-05-25 08:00:00+00:00,3.0,3+,2026-05-25 08:10:00+00:00,ACCEPT_BACK_INSIDE,ACCEPT_BACK_INSIDE,2026-05-25 08:10:00+00:00,True,True,False,False,2026-05-25 08:35:00+00:00,2026-05-25 09:30:00+00:00,False,2.0,False,False,60.0
2026-05-26,reference_validation,2026-05-26 07:00:00+00:00,2026-05-26 12:00:00+00:00,1.0,BST,664.22,656.34,7.8799999999999955,DOWN_BREAK,2026-05-26 07:30:00+00:00,1.0,1,2026-05-26 07:35:00+00:00,ACCEPT_BACK_INSIDE,ACCEPT_BACK_INSIDE,2026-05-26 07:35:00+00:00,False,False,False,False,,,True,,False,False,30.0
2026-05-27,reference_validation,2026-05-27 07:00:00+00:00,2026-05-27 12:00:00+00:00,1.0,BST,659.68,650.97,8.709999999999923,NO_BREAK,,,NA,,NA,NO_BREAK,,False,False,False,False,,,False,,False,False,
2026-05-28,reference_validation,2026-05-28 07:00:00+00:00,2026-05-28 12:00:00+00:00,1.0,BST,649.87,631.52,18.350000000000023,NO_BREAK,,,NA,,NA,NO_BREAK,,False,False,False,False,,,False,,False,False,
2026-05-29,reference_validation,2026-05-29 07:00:00+00:00,2026-05-29 12:00:00+00:00,1.0,BST,640.3,634.15,6.149999999999977,UP_BREAK,2026-05-29 09:55:00+00:00,2.0,2,2026-05-29 10:30:00+00:00,HOLD_RETEST,DIRECT_E10,2026-05-29 10:00:00+00:00,True,False,False,False,2026-05-29 10:00:00+00:00,,False,,False,False,175.0
2026-06-01,reference_validation,2026-06-01 07:00:00+00:00,2026-06-01 12:00:00+00:00,1.0,BST,717.41,691.14,26.269999999999982,DOWN_BREAK,2026-06-01 07:20:00+00:00,2.0,2,2026-06-01 07:25:00+00:00,HOLD_RETEST,BOUNDARY_HOLD_RETEST,2026-06-01 07:25:00+00:00,True,True,False,False,2026-06-01 07:30:00+00:00,2026-06-01 07:45:00+00:00,True,1.0,True,True,20.0
2026-06-02,reference_validation,2026-06-02 07:00:00+00:00,2026-06-02 12:00:00+00:00,1.0,BST,696.36,680.72,15.639999999999986,DOWN_BREAK,2026-06-02 09:10:00+00:00,4.0,3+,2026-06-02 09:15:00+00:00,ACCEPT_BACK_INSIDE,ACCEPT_BACK_INSIDE,2026-06-02 09:15:00+00:00,True,True,True,False,2026-06-02 09:25:00+00:00,2026-06-02 09:25:00+00:00,False,1.0,False,False,130.0
2026-06-03,reference_validation,2026-06-03 07:00:00+00:00,2026-06-03 12:00:00+00:00,1.0,BST,657.9,631.01,26.889999999999986,NO_BREAK,,,NA,,NA,NO_BREAK,,False,False,False,False,,,False,,False,False,
2026-06-04,reference_validation,2026-06-04 07:00:00+00:00,2026-06-04 12:00:00+00:00,1.0,BST,628.22,590.26,37.960000000000036,DOWN_BREAK,2026-06-04 10:45:00+00:00,1.0,1,2026-06-04 10:50:00+00:00,HOLD_RETEST,BOUNDARY_HOLD_RETEST,2026-06-04 10:50:00+00:00,False,False,False,False,,,False,,False,False,225.0
2026-06-05,reference_validation,2026-06-05 07:00:00+00:00,2026-06-05 12:00:00+00:00,1.0,BST,608.35,570.32,38.02999999999997,NO_BREAK,,,NA,,NA,NO_BREAK,,False,False,False,False,,,False,,False,False,
2026-06-08,reference_validation,2026-06-08 07:00:00+00:00,2026-06-08 12:00:00+00:00,1.0,BST,608.81,591.8,17.00999999999999,NO_BREAK,,,NA,,NA,NO_BREAK,,False,False,False,False,,,False,,False,False,
2026-06-09,reference_validation,2026-06-09 07:00:00+00:00,2026-06-09 12:00:00+00:00,1.0,BST,607.82,593.21,14.610000000000014,NO_BREAK,,,NA,,NA,NO_BREAK,,False,False,False,False,,,False,,False,False,
2026-06-10,reference_validation,2026-06-10 07:00:00+00:00,2026-06-10 12:00:00+00:00,1.0,BST,595.24,583.73,11.509999999999991,DOWN_BREAK,2026-06-10 09:10:00+00:00,4.0,3+,2026-06-10 09:15:00+00:00,HOLD_RETEST,BOUNDARY_HOLD_RETEST,2026-06-10 09:15:00+00:00,True,True,False,False,2026-06-10 09:20:00+00:00,2026-06-10 09:20:00+00:00,False,1.0,True,True,130.0
2026-06-11,reference_validation,2026-06-11 07:00:00+00:00,2026-06-11 12:00:00+00:00,1.0,BST,599.88,583.02,16.860000000000014,UP_BREAK,2026-06-11 08:10:00+00:00,4.0,3+,2026-06-11 09:10:00+00:00,HOLD_RETEST,DIRECT_E10,2026-06-11 08:15:00+00:00,True,True,False,False,2026-06-11 08:15:00+00:00,2026-06-11 08:20:00+00:00,False,0.0,False,False,70.0
2026-06-12,reference_validation,2026-06-12 07:00:00+00:00,2026-06-12 12:00:00+00:00,1.0,BST,606.68,596.78,9.899999999999977,UP_BREAK,2026-06-12 09:20:00+00:00,2.0,2,2026-06-12 10:05:00+00:00,HOLD_RETEST,DIRECT_E10,2026-06-12 09:30:00+00:00,True,True,False,False,2026-06-12 09:30:00+00:00,2026-06-12 11:20:00+00:00,False,2.0,False,False,140.0
2026-06-15,reference_validation,2026-06-15 07:00:00+00:00,2026-06-15 12:00:00+00:00,1.0,BST,619.4,612.96,6.439999999999941,UP_BREAK,2026-06-15 11:15:00+00:00,1.0,1,2026-06-15 11:20:00+00:00,HOLD_RETEST,AMBIGUOUS_E10_BOUNDARY_INTERACTION,2026-06-15 11:20:00+00:00,True,True,True,True,2026-06-15 11:20:00+00:00,2026-06-15 11:20:00+00:00,False,0.0,False,False,255.0
2026-06-16,reference_validation,2026-06-16 07:00:00+00:00,2026-06-16 12:00:00+00:00,1.0,BST,619.44,611.21,8.230000000000018,UP_BREAK,2026-06-16 08:50:00+00:00,1.0,1,2026-06-16 08:55:00+00:00,HOLD_RETEST,BOUNDARY_HOLD_RETEST,2026-06-16 08:55:00+00:00,False,False,False,False,,,False,,False,False,110.0
2026-06-17,reference_validation,2026-06-17 07:00:00+00:00,2026-06-17 12:00:00+00:00,1.0,BST,610.18,603.56,6.6200000000000045,DOWN_BREAK,2026-06-17 08:20:00+00:00,3.0,3+,2026-06-17 08:25:00+00:00,HOLD_RETEST,BOUNDARY_HOLD_RETEST,2026-06-17 08:25:00+00:00,True,True,True,False,2026-06-17 08:30:00+00:00,2026-06-17 08:35:00+00:00,False,1.0,True,True,80.0
2026-06-18,reference_validation,2026-06-18 07:00:00+00:00,2026-06-18 12:00:00+00:00,1.0,BST,604.54,587.57,16.969999999999914,NO_BREAK,,,NA,,NA,NO_BREAK,,False,False,False,False,,,False,,False,False,
2026-06-19,reference_validation,2026-06-19 07:00:00+00:00,2026-06-19 12:00:00+00:00,1.0,BST,583.43,570.69,12.739999999999895,NO_BREAK,,,NA,,NA,NO_BREAK,,False,False,False,False,,,False,,False,False,
2026-06-22,reference_validation,2026-06-22 07:00:00+00:00,2026-06-22 12:00:00+00:00,1.0,BST,595.94,583.85,12.090000000000032,UP_BREAK,2026-06-22 11:30:00+00:00,0.0,0,,NO_RETEST,DIRECT_E10,2026-06-22 11:35:00+00:00,True,True,False,False,2026-06-22 11:35:00+00:00,2026-06-22 11:45:00+00:00,False,0.0,False,False,270.0
2026-06-23,reference_validation,2026-06-23 07:00:00+00:00,2026-06-23 12:00:00+00:00,1.0,BST,593.17,577.29,15.879999999999995,DOWN_BREAK,2026-06-23 08:15:00+00:00,0.0,0,,NO_RETEST,DIRECT_E10,2026-06-23 08:20:00+00:00,True,True,True,False,2026-06-23 08:20:00+00:00,2026-06-23 08:20:00+00:00,False,0.0,False,False,75.0
2026-06-24,reference_validation,2026-06-24 07:00:00+00:00,2026-06-24 12:00:00+00:00,1.0,BST,581.75,574.27,7.480000000000018,DOWN_BREAK,2026-06-24 11:05:00+00:00,1.0,1,2026-06-24 11:10:00+00:00,ACCEPT_BACK_INSIDE,ACCEPT_BACK_INSIDE,2026-06-24 11:10:00+00:00,False,False,False,False,,,True,,False,False,245.0
2026-06-25,reference_validation,2026-06-25 07:00:00+00:00,2026-06-25 12:00:00+00:00,1.0,BST,572.71,562.58,10.129999999999995,DOWN_BREAK,2026-06-25 11:05:00+00:00,1.0,1,2026-06-25 11:10:00+00:00,ACCEPT_BACK_INSIDE,AMBIGUOUS_E10_BOUNDARY_INTERACTION,2026-06-25 11:10:00+00:00,True,False,False,False,2026-06-25 11:10:00+00:00,,False,,False,False,245.0
2026-06-26,reference_validation,2026-06-26 07:00:00+00:00,2026-06-26 12:00:00+00:00,1.0,BST,565.49,550.53,14.960000000000036,UP_BREAK,2026-06-26 07:05:00+00:00,2.0,2,2026-06-26 09:50:00+00:00,ACCEPT_BACK_INSIDE,DIRECT_E10,2026-06-26 07:10:00+00:00,True,True,True,False,2026-06-26 07:10:00+00:00,2026-06-26 07:15:00+00:00,False,0.0,False,False,5.0
2026-06-29,reference_validation,2026-06-29 07:00:00+00:00,2026-06-29 12:00:00+00:00,1.0,BST,557.07,546.98,10.090000000000032,NO_BREAK,,,NA,,NA,NO_BREAK,,False,False,False,False,,,False,,False,False,
2026-06-30,reference_validation,2026-06-30 07:00:00+00:00,2026-06-30 12:00:00+00:00,1.0,BST,560.89,551.73,9.159999999999968,DOWN_BREAK,2026-06-30 08:15:00+00:00,1.0,1,2026-06-30 08:20:00+00:00,HOLD_RETEST,BOUNDARY_HOLD_RETEST,2026-06-30 08:20:00+00:00,True,True,True,False,2026-06-30 08:35:00+00:00,2026-06-30 09:35:00+00:00,False,1.0,True,True,75.0
2026-07-01,reference_validation,2026-07-01 07:00:00+00:00,2026-07-01 12:00:00+00:00,1.0,BST,553.36,540.05,13.31000000000006,DOWN_BREAK,2026-07-01 11:00:00+00:00,1.0,1,2026-07-01 11:05:00+00:00,HOLD_RETEST,BOUNDARY_HOLD_RETEST,2026-07-01 11:05:00+00:00,False,False,False,False,,,False,,False,False,240.0
2026-07-02,reference_validation,2026-07-02 07:00:00+00:00,2026-07-02 12:00:00+00:00,1.0,BST,559.7,546.52,13.180000000000064,UP_BREAK,2026-07-02 11:25:00+00:00,1.0,1,2026-07-02 11:55:00+00:00,HOLD_RETEST,DIRECT_E10,2026-07-02 11:30:00+00:00,True,False,False,False,2026-07-02 11:30:00+00:00,,False,,False,False,265.0
2026-07-03,reference_validation,2026-07-03 07:00:00+00:00,2026-07-03 12:00:00+00:00,1.0,BST,564.31,557.07,7.239999999999895,UP_BREAK,2026-07-03 10:35:00+00:00,0.0,0,,NO_RETEST,DIRECT_E10,2026-07-03 10:40:00+00:00,True,True,True,True,2026-07-03 10:40:00+00:00,2026-07-03 10:40:00+00:00,False,0.0,False,False,215.0
2026-07-06,reference_validation,2026-07-06 07:00:00+00:00,2026-07-06 12:00:00+00:00,1.0,BST,593.58,581.48,12.100000000000023,DOWN_BREAK,2026-07-06 08:30:00+00:00,2.0,2,2026-07-06 08:40:00+00:00,HOLD_RETEST,DIRECT_E10,2026-07-06 08:35:00+00:00,True,True,True,False,2026-07-06 08:35:00+00:00,2026-07-06 09:35:00+00:00,False,1.0,False,False,90.0
2026-07-07,reference_validation,2026-07-07 07:00:00+00:00,2026-07-07 12:00:00+00:00,1.0,BST,589.18,576.68,12.5,NO_BREAK,,,NA,,NA,NO_BREAK,,False,False,False,False,,,False,,False,False,
2026-07-08,reference_validation,2026-07-08 07:00:00+00:00,2026-07-08 12:00:00+00:00,1.0,BST,579.58,566.2,13.379999999999995,DOWN_BREAK,2026-07-08 07:00:00+00:00,2.0,2,2026-07-08 07:05:00+00:00,HOLD_RETEST,BOUNDARY_HOLD_RETEST,2026-07-08 07:05:00+00:00,True,True,True,False,2026-07-08 08:15:00+00:00,2026-07-08 08:20:00+00:00,False,1.0,True,True,0.0
2026-07-09,reference_validation,2026-07-09 07:00:00+00:00,2026-07-09 12:00:00+00:00,1.0,BST,575.67,565.71,9.959999999999923,UP_BREAK,2026-07-09 07:00:00+00:00,1.0,1,2026-07-09 07:05:00+00:00,ACCEPT_BACK_INSIDE,ACCEPT_BACK_INSIDE,2026-07-09 07:05:00+00:00,False,False,False,False,,,False,,False,False,0.0
2026-07-10,reference_validation,2026-07-10 07:00:00+00:00,2026-07-10 12:00:00+00:00,1.0,BST,578.65,568.4,10.25,NO_BREAK,,,NA,,NA,NO_BREAK,,False,False,False,False,,,False,,False,False,
2026-07-13,reference_validation,2026-07-13 07:00:00+00:00,2026-07-13 12:00:00+00:00,1.0,BST,580.2,566.51,13.690000000000055,NO_BREAK,,,NA,,NA,NO_BREAK,,False,False,False,False,,,False,,False,False,
2026-07-14,reference_validation,2026-07-14 07:00:00+00:00,2026-07-14 12:00:00+00:00,1.0,BST,572.06,565.4,6.659999999999968,NO_BREAK,,,NA,,NA,NO_BREAK,,False,False,False,False,,,False,,False,False,
2026-07-15,reference_validation,2026-07-15 07:00:00+00:00,2026-07-15 12:00:00+00:00,1.0,BST,583.56,577.54,6.019999999999982,DOWN_BREAK,2026-07-15 07:45:00+00:00,3.0,3+,2026-07-15 07:50:00+00:00,HOLD_RETEST,BOUNDARY_HOLD_RETEST,2026-07-15 07:50:00+00:00,True,True,False,False,2026-07-15 07:55:00+00:00,2026-07-15 08:20:00+00:00,False,1.0,True,True,45.0
2026-07-16,reference_validation,2026-07-16 07:00:00+00:00,2026-07-16 12:00:00+00:00,1.0,BST,586.34,578.2,8.139999999999986,DOWN_BREAK,2026-07-16 08:10:00+00:00,7.0,3+,2026-07-16 08:35:00+00:00,ACCEPT_BACK_INSIDE,DIRECT_E10,2026-07-16 08:15:00+00:00,True,True,True,False,2026-07-16 08:15:00+00:00,2026-07-16 08:15:00+00:00,False,0.0,False,False,70.0
2026-07-17,reference_validation,2026-07-17 07:00:00+00:00,2026-07-17 12:00:00+00:00,1.0,BST,575.18,567.42,7.759999999999991,DOWN_BREAK,2026-07-17 07:40:00+00:00,0.0,0,,NO_RETEST,DIRECT_E10,2026-07-17 07:55:00+00:00,True,True,True,True,2026-07-17 07:55:00+00:00,2026-07-17 08:00:00+00:00,False,0.0,False,False,40.0
2026-07-20,reference_validation,2026-07-20 07:00:00+00:00,2026-07-20 12:00:00+00:00,1.0,BST,574.41,563.01,11.399999999999977,NO_BREAK,,,NA,,NA,NO_BREAK,,False,False,False,False,,,False,,False,False,
2026-07-21,reference_validation,2026-07-21 07:00:00+00:00,2026-07-21 12:00:00+00:00,1.0,BST,577.32,570.14,7.180000000000064,UP_BREAK,2026-07-21 08:00:00+00:00,5.0,3+,2026-07-21 08:05:00+00:00,ACCEPT_BACK_INSIDE,ACCEPT_BACK_INSIDE,2026-07-21 08:05:00+00:00,True,True,True,False,2026-07-21 08:20:00+00:00,2026-07-21 08:20:00+00:00,False,1.0,False,False,60.0
2026-07-22,reference_validation,2026-07-22 07:00:00+00:00,2026-07-22 12:00:00+00:00,1.0,BST,576.02,567.36,8.659999999999968,NO_BREAK,,,NA,,NA,NO_BREAK,,False,False,False,False,,,False,,False,False,
2026-07-23,reference_validation,2026-07-23 07:00:00+00:00,2026-07-23 12:00:00+00:00,1.0,BST,572.55,569.27,3.2799999999999727,DOWN_BREAK,2026-07-23 07:20:00+00:00,1.0,1,2026-07-23 07:25:00+00:00,ACCEPT_BACK_INSIDE,ACCEPT_BACK_INSIDE,2026-07-23 07:25:00+00:00,False,False,False,False,,,False,,False,False,20.0
2026-07-24,reference_validation,2026-07-24 07:00:00+00:00,2026-07-24 12:00:00+00:00,1.0,BST,570.77,566.16,4.610000000000014,UP_BREAK,2026-07-24 07:10:00+00:00,1.0,1,2026-07-24 07:20:00+00:00,ACCEPT_BACK_INSIDE,DIRECT_E10,2026-07-24 07:15:00+00:00,True,False,False,False,2026-07-24 07:15:00+00:00,,True,,False,False,10.0
2026-07-27,reference_validation,2026-07-27 07:00:00+00:00,2026-07-27 12:00:00+00:00,1.0,BST,577.6,571.71,5.889999999999986,NO_BREAK,,,NA,,NA,NO_BREAK,,False,False,False,False,,,False,,False,False,
2026-07-28,reference_validation,2026-07-28 07:00:00+00:00,2026-07-28 12:00:00+00:00,1.0,BST,568.46,562.49,5.970000000000027,NO_BREAK,,,NA,,NA,NO_BREAK,,False,False,False,False,,,False,,False,False,
2026-07-29,reference_validation,2026-07-29 07:00:00+00:00,2026-07-29 12:00:00+00:00,1.0,BST,573.86,566.3,7.560000000000059,NO_BREAK,,,NA,,NA,NO_BREAK,,False,False,False,False,,,False,,False,False,
2026-08-03,august,2026-08-03 07:00:00+00:00,2026-08-03 12:00:00+00:00,1.0,BST,589.13,582.25,6.8799999999999955,DOWN_BREAK,2026-08-03 08:25:00+00:00,1.0,1,2026-08-03 08:30:00+00:00,ACCEPT_BACK_INSIDE,AMBIGUOUS_E10_BOUNDARY_INTERACTION,2026-08-03 08:30:00+00:00,True,False,False,False,2026-08-03 08:30:00+00:00,,False,,False,False,85.0
2026-08-04,august,2026-08-04 07:00:00+00:00,2026-08-04 12:00:00+00:00,1.0,BST,593.49,589.2,4.289999999999964,DOWN_BREAK,2026-08-04 09:15:00+00:00,2.0,2,2026-08-04 09:20:00+00:00,ACCEPT_BACK_INSIDE,ACCEPT_BACK_INSIDE,2026-08-04 09:20:00+00:00,True,True,False,False,2026-08-04 10:15:00+00:00,2026-08-04 10:15:00+00:00,False,1.0,False,False,135.0
2026-08-05,august,2026-08-05 07:00:00+00:00,2026-08-05 12:00:00+00:00,1.0,BST,606.08,592.59,13.490000000000009,NO_BREAK,,,NA,,NA,NO_BREAK,,False,False,False,False,,,False,,False,False,
2026-08-06,august,2026-08-06 07:00:00+00:00,2026-08-06 12:00:00+00:00,1.0,BST,598.73,592.09,6.639999999999986,NO_BREAK,,,NA,,NA,NO_BREAK,,False,False,False,False,,,False,,False,False,
2026-08-07,august,2026-08-07 07:00:00+00:00,2026-08-07 12:00:00+00:00,1.0,BST,594.93,586.45,8.479999999999905,DOWN_BREAK,2026-08-07 07:40:00+00:00,2.0,2,2026-08-07 07:50:00+00:00,HOLD_RETEST,BOUNDARY_HOLD_RETEST,2026-08-07 07:50:00+00:00,True,False,False,False,2026-08-07 07:55:00+00:00,,False,,True,False,40.0
2026-08-10,august,2026-08-10 07:00:00+00:00,2026-08-10 12:00:00+00:00,1.0,BST,607.2,601.22,5.980000000000018,NO_BREAK,,,NA,,NA,NO_BREAK,,False,False,False,False,,,False,,False,False,
2026-08-11,august,2026-08-11 07:00:00+00:00,2026-08-11 12:00:00+00:00,1.0,BST,601.33,598.64,2.6900000000000546,UP_BREAK,2026-08-11 07:30:00+00:00,0.0,0,,NO_RETEST,DIRECT_E10,2026-08-11 07:35:00+00:00,True,True,True,True,2026-08-11 07:35:00+00:00,2026-08-11 07:35:00+00:00,False,0.0,False,False,30.0
2026-08-12,august,2026-08-12 07:00:00+00:00,2026-08-12 12:00:00+00:00,1.0,BST,620.88,609.17,11.710000000000036,NO_BREAK,,,NA,,NA,NO_BREAK,,False,False,False,False,,,False,,False,False,
2026-08-13,august,2026-08-13 07:00:00+00:00,2026-08-13 12:00:00+00:00,1.0,BST,615.23,609.83,5.399999999999977,DOWN_BREAK,2026-08-13 11:30:00+00:00,0.0,0,,NO_RETEST,DIRECT_E10,2026-08-13 11:35:00+00:00,True,True,False,False,2026-08-13 11:35:00+00:00,2026-08-13 11:35:00+00:00,False,0.0,False,False,270.0
2026-08-14,august,2026-08-14 07:00:00+00:00,2026-08-14 12:00:00+00:00,1.0,BST,613.26,608.02,5.240000000000009,DOWN_BREAK,2026-08-14 07:50:00+00:00,2.0,2,2026-08-14 08:05:00+00:00,ACCEPT_BACK_INSIDE,ACCEPT_BACK_INSIDE,2026-08-14 08:05:00+00:00,True,True,True,True,2026-08-14 08:15:00+00:00,2026-08-14 08:25:00+00:00,False,1.0,False,False,50.0
2026-08-17,august,2026-08-17 07:00:00+00:00,2026-08-17 12:00:00+00:00,1.0,BST,607.68,601.27,6.409999999999968,NO_BREAK,,,NA,,NA,NO_BREAK,,False,False,False,False,,,False,,False,False,
2026-08-18,august,2026-08-18 07:00:00+00:00,2026-08-18 12:00:00+00:00,1.0,BST,606.8,602.41,4.389999999999986,DOWN_BREAK,2026-08-18 09:25:00+00:00,1.0,1,2026-08-18 11:15:00+00:00,ACCEPT_BACK_INSIDE,DIRECT_E10,2026-08-18 09:30:00+00:00,True,True,False,False,2026-08-18 09:30:00+00:00,2026-08-18 09:30:00+00:00,False,0.0,False,False,145.0
2026-08-19,august,2026-08-19 07:00:00+00:00,2026-08-19 12:00:00+00:00,1.0,BST,605.19,601.63,3.560000000000059,NO_BREAK,,,NA,,NA,NO_BREAK,,False,False,False,False,,,False,,False,False,
2026-08-20,august,2026-08-20 07:00:00+00:00,2026-08-20 12:00:00+00:00,1.0,BST,631.79,622.8,8.990000000000009,UP_BREAK,2026-08-20 08:00:00+00:00,1.0,1,2026-08-20 08:05:00+00:00,HOLD_RETEST,AMBIGUOUS_E10_BOUNDARY_INTERACTION,2026-08-20 08:05:00+00:00,True,True,True,True,2026-08-20 08:05:00+00:00,2026-08-20 08:05:00+00:00,False,0.0,False,False,60.0
2026-08-21,august,2026-08-21 07:00:00+00:00,2026-08-21 12:00:00+00:00,1.0,BST,673.46,653.59,19.870000000000005,UP_BREAK,2026-08-21 08:00:00+00:00,4.0,3+,2026-08-21 09:00:00+00:00,HOLD_RETEST,DIRECT_E10,2026-08-21 08:05:00+00:00,True,True,True,True,2026-08-21 08:05:00+00:00,2026-08-21 08:10:00+00:00,False,0.0,False,False,60.0
2026-08-24,august,2026-08-24 07:00:00+00:00,2026-08-24 12:00:00+00:00,1.0,BST,705.57,693.68,11.8900000000001,UP_BREAK,2026-08-24 11:35:00+00:00,1.0,1,2026-08-24 11:40:00+00:00,HOLD_RETEST,AMBIGUOUS_E10_BOUNDARY_INTERACTION,2026-08-24 11:40:00+00:00,True,False,False,False,2026-08-24 11:40:00+00:00,,False,,False,False,275.0
2026-08-25,august,2026-08-25 07:00:00+00:00,2026-08-25 12:00:00+00:00,1.0,BST,719.8,700.46,19.339999999999918,DOWN_BREAK,2026-08-25 09:50:00+00:00,3.0,3+,2026-08-25 10:10:00+00:00,HOLD_RETEST,DIRECT_E10,2026-08-25 09:55:00+00:00,True,False,False,False,2026-08-25 09:55:00+00:00,,False,,False,False,170.0
