rule,source_tf,level_type,role,mode,signal_i,signal_ts,side,level,instance,week,entry_ts,exit_ts,entry,tp,sl,reason,net_ret,hours,route,selector,partition,rrank
H1|VAH|RESISTANCE|WICK,H1,VAH,RESISTANCE,WICK,17596,2022-01-03 04:00:00+00:00,SHORT,46932.551250000004,H1|VAH|2022-01-03T03:00:00+00:00|RESISTANCE,2022-W01,2022-01-03 05:00:00+00:00,2022-01-03 10:00:00+00:00,46823.57,46285.098945000005,47221.570345,SL,-0.009999999999999952,6,PRIMARY_RULE,PRIMARY_RULE,development,
H1|VAH|RESISTANCE|WICK,H1,VAH,RESISTANCE,WICK,17769,2022-01-10 09:00:00+00:00,SHORT,41891.176250000004,H1|VAH|2022-01-10T08:00:00+00:00|RESISTANCE,2022-W02,2022-01-10 10:00:00+00:00,2022-01-10 12:00:00+00:00,41788.53,41307.961905000004,42143.732505,TP,0.009999999999999844,3,PRIMARY_RULE,PRIMARY_RULE,development,
H1|VAH|RESISTANCE|WICK,H1,VAH,RESISTANCE,WICK,17933,2022-01-17 05:00:00+00:00,SHORT,42681.198749999996,H1|VAH|2022-01-17T04:00:00+00:00|RESISTANCE,2022-W03,2022-01-17 06:00:00+00:00,2022-01-17 16:00:00+00:00,42649.7,42159.22845,43012.222449999994,TP,0.009999999999999844,11,PRIMARY_RULE,PRIMARY_RULE,development,
H1|VAH|RESISTANCE|WICK,H1,VAH,RESISTANCE,WICK,18100,2022-01-24 04:00:00+00:00,SHORT,35253.183124999996,H1|VAH|2022-01-24T03:00:00+00:00|RESISTANCE,2022-W04,2022-01-24 05:00:00+00:00,2022-01-24 08:00:00+00:00,35106.28,34702.55778,35404.683379999995,SL,-0.009999999999999952,4,PRIMARY_RULE,PRIMARY_RULE,development,
H1|VAH|RESISTANCE|WICK,H1,VAH,RESISTANCE,WICK,18270,2022-01-31 06:00:00+00:00,SHORT,36953.871458333335,H1|VAH|2022-01-31T05:00:00+00:00|RESISTANCE,2022-W05,2022-01-31 07:00:00+00:00,2022-01-31 09:00:00+00:00,36901.05,36476.687925000006,37214.708925,SL,-0.009999999999999952,3,PRIMARY_RULE,PRIMARY_RULE,development,
H1|VAH|RESISTANCE|WICK,H1,VAH,RESISTANCE,WICK,18439,2022-02-07 07:00:00+00:00,SHORT,42752.99354166667,H1|VAH|2022-02-07T06:00:00+00:00|RESISTANCE,2022-W06,2022-02-07 08:00:00+00:00,2022-02-07 09:00:00+00:00,42712.79,42221.592915,43075.848715,TP,0.009999999999999955,2,PRIMARY_RULE,PRIMARY_RULE,development,
H1|VAH|RESISTANCE|WICK,H1,VAH,RESISTANCE,WICK,18611,2022-02-14 11:00:00+00:00,SHORT,42161.2,H1|VAH|2022-02-14T10:00:00+00:00|RESISTANCE,2022-W07,2022-02-14 12:00:00+00:00,2022-02-14 12:00:00+00:00,42107.81,41623.570185,42465.726384999994,SL,-0.009999999999999952,1,PRIMARY_RULE,PRIMARY_RULE,development,
H1|VAH|RESISTANCE|WICK,H1,VAH,RESISTANCE,WICK,18770,2022-02-21 02:00:00+00:00,SHORT,39152.08333333333,H1|VAH|2022-02-21T01:00:00+00:00|RESISTANCE,2022-W08,2022-02-21 03:00:00+00:00,2022-02-21 05:00:00+00:00,39087.9,38638.38915,39420.14715,SL,-0.009999999999999952,3,PRIMARY_RULE,PRIMARY_RULE,development,
H1|VAH|RESISTANCE|WICK,H1,VAH,RESISTANCE,WICK,18936,2022-02-28 00:00:00+00:00,SHORT,37550.63958333334,H1|VAH|2022-02-27T23:00:00+00:00|RESISTANCE,2022-W09,2022-02-28 01:00:00+00:00,2022-02-28 01:00:00+00:00,37548.2,37116.3957,37867.35969999999,SL,-0.009999999999999952,1,PRIMARY_RULE,PRIMARY_RULE,development,
H1|VAH|RESISTANCE|WICK,H1,VAH,RESISTANCE,WICK,19105,2022-03-07 01:00:00+00:00,SHORT,38340.5,H1|VAH|2022-03-07T00:00:00+00:00|RESISTANCE,2022-W10,2022-03-07 02:00:00+00:00,2022-03-07 02:00:00+00:00,38310.1,37869.53385,38635.73585,TP,0.009999999999999955,1,PRIMARY_RULE,PRIMARY_RULE,development,
H1|VAH|RESISTANCE|WICK,H1,VAH,RESISTANCE,WICK,19274,2022-03-14 02:00:00+00:00,SHORT,38087.875,H1|VAH|2022-03-14T01:00:00+00:00|RESISTANCE,2022-W11,2022-03-14 03:00:00+00:00,2022-03-14 04:00:00+00:00,38025.1,37587.81135,38348.31335,SL,-0.009999999999999952,2,PRIMARY_RULE,PRIMARY_RULE,development,
H1|VAH|RESISTANCE|WICK,H1,VAH,RESISTANCE,WICK,19444,2022-03-21 04:00:00+00:00,SHORT,40849.27916666667,H1|VAH|2022-03-21T03:00:00+00:00|RESISTANCE,2022-W12,2022-03-21 05:00:00+00:00,2022-03-21 08:00:00+00:00,40840.8,40371.130800000006,41187.9468,SL,-0.009999999999999952,4,PRIMARY_RULE,PRIMARY_RULE,development,
H1|VAH|RESISTANCE|WICK,H1,VAH,RESISTANCE,WICK,19613,2022-03-28 05:00:00+00:00,SHORT,47098.57916666666,H1|VAH|2022-03-28T04:00:00+00:00|RESISTANCE,2022-W13,2022-03-28 06:00:00+00:00,2022-03-28 13:00:00+00:00,47069.3,46528.00305000001,47469.38905,SL,-0.009999999999999952,8,PRIMARY_RULE,PRIMARY_RULE,development,
H1|VAH|RESISTANCE|WICK,H1,VAH,RESISTANCE,WICK,19779,2022-04-04 03:00:00+00:00,SHORT,46000.768749999996,H1|VAH|2022-04-04T02:00:00+00:00|RESISTANCE,2022-W14,2022-04-04 04:00:00+00:00,2022-04-04 17:00:00+00:00,45990.3,45461.411550000004,46381.21755,TP,0.009999999999999955,14,PRIMARY_RULE,PRIMARY_RULE,development,
H1|VAH|RESISTANCE|WICK,H1,VAH,RESISTANCE,WICK,19945,2022-04-11 01:00:00+00:00,SHORT,42237.518749999996,H1|VAH|2022-04-11T00:00:00+00:00|RESISTANCE,2022-W15,2022-04-11 02:00:00+00:00,2022-04-11 09:00:00+00:00,42150.0,41665.275,42508.275,TP,0.009999999999999955,8,PRIMARY_RULE,PRIMARY_RULE,development,
H1|VAH|RESISTANCE|WICK,H1,VAH,RESISTANCE,WICK,20112,2022-04-18 00:00:00+00:00,SHORT,39738.80208333333,H1|VAH|2022-04-17T23:00:00+00:00|RESISTANCE,2022-W16,2022-04-18 01:00:00+00:00,2022-04-18 04:00:00+00:00,39707.7,39251.06145,40045.215449999996,TP,0.009999999999999955,4,PRIMARY_RULE,PRIMARY_RULE,development,
H1|VAH|RESISTANCE|WICK,H1,VAH,RESISTANCE,WICK,20285,2022-04-25 05:00:00+00:00,SHORT,39179.62291666667,H1|VAH|2022-04-25T04:00:00+00:00|RESISTANCE,2022-W17,2022-04-25 06:00:00+00:00,2022-04-25 07:00:00+00:00,38956.4,38508.4014,39287.5294,TP,0.009999999999999955,2,PRIMARY_RULE,PRIMARY_RULE,development,
H1|VAH|RESISTANCE|WICK,H1,VAH,RESISTANCE,WICK,20454,2022-05-02 06:00:00+00:00,SHORT,38962.316666666666,H1|VAH|2022-05-02T05:00:00+00:00|RESISTANCE,2022-W18,2022-05-02 07:00:00+00:00,2022-05-02 11:00:00+00:00,38913.1,38465.59935,39243.86135,TP,0.010000000000000066,5,PRIMARY_RULE,PRIMARY_RULE,development,
H1|VAH|RESISTANCE|WICK,H1,VAH,RESISTANCE,WICK,20617,2022-05-09 01:00:00+00:00,SHORT,34133.61875,H1|VAH|2022-05-09T00:00:00+00:00|RESISTANCE,2022-W19,2022-05-09 02:00:00+00:00,2022-05-09 02:00:00+00:00,34050.1,33658.52385,34339.52585,TP,0.010000000000000066,1,PRIMARY_RULE,PRIMARY_RULE,development,
H1|VAH|RESISTANCE|WICK,H1,VAH,RESISTANCE,WICK,20788,2022-05-16 04:00:00+00:00,SHORT,30379.425,H1|VAH|2022-05-16T03:00:00+00:00|RESISTANCE,2022-W20,2022-05-16 05:00:00+00:00,2022-05-16 06:00:00+00:00,30313.4,29964.795900000005,30571.0639,TP,0.009999999999999844,2,PRIMARY_RULE,PRIMARY_RULE,development,
H1|VAH|RESISTANCE|WICK,H1,VAH,RESISTANCE,WICK,20952,2022-05-23 00:00:00+00:00,SHORT,30360.80625,H1|VAH|2022-05-22T23:00:00+00:00|RESISTANCE,2022-W21,2022-05-23 01:00:00+00:00,2022-05-23 06:00:00+00:00,30267.2,29919.127200000003,30524.4712,SL,-0.009999999999999952,6,PRIMARY_RULE,PRIMARY_RULE,development,
H1|VAH|RESISTANCE|WICK,H1,VAH,RESISTANCE,WICK,21127,2022-05-30 07:00:00+00:00,SHORT,30705.22708333333,H1|VAH|2022-05-30T06:00:00+00:00|RESISTANCE,2022-W22,2022-05-30 08:00:00+00:00,2022-05-30 12:00:00+00:00,30625.3,30273.10905,30885.615049999997,SL,-0.009999999999999952,5,PRIMARY_RULE,PRIMARY_RULE,development,
H1|VAH|RESISTANCE|WICK,H1,VAH,RESISTANCE,WICK,21293,2022-06-06 05:00:00+00:00,SHORT,31259.06875,H1|VAH|2022-06-06T04:00:00+00:00|RESISTANCE,2022-W23,2022-06-06 06:00:00+00:00,2022-06-06 06:00:00+00:00,31158.3,30799.97955,31423.145549999997,SL,-0.009999999999999952,1,PRIMARY_RULE,PRIMARY_RULE,development,
H1|VAH|RESISTANCE|WICK,H1,VAH,RESISTANCE,WICK,21460,2022-06-13 04:00:00+00:00,SHORT,25443.52291666667,H1|VAH|2022-06-13T03:00:00+00:00|RESISTANCE,2022-W24,2022-06-13 05:00:00+00:00,2022-06-13 05:00:00+00:00,25373.8,25082.0013,25589.4773,SL,-0.009999999999999952,1,PRIMARY_RULE,PRIMARY_RULE,development,
H1|VAH|RESISTANCE|WICK,H1,VAH,RESISTANCE,WICK,21628,2022-06-20 04:00:00+00:00,SHORT,20036.3375,H1|VAH|2022-06-20T03:00:00+00:00|RESISTANCE,2022-W25,2022-06-20 05:00:00+00:00,2022-06-20 05:00:00+00:00,19850.1,19621.82385,20018.825849999997,SL,-0.009999999999999952,1,PRIMARY_RULE,PRIMARY_RULE,development,
H1|VAH|RESISTANCE|WICK,H1,VAH,RESISTANCE,WICK,21802,2022-06-27 10:00:00+00:00,SHORT,21457.4625,H1|VAH|2022-06-27T09:00:00+00:00|RESISTANCE,2022-W26,2022-06-27 11:00:00+00:00,2022-06-27 12:00:00+00:00,21428.2,21181.775700000002,21610.3397,TP,0.009999999999999955,2,PRIMARY_RULE,PRIMARY_RULE,development,
H1|VAH|RESISTANCE|WICK,H1,VAH,RESISTANCE,WICK,21960,2022-07-04 00:00:00+00:00,SHORT,19296.177083333336,H1|VAH|2022-07-03T23:00:00+00:00|RESISTANCE,2022-W27,2022-07-04 01:00:00+00:00,2022-07-04 09:00:00+00:00,19254.9,19033.468650000003,19418.56665,SL,-0.009999999999999952,9,PRIMARY_RULE,PRIMARY_RULE,development,
H1|VAH|RESISTANCE|WICK,H1,VAH,RESISTANCE,WICK,22131,2022-07-11 03:00:00+00:00,SHORT,20551.82083333333,H1|VAH|2022-07-11T02:00:00+00:00|RESISTANCE,2022-W28,2022-07-11 04:00:00+00:00,2022-07-11 13:00:00+00:00,20540.0,20303.79,20714.59,SL,-0.009999999999999952,10,PRIMARY_RULE,PRIMARY_RULE,development,
H1|VAH|RESISTANCE|WICK,H1,VAH,RESISTANCE,WICK,22296,2022-07-18 00:00:00+00:00,SHORT,20876.375,H1|VAH|2022-07-17T23:00:00+00:00|RESISTANCE,2022-W29,2022-07-18 01:00:00+00:00,2022-07-18 01:00:00+00:00,20815.5,20576.121750000002,20992.43175,SL,-0.009999999999999952,1,PRIMARY_RULE,PRIMARY_RULE,development,
H1|VAH|RESISTANCE|WICK,H1,VAH,RESISTANCE,WICK,22473,2022-07-25 09:00:00+00:00,SHORT,22036.4125,H1|VAH|2022-07-25T08:00:00+00:00|RESISTANCE,2022-W30,2022-07-25 10:00:00+00:00,2022-07-25 14:00:00+00:00,21991.4,21738.498900000002,22178.3269,TP,0.009999999999999955,5,PRIMARY_RULE,PRIMARY_RULE,development,
H1|VAH|RESISTANCE|WICK,H1,VAH,RESISTANCE,WICK,22640,2022-08-01 08:00:00+00:00,SHORT,23300.729166666664,H1|VAH|2022-08-01T07:00:00+00:00|RESISTANCE,2022-W31,2022-08-01 09:00:00+00:00,2022-08-01 10:00:00+00:00,23280.5,23012.774250000002,23478.38425,TP,0.009999999999999955,2,PRIMARY_RULE,PRIMARY_RULE,development,
H1|VAH|RESISTANCE|WICK,H1,VAH,RESISTANCE,WICK,22812,2022-08-08 12:00:00+00:00,SHORT,24146.80625,H1|VAH|2022-08-08T11:00:00+00:00|RESISTANCE,2022-W32,2022-08-08 13:00:00+00:00,2022-08-08 19:00:00+00:00,24117.4,23840.0499,24322.3979,TP,0.009999999999999955,7,PRIMARY_RULE,PRIMARY_RULE,development,
H1|VAH|RESISTANCE|WICK,H1,VAH,RESISTANCE,WICK,22971,2022-08-15 03:00:00+00:00,SHORT,24862.75625,H1|VAH|2022-08-15T02:00:00+00:00|RESISTANCE,2022-W33,2022-08-15 04:00:00+00:00,2022-08-15 06:00:00+00:00,24856.2,24570.353700000003,25067.4777,TP,0.009999999999999844,3,PRIMARY_RULE,PRIMARY_RULE,development,
H1|VAH|RESISTANCE|WICK,H1,VAH,RESISTANCE,WICK,23137,2022-08-22 01:00:00+00:00,SHORT,21460.69375,H1|VAH|2022-08-22T00:00:00+00:00|RESISTANCE,2022-W34,2022-08-22 02:00:00+00:00,2022-08-22 07:00:00+00:00,21435.0,21188.4975,21617.1975,TP,0.009999999999999955,6,PRIMARY_RULE,PRIMARY_RULE,development,
H1|VAH|RESISTANCE|WICK,H1,VAH,RESISTANCE,WICK,23308,2022-08-29 04:00:00+00:00,SHORT,19875.84375,H1|VAH|2022-08-29T03:00:00+00:00|RESISTANCE,2022-W35,2022-08-29 05:00:00+00:00,2022-08-29 12:00:00+00:00,19796.0,19568.346,19964.266,SL,-0.009999999999999952,8,PRIMARY_RULE,PRIMARY_RULE,development,
H1|VAH|RESISTANCE|WICK,H1,VAH,RESISTANCE,WICK,23472,2022-09-05 00:00:00+00:00,SHORT,19975.627083333333,H1|VAH|2022-09-04T23:00:00+00:00|RESISTANCE,2022-W36,2022-09-05 01:00:00+00:00,2022-09-05 05:00:00+00:00,19906.4,19677.476400000003,20075.6044,TP,0.009999999999999955,5,PRIMARY_RULE,PRIMARY_RULE,development,
H1|VAH|RESISTANCE|WICK,H1,VAH,RESISTANCE,WICK,23644,2022-09-12 04:00:00+00:00,SHORT,21721.479166666664,H1|VAH|2022-09-12T03:00:00+00:00|RESISTANCE,2022-W37,2022-09-12 05:00:00+00:00,2022-09-12 07:00:00+00:00,21706.9,21457.270650000002,21891.40865,SL,-0.009999999999999952,3,PRIMARY_RULE,PRIMARY_RULE,development,
H1|VAH|RESISTANCE|WICK,H1,VAH,RESISTANCE,WICK,23808,2022-09-19 00:00:00+00:00,SHORT,19463.860416666663,H1|VAH|2022-09-18T23:00:00+00:00|RESISTANCE,2022-W38,2022-09-19 01:00:00+00:00,2022-09-19 02:00:00+00:00,19448.9,19225.237650000003,19614.215650000002,TP,0.009999999999999955,2,PRIMARY_RULE,PRIMARY_RULE,development,
H1|VAH|RESISTANCE|WICK,H1,VAH,RESISTANCE,WICK,23976,2022-09-26 00:00:00+00:00,SHORT,18789.41875,H1|VAH|2022-09-25T23:00:00+00:00|RESISTANCE,2022-W39,2022-09-26 01:00:00+00:00,2022-09-26 02:00:00+00:00,18765.7,18549.89445,18925.20845,SL,-0.009999999999999952,2,PRIMARY_RULE,PRIMARY_RULE,development,
H1|VAH|RESISTANCE|WICK,H1,VAH,RESISTANCE,WICK,24147,2022-10-03 03:00:00+00:00,SHORT,19189.1625,H1|VAH|2022-10-03T02:00:00+00:00|RESISTANCE,2022-W40,2022-10-03 04:00:00+00:00,2022-10-03 13:00:00+00:00,19159.4,18939.0669,19322.2549,SL,-0.009999999999999952,10,PRIMARY_RULE,PRIMARY_RULE,development,
H1|VAH|RESISTANCE|WICK,H1,VAH,RESISTANCE,WICK,24318,2022-10-10 06:00:00+00:00,SHORT,19407.885416666664,H1|VAH|2022-10-10T05:00:00+00:00|RESISTANCE,2022-W41,2022-10-10 07:00:00+00:00,2022-10-10 08:00:00+00:00,19384.3,19161.38055,19549.06655,TP,0.009999999999999844,2,PRIMARY_RULE,PRIMARY_RULE,development,
H1|VAH|RESISTANCE|WICK,H1,VAH,RESISTANCE,WICK,24480,2022-10-17 00:00:00+00:00,SHORT,19256.199999999997,H1|VAH|2022-10-16T23:00:00+00:00|RESISTANCE,2022-W42,2022-10-17 01:00:00+00:00,2022-10-17 10:00:00+00:00,19220.0,18998.97,19383.37,SL,-0.009999999999999952,10,PRIMARY_RULE,PRIMARY_RULE,development,
H1|VAH|RESISTANCE|WICK,H1,VAH,RESISTANCE,WICK,24648,2022-10-24 00:00:00+00:00,SHORT,19559.9375,H1|VAH|2022-10-23T23:00:00+00:00|RESISTANCE,2022-W43,2022-10-24 01:00:00+00:00,2022-10-24 04:00:00+00:00,19510.4,19286.030400000003,19676.238400000002,TP,0.009999999999999955,4,PRIMARY_RULE,PRIMARY_RULE,development,
H1|VAH|RESISTANCE|WICK,H1,VAH,RESISTANCE,WICK,24816,2022-10-31 00:00:00+00:00,SHORT,20607.13958333333,H1|VAH|2022-10-30T23:00:00+00:00|RESISTANCE,2022-W44,2022-10-31 01:00:00+00:00,2022-10-31 09:00:00+00:00,20532.7,20296.57395,20707.22795,SL,-0.009999999999999952,9,PRIMARY_RULE,PRIMARY_RULE,development,
H1|VAH|RESISTANCE|WICK,H1,VAH,RESISTANCE,WICK,24989,2022-11-07 05:00:00+00:00,SHORT,20859.214583333334,H1|VAH|2022-11-07T04:00:00+00:00|RESISTANCE,2022-W45,2022-11-07 06:00:00+00:00,2022-11-07 07:00:00+00:00,20851.5,20611.70775,21028.73775,TP,0.009999999999999955,2,PRIMARY_RULE,PRIMARY_RULE,development,
H1|VAH|RESISTANCE|WICK,H1,VAH,RESISTANCE,WICK,25152,2022-11-14 00:00:00+00:00,SHORT,16357.864583333332,H1|VAH|2022-11-13T23:00:00+00:00|RESISTANCE,2022-W46,2022-11-14 01:00:00+00:00,2022-11-14 01:00:00+00:00,16254.0,16067.079000000002,16392.159,TP,0.009999999999999955,1,PRIMARY_RULE,PRIMARY_RULE,development,
H1|VAH|RESISTANCE|WICK,H1,VAH,RESISTANCE,WICK,25320,2022-11-21 00:00:00+00:00,SHORT,16275.391666666666,H1|VAH|2022-11-20T23:00:00+00:00|RESISTANCE,2022-W47,2022-11-21 01:00:00+00:00,2022-11-21 02:00:00+00:00,16261.5,16074.492750000001,16399.72275,TP,0.009999999999999955,2,PRIMARY_RULE,PRIMARY_RULE,development,
H1|VAH|RESISTANCE|WICK,H1,VAH,RESISTANCE,WICK,25500,2022-11-28 12:00:00+00:00,SHORT,16205.63125,H1|VAH|2022-11-28T11:00:00+00:00|RESISTANCE,2022-W48,2022-11-28 13:00:00+00:00,2022-11-28 16:00:00+00:00,16178.0,15991.953000000001,16315.512999999999,SL,-0.009999999999999952,4,PRIMARY_RULE,PRIMARY_RULE,development,
H1|VAH|RESISTANCE|WICK,H1,VAH,RESISTANCE,WICK,25658,2022-12-05 02:00:00+00:00,SHORT,17249.05416666667,H1|VAH|2022-12-05T01:00:00+00:00|RESISTANCE,2022-W49,2022-12-05 03:00:00+00:00,2022-12-05 04:00:00+00:00,17235.0,17036.7975,17381.497499999998,SL,-0.009999999999999952,2,PRIMARY_RULE,PRIMARY_RULE,development,
H1|VAH|RESISTANCE|WICK,H1,VAH,RESISTANCE,WICK,25836,2022-12-12 12:00:00+00:00,SHORT,16978.55625,H1|VAH|2022-12-12T11:00:00+00:00|RESISTANCE,2022-W50,2022-12-12 13:00:00+00:00,2022-12-12 20:00:00+00:00,16952.9,16757.94165,17096.99965,SL,-0.009999999999999952,8,PRIMARY_RULE,PRIMARY_RULE,development,
H1|VAH|RESISTANCE|WICK,H1,VAH,RESISTANCE,WICK,25992,2022-12-19 00:00:00+00:00,SHORT,16789.970833333333,H1|VAH|2022-12-18T23:00:00+00:00|RESISTANCE,2022-W51,2022-12-19 01:00:00+00:00,2022-12-19 17:00:00+00:00,16766.9,16574.080650000004,16909.41865,TP,0.009999999999999844,17,PRIMARY_RULE,PRIMARY_RULE,development,
H1|VAH|RESISTANCE|WICK,H1,VAH,RESISTANCE,WICK,26164,2022-12-26 04:00:00+00:00,SHORT,16876.877083333333,H1|VAH|2022-12-26T03:00:00+00:00|RESISTANCE,2022-W52,2022-12-26 05:00:00+00:00,2022-12-27 17:00:00+00:00,16869.6,16675.599599999998,17012.991599999998,TP,0.010000000000000066,37,PRIMARY_RULE,PRIMARY_RULE,development,
H1|VAH|RESISTANCE|WICK,H1,VAH,RESISTANCE,WICK,26333,2023-01-02 05:00:00+00:00,SHORT,16644.300000000003,H1|VAH|2023-01-02T04:00:00+00:00|RESISTANCE,2023-W01,2023-01-02 06:00:00+00:00,2023-01-02 21:00:00+00:00,16640.1,16448.738849999998,16781.540849999998,SL,-0.009999999999999952,16,PRIMARY_RULE,PRIMARY_RULE,development,
H1|VAH|RESISTANCE|WICK,H1,VAH,RESISTANCE,WICK,26501,2023-01-09 05:00:00+00:00,SHORT,17225.229166666664,H1|VAH|2023-01-09T04:00:00+00:00|RESISTANCE,2023-W02,2023-01-09 06:00:00+00:00,2023-01-09 16:00:00+00:00,17195.0,16997.2575,17341.157499999998,SL,-0.009999999999999952,11,PRIMARY_RULE,PRIMARY_RULE,development,
H1|VAH|RESISTANCE|WICK,H1,VAH,RESISTANCE,WICK,26670,2023-01-16 06:00:00+00:00,SHORT,21187.429166666665,H1|VAH|2023-01-16T05:00:00+00:00|RESISTANCE,2023-W03,2023-01-16 07:00:00+00:00,2023-01-16 08:00:00+00:00,21158.1,20914.78185,21337.943849999996,TP,0.009999999999999955,2,PRIMARY_RULE,PRIMARY_RULE,development,
H1|VAH|RESISTANCE|WICK,H1,VAH,RESISTANCE,WICK,26833,2023-01-23 01:00:00+00:00,SHORT,22748.81875,H1|VAH|2023-01-23T00:00:00+00:00|RESISTANCE,2023-W04,2023-01-23 02:00:00+00:00,2023-01-23 10:00:00+00:00,22694.7,22433.71095,22887.60495,SL,-0.009999999999999952,9,PRIMARY_RULE,PRIMARY_RULE,development,
H1|VAH|RESISTANCE|WICK,H1,VAH,RESISTANCE,WICK,27012,2023-01-30 12:00:00+00:00,SHORT,23142.71875,H1|VAH|2023-01-30T11:00:00+00:00|RESISTANCE,2023-W05,2023-01-30 13:00:00+00:00,2023-01-30 14:00:00+00:00,23075.2,22809.8352,23271.3392,SL,-0.009999999999999952,2,PRIMARY_RULE,PRIMARY_RULE,development,
H1|VAH|RESISTANCE|WICK,H1,VAH,RESISTANCE,WICK,27172,2023-02-06 04:00:00+00:00,SHORT,22906.360416666663,H1|VAH|2023-02-06T03:00:00+00:00|RESISTANCE,2023-W06,2023-02-06 05:00:00+00:00,2023-02-06 05:00:00+00:00,22865.6,22602.6456,23059.957599999998,TP,0.009999999999999955,1,PRIMARY_RULE,PRIMARY_RULE,development,
H1|VAH|RESISTANCE|WICK,H1,VAH,RESISTANCE,WICK,27341,2023-02-13 05:00:00+00:00,SHORT,21826.418749999997,H1|VAH|2023-02-13T04:00:00+00:00|RESISTANCE,2023-W07,2023-02-13 06:00:00+00:00,2023-02-13 09:00:00+00:00,21820.5,21569.56425,22005.97425,TP,0.010000000000000066,4,PRIMARY_RULE,PRIMARY_RULE,development,
H1|VAH|RESISTANCE|WICK,H1,VAH,RESISTANCE,WICK,27509,2023-02-20 05:00:00+00:00,SHORT,24493.433333333334,H1|VAH|2023-02-20T04:00:00+00:00|RESISTANCE,2023-W08,2023-02-20 06:00:00+00:00,2023-02-20 09:00:00+00:00,24491.8,24210.1443,24699.9803,SL,-0.009999999999999952,4,PRIMARY_RULE,PRIMARY_RULE,development,
H1|VAH|RESISTANCE|WICK,H1,VAH,RESISTANCE,WICK,27675,2023-02-27 03:00:00+00:00,SHORT,23577.447916666668,H1|VAH|2023-02-27T02:00:00+00:00|RESISTANCE,2023-W09,2023-02-27 04:00:00+00:00,2023-02-27 13:00:00+00:00,23541.0,23270.2785,23741.0985,SL,-0.009999999999999952,10,PRIMARY_RULE,PRIMARY_RULE,development,
H1|VAH|RESISTANCE|WICK,H1,VAH,RESISTANCE,WICK,27847,2023-03-06 07:00:00+00:00,SHORT,22404.3125,H1|VAH|2023-03-06T06:00:00+00:00|RESISTANCE,2023-W10,2023-03-06 08:00:00+00:00,2023-03-06 15:00:00+00:00,22380.9,22123.519650000002,22571.13765,SL,-0.009999999999999952,8,PRIMARY_RULE,PRIMARY_RULE,development,
H1|VAH|RESISTANCE|WICK,H1,VAH,RESISTANCE,WICK,28010,2023-03-13 02:00:00+00:00,SHORT,22348.229166666664,H1|VAH|2023-03-13T01:00:00+00:00|RESISTANCE,2023-W11,2023-03-13 03:00:00+00:00,2023-03-13 04:00:00+00:00,22174.5,21919.49325,22362.983249999997,SL,-0.009999999999999952,2,PRIMARY_RULE,PRIMARY_RULE,development,
H1|VAH|RESISTANCE|WICK,H1,VAH,RESISTANCE,WICK,28185,2023-03-20 09:00:00+00:00,SHORT,28270.9375,H1|VAH|2023-03-20T08:00:00+00:00|RESISTANCE,2023-W12,2023-03-20 10:00:00+00:00,2023-03-20 13:00:00+00:00,28190.6,27866.4081,28430.2201,TP,0.009999999999999955,4,PRIMARY_RULE,PRIMARY_RULE,development,
H1|VAH|RESISTANCE|WICK,H1,VAH,RESISTANCE,WICK,28354,2023-03-27 10:00:00+00:00,SHORT,27903.004166666666,H1|VAH|2023-03-27T09:00:00+00:00|RESISTANCE,2023-W13,2023-03-27 11:00:00+00:00,2023-03-27 14:00:00+00:00,27900.3,27579.44655,28137.452549999998,TP,0.009999999999999955,4,PRIMARY_RULE,PRIMARY_RULE,development,
H1|VAH|RESISTANCE|WICK,H1,VAH,RESISTANCE,WICK,28514,2023-04-03 02:00:00+00:00,SHORT,27758.029166666667,H1|VAH|2023-04-03T01:00:00+00:00|RESISTANCE,2023-W14,2023-04-03 03:00:00+00:00,2023-04-03 07:00:00+00:00,27706.8,27388.1718,27942.3078,SL,-0.009999999999999952,5,PRIMARY_RULE,PRIMARY_RULE,development,
H1|VAH|RESISTANCE|WICK,H1,VAH,RESISTANCE,WICK,28682,2023-04-10 02:00:00+00:00,SHORT,28293.043749999997,H1|VAH|2023-04-10T01:00:00+00:00|RESISTANCE,2023-W15,2023-04-10 03:00:00+00:00,2023-04-10 15:00:00+00:00,28280.2,27954.977700000003,28520.5817,SL,-0.009999999999999952,13,PRIMARY_RULE,PRIMARY_RULE,development,
H1|VAH|RESISTANCE|WICK,H1,VAH,RESISTANCE,WICK,28849,2023-04-17 01:00:00+00:00,SHORT,29933.19375,H1|VAH|2023-04-17T00:00:00+00:00|RESISTANCE,2023-W16,2023-04-17 02:00:00+00:00,2023-04-17 11:00:00+00:00,29932.6,29588.3751,30187.027099999996,TP,0.009999999999999955,10,PRIMARY_RULE,PRIMARY_RULE,development,
H1|VAH|RESISTANCE|WICK,H1,VAH,RESISTANCE,WICK,29040,2023-04-25 00:00:00+00:00,SHORT,27500.035416666666,H1|VAH|2023-04-24T23:00:00+00:00|RESISTANCE,2023-W17,2023-04-25 01:00:00+00:00,2023-04-25 18:00:00+00:00,27447.8,27132.1503,27681.1063,SL,-0.009999999999999952,18,PRIMARY_RULE,PRIMARY_RULE,development,
H1|VAH|RESISTANCE|WICK,H1,VAH,RESISTANCE,WICK,29187,2023-05-01 03:00:00+00:00,SHORT,28580.53125,H1|VAH|2023-05-01T02:00:00+00:00|RESISTANCE,2023-W18,2023-05-01 04:00:00+00:00,2023-05-01 05:00:00+00:00,28545.6,28217.3256,28788.237599999997,TP,0.009999999999999955,2,PRIMARY_RULE,PRIMARY_RULE,development,
H1|VAH|RESISTANCE|WICK,H1,VAH,RESISTANCE,WICK,29367,2023-05-08 15:00:00+00:00,SHORT,27912.8,H1|VAH|2023-05-08T14:00:00+00:00|RESISTANCE,2023-W19,2023-05-08 16:00:00+00:00,2023-05-08 17:00:00+00:00,27874.2,27553.6467,28111.130699999998,TP,0.009999999999999955,2,PRIMARY_RULE,PRIMARY_RULE,development,
H1|VAH|RESISTANCE|WICK,H1,VAH,RESISTANCE,WICK,29522,2023-05-15 02:00:00+00:00,SHORT,27182.4375,H1|VAH|2023-05-15T01:00:00+00:00|RESISTANCE,2023-W20,2023-05-15 03:00:00+00:00,2023-05-15 06:00:00+00:00,27144.2,26832.0417,27374.9257,SL,-0.009999999999999952,4,PRIMARY_RULE,PRIMARY_RULE,development,
H1|VAH|RESISTANCE|WICK,H1,VAH,RESISTANCE,WICK,29695,2023-05-22 07:00:00+00:00,SHORT,26849.24375,H1|VAH|2023-05-22T06:00:00+00:00|RESISTANCE,2023-W21,2023-05-22 08:00:00+00:00,2023-05-22 13:00:00+00:00,26830.8,26522.2458,27058.8618,SL,-0.009999999999999952,6,PRIMARY_RULE,PRIMARY_RULE,development,
H1|VAH|RESISTANCE|WICK,H1,VAH,RESISTANCE,WICK,29862,2023-05-29 06:00:00+00:00,SHORT,28000.970833333333,H1|VAH|2023-05-29T05:00:00+00:00|RESISTANCE,2023-W22,2023-05-29 07:00:00+00:00,2023-05-29 14:00:00+00:00,28000.0,27678.0,28238.0,TP,0.009999999999999955,8,PRIMARY_RULE,PRIMARY_RULE,development,
H1|VAH|RESISTANCE|WICK,H1,VAH,RESISTANCE,WICK,30028,2023-06-05 04:00:00+00:00,SHORT,26860.722916666666,H1|VAH|2023-06-05T03:00:00+00:00|RESISTANCE,2023-W23,2023-06-05 05:00:00+00:00,2023-06-05 15:00:00+00:00,26832.0,26523.432,27060.072,TP,0.009999999999999955,11,PRIMARY_RULE,PRIMARY_RULE,development,
H1|VAH|RESISTANCE|WICK,H1,VAH,RESISTANCE,WICK,30193,2023-06-12 01:00:00+00:00,SHORT,25938.466666666667,H1|VAH|2023-06-12T00:00:00+00:00|RESISTANCE,2023-W24,2023-06-12 02:00:00+00:00,2023-06-12 02:00:00+00:00,25925.1,25626.96135,26145.463349999998,TP,0.009999999999999844,1,PRIMARY_RULE,PRIMARY_RULE,development,
H1|VAH|RESISTANCE|WICK,H1,VAH,RESISTANCE,WICK,30360,2023-06-19 00:00:00+00:00,SHORT,26366.958333333336,H1|VAH|2023-06-18T23:00:00+00:00|RESISTANCE,2023-W25,2023-06-19 01:00:00+00:00,2023-06-19 17:00:00+00:00,26356.1,26053.00485,26580.126849999997,SL,-0.009999999999999952,17,PRIMARY_RULE,PRIMARY_RULE,development,
H1|VAH|RESISTANCE|WICK,H1,VAH,RESISTANCE,WICK,30528,2023-06-26 00:00:00+00:00,SHORT,30472.7,H1|VAH|2023-06-25T23:00:00+00:00|RESISTANCE,2023-W26,2023-06-26 01:00:00+00:00,2023-06-26 01:00:00+00:00,30378.9,30029.542650000003,30637.12065,TP,0.009999999999999955,1,PRIMARY_RULE,PRIMARY_RULE,development,
H1|VAH|RESISTANCE|WICK,H1,VAH,RESISTANCE,WICK,30699,2023-07-03 03:00:00+00:00,SHORT,30750.004166666666,H1|VAH|2023-07-03T02:00:00+00:00|RESISTANCE,2023-W27,2023-07-03 04:00:00+00:00,2023-07-03 15:00:00+00:00,30748.0,30394.398,31009.358,SL,-0.009999999999999952,12,PRIMARY_RULE,PRIMARY_RULE,development,
H1|VAH|RESISTANCE|WICK,H1,VAH,RESISTANCE,WICK,30864,2023-07-10 00:00:00+00:00,SHORT,30161.862500000003,H1|VAH|2023-07-09T23:00:00+00:00|RESISTANCE,2023-W28,2023-07-10 01:00:00+00:00,2023-07-10 14:00:00+00:00,30077.7,29731.806450000004,30333.36045,SL,-0.009999999999999952,14,PRIMARY_RULE,PRIMARY_RULE,development,
H1|VAH|RESISTANCE|WICK,H1,VAH,RESISTANCE,WICK,31032,2023-07-17 00:00:00+00:00,SHORT,30211.27291666667,H1|VAH|2023-07-16T23:00:00+00:00|RESISTANCE,2023-W29,2023-07-17 01:00:00+00:00,2023-07-17 18:00:00+00:00,30200.5,29853.19425,30457.20425,TP,0.009999999999999955,18,PRIMARY_RULE,PRIMARY_RULE,development,
H1|VAH|RESISTANCE|WICK,H1,VAH,RESISTANCE,WICK,31215,2023-07-24 15:00:00+00:00,SHORT,29103.78125,H1|VAH|2023-07-24T14:00:00+00:00|RESISTANCE,2023-W30,2023-07-24 16:00:00+00:00,2023-07-25 18:00:00+00:00,29085.9,28751.412150000004,29333.13015,SL,-0.009999999999999952,27,PRIMARY_RULE,PRIMARY_RULE,development,
H1|VAH|RESISTANCE|WICK,H1,VAH,RESISTANCE,WICK,31369,2023-07-31 01:00:00+00:00,SHORT,29462.595833333333,H1|VAH|2023-07-31T00:00:00+00:00|RESISTANCE,2023-W31,2023-07-31 02:00:00+00:00,2023-07-31 19:00:00+00:00,29442.4,29103.812400000003,29692.6604,TP,0.009999999999999955,18,PRIMARY_RULE,PRIMARY_RULE,development,
H1|VAH|RESISTANCE|WICK,H1,VAH,RESISTANCE,WICK,31548,2023-08-07 12:00:00+00:00,SHORT,29096.754166666666,H1|VAH|2023-08-07T11:00:00+00:00|RESISTANCE,2023-W32,2023-08-07 13:00:00+00:00,2023-08-07 16:00:00+00:00,29070.3,28735.99155,29317.397549999998,TP,0.010000000000000066,4,PRIMARY_RULE,PRIMARY_RULE,development,
H1|VAH|RESISTANCE|WICK,H1,VAH,RESISTANCE,WICK,31710,2023-08-14 06:00:00+00:00,SHORT,29433.754166666666,H1|VAH|2023-08-14T05:00:00+00:00|RESISTANCE,2023-W33,2023-08-14 07:00:00+00:00,2023-08-14 15:00:00+00:00,29408.2,29070.0057,29658.1697,SL,-0.009999999999999952,9,PRIMARY_RULE,PRIMARY_RULE,development,
H1|VAH|RESISTANCE|WICK,H1,VAH,RESISTANCE,WICK,31873,2023-08-21 01:00:00+00:00,SHORT,26142.67916666667,H1|VAH|2023-08-21T00:00:00+00:00|RESISTANCE,2023-W34,2023-08-21 02:00:00+00:00,2023-08-21 15:00:00+00:00,26131.8,25831.2843,26353.920299999998,TP,0.009999999999999955,14,PRIMARY_RULE,PRIMARY_RULE,development,
H1|VAH|RESISTANCE|WICK,H1,VAH,RESISTANCE,WICK,32041,2023-08-28 01:00:00+00:00,SHORT,26028.6625,H1|VAH|2023-08-28T00:00:00+00:00|RESISTANCE,2023-W35,2023-08-28 02:00:00+00:00,2023-08-28 12:00:00+00:00,26017.6,25718.3976,26238.749599999996,SL,-0.009999999999999952,11,PRIMARY_RULE,PRIMARY_RULE,development,
H1|VAH|RESISTANCE|WICK,H1,VAH,RESISTANCE,WICK,32214,2023-09-04 06:00:00+00:00,SHORT,25959.464583333334,H1|VAH|2023-09-04T05:00:00+00:00|RESISTANCE,2023-W36,2023-09-04 07:00:00+00:00,2023-09-04 21:00:00+00:00,25952.3,25653.84855,26172.894549999997,TP,0.010000000000000066,15,PRIMARY_RULE,PRIMARY_RULE,development,
H1|VAH|RESISTANCE|WICK,H1,VAH,RESISTANCE,WICK,32384,2023-09-11 08:00:00+00:00,SHORT,25806.454166666663,H1|VAH|2023-09-11T07:00:00+00:00|RESISTANCE,2023-W37,2023-09-11 09:00:00+00:00,2023-09-11 14:00:00+00:00,25793.2,25496.578200000004,26012.442199999998,TP,0.009999999999999844,6,PRIMARY_RULE,PRIMARY_RULE,development,
H1|VAH|RESISTANCE|WICK,H1,VAH,RESISTANCE,WICK,32545,2023-09-18 01:00:00+00:00,SHORT,26470.975,H1|VAH|2023-09-18T00:00:00+00:00|RESISTANCE,2023-W38,2023-09-18 02:00:00+00:00,2023-09-18 02:00:00+00:00,26449.6,26145.4296,26674.421599999998,SL,-0.009999999999999952,1,PRIMARY_RULE,PRIMARY_RULE,development,
H1|VAH|RESISTANCE|WICK,H1,VAH,RESISTANCE,WICK,32713,2023-09-25 01:00:00+00:00,SHORT,26176.979166666664,H1|VAH|2023-09-25T00:00:00+00:00|RESISTANCE,2023-W39,2023-09-25 02:00:00+00:00,2023-09-25 16:00:00+00:00,26151.7,25850.95545,26373.98945,SL,-0.009999999999999952,15,PRIMARY_RULE,PRIMARY_RULE,development,
H1|VAH|RESISTANCE|WICK,H1,VAH,RESISTANCE,WICK,32880,2023-10-02 00:00:00+00:00,SHORT,27924.99375,H1|VAH|2023-10-01T23:00:00+00:00|RESISTANCE,2023-W40,2023-10-02 01:00:00+00:00,2023-10-02 03:00:00+00:00,27917.6,27596.547599999998,28154.899599999997,SL,-0.009999999999999952,3,PRIMARY_RULE,PRIMARY_RULE,development,
H1|VAH|RESISTANCE|WICK,H1,VAH,RESISTANCE,WICK,33050,2023-10-09 02:00:00+00:00,SHORT,27931.922916666666,H1|VAH|2023-10-09T01:00:00+00:00|RESISTANCE,2023-W41,2023-10-09 03:00:00+00:00,2023-10-09 09:00:00+00:00,27923.8,27602.6763,28161.152299999998,TP,0.009999999999999955,7,PRIMARY_RULE,PRIMARY_RULE,development,
H1|VAH|RESISTANCE|WICK,H1,VAH,RESISTANCE,WICK,33218,2023-10-16 02:00:00+00:00,SHORT,27222.09375,H1|VAH|2023-10-16T01:00:00+00:00|RESISTANCE,2023-W42,2023-10-16 03:00:00+00:00,2023-10-16 05:00:00+00:00,27176.0,26863.476000000002,27406.996,SL,-0.009999999999999952,3,PRIMARY_RULE,PRIMARY_RULE,development,
H1|VAH|RESISTANCE|WICK,H1,VAH,RESISTANCE,WICK,33388,2023-10-23 04:00:00+00:00,SHORT,30672.5625,H1|VAH|2023-10-23T03:00:00+00:00|RESISTANCE,2023-W43,2023-10-23 05:00:00+00:00,2023-10-23 05:00:00+00:00,30643.2,30290.803200000002,30903.6672,SL,-0.009999999999999952,1,PRIMARY_RULE,PRIMARY_RULE,development,
H1|VAH|RESISTANCE|WICK,H1,VAH,RESISTANCE,WICK,33557,2023-10-30 05:00:00+00:00,SHORT,34336.41666666667,H1|VAH|2023-10-30T04:00:00+00:00|RESISTANCE,2023-W44,2023-10-30 06:00:00+00:00,2023-10-30 09:00:00+00:00,34261.6,33867.5916,34552.823599999996,SL,-0.009999999999999952,4,PRIMARY_RULE,PRIMARY_RULE,development,
H1|VAH|RESISTANCE|WICK,H1,VAH,RESISTANCE,WICK,33738,2023-11-06 18:00:00+00:00,SHORT,34973.15416666667,H1|VAH|2023-11-06T17:00:00+00:00|RESISTANCE,2023-W45,2023-11-06 19:00:00+00:00,2023-11-07 10:00:00+00:00,34966.9,34564.78065,35264.11865,TP,0.010000000000000066,16,PRIMARY_RULE,PRIMARY_RULE,development,
H1|VAH|RESISTANCE|WICK,H1,VAH,RESISTANCE,WICK,33898,2023-11-13 10:00:00+00:00,SHORT,37022.65833333333,H1|VAH|2023-11-13T09:00:00+00:00|RESISTANCE,2023-W46,2023-11-13 11:00:00+00:00,2023-11-13 14:00:00+00:00,36998.1,36572.62185,37312.583849999995,TP,0.009999999999999844,4,PRIMARY_RULE,PRIMARY_RULE,development,
H1|VAH|RESISTANCE|WICK,H1,VAH,RESISTANCE,WICK,34057,2023-11-20 01:00:00+00:00,SHORT,37310.535416666666,H1|VAH|2023-11-20T00:00:00+00:00|RESISTANCE,2023-W47,2023-11-20 02:00:00+00:00,2023-11-20 14:00:00+00:00,37308.0,36878.958,37625.117999999995,TP,0.010000000000000066,13,PRIMARY_RULE,PRIMARY_RULE,development,
H1|VAH|RESISTANCE|WICK,H1,VAH,RESISTANCE,WICK,34225,2023-11-27 01:00:00+00:00,SHORT,37498.6375,H1|VAH|2023-11-27T00:00:00+00:00|RESISTANCE,2023-W48,2023-11-27 02:00:00+00:00,2023-11-27 07:00:00+00:00,37473.5,37042.55475,37792.02475,TP,0.009999999999999955,6,PRIMARY_RULE,PRIMARY_RULE,development,
H1|VAH|RESISTANCE|WICK,H1,VAH,RESISTANCE,WICK,34401,2023-12-04 09:00:00+00:00,SHORT,41691.4625,H1|VAH|2023-12-04T08:00:00+00:00|RESISTANCE,2023-W49,2023-12-04 10:00:00+00:00,2023-12-04 10:00:00+00:00,41559.5,41081.56575,41912.75575,SL,-0.009999999999999952,1,PRIMARY_RULE,PRIMARY_RULE,development,
H1|VAH|RESISTANCE|WICK,H1,VAH,RESISTANCE,WICK,34571,2023-12-11 11:00:00+00:00,SHORT,42432.73541666667,H1|VAH|2023-12-11T10:00:00+00:00|RESISTANCE,2023-W50,2023-12-11 12:00:00+00:00,2023-12-11 14:00:00+00:00,42346.6,41859.6141,42706.5461,TP,0.009999999999999955,3,PRIMARY_RULE,PRIMARY_RULE,development,
H1|VAH|RESISTANCE|WICK,H1,VAH,RESISTANCE,WICK,34730,2023-12-18 02:00:00+00:00,SHORT,41071.84375,H1|VAH|2023-12-18T01:00:00+00:00|RESISTANCE,2023-W51,2023-12-18 03:00:00+00:00,2023-12-18 06:00:00+00:00,40919.8,40449.2223,41267.6183,SL,-0.009999999999999952,4,PRIMARY_RULE,PRIMARY_RULE,development,
H1|VAH|RESISTANCE|WICK,H1,VAH,RESISTANCE,WICK,34896,2023-12-25 00:00:00+00:00,SHORT,43064.82708333334,H1|VAH|2023-12-24T23:00:00+00:00|RESISTANCE,2023-W52,2023-12-25 01:00:00+00:00,2023-12-25 06:00:00+00:00,42946.9,42453.010650000004,43311.94865,SL,-0.009999999999999952,6,PRIMARY_RULE,PRIMARY_RULE,development,
H1|VAH|RESISTANCE|WICK,H1,VAH,RESISTANCE,WICK,35075,2024-01-01 11:00:00+00:00,SHORT,42747.57708333334,H1|VAH|2024-01-01T10:00:00+00:00|RESISTANCE,2024-W01,2024-01-01 12:00:00+00:00,2024-01-01 18:00:00+00:00,42727.7,42236.33145,43090.885449999994,SL,-0.009999999999999952,7,PRIMARY_RULE,PRIMARY_RULE,development,
H1|VAH|RESISTANCE|WICK,H1,VAH,RESISTANCE,WICK,35233,2024-01-08 01:00:00+00:00,SHORT,43785.9375,H1|VAH|2024-01-08T00:00:00+00:00|RESISTANCE,2024-W02,2024-01-08 02:00:00+00:00,2024-01-08 02:00:00+00:00,43699.3,43196.758050000004,44070.74405,TP,0.009999999999999955,1,PRIMARY_RULE,PRIMARY_RULE,development,
H1|VAH|RESISTANCE|WICK,H1,VAH,RESISTANCE,WICK,35406,2024-01-15 06:00:00+00:00,SHORT,42726.88333333333,H1|VAH|2024-01-15T05:00:00+00:00|RESISTANCE,2024-W03,2024-01-15 07:00:00+00:00,2024-01-15 15:00:00+00:00,42653.0,42162.4905,43015.5505,TP,0.009999999999999955,9,PRIMARY_RULE,PRIMARY_RULE,development,
H1|VAH|RESISTANCE|WICK,H1,VAH,RESISTANCE,WICK,35570,2024-01-22 02:00:00+00:00,SHORT,41378.68541666666,H1|VAH|2024-01-22T01:00:00+00:00|RESISTANCE,2024-W04,2024-01-22 03:00:00+00:00,2024-01-22 04:00:00+00:00,41317.2,40842.0522,41668.396199999996,TP,0.009999999999999955,2,PRIMARY_RULE,PRIMARY_RULE,development,
H1|VAH|RESISTANCE|WICK,H1,VAH,RESISTANCE,WICK,35736,2024-01-29 00:00:00+00:00,SHORT,42019.01041666667,H1|VAH|2024-01-28T23:00:00+00:00|RESISTANCE,2024-W05,2024-01-29 01:00:00+00:00,2024-01-29 01:00:00+00:00,41952.1,41469.65085,42308.69285,SL,-0.009999999999999952,1,PRIMARY_RULE,PRIMARY_RULE,development,
H1|VAH|RESISTANCE|WICK,H1,VAH,RESISTANCE,WICK,35912,2024-02-05 08:00:00+00:00,SHORT,43078.31458333333,H1|VAH|2024-02-05T07:00:00+00:00|RESISTANCE,2024-W06,2024-02-05 09:00:00+00:00,2024-02-05 13:00:00+00:00,43023.5,42528.72975,43389.19975,SL,-0.009999999999999952,5,PRIMARY_RULE,PRIMARY_RULE,development,
H1|VAH|RESISTANCE|WICK,H1,VAH,RESISTANCE,WICK,36077,2024-02-12 05:00:00+00:00,SHORT,48083.26875,H1|VAH|2024-02-12T04:00:00+00:00|RESISTANCE,2024-W07,2024-02-12 06:00:00+00:00,2024-02-12 14:00:00+00:00,48063.7,47510.96745,48472.241449999994,SL,-0.009999999999999952,9,PRIMARY_RULE,PRIMARY_RULE,development,
H1|VAH|RESISTANCE|WICK,H1,VAH,RESISTANCE,WICK,36240,2024-02-19 00:00:00+00:00,SHORT,52249.55208333333,H1|VAH|2024-02-18T23:00:00+00:00|RESISTANCE,2024-W08,2024-02-19 01:00:00+00:00,2024-02-20 00:00:00+00:00,52219.9,51619.371150000006,52663.76915,TP,0.009999999999999955,24,PRIMARY_RULE,PRIMARY_RULE,development,
H1|VAH|RESISTANCE|WICK,H1,VAH,RESISTANCE,WICK,36408,2024-02-26 00:00:00+00:00,SHORT,51779.58333333333,H1|VAH|2024-02-25T23:00:00+00:00|RESISTANCE,2024-W09,2024-02-26 01:00:00+00:00,2024-02-26 09:00:00+00:00,51722.0,51127.197,52161.636999999995,TP,0.009999999999999955,9,PRIMARY_RULE,PRIMARY_RULE,development,
H1|VAH|RESISTANCE|WICK,H1,VAH,RESISTANCE,WICK,36577,2024-03-04 01:00:00+00:00,SHORT,63674.818750000006,H1|VAH|2024-03-04T00:00:00+00:00|RESISTANCE,2024-W10,2024-03-04 02:00:00+00:00,2024-03-04 07:00:00+00:00,63589.1,62857.82535,64129.60735,SL,-0.009999999999999952,6,PRIMARY_RULE,PRIMARY_RULE,development,
H1|VAH|RESISTANCE|WICK,H1,VAH,RESISTANCE,WICK,36749,2024-03-11 05:00:00+00:00,SHORT,68710.60416666666,H1|VAH|2024-03-11T04:00:00+00:00|RESISTANCE,2024-W11,2024-03-11 06:00:00+00:00,2024-03-11 06:00:00+00:00,68609.1,67820.09535,69192.27735,SL,-0.009999999999999952,1,PRIMARY_RULE,PRIMARY_RULE,development,
H1|VAH|RESISTANCE|WICK,H1,VAH,RESISTANCE,WICK,36921,2024-03-18 09:00:00+00:00,SHORT,68025.51666666666,H1|VAH|2024-03-18T08:00:00+00:00|RESISTANCE,2024-W12,2024-03-18 10:00:00+00:00,2024-03-18 11:00:00+00:00,67899.3,67118.45805,68476.44405,SL,-0.009999999999999952,2,PRIMARY_RULE,PRIMARY_RULE,development,
H1|VAH|RESISTANCE|WICK,H1,VAH,RESISTANCE,WICK,37081,2024-03-25 01:00:00+00:00,SHORT,67049.19375,H1|VAH|2024-03-25T00:00:00+00:00|RESISTANCE,2024-W13,2024-03-25 02:00:00+00:00,2024-03-25 03:00:00+00:00,66613.3,65847.24705,67179.51305,SL,-0.009999999999999952,2,PRIMARY_RULE,PRIMARY_RULE,development,
H1|VAH|RESISTANCE|WICK,H1,VAH,RESISTANCE,WICK,37252,2024-04-01 04:00:00+00:00,SHORT,70718.12083333332,H1|VAH|2024-04-01T03:00:00+00:00|RESISTANCE,2024-W14,2024-04-01 05:00:00+00:00,2024-04-01 05:00:00+00:00,70512.8,69701.90280000001,71112.1588,TP,0.009999999999999844,1,PRIMARY_RULE,PRIMARY_RULE,development,
H1|VAH|RESISTANCE|WICK,H1,VAH,RESISTANCE,WICK,37416,2024-04-08 00:00:00+00:00,SHORT,69390.36875,H1|VAH|2024-04-07T23:00:00+00:00|RESISTANCE,2024-W15,2024-04-08 01:00:00+00:00,2024-04-08 07:00:00+00:00,69350.0,68552.475,69939.47499999999,SL,-0.009999999999999952,7,PRIMARY_RULE,PRIMARY_RULE,development,
H1|VAH|RESISTANCE|WICK,H1,VAH,RESISTANCE,WICK,37584,2024-04-15 00:00:00+00:00,SHORT,65603.34791666668,H1|VAH|2024-04-14T23:00:00+00:00|RESISTANCE,2024-W16,2024-04-15 01:00:00+00:00,2024-04-15 04:00:00+00:00,65454.1,64701.377850000004,66010.45985,TP,0.009999999999999955,4,PRIMARY_RULE,PRIMARY_RULE,development,
H1|VAH|RESISTANCE|WICK,H1,VAH,RESISTANCE,WICK,37752,2024-04-22 00:00:00+00:00,SHORT,64940.247916666674,H1|VAH|2024-04-21T23:00:00+00:00|RESISTANCE,2024-W17,2024-04-22 01:00:00+00:00,2024-04-22 01:00:00+00:00,64873.2,64127.1582,65424.62219999999,SL,-0.009999999999999952,1,PRIMARY_RULE,PRIMARY_RULE,development,
H1|VAH|RESISTANCE|WICK,H1,VAH,RESISTANCE,WICK,37921,2024-04-29 01:00:00+00:00,SHORT,63201.447916666664,H1|VAH|2024-04-29T00:00:00+00:00|RESISTANCE,2024-W18,2024-04-29 02:00:00+00:00,2024-04-29 03:00:00+00:00,63197.9,62471.12415,63735.08215,TP,0.009999999999999955,2,PRIMARY_RULE,PRIMARY_RULE,development,
H1|VAH|RESISTANCE|WICK,H1,VAH,RESISTANCE,WICK,38089,2024-05-06 01:00:00+00:00,SHORT,64181.64375,H1|VAH|2024-05-06T00:00:00+00:00|RESISTANCE,2024-W19,2024-05-06 02:00:00+00:00,2024-05-06 08:00:00+00:00,64108.3,63371.05455000001,64653.22055,SL,-0.009999999999999952,7,PRIMARY_RULE,PRIMARY_RULE,development,
H1|VAH|RESISTANCE|WICK,H1,VAH,RESISTANCE,WICK,38270,2024-05-13 14:00:00+00:00,SHORT,62870.118749999994,H1|VAH|2024-05-13T13:00:00+00:00|RESISTANCE,2024-W20,2024-05-13 15:00:00+00:00,2024-05-13 16:00:00+00:00,62730.1,62008.70385,63263.30585,SL,-0.009999999999999952,2,PRIMARY_RULE,PRIMARY_RULE,development,
H1|VAH|RESISTANCE|WICK,H1,VAH,RESISTANCE,WICK,38427,2024-05-20 03:00:00+00:00,SHORT,66648.30208333334,H1|VAH|2024-05-20T02:00:00+00:00|RESISTANCE,2024-W21,2024-05-20 04:00:00+00:00,2024-05-20 05:00:00+00:00,66643.0,65876.6055,67209.46549999999,SL,-0.009999999999999952,2,PRIMARY_RULE,PRIMARY_RULE,development,
H1|VAH|RESISTANCE|WICK,H1,VAH,RESISTANCE,WICK,38594,2024-05-27 02:00:00+00:00,SHORT,69152.7875,H1|VAH|2024-05-27T01:00:00+00:00|RESISTANCE,2024-W22,2024-05-27 03:00:00+00:00,2024-05-27 05:00:00+00:00,69131.0,68335.9935,69718.61349999999,TP,0.010000000000000066,3,PRIMARY_RULE,PRIMARY_RULE,development,
H1|VAH|RESISTANCE|WICK,H1,VAH,RESISTANCE,WICK,38767,2024-06-03 07:00:00+00:00,SHORT,69145.275,H1|VAH|2024-06-03T06:00:00+00:00|RESISTANCE,2024-W23,2024-06-03 08:00:00+00:00,2024-06-03 12:00:00+00:00,68950.0,68157.075,69536.075,SL,-0.009999999999999952,5,PRIMARY_RULE,PRIMARY_RULE,development,
H1|VAH|RESISTANCE|WICK,H1,VAH,RESISTANCE,WICK,38936,2024-06-10 08:00:00+00:00,SHORT,69426.43333333333,H1|VAH|2024-06-10T07:00:00+00:00|RESISTANCE,2024-W24,2024-06-10 09:00:00+00:00,2024-06-10 15:00:00+00:00,69422.6,68624.24010000001,70012.6921,SL,-0.009999999999999952,7,PRIMARY_RULE,PRIMARY_RULE,development,
H1|VAH|RESISTANCE|WICK,H1,VAH,RESISTANCE,WICK,39096,2024-06-17 00:00:00+00:00,SHORT,66724.69375,H1|VAH|2024-06-16T23:00:00+00:00|RESISTANCE,2024-W25,2024-06-17 01:00:00+00:00,2024-06-17 09:00:00+00:00,66565.5,65799.99675,67131.30675,TP,0.009999999999999955,9,PRIMARY_RULE,PRIMARY_RULE,development,
H1|VAH|RESISTANCE|WICK,H1,VAH,RESISTANCE,WICK,39268,2024-06-24 04:00:00+00:00,SHORT,62901.03333333333,H1|VAH|2024-06-24T03:00:00+00:00|RESISTANCE,2024-W26,2024-06-24 05:00:00+00:00,2024-06-24 09:00:00+00:00,62821.3,62098.855050000006,63355.28105,TP,0.009999999999999955,5,PRIMARY_RULE,PRIMARY_RULE,development,
H1|VAH|RESISTANCE|WICK,H1,VAH,RESISTANCE,WICK,39434,2024-07-01 02:00:00+00:00,SHORT,63500.14375,H1|VAH|2024-07-01T01:00:00+00:00|RESISTANCE,2024-W27,2024-07-01 03:00:00+00:00,2024-07-01 11:00:00+00:00,63427.1,62697.688350000004,63966.23035,TP,0.009999999999999955,9,PRIMARY_RULE,PRIMARY_RULE,development,
H1|VAH|RESISTANCE|WICK,H1,VAH,RESISTANCE,WICK,39605,2024-07-08 05:00:00+00:00,SHORT,55496.0875,H1|VAH|2024-07-08T04:00:00+00:00|RESISTANCE,2024-W28,2024-07-08 06:00:00+00:00,2024-07-08 08:00:00+00:00,55456.0,54818.256,55927.376,SL,-0.009999999999999952,3,PRIMARY_RULE,PRIMARY_RULE,development,
H1|VAH|RESISTANCE|WICK,H1,VAH,RESISTANCE,WICK,39772,2024-07-15 04:00:00+00:00,SHORT,62626.0625,H1|VAH|2024-07-15T03:00:00+00:00|RESISTANCE,2024-W29,2024-07-15 05:00:00+00:00,2024-07-15 08:00:00+00:00,62575.0,61855.387500000004,63106.8875,SL,-0.009999999999999952,4,PRIMARY_RULE,PRIMARY_RULE,development,
H1|VAH|RESISTANCE|WICK,H1,VAH,RESISTANCE,WICK,39942,2024-07-22 06:00:00+00:00,SHORT,67627.00416666667,H1|VAH|2024-07-22T05:00:00+00:00|RESISTANCE,2024-W30,2024-07-22 07:00:00+00:00,2024-07-22 14:00:00+00:00,67382.1,66607.20585000001,67954.84785,TP,0.009999999999999844,8,PRIMARY_RULE,PRIMARY_RULE,development,
H1|VAH|RESISTANCE|WICK,H1,VAH,RESISTANCE,WICK,40105,2024-07-29 01:00:00+00:00,SHORT,68756.49375,H1|VAH|2024-07-29T00:00:00+00:00|RESISTANCE,2024-W31,2024-07-29 02:00:00+00:00,2024-07-29 02:00:00+00:00,68509.4,67721.5419,69091.72989999999,SL,-0.009999999999999952,1,PRIMARY_RULE,PRIMARY_RULE,development,
H1|VAH|RESISTANCE|WICK,H1,VAH,RESISTANCE,WICK,40276,2024-08-05 04:00:00+00:00,SHORT,54277.33125,H1|VAH|2024-08-05T03:00:00+00:00|RESISTANCE,2024-W32,2024-08-05 05:00:00+00:00,2024-08-05 05:00:00+00:00,53505.2,52889.8902,53959.994199999994,TP,0.009999999999999955,1,PRIMARY_RULE,PRIMARY_RULE,development,
H1|VAH|RESISTANCE|WICK,H1,VAH,RESISTANCE,WICK,40440,2024-08-12 00:00:00+00:00,SHORT,58853.96875,H1|VAH|2024-08-11T23:00:00+00:00|RESISTANCE,2024-W33,2024-08-12 01:00:00+00:00,2024-08-12 07:00:00+00:00,58433.4,57761.41590000001,58930.0839,SL,-0.009999999999999952,7,PRIMARY_RULE,PRIMARY_RULE,development,
H1|VAH|RESISTANCE|WICK,H1,VAH,RESISTANCE,WICK,40615,2024-08-19 07:00:00+00:00,SHORT,58533.61041666666,H1|VAH|2024-08-19T06:00:00+00:00|RESISTANCE,2024-W34,2024-08-19 08:00:00+00:00,2024-08-19 10:00:00+00:00,58475.5,57803.03175,58972.54175,TP,0.009999999999999955,3,PRIMARY_RULE,PRIMARY_RULE,development,
H1|VAH|RESISTANCE|WICK,H1,VAH,RESISTANCE,WICK,40780,2024-08-26 04:00:00+00:00,SHORT,64048.81875,H1|VAH|2024-08-26T03:00:00+00:00|RESISTANCE,2024-W35,2024-08-26 05:00:00+00:00,2024-08-26 09:00:00+00:00,64000.7,63264.69195,64544.705949999996,TP,0.009999999999999955,5,PRIMARY_RULE,PRIMARY_RULE,development,
H1|VAH|RESISTANCE|WICK,H1,VAH,RESISTANCE,WICK,40945,2024-09-02 01:00:00+00:00,SHORT,57413.691666666666,H1|VAH|2024-09-02T00:00:00+00:00|RESISTANCE,2024-W36,2024-09-02 02:00:00+00:00,2024-09-02 05:00:00+00:00,57390.6,56730.6081,57878.420099999996,SL,-0.009999999999999952,4,PRIMARY_RULE,PRIMARY_RULE,development,
H1|VAH|RESISTANCE|WICK,H1,VAH,RESISTANCE,WICK,41121,2024-09-09 09:00:00+00:00,SHORT,55197.27291666667,H1|VAH|2024-09-09T08:00:00+00:00|RESISTANCE,2024-W37,2024-09-09 10:00:00+00:00,2024-09-09 13:00:00+00:00,55127.7,54493.73145,55596.285449999996,SL,-0.009999999999999952,4,PRIMARY_RULE,PRIMARY_RULE,development,
H1|VAH|RESISTANCE|WICK,H1,VAH,RESISTANCE,WICK,41292,2024-09-16 12:00:00+00:00,SHORT,58724.67916666667,H1|VAH|2024-09-16T11:00:00+00:00|RESISTANCE,2024-W38,2024-09-16 13:00:00+00:00,2024-09-16 14:00:00+00:00,58509.9,57837.03615000001,59007.23415,TP,0.009999999999999955,2,PRIMARY_RULE,PRIMARY_RULE,development,
H1|VAH|RESISTANCE|WICK,H1,VAH,RESISTANCE,WICK,41448,2024-09-23 00:00:00+00:00,SHORT,63682.31875,H1|VAH|2024-09-22T23:00:00+00:00|RESISTANCE,2024-W39,2024-09-23 01:00:00+00:00,2024-09-23 03:00:00+00:00,63551.6,62820.7566,64091.78859999999,SL,-0.009999999999999952,3,PRIMARY_RULE,PRIMARY_RULE,development,
H1|VAH|RESISTANCE|WICK,H1,VAH,RESISTANCE,WICK,41622,2024-09-30 06:00:00+00:00,SHORT,64476.8,H1|VAH|2024-09-30T05:00:00+00:00|RESISTANCE,2024-W40,2024-09-30 07:00:00+00:00,2024-09-30 09:00:00+00:00,64322.4,63582.69240000001,64869.1404,TP,0.009999999999999955,3,PRIMARY_RULE,PRIMARY_RULE,development,
H1|VAH|RESISTANCE|WICK,H1,VAH,RESISTANCE,WICK,41786,2024-10-07 02:00:00+00:00,SHORT,63810.2625,H1|VAH|2024-10-07T01:00:00+00:00|RESISTANCE,2024-W41,2024-10-07 03:00:00+00:00,2024-10-07 10:00:00+00:00,63608.9,62877.397650000006,64149.57565,TP,0.009999999999999955,8,PRIMARY_RULE,PRIMARY_RULE,development,
H1|VAH|RESISTANCE|WICK,H1,VAH,RESISTANCE,WICK,41953,2024-10-14 01:00:00+00:00,SHORT,62638.068750000006,H1|VAH|2024-10-14T00:00:00+00:00|RESISTANCE,2024-W42,2024-10-14 02:00:00+00:00,2024-10-14 03:00:00+00:00,62598.2,61878.3207,63130.2847,SL,-0.009999999999999952,2,PRIMARY_RULE,PRIMARY_RULE,development,
H1|VAH|RESISTANCE|WICK,H1,VAH,RESISTANCE,WICK,42121,2024-10-21 01:00:00+00:00,SHORT,69375.75,H1|VAH|2024-10-21T00:00:00+00:00|RESISTANCE,2024-W43,2024-10-21 02:00:00+00:00,2024-10-21 08:00:00+00:00,69216.8,68420.8068,69805.1428,TP,0.009999999999999955,7,PRIMARY_RULE,PRIMARY_RULE,development,
H1|VAH|RESISTANCE|WICK,H1,VAH,RESISTANCE,WICK,42290,2024-10-28 02:00:00+00:00,SHORT,67787.73749999999,H1|VAH|2024-10-28T01:00:00+00:00|RESISTANCE,2024-W44,2024-10-28 03:00:00+00:00,2024-10-28 07:00:00+00:00,67779.0,66999.5415,68355.1215,SL,-0.009999999999999952,5,PRIMARY_RULE,PRIMARY_RULE,development,
H1|VAH|RESISTANCE|WICK,H1,VAH,RESISTANCE,WICK,42459,2024-11-04 03:00:00+00:00,SHORT,69146.525,H1|VAH|2024-11-04T02:00:00+00:00|RESISTANCE,2024-W45,2024-11-04 04:00:00+00:00,2024-11-04 14:00:00+00:00,69034.0,68240.109,69620.78899999999,TP,0.010000000000000066,11,PRIMARY_RULE,PRIMARY_RULE,development,
H1|VAH|RESISTANCE|WICK,H1,VAH,RESISTANCE,WICK,42628,2024-11-11 04:00:00+00:00,SHORT,81682.83958333335,H1|VAH|2024-11-11T03:00:00+00:00|RESISTANCE,2024-W46,2024-11-11 05:00:00+00:00,2024-11-11 05:00:00+00:00,81479.0,80541.9915,82171.57149999999,TP,0.009999999999999955,1,PRIMARY_RULE,PRIMARY_RULE,development,
H1|VAH|RESISTANCE|WICK,H1,VAH,RESISTANCE,WICK,42800,2024-11-18 08:00:00+00:00,SHORT,92090.87291666667,H1|VAH|2024-11-18T07:00:00+00:00|RESISTANCE,2024-W47,2024-11-18 09:00:00+00:00,2024-11-18 11:00:00+00:00,91889.9,90833.16615,92670.96414999999,TP,0.009999999999999844,3,PRIMARY_RULE,PRIMARY_RULE,development,
H1|VAH|RESISTANCE|WICK,H1,VAH,RESISTANCE,WICK,42966,2024-11-25 06:00:00+00:00,SHORT,98152.65625,H1|VAH|2024-11-25T05:00:00+00:00|RESISTANCE,2024-W48,2024-11-25 07:00:00+00:00,2024-11-25 09:00:00+00:00,98131.8,97003.28430000001,98965.9203,SL,-0.009999999999999952,3,PRIMARY_RULE,PRIMARY_RULE,development,
H1|VAH|RESISTANCE|WICK,H1,VAH,RESISTANCE,WICK,43135,2024-12-02 07:00:00+00:00,SHORT,96346.18125,H1|VAH|2024-12-02T06:00:00+00:00|RESISTANCE,2024-W49,2024-12-02 08:00:00+00:00,2024-12-02 08:00:00+00:00,96053.5,94948.88475,96869.95474999999,TP,0.010000000000000066,1,PRIMARY_RULE,PRIMARY_RULE,development,
H1|VAH|RESISTANCE|WICK,H1,VAH,RESISTANCE,WICK,43298,2024-12-09 02:00:00+00:00,SHORT,99751.42291666666,H1|VAH|2024-12-09T01:00:00+00:00|RESISTANCE,2024-W50,2024-12-09 03:00:00+00:00,2024-12-09 11:00:00+00:00,99277.1,98135.41335000002,100120.95535,TP,0.009999999999999844,9,PRIMARY_RULE,PRIMARY_RULE,development,
H1|VAH|RESISTANCE|WICK,H1,VAH,RESISTANCE,WICK,43468,2024-12-16 04:00:00+00:00,SHORT,104775.88750000001,H1|VAH|2024-12-16T03:00:00+00:00|RESISTANCE,2024-W51,2024-12-16 05:00:00+00:00,2024-12-16 12:00:00+00:00,104646.4,103442.9664,105535.89439999999,TP,0.009999999999999844,8,PRIMARY_RULE,PRIMARY_RULE,development,
H1|VAH|RESISTANCE|WICK,H1,VAH,RESISTANCE,WICK,43633,2024-12-23 01:00:00+00:00,SHORT,94775.6875,H1|VAH|2024-12-23T00:00:00+00:00|RESISTANCE,2024-W52,2024-12-23 02:00:00+00:00,2024-12-23 03:00:00+00:00,94431.0,93345.0435,95233.6635,SL,-0.009999999999999952,2,PRIMARY_RULE,PRIMARY_RULE,development,
H1|VAH|RESISTANCE|WICK,H1,VAH,RESISTANCE,WICK,124,2020-01-06 04:00:00+00:00,SHORT,7534.520833333334,H1|VAH|2020-01-06T03:00:00+00:00|RESISTANCE,2020-W02,2020-01-06 05:00:00+00:00,2020-01-06 13:00:00+00:00,7526.75,7440.1923750000005,7590.7273749999995,SL,-0.009999999999999952,9,PRIMARY_RULE,PRIMARY_RULE,external,
H1|VAH|RESISTANCE|WICK,H1,VAH,RESISTANCE,WICK,295,2020-01-13 07:00:00+00:00,SHORT,8081.876249999999,H1|VAH|2020-01-13T06:00:00+00:00|RESISTANCE,2020-W03,2020-01-13 08:00:00+00:00,2020-01-13 20:00:00+00:00,8075.0,7982.137500000001,8143.6375,SL,-0.009999999999999952,13,PRIMARY_RULE,PRIMARY_RULE,external,
H1|VAH|RESISTANCE|WICK,H1,VAH,RESISTANCE,WICK,456,2020-01-20 00:00:00+00:00,SHORT,8706.643958333334,H1|VAH|2020-01-19T23:00:00+00:00|RESISTANCE,2020-W04,2020-01-20 01:00:00+00:00,2020-01-20 12:00:00+00:00,8668.6,8568.911100000001,8742.2831,TP,0.009999999999999955,12,PRIMARY_RULE,PRIMARY_RULE,external,
H1|VAH|RESISTANCE|WICK,H1,VAH,RESISTANCE,WICK,625,2020-01-27 01:00:00+00:00,SHORT,8675.895833333332,H1|VAH|2020-01-27T00:00:00+00:00|RESISTANCE,2020-W05,2020-01-27 02:00:00+00:00,2020-01-27 11:00:00+00:00,8658.58,8559.00633,8732.17793,SL,-0.009999999999999952,10,PRIMARY_RULE,PRIMARY_RULE,external,
H1|VAH|RESISTANCE|WICK,H1,VAH,RESISTANCE,WICK,798,2020-02-03 06:00:00+00:00,SHORT,9422.667708333334,H1|VAH|2020-02-03T05:00:00+00:00|RESISTANCE,2020-W06,2020-02-03 07:00:00+00:00,2020-02-03 15:00:00+00:00,9402.37,9294.242745000001,9482.290145,TP,0.009999999999999955,9,PRIMARY_RULE,PRIMARY_RULE,external,
H1|VAH|RESISTANCE|WICK,H1,VAH,RESISTANCE,WICK,964,2020-02-10 04:00:00+00:00,SHORT,10107.515625,H1|VAH|2020-02-10T03:00:00+00:00|RESISTANCE,2020-W07,2020-02-10 05:00:00+00:00,2020-02-10 05:00:00+00:00,10075.77,9959.898645000001,10161.414045,TP,0.009999999999999955,1,PRIMARY_RULE,PRIMARY_RULE,external,
H1|VAH|RESISTANCE|WICK,H1,VAH,RESISTANCE,WICK,1128,2020-02-17 00:00:00+00:00,SHORT,9948.14375,H1|VAH|2020-02-16T23:00:00+00:00|RESISTANCE,2020-W08,2020-02-17 01:00:00+00:00,2020-02-17 04:00:00+00:00,9872.3,9758.768549999999,9956.214549999999,TP,0.010000000000000066,4,PRIMARY_RULE,PRIMARY_RULE,external,
H1|VAH|RESISTANCE|WICK,H1,VAH,RESISTANCE,WICK,1296,2020-02-24 00:00:00+00:00,SHORT,9956.231875000001,H1|VAH|2020-02-23T23:00:00+00:00|RESISTANCE,2020-W09,2020-02-24 01:00:00+00:00,2020-02-24 02:00:00+00:00,9957.37,9842.860245000002,10042.007645,TP,0.009999999999999955,2,PRIMARY_RULE,PRIMARY_RULE,external,
H1|VAH|RESISTANCE|WICK,H1,VAH,RESISTANCE,WICK,1467,2020-03-02 03:00:00+00:00,SHORT,8634.5075,H1|VAH|2020-03-02T02:00:00+00:00|RESISTANCE,2020-W10,2020-03-02 04:00:00+00:00,2020-03-02 06:00:00+00:00,8608.87,8509.867995,8682.045395000001,SL,-0.009999999999999952,3,PRIMARY_RULE,PRIMARY_RULE,external,
H1|VAH|RESISTANCE|WICK,H1,VAH,RESISTANCE,WICK,1632,2020-03-09 00:00:00+00:00,SHORT,8129.106250000001,H1|VAH|2020-03-08T23:00:00+00:00|RESISTANCE,2020-W11,2020-03-09 01:00:00+00:00,2020-03-09 03:00:00+00:00,8085.82,7992.83307,8154.549469999999,TP,0.009999999999999955,3,PRIMARY_RULE,PRIMARY_RULE,external,
H1|VAH|RESISTANCE|WICK,H1,VAH,RESISTANCE,WICK,1820,2020-03-16 20:00:00+00:00,SHORT,4984.100833333334,H1|VAH|2020-03-16T19:00:00+00:00|RESISTANCE,2020-W12,2020-03-16 21:00:00+00:00,2020-03-16 21:00:00+00:00,4893.17,4836.898545,4934.761945,SL,-0.009999999999999952,1,PRIMARY_RULE,PRIMARY_RULE,external,
H1|VAH|RESISTANCE|WICK,H1,VAH,RESISTANCE,WICK,1969,2020-03-23 01:00:00+00:00,SHORT,5890.7075,H1|VAH|2020-03-23T00:00:00+00:00|RESISTANCE,2020-W13,2020-03-23 02:00:00+00:00,2020-03-23 03:00:00+00:00,5866.04,5798.58054,5915.901339999999,SL,-0.009999999999999952,2,PRIMARY_RULE,PRIMARY_RULE,external,
H1|VAH|RESISTANCE|WICK,H1,VAH,RESISTANCE,WICK,2136,2020-03-30 00:00:00+00:00,SHORT,5912.430208333333,H1|VAH|2020-03-29T23:00:00+00:00|RESISTANCE,2020-W14,2020-03-30 01:00:00+00:00,2020-03-30 02:00:00+00:00,5894.27,5826.485895000001,5944.371295,SL,-0.009999999999999952,2,PRIMARY_RULE,PRIMARY_RULE,external,
H1|VAH|RESISTANCE|WICK,H1,VAH,RESISTANCE,WICK,2312,2020-04-06 08:00:00+00:00,SHORT,7035.62375,H1|VAH|2020-04-06T07:00:00+00:00|RESISTANCE,2020-W15,2020-04-06 09:00:00+00:00,2020-04-06 09:00:00+00:00,7035.31,6954.403935,7095.110135,SL,-0.009999999999999952,1,PRIMARY_RULE,PRIMARY_RULE,external,
H1|VAH|RESISTANCE|WICK,H1,VAH,RESISTANCE,WICK,2476,2020-04-13 04:00:00+00:00,SHORT,6698.068125,H1|VAH|2020-04-13T03:00:00+00:00|RESISTANCE,2020-W16,2020-04-13 05:00:00+00:00,2020-04-13 11:00:00+00:00,6682.93,6606.0763050000005,6739.734905,SL,-0.009999999999999952,7,PRIMARY_RULE,PRIMARY_RULE,external,
H1|VAH|RESISTANCE|WICK,H1,VAH,RESISTANCE,WICK,2643,2020-04-20 03:00:00+00:00,SHORT,7170.227499999999,H1|VAH|2020-04-20T02:00:00+00:00|RESISTANCE,2020-W17,2020-04-20 04:00:00+00:00,2020-04-20 10:00:00+00:00,7155.84,7073.54784,7216.66464,TP,0.009999999999999955,7,PRIMARY_RULE,PRIMARY_RULE,external,
H1|VAH|RESISTANCE|WICK,H1,VAH,RESISTANCE,WICK,2809,2020-04-27 01:00:00+00:00,SHORT,7734.674999999999,H1|VAH|2020-04-27T00:00:00+00:00|RESISTANCE,2020-W18,2020-04-27 02:00:00+00:00,2020-04-27 22:00:00+00:00,7697.46,7608.9392100000005,7762.88841,SL,-0.009999999999999952,21,PRIMARY_RULE,PRIMARY_RULE,external,
H1|VAH|RESISTANCE|WICK,H1,VAH,RESISTANCE,WICK,2976,2020-05-04 00:00:00+00:00,SHORT,8894.844583333332,H1|VAH|2020-05-03T23:00:00+00:00|RESISTANCE,2020-W19,2020-05-04 01:00:00+00:00,2020-05-04 01:00:00+00:00,8812.69,8711.344065000001,8887.597865,TP,0.009999999999999955,1,PRIMARY_RULE,PRIMARY_RULE,external,
H1|VAH|RESISTANCE|WICK,H1,VAH,RESISTANCE,WICK,3152,2020-05-11 08:00:00+00:00,SHORT,8677.375,H1|VAH|2020-05-11T07:00:00+00:00|RESISTANCE,2020-W20,2020-05-11 09:00:00+00:00,2020-05-11 09:00:00+00:00,8634.32,8535.02532,8707.71172,TP,0.009999999999999844,1,PRIMARY_RULE,PRIMARY_RULE,external,
H1|VAH|RESISTANCE|WICK,H1,VAH,RESISTANCE,WICK,3314,2020-05-18 02:00:00+00:00,SHORT,9903.669166666667,H1|VAH|2020-05-18T01:00:00+00:00|RESISTANCE,2020-W21,2020-05-18 03:00:00+00:00,2020-05-18 06:00:00+00:00,9869.34,9755.84259,9953.22939,TP,0.009999999999999955,4,PRIMARY_RULE,PRIMARY_RULE,external,
H1|VAH|RESISTANCE|WICK,H1,VAH,RESISTANCE,WICK,3485,2020-05-25 05:00:00+00:00,SHORT,8790.505000000001,H1|VAH|2020-05-25T04:00:00+00:00|RESISTANCE,2020-W22,2020-05-25 06:00:00+00:00,2020-05-25 07:00:00+00:00,8777.07,8676.133695,8851.675094999999,SL,-0.009999999999999952,2,PRIMARY_RULE,PRIMARY_RULE,external,
H1|VAH|RESISTANCE|WICK,H1,VAH,RESISTANCE,WICK,3650,2020-06-01 02:00:00+00:00,SHORT,9542.569791666667,H1|VAH|2020-06-01T01:00:00+00:00|RESISTANCE,2020-W23,2020-06-01 03:00:00+00:00,2020-06-01 04:00:00+00:00,9528.32,9418.74432,9609.31072,SL,-0.009999999999999952,2,PRIMARY_RULE,PRIMARY_RULE,external,
H1|VAH|RESISTANCE|WICK,H1,VAH,RESISTANCE,WICK,3817,2020-06-08 01:00:00+00:00,SHORT,9753.479166666668,H1|VAH|2020-06-08T00:00:00+00:00|RESISTANCE,2020-W24,2020-06-08 02:00:00+00:00,2020-06-09 00:00:00+00:00,9741.79,9629.759415,9824.595215000001,SL,-0.009999999999999952,23,PRIMARY_RULE,PRIMARY_RULE,external,
H1|VAH|RESISTANCE|WICK,H1,VAH,RESISTANCE,WICK,3984,2020-06-15 00:00:00+00:00,SHORT,9366.21,H1|VAH|2020-06-14T23:00:00+00:00|RESISTANCE,2020-W25,2020-06-15 01:00:00+00:00,2020-06-15 01:00:00+00:00,9338.89,9231.492764999999,9418.270564999999,TP,0.010000000000000066,1,PRIMARY_RULE,PRIMARY_RULE,external,
H1|VAH|RESISTANCE|WICK,H1,VAH,RESISTANCE,WICK,4158,2020-06-22 06:00:00+00:00,SHORT,9426.722083333334,H1|VAH|2020-06-22T05:00:00+00:00|RESISTANCE,2020-W26,2020-06-22 07:00:00+00:00,2020-06-22 12:00:00+00:00,9412.31,9304.068435,9492.314634999999,SL,-0.009999999999999952,6,PRIMARY_RULE,PRIMARY_RULE,external,
H1|VAH|RESISTANCE|WICK,H1,VAH,RESISTANCE,WICK,4327,2020-06-29 07:00:00+00:00,SHORT,9099.173750000002,H1|VAH|2020-06-29T06:00:00+00:00|RESISTANCE,2020-W27,2020-06-29 08:00:00+00:00,2020-06-29 18:00:00+00:00,9095.0,8990.407500000001,9172.307499999999,SL,-0.009999999999999952,11,PRIMARY_RULE,PRIMARY_RULE,external,
H1|VAH|RESISTANCE|WICK,H1,VAH,RESISTANCE,WICK,4488,2020-07-06 00:00:00+00:00,SHORT,9074.2125,H1|VAH|2020-07-05T23:00:00+00:00|RESISTANCE,2020-W28,2020-07-06 01:00:00+00:00,2020-07-06 06:00:00+00:00,9064.72,8960.47572,9141.77012,SL,-0.009999999999999952,6,PRIMARY_RULE,PRIMARY_RULE,external,
H1|VAH|RESISTANCE|WICK,H1,VAH,RESISTANCE,WICK,4656,2020-07-13 00:00:00+00:00,SHORT,9293.466041666667,H1|VAH|2020-07-12T23:00:00+00:00|RESISTANCE,2020-W29,2020-07-13 01:00:00+00:00,2020-07-14 04:00:00+00:00,9275.86,9169.18761,9354.70481,TP,0.009999999999999955,28,PRIMARY_RULE,PRIMARY_RULE,external,
H1|VAH|RESISTANCE|WICK,H1,VAH,RESISTANCE,WICK,4833,2020-07-20 09:00:00+00:00,SHORT,9188.396874999999,H1|VAH|2020-07-20T08:00:00+00:00|RESISTANCE,2020-W30,2020-07-20 10:00:00+00:00,2020-07-21 07:00:00+00:00,9185.0,9079.372500000001,9263.0725,SL,-0.009999999999999952,22,PRIMARY_RULE,PRIMARY_RULE,external,
H1|VAH|RESISTANCE|WICK,H1,VAH,RESISTANCE,WICK,4996,2020-07-27 04:00:00+00:00,SHORT,10267.33125,H1|VAH|2020-07-27T03:00:00+00:00|RESISTANCE,2020-W31,2020-07-27 05:00:00+00:00,2020-07-27 05:00:00+00:00,10228.04,10110.417540000002,10314.97834,SL,-0.009999999999999952,1,PRIMARY_RULE,PRIMARY_RULE,external,
H1|VAH|RESISTANCE|WICK,H1,VAH,RESISTANCE,WICK,5167,2020-08-03 07:00:00+00:00,SHORT,11230.850208333333,H1|VAH|2020-08-03T06:00:00+00:00|RESISTANCE,2020-W32,2020-08-03 08:00:00+00:00,2020-08-03 13:00:00+00:00,11207.1,11078.218350000001,11302.360349999999,SL,-0.009999999999999952,6,PRIMARY_RULE,PRIMARY_RULE,external,
H1|VAH|RESISTANCE|WICK,H1,VAH,RESISTANCE,WICK,5332,2020-08-10 04:00:00+00:00,SHORT,12062.891041666666,H1|VAH|2020-08-10T03:00:00+00:00|RESISTANCE,2020-W33,2020-08-10 05:00:00+00:00,2020-08-10 10:00:00+00:00,12003.01,11864.975385000002,12105.035585,TP,0.009999999999999844,6,PRIMARY_RULE,PRIMARY_RULE,external,
H1|VAH|RESISTANCE|WICK,H1,VAH,RESISTANCE,WICK,5501,2020-08-17 05:00:00+00:00,SHORT,11841.145833333334,H1|VAH|2020-08-17T04:00:00+00:00|RESISTANCE,2020-W34,2020-08-17 06:00:00+00:00,2020-08-17 10:00:00+00:00,11812.0,11676.162,11912.402,SL,-0.009999999999999952,5,PRIMARY_RULE,PRIMARY_RULE,external,
H1|VAH|RESISTANCE|WICK,H1,VAH,RESISTANCE,WICK,5668,2020-08-24 04:00:00+00:00,SHORT,11686.626875,H1|VAH|2020-08-24T03:00:00+00:00|RESISTANCE,2020-W35,2020-08-24 05:00:00+00:00,2020-08-24 08:00:00+00:00,11682.83,11548.477455,11782.134054999999,SL,-0.009999999999999952,4,PRIMARY_RULE,PRIMARY_RULE,external,
H1|VAH|RESISTANCE|WICK,H1,VAH,RESISTANCE,WICK,5832,2020-08-31 00:00:00+00:00,SHORT,11707.62,H1|VAH|2020-08-30T23:00:00+00:00|RESISTANCE,2020-W36,2020-08-31 01:00:00+00:00,2020-09-01 00:00:00+00:00,11700.99,11566.428615,11800.448414999999,TP,0.009999999999999955,24,PRIMARY_RULE,PRIMARY_RULE,external,
H1|VAH|RESISTANCE|WICK,H1,VAH,RESISTANCE,WICK,6001,2020-09-07 01:00:00+00:00,SHORT,10286.578541666666,H1|VAH|2020-09-07T00:00:00+00:00|RESISTANCE,2020-W37,2020-09-07 02:00:00+00:00,2020-09-07 04:00:00+00:00,10286.05,10167.760425,10373.481424999998,TP,0.009999999999999844,3,PRIMARY_RULE,PRIMARY_RULE,external,
H1|VAH|RESISTANCE|WICK,H1,VAH,RESISTANCE,WICK,6171,2020-09-14 03:00:00+00:00,SHORT,10353.1625,H1|VAH|2020-09-14T02:00:00+00:00|RESISTANCE,2020-W38,2020-09-14 04:00:00+00:00,2020-09-14 08:00:00+00:00,10344.89,10225.923765,10432.821564999998,SL,-0.009999999999999952,5,PRIMARY_RULE,PRIMARY_RULE,external,
H1|VAH|RESISTANCE|WICK,H1,VAH,RESISTANCE,WICK,6337,2020-09-21 01:00:00+00:00,SHORT,10943.609583333335,H1|VAH|2020-09-21T00:00:00+00:00|RESISTANCE,2020-W39,2020-09-21 02:00:00+00:00,2020-09-21 08:00:00+00:00,10937.57,10811.787945,11030.539345,TP,0.009999999999999955,7,PRIMARY_RULE,PRIMARY_RULE,external,
H1|VAH|RESISTANCE|WICK,H1,VAH,RESISTANCE,WICK,6508,2020-09-28 04:00:00+00:00,SHORT,10896.1725,H1|VAH|2020-09-28T03:00:00+00:00|RESISTANCE,2020-W40,2020-09-28 05:00:00+00:00,2020-09-28 23:00:00+00:00,10890.39,10765.150515,10982.958314999998,TP,0.009999999999999955,19,PRIMARY_RULE,PRIMARY_RULE,external,
H1|VAH|RESISTANCE|WICK,H1,VAH,RESISTANCE,WICK,6673,2020-10-05 01:00:00+00:00,SHORT,10704.079166666666,H1|VAH|2020-10-05T00:00:00+00:00|RESISTANCE,2020-W41,2020-10-05 02:00:00+00:00,2020-10-05 23:00:00+00:00,10684.59,10561.717215,10775.409015,SL,-0.009999999999999952,22,PRIMARY_RULE,PRIMARY_RULE,external,
H1|VAH|RESISTANCE|WICK,H1,VAH,RESISTANCE,WICK,6843,2020-10-12 03:00:00+00:00,SHORT,11399.77125,H1|VAH|2020-10-12T02:00:00+00:00|RESISTANCE,2020-W42,2020-10-12 04:00:00+00:00,2020-10-12 10:00:00+00:00,11382.49,11251.591365,11479.241165,TP,0.009999999999999955,7,PRIMARY_RULE,PRIMARY_RULE,external,
H1|VAH|RESISTANCE|WICK,H1,VAH,RESISTANCE,WICK,7010,2020-10-19 02:00:00+00:00,SHORT,11466.270833333334,H1|VAH|2020-10-19T01:00:00+00:00|RESISTANCE,2020-W43,2020-10-19 03:00:00+00:00,2020-10-19 13:00:00+00:00,11452.0,11320.302,11549.341999999999,SL,-0.009999999999999952,11,PRIMARY_RULE,PRIMARY_RULE,external,
H1|VAH|RESISTANCE|WICK,H1,VAH,RESISTANCE,WICK,7179,2020-10-26 03:00:00+00:00,SHORT,13103.125,H1|VAH|2020-10-26T02:00:00+00:00|RESISTANCE,2020-W44,2020-10-26 04:00:00+00:00,2020-10-26 08:00:00+00:00,13086.22,12935.72847,13197.45287,TP,0.009999999999999955,5,PRIMARY_RULE,PRIMARY_RULE,external,
H1|VAH|RESISTANCE|WICK,H1,VAH,RESISTANCE,WICK,7347,2020-11-02 03:00:00+00:00,SHORT,13703.038958333334,H1|VAH|2020-11-02T02:00:00+00:00|RESISTANCE,2020-W45,2020-11-02 04:00:00+00:00,2020-11-02 08:00:00+00:00,13688.53,13531.111905000002,13804.882505,TP,0.009999999999999955,5,PRIMARY_RULE,PRIMARY_RULE,external,
H1|VAH|RESISTANCE|WICK,H1,VAH,RESISTANCE,WICK,7513,2020-11-09 01:00:00+00:00,SHORT,15561.0625,H1|VAH|2020-11-09T00:00:00+00:00|RESISTANCE,2020-W46,2020-11-09 02:00:00+00:00,2020-11-09 05:00:00+00:00,15509.83,15331.466955,15641.663555,TP,0.009999999999999955,4,PRIMARY_RULE,PRIMARY_RULE,external,
H1|VAH|RESISTANCE|WICK,H1,VAH,RESISTANCE,WICK,7682,2020-11-16 02:00:00+00:00,SHORT,15994.649791666667,H1|VAH|2020-11-16T01:00:00+00:00|RESISTANCE,2020-W47,2020-11-16 03:00:00+00:00,2020-11-16 05:00:00+00:00,15930.41,15747.210285000001,16065.818485,SL,-0.009999999999999952,3,PRIMARY_RULE,PRIMARY_RULE,external,
H1|VAH|RESISTANCE|WICK,H1,VAH,RESISTANCE,WICK,7853,2020-11-23 05:00:00+00:00,SHORT,18487.395833333332,H1|VAH|2020-11-23T04:00:00+00:00|RESISTANCE,2020-W48,2020-11-23 06:00:00+00:00,2020-11-23 08:00:00+00:00,18461.01,18248.708384999998,18617.928584999998,SL,-0.009999999999999952,3,PRIMARY_RULE,PRIMARY_RULE,external,
H1|VAH|RESISTANCE|WICK,H1,VAH,RESISTANCE,WICK,8020,2020-11-30 04:00:00+00:00,SHORT,18549.48625,H1|VAH|2020-11-30T03:00:00+00:00|RESISTANCE,2020-W49,2020-11-30 05:00:00+00:00,2020-11-30 07:00:00+00:00,18511.67,18298.785795,18669.019194999997,SL,-0.009999999999999952,3,PRIMARY_RULE,PRIMARY_RULE,external,
H1|VAH|RESISTANCE|WICK,H1,VAH,RESISTANCE,WICK,8184,2020-12-07 00:00:00+00:00,SHORT,19376.502291666664,H1|VAH|2020-12-06T23:00:00+00:00|RESISTANCE,2020-W50,2020-12-07 01:00:00+00:00,2020-12-07 11:00:00+00:00,19329.17,19106.884545,19493.467944999997,TP,0.009999999999999844,11,PRIMARY_RULE,PRIMARY_RULE,external,
H1|VAH|RESISTANCE|WICK,H1,VAH,RESISTANCE,WICK,8353,2020-12-14 01:00:00+00:00,SHORT,19100.541875000003,H1|VAH|2020-12-14T00:00:00+00:00|RESISTANCE,2020-W51,2020-12-14 02:00:00+00:00,2020-12-14 02:00:00+00:00,19087.61,18868.102485000003,19249.854685,SL,-0.009999999999999952,1,PRIMARY_RULE,PRIMARY_RULE,external,
H1|VAH|RESISTANCE|WICK,H1,VAH,RESISTANCE,WICK,8535,2020-12-21 15:00:00+00:00,SHORT,23109.979166666664,H1|VAH|2020-12-21T14:00:00+00:00|RESISTANCE,2020-W52,2020-12-21 16:00:00+00:00,2020-12-21 16:00:00+00:00,23099.26,22833.61851,23295.603709999996,SL,-0.009999999999999952,1,PRIMARY_RULE,PRIMARY_RULE,external,
H1|VAH|RESISTANCE|WICK,H1,VAH,RESISTANCE,WICK,8693,2020-12-28 05:00:00+00:00,SHORT,27158.389375,H1|VAH|2020-12-28T04:00:00+00:00|RESISTANCE,2020-W53,2020-12-28 06:00:00+00:00,2020-12-28 07:00:00+00:00,26960.23,26650.187355000002,27189.391955,SL,-0.009999999999999952,2,PRIMARY_RULE,PRIMARY_RULE,external,
H1|VAH|RESISTANCE|WICK,H1,VAH,RESISTANCE,WICK,8864,2021-01-04 08:00:00+00:00,SHORT,32400.78875,H1|VAH|2021-01-04T07:00:00+00:00|RESISTANCE,2021-W01,2021-01-04 09:00:00+00:00,2021-01-04 09:00:00+00:00,32131.93,31762.412805,32405.051405,TP,0.010000000000000066,1,PRIMARY_RULE,PRIMARY_RULE,external,
H1|VAH|RESISTANCE|WICK,H1,VAH,RESISTANCE,WICK,9025,2021-01-11 01:00:00+00:00,SHORT,37707.8625,H1|VAH|2021-01-11T00:00:00+00:00|RESISTANCE,2021-W02,2021-01-11 02:00:00+00:00,2021-01-11 02:00:00+00:00,37300.49,36871.534365,37617.544165,TP,0.009999999999999955,1,PRIMARY_RULE,PRIMARY_RULE,external,
H1|VAH|RESISTANCE|WICK,H1,VAH,RESISTANCE,WICK,9206,2021-01-18 14:00:00+00:00,SHORT,36999.95125,H1|VAH|2021-01-18T13:00:00+00:00|RESISTANCE,2021-W03,2021-01-18 15:00:00+00:00,2021-01-18 16:00:00+00:00,36503.99,36084.194115,36814.273915,TP,0.009999999999999955,2,PRIMARY_RULE,PRIMARY_RULE,external,
H1|VAH|RESISTANCE|WICK,H1,VAH,RESISTANCE,WICK,9362,2021-01-25 02:00:00+00:00,SHORT,32808.79833333334,H1|VAH|2021-01-25T01:00:00+00:00|RESISTANCE,2021-W04,2021-01-25 03:00:00+00:00,2021-01-25 03:00:00+00:00,32795.69,32418.539565000003,33074.453365,SL,-0.009999999999999952,1,PRIMARY_RULE,PRIMARY_RULE,external,
H1|VAH|RESISTANCE|WICK,H1,VAH,RESISTANCE,WICK,9531,2021-02-01 03:00:00+00:00,SHORT,33666.47562500001,H1|VAH|2021-02-01T02:00:00+00:00|RESISTANCE,2021-W05,2021-02-01 04:00:00+00:00,2021-02-01 04:00:00+00:00,33600.37,33213.965745,33885.973145,SL,-0.009999999999999952,1,PRIMARY_RULE,PRIMARY_RULE,external,
H1|VAH|RESISTANCE|WICK,H1,VAH,RESISTANCE,WICK,9696,2021-02-08 00:00:00+00:00,SHORT,39037.43020833333,H1|VAH|2021-02-07T23:00:00+00:00|RESISTANCE,2021-W06,2021-02-08 01:00:00+00:00,2021-02-08 02:00:00+00:00,38774.61,38328.701985,39104.194185,TP,0.010000000000000066,2,PRIMARY_RULE,PRIMARY_RULE,external,
H1|VAH|RESISTANCE|WICK,H1,VAH,RESISTANCE,WICK,9864,2021-02-15 00:00:00+00:00,SHORT,49041.29520833334,H1|VAH|2021-02-14T23:00:00+00:00|RESISTANCE,2021-W07,2021-02-15 01:00:00+00:00,2021-02-15 01:00:00+00:00,48850.0,48288.225000000006,49265.225,TP,0.009999999999999844,1,PRIMARY_RULE,PRIMARY_RULE,external,
H1|VAH|RESISTANCE|WICK,H1,VAH,RESISTANCE,WICK,10034,2021-02-22 02:00:00+00:00,SHORT,56957.88979166667,H1|VAH|2021-02-22T01:00:00+00:00|RESISTANCE,2021-W08,2021-02-22 03:00:00+00:00,2021-02-22 03:00:00+00:00,56942.53,56287.690905,57426.541504999994,TP,0.009999999999999955,1,PRIMARY_RULE,PRIMARY_RULE,external,
H1|VAH|RESISTANCE|WICK,H1,VAH,RESISTANCE,WICK,10201,2021-03-01 01:00:00+00:00,SHORT,46285.075625,H1|VAH|2021-03-01T00:00:00+00:00|RESISTANCE,2021-W09,2021-03-01 02:00:00+00:00,2021-03-01 02:00:00+00:00,46186.92,45655.77042,46579.508819999995,SL,-0.009999999999999952,1,PRIMARY_RULE,PRIMARY_RULE,external,
H1|VAH|RESISTANCE|WICK,H1,VAH,RESISTANCE,WICK,10382,2021-03-08 14:00:00+00:00,SHORT,50897.93791666666,H1|VAH|2021-03-08T13:00:00+00:00|RESISTANCE,2021-W10,2021-03-08 15:00:00+00:00,2021-03-08 15:00:00+00:00,50784.37,50200.34974500001,51216.037145,SL,-0.009999999999999952,1,PRIMARY_RULE,PRIMARY_RULE,external,
H1|VAH|RESISTANCE|WICK,H1,VAH,RESISTANCE,WICK,10544,2021-03-15 08:00:00+00:00,SHORT,58150.179375,H1|VAH|2021-03-15T07:00:00+00:00|RESISTANCE,2021-W11,2021-03-15 09:00:00+00:00,2021-03-15 09:00:00+00:00,57822.64,57157.67964,58314.132439999994,TP,0.009999999999999955,1,PRIMARY_RULE,PRIMARY_RULE,external,
H1|VAH|RESISTANCE|WICK,H1,VAH,RESISTANCE,WICK,10709,2021-03-22 05:00:00+00:00,SHORT,57722.17895833333,H1|VAH|2021-03-22T04:00:00+00:00|RESISTANCE,2021-W12,2021-03-22 06:00:00+00:00,2021-03-22 10:00:00+00:00,57658.59,56995.516214999996,58148.68801499999,SL,-0.009999999999999952,5,PRIMARY_RULE,PRIMARY_RULE,external,
H1|VAH|RESISTANCE|WICK,H1,VAH,RESISTANCE,WICK,10875,2021-03-29 03:00:00+00:00,SHORT,55447.96770833334,H1|VAH|2021-03-29T02:00:00+00:00|RESISTANCE,2021-W13,2021-03-29 04:00:00+00:00,2021-03-29 07:00:00+00:00,55416.04,54778.755540000006,55887.07634,SL,-0.009999999999999952,4,PRIMARY_RULE,PRIMARY_RULE,external,
H1|VAH|RESISTANCE|WICK,H1,VAH,RESISTANCE,WICK,11040,2021-04-05 00:00:00+00:00,SHORT,58248.11729166667,H1|VAH|2021-04-04T23:00:00+00:00|RESISTANCE,2021-W14,2021-04-05 01:00:00+00:00,2021-04-05 05:00:00+00:00,57978.11,57311.361735000006,58470.923935,TP,0.009999999999999955,5,PRIMARY_RULE,PRIMARY_RULE,external,
H1|VAH|RESISTANCE|WICK,H1,VAH,RESISTANCE,WICK,11208,2021-04-12 00:00:00+00:00,SHORT,60071.37375,H1|VAH|2021-04-11T23:00:00+00:00|RESISTANCE,2021-W15,2021-04-12 01:00:00+00:00,2021-04-12 03:00:00+00:00,59905.22,59216.30997,60414.41437,SL,-0.009999999999999952,3,PRIMARY_RULE,PRIMARY_RULE,external,
H1|VAH|RESISTANCE|WICK,H1,VAH,RESISTANCE,WICK,11378,2021-04-19 02:00:00+00:00,SHORT,56957.291875,H1|VAH|2021-04-19T01:00:00+00:00|RESISTANCE,2021-W16,2021-04-19 03:00:00+00:00,2021-04-19 07:00:00+00:00,56872.53,56218.495905,57355.94650499999,SL,-0.009999999999999952,5,PRIMARY_RULE,PRIMARY_RULE,external,
H1|VAH|RESISTANCE|WICK,H1,VAH,RESISTANCE,WICK,11551,2021-04-26 07:00:00+00:00,SHORT,52857.54166666667,H1|VAH|2021-04-26T06:00:00+00:00|RESISTANCE,2021-W17,2021-04-26 08:00:00+00:00,2021-04-26 09:00:00+00:00,52816.01,52208.625885,53264.946084999996,SL,-0.009999999999999952,2,PRIMARY_RULE,PRIMARY_RULE,external,
H1|VAH|RESISTANCE|WICK,H1,VAH,RESISTANCE,WICK,11715,2021-05-03 03:00:00+00:00,SHORT,58131.479374999995,H1|VAH|2021-05-03T02:00:00+00:00|RESISTANCE,2021-W18,2021-05-03 04:00:00+00:00,2021-05-03 07:00:00+00:00,58004.56,57337.50756,58497.59875999999,SL,-0.009999999999999952,4,PRIMARY_RULE,PRIMARY_RULE,external,
H1|VAH|RESISTANCE|WICK,H1,VAH,RESISTANCE,WICK,11881,2021-05-10 01:00:00+00:00,SHORT,58785.89125,H1|VAH|2021-05-10T00:00:00+00:00|RESISTANCE,2021-W19,2021-05-10 02:00:00+00:00,2021-05-10 03:00:00+00:00,58762.89,58087.116765,59262.374565,SL,-0.009999999999999952,2,PRIMARY_RULE,PRIMARY_RULE,external,
H1|VAH|RESISTANCE|WICK,H1,VAH,RESISTANCE,WICK,12050,2021-05-17 02:00:00+00:00,SHORT,45062.87770833333,H1|VAH|2021-05-17T01:00:00+00:00|RESISTANCE,2021-W20,2021-05-17 03:00:00+00:00,2021-05-17 03:00:00+00:00,44550.01,44037.684885,44928.685085,TP,0.009999999999999955,1,PRIMARY_RULE,PRIMARY_RULE,external,
H1|VAH|RESISTANCE|WICK,H1,VAH,RESISTANCE,WICK,12217,2021-05-24 01:00:00+00:00,SHORT,35190.808958333335,H1|VAH|2021-05-24T00:00:00+00:00|RESISTANCE,2021-W21,2021-05-24 02:00:00+00:00,2021-05-24 02:00:00+00:00,35073.05,34669.709925,35371.170925,SL,-0.009999999999999952,1,PRIMARY_RULE,PRIMARY_RULE,external,
H1|VAH|RESISTANCE|WICK,H1,VAH,RESISTANCE,WICK,12384,2021-05-31 00:00:00+00:00,SHORT,35665.114375000005,H1|VAH|2021-05-30T23:00:00+00:00|RESISTANCE,2021-W22,2021-05-31 01:00:00+00:00,2021-05-31 01:00:00+00:00,35326.07,34919.820195,35626.341595,TP,0.009999999999999955,1,PRIMARY_RULE,PRIMARY_RULE,external,
H1|VAH|RESISTANCE|WICK,H1,VAH,RESISTANCE,WICK,12557,2021-06-07 05:00:00+00:00,SHORT,36326.715208333335,H1|VAH|2021-06-07T04:00:00+00:00|RESISTANCE,2021-W23,2021-06-07 06:00:00+00:00,2021-06-07 07:00:00+00:00,36296.23,35878.82335500001,36604.747955,TP,0.009999999999999844,2,PRIMARY_RULE,PRIMARY_RULE,external,
H1|VAH|RESISTANCE|WICK,H1,VAH,RESISTANCE,WICK,12723,2021-06-14 03:00:00+00:00,SHORT,38996.927500000005,H1|VAH|2021-06-14T02:00:00+00:00|RESISTANCE,2021-W24,2021-06-14 04:00:00+00:00,2021-06-14 04:00:00+00:00,38978.01,38529.762885000004,39309.323085,SL,-0.009999999999999952,1,PRIMARY_RULE,PRIMARY_RULE,external,
H1|VAH|RESISTANCE|WICK,H1,VAH,RESISTANCE,WICK,12888,2021-06-21 00:00:00+00:00,SHORT,35610.560208333336,H1|VAH|2021-06-20T23:00:00+00:00|RESISTANCE,2021-W25,2021-06-21 01:00:00+00:00,2021-06-21 02:00:00+00:00,35559.11,35150.180235,35861.362434999995,TP,0.010000000000000066,2,PRIMARY_RULE,PRIMARY_RULE,external,
H1|VAH|RESISTANCE|WICK,H1,VAH,RESISTANCE,WICK,13056,2021-06-28 00:00:00+00:00,SHORT,34625.7375,H1|VAH|2021-06-27T23:00:00+00:00|RESISTANCE,2021-W26,2021-06-28 01:00:00+00:00,2021-06-28 07:00:00+00:00,34550.21,34152.882585,34843.886784999995,SL,-0.009999999999999952,7,PRIMARY_RULE,PRIMARY_RULE,external,
H1|VAH|RESISTANCE|WICK,H1,VAH,RESISTANCE,WICK,13227,2021-07-05 03:00:00+00:00,SHORT,34458.575,H1|VAH|2021-07-05T02:00:00+00:00|RESISTANCE,2021-W27,2021-07-05 04:00:00+00:00,2021-07-05 11:00:00+00:00,34345.63,33950.655255,34637.567854999994,TP,0.009999999999999955,8,PRIMARY_RULE,PRIMARY_RULE,external,
H1|VAH|RESISTANCE|WICK,H1,VAH,RESISTANCE,WICK,13392,2021-07-12 00:00:00+00:00,SHORT,34298.53125,H1|VAH|2021-07-11T23:00:00+00:00|RESISTANCE,2021-W28,2021-07-12 01:00:00+00:00,2021-07-12 03:00:00+00:00,34159.94,33767.10069000001,34450.29949,SL,-0.009999999999999952,3,PRIMARY_RULE,PRIMARY_RULE,external,
H1|VAH|RESISTANCE|WICK,H1,VAH,RESISTANCE,WICK,13562,2021-07-19 02:00:00+00:00,SHORT,31533.401250000003,H1|VAH|2021-07-19T01:00:00+00:00|RESISTANCE,2021-W29,2021-07-19 03:00:00+00:00,2021-07-19 04:00:00+00:00,31498.13,31135.901505,31765.864105,SL,-0.009999999999999952,2,PRIMARY_RULE,PRIMARY_RULE,external,
H1|VAH|RESISTANCE|WICK,H1,VAH,RESISTANCE,WICK,13739,2021-07-26 11:00:00+00:00,SHORT,38558.15416666667,H1|VAH|2021-07-26T10:00:00+00:00|RESISTANCE,2021-W30,2021-07-26 12:00:00+00:00,2021-07-26 12:00:00+00:00,38468.05,38025.66742500001,38795.028425000004,SL,-0.009999999999999952,1,PRIMARY_RULE,PRIMARY_RULE,external,
H1|VAH|RESISTANCE|WICK,H1,VAH,RESISTANCE,WICK,13896,2021-08-02 00:00:00+00:00,SHORT,39915.11875,H1|VAH|2021-08-01T23:00:00+00:00|RESISTANCE,2021-W31,2021-08-02 01:00:00+00:00,2021-08-02 02:00:00+00:00,39528.61,39074.030985000005,39864.603185,SL,-0.009999999999999952,2,PRIMARY_RULE,PRIMARY_RULE,external,
H1|VAH|RESISTANCE|WICK,H1,VAH,RESISTANCE,WICK,14070,2021-08-09 06:00:00+00:00,SHORT,43635.884374999994,H1|VAH|2021-08-09T05:00:00+00:00|RESISTANCE,2021-W32,2021-08-09 07:00:00+00:00,2021-08-09 07:00:00+00:00,43469.83,42969.926955,43839.323555,SL,-0.009999999999999952,1,PRIMARY_RULE,PRIMARY_RULE,external,
H1|VAH|RESISTANCE|WICK,H1,VAH,RESISTANCE,WICK,14233,2021-08-16 01:00:00+00:00,SHORT,47690.231875,H1|VAH|2021-08-16T00:00:00+00:00|RESISTANCE,2021-W33,2021-08-16 02:00:00+00:00,2021-08-16 08:00:00+00:00,47671.65,47123.426025,48076.859025,TP,0.010000000000000066,7,PRIMARY_RULE,PRIMARY_RULE,external,
H1|VAH|RESISTANCE|WICK,H1,VAH,RESISTANCE,WICK,14405,2021-08-23 05:00:00+00:00,SHORT,50290.16333333333,H1|VAH|2021-08-23T04:00:00+00:00|RESISTANCE,2021-W34,2021-08-23 06:00:00+00:00,2021-08-23 15:00:00+00:00,50266.51,49688.445135,50693.775335,TP,0.009999999999999955,10,PRIMARY_RULE,PRIMARY_RULE,external,
H1|VAH|RESISTANCE|WICK,H1,VAH,RESISTANCE,WICK,14570,2021-08-30 02:00:00+00:00,SHORT,48624.29875,H1|VAH|2021-08-30T01:00:00+00:00|RESISTANCE,2021-W35,2021-08-30 03:00:00+00:00,2021-08-30 03:00:00+00:00,48422.34,47865.48309,48833.92988999999,TP,0.009999999999999844,1,PRIMARY_RULE,PRIMARY_RULE,external,
H1|VAH|RESISTANCE|WICK,H1,VAH,RESISTANCE,WICK,14736,2021-09-06 00:00:00+00:00,SHORT,51804.51875,H1|VAH|2021-09-05T23:00:00+00:00|RESISTANCE,2021-W36,2021-09-06 01:00:00+00:00,2021-09-06 11:00:00+00:00,51774.62,51179.21187000001,52214.70427,SL,-0.009999999999999952,11,PRIMARY_RULE,PRIMARY_RULE,external,
H1|VAH|RESISTANCE|WICK,H1,VAH,RESISTANCE,WICK,14904,2021-09-13 00:00:00+00:00,SHORT,46226.535,H1|VAH|2021-09-12T23:00:00+00:00|RESISTANCE,2021-W37,2021-09-13 01:00:00+00:00,2021-09-13 01:00:00+00:00,46062.41,45532.692285000005,46453.940485,TP,0.009999999999999955,1,PRIMARY_RULE,PRIMARY_RULE,external,
H1|VAH|RESISTANCE|WICK,H1,VAH,RESISTANCE,WICK,15078,2021-09-20 06:00:00+00:00,SHORT,45727.60416666667,H1|VAH|2021-09-20T05:00:00+00:00|RESISTANCE,2021-W38,2021-09-20 07:00:00+00:00,2021-09-20 07:00:00+00:00,45641.5,45116.62275,46029.45275,TP,0.009999999999999955,1,PRIMARY_RULE,PRIMARY_RULE,external,
H1|VAH|RESISTANCE|WICK,H1,VAH,RESISTANCE,WICK,15244,2021-09-27 04:00:00+00:00,SHORT,44063.550833333335,H1|VAH|2021-09-27T03:00:00+00:00|RESISTANCE,2021-W39,2021-09-27 05:00:00+00:00,2021-09-27 09:00:00+00:00,44003.94,43497.89469,44377.97349,TP,0.010000000000000066,5,PRIMARY_RULE,PRIMARY_RULE,external,
H1|VAH|RESISTANCE|WICK,H1,VAH,RESISTANCE,WICK,15409,2021-10-04 01:00:00+00:00,SHORT,48167.25979166667,H1|VAH|2021-10-04T00:00:00+00:00|RESISTANCE,2021-W40,2021-10-04 02:00:00+00:00,2021-10-04 04:00:00+00:00,47819.43,47269.506555,48225.895155,TP,0.009999999999999955,3,PRIMARY_RULE,PRIMARY_RULE,external,
H1|VAH|RESISTANCE|WICK,H1,VAH,RESISTANCE,WICK,15580,2021-10-11 04:00:00+00:00,SHORT,56540.09229166666,H1|VAH|2021-10-11T03:00:00+00:00|RESISTANCE,2021-W41,2021-10-11 05:00:00+00:00,2021-10-11 07:00:00+00:00,56508.28,55858.43478,56988.600379999996,SL,-0.009999999999999952,3,PRIMARY_RULE,PRIMARY_RULE,external,
H1|VAH|RESISTANCE|WICK,H1,VAH,RESISTANCE,WICK,15747,2021-10-18 03:00:00+00:00,SHORT,62231.45625,H1|VAH|2021-10-18T02:00:00+00:00|RESISTANCE,2021-W42,2021-10-18 04:00:00+00:00,2021-10-18 07:00:00+00:00,62175.0,61459.9875,62703.487499999996,SL,-0.009999999999999952,4,PRIMARY_RULE,PRIMARY_RULE,external,
H1|VAH|RESISTANCE|WICK,H1,VAH,RESISTANCE,WICK,15916,2021-10-25 04:00:00+00:00,SHORT,62124.89333333333,H1|VAH|2021-10-25T03:00:00+00:00|RESISTANCE,2021-W43,2021-10-25 05:00:00+00:00,2021-10-25 07:00:00+00:00,62093.91,61379.830035000006,62621.708235,SL,-0.009999999999999952,3,PRIMARY_RULE,PRIMARY_RULE,external,
H1|VAH|RESISTANCE|WICK,H1,VAH,RESISTANCE,WICK,16081,2021-11-01 01:00:00+00:00,SHORT,61547.178125,H1|VAH|2021-11-01T00:00:00+00:00|RESISTANCE,2021-W44,2021-11-01 02:00:00+00:00,2021-11-01 02:00:00+00:00,61354.0,60648.429000000004,61875.509,TP,0.009999999999999955,1,PRIMARY_RULE,PRIMARY_RULE,external,
H1|VAH|RESISTANCE|WICK,H1,VAH,RESISTANCE,WICK,16250,2021-11-08 02:00:00+00:00,SHORT,65342.729375,H1|VAH|2021-11-08T01:00:00+00:00|RESISTANCE,2021-W45,2021-11-08 03:00:00+00:00,2021-11-08 05:00:00+00:00,65155.06,64405.77681,65708.87801,SL,-0.009999999999999952,3,PRIMARY_RULE,PRIMARY_RULE,external,
H1|VAH|RESISTANCE|WICK,H1,VAH,RESISTANCE,WICK,16417,2021-11-15 01:00:00+00:00,SHORT,65981.38770833334,H1|VAH|2021-11-15T00:00:00+00:00|RESISTANCE,2021-W46,2021-11-15 02:00:00+00:00,2021-11-15 14:00:00+00:00,65947.01,65188.619385,66507.559585,TP,0.009999999999999955,13,PRIMARY_RULE,PRIMARY_RULE,external,
H1|VAH|RESISTANCE|WICK,H1,VAH,RESISTANCE,WICK,16591,2021-11-22 07:00:00+00:00,SHORT,57295.035208333335,H1|VAH|2021-11-22T06:00:00+00:00|RESISTANCE,2021-W47,2021-11-22 08:00:00+00:00,2021-11-22 09:00:00+00:00,57280.0,56621.280000000006,57766.88,SL,-0.009999999999999952,2,PRIMARY_RULE,PRIMARY_RULE,external,
H1|VAH|RESISTANCE|WICK,H1,VAH,RESISTANCE,WICK,16753,2021-11-29 01:00:00+00:00,SHORT,57750.805625,H1|VAH|2021-11-29T00:00:00+00:00|RESISTANCE,2021-W48,2021-11-29 02:00:00+00:00,2021-11-29 09:00:00+00:00,57693.38,57029.90613,58183.77372999999,TP,0.009999999999999955,8,PRIMARY_RULE,PRIMARY_RULE,external,
H1|VAH|RESISTANCE|WICK,H1,VAH,RESISTANCE,WICK,16924,2021-12-06 04:00:00+00:00,SHORT,48999.06375,H1|VAH|2021-12-06T03:00:00+00:00|RESISTANCE,2021-W49,2021-12-06 05:00:00+00:00,2021-12-06 06:00:00+00:00,48962.06,48398.99631,49378.23750999999,TP,0.009999999999999955,2,PRIMARY_RULE,PRIMARY_RULE,external,
H1|VAH|RESISTANCE|WICK,H1,VAH,RESISTANCE,WICK,17100,2021-12-13 12:00:00+00:00,SHORT,48812.38416666667,H1|VAH|2021-12-13T11:00:00+00:00|RESISTANCE,2021-W50,2021-12-13 13:00:00+00:00,2021-12-13 14:00:00+00:00,48579.79,48021.122415000005,48992.718215,TP,0.009999999999999955,2,PRIMARY_RULE,PRIMARY_RULE,external,
H1|VAH|RESISTANCE|WICK,H1,VAH,RESISTANCE,WICK,17259,2021-12-20 03:00:00+00:00,SHORT,46704.375,H1|VAH|2021-12-20T02:00:00+00:00|RESISTANCE,2021-W51,2021-12-20 04:00:00+00:00,2021-12-20 07:00:00+00:00,46676.54,46139.759790000004,47073.29059,TP,0.009999999999999955,4,PRIMARY_RULE,PRIMARY_RULE,external,
H1|VAH|RESISTANCE|WICK,H1,VAH,RESISTANCE,WICK,43974,2025-01-06 06:00:00+00:00,SHORT,99631.54375,H1|VAH|2025-01-06T05:00:00+00:00|RESISTANCE,2025-W02,2025-01-06 07:00:00+00:00,2025-01-06 14:00:00+00:00,99466.9,98323.03065,100312.36864999999,SL,-0.009999999999999952,8,PRIMARY_RULE,PRIMARY_RULE,reference_validation,
H1|VAH|RESISTANCE|WICK,H1,VAH,RESISTANCE,WICK,44143,2025-01-13 07:00:00+00:00,SHORT,93916.98749999999,H1|VAH|2025-01-13T06:00:00+00:00|RESISTANCE,2025-W03,2025-01-13 08:00:00+00:00,2025-01-13 10:00:00+00:00,93557.9,92481.98415,94353.14214999999,TP,0.009999999999999844,3,PRIMARY_RULE,PRIMARY_RULE,reference_validation,
H1|VAH|RESISTANCE|WICK,H1,VAH,RESISTANCE,WICK,44309,2025-01-20 05:00:00+00:00,SHORT,102394.89375,H1|VAH|2025-01-20T04:00:00+00:00|RESISTANCE,2025-W04,2025-01-20 06:00:00+00:00,2025-01-20 06:00:00+00:00,102330.2,101153.4027,103200.0067,SL,-0.009999999999999952,1,PRIMARY_RULE,PRIMARY_RULE,reference_validation,
H1|VAH|RESISTANCE|WICK,H1,VAH,RESISTANCE,WICK,44483,2025-01-27 11:00:00+00:00,SHORT,98825.0,H1|VAH|2025-01-27T10:00:00+00:00|RESISTANCE,2025-W05,2025-01-27 12:00:00+00:00,2025-01-27 12:00:00+00:00,98700.1,97565.04885,99539.05085,SL,-0.009999999999999952,1,PRIMARY_RULE,PRIMARY_RULE,reference_validation,
H1|VAH|RESISTANCE|WICK,H1,VAH,RESISTANCE,WICK,44642,2025-02-03 02:00:00+00:00,SHORT,94443.64166666666,H1|VAH|2025-02-03T01:00:00+00:00|RESISTANCE,2025-W06,2025-02-03 03:00:00+00:00,2025-02-03 03:00:00+00:00,93539.2,92463.4992,94334.28319999999,SL,-0.009999999999999952,1,PRIMARY_RULE,PRIMARY_RULE,reference_validation,
H1|VAH|RESISTANCE|WICK,H1,VAH,RESISTANCE,WICK,44817,2025-02-10 09:00:00+00:00,SHORT,97686.65,H1|VAH|2025-02-10T08:00:00+00:00|RESISTANCE,2025-W07,2025-02-10 10:00:00+00:00,2025-02-11 05:00:00+00:00,97630.1,96507.35385000001,98459.95585,SL,-0.009999999999999952,20,PRIMARY_RULE,PRIMARY_RULE,reference_validation,
H1|VAH|RESISTANCE|WICK,H1,VAH,RESISTANCE,WICK,44978,2025-02-17 02:00:00+00:00,SHORT,96307.44583333333,H1|VAH|2025-02-17T01:00:00+00:00|RESISTANCE,2025-W08,2025-02-17 03:00:00+00:00,2025-02-18 08:00:00+00:00,96188.1,95081.93685000001,97005.69885,TP,0.009999999999999955,30,PRIMARY_RULE,PRIMARY_RULE,reference_validation,
H1|VAH|RESISTANCE|WICK,H1,VAH,RESISTANCE,WICK,45157,2025-02-24 13:00:00+00:00,SHORT,95775.33958333335,H1|VAH|2025-02-24T12:00:00+00:00|RESISTANCE,2025-W09,2025-02-24 14:00:00+00:00,2025-02-24 15:00:00+00:00,95546.0,94447.221,96358.14099999999,TP,0.009999999999999955,2,PRIMARY_RULE,PRIMARY_RULE,reference_validation,
H1|VAH|RESISTANCE|WICK,H1,VAH,RESISTANCE,WICK,45321,2025-03-03 09:00:00+00:00,SHORT,91907.29166666666,H1|VAH|2025-03-03T08:00:00+00:00|RESISTANCE,2025-W10,2025-03-03 10:00:00+00:00,2025-03-03 11:00:00+00:00,91808.0,90752.208,92588.368,SL,-0.009999999999999952,2,PRIMARY_RULE,PRIMARY_RULE,reference_validation,
H1|VAH|RESISTANCE|WICK,H1,VAH,RESISTANCE,WICK,45483,2025-03-10 03:00:00+00:00,SHORT,82262.43541666667,H1|VAH|2025-03-10T02:00:00+00:00|RESISTANCE,2025-W11,2025-03-10 04:00:00+00:00,2025-03-10 05:00:00+00:00,82000.1,81057.09885000001,82697.10085,SL,-0.009999999999999952,2,PRIMARY_RULE,PRIMARY_RULE,reference_validation,
H1|VAH|RESISTANCE|WICK,H1,VAH,RESISTANCE,WICK,45650,2025-03-17 02:00:00+00:00,SHORT,83230.31458333333,H1|VAH|2025-03-17T01:00:00+00:00|RESISTANCE,2025-W12,2025-03-17 03:00:00+00:00,2025-03-17 12:00:00+00:00,83173.5,82217.00475000001,83880.47475,SL,-0.009999999999999952,10,PRIMARY_RULE,PRIMARY_RULE,reference_validation,
H1|VAH|RESISTANCE|WICK,H1,VAH,RESISTANCE,WICK,45832,2025-03-24 16:00:00+00:00,SHORT,88045.93958333333,H1|VAH|2025-03-24T15:00:00+00:00|RESISTANCE,2025-W13,2025-03-24 17:00:00+00:00,2025-03-25 01:00:00+00:00,88007.5,86995.41375,88755.56375,TP,0.009999999999999955,9,PRIMARY_RULE,PRIMARY_RULE,reference_validation,
H1|VAH|RESISTANCE|WICK,H1,VAH,RESISTANCE,WICK,45986,2025-03-31 02:00:00+00:00,SHORT,82039.85208333333,H1|VAH|2025-03-31T01:00:00+00:00|RESISTANCE,2025-W14,2025-03-31 03:00:00+00:00,2025-03-31 12:00:00+00:00,81894.8,80953.0098,82590.9058,SL,-0.009999999999999952,10,PRIMARY_RULE,PRIMARY_RULE,reference_validation,
H1|VAH|RESISTANCE|WICK,H1,VAH,RESISTANCE,WICK,46157,2025-04-07 05:00:00+00:00,SHORT,77308.44375,H1|VAH|2025-04-07T04:00:00+00:00|RESISTANCE,2025-W15,2025-04-07 06:00:00+00:00,2025-04-07 06:00:00+00:00,76915.9,76031.36714999999,77569.68514999999,TP,0.010000000000000066,1,PRIMARY_RULE,PRIMARY_RULE,reference_validation,
H1|VAH|RESISTANCE|WICK,H1,VAH,RESISTANCE,WICK,46321,2025-04-14 01:00:00+00:00,SHORT,84623.54583333334,H1|VAH|2025-04-14T00:00:00+00:00|RESISTANCE,2025-W16,2025-04-14 02:00:00+00:00,2025-04-14 02:00:00+00:00,84200.7,83232.39195,84916.40594999999,SL,-0.009999999999999952,1,PRIMARY_RULE,PRIMARY_RULE,reference_validation,
H1|VAH|RESISTANCE|WICK,H1,VAH,RESISTANCE,WICK,46491,2025-04-21 03:00:00+00:00,SHORT,87370.8125,H1|VAH|2025-04-21T02:00:00+00:00|RESISTANCE,2025-W17,2025-04-21 04:00:00+00:00,2025-04-21 14:00:00+00:00,87166.6,86164.18410000001,87907.51610000001,SL,-0.009999999999999952,11,PRIMARY_RULE,PRIMARY_RULE,reference_validation,
H1|VAH|RESISTANCE|WICK,H1,VAH,RESISTANCE,WICK,46664,2025-04-28 08:00:00+00:00,SHORT,94671.90208333333,H1|VAH|2025-04-28T07:00:00+00:00|RESISTANCE,2025-W18,2025-04-28 09:00:00+00:00,2025-04-28 11:00:00+00:00,94661.9,93573.28815,95466.52614999999,SL,-0.009999999999999952,3,PRIMARY_RULE,PRIMARY_RULE,reference_validation,
H1|VAH|RESISTANCE|WICK,H1,VAH,RESISTANCE,WICK,46837,2025-05-05 13:00:00+00:00,SHORT,94249.00625,H1|VAH|2025-05-05T12:00:00+00:00|RESISTANCE,2025-W19,2025-05-05 14:00:00+00:00,2025-05-05 22:00:00+00:00,94192.2,93108.9897,94992.83369999999,SL,-0.009999999999999952,9,PRIMARY_RULE,PRIMARY_RULE,reference_validation,
H1|VAH|RESISTANCE|WICK,H1,VAH,RESISTANCE,WICK,46993,2025-05-12 01:00:00+00:00,SHORT,104395.53958333333,H1|VAH|2025-05-12T00:00:00+00:00|RESISTANCE,2025-W20,2025-05-12 02:00:00+00:00,2025-05-12 07:00:00+00:00,103965.9,102770.29215,104849.61015,SL,-0.009999999999999952,6,PRIMARY_RULE,PRIMARY_RULE,reference_validation,
H1|VAH|RESISTANCE|WICK,H1,VAH,RESISTANCE,WICK,47169,2025-05-19 09:00:00+00:00,SHORT,103181.5875,H1|VAH|2025-05-19T08:00:00+00:00|RESISTANCE,2025-W21,2025-05-19 10:00:00+00:00,2025-05-19 14:00:00+00:00,103024.6,101839.81710000001,103900.3091,SL,-0.009999999999999952,5,PRIMARY_RULE,PRIMARY_RULE,reference_validation,
H1|VAH|RESISTANCE|WICK,H1,VAH,RESISTANCE,WICK,47330,2025-05-26 02:00:00+00:00,SHORT,109586.23958333334,H1|VAH|2025-05-26T01:00:00+00:00|RESISTANCE,2025-W22,2025-05-26 03:00:00+00:00,2025-05-26 15:00:00+00:00,109353.2,108095.6382,110282.70219999999,SL,-0.009999999999999952,13,PRIMARY_RULE,PRIMARY_RULE,reference_validation,
H1|VAH|RESISTANCE|WICK,H1,VAH,RESISTANCE,WICK,47496,2025-06-02 00:00:00+00:00,SHORT,105638.40625,H1|VAH|2025-06-01T23:00:00+00:00|RESISTANCE,2025-W23,2025-06-02 01:00:00+00:00,2025-06-02 11:00:00+00:00,105379.2,104167.3392,106274.92319999999,TP,0.009999999999999955,11,PRIMARY_RULE,PRIMARY_RULE,reference_validation,
H1|VAH|RESISTANCE|WICK,H1,VAH,RESISTANCE,WICK,47666,2025-06-09 02:00:00+00:00,SHORT,105582.48125,H1|VAH|2025-06-09T01:00:00+00:00|RESISTANCE,2025-W24,2025-06-09 03:00:00+00:00,2025-06-09 09:00:00+00:00,105512.8,104299.40280000001,106409.6588,SL,-0.009999999999999952,7,PRIMARY_RULE,PRIMARY_RULE,reference_validation,
H1|VAH|RESISTANCE|WICK,H1,VAH,RESISTANCE,WICK,47832,2025-06-16 00:00:00+00:00,SHORT,105511.57916666666,H1|VAH|2025-06-15T23:00:00+00:00|RESISTANCE,2025-W25,2025-06-16 01:00:00+00:00,2025-06-16 04:00:00+00:00,105378.7,104166.84495,106274.41894999999,SL,-0.009999999999999952,4,PRIMARY_RULE,PRIMARY_RULE,reference_validation,
H1|VAH|RESISTANCE|WICK,H1,VAH,RESISTANCE,WICK,48000,2025-06-23 00:00:00+00:00,SHORT,100884.89583333334,H1|VAH|2025-06-22T23:00:00+00:00|RESISTANCE,2025-W26,2025-06-23 01:00:00+00:00,2025-06-23 05:00:00+00:00,100849.8,99690.0273,101707.0233,SL,-0.009999999999999952,5,PRIMARY_RULE,PRIMARY_RULE,reference_validation,
H1|VAH|RESISTANCE|WICK,H1,VAH,RESISTANCE,WICK,48170,2025-06-30 02:00:00+00:00,SHORT,108592.13333333333,H1|VAH|2025-06-30T01:00:00+00:00|RESISTANCE,2025-W27,2025-06-30 03:00:00+00:00,2025-06-30 14:00:00+00:00,108441.3,107194.22505000001,109363.05105,TP,0.009999999999999955,12,PRIMARY_RULE,PRIMARY_RULE,reference_validation,
H1|VAH|RESISTANCE|WICK,H1,VAH,RESISTANCE,WICK,48339,2025-07-07 03:00:00+00:00,SHORT,109381.025,H1|VAH|2025-07-07T02:00:00+00:00|RESISTANCE,2025-W28,2025-07-07 04:00:00+00:00,2025-07-07 13:00:00+00:00,109349.0,108091.4865,110278.4665,TP,0.009999999999999955,10,PRIMARY_RULE,PRIMARY_RULE,reference_validation,
H1|VAH|RESISTANCE|WICK,H1,VAH,RESISTANCE,WICK,48505,2025-07-14 01:00:00+00:00,SHORT,119172.85,H1|VAH|2025-07-14T00:00:00+00:00|RESISTANCE,2025-W29,2025-07-14 02:00:00+00:00,2025-07-14 03:00:00+00:00,119052.2,117683.0997,120064.14369999999,SL,-0.009999999999999952,2,PRIMARY_RULE,PRIMARY_RULE,reference_validation,
H1|VAH|RESISTANCE|WICK,H1,VAH,RESISTANCE,WICK,48676,2025-07-21 04:00:00+00:00,SHORT,118432.375,H1|VAH|2025-07-21T03:00:00+00:00|RESISTANCE,2025-W30,2025-07-21 05:00:00+00:00,2025-07-21 07:00:00+00:00,118306.7,116946.17295000001,119312.30695,SL,-0.009999999999999952,3,PRIMARY_RULE,PRIMARY_RULE,reference_validation,
H1|VAH|RESISTANCE|WICK,H1,VAH,RESISTANCE,WICK,48840,2025-07-28 00:00:00+00:00,SHORT,119379.32291666666,H1|VAH|2025-07-27T23:00:00+00:00|RESISTANCE,2025-W31,2025-07-28 01:00:00+00:00,2025-07-28 17:00:00+00:00,119228.9,117857.76765,120242.34564999999,TP,0.009999999999999955,17,PRIMARY_RULE,PRIMARY_RULE,reference_validation,
H1|VAH|RESISTANCE|WICK,H1,VAH,RESISTANCE,WICK,49016,2025-08-04 08:00:00+00:00,SHORT,114650.15416666667,H1|VAH|2025-08-04T07:00:00+00:00|RESISTANCE,2025-W32,2025-08-04 09:00:00+00:00,2025-08-04 17:00:00+00:00,114493.4,113176.7259,115466.59389999999,SL,-0.009999999999999952,9,PRIMARY_RULE,PRIMARY_RULE,reference_validation,
H1|VAH|RESISTANCE|WICK,H1,VAH,RESISTANCE,WICK,49176,2025-08-11 00:00:00+00:00,SHORT,119162.14374999999,H1|VAH|2025-08-10T23:00:00+00:00|RESISTANCE,2025-W33,2025-08-11 01:00:00+00:00,2025-08-11 02:00:00+00:00,119093.0,117723.4305,120105.29049999999,SL,-0.009999999999999952,2,PRIMARY_RULE,PRIMARY_RULE,reference_validation,
H1|VAH|RESISTANCE|WICK,H1,VAH,RESISTANCE,WICK,49351,2025-08-18 07:00:00+00:00,SHORT,115195.51874999999,H1|VAH|2025-08-18T06:00:00+00:00|RESISTANCE,2025-W34,2025-08-18 08:00:00+00:00,2025-08-18 15:00:00+00:00,115153.2,113828.9382,116132.00219999999,SL,-0.009999999999999952,8,PRIMARY_RULE,PRIMARY_RULE,reference_validation,
H1|VAH|RESISTANCE|WICK,H1,VAH,RESISTANCE,WICK,49515,2025-08-25 03:00:00+00:00,SHORT,113412.08125,H1|VAH|2025-08-25T02:00:00+00:00|RESISTANCE,2025-W35,2025-08-25 04:00:00+00:00,2025-08-25 07:00:00+00:00,112867.8,111569.8203,113827.17629999999,TP,0.009999999999999955,4,PRIMARY_RULE,PRIMARY_RULE,reference_validation,
H1|VAH|RESISTANCE|WICK,H1,VAH,RESISTANCE,WICK,49683,2025-09-01 03:00:00+00:00,SHORT,107688.75,H1|VAH|2025-09-01T02:00:00+00:00|RESISTANCE,2025-W36,2025-09-01 04:00:00+00:00,2025-09-01 07:00:00+00:00,107619.1,106381.48035000001,108533.86235,SL,-0.009999999999999952,4,PRIMARY_RULE,PRIMARY_RULE,reference_validation,
H1|VAH|RESISTANCE|WICK,H1,VAH,RESISTANCE,WICK,49851,2025-09-08 03:00:00+00:00,SHORT,111134.15625,H1|VAH|2025-09-08T02:00:00+00:00|RESISTANCE,2025-W37,2025-09-08 04:00:00+00:00,2025-09-08 09:00:00+00:00,111004.8,109728.24480000001,111948.34079999999,SL,-0.009999999999999952,6,PRIMARY_RULE,PRIMARY_RULE,reference_validation,
H1|VAH|RESISTANCE|WICK,H1,VAH,RESISTANCE,WICK,50029,2025-09-15 13:00:00+00:00,SHORT,114819.29166666666,H1|VAH|2025-09-15T12:00:00+00:00|RESISTANCE,2025-W38,2025-09-15 14:00:00+00:00,2025-09-16 05:00:00+00:00,114610.7,113292.67695000001,115584.89094999999,SL,-0.009999999999999952,16,PRIMARY_RULE,PRIMARY_RULE,reference_validation,
H1|VAH|RESISTANCE|WICK,H1,VAH,RESISTANCE,WICK,50191,2025-09-22 07:00:00+00:00,SHORT,112688.30625,H1|VAH|2025-09-22T06:00:00+00:00|RESISTANCE,2025-W39,2025-09-22 08:00:00+00:00,2025-09-22 14:00:00+00:00,112454.5,111161.27325,113410.36325,SL,-0.009999999999999952,7,PRIMARY_RULE,PRIMARY_RULE,reference_validation,
H1|VAH|RESISTANCE|WICK,H1,VAH,RESISTANCE,WICK,50358,2025-09-29 06:00:00+00:00,SHORT,111655.11875,H1|VAH|2025-09-29T05:00:00+00:00|RESISTANCE,2025-W40,2025-09-29 07:00:00+00:00,2025-09-29 13:00:00+00:00,111580.0,110296.83,112528.43,SL,-0.009999999999999952,7,PRIMARY_RULE,PRIMARY_RULE,reference_validation,
H1|VAH|RESISTANCE|WICK,H1,VAH,RESISTANCE,WICK,50520,2025-10-06 00:00:00+00:00,SHORT,123435.53125,H1|VAH|2025-10-05T23:00:00+00:00|RESISTANCE,2025-W41,2025-10-06 01:00:00+00:00,2025-10-06 11:00:00+00:00,123295.9,121877.99715,124343.91514999999,SL,-0.009999999999999952,11,PRIMARY_RULE,PRIMARY_RULE,reference_validation,
H1|VAH|RESISTANCE|WICK,H1,VAH,RESISTANCE,WICK,50690,2025-10-13 02:00:00+00:00,SHORT,115570.6625,H1|VAH|2025-10-13T01:00:00+00:00|RESISTANCE,2025-W42,2025-10-13 03:00:00+00:00,2025-10-13 11:00:00+00:00,115275.0,113949.33750000001,116254.8375,TP,0.009999999999999955,9,PRIMARY_RULE,PRIMARY_RULE,reference_validation,
H1|VAH|RESISTANCE|WICK,H1,VAH,RESISTANCE,WICK,50863,2025-10-20 07:00:00+00:00,SHORT,111184.08333333334,H1|VAH|2025-10-20T06:00:00+00:00|RESISTANCE,2025-W43,2025-10-20 08:00:00+00:00,2025-10-20 17:00:00+00:00,111126.2,109848.2487,112070.77269999999,TP,0.009999999999999955,10,PRIMARY_RULE,PRIMARY_RULE,reference_validation,
H1|VAH|RESISTANCE|WICK,H1,VAH,RESISTANCE,WICK,51027,2025-10-27 03:00:00+00:00,SHORT,115022.0,H1|VAH|2025-10-27T02:00:00+00:00|RESISTANCE,2025-W44,2025-10-27 04:00:00+00:00,2025-10-27 06:00:00+00:00,114927.8,113606.1303,115904.6863,SL,-0.009999999999999952,3,PRIMARY_RULE,PRIMARY_RULE,reference_validation,
H1|VAH|RESISTANCE|WICK,H1,VAH,RESISTANCE,WICK,51197,2025-11-03 05:00:00+00:00,SHORT,107725.86875,H1|VAH|2025-11-03T04:00:00+00:00|RESISTANCE,2025-W45,2025-11-03 06:00:00+00:00,2025-11-03 15:00:00+00:00,107556.8,106319.8968,108471.0328,TP,0.009999999999999955,10,PRIMARY_RULE,PRIMARY_RULE,reference_validation,
H1|VAH|RESISTANCE|WICK,H1,VAH,RESISTANCE,WICK,51361,2025-11-10 01:00:00+00:00,SHORT,106247.41458333333,H1|VAH|2025-11-10T00:00:00+00:00|RESISTANCE,2025-W46,2025-11-10 02:00:00+00:00,2025-11-11 01:00:00+00:00,105683.0,104467.6455,106581.30549999999,SL,-0.009999999999999952,24,PRIMARY_RULE,PRIMARY_RULE,reference_validation,
H1|VAH|RESISTANCE|WICK,H1,VAH,RESISTANCE,WICK,51530,2025-11-17 02:00:00+00:00,SHORT,95187.53958333333,H1|VAH|2025-11-17T01:00:00+00:00|RESISTANCE,2025-W47,2025-11-17 03:00:00+00:00,2025-11-17 07:00:00+00:00,94942.1,93850.26585000001,95749.10785,SL,-0.009999999999999952,5,PRIMARY_RULE,PRIMARY_RULE,reference_validation,
H1|VAH|RESISTANCE|WICK,H1,VAH,RESISTANCE,WICK,51696,2025-11-24 00:00:00+00:00,SHORT,87065.57083333333,H1|VAH|2025-11-23T23:00:00+00:00|RESISTANCE,2025-W48,2025-11-24 01:00:00+00:00,2025-11-24 02:00:00+00:00,86701.7,85704.63045,87438.66445,SL,-0.009999999999999952,2,PRIMARY_RULE,PRIMARY_RULE,reference_validation,
H1|VAH|RESISTANCE|WICK,H1,VAH,RESISTANCE,WICK,51874,2025-12-01 10:00:00+00:00,SHORT,86717.01875,H1|VAH|2025-12-01T09:00:00+00:00|RESISTANCE,2025-W49,2025-12-01 11:00:00+00:00,2025-12-01 12:00:00+00:00,86599.0,85603.1115,87335.0915,TP,0.010000000000000066,2,PRIMARY_RULE,PRIMARY_RULE,reference_validation,
H1|VAH|RESISTANCE|WICK,H1,VAH,RESISTANCE,WICK,52045,2025-12-08 13:00:00+00:00,SHORT,91808.1375,H1|VAH|2025-12-08T12:00:00+00:00|RESISTANCE,2025-W50,2025-12-08 14:00:00+00:00,2025-12-08 15:00:00+00:00,91424.0,90372.62400000001,92201.10399999999,TP,0.009999999999999844,2,PRIMARY_RULE,PRIMARY_RULE,reference_validation,
H1|VAH|RESISTANCE|WICK,H1,VAH,RESISTANCE,WICK,52207,2025-12-15 07:00:00+00:00,SHORT,89720.05833333332,H1|VAH|2025-12-15T06:00:00+00:00|RESISTANCE,2025-W51,2025-12-15 08:00:00+00:00,2025-12-15 14:00:00+00:00,89702.9,88671.31665,90465.37464999998,TP,0.009999999999999955,7,PRIMARY_RULE,PRIMARY_RULE,reference_validation,
H1|VAH|RESISTANCE|WICK,H1,VAH,RESISTANCE,WICK,52373,2025-12-22 05:00:00+00:00,SHORT,88892.8625,H1|VAH|2025-12-22T04:00:00+00:00|RESISTANCE,2025-W52,2025-12-22 06:00:00+00:00,2025-12-22 08:00:00+00:00,88790.6,87769.5081,89545.3201,SL,-0.009999999999999952,3,PRIMARY_RULE,PRIMARY_RULE,reference_validation,
H1|VAH|RESISTANCE|WICK,H1,VAH,RESISTANCE,WICK,52541,2025-12-29 05:00:00+00:00,SHORT,90146.51458333334,H1|VAH|2025-12-29T04:00:00+00:00|RESISTANCE,2026-W01,2025-12-29 06:00:00+00:00,2025-12-29 09:00:00+00:00,89950.8,88916.36580000001,90715.3818,TP,0.009999999999999844,4,PRIMARY_RULE,PRIMARY_RULE,reference_validation,
H1|VAH|RESISTANCE|WICK,H1,VAH,RESISTANCE,WICK,52707,2026-01-05 03:00:00+00:00,SHORT,92890.32499999998,H1|VAH|2026-01-05T02:00:00+00:00|RESISTANCE,2026-W02,2026-01-05 04:00:00+00:00,2026-01-05 14:00:00+00:00,92835.3,91767.69405,93624.40005,SL,-0.009999999999999952,11,PRIMARY_RULE,PRIMARY_RULE,reference_validation,
H1|VAH|RESISTANCE|WICK,H1,VAH,RESISTANCE,WICK,52877,2026-01-12 05:00:00+00:00,SHORT,92097.46875,H1|VAH|2026-01-12T04:00:00+00:00|RESISTANCE,2026-W03,2026-01-12 06:00:00+00:00,2026-01-12 08:00:00+00:00,92066.7,91007.93295,92849.26694999999,TP,0.009999999999999955,3,PRIMARY_RULE,PRIMARY_RULE,reference_validation,
H1|VAH|RESISTANCE|WICK,H1,VAH,RESISTANCE,WICK,53041,2026-01-19 01:00:00+00:00,SHORT,92593.66875000001,H1|VAH|2026-01-19T00:00:00+00:00|RESISTANCE,2026-W04,2026-01-19 02:00:00+00:00,2026-01-19 16:00:00+00:00,92542.3,91478.06355,93328.90955,SL,-0.009999999999999952,15,PRIMARY_RULE,PRIMARY_RULE,reference_validation,
H1|VAH|RESISTANCE|WICK,H1,VAH,RESISTANCE,WICK,53210,2026-01-26 02:00:00+00:00,SHORT,87642.95416666666,H1|VAH|2026-01-26T01:00:00+00:00|RESISTANCE,2026-W05,2026-01-26 03:00:00+00:00,2026-01-26 08:00:00+00:00,87514.7,86508.28095,88258.57495,SL,-0.009999999999999952,6,PRIMARY_RULE,PRIMARY_RULE,reference_validation,
H1|VAH|RESISTANCE|WICK,H1,VAH,RESISTANCE,WICK,53377,2026-02-02 01:00:00+00:00,SHORT,77884.92916666667,H1|VAH|2026-02-02T00:00:00+00:00|RESISTANCE,2026-W06,2026-02-02 02:00:00+00:00,2026-02-02 02:00:00+00:00,77482.1,76591.05585,78140.69785,TP,0.010000000000000066,1,PRIMARY_RULE,PRIMARY_RULE,reference_validation,
H1|VAH|RESISTANCE|WICK,H1,VAH,RESISTANCE,WICK,53545,2026-02-09 01:00:00+00:00,SHORT,70500.25208333333,H1|VAH|2026-02-09T00:00:00+00:00|RESISTANCE,2026-W07,2026-02-09 02:00:00+00:00,2026-02-09 02:00:00+00:00,70327.9,69519.12915,70925.68715,SL,-0.009999999999999952,1,PRIMARY_RULE,PRIMARY_RULE,reference_validation,
H1|VAH|RESISTANCE|WICK,H1,VAH,RESISTANCE,WICK,53713,2026-02-16 01:00:00+00:00,SHORT,68853.09791666667,H1|VAH|2026-02-16T00:00:00+00:00|RESISTANCE,2026-W08,2026-02-16 02:00:00+00:00,2026-02-16 12:00:00+00:00,68590.8,67802.0058,69173.8218,SL,-0.009999999999999952,11,PRIMARY_RULE,PRIMARY_RULE,reference_validation,
H1|VAH|RESISTANCE|WICK,H1,VAH,RESISTANCE,WICK,53884,2026-02-23 04:00:00+00:00,SHORT,64907.94375,H1|VAH|2026-02-23T03:00:00+00:00|RESISTANCE,2026-W09,2026-02-23 05:00:00+00:00,2026-02-23 06:00:00+00:00,64777.2,64032.2622,65327.80619999999,SL,-0.009999999999999952,2,PRIMARY_RULE,PRIMARY_RULE,reference_validation,
H1|VAH|RESISTANCE|WICK,H1,VAH,RESISTANCE,WICK,54049,2026-03-02 01:00:00+00:00,SHORT,66571.0,H1|VAH|2026-03-02T00:00:00+00:00|RESISTANCE,2026-W10,2026-03-02 02:00:00+00:00,2026-03-02 07:00:00+00:00,66500.0,65735.25,67065.25,TP,0.009999999999999955,6,PRIMARY_RULE,PRIMARY_RULE,reference_validation,
H1|VAH|RESISTANCE|WICK,H1,VAH,RESISTANCE,WICK,54217,2026-03-09 01:00:00+00:00,SHORT,66430.15625,H1|VAH|2026-03-09T00:00:00+00:00|RESISTANCE,2026-W11,2026-03-09 02:00:00+00:00,2026-03-09 03:00:00+00:00,66150.1,65389.37385000001,66712.37585,SL,-0.009999999999999952,2,PRIMARY_RULE,PRIMARY_RULE,reference_validation,
H1|VAH|RESISTANCE|WICK,H1,VAH,RESISTANCE,WICK,54391,2026-03-16 07:00:00+00:00,SHORT,73799.74791666666,H1|VAH|2026-03-16T06:00:00+00:00|RESISTANCE,2026-W12,2026-03-16 08:00:00+00:00,2026-03-16 13:00:00+00:00,73427.8,72583.3803,74051.9363,SL,-0.009999999999999952,6,PRIMARY_RULE,PRIMARY_RULE,reference_validation,
H1|VAH|RESISTANCE|WICK,H1,VAH,RESISTANCE,WICK,54553,2026-03-23 01:00:00+00:00,SHORT,67932.75625,H1|VAH|2026-03-23T00:00:00+00:00|RESISTANCE,2026-W13,2026-03-23 02:00:00+00:00,2026-03-23 03:00:00+00:00,67875.6,67095.03060000001,68452.5426,SL,-0.009999999999999952,2,PRIMARY_RULE,PRIMARY_RULE,reference_validation,
H1|VAH|RESISTANCE|WICK,H1,VAH,RESISTANCE,WICK,54723,2026-03-30 03:00:00+00:00,SHORT,67191.075,H1|VAH|2026-03-30T02:00:00+00:00|RESISTANCE,2026-W14,2026-03-30 04:00:00+00:00,2026-03-30 05:00:00+00:00,67140.0,66367.89,67710.69,SL,-0.009999999999999952,2,PRIMARY_RULE,PRIMARY_RULE,reference_validation,
H1|VAH|RESISTANCE|WICK,H1,VAH,RESISTANCE,WICK,54892,2026-04-06 04:00:00+00:00,SHORT,69129.1,H1|VAH|2026-04-06T03:00:00+00:00|RESISTANCE,2026-W15,2026-04-06 05:00:00+00:00,2026-04-06 09:00:00+00:00,69107.6,68312.86260000001,69695.01460000001,SL,-0.009999999999999952,5,PRIMARY_RULE,PRIMARY_RULE,reference_validation,
H1|VAH|RESISTANCE|WICK,H1,VAH,RESISTANCE,WICK,55058,2026-04-13 02:00:00+00:00,SHORT,71121.73958333334,H1|VAH|2026-04-13T01:00:00+00:00|RESISTANCE,2026-W16,2026-04-13 03:00:00+00:00,2026-04-13 13:00:00+00:00,71047.0,70229.9595,71650.8995,SL,-0.009999999999999952,11,PRIMARY_RULE,PRIMARY_RULE,reference_validation,
H1|VAH|RESISTANCE|WICK,H1,VAH,RESISTANCE,WICK,55234,2026-04-20 10:00:00+00:00,SHORT,75076.43333333333,H1|VAH|2026-04-20T09:00:00+00:00|RESISTANCE,2026-W17,2026-04-20 11:00:00+00:00,2026-04-20 12:00:00+00:00,74993.3,74130.87705000001,75630.74305,SL,-0.009999999999999952,2,PRIMARY_RULE,PRIMARY_RULE,reference_validation,
H1|VAH|RESISTANCE|WICK,H1,VAH,RESISTANCE,WICK,55395,2026-04-27 03:00:00+00:00,SHORT,79144.50625,H1|VAH|2026-04-27T02:00:00+00:00|RESISTANCE,2026-W18,2026-04-27 04:00:00+00:00,2026-04-27 05:00:00+00:00,79065.1,78155.85135000001,79737.15335000001,TP,0.009999999999999955,2,PRIMARY_RULE,PRIMARY_RULE,reference_validation,
H1|VAH|RESISTANCE|WICK,H1,VAH,RESISTANCE,WICK,55567,2026-05-04 07:00:00+00:00,SHORT,79828.9875,H1|VAH|2026-05-04T06:00:00+00:00|RESISTANCE,2026-W19,2026-05-04 08:00:00+00:00,2026-05-04 10:00:00+00:00,79663.4,78747.2709,80340.53889999999,TP,0.009999999999999844,3,PRIMARY_RULE,PRIMARY_RULE,reference_validation,
H1|VAH|RESISTANCE|WICK,H1,VAH,RESISTANCE,WICK,55729,2026-05-11 01:00:00+00:00,SHORT,81580.0,H1|VAH|2026-05-11T00:00:00+00:00|RESISTANCE,2026-W20,2026-05-11 02:00:00+00:00,2026-05-11 03:00:00+00:00,81463.2,80526.3732,82155.6372,TP,0.009999999999999955,2,PRIMARY_RULE,PRIMARY_RULE,reference_validation,
H1|VAH|RESISTANCE|WICK,H1,VAH,RESISTANCE,WICK,55897,2026-05-18 01:00:00+00:00,SHORT,77175.88541666667,H1|VAH|2026-05-18T00:00:00+00:00|RESISTANCE,2026-W21,2026-05-18 02:00:00+00:00,2026-05-18 12:00:00+00:00,77084.5,76198.02825,77739.71824999999,SL,-0.009999999999999952,11,PRIMARY_RULE,PRIMARY_RULE,reference_validation,
H1|VAH|RESISTANCE|WICK,H1,VAH,RESISTANCE,WICK,56066,2026-05-25 02:00:00+00:00,SHORT,77106.3875,H1|VAH|2026-05-25T01:00:00+00:00|RESISTANCE,2026-W22,2026-05-25 03:00:00+00:00,2026-05-25 14:00:00+00:00,77064.2,76177.9617,77719.2457,SL,-0.009999999999999952,12,PRIMARY_RULE,PRIMARY_RULE,reference_validation,
H1|VAH|RESISTANCE|WICK,H1,VAH,RESISTANCE,WICK,56232,2026-06-01 00:00:00+00:00,SHORT,73987.85208333333,H1|VAH|2026-05-31T23:00:00+00:00|RESISTANCE,2026-W23,2026-06-01 01:00:00+00:00,2026-06-01 06:00:00+00:00,73854.9,73005.56865,74482.66664999998,TP,0.009999999999999955,6,PRIMARY_RULE,PRIMARY_RULE,reference_validation,
H1|VAH|RESISTANCE|WICK,H1,VAH,RESISTANCE,WICK,56402,2026-06-08 02:00:00+00:00,SHORT,63128.51041666667,H1|VAH|2026-06-08T01:00:00+00:00|RESISTANCE,2026-W24,2026-06-08 03:00:00+00:00,2026-06-08 11:00:00+00:00,63097.2,62371.5822,63633.52619999999,SL,-0.009999999999999952,9,PRIMARY_RULE,PRIMARY_RULE,reference_validation,
H1|VAH|RESISTANCE|WICK,H1,VAH,RESISTANCE,WICK,56568,2026-06-15 00:00:00+00:00,SHORT,65600.625,H1|VAH|2026-06-14T23:00:00+00:00|RESISTANCE,2026-W25,2026-06-15 01:00:00+00:00,2026-06-15 11:00:00+00:00,65591.4,64837.0989,66148.92689999999,SL,-0.009999999999999952,11,PRIMARY_RULE,PRIMARY_RULE,reference_validation,
H1|VAH|RESISTANCE|WICK,H1,VAH,RESISTANCE,WICK,56744,2026-06-22 08:00:00+00:00,SHORT,64280.418750000004,H1|VAH|2026-06-22T07:00:00+00:00|RESISTANCE,2026-W26,2026-06-22 09:00:00+00:00,2026-06-22 11:00:00+00:00,64133.9,63396.36015000001,64679.03815,SL,-0.009999999999999952,3,PRIMARY_RULE,PRIMARY_RULE,reference_validation,
H1|VAH|RESISTANCE|WICK,H1,VAH,RESISTANCE,WICK,56915,2026-06-29 11:00:00+00:00,SHORT,60175.1875,H1|VAH|2026-06-29T10:00:00+00:00|RESISTANCE,2026-W27,2026-06-29 12:00:00+00:00,2026-06-29 12:00:00+00:00,59927.2,59238.0372,60436.58119999999,SL,-0.009999999999999952,1,PRIMARY_RULE,PRIMARY_RULE,reference_validation,
H1|VAH|RESISTANCE|WICK,H1,VAH,RESISTANCE,WICK,57073,2026-07-06 01:00:00+00:00,SHORT,63581.20208333334,H1|VAH|2026-07-06T00:00:00+00:00|RESISTANCE,2026-W28,2026-07-06 02:00:00+00:00,2026-07-06 08:00:00+00:00,63544.1,62813.34285,64084.22485,TP,0.009999999999999955,7,PRIMARY_RULE,PRIMARY_RULE,reference_validation,
H1|VAH|RESISTANCE|WICK,H1,VAH,RESISTANCE,WICK,57245,2026-07-13 05:00:00+00:00,SHORT,62768.93958333333,H1|VAH|2026-07-13T04:00:00+00:00|RESISTANCE,2026-W29,2026-07-13 06:00:00+00:00,2026-07-13 17:00:00+00:00,62764.1,62042.31285,63297.594849999994,TP,0.009999999999999955,12,PRIMARY_RULE,PRIMARY_RULE,reference_validation,
H1|VAH|RESISTANCE|WICK,H1,VAH,RESISTANCE,WICK,57408,2026-07-20 00:00:00+00:00,SHORT,64690.35833333334,H1|VAH|2026-07-19T23:00:00+00:00|RESISTANCE,2026-W30,2026-07-20 01:00:00+00:00,2026-07-20 06:00:00+00:00,64526.0,63783.951,65074.471,TP,0.009999999999999955,6,PRIMARY_RULE,PRIMARY_RULE,reference_validation,
H1|VAH|RESISTANCE|WICK,H1,VAH,RESISTANCE,WICK,57746,2026-08-03 02:00:00+00:00,SHORT,63184.9,H1|VAH|2026-08-03T01:00:00+00:00|RESISTANCE,2026-W32,2026-08-03 03:00:00+00:00,2026-08-03 08:00:00+00:00,63118.2,62392.3407,63654.704699999995,TP,0.009999999999999955,6,PRIMARY_RULE,PRIMARY_RULE,august,
H1|VAH|RESISTANCE|WICK,H1,VAH,RESISTANCE,WICK,57915,2026-08-10 03:00:00+00:00,SHORT,65106.01041666667,H1|VAH|2026-08-10T02:00:00+00:00|RESISTANCE,2026-W33,2026-08-10 04:00:00+00:00,2026-08-10 15:00:00+00:00,64946.4,64199.51640000001,65498.4444,TP,0.009999999999999955,12,PRIMARY_RULE,PRIMARY_RULE,august,
H4|VAL|SUPPORT|HOLD,H4,VAL,SUPPORT,HOLD,17593,2022-01-03 01:00:00+00:00,LONG,47074.51020833333,H4|VAL|2022-01-02T20:00:00+00:00|SUPPORT,2022-W01,2022-01-03 02:00:00+00:00,2022-01-03 15:00:00+00:00,47117.42,47659.27033,46716.921930000004,SL,-0.00999999999999984,14,TOP4_ROUTER,TOP4_ROUTER,development,2.0
H4|VAL|SUPPORT|HOLD,H4,VAL,SUPPORT,HOLD,17761,2022-01-10 01:00:00+00:00,LONG,41776.22604166667,H4|VAL|2022-01-09T20:00:00+00:00|SUPPORT,2022-W02,2022-01-10 02:00:00+00:00,2022-01-10 11:00:00+00:00,41790.01,42270.595115000004,41434.794915000006,SL,-0.009999999999999952,10,TOP4_ROUTER,TOP4_ROUTER,development,2.0
H1|VWAP|SUPPORT|WICK,H1,VWAP,SUPPORT,WICK,17930,2022-01-17 02:00:00+00:00,LONG,42855.939098651135,H1|VWAP|2022-01-17T01:00:00+00:00|SUPPORT,2022-W03,2022-01-17 03:00:00+00:00,2022-01-17 05:00:00+00:00,42901.92,43395.29208,42537.25368,SL,-0.009999999999999952,3,TOP4_ROUTER,TOP4_ROUTER,development,1.0
H1|VAH|RESISTANCE|WICK,H1,VAH,RESISTANCE,WICK,18100,2022-01-24 04:00:00+00:00,SHORT,35253.183124999996,H1|VAH|2022-01-24T03:00:00+00:00|RESISTANCE,2022-W04,2022-01-24 05:00:00+00:00,2022-01-24 08:00:00+00:00,35106.28,34702.55778,35404.683379999995,SL,-0.009999999999999952,4,TOP4_ROUTER,TOP4_ROUTER,development,0.0
H1|VWAP|SUPPORT|WICK,H1,VWAP,SUPPORT,WICK,18266,2022-01-31 02:00:00+00:00,LONG,36833.592384321324,H1|VWAP|2022-01-31T01:00:00+00:00|SUPPORT,2022-W05,2022-01-31 03:00:00+00:00,2022-01-31 12:00:00+00:00,36965.9,37391.00785,36651.68985,TP,0.010000000000000066,10,TOP4_ROUTER,TOP4_ROUTER,development,1.0
H1|VWAP|SUPPORT|WICK,H1,VWAP,SUPPORT,WICK,18436,2022-02-07 04:00:00+00:00,LONG,42680.922309354755,H1|VWAP|2022-02-07T03:00:00+00:00|SUPPORT,2022-W06,2022-02-07 05:00:00+00:00,2022-02-07 09:00:00+00:00,42783.5,43275.51025,42419.84025,SL,-0.009999999999999952,5,TOP4_ROUTER,TOP4_ROUTER,development,1.0
H4|VAL|SUPPORT|HOLD,H4,VAL,SUPPORT,HOLD,18600,2022-02-14 00:00:00+00:00,LONG,42049.596041666664,H4|VAL|2022-02-13T20:00:00+00:00|SUPPORT,2022-W07,2022-02-14 01:00:00+00:00,2022-02-14 01:00:00+00:00,42099.97,42584.119655,41742.120255,SL,-0.009999999999999952,1,TOP4_ROUTER,TOP4_ROUTER,development,2.0
H1|VWAP|SUPPORT|WICK,H1,VWAP,SUPPORT,WICK,18768,2022-02-21 00:00:00+00:00,LONG,38629.916723238304,H1|VWAP|2022-02-20T23:00:00+00:00|SUPPORT,2022-W08,2022-02-21 01:00:00+00:00,2022-02-21 01:00:00+00:00,38719.1,39164.36965,38389.98765,TP,0.010000000000000066,1,TOP4_ROUTER,TOP4_ROUTER,development,1.0
H1|VAH|RESISTANCE|WICK,H1,VAH,RESISTANCE,WICK,18936,2022-02-28 00:00:00+00:00,SHORT,37550.63958333334,H1|VAH|2022-02-27T23:00:00+00:00|RESISTANCE,2022-W09,2022-02-28 01:00:00+00:00,2022-02-28 01:00:00+00:00,37548.2,37116.3957,37867.35969999999,SL,-0.009999999999999952,1,TOP4_ROUTER,TOP4_ROUTER,development,0.0
H4|VAL|SUPPORT|HOLD,H4,VAL,SUPPORT,HOLD,19104,2022-03-07 00:00:00+00:00,LONG,38372.02083333333,H4|VAL|2022-03-06T20:00:00+00:00|SUPPORT,2022-W10,2022-03-07 01:00:00+00:00,2022-03-07 02:00:00+00:00,38391.4,38832.9011,38065.0731,SL,-0.009999999999999952,2,TOP4_ROUTER,TOP4_ROUTER,development,2.0
H1|VWAP|SUPPORT|WICK,H1,VWAP,SUPPORT,WICK,19272,2022-03-14 00:00:00+00:00,LONG,37732.61701913878,H1|VWAP|2022-03-13T23:00:00+00:00|SUPPORT,2022-W11,2022-03-14 01:00:00+00:00,2022-03-14 01:00:00+00:00,37817.3,38252.198950000005,37495.85295000001,TP,0.010000000000000066,1,TOP4_ROUTER,TOP4_ROUTER,development,1.0
H1|VWAP|SUPPORT|WICK,H1,VWAP,SUPPORT,WICK,19440,2022-03-21 00:00:00+00:00,LONG,41289.4809619059,H1|VWAP|2022-03-20T23:00:00+00:00|SUPPORT,2022-W12,2022-03-21 01:00:00+00:00,2022-03-21 02:00:00+00:00,41404.9,41881.056350000006,41052.95835,SL,-0.010000000000000063,2,TOP4_ROUTER,TOP4_ROUTER,development,1.0
H1|VWAP|SUPPORT|WICK,H1,VWAP,SUPPORT,WICK,19608,2022-03-28 00:00:00+00:00,LONG,46729.587901877894,H1|VWAP|2022-03-27T23:00:00+00:00|SUPPORT,2022-W13,2022-03-28 01:00:00+00:00,2022-03-28 13:00:00+00:00,46916.0,47455.534,46517.214,TP,0.010000000000000066,13,TOP4_ROUTER,TOP4_ROUTER,development,1.0
H1|VWAP|SUPPORT|WICK,H1,VWAP,SUPPORT,WICK,19778,2022-04-04 02:00:00+00:00,LONG,45871.53038102105,H1|VWAP|2022-04-04T01:00:00+00:00|SUPPORT,2022-W14,2022-04-04 03:00:00+00:00,2022-04-04 15:00:00+00:00,46022.1,46551.35415,45630.912150000004,SL,-0.00999999999999984,13,TOP4_ROUTER,TOP4_ROUTER,development,1.0
H1|VWAP|SUPPORT|WICK,H1,VWAP,SUPPORT,WICK,19944,2022-04-11 00:00:00+00:00,LONG,42219.47834450066,H1|VWAP|2022-04-10T23:00:00+00:00|SUPPORT,2022-W15,2022-04-11 01:00:00+00:00,2022-04-11 02:00:00+00:00,42286.5,42772.79475,41927.064750000005,SL,-0.00999999999999984,2,TOP4_ROUTER,TOP4_ROUTER,development,1.0
H1|VAH|RESISTANCE|WICK,H1,VAH,RESISTANCE,WICK,20112,2022-04-18 00:00:00+00:00,SHORT,39738.80208333333,H1|VAH|2022-04-17T23:00:00+00:00|RESISTANCE,2022-W16,2022-04-18 01:00:00+00:00,2022-04-18 04:00:00+00:00,39707.7,39251.06145,40045.215449999996,TP,0.009999999999999955,4,TOP4_ROUTER,TOP4_ROUTER,development,0.0
H1|VWAP|SUPPORT|WICK,H1,VWAP,SUPPORT,WICK,20282,2022-04-25 02:00:00+00:00,LONG,38942.349091856384,H1|VWAP|2022-04-25T01:00:00+00:00|SUPPORT,2022-W17,2022-04-25 03:00:00+00:00,2022-04-25 06:00:00+00:00,39066.6,39515.865900000004,38734.5339,SL,-0.009999999999999952,4,TOP4_ROUTER,TOP4_ROUTER,development,1.0
H1|VWAP|SUPPORT|WICK,H1,VWAP,SUPPORT,WICK,20450,2022-05-02 02:00:00+00:00,LONG,38593.494972765024,H1|VWAP|2022-05-02T01:00:00+00:00|SUPPORT,2022-W18,2022-05-02 03:00:00+00:00,2022-05-02 04:00:00+00:00,38598.9,39042.787350000006,38270.80935,TP,0.010000000000000066,2,TOP4_ROUTER,TOP4_ROUTER,development,1.0
H1|VWAP|SUPPORT|WICK,H1,VWAP,SUPPORT,WICK,20616,2022-05-09 00:00:00+00:00,LONG,34060.01751015028,H1|VWAP|2022-05-08T23:00:00+00:00|SUPPORT,2022-W19,2022-05-09 01:00:00+00:00,2022-05-09 02:00:00+00:00,34146.4,34539.083600000005,33856.155600000006,SL,-0.00999999999999984,2,TOP4_ROUTER,TOP4_ROUTER,development,1.0
H1|VAH|RESISTANCE|WICK,H1,VAH,RESISTANCE,WICK,20788,2022-05-16 04:00:00+00:00,SHORT,30379.425,H1|VAH|2022-05-16T03:00:00+00:00|RESISTANCE,2022-W20,2022-05-16 05:00:00+00:00,2022-05-16 06:00:00+00:00,30313.4,29964.795900000005,30571.0639,TP,0.009999999999999844,2,TOP4_ROUTER,TOP4_ROUTER,development,0.0
H1|VAH|RESISTANCE|WICK,H1,VAH,RESISTANCE,WICK,20952,2022-05-23 00:00:00+00:00,SHORT,30360.80625,H1|VAH|2022-05-22T23:00:00+00:00|RESISTANCE,2022-W21,2022-05-23 01:00:00+00:00,2022-05-23 06:00:00+00:00,30267.2,29919.127200000003,30524.4712,SL,-0.009999999999999952,6,TOP4_ROUTER,TOP4_ROUTER,development,0.0
H1|VWAP|SUPPORT|WICK,H1,VWAP,SUPPORT,WICK,21124,2022-05-30 04:00:00+00:00,LONG,30296.693861006606,H1|VWAP|2022-05-30T03:00:00+00:00|SUPPORT,2022-W22,2022-05-30 05:00:00+00:00,2022-05-30 06:00:00+00:00,30321.5,30670.19725,30063.76725,TP,0.010000000000000066,2,TOP4_ROUTER,TOP4_ROUTER,development,1.0
H1|VAH|RESISTANCE|WICK,H1,VAH,RESISTANCE,WICK,21293,2022-06-06 05:00:00+00:00,SHORT,31259.06875,H1|VAH|2022-06-06T04:00:00+00:00|RESISTANCE,2022-W23,2022-06-06 06:00:00+00:00,2022-06-06 06:00:00+00:00,31158.3,30799.97955,31423.145549999997,SL,-0.009999999999999952,1,TOP4_ROUTER,TOP4_ROUTER,development,0.0
H1|VAH|RESISTANCE|WICK,H1,VAH,RESISTANCE,WICK,21460,2022-06-13 04:00:00+00:00,SHORT,25443.52291666667,H1|VAH|2022-06-13T03:00:00+00:00|RESISTANCE,2022-W24,2022-06-13 05:00:00+00:00,2022-06-13 05:00:00+00:00,25373.8,25082.0013,25589.4773,SL,-0.009999999999999952,1,TOP4_ROUTER,TOP4_ROUTER,development,0.0
H1|VWAP|SUPPORT|WICK,H1,VWAP,SUPPORT,WICK,21626,2022-06-20 02:00:00+00:00,LONG,19826.828608141706,H1|VWAP|2022-06-20T01:00:00+00:00|SUPPORT,2022-W25,2022-06-20 03:00:00+00:00,2022-06-20 03:00:00+00:00,19936.3,20165.567450000002,19766.84145,TP,0.010000000000000066,1,TOP4_ROUTER,TOP4_ROUTER,development,1.0
H1|VWAP|SUPPORT|WICK,H1,VWAP,SUPPORT,WICK,21793,2022-06-27 01:00:00+00:00,LONG,21037.108603077348,H1|VWAP|2022-06-27T00:00:00+00:00|SUPPORT,2022-W26,2022-06-27 02:00:00+00:00,2022-06-27 07:00:00+00:00,21080.0,21322.420000000002,20900.82,TP,0.010000000000000066,6,TOP4_ROUTER,TOP4_ROUTER,development,1.0
H1|VAH|RESISTANCE|WICK,H1,VAH,RESISTANCE,WICK,21960,2022-07-04 00:00:00+00:00,SHORT,19296.177083333336,H1|VAH|2022-07-03T23:00:00+00:00|RESISTANCE,2022-W27,2022-07-04 01:00:00+00:00,2022-07-04 09:00:00+00:00,19254.9,19033.468650000003,19418.56665,SL,-0.009999999999999952,9,TOP4_ROUTER,TOP4_ROUTER,development,0.0
H1|VAH|RESISTANCE|WICK,H1,VAH,RESISTANCE,WICK,22131,2022-07-11 03:00:00+00:00,SHORT,20551.82083333333,H1|VAH|2022-07-11T02:00:00+00:00|RESISTANCE,2022-W28,2022-07-11 04:00:00+00:00,2022-07-11 13:00:00+00:00,20540.0,20303.79,20714.59,SL,-0.009999999999999952,10,TOP4_ROUTER,TOP4_ROUTER,development,0.0
H1|VAH|RESISTANCE|WICK,H1,VAH,RESISTANCE,WICK,22296,2022-07-18 00:00:00+00:00,SHORT,20876.375,H1|VAH|2022-07-17T23:00:00+00:00|RESISTANCE,2022-W29,2022-07-18 01:00:00+00:00,2022-07-18 01:00:00+00:00,20815.5,20576.121750000002,20992.43175,SL,-0.009999999999999952,1,TOP4_ROUTER,TOP4_ROUTER,development,0.0
H1|VWAP|SUPPORT|WICK,H1,VWAP,SUPPORT,WICK,22468,2022-07-25 04:00:00+00:00,LONG,21859.35253290786,H1|VWAP|2022-07-25T03:00:00+00:00|SUPPORT,2022-W30,2022-07-25 05:00:00+00:00,2022-07-25 14:00:00+00:00,21880.8,22132.429200000002,21694.8132,SL,-0.009999999999999952,10,TOP4_ROUTER,TOP4_ROUTER,development,1.0
H1|VWAP|SUPPORT|WICK,H1,VWAP,SUPPORT,WICK,22632,2022-08-01 00:00:00+00:00,LONG,23339.88417225654,H1|VWAP|2022-07-31T23:00:00+00:00|SUPPORT,2022-W31,2022-08-01 01:00:00+00:00,2022-08-01 06:00:00+00:00,23365.8,23634.5067,23167.1907,SL,-0.009999999999999952,6,TOP4_ROUTER,TOP4_ROUTER,development,1.0
H4|VAL|SUPPORT|HOLD,H4,VAL,SUPPORT,HOLD,22800,2022-08-08 00:00:00+00:00,LONG,23154.0125,H4|VAL|2022-08-07T20:00:00+00:00|SUPPORT,2022-W32,2022-08-08 01:00:00+00:00,2022-08-08 06:00:00+00:00,23251.8,23519.1957,23054.1597,TP,0.010000000000000066,6,TOP4_ROUTER,TOP4_ROUTER,development,2.0
H1|VWAP|SUPPORT|WICK,H1,VWAP,SUPPORT,WICK,22968,2022-08-15 00:00:00+00:00,LONG,24279.99166420747,H1|VWAP|2022-08-14T23:00:00+00:00|SUPPORT,2022-W33,2022-08-15 01:00:00+00:00,2022-08-15 02:00:00+00:00,24387.5,24667.956250000003,24180.206250000003,TP,0.010000000000000066,2,TOP4_ROUTER,TOP4_ROUTER,development,1.0
H4|VAL|SUPPORT|HOLD,H4,VAL,SUPPORT,HOLD,23136,2022-08-22 00:00:00+00:00,LONG,21429.981249999997,H4|VAL|2022-08-21T20:00:00+00:00|SUPPORT,2022-W34,2022-08-22 01:00:00+00:00,2022-08-22 07:00:00+00:00,21441.2,21687.773800000003,21258.949800000002,SL,-0.009999999999999952,7,TOP4_ROUTER,TOP4_ROUTER,development,2.0
H1|VWAP|SUPPORT|WICK,H1,VWAP,SUPPORT,WICK,23305,2022-08-29 01:00:00+00:00,LONG,19623.376877193165,H1|VWAP|2022-08-29T00:00:00+00:00|SUPPORT,2022-W35,2022-08-29 02:00:00+00:00,2022-08-29 03:00:00+00:00,19650.9,19876.885350000004,19483.867350000004,TP,0.010000000000000066,2,TOP4_ROUTER,TOP4_ROUTER,development,1.0
H1|VAH|RESISTANCE|WICK,H1,VAH,RESISTANCE,WICK,23472,2022-09-05 00:00:00+00:00,SHORT,19975.627083333333,H1|VAH|2022-09-04T23:00:00+00:00|RESISTANCE,2022-W36,2022-09-05 01:00:00+00:00,2022-09-05 05:00:00+00:00,19906.4,19677.476400000003,20075.6044,TP,0.009999999999999955,5,TOP4_ROUTER,TOP4_ROUTER,development,0.0
H1|VAH|RESISTANCE|WICK,H1,VAH,RESISTANCE,WICK,23644,2022-09-12 04:00:00+00:00,SHORT,21721.479166666664,H1|VAH|2022-09-12T03:00:00+00:00|RESISTANCE,2022-W37,2022-09-12 05:00:00+00:00,2022-09-12 07:00:00+00:00,21706.9,21457.270650000002,21891.40865,SL,-0.009999999999999952,3,TOP4_ROUTER,TOP4_ROUTER,development,0.0
H1|VAH|RESISTANCE|WICK,H1,VAH,RESISTANCE,WICK,23808,2022-09-19 00:00:00+00:00,SHORT,19463.860416666663,H1|VAH|2022-09-18T23:00:00+00:00|RESISTANCE,2022-W38,2022-09-19 01:00:00+00:00,2022-09-19 02:00:00+00:00,19448.9,19225.237650000003,19614.215650000002,TP,0.009999999999999955,2,TOP4_ROUTER,TOP4_ROUTER,development,0.0
H1|VAH|RESISTANCE|WICK,H1,VAH,RESISTANCE,WICK,23976,2022-09-26 00:00:00+00:00,SHORT,18789.41875,H1|VAH|2022-09-25T23:00:00+00:00|RESISTANCE,2022-W39,2022-09-26 01:00:00+00:00,2022-09-26 02:00:00+00:00,18765.7,18549.89445,18925.20845,SL,-0.009999999999999952,2,TOP4_ROUTER,TOP4_ROUTER,development,0.0
H1|VWAP|SUPPORT|WICK,H1,VWAP,SUPPORT,WICK,24144,2022-10-03 00:00:00+00:00,LONG,19004.544658051476,H1|VWAP|2022-10-02T23:00:00+00:00|SUPPORT,2022-W40,2022-10-03 01:00:00+00:00,2022-10-03 06:00:00+00:00,19083.9,19303.36485,18921.686850000002,TP,0.010000000000000066,6,TOP4_ROUTER,TOP4_ROUTER,development,1.0
H4|VAH|SUPPORT|WICK,H4,VAH,SUPPORT,WICK,24312,2022-10-10 00:00:00+00:00,LONG,19451.8375,H4|VAH|2022-10-09T20:00:00+00:00|SUPPORT,2022-W41,2022-10-10 01:00:00+00:00,2022-10-10 08:00:00+00:00,19484.2,19708.268300000003,19318.584300000002,SL,-0.009999999999999952,8,TOP4_ROUTER,TOP4_ROUTER,development,3.0
H1|VAH|RESISTANCE|WICK,H1,VAH,RESISTANCE,WICK,24480,2022-10-17 00:00:00+00:00,SHORT,19256.199999999997,H1|VAH|2022-10-16T23:00:00+00:00|RESISTANCE,2022-W42,2022-10-17 01:00:00+00:00,2022-10-17 10:00:00+00:00,19220.0,18998.97,19383.37,SL,-0.009999999999999952,10,TOP4_ROUTER,TOP4_ROUTER,development,0.0
H1|VAH|RESISTANCE|WICK,H1,VAH,RESISTANCE,WICK,24648,2022-10-24 00:00:00+00:00,SHORT,19559.9375,H1|VAH|2022-10-23T23:00:00+00:00|RESISTANCE,2022-W43,2022-10-24 01:00:00+00:00,2022-10-24 04:00:00+00:00,19510.4,19286.030400000003,19676.238400000002,TP,0.009999999999999955,4,TOP4_ROUTER,TOP4_ROUTER,development,0.0
H1|VAH|RESISTANCE|WICK,H1,VAH,RESISTANCE,WICK,24816,2022-10-31 00:00:00+00:00,SHORT,20607.13958333333,H1|VAH|2022-10-30T23:00:00+00:00|RESISTANCE,2022-W44,2022-10-31 01:00:00+00:00,2022-10-31 09:00:00+00:00,20532.7,20296.57395,20707.22795,SL,-0.009999999999999952,9,TOP4_ROUTER,TOP4_ROUTER,development,0.0
H4|VAL|SUPPORT|HOLD,H4,VAL,SUPPORT,HOLD,24984,2022-11-07 00:00:00+00:00,LONG,20870.356249999997,H4|VAL|2022-11-06T20:00:00+00:00|SUPPORT,2022-W45,2022-11-07 01:00:00+00:00,2022-11-07 07:00:00+00:00,20894.4,21134.685600000004,20716.7976,SL,-0.009999999999999952,7,TOP4_ROUTER,TOP4_ROUTER,development,2.0
H1|VAH|RESISTANCE|WICK,H1,VAH,RESISTANCE,WICK,25152,2022-11-14 00:00:00+00:00,SHORT,16357.864583333332,H1|VAH|2022-11-13T23:00:00+00:00|RESISTANCE,2022-W46,2022-11-14 01:00:00+00:00,2022-11-14 01:00:00+00:00,16254.0,16067.079000000002,16392.159,TP,0.009999999999999955,1,TOP4_ROUTER,TOP4_ROUTER,development,0.0
H1|VAH|RESISTANCE|WICK,H1,VAH,RESISTANCE,WICK,25320,2022-11-21 00:00:00+00:00,SHORT,16275.391666666666,H1|VAH|2022-11-20T23:00:00+00:00|RESISTANCE,2022-W47,2022-11-21 01:00:00+00:00,2022-11-21 02:00:00+00:00,16261.5,16074.492750000001,16399.72275,TP,0.009999999999999955,2,TOP4_ROUTER,TOP4_ROUTER,development,0.0
H4|VAL|SUPPORT|HOLD,H4,VAL,SUPPORT,HOLD,25488,2022-11-28 00:00:00+00:00,LONG,16424.0,H4|VAL|2022-11-27T20:00:00+00:00|SUPPORT,2022-W48,2022-11-28 01:00:00+00:00,2022-11-28 01:00:00+00:00,16436.4,16625.4186,16296.690600000002,SL,-0.009999999999999952,1,TOP4_ROUTER,TOP4_ROUTER,development,2.0
H1|VAH|RESISTANCE|WICK,H1,VAH,RESISTANCE,WICK,25658,2022-12-05 02:00:00+00:00,SHORT,17249.05416666667,H1|VAH|2022-12-05T01:00:00+00:00|RESISTANCE,2022-W49,2022-12-05 03:00:00+00:00,2022-12-05 04:00:00+00:00,17235.0,17036.7975,17381.497499999998,SL,-0.009999999999999952,2,TOP4_ROUTER,TOP4_ROUTER,development,0.0
H1|VWAP|SUPPORT|WICK,H1,VWAP,SUPPORT,WICK,25829,2022-12-12 05:00:00+00:00,LONG,16915.258363238005,H1|VWAP|2022-12-12T04:00:00+00:00|SUPPORT,2022-W50,2022-12-12 06:00:00+00:00,2022-12-12 21:00:00+00:00,16938.1,17132.88815,16794.12615,TP,0.010000000000000066,16,TOP4_ROUTER,TOP4_ROUTER,development,1.0
H1|VAH|RESISTANCE|WICK,H1,VAH,RESISTANCE,WICK,25992,2022-12-19 00:00:00+00:00,SHORT,16789.970833333333,H1|VAH|2022-12-18T23:00:00+00:00|RESISTANCE,2022-W51,2022-12-19 01:00:00+00:00,2022-12-19 17:00:00+00:00,16766.9,16574.080650000004,16909.41865,TP,0.009999999999999844,17,TOP4_ROUTER,TOP4_ROUTER,development,0.0
H1|VWAP|SUPPORT|WICK,H1,VWAP,SUPPORT,WICK,26160,2022-12-26 00:00:00+00:00,LONG,16817.792480638513,H1|VWAP|2022-12-25T23:00:00+00:00|SUPPORT,2022-W52,2022-12-26 01:00:00+00:00,2022-12-27 17:00:00+00:00,16822.2,17015.655300000002,16679.211300000003,SL,-0.00999999999999984,41,TOP4_ROUTER,TOP4_ROUTER,development,1.0
H1|VAH|RESISTANCE|WICK,H1,VAH,RESISTANCE,WICK,26333,2023-01-02 05:00:00+00:00,SHORT,16644.300000000003,H1|VAH|2023-01-02T04:00:00+00:00|RESISTANCE,2023-W01,2023-01-02 06:00:00+00:00,2023-01-02 21:00:00+00:00,16640.1,16448.738849999998,16781.540849999998,SL,-0.009999999999999952,16,TOP4_ROUTER,TOP4_ROUTER,development,0.0
H1|VWAP|SUPPORT|WICK,H1,VWAP,SUPPORT,WICK,26497,2023-01-09 01:00:00+00:00,LONG,17147.115882916114,H1|VWAP|2023-01-09T00:00:00+00:00|SUPPORT,2023-W02,2023-01-09 02:00:00+00:00,2023-01-09 17:00:00+00:00,17167.0,17364.4205,17021.0805,TP,0.010000000000000066,16,TOP4_ROUTER,TOP4_ROUTER,development,1.0
H1|VWAP|SUPPORT|WICK,H1,VWAP,SUPPORT,WICK,26664,2023-01-16 00:00:00+00:00,LONG,20896.523287340977,H1|VWAP|2023-01-15T23:00:00+00:00|SUPPORT,2023-W03,2023-01-16 01:00:00+00:00,2023-01-16 01:00:00+00:00,20981.5,21222.78725,20803.15725,TP,0.010000000000000066,1,TOP4_ROUTER,TOP4_ROUTER,development,1.0
H1|VWAP|SUPPORT|WICK,H1,VWAP,SUPPORT,WICK,26832,2023-01-23 00:00:00+00:00,LONG,22708.176740901978,H1|VWAP|2023-01-22T23:00:00+00:00|SUPPORT,2023-W04,2023-01-23 01:00:00+00:00,2023-01-23 14:00:00+00:00,22743.1,23004.64565,22549.78365,SL,-0.00999999999999984,14,TOP4_ROUTER,TOP4_ROUTER,development,1.0
H4|VAL|SUPPORT|HOLD,H4,VAL,SUPPORT,HOLD,27000,2023-01-30 00:00:00+00:00,LONG,23735.668749999997,H4|VAL|2023-01-29T20:00:00+00:00|SUPPORT,2023-W05,2023-01-30 01:00:00+00:00,2023-01-30 08:00:00+00:00,23752.7,24025.856050000002,23550.802050000002,SL,-0.009999999999999952,8,TOP4_ROUTER,TOP4_ROUTER,development,2.0
H1|VAH|RESISTANCE|WICK,H1,VAH,RESISTANCE,WICK,27172,2023-02-06 04:00:00+00:00,SHORT,22906.360416666663,H1|VAH|2023-02-06T03:00:00+00:00|RESISTANCE,2023-W06,2023-02-06 05:00:00+00:00,2023-02-06 05:00:00+00:00,22865.6,22602.6456,23059.957599999998,TP,0.009999999999999955,1,TOP4_ROUTER,TOP4_ROUTER,development,0.0
H1|VWAP|SUPPORT|WICK,H1,VWAP,SUPPORT,WICK,27336,2023-02-13 00:00:00+00:00,LONG,21763.3855999302,H1|VWAP|2023-02-12T23:00:00+00:00|SUPPORT,2023-W07,2023-02-13 01:00:00+00:00,2023-02-13 02:00:00+00:00,21800.0,22050.7,21614.7,SL,-0.009999999999999952,2,TOP4_ROUTER,TOP4_ROUTER,development,1.0
H4|VAL|SUPPORT|HOLD,H4,VAL,SUPPORT,HOLD,27504,2023-02-20 00:00:00+00:00,LONG,24187.7125,H4|VAL|2023-02-19T20:00:00+00:00|SUPPORT,2023-W08,2023-02-20 01:00:00+00:00,2023-02-20 01:00:00+00:00,24208.0,24486.392,24002.232,SL,-0.009999999999999952,1,TOP4_ROUTER,TOP4_ROUTER,development,2.0
H1|VWAP|SUPPORT|WICK,H1,VWAP,SUPPORT,WICK,27673,2023-02-27 01:00:00+00:00,LONG,23486.45818547033,H1|VWAP|2023-02-27T00:00:00+00:00|SUPPORT,2023-W09,2023-02-27 02:00:00+00:00,2023-02-27 05:00:00+00:00,23544.0,23814.756,23343.876,SL,-0.009999999999999952,4,TOP4_ROUTER,TOP4_ROUTER,development,1.0
H1|VWAP|SUPPORT|WICK,H1,VWAP,SUPPORT,WICK,27840,2023-03-06 00:00:00+00:00,LONG,22397.269420181907,H1|VWAP|2023-03-05T23:00:00+00:00|SUPPORT,2023-W10,2023-03-06 01:00:00+00:00,2023-03-06 02:00:00+00:00,22434.9,22692.901350000004,22244.203350000003,SL,-0.009999999999999952,2,TOP4_ROUTER,TOP4_ROUTER,development,1.0
H1|VAH|RESISTANCE|WICK,H1,VAH,RESISTANCE,WICK,28010,2023-03-13 02:00:00+00:00,SHORT,22348.229166666664,H1|VAH|2023-03-13T01:00:00+00:00|RESISTANCE,2023-W11,2023-03-13 03:00:00+00:00,2023-03-13 04:00:00+00:00,22174.5,21919.49325,22362.983249999997,SL,-0.009999999999999952,2,TOP4_ROUTER,TOP4_ROUTER,development,0.0
H1|VWAP|SUPPORT|WICK,H1,VWAP,SUPPORT,WICK,28180,2023-03-20 04:00:00+00:00,LONG,27282.102351023845,H1|VWAP|2023-03-20T03:00:00+00:00|SUPPORT,2023-W12,2023-03-20 05:00:00+00:00,2023-03-20 07:00:00+00:00,27422.3,27737.656450000002,27189.210450000002,TP,0.010000000000000066,3,TOP4_ROUTER,TOP4_ROUTER,development,1.0
H4|VAL|SUPPORT|HOLD,H4,VAL,SUPPORT,HOLD,28346,2023-03-27 02:00:00+00:00,LONG,27846.729166666664,H4|VAL|2023-03-26T20:00:00+00:00|SUPPORT,2023-W13,2023-03-27 03:00:00+00:00,2023-03-27 13:00:00+00:00,27867.3,28187.773950000003,27630.42795,SL,-0.009999999999999952,11,TOP4_ROUTER,TOP4_ROUTER,development,2.0
H4|VAH|SUPPORT|WICK,H4,VAH,SUPPORT,WICK,28512,2023-04-03 00:00:00+00:00,LONG,28065.708333333336,H4|VAH|2023-04-02T20:00:00+00:00|SUPPORT,2023-W14,2023-04-03 01:00:00+00:00,2023-04-03 01:00:00+00:00,28100.7,28423.858050000003,27861.844050000003,SL,-0.009999999999999952,1,TOP4_ROUTER,TOP4_ROUTER,development,3.0
H1|VWAP|SUPPORT|WICK,H1,VWAP,SUPPORT,WICK,28680,2023-04-10 00:00:00+00:00,LONG,28336.486466109895,H1|VWAP|2023-04-09T23:00:00+00:00|SUPPORT,2023-W15,2023-04-10 01:00:00+00:00,2023-04-10 16:00:00+00:00,28368.1,28694.333150000002,28126.97115,TP,0.010000000000000066,16,TOP4_ROUTER,TOP4_ROUTER,development,1.0
H1|VAH|RESISTANCE|WICK,H1,VAH,RESISTANCE,WICK,28849,2023-04-17 01:00:00+00:00,SHORT,29933.19375,H1|VAH|2023-04-17T00:00:00+00:00|RESISTANCE,2023-W16,2023-04-17 02:00:00+00:00,2023-04-17 11:00:00+00:00,29932.6,29588.3751,30187.027099999996,TP,0.009999999999999955,10,TOP4_ROUTER,TOP4_ROUTER,development,0.0
H1|VWAP|SUPPORT|WICK,H1,VWAP,SUPPORT,WICK,29019,2023-04-24 03:00:00+00:00,LONG,27721.240525604062,H1|VWAP|2023-04-24T02:00:00+00:00|SUPPORT,2023-W17,2023-04-24 04:00:00+00:00,2023-04-24 06:00:00+00:00,27780.1,28099.57115,27543.96915,SL,-0.009999999999999952,3,TOP4_ROUTER,TOP4_ROUTER,development,1.0
H1|VAH|RESISTANCE|WICK,H1,VAH,RESISTANCE,WICK,29187,2023-05-01 03:00:00+00:00,SHORT,28580.53125,H1|VAH|2023-05-01T02:00:00+00:00|RESISTANCE,2023-W18,2023-05-01 04:00:00+00:00,2023-05-01 05:00:00+00:00,28545.6,28217.3256,28788.237599999997,TP,0.009999999999999955,2,TOP4_ROUTER,TOP4_ROUTER,development,0.0
H1|VWAP|SUPPORT|WICK,H1,VWAP,SUPPORT,WICK,29354,2023-05-08 02:00:00+00:00,LONG,28252.23537522209,H1|VWAP|2023-05-08T01:00:00+00:00|SUPPORT,2023-W19,2023-05-08 03:00:00+00:00,2023-05-08 03:00:00+00:00,28267.9,28592.980850000004,28027.622850000003,SL,-0.009999999999999952,1,TOP4_ROUTER,TOP4_ROUTER,development,1.0
H1|VAH|RESISTANCE|WICK,H1,VAH,RESISTANCE,WICK,29522,2023-05-15 02:00:00+00:00,SHORT,27182.4375,H1|VAH|2023-05-15T01:00:00+00:00|RESISTANCE,2023-W20,2023-05-15 03:00:00+00:00,2023-05-15 06:00:00+00:00,27144.2,26832.0417,27374.9257,SL,-0.009999999999999952,4,TOP4_ROUTER,TOP4_ROUTER,development,0.0
H1|VWAP|SUPPORT|WICK,H1,VWAP,SUPPORT,WICK,29690,2023-05-22 02:00:00+00:00,LONG,26616.738304531886,H1|VWAP|2023-05-22T01:00:00+00:00|SUPPORT,2023-W21,2023-05-22 03:00:00+00:00,2023-05-22 13:00:00+00:00,26640.6,26946.9669,26414.1549,TP,0.010000000000000066,11,TOP4_ROUTER,TOP4_ROUTER,development,1.0
H1|VAH|RESISTANCE|WICK,H1,VAH,RESISTANCE,WICK,29862,2023-05-29 06:00:00+00:00,SHORT,28000.970833333333,H1|VAH|2023-05-29T05:00:00+00:00|RESISTANCE,2023-W22,2023-05-29 07:00:00+00:00,2023-05-29 14:00:00+00:00,28000.0,27678.0,28238.0,TP,0.009999999999999955,8,TOP4_ROUTER,TOP4_ROUTER,development,0.0
H1|VAH|RESISTANCE|WICK,H1,VAH,RESISTANCE,WICK,30028,2023-06-05 04:00:00+00:00,SHORT,26860.722916666666,H1|VAH|2023-06-05T03:00:00+00:00|RESISTANCE,2023-W23,2023-06-05 05:00:00+00:00,2023-06-05 15:00:00+00:00,26832.0,26523.432,27060.072,TP,0.009999999999999955,11,TOP4_ROUTER,TOP4_ROUTER,development,0.0
H1|VWAP|SUPPORT|WICK,H1,VWAP,SUPPORT,WICK,30192,2023-06-12 00:00:00+00:00,LONG,25876.837365237276,H1|VWAP|2023-06-11T23:00:00+00:00|SUPPORT,2023-W24,2023-06-12 01:00:00+00:00,2023-06-12 02:00:00+00:00,25955.3,26253.78595,25734.67995,SL,-0.009999999999999952,2,TOP4_ROUTER,TOP4_ROUTER,development,1.0
H1|VAH|RESISTANCE|WICK,H1,VAH,RESISTANCE,WICK,30360,2023-06-19 00:00:00+00:00,SHORT,26366.958333333336,H1|VAH|2023-06-18T23:00:00+00:00|RESISTANCE,2023-W25,2023-06-19 01:00:00+00:00,2023-06-19 17:00:00+00:00,26356.1,26053.00485,26580.126849999997,SL,-0.009999999999999952,17,TOP4_ROUTER,TOP4_ROUTER,development,0.0
H1|VAH|RESISTANCE|WICK,H1,VAH,RESISTANCE,WICK,30528,2023-06-26 00:00:00+00:00,SHORT,30472.7,H1|VAH|2023-06-25T23:00:00+00:00|RESISTANCE,2023-W26,2023-06-26 01:00:00+00:00,2023-06-26 01:00:00+00:00,30378.9,30029.542650000003,30637.12065,TP,0.009999999999999955,1,TOP4_ROUTER,TOP4_ROUTER,development,0.0
H1|VWAP|SUPPORT|WICK,H1,VWAP,SUPPORT,WICK,30696,2023-07-03 00:00:00+00:00,LONG,30594.778494779683,H1|VWAP|2023-07-02T23:00:00+00:00|SUPPORT,2023-W27,2023-07-03 01:00:00+00:00,2023-07-03 15:00:00+00:00,30630.8,30983.054200000002,30370.4382,TP,0.010000000000000066,15,TOP4_ROUTER,TOP4_ROUTER,development,1.0
H1|VAH|RESISTANCE|WICK,H1,VAH,RESISTANCE,WICK,30864,2023-07-10 00:00:00+00:00,SHORT,30161.862500000003,H1|VAH|2023-07-09T23:00:00+00:00|RESISTANCE,2023-W28,2023-07-10 01:00:00+00:00,2023-07-10 14:00:00+00:00,30077.7,29731.806450000004,30333.36045,SL,-0.009999999999999952,14,TOP4_ROUTER,TOP4_ROUTER,development,0.0
H1|VAH|RESISTANCE|WICK,H1,VAH,RESISTANCE,WICK,31032,2023-07-17 00:00:00+00:00,SHORT,30211.27291666667,H1|VAH|2023-07-16T23:00:00+00:00|RESISTANCE,2023-W29,2023-07-17 01:00:00+00:00,2023-07-17 18:00:00+00:00,30200.5,29853.19425,30457.20425,TP,0.009999999999999955,18,TOP4_ROUTER,TOP4_ROUTER,development,0.0
H1|VWAP|SUPPORT|WICK,H1,VWAP,SUPPORT,WICK,31204,2023-07-24 04:00:00+00:00,LONG,29710.235108618745,H1|VWAP|2023-07-24T03:00:00+00:00|SUPPORT,2023-W30,2023-07-24 05:00:00+00:00,2023-07-24 09:00:00+00:00,29775.8,30118.221700000002,29522.705700000002,SL,-0.009999999999999952,5,TOP4_ROUTER,TOP4_ROUTER,development,1.0
H1|VAH|RESISTANCE|WICK,H1,VAH,RESISTANCE,WICK,31369,2023-07-31 01:00:00+00:00,SHORT,29462.595833333333,H1|VAH|2023-07-31T00:00:00+00:00|RESISTANCE,2023-W31,2023-07-31 02:00:00+00:00,2023-07-31 19:00:00+00:00,29442.4,29103.812400000003,29692.6604,TP,0.009999999999999955,18,TOP4_ROUTER,TOP4_ROUTER,development,0.0
H4|VAL|SUPPORT|HOLD,H4,VAL,SUPPORT,HOLD,31543,2023-08-07 07:00:00+00:00,LONG,29063.783333333333,H4|VAL|2023-08-07T00:00:00+00:00|SUPPORT,2023-W32,2023-08-07 08:00:00+00:00,2023-08-07 15:00:00+00:00,29084.7,29419.17405,28837.480050000002,SL,-0.009999999999999952,8,TOP4_ROUTER,TOP4_ROUTER,development,2.0
H4|VAL|SUPPORT|HOLD,H4,VAL,SUPPORT,HOLD,31704,2023-08-14 00:00:00+00:00,LONG,29260.314583333333,H4|VAL|2023-08-13T20:00:00+00:00|SUPPORT,2023-W33,2023-08-14 01:00:00+00:00,2023-08-14 15:00:00+00:00,29260.7,29597.198050000003,29011.984050000003,TP,0.010000000000000066,15,TOP4_ROUTER,TOP4_ROUTER,development,2.0
H4|VAL|SUPPORT|HOLD,H4,VAL,SUPPORT,HOLD,31872,2023-08-21 00:00:00+00:00,LONG,26125.395833333336,H4|VAL|2023-08-20T20:00:00+00:00|SUPPORT,2023-W34,2023-08-21 01:00:00+00:00,2023-08-21 10:00:00+00:00,26126.8,26427.2582,25904.7222,SL,-0.009999999999999952,10,TOP4_ROUTER,TOP4_ROUTER,development,2.0
H1|VAH|RESISTANCE|WICK,H1,VAH,RESISTANCE,WICK,32041,2023-08-28 01:00:00+00:00,SHORT,26028.6625,H1|VAH|2023-08-28T00:00:00+00:00|RESISTANCE,2023-W35,2023-08-28 02:00:00+00:00,2023-08-28 12:00:00+00:00,26017.6,25718.3976,26238.749599999996,SL,-0.009999999999999952,11,TOP4_ROUTER,TOP4_ROUTER,development,0.0
H4|VAL|SUPPORT|HOLD,H4,VAL,SUPPORT,HOLD,32210,2023-09-04 02:00:00+00:00,LONG,25919.5875,H4|VAL|2023-09-03T20:00:00+00:00|SUPPORT,2023-W36,2023-09-04 03:00:00+00:00,2023-09-04 15:00:00+00:00,25970.7,26269.363050000004,25749.949050000003,SL,-0.009999999999999952,13,TOP4_ROUTER,TOP4_ROUTER,development,2.0
H1|VWAP|SUPPORT|WICK,H1,VWAP,SUPPORT,WICK,32378,2023-09-11 02:00:00+00:00,LONG,25697.77014163299,H1|VWAP|2023-09-11T01:00:00+00:00|SUPPORT,2023-W37,2023-09-11 03:00:00+00:00,2023-09-11 14:00:00+00:00,25723.6,26019.4214,25504.9494,SL,-0.00999999999999984,12,TOP4_ROUTER,TOP4_ROUTER,development,1.0
H4|VAL|SUPPORT|HOLD,H4,VAL,SUPPORT,HOLD,32544,2023-09-18 00:00:00+00:00,LONG,26430.029166666667,H4|VAL|2023-09-17T20:00:00+00:00|SUPPORT,2023-W38,2023-09-18 01:00:00+00:00,2023-09-18 07:00:00+00:00,26450.0,26754.175000000003,26225.175000000003,TP,0.010000000000000066,7,TOP4_ROUTER,TOP4_ROUTER,development,2.0
H1|VAH|RESISTANCE|WICK,H1,VAH,RESISTANCE,WICK,32713,2023-09-25 01:00:00+00:00,SHORT,26176.979166666664,H1|VAH|2023-09-25T00:00:00+00:00|RESISTANCE,2023-W39,2023-09-25 02:00:00+00:00,2023-09-25 16:00:00+00:00,26151.7,25850.95545,26373.98945,SL,-0.009999999999999952,15,TOP4_ROUTER,TOP4_ROUTER,development,0.0
H1|VAH|RESISTANCE|WICK,H1,VAH,RESISTANCE,WICK,32880,2023-10-02 00:00:00+00:00,SHORT,27924.99375,H1|VAH|2023-10-01T23:00:00+00:00|RESISTANCE,2023-W40,2023-10-02 01:00:00+00:00,2023-10-02 03:00:00+00:00,27917.6,27596.547599999998,28154.899599999997,SL,-0.009999999999999952,3,TOP4_ROUTER,TOP4_ROUTER,development,0.0
H1|VAH|RESISTANCE|WICK,H1,VAH,RESISTANCE,WICK,33050,2023-10-09 02:00:00+00:00,SHORT,27931.922916666666,H1|VAH|2023-10-09T01:00:00+00:00|RESISTANCE,2023-W41,2023-10-09 03:00:00+00:00,2023-10-09 09:00:00+00:00,27923.8,27602.6763,28161.152299999998,TP,0.009999999999999955,7,TOP4_ROUTER,TOP4_ROUTER,development,0.0
H4|VAL|SUPPORT|HOLD,H4,VAL,SUPPORT,HOLD,33216,2023-10-16 00:00:00+00:00,LONG,27124.183333333334,H4|VAL|2023-10-15T20:00:00+00:00|SUPPORT,2023-W42,2023-10-16 01:00:00+00:00,2023-10-16 05:00:00+00:00,27129.0,27440.983500000002,26898.4035,TP,0.010000000000000066,5,TOP4_ROUTER,TOP4_ROUTER,development,2.0
H1|VWAP|SUPPORT|WICK,H1,VWAP,SUPPORT,WICK,33386,2023-10-23 02:00:00+00:00,LONG,30344.245144298326,H1|VWAP|2023-10-23T01:00:00+00:00|SUPPORT,2023-W43,2023-10-23 03:00:00+00:00,2023-10-23 03:00:00+00:00,30368.2,30717.434300000004,30110.070300000003,TP,0.010000000000000066,1,TOP4_ROUTER,TOP4_ROUTER,development,1.0
H1|VWAP|SUPPORT|WICK,H1,VWAP,SUPPORT,WICK,33556,2023-10-30 04:00:00+00:00,LONG,34287.506732365655,H1|VWAP|2023-10-30T03:00:00+00:00|SUPPORT,2023-W44,2023-10-30 05:00:00+00:00,2023-10-30 12:00:00+00:00,34324.2,34718.9283,34032.444299999996,TP,0.010000000000000066,8,TOP4_ROUTER,TOP4_ROUTER,development,1.0
H1|VWAP|SUPPORT|WICK,H1,VWAP,SUPPORT,WICK,33723,2023-11-06 03:00:00+00:00,LONG,34902.37456534748,H1|VWAP|2023-11-06T02:00:00+00:00|SUPPORT,2023-W45,2023-11-06 04:00:00+00:00,2023-11-07 09:00:00+00:00,34992.9,35395.31835,34695.46035,SL,-0.009999999999999952,30,TOP4_ROUTER,TOP4_ROUTER,development,1.0
H1|VWAP|SUPPORT|WICK,H1,VWAP,SUPPORT,WICK,33888,2023-11-13 00:00:00+00:00,LONG,37063.56942681947,H1|VWAP|2023-11-12T23:00:00+00:00|SUPPORT,2023-W46,2023-11-13 01:00:00+00:00,2023-11-13 06:00:00+00:00,37117.1,37543.94665,36801.60465,SL,-0.009999999999999952,6,TOP4_ROUTER,TOP4_ROUTER,development,1.0
H4|VAH|SUPPORT|WICK,H4,VAH,SUPPORT,WICK,34056,2023-11-20 00:00:00+00:00,LONG,37276.13958333334,H4|VAH|2023-11-19T20:00:00+00:00|SUPPORT,2023-W47,2023-11-20 01:00:00+00:00,2023-11-20 14:00:00+00:00,37315.0,37744.122500000005,36997.8225,SL,-0.009999999999999952,14,TOP4_ROUTER,TOP4_ROUTER,development,3.0
H1|VWAP|SUPPORT|WICK,H1,VWAP,SUPPORT,WICK,34224,2023-11-27 00:00:00+00:00,LONG,37446.03848175606,H1|VWAP|2023-11-26T23:00:00+00:00|SUPPORT,2023-W48,2023-11-27 01:00:00+00:00,2023-11-27 07:00:00+00:00,37479.3,37910.31195,37160.72595000001,SL,-0.00999999999999984,7,TOP4_ROUTER,TOP4_ROUTER,development,1.0
H1|VWAP|SUPPORT|WICK,H1,VWAP,SUPPORT,WICK,34394,2023-12-04 02:00:00+00:00,LONG,40588.66793012627,H1|VWAP|2023-12-04T01:00:00+00:00|SUPPORT,2023-W49,2023-12-04 03:00:00+00:00,2023-12-04 05:00:00+00:00,40697.5,41165.521250000005,40351.57125,TP,0.010000000000000066,3,TOP4_ROUTER,TOP4_ROUTER,development,1.0
H1|VWAP|SUPPORT|WICK,H1,VWAP,SUPPORT,WICK,34566,2023-12-11 06:00:00+00:00,LONG,41967.825936381225,H1|VWAP|2023-12-11T05:00:00+00:00|SUPPORT,2023-W50,2023-12-11 07:00:00+00:00,2023-12-11 15:00:00+00:00,42130.7,42615.20305,41772.58905,SL,-0.00999999999999984,9,TOP4_ROUTER,TOP4_ROUTER,development,1.0
H4|VAL|SUPPORT|HOLD,H4,VAL,SUPPORT,HOLD,34728,2023-12-18 00:00:00+00:00,LONG,41268.685416666674,H4|VAL|2023-12-17T20:00:00+00:00|SUPPORT,2023-W51,2023-12-18 01:00:00+00:00,2023-12-18 01:00:00+00:00,41390.6,41866.5919,41038.7799,SL,-0.009999999999999952,1,TOP4_ROUTER,TOP4_ROUTER,development,2.0
H1|VAH|RESISTANCE|WICK,H1,VAH,RESISTANCE,WICK,34896,2023-12-25 00:00:00+00:00,SHORT,43064.82708333334,H1|VAH|2023-12-24T23:00:00+00:00|RESISTANCE,2023-W52,2023-12-25 01:00:00+00:00,2023-12-25 06:00:00+00:00,42946.9,42453.010650000004,43311.94865,SL,-0.009999999999999952,6,TOP4_ROUTER,TOP4_ROUTER,development,0.0
H4|VAH|SUPPORT|WICK,H4,VAH,SUPPORT,WICK,35066,2024-01-01 02:00:00+00:00,LONG,42550.787500000006,H4|VAH|2023-12-31T20:00:00+00:00|SUPPORT,2024-W01,2024-01-01 03:00:00+00:00,2024-01-01 04:00:00+00:00,42620.5,43110.63575,42258.225750000005,SL,-0.00999999999999984,2,TOP4_ROUTER,TOP4_ROUTER,development,3.0
H1|VAH|RESISTANCE|WICK,H1,VAH,RESISTANCE,WICK,35233,2024-01-08 01:00:00+00:00,SHORT,43785.9375,H1|VAH|2024-01-08T00:00:00+00:00|RESISTANCE,2024-W02,2024-01-08 02:00:00+00:00,2024-01-08 02:00:00+00:00,43699.3,43196.758050000004,44070.74405,TP,0.009999999999999955,1,TOP4_ROUTER,TOP4_ROUTER,development,0.0
H1|VWAP|SUPPORT|WICK,H1,VWAP,SUPPORT,WICK,35402,2024-01-15 02:00:00+00:00,LONG,42288.43860735915,H1|VWAP|2024-01-15T01:00:00+00:00|SUPPORT,2024-W03,2024-01-15 03:00:00+00:00,2024-01-15 13:00:00+00:00,42408.5,42896.19775,42048.02775,TP,0.010000000000000066,11,TOP4_ROUTER,TOP4_ROUTER,development,1.0
H1|VWAP|SUPPORT|WICK,H1,VWAP,SUPPORT,WICK,35568,2024-01-22 00:00:00+00:00,LONG,41569.58127084797,H1|VWAP|2024-01-21T23:00:00+00:00|SUPPORT,2024-W04,2024-01-22 01:00:00+00:00,2024-01-22 01:00:00+00:00,41652.7,42131.70605,41298.65205,SL,-0.009999999999999952,1,TOP4_ROUTER,TOP4_ROUTER,development,1.0
H1|VAH|RESISTANCE|WICK,H1,VAH,RESISTANCE,WICK,35736,2024-01-29 00:00:00+00:00,SHORT,42019.01041666667,H1|VAH|2024-01-28T23:00:00+00:00|RESISTANCE,2024-W05,2024-01-29 01:00:00+00:00,2024-01-29 01:00:00+00:00,41952.1,41469.65085,42308.69285,SL,-0.009999999999999952,1,TOP4_ROUTER,TOP4_ROUTER,development,0.0
H1|VWAP|SUPPORT|WICK,H1,VWAP,SUPPORT,WICK,35905,2024-02-05 01:00:00+00:00,LONG,42474.11828415697,H1|VWAP|2024-02-05T00:00:00+00:00|SUPPORT,2024-W06,2024-02-05 02:00:00+00:00,2024-02-05 07:00:00+00:00,42513.7,43002.60755,42152.333549999996,TP,0.010000000000000066,6,TOP4_ROUTER,TOP4_ROUTER,development,1.0
H1|VAH|RESISTANCE|WICK,H1,VAH,RESISTANCE,WICK,36077,2024-02-12 05:00:00+00:00,SHORT,48083.26875,H1|VAH|2024-02-12T04:00:00+00:00|RESISTANCE,2024-W07,2024-02-12 06:00:00+00:00,2024-02-12 14:00:00+00:00,48063.7,47510.96745,48472.241449999994,SL,-0.009999999999999952,9,TOP4_ROUTER,TOP4_ROUTER,development,0.0
H1|VAH|RESISTANCE|WICK,H1,VAH,RESISTANCE,WICK,36240,2024-02-19 00:00:00+00:00,SHORT,52249.55208333333,H1|VAH|2024-02-18T23:00:00+00:00|RESISTANCE,2024-W08,2024-02-19 01:00:00+00:00,2024-02-20 00:00:00+00:00,52219.9,51619.371150000006,52663.76915,TP,0.009999999999999955,24,TOP4_ROUTER,TOP4_ROUTER,development,0.0
H1|VAH|RESISTANCE|WICK,H1,VAH,RESISTANCE,WICK,36408,2024-02-26 00:00:00+00:00,SHORT,51779.58333333333,H1|VAH|2024-02-25T23:00:00+00:00|RESISTANCE,2024-W09,2024-02-26 01:00:00+00:00,2024-02-26 09:00:00+00:00,51722.0,51127.197,52161.636999999995,TP,0.009999999999999955,9,TOP4_ROUTER,TOP4_ROUTER,development,0.0
H4|VAH|SUPPORT|WICK,H4,VAH,SUPPORT,WICK,36576,2024-03-04 00:00:00+00:00,LONG,63172.339583333334,H4|VAH|2024-03-03T20:00:00+00:00|SUPPORT,2024-W10,2024-03-04 01:00:00+00:00,2024-03-04 07:00:00+00:00,63544.5,64275.261750000005,63004.371750000006,TP,0.010000000000000066,7,TOP4_ROUTER,TOP4_ROUTER,development,3.0
H1|VWAP|SUPPORT|WICK,H1,VWAP,SUPPORT,WICK,36745,2024-03-11 01:00:00+00:00,LONG,68122.05601782538,H1|VWAP|2024-03-11T00:00:00+00:00|SUPPORT,2024-W11,2024-03-11 02:00:00+00:00,2024-03-11 06:00:00+00:00,68365.5,69151.70325,67784.39325000001,TP,0.010000000000000066,5,TOP4_ROUTER,TOP4_ROUTER,development,1.0
H1|VWAP|SUPPORT|WICK,H1,VWAP,SUPPORT,WICK,36916,2024-03-18 04:00:00+00:00,LONG,68034.36556404826,H1|VWAP|2024-03-18T03:00:00+00:00|SUPPORT,2024-W12,2024-03-18 05:00:00+00:00,2024-03-18 08:00:00+00:00,68422.0,69208.853,67840.413,SL,-0.009999999999999952,4,TOP4_ROUTER,TOP4_ROUTER,development,1.0
H1|VAH|RESISTANCE|WICK,H1,VAH,RESISTANCE,WICK,37081,2024-03-25 01:00:00+00:00,SHORT,67049.19375,H1|VAH|2024-03-25T00:00:00+00:00|RESISTANCE,2024-W13,2024-03-25 02:00:00+00:00,2024-03-25 03:00:00+00:00,66613.3,65847.24705,67179.51305,SL,-0.009999999999999952,2,TOP4_ROUTER,TOP4_ROUTER,development,0.0
H4|VAL|SUPPORT|HOLD,H4,VAL,SUPPORT,HOLD,37250,2024-04-01 02:00:00+00:00,LONG,70923.46875,H4|VAL|2024-03-31T20:00:00+00:00|SUPPORT,2024-W14,2024-04-01 03:00:00+00:00,2024-04-01 05:00:00+00:00,70930.1,71745.79615000001,70327.19415000001,SL,-0.009999999999999952,3,TOP4_ROUTER,TOP4_ROUTER,development,2.0
H1|VAH|RESISTANCE|WICK,H1,VAH,RESISTANCE,WICK,37416,2024-04-08 00:00:00+00:00,SHORT,69390.36875,H1|VAH|2024-04-07T23:00:00+00:00|RESISTANCE,2024-W15,2024-04-08 01:00:00+00:00,2024-04-08 07:00:00+00:00,69350.0,68552.475,69939.47499999999,SL,-0.009999999999999952,7,TOP4_ROUTER,TOP4_ROUTER,development,0.0
H1|VAH|RESISTANCE|WICK,H1,VAH,RESISTANCE,WICK,37584,2024-04-15 00:00:00+00:00,SHORT,65603.34791666668,H1|VAH|2024-04-14T23:00:00+00:00|RESISTANCE,2024-W16,2024-04-15 01:00:00+00:00,2024-04-15 04:00:00+00:00,65454.1,64701.377850000004,66010.45985,TP,0.009999999999999955,4,TOP4_ROUTER,TOP4_ROUTER,development,0.0
H1|VAH|RESISTANCE|WICK,H1,VAH,RESISTANCE,WICK,37752,2024-04-22 00:00:00+00:00,SHORT,64940.247916666674,H1|VAH|2024-04-21T23:00:00+00:00|RESISTANCE,2024-W17,2024-04-22 01:00:00+00:00,2024-04-22 01:00:00+00:00,64873.2,64127.1582,65424.62219999999,SL,-0.009999999999999952,1,TOP4_ROUTER,TOP4_ROUTER,development,0.0
H4|VAH|SUPPORT|WICK,H4,VAH,SUPPORT,WICK,37920,2024-04-29 00:00:00+00:00,LONG,63144.89375,H4|VAH|2024-04-28T20:00:00+00:00|SUPPORT,2024-W18,2024-04-29 01:00:00+00:00,2024-04-29 02:00:00+00:00,63229.2,63956.3358,62691.7518,SL,-0.009999999999999952,2,TOP4_ROUTER,TOP4_ROUTER,development,3.0
H1|VAH|RESISTANCE|WICK,H1,VAH,RESISTANCE,WICK,38089,2024-05-06 01:00:00+00:00,SHORT,64181.64375,H1|VAH|2024-05-06T00:00:00+00:00|RESISTANCE,2024-W19,2024-05-06 02:00:00+00:00,2024-05-06 08:00:00+00:00,64108.3,63371.05455000001,64653.22055,SL,-0.009999999999999952,7,TOP4_ROUTER,TOP4_ROUTER,development,0.0
H4|VAH|SUPPORT|WICK,H4,VAH,SUPPORT,WICK,38257,2024-05-13 01:00:00+00:00,LONG,61349.42708333333,H4|VAH|2024-05-12T20:00:00+00:00|SUPPORT,2024-W20,2024-05-13 02:00:00+00:00,2024-05-13 03:00:00+00:00,61394.0,62100.031,60872.151000000005,SL,-0.009999999999999952,2,TOP4_ROUTER,TOP4_ROUTER,development,3.0
H1|VWAP|SUPPORT|WICK,H1,VWAP,SUPPORT,WICK,38424,2024-05-20 00:00:00+00:00,LONG,66240.19273083124,H1|VWAP|2024-05-19T23:00:00+00:00|SUPPORT,2024-W21,2024-05-20 01:00:00+00:00,2024-05-20 05:00:00+00:00,66428.9,67192.83235,65864.25435,TP,0.010000000000000066,5,TOP4_ROUTER,TOP4_ROUTER,development,1.0
H1|VAH|RESISTANCE|WICK,H1,VAH,RESISTANCE,WICK,38594,2024-05-27 02:00:00+00:00,SHORT,69152.7875,H1|VAH|2024-05-27T01:00:00+00:00|RESISTANCE,2024-W22,2024-05-27 03:00:00+00:00,2024-05-27 05:00:00+00:00,69131.0,68335.9935,69718.61349999999,TP,0.010000000000000066,3,TOP4_ROUTER,TOP4_ROUTER,development,0.0
H4|VAL|SUPPORT|HOLD,H4,VAL,SUPPORT,HOLD,38760,2024-06-03 00:00:00+00:00,LONG,67831.55625,H4|VAL|2024-06-02T20:00:00+00:00|SUPPORT,2024-W23,2024-06-03 01:00:00+00:00,2024-06-03 02:00:00+00:00,67863.6,68644.0314,67286.75940000001,TP,0.010000000000000066,2,TOP4_ROUTER,TOP4_ROUTER,development,2.0
H1|VWAP|SUPPORT|WICK,H1,VWAP,SUPPORT,WICK,38929,2024-06-10 01:00:00+00:00,LONG,69559.15655148751,H1|VWAP|2024-06-10T00:00:00+00:00|SUPPORT,2024-W24,2024-06-10 02:00:00+00:00,2024-06-11 01:00:00+00:00,69645.0,70445.91750000001,69053.0175,SL,-0.009999999999999952,24,TOP4_ROUTER,TOP4_ROUTER,development,1.0
H1|VAH|RESISTANCE|WICK,H1,VAH,RESISTANCE,WICK,39096,2024-06-17 00:00:00+00:00,SHORT,66724.69375,H1|VAH|2024-06-16T23:00:00+00:00|RESISTANCE,2024-W25,2024-06-17 01:00:00+00:00,2024-06-17 09:00:00+00:00,66565.5,65799.99675,67131.30675,TP,0.009999999999999955,9,TOP4_ROUTER,TOP4_ROUTER,development,0.0
H1|VWAP|SUPPORT|WICK,H1,VWAP,SUPPORT,WICK,39265,2024-06-24 01:00:00+00:00,LONG,63107.57303857402,H1|VWAP|2024-06-24T00:00:00+00:00|SUPPORT,2024-W26,2024-06-24 02:00:00+00:00,2024-06-24 02:00:00+00:00,63290.7,64018.54305,62752.72905,SL,-0.009999999999999952,1,TOP4_ROUTER,TOP4_ROUTER,development,1.0
H1|VWAP|SUPPORT|WICK,H1,VWAP,SUPPORT,WICK,39432,2024-07-01 00:00:00+00:00,LONG,62883.96457412173,H1|VWAP|2024-06-30T23:00:00+00:00|SUPPORT,2024-W27,2024-07-01 01:00:00+00:00,2024-07-01 01:00:00+00:00,62924.7,63648.33405,62389.84005,TP,0.010000000000000066,1,TOP4_ROUTER,TOP4_ROUTER,development,1.0
H1|VWAP|SUPPORT|WICK,H1,VWAP,SUPPORT,WICK,39603,2024-07-08 03:00:00+00:00,LONG,55106.651721893395,H1|VWAP|2024-07-08T02:00:00+00:00|SUPPORT,2024-W28,2024-07-08 04:00:00+00:00,2024-07-08 06:00:00+00:00,55136.6,55770.670900000005,54667.9389,TP,0.010000000000000066,3,TOP4_ROUTER,TOP4_ROUTER,development,1.0
H1|VAH|RESISTANCE|WICK,H1,VAH,RESISTANCE,WICK,39772,2024-07-15 04:00:00+00:00,SHORT,62626.0625,H1|VAH|2024-07-15T03:00:00+00:00|RESISTANCE,2024-W29,2024-07-15 05:00:00+00:00,2024-07-15 08:00:00+00:00,62575.0,61855.387500000004,63106.8875,SL,-0.009999999999999952,4,TOP4_ROUTER,TOP4_ROUTER,development,0.0
H1|VWAP|SUPPORT|WICK,H1,VWAP,SUPPORT,WICK,39936,2024-07-22 00:00:00+00:00,LONG,68042.35863757237,H1|VWAP|2024-07-21T23:00:00+00:00|SUPPORT,2024-W30,2024-07-22 01:00:00+00:00,2024-07-22 05:00:00+00:00,68163.7,68947.58255,67584.30855,SL,-0.009999999999999952,5,TOP4_ROUTER,TOP4_ROUTER,development,1.0
H1|VAH|RESISTANCE|WICK,H1,VAH,RESISTANCE,WICK,40105,2024-07-29 01:00:00+00:00,SHORT,68756.49375,H1|VAH|2024-07-29T00:00:00+00:00|RESISTANCE,2024-W31,2024-07-29 02:00:00+00:00,2024-07-29 02:00:00+00:00,68509.4,67721.5419,69091.72989999999,SL,-0.009999999999999952,1,TOP4_ROUTER,TOP4_ROUTER,development,0.0
H1|VWAP|SUPPORT|WICK,H1,VWAP,SUPPORT,WICK,40274,2024-08-05 02:00:00+00:00,LONG,54269.647896164446,H1|VWAP|2024-08-05T01:00:00+00:00|SUPPORT,2024-W32,2024-08-05 03:00:00+00:00,2024-08-05 03:00:00+00:00,54669.3,55297.99695000001,54204.61095,SL,-0.010000000000000063,1,TOP4_ROUTER,TOP4_ROUTER,development,1.0
H1|VAH|RESISTANCE|WICK,H1,VAH,RESISTANCE,WICK,40440,2024-08-12 00:00:00+00:00,SHORT,58853.96875,H1|VAH|2024-08-11T23:00:00+00:00|RESISTANCE,2024-W33,2024-08-12 01:00:00+00:00,2024-08-12 07:00:00+00:00,58433.4,57761.41590000001,58930.0839,SL,-0.009999999999999952,7,TOP4_ROUTER,TOP4_ROUTER,development,0.0
H1|VWAP|SUPPORT|WICK,H1,VWAP,SUPPORT,WICK,40609,2024-08-19 01:00:00+00:00,LONG,58445.91535413525,H1|VWAP|2024-08-19T00:00:00+00:00|SUPPORT,2024-W34,2024-08-19 02:00:00+00:00,2024-08-19 09:00:00+00:00,58524.9,59197.93635,58027.438350000004,SL,-0.009999999999999952,8,TOP4_ROUTER,TOP4_ROUTER,development,1.0
H1|VWAP|SUPPORT|WICK,H1,VWAP,SUPPORT,WICK,40778,2024-08-26 02:00:00+00:00,LONG,64017.97001791706,H1|VWAP|2024-08-26T01:00:00+00:00|SUPPORT,2024-W35,2024-08-26 03:00:00+00:00,2024-08-26 09:00:00+00:00,64033.0,64769.3795,63488.71950000001,SL,-0.009999999999999952,7,TOP4_ROUTER,TOP4_ROUTER,development,1.0
H1|VWAP|SUPPORT|WICK,H1,VWAP,SUPPORT,WICK,40944,2024-09-02 00:00:00+00:00,LONG,57331.9569899886,H1|VWAP|2024-09-01T23:00:00+00:00|SUPPORT,2024-W36,2024-09-02 01:00:00+00:00,2024-09-02 08:00:00+00:00,57443.8,58104.40370000001,56955.527700000006,TP,0.010000000000000066,8,TOP4_ROUTER,TOP4_ROUTER,development,1.0
H1|VWAP|SUPPORT|WICK,H1,VWAP,SUPPORT,WICK,41112,2024-09-09 00:00:00+00:00,LONG,54739.83470638248,H1|VWAP|2024-09-08T23:00:00+00:00|SUPPORT,2024-W37,2024-09-09 01:00:00+00:00,2024-09-09 13:00:00+00:00,55007.0,55639.580500000004,54539.440500000004,TP,0.010000000000000066,13,TOP4_ROUTER,TOP4_ROUTER,development,1.0
H4|VAL|SUPPORT|HOLD,H4,VAL,SUPPORT,HOLD,41285,2024-09-16 05:00:00+00:00,LONG,58332.35625,H4|VAL|2024-09-16T00:00:00+00:00|SUPPORT,2024-W38,2024-09-16 06:00:00+00:00,2024-09-16 13:00:00+00:00,58636.1,59310.41515,58137.69315,SL,-0.009999999999999952,8,TOP4_ROUTER,TOP4_ROUTER,development,2.0
H1|VAH|RESISTANCE|WICK,H1,VAH,RESISTANCE,WICK,41448,2024-09-23 00:00:00+00:00,SHORT,63682.31875,H1|VAH|2024-09-22T23:00:00+00:00|RESISTANCE,2024-W39,2024-09-23 01:00:00+00:00,2024-09-23 03:00:00+00:00,63551.6,62820.7566,64091.78859999999,SL,-0.009999999999999952,3,TOP4_ROUTER,TOP4_ROUTER,development,0.0
H1|VWAP|SUPPORT|WICK,H1,VWAP,SUPPORT,WICK,41619,2024-09-30 03:00:00+00:00,LONG,64499.23375848426,H1|VWAP|2024-09-30T02:00:00+00:00|SUPPORT,2024-W40,2024-09-30 04:00:00+00:00,2024-09-30 09:00:00+00:00,64539.9,65282.108850000004,63991.31085,SL,-0.009999999999999952,6,TOP4_ROUTER,TOP4_ROUTER,development,1.0
H1|VAH|RESISTANCE|WICK,H1,VAH,RESISTANCE,WICK,41786,2024-10-07 02:00:00+00:00,SHORT,63810.2625,H1|VAH|2024-10-07T01:00:00+00:00|RESISTANCE,2024-W41,2024-10-07 03:00:00+00:00,2024-10-07 10:00:00+00:00,63608.9,62877.397650000006,64149.57565,TP,0.009999999999999955,8,TOP4_ROUTER,TOP4_ROUTER,development,0.0
H1|VAH|RESISTANCE|WICK,H1,VAH,RESISTANCE,WICK,41953,2024-10-14 01:00:00+00:00,SHORT,62638.068750000006,H1|VAH|2024-10-14T00:00:00+00:00|RESISTANCE,2024-W42,2024-10-14 02:00:00+00:00,2024-10-14 03:00:00+00:00,62598.2,61878.3207,63130.2847,SL,-0.009999999999999952,2,TOP4_ROUTER,TOP4_ROUTER,development,0.0
H1|VAH|RESISTANCE|WICK,H1,VAH,RESISTANCE,WICK,42121,2024-10-21 01:00:00+00:00,SHORT,69375.75,H1|VAH|2024-10-21T00:00:00+00:00|RESISTANCE,2024-W43,2024-10-21 02:00:00+00:00,2024-10-21 08:00:00+00:00,69216.8,68420.8068,69805.1428,TP,0.009999999999999955,7,TOP4_ROUTER,TOP4_ROUTER,development,0.0
H1|VAH|RESISTANCE|WICK,H1,VAH,RESISTANCE,WICK,42290,2024-10-28 02:00:00+00:00,SHORT,67787.73749999999,H1|VAH|2024-10-28T01:00:00+00:00|RESISTANCE,2024-W44,2024-10-28 03:00:00+00:00,2024-10-28 07:00:00+00:00,67779.0,66999.5415,68355.1215,SL,-0.009999999999999952,5,TOP4_ROUTER,TOP4_ROUTER,development,0.0
H4|VAL|SUPPORT|HOLD,H4,VAL,SUPPORT,HOLD,42456,2024-11-04 00:00:00+00:00,LONG,68501.11875000001,H4|VAL|2024-11-03T20:00:00+00:00|SUPPORT,2024-W45,2024-11-04 01:00:00+00:00,2024-11-04 16:00:00+00:00,68708.8,69498.95120000001,68124.7752,SL,-0.009999999999999952,16,TOP4_ROUTER,TOP4_ROUTER,development,2.0
H1|VWAP|SUPPORT|WICK,H1,VWAP,SUPPORT,WICK,42624,2024-11-11 00:00:00+00:00,LONG,80384.68357632332,H1|VWAP|2024-11-10T23:00:00+00:00|SUPPORT,2024-W46,2024-11-11 01:00:00+00:00,2024-11-11 01:00:00+00:00,80618.9,81546.01735,79933.63935,TP,0.010000000000000066,1,TOP4_ROUTER,TOP4_ROUTER,development,1.0
H4|VAH|SUPPORT|WICK,H4,VAH,SUPPORT,WICK,42792,2024-11-18 00:00:00+00:00,LONG,89859.1625,H4|VAH|2024-11-17T20:00:00+00:00|SUPPORT,2024-W47,2024-11-18 01:00:00+00:00,2024-11-18 06:00:00+00:00,89988.9,91023.77235,89223.99435,TP,0.010000000000000066,6,TOP4_ROUTER,TOP4_ROUTER,development,3.0
H4|VAL|SUPPORT|HOLD,H4,VAL,SUPPORT,HOLD,42962,2024-11-25 02:00:00+00:00,LONG,97392.49583333333,H4|VAL|2024-11-24T20:00:00+00:00|SUPPORT,2024-W48,2024-11-25 03:00:00+00:00,2024-11-25 09:00:00+00:00,97414.3,98534.56445,96586.27845000001,TP,0.010000000000000066,7,TOP4_ROUTER,TOP4_ROUTER,development,2.0
H4|VAL|SUPPORT|HOLD,H4,VAL,SUPPORT,HOLD,43128,2024-12-02 00:00:00+00:00,LONG,97325.33124999999,H4|VAL|2024-12-01T20:00:00+00:00|SUPPORT,2024-W49,2024-12-02 01:00:00+00:00,2024-12-02 03:00:00+00:00,97524.5,98646.03175000001,96695.54175,SL,-0.009999999999999952,3,TOP4_ROUTER,TOP4_ROUTER,development,2.0
H1|VAH|RESISTANCE|WICK,H1,VAH,RESISTANCE,WICK,43298,2024-12-09 02:00:00+00:00,SHORT,99751.42291666666,H1|VAH|2024-12-09T01:00:00+00:00|RESISTANCE,2024-W50,2024-12-09 03:00:00+00:00,2024-12-09 11:00:00+00:00,99277.1,98135.41335000002,100120.95535,TP,0.009999999999999844,9,TOP4_ROUTER,TOP4_ROUTER,development,0.0
H1|VAH|RESISTANCE|WICK,H1,VAH,RESISTANCE,WICK,43468,2024-12-16 04:00:00+00:00,SHORT,104775.88750000001,H1|VAH|2024-12-16T03:00:00+00:00|RESISTANCE,2024-W51,2024-12-16 05:00:00+00:00,2024-12-16 12:00:00+00:00,104646.4,103442.9664,105535.89439999999,TP,0.009999999999999844,8,TOP4_ROUTER,TOP4_ROUTER,development,0.0
H1|VAH|RESISTANCE|WICK,H1,VAH,RESISTANCE,WICK,43633,2024-12-23 01:00:00+00:00,SHORT,94775.6875,H1|VAH|2024-12-23T00:00:00+00:00|RESISTANCE,2024-W52,2024-12-23 02:00:00+00:00,2024-12-23 03:00:00+00:00,94431.0,93345.0435,95233.6635,SL,-0.009999999999999952,2,TOP4_ROUTER,TOP4_ROUTER,development,0.0
H1|VAH|RESISTANCE|WICK,H1,VAH,RESISTANCE,WICK,124,2020-01-06 04:00:00+00:00,SHORT,7534.520833333334,H1|VAH|2020-01-06T03:00:00+00:00|RESISTANCE,2020-W02,2020-01-06 05:00:00+00:00,2020-01-06 13:00:00+00:00,7526.75,7440.1923750000005,7590.7273749999995,SL,-0.009999999999999952,9,TOP4_ROUTER,TOP4_ROUTER,external,0.0
H1|VWAP|SUPPORT|WICK,H1,VWAP,SUPPORT,WICK,292,2020-01-13 04:00:00+00:00,LONG,8107.715961414228,H1|VWAP|2020-01-13T03:00:00+00:00|SUPPORT,2020-W03,2020-01-13 05:00:00+00:00,2020-01-14 00:00:00+00:00,8120.24,8213.62276,8051.21796,TP,0.010000000000000066,20,TOP4_ROUTER,TOP4_ROUTER,external,1.0
H1|VAH|RESISTANCE|WICK,H1,VAH,RESISTANCE,WICK,456,2020-01-20 00:00:00+00:00,SHORT,8706.643958333334,H1|VAH|2020-01-19T23:00:00+00:00|RESISTANCE,2020-W04,2020-01-20 01:00:00+00:00,2020-01-20 12:00:00+00:00,8668.6,8568.911100000001,8742.2831,TP,0.009999999999999955,12,TOP4_ROUTER,TOP4_ROUTER,external,0.0
H1|VAH|RESISTANCE|WICK,H1,VAH,RESISTANCE,WICK,625,2020-01-27 01:00:00+00:00,SHORT,8675.895833333332,H1|VAH|2020-01-27T00:00:00+00:00|RESISTANCE,2020-W05,2020-01-27 02:00:00+00:00,2020-01-27 11:00:00+00:00,8658.58,8559.00633,8732.17793,SL,-0.009999999999999952,10,TOP4_ROUTER,TOP4_ROUTER,external,0.0
H4|VAL|SUPPORT|HOLD,H4,VAL,SUPPORT,HOLD,794,2020-02-03 02:00:00+00:00,LONG,9327.9375,H4|VAL|2020-02-02T20:00:00+00:00|SUPPORT,2020-W06,2020-02-03 03:00:00+00:00,2020-02-03 11:00:00+00:00,9387.65,9495.607975,9307.854975,SL,-0.009999999999999952,9,TOP4_ROUTER,TOP4_ROUTER,external,2.0
H4|VAL|SUPPORT|HOLD,H4,VAL,SUPPORT,HOLD,963,2020-02-10 03:00:00+00:00,LONG,10095.801875,H4|VAL|2020-02-09T20:00:00+00:00|SUPPORT,2020-W07,2020-02-10 04:00:00+00:00,2020-02-10 05:00:00+00:00,10106.31,10222.532565,10020.406365,SL,-0.00999999999999984,2,TOP4_ROUTER,TOP4_ROUTER,external,2.0
H1|VAH|RESISTANCE|WICK,H1,VAH,RESISTANCE,WICK,1128,2020-02-17 00:00:00+00:00,SHORT,9948.14375,H1|VAH|2020-02-16T23:00:00+00:00|RESISTANCE,2020-W08,2020-02-17 01:00:00+00:00,2020-02-17 04:00:00+00:00,9872.3,9758.768549999999,9956.214549999999,TP,0.010000000000000066,4,TOP4_ROUTER,TOP4_ROUTER,external,0.0
H1|VAH|RESISTANCE|WICK,H1,VAH,RESISTANCE,WICK,1296,2020-02-24 00:00:00+00:00,SHORT,9956.231875000001,H1|VAH|2020-02-23T23:00:00+00:00|RESISTANCE,2020-W09,2020-02-24 01:00:00+00:00,2020-02-24 02:00:00+00:00,9957.37,9842.860245000002,10042.007645,TP,0.009999999999999955,2,TOP4_ROUTER,TOP4_ROUTER,external,0.0
H1|VWAP|SUPPORT|WICK,H1,VWAP,SUPPORT,WICK,1464,2020-03-02 00:00:00+00:00,LONG,8563.388583040884,H1|VWAP|2020-03-01T23:00:00+00:00|SUPPORT,2020-W10,2020-03-02 01:00:00+00:00,2020-03-02 05:00:00+00:00,8564.19,8662.678185,8491.394385000001,TP,0.010000000000000066,5,TOP4_ROUTER,TOP4_ROUTER,external,1.0
H1|VAH|RESISTANCE|WICK,H1,VAH,RESISTANCE,WICK,1632,2020-03-09 00:00:00+00:00,SHORT,8129.106250000001,H1|VAH|2020-03-08T23:00:00+00:00|RESISTANCE,2020-W11,2020-03-09 01:00:00+00:00,2020-03-09 03:00:00+00:00,8085.82,7992.83307,8154.549469999999,TP,0.009999999999999955,3,TOP4_ROUTER,TOP4_ROUTER,external,0.0
H4|VAL|SUPPORT|HOLD,H4,VAL,SUPPORT,HOLD,1800,2020-03-16 00:00:00+00:00,LONG,5185.951458333334,H4|VAL|2020-03-15T20:00:00+00:00|SUPPORT,2020-W12,2020-03-16 01:00:00+00:00,2020-03-16 02:00:00+00:00,5252.52,5312.9239800000005,5207.87358,TP,0.010000000000000066,2,TOP4_ROUTER,TOP4_ROUTER,external,2.0
H1|VWAP|SUPPORT|WICK,H1,VWAP,SUPPORT,WICK,1968,2020-03-23 00:00:00+00:00,LONG,5821.78266743086,H1|VWAP|2020-03-22T23:00:00+00:00|SUPPORT,2020-W13,2020-03-23 01:00:00+00:00,2020-03-23 01:00:00+00:00,5900.63,5968.487245,5850.474645,SL,-0.009999999999999952,1,TOP4_ROUTER,TOP4_ROUTER,external,1.0
H1|VAH|RESISTANCE|WICK,H1,VAH,RESISTANCE,WICK,2136,2020-03-30 00:00:00+00:00,SHORT,5912.430208333333,H1|VAH|2020-03-29T23:00:00+00:00|RESISTANCE,2020-W14,2020-03-30 01:00:00+00:00,2020-03-30 02:00:00+00:00,5894.27,5826.485895000001,5944.371295,SL,-0.009999999999999952,2,TOP4_ROUTER,TOP4_ROUTER,external,0.0
H1|VWAP|SUPPORT|WICK,H1,VWAP,SUPPORT,WICK,2305,2020-04-06 01:00:00+00:00,LONG,6825.619273137007,H1|VWAP|2020-04-06T00:00:00+00:00|SUPPORT,2020-W15,2020-04-06 02:00:00+00:00,2020-04-06 04:00:00+00:00,6837.59,6916.222285000001,6779.470485000001,TP,0.010000000000000066,3,TOP4_ROUTER,TOP4_ROUTER,external,1.0
H1|VWAP|SUPPORT|WICK,H1,VWAP,SUPPORT,WICK,2474,2020-04-13 02:00:00+00:00,LONG,6689.824545886708,H1|VWAP|2020-04-13T01:00:00+00:00|SUPPORT,2020-W16,2020-04-13 03:00:00+00:00,2020-04-13 03:00:00+00:00,6716.14,6793.375610000001,6659.052810000001,SL,-0.00999999999999984,1,TOP4_ROUTER,TOP4_ROUTER,external,1.0
H1|VWAP|SUPPORT|WICK,H1,VWAP,SUPPORT,WICK,2640,2020-04-20 00:00:00+00:00,LONG,7142.585343430733,H1|VWAP|2020-04-19T23:00:00+00:00|SUPPORT,2020-W17,2020-04-20 01:00:00+00:00,2020-04-20 10:00:00+00:00,7157.46,7239.7707900000005,7096.621590000001,SL,-0.009999999999999952,10,TOP4_ROUTER,TOP4_ROUTER,external,1.0
H1|VAH|RESISTANCE|WICK,H1,VAH,RESISTANCE,WICK,2809,2020-04-27 01:00:00+00:00,SHORT,7734.674999999999,H1|VAH|2020-04-27T00:00:00+00:00|RESISTANCE,2020-W18,2020-04-27 02:00:00+00:00,2020-04-27 22:00:00+00:00,7697.46,7608.9392100000005,7762.88841,SL,-0.009999999999999952,21,TOP4_ROUTER,TOP4_ROUTER,external,0.0
H1|VAH|RESISTANCE|WICK,H1,VAH,RESISTANCE,WICK,2976,2020-05-04 00:00:00+00:00,SHORT,8894.844583333332,H1|VAH|2020-05-03T23:00:00+00:00|RESISTANCE,2020-W19,2020-05-04 01:00:00+00:00,2020-05-04 01:00:00+00:00,8812.69,8711.344065000001,8887.597865,TP,0.009999999999999955,1,TOP4_ROUTER,TOP4_ROUTER,external,0.0
H1|VWAP|SUPPORT|WICK,H1,VWAP,SUPPORT,WICK,3144,2020-05-11 00:00:00+00:00,LONG,8696.793637281855,H1|VWAP|2020-05-10T23:00:00+00:00|SUPPORT,2020-W20,2020-05-11 01:00:00+00:00,2020-05-11 01:00:00+00:00,8768.5,8869.33775,8693.96775,SL,-0.010000000000000063,1,TOP4_ROUTER,TOP4_ROUTER,external,1.0
H1|VAH|RESISTANCE|WICK,H1,VAH,RESISTANCE,WICK,3314,2020-05-18 02:00:00+00:00,SHORT,9903.669166666667,H1|VAH|2020-05-18T01:00:00+00:00|RESISTANCE,2020-W21,2020-05-18 03:00:00+00:00,2020-05-18 06:00:00+00:00,9869.34,9755.84259,9953.22939,TP,0.009999999999999955,4,TOP4_ROUTER,TOP4_ROUTER,external,0.0
H1|VWAP|SUPPORT|WICK,H1,VWAP,SUPPORT,WICK,3481,2020-05-25 01:00:00+00:00,LONG,8763.672417722097,H1|VWAP|2020-05-25T00:00:00+00:00|SUPPORT,2020-W22,2020-05-25 02:00:00+00:00,2020-05-25 09:00:00+00:00,8787.46,8888.51579,8712.76659,SL,-0.009999999999999952,8,TOP4_ROUTER,TOP4_ROUTER,external,1.0
H4|VAH|SUPPORT|WICK,H4,VAH,SUPPORT,WICK,3648,2020-06-01 00:00:00+00:00,LONG,9451.140208333334,H4|VAH|2020-05-31T20:00:00+00:00|SUPPORT,2020-W23,2020-06-01 01:00:00+00:00,2020-06-01 04:00:00+00:00,9496.2,9605.4063,9415.482300000001,TP,0.010000000000000066,4,TOP4_ROUTER,TOP4_ROUTER,external,3.0
H1|VWAP|SUPPORT|WICK,H1,VWAP,SUPPORT,WICK,3816,2020-06-08 00:00:00+00:00,LONG,9744.082878308658,H1|VWAP|2020-06-07T23:00:00+00:00|SUPPORT,2020-W24,2020-06-08 01:00:00+00:00,2020-06-08 08:00:00+00:00,9759.28,9871.51172,9676.326120000002,SL,-0.009999999999999952,8,TOP4_ROUTER,TOP4_ROUTER,external,1.0
H1|VAH|RESISTANCE|WICK,H1,VAH,RESISTANCE,WICK,3984,2020-06-15 00:00:00+00:00,SHORT,9366.21,H1|VAH|2020-06-14T23:00:00+00:00|RESISTANCE,2020-W25,2020-06-15 01:00:00+00:00,2020-06-15 01:00:00+00:00,9338.89,9231.492764999999,9418.270564999999,TP,0.010000000000000066,1,TOP4_ROUTER,TOP4_ROUTER,external,0.0
H1|VWAP|SUPPORT|WICK,H1,VWAP,SUPPORT,WICK,4152,2020-06-22 00:00:00+00:00,LONG,9295.747534239183,H1|VWAP|2020-06-21T23:00:00+00:00|SUPPORT,2020-W26,2020-06-22 01:00:00+00:00,2020-06-22 05:00:00+00:00,9320.35,9427.534025,9241.127025000002,TP,0.010000000000000066,5,TOP4_ROUTER,TOP4_ROUTER,external,1.0
H1|VWAP|SUPPORT|WICK,H1,VWAP,SUPPORT,WICK,4320,2020-06-29 00:00:00+00:00,LONG,9106.879172694289,H1|VWAP|2020-06-28T23:00:00+00:00|SUPPORT,2020-W27,2020-06-29 01:00:00+00:00,2020-06-29 13:00:00+00:00,9119.85,9224.728275000001,9042.331275,SL,-0.009999999999999952,13,TOP4_ROUTER,TOP4_ROUTER,external,1.0
H1|VAH|RESISTANCE|WICK,H1,VAH,RESISTANCE,WICK,4488,2020-07-06 00:00:00+00:00,SHORT,9074.2125,H1|VAH|2020-07-05T23:00:00+00:00|RESISTANCE,2020-W28,2020-07-06 01:00:00+00:00,2020-07-06 06:00:00+00:00,9064.72,8960.47572,9141.77012,SL,-0.009999999999999952,6,TOP4_ROUTER,TOP4_ROUTER,external,0.0
H1|VAH|RESISTANCE|WICK,H1,VAH,RESISTANCE,WICK,4656,2020-07-13 00:00:00+00:00,SHORT,9293.466041666667,H1|VAH|2020-07-12T23:00:00+00:00|RESISTANCE,2020-W29,2020-07-13 01:00:00+00:00,2020-07-14 04:00:00+00:00,9275.86,9169.18761,9354.70481,TP,0.009999999999999955,28,TOP4_ROUTER,TOP4_ROUTER,external,0.0
H4|VAL|SUPPORT|HOLD,H4,VAL,SUPPORT,HOLD,4824,2020-07-20 00:00:00+00:00,LONG,9186.864166666666,H4|VAL|2020-07-19T20:00:00+00:00|SUPPORT,2020-W30,2020-07-20 01:00:00+00:00,2020-07-21 07:00:00+00:00,9191.54,9297.242710000002,9113.41191,TP,0.010000000000000066,31,TOP4_ROUTER,TOP4_ROUTER,external,2.0
H1|VAH|RESISTANCE|WICK,H1,VAH,RESISTANCE,WICK,4996,2020-07-27 04:00:00+00:00,SHORT,10267.33125,H1|VAH|2020-07-27T03:00:00+00:00|RESISTANCE,2020-W31,2020-07-27 05:00:00+00:00,2020-07-27 05:00:00+00:00,10228.04,10110.417540000002,10314.97834,SL,-0.009999999999999952,1,TOP4_ROUTER,TOP4_ROUTER,external,0.0
H1|VWAP|SUPPORT|WICK,H1,VWAP,SUPPORT,WICK,5160,2020-08-03 00:00:00+00:00,LONG,11102.010574835922,H1|VWAP|2020-08-02T23:00:00+00:00|SUPPORT,2020-W32,2020-08-03 01:00:00+00:00,2020-08-03 13:00:00+00:00,11142.89,11271.033235,11048.175435,TP,0.010000000000000066,13,TOP4_ROUTER,TOP4_ROUTER,external,1.0
H1|VWAP|SUPPORT|WICK,H1,VWAP,SUPPORT,WICK,5331,2020-08-10 03:00:00+00:00,LONG,12000.590304897198,H1|VWAP|2020-08-10T02:00:00+00:00|SUPPORT,2020-W33,2020-08-10 04:00:00+00:00,2020-08-10 10:00:00+00:00,12041.88,12180.36162,11939.524019999999,SL,-0.010000000000000063,7,TOP4_ROUTER,TOP4_ROUTER,external,1.0
H1|VWAP|SUPPORT|WICK,H1,VWAP,SUPPORT,WICK,5498,2020-08-17 02:00:00+00:00,LONG,11829.858692409267,H1|VWAP|2020-08-17T01:00:00+00:00|SUPPORT,2020-W34,2020-08-17 03:00:00+00:00,2020-08-17 13:00:00+00:00,11870.45,12006.960175000002,11769.551175,TP,0.010000000000000066,11,TOP4_ROUTER,TOP4_ROUTER,external,1.0
H1|VWAP|SUPPORT|WICK,H1,VWAP,SUPPORT,WICK,5665,2020-08-24 01:00:00+00:00,LONG,11622.557406369066,H1|VWAP|2020-08-24T00:00:00+00:00|SUPPORT,2020-W35,2020-08-24 02:00:00+00:00,2020-08-24 07:00:00+00:00,11637.82,11771.65493,11538.89853,TP,0.010000000000000066,6,TOP4_ROUTER,TOP4_ROUTER,external,1.0
H1|VAH|RESISTANCE|WICK,H1,VAH,RESISTANCE,WICK,5832,2020-08-31 00:00:00+00:00,SHORT,11707.62,H1|VAH|2020-08-30T23:00:00+00:00|RESISTANCE,2020-W36,2020-08-31 01:00:00+00:00,2020-09-01 00:00:00+00:00,11700.99,11566.428615,11800.448414999999,TP,0.009999999999999955,24,TOP4_ROUTER,TOP4_ROUTER,external,0.0
H1|VWAP|SUPPORT|WICK,H1,VWAP,SUPPORT,WICK,6000,2020-09-07 00:00:00+00:00,LONG,10251.097403591868,H1|VWAP|2020-09-06T23:00:00+00:00|SUPPORT,2020-W37,2020-09-07 01:00:00+00:00,2020-09-07 03:00:00+00:00,10282.81,10401.062315000001,10195.406115,SL,-0.009999999999999952,3,TOP4_ROUTER,TOP4_ROUTER,external,1.0
H4|VAL|SUPPORT|HOLD,H4,VAL,SUPPORT,HOLD,6169,2020-09-14 01:00:00+00:00,LONG,10295.772708333334,H4|VAL|2020-09-13T20:00:00+00:00|SUPPORT,2020-W38,2020-09-14 02:00:00+00:00,2020-09-14 08:00:00+00:00,10320.52,10439.20598,10232.795580000002,TP,0.010000000000000066,7,TOP4_ROUTER,TOP4_ROUTER,external,2.0
H1|VWAP|SUPPORT|WICK,H1,VWAP,SUPPORT,WICK,6336,2020-09-21 00:00:00+00:00,LONG,10909.695857979637,H1|VWAP|2020-09-20T23:00:00+00:00|SUPPORT,2020-W39,2020-09-21 01:00:00+00:00,2020-09-21 08:00:00+00:00,10946.63,11072.516245,10853.583645,SL,-0.00999999999999984,8,TOP4_ROUTER,TOP4_ROUTER,external,1.0
H1|VWAP|SUPPORT|WICK,H1,VWAP,SUPPORT,WICK,6506,2020-09-28 02:00:00+00:00,LONG,10902.067900396116,H1|VWAP|2020-09-28T01:00:00+00:00|SUPPORT,2020-W40,2020-09-28 03:00:00+00:00,2020-09-28 23:00:00+00:00,10905.33,11030.741295,10812.634695,SL,-0.009999999999999952,21,TOP4_ROUTER,TOP4_ROUTER,external,1.0
H1|VAH|RESISTANCE|WICK,H1,VAH,RESISTANCE,WICK,6673,2020-10-05 01:00:00+00:00,SHORT,10704.079166666666,H1|VAH|2020-10-05T00:00:00+00:00|RESISTANCE,2020-W41,2020-10-05 02:00:00+00:00,2020-10-05 23:00:00+00:00,10684.59,10561.717215,10775.409015,SL,-0.009999999999999952,22,TOP4_ROUTER,TOP4_ROUTER,external,0.0
H1|VWAP|SUPPORT|WICK,H1,VWAP,SUPPORT,WICK,6840,2020-10-12 00:00:00+00:00,LONG,11371.069811767826,H1|VWAP|2020-10-11T23:00:00+00:00|SUPPORT,2020-W42,2020-10-12 01:00:00+00:00,2020-10-12 10:00:00+00:00,11378.37,11509.221255000002,11281.653855,SL,-0.010000000000000063,10,TOP4_ROUTER,TOP4_ROUTER,external,1.0
H4|VAL|SUPPORT|HOLD,H4,VAL,SUPPORT,HOLD,7008,2020-10-19 00:00:00+00:00,LONG,11448.165625,H4|VAL|2020-10-18T20:00:00+00:00|SUPPORT,2020-W43,2020-10-19 01:00:00+00:00,2020-10-19 13:00:00+00:00,11465.49,11597.343135000001,11368.033335,TP,0.010000000000000066,13,TOP4_ROUTER,TOP4_ROUTER,external,2.0
H1|VWAP|SUPPORT|WICK,H1,VWAP,SUPPORT,WICK,7176,2020-10-26 00:00:00+00:00,LONG,13022.27189871217,H1|VWAP|2020-10-25T23:00:00+00:00|SUPPORT,2020-W44,2020-10-26 01:00:00+00:00,2020-10-26 08:00:00+00:00,13044.58,13194.59267,12933.701070000001,SL,-0.009999999999999952,8,TOP4_ROUTER,TOP4_ROUTER,external,1.0
H1|VAH|RESISTANCE|WICK,H1,VAH,RESISTANCE,WICK,7347,2020-11-02 03:00:00+00:00,SHORT,13703.038958333334,H1|VAH|2020-11-02T02:00:00+00:00|RESISTANCE,2020-W45,2020-11-02 04:00:00+00:00,2020-11-02 08:00:00+00:00,13688.53,13531.111905000002,13804.882505,TP,0.009999999999999955,5,TOP4_ROUTER,TOP4_ROUTER,external,0.0
H1|VWAP|SUPPORT|WICK,H1,VWAP,SUPPORT,WICK,7512,2020-11-09 00:00:00+00:00,LONG,15493.102217714984,H1|VWAP|2020-11-08T23:00:00+00:00|SUPPORT,2020-W46,2020-11-09 01:00:00+00:00,2020-11-09 03:00:00+00:00,15549.72,15728.54178,15417.54738,SL,-0.009999999999999952,3,TOP4_ROUTER,TOP4_ROUTER,external,1.0
H1|VWAP|SUPPORT|WICK,H1,VWAP,SUPPORT,WICK,7680,2020-11-16 00:00:00+00:00,LONG,15967.506963791842,H1|VWAP|2020-11-15T23:00:00+00:00|SUPPORT,2020-W47,2020-11-16 01:00:00+00:00,2020-11-16 06:00:00+00:00,15968.4,16152.036600000001,15832.6686,TP,0.010000000000000066,6,TOP4_ROUTER,TOP4_ROUTER,external,1.0
H1|VAH|RESISTANCE|WICK,H1,VAH,RESISTANCE,WICK,7853,2020-11-23 05:00:00+00:00,SHORT,18487.395833333332,H1|VAH|2020-11-23T04:00:00+00:00|RESISTANCE,2020-W48,2020-11-23 06:00:00+00:00,2020-11-23 08:00:00+00:00,18461.01,18248.708384999998,18617.928584999998,SL,-0.009999999999999952,3,TOP4_ROUTER,TOP4_ROUTER,external,0.0
H1|VWAP|SUPPORT|WICK,H1,VWAP,SUPPORT,WICK,8017,2020-11-30 01:00:00+00:00,LONG,18373.2309845346,H1|VWAP|2020-11-30T00:00:00+00:00|SUPPORT,2020-W49,2020-11-30 02:00:00+00:00,2020-11-30 12:00:00+00:00,18478.96,18691.46804,18321.88884,TP,0.010000000000000066,11,TOP4_ROUTER,TOP4_ROUTER,external,1.0
H1|VAH|RESISTANCE|WICK,H1,VAH,RESISTANCE,WICK,8184,2020-12-07 00:00:00+00:00,SHORT,19376.502291666664,H1|VAH|2020-12-06T23:00:00+00:00|RESISTANCE,2020-W50,2020-12-07 01:00:00+00:00,2020-12-07 11:00:00+00:00,19329.17,19106.884545,19493.467944999997,TP,0.009999999999999844,11,TOP4_ROUTER,TOP4_ROUTER,external,0.0
H1|VAH|RESISTANCE|WICK,H1,VAH,RESISTANCE,WICK,8353,2020-12-14 01:00:00+00:00,SHORT,19100.541875000003,H1|VAH|2020-12-14T00:00:00+00:00|RESISTANCE,2020-W51,2020-12-14 02:00:00+00:00,2020-12-14 02:00:00+00:00,19087.61,18868.102485000003,19249.854685,SL,-0.009999999999999952,1,TOP4_ROUTER,TOP4_ROUTER,external,0.0
H1|VWAP|SUPPORT|WICK,H1,VWAP,SUPPORT,WICK,8520,2020-12-21 00:00:00+00:00,LONG,23525.533875695564,H1|VWAP|2020-12-20T23:00:00+00:00|SUPPORT,2020-W52,2020-12-21 01:00:00+00:00,2020-12-21 03:00:00+00:00,23690.52,23962.960980000003,23489.15058,TP,0.010000000000000066,3,TOP4_ROUTER,TOP4_ROUTER,external,1.0
H1|VWAP|SUPPORT|WICK,H1,VWAP,SUPPORT,WICK,8691,2020-12-28 03:00:00+00:00,LONG,27039.954543397762,H1|VWAP|2020-12-28T02:00:00+00:00|SUPPORT,2020-W53,2020-12-28 04:00:00+00:00,2020-12-28 04:00:00+00:00,27287.25,27601.053375000003,27055.308375,SL,-0.009999999999999952,1,TOP4_ROUTER,TOP4_ROUTER,external,1.0
H1|VWAP|SUPPORT|WICK,H1,VWAP,SUPPORT,WICK,8857,2021-01-04 01:00:00+00:00,LONG,32815.4664925938,H1|VWAP|2021-01-04T00:00:00+00:00|SUPPORT,2021-W01,2021-01-04 02:00:00+00:00,2021-01-04 02:00:00+00:00,33242.23,33624.51564500001,32959.671045,TP,0.010000000000000066,1,TOP4_ROUTER,TOP4_ROUTER,external,1.0
H1|VAH|RESISTANCE|WICK,H1,VAH,RESISTANCE,WICK,9025,2021-01-11 01:00:00+00:00,SHORT,37707.8625,H1|VAH|2021-01-11T00:00:00+00:00|RESISTANCE,2021-W02,2021-01-11 02:00:00+00:00,2021-01-11 02:00:00+00:00,37300.49,36871.534365,37617.544165,TP,0.009999999999999955,1,TOP4_ROUTER,TOP4_ROUTER,external,0.0
H1|VWAP|SUPPORT|WICK,H1,VWAP,SUPPORT,WICK,9193,2021-01-18 01:00:00+00:00,LONG,35878.94152044972,H1|VWAP|2021-01-18T00:00:00+00:00|SUPPORT,2021-W03,2021-01-18 02:00:00+00:00,2021-01-18 02:00:00+00:00,36166.97,36582.890155,35859.550755000004,SL,-0.009999999999999952,1,TOP4_ROUTER,TOP4_ROUTER,external,1.0
H1|VWAP|SUPPORT|WICK,H1,VWAP,SUPPORT,WICK,9361,2021-01-25 01:00:00+00:00,LONG,32582.420349149692,H1|VWAP|2021-01-25T00:00:00+00:00|SUPPORT,2021-W04,2021-01-25 02:00:00+00:00,2021-01-25 03:00:00+00:00,32893.22,33271.49203,32613.627630000003,SL,-0.009999999999999952,2,TOP4_ROUTER,TOP4_ROUTER,external,1.0
H4|VAL|SUPPORT|HOLD,H4,VAL,SUPPORT,HOLD,9528,2021-02-01 00:00:00+00:00,LONG,32527.280833333334,H4|VAL|2021-01-31T20:00:00+00:00|SUPPORT,2021-W05,2021-02-01 01:00:00+00:00,2021-02-01 01:00:00+00:00,32570.42,32944.979830000004,32293.57143,TP,0.010000000000000066,1,TOP4_ROUTER,TOP4_ROUTER,external,2.0
H1|VAH|RESISTANCE|WICK,H1,VAH,RESISTANCE,WICK,9696,2021-02-08 00:00:00+00:00,SHORT,39037.43020833333,H1|VAH|2021-02-07T23:00:00+00:00|RESISTANCE,2021-W06,2021-02-08 01:00:00+00:00,2021-02-08 02:00:00+00:00,38774.61,38328.701985,39104.194185,TP,0.010000000000000066,2,TOP4_ROUTER,TOP4_ROUTER,external,0.0
H1|VAH|RESISTANCE|WICK,H1,VAH,RESISTANCE,WICK,9864,2021-02-15 00:00:00+00:00,SHORT,49041.29520833334,H1|VAH|2021-02-14T23:00:00+00:00|RESISTANCE,2021-W07,2021-02-15 01:00:00+00:00,2021-02-15 01:00:00+00:00,48850.0,48288.225000000006,49265.225,TP,0.009999999999999844,1,TOP4_ROUTER,TOP4_ROUTER,external,0.0
H1|VAH|RESISTANCE|WICK,H1,VAH,RESISTANCE,WICK,10034,2021-02-22 02:00:00+00:00,SHORT,56957.88979166667,H1|VAH|2021-02-22T01:00:00+00:00|RESISTANCE,2021-W08,2021-02-22 03:00:00+00:00,2021-02-22 03:00:00+00:00,56942.53,56287.690905,57426.541504999994,TP,0.009999999999999955,1,TOP4_ROUTER,TOP4_ROUTER,external,0.0
H1|VAH|RESISTANCE|WICK,H1,VAH,RESISTANCE,WICK,10201,2021-03-01 01:00:00+00:00,SHORT,46285.075625,H1|VAH|2021-03-01T00:00:00+00:00|RESISTANCE,2021-W09,2021-03-01 02:00:00+00:00,2021-03-01 02:00:00+00:00,46186.92,45655.77042,46579.508819999995,SL,-0.009999999999999952,1,TOP4_ROUTER,TOP4_ROUTER,external,0.0
H1|VWAP|SUPPORT|WICK,H1,VWAP,SUPPORT,WICK,10369,2021-03-08 01:00:00+00:00,LONG,51446.672060220786,H1|VWAP|2021-03-08T00:00:00+00:00|SUPPORT,2021-W10,2021-03-08 02:00:00+00:00,2021-03-08 02:00:00+00:00,51583.89,52177.104735,51145.426935,SL,-0.009999999999999952,1,TOP4_ROUTER,TOP4_ROUTER,external,1.0
H4|VAL|SUPPORT|HOLD,H4,VAL,SUPPORT,HOLD,10536,2021-03-15 00:00:00+00:00,LONG,59043.10104166667,H4|VAL|2021-03-14T20:00:00+00:00|SUPPORT,2021-W11,2021-03-15 01:00:00+00:00,2021-03-15 01:00:00+00:00,59534.78,60219.429970000005,59028.73437,TP,0.010000000000000066,1,TOP4_ROUTER,TOP4_ROUTER,external,2.0
H1|VWAP|SUPPORT|WICK,H1,VWAP,SUPPORT,WICK,10706,2021-03-22 02:00:00+00:00,LONG,56583.01278630847,H1|VWAP|2021-03-22T01:00:00+00:00|SUPPORT,2021-W12,2021-03-22 03:00:00+00:00,2021-03-22 03:00:00+00:00,57015.09,57670.763535,56530.461735,TP,0.010000000000000066,1,TOP4_ROUTER,TOP4_ROUTER,external,1.0
H1|VWAP|SUPPORT|WICK,H1,VWAP,SUPPORT,WICK,10874,2021-03-29 02:00:00+00:00,LONG,55203.674418450915,H1|VWAP|2021-03-29T01:00:00+00:00|SUPPORT,2021-W13,2021-03-29 03:00:00+00:00,2021-03-29 07:00:00+00:00,55389.97,56026.954655,54919.155255000005,TP,0.010000000000000066,5,TOP4_ROUTER,TOP4_ROUTER,external,1.0
H1|VAH|RESISTANCE|WICK,H1,VAH,RESISTANCE,WICK,11040,2021-04-05 00:00:00+00:00,SHORT,58248.11729166667,H1|VAH|2021-04-04T23:00:00+00:00|RESISTANCE,2021-W14,2021-04-05 01:00:00+00:00,2021-04-05 05:00:00+00:00,57978.11,57311.361735000006,58470.923935,TP,0.009999999999999955,5,TOP4_ROUTER,TOP4_ROUTER,external,0.0
H1|VAH|RESISTANCE|WICK,H1,VAH,RESISTANCE,WICK,11208,2021-04-12 00:00:00+00:00,SHORT,60071.37375,H1|VAH|2021-04-11T23:00:00+00:00|RESISTANCE,2021-W15,2021-04-12 01:00:00+00:00,2021-04-12 03:00:00+00:00,59905.22,59216.30997,60414.41437,SL,-0.009999999999999952,3,TOP4_ROUTER,TOP4_ROUTER,external,0.0
H1|VWAP|SUPPORT|WICK,H1,VWAP,SUPPORT,WICK,11376,2021-04-19 00:00:00+00:00,LONG,56305.5189465396,H1|VWAP|2021-04-18T23:00:00+00:00|SUPPORT,2021-W16,2021-04-19 01:00:00+00:00,2021-04-19 07:00:00+00:00,56753.2,57405.8618,56270.7978,TP,0.010000000000000066,7,TOP4_ROUTER,TOP4_ROUTER,external,1.0
H1|VWAP|SUPPORT|WICK,H1,VWAP,SUPPORT,WICK,11548,2021-04-26 04:00:00+00:00,LONG,52160.110008017844,H1|VWAP|2021-04-26T03:00:00+00:00|SUPPORT,2021-W17,2021-04-26 05:00:00+00:00,2021-04-26 06:00:00+00:00,52323.95,52925.675425,51879.196425,TP,0.010000000000000066,2,TOP4_ROUTER,TOP4_ROUTER,external,1.0
H1|VWAP|SUPPORT|WICK,H1,VWAP,SUPPORT,WICK,11714,2021-05-03 02:00:00+00:00,LONG,57929.2580466669,H1|VWAP|2021-05-03T01:00:00+00:00|SUPPORT,2021-W18,2021-05-03 03:00:00+00:00,2021-05-03 07:00:00+00:00,58128.76,58797.24074000001,57634.66554,TP,0.010000000000000066,5,TOP4_ROUTER,TOP4_ROUTER,external,1.0
H1|VAH|RESISTANCE|WICK,H1,VAH,RESISTANCE,WICK,11881,2021-05-10 01:00:00+00:00,SHORT,58785.89125,H1|VAH|2021-05-10T00:00:00+00:00|RESISTANCE,2021-W19,2021-05-10 02:00:00+00:00,2021-05-10 03:00:00+00:00,58762.89,58087.116765,59262.374565,SL,-0.009999999999999952,2,TOP4_ROUTER,TOP4_ROUTER,external,0.0
H1|VAH|RESISTANCE|WICK,H1,VAH,RESISTANCE,WICK,12050,2021-05-17 02:00:00+00:00,SHORT,45062.87770833333,H1|VAH|2021-05-17T01:00:00+00:00|RESISTANCE,2021-W20,2021-05-17 03:00:00+00:00,2021-05-17 03:00:00+00:00,44550.01,44037.684885,44928.685085,TP,0.009999999999999955,1,TOP4_ROUTER,TOP4_ROUTER,external,0.0
H1|VAH|RESISTANCE|WICK,H1,VAH,RESISTANCE,WICK,12217,2021-05-24 01:00:00+00:00,SHORT,35190.808958333335,H1|VAH|2021-05-24T00:00:00+00:00|RESISTANCE,2021-W21,2021-05-24 02:00:00+00:00,2021-05-24 02:00:00+00:00,35073.05,34669.709925,35371.170925,SL,-0.009999999999999952,1,TOP4_ROUTER,TOP4_ROUTER,external,0.0
H1|VAH|RESISTANCE|WICK,H1,VAH,RESISTANCE,WICK,12384,2021-05-31 00:00:00+00:00,SHORT,35665.114375000005,H1|VAH|2021-05-30T23:00:00+00:00|RESISTANCE,2021-W22,2021-05-31 01:00:00+00:00,2021-05-31 01:00:00+00:00,35326.07,34919.820195,35626.341595,TP,0.009999999999999955,1,TOP4_ROUTER,TOP4_ROUTER,external,0.0
H4|VAL|SUPPORT|HOLD,H4,VAL,SUPPORT,HOLD,12556,2021-06-07 04:00:00+00:00,LONG,36249.0625,H4|VAL|2021-06-07T00:00:00+00:00|SUPPORT,2021-W23,2021-06-07 05:00:00+00:00,2021-06-07 07:00:00+00:00,36260.0,36676.990000000005,35951.79,SL,-0.009999999999999952,3,TOP4_ROUTER,TOP4_ROUTER,external,2.0
H1|VWAP|SUPPORT|WICK,H1,VWAP,SUPPORT,WICK,12720,2021-06-14 00:00:00+00:00,LONG,38886.76461749979,H1|VWAP|2021-06-13T23:00:00+00:00|SUPPORT,2021-W24,2021-06-14 01:00:00+00:00,2021-06-14 01:00:00+00:00,39102.02,39551.69323,38769.65283,TP,0.010000000000000066,1,TOP4_ROUTER,TOP4_ROUTER,external,1.0
H1|VAH|RESISTANCE|WICK,H1,VAH,RESISTANCE,WICK,12888,2021-06-21 00:00:00+00:00,SHORT,35610.560208333336,H1|VAH|2021-06-20T23:00:00+00:00|RESISTANCE,2021-W25,2021-06-21 01:00:00+00:00,2021-06-21 02:00:00+00:00,35559.11,35150.180235,35861.362434999995,TP,0.010000000000000066,2,TOP4_ROUTER,TOP4_ROUTER,external,0.0
H1|VAH|RESISTANCE|WICK,H1,VAH,RESISTANCE,WICK,13056,2021-06-28 00:00:00+00:00,SHORT,34625.7375,H1|VAH|2021-06-27T23:00:00+00:00|RESISTANCE,2021-W26,2021-06-28 01:00:00+00:00,2021-06-28 07:00:00+00:00,34550.21,34152.882585,34843.886784999995,SL,-0.009999999999999952,7,TOP4_ROUTER,TOP4_ROUTER,external,0.0
H1|VAH|RESISTANCE|WICK,H1,VAH,RESISTANCE,WICK,13227,2021-07-05 03:00:00+00:00,SHORT,34458.575,H1|VAH|2021-07-05T02:00:00+00:00|RESISTANCE,2021-W27,2021-07-05 04:00:00+00:00,2021-07-05 11:00:00+00:00,34345.63,33950.655255,34637.567854999994,TP,0.009999999999999955,8,TOP4_ROUTER,TOP4_ROUTER,external,0.0
H1|VAH|RESISTANCE|WICK,H1,VAH,RESISTANCE,WICK,13392,2021-07-12 00:00:00+00:00,SHORT,34298.53125,H1|VAH|2021-07-11T23:00:00+00:00|RESISTANCE,2021-W28,2021-07-12 01:00:00+00:00,2021-07-12 03:00:00+00:00,34159.94,33767.10069000001,34450.29949,SL,-0.009999999999999952,3,TOP4_ROUTER,TOP4_ROUTER,external,0.0
H4|VAL|SUPPORT|HOLD,H4,VAL,SUPPORT,HOLD,13560,2021-07-19 00:00:00+00:00,LONG,31556.884375,H4|VAL|2021-07-18T20:00:00+00:00|SUPPORT,2021-W29,2021-07-19 01:00:00+00:00,2021-07-19 09:00:00+00:00,31587.46,31950.715790000002,31318.96659,SL,-0.009999999999999952,9,TOP4_ROUTER,TOP4_ROUTER,external,2.0
H4|VAH|SUPPORT|WICK,H4,VAH,SUPPORT,WICK,13732,2021-07-26 04:00:00+00:00,LONG,38160.786041666666,H4|VAH|2021-07-26T00:00:00+00:00|SUPPORT,2021-W30,2021-07-26 05:00:00+00:00,2021-07-26 06:00:00+00:00,38266.56,38706.62544,37941.29424,TP,0.010000000000000066,2,TOP4_ROUTER,TOP4_ROUTER,external,3.0
H1|VAH|RESISTANCE|WICK,H1,VAH,RESISTANCE,WICK,13896,2021-08-02 00:00:00+00:00,SHORT,39915.11875,H1|VAH|2021-08-01T23:00:00+00:00|RESISTANCE,2021-W31,2021-08-02 01:00:00+00:00,2021-08-02 02:00:00+00:00,39528.61,39074.030985000005,39864.603185,SL,-0.009999999999999952,2,TOP4_ROUTER,TOP4_ROUTER,external,0.0
H1|VWAP|SUPPORT|WICK,H1,VWAP,SUPPORT,WICK,14067,2021-08-09 03:00:00+00:00,LONG,43304.363589591674,H1|VWAP|2021-08-09T02:00:00+00:00|SUPPORT,2021-W32,2021-08-09 04:00:00+00:00,2021-08-09 09:00:00+00:00,43486.16,43986.25084000001,43116.52764000001,TP,0.010000000000000066,6,TOP4_ROUTER,TOP4_ROUTER,external,1.0
H1|VAH|RESISTANCE|WICK,H1,VAH,RESISTANCE,WICK,14233,2021-08-16 01:00:00+00:00,SHORT,47690.231875,H1|VAH|2021-08-16T00:00:00+00:00|RESISTANCE,2021-W33,2021-08-16 02:00:00+00:00,2021-08-16 08:00:00+00:00,47671.65,47123.426025,48076.859025,TP,0.010000000000000066,7,TOP4_ROUTER,TOP4_ROUTER,external,0.0
H1|VWAP|SUPPORT|WICK,H1,VWAP,SUPPORT,WICK,14400,2021-08-23 00:00:00+00:00,LONG,49358.80790027879,H1|VWAP|2021-08-22T23:00:00+00:00|SUPPORT,2021-W34,2021-08-23 01:00:00+00:00,2021-08-23 02:00:00+00:00,49453.82,50022.53893,49033.462530000004,TP,0.010000000000000066,2,TOP4_ROUTER,TOP4_ROUTER,external,1.0
H4|VAL|SUPPORT|HOLD,H4,VAL,SUPPORT,HOLD,14568,2021-08-30 00:00:00+00:00,LONG,48367.559583333335,H4|VAL|2021-08-29T20:00:00+00:00|SUPPORT,2021-W35,2021-08-30 01:00:00+00:00,2021-08-30 03:00:00+00:00,48435.13,48992.133995000004,48023.431395,SL,-0.009999999999999952,3,TOP4_ROUTER,TOP4_ROUTER,external,2.0
H1|VAH|RESISTANCE|WICK,H1,VAH,RESISTANCE,WICK,14736,2021-09-06 00:00:00+00:00,SHORT,51804.51875,H1|VAH|2021-09-05T23:00:00+00:00|RESISTANCE,2021-W36,2021-09-06 01:00:00+00:00,2021-09-06 11:00:00+00:00,51774.62,51179.21187000001,52214.70427,SL,-0.009999999999999952,11,TOP4_ROUTER,TOP4_ROUTER,external,0.0
H1|VAH|RESISTANCE|WICK,H1,VAH,RESISTANCE,WICK,14904,2021-09-13 00:00:00+00:00,SHORT,46226.535,H1|VAH|2021-09-12T23:00:00+00:00|RESISTANCE,2021-W37,2021-09-13 01:00:00+00:00,2021-09-13 01:00:00+00:00,46062.41,45532.692285000005,46453.940485,TP,0.009999999999999955,1,TOP4_ROUTER,TOP4_ROUTER,external,0.0
H4|VAL|SUPPORT|HOLD,H4,VAL,SUPPORT,HOLD,15072,2021-09-20 00:00:00+00:00,LONG,46857.39583333333,H4|VAL|2021-09-19T20:00:00+00:00|SUPPORT,2021-W38,2021-09-20 01:00:00+00:00,2021-09-20 02:00:00+00:00,46998.36,47538.841140000004,46598.873940000005,SL,-0.009999999999999952,2,TOP4_ROUTER,TOP4_ROUTER,external,2.0
H1|VWAP|SUPPORT|WICK,H1,VWAP,SUPPORT,WICK,15242,2021-09-27 02:00:00+00:00,LONG,44033.72779501808,H1|VWAP|2021-09-27T01:00:00+00:00|SUPPORT,2021-W39,2021-09-27 03:00:00+00:00,2021-09-27 06:00:00+00:00,44157.83,44665.645045000005,43782.488445,SL,-0.009999999999999952,4,TOP4_ROUTER,TOP4_ROUTER,external,1.0
H1|VAH|RESISTANCE|WICK,H1,VAH,RESISTANCE,WICK,15409,2021-10-04 01:00:00+00:00,SHORT,48167.25979166667,H1|VAH|2021-10-04T00:00:00+00:00|RESISTANCE,2021-W40,2021-10-04 02:00:00+00:00,2021-10-04 04:00:00+00:00,47819.43,47269.506555,48225.895155,TP,0.009999999999999955,3,TOP4_ROUTER,TOP4_ROUTER,external,0.0
H1|VAH|RESISTANCE|WICK,H1,VAH,RESISTANCE,WICK,15580,2021-10-11 04:00:00+00:00,SHORT,56540.09229166666,H1|VAH|2021-10-11T03:00:00+00:00|RESISTANCE,2021-W41,2021-10-11 05:00:00+00:00,2021-10-11 07:00:00+00:00,56508.28,55858.43478,56988.600379999996,SL,-0.009999999999999952,3,TOP4_ROUTER,TOP4_ROUTER,external,0.0
H1|VAH|RESISTANCE|WICK,H1,VAH,RESISTANCE,WICK,15747,2021-10-18 03:00:00+00:00,SHORT,62231.45625,H1|VAH|2021-10-18T02:00:00+00:00|RESISTANCE,2021-W42,2021-10-18 04:00:00+00:00,2021-10-18 07:00:00+00:00,62175.0,61459.9875,62703.487499999996,SL,-0.009999999999999952,4,TOP4_ROUTER,TOP4_ROUTER,external,0.0
H1|VWAP|SUPPORT|WICK,H1,VWAP,SUPPORT,WICK,15914,2021-10-25 02:00:00+00:00,LONG,61973.50449806583,H1|VWAP|2021-10-25T01:00:00+00:00|SUPPORT,2021-W43,2021-10-25 03:00:00+00:00,2021-10-25 07:00:00+00:00,61990.0,62702.885,61463.08500000001,TP,0.010000000000000066,5,TOP4_ROUTER,TOP4_ROUTER,external,1.0
H1|VWAP|SUPPORT|WICK,H1,VWAP,SUPPORT,WICK,16080,2021-11-01 00:00:00+00:00,LONG,61440.2574096963,H1|VWAP|2021-10-31T23:00:00+00:00|SUPPORT,2021-W44,2021-11-01 01:00:00+00:00,2021-11-01 02:00:00+00:00,61617.76,62326.36424,61094.009040000004,SL,-0.009999999999999952,2,TOP4_ROUTER,TOP4_ROUTER,external,1.0
H1|VAH|RESISTANCE|WICK,H1,VAH,RESISTANCE,WICK,16250,2021-11-08 02:00:00+00:00,SHORT,65342.729375,H1|VAH|2021-11-08T01:00:00+00:00|RESISTANCE,2021-W45,2021-11-08 03:00:00+00:00,2021-11-08 05:00:00+00:00,65155.06,64405.77681,65708.87801,SL,-0.009999999999999952,3,TOP4_ROUTER,TOP4_ROUTER,external,0.0
H1|VAH|RESISTANCE|WICK,H1,VAH,RESISTANCE,WICK,16417,2021-11-15 01:00:00+00:00,SHORT,65981.38770833334,H1|VAH|2021-11-15T00:00:00+00:00|RESISTANCE,2021-W46,2021-11-15 02:00:00+00:00,2021-11-15 14:00:00+00:00,65947.01,65188.619385,66507.559585,TP,0.009999999999999955,13,TOP4_ROUTER,TOP4_ROUTER,external,0.0
H1|VWAP|SUPPORT|WICK,H1,VWAP,SUPPORT,WICK,16589,2021-11-22 05:00:00+00:00,LONG,57334.95237878257,H1|VWAP|2021-11-22T04:00:00+00:00|SUPPORT,2021-W47,2021-11-22 06:00:00+00:00,2021-11-22 13:00:00+00:00,57472.95,58133.888925,56984.429925,SL,-0.009999999999999952,8,TOP4_ROUTER,TOP4_ROUTER,external,1.0
H1|VAH|RESISTANCE|WICK,H1,VAH,RESISTANCE,WICK,16753,2021-11-29 01:00:00+00:00,SHORT,57750.805625,H1|VAH|2021-11-29T00:00:00+00:00|RESISTANCE,2021-W48,2021-11-29 02:00:00+00:00,2021-11-29 09:00:00+00:00,57693.38,57029.90613,58183.77372999999,TP,0.009999999999999955,8,TOP4_ROUTER,TOP4_ROUTER,external,0.0
H4|VAL|SUPPORT|HOLD,H4,VAL,SUPPORT,HOLD,16920,2021-12-06 00:00:00+00:00,LONG,48501.60416666667,H4|VAL|2021-12-05T20:00:00+00:00|SUPPORT,2021-W49,2021-12-06 01:00:00+00:00,2021-12-06 01:00:00+00:00,48741.78,49302.310470000004,48327.47487,SL,-0.010000000000000063,1,TOP4_ROUTER,TOP4_ROUTER,external,2.0
H1|VWAP|SUPPORT|WICK,H1,VWAP,SUPPORT,WICK,17091,2021-12-13 03:00:00+00:00,LONG,48697.60798834992,H1|VWAP|2021-12-13T02:00:00+00:00|SUPPORT,2021-W50,2021-12-13 04:00:00+00:00,2021-12-13 08:00:00+00:00,48852.96,49414.76904,48437.70984,SL,-0.009999999999999952,5,TOP4_ROUTER,TOP4_ROUTER,external,1.0
H4|VAL|SUPPORT|HOLD,H4,VAL,SUPPORT,HOLD,17256,2021-12-20 00:00:00+00:00,LONG,46472.91229166667,H4|VAL|2021-12-19T20:00:00+00:00|SUPPORT,2021-W51,2021-12-20 01:00:00+00:00,2021-12-20 02:00:00+00:00,46866.61,47405.576015000006,46468.243815,SL,-0.009999999999999952,2,TOP4_ROUTER,TOP4_ROUTER,external,2.0
H1|VWAP|SUPPORT|WICK,H1,VWAP,SUPPORT,WICK,43969,2025-01-06 01:00:00+00:00,LONG,98415.08873583532,H1|VWAP|2025-01-06T00:00:00+00:00|SUPPORT,2025-W02,2025-01-06 02:00:00+00:00,2025-01-06 05:00:00+00:00,98735.7,99871.16055,97896.44655000001,TP,0.010000000000000066,4,TOP4_ROUTER,TOP4_ROUTER,reference_validation,1.0
H1|VWAP|SUPPORT|WICK,H1,VWAP,SUPPORT,WICK,44139,2025-01-13 03:00:00+00:00,LONG,94162.892144007,H1|VWAP|2025-01-13T02:00:00+00:00|SUPPORT,2025-W03,2025-01-13 04:00:00+00:00,2025-01-13 06:00:00+00:00,94215.4,95298.8771,93414.5691,SL,-0.010000000000000063,3,TOP4_ROUTER,TOP4_ROUTER,reference_validation,1.0
H4|VAL|SUPPORT|HOLD,H4,VAL,SUPPORT,HOLD,44304,2025-01-20 00:00:00+00:00,LONG,99742.70833333334,H4|VAL|2025-01-19T20:00:00+00:00|SUPPORT,2025-W04,2025-01-20 01:00:00+00:00,2025-01-20 01:00:00+00:00,99769.5,100916.84925,98921.45925,TP,0.010000000000000066,1,TOP4_ROUTER,TOP4_ROUTER,reference_validation,2.0
H1|VWAP|SUPPORT|WICK,H1,VWAP,SUPPORT,WICK,44475,2025-01-27 03:00:00+00:00,LONG,101209.46998548984,H1|VWAP|2025-01-27T02:00:00+00:00|SUPPORT,2025-W05,2025-01-27 04:00:00+00:00,2025-01-27 04:00:00+00:00,101349.1,102514.61465000002,100487.63265000001,SL,-0.009999999999999952,1,TOP4_ROUTER,TOP4_ROUTER,reference_validation,1.0
H4|VAL|SUPPORT|HOLD,H4,VAL,SUPPORT,HOLD,44640,2025-02-03 00:00:00+00:00,LONG,96083.04375000001,H4|VAL|2025-02-02T20:00:00+00:00|SUPPORT,2025-W06,2025-02-03 01:00:00+00:00,2025-02-03 01:00:00+00:00,96464.5,97573.84175,95644.55175,SL,-0.010000000000000063,1,TOP4_ROUTER,TOP4_ROUTER,reference_validation,2.0
H1|VWAP|SUPPORT|WICK,H1,VWAP,SUPPORT,WICK,44812,2025-02-10 04:00:00+00:00,LONG,96631.98256235532,H1|VWAP|2025-02-10T03:00:00+00:00|SUPPORT,2025-W07,2025-02-10 05:00:00+00:00,2025-02-10 13:00:00+00:00,96905.2,98019.6098,96081.5058,TP,0.010000000000000066,9,TOP4_ROUTER,TOP4_ROUTER,reference_validation,1.0
H4|VAL|SUPPORT|HOLD,H4,VAL,SUPPORT,HOLD,44976,2025-02-17 00:00:00+00:00,LONG,96027.95,H4|VAL|2025-02-16T20:00:00+00:00|SUPPORT,2025-W08,2025-02-17 01:00:00+00:00,2025-02-17 16:00:00+00:00,96273.6,97380.74640000002,95455.27440000001,SL,-0.009999999999999952,16,TOP4_ROUTER,TOP4_ROUTER,reference_validation,2.0
H4|VAL|SUPPORT|HOLD,H4,VAL,SUPPORT,HOLD,45150,2025-02-24 06:00:00+00:00,LONG,95690.47916666666,H4|VAL|2025-02-24T00:00:00+00:00|SUPPORT,2025-W09,2025-02-24 07:00:00+00:00,2025-02-24 14:00:00+00:00,95821.1,96923.04265000002,95006.62065000001,SL,-0.009999999999999952,8,TOP4_ROUTER,TOP4_ROUTER,reference_validation,2.0
H1|VWAP|SUPPORT|WICK,H1,VWAP,SUPPORT,WICK,45314,2025-03-03 02:00:00+00:00,LONG,92956.15574431748,H1|VWAP|2025-03-03T01:00:00+00:00|SUPPORT,2025-W10,2025-03-03 03:00:00+00:00,2025-03-03 03:00:00+00:00,93255.6,94328.03940000001,92462.92740000002,SL,-0.009999999999999952,1,TOP4_ROUTER,TOP4_ROUTER,reference_validation,1.0
H1|VWAP|SUPPORT|WICK,H1,VWAP,SUPPORT,WICK,45480,2025-03-10 00:00:00+00:00,LONG,80535.65441622968,H1|VWAP|2025-03-09T23:00:00+00:00|SUPPORT,2025-W11,2025-03-10 01:00:00+00:00,2025-03-10 02:00:00+00:00,81242.0,82176.28300000001,80551.443,TP,0.010000000000000066,2,TOP4_ROUTER,TOP4_ROUTER,reference_validation,1.0
H1|VWAP|SUPPORT|WICK,H1,VWAP,SUPPORT,WICK,45649,2025-03-17 01:00:00+00:00,LONG,82832.77191172075,H1|VWAP|2025-03-17T00:00:00+00:00|SUPPORT,2025-W12,2025-03-17 02:00:00+00:00,2025-03-17 14:00:00+00:00,83199.7,84156.49655,82492.50255,SL,-0.009999999999999952,13,TOP4_ROUTER,TOP4_ROUTER,reference_validation,1.0
H1|VWAP|SUPPORT|WICK,H1,VWAP,SUPPORT,WICK,45827,2025-03-24 11:00:00+00:00,LONG,87572.63178949355,H1|VWAP|2025-03-24T10:00:00+00:00|SUPPORT,2025-W13,2025-03-24 12:00:00+00:00,2025-03-24 14:00:00+00:00,87643.6,88651.50140000001,86898.6294,TP,0.010000000000000066,3,TOP4_ROUTER,TOP4_ROUTER,reference_validation,1.0
H4|VAL|SUPPORT|HOLD,H4,VAL,SUPPORT,HOLD,45984,2025-03-31 00:00:00+00:00,LONG,81527.04791666666,H4|VAL|2025-03-30T20:00:00+00:00|SUPPORT,2025-W14,2025-03-31 01:00:00+00:00,2025-03-31 12:00:00+00:00,81607.9,82546.39085,80914.23285,TP,0.010000000000000066,12,TOP4_ROUTER,TOP4_ROUTER,reference_validation,2.0
H1|VWAP|SUPPORT|WICK,H1,VWAP,SUPPORT,WICK,46152,2025-04-07 00:00:00+00:00,LONG,77851.51778658811,H1|VWAP|2025-04-06T23:00:00+00:00|SUPPORT,2025-W15,2025-04-07 01:00:00+00:00,2025-04-07 01:00:00+00:00,78295.8,79196.2017,77630.28570000001,TP,0.010000000000000066,1,TOP4_ROUTER,TOP4_ROUTER,reference_validation,1.0
H1|VAH|RESISTANCE|WICK,H1,VAH,RESISTANCE,WICK,46321,2025-04-14 01:00:00+00:00,SHORT,84623.54583333334,H1|VAH|2025-04-14T00:00:00+00:00|RESISTANCE,2025-W16,2025-04-14 02:00:00+00:00,2025-04-14 02:00:00+00:00,84200.7,83232.39195,84916.40594999999,SL,-0.009999999999999952,1,TOP4_ROUTER,TOP4_ROUTER,reference_validation,0.0
H1|VAH|RESISTANCE|WICK,H1,VAH,RESISTANCE,WICK,46491,2025-04-21 03:00:00+00:00,SHORT,87370.8125,H1|VAH|2025-04-21T02:00:00+00:00|RESISTANCE,2025-W17,2025-04-21 04:00:00+00:00,2025-04-21 14:00:00+00:00,87166.6,86164.18410000001,87907.51610000001,SL,-0.009999999999999952,11,TOP4_ROUTER,TOP4_ROUTER,reference_validation,0.0
H4|VAL|SUPPORT|HOLD,H4,VAL,SUPPORT,HOLD,46659,2025-04-28 03:00:00+00:00,LONG,93619.12291666667,H4|VAL|2025-04-27T20:00:00+00:00|SUPPORT,2025-W18,2025-04-28 04:00:00+00:00,2025-04-28 10:00:00+00:00,93800.0,94878.70000000001,93002.70000000001,TP,0.010000000000000066,7,TOP4_ROUTER,TOP4_ROUTER,reference_validation,2.0
H1|VWAP|SUPPORT|WICK,H1,VWAP,SUPPORT,WICK,46826,2025-05-05 02:00:00+00:00,LONG,94072.70893117445,H1|VWAP|2025-05-05T01:00:00+00:00|SUPPORT,2025-W19,2025-05-05 03:00:00+00:00,2025-05-06 13:00:00+00:00,94200.0,95283.3,93399.3,SL,-0.009999999999999952,35,TOP4_ROUTER,TOP4_ROUTER,reference_validation,1.0
H1|VAH|RESISTANCE|WICK,H1,VAH,RESISTANCE,WICK,46993,2025-05-12 01:00:00+00:00,SHORT,104395.53958333333,H1|VAH|2025-05-12T00:00:00+00:00|RESISTANCE,2025-W20,2025-05-12 02:00:00+00:00,2025-05-12 07:00:00+00:00,103965.9,102770.29215,104849.61015,SL,-0.009999999999999952,6,TOP4_ROUTER,TOP4_ROUTER,reference_validation,0.0
H1|VAH|RESISTANCE|WICK,H1,VAH,RESISTANCE,WICK,47169,2025-05-19 09:00:00+00:00,SHORT,103181.5875,H1|VAH|2025-05-19T08:00:00+00:00|RESISTANCE,2025-W21,2025-05-19 10:00:00+00:00,2025-05-19 14:00:00+00:00,103024.6,101839.81710000001,103900.3091,SL,-0.009999999999999952,5,TOP4_ROUTER,TOP4_ROUTER,reference_validation,0.0
H1|VAH|RESISTANCE|WICK,H1,VAH,RESISTANCE,WICK,47330,2025-05-26 02:00:00+00:00,SHORT,109586.23958333334,H1|VAH|2025-05-26T01:00:00+00:00|RESISTANCE,2025-W22,2025-05-26 03:00:00+00:00,2025-05-26 15:00:00+00:00,109353.2,108095.6382,110282.70219999999,SL,-0.009999999999999952,13,TOP4_ROUTER,TOP4_ROUTER,reference_validation,0.0
H1|VAH|RESISTANCE|WICK,H1,VAH,RESISTANCE,WICK,47496,2025-06-02 00:00:00+00:00,SHORT,105638.40625,H1|VAH|2025-06-01T23:00:00+00:00|RESISTANCE,2025-W23,2025-06-02 01:00:00+00:00,2025-06-02 11:00:00+00:00,105379.2,104167.3392,106274.92319999999,TP,0.009999999999999955,11,TOP4_ROUTER,TOP4_ROUTER,reference_validation,0.0
H1|VWAP|SUPPORT|WICK,H1,VWAP,SUPPORT,WICK,47664,2025-06-09 00:00:00+00:00,LONG,105633.888328882,H1|VWAP|2025-06-08T23:00:00+00:00|SUPPORT,2025-W24,2025-06-09 01:00:00+00:00,2025-06-09 09:00:00+00:00,105651.3,106866.28995,104753.26395000001,TP,0.010000000000000066,9,TOP4_ROUTER,TOP4_ROUTER,reference_validation,1.0
H1|VAH|RESISTANCE|WICK,H1,VAH,RESISTANCE,WICK,47832,2025-06-16 00:00:00+00:00,SHORT,105511.57916666666,H1|VAH|2025-06-15T23:00:00+00:00|RESISTANCE,2025-W25,2025-06-16 01:00:00+00:00,2025-06-16 04:00:00+00:00,105378.7,104166.84495,106274.41894999999,SL,-0.009999999999999952,4,TOP4_ROUTER,TOP4_ROUTER,reference_validation,0.0
H1|VAH|RESISTANCE|WICK,H1,VAH,RESISTANCE,WICK,48000,2025-06-23 00:00:00+00:00,SHORT,100884.89583333334,H1|VAH|2025-06-22T23:00:00+00:00|RESISTANCE,2025-W26,2025-06-23 01:00:00+00:00,2025-06-23 05:00:00+00:00,100849.8,99690.0273,101707.0233,SL,-0.009999999999999952,5,TOP4_ROUTER,TOP4_ROUTER,reference_validation,0.0
H1|VAH|RESISTANCE|WICK,H1,VAH,RESISTANCE,WICK,48170,2025-06-30 02:00:00+00:00,SHORT,108592.13333333333,H1|VAH|2025-06-30T01:00:00+00:00|RESISTANCE,2025-W27,2025-06-30 03:00:00+00:00,2025-06-30 14:00:00+00:00,108441.3,107194.22505000001,109363.05105,TP,0.009999999999999955,12,TOP4_ROUTER,TOP4_ROUTER,reference_validation,0.0
H4|VAL|SUPPORT|HOLD,H4,VAL,SUPPORT,HOLD,48338,2025-07-07 02:00:00+00:00,LONG,109156.725,H4|VAL|2025-07-06T20:00:00+00:00|SUPPORT,2025-W28,2025-07-07 03:00:00+00:00,2025-07-07 12:00:00+00:00,109308.1,110565.14315000002,108378.98115,SL,-0.009999999999999952,10,TOP4_ROUTER,TOP4_ROUTER,reference_validation,2.0
H4|VAH|SUPPORT|WICK,H4,VAH,SUPPORT,WICK,48504,2025-07-14 00:00:00+00:00,LONG,118883.61041666666,H4|VAH|2025-07-13T20:00:00+00:00|SUPPORT,2025-W29,2025-07-14 01:00:00+00:00,2025-07-14 03:00:00+00:00,119030.6,120399.45190000001,118018.8399,TP,0.010000000000000066,3,TOP4_ROUTER,TOP4_ROUTER,reference_validation,3.0
H1|VWAP|SUPPORT|WICK,H1,VWAP,SUPPORT,WICK,48672,2025-07-21 00:00:00+00:00,LONG,117244.55639646438,H1|VWAP|2025-07-20T23:00:00+00:00|SUPPORT,2025-W30,2025-07-21 01:00:00+00:00,2025-07-21 06:00:00+00:00,117323.6,118672.82140000002,116326.3494,TP,0.010000000000000066,6,TOP4_ROUTER,TOP4_ROUTER,reference_validation,1.0
H1|VAH|RESISTANCE|WICK,H1,VAH,RESISTANCE,WICK,48840,2025-07-28 00:00:00+00:00,SHORT,119379.32291666666,H1|VAH|2025-07-27T23:00:00+00:00|RESISTANCE,2025-W31,2025-07-28 01:00:00+00:00,2025-07-28 17:00:00+00:00,119228.9,117857.76765,120242.34564999999,TP,0.009999999999999955,17,TOP4_ROUTER,TOP4_ROUTER,reference_validation,0.0
H1|VWAP|SUPPORT|WICK,H1,VWAP,SUPPORT,WICK,49010,2025-08-04 02:00:00+00:00,LONG,114738.88945774555,H1|VWAP|2025-08-04T01:00:00+00:00|SUPPORT,2025-W32,2025-08-04 03:00:00+00:00,2025-08-05 07:00:00+00:00,114755.0,116074.68250000001,113779.5825,SL,-0.009999999999999952,29,TOP4_ROUTER,TOP4_ROUTER,reference_validation,1.0
H1|VAH|RESISTANCE|WICK,H1,VAH,RESISTANCE,WICK,49176,2025-08-11 00:00:00+00:00,SHORT,119162.14374999999,H1|VAH|2025-08-10T23:00:00+00:00|RESISTANCE,2025-W33,2025-08-11 01:00:00+00:00,2025-08-11 02:00:00+00:00,119093.0,117723.4305,120105.29049999999,SL,-0.009999999999999952,2,TOP4_ROUTER,TOP4_ROUTER,reference_validation,0.0
H1|VWAP|SUPPORT|WICK,H1,VWAP,SUPPORT,WICK,49348,2025-08-18 04:00:00+00:00,LONG,115258.19387458048,H1|VWAP|2025-08-18T03:00:00+00:00|SUPPORT,2025-W34,2025-08-18 05:00:00+00:00,2025-08-18 17:00:00+00:00,115414.6,116741.86790000001,114433.57590000001,TP,0.010000000000000066,13,TOP4_ROUTER,TOP4_ROUTER,reference_validation,1.0
H1|VAH|RESISTANCE|WICK,H1,VAH,RESISTANCE,WICK,49515,2025-08-25 03:00:00+00:00,SHORT,113412.08125,H1|VAH|2025-08-25T02:00:00+00:00|RESISTANCE,2025-W35,2025-08-25 04:00:00+00:00,2025-08-25 07:00:00+00:00,112867.8,111569.8203,113827.17629999999,TP,0.009999999999999955,4,TOP4_ROUTER,TOP4_ROUTER,reference_validation,0.0
H4|VAL|SUPPORT|HOLD,H4,VAL,SUPPORT,HOLD,49680,2025-09-01 00:00:00+00:00,LONG,108045.40208333333,H4|VAL|2025-08-31T20:00:00+00:00|SUPPORT,2025-W36,2025-09-01 01:00:00+00:00,2025-09-01 04:00:00+00:00,108180.0,109424.07,107260.47,SL,-0.009999999999999952,4,TOP4_ROUTER,TOP4_ROUTER,reference_validation,2.0
H4|VAL|SUPPORT|HOLD,H4,VAL,SUPPORT,HOLD,49850,2025-09-08 02:00:00+00:00,LONG,111164.31458333333,H4|VAL|2025-09-07T20:00:00+00:00|SUPPORT,2025-W37,2025-09-08 03:00:00+00:00,2025-09-08 14:00:00+00:00,111199.9,112478.69885,110254.70085,TP,0.010000000000000066,12,TOP4_ROUTER,TOP4_ROUTER,reference_validation,2.0
H1|VWAP|SUPPORT|WICK,H1,VWAP,SUPPORT,WICK,50017,2025-09-15 01:00:00+00:00,LONG,115054.4369709299,H1|VWAP|2025-09-15T00:00:00+00:00|SUPPORT,2025-W38,2025-09-15 02:00:00+00:00,2025-09-15 05:00:00+00:00,115178.4,116502.9516,114199.3836,TP,0.010000000000000066,4,TOP4_ROUTER,TOP4_ROUTER,reference_validation,1.0
H1|VAH|RESISTANCE|WICK,H1,VAH,RESISTANCE,WICK,50191,2025-09-22 07:00:00+00:00,SHORT,112688.30625,H1|VAH|2025-09-22T06:00:00+00:00|RESISTANCE,2025-W39,2025-09-22 08:00:00+00:00,2025-09-22 14:00:00+00:00,112454.5,111161.27325,113410.36325,SL,-0.009999999999999952,7,TOP4_ROUTER,TOP4_ROUTER,reference_validation,0.0
H1|VWAP|SUPPORT|WICK,H1,VWAP,SUPPORT,WICK,50352,2025-09-29 00:00:00+00:00,LONG,112080.99900530525,H1|VWAP|2025-09-28T23:00:00+00:00|SUPPORT,2025-W40,2025-09-29 01:00:00+00:00,2025-09-29 14:00:00+00:00,112211.2,113501.6288,111257.4048,TP,0.010000000000000066,14,TOP4_ROUTER,TOP4_ROUTER,reference_validation,1.0
H1|VAH|RESISTANCE|WICK,H1,VAH,RESISTANCE,WICK,50520,2025-10-06 00:00:00+00:00,SHORT,123435.53125,H1|VAH|2025-10-05T23:00:00+00:00|RESISTANCE,2025-W41,2025-10-06 01:00:00+00:00,2025-10-06 11:00:00+00:00,123295.9,121877.99715,124343.91514999999,SL,-0.009999999999999952,11,TOP4_ROUTER,TOP4_ROUTER,reference_validation,0.0
H1|VWAP|SUPPORT|WICK,H1,VWAP,SUPPORT,WICK,50688,2025-10-13 00:00:00+00:00,LONG,114959.10094265916,H1|VWAP|2025-10-12T23:00:00+00:00|SUPPORT,2025-W42,2025-10-13 01:00:00+00:00,2025-10-13 11:00:00+00:00,115220.0,116545.03000000001,114240.63,SL,-0.009999999999999952,11,TOP4_ROUTER,TOP4_ROUTER,reference_validation,1.0
H1|VWAP|SUPPORT|WICK,H1,VWAP,SUPPORT,WICK,50857,2025-10-20 01:00:00+00:00,LONG,107863.05290560931,H1|VWAP|2025-10-20T00:00:00+00:00|SUPPORT,2025-W43,2025-10-20 02:00:00+00:00,2025-10-20 03:00:00+00:00,108011.9,109254.03685,107093.79885,TP,0.010000000000000066,2,TOP4_ROUTER,TOP4_ROUTER,reference_validation,1.0
H1|VWAP|SUPPORT|WICK,H1,VWAP,SUPPORT,WICK,51024,2025-10-27 00:00:00+00:00,LONG,114519.63842500046,H1|VWAP|2025-10-26T23:00:00+00:00|SUPPORT,2025-W44,2025-10-27 01:00:00+00:00,2025-10-27 06:00:00+00:00,114705.0,116024.10750000001,113730.0075,TP,0.010000000000000066,6,TOP4_ROUTER,TOP4_ROUTER,reference_validation,1.0
H1|VAH|RESISTANCE|WICK,H1,VAH,RESISTANCE,WICK,51197,2025-11-03 05:00:00+00:00,SHORT,107725.86875,H1|VAH|2025-11-03T04:00:00+00:00|RESISTANCE,2025-W45,2025-11-03 06:00:00+00:00,2025-11-03 15:00:00+00:00,107556.8,106319.8968,108471.0328,TP,0.009999999999999955,10,TOP4_ROUTER,TOP4_ROUTER,reference_validation,0.0
H1|VAH|RESISTANCE|WICK,H1,VAH,RESISTANCE,WICK,51361,2025-11-10 01:00:00+00:00,SHORT,106247.41458333333,H1|VAH|2025-11-10T00:00:00+00:00|RESISTANCE,2025-W46,2025-11-10 02:00:00+00:00,2025-11-11 01:00:00+00:00,105683.0,104467.6455,106581.30549999999,SL,-0.009999999999999952,24,TOP4_ROUTER,TOP4_ROUTER,reference_validation,0.0
H1|VAH|RESISTANCE|WICK,H1,VAH,RESISTANCE,WICK,51530,2025-11-17 02:00:00+00:00,SHORT,95187.53958333333,H1|VAH|2025-11-17T01:00:00+00:00|RESISTANCE,2025-W47,2025-11-17 03:00:00+00:00,2025-11-17 07:00:00+00:00,94942.1,93850.26585000001,95749.10785,SL,-0.009999999999999952,5,TOP4_ROUTER,TOP4_ROUTER,reference_validation,0.0
H1|VAH|RESISTANCE|WICK,H1,VAH,RESISTANCE,WICK,51696,2025-11-24 00:00:00+00:00,SHORT,87065.57083333333,H1|VAH|2025-11-23T23:00:00+00:00|RESISTANCE,2025-W48,2025-11-24 01:00:00+00:00,2025-11-24 02:00:00+00:00,86701.7,85704.63045,87438.66445,SL,-0.009999999999999952,2,TOP4_ROUTER,TOP4_ROUTER,reference_validation,0.0
H1|VWAP|SUPPORT|WICK,H1,VWAP,SUPPORT,WICK,51869,2025-12-01 05:00:00+00:00,LONG,85896.45391522121,H1|VWAP|2025-12-01T04:00:00+00:00|SUPPORT,2025-W49,2025-12-01 06:00:00+00:00,2025-12-01 12:00:00+00:00,85966.8,86955.41820000001,85236.0822,SL,-0.009999999999999952,7,TOP4_ROUTER,TOP4_ROUTER,reference_validation,1.0
H1|VWAP|SUPPORT|WICK,H1,VWAP,SUPPORT,WICK,52032,2025-12-08 00:00:00+00:00,LONG,89911.342750341,H1|VWAP|2025-12-07T23:00:00+00:00|SUPPORT,2025-W50,2025-12-08 01:00:00+00:00,2025-12-08 01:00:00+00:00,90302.6,91341.07990000001,89535.02790000002,TP,0.010000000000000066,1,TOP4_ROUTER,TOP4_ROUTER,reference_validation,1.0
H1|VWAP|SUPPORT|WICK,H1,VWAP,SUPPORT,WICK,52205,2025-12-15 05:00:00+00:00,LONG,89488.5086803141,H1|VWAP|2025-12-15T04:00:00+00:00|SUPPORT,2025-W51,2025-12-15 06:00:00+00:00,2025-12-15 14:00:00+00:00,89576.9,90607.03435,88815.49635,SL,-0.009999999999999952,9,TOP4_ROUTER,TOP4_ROUTER,reference_validation,1.0
H1|VWAP|SUPPORT|WICK,H1,VWAP,SUPPORT,WICK,52368,2025-12-22 00:00:00+00:00,LONG,88528.03046844003,H1|VWAP|2025-12-21T23:00:00+00:00|SUPPORT,2025-W52,2025-12-22 01:00:00+00:00,2025-12-22 08:00:00+00:00,88581.7,89600.38955,87828.75555,TP,0.010000000000000066,8,TOP4_ROUTER,TOP4_ROUTER,reference_validation,1.0
H1|VAH|RESISTANCE|WICK,H1,VAH,RESISTANCE,WICK,52541,2025-12-29 05:00:00+00:00,SHORT,90146.51458333334,H1|VAH|2025-12-29T04:00:00+00:00|RESISTANCE,2026-W01,2025-12-29 06:00:00+00:00,2025-12-29 09:00:00+00:00,89950.8,88916.36580000001,90715.3818,TP,0.009999999999999844,4,TOP4_ROUTER,TOP4_ROUTER,reference_validation,0.0
H1|VWAP|SUPPORT|WICK,H1,VWAP,SUPPORT,WICK,52706,2026-01-05 02:00:00+00:00,LONG,92902.50287919932,H1|VWAP|2026-01-05T01:00:00+00:00|SUPPORT,2026-W02,2026-01-05 03:00:00+00:00,2026-01-05 06:00:00+00:00,92990.3,94059.68845000002,92199.88245,SL,-0.009999999999999952,4,TOP4_ROUTER,TOP4_ROUTER,reference_validation,1.0
H1|VAH|RESISTANCE|WICK,H1,VAH,RESISTANCE,WICK,52877,2026-01-12 05:00:00+00:00,SHORT,92097.46875,H1|VAH|2026-01-12T04:00:00+00:00|RESISTANCE,2026-W03,2026-01-12 06:00:00+00:00,2026-01-12 08:00:00+00:00,92066.7,91007.93295,92849.26694999999,TP,0.009999999999999955,3,TOP4_ROUTER,TOP4_ROUTER,reference_validation,0.0
H1|VAH|RESISTANCE|WICK,H1,VAH,RESISTANCE,WICK,53041,2026-01-19 01:00:00+00:00,SHORT,92593.66875000001,H1|VAH|2026-01-19T00:00:00+00:00|RESISTANCE,2026-W04,2026-01-19 02:00:00+00:00,2026-01-19 16:00:00+00:00,92542.3,91478.06355,93328.90955,SL,-0.009999999999999952,15,TOP4_ROUTER,TOP4_ROUTER,reference_validation,0.0
H4|VAH|SUPPORT|WICK,H4,VAH,SUPPORT,WICK,53208,2026-01-26 00:00:00+00:00,LONG,86513.73124999998,H4|VAH|2026-01-25T20:00:00+00:00|SUPPORT,2026-W05,2026-01-26 01:00:00+00:00,2026-01-26 02:00:00+00:00,86808.5,87806.79775000001,86070.62775,TP,0.010000000000000066,2,TOP4_ROUTER,TOP4_ROUTER,reference_validation,3.0
H4|VAH|SUPPORT|WICK,H4,VAH,SUPPORT,WICK,53376,2026-02-02 00:00:00+00:00,LONG,77094.35,H4|VAH|2026-02-01T20:00:00+00:00|SUPPORT,2026-W06,2026-02-02 01:00:00+00:00,2026-02-02 01:00:00+00:00,77638.5,78531.34275000001,76978.57275,SL,-0.009999999999999952,1,TOP4_ROUTER,TOP4_ROUTER,reference_validation,3.0
H1|VAH|RESISTANCE|WICK,H1,VAH,RESISTANCE,WICK,53545,2026-02-09 01:00:00+00:00,SHORT,70500.25208333333,H1|VAH|2026-02-09T00:00:00+00:00|RESISTANCE,2026-W07,2026-02-09 02:00:00+00:00,2026-02-09 02:00:00+00:00,70327.9,69519.12915,70925.68715,SL,-0.009999999999999952,1,TOP4_ROUTER,TOP4_ROUTER,reference_validation,0.0
H4|VAH|SUPPORT|WICK,H4,VAH,SUPPORT,WICK,53712,2026-02-16 00:00:00+00:00,LONG,68792.17916666667,H4|VAH|2026-02-15T20:00:00+00:00|SUPPORT,2026-W08,2026-02-16 01:00:00+00:00,2026-02-16 02:00:00+00:00,68810.4,69601.7196,68225.5116,SL,-0.009999999999999952,2,TOP4_ROUTER,TOP4_ROUTER,reference_validation,3.0
H1|VWAP|SUPPORT|WICK,H1,VWAP,SUPPORT,WICK,53883,2026-02-23 03:00:00+00:00,LONG,64664.52006773817,H1|VWAP|2026-02-23T02:00:00+00:00|SUPPORT,2026-W09,2026-02-23 04:00:00+00:00,2026-02-23 06:00:00+00:00,64894.1,65640.38215,64342.50015,TP,0.010000000000000066,3,TOP4_ROUTER,TOP4_ROUTER,reference_validation,1.0
H1|VAH|RESISTANCE|WICK,H1,VAH,RESISTANCE,WICK,54049,2026-03-02 01:00:00+00:00,SHORT,66571.0,H1|VAH|2026-03-02T00:00:00+00:00|RESISTANCE,2026-W10,2026-03-02 02:00:00+00:00,2026-03-02 07:00:00+00:00,66500.0,65735.25,67065.25,TP,0.009999999999999955,6,TOP4_ROUTER,TOP4_ROUTER,reference_validation,0.0
H1|VAH|RESISTANCE|WICK,H1,VAH,RESISTANCE,WICK,54217,2026-03-09 01:00:00+00:00,SHORT,66430.15625,H1|VAH|2026-03-09T00:00:00+00:00|RESISTANCE,2026-W11,2026-03-09 02:00:00+00:00,2026-03-09 03:00:00+00:00,66150.1,65389.37385000001,66712.37585,SL,-0.009999999999999952,2,TOP4_ROUTER,TOP4_ROUTER,reference_validation,0.0
H1|VWAP|SUPPORT|WICK,H1,VWAP,SUPPORT,WICK,54385,2026-03-16 01:00:00+00:00,LONG,72648.94693694575,H1|VWAP|2026-03-16T00:00:00+00:00|SUPPORT,2026-W12,2026-03-16 02:00:00+00:00,2026-03-16 03:00:00+00:00,72724.2,73560.5283,72106.0443,TP,0.010000000000000066,2,TOP4_ROUTER,TOP4_ROUTER,reference_validation,1.0
H1|VAH|RESISTANCE|WICK,H1,VAH,RESISTANCE,WICK,54553,2026-03-23 01:00:00+00:00,SHORT,67932.75625,H1|VAH|2026-03-23T00:00:00+00:00|RESISTANCE,2026-W13,2026-03-23 02:00:00+00:00,2026-03-23 03:00:00+00:00,67875.6,67095.03060000001,68452.5426,SL,-0.009999999999999952,2,TOP4_ROUTER,TOP4_ROUTER,reference_validation,0.0
H1|VWAP|SUPPORT|WICK,H1,VWAP,SUPPORT,WICK,54720,2026-03-30 00:00:00+00:00,LONG,66037.17711461817,H1|VWAP|2026-03-29T23:00:00+00:00|SUPPORT,2026-W14,2026-03-30 01:00:00+00:00,2026-03-30 02:00:00+00:00,66251.2,67013.0888,65688.06480000001,TP,0.010000000000000066,2,TOP4_ROUTER,TOP4_ROUTER,reference_validation,1.0
H1|VAH|RESISTANCE|WICK,H1,VAH,RESISTANCE,WICK,54892,2026-04-06 04:00:00+00:00,SHORT,69129.1,H1|VAH|2026-04-06T03:00:00+00:00|RESISTANCE,2026-W15,2026-04-06 05:00:00+00:00,2026-04-06 09:00:00+00:00,69107.6,68312.86260000001,69695.01460000001,SL,-0.009999999999999952,5,TOP4_ROUTER,TOP4_ROUTER,reference_validation,0.0
H4|VAH|SUPPORT|WICK,H4,VAH,SUPPORT,WICK,55057,2026-04-13 01:00:00+00:00,LONG,71001.40625,H4|VAH|2026-04-12T20:00:00+00:00|SUPPORT,2026-W16,2026-04-13 02:00:00+00:00,2026-04-13 08:00:00+00:00,71156.0,71974.29400000001,70551.174,SL,-0.010000000000000063,7,TOP4_ROUTER,TOP4_ROUTER,reference_validation,3.0
H1|VWAP|SUPPORT|WICK,H1,VWAP,SUPPORT,WICK,55228,2026-04-20 04:00:00+00:00,LONG,74488.16928646916,H1|VWAP|2026-04-20T03:00:00+00:00|SUPPORT,2026-W17,2026-04-20 05:00:00+00:00,2026-04-20 07:00:00+00:00,74523.7,75380.72255,73890.24855,TP,0.010000000000000066,3,TOP4_ROUTER,TOP4_ROUTER,reference_validation,1.0
H1|VWAP|SUPPORT|WICK,H1,VWAP,SUPPORT,WICK,55393,2026-04-27 01:00:00+00:00,LONG,78855.78705821735,H1|VWAP|2026-04-27T00:00:00+00:00|SUPPORT,2026-W18,2026-04-27 02:00:00+00:00,2026-04-27 05:00:00+00:00,79245.3,80156.62095000001,78571.71495000001,SL,-0.009999999999999952,4,TOP4_ROUTER,TOP4_ROUTER,reference_validation,1.0
H1|VWAP|SUPPORT|WICK,H1,VWAP,SUPPORT,WICK,55563,2026-05-04 03:00:00+00:00,LONG,79953.50875043726,H1|VWAP|2026-05-04T02:00:00+00:00|SUPPORT,2026-W19,2026-05-04 04:00:00+00:00,2026-05-04 06:00:00+00:00,80278.7,81201.90505,79596.33105000001,SL,-0.00999999999999984,3,TOP4_ROUTER,TOP4_ROUTER,reference_validation,1.0
H1|VAH|RESISTANCE|WICK,H1,VAH,RESISTANCE,WICK,55729,2026-05-11 01:00:00+00:00,SHORT,81580.0,H1|VAH|2026-05-11T00:00:00+00:00|RESISTANCE,2026-W20,2026-05-11 02:00:00+00:00,2026-05-11 03:00:00+00:00,81463.2,80526.3732,82155.6372,TP,0.009999999999999955,2,TOP4_ROUTER,TOP4_ROUTER,reference_validation,0.0
H1|VAH|RESISTANCE|WICK,H1,VAH,RESISTANCE,WICK,55897,2026-05-18 01:00:00+00:00,SHORT,77175.88541666667,H1|VAH|2026-05-18T00:00:00+00:00|RESISTANCE,2026-W21,2026-05-18 02:00:00+00:00,2026-05-18 12:00:00+00:00,77084.5,76198.02825,77739.71824999999,SL,-0.009999999999999952,11,TOP4_ROUTER,TOP4_ROUTER,reference_validation,0.0
H1|VAH|RESISTANCE|WICK,H1,VAH,RESISTANCE,WICK,56066,2026-05-25 02:00:00+00:00,SHORT,77106.3875,H1|VAH|2026-05-25T01:00:00+00:00|RESISTANCE,2026-W22,2026-05-25 03:00:00+00:00,2026-05-25 14:00:00+00:00,77064.2,76177.9617,77719.2457,SL,-0.009999999999999952,12,TOP4_ROUTER,TOP4_ROUTER,reference_validation,0.0
H1|VAH|RESISTANCE|WICK,H1,VAH,RESISTANCE,WICK,56232,2026-06-01 00:00:00+00:00,SHORT,73987.85208333333,H1|VAH|2026-05-31T23:00:00+00:00|RESISTANCE,2026-W23,2026-06-01 01:00:00+00:00,2026-06-01 06:00:00+00:00,73854.9,73005.56865,74482.66664999998,TP,0.009999999999999955,6,TOP4_ROUTER,TOP4_ROUTER,reference_validation,0.0
H4|VAH|SUPPORT|WICK,H4,VAH,SUPPORT,WICK,56400,2026-06-08 00:00:00+00:00,LONG,63421.16875,H4|VAH|2026-06-07T20:00:00+00:00|SUPPORT,2026-W24,2026-06-08 01:00:00+00:00,2026-06-08 01:00:00+00:00,63599.3,64330.69195000001,63058.70595,SL,-0.009999999999999952,1,TOP4_ROUTER,TOP4_ROUTER,reference_validation,3.0
H1|VAH|RESISTANCE|WICK,H1,VAH,RESISTANCE,WICK,56568,2026-06-15 00:00:00+00:00,SHORT,65600.625,H1|VAH|2026-06-14T23:00:00+00:00|RESISTANCE,2026-W25,2026-06-15 01:00:00+00:00,2026-06-15 11:00:00+00:00,65591.4,64837.0989,66148.92689999999,SL,-0.009999999999999952,11,TOP4_ROUTER,TOP4_ROUTER,reference_validation,0.0
H4|VAL|SUPPORT|HOLD,H4,VAL,SUPPORT,HOLD,56736,2026-06-22 00:00:00+00:00,LONG,63625.09583333333,H4|VAL|2026-06-21T20:00:00+00:00|SUPPORT,2026-W26,2026-06-22 01:00:00+00:00,2026-06-22 01:00:00+00:00,63867.3,64601.77395000001,63324.427950000005,TP,0.010000000000000066,1,TOP4_ROUTER,TOP4_ROUTER,reference_validation,2.0
H1|VWAP|SUPPORT|WICK,H1,VWAP,SUPPORT,WICK,56904,2026-06-29 00:00:00+00:00,LONG,59482.11260047023,H1|VWAP|2026-06-28T23:00:00+00:00|SUPPORT,2026-W27,2026-06-29 01:00:00+00:00,2026-06-29 02:00:00+00:00,59637.3,60323.128950000006,59130.38295000001,SL,-0.009999999999999952,2,TOP4_ROUTER,TOP4_ROUTER,reference_validation,1.0
H4|VAH|SUPPORT|WICK,H4,VAH,SUPPORT,WICK,57072,2026-07-06 00:00:00+00:00,LONG,63667.41458333333,H4|VAH|2026-07-05T20:00:00+00:00|SUPPORT,2026-W28,2026-07-06 01:00:00+00:00,2026-07-06 03:00:00+00:00,63728.3,64461.17545000001,63186.60945,SL,-0.009999999999999952,3,TOP4_ROUTER,TOP4_ROUTER,reference_validation,3.0
H1|VAH|RESISTANCE|WICK,H1,VAH,RESISTANCE,WICK,57245,2026-07-13 05:00:00+00:00,SHORT,62768.93958333333,H1|VAH|2026-07-13T04:00:00+00:00|RESISTANCE,2026-W29,2026-07-13 06:00:00+00:00,2026-07-13 17:00:00+00:00,62764.1,62042.31285,63297.594849999994,TP,0.009999999999999955,12,TOP4_ROUTER,TOP4_ROUTER,reference_validation,0.0
H1|VAH|RESISTANCE|WICK,H1,VAH,RESISTANCE,WICK,57408,2026-07-20 00:00:00+00:00,SHORT,64690.35833333334,H1|VAH|2026-07-19T23:00:00+00:00|RESISTANCE,2026-W30,2026-07-20 01:00:00+00:00,2026-07-20 06:00:00+00:00,64526.0,63783.951,65074.471,TP,0.009999999999999955,6,TOP4_ROUTER,TOP4_ROUTER,reference_validation,0.0
H1|VAH|RESISTANCE|WICK,H1,VAH,RESISTANCE,WICK,57746,2026-08-03 02:00:00+00:00,SHORT,63184.9,H1|VAH|2026-08-03T01:00:00+00:00|RESISTANCE,2026-W32,2026-08-03 03:00:00+00:00,2026-08-03 08:00:00+00:00,63118.2,62392.3407,63654.704699999995,TP,0.009999999999999955,6,TOP4_ROUTER,TOP4_ROUTER,august,0.0
H1|VWAP|SUPPORT|WICK,H1,VWAP,SUPPORT,WICK,57912,2026-08-10 00:00:00+00:00,LONG,64907.31935332698,H1|VWAP|2026-08-09T23:00:00+00:00|SUPPORT,2026-W33,2026-08-10 01:00:00+00:00,2026-08-10 15:00:00+00:00,64945.3,65692.17095000001,64393.264950000004,SL,-0.009999999999999952,15,TOP4_ROUTER,TOP4_ROUTER,august,1.0
