rule,need,partition,date_utc,signal_ts,entry_bar_start,entry_px,H,L,range,F15,F65,E20_DOWN,frozen_h2_bar_start,session_end,baseline_exit_reason,baseline_net_pnl_usd,baseline_loser,frozen_h2_failure,persistence_exit,persistence_bar_start,persistence_run,max_pre_h2_run_seen,exit_bar_start,exit_ts,exit_px,exit_reason,net_pnl_usd,win,h2_before_exit
P1,1,august,2026-08-14,2026-08-14 14:05:00+00:00,2026-08-14 14:10:00+00:00,62618.335,62974.4,62555.5,418.9000000000015,62618.335,62827.785,62471.72,2026-08-14 14:15:00+00:00,2026-08-14 20:00:00+00:00,CLOSE_INVALIDATION,-2.419895610447034,True,False,False,,0,0,2026-08-14 15:30:00+00:00,2026-08-14 15:35:00+00:00,62871.3,CLOSE_INVALIDATION_F65,-2.419895610447034,False,True
P2,2,august,2026-08-14,2026-08-14 14:05:00+00:00,2026-08-14 14:10:00+00:00,62618.335,62974.4,62555.5,418.9000000000015,62618.335,62827.785,62471.72,2026-08-14 14:15:00+00:00,2026-08-14 20:00:00+00:00,CLOSE_INVALIDATION,-2.419895610447034,True,False,False,,0,0,2026-08-14 15:30:00+00:00,2026-08-14 15:35:00+00:00,62871.3,CLOSE_INVALIDATION_F65,-2.419895610447034,False,True
P3,3,august,2026-08-14,2026-08-14 14:05:00+00:00,2026-08-14 14:10:00+00:00,62618.335,62974.4,62555.5,418.9000000000015,62618.335,62827.785,62471.72,2026-08-14 14:15:00+00:00,2026-08-14 20:00:00+00:00,CLOSE_INVALIDATION,-2.419895610447034,True,False,False,,0,0,2026-08-14 15:30:00+00:00,2026-08-14 15:35:00+00:00,62871.3,CLOSE_INVALIDATION_F65,-2.419895610447034,False,True
P1,1,development,2022-01-03,2022-01-03 15:10:00+00:00,2022-01-03 15:15:00+00:00,46896.733,47575.22,46777.0,798.2200000000012,46896.733,47295.843,46617.356,2022-01-03 15:50:00+00:00,2022-01-03 20:00:00+00:00,TP,2.5786403244763387,False,False,True,2022-01-03 15:15:00+00:00,1,1,2022-01-03 15:15:00+00:00,2022-01-03 15:20:00+00:00,46915.98,PERSISTENCE_P1,-0.6052061920816854,False,False
P2,2,development,2022-01-03,2022-01-03 15:10:00+00:00,2022-01-03 15:15:00+00:00,46896.733,47575.22,46777.0,798.2200000000012,46896.733,47295.843,46617.356,2022-01-03 15:50:00+00:00,2022-01-03 20:00:00+00:00,TP,2.5786403244763387,False,False,False,,0,1,2022-01-03 15:55:00+00:00,2022-01-03 15:55:00+00:00,46617.356,TP_E20_DOWN,2.5786403244763387,True,True
P3,3,development,2022-01-03,2022-01-03 15:10:00+00:00,2022-01-03 15:15:00+00:00,46896.733,47575.22,46777.0,798.2200000000012,46896.733,47295.843,46617.356,2022-01-03 15:50:00+00:00,2022-01-03 20:00:00+00:00,TP,2.5786403244763387,False,False,False,,0,1,2022-01-03 15:55:00+00:00,2022-01-03 15:55:00+00:00,46617.356,TP_E20_DOWN,2.5786403244763387,True,True
P1,1,development,2022-01-17,2022-01-17 15:15:00+00:00,2022-01-17 15:30:00+00:00,42490.1445,42887.63,42420.0,467.6299999999974,42490.1445,42723.9595,42326.474,2022-01-17 15:55:00+00:00,2022-01-17 20:00:00+00:00,TP,1.5259819179951268,False,False,True,2022-01-17 15:30:00+00:00,1,1,2022-01-17 15:30:00+00:00,2022-01-17 15:35:00+00:00,42502.8,PERSISTENCE_P1,-0.5489227696083825,False,False
P2,2,development,2022-01-17,2022-01-17 15:15:00+00:00,2022-01-17 15:30:00+00:00,42490.1445,42887.63,42420.0,467.6299999999974,42490.1445,42723.9595,42326.474,2022-01-17 15:55:00+00:00,2022-01-17 20:00:00+00:00,TP,1.5259819179951268,False,False,True,2022-01-17 15:35:00+00:00,2,2,2022-01-17 15:35:00+00:00,2022-01-17 15:40:00+00:00,42607.91,PERSISTENCE_P2,-1.7857978289530334,False,False
P3,3,development,2022-01-17,2022-01-17 15:15:00+00:00,2022-01-17 15:30:00+00:00,42490.1445,42887.63,42420.0,467.6299999999974,42490.1445,42723.9595,42326.474,2022-01-17 15:55:00+00:00,2022-01-17 20:00:00+00:00,TP,1.5259819179951268,False,False,True,2022-01-17 15:40:00+00:00,3,3,2022-01-17 15:40:00+00:00,2022-01-17 15:45:00+00:00,42612.27,PERSISTENCE_P3,-1.8371038441631407,False,False
P1,1,development,2022-03-14,2022-03-14 13:35:00+00:00,2022-03-14 14:50:00+00:00,38728.61,39287.4,38630.0,657.4000000000015,38728.61,39057.31,38498.52,2022-03-14 17:30:00+00:00,2022-03-14 20:00:00+00:00,CLOSE_INVALIDATION,-5.207686100792146,True,False,True,2022-03-14 14:50:00+00:00,1,1,2022-03-14 14:50:00+00:00,2022-03-14 14:55:00+00:00,38868.9,PERSISTENCE_P1,-2.2111933271036692,False,False
P2,2,development,2022-03-14,2022-03-14 13:35:00+00:00,2022-03-14 14:50:00+00:00,38728.61,39287.4,38630.0,657.4000000000015,38728.61,39057.31,38498.52,2022-03-14 17:30:00+00:00,2022-03-14 20:00:00+00:00,CLOSE_INVALIDATION,-5.207686100792146,True,False,True,2022-03-14 14:55:00+00:00,2,2,2022-03-14 14:55:00+00:00,2022-03-14 15:00:00+00:00,39101.0,PERSISTENCE_P2,-5.207686100792146,False,False
P3,3,development,2022-03-14,2022-03-14 13:35:00+00:00,2022-03-14 14:50:00+00:00,38728.61,39287.4,38630.0,657.4000000000015,38728.61,39057.31,38498.52,2022-03-14 17:30:00+00:00,2022-03-14 20:00:00+00:00,CLOSE_INVALIDATION,-5.207686100792146,True,False,False,,0,2,2022-03-14 14:55:00+00:00,2022-03-14 15:00:00+00:00,39101.0,CLOSE_INVALIDATION_F65,-5.207686100792146,False,False
P1,1,development,2022-03-24,2022-03-24 13:35:00+00:00,2022-03-24 13:50:00+00:00,42793.855,43206.7,42721.0,485.6999999999971,42793.855,43036.705,42623.86,,2022-03-24 20:00:00+00:00,CLOSE_INVALIDATION,-3.548173960957794,True,True,True,2022-03-24 13:50:00+00:00,1,1,2022-03-24 13:50:00+00:00,2022-03-24 13:55:00+00:00,42925.0,PERSISTENCE_P1,-1.932287754865702,False,False
P2,2,development,2022-03-24,2022-03-24 13:35:00+00:00,2022-03-24 13:50:00+00:00,42793.855,43206.7,42721.0,485.6999999999971,42793.855,43036.705,42623.86,,2022-03-24 20:00:00+00:00,CLOSE_INVALIDATION,-3.548173960957794,True,True,True,2022-03-24 13:55:00+00:00,2,2,2022-03-24 13:55:00+00:00,2022-03-24 14:00:00+00:00,42968.9,PERSISTENCE_P2,-2.445211865114725,False,False
P3,3,development,2022-03-24,2022-03-24 13:35:00+00:00,2022-03-24 13:50:00+00:00,42793.855,43206.7,42721.0,485.6999999999971,42793.855,43036.705,42623.86,,2022-03-24 20:00:00+00:00,CLOSE_INVALIDATION,-3.548173960957794,True,True,True,2022-03-24 14:00:00+00:00,3,3,2022-03-24 14:00:00+00:00,2022-03-24 14:05:00+00:00,43063.3,PERSISTENCE_P3,-3.5481739609577083,False,False
P1,1,development,2022-04-15,2022-04-15 14:00:00+00:00,2022-04-15 14:10:00+00:00,40064.76,40400.0,40005.6,394.4000000000015,40064.76,40261.96,39926.72,2022-04-15 14:25:00+00:00,2022-04-15 20:00:00+00:00,TP,1.3227109310027174,False,False,True,2022-04-15 14:10:00+00:00,1,1,2022-04-15 14:10:00+00:00,2022-04-15 14:15:00+00:00,40072.2,PERSISTENCE_P1,-0.4928496763738889,False,False
P2,2,development,2022-04-15,2022-04-15 14:00:00+00:00,2022-04-15 14:10:00+00:00,40064.76,40400.0,40005.6,394.4000000000015,40064.76,40261.96,39926.72,2022-04-15 14:25:00+00:00,2022-04-15 20:00:00+00:00,TP,1.3227109310027174,False,False,True,2022-04-15 14:15:00+00:00,2,2,2022-04-15 14:15:00+00:00,2022-04-15 14:20:00+00:00,40081.0,PERSISTENCE_P2,-0.6026718742355871,False,False
P3,3,development,2022-04-15,2022-04-15 14:00:00+00:00,2022-04-15 14:10:00+00:00,40064.76,40400.0,40005.6,394.4000000000015,40064.76,40261.96,39926.72,2022-04-15 14:25:00+00:00,2022-04-15 20:00:00+00:00,TP,1.3227109310027174,False,False,False,,0,2,2022-04-15 14:25:00+00:00,2022-04-15 14:25:00+00:00,39926.72,TP_E20_DOWN,1.3227109310027174,True,False
P1,1,development,2022-05-03,2022-05-03 13:35:00+00:00,2022-05-03 13:40:00+00:00,38311.455,38659.7,38250.0,409.6999999999971,38311.455,38516.305,38168.06,2022-05-03 13:45:00+00:00,2022-05-03 20:00:00+00:00,TP,1.4714376679246983,False,False,False,,0,0,2022-05-03 13:45:00+00:00,2022-05-03 13:45:00+00:00,38168.06,TP_E20_DOWN,1.4714376679246985,True,False
P2,2,development,2022-05-03,2022-05-03 13:35:00+00:00,2022-05-03 13:40:00+00:00,38311.455,38659.7,38250.0,409.6999999999971,38311.455,38516.305,38168.06,2022-05-03 13:45:00+00:00,2022-05-03 20:00:00+00:00,TP,1.4714376679246983,False,False,False,,0,0,2022-05-03 13:45:00+00:00,2022-05-03 13:45:00+00:00,38168.06,TP_E20_DOWN,1.4714376679246985,True,False
P3,3,development,2022-05-03,2022-05-03 13:35:00+00:00,2022-05-03 13:40:00+00:00,38311.455,38659.7,38250.0,409.6999999999971,38311.455,38516.305,38168.06,2022-05-03 13:45:00+00:00,2022-05-03 20:00:00+00:00,TP,1.4714376679246983,False,False,False,,0,0,2022-05-03 13:45:00+00:00,2022-05-03 13:45:00+00:00,38168.06,TP_E20_DOWN,1.4714376679246985,True,False
P1,1,development,2022-05-16,2022-05-16 13:55:00+00:00,2022-05-16 14:00:00+00:00,29547.905,30288.0,29417.3,870.7000000000007,29547.905,29983.255,29243.16,2022-05-16 15:35:00+00:00,2022-05-16 20:00:00+00:00,TP,4.756795380247754,False,False,True,2022-05-16 14:00:00+00:00,1,1,2022-05-16 14:00:00+00:00,2022-05-16 14:05:00+00:00,29584.9,PERSISTENCE_P1,-1.0260173098566994,False,False
P2,2,development,2022-05-16,2022-05-16 13:55:00+00:00,2022-05-16 14:00:00+00:00,29547.905,30288.0,29417.3,870.7000000000007,29547.905,29983.255,29243.16,2022-05-16 15:35:00+00:00,2022-05-16 20:00:00+00:00,TP,4.756795380247754,False,False,True,2022-05-16 14:05:00+00:00,2,2,2022-05-16 14:05:00+00:00,2022-05-16 14:10:00+00:00,29682.9,PERSISTENCE_P2,-2.6843413094769764,False,False
P3,3,development,2022-05-16,2022-05-16 13:55:00+00:00,2022-05-16 14:00:00+00:00,29547.905,30288.0,29417.3,870.7000000000007,29547.905,29983.255,29243.16,2022-05-16 15:35:00+00:00,2022-05-16 20:00:00+00:00,TP,4.756795380247754,False,False,True,2022-05-16 14:10:00+00:00,3,3,2022-05-16 14:10:00+00:00,2022-05-16 14:15:00+00:00,29618.9,PERSISTENCE_P3,-1.6013542076841425,False,False
P1,1,development,2022-06-10,2022-06-10 13:35:00+00:00,2022-06-10 13:45:00+00:00,29418.01,30177.4,29284.0,893.4000000000015,29418.01,29864.71,29105.32,2022-06-10 14:00:00+00:00,2022-06-10 20:00:00+00:00,TP,4.914601497518056,False,False,False,,0,0,2022-06-10 16:25:00+00:00,2022-06-10 16:25:00+00:00,29105.32,TP_E20_DOWN,4.914601497517995,True,True
P2,2,development,2022-06-10,2022-06-10 13:35:00+00:00,2022-06-10 13:45:00+00:00,29418.01,30177.4,29284.0,893.4000000000015,29418.01,29864.71,29105.32,2022-06-10 14:00:00+00:00,2022-06-10 20:00:00+00:00,TP,4.914601497518056,False,False,False,,0,0,2022-06-10 16:25:00+00:00,2022-06-10 16:25:00+00:00,29105.32,TP_E20_DOWN,4.914601497517995,True,True
P3,3,development,2022-06-10,2022-06-10 13:35:00+00:00,2022-06-10 13:45:00+00:00,29418.01,30177.4,29284.0,893.4000000000015,29418.01,29864.71,29105.32,2022-06-10 14:00:00+00:00,2022-06-10 20:00:00+00:00,TP,4.914601497518056,False,False,False,,0,0,2022-06-10 16:25:00+00:00,2022-06-10 16:25:00+00:00,29105.32,TP_E20_DOWN,4.914601497517995,True,True
P1,1,development,2022-06-13,2022-06-13 13:45:00+00:00,2022-06-13 13:50:00+00:00,23579.06,24934.3,23339.9,1594.3999999999978,23579.06,24376.26,23021.02,2022-06-13 14:10:00+00:00,2022-06-13 20:00:00+00:00,TP,11.433380974474826,False,False,True,2022-06-13 13:50:00+00:00,1,1,2022-06-13 13:50:00+00:00,2022-06-13 13:55:00+00:00,23622.1,PERSISTENCE_P1,-1.3126742117793762,False,False
P2,2,development,2022-06-13,2022-06-13 13:45:00+00:00,2022-06-13 13:50:00+00:00,23579.06,24934.3,23339.9,1594.3999999999978,23579.06,24376.26,23021.02,2022-06-13 14:10:00+00:00,2022-06-13 20:00:00+00:00,TP,11.433380974474826,False,False,True,2022-06-13 13:55:00+00:00,2,2,2022-06-13 13:55:00+00:00,2022-06-13 14:00:00+00:00,23642.7,PERSISTENCE_P2,-1.7495024822872374,False,False
P3,3,development,2022-06-13,2022-06-13 13:45:00+00:00,2022-06-13 13:50:00+00:00,23579.06,24934.3,23339.9,1594.3999999999978,23579.06,24376.26,23021.02,2022-06-13 14:10:00+00:00,2022-06-13 20:00:00+00:00,TP,11.433380974474826,False,False,False,,0,2,2022-06-13 14:40:00+00:00,2022-06-13 14:40:00+00:00,23021.02,TP_E20_DOWN,11.433380974474826,True,True
P1,1,development,2022-07-05,2022-07-05 13:35:00+00:00,2022-07-05 13:40:00+00:00,19436.38,20209.2,19300.0,909.2000000000008,19436.38,19890.98,19118.16,,2022-07-05 20:00:00+00:00,CLOSE_INVALIDATION,-12.802515283195714,True,True,True,2022-07-05 13:40:00+00:00,1,1,2022-07-05 13:40:00+00:00,2022-07-05 13:45:00+00:00,19437.8,PERSISTENCE_P1,-0.4365294360369126,False,False
P2,2,development,2022-07-05,2022-07-05 13:35:00+00:00,2022-07-05 13:40:00+00:00,19436.38,20209.2,19300.0,909.2000000000008,19436.38,19890.98,19118.16,,2022-07-05 20:00:00+00:00,CLOSE_INVALIDATION,-12.802515283195714,True,True,True,2022-07-05 13:45:00+00:00,2,2,2022-07-05 13:45:00+00:00,2022-07-05 13:50:00+00:00,19479.2,PERSISTENCE_P2,-1.5015425711989505,False,False
P3,3,development,2022-07-05,2022-07-05 13:35:00+00:00,2022-07-05 13:40:00+00:00,19436.38,20209.2,19300.0,909.2000000000008,19436.38,19890.98,19118.16,,2022-07-05 20:00:00+00:00,CLOSE_INVALIDATION,-12.802515283195714,True,True,True,2022-07-05 14:20:00+00:00,3,3,2022-07-05 14:20:00+00:00,2022-07-05 14:25:00+00:00,19471.5,PERSISTENCE_P3,-1.3034604180407818,False,False
P1,1,development,2022-07-15,2022-07-15 16:05:00+00:00,2022-07-15 16:10:00+00:00,20768.105,21090.0,20711.3,378.7000000000007,20768.105,20957.455,20635.56,2022-07-15 16:20:00+00:00,2022-07-15 20:00:00+00:00,TP,2.791071116021464,False,False,False,,0,0,2022-07-15 16:25:00+00:00,2022-07-15 16:25:00+00:00,20635.56,TP_E20_DOWN,2.7910711160213766,True,True
P2,2,development,2022-07-15,2022-07-15 16:05:00+00:00,2022-07-15 16:10:00+00:00,20768.105,21090.0,20711.3,378.7000000000007,20768.105,20957.455,20635.56,2022-07-15 16:20:00+00:00,2022-07-15 20:00:00+00:00,TP,2.791071116021464,False,False,False,,0,0,2022-07-15 16:25:00+00:00,2022-07-15 16:25:00+00:00,20635.56,TP_E20_DOWN,2.7910711160213766,True,True
P3,3,development,2022-07-15,2022-07-15 16:05:00+00:00,2022-07-15 16:10:00+00:00,20768.105,21090.0,20711.3,378.7000000000007,20768.105,20957.455,20635.56,2022-07-15 16:20:00+00:00,2022-07-15 20:00:00+00:00,TP,2.791071116021464,False,False,False,,0,0,2022-07-15 16:25:00+00:00,2022-07-15 16:25:00+00:00,20635.56,TP_E20_DOWN,2.7910711160213766,True,True
P1,1,development,2022-07-25,2022-07-25 13:40:00+00:00,2022-07-25 13:45:00+00:00,21841.19,22095.0,21796.4,298.59999999999854,21841.19,21990.49,21736.68,2022-07-25 14:05:00+00:00,2022-07-25 20:00:00+00:00,TP,1.9924978446687664,False,False,True,2022-07-25 13:45:00+00:00,1,1,2022-07-25 13:45:00+00:00,2022-07-25 13:50:00+00:00,21862.0,PERSISTENCE_P1,-0.8763934565836686,False,False
P2,2,development,2022-07-25,2022-07-25 13:40:00+00:00,2022-07-25 13:45:00+00:00,21841.19,22095.0,21796.4,298.59999999999854,21841.19,21990.49,21736.68,2022-07-25 14:05:00+00:00,2022-07-25 20:00:00+00:00,TP,1.9924978446687664,False,False,True,2022-07-25 13:50:00+00:00,2,2,2022-07-25 13:50:00+00:00,2022-07-25 13:55:00+00:00,21902.0,PERSISTENCE_P2,-1.7920944783686537,False,False
P3,3,development,2022-07-25,2022-07-25 13:40:00+00:00,2022-07-25 13:45:00+00:00,21841.19,22095.0,21796.4,298.59999999999854,21841.19,21990.49,21736.68,2022-07-25 14:05:00+00:00,2022-07-25 20:00:00+00:00,TP,1.9924978446687664,False,False,True,2022-07-25 13:55:00+00:00,3,3,2022-07-25 13:55:00+00:00,2022-07-25 14:00:00+00:00,21890.3,PERSISTENCE_P3,-1.524251929496529,False,False
P1,1,development,2022-09-01,2022-09-01 14:20:00+00:00,2022-09-01 14:35:00+00:00,19855.85,20115.1,19810.1,305.0,19855.85,20008.35,19749.1,2022-09-01 14:45:00+00:00,2022-09-01 20:00:00+00:00,TP,2.2881246584759656,False,False,True,2022-09-01 14:35:00+00:00,1,1,2022-09-01 14:35:00+00:00,2022-09-01 14:40:00+00:00,19875.9,PERSISTENCE_P1,-0.9048889873765896,False,False
P2,2,development,2022-09-01,2022-09-01 14:20:00+00:00,2022-09-01 14:35:00+00:00,19855.85,20115.1,19810.1,305.0,19855.85,20008.35,19749.1,2022-09-01 14:45:00+00:00,2022-09-01 20:00:00+00:00,TP,2.2881246584759656,False,False,True,2022-09-01 14:40:00+00:00,2,2,2022-09-01 14:40:00+00:00,2022-09-01 14:45:00+00:00,19864.2,PERSISTENCE_P2,-0.6102654885084795,False,False
P3,3,development,2022-09-01,2022-09-01 14:20:00+00:00,2022-09-01 14:35:00+00:00,19855.85,20115.1,19810.1,305.0,19855.85,20008.35,19749.1,2022-09-01 14:45:00+00:00,2022-09-01 20:00:00+00:00,TP,2.2881246584759656,False,False,False,,0,2,2022-09-01 14:45:00+00:00,2022-09-01 14:45:00+00:00,19749.1,TP_E20_DOWN,2.2881246584759656,True,False
P1,1,development,2022-09-27,2022-09-27 14:05:00+00:00,2022-09-27 14:10:00+00:00,20120.85,20375.0,20076.0,299.0,20120.85,20270.35,20016.2,2022-09-27 15:40:00+00:00,2022-09-27 20:00:00+00:00,TP,2.2005362596510043,False,False,True,2022-09-27 14:10:00+00:00,1,1,2022-09-27 14:10:00+00:00,2022-09-27 14:15:00+00:00,20144.3,PERSISTENCE_P1,-0.982728860858282,False,False
P2,2,development,2022-09-27,2022-09-27 14:05:00+00:00,2022-09-27 14:10:00+00:00,20120.85,20375.0,20076.0,299.0,20120.85,20270.35,20016.2,2022-09-27 15:40:00+00:00,2022-09-27 20:00:00+00:00,TP,2.2005362596510043,False,False,True,2022-09-27 14:15:00+00:00,2,2,2022-09-27 14:15:00+00:00,2022-09-27 14:20:00+00:00,20160.3,PERSISTENCE_P2,-1.3803263778617885,False,False
P3,3,development,2022-09-27,2022-09-27 14:05:00+00:00,2022-09-27 14:10:00+00:00,20120.85,20375.0,20076.0,299.0,20120.85,20270.35,20016.2,2022-09-27 15:40:00+00:00,2022-09-27 20:00:00+00:00,TP,2.2005362596510043,False,False,True,2022-09-27 14:20:00+00:00,3,3,2022-09-27 14:20:00+00:00,2022-09-27 14:25:00+00:00,20197.9,PERSISTENCE_P3,-2.3146805428200823,False,False
P1,1,development,2022-10-10,2022-10-10 16:25:00+00:00,2022-10-10 16:50:00+00:00,19161.145,19430.0,19113.7,316.2999999999993,19161.145,19319.295,19050.44,,2022-10-10 20:00:00+00:00,CLOSE_INVALIDATION,-5.0619082523512775,True,True,True,2022-10-10 17:10:00+00:00,1,1,2022-10-10 17:10:00+00:00,2022-10-10 17:15:00+00:00,19190.0,PERSISTENCE_P1,-1.1529560472508185,False,False
P2,2,development,2022-10-10,2022-10-10 16:25:00+00:00,2022-10-10 16:50:00+00:00,19161.145,19430.0,19113.7,316.2999999999993,19161.145,19319.295,19050.44,,2022-10-10 20:00:00+00:00,CLOSE_INVALIDATION,-5.0619082523512775,True,True,True,2022-10-10 17:15:00+00:00,2,2,2022-10-10 17:15:00+00:00,2022-10-10 17:20:00+00:00,19184.9,PERSISTENCE_P2,-1.0198742298542447,False,False
P3,3,development,2022-10-10,2022-10-10 16:25:00+00:00,2022-10-10 16:50:00+00:00,19161.145,19430.0,19113.7,316.2999999999993,19161.145,19319.295,19050.44,,2022-10-10 20:00:00+00:00,CLOSE_INVALIDATION,-5.0619082523512775,True,True,True,2022-10-10 17:20:00+00:00,3,3,2022-10-10 17:20:00+00:00,2022-10-10 17:25:00+00:00,19181.2,PERSISTENCE_P3,-0.9233246760566838,False,False
P1,1,development,2022-10-24,2022-10-24 13:45:00+00:00,2022-10-24 14:00:00+00:00,19310.26,19439.8,19287.4,152.39999999999782,19310.26,19386.46,19256.92,2022-10-24 14:05:00+00:00,2022-10-24 20:00:00+00:00,TP,0.9811310671114768,False,False,False,,0,0,2022-10-24 14:15:00+00:00,2022-10-24 14:15:00+00:00,19256.92,TP_E20_DOWN,0.9811310671114771,True,True
P2,2,development,2022-10-24,2022-10-24 13:45:00+00:00,2022-10-24 14:00:00+00:00,19310.26,19439.8,19287.4,152.39999999999782,19310.26,19386.46,19256.92,2022-10-24 14:05:00+00:00,2022-10-24 20:00:00+00:00,TP,0.9811310671114768,False,False,False,,0,0,2022-10-24 14:15:00+00:00,2022-10-24 14:15:00+00:00,19256.92,TP_E20_DOWN,0.9811310671114771,True,True
P3,3,development,2022-10-24,2022-10-24 13:45:00+00:00,2022-10-24 14:00:00+00:00,19310.26,19439.8,19287.4,152.39999999999782,19310.26,19386.46,19256.92,2022-10-24 14:05:00+00:00,2022-10-24 20:00:00+00:00,TP,0.9811310671114768,False,False,False,,0,0,2022-10-24 14:15:00+00:00,2022-10-24 14:15:00+00:00,19256.92,TP_E20_DOWN,0.9811310671114771,True,True
P1,1,development,2022-10-27,2022-10-27 13:55:00+00:00,2022-10-27 16:25:00+00:00,20498.465,20773.1,20450.0,323.09999999999854,20498.465,20660.015,20385.38,,2022-10-27 20:00:00+00:00,TIME_EXIT,-3.3644902679298148,True,True,True,2022-10-27 16:30:00+00:00,1,1,2022-10-27 16:30:00+00:00,2022-10-27 16:35:00+00:00,20527.3,PERSISTENCE_P1,-1.1033453480540891,False,False
P2,2,development,2022-10-27,2022-10-27 13:55:00+00:00,2022-10-27 16:25:00+00:00,20498.465,20773.1,20450.0,323.09999999999854,20498.465,20660.015,20385.38,,2022-10-27 20:00:00+00:00,TIME_EXIT,-3.3644902679298148,True,True,True,2022-10-27 16:35:00+00:00,2,2,2022-10-27 16:35:00+00:00,2022-10-27 16:40:00+00:00,20537.7,PERSISTENCE_P2,-1.3570228795180659,False,False
P3,3,development,2022-10-27,2022-10-27 13:55:00+00:00,2022-10-27 16:25:00+00:00,20498.465,20773.1,20450.0,323.09999999999854,20498.465,20660.015,20385.38,,2022-10-27 20:00:00+00:00,TIME_EXIT,-3.3644902679298148,True,True,True,2022-10-27 16:40:00+00:00,3,3,2022-10-27 16:40:00+00:00,2022-10-27 16:45:00+00:00,20545.6,PERSISTENCE_P3,-1.5497202351492758,False,False
P1,1,development,2022-12-15,2022-12-15 13:50:00+00:00,2022-12-15 14:00:00+00:00,17489.989999999998,17716.6,17450.0,266.59999999999854,17489.989999999998,17623.29,17396.68,2022-12-15 14:55:00+00:00,2022-12-15 20:00:00+00:00,TP,2.2675258247717034,False,False,True,2022-12-15 14:00:00+00:00,1,1,2022-12-15 14:00:00+00:00,2022-12-15 14:05:00+00:00,17517.6,PERSISTENCE_P1,-1.1893086273920277,False,False
P2,2,development,2022-12-15,2022-12-15 13:50:00+00:00,2022-12-15 14:00:00+00:00,17489.989999999998,17716.6,17450.0,266.59999999999854,17489.989999999998,17623.29,17396.68,2022-12-15 14:55:00+00:00,2022-12-15 20:00:00+00:00,TP,2.2675258247717034,False,False,True,2022-12-15 14:05:00+00:00,2,2,2022-12-15 14:05:00+00:00,2022-12-15 14:10:00+00:00,17519.0,PERSISTENCE_P2,-1.2293315204869197,False,False
P3,3,development,2022-12-15,2022-12-15 13:50:00+00:00,2022-12-15 14:00:00+00:00,17489.989999999998,17716.6,17450.0,266.59999999999854,17489.989999999998,17623.29,17396.68,2022-12-15 14:55:00+00:00,2022-12-15 20:00:00+00:00,TP,2.2675258247717034,False,False,True,2022-12-15 14:10:00+00:00,3,3,2022-12-15 14:10:00+00:00,2022-12-15 14:15:00+00:00,17505.2,PERSISTENCE_P3,-0.8348201456948451,False,False
P1,1,development,2022-12-16,2022-12-16 14:20:00+00:00,2022-12-16 14:25:00+00:00,17000.075,17510.5,16910.0,600.5,17000.075,17300.325,16789.9,2022-12-16 15:30:00+00:00,2022-12-16 20:00:00+00:00,TP,5.781590375336557,False,False,True,2022-12-16 14:25:00+00:00,1,1,2022-12-16 14:25:00+00:00,2022-12-16 14:30:00+00:00,17028.6,PERSISTENCE_P1,-1.2389668869107289,False,False
P2,2,development,2022-12-16,2022-12-16 14:20:00+00:00,2022-12-16 14:25:00+00:00,17000.075,17510.5,16910.0,600.5,17000.075,17300.325,16789.9,2022-12-16 15:30:00+00:00,2022-12-16 20:00:00+00:00,TP,5.781590375336557,False,False,True,2022-12-16 14:30:00+00:00,2,2,2022-12-16 14:30:00+00:00,2022-12-16 14:35:00+00:00,17015.3,PERSISTENCE_P2,-0.847792142093448,False,False
P3,3,development,2022-12-16,2022-12-16 14:20:00+00:00,2022-12-16 14:25:00+00:00,17000.075,17510.5,16910.0,600.5,17000.075,17300.325,16789.9,2022-12-16 15:30:00+00:00,2022-12-16 20:00:00+00:00,TP,5.781590375336557,False,False,True,2022-12-16 14:35:00+00:00,3,3,2022-12-16 14:35:00+00:00,2022-12-16 14:40:00+00:00,17010.1,PERSISTENCE_P3,-0.694851640360346,False,False
P1,1,development,2023-01-05,2023-01-05 13:40:00+00:00,2023-01-05 13:50:00+00:00,16783.335,16830.0,16775.1,54.900000000001455,16783.335,16810.785,16764.12,2023-01-05 13:55:00+00:00,2023-01-05 20:00:00+00:00,TP,0.1724428428557299,False,False,True,2023-01-05 13:50:00+00:00,1,1,2023-01-05 13:50:00+00:00,2023-01-05 13:55:00+00:00,16784.6,PERSISTENCE_P1,-0.4376861928811949,False,False
P2,2,development,2023-01-05,2023-01-05 13:40:00+00:00,2023-01-05 13:50:00+00:00,16783.335,16830.0,16775.1,54.900000000001455,16783.335,16810.785,16764.12,2023-01-05 13:55:00+00:00,2023-01-05 20:00:00+00:00,TP,0.1724428428557299,False,False,False,,0,1,2023-01-05 14:00:00+00:00,2023-01-05 14:00:00+00:00,16764.12,TP_E20_DOWN,0.17244284285572997,True,True
P3,3,development,2023-01-05,2023-01-05 13:40:00+00:00,2023-01-05 13:50:00+00:00,16783.335,16830.0,16775.1,54.900000000001455,16783.335,16810.785,16764.12,2023-01-05 13:55:00+00:00,2023-01-05 20:00:00+00:00,TP,0.1724428428557299,False,False,False,,0,1,2023-01-05 14:00:00+00:00,2023-01-05 14:00:00+00:00,16764.12,TP_E20_DOWN,0.17244284285572997,True,True
P1,1,development,2023-01-24,2023-01-24 14:35:00+00:00,2023-01-24 14:45:00+00:00,22808.96,23086.4,22760.0,326.40000000000146,22808.96,22972.16,22694.72,2023-01-24 15:05:00+00:00,2023-01-24 20:00:00+00:00,CLOSE_INVALIDATION,-4.4497243188642015,True,False,True,2023-01-24 14:45:00+00:00,1,1,2023-01-24 14:45:00+00:00,2023-01-24 14:50:00+00:00,22859.9,PERSISTENCE_P1,-1.5166664328404789,False,False
P2,2,development,2023-01-24,2023-01-24 14:35:00+00:00,2023-01-24 14:45:00+00:00,22808.96,23086.4,22760.0,326.40000000000146,22808.96,22972.16,22694.72,2023-01-24 15:05:00+00:00,2023-01-24 20:00:00+00:00,CLOSE_INVALIDATION,-4.4497243188642015,True,False,True,2023-01-24 14:50:00+00:00,2,2,2023-01-24 14:50:00+00:00,2023-01-24 14:55:00+00:00,22950.4,PERSISTENCE_P2,-3.5005359297399425,False,False
P3,3,development,2023-01-24,2023-01-24 14:35:00+00:00,2023-01-24 14:45:00+00:00,22808.96,23086.4,22760.0,326.40000000000146,22808.96,22972.16,22694.72,2023-01-24 15:05:00+00:00,2023-01-24 20:00:00+00:00,CLOSE_INVALIDATION,-4.4497243188642015,True,False,True,2023-01-24 14:55:00+00:00,3,3,2023-01-24 14:55:00+00:00,2023-01-24 15:00:00+00:00,22854.0,PERSISTENCE_P3,-1.3873312943685483,False,False
P1,1,development,2023-01-25,2023-01-25 14:40:00+00:00,2023-01-25 14:45:00+00:00,22503.745,22747.1,22460.8,286.2999999999993,22503.745,22646.895,22403.54,2023-01-25 14:55:00+00:00,2023-01-25 20:00:00+00:00,TP,1.826407204667448,False,False,True,2023-01-25 14:45:00+00:00,1,1,2023-01-25 14:45:00+00:00,2023-01-25 14:50:00+00:00,22550.1,PERSISTENCE_P1,-1.4299396833726914,False,False
P2,2,development,2023-01-25,2023-01-25 14:40:00+00:00,2023-01-25 14:45:00+00:00,22503.745,22747.1,22460.8,286.2999999999993,22503.745,22646.895,22403.54,2023-01-25 14:55:00+00:00,2023-01-25 20:00:00+00:00,TP,1.826407204667448,False,False,False,,0,1,2023-01-25 15:00:00+00:00,2023-01-25 15:00:00+00:00,22403.54,TP_E20_DOWN,1.826407204667448,True,True
P3,3,development,2023-01-25,2023-01-25 14:40:00+00:00,2023-01-25 14:45:00+00:00,22503.745,22747.1,22460.8,286.2999999999993,22503.745,22646.895,22403.54,2023-01-25 14:55:00+00:00,2023-01-25 20:00:00+00:00,TP,1.826407204667448,False,False,False,,0,1,2023-01-25 15:00:00+00:00,2023-01-25 15:00:00+00:00,22403.54,TP_E20_DOWN,1.826407204667448,True,True
P1,1,development,2023-01-27,2023-01-27 14:25:00+00:00,2023-01-27 14:35:00+00:00,22884.5,23080.0,22850.0,230.0,22884.5,22999.5,22804.0,,2023-01-27 20:00:00+00:00,CLOSE_INVALIDATION,-3.454469182197541,True,True,True,2023-01-27 14:35:00+00:00,1,1,2023-01-27 14:35:00+00:00,2023-01-27 14:40:00+00:00,22931.6,PERSISTENCE_P1,-1.4290808188948532,False,False
P2,2,development,2023-01-27,2023-01-27 14:25:00+00:00,2023-01-27 14:35:00+00:00,22884.5,23080.0,22850.0,230.0,22884.5,22999.5,22804.0,,2023-01-27 20:00:00+00:00,CLOSE_INVALIDATION,-3.454469182197541,True,True,True,2023-01-27 14:40:00+00:00,2,2,2023-01-27 14:40:00+00:00,2023-01-27 14:45:00+00:00,22922.0,PERSISTENCE_P2,-1.2193318621774565,False,False
P3,3,development,2023-01-27,2023-01-27 14:25:00+00:00,2023-01-27 14:35:00+00:00,22884.5,23080.0,22850.0,230.0,22884.5,22999.5,22804.0,,2023-01-27 20:00:00+00:00,CLOSE_INVALIDATION,-3.454469182197541,True,True,True,2023-01-27 14:45:00+00:00,3,3,2023-01-27 14:45:00+00:00,2023-01-27 14:50:00+00:00,22990.0,PERSISTENCE_P3,-2.7050536389259103,False,False
P1,1,development,2023-02-08,2023-02-08 13:35:00+00:00,2023-02-08 14:00:00+00:00,23080.73,23232.2,23054.0,178.20000000000073,23080.73,23169.83,23018.36,2023-02-08 14:15:00+00:00,2023-02-08 20:00:00+00:00,TP,0.9511271090645528,False,False,False,,0,0,2023-02-08 14:30:00+00:00,2023-02-08 14:30:00+00:00,23018.36,TP_E20_DOWN,0.9511271090645527,True,True
P2,2,development,2023-02-08,2023-02-08 13:35:00+00:00,2023-02-08 14:00:00+00:00,23080.73,23232.2,23054.0,178.20000000000073,23080.73,23169.83,23018.36,2023-02-08 14:15:00+00:00,2023-02-08 20:00:00+00:00,TP,0.9511271090645528,False,False,False,,0,0,2023-02-08 14:30:00+00:00,2023-02-08 14:30:00+00:00,23018.36,TP_E20_DOWN,0.9511271090645527,True,True
P3,3,development,2023-02-08,2023-02-08 13:35:00+00:00,2023-02-08 14:00:00+00:00,23080.73,23232.2,23054.0,178.20000000000073,23080.73,23169.83,23018.36,2023-02-08 14:15:00+00:00,2023-02-08 20:00:00+00:00,TP,0.9511271090645528,False,False,False,,0,0,2023-02-08 14:30:00+00:00,2023-02-08 14:30:00+00:00,23018.36,TP_E20_DOWN,0.9511271090645527,True,True
P1,1,development,2023-02-13,2023-02-13 16:40:00+00:00,2023-02-13 16:55:00+00:00,21478.265,21865.1,21410.0,455.09999999999854,21478.265,21705.815,21318.98,2023-02-13 17:50:00+00:00,2023-02-13 20:00:00+00:00,TIME_EXIT,-3.1850247680620862,True,False,True,2023-02-13 16:55:00+00:00,1,1,2023-02-13 16:55:00+00:00,2023-02-13 17:00:00+00:00,21496.9,PERSISTENCE_P1,-0.8338106453198626,False,False
P2,2,development,2023-02-13,2023-02-13 16:40:00+00:00,2023-02-13 16:55:00+00:00,21478.265,21865.1,21410.0,455.09999999999854,21478.265,21705.815,21318.98,2023-02-13 17:50:00+00:00,2023-02-13 20:00:00+00:00,TIME_EXIT,-3.1850247680620862,True,False,True,2023-02-13 17:00:00+00:00,2,2,2023-02-13 17:00:00+00:00,2023-02-13 17:05:00+00:00,21518.2,PERSISTENCE_P2,-1.3296607523932056,False,False
P3,3,development,2023-02-13,2023-02-13 16:40:00+00:00,2023-02-13 16:55:00+00:00,21478.265,21865.1,21410.0,455.09999999999854,21478.265,21705.815,21318.98,2023-02-13 17:50:00+00:00,2023-02-13 20:00:00+00:00,TIME_EXIT,-3.1850247680620862,True,False,True,2023-02-13 17:05:00+00:00,3,3,2023-02-13 17:05:00+00:00,2023-02-13 17:10:00+00:00,21515.2,PERSISTENCE_P3,-1.2598227091434366,False,False
P1,1,development,2023-02-14,2023-02-14 13:35:00+00:00,2023-02-14 14:00:00+00:00,21694.35,21894.1,21659.1,235.0,21694.35,21811.85,21612.1,2023-02-14 14:05:00+00:00,2023-02-14 20:00:00+00:00,TP,1.4956548594449708,False,False,False,,0,0,2023-02-14 14:25:00+00:00,2023-02-14 14:25:00+00:00,21612.1,TP_E20_DOWN,1.4956548594449708,True,True
P2,2,development,2023-02-14,2023-02-14 13:35:00+00:00,2023-02-14 14:00:00+00:00,21694.35,21894.1,21659.1,235.0,21694.35,21811.85,21612.1,2023-02-14 14:05:00+00:00,2023-02-14 20:00:00+00:00,TP,1.4956548594449708,False,False,False,,0,0,2023-02-14 14:25:00+00:00,2023-02-14 14:25:00+00:00,21612.1,TP_E20_DOWN,1.4956548594449708,True,True
P3,3,development,2023-02-14,2023-02-14 13:35:00+00:00,2023-02-14 14:00:00+00:00,21694.35,21894.1,21659.1,235.0,21694.35,21811.85,21612.1,2023-02-14 14:05:00+00:00,2023-02-14 20:00:00+00:00,TP,1.4956548594449708,False,False,False,,0,0,2023-02-14 14:25:00+00:00,2023-02-14 14:25:00+00:00,21612.1,TP_E20_DOWN,1.4956548594449708,True,True
P1,1,development,2023-02-21,2023-02-21 15:20:00+00:00,2023-02-21 15:35:00+00:00,24605.72,25347.6,24474.8,872.7999999999993,24605.72,25042.12,24300.24,2023-02-21 16:10:00+00:00,2023-02-21 20:00:00+00:00,TP,5.807499719577391,False,False,False,,0,0,2023-02-21 16:30:00+00:00,2023-02-21 16:30:00+00:00,24300.24,TP_E20_DOWN,5.80749971957739,True,True
P2,2,development,2023-02-21,2023-02-21 15:20:00+00:00,2023-02-21 15:35:00+00:00,24605.72,25347.6,24474.8,872.7999999999993,24605.72,25042.12,24300.24,2023-02-21 16:10:00+00:00,2023-02-21 20:00:00+00:00,TP,5.807499719577391,False,False,False,,0,0,2023-02-21 16:30:00+00:00,2023-02-21 16:30:00+00:00,24300.24,TP_E20_DOWN,5.80749971957739,True,True
P3,3,development,2023-02-21,2023-02-21 15:20:00+00:00,2023-02-21 15:35:00+00:00,24605.72,25347.6,24474.8,872.7999999999993,24605.72,25042.12,24300.24,2023-02-21 16:10:00+00:00,2023-02-21 20:00:00+00:00,TP,5.807499719577391,False,False,False,,0,0,2023-02-21 16:30:00+00:00,2023-02-21 16:30:00+00:00,24300.24,TP_E20_DOWN,5.80749971957739,True,True
P1,1,development,2023-03-02,2023-03-02 14:15:00+00:00,2023-03-02 14:45:00+00:00,23250.9,23460.0,23214.0,246.0,23250.9,23373.9,23164.8,,2023-03-02 20:00:00+00:00,CLOSE_INVALIDATION,-3.617079768955149,True,True,True,2023-03-02 14:45:00+00:00,1,1,2023-03-02 14:45:00+00:00,2023-03-02 14:50:00+00:00,23269.7,PERSISTENCE_P1,-0.8042854255103946,False,False
P2,2,development,2023-03-02,2023-03-02 14:15:00+00:00,2023-03-02 14:45:00+00:00,23250.9,23460.0,23214.0,246.0,23250.9,23373.9,23164.8,,2023-03-02 20:00:00+00:00,CLOSE_INVALIDATION,-3.617079768955149,True,True,True,2023-03-02 14:50:00+00:00,2,2,2023-03-02 14:50:00+00:00,2023-03-02 14:55:00+00:00,23297.3,PERSISTENCE_P2,-1.397810837429902,False,False
P3,3,development,2023-03-02,2023-03-02 14:15:00+00:00,2023-03-02 14:45:00+00:00,23250.9,23460.0,23214.0,246.0,23250.9,23373.9,23164.8,,2023-03-02 20:00:00+00:00,CLOSE_INVALIDATION,-3.617079768955149,True,True,True,2023-03-02 14:55:00+00:00,3,3,2023-03-02 14:55:00+00:00,2023-03-02 15:00:00+00:00,23298.1,PERSISTENCE_P3,-1.415014472557989,False,False
P1,1,development,2023-03-07,2023-03-07 14:20:00+00:00,2023-03-07 14:25:00+00:00,22320.76,22419.7,22303.3,116.40000000000146,22320.76,22378.96,22280.02,2023-03-07 14:30:00+00:00,2023-03-07 20:00:00+00:00,TP,0.5126033342950231,False,False,True,2023-03-07 14:25:00+00:00,1,1,2023-03-07 14:25:00+00:00,2023-03-07 14:30:00+00:00,22323.1,PERSISTENCE_P1,-0.45241757001106025,False,False
P2,2,development,2023-03-07,2023-03-07 14:20:00+00:00,2023-03-07 14:25:00+00:00,22320.76,22419.7,22303.3,116.40000000000146,22320.76,22378.96,22280.02,2023-03-07 14:30:00+00:00,2023-03-07 20:00:00+00:00,TP,0.5126033342950231,False,False,False,,0,1,2023-03-07 14:30:00+00:00,2023-03-07 14:30:00+00:00,22280.02,TP_E20_DOWN,0.5126033342950231,True,False
P3,3,development,2023-03-07,2023-03-07 14:20:00+00:00,2023-03-07 14:25:00+00:00,22320.76,22419.7,22303.3,116.40000000000146,22320.76,22378.96,22280.02,2023-03-07 14:30:00+00:00,2023-03-07 20:00:00+00:00,TP,0.5126033342950231,False,False,False,,0,1,2023-03-07 14:30:00+00:00,2023-03-07 14:30:00+00:00,22280.02,TP_E20_DOWN,0.5126033342950231,True,False
P1,1,development,2023-03-08,2023-03-08 14:10:00+00:00,2023-03-08 14:20:00+00:00,21963.13,22135.0,21932.8,202.20000000000076,21963.13,22064.23,21892.36,2023-03-08 15:00:00+00:00,2023-03-08 20:00:00+00:00,TP,1.2111091634024935,False,False,True,2023-03-08 14:20:00+00:00,1,1,2023-03-08 14:20:00+00:00,2023-03-08 14:25:00+00:00,21986.6,PERSISTENCE_P1,-0.9343045367394703,False,False
P2,2,development,2023-03-08,2023-03-08 14:10:00+00:00,2023-03-08 14:20:00+00:00,21963.13,22135.0,21932.8,202.20000000000076,21963.13,22064.23,21892.36,2023-03-08 15:00:00+00:00,2023-03-08 20:00:00+00:00,TP,1.2111091634024935,False,False,True,2023-03-08 14:25:00+00:00,2,2,2023-03-08 14:25:00+00:00,2023-03-08 14:30:00+00:00,21974.5,PERSISTENCE_P2,-0.6588428880582817,False,False
P3,3,development,2023-03-08,2023-03-08 14:10:00+00:00,2023-03-08 14:20:00+00:00,21963.13,22135.0,21932.8,202.20000000000076,21963.13,22064.23,21892.36,2023-03-08 15:00:00+00:00,2023-03-08 20:00:00+00:00,TP,1.2111091634024935,False,False,True,2023-03-08 14:45:00+00:00,3,3,2023-03-08 14:45:00+00:00,2023-03-08 14:50:00+00:00,21974.2,PERSISTENCE_P3,-0.6520132604050449,False,False
P1,1,development,2023-03-23,2023-03-23 13:50:00+00:00,2023-03-23 14:00:00+00:00,27339.835,27735.0,27270.1,464.9000000000015,27339.835,27572.285,27177.12,,2023-03-23 20:00:00+00:00,CLOSE_INVALIDATION,-4.945839431730337,True,True,True,2023-03-23 14:10:00+00:00,1,1,2023-03-23 14:10:00+00:00,2023-03-23 14:15:00+00:00,27411.4,PERSISTENCE_P1,-1.7088045337508864,False,False
P2,2,development,2023-03-23,2023-03-23 13:50:00+00:00,2023-03-23 14:00:00+00:00,27339.835,27735.0,27270.1,464.9000000000015,27339.835,27572.285,27177.12,,2023-03-23 20:00:00+00:00,CLOSE_INVALIDATION,-4.945839431730337,True,True,True,2023-03-23 14:15:00+00:00,2,2,2023-03-23 14:15:00+00:00,2023-03-23 14:20:00+00:00,27388.0,PERSISTENCE_P2,-1.2808575472383223,False,False
P3,3,development,2023-03-23,2023-03-23 13:50:00+00:00,2023-03-23 14:00:00+00:00,27339.835,27735.0,27270.1,464.9000000000015,27339.835,27572.285,27177.12,,2023-03-23 20:00:00+00:00,CLOSE_INVALIDATION,-4.945839431730337,True,True,True,2023-03-23 14:20:00+00:00,3,3,2023-03-23 14:20:00+00:00,2023-03-23 14:25:00+00:00,27344.4,PERSISTENCE_P3,-0.4834862390355013,False,False
P1,1,development,2023-04-17,2023-04-17 13:35:00+00:00,2023-04-17 13:45:00+00:00,29378.27,29913.6,29283.8,629.7999999999993,29378.27,29693.17,29157.84,2023-04-17 15:35:00+00:00,2023-04-17 20:00:00+00:00,TIME_EXIT,-1.7841863390866464,True,False,True,2023-04-17 13:45:00+00:00,1,1,2023-04-17 13:45:00+00:00,2023-04-17 13:50:00+00:00,29385.0,PERSISTENCE_P1,-0.5145404409449496,False,False
P2,2,development,2023-04-17,2023-04-17 13:35:00+00:00,2023-04-17 13:45:00+00:00,29378.27,29913.6,29283.8,629.7999999999993,29378.27,29693.17,29157.84,2023-04-17 15:35:00+00:00,2023-04-17 20:00:00+00:00,TIME_EXIT,-1.7841863390866464,True,False,True,2023-04-17 14:10:00+00:00,2,2,2023-04-17 14:10:00+00:00,2023-04-17 14:15:00+00:00,29416.5,PERSISTENCE_P2,-1.0506509743425934,False,False
P3,3,development,2023-04-17,2023-04-17 13:35:00+00:00,2023-04-17 13:45:00+00:00,29378.27,29913.6,29283.8,629.7999999999993,29378.27,29693.17,29157.84,2023-04-17 15:35:00+00:00,2023-04-17 20:00:00+00:00,TIME_EXIT,-1.7841863390866464,True,False,True,2023-04-17 14:15:00+00:00,3,3,2023-04-17 14:15:00+00:00,2023-04-17 14:20:00+00:00,29444.2,PERSISTENCE_P3,-1.5220878560922797,False,False
P1,1,development,2023-04-20,2023-04-20 16:05:00+00:00,2023-04-20 17:00:00+00:00,28396.0,28940.0,28300.0,640.0,28396.0,28716.0,28172.0,2023-04-20 18:30:00+00:00,2023-04-20 20:00:00+00:00,TP,3.54421749542189,False,False,True,2023-04-20 17:00:00+00:00,1,1,2023-04-20 17:00:00+00:00,2023-04-20 17:05:00+00:00,28409.0,PERSISTENCE_P1,-0.6289054796450204,False,False
P2,2,development,2023-04-20,2023-04-20 16:05:00+00:00,2023-04-20 17:00:00+00:00,28396.0,28940.0,28300.0,640.0,28396.0,28716.0,28172.0,2023-04-20 18:30:00+00:00,2023-04-20 20:00:00+00:00,TP,3.54421749542189,False,False,True,2023-04-20 17:15:00+00:00,2,2,2023-04-20 17:15:00+00:00,2023-04-20 17:20:00+00:00,28507.8,PERSISTENCE_P2,-2.3685871249471626,False,False
P3,3,development,2023-04-20,2023-04-20 16:05:00+00:00,2023-04-20 17:00:00+00:00,28396.0,28940.0,28300.0,640.0,28396.0,28716.0,28172.0,2023-04-20 18:30:00+00:00,2023-04-20 20:00:00+00:00,TP,3.54421749542189,False,False,True,2023-04-20 17:20:00+00:00,3,3,2023-04-20 17:20:00+00:00,2023-04-20 17:25:00+00:00,28532.7,PERSISTENCE_P3,-2.807029159036497,False,False
P1,1,development,2023-05-02,2023-05-02 13:40:00+00:00,2023-05-02 14:00:00+00:00,27970.86,28250.0,27921.6,328.40000000000146,27970.86,28135.06,27855.92,2023-05-02 14:05:00+00:00,2023-05-02 20:00:00+00:00,CLOSE_INVALIDATION,-5.388048275955779,True,False,False,,0,0,2023-05-02 14:20:00+00:00,2023-05-02 14:25:00+00:00,28249.9,CLOSE_INVALIDATION_F65,-5.388048275955779,False,True
P2,2,development,2023-05-02,2023-05-02 13:40:00+00:00,2023-05-02 14:00:00+00:00,27970.86,28250.0,27921.6,328.40000000000146,27970.86,28135.06,27855.92,2023-05-02 14:05:00+00:00,2023-05-02 20:00:00+00:00,CLOSE_INVALIDATION,-5.388048275955779,True,False,False,,0,0,2023-05-02 14:20:00+00:00,2023-05-02 14:25:00+00:00,28249.9,CLOSE_INVALIDATION_F65,-5.388048275955779,False,True
P3,3,development,2023-05-02,2023-05-02 13:40:00+00:00,2023-05-02 14:00:00+00:00,27970.86,28250.0,27921.6,328.40000000000146,27970.86,28135.06,27855.92,2023-05-02 14:05:00+00:00,2023-05-02 20:00:00+00:00,CLOSE_INVALIDATION,-5.388048275955779,True,False,False,,0,0,2023-05-02 14:20:00+00:00,2023-05-02 14:25:00+00:00,28249.9,CLOSE_INVALIDATION_F65,-5.388048275955779,False,True
P1,1,development,2023-05-03,2023-05-03 14:55:00+00:00,2023-05-03 15:05:00+00:00,28211.925000000003,28758.9,28115.4,643.5,28211.925000000003,28533.675000000003,27986.7,,2023-05-03 20:00:00+00:00,CLOSE_INVALIDATION,-6.680588793568613,True,True,True,2023-05-03 15:05:00+00:00,1,1,2023-05-03 15:05:00+00:00,2023-05-03 15:10:00+00:00,28219.9,PERSISTENCE_P1,-0.5413409400457173,False,False
P2,2,development,2023-05-03,2023-05-03 14:55:00+00:00,2023-05-03 15:05:00+00:00,28211.925000000003,28758.9,28115.4,643.5,28211.925000000003,28533.675000000003,27986.7,,2023-05-03 20:00:00+00:00,CLOSE_INVALIDATION,-6.680588793568613,True,True,True,2023-05-03 15:10:00+00:00,2,2,2023-05-03 15:10:00+00:00,2023-05-03 15:15:00+00:00,28246.3,PERSISTENCE_P2,-1.0092281898522764,False,False
P3,3,development,2023-05-03,2023-05-03 14:55:00+00:00,2023-05-03 15:05:00+00:00,28211.925000000003,28758.9,28115.4,643.5,28211.925000000003,28533.675000000003,27986.7,,2023-05-03 20:00:00+00:00,CLOSE_INVALIDATION,-6.680588793568613,True,True,True,2023-05-03 15:15:00+00:00,3,3,2023-05-03 15:15:00+00:00,2023-05-03 15:20:00+00:00,28266.3,PERSISTENCE_P3,-1.3636882275845472,False,False
P1,1,development,2023-05-18,2023-05-18 14:50:00+00:00,2023-05-18 15:05:00+00:00,27211.485,27471.5,27165.6,305.90000000000146,27211.485,27364.435,27104.42,2023-05-18 15:20:00+00:00,2023-05-18 20:00:00+00:00,TP,1.567275949842545,False,False,False,,0,0,2023-05-18 15:20:00+00:00,2023-05-18 15:20:00+00:00,27104.42,TP_E20_DOWN,1.567275949842545,True,False
P2,2,development,2023-05-18,2023-05-18 14:50:00+00:00,2023-05-18 15:05:00+00:00,27211.485,27471.5,27165.6,305.90000000000146,27211.485,27364.435,27104.42,2023-05-18 15:20:00+00:00,2023-05-18 20:00:00+00:00,TP,1.567275949842545,False,False,False,,0,0,2023-05-18 15:20:00+00:00,2023-05-18 15:20:00+00:00,27104.42,TP_E20_DOWN,1.567275949842545,True,False
P3,3,development,2023-05-18,2023-05-18 14:50:00+00:00,2023-05-18 15:05:00+00:00,27211.485,27471.5,27165.6,305.90000000000146,27211.485,27364.435,27104.42,2023-05-18 15:20:00+00:00,2023-05-18 20:00:00+00:00,TP,1.567275949842545,False,False,False,,0,0,2023-05-18 15:20:00+00:00,2023-05-18 15:20:00+00:00,27104.42,TP_E20_DOWN,1.567275949842545,True,False
P1,1,development,2023-06-07,2023-06-07 14:55:00+00:00,2023-06-07 15:40:00+00:00,26426.38,26968.0,26330.8,637.2000000000007,26426.38,26744.98,26203.36,2023-06-07 15:50:00+00:00,2023-06-07 20:00:00+00:00,TIME_EXIT,-1.2101752869670328,True,False,False,,0,0,2023-06-07 20:00:00+00:00,2023-06-07 20:00:00+00:00,26469.2,TIME_EXIT,-1.2101752869670328,False,True
P2,2,development,2023-06-07,2023-06-07 14:55:00+00:00,2023-06-07 15:40:00+00:00,26426.38,26968.0,26330.8,637.2000000000007,26426.38,26744.98,26203.36,2023-06-07 15:50:00+00:00,2023-06-07 20:00:00+00:00,TIME_EXIT,-1.2101752869670328,True,False,False,,0,0,2023-06-07 20:00:00+00:00,2023-06-07 20:00:00+00:00,26469.2,TIME_EXIT,-1.2101752869670328,False,True
P3,3,development,2023-06-07,2023-06-07 14:55:00+00:00,2023-06-07 15:40:00+00:00,26426.38,26968.0,26330.8,637.2000000000007,26426.38,26744.98,26203.36,2023-06-07 15:50:00+00:00,2023-06-07 20:00:00+00:00,TIME_EXIT,-1.2101752869670328,True,False,False,,0,0,2023-06-07 20:00:00+00:00,2023-06-07 20:00:00+00:00,26469.2,TIME_EXIT,-1.2101752869670328,False,True
P1,1,development,2023-06-08,2023-06-08 13:40:00+00:00,2023-06-08 13:55:00+00:00,26344.235,26594.9,26300.0,294.90000000000146,26344.235,26491.685,26241.02,,2023-06-08 20:00:00+00:00,CLOSE_INVALIDATION,-5.064493009571153,True,True,True,2023-06-08 13:55:00+00:00,1,1,2023-06-08 13:55:00+00:00,2023-06-08 14:00:00+00:00,26389.9,PERSISTENCE_P1,-1.2666981599579734,False,False
P2,2,development,2023-06-08,2023-06-08 13:40:00+00:00,2023-06-08 13:55:00+00:00,26344.235,26594.9,26300.0,294.90000000000146,26344.235,26491.685,26241.02,,2023-06-08 20:00:00+00:00,CLOSE_INVALIDATION,-5.064493009571153,True,True,True,2023-06-08 14:10:00+00:00,2,2,2023-06-08 14:10:00+00:00,2023-06-08 14:15:00+00:00,26406.9,PERSISTENCE_P2,-1.5893493965567966,False,False
P3,3,development,2023-06-08,2023-06-08 13:40:00+00:00,2023-06-08 13:55:00+00:00,26344.235,26594.9,26300.0,294.90000000000146,26344.235,26491.685,26241.02,,2023-06-08 20:00:00+00:00,CLOSE_INVALIDATION,-5.064493009571153,True,True,True,2023-06-08 14:15:00+00:00,3,3,2023-06-08 14:15:00+00:00,2023-06-08 14:20:00+00:00,26410.0,PERSISTENCE_P3,-1.6481857985247896,False,False
P1,1,development,2023-07-05,2023-07-05 13:35:00+00:00,2023-07-05 13:40:00+00:00,30294.71,30797.4,30206.0,591.4000000000015,30294.71,30590.41,30087.72,,2023-07-05 20:00:00+00:00,TIME_EXIT,-2.467852770335165,True,True,True,2023-07-05 13:40:00+00:00,1,1,2023-07-05 13:40:00+00:00,2023-07-05 13:45:00+00:00,30366.6,PERSISTENCE_P1,-1.5865107802649279,False,False
P2,2,development,2023-07-05,2023-07-05 13:35:00+00:00,2023-07-05 13:40:00+00:00,30294.71,30797.4,30206.0,591.4000000000015,30294.71,30590.41,30087.72,,2023-07-05 20:00:00+00:00,TIME_EXIT,-2.467852770335165,True,True,True,2023-07-05 13:45:00+00:00,2,2,2023-07-05 13:45:00+00:00,2023-07-05 13:50:00+00:00,30328.2,PERSISTENCE_P2,-0.9527367649335743,False,False
P3,3,development,2023-07-05,2023-07-05 13:35:00+00:00,2023-07-05 13:40:00+00:00,30294.71,30797.4,30206.0,591.4000000000015,30294.71,30590.41,30087.72,,2023-07-05 20:00:00+00:00,TIME_EXIT,-2.467852770335165,True,True,True,2023-07-05 13:50:00+00:00,3,3,2023-07-05 13:50:00+00:00,2023-07-05 13:55:00+00:00,30369.7,PERSISTENCE_P3,-1.637674828377654,False,False
P1,1,development,2023-07-17,2023-07-17 17:25:00+00:00,2023-07-17 18:10:00+00:00,29969.91,30309.4,29910.0,399.4000000000015,29969.91,30169.61,29830.12,2023-07-17 18:30:00+00:00,2023-07-17 20:00:00+00:00,TP,1.932172502353208,False,False,True,2023-07-17 18:10:00+00:00,1,1,2023-07-17 18:10:00+00:00,2023-07-17 18:15:00+00:00,29976.4,PERSISTENCE_P1,-0.5082752667592529,False,False
P2,2,development,2023-07-17,2023-07-17 17:25:00+00:00,2023-07-17 18:10:00+00:00,29969.91,30309.4,29910.0,399.4000000000015,29969.91,30169.61,29830.12,2023-07-17 18:30:00+00:00,2023-07-17 20:00:00+00:00,TP,1.932172502353208,False,False,True,2023-07-17 18:15:00+00:00,2,2,2023-07-17 18:15:00+00:00,2023-07-17 18:20:00+00:00,30031.2,PERSISTENCE_P2,-1.422525593169964,False,False
P3,3,development,2023-07-17,2023-07-17 17:25:00+00:00,2023-07-17 18:10:00+00:00,29969.91,30309.4,29910.0,399.4000000000015,29969.91,30169.61,29830.12,2023-07-17 18:30:00+00:00,2023-07-17 20:00:00+00:00,TP,1.932172502353208,False,False,True,2023-07-17 18:20:00+00:00,3,3,2023-07-17 18:20:00+00:00,2023-07-17 18:25:00+00:00,29998.9,PERSISTENCE_P3,-0.883651769391393,False,False
P1,1,development,2023-07-24,2023-07-24 15:10:00+00:00,2023-07-24 15:20:00+00:00,29041.875,29820.9,28904.4,916.5,29041.875,29500.125,28721.1,,2023-07-24 20:00:00+00:00,TIME_EXIT,-1.5177825123205593,True,True,True,2023-07-24 15:20:00+00:00,1,1,2023-07-24 15:20:00+00:00,2023-07-24 15:25:00+00:00,29123.1,PERSISTENCE_P1,-1.798411776099142,False,False
P2,2,development,2023-07-24,2023-07-24 15:10:00+00:00,2023-07-24 15:20:00+00:00,29041.875,29820.9,28904.4,916.5,29041.875,29500.125,28721.1,,2023-07-24 20:00:00+00:00,TIME_EXIT,-1.5177825123205593,True,True,True,2023-07-24 15:25:00+00:00,2,2,2023-07-24 15:25:00+00:00,2023-07-24 15:30:00+00:00,29096.2,PERSISTENCE_P2,-1.335287408268246,False,False
P3,3,development,2023-07-24,2023-07-24 15:10:00+00:00,2023-07-24 15:20:00+00:00,29041.875,29820.9,28904.4,916.5,29041.875,29500.125,28721.1,,2023-07-24 20:00:00+00:00,TIME_EXIT,-1.5177825123205593,True,True,True,2023-07-24 15:30:00+00:00,3,3,2023-07-24 15:30:00+00:00,2023-07-24 15:35:00+00:00,29065.6,PERSISTENCE_P3,-0.8084619192114584,False,False
P1,1,development,2023-07-31,2023-07-31 13:55:00+00:00,2023-07-31 14:15:00+00:00,29339.0,29461.4,29317.4,144.0,29339.0,29411.0,29288.6,2023-07-31 14:20:00+00:00,2023-07-31 20:00:00+00:00,TP,0.4589249804014761,False,False,False,,0,0,2023-07-31 14:30:00+00:00,2023-07-31 14:30:00+00:00,29288.6,TP_E20_DOWN,0.45892498040153806,True,True
P2,2,development,2023-07-31,2023-07-31 13:55:00+00:00,2023-07-31 14:15:00+00:00,29339.0,29461.4,29317.4,144.0,29339.0,29411.0,29288.6,2023-07-31 14:20:00+00:00,2023-07-31 20:00:00+00:00,TP,0.4589249804014761,False,False,False,,0,0,2023-07-31 14:30:00+00:00,2023-07-31 14:30:00+00:00,29288.6,TP_E20_DOWN,0.45892498040153806,True,True
P3,3,development,2023-07-31,2023-07-31 13:55:00+00:00,2023-07-31 14:15:00+00:00,29339.0,29461.4,29317.4,144.0,29339.0,29411.0,29288.6,2023-07-31 14:20:00+00:00,2023-07-31 20:00:00+00:00,TP,0.4589249804014761,False,False,False,,0,0,2023-07-31 14:30:00+00:00,2023-07-31 14:30:00+00:00,29288.6,TP_E20_DOWN,0.45892498040153806,True,True
P1,1,development,2023-08-02,2023-08-02 13:35:00+00:00,2023-08-02 13:50:00+00:00,29395.85,29599.0,29360.0,239.0,29395.85,29515.35,29312.2,2023-08-02 14:05:00+00:00,2023-08-02 20:00:00+00:00,TP,1.022819887841274,False,False,True,2023-08-02 13:55:00+00:00,1,1,2023-08-02 13:55:00+00:00,2023-08-02 14:00:00+00:00,29402.6,PERSISTENCE_P1,-0.5148121248407513,False,False
P2,2,development,2023-08-02,2023-08-02 13:35:00+00:00,2023-08-02 13:50:00+00:00,29395.85,29599.0,29360.0,239.0,29395.85,29515.35,29312.2,2023-08-02 14:05:00+00:00,2023-08-02 20:00:00+00:00,TP,1.022819887841274,False,False,False,,0,1,2023-08-02 14:05:00+00:00,2023-08-02 14:05:00+00:00,29312.2,TP_E20_DOWN,1.022819887841274,True,False
P3,3,development,2023-08-02,2023-08-02 13:35:00+00:00,2023-08-02 13:50:00+00:00,29395.85,29599.0,29360.0,239.0,29395.85,29515.35,29312.2,2023-08-02 14:05:00+00:00,2023-08-02 20:00:00+00:00,TP,1.022819887841274,False,False,False,,0,1,2023-08-02 14:05:00+00:00,2023-08-02 14:05:00+00:00,29312.2,TP_E20_DOWN,1.022819887841274,True,False
P1,1,development,2023-08-14,2023-08-14 13:35:00+00:00,2023-08-14 13:40:00+00:00,29353.4,29486.0,29330.0,156.0,29353.4,29431.4,29298.8,,2023-08-14 20:00:00+00:00,CLOSE_INVALIDATION,-1.871720482124691,True,True,True,2023-08-14 13:45:00+00:00,1,1,2023-08-14 13:45:00+00:00,2023-08-14 13:50:00+00:00,29358.2,PERSISTENCE_P1,-0.481762249006917,False,False
P2,2,development,2023-08-14,2023-08-14 13:35:00+00:00,2023-08-14 13:40:00+00:00,29353.4,29486.0,29330.0,156.0,29353.4,29431.4,29298.8,,2023-08-14 20:00:00+00:00,CLOSE_INVALIDATION,-1.871720482124691,True,True,True,2023-08-14 13:50:00+00:00,2,2,2023-08-14 13:50:00+00:00,2023-08-14 13:55:00+00:00,29391.6,PERSISTENCE_P2,-1.0506912316800965,False,False
P3,3,development,2023-08-14,2023-08-14 13:35:00+00:00,2023-08-14 13:40:00+00:00,29353.4,29486.0,29330.0,156.0,29353.4,29431.4,29298.8,,2023-08-14 20:00:00+00:00,CLOSE_INVALIDATION,-1.871720482124691,True,True,True,2023-08-14 13:55:00+00:00,3,3,2023-08-14 13:55:00+00:00,2023-08-14 14:00:00+00:00,29376.0,PERSISTENCE_P3,-0.7849639224076008,False,False
P1,1,development,2023-08-22,2023-08-22 13:35:00+00:00,2023-08-22 13:45:00+00:00,26007.52,26100.0,25991.2,108.79999999999929,26007.52,26061.92,25969.44,2023-08-22 13:50:00+00:00,2023-08-22 20:00:00+00:00,TP,0.3320959476335711,False,False,True,2023-08-22 13:45:00+00:00,1,1,2023-08-22 13:45:00+00:00,2023-08-22 13:50:00+00:00,26008.3,PERSISTENCE_P1,-0.4149956627928929,False,False
P2,2,development,2023-08-22,2023-08-22 13:35:00+00:00,2023-08-22 13:45:00+00:00,26007.52,26100.0,25991.2,108.79999999999929,26007.52,26061.92,25969.44,2023-08-22 13:50:00+00:00,2023-08-22 20:00:00+00:00,TP,0.3320959476335711,False,False,False,,0,1,2023-08-22 13:55:00+00:00,2023-08-22 13:55:00+00:00,25969.44,TP_E20_DOWN,0.33209594763364103,True,True
P3,3,development,2023-08-22,2023-08-22 13:35:00+00:00,2023-08-22 13:45:00+00:00,26007.52,26100.0,25991.2,108.79999999999929,26007.52,26061.92,25969.44,2023-08-22 13:50:00+00:00,2023-08-22 20:00:00+00:00,TP,0.3320959476335711,False,False,False,,0,1,2023-08-22 13:55:00+00:00,2023-08-22 13:55:00+00:00,25969.44,TP_E20_DOWN,0.33209594763364103,True,True
P1,1,development,2023-08-31,2023-08-31 14:20:00+00:00,2023-08-31 14:25:00+00:00,27109.645,27674.3,27010.0,664.2999999999993,27109.645,27441.795,26877.14,2023-08-31 15:40:00+00:00,2023-08-31 20:00:00+00:00,TP,3.8882339477333816,False,False,True,2023-08-31 14:25:00+00:00,1,1,2023-08-31 14:25:00+00:00,2023-08-31 14:30:00+00:00,27126.9,PERSISTENCE_P1,-0.7182446690098859,False,False
P2,2,development,2023-08-31,2023-08-31 14:20:00+00:00,2023-08-31 14:25:00+00:00,27109.645,27674.3,27010.0,664.2999999999993,27109.645,27441.795,26877.14,2023-08-31 15:40:00+00:00,2023-08-31 20:00:00+00:00,TP,3.8882339477333816,False,False,True,2023-08-31 14:30:00+00:00,2,2,2023-08-31 14:30:00+00:00,2023-08-31 14:35:00+00:00,27119.1,PERSISTENCE_P2,-0.5743844303383189,False,False
P3,3,development,2023-08-31,2023-08-31 14:20:00+00:00,2023-08-31 14:25:00+00:00,27109.645,27674.3,27010.0,664.2999999999993,27109.645,27441.795,26877.14,2023-08-31 15:40:00+00:00,2023-08-31 20:00:00+00:00,TP,3.8882339477333816,False,False,True,2023-08-31 14:55:00+00:00,3,3,2023-08-31 14:55:00+00:00,2023-08-31 15:00:00+00:00,27162.3,PERSISTENCE_P3,-1.3711488291344067,False,False
P1,1,development,2023-09-05,2023-09-05 14:40:00+00:00,2023-09-05 14:45:00+00:00,25667.65,25830.0,25639.0,191.0,25667.65,25763.15,25600.8,,2023-09-05 20:00:00+00:00,CLOSE_INVALIDATION,-2.327523555915658,True,True,True,2023-09-05 14:45:00+00:00,1,1,2023-09-05 14:45:00+00:00,2023-09-05 14:50:00+00:00,25693.4,PERSISTENCE_P1,-0.9016041593211688,False,False
P2,2,development,2023-09-05,2023-09-05 14:40:00+00:00,2023-09-05 14:45:00+00:00,25667.65,25830.0,25639.0,191.0,25667.65,25763.15,25600.8,,2023-09-05 20:00:00+00:00,CLOSE_INVALIDATION,-2.327523555915658,True,True,True,2023-09-05 14:50:00+00:00,2,2,2023-09-05 14:50:00+00:00,2023-09-05 14:55:00+00:00,25698.8,PERSISTENCE_P2,-1.0067949344797404,False,False
P3,3,development,2023-09-05,2023-09-05 14:40:00+00:00,2023-09-05 14:45:00+00:00,25667.65,25830.0,25639.0,191.0,25667.65,25763.15,25600.8,,2023-09-05 20:00:00+00:00,CLOSE_INVALIDATION,-2.327523555915658,True,True,True,2023-09-05 14:55:00+00:00,3,3,2023-09-05 14:55:00+00:00,2023-09-05 15:00:00+00:00,25702.2,PERSISTENCE_P3,-1.0730261632833407,False,False
P1,1,development,2023-09-18,2023-09-18 17:35:00+00:00,2023-09-18 17:40:00+00:00,26775.99,27397.0,26666.4,730.5999999999985,26775.99,27141.29,26520.28,2023-09-18 18:40:00+00:00,2023-09-18 20:00:00+00:00,TIME_EXIT,-0.9081044622439568,True,False,True,2023-09-18 17:40:00+00:00,1,1,2023-09-18 17:40:00+00:00,2023-09-18 17:45:00+00:00,26799.9,PERSISTENCE_P1,-0.8464820908582624,False,False
P2,2,development,2023-09-18,2023-09-18 17:35:00+00:00,2023-09-18 17:40:00+00:00,26775.99,27397.0,26666.4,730.5999999999985,26775.99,27141.29,26520.28,2023-09-18 18:40:00+00:00,2023-09-18 20:00:00+00:00,TIME_EXIT,-0.9081044622439568,True,False,True,2023-09-18 17:45:00+00:00,2,2,2023-09-18 17:45:00+00:00,2023-09-18 17:50:00+00:00,26810.2,PERSISTENCE_P2,-1.0388185833651553,False,False
P3,3,development,2023-09-18,2023-09-18 17:35:00+00:00,2023-09-18 17:40:00+00:00,26775.99,27397.0,26666.4,730.5999999999985,26775.99,27141.29,26520.28,2023-09-18 18:40:00+00:00,2023-09-18 20:00:00+00:00,TIME_EXIT,-0.9081044622439568,True,False,True,2023-09-18 17:50:00+00:00,3,3,2023-09-18 17:50:00+00:00,2023-09-18 17:55:00+00:00,26785.5,PERSISTENCE_P3,-0.5775844702660555,False,False
P1,1,development,2023-09-26,2023-09-26 13:35:00+00:00,2023-09-26 13:50:00+00:00,26192.945,26322.4,26170.1,152.3000000000029,26192.945,26269.095,26139.64,2023-09-26 13:55:00+00:00,2023-09-26 20:00:00+00:00,TP,0.6175449915998429,False,False,True,2023-09-26 13:50:00+00:00,1,1,2023-09-26 13:50:00+00:00,2023-09-26 13:55:00+00:00,26211.0,PERSISTENCE_P1,-0.7446538753087958,False,False
P2,2,development,2023-09-26,2023-09-26 13:35:00+00:00,2023-09-26 13:50:00+00:00,26192.945,26322.4,26170.1,152.3000000000029,26192.945,26269.095,26139.64,2023-09-26 13:55:00+00:00,2023-09-26 20:00:00+00:00,TP,0.6175449915998429,False,False,False,,0,1,2023-09-26 13:55:00+00:00,2023-09-26 13:55:00+00:00,26139.64,TP_E20_DOWN,0.6175449915998429,True,False
P3,3,development,2023-09-26,2023-09-26 13:35:00+00:00,2023-09-26 13:50:00+00:00,26192.945,26322.4,26170.1,152.3000000000029,26192.945,26269.095,26139.64,2023-09-26 13:55:00+00:00,2023-09-26 20:00:00+00:00,TP,0.6175449915998429,False,False,False,,0,1,2023-09-26 13:55:00+00:00,2023-09-26 13:55:00+00:00,26139.64,TP_E20_DOWN,0.6175449915998429,True,False
P1,1,development,2023-10-09,2023-10-09 16:05:00+00:00,2023-10-09 16:10:00+00:00,27429.69,27834.8,27358.2,476.59999999999854,27429.69,27667.99,27262.88,2023-10-09 16:25:00+00:00,2023-10-09 20:00:00+00:00,TP,2.640683288801319,False,False,True,2023-10-09 16:10:00+00:00,1,1,2023-10-09 16:10:00+00:00,2023-10-09 16:15:00+00:00,27452.0,PERSISTENCE_P1,-0.8066761235726928,False,False
P2,2,development,2023-10-09,2023-10-09 16:05:00+00:00,2023-10-09 16:10:00+00:00,27429.69,27834.8,27358.2,476.59999999999854,27429.69,27667.99,27262.88,2023-10-09 16:25:00+00:00,2023-10-09 20:00:00+00:00,TP,2.640683288801319,False,False,True,2023-10-09 16:15:00+00:00,2,2,2023-10-09 16:15:00+00:00,2023-10-09 16:20:00+00:00,27490.6,PERSISTENCE_P2,-1.5102932625195518,False,False
P3,3,development,2023-10-09,2023-10-09 16:05:00+00:00,2023-10-09 16:10:00+00:00,27429.69,27834.8,27358.2,476.59999999999854,27429.69,27667.99,27262.88,2023-10-09 16:25:00+00:00,2023-10-09 20:00:00+00:00,TP,2.640683288801319,False,False,True,2023-10-09 16:20:00+00:00,3,3,2023-10-09 16:20:00+00:00,2023-10-09 16:25:00+00:00,27510.2,PERSISTENCE_P3,-1.8675703589796684,False,False
P1,1,development,2023-11-13,2023-11-13 14:50:00+00:00,2023-11-13 14:55:00+00:00,36722.585,37065.9,36662.0,403.9000000000015,36722.585,36924.535,36581.22,2023-11-13 17:20:00+00:00,2023-11-13 20:00:00+00:00,CLOSE_INVALIDATION,-3.6733942885556794,True,False,True,2023-11-13 14:55:00+00:00,1,1,2023-11-13 14:55:00+00:00,2023-11-13 15:00:00+00:00,36812.2,PERSISTENCE_P1,-1.620161924875359,False,False
P2,2,development,2023-11-13,2023-11-13 14:50:00+00:00,2023-11-13 14:55:00+00:00,36722.585,37065.9,36662.0,403.9000000000015,36722.585,36924.535,36581.22,2023-11-13 17:20:00+00:00,2023-11-13 20:00:00+00:00,CLOSE_INVALIDATION,-3.6733942885556794,True,False,True,2023-11-13 15:00:00+00:00,2,2,2023-11-13 15:00:00+00:00,2023-11-13 15:05:00+00:00,36801.5,PERSISTENCE_P2,-1.4744750131288535,False,False
P3,3,development,2023-11-13,2023-11-13 14:50:00+00:00,2023-11-13 14:55:00+00:00,36722.585,37065.9,36662.0,403.9000000000015,36722.585,36924.535,36581.22,2023-11-13 17:20:00+00:00,2023-11-13 20:00:00+00:00,CLOSE_INVALIDATION,-3.6733942885556794,True,False,True,2023-11-13 15:05:00+00:00,3,3,2023-11-13 15:05:00+00:00,2023-11-13 15:10:00+00:00,36783.9,PERSISTENCE_P3,-1.2348404667046498,False,False
P1,1,development,2023-11-23,2023-11-23 14:35:00+00:00,2023-11-23 14:40:00+00:00,37212.93,37650.0,37135.8,514.1999999999971,37212.93,37470.03,37032.96000000001,2023-11-23 14:50:00+00:00,2023-11-23 20:00:00+00:00,TP,2.0181111242784957,False,False,True,2023-11-23 14:40:00+00:00,1,1,2023-11-23 14:40:00+00:00,2023-11-23 14:45:00+00:00,37229.9,PERSISTENCE_P1,-0.6280121452409306,False,False
P2,2,development,2023-11-23,2023-11-23 14:35:00+00:00,2023-11-23 14:40:00+00:00,37212.93,37650.0,37135.8,514.1999999999971,37212.93,37470.03,37032.96000000001,2023-11-23 14:50:00+00:00,2023-11-23 20:00:00+00:00,TP,2.0181111242784957,False,False,True,2023-11-23 14:45:00+00:00,2,2,2023-11-23 14:45:00+00:00,2023-11-23 14:50:00+00:00,37239.1,PERSISTENCE_P2,-0.7516250937509927,False,False
P3,3,development,2023-11-23,2023-11-23 14:35:00+00:00,2023-11-23 14:40:00+00:00,37212.93,37650.0,37135.8,514.1999999999971,37212.93,37470.03,37032.96000000001,2023-11-23 14:50:00+00:00,2023-11-23 20:00:00+00:00,TP,2.0181111242784957,False,False,False,,0,2,2023-11-23 15:25:00+00:00,2023-11-23 15:25:00+00:00,37032.96000000001,TP_E20_DOWN,2.0181111242784953,True,True
P1,1,development,2023-11-27,2023-11-27 13:55:00+00:00,2023-11-27 14:10:00+00:00,36861.745,37457.0,36756.7,700.3000000000029,36861.745,37211.895,36616.64,2023-11-27 14:30:00+00:00,2023-11-27 20:00:00+00:00,TIME_EXIT,-0.4916261560596854,True,False,False,,0,0,2023-11-27 20:00:00+00:00,2023-11-27 20:00:00+00:00,36868.5,TIME_EXIT,-0.4916261560595867,False,True
P2,2,development,2023-11-27,2023-11-27 13:55:00+00:00,2023-11-27 14:10:00+00:00,36861.745,37457.0,36756.7,700.3000000000029,36861.745,37211.895,36616.64,2023-11-27 14:30:00+00:00,2023-11-27 20:00:00+00:00,TIME_EXIT,-0.4916261560596854,True,False,False,,0,0,2023-11-27 20:00:00+00:00,2023-11-27 20:00:00+00:00,36868.5,TIME_EXIT,-0.4916261560595867,False,True
P3,3,development,2023-11-27,2023-11-27 13:55:00+00:00,2023-11-27 14:10:00+00:00,36861.745,37457.0,36756.7,700.3000000000029,36861.745,37211.895,36616.64,2023-11-27 14:30:00+00:00,2023-11-27 20:00:00+00:00,TIME_EXIT,-0.4916261560596854,True,False,False,,0,0,2023-11-27 20:00:00+00:00,2023-11-27 20:00:00+00:00,36868.5,TIME_EXIT,-0.4916261560595867,False,True
P1,1,development,2024-01-22,2024-01-22 15:25:00+00:00,2024-01-22 15:30:00+00:00,40488.7,41253.7,40353.7,900.0,40488.7,40938.7,40173.7,2024-01-22 18:45:00+00:00,2024-01-22 20:00:00+00:00,TP,3.489974239726146,False,False,True,2024-01-22 15:35:00+00:00,1,1,2024-01-22 15:35:00+00:00,2024-01-22 15:40:00+00:00,40545.2,PERSISTENCE_P1,-1.0977255382365945,False,False
P2,2,development,2024-01-22,2024-01-22 15:25:00+00:00,2024-01-22 15:30:00+00:00,40488.7,41253.7,40353.7,900.0,40488.7,40938.7,40173.7,2024-01-22 18:45:00+00:00,2024-01-22 20:00:00+00:00,TP,3.489974239726146,False,False,True,2024-01-22 15:40:00+00:00,2,2,2024-01-22 15:40:00+00:00,2024-01-22 15:45:00+00:00,40551.5,PERSISTENCE_P2,-1.1755250230311534,False,False
P3,3,development,2024-01-22,2024-01-22 15:25:00+00:00,2024-01-22 15:30:00+00:00,40488.7,41253.7,40353.7,900.0,40488.7,40938.7,40173.7,2024-01-22 18:45:00+00:00,2024-01-22 20:00:00+00:00,TP,3.489974239726146,False,False,True,2024-01-22 15:45:00+00:00,3,3,2024-01-22 15:45:00+00:00,2024-01-22 15:50:00+00:00,40718.1,PERSISTENCE_P3,-3.2328891764862973,False,False
P1,1,development,2024-01-25,2024-01-25 13:50:00+00:00,2024-01-25 14:05:00+00:00,39858.17,40300.0,39780.2,519.8000000000029,39858.17,40118.07,39676.24,2024-01-25 15:25:00+00:00,2024-01-25 20:00:00+00:00,TP,1.8822171715359768,False,False,True,2024-01-25 14:05:00+00:00,1,1,2024-01-25 14:05:00+00:00,2024-01-25 14:10:00+00:00,39887.0,PERSISTENCE_P1,-0.7616573465365036,False,False
P2,2,development,2024-01-25,2024-01-25 13:50:00+00:00,2024-01-25 14:05:00+00:00,39858.17,40300.0,39780.2,519.8000000000029,39858.17,40118.07,39676.24,2024-01-25 15:25:00+00:00,2024-01-25 20:00:00+00:00,TP,1.8822171715359768,False,False,True,2024-01-25 14:10:00+00:00,2,2,2024-01-25 14:10:00+00:00,2024-01-25 14:15:00+00:00,39946.9,PERSISTENCE_P2,-1.5130716738877275,False,False
P3,3,development,2024-01-25,2024-01-25 13:50:00+00:00,2024-01-25 14:05:00+00:00,39858.17,40300.0,39780.2,519.8000000000029,39858.17,40118.07,39676.24,2024-01-25 15:25:00+00:00,2024-01-25 20:00:00+00:00,TP,1.8822171715359768,False,False,True,2024-01-25 14:15:00+00:00,3,3,2024-01-25 14:15:00+00:00,2024-01-25 14:20:00+00:00,39981.2,PERSISTENCE_P3,-1.9433473237732546,False,False
P1,1,development,2024-01-29,2024-01-29 13:35:00+00:00,2024-01-29 13:40:00+00:00,41998.27,42368.7,41932.9,435.7999999999956,41998.27,42216.17,41845.740000000005,2024-01-29 13:45:00+00:00,2024-01-29 20:00:00+00:00,TP,1.415908131453972,False,False,True,2024-01-29 13:40:00+00:00,1,1,2024-01-29 13:40:00+00:00,2024-01-29 13:45:00+00:00,42044.8,PERSISTENCE_P1,-0.9539513889501414,False,False
P2,2,development,2024-01-29,2024-01-29 13:35:00+00:00,2024-01-29 13:40:00+00:00,41998.27,42368.7,41932.9,435.7999999999956,41998.27,42216.17,41845.740000000005,2024-01-29 13:45:00+00:00,2024-01-29 20:00:00+00:00,TP,1.415908131453972,False,False,False,,0,1,2024-01-29 14:30:00+00:00,2024-01-29 14:30:00+00:00,41845.740000000005,TP_E20_DOWN,1.4159081314538855,True,True
P3,3,development,2024-01-29,2024-01-29 13:35:00+00:00,2024-01-29 13:40:00+00:00,41998.27,42368.7,41932.9,435.7999999999956,41998.27,42216.17,41845.740000000005,2024-01-29 13:45:00+00:00,2024-01-29 20:00:00+00:00,TP,1.415908131453972,False,False,False,,0,1,2024-01-29 14:30:00+00:00,2024-01-29 14:30:00+00:00,41845.740000000005,TP_E20_DOWN,1.4159081314538855,True,True
P1,1,development,2024-01-30,2024-01-30 14:15:00+00:00,2024-01-30 16:15:00+00:00,43244.125,43888.0,43130.5,757.5,43244.125,43622.875,42979.0,,2024-01-30 20:00:00+00:00,TIME_EXIT,-3.6487071943298486,True,True,True,2024-01-30 16:20:00+00:00,1,1,2024-01-30 16:20:00+00:00,2024-01-30 16:25:00+00:00,43305.7,PERSISTENCE_P1,-1.1119464204674867,False,False
P2,2,development,2024-01-30,2024-01-30 14:15:00+00:00,2024-01-30 16:15:00+00:00,43244.125,43888.0,43130.5,757.5,43244.125,43622.875,42979.0,,2024-01-30 20:00:00+00:00,TIME_EXIT,-3.6487071943298486,True,True,True,2024-01-30 16:25:00+00:00,2,2,2024-01-30 16:25:00+00:00,2024-01-30 16:30:00+00:00,43279.4,PERSISTENCE_P2,-0.8078588710027252,False,False
P3,3,development,2024-01-30,2024-01-30 14:15:00+00:00,2024-01-30 16:15:00+00:00,43244.125,43888.0,43130.5,757.5,43244.125,43622.875,42979.0,,2024-01-30 20:00:00+00:00,TIME_EXIT,-3.6487071943298486,True,True,True,2024-01-30 16:30:00+00:00,3,3,2024-01-30 16:30:00+00:00,2024-01-30 16:35:00+00:00,43344.0,PERSISTENCE_P3,-1.554781140790801,False,False
P1,1,development,2024-02-19,2024-02-19 14:10:00+00:00,2024-02-19 14:15:00+00:00,52151.76,52509.1,52088.7,420.4000000000015,52151.76,52361.96,52004.62,2024-02-19 14:25:00+00:00,2024-02-19 20:00:00+00:00,TP,1.0106906459149163,False,False,False,,0,0,2024-02-19 16:50:00+00:00,2024-02-19 16:50:00+00:00,52004.62,TP_E20_DOWN,1.0106906459149165,True,True
P2,2,development,2024-02-19,2024-02-19 14:10:00+00:00,2024-02-19 14:15:00+00:00,52151.76,52509.1,52088.7,420.4000000000015,52151.76,52361.96,52004.62,2024-02-19 14:25:00+00:00,2024-02-19 20:00:00+00:00,TP,1.0106906459149163,False,False,False,,0,0,2024-02-19 16:50:00+00:00,2024-02-19 16:50:00+00:00,52004.62,TP_E20_DOWN,1.0106906459149165,True,True
P3,3,development,2024-02-19,2024-02-19 14:10:00+00:00,2024-02-19 14:15:00+00:00,52151.76,52509.1,52088.7,420.4000000000015,52151.76,52361.96,52004.62,2024-02-19 14:25:00+00:00,2024-02-19 20:00:00+00:00,TP,1.0106906459149163,False,False,False,,0,0,2024-02-19 16:50:00+00:00,2024-02-19 16:50:00+00:00,52004.62,TP_E20_DOWN,1.0106906459149165,True,True
P1,1,development,2024-03-18,2024-03-18 13:50:00+00:00,2024-03-18 13:55:00+00:00,67550.80500000001,68685.3,67350.6,1334.699999999997,67550.80500000001,68218.155,67083.66,2024-03-18 14:00:00+00:00,2024-03-18 20:00:00+00:00,TP,3.057730814606902,False,False,True,2024-03-18 13:55:00+00:00,1,1,2024-03-18 13:55:00+00:00,2024-03-18 14:00:00+00:00,67605.8,PERSISTENCE_P1,-0.8070639868762137,False,False
P2,2,development,2024-03-18,2024-03-18 13:50:00+00:00,2024-03-18 13:55:00+00:00,67550.80500000001,68685.3,67350.6,1334.699999999997,67550.80500000001,68218.155,67083.66,2024-03-18 14:00:00+00:00,2024-03-18 20:00:00+00:00,TP,3.057730814606902,False,False,False,,0,1,2024-03-18 14:30:00+00:00,2024-03-18 14:30:00+00:00,67083.66,TP_E20_DOWN,3.057730814606902,True,True
P3,3,development,2024-03-18,2024-03-18 13:50:00+00:00,2024-03-18 13:55:00+00:00,67550.80500000001,68685.3,67350.6,1334.699999999997,67550.80500000001,68218.155,67083.66,2024-03-18 14:00:00+00:00,2024-03-18 20:00:00+00:00,TP,3.057730814606902,False,False,False,,0,1,2024-03-18 14:30:00+00:00,2024-03-18 14:30:00+00:00,67083.66,TP_E20_DOWN,3.057730814606902,True,True
P1,1,development,2024-03-21,2024-03-21 14:00:00+00:00,2024-03-21 14:50:00+00:00,66857.405,67774.3,66695.6,1078.699999999997,66857.405,67396.755,66479.86,2024-03-21 15:00:00+00:00,2024-03-21 20:00:00+00:00,TP,2.4235092283345296,False,False,True,2024-03-21 14:50:00+00:00,1,1,2024-03-21 14:50:00+00:00,2024-03-21 14:55:00+00:00,66977.8,PERSISTENCE_P1,-1.3003864269036771,False,False
P2,2,development,2024-03-21,2024-03-21 14:00:00+00:00,2024-03-21 14:50:00+00:00,66857.405,67774.3,66695.6,1078.699999999997,66857.405,67396.755,66479.86,2024-03-21 15:00:00+00:00,2024-03-21 20:00:00+00:00,TP,2.4235092283345296,False,False,True,2024-03-21 14:55:00+00:00,2,2,2024-03-21 14:55:00+00:00,2024-03-21 15:00:00+00:00,66915.8,PERSISTENCE_P2,-0.8367130312641067,False,False
P3,3,development,2024-03-21,2024-03-21 14:00:00+00:00,2024-03-21 14:50:00+00:00,66857.405,67774.3,66695.6,1078.699999999997,66857.405,67396.755,66479.86,2024-03-21 15:00:00+00:00,2024-03-21 20:00:00+00:00,TP,2.4235092283345296,False,False,False,,0,2,2024-03-21 15:05:00+00:00,2024-03-21 15:05:00+00:00,66479.86,TP_E20_DOWN,2.4235092283345296,True,True
P1,1,development,2024-03-26,2024-03-26 13:45:00+00:00,2024-03-26 13:55:00+00:00,70452.635,71340.8,70295.9,1044.9000000000087,70452.635,70975.085,70086.92,2024-03-26 14:00:00+00:00,2024-03-26 20:00:00+00:00,TP,2.1954671532157493,False,False,True,2024-03-26 13:55:00+00:00,1,1,2024-03-26 13:55:00+00:00,2024-03-26 14:00:00+00:00,70459.4,PERSISTENCE_P1,-0.44801097929126016,False,False
P2,2,development,2024-03-26,2024-03-26 13:45:00+00:00,2024-03-26 13:55:00+00:00,70452.635,71340.8,70295.9,1044.9000000000087,70452.635,70975.085,70086.92,2024-03-26 14:00:00+00:00,2024-03-26 20:00:00+00:00,TP,2.1954671532157493,False,False,False,,0,1,2024-03-26 14:20:00+00:00,2024-03-26 14:20:00+00:00,70086.92,TP_E20_DOWN,2.1954671532157493,True,True
P3,3,development,2024-03-26,2024-03-26 13:45:00+00:00,2024-03-26 13:55:00+00:00,70452.635,71340.8,70295.9,1044.9000000000087,70452.635,70975.085,70086.92,2024-03-26 14:00:00+00:00,2024-03-26 20:00:00+00:00,TP,2.1954671532157493,False,False,False,,0,1,2024-03-26 14:20:00+00:00,2024-03-26 14:20:00+00:00,70086.92,TP_E20_DOWN,2.1954671532157493,True,True
P1,1,development,2024-05-16,2024-05-16 14:25:00+00:00,2024-05-16 14:30:00+00:00,65896.19499999999,66800.0,65736.7,1063.300000000003,65896.19499999999,66427.845,65524.03999999999,2024-05-16 14:55:00+00:00,2024-05-16 20:00:00+00:00,TP,2.4237973376156154,False,False,True,2024-05-16 14:30:00+00:00,1,1,2024-05-16 14:30:00+00:00,2024-05-16 14:35:00+00:00,65934.4,PERSISTENCE_P1,-0.6898877545205893,False,False
P2,2,development,2024-05-16,2024-05-16 14:25:00+00:00,2024-05-16 14:30:00+00:00,65896.19499999999,66800.0,65736.7,1063.300000000003,65896.19499999999,66427.845,65524.03999999999,2024-05-16 14:55:00+00:00,2024-05-16 20:00:00+00:00,TP,2.4237973376156154,False,False,True,2024-05-16 14:35:00+00:00,2,2,2024-05-16 14:35:00+00:00,2024-05-16 14:40:00+00:00,66074.2,PERSISTENCE_P2,-1.750647029012864,False,False
P3,3,development,2024-05-16,2024-05-16 14:25:00+00:00,2024-05-16 14:30:00+00:00,65896.19499999999,66800.0,65736.7,1063.300000000003,65896.19499999999,66427.845,65524.03999999999,2024-05-16 14:55:00+00:00,2024-05-16 20:00:00+00:00,TP,2.4237973376156154,False,False,True,2024-05-16 14:40:00+00:00,3,3,2024-05-16 14:40:00+00:00,2024-05-16 14:45:00+00:00,66014.1,PERSISTENCE_P3,-1.2946267686625412,False,False
P1,1,development,2024-05-20,2024-05-20 14:40:00+00:00,2024-05-20 14:45:00+00:00,66813.97499999999,67341.4,66720.9,620.5,66813.97499999999,67124.22499999999,66596.79999999999,,2024-05-20 20:00:00+00:00,CLOSE_INVALIDATION,-2.900412525972408,True,True,True,2024-05-20 14:50:00+00:00,1,1,2024-05-20 14:50:00+00:00,2024-05-20 14:55:00+00:00,66852.1,PERSISTENCE_P1,-0.6853070783471165,False,False
P2,2,development,2024-05-20,2024-05-20 14:40:00+00:00,2024-05-20 14:45:00+00:00,66813.97499999999,67341.4,66720.9,620.5,66813.97499999999,67124.22499999999,66596.79999999999,,2024-05-20 20:00:00+00:00,CLOSE_INVALIDATION,-2.900412525972408,True,True,True,2024-05-20 14:55:00+00:00,2,2,2024-05-20 14:55:00+00:00,2024-05-20 15:00:00+00:00,66963.0,PERSISTENCE_P2,-1.5152232747715488,False,False
P3,3,development,2024-05-20,2024-05-20 14:40:00+00:00,2024-05-20 14:45:00+00:00,66813.97499999999,67341.4,66720.9,620.5,66813.97499999999,67124.22499999999,66596.79999999999,,2024-05-20 20:00:00+00:00,CLOSE_INVALIDATION,-2.900412525972408,True,True,True,2024-05-20 15:00:00+00:00,3,3,2024-05-20 15:00:00+00:00,2024-05-20 15:05:00+00:00,66879.4,PERSISTENCE_P3,-0.8896056551043618,False,False
P1,1,development,2024-05-28,2024-05-28 14:05:00+00:00,2024-05-28 14:40:00+00:00,67800.62000000001,68921.6,67602.8,1318.800000000003,67800.62000000001,68460.02,67339.04000000001,2024-05-28 18:35:00+00:00,2024-05-28 20:00:00+00:00,TP,3.0039511733078674,False,False,True,2024-05-28 14:40:00+00:00,1,1,2024-05-28 14:40:00+00:00,2024-05-28 14:45:00+00:00,67842.7,PERSISTENCE_P1,-0.7103216460261513,False,False
P2,2,development,2024-05-28,2024-05-28 14:05:00+00:00,2024-05-28 14:40:00+00:00,67800.62000000001,68921.6,67602.8,1318.800000000003,67800.62000000001,68460.02,67339.04000000001,2024-05-28 18:35:00+00:00,2024-05-28 20:00:00+00:00,TP,3.0039511733078674,False,False,True,2024-05-28 14:45:00+00:00,2,2,2024-05-28 14:45:00+00:00,2024-05-28 14:50:00+00:00,67961.1,PERSISTENCE_P2,-1.5834700036666027,False,False
P3,3,development,2024-05-28,2024-05-28 14:05:00+00:00,2024-05-28 14:40:00+00:00,67800.62000000001,68921.6,67602.8,1318.800000000003,67800.62000000001,68460.02,67339.04000000001,2024-05-28 18:35:00+00:00,2024-05-28 20:00:00+00:00,TP,3.0039511733078674,False,False,True,2024-05-28 14:50:00+00:00,3,3,2024-05-28 14:50:00+00:00,2024-05-28 14:55:00+00:00,68054.4,PERSISTENCE_P3,-2.271516809138207,False,False
P1,1,development,2024-05-29,2024-05-29 14:35:00+00:00,2024-05-29 14:45:00+00:00,67724.89,68330.6,67618.0,712.6000000000058,67724.89,68081.19,67475.48,2024-05-29 15:05:00+00:00,2024-05-29 20:00:00+00:00,TP,1.441346659994601,False,False,True,2024-05-29 14:45:00+00:00,1,1,2024-05-29 14:45:00+00:00,2024-05-29 14:50:00+00:00,67779.5,PERSISTENCE_P1,-0.8031752580181422,False,False
P2,2,development,2024-05-29,2024-05-29 14:35:00+00:00,2024-05-29 14:45:00+00:00,67724.89,68330.6,67618.0,712.6000000000058,67724.89,68081.19,67475.48,2024-05-29 15:05:00+00:00,2024-05-29 20:00:00+00:00,TP,1.441346659994601,False,False,True,2024-05-29 14:50:00+00:00,2,2,2024-05-29 14:50:00+00:00,2024-05-29 14:55:00+00:00,67759.3,PERSISTENCE_P2,-0.6540424945688617,False,False
P3,3,development,2024-05-29,2024-05-29 14:35:00+00:00,2024-05-29 14:45:00+00:00,67724.89,68330.6,67618.0,712.6000000000058,67724.89,68081.19,67475.48,2024-05-29 15:05:00+00:00,2024-05-29 20:00:00+00:00,TP,1.441346659994601,False,False,False,,0,2,2024-05-29 15:15:00+00:00,2024-05-29 15:15:00+00:00,67475.48,TP_E20_DOWN,1.441346659994601,True,True
P1,1,development,2024-06-13,2024-06-13 14:30:00+00:00,2024-06-13 14:35:00+00:00,67385.995,68607.7,67170.4,1437.300000000003,67385.995,68104.64499999999,66882.93999999999,2024-06-13 15:15:00+00:00,2024-06-13 20:00:00+00:00,TP,3.332637620027779,False,False,True,2024-06-13 14:35:00+00:00,1,1,2024-06-13 14:35:00+00:00,2024-06-13 14:40:00+00:00,67704.9,PERSISTENCE_P1,-2.7662557776285626,False,False
P2,2,development,2024-06-13,2024-06-13 14:30:00+00:00,2024-06-13 14:35:00+00:00,67385.995,68607.7,67170.4,1437.300000000003,67385.995,68104.64499999999,66882.93999999999,2024-06-13 15:15:00+00:00,2024-06-13 20:00:00+00:00,TP,3.332637620027779,False,False,True,2024-06-13 14:40:00+00:00,2,2,2024-06-13 14:40:00+00:00,2024-06-13 14:45:00+00:00,67530.4,PERSISTENCE_P2,-1.471476350538408,False,False
P3,3,development,2024-06-13,2024-06-13 14:30:00+00:00,2024-06-13 14:35:00+00:00,67385.995,68607.7,67170.4,1437.300000000003,67385.995,68104.64499999999,66882.93999999999,2024-06-13 15:15:00+00:00,2024-06-13 20:00:00+00:00,TP,3.332637620027779,False,False,True,2024-06-13 14:45:00+00:00,3,3,2024-06-13 14:45:00+00:00,2024-06-13 14:50:00+00:00,67595.6,PERSISTENCE_P3,-1.9552564000873662,False,False
P1,1,development,2024-06-21,2024-06-21 13:35:00+00:00,2024-06-21 13:45:00+00:00,63614.75,64350.0,63485.0,865.0,63614.75,64047.25,63312.0,2024-06-21 13:50:00+00:00,2024-06-21 20:00:00+00:00,CLOSE_INVALIDATION,-4.537012249517592,True,False,False,,0,0,2024-06-21 14:30:00+00:00,2024-06-21 14:35:00+00:00,64141.1,CLOSE_INVALIDATION_F65,-4.537012249517592,False,True
P2,2,development,2024-06-21,2024-06-21 13:35:00+00:00,2024-06-21 13:45:00+00:00,63614.75,64350.0,63485.0,865.0,63614.75,64047.25,63312.0,2024-06-21 13:50:00+00:00,2024-06-21 20:00:00+00:00,CLOSE_INVALIDATION,-4.537012249517592,True,False,False,,0,0,2024-06-21 14:30:00+00:00,2024-06-21 14:35:00+00:00,64141.1,CLOSE_INVALIDATION_F65,-4.537012249517592,False,True
P3,3,development,2024-06-21,2024-06-21 13:35:00+00:00,2024-06-21 13:45:00+00:00,63614.75,64350.0,63485.0,865.0,63614.75,64047.25,63312.0,2024-06-21 13:50:00+00:00,2024-06-21 20:00:00+00:00,CLOSE_INVALIDATION,-4.537012249517592,True,False,False,,0,0,2024-06-21 14:30:00+00:00,2024-06-21 14:35:00+00:00,64141.1,CLOSE_INVALIDATION_F65,-4.537012249517592,False,True
P1,1,development,2024-07-01,2024-07-01 13:55:00+00:00,2024-07-01 14:00:00+00:00,62688.405,63302.7,62580.0,722.6999999999971,62688.405,63049.755,62435.46,,2024-07-01 20:00:00+00:00,CLOSE_INVALIDATION,-3.841585409614447,True,True,True,2024-07-01 14:00:00+00:00,1,1,2024-07-01 14:00:00+00:00,2024-07-01 14:05:00+00:00,62750.9,PERSISTENCE_P1,-0.8984574101064033,False,False
P2,2,development,2024-07-01,2024-07-01 13:55:00+00:00,2024-07-01 14:00:00+00:00,62688.405,63302.7,62580.0,722.6999999999971,62688.405,63049.755,62435.46,,2024-07-01 20:00:00+00:00,CLOSE_INVALIDATION,-3.841585409614447,True,True,True,2024-07-01 14:05:00+00:00,2,2,2024-07-01 14:05:00+00:00,2024-07-01 14:10:00+00:00,62810.2,PERSISTENCE_P2,-1.371431638753596,False,False
P3,3,development,2024-07-01,2024-07-01 13:55:00+00:00,2024-07-01 14:00:00+00:00,62688.405,63302.7,62580.0,722.6999999999971,62688.405,63049.755,62435.46,,2024-07-01 20:00:00+00:00,CLOSE_INVALIDATION,-3.841585409614447,True,True,True,2024-07-01 14:25:00+00:00,3,3,2024-07-01 14:25:00+00:00,2024-07-01 14:30:00+00:00,62816.5,PERSISTENCE_P3,-1.4216801655744886,False,False
P1,1,development,2024-07-09,2024-07-09 13:55:00+00:00,2024-07-09 14:00:00+00:00,57134.985,57899.9,57000.0,899.9000000000015,57134.985,57584.935,56820.02,2024-07-09 15:00:00+00:00,2024-07-09 20:00:00+00:00,CLOSE_INVALIDATION,-6.609986753300084,True,False,True,2024-07-09 14:00:00+00:00,1,1,2024-07-09 14:00:00+00:00,2024-07-09 14:05:00+00:00,57227.5,PERSISTENCE_P1,-1.2096177849700969,False,False
P2,2,development,2024-07-09,2024-07-09 13:55:00+00:00,2024-07-09 14:00:00+00:00,57134.985,57899.9,57000.0,899.9000000000015,57134.985,57584.935,56820.02,2024-07-09 15:00:00+00:00,2024-07-09 20:00:00+00:00,CLOSE_INVALIDATION,-6.609986753300084,True,False,True,2024-07-09 14:05:00+00:00,2,2,2024-07-09 14:05:00+00:00,2024-07-09 14:10:00+00:00,57200.5,PERSISTENCE_P2,-0.973335234095182,False,False
P3,3,development,2024-07-09,2024-07-09 13:55:00+00:00,2024-07-09 14:00:00+00:00,57134.985,57899.9,57000.0,899.9000000000015,57134.985,57584.935,56820.02,2024-07-09 15:00:00+00:00,2024-07-09 20:00:00+00:00,CLOSE_INVALIDATION,-6.609986753300084,True,False,True,2024-07-09 14:10:00+00:00,3,3,2024-07-09 14:10:00+00:00,2024-07-09 14:15:00+00:00,57844.6,PERSISTENCE_P3,-6.609986753300084,False,False
P1,1,development,2024-07-17,2024-07-17 13:35:00+00:00,2024-07-17 13:40:00+00:00,64673.275,65479.5,64531.0,948.5,64673.275,65147.525,64341.3,2024-07-17 16:05:00+00:00,2024-07-17 20:00:00+00:00,CLOSE_INVALIDATION,-4.305206594223039,True,False,True,2024-07-17 13:40:00+00:00,1,1,2024-07-17 13:40:00+00:00,2024-07-17 13:45:00+00:00,64682.1,PERSISTENCE_P1,-0.46822756385846465,False,False
P2,2,development,2024-07-17,2024-07-17 13:35:00+00:00,2024-07-17 13:40:00+00:00,64673.275,65479.5,64531.0,948.5,64673.275,65147.525,64341.3,2024-07-17 16:05:00+00:00,2024-07-17 20:00:00+00:00,CLOSE_INVALIDATION,-4.305206594223039,True,False,True,2024-07-17 13:45:00+00:00,2,2,2024-07-17 13:45:00+00:00,2024-07-17 13:50:00+00:00,64891.3,PERSISTENCE_P2,-2.0855880578183297,False,False
P3,3,development,2024-07-17,2024-07-17 13:35:00+00:00,2024-07-17 13:40:00+00:00,64673.275,65479.5,64531.0,948.5,64673.275,65147.525,64341.3,2024-07-17 16:05:00+00:00,2024-07-17 20:00:00+00:00,CLOSE_INVALIDATION,-4.305206594223039,True,False,True,2024-07-17 13:50:00+00:00,3,3,2024-07-17 13:50:00+00:00,2024-07-17 13:55:00+00:00,65178.4,PERSISTENCE_P3,-4.305206594223039,False,False
P1,1,development,2024-08-08,2024-08-08 13:50:00+00:00,2024-08-08 14:00:00+00:00,57177.145,58500.0,56943.7,1556.300000000003,57177.145,57955.295,56632.44,,2024-08-08 20:00:00+00:00,CLOSE_INVALIDATION,-8.930112862403341,True,True,True,2024-08-08 14:00:00+00:00,1,1,2024-08-08 14:00:00+00:00,2024-08-08 14:05:00+00:00,57453.9,PERSISTENCE_P1,-2.820154066804181,False,False
P2,2,development,2024-08-08,2024-08-08 13:50:00+00:00,2024-08-08 14:00:00+00:00,57177.145,58500.0,56943.7,1556.300000000003,57177.145,57955.295,56632.44,,2024-08-08 20:00:00+00:00,CLOSE_INVALIDATION,-8.930112862403341,True,True,True,2024-08-08 14:05:00+00:00,2,2,2024-08-08 14:05:00+00:00,2024-08-08 14:10:00+00:00,57454.0,PERSISTENCE_P2,-2.8210285420862062,False,False
P3,3,development,2024-08-08,2024-08-08 13:50:00+00:00,2024-08-08 14:00:00+00:00,57177.145,58500.0,56943.7,1556.300000000003,57177.145,57955.295,56632.44,,2024-08-08 20:00:00+00:00,CLOSE_INVALIDATION,-8.930112862403341,True,True,True,2024-08-08 14:10:00+00:00,3,3,2024-08-08 14:10:00+00:00,2024-08-08 14:15:00+00:00,57488.0,PERSISTENCE_P3,-3.1183501379791103,False,False
P1,1,development,2024-08-26,2024-08-26 15:20:00+00:00,2024-08-26 17:45:00+00:00,63216.655,64022.2,63074.5,947.6999999999972,63216.655,63690.505,62884.96,,2024-08-26 20:00:00+00:00,TIME_EXIT,-1.098747822073164,True,True,True,2024-08-26 17:45:00+00:00,1,1,2024-08-26 17:45:00+00:00,2024-08-26 17:50:00+00:00,63287.1,PERSISTENCE_P1,-0.9571712074927067,False,False
P2,2,development,2024-08-26,2024-08-26 15:20:00+00:00,2024-08-26 17:45:00+00:00,63216.655,64022.2,63074.5,947.6999999999972,63216.655,63690.505,62884.96,,2024-08-26 20:00:00+00:00,TIME_EXIT,-1.098747822073164,True,True,True,2024-08-26 18:00:00+00:00,2,2,2024-08-26 18:00:00+00:00,2024-08-26 18:05:00+00:00,63291.0,PERSISTENCE_P2,-0.9880175089934857,False,False
P3,3,development,2024-08-26,2024-08-26 15:20:00+00:00,2024-08-26 17:45:00+00:00,63216.655,64022.2,63074.5,947.6999999999972,63216.655,63690.505,62884.96,,2024-08-26 20:00:00+00:00,TIME_EXIT,-1.098747822073164,True,True,True,2024-08-26 18:05:00+00:00,3,3,2024-08-26 18:05:00+00:00,2024-08-26 18:10:00+00:00,63252.0,PERSISTENCE_P3,-0.6795544939858109,False,False
P1,1,development,2024-09-12,2024-09-12 13:35:00+00:00,2024-09-12 13:40:00+00:00,57669.375,58317.5,57555.0,762.5,57669.375,58050.625,57402.5,2024-09-12 13:45:00+00:00,2024-09-12 20:00:00+00:00,TP,1.9138364166422817,False,False,True,2024-09-12 13:40:00+00:00,1,1,2024-09-12 13:40:00+00:00,2024-09-12 13:45:00+00:00,57670.0,PERSISTENCE_P1,-0.4054188206478742,False,False
P2,2,development,2024-09-12,2024-09-12 13:35:00+00:00,2024-09-12 13:40:00+00:00,57669.375,58317.5,57555.0,762.5,57669.375,58050.625,57402.5,2024-09-12 13:45:00+00:00,2024-09-12 20:00:00+00:00,TP,1.9138364166422817,False,False,False,,0,1,2024-09-12 13:45:00+00:00,2024-09-12 13:45:00+00:00,57402.5,TP_E20_DOWN,1.9138364166422819,True,False
P3,3,development,2024-09-12,2024-09-12 13:35:00+00:00,2024-09-12 13:40:00+00:00,57669.375,58317.5,57555.0,762.5,57669.375,58050.625,57402.5,2024-09-12 13:45:00+00:00,2024-09-12 20:00:00+00:00,TP,1.9138364166422817,False,False,False,,0,1,2024-09-12 13:45:00+00:00,2024-09-12 13:45:00+00:00,57402.5,TP_E20_DOWN,1.9138364166422819,True,False
P1,1,development,2024-10-09,2024-10-09 13:40:00+00:00,2024-10-09 13:50:00+00:00,61814.005,62261.7,61735.0,526.6999999999971,61814.005,62077.355,61629.66,2024-10-09 14:00:00+00:00,2024-10-09 20:00:00+00:00,TP,1.0911264850092943,False,False,True,2024-10-09 13:50:00+00:00,1,1,2024-10-09 13:50:00+00:00,2024-10-09 13:55:00+00:00,61848.1,PERSISTENCE_P1,-0.6757870162271573,False,False
P2,2,development,2024-10-09,2024-10-09 13:40:00+00:00,2024-10-09 13:50:00+00:00,61814.005,62261.7,61735.0,526.6999999999971,61814.005,62077.355,61629.66,2024-10-09 14:00:00+00:00,2024-10-09 20:00:00+00:00,TP,1.0911264850092943,False,False,False,,0,1,2024-10-09 14:45:00+00:00,2024-10-09 14:45:00+00:00,61629.66,TP_E20_DOWN,1.0911264850092945,True,True
P3,3,development,2024-10-09,2024-10-09 13:40:00+00:00,2024-10-09 13:50:00+00:00,61814.005,62261.7,61735.0,526.6999999999971,61814.005,62077.355,61629.66,2024-10-09 14:00:00+00:00,2024-10-09 20:00:00+00:00,TP,1.0911264850092943,False,False,False,,0,1,2024-10-09 14:45:00+00:00,2024-10-09 14:45:00+00:00,61629.66,TP_E20_DOWN,1.0911264850092945,True,True
P1,1,development,2024-10-10,2024-10-10 13:50:00+00:00,2024-10-10 14:20:00+00:00,60704.55,61297.0,60600.0,697.0,60704.55,61053.05,60460.6,2024-10-10 14:30:00+00:00,2024-10-10 20:00:00+00:00,TP,1.6093222007246937,False,False,True,2024-10-10 14:25:00+00:00,1,1,2024-10-10 14:25:00+00:00,2024-10-10 14:30:00+00:00,60726.3,PERSISTENCE_P1,-0.5791463737067485,False,False
P2,2,development,2024-10-10,2024-10-10 13:50:00+00:00,2024-10-10 14:20:00+00:00,60704.55,61297.0,60600.0,697.0,60704.55,61053.05,60460.6,2024-10-10 14:30:00+00:00,2024-10-10 20:00:00+00:00,TP,1.6093222007246937,False,False,False,,0,1,2024-10-10 15:00:00+00:00,2024-10-10 15:00:00+00:00,60460.6,TP_E20_DOWN,1.6093222007246935,True,True
P3,3,development,2024-10-10,2024-10-10 13:50:00+00:00,2024-10-10 14:20:00+00:00,60704.55,61297.0,60600.0,697.0,60704.55,61053.05,60460.6,2024-10-10 14:30:00+00:00,2024-10-10 20:00:00+00:00,TP,1.6093222007246937,False,False,False,,0,1,2024-10-10 15:00:00+00:00,2024-10-10 15:00:00+00:00,60460.6,TP_E20_DOWN,1.6093222007246935,True,True
P1,1,development,2024-10-17,2024-10-17 13:40:00+00:00,2024-10-17 14:00:00+00:00,66878.605,67516.7,66766.0,750.6999999999971,66878.605,67253.955,66615.86,2024-10-17 14:05:00+00:00,2024-10-17 20:00:00+00:00,TP,1.5643427072080476,False,False,False,,0,0,2024-10-17 14:05:00+00:00,2024-10-17 14:05:00+00:00,66615.86,TP_E20_DOWN,1.5643427072080476,True,False
P2,2,development,2024-10-17,2024-10-17 13:40:00+00:00,2024-10-17 14:00:00+00:00,66878.605,67516.7,66766.0,750.6999999999971,66878.605,67253.955,66615.86,2024-10-17 14:05:00+00:00,2024-10-17 20:00:00+00:00,TP,1.5643427072080476,False,False,False,,0,0,2024-10-17 14:05:00+00:00,2024-10-17 14:05:00+00:00,66615.86,TP_E20_DOWN,1.5643427072080476,True,False
P3,3,development,2024-10-17,2024-10-17 13:40:00+00:00,2024-10-17 14:00:00+00:00,66878.605,67516.7,66766.0,750.6999999999971,66878.605,67253.955,66615.86,2024-10-17 14:05:00+00:00,2024-10-17 20:00:00+00:00,TP,1.5643427072080476,False,False,False,,0,0,2024-10-17 14:05:00+00:00,2024-10-17 14:05:00+00:00,66615.86,TP_E20_DOWN,1.5643427072080476,True,False
P1,1,development,2024-10-22,2024-10-22 13:55:00+00:00,2024-10-22 14:00:00+00:00,66857.69,67524.6,66740.0,784.6000000000058,66857.69,67249.99,66583.08,,2024-10-22 20:00:00+00:00,CLOSE_INVALIDATION,-3.439366152195832,True,True,True,2024-10-22 14:00:00+00:00,1,1,2024-10-22 14:00:00+00:00,2024-10-22 14:05:00+00:00,66910.5,PERSISTENCE_P1,-0.7949433490747113,False,False
P2,2,development,2024-10-22,2024-10-22 13:55:00+00:00,2024-10-22 14:00:00+00:00,66857.69,67524.6,66740.0,784.6000000000058,66857.69,67249.99,66583.08,,2024-10-22 20:00:00+00:00,CLOSE_INVALIDATION,-3.439366152195832,True,True,True,2024-10-22 14:05:00+00:00,2,2,2024-10-22 14:05:00+00:00,2024-10-22 14:10:00+00:00,67264.1,PERSISTENCE_P2,-3.4393661521958316,False,False
P3,3,development,2024-10-22,2024-10-22 13:55:00+00:00,2024-10-22 14:00:00+00:00,66857.69,67524.6,66740.0,784.6000000000058,66857.69,67249.99,66583.08,,2024-10-22 20:00:00+00:00,CLOSE_INVALIDATION,-3.439366152195832,True,True,False,,0,2,2024-10-22 14:05:00+00:00,2024-10-22 14:10:00+00:00,67264.1,CLOSE_INVALIDATION_F65,-3.4393661521958316,False,False
P1,1,development,2024-11-18,2024-11-18 14:00:00+00:00,2024-11-18 14:10:00+00:00,89927.535,92338.9,89502.0,2836.899999999994,89927.535,91345.985,88934.62,,2024-11-18 20:00:00+00:00,CLOSE_INVALIDATION,-11.08729950175991,True,True,True,2024-11-18 14:10:00+00:00,1,1,2024-11-18 14:10:00+00:00,2024-11-18 14:15:00+00:00,90260.5,PERSISTENCE_P1,-2.2512961575116925,False,False
P2,2,development,2024-11-18,2024-11-18 14:00:00+00:00,2024-11-18 14:10:00+00:00,89927.535,92338.9,89502.0,2836.899999999994,89927.535,91345.985,88934.62,,2024-11-18 20:00:00+00:00,CLOSE_INVALIDATION,-11.08729950175991,True,True,True,2024-11-18 14:15:00+00:00,2,2,2024-11-18 14:15:00+00:00,2024-11-18 14:20:00+00:00,90348.3,PERSISTENCE_P2,-2.739466994174806,False,False
P3,3,development,2024-11-18,2024-11-18 14:00:00+00:00,2024-11-18 14:10:00+00:00,89927.535,92338.9,89502.0,2836.899999999994,89927.535,91345.985,88934.62,,2024-11-18 20:00:00+00:00,CLOSE_INVALIDATION,-11.08729950175991,True,True,True,2024-11-18 14:20:00+00:00,3,3,2024-11-18 14:20:00+00:00,2024-11-18 14:25:00+00:00,90408.8,PERSISTENCE_P3,-3.0758489488230683,False,False
P1,1,development,2024-11-22,2024-11-22 13:45:00+00:00,2024-11-22 13:55:00+00:00,97861.085,99340.0,97600.1,1739.8999999999942,97861.085,98731.035,97252.12,2024-11-22 14:00:00+00:00,2024-11-22 20:00:00+00:00,TP,2.7113746592938166,False,False,False,,0,0,2024-11-22 14:55:00+00:00,2024-11-22 14:55:00+00:00,97252.12,TP_E20_DOWN,2.7113746592938908,True,True
P2,2,development,2024-11-22,2024-11-22 13:45:00+00:00,2024-11-22 13:55:00+00:00,97861.085,99340.0,97600.1,1739.8999999999942,97861.085,98731.035,97252.12,2024-11-22 14:00:00+00:00,2024-11-22 20:00:00+00:00,TP,2.7113746592938166,False,False,False,,0,0,2024-11-22 14:55:00+00:00,2024-11-22 14:55:00+00:00,97252.12,TP_E20_DOWN,2.7113746592938908,True,True
P3,3,development,2024-11-22,2024-11-22 13:45:00+00:00,2024-11-22 13:55:00+00:00,97861.085,99340.0,97600.1,1739.8999999999942,97861.085,98731.035,97252.12,2024-11-22 14:00:00+00:00,2024-11-22 20:00:00+00:00,TP,2.7113746592938166,False,False,False,,0,0,2024-11-22 14:55:00+00:00,2024-11-22 14:55:00+00:00,97252.12,TP_E20_DOWN,2.7113746592938908,True,True
P1,1,external,2020-01-02,2020-01-02 13:55:00+00:00,2020-01-02 15:35:00+00:00,7116.9875,7175.0,7106.75,68.25,7116.9875,7151.1125,7093.1,2020-01-02 16:45:00+00:00,2020-01-02 20:00:00+00:00,TP,1.2782030318305195,False,False,True,2020-01-02 15:35:00+00:00,1,1,2020-01-02 15:35:00+00:00,2020-01-02 15:40:00+00:00,7117.64,PERSISTENCE_P1,-0.4458410247313309,False,False
P2,2,external,2020-01-02,2020-01-02 13:55:00+00:00,2020-01-02 15:35:00+00:00,7116.9875,7175.0,7106.75,68.25,7116.9875,7151.1125,7093.1,2020-01-02 16:45:00+00:00,2020-01-02 20:00:00+00:00,TP,1.2782030318305195,False,False,True,2020-01-02 15:40:00+00:00,2,2,2020-01-02 15:40:00+00:00,2020-01-02 15:45:00+00:00,7129.04,PERSISTENCE_P2,-1.2467416867038041,False,False
P3,3,external,2020-01-02,2020-01-02 13:55:00+00:00,2020-01-02 15:35:00+00:00,7116.9875,7175.0,7106.75,68.25,7116.9875,7151.1125,7093.1,2020-01-02 16:45:00+00:00,2020-01-02 20:00:00+00:00,TP,1.2782030318305195,False,False,True,2020-01-02 15:45:00+00:00,3,3,2020-01-02 15:45:00+00:00,2020-01-02 15:50:00+00:00,7125.24,PERSISTENCE_P3,-0.9797747993796252,False,False
P1,1,external,2020-01-22,2020-01-22 16:40:00+00:00,2020-01-22 18:40:00+00:00,8636.0265,8749.0,8616.09,132.90999999999983,8636.0265,8702.4815,8589.508,,2020-01-22 20:00:00+00:00,TIME_EXIT,-2.463072641104095,True,True,True,2020-01-22 18:40:00+00:00,1,1,2020-01-22 18:40:00+00:00,2020-01-22 18:45:00+00:00,8666.85,PERSISTENCE_P1,-2.184588085735982,False,False
P2,2,external,2020-01-22,2020-01-22 16:40:00+00:00,2020-01-22 18:40:00+00:00,8636.0265,8749.0,8616.09,132.90999999999983,8636.0265,8702.4815,8589.508,,2020-01-22 20:00:00+00:00,TIME_EXIT,-2.463072641104095,True,True,True,2020-01-22 18:45:00+00:00,2,2,2020-01-22 18:45:00+00:00,2020-01-22 18:50:00+00:00,8676.79,PERSISTENCE_P2,-2.760084235498868,False,False
P3,3,external,2020-01-22,2020-01-22 16:40:00+00:00,2020-01-22 18:40:00+00:00,8636.0265,8749.0,8616.09,132.90999999999983,8636.0265,8702.4815,8589.508,,2020-01-22 20:00:00+00:00,TIME_EXIT,-2.463072641104095,True,True,True,2020-01-22 18:50:00+00:00,3,3,2020-01-22 18:50:00+00:00,2020-01-22 18:55:00+00:00,8681.31,PERSISTENCE_P3,-3.021778661749101,False,False
P1,1,external,2020-02-03,2020-02-03 15:30:00+00:00,2020-02-03 15:40:00+00:00,9319.45,9407.0,9304.0,103.0,9319.45,9370.95,9283.4,2020-02-03 15:45:00+00:00,2020-02-03 20:00:00+00:00,TP,1.534127013933284,False,False,False,,0,0,2020-02-03 15:55:00+00:00,2020-02-03 15:55:00+00:00,9283.4,TP_E20_DOWN,1.534127013933284,True,True
P2,2,external,2020-02-03,2020-02-03 15:30:00+00:00,2020-02-03 15:40:00+00:00,9319.45,9407.0,9304.0,103.0,9319.45,9370.95,9283.4,2020-02-03 15:45:00+00:00,2020-02-03 20:00:00+00:00,TP,1.534127013933284,False,False,False,,0,0,2020-02-03 15:55:00+00:00,2020-02-03 15:55:00+00:00,9283.4,TP_E20_DOWN,1.534127013933284,True,True
P3,3,external,2020-02-03,2020-02-03 15:30:00+00:00,2020-02-03 15:40:00+00:00,9319.45,9407.0,9304.0,103.0,9319.45,9370.95,9283.4,2020-02-03 15:45:00+00:00,2020-02-03 20:00:00+00:00,TP,1.534127013933284,False,False,False,,0,0,2020-02-03 15:55:00+00:00,2020-02-03 15:55:00+00:00,9283.4,TP_E20_DOWN,1.534127013933284,True,True
P1,1,external,2020-02-24,2020-02-24 15:50:00+00:00,2020-02-24 16:10:00+00:00,9723.93,9848.2,9702.0,146.20000000000073,9723.93,9797.03,9672.76,2020-02-24 16:15:00+00:00,2020-02-24 20:00:00+00:00,TP,2.231137821847754,False,False,False,,0,0,2020-02-24 16:50:00+00:00,2020-02-24 16:50:00+00:00,9672.76,TP_E20_DOWN,2.231137821847754,True,True
P2,2,external,2020-02-24,2020-02-24 15:50:00+00:00,2020-02-24 16:10:00+00:00,9723.93,9848.2,9702.0,146.20000000000073,9723.93,9797.03,9672.76,2020-02-24 16:15:00+00:00,2020-02-24 20:00:00+00:00,TP,2.231137821847754,False,False,False,,0,0,2020-02-24 16:50:00+00:00,2020-02-24 16:50:00+00:00,9672.76,TP_E20_DOWN,2.231137821847754,True,True
P3,3,external,2020-02-24,2020-02-24 15:50:00+00:00,2020-02-24 16:10:00+00:00,9723.93,9848.2,9702.0,146.20000000000073,9723.93,9797.03,9672.76,2020-02-24 16:15:00+00:00,2020-02-24 20:00:00+00:00,TP,2.231137821847754,False,False,False,,0,0,2020-02-24 16:50:00+00:00,2020-02-24 16:50:00+00:00,9672.76,TP_E20_DOWN,2.231137821847754,True,True
P1,1,external,2020-02-26,2020-02-26 14:05:00+00:00,2020-02-26 14:15:00+00:00,9059.161,9300.0,9016.66,283.34000000000015,9059.161,9200.831,8959.992,2020-02-26 14:20:00+00:00,2020-02-26 20:00:00+00:00,TP,5.073409734080224,False,False,False,,0,0,2020-02-26 16:05:00+00:00,2020-02-26 16:05:00+00:00,8959.992,TP_E20_DOWN,5.073409734080224,True,True
P2,2,external,2020-02-26,2020-02-26 14:05:00+00:00,2020-02-26 14:15:00+00:00,9059.161,9300.0,9016.66,283.34000000000015,9059.161,9200.831,8959.992,2020-02-26 14:20:00+00:00,2020-02-26 20:00:00+00:00,TP,5.073409734080224,False,False,False,,0,0,2020-02-26 16:05:00+00:00,2020-02-26 16:05:00+00:00,8959.992,TP_E20_DOWN,5.073409734080224,True,True
P3,3,external,2020-02-26,2020-02-26 14:05:00+00:00,2020-02-26 14:15:00+00:00,9059.161,9300.0,9016.66,283.34000000000015,9059.161,9200.831,8959.992,2020-02-26 14:20:00+00:00,2020-02-26 20:00:00+00:00,TP,5.073409734080224,False,False,False,,0,0,2020-02-26 16:05:00+00:00,2020-02-26 16:05:00+00:00,8959.992,TP_E20_DOWN,5.073409734080224,True,True
P1,1,external,2020-03-03,2020-03-03 14:10:00+00:00,2020-03-03 14:15:00+00:00,8762.5595,8907.0,8737.07,169.9300000000003,8762.5595,8847.5245,8703.083999999999,2020-03-03 14:30:00+00:00,2020-03-03 20:00:00+00:00,CLOSE_INVALIDATION,-6.330944035244532,True,False,True,2020-03-03 14:25:00+00:00,1,1,2020-03-03 14:25:00+00:00,2020-03-03 14:30:00+00:00,8764.41,PERSISTENCE_P1,-0.5055912944157736,False,False
P2,2,external,2020-03-03,2020-03-03 14:10:00+00:00,2020-03-03 14:15:00+00:00,8762.5595,8907.0,8737.07,169.9300000000003,8762.5595,8847.5245,8703.083999999999,2020-03-03 14:30:00+00:00,2020-03-03 20:00:00+00:00,CLOSE_INVALIDATION,-6.330944035244532,True,False,False,,0,1,2020-03-03 15:00:00+00:00,2020-03-03 15:05:00+00:00,8866.5,CLOSE_INVALIDATION_F65,-6.330944035244532,False,True
P3,3,external,2020-03-03,2020-03-03 14:10:00+00:00,2020-03-03 14:15:00+00:00,8762.5595,8907.0,8737.07,169.9300000000003,8762.5595,8847.5245,8703.083999999999,2020-03-03 14:30:00+00:00,2020-03-03 20:00:00+00:00,CLOSE_INVALIDATION,-6.330944035244532,True,False,False,,0,1,2020-03-03 15:00:00+00:00,2020-03-03 15:05:00+00:00,8866.5,CLOSE_INVALIDATION_F65,-6.330944035244532,False,True
P1,1,external,2020-03-27,2020-03-27 13:50:00+00:00,2020-03-27 13:55:00+00:00,6597.0,6699.0,6579.0,120.0,6597.0,6657.0,6555.0,2020-03-27 14:00:00+00:00,2020-03-27 20:00:00+00:00,CLOSE_INVALIDATION,-5.326481734121571,True,False,False,,0,0,2020-03-27 19:10:00+00:00,2020-03-27 19:15:00+00:00,6662.0,CLOSE_INVALIDATION_F65,-5.326481734121571,False,True
P2,2,external,2020-03-27,2020-03-27 13:50:00+00:00,2020-03-27 13:55:00+00:00,6597.0,6699.0,6579.0,120.0,6597.0,6657.0,6555.0,2020-03-27 14:00:00+00:00,2020-03-27 20:00:00+00:00,CLOSE_INVALIDATION,-5.326481734121571,True,False,False,,0,0,2020-03-27 19:10:00+00:00,2020-03-27 19:15:00+00:00,6662.0,CLOSE_INVALIDATION_F65,-5.326481734121571,False,True
P3,3,external,2020-03-27,2020-03-27 13:50:00+00:00,2020-03-27 13:55:00+00:00,6597.0,6699.0,6579.0,120.0,6597.0,6657.0,6555.0,2020-03-27 14:00:00+00:00,2020-03-27 20:00:00+00:00,CLOSE_INVALIDATION,-5.326481734121571,True,False,False,,0,0,2020-03-27 19:10:00+00:00,2020-03-27 19:15:00+00:00,6662.0,CLOSE_INVALIDATION_F65,-5.326481734121571,False,True
P1,1,external,2020-04-01,2020-04-01 13:40:00+00:00,2020-04-01 13:50:00+00:00,6203.55,6337.0,6180.0,157.0,6203.55,6282.05,6148.6,2020-04-01 16:00:00+00:00,2020-04-01 20:00:00+00:00,TP,4.028915701493485,False,False,True,2020-04-01 14:05:00+00:00,1,1,2020-04-01 14:05:00+00:00,2020-04-01 14:10:00+00:00,6209.99,PERSISTENCE_P1,-0.919057636353346,False,False
P2,2,external,2020-04-01,2020-04-01 13:40:00+00:00,2020-04-01 13:50:00+00:00,6203.55,6337.0,6180.0,157.0,6203.55,6282.05,6148.6,2020-04-01 16:00:00+00:00,2020-04-01 20:00:00+00:00,TP,4.028915701493485,False,False,True,2020-04-01 14:10:00+00:00,2,2,2020-04-01 14:10:00+00:00,2020-04-01 14:15:00+00:00,6225.06,PERSISTENCE_P2,-2.1336847450250436,False,False
P3,3,external,2020-04-01,2020-04-01 13:40:00+00:00,2020-04-01 13:50:00+00:00,6203.55,6337.0,6180.0,157.0,6203.55,6282.05,6148.6,2020-04-01 16:00:00+00:00,2020-04-01 20:00:00+00:00,TP,4.028915701493485,False,False,True,2020-04-01 14:15:00+00:00,3,3,2020-04-01 14:15:00+00:00,2020-04-01 14:20:00+00:00,6211.01,PERSISTENCE_P3,-1.0012686284466183,False,False
P1,1,external,2020-04-08,2020-04-08 14:00:00+00:00,2020-04-08 14:05:00+00:00,7230.41,7343.46,7210.46,133.0,7230.41,7296.91,7183.86,,2020-04-08 20:00:00+00:00,CLOSE_INVALIDATION,-6.103687619374315,True,True,True,2020-04-08 14:05:00+00:00,1,1,2020-04-08 14:05:00+00:00,2020-04-08 14:10:00+00:00,7236.79,PERSISTENCE_P1,-0.8411921315665438,False,False
P2,2,external,2020-04-08,2020-04-08 14:00:00+00:00,2020-04-08 14:05:00+00:00,7230.41,7343.46,7210.46,133.0,7230.41,7296.91,7183.86,,2020-04-08 20:00:00+00:00,CLOSE_INVALIDATION,-6.103687619374315,True,True,True,2020-04-08 14:10:00+00:00,2,2,2020-04-08 14:10:00+00:00,2020-04-08 14:15:00+00:00,7250.0,PERSISTENCE_P2,-1.754694961973121,False,False
P3,3,external,2020-04-08,2020-04-08 14:00:00+00:00,2020-04-08 14:05:00+00:00,7230.41,7343.46,7210.46,133.0,7230.41,7296.91,7183.86,,2020-04-08 20:00:00+00:00,CLOSE_INVALIDATION,-6.103687619374315,True,True,True,2020-04-08 14:15:00+00:00,3,3,2020-04-08 14:15:00+00:00,2020-04-08 14:20:00+00:00,7256.06,PERSISTENCE_P3,-2.1737583345896394,False,False
P1,1,external,2020-04-17,2020-04-17 13:35:00+00:00,2020-04-17 13:45:00+00:00,7029.7265,7122.64,7013.33,109.3100000000004,7029.7265,7084.3815,6991.468,2020-04-17 14:35:00+00:00,2020-04-17 20:00:00+00:00,TIME_EXIT,-3.1471552413881683,True,False,True,2020-04-17 13:55:00+00:00,1,1,2020-04-17 13:55:00+00:00,2020-04-17 14:00:00+00:00,7053.47,PERSISTENCE_P1,-2.0887925867386516,False,False
P2,2,external,2020-04-17,2020-04-17 13:35:00+00:00,2020-04-17 13:45:00+00:00,7029.7265,7122.64,7013.33,109.3100000000004,7029.7265,7084.3815,6991.468,2020-04-17 14:35:00+00:00,2020-04-17 20:00:00+00:00,TIME_EXIT,-3.1471552413881683,True,False,True,2020-04-17 14:00:00+00:00,2,2,2020-04-17 14:00:00+00:00,2020-04-17 14:05:00+00:00,7060.0,PERSISTENCE_P2,-2.5532487785975913,False,False
P3,3,external,2020-04-17,2020-04-17 13:35:00+00:00,2020-04-17 13:45:00+00:00,7029.7265,7122.64,7013.33,109.3100000000004,7029.7265,7084.3815,6991.468,2020-04-17 14:35:00+00:00,2020-04-17 20:00:00+00:00,TIME_EXIT,-3.1471552413881683,True,False,True,2020-04-17 14:05:00+00:00,3,3,2020-04-17 14:05:00+00:00,2020-04-17 14:10:00+00:00,7049.79,PERSISTENCE_P3,-1.827046983975849,False,False
P1,1,external,2020-04-27,2020-04-27 13:35:00+00:00,2020-04-27 14:25:00+00:00,7663.2,7738.0,7650.0,88.0,7663.2,7707.2,7632.4,2020-04-27 14:40:00+00:00,2020-04-27 20:00:00+00:00,TP,1.609604342833293,False,False,True,2020-04-27 14:25:00+00:00,1,1,2020-04-27 14:25:00+00:00,2020-04-27 14:30:00+00:00,7664.37,PERSISTENCE_P1,-0.4763388662699703,False,False
P2,2,external,2020-04-27,2020-04-27 13:35:00+00:00,2020-04-27 14:25:00+00:00,7663.2,7738.0,7650.0,88.0,7663.2,7707.2,7632.4,2020-04-27 14:40:00+00:00,2020-04-27 20:00:00+00:00,TP,1.609604342833293,False,False,True,2020-04-27 14:30:00+00:00,2,2,2020-04-27 14:30:00+00:00,2020-04-27 14:35:00+00:00,7671.17,PERSISTENCE_P2,-0.9200177471552521,False,False
P3,3,external,2020-04-27,2020-04-27 13:35:00+00:00,2020-04-27 14:25:00+00:00,7663.2,7738.0,7650.0,88.0,7663.2,7707.2,7632.4,2020-04-27 14:40:00+00:00,2020-04-27 20:00:00+00:00,TP,1.609604342833293,False,False,False,,0,2,2020-04-27 14:45:00+00:00,2020-04-27 14:45:00+00:00,7632.4,TP_E20_DOWN,1.609604342833293,True,True
P1,1,external,2020-05-11,2020-05-11 16:40:00+00:00,2020-05-11 17:05:00+00:00,8575.808500000001,9164.0,8472.01,691.9899999999998,8575.808500000001,8921.8035,8333.612000000001,2020-05-11 17:55:00+00:00,2020-05-11 20:00:00+00:00,TP,13.7209134975437,False,False,True,2020-05-11 17:05:00+00:00,1,1,2020-05-11 17:05:00+00:00,2020-05-11 17:10:00+00:00,8603.75,PERSISTENCE_P1,-2.029088382745428,False,False
P2,2,external,2020-05-11,2020-05-11 16:40:00+00:00,2020-05-11 17:05:00+00:00,8575.808500000001,9164.0,8472.01,691.9899999999998,8575.808500000001,8921.8035,8333.612000000001,2020-05-11 17:55:00+00:00,2020-05-11 20:00:00+00:00,TP,13.7209134975437,False,False,True,2020-05-11 17:10:00+00:00,2,2,2020-05-11 17:10:00+00:00,2020-05-11 17:15:00+00:00,8590.78,PERSISTENCE_P2,-1.2728914597381489,False,False
P3,3,external,2020-05-11,2020-05-11 16:40:00+00:00,2020-05-11 17:05:00+00:00,8575.808500000001,9164.0,8472.01,691.9899999999998,8575.808500000001,8921.8035,8333.612000000001,2020-05-11 17:55:00+00:00,2020-05-11 20:00:00+00:00,TP,13.7209134975437,False,False,False,,0,2,2020-05-11 18:10:00+00:00,2020-05-11 18:10:00+00:00,8333.612000000001,TP_E20_DOWN,13.7209134975437,True,True
P1,1,external,2020-05-15,2020-05-15 15:10:00+00:00,2020-05-15 15:15:00+00:00,9496.0,9700.0,9460.0,240.0,9496.0,9616.0,9412.0,2020-05-15 15:30:00+00:00,2020-05-15 20:00:00+00:00,TP,4.022914911541701,False,False,True,2020-05-15 15:15:00+00:00,1,1,2020-05-15 15:15:00+00:00,2020-05-15 15:20:00+00:00,9518.98,PERSISTENCE_P1,-1.6099831508003142,False,False
P2,2,external,2020-05-15,2020-05-15 15:10:00+00:00,2020-05-15 15:15:00+00:00,9496.0,9700.0,9460.0,240.0,9496.0,9616.0,9412.0,2020-05-15 15:30:00+00:00,2020-05-15 20:00:00+00:00,TP,4.022914911541701,False,False,False,,0,1,2020-05-15 19:15:00+00:00,2020-05-15 19:15:00+00:00,9412.0,TP_E20_DOWN,4.022914911541701,True,True
P3,3,external,2020-05-15,2020-05-15 15:10:00+00:00,2020-05-15 15:15:00+00:00,9496.0,9700.0,9460.0,240.0,9496.0,9616.0,9412.0,2020-05-15 15:30:00+00:00,2020-05-15 20:00:00+00:00,TP,4.022914911541701,False,False,False,,0,1,2020-05-15 19:15:00+00:00,2020-05-15 19:15:00+00:00,9412.0,TP_E20_DOWN,4.022914911541701,True,True
P1,1,external,2020-05-29,2020-05-29 15:20:00+00:00,2020-05-29 15:30:00+00:00,9377.4745,9590.0,9339.97,250.03000000000063,9377.4745,9502.4895,9289.964,,2020-05-29 20:00:00+00:00,TIME_EXIT,-1.7050155454968428,True,True,True,2020-05-29 15:35:00+00:00,1,1,2020-05-29 15:35:00+00:00,2020-05-29 15:40:00+00:00,9384.09,PERSISTENCE_P1,-0.7527335638182693,False,False
P2,2,external,2020-05-29,2020-05-29 15:20:00+00:00,2020-05-29 15:30:00+00:00,9377.4745,9590.0,9339.97,250.03000000000063,9377.4745,9502.4895,9289.964,,2020-05-29 20:00:00+00:00,TIME_EXIT,-1.7050155454968428,True,True,True,2020-05-29 15:50:00+00:00,2,2,2020-05-29 15:50:00+00:00,2020-05-29 15:55:00+00:00,9388.4,PERSISTENCE_P2,-0.9825395739545533,False,False
P3,3,external,2020-05-29,2020-05-29 15:20:00+00:00,2020-05-29 15:30:00+00:00,9377.4745,9590.0,9339.97,250.03000000000063,9377.4745,9502.4895,9289.964,,2020-05-29 20:00:00+00:00,TIME_EXIT,-1.7050155454968428,True,True,True,2020-05-29 15:55:00+00:00,3,3,2020-05-29 15:55:00+00:00,2020-05-29 16:00:00+00:00,9407.25,PERSISTENCE_P3,-1.9876076229266064,False,False
P1,1,external,2020-06-03,2020-06-03 14:15:00+00:00,2020-06-03 19:30:00+00:00,9509.989,9644.0,9486.34,157.65999999999983,9509.989,9588.819,9454.808,,2020-06-03 20:00:00+00:00,TIME_EXIT,-3.8711396616757727,True,True,True,2020-06-03 19:30:00+00:00,1,1,2020-06-03 19:30:00+00:00,2020-06-03 19:35:00+00:00,9560.66,PERSISTENCE_P1,-3.0640935126213225,False,False
P2,2,external,2020-06-03,2020-06-03 14:15:00+00:00,2020-06-03 19:30:00+00:00,9509.989,9644.0,9486.34,157.65999999999983,9509.989,9588.819,9454.808,,2020-06-03 20:00:00+00:00,TIME_EXIT,-3.8711396616757727,True,True,True,2020-06-03 19:35:00+00:00,2,2,2020-06-03 19:35:00+00:00,2020-06-03 19:40:00+00:00,9565.61,PERSISTENCE_P2,-3.3243461795802816,False,False
P3,3,external,2020-06-03,2020-06-03 14:15:00+00:00,2020-06-03 19:30:00+00:00,9509.989,9644.0,9486.34,157.65999999999983,9509.989,9588.819,9454.808,,2020-06-03 20:00:00+00:00,TIME_EXIT,-3.8711396616757727,True,True,True,2020-06-03 19:40:00+00:00,3,3,2020-06-03 19:40:00+00:00,2020-06-03 19:45:00+00:00,9571.01,PERSISTENCE_P3,-3.608258179899085,False,False
P1,1,external,2020-06-17,2020-06-17 13:35:00+00:00,2020-06-17 13:40:00+00:00,9467.85,9569.0,9450.0,119.0,9467.85,9527.35,9426.2,2020-06-17 13:50:00+00:00,2020-06-17 20:00:00+00:00,TP,1.7995490000369476,False,False,False,,0,0,2020-06-17 13:55:00+00:00,2020-06-17 13:55:00+00:00,9426.2,TP_E20_DOWN,1.7995490000369476,True,True
P2,2,external,2020-06-17,2020-06-17 13:35:00+00:00,2020-06-17 13:40:00+00:00,9467.85,9569.0,9450.0,119.0,9467.85,9527.35,9426.2,2020-06-17 13:50:00+00:00,2020-06-17 20:00:00+00:00,TP,1.7995490000369476,False,False,False,,0,0,2020-06-17 13:55:00+00:00,2020-06-17 13:55:00+00:00,9426.2,TP_E20_DOWN,1.7995490000369476,True,True
P3,3,external,2020-06-17,2020-06-17 13:35:00+00:00,2020-06-17 13:40:00+00:00,9467.85,9569.0,9450.0,119.0,9467.85,9527.35,9426.2,2020-06-17 13:50:00+00:00,2020-06-17 20:00:00+00:00,TP,1.7995490000369476,False,False,False,,0,0,2020-06-17 13:55:00+00:00,2020-06-17 13:55:00+00:00,9426.2,TP_E20_DOWN,1.7995490000369476,True,True
P1,1,external,2020-06-18,2020-06-18 16:20:00+00:00,2020-06-18 16:40:00+00:00,9389.8825,9483.85,9373.3,110.55000000000108,9389.8825,9445.1575,9351.19,2020-06-18 19:00:00+00:00,2020-06-18 20:00:00+00:00,TP,1.660329295920424,False,False,True,2020-06-18 16:45:00+00:00,1,1,2020-06-18 16:45:00+00:00,2020-06-18 16:50:00+00:00,9391.07,PERSISTENCE_P1,-0.4632329531280078,False,False
P2,2,external,2020-06-18,2020-06-18 16:20:00+00:00,2020-06-18 16:40:00+00:00,9389.8825,9483.85,9373.3,110.55000000000108,9389.8825,9445.1575,9351.19,2020-06-18 19:00:00+00:00,2020-06-18 20:00:00+00:00,TP,1.660329295920424,False,False,True,2020-06-18 16:50:00+00:00,2,2,2020-06-18 16:50:00+00:00,2020-06-18 16:55:00+00:00,9399.13,PERSISTENCE_P2,-0.8924183023589214,False,False
P3,3,external,2020-06-18,2020-06-18 16:20:00+00:00,2020-06-18 16:40:00+00:00,9389.8825,9483.85,9373.3,110.55000000000108,9389.8825,9445.1575,9351.19,2020-06-18 19:00:00+00:00,2020-06-18 20:00:00+00:00,TP,1.660329295920424,False,False,True,2020-06-18 16:55:00+00:00,3,3,2020-06-18 16:55:00+00:00,2020-06-18 17:00:00+00:00,9395.74,PERSISTENCE_P3,-0.7119048614293135,False,False
P1,1,external,2020-06-19,2020-06-19 18:35:00+00:00,2020-06-19 18:40:00+00:00,9297.518,9453.0,9270.08,182.92000000000007,9297.518,9388.978,9233.496,,2020-06-19 20:00:00+00:00,TIME_EXIT,-0.7007254194076609,True,True,True,2020-06-19 18:40:00+00:00,1,1,2020-06-19 18:40:00+00:00,2020-06-19 18:45:00+00:00,9315.84,PERSISTENCE_P1,-1.3853167264639938,False,False
P2,2,external,2020-06-19,2020-06-19 18:35:00+00:00,2020-06-19 18:40:00+00:00,9297.518,9453.0,9270.08,182.92000000000007,9297.518,9388.978,9233.496,,2020-06-19 20:00:00+00:00,TIME_EXIT,-0.7007254194076609,True,True,True,2020-06-19 18:45:00+00:00,2,2,2020-06-19 18:45:00+00:00,2020-06-19 18:50:00+00:00,9321.75,PERSISTENCE_P2,-1.7031434840997335,False,False
P3,3,external,2020-06-19,2020-06-19 18:35:00+00:00,2020-06-19 18:40:00+00:00,9297.518,9453.0,9270.08,182.92000000000007,9297.518,9388.978,9233.496,,2020-06-19 20:00:00+00:00,TIME_EXIT,-0.7007254194076609,True,True,True,2020-06-19 18:50:00+00:00,3,3,2020-06-19 18:50:00+00:00,2020-06-19 18:55:00+00:00,9328.79,PERSISTENCE_P3,-2.0817391480178284,False,False
P1,1,external,2020-06-29,2020-06-29 13:35:00+00:00,2020-06-29 13:40:00+00:00,9044.299,9136.66,9028.0,108.65999999999984,9044.299,9098.629,9006.268,2020-06-29 13:45:00+00:00,2020-06-29 20:00:00+00:00,CLOSE_INVALIDATION,-4.807804297491801,True,False,False,,0,0,2020-06-29 15:40:00+00:00,2020-06-29 15:45:00+00:00,9124.03,CLOSE_INVALIDATION_F65,-4.8078042974917,False,True
P2,2,external,2020-06-29,2020-06-29 13:35:00+00:00,2020-06-29 13:40:00+00:00,9044.299,9136.66,9028.0,108.65999999999984,9044.299,9098.629,9006.268,2020-06-29 13:45:00+00:00,2020-06-29 20:00:00+00:00,CLOSE_INVALIDATION,-4.807804297491801,True,False,False,,0,0,2020-06-29 15:40:00+00:00,2020-06-29 15:45:00+00:00,9124.03,CLOSE_INVALIDATION_F65,-4.8078042974917,False,True
P3,3,external,2020-06-29,2020-06-29 13:35:00+00:00,2020-06-29 13:40:00+00:00,9044.299,9136.66,9028.0,108.65999999999984,9044.299,9098.629,9006.268,2020-06-29 13:45:00+00:00,2020-06-29 20:00:00+00:00,CLOSE_INVALIDATION,-4.807804297491801,True,False,False,,0,0,2020-06-29 15:40:00+00:00,2020-06-29 15:45:00+00:00,9124.03,CLOSE_INVALIDATION_F65,-4.8078042974917,False,True
P1,1,external,2020-07-09,2020-07-09 14:25:00+00:00,2020-07-09 14:40:00+00:00,9364.4585,9435.0,9352.01,82.98999999999978,9364.4585,9405.9535,9335.412,2020-07-09 14:45:00+00:00,2020-07-09 20:00:00+00:00,TP,1.1508905293349518,False,False,False,,0,0,2020-07-09 14:50:00+00:00,2020-07-09 14:50:00+00:00,9335.412,TP_E20_DOWN,1.1508905293349518,True,True
P2,2,external,2020-07-09,2020-07-09 14:25:00+00:00,2020-07-09 14:40:00+00:00,9364.4585,9435.0,9352.01,82.98999999999978,9364.4585,9405.9535,9335.412,2020-07-09 14:45:00+00:00,2020-07-09 20:00:00+00:00,TP,1.1508905293349518,False,False,False,,0,0,2020-07-09 14:50:00+00:00,2020-07-09 14:50:00+00:00,9335.412,TP_E20_DOWN,1.1508905293349518,True,True
P3,3,external,2020-07-09,2020-07-09 14:25:00+00:00,2020-07-09 14:40:00+00:00,9364.4585,9435.0,9352.01,82.98999999999978,9364.4585,9405.9535,9335.412,2020-07-09 14:45:00+00:00,2020-07-09 20:00:00+00:00,TP,1.1508905293349518,False,False,False,,0,0,2020-07-09 14:50:00+00:00,2020-07-09 14:50:00+00:00,9335.412,TP_E20_DOWN,1.1508905293349518,True,True
P1,1,external,2020-07-15,2020-07-15 16:55:00+00:00,2020-07-15 18:45:00+00:00,9198.7,9248.0,9190.0,58.0,9198.7,9227.7,9178.4,2020-07-15 18:50:00+00:00,2020-07-15 20:00:00+00:00,TP,0.703416787154766,False,False,False,,0,0,2020-07-15 18:50:00+00:00,2020-07-15 18:50:00+00:00,9178.4,TP_E20_DOWN,0.703416787154766,True,False
P2,2,external,2020-07-15,2020-07-15 16:55:00+00:00,2020-07-15 18:45:00+00:00,9198.7,9248.0,9190.0,58.0,9198.7,9227.7,9178.4,2020-07-15 18:50:00+00:00,2020-07-15 20:00:00+00:00,TP,0.703416787154766,False,False,False,,0,0,2020-07-15 18:50:00+00:00,2020-07-15 18:50:00+00:00,9178.4,TP_E20_DOWN,0.703416787154766,True,False
P3,3,external,2020-07-15,2020-07-15 16:55:00+00:00,2020-07-15 18:45:00+00:00,9198.7,9248.0,9190.0,58.0,9198.7,9227.7,9178.4,2020-07-15 18:50:00+00:00,2020-07-15 20:00:00+00:00,TP,0.703416787154766,False,False,False,,0,0,2020-07-15 18:50:00+00:00,2020-07-15 18:50:00+00:00,9178.4,TP_E20_DOWN,0.703416787154766,True,False
P1,1,external,2020-08-11,2020-08-11 13:35:00+00:00,2020-08-11 14:05:00+00:00,11612.55,11780.0,11583.0,197.0,11612.55,11711.05,11543.6,2020-08-11 14:10:00+00:00,2020-08-11 20:00:00+00:00,TP,2.568770855669036,False,False,False,,0,0,2020-08-11 14:55:00+00:00,2020-08-11 14:55:00+00:00,11543.6,TP_E20_DOWN,2.568770855669036,True,True
P2,2,external,2020-08-11,2020-08-11 13:35:00+00:00,2020-08-11 14:05:00+00:00,11612.55,11780.0,11583.0,197.0,11612.55,11711.05,11543.6,2020-08-11 14:10:00+00:00,2020-08-11 20:00:00+00:00,TP,2.568770855669036,False,False,False,,0,0,2020-08-11 14:55:00+00:00,2020-08-11 14:55:00+00:00,11543.6,TP_E20_DOWN,2.568770855669036,True,True
P3,3,external,2020-08-11,2020-08-11 13:35:00+00:00,2020-08-11 14:05:00+00:00,11612.55,11780.0,11583.0,197.0,11612.55,11711.05,11543.6,2020-08-11 14:10:00+00:00,2020-08-11 20:00:00+00:00,TP,2.568770855669036,False,False,False,,0,0,2020-08-11 14:55:00+00:00,2020-08-11 14:55:00+00:00,11543.6,TP_E20_DOWN,2.568770855669036,True,True
P1,1,external,2020-08-21,2020-08-21 17:05:00+00:00,2020-08-21 18:10:00+00:00,11660.773,11842.01,11628.79,213.21999999999932,11660.773,11767.383,11586.146,2020-08-21 18:15:00+00:00,2020-08-21 20:00:00+00:00,TIME_EXIT,-1.2111383353401812,True,False,False,,0,0,2020-08-21 20:00:00+00:00,2020-08-21 20:00:00+00:00,11679.69,TIME_EXIT,-1.2111383353402592,False,True
P2,2,external,2020-08-21,2020-08-21 17:05:00+00:00,2020-08-21 18:10:00+00:00,11660.773,11842.01,11628.79,213.21999999999932,11660.773,11767.383,11586.146,2020-08-21 18:15:00+00:00,2020-08-21 20:00:00+00:00,TIME_EXIT,-1.2111383353401812,True,False,False,,0,0,2020-08-21 20:00:00+00:00,2020-08-21 20:00:00+00:00,11679.69,TIME_EXIT,-1.2111383353402592,False,True
P3,3,external,2020-08-21,2020-08-21 17:05:00+00:00,2020-08-21 18:10:00+00:00,11660.773,11842.01,11628.79,213.21999999999932,11660.773,11767.383,11586.146,2020-08-21 18:15:00+00:00,2020-08-21 20:00:00+00:00,TIME_EXIT,-1.2111383353401812,True,False,False,,0,0,2020-08-21 20:00:00+00:00,2020-08-21 20:00:00+00:00,11679.69,TIME_EXIT,-1.2111383353402592,False,True
P1,1,external,2020-08-27,2020-08-27 14:10:00+00:00,2020-08-27 14:25:00+00:00,11325.318,11593.0,11278.08,314.9200000000001,11325.318,11482.778,11215.096,2020-08-27 16:55:00+00:00,2020-08-27 20:00:00+00:00,TP,4.466176826116483,False,False,True,2020-08-27 14:25:00+00:00,1,1,2020-08-27 14:25:00+00:00,2020-08-27 14:30:00+00:00,11334.77,PERSISTENCE_P1,-0.8172951258411082,False,False
P2,2,external,2020-08-27,2020-08-27 14:10:00+00:00,2020-08-27 14:25:00+00:00,11325.318,11593.0,11278.08,314.9200000000001,11325.318,11482.778,11215.096,2020-08-27 16:55:00+00:00,2020-08-27 20:00:00+00:00,TP,4.466176826116483,False,False,True,2020-08-27 14:30:00+00:00,2,2,2020-08-27 14:30:00+00:00,2020-08-27 14:35:00+00:00,11342.93,PERSISTENCE_P2,-1.177549910739857,False,False
P3,3,external,2020-08-27,2020-08-27 14:10:00+00:00,2020-08-27 14:25:00+00:00,11325.318,11593.0,11278.08,314.9200000000001,11325.318,11482.778,11215.096,2020-08-27 16:55:00+00:00,2020-08-27 20:00:00+00:00,TP,4.466176826116483,False,False,True,2020-08-27 14:35:00+00:00,3,3,2020-08-27 14:35:00+00:00,2020-08-27 14:40:00+00:00,11329.0,PERSISTENCE_P3,-0.5625561419114544,False,False
P1,1,external,2020-09-03,2020-09-03 15:40:00+00:00,2020-09-03 16:10:00+00:00,10741.586,11475.0,10612.16,862.8400000000001,10741.586,11173.006,10439.592,2020-09-03 16:50:00+00:00,2020-09-03 20:00:00+00:00,TIME_EXIT,2.011468846406792,False,False,False,,0,0,2020-09-03 20:00:00+00:00,2020-09-03 20:00:00+00:00,10689.78,TIME_EXIT,2.0114688464067916,True,True
P2,2,external,2020-09-03,2020-09-03 15:40:00+00:00,2020-09-03 16:10:00+00:00,10741.586,11475.0,10612.16,862.8400000000001,10741.586,11173.006,10439.592,2020-09-03 16:50:00+00:00,2020-09-03 20:00:00+00:00,TIME_EXIT,2.011468846406792,False,False,False,,0,0,2020-09-03 20:00:00+00:00,2020-09-03 20:00:00+00:00,10689.78,TIME_EXIT,2.0114688464067916,True,True
P3,3,external,2020-09-03,2020-09-03 15:40:00+00:00,2020-09-03 16:10:00+00:00,10741.586,11475.0,10612.16,862.8400000000001,10741.586,11173.006,10439.592,2020-09-03 16:50:00+00:00,2020-09-03 20:00:00+00:00,TIME_EXIT,2.011468846406792,False,False,False,,0,0,2020-09-03 20:00:00+00:00,2020-09-03 20:00:00+00:00,10689.78,TIME_EXIT,2.0114688464067916,True,True
P1,1,external,2020-11-10,2020-11-10 15:00:00+00:00,2020-11-10 15:10:00+00:00,15210.6955,15474.17,15164.2,309.96999999999935,15210.6955,15365.6805,15102.206,2020-11-10 15:20:00+00:00,2020-11-10 20:00:00+00:00,TP,3.166224174298923,False,False,True,2020-11-10 15:10:00+00:00,1,1,2020-11-10 15:10:00+00:00,2020-11-10 15:15:00+00:00,15212.38,PERSISTENCE_P1,-0.45537222147400785,False,False
P2,2,external,2020-11-10,2020-11-10 15:00:00+00:00,2020-11-10 15:10:00+00:00,15210.6955,15474.17,15164.2,309.96999999999935,15210.6955,15365.6805,15102.206,2020-11-10 15:20:00+00:00,2020-11-10 20:00:00+00:00,TP,3.166224174298923,False,False,False,,0,1,2020-11-10 15:25:00+00:00,2020-11-10 15:25:00+00:00,15102.206,TP_E20_DOWN,3.166224174298923,True,True
P3,3,external,2020-11-10,2020-11-10 15:00:00+00:00,2020-11-10 15:10:00+00:00,15210.6955,15474.17,15164.2,309.96999999999935,15210.6955,15365.6805,15102.206,2020-11-10 15:20:00+00:00,2020-11-10 20:00:00+00:00,TP,3.166224174298923,False,False,False,,0,1,2020-11-10 15:25:00+00:00,2020-11-10 15:25:00+00:00,15102.206,TP_E20_DOWN,3.166224174298923,True,True
P1,1,external,2020-11-26,2020-11-26 17:30:00+00:00,2020-11-26 17:35:00+00:00,16512.1315,17646.21,16312.0,1334.2099999999991,16512.1315,17179.2365,16045.158,2020-11-26 19:25:00+00:00,2020-11-26 20:00:00+00:00,TIME_EXIT,-1.1397137068585543,True,False,True,2020-11-26 17:35:00+00:00,1,1,2020-11-26 17:35:00+00:00,2020-11-26 17:40:00+00:00,16521.43,PERSISTENCE_P1,-0.6815657082188568,False,False
P2,2,external,2020-11-26,2020-11-26 17:30:00+00:00,2020-11-26 17:35:00+00:00,16512.1315,17646.21,16312.0,1334.2099999999991,16512.1315,17179.2365,16045.158,2020-11-26 19:25:00+00:00,2020-11-26 20:00:00+00:00,TIME_EXIT,-1.1397137068585543,True,False,True,2020-11-26 17:50:00+00:00,2,2,2020-11-26 17:50:00+00:00,2020-11-26 17:55:00+00:00,16549.76,PERSISTENCE_P2,-1.5394198259624718,False,False
P3,3,external,2020-11-26,2020-11-26 17:30:00+00:00,2020-11-26 17:35:00+00:00,16512.1315,17646.21,16312.0,1334.2099999999991,16512.1315,17179.2365,16045.158,2020-11-26 19:25:00+00:00,2020-11-26 20:00:00+00:00,TIME_EXIT,-1.1397137068585543,True,False,True,2020-11-26 17:55:00+00:00,3,3,2020-11-26 17:55:00+00:00,2020-11-26 18:00:00+00:00,16699.21,PERSISTENCE_P3,-6.0648803941514045,False,False
P1,1,external,2020-12-02,2020-12-02 15:05:00+00:00,2020-12-02 15:10:00+00:00,18884.75,19365.0,18800.0,565.0,18884.75,19167.25,18687.0,2020-12-02 15:30:00+00:00,2020-12-02 20:00:00+00:00,TIME_EXIT,-6.257901216590106,True,False,True,2020-12-02 15:10:00+00:00,1,1,2020-12-02 15:10:00+00:00,2020-12-02 15:15:00+00:00,18957.57,PERSISTENCE_P1,-2.3280106964614227,False,False
P2,2,external,2020-12-02,2020-12-02 15:05:00+00:00,2020-12-02 15:10:00+00:00,18884.75,19365.0,18800.0,565.0,18884.75,19167.25,18687.0,2020-12-02 15:30:00+00:00,2020-12-02 20:00:00+00:00,TIME_EXIT,-6.257901216590106,True,False,True,2020-12-02 15:15:00+00:00,2,2,2020-12-02 15:15:00+00:00,2020-12-02 15:20:00+00:00,18973.74,PERSISTENCE_P2,-2.7561339175790414,False,False
P3,3,external,2020-12-02,2020-12-02 15:05:00+00:00,2020-12-02 15:10:00+00:00,18884.75,19365.0,18800.0,565.0,18884.75,19167.25,18687.0,2020-12-02 15:30:00+00:00,2020-12-02 20:00:00+00:00,TIME_EXIT,-6.257901216590106,True,False,True,2020-12-02 15:20:00+00:00,3,3,2020-12-02 15:20:00+00:00,2020-12-02 15:25:00+00:00,18896.29,PERSISTENCE_P3,-0.7055375369014913,False,False
P1,1,external,2020-12-07,2020-12-07 14:20:00+00:00,2020-12-07 17:40:00+00:00,19144.4915,19396.61,19100.0,296.6100000000006,19144.4915,19292.7965,19040.678,2020-12-07 18:15:00+00:00,2020-12-07 20:00:00+00:00,TP,2.311315158200995,False,False,True,2020-12-07 17:40:00+00:00,1,1,2020-12-07 17:40:00+00:00,2020-12-07 17:45:00+00:00,19155.61,PERSISTENCE_P1,-0.6903837900317304,False,False
P2,2,external,2020-12-07,2020-12-07 14:20:00+00:00,2020-12-07 17:40:00+00:00,19144.4915,19396.61,19100.0,296.6100000000006,19144.4915,19292.7965,19040.678,2020-12-07 18:15:00+00:00,2020-12-07 20:00:00+00:00,TP,2.311315158200995,False,False,True,2020-12-07 17:45:00+00:00,2,2,2020-12-07 17:45:00+00:00,2020-12-07 17:50:00+00:00,19160.49,PERSISTENCE_P2,-0.8178355951632749,False,False
P3,3,external,2020-12-07,2020-12-07 14:20:00+00:00,2020-12-07 17:40:00+00:00,19144.4915,19396.61,19100.0,296.6100000000006,19144.4915,19292.7965,19040.678,2020-12-07 18:15:00+00:00,2020-12-07 20:00:00+00:00,TP,2.311315158200995,False,False,True,2020-12-07 17:50:00+00:00,3,3,2020-12-07 17:50:00+00:00,2020-12-07 17:55:00+00:00,19172.16,PERSISTENCE_P3,-1.1226230062051994,False,False
P1,1,external,2021-01-01,2021-01-01 18:45:00+00:00,2021-01-01 19:00:00+00:00,29015.329,29668.86,28900.0,768.8600000000006,29015.329,29399.759,28746.228,,2021-01-01 20:00:00+00:00,TIME_EXIT,-0.9712670016596748,True,True,True,2021-01-01 19:05:00+00:00,1,1,2021-01-01 19:05:00+00:00,2021-01-01 19:10:00+00:00,29046.7,PERSISTENCE_P1,-0.9405935600454364,False,False
P2,2,external,2021-01-01,2021-01-01 18:45:00+00:00,2021-01-01 19:00:00+00:00,29015.329,29668.86,28900.0,768.8600000000006,29015.329,29399.759,28746.228,,2021-01-01 20:00:00+00:00,TIME_EXIT,-0.9712670016596748,True,True,True,2021-01-01 19:10:00+00:00,2,2,2021-01-01 19:10:00+00:00,2021-01-01 19:15:00+00:00,29032.78,PERSISTENCE_P2,-0.7007203537136748,False,False
P3,3,external,2021-01-01,2021-01-01 18:45:00+00:00,2021-01-01 19:00:00+00:00,29015.329,29668.86,28900.0,768.8600000000006,29015.329,29399.759,28746.228,,2021-01-01 20:00:00+00:00,TIME_EXIT,-0.9712670016596748,True,True,True,2021-01-01 19:15:00+00:00,3,3,2021-01-01 19:15:00+00:00,2021-01-01 19:20:00+00:00,29125.01,PERSISTENCE_P3,-2.29005266836707,False,False
P1,1,external,2021-02-10,2021-02-10 15:15:00+00:00,2021-02-10 15:20:00+00:00,44884.6675,47475.0,44427.55,3047.449999999997,44884.6675,46408.3925,43818.060000000005,2021-02-10 15:25:00+00:00,2021-02-10 20:00:00+00:00,TP,11.481646444189412,False,False,True,2021-02-10 15:20:00+00:00,1,1,2021-02-10 15:20:00+00:00,2021-02-10 15:25:00+00:00,44903.26,PERSISTENCE_P1,-0.6071141554072873,False,False
P2,2,external,2021-02-10,2021-02-10 15:15:00+00:00,2021-02-10 15:20:00+00:00,44884.6675,47475.0,44427.55,3047.449999999997,44884.6675,46408.3925,43818.060000000005,2021-02-10 15:25:00+00:00,2021-02-10 20:00:00+00:00,TP,11.481646444189412,False,False,False,,0,1,2021-02-10 15:45:00+00:00,2021-02-10 15:45:00+00:00,43818.060000000005,TP_E20_DOWN,11.481646444189412,True,True
P3,3,external,2021-02-10,2021-02-10 15:15:00+00:00,2021-02-10 15:20:00+00:00,44884.6675,47475.0,44427.55,3047.449999999997,44884.6675,46408.3925,43818.060000000005,2021-02-10 15:25:00+00:00,2021-02-10 20:00:00+00:00,TP,11.481646444189412,False,False,False,,0,1,2021-02-10 15:45:00+00:00,2021-02-10 15:45:00+00:00,43818.060000000005,TP_E20_DOWN,11.481646444189412,True,True
P1,1,external,2021-02-17,2021-02-17 13:35:00+00:00,2021-02-17 14:40:00+00:00,50837.069,51806.46,50666.0,1140.4599999999991,50837.069,51407.299,50437.908,,2021-02-17 20:00:00+00:00,CLOSE_INVALIDATION,-7.056569834897439,True,True,True,2021-02-17 14:40:00+00:00,1,1,2021-02-17 14:40:00+00:00,2021-02-17 14:45:00+00:00,50849.1,PERSISTENCE_P1,-0.5183290090936931,False,False
P2,2,external,2021-02-17,2021-02-17 13:35:00+00:00,2021-02-17 14:40:00+00:00,50837.069,51806.46,50666.0,1140.4599999999991,50837.069,51407.299,50437.908,,2021-02-17 20:00:00+00:00,CLOSE_INVALIDATION,-7.056569834897439,True,True,True,2021-02-17 14:45:00+00:00,2,2,2021-02-17 14:45:00+00:00,2021-02-17 14:50:00+00:00,50950.0,PERSISTENCE_P2,-1.510715096497763,False,False
P3,3,external,2021-02-17,2021-02-17 13:35:00+00:00,2021-02-17 14:40:00+00:00,50837.069,51806.46,50666.0,1140.4599999999991,50837.069,51407.299,50437.908,,2021-02-17 20:00:00+00:00,CLOSE_INVALIDATION,-7.056569834897439,True,True,True,2021-02-17 14:50:00+00:00,3,3,2021-02-17 14:50:00+00:00,2021-02-17 14:55:00+00:00,51031.95,PERSISTENCE_P3,-2.316721438051375,False,False
P1,1,external,2021-03-18,2021-03-18 14:15:00+00:00,2021-03-18 14:25:00+00:00,57811.5215,58726.81,57650.0,1076.8099999999977,57811.5215,58349.9265,57434.638,,2021-03-18 20:00:00+00:00,CLOSE_INVALIDATION,-6.311265455969685,True,True,True,2021-03-18 14:25:00+00:00,1,1,2021-03-18 14:25:00+00:00,2021-03-18 14:30:00+00:00,57918.78,PERSISTENCE_P1,-1.327656782048162,False,False
P2,2,external,2021-03-18,2021-03-18 14:15:00+00:00,2021-03-18 14:25:00+00:00,57811.5215,58726.81,57650.0,1076.8099999999977,57811.5215,58349.9265,57434.638,,2021-03-18 20:00:00+00:00,CLOSE_INVALIDATION,-6.311265455969685,True,True,True,2021-03-18 14:40:00+00:00,2,2,2021-03-18 14:40:00+00:00,2021-03-18 14:45:00+00:00,57898.71,PERSISTENCE_P2,-1.154075465735637,False,False
P3,3,external,2021-03-18,2021-03-18 14:15:00+00:00,2021-03-18 14:25:00+00:00,57811.5215,58726.81,57650.0,1076.8099999999977,57811.5215,58349.9265,57434.638,,2021-03-18 20:00:00+00:00,CLOSE_INVALIDATION,-6.311265455969685,True,True,True,2021-03-18 14:45:00+00:00,3,3,2021-03-18 14:45:00+00:00,2021-03-18 14:50:00+00:00,57849.99,PERSISTENCE_P3,-0.7327061717273382,False,False
P1,1,external,2021-05-06,2021-05-06 15:55:00+00:00,2021-05-06 16:05:00+00:00,57088.334,58450.0,56848.04,1601.9599999999991,57088.334,57889.314,56527.648,2021-05-06 16:50:00+00:00,2021-05-06 20:00:00+00:00,TP,4.510688057563578,False,False,True,2021-05-06 16:10:00+00:00,1,1,2021-05-06 16:10:00+00:00,2021-05-06 16:15:00+00:00,57232.46,PERSISTENCE_P1,-1.662306936474942,False,False
P2,2,external,2021-05-06,2021-05-06 15:55:00+00:00,2021-05-06 16:05:00+00:00,57088.334,58450.0,56848.04,1601.9599999999991,57088.334,57889.314,56527.648,2021-05-06 16:50:00+00:00,2021-05-06 20:00:00+00:00,TP,4.510688057563578,False,False,True,2021-05-06 16:15:00+00:00,2,2,2021-05-06 16:15:00+00:00,2021-05-06 16:20:00+00:00,57254.88,PERSISTENCE_P2,-1.8586692966026543,False,False
P3,3,external,2021-05-06,2021-05-06 15:55:00+00:00,2021-05-06 16:05:00+00:00,57088.334,58450.0,56848.04,1601.9599999999991,57088.334,57889.314,56527.648,2021-05-06 16:50:00+00:00,2021-05-06 20:00:00+00:00,TP,4.510688057563578,False,False,True,2021-05-06 16:20:00+00:00,3,3,2021-05-06 16:20:00+00:00,2021-05-06 16:25:00+00:00,57555.0,PERSISTENCE_P3,-4.487227348410601,False,False
P1,1,external,2021-05-12,2021-05-12 13:35:00+00:00,2021-05-12 14:55:00+00:00,56076.7,57265.0,55867.0,1398.0,56076.7,56775.7,55587.4,2021-05-12 15:05:00+00:00,2021-05-12 20:00:00+00:00,TP,3.9627745569906554,False,False,True,2021-05-12 14:55:00+00:00,1,1,2021-05-12 14:55:00+00:00,2021-05-12 15:00:00+00:00,56112.06,PERSISTENCE_P1,-0.7152824613431299,False,False
P2,2,external,2021-05-12,2021-05-12 13:35:00+00:00,2021-05-12 14:55:00+00:00,56076.7,57265.0,55867.0,1398.0,56076.7,56775.7,55587.4,2021-05-12 15:05:00+00:00,2021-05-12 20:00:00+00:00,TP,3.9627745569906554,False,False,False,,0,1,2021-05-12 15:25:00+00:00,2021-05-12 15:25:00+00:00,55587.4,TP_E20_DOWN,3.9627745569906545,True,True
P3,3,external,2021-05-12,2021-05-12 13:35:00+00:00,2021-05-12 14:55:00+00:00,56076.7,57265.0,55867.0,1398.0,56076.7,56775.7,55587.4,2021-05-12 15:05:00+00:00,2021-05-12 20:00:00+00:00,TP,3.9627745569906554,False,False,False,,0,1,2021-05-12 15:25:00+00:00,2021-05-12 15:25:00+00:00,55587.4,TP_E20_DOWN,3.9627745569906545,True,True
P1,1,external,2021-06-07,2021-06-07 14:55:00+00:00,2021-06-07 15:00:00+00:00,36037.4255,36799.0,35903.03,895.9700000000012,36037.4255,36485.4105,35723.836,2021-06-07 16:20:00+00:00,2021-06-07 20:00:00+00:00,TP,3.950886552647912,False,False,True,2021-06-07 15:05:00+00:00,1,1,2021-06-07 15:05:00+00:00,2021-06-07 15:10:00+00:00,36049.99,PERSISTENCE_P1,-0.5743257159144236,False,False
P2,2,external,2021-06-07,2021-06-07 14:55:00+00:00,2021-06-07 15:00:00+00:00,36037.4255,36799.0,35903.03,895.9700000000012,36037.4255,36485.4105,35723.836,2021-06-07 16:20:00+00:00,2021-06-07 20:00:00+00:00,TP,3.950886552647912,False,False,True,2021-06-07 15:10:00+00:00,2,2,2021-06-07 15:10:00+00:00,2021-06-07 15:15:00+00:00,36087.94,PERSISTENCE_P2,-1.1008616639388513,False,False
P3,3,external,2021-06-07,2021-06-07 14:55:00+00:00,2021-06-07 15:00:00+00:00,36037.4255,36799.0,35903.03,895.9700000000012,36037.4255,36485.4105,35723.836,2021-06-07 16:20:00+00:00,2021-06-07 20:00:00+00:00,TP,3.950886552647912,False,False,True,2021-06-07 15:15:00+00:00,3,3,2021-06-07 15:15:00+00:00,2021-06-07 15:20:00+00:00,36084.56,PERSISTENCE_P3,-1.0539659721252859,False,False
P1,1,external,2021-06-18,2021-06-18 13:45:00+00:00,2021-06-18 13:50:00+00:00,37192.1345,38000.0,37049.57,950.4300000000004,37192.1345,37667.3495,36859.484,2021-06-18 14:05:00+00:00,2021-06-18 20:00:00+00:00,TP,4.0720544339825855,False,False,False,,0,0,2021-06-18 14:05:00+00:00,2021-06-18 14:05:00+00:00,36859.484,TP_E20_DOWN,4.0720544339825855,True,False
P2,2,external,2021-06-18,2021-06-18 13:45:00+00:00,2021-06-18 13:50:00+00:00,37192.1345,38000.0,37049.57,950.4300000000004,37192.1345,37667.3495,36859.484,2021-06-18 14:05:00+00:00,2021-06-18 20:00:00+00:00,TP,4.0720544339825855,False,False,False,,0,0,2021-06-18 14:05:00+00:00,2021-06-18 14:05:00+00:00,36859.484,TP_E20_DOWN,4.0720544339825855,True,False
P3,3,external,2021-06-18,2021-06-18 13:45:00+00:00,2021-06-18 13:50:00+00:00,37192.1345,38000.0,37049.57,950.4300000000004,37192.1345,37667.3495,36859.484,2021-06-18 14:05:00+00:00,2021-06-18 20:00:00+00:00,TP,4.0720544339825855,False,False,False,,0,0,2021-06-18 14:05:00+00:00,2021-06-18 14:05:00+00:00,36859.484,TP_E20_DOWN,4.0720544339825855,True,False
P1,1,external,2021-07-07,2021-07-07 16:15:00+00:00,2021-07-07 16:20:00+00:00,34543.894,35089.56,34447.6,641.9599999999991,34543.894,34864.874,34319.208,,2021-07-07 20:00:00+00:00,TIME_EXIT,-1.364946221754812,True,True,True,2021-07-07 16:20:00+00:00,1,1,2021-07-07 16:20:00+00:00,2021-07-07 16:25:00+00:00,34583.15,PERSISTENCE_P1,-0.9682046152642957,False,False
P2,2,external,2021-07-07,2021-07-07 16:15:00+00:00,2021-07-07 16:20:00+00:00,34543.894,35089.56,34447.6,641.9599999999991,34543.894,34864.874,34319.208,,2021-07-07 20:00:00+00:00,TIME_EXIT,-1.364946221754812,True,True,True,2021-07-07 16:25:00+00:00,2,2,2021-07-07 16:25:00+00:00,2021-07-07 16:30:00+00:00,34567.34,PERSISTENCE_P2,-0.7393653303822127,False,False
P3,3,external,2021-07-07,2021-07-07 16:15:00+00:00,2021-07-07 16:20:00+00:00,34543.894,35089.56,34447.6,641.9599999999991,34543.894,34864.874,34319.208,,2021-07-07 20:00:00+00:00,TIME_EXIT,-1.364946221754812,True,True,True,2021-07-07 16:30:00+00:00,3,3,2021-07-07 16:30:00+00:00,2021-07-07 16:35:00+00:00,34575.29,PERSISTENCE_P3,-0.8544363180364183,False,False
P1,1,external,2021-07-12,2021-07-12 13:35:00+00:00,2021-07-12 13:50:00+00:00,33506.5,34450.0,33340.0,1110.0,33506.5,34061.5,33118.0,2021-07-12 15:00:00+00:00,2021-07-12 20:00:00+00:00,TP,5.397382597406473,False,False,True,2021-07-12 13:50:00+00:00,1,1,2021-07-12 13:50:00+00:00,2021-07-12 13:55:00+00:00,33509.75,PERSISTENCE_P1,-0.4484980526166565,False,False
P2,2,external,2021-07-12,2021-07-12 13:35:00+00:00,2021-07-12 13:50:00+00:00,33506.5,34450.0,33340.0,1110.0,33506.5,34061.5,33118.0,2021-07-12 15:00:00+00:00,2021-07-12 20:00:00+00:00,TP,5.397382597406473,False,False,True,2021-07-12 13:55:00+00:00,2,2,2021-07-12 13:55:00+00:00,2021-07-12 14:00:00+00:00,33565.88,PERSISTENCE_P2,-1.286096727500595,False,False
P3,3,external,2021-07-12,2021-07-12 13:35:00+00:00,2021-07-12 13:50:00+00:00,33506.5,34450.0,33340.0,1110.0,33506.5,34061.5,33118.0,2021-07-12 15:00:00+00:00,2021-07-12 20:00:00+00:00,TP,5.397382597406473,False,False,True,2021-07-12 14:00:00+00:00,3,3,2021-07-12 14:00:00+00:00,2021-07-12 14:05:00+00:00,33575.56,PERSISTENCE_P3,-1.4305463119095947,False,False
P1,1,external,2021-07-28,2021-07-28 14:55:00+00:00,2021-07-28 15:10:00+00:00,39581.6,40894.0,39350.0,1544.0,39581.6,40353.6,39041.2,2021-07-28 17:35:00+00:00,2021-07-28 20:00:00+00:00,TP,6.426404187804453,False,False,True,2021-07-28 15:10:00+00:00,1,1,2021-07-28 15:10:00+00:00,2021-07-28 15:15:00+00:00,39616.78,PERSISTENCE_P1,-0.8443984073407883,False,False
P2,2,external,2021-07-28,2021-07-28 14:55:00+00:00,2021-07-28 15:10:00+00:00,39581.6,40894.0,39350.0,1544.0,39581.6,40353.6,39041.2,2021-07-28 17:35:00+00:00,2021-07-28 20:00:00+00:00,TP,6.426404187804453,False,False,True,2021-07-28 15:15:00+00:00,2,2,2021-07-28 15:15:00+00:00,2021-07-28 15:20:00+00:00,39592.13,PERSISTENCE_P2,-0.5330163510317779,False,False
P3,3,external,2021-07-28,2021-07-28 14:55:00+00:00,2021-07-28 15:10:00+00:00,39581.6,40894.0,39350.0,1544.0,39581.6,40353.6,39041.2,2021-07-28 17:35:00+00:00,2021-07-28 20:00:00+00:00,TP,6.426404187804453,False,False,True,2021-07-28 15:20:00+00:00,3,3,2021-07-28 15:20:00+00:00,2021-07-28 15:25:00+00:00,39663.46,PERSISTENCE_P3,-1.4340663338521003,False,False
P1,1,external,2021-07-29,2021-07-29 18:35:00+00:00,2021-07-29 19:10:00+00:00,39589.75,40665.0,39400.0,1265.0,39589.75,40222.25,39147.0,,2021-07-29 20:00:00+00:00,TIME_EXIT,-1.1337757879248864,True,True,True,2021-07-29 19:10:00+00:00,1,1,2021-07-29 19:10:00+00:00,2021-07-29 19:15:00+00:00,39613.18,PERSISTENCE_P1,-0.6959099261803914,False,False
P2,2,external,2021-07-29,2021-07-29 18:35:00+00:00,2021-07-29 19:10:00+00:00,39589.75,40665.0,39400.0,1265.0,39589.75,40222.25,39147.0,,2021-07-29 20:00:00+00:00,TIME_EXIT,-1.1337757879248864,True,True,True,2021-07-29 19:50:00+00:00,2,2,2021-07-29 19:50:00+00:00,2021-07-29 19:55:00+00:00,39659.43,PERSISTENCE_P2,-1.2800257642445367,False,False
P3,3,external,2021-07-29,2021-07-29 18:35:00+00:00,2021-07-29 19:10:00+00:00,39589.75,40665.0,39400.0,1265.0,39589.75,40222.25,39147.0,,2021-07-29 20:00:00+00:00,TIME_EXIT,-1.1337757879248864,True,True,True,2021-07-29 19:55:00+00:00,3,3,2021-07-29 19:55:00+00:00,2021-07-29 20:00:00+00:00,39647.85,PERSISTENCE_P3,-1.1337757879248864,False,False
P1,1,external,2021-08-03,2021-08-03 18:10:00+00:00,2021-08-03 18:15:00+00:00,37829.8205,38799.56,37658.69,1140.8699999999951,37829.8205,38400.2555,37430.516,,2021-08-03 20:00:00+00:00,TIME_EXIT,-2.851102034702955,True,True,True,2021-08-03 18:15:00+00:00,1,1,2021-08-03 18:15:00+00:00,2021-08-03 18:20:00+00:00,37859.24,PERSISTENCE_P1,-0.788840068643682,False,False
P2,2,external,2021-08-03,2021-08-03 18:10:00+00:00,2021-08-03 18:15:00+00:00,37829.8205,38799.56,37658.69,1140.8699999999951,37829.8205,38400.2555,37430.516,,2021-08-03 20:00:00+00:00,TIME_EXIT,-2.851102034702955,True,True,True,2021-08-03 18:20:00+00:00,2,2,2021-08-03 18:20:00+00:00,2021-08-03 18:25:00+00:00,37893.33,PERSISTENCE_P2,-1.2394105385723428,False,False
P3,3,external,2021-08-03,2021-08-03 18:10:00+00:00,2021-08-03 18:15:00+00:00,37829.8205,38799.56,37658.69,1140.8699999999951,37829.8205,38400.2555,37430.516,,2021-08-03 20:00:00+00:00,TIME_EXIT,-2.851102034702955,True,True,True,2021-08-03 18:25:00+00:00,3,3,2021-08-03 18:25:00+00:00,2021-08-03 18:30:00+00:00,37915.15,PERSISTENCE_P3,-1.5278073603336266,False,False
P1,1,external,2021-08-12,2021-08-12 14:10:00+00:00,2021-08-12 14:15:00+00:00,44507.0,45680.0,44300.0,1380.0,44507.0,45197.0,44024.0,2021-08-12 14:20:00+00:00,2021-08-12 20:00:00+00:00,TP,5.026112746309569,False,False,False,,0,0,2021-08-12 14:55:00+00:00,2021-08-12 14:55:00+00:00,44024.0,TP_E20_DOWN,5.026112746309569,True,True
P2,2,external,2021-08-12,2021-08-12 14:10:00+00:00,2021-08-12 14:15:00+00:00,44507.0,45680.0,44300.0,1380.0,44507.0,45197.0,44024.0,2021-08-12 14:20:00+00:00,2021-08-12 20:00:00+00:00,TP,5.026112746309569,False,False,False,,0,0,2021-08-12 14:55:00+00:00,2021-08-12 14:55:00+00:00,44024.0,TP_E20_DOWN,5.026112746309569,True,True
P3,3,external,2021-08-12,2021-08-12 14:10:00+00:00,2021-08-12 14:15:00+00:00,44507.0,45680.0,44300.0,1380.0,44507.0,45197.0,44024.0,2021-08-12 14:20:00+00:00,2021-08-12 20:00:00+00:00,TP,5.026112746309569,False,False,False,,0,0,2021-08-12 14:55:00+00:00,2021-08-12 14:55:00+00:00,44024.0,TP_E20_DOWN,5.026112746309569,True,True
P1,1,external,2021-08-17,2021-08-17 14:30:00+00:00,2021-08-17 14:45:00+00:00,46081.1715,47194.0,45884.79,1309.2099999999991,46081.1715,46735.7765,45622.948,2021-08-17 15:00:00+00:00,2021-08-17 20:00:00+00:00,TP,4.57191678384305,False,False,True,2021-08-17 14:45:00+00:00,1,1,2021-08-17 14:45:00+00:00,2021-08-17 14:50:00+00:00,46108.37,PERSISTENCE_P1,-0.6951151100835824,False,False
P2,2,external,2021-08-17,2021-08-17 14:30:00+00:00,2021-08-17 14:45:00+00:00,46081.1715,47194.0,45884.79,1309.2099999999991,46081.1715,46735.7765,45622.948,2021-08-17 15:00:00+00:00,2021-08-17 20:00:00+00:00,TP,4.57191678384305,False,False,False,,0,1,2021-08-17 16:00:00+00:00,2021-08-17 16:00:00+00:00,45622.948,TP_E20_DOWN,4.571916783843051,True,True
P3,3,external,2021-08-17,2021-08-17 14:30:00+00:00,2021-08-17 14:45:00+00:00,46081.1715,47194.0,45884.79,1309.2099999999991,46081.1715,46735.7765,45622.948,2021-08-17 15:00:00+00:00,2021-08-17 20:00:00+00:00,TP,4.57191678384305,False,False,False,,0,1,2021-08-17 16:00:00+00:00,2021-08-17 16:00:00+00:00,45622.948,TP_E20_DOWN,4.571916783843051,True,True
P1,1,external,2021-09-07,2021-09-07 14:05:00+00:00,2021-09-07 14:10:00+00:00,50784.619,52397.46,50500.0,1897.4599999999991,50784.619,51733.349,50120.508,2021-09-07 14:15:00+00:00,2021-09-07 20:00:00+00:00,TP,6.138505290351762,False,False,False,,0,0,2021-09-07 14:25:00+00:00,2021-09-07 14:25:00+00:00,50120.508,TP_E20_DOWN,6.138505290351762,True,True
P2,2,external,2021-09-07,2021-09-07 14:05:00+00:00,2021-09-07 14:10:00+00:00,50784.619,52397.46,50500.0,1897.4599999999991,50784.619,51733.349,50120.508,2021-09-07 14:15:00+00:00,2021-09-07 20:00:00+00:00,TP,6.138505290351762,False,False,False,,0,0,2021-09-07 14:25:00+00:00,2021-09-07 14:25:00+00:00,50120.508,TP_E20_DOWN,6.138505290351762,True,True
P3,3,external,2021-09-07,2021-09-07 14:05:00+00:00,2021-09-07 14:10:00+00:00,50784.619,52397.46,50500.0,1897.4599999999991,50784.619,51733.349,50120.508,2021-09-07 14:15:00+00:00,2021-09-07 20:00:00+00:00,TP,6.138505290351762,False,False,False,,0,0,2021-09-07 14:25:00+00:00,2021-09-07 14:25:00+00:00,50120.508,TP_E20_DOWN,6.138505290351762,True,True
P1,1,external,2021-09-10,2021-09-10 14:10:00+00:00,2021-09-10 14:15:00+00:00,45759.475,46538.5,45622.0,916.5,45759.475,46217.725,45438.7,2021-09-10 14:20:00+00:00,2021-09-10 20:00:00+00:00,TP,3.105011803566381,False,False,True,2021-09-10 14:15:00+00:00,1,1,2021-09-10 14:15:00+00:00,2021-09-10 14:20:00+00:00,45813.0,PERSISTENCE_P1,-0.9848515526019634,False,False
P2,2,external,2021-09-10,2021-09-10 14:10:00+00:00,2021-09-10 14:15:00+00:00,45759.475,46538.5,45622.0,916.5,45759.475,46217.725,45438.7,2021-09-10 14:20:00+00:00,2021-09-10 20:00:00+00:00,TP,3.105011803566381,False,False,False,,0,1,2021-09-10 14:25:00+00:00,2021-09-10 14:25:00+00:00,45438.7,TP_E20_DOWN,3.105011803566381,True,True
P3,3,external,2021-09-10,2021-09-10 14:10:00+00:00,2021-09-10 14:15:00+00:00,45759.475,46538.5,45622.0,916.5,45759.475,46217.725,45438.7,2021-09-10 14:20:00+00:00,2021-09-10 20:00:00+00:00,TP,3.105011803566381,False,False,False,,0,1,2021-09-10 14:25:00+00:00,2021-09-10 14:25:00+00:00,45438.7,TP_E20_DOWN,3.105011803566381,True,True
P1,1,external,2021-10-07,2021-10-07 14:40:00+00:00,2021-10-07 14:50:00+00:00,53840.1305,54826.87,53666.0,1160.8700000000026,53840.1305,54420.5655,53433.826,2021-10-07 16:10:00+00:00,2021-10-07 20:00:00+00:00,TIME_EXIT,-2.0657602640840618,True,False,True,2021-10-07 14:55:00+00:00,1,1,2021-10-07 14:55:00+00:00,2021-10-07 15:00:00+00:00,53841.96,PERSISTENCE_P1,-0.41699011483636567,False,False
P2,2,external,2021-10-07,2021-10-07 14:40:00+00:00,2021-10-07 14:50:00+00:00,53840.1305,54826.87,53666.0,1160.8700000000026,53840.1305,54420.5655,53433.826,2021-10-07 16:10:00+00:00,2021-10-07 20:00:00+00:00,TIME_EXIT,-2.0657602640840618,True,False,True,2021-10-07 15:00:00+00:00,2,2,2021-10-07 15:00:00+00:00,2021-10-07 15:05:00+00:00,53924.08,PERSISTENCE_P2,-1.17961828120014,False,False
P3,3,external,2021-10-07,2021-10-07 14:40:00+00:00,2021-10-07 14:50:00+00:00,53840.1305,54826.87,53666.0,1160.8700000000026,53840.1305,54420.5655,53433.826,2021-10-07 16:10:00+00:00,2021-10-07 20:00:00+00:00,TIME_EXIT,-2.0657602640840618,True,False,True,2021-10-07 15:05:00+00:00,3,3,2021-10-07 15:05:00+00:00,2021-10-07 15:10:00+00:00,53890.0,PERSISTENCE_P3,-0.863125734808543,False,False
P1,1,external,2021-12-14,2021-12-14 16:00:00+00:00,2021-12-14 16:10:00+00:00,46946.6015,47958.62,46768.01,1190.6100000000006,46946.6015,47541.906500000005,46529.888,2021-12-14 16:15:00+00:00,2021-12-14 20:00:00+00:00,TP,4.038164709324116,False,False,False,,0,0,2021-12-14 18:30:00+00:00,2021-12-14 18:30:00+00:00,46529.888,TP_E20_DOWN,4.038164709324039,True,True
P2,2,external,2021-12-14,2021-12-14 16:00:00+00:00,2021-12-14 16:10:00+00:00,46946.6015,47958.62,46768.01,1190.6100000000006,46946.6015,47541.906500000005,46529.888,2021-12-14 16:15:00+00:00,2021-12-14 20:00:00+00:00,TP,4.038164709324116,False,False,False,,0,0,2021-12-14 18:30:00+00:00,2021-12-14 18:30:00+00:00,46529.888,TP_E20_DOWN,4.038164709324039,True,True
P3,3,external,2021-12-14,2021-12-14 16:00:00+00:00,2021-12-14 16:10:00+00:00,46946.6015,47958.62,46768.01,1190.6100000000006,46946.6015,47541.906500000005,46529.888,2021-12-14 16:15:00+00:00,2021-12-14 20:00:00+00:00,TP,4.038164709324116,False,False,False,,0,0,2021-12-14 18:30:00+00:00,2021-12-14 18:30:00+00:00,46529.888,TP_E20_DOWN,4.038164709324039,True,True
P1,1,external,2021-12-20,2021-12-20 14:25:00+00:00,2021-12-20 14:30:00+00:00,45699.706,46548.04,45550.0,998.0400000000008,45699.706,46198.726,45350.392,,2021-12-20 20:00:00+00:00,CLOSE_INVALIDATION,-6.771638364588182,True,True,True,2021-12-20 14:35:00+00:00,1,1,2021-12-20 14:35:00+00:00,2021-12-20 14:40:00+00:00,45939.53,PERSISTENCE_P1,-3.0239118474854143,False,False
P2,2,external,2021-12-20,2021-12-20 14:25:00+00:00,2021-12-20 14:30:00+00:00,45699.706,46548.04,45550.0,998.0400000000008,45699.706,46198.726,45350.392,,2021-12-20 20:00:00+00:00,CLOSE_INVALIDATION,-6.771638364588182,True,True,True,2021-12-20 14:40:00+00:00,2,2,2021-12-20 14:40:00+00:00,2021-12-20 14:45:00+00:00,45924.63,PERSISTENCE_P2,-2.8608911050762456,False,False
P3,3,external,2021-12-20,2021-12-20 14:25:00+00:00,2021-12-20 14:30:00+00:00,45699.706,46548.04,45550.0,998.0400000000008,45699.706,46198.726,45350.392,,2021-12-20 20:00:00+00:00,CLOSE_INVALIDATION,-6.771638364588182,True,True,True,2021-12-20 14:45:00+00:00,3,3,2021-12-20 14:45:00+00:00,2021-12-20 14:50:00+00:00,46051.48,PERSISTENCE_P3,-4.248755613438792,False,False
P1,1,external,2021-12-22,2021-12-22 13:35:00+00:00,2021-12-22 13:45:00+00:00,48605.742,49522.28,48444.0,1078.2799999999988,48605.742,49144.882,48228.344,,2021-12-22 20:00:00+00:00,TIME_EXIT,-3.5423036397633925,True,True,True,2021-12-22 13:45:00+00:00,1,1,2021-12-22 13:45:00+00:00,2021-12-22 13:50:00+00:00,48607.78,PERSISTENCE_P1,-0.4209646012604896,False,False
P2,2,external,2021-12-22,2021-12-22 13:35:00+00:00,2021-12-22 13:45:00+00:00,48605.742,49522.28,48444.0,1078.2799999999988,48605.742,49144.882,48228.344,,2021-12-22 20:00:00+00:00,TIME_EXIT,-3.5423036397633925,True,True,True,2021-12-22 14:05:00+00:00,2,2,2021-12-22 14:05:00+00:00,2021-12-22 14:10:00+00:00,48682.35,PERSISTENCE_P2,-1.1880550409044284,False,False
P3,3,external,2021-12-22,2021-12-22 13:35:00+00:00,2021-12-22 13:45:00+00:00,48605.742,49522.28,48444.0,1078.2799999999988,48605.742,49144.882,48228.344,,2021-12-22 20:00:00+00:00,TIME_EXIT,-3.5423036397633925,True,True,True,2021-12-22 14:10:00+00:00,3,3,2021-12-22 14:10:00+00:00,2021-12-22 14:15:00+00:00,48670.0,PERSISTENCE_P3,-1.0610124375840373,False,False
P1,1,reference_validation,2025-01-24,2025-01-24 14:10:00+00:00,2025-01-24 14:15:00+00:00,105008.09,105758.3,104875.7,882.6000000000058,105008.09,105449.39,104699.18,2025-01-24 14:30:00+00:00,2025-01-24 20:00:00+00:00,TP,1.0708866716840744,False,False,True,2025-01-24 14:15:00+00:00,1,1,2025-01-24 14:15:00+00:00,2025-01-24 14:20:00+00:00,105126.8,PERSISTENCE_P1,-0.9652421637228447,False,False
P2,2,reference_validation,2025-01-24,2025-01-24 14:10:00+00:00,2025-01-24 14:15:00+00:00,105008.09,105758.3,104875.7,882.6000000000058,105008.09,105449.39,104699.18,2025-01-24 14:30:00+00:00,2025-01-24 20:00:00+00:00,TP,1.0708866716840744,False,False,True,2025-01-24 14:20:00+00:00,2,2,2025-01-24 14:20:00+00:00,2025-01-24 14:25:00+00:00,105114.2,PERSISTENCE_P2,-0.905246786223807,False,False
P3,3,reference_validation,2025-01-24,2025-01-24 14:10:00+00:00,2025-01-24 14:15:00+00:00,105008.09,105758.3,104875.7,882.6000000000058,105008.09,105449.39,104699.18,2025-01-24 14:30:00+00:00,2025-01-24 20:00:00+00:00,TP,1.0708866716840744,False,False,True,2025-01-24 14:25:00+00:00,3,3,2025-01-24 14:25:00+00:00,2025-01-24 14:30:00+00:00,105221.4,PERSISTENCE_P3,-1.4156836487550515,False,False
P1,1,reference_validation,2025-01-29,2025-01-29 13:35:00+00:00,2025-01-29 13:40:00+00:00,101955.71,103012.6,101769.2,1243.4000000000087,101955.71,102577.41,101520.52,2025-01-29 13:45:00+00:00,2025-01-29 20:00:00+00:00,CLOSE_INVALIDATION,-3.8916631937534714,True,False,False,,0,0,2025-01-29 17:30:00+00:00,2025-01-29 17:35:00+00:00,102667.7,CLOSE_INVALIDATION_F65,-3.8916631937533985,False,True
P2,2,reference_validation,2025-01-29,2025-01-29 13:35:00+00:00,2025-01-29 13:40:00+00:00,101955.71,103012.6,101769.2,1243.4000000000087,101955.71,102577.41,101520.52,2025-01-29 13:45:00+00:00,2025-01-29 20:00:00+00:00,CLOSE_INVALIDATION,-3.8916631937534714,True,False,False,,0,0,2025-01-29 17:30:00+00:00,2025-01-29 17:35:00+00:00,102667.7,CLOSE_INVALIDATION_F65,-3.8916631937533985,False,True
P3,3,reference_validation,2025-01-29,2025-01-29 13:35:00+00:00,2025-01-29 13:40:00+00:00,101955.71,103012.6,101769.2,1243.4000000000087,101955.71,102577.41,101520.52,2025-01-29 13:45:00+00:00,2025-01-29 20:00:00+00:00,CLOSE_INVALIDATION,-3.8916631937534714,True,False,False,,0,0,2025-01-29 17:30:00+00:00,2025-01-29 17:35:00+00:00,102667.7,CLOSE_INVALIDATION_F65,-3.8916631937533985,False,True
P1,1,reference_validation,2025-02-27,2025-02-27 13:55:00+00:00,2025-02-27 14:05:00+00:00,86012.935,87066.0,85827.1,1238.8999999999942,86012.935,86632.38500000001,85579.32,2025-02-27 14:15:00+00:00,2025-02-27 20:00:00+00:00,TP,2.1206383202711936,False,False,True,2025-02-27 14:05:00+00:00,1,1,2025-02-27 14:05:00+00:00,2025-02-27 14:10:00+00:00,86134.3,PERSISTENCE_P1,-1.1055043523395942,False,False
P2,2,reference_validation,2025-02-27,2025-02-27 13:55:00+00:00,2025-02-27 14:05:00+00:00,86012.935,87066.0,85827.1,1238.8999999999942,86012.935,86632.38500000001,85579.32,2025-02-27 14:15:00+00:00,2025-02-27 20:00:00+00:00,TP,2.1206383202711936,False,False,True,2025-02-27 14:10:00+00:00,2,2,2025-02-27 14:10:00+00:00,2025-02-27 14:15:00+00:00,86040.3,PERSISTENCE_P2,-0.5590749112328584,False,False
P3,3,reference_validation,2025-02-27,2025-02-27 13:55:00+00:00,2025-02-27 14:05:00+00:00,86012.935,87066.0,85827.1,1238.8999999999942,86012.935,86632.38500000001,85579.32,2025-02-27 14:15:00+00:00,2025-02-27 20:00:00+00:00,TP,2.1206383202711936,False,False,False,,0,2,2025-02-27 14:15:00+00:00,2025-02-27 14:15:00+00:00,85579.32,TP_E20_DOWN,2.1206383202711936,True,False
P1,1,reference_validation,2025-03-04,2025-03-04 13:35:00+00:00,2025-03-04 13:55:00+00:00,82778.925,84359.5,82500.0,1859.5,82778.925,83708.675,82128.1,2025-03-04 14:30:00+00:00,2025-03-04 20:00:00+00:00,TP,3.531103236723581,False,False,True,2025-03-04 13:55:00+00:00,1,1,2025-03-04 13:55:00+00:00,2025-03-04 14:00:00+00:00,82782.4,PERSISTENCE_P1,-0.4209896419891372,False,False
P2,2,reference_validation,2025-03-04,2025-03-04 13:35:00+00:00,2025-03-04 13:55:00+00:00,82778.925,84359.5,82500.0,1859.5,82778.925,83708.675,82128.1,2025-03-04 14:30:00+00:00,2025-03-04 20:00:00+00:00,TP,3.531103236723581,False,False,True,2025-03-04 14:10:00+00:00,2,2,2025-03-04 14:10:00+00:00,2025-03-04 14:15:00+00:00,83067.1,PERSISTENCE_P2,-2.140630238916505,False,False
P3,3,reference_validation,2025-03-04,2025-03-04 13:35:00+00:00,2025-03-04 13:55:00+00:00,82778.925,84359.5,82500.0,1859.5,82778.925,83708.675,82128.1,2025-03-04 14:30:00+00:00,2025-03-04 20:00:00+00:00,TP,3.531103236723581,False,False,False,,0,2,2025-03-04 14:30:00+00:00,2025-03-04 14:30:00+00:00,82128.1,TP_E20_DOWN,3.531103236723581,True,False
P1,1,reference_validation,2025-03-17,2025-03-17 13:35:00+00:00,2025-03-17 13:45:00+00:00,82980.85,84000.0,82801.0,1199.0,82980.85,83580.35,82561.2,2025-03-17 14:00:00+00:00,2025-03-17 20:00:00+00:00,TP,2.1285954530473523,False,False,True,2025-03-17 13:50:00+00:00,1,1,2025-03-17 13:50:00+00:00,2025-03-17 13:55:00+00:00,83121.8,PERSISTENCE_P1,-1.2492923367258655,False,False
P2,2,reference_validation,2025-03-17,2025-03-17 13:35:00+00:00,2025-03-17 13:45:00+00:00,82980.85,84000.0,82801.0,1199.0,82980.85,83580.35,82561.2,2025-03-17 14:00:00+00:00,2025-03-17 20:00:00+00:00,TP,2.1285954530473523,False,False,False,,0,1,2025-03-17 14:05:00+00:00,2025-03-17 14:05:00+00:00,82561.2,TP_E20_DOWN,2.1285954530473523,True,True
P3,3,reference_validation,2025-03-17,2025-03-17 13:35:00+00:00,2025-03-17 13:45:00+00:00,82980.85,84000.0,82801.0,1199.0,82980.85,83580.35,82561.2,2025-03-17 14:00:00+00:00,2025-03-17 20:00:00+00:00,TP,2.1285954530473523,False,False,False,,0,1,2025-03-17 14:05:00+00:00,2025-03-17 14:05:00+00:00,82561.2,TP_E20_DOWN,2.1285954530473523,True,True
P1,1,reference_validation,2025-04-01,2025-04-01 13:40:00+00:00,2025-04-01 13:55:00+00:00,83562.07,84474.8,83401.0,1073.800000000003,83562.07,84098.97,83186.24,2025-04-01 14:00:00+00:00,2025-04-01 20:00:00+00:00,TP,1.848807383541371,False,False,True,2025-04-01 13:55:00+00:00,1,1,2025-04-01 13:55:00+00:00,2025-04-01 14:00:00+00:00,83619.5,PERSISTENCE_P1,-0.7436367720425847,False,False
P2,2,reference_validation,2025-04-01,2025-04-01 13:40:00+00:00,2025-04-01 13:55:00+00:00,83562.07,84474.8,83401.0,1073.800000000003,83562.07,84098.97,83186.24,2025-04-01 14:00:00+00:00,2025-04-01 20:00:00+00:00,TP,1.848807383541371,False,False,False,,0,1,2025-04-01 14:05:00+00:00,2025-04-01 14:05:00+00:00,83186.24,TP_E20_DOWN,1.848807383541371,True,True
P3,3,reference_validation,2025-04-01,2025-04-01 13:40:00+00:00,2025-04-01 13:55:00+00:00,83562.07,84474.8,83401.0,1073.800000000003,83562.07,84098.97,83186.24,2025-04-01 14:00:00+00:00,2025-04-01 20:00:00+00:00,TP,1.848807383541371,False,False,False,,0,1,2025-04-01 14:05:00+00:00,2025-04-01 14:05:00+00:00,83186.24,TP_E20_DOWN,1.848807383541371,True,True
P1,1,reference_validation,2025-04-14,2025-04-14 13:50:00+00:00,2025-04-14 13:55:00+00:00,84358.105,85242.7,84202.0,1040.699999999997,84358.105,84878.455,83993.86,,2025-04-14 20:00:00+00:00,CLOSE_INVALIDATION,-4.475453093689109,True,True,True,2025-04-14 14:00:00+00:00,1,1,2025-04-14 14:00:00+00:00,2025-04-14 14:05:00+00:00,84491.5,PERSISTENCE_P1,-1.1906472057427326,False,False
P2,2,reference_validation,2025-04-14,2025-04-14 13:50:00+00:00,2025-04-14 13:55:00+00:00,84358.105,85242.7,84202.0,1040.699999999997,84358.105,84878.455,83993.86,,2025-04-14 20:00:00+00:00,CLOSE_INVALIDATION,-4.475453093689109,True,True,True,2025-04-14 14:05:00+00:00,2,2,2025-04-14 14:05:00+00:00,2025-04-14 14:10:00+00:00,84485.3,PERSISTENCE_P2,-1.1538991066715343,False,False
P3,3,reference_validation,2025-04-14,2025-04-14 13:50:00+00:00,2025-04-14 13:55:00+00:00,84358.105,85242.7,84202.0,1040.699999999997,84358.105,84878.455,83993.86,,2025-04-14 20:00:00+00:00,CLOSE_INVALIDATION,-4.475453093689109,True,True,True,2025-04-14 14:10:00+00:00,3,3,2025-04-14 14:10:00+00:00,2025-04-14 14:15:00+00:00,84474.0,PERSISTENCE_P3,-1.0869227325578503,False,False
P1,1,reference_validation,2025-04-29,2025-04-29 14:05:00+00:00,2025-04-29 14:20:00+00:00,94648.905,95264.9,94540.2,724.6999999999971,94648.905,95011.255,94395.26,,2025-04-29 20:00:00+00:00,CLOSE_INVALIDATION,-2.6852615146472174,True,True,True,2025-04-29 14:20:00+00:00,1,1,2025-04-29 14:20:00+00:00,2025-04-29 14:25:00+00:00,94676.7,PERSISTENCE_P1,-0.5468321265840226,False,False
P2,2,reference_validation,2025-04-29,2025-04-29 14:05:00+00:00,2025-04-29 14:20:00+00:00,94648.905,95264.9,94540.2,724.6999999999971,94648.905,95011.255,94395.26,,2025-04-29 20:00:00+00:00,CLOSE_INVALIDATION,-2.6852615146472174,True,True,True,2025-04-29 14:25:00+00:00,2,2,2025-04-29 14:25:00+00:00,2025-04-29 14:30:00+00:00,94689.0,PERSISTENCE_P2,-0.6118091065078944,False,False
P3,3,reference_validation,2025-04-29,2025-04-29 14:05:00+00:00,2025-04-29 14:20:00+00:00,94648.905,95264.9,94540.2,724.6999999999971,94648.905,95011.255,94395.26,,2025-04-29 20:00:00+00:00,CLOSE_INVALIDATION,-2.6852615146472174,True,True,True,2025-04-29 14:30:00+00:00,3,3,2025-04-29 14:30:00+00:00,2025-04-29 14:35:00+00:00,94829.8,PERSISTENCE_P3,-1.3556106327907549,False,False
P1,1,reference_validation,2025-05-09,2025-05-09 14:45:00+00:00,2025-05-09 16:00:00+00:00,102608.025,103920.0,102376.5,1543.5,102608.025,103379.775,102067.8,2025-05-09 16:55:00+00:00,2025-05-09 20:00:00+00:00,TIME_EXIT,-3.0190690250592285,True,False,True,2025-05-09 16:10:00+00:00,1,1,2025-05-09 16:10:00+00:00,2025-05-09 16:15:00+00:00,102768.5,PERSISTENCE_P1,-1.1819807466326626,False,False
P2,2,reference_validation,2025-05-09,2025-05-09 14:45:00+00:00,2025-05-09 16:00:00+00:00,102608.025,103920.0,102376.5,1543.5,102608.025,103379.775,102067.8,2025-05-09 16:55:00+00:00,2025-05-09 20:00:00+00:00,TIME_EXIT,-3.0190690250592285,True,False,True,2025-05-09 16:15:00+00:00,2,2,2025-05-09 16:15:00+00:00,2025-05-09 16:20:00+00:00,102796.6,PERSISTENCE_P2,-1.3189096077037428,False,False
P3,3,reference_validation,2025-05-09,2025-05-09 14:45:00+00:00,2025-05-09 16:00:00+00:00,102608.025,103920.0,102376.5,1543.5,102608.025,103379.775,102067.8,2025-05-09 16:55:00+00:00,2025-05-09 20:00:00+00:00,TIME_EXIT,-3.0190690250592285,True,False,True,2025-05-09 16:20:00+00:00,3,3,2025-05-09 16:20:00+00:00,2025-05-09 16:25:00+00:00,102818.4,PERSISTENCE_P3,-1.4251391155808721,False,False
P1,1,reference_validation,2025-05-26,2025-05-26 14:00:00+00:00,2025-05-26 14:15:00+00:00,109595.82,110138.8,109500.0,638.8000000000029,109595.82,109915.22,109372.24,2025-05-26 14:20:00+00:00,2025-05-26 20:00:00+00:00,CLOSE_INVALIDATION,-2.6947043053284143,True,False,True,2025-05-26 14:15:00+00:00,1,1,2025-05-26 14:15:00+00:00,2025-05-26 14:20:00+00:00,109632.4,PERSISTENCE_P1,-0.5668859268537212,False,False
P2,2,reference_validation,2025-05-26,2025-05-26 14:00:00+00:00,2025-05-26 14:15:00+00:00,109595.82,110138.8,109500.0,638.8000000000029,109595.82,109915.22,109372.24,2025-05-26 14:20:00+00:00,2025-05-26 20:00:00+00:00,CLOSE_INVALIDATION,-2.6947043053284143,True,False,False,,0,1,2025-05-26 15:30:00+00:00,2025-05-26 15:35:00+00:00,110098.8,CLOSE_INVALIDATION_F65,-2.6947043053284143,False,True
P3,3,reference_validation,2025-05-26,2025-05-26 14:00:00+00:00,2025-05-26 14:15:00+00:00,109595.82,110138.8,109500.0,638.8000000000029,109595.82,109915.22,109372.24,2025-05-26 14:20:00+00:00,2025-05-26 20:00:00+00:00,CLOSE_INVALIDATION,-2.6947043053284143,True,False,False,,0,1,2025-05-26 15:30:00+00:00,2025-05-26 15:35:00+00:00,110098.8,CLOSE_INVALIDATION_F65,-2.6947043053284143,False,True
P1,1,reference_validation,2025-06-12,2025-06-12 13:35:00+00:00,2025-06-12 13:55:00+00:00,106854.5,107798.0,106688.0,1110.0,106854.5,107409.5,106466.0,,2025-06-12 20:00:00+00:00,CLOSE_INVALIDATION,-3.054544263461075,True,True,True,2025-06-12 13:55:00+00:00,1,1,2025-06-12 13:55:00+00:00,2025-06-12 14:00:00+00:00,107015.9,PERSISTENCE_P1,-1.1552325826240084,False,False
P2,2,reference_validation,2025-06-12,2025-06-12 13:35:00+00:00,2025-06-12 13:55:00+00:00,106854.5,107798.0,106688.0,1110.0,106854.5,107409.5,106466.0,,2025-06-12 20:00:00+00:00,CLOSE_INVALIDATION,-3.054544263461075,True,True,True,2025-06-12 14:00:00+00:00,2,2,2025-06-12 14:00:00+00:00,2025-06-12 14:05:00+00:00,107134.1,PERSISTENCE_P2,-1.7083211282632265,False,False
P3,3,reference_validation,2025-06-12,2025-06-12 13:35:00+00:00,2025-06-12 13:55:00+00:00,106854.5,107798.0,106688.0,1110.0,106854.5,107409.5,106466.0,,2025-06-12 20:00:00+00:00,CLOSE_INVALIDATION,-3.054544263461075,True,True,True,2025-06-12 14:05:00+00:00,3,3,2025-06-12 14:05:00+00:00,2025-06-12 14:10:00+00:00,107250.2,PERSISTENCE_P3,-2.2515832276600287,False,False
P1,1,reference_validation,2025-06-16,2025-06-16 13:40:00+00:00,2025-06-16 13:45:00+00:00,106622.835,107199.9,106521.0,678.8999999999942,106622.835,106962.285,106385.22,,2025-06-16 20:00:00+00:00,CLOSE_INVALIDATION,-2.67983527168457,True,True,True,2025-06-16 13:45:00+00:00,1,1,2025-06-16 13:45:00+00:00,2025-06-16 13:50:00+00:00,106657.2,PERSISTENCE_P1,-0.5611521584470658,False,False
P2,2,reference_validation,2025-06-16,2025-06-16 13:40:00+00:00,2025-06-16 13:45:00+00:00,106622.835,107199.9,106521.0,678.8999999999942,106622.835,106962.285,106385.22,,2025-06-16 20:00:00+00:00,CLOSE_INVALIDATION,-2.67983527168457,True,True,True,2025-06-16 13:50:00+00:00,2,2,2025-06-16 13:50:00+00:00,2025-06-16 13:55:00+00:00,106714.0,PERSISTENCE_P2,-0.8275116113728995,False,False
P3,3,reference_validation,2025-06-16,2025-06-16 13:40:00+00:00,2025-06-16 13:45:00+00:00,106622.835,107199.9,106521.0,678.8999999999942,106622.835,106962.285,106385.22,,2025-06-16 20:00:00+00:00,CLOSE_INVALIDATION,-2.67983527168457,True,True,True,2025-06-16 13:55:00+00:00,3,3,2025-06-16 13:55:00+00:00,2025-06-16 14:00:00+00:00,107109.0,PERSISTENCE_P3,-2.6798352716845018,False,False
P1,1,reference_validation,2025-06-18,2025-06-18 13:35:00+00:00,2025-06-18 13:40:00+00:00,104068.27,105276.8,103855.0,1421.800000000003,104068.27,104779.17,103570.64,2025-06-18 17:30:00+00:00,2025-06-18 20:00:00+00:00,CLOSE_INVALIDATION,-4.225998068383388,True,False,True,2025-06-18 13:40:00+00:00,1,1,2025-06-18 13:40:00+00:00,2025-06-18 13:45:00+00:00,104155.4,PERSISTENCE_P1,-0.8186194312636796,False,False
P2,2,reference_validation,2025-06-18,2025-06-18 13:35:00+00:00,2025-06-18 13:40:00+00:00,104068.27,105276.8,103855.0,1421.800000000003,104068.27,104779.17,103570.64,2025-06-18 17:30:00+00:00,2025-06-18 20:00:00+00:00,CLOSE_INVALIDATION,-4.225998068383388,True,False,True,2025-06-18 13:55:00+00:00,2,2,2025-06-18 13:55:00+00:00,2025-06-18 14:00:00+00:00,104400.2,PERSISTENCE_P2,-1.9947704329090556,False,False
P3,3,reference_validation,2025-06-18,2025-06-18 13:35:00+00:00,2025-06-18 13:40:00+00:00,104068.27,105276.8,103855.0,1421.800000000003,104068.27,104779.17,103570.64,2025-06-18 17:30:00+00:00,2025-06-18 20:00:00+00:00,CLOSE_INVALIDATION,-4.225998068383388,True,False,True,2025-06-18 14:00:00+00:00,3,3,2025-06-18 14:00:00+00:00,2025-06-18 14:05:00+00:00,104730.9,PERSISTENCE_P3,-3.5836312835794715,False,False
P1,1,reference_validation,2025-07-07,2025-07-07 13:45:00+00:00,2025-07-07 14:10:00+00:00,108128.98,109041.2,107968.0,1073.199999999997,108128.98,108665.58,107753.36,2025-07-07 14:35:00+00:00,2025-07-07 20:00:00+00:00,TP,1.3369071640183572,False,False,True,2025-07-07 14:15:00+00:00,1,1,2025-07-07 14:15:00+00:00,2025-07-07 14:20:00+00:00,108129.1,PERSISTENCE_P1,-0.4005548928696539,False,False
P2,2,reference_validation,2025-07-07,2025-07-07 13:45:00+00:00,2025-07-07 14:10:00+00:00,108128.98,109041.2,107968.0,1073.199999999997,108128.98,108665.58,107753.36,2025-07-07 14:35:00+00:00,2025-07-07 20:00:00+00:00,TP,1.3369071640183572,False,False,True,2025-07-07 14:20:00+00:00,2,2,2025-07-07 14:20:00+00:00,2025-07-07 14:25:00+00:00,108188.9,PERSISTENCE_P2,-0.6770765062243178,False,False
P3,3,reference_validation,2025-07-07,2025-07-07 13:45:00+00:00,2025-07-07 14:10:00+00:00,108128.98,109041.2,107968.0,1073.199999999997,108128.98,108665.58,107753.36,2025-07-07 14:35:00+00:00,2025-07-07 20:00:00+00:00,TP,1.3369071640183572,False,False,False,,0,2,2025-07-07 17:05:00+00:00,2025-07-07 17:05:00+00:00,107753.36,TP_E20_DOWN,1.3369071640183572,True,True
P1,1,reference_validation,2025-07-09,2025-07-09 14:40:00+00:00,2025-07-09 14:50:00+00:00,108694.275,109738.5,108510.0,1228.5,108694.275,109308.525,108264.3,,2025-07-09 20:00:00+00:00,CLOSE_INVALIDATION,-3.386012832782592,True,True,True,2025-07-09 14:50:00+00:00,1,1,2025-07-09 14:50:00+00:00,2025-07-09 14:55:00+00:00,108721.0,PERSISTENCE_P1,-0.5229365576062117,False,False
P2,2,reference_validation,2025-07-09,2025-07-09 14:40:00+00:00,2025-07-09 14:50:00+00:00,108694.275,109738.5,108510.0,1228.5,108694.275,109308.525,108264.3,,2025-07-09 20:00:00+00:00,CLOSE_INVALIDATION,-3.386012832782592,True,True,True,2025-07-09 14:55:00+00:00,2,2,2025-07-09 14:55:00+00:00,2025-07-09 15:00:00+00:00,108840.0,PERSISTENCE_P2,-1.0703434932520863,False,False
P3,3,reference_validation,2025-07-09,2025-07-09 14:40:00+00:00,2025-07-09 14:50:00+00:00,108694.275,109738.5,108510.0,1228.5,108694.275,109308.525,108264.3,,2025-07-09 20:00:00+00:00,CLOSE_INVALIDATION,-3.386012832782592,True,True,True,2025-07-09 15:00:00+00:00,3,3,2025-07-09 15:00:00+00:00,2025-07-09 15:05:00+00:00,109118.0,PERSISTENCE_P3,-2.3491596958533734,False,False
P1,1,reference_validation,2025-08-01,2025-08-01 14:05:00+00:00,2025-08-01 17:55:00+00:00,114340.66,115956.0,114055.6,1900.3999999999944,114340.66,115290.86,113675.52,2025-08-01 18:10:00+00:00,2025-08-01 20:00:00+00:00,TP,2.508589123064356,False,False,True,2025-08-01 17:55:00+00:00,1,1,2025-08-01 17:55:00+00:00,2025-08-01 18:00:00+00:00,114387.3,PERSISTENCE_P1,-0.6039519450036384,False,False
P2,2,reference_validation,2025-08-01,2025-08-01 14:05:00+00:00,2025-08-01 17:55:00+00:00,114340.66,115956.0,114055.6,1900.3999999999944,114340.66,115290.86,113675.52,2025-08-01 18:10:00+00:00,2025-08-01 20:00:00+00:00,TP,2.508589123064356,False,False,False,,0,1,2025-08-01 18:15:00+00:00,2025-08-01 18:15:00+00:00,113675.52,TP_E20_DOWN,2.508589123064356,True,True
P3,3,reference_validation,2025-08-01,2025-08-01 14:05:00+00:00,2025-08-01 17:55:00+00:00,114340.66,115956.0,114055.6,1900.3999999999944,114340.66,115290.86,113675.52,2025-08-01 18:10:00+00:00,2025-08-01 20:00:00+00:00,TP,2.508589123064356,False,False,False,,0,1,2025-08-01 18:15:00+00:00,2025-08-01 18:15:00+00:00,113675.52,TP_E20_DOWN,2.508589123064356,True,True
P1,1,reference_validation,2025-08-21,2025-08-21 14:45:00+00:00,2025-08-21 14:50:00+00:00,113059.235,113947.4,112902.5,1044.8999999999942,113059.235,113581.685,112693.52,2025-08-21 15:10:00+00:00,2025-08-21 20:00:00+00:00,TP,1.2173601386918835,False,False,True,2025-08-21 14:50:00+00:00,1,1,2025-08-21 14:50:00+00:00,2025-08-21 14:55:00+00:00,113345.5,PERSISTENCE_P1,-1.6659956526328852,False,False
P2,2,reference_validation,2025-08-21,2025-08-21 14:45:00+00:00,2025-08-21 14:50:00+00:00,113059.235,113947.4,112902.5,1044.8999999999942,113059.235,113581.685,112693.52,2025-08-21 15:10:00+00:00,2025-08-21 20:00:00+00:00,TP,1.2173601386918835,False,False,True,2025-08-21 14:55:00+00:00,2,2,2025-08-21 14:55:00+00:00,2025-08-21 15:00:00+00:00,113232.0,PERSISTENCE_P2,-1.1640463868342972,False,False
P3,3,reference_validation,2025-08-21,2025-08-21 14:45:00+00:00,2025-08-21 14:50:00+00:00,113059.235,113947.4,112902.5,1044.8999999999942,113059.235,113581.685,112693.52,2025-08-21 15:10:00+00:00,2025-08-21 20:00:00+00:00,TP,1.2173601386918835,False,False,True,2025-08-21 15:00:00+00:00,3,3,2025-08-21 15:00:00+00:00,2025-08-21 15:05:00+00:00,113107.0,PERSISTENCE_P3,-0.6112388253821079,False,False
P1,1,reference_validation,2025-10-20,2025-10-20 16:05:00+00:00,2025-10-20 16:30:00+00:00,110691.965,111650.0,110522.9,1127.1000000000058,110691.965,111255.515,110297.48,2025-10-20 16:35:00+00:00,2025-10-20 20:00:00+00:00,TP,1.381904404714473,False,False,True,2025-10-20 16:30:00+00:00,1,1,2025-10-20 16:30:00+00:00,2025-10-20 16:35:00+00:00,110702.5,PERSISTENCE_P1,-0.44758701320372934,False,False
P2,2,reference_validation,2025-10-20,2025-10-20 16:05:00+00:00,2025-10-20 16:30:00+00:00,110691.965,111650.0,110522.9,1127.1000000000058,110691.965,111255.515,110297.48,2025-10-20 16:35:00+00:00,2025-10-20 20:00:00+00:00,TP,1.381904404714473,False,False,False,,0,1,2025-10-20 16:45:00+00:00,2025-10-20 16:45:00+00:00,110297.48,TP_E20_DOWN,1.381904404714473,True,True
P3,3,reference_validation,2025-10-20,2025-10-20 16:05:00+00:00,2025-10-20 16:30:00+00:00,110691.965,111650.0,110522.9,1127.1000000000058,110691.965,111255.515,110297.48,2025-10-20 16:35:00+00:00,2025-10-20 20:00:00+00:00,TP,1.381904404714473,False,False,False,,0,1,2025-10-20 16:45:00+00:00,2025-10-20 16:45:00+00:00,110297.48,TP_E20_DOWN,1.381904404714473,True,True
P1,1,reference_validation,2025-12-04,2025-12-04 13:50:00+00:00,2025-12-04 14:00:00+00:00,92589.35,93600.0,92411.0,1189.0,92589.35,93183.85,92173.2,2025-12-04 14:35:00+00:00,2025-12-04 20:00:00+00:00,TP,1.8472887000503229,False,False,True,2025-12-04 14:10:00+00:00,1,1,2025-12-04 14:10:00+00:00,2025-12-04 14:15:00+00:00,92614.7,PERSISTENCE_P1,-0.5368947940556407,False,False
P2,2,reference_validation,2025-12-04,2025-12-04 13:50:00+00:00,2025-12-04 14:00:00+00:00,92589.35,93600.0,92411.0,1189.0,92589.35,93183.85,92173.2,2025-12-04 14:35:00+00:00,2025-12-04 20:00:00+00:00,TP,1.8472887000503229,False,False,True,2025-12-04 14:15:00+00:00,2,2,2025-12-04 14:15:00+00:00,2025-12-04 14:20:00+00:00,92593.4,PERSISTENCE_P2,-0.42187076591415945,False,False
P3,3,reference_validation,2025-12-04,2025-12-04 13:50:00+00:00,2025-12-04 14:00:00+00:00,92589.35,93600.0,92411.0,1189.0,92589.35,93183.85,92173.2,2025-12-04 14:35:00+00:00,2025-12-04 20:00:00+00:00,TP,1.8472887000503229,False,False,False,,0,2,2025-12-04 14:50:00+00:00,2025-12-04 14:50:00+00:00,92173.2,TP_E20_DOWN,1.8472887000503229,True,True
P1,1,reference_validation,2025-12-08,2025-12-08 13:45:00+00:00,2025-12-08 13:50:00+00:00,91557.95,92262.6,91433.6,829.0,91557.95,91972.45,91267.8,2025-12-08 13:55:00+00:00,2025-12-08 20:00:00+00:00,TP,1.1845155991369871,False,False,False,,0,0,2025-12-08 14:20:00+00:00,2025-12-08 14:20:00+00:00,91267.8,TP_E20_DOWN,1.1845155991369083,True,True
P2,2,reference_validation,2025-12-08,2025-12-08 13:45:00+00:00,2025-12-08 13:50:00+00:00,91557.95,92262.6,91433.6,829.0,91557.95,91972.45,91267.8,2025-12-08 13:55:00+00:00,2025-12-08 20:00:00+00:00,TP,1.1845155991369871,False,False,False,,0,0,2025-12-08 14:20:00+00:00,2025-12-08 14:20:00+00:00,91267.8,TP_E20_DOWN,1.1845155991369083,True,True
P3,3,reference_validation,2025-12-08,2025-12-08 13:45:00+00:00,2025-12-08 13:50:00+00:00,91557.95,92262.6,91433.6,829.0,91557.95,91972.45,91267.8,2025-12-08 13:55:00+00:00,2025-12-08 20:00:00+00:00,TP,1.1845155991369871,False,False,False,,0,0,2025-12-08 14:20:00+00:00,2025-12-08 14:20:00+00:00,91267.8,TP_E20_DOWN,1.1845155991369083,True,True
P1,1,reference_validation,2025-12-10,2025-12-10 14:55:00+00:00,2025-12-10 15:10:00+00:00,91954.685,93278.9,91721.0,1557.8999999999942,91954.685,92733.635,91409.42,2025-12-10 15:30:00+00:00,2025-12-10 20:00:00+00:00,CLOSE_INVALIDATION,-5.841892384276029,True,False,True,2025-12-10 15:10:00+00:00,1,1,2025-12-10 15:10:00+00:00,2025-12-10 15:15:00+00:00,92050.2,PERSISTENCE_P1,-0.9193590734392676,False,False
P2,2,reference_validation,2025-12-10,2025-12-10 14:55:00+00:00,2025-12-10 15:10:00+00:00,91954.685,93278.9,91721.0,1557.8999999999942,91954.685,92733.635,91409.42,2025-12-10 15:30:00+00:00,2025-12-10 20:00:00+00:00,CLOSE_INVALIDATION,-5.841892384276029,True,False,False,,0,1,2025-12-10 18:35:00+00:00,2025-12-10 18:40:00+00:00,92955.5,CLOSE_INVALIDATION_F65,-5.841892384276029,False,True
P3,3,reference_validation,2025-12-10,2025-12-10 14:55:00+00:00,2025-12-10 15:10:00+00:00,91954.685,93278.9,91721.0,1557.8999999999942,91954.685,92733.635,91409.42,2025-12-10 15:30:00+00:00,2025-12-10 20:00:00+00:00,CLOSE_INVALIDATION,-5.841892384276029,True,False,False,,0,1,2025-12-10 18:35:00+00:00,2025-12-10 18:40:00+00:00,92955.5,CLOSE_INVALIDATION_F65,-5.841892384276029,False,True
P1,1,reference_validation,2025-12-12,2025-12-12 14:35:00+00:00,2025-12-12 15:00:00+00:00,92120.94,92600.0,92036.4,563.6000000000058,92120.94,92402.74,91923.68,2025-12-12 15:05:00+00:00,2025-12-12 20:00:00+00:00,TP,0.6706577679299043,False,False,False,,0,0,2025-12-12 15:05:00+00:00,2025-12-12 15:05:00+00:00,91923.68,TP_E20_DOWN,0.6706577679299043,True,False
P2,2,reference_validation,2025-12-12,2025-12-12 14:35:00+00:00,2025-12-12 15:00:00+00:00,92120.94,92600.0,92036.4,563.6000000000058,92120.94,92402.74,91923.68,2025-12-12 15:05:00+00:00,2025-12-12 20:00:00+00:00,TP,0.6706577679299043,False,False,False,,0,0,2025-12-12 15:05:00+00:00,2025-12-12 15:05:00+00:00,91923.68,TP_E20_DOWN,0.6706577679299043,True,False
P3,3,reference_validation,2025-12-12,2025-12-12 14:35:00+00:00,2025-12-12 15:00:00+00:00,92120.94,92600.0,92036.4,563.6000000000058,92120.94,92402.74,91923.68,2025-12-12 15:05:00+00:00,2025-12-12 20:00:00+00:00,TP,0.6706577679299043,False,False,False,,0,0,2025-12-12 15:05:00+00:00,2025-12-12 15:05:00+00:00,91923.68,TP_E20_DOWN,0.6706577679299043,True,False
P1,1,reference_validation,2025-12-22,2025-12-22 17:15:00+00:00,2025-12-22 17:25:00+00:00,89282.435,90599.0,89050.1,1548.8999999999942,89282.435,90056.88500000001,88740.32,2025-12-22 19:00:00+00:00,2025-12-22 20:00:00+00:00,TP,2.63595550457372,False,False,True,2025-12-22 17:25:00+00:00,1,1,2025-12-22 17:25:00+00:00,2025-12-22 17:30:00+00:00,89302.9,PERSISTENCE_P1,-0.5146082093302927,False,False
P2,2,reference_validation,2025-12-22,2025-12-22 17:15:00+00:00,2025-12-22 17:25:00+00:00,89282.435,90599.0,89050.1,1548.8999999999942,89282.435,90056.88500000001,88740.32,2025-12-22 19:00:00+00:00,2025-12-22 20:00:00+00:00,TP,2.63595550457372,False,False,True,2025-12-22 18:15:00+00:00,2,2,2025-12-22 18:15:00+00:00,2025-12-22 18:20:00+00:00,89311.4,PERSISTENCE_P2,-0.562209957647305,False,False
P3,3,reference_validation,2025-12-22,2025-12-22 17:15:00+00:00,2025-12-22 17:25:00+00:00,89282.435,90599.0,89050.1,1548.8999999999942,89282.435,90056.88500000001,88740.32,2025-12-22 19:00:00+00:00,2025-12-22 20:00:00+00:00,TP,2.63595550457372,False,False,True,2025-12-22 18:20:00+00:00,3,3,2025-12-22 18:20:00+00:00,2025-12-22 18:25:00+00:00,89357.8,PERSISTENCE_P3,-0.8220595014013968,False,False
P1,1,reference_validation,2026-02-09,2026-02-09 14:10:00+00:00,2026-02-09 14:30:00+00:00,68705.31,70583.3,68373.9,2209.4000000000087,68705.31,69810.01,67932.01999999999,,2026-02-09 20:00:00+00:00,CLOSE_INVALIDATION,-9.06737956644112,True,True,True,2026-02-09 14:35:00+00:00,1,1,2026-02-09 14:35:00+00:00,2026-02-09 14:40:00+00:00,69309.9,PERSISTENCE_P1,-4.799878262684475,False,False
P2,2,reference_validation,2026-02-09,2026-02-09 14:10:00+00:00,2026-02-09 14:30:00+00:00,68705.31,70583.3,68373.9,2209.4000000000087,68705.31,69810.01,67932.01999999999,,2026-02-09 20:00:00+00:00,CLOSE_INVALIDATION,-9.06737956644112,True,True,True,2026-02-09 14:40:00+00:00,2,2,2026-02-09 14:40:00+00:00,2026-02-09 14:45:00+00:00,69138.1,PERSISTENCE_P2,-3.5496109980437334,False,False
P3,3,reference_validation,2026-02-09,2026-02-09 14:10:00+00:00,2026-02-09 14:30:00+00:00,68705.31,70583.3,68373.9,2209.4000000000087,68705.31,69810.01,67932.01999999999,,2026-02-09 20:00:00+00:00,CLOSE_INVALIDATION,-9.06737956644112,True,True,True,2026-02-09 14:45:00+00:00,3,3,2026-02-09 14:45:00+00:00,2026-02-09 14:50:00+00:00,69285.1,PERSISTENCE_P3,-4.6193973071368735,False,False
P1,1,reference_validation,2026-02-18,2026-02-18 14:00:00+00:00,2026-02-18 14:05:00+00:00,67247.31999999999,68438.0,67037.2,1400.800000000003,67247.31999999999,67947.72,66757.04,2026-02-18 14:15:00+00:00,2026-02-18 20:00:00+00:00,TP,3.2453497328964107,False,False,True,2026-02-18 14:05:00+00:00,1,1,2026-02-18 14:05:00+00:00,2026-02-18 14:10:00+00:00,67281.2,PERSISTENCE_P1,-0.6519059495605525,False,False
P2,2,reference_validation,2026-02-18,2026-02-18 14:00:00+00:00,2026-02-18 14:05:00+00:00,67247.31999999999,68438.0,67037.2,1400.800000000003,67247.31999999999,67947.72,66757.04,2026-02-18 14:15:00+00:00,2026-02-18 20:00:00+00:00,TP,3.2453497328964107,False,False,True,2026-02-18 14:10:00+00:00,2,2,2026-02-18 14:10:00+00:00,2026-02-18 14:15:00+00:00,67250.9,PERSISTENCE_P2,-0.42661816114011497,False,False
P3,3,reference_validation,2026-02-18,2026-02-18 14:00:00+00:00,2026-02-18 14:05:00+00:00,67247.31999999999,68438.0,67037.2,1400.800000000003,67247.31999999999,67947.72,66757.04,2026-02-18 14:15:00+00:00,2026-02-18 20:00:00+00:00,TP,3.2453497328964107,False,False,False,,0,2,2026-02-18 14:45:00+00:00,2026-02-18 14:45:00+00:00,66757.04,TP_E20_DOWN,3.2453497328964107,True,True
P1,1,reference_validation,2026-02-23,2026-02-23 14:45:00+00:00,2026-02-23 14:50:00+00:00,65690.58499999999,66574.5,65534.6,1039.9000000000017,65690.58499999999,66210.535,65326.62,2026-02-23 16:00:00+00:00,2026-02-23 20:00:00+00:00,TP,2.3702980571720937,False,False,True,2026-02-23 14:50:00+00:00,1,1,2026-02-23 14:50:00+00:00,2026-02-23 14:55:00+00:00,65919.6,PERSISTENCE_P1,-2.143134118839207,False,False
P2,2,reference_validation,2026-02-23,2026-02-23 14:45:00+00:00,2026-02-23 14:50:00+00:00,65690.58499999999,66574.5,65534.6,1039.9000000000017,65690.58499999999,66210.535,65326.62,2026-02-23 16:00:00+00:00,2026-02-23 20:00:00+00:00,TP,2.3702980571720937,False,False,True,2026-02-23 14:55:00+00:00,2,2,2026-02-23 14:55:00+00:00,2026-02-23 15:00:00+00:00,65895.5,PERSISTENCE_P2,-1.9596983951353772,False,False
P3,3,reference_validation,2026-02-23,2026-02-23 14:45:00+00:00,2026-02-23 14:50:00+00:00,65690.58499999999,66574.5,65534.6,1039.9000000000017,65690.58499999999,66210.535,65326.62,2026-02-23 16:00:00+00:00,2026-02-23 20:00:00+00:00,TP,2.3702980571720937,False,False,True,2026-02-23 15:00:00+00:00,3,3,2026-02-23 15:00:00+00:00,2026-02-23 15:05:00+00:00,65725.5,PERSISTENCE_P3,-0.6657534561460228,False,False
P1,1,reference_validation,2026-02-27,2026-02-27 13:40:00+00:00,2026-02-27 13:45:00+00:00,66076.23999999999,68127.8,65714.2,2413.600000000006,66076.23999999999,67283.04000000001,65231.48,2026-02-27 14:45:00+00:00,2026-02-27 20:00:00+00:00,TP,5.99231287978852,False,False,True,2026-02-27 13:45:00+00:00,1,1,2026-02-27 13:45:00+00:00,2026-02-27 13:50:00+00:00,66115.7,PERSISTENCE_P1,-0.6985944720826004,False,False
P2,2,reference_validation,2026-02-27,2026-02-27 13:40:00+00:00,2026-02-27 13:45:00+00:00,66076.23999999999,68127.8,65714.2,2413.600000000006,66076.23999999999,67283.04000000001,65231.48,2026-02-27 14:45:00+00:00,2026-02-27 20:00:00+00:00,TP,5.99231287978852,False,False,True,2026-02-27 13:50:00+00:00,2,2,2026-02-27 13:50:00+00:00,2026-02-27 13:55:00+00:00,66195.0,PERSISTENCE_P2,-1.2986588825272847,False,False
P3,3,reference_validation,2026-02-27,2026-02-27 13:40:00+00:00,2026-02-27 13:45:00+00:00,66076.23999999999,68127.8,65714.2,2413.600000000006,66076.23999999999,67283.04000000001,65231.48,2026-02-27 14:45:00+00:00,2026-02-27 20:00:00+00:00,TP,5.99231287978852,False,False,True,2026-02-27 13:55:00+00:00,3,3,2026-02-27 13:55:00+00:00,2026-02-27 14:00:00+00:00,66240.0,PERSISTENCE_P3,-1.639174626159186,False,False
P1,1,reference_validation,2026-04-24,2026-04-24 18:20:00+00:00,2026-04-24 18:30:00+00:00,77517.365,78432.9,77355.8,1077.0999999999913,77517.365,78055.915,77140.38,,2026-04-24 20:00:00+00:00,TIME_EXIT,-0.9072089331209514,True,True,True,2026-04-24 18:30:00+00:00,1,1,2026-04-24 18:30:00+00:00,2026-04-24 18:35:00+00:00,77541.1,PERSISTENCE_P1,-0.5530947291616568,False,False
P2,2,reference_validation,2026-04-24,2026-04-24 18:20:00+00:00,2026-04-24 18:30:00+00:00,77517.365,78432.9,77355.8,1077.0999999999913,77517.365,78055.915,77140.38,,2026-04-24 20:00:00+00:00,TIME_EXIT,-0.9072089331209514,True,True,True,2026-04-24 18:45:00+00:00,2,2,2026-04-24 18:45:00+00:00,2026-04-24 18:50:00+00:00,77521.6,PERSISTENCE_P2,-0.4273164599957738,False,False
P3,3,reference_validation,2026-04-24,2026-04-24 18:20:00+00:00,2026-04-24 18:30:00+00:00,77517.365,78432.9,77355.8,1077.0999999999913,77517.365,78055.915,77140.38,,2026-04-24 20:00:00+00:00,TIME_EXIT,-0.9072089331209514,True,True,True,2026-04-24 18:50:00+00:00,3,3,2026-04-24 18:50:00+00:00,2026-04-24 18:55:00+00:00,77549.0,PERSISTENCE_P3,-0.6040510535929257,False,False
P1,1,reference_validation,2026-05-06,2026-05-06 14:10:00+00:00,2026-05-06 14:55:00+00:00,81512.305,82828.7,81280.0,1548.699999999997,81512.305,82286.655,80970.26,2026-05-06 15:10:00+00:00,2026-05-06 20:00:00+00:00,TIME_EXIT,0.1876720085390359,False,False,True,2026-05-06 15:00:00+00:00,1,1,2026-05-06 15:00:00+00:00,2026-05-06 15:05:00+00:00,81572.1,PERSISTENCE_P1,-0.7667851129962084,False,False
P2,2,reference_validation,2026-05-06,2026-05-06 14:10:00+00:00,2026-05-06 14:55:00+00:00,81512.305,82828.7,81280.0,1548.699999999997,81512.305,82286.655,80970.26,2026-05-06 15:10:00+00:00,2026-05-06 20:00:00+00:00,TIME_EXIT,0.1876720085390359,False,False,False,,0,1,2026-05-06 20:00:00+00:00,2026-05-06 20:00:00+00:00,81416.5,TIME_EXIT,0.18767200853903598,True,True
P3,3,reference_validation,2026-05-06,2026-05-06 14:10:00+00:00,2026-05-06 14:55:00+00:00,81512.305,82828.7,81280.0,1548.699999999997,81512.305,82286.655,80970.26,2026-05-06 15:10:00+00:00,2026-05-06 20:00:00+00:00,TIME_EXIT,0.1876720085390359,False,False,False,,0,1,2026-05-06 20:00:00+00:00,2026-05-06 20:00:00+00:00,81416.5,TIME_EXIT,0.18767200853903598,True,True
P1,1,reference_validation,2026-05-08,2026-05-08 13:45:00+00:00,2026-05-08 15:20:00+00:00,79689.2,80478.0,79550.0,928.0,79689.2,80153.2,79364.4,,2026-05-08 20:00:00+00:00,CLOSE_INVALIDATION,-3.720399753040544,True,True,True,2026-05-08 15:30:00+00:00,1,1,2026-05-08 15:30:00+00:00,2026-05-08 15:35:00+00:00,79839.9,PERSISTENCE_P1,-1.3455484557505728,False,False
P2,2,reference_validation,2026-05-08,2026-05-08 13:45:00+00:00,2026-05-08 15:20:00+00:00,79689.2,80478.0,79550.0,928.0,79689.2,80153.2,79364.4,,2026-05-08 20:00:00+00:00,CLOSE_INVALIDATION,-3.720399753040544,True,True,True,2026-05-08 15:35:00+00:00,2,2,2026-05-08 15:35:00+00:00,2026-05-08 15:40:00+00:00,79864.1,PERSISTENCE_P2,-1.4973883537543906,False,False
P3,3,reference_validation,2026-05-08,2026-05-08 13:45:00+00:00,2026-05-08 15:20:00+00:00,79689.2,80478.0,79550.0,928.0,79689.2,80153.2,79364.4,,2026-05-08 20:00:00+00:00,CLOSE_INVALIDATION,-3.720399753040544,True,True,True,2026-05-08 15:40:00+00:00,3,3,2026-05-08 15:40:00+00:00,2026-05-08 15:45:00+00:00,79930.5,PERSISTENCE_P3,-1.9140069168720664,False,False
P1,1,reference_validation,2026-06-03,2026-06-03 13:50:00+00:00,2026-06-03 13:55:00+00:00,66744.2,67448.0,66620.0,828.0,66744.2,67158.2,66454.4,2026-06-03 14:20:00+00:00,2026-06-03 20:00:00+00:00,TP,1.7709751558937177,False,False,True,2026-06-03 13:55:00+00:00,1,1,2026-06-03 13:55:00+00:00,2026-06-03 14:00:00+00:00,66884.8,PERSISTENCE_P1,-1.4532750411272128,False,False
P2,2,reference_validation,2026-06-03,2026-06-03 13:50:00+00:00,2026-06-03 13:55:00+00:00,66744.2,67448.0,66620.0,828.0,66744.2,67158.2,66454.4,2026-06-03 14:20:00+00:00,2026-06-03 20:00:00+00:00,TP,1.7709751558937177,False,False,True,2026-06-03 14:00:00+00:00,2,2,2026-06-03 14:00:00+00:00,2026-06-03 14:05:00+00:00,66746.6,PERSISTENCE_P2,-0.41797909031802566,False,False
P3,3,reference_validation,2026-06-03,2026-06-03 13:50:00+00:00,2026-06-03 13:55:00+00:00,66744.2,67448.0,66620.0,828.0,66744.2,67158.2,66454.4,2026-06-03 14:20:00+00:00,2026-06-03 20:00:00+00:00,TP,1.7709751558937177,False,False,True,2026-06-03 14:05:00+00:00,3,3,2026-06-03 14:05:00+00:00,2026-06-03 14:10:00+00:00,66755.2,PERSISTENCE_P3,-0.48240416395731767,False,False
P1,1,reference_validation,2026-06-12,2026-06-12 13:45:00+00:00,2026-06-12 13:50:00+00:00,63193.8,63929.9,63063.9,866.0,63193.8,63626.8,62890.7,,2026-06-12 20:00:00+00:00,CLOSE_INVALIDATION,-4.063334061252845,True,True,True,2026-06-12 13:55:00+00:00,1,1,2026-06-12 13:55:00+00:00,2026-06-12 14:00:00+00:00,63200.3,PERSISTENCE_P1,-0.45142909589231855,False,False
P2,2,reference_validation,2026-06-12,2026-06-12 13:45:00+00:00,2026-06-12 13:50:00+00:00,63193.8,63929.9,63063.9,866.0,63193.8,63626.8,62890.7,,2026-06-12 20:00:00+00:00,CLOSE_INVALIDATION,-4.063334061252845,True,True,True,2026-06-12 14:00:00+00:00,2,2,2026-06-12 14:00:00+00:00,2026-06-12 14:05:00+00:00,63362.5,PERSISTENCE_P2,-1.7347828426206138,False,False
P3,3,reference_validation,2026-06-12,2026-06-12 13:45:00+00:00,2026-06-12 13:50:00+00:00,63193.8,63929.9,63063.9,866.0,63193.8,63626.8,62890.7,,2026-06-12 20:00:00+00:00,CLOSE_INVALIDATION,-4.063334061252845,True,True,True,2026-06-12 14:05:00+00:00,3,3,2026-06-12 14:05:00+00:00,2026-06-12 14:10:00+00:00,63413.9,PERSISTENCE_P3,-2.1414683085998827,False,False
P1,1,reference_validation,2026-06-30,2026-06-30 13:35:00+00:00,2026-06-30 13:45:00+00:00,58472.155,59532.7,58285.0,1247.699999999997,58472.155,59096.005,58035.46,2026-06-30 15:00:00+00:00,2026-06-30 20:00:00+00:00,TIME_EXIT,-3.1521219288052675,True,False,True,2026-06-30 13:45:00+00:00,1,1,2026-06-30 13:45:00+00:00,2026-06-30 13:50:00+00:00,58480.1,PERSISTENCE_P1,-0.46793832038514493,False,False
P2,2,reference_validation,2026-06-30,2026-06-30 13:35:00+00:00,2026-06-30 13:45:00+00:00,58472.155,59532.7,58285.0,1247.699999999997,58472.155,59096.005,58035.46,2026-06-30 15:00:00+00:00,2026-06-30 20:00:00+00:00,TIME_EXIT,-3.1521219288052675,True,False,True,2026-06-30 13:50:00+00:00,2,2,2026-06-30 13:50:00+00:00,2026-06-30 13:55:00+00:00,58644.7,PERSISTENCE_P2,-1.8754458767596152,False,False
P3,3,reference_validation,2026-06-30,2026-06-30 13:35:00+00:00,2026-06-30 13:45:00+00:00,58472.155,59532.7,58285.0,1247.699999999997,58472.155,59096.005,58035.46,2026-06-30 15:00:00+00:00,2026-06-30 20:00:00+00:00,TIME_EXIT,-3.1521219288052675,True,False,True,2026-06-30 13:55:00+00:00,3,3,2026-06-30 13:55:00+00:00,2026-06-30 14:00:00+00:00,58711.9,PERSISTENCE_P3,-2.4500783663609,False,False
P1,1,reference_validation,2026-07-06,2026-07-06 13:35:00+00:00,2026-07-06 13:45:00+00:00,61676.595,63226.4,61403.1,1823.300000000003,61676.595,62588.245,61038.44,,2026-07-06 20:00:00+00:00,CLOSE_INVALIDATION,-10.18738369068526,True,True,True,2026-07-06 13:45:00+00:00,1,1,2026-07-06 13:45:00+00:00,2026-07-06 13:50:00+00:00,61877.9,PERSISTENCE_P1,-2.0319399603690855,False,False
P2,2,reference_validation,2026-07-06,2026-07-06 13:35:00+00:00,2026-07-06 13:45:00+00:00,61676.595,63226.4,61403.1,1823.300000000003,61676.595,62588.245,61038.44,,2026-07-06 20:00:00+00:00,CLOSE_INVALIDATION,-10.18738369068526,True,True,True,2026-07-06 13:50:00+00:00,2,2,2026-07-06 13:50:00+00:00,2026-07-06 13:55:00+00:00,61890.0,PERSISTENCE_P2,-2.130032275614427,False,False
P3,3,reference_validation,2026-07-06,2026-07-06 13:35:00+00:00,2026-07-06 13:45:00+00:00,61676.595,63226.4,61403.1,1823.300000000003,61676.595,62588.245,61038.44,,2026-07-06 20:00:00+00:00,CLOSE_INVALIDATION,-10.18738369068526,True,True,True,2026-07-06 13:55:00+00:00,3,3,2026-07-06 13:55:00+00:00,2026-07-06 14:00:00+00:00,61751.7,PERSISTENCE_P3,-1.0088614327687506,False,False
