event_ts,utc_date,session,session_wib,side,manip_side,acc_high,acc_low,manip_open,manip_high,manip_low,manip_close,displacement_ok,fvg,fvg_low,fvg_high,baseline_entry_idx,baseline_entry_ts,baseline_entry,baseline_signed1h,baseline_signed3h,fvg_entry_idx,fvg_entry_ts,fvg_entry,fvg_signed1h,fvg_signed3h
2020-01-03 13:00:00+00:00,2020-01-03,NEW_YORK_OPEN,20:00,SHORT,HIGH_SWEEP,7368.33,7280.44,7321.31,7379.0,7310.85,7346.07,True,False,,,62,2020-01-03 14:00:00+00:00,7345.74,0.012665844421392514,-0.005072327634792373,,,,,
2020-01-04 00:00:00+00:00,2020-01-04,ASIA_OPEN,07:00,SHORT,HIGH_SWEEP,7342.0,7255.84,7341.6,7347.02,7283.21,7302.87,False,False,,,73,2020-01-04 01:00:00+00:00,7303.02,-0.00030124523827135263,-0.00359714200426664,,,,,
2020-01-04 13:00:00+00:00,2020-01-04,NEW_YORK_OPEN,20:00,LONG,LOW_SWEEP,7364.0,7295.2,7309.82,7322.76,7286.16,7299.98,True,False,,,86,2020-01-04 14:00:00+00:00,7299.98,0.0017780870632522205,0.0005726043085050314,,,,,
2020-01-07 13:00:00+00:00,2020-01-07,NEW_YORK_OPEN,20:00,LONG,LOW_SWEEP,7969.0,7850.0,7872.85,7881.98,7810.0,7853.22,False,False,,,158,2020-01-07 14:00:00+00:00,7853.95,-0.0013967494063497066,0.007936134047199062,,,,,
2020-01-08 07:00:00+00:00,2020-01-08,LONDON_OPEN,14:00,LONG,LOW_SWEEP,8381.87,8289.13,8342.54,8350.0,8280.0,8301.47,True,False,,,176,2020-01-08 08:00:00+00:00,8301.5,0.0018599048364753568,0.003434319098958083,,,,,
2020-01-09 13:00:00+00:00,2020-01-09,NEW_YORK_OPEN,20:00,SHORT,HIGH_SWEEP,7939.94,7851.91,7905.0,7948.11,7894.15,7900.57,True,False,,,206,2020-01-09 14:00:00+00:00,7900.51,0.0016150856083975151,0.01020440452578375,,,,,
2020-01-10 13:00:00+00:00,2020-01-10,NEW_YORK_OPEN,20:00,SHORT,HIGH_SWEEP,7896.52,7670.0,7890.93,7942.9,7866.0,7868.57,False,False,,,230,2020-01-10 14:00:00+00:00,7868.0,-0.01359811896288754,-0.010504575495678736,,,,,
2020-01-12 00:00:00+00:00,2020-01-12,ASIA_OPEN,07:00,LONG,LOW_SWEEP,8292.19,8003.87,8020.58,8078.59,7956.28,8062.17,True,False,,,265,2020-01-12 01:00:00+00:00,8061.62,0.00044035814141585305,0.003780877788831516,,,,,
2020-01-13 00:00:00+00:00,2020-01-13,ASIA_OPEN,07:00,SHORT,HIGH_SWEEP,8189.0,8088.82,8186.22,8200.0,8146.99,8154.95,False,False,,,289,2020-01-13 01:00:00+00:00,8155.16,-0.0002403386322280543,0.005754638780845589,,,,,
2020-01-15 00:00:00+00:00,2020-01-15,ASIA_OPEN,07:00,SHORT,HIGH_SWEEP,8893.0,8678.01,8825.0,8918.5,8710.0,8781.05,False,False,,,337,2020-01-15 01:00:00+00:00,8783.7,-0.00045083506950360785,0.0060669194075391175,,,,,
2020-01-18 13:00:00+00:00,2020-01-18,NEW_YORK_OPEN,20:00,SHORT,HIGH_SWEEP,8929.9,8868.0,8917.45,8955.0,8904.0,8925.2,False,False,,,422,2020-01-18 14:00:00+00:00,8925.92,-0.00016917023679363652,0.004118342983132295,,,,,
2020-01-19 07:00:00+00:00,2020-01-19,LONDON_OPEN,14:00,LONG,LOW_SWEEP,9173.17,9065.2,9081.96,9099.65,9047.95,9092.21,True,False,,,440,2020-01-19 08:00:00+00:00,9091.84,0.0024857454596649564,-0.004821906236801343,,,,,
2020-01-20 13:00:00+00:00,2020-01-20,NEW_YORK_OPEN,20:00,LONG,LOW_SWEEP,8676.0,8550.97,8590.26,8652.01,8526.06,8612.98,True,False,,,470,2020-01-20 14:00:00+00:00,8612.1,0.006410747668977201,0.007388441843452664,,,,,
2020-01-24 07:00:00+00:00,2020-01-24,LONDON_OPEN,14:00,SHORT,HIGH_SWEEP,8358.0,8305.61,8354.2,8361.96,8315.77,8345.04,True,False,,,560,2020-01-24 08:00:00+00:00,8345.68,0.0007476922192080071,0.01074567920169478,,,,,
2020-01-27 13:00:00+00:00,2020-01-27,NEW_YORK_OPEN,20:00,SHORT,HIGH_SWEEP,8764.0,8624.11,8747.05,8788.0,8731.6,8739.01,False,False,,,638,2020-01-27 14:00:00+00:00,8739.0,-0.002016248998741421,-0.005893122782927085,,,,,
2020-01-29 00:00:00+00:00,2020-01-29,ASIA_OPEN,07:00,SHORT,HIGH_SWEEP,9436.06,9051.93,9399.72,9450.0,9341.02,9355.05,False,False,,,673,2020-01-29 01:00:00+00:00,9355.0,-0.0008829502939604605,-0.0004853019775521439,,,,,
2020-01-30 13:00:00+00:00,2020-01-30,NEW_YORK_OPEN,20:00,SHORT,HIGH_SWEEP,9406.75,9322.12,9384.1,9409.12,9362.15,9397.0,True,False,,,710,2020-01-30 14:00:00+00:00,9397.95,0.004380742608760424,0.002072792470698581,,,,,
2020-01-31 13:00:00+00:00,2020-01-31,NEW_YORK_OPEN,20:00,LONG,LOW_SWEEP,9392.99,9255.0,9293.18,9302.97,9220.0,9279.46,False,False,,,734,2020-01-31 14:00:00+00:00,9279.72,-0.0006465712327526907,0.0019537227416346337,,,,,
2020-02-01 07:00:00+00:00,2020-02-01,LONDON_OPEN,14:00,SHORT,HIGH_SWEEP,9460.55,9391.49,9406.48,9469.0,9406.39,9434.58,True,False,,,752,2020-02-01 08:00:00+00:00,9434.58,0.003918563412467657,0.0048576619202974625,,,,,
2020-02-02 07:00:00+00:00,2020-02-02,LONDON_OPEN,14:00,SHORT,HIGH_SWEEP,9389.72,9160.01,9370.4,9395.99,9358.44,9379.19,True,False,,,776,2020-02-02 08:00:00+00:00,9379.4,0.00025481374075098095,-0.005927884512868742,,,,,
2020-02-03 00:00:00+00:00,2020-02-03,ASIA_OPEN,07:00,LONG,LOW_SWEEP,9456.96,9325.0,9340.49,9428.95,9290.0,9418.69,True,False,,,793,2020-02-03 01:00:00+00:00,9417.47,0.011890667026282165,-0.0022734343725012707,,,,,
2020-02-04 07:00:00+00:00,2020-02-04,LONDON_OPEN,14:00,SHORT,HIGH_SWEEP,9327.27,9226.4,9280.77,9327.82,9262.82,9284.0,True,False,,,824,2020-02-04 08:00:00+00:00,9284.0,0.003988582507539973,0.01109435588108576,,,,,
2020-02-04 13:00:00+00:00,2020-02-04,NEW_YORK_OPEN,20:00,LONG,LOW_SWEEP,9260.75,9111.0,9144.28,9168.9,9105.0,9166.61,False,False,,,830,2020-02-04 14:00:00+00:00,9166.6,-0.0004080029672942631,0.006655684768616554,,,,,
2020-02-05 07:00:00+00:00,2020-02-05,LONDON_OPEN,14:00,SHORT,HIGH_SWEEP,9300.0,9220.02,9268.0,9307.78,9260.0,9277.0,True,False,,,848,2020-02-05 08:00:00+00:00,9276.05,0.0013313856652344969,-0.012269230976547307,,,,,
2020-02-06 07:00:00+00:00,2020-02-06,LONDON_OPEN,14:00,SHORT,HIGH_SWEEP,9698.68,9617.07,9658.72,9705.0,9620.0,9641.0,False,False,,,872,2020-02-06 08:00:00+00:00,9641.01,-0.0011803742553944119,-0.00463125751347615,,,,,
2020-02-07 00:00:00+00:00,2020-02-07,ASIA_OPEN,07:00,SHORT,HIGH_SWEEP,9810.3,9662.0,9777.97,9831.76,9762.0,9798.09,False,False,,,889,2020-02-07 01:00:00+00:00,9798.09,-0.001726867175133151,0.001015504042114368,,,,,
2020-02-09 00:00:00+00:00,2020-02-09,ASIA_OPEN,07:00,SHORT,HIGH_SWEEP,9956.0,9838.06,9906.09,9968.88,9892.15,9950.0,False,False,,,937,2020-02-09 01:00:00+00:00,9951.96,-0.0008078810606153564,-0.01073456886884605,,,,,
2020-02-09 07:00:00+00:00,2020-02-09,LONDON_OPEN,14:00,SHORT,HIGH_SWEEP,10150.0,10058.5,10105.71,10184.34,10105.06,10136.71,True,False,,,944,2020-02-09 08:00:00+00:00,10136.72,0.0014482002067728317,7.694796738977328e-05,,,,,
2020-02-11 07:00:00+00:00,2020-02-11,LONDON_OPEN,14:00,SHORT,HIGH_SWEEP,9793.48,9729.36,9774.12,9796.04,9738.12,9749.61,False,False,,,992,2020-02-11 08:00:00+00:00,9749.61,-0.005607403783330911,-0.004843270653902998,,,,,
2020-02-11 13:00:00+00:00,2020-02-11,NEW_YORK_OPEN,20:00,SHORT,HIGH_SWEEP,9885.99,9770.05,9856.59,9920.0,9856.01,9880.0,True,False,,,998,2020-02-11 14:00:00+00:00,9879.93,0.0013471755366687432,-0.039331250322623745,,,,,
2020-02-12 13:00:00+00:00,2020-02-12,NEW_YORK_OPEN,20:00,SHORT,HIGH_SWEEP,10387.66,10259.09,10354.09,10395.0,10343.33,10387.0,True,False,,,1022,2020-02-12 14:00:00+00:00,10387.0,0.002220082795802436,0.003045152594589262,,,,,
2020-02-13 13:00:00+00:00,2020-02-13,NEW_YORK_OPEN,20:00,SHORT,HIGH_SWEEP,10249.0,10101.0,10224.96,10540.0,10150.0,10179.39,False,False,,,1046,2020-02-13 14:00:00+00:00,10150.0,-0.010803940886699559,-0.002719211822660217,,,,,
2020-02-14 00:00:00+00:00,2020-02-14,ASIA_OPEN,07:00,LONG,LOW_SWEEP,10265.37,10200.0,10240.02,10256.37,10192.55,10240.55,True,False,,,1057,2020-02-14 01:00:00+00:00,10239.87,0.00041797405631105455,0.0026445648235768893,,,,,
2020-02-15 07:00:00+00:00,2020-02-15,LONDON_OPEN,14:00,LONG,LOW_SWEEP,10294.9,10212.1,10254.99,10260.0,10203.98,10236.13,True,False,,,1088,2020-02-15 08:00:00+00:00,10236.14,0.0031466939686248807,0.0020906318201980856,,,,,
2020-02-16 00:00:00+00:00,2020-02-16,ASIA_OPEN,07:00,LONG,LOW_SWEEP,9947.09,9895.31,9914.31,9939.72,9865.0,9937.02,True,False,,,1105,2020-02-16 01:00:00+00:00,9937.01,0.00032303479618112085,0.007436844684668653,,,,,
2020-02-16 13:00:00+00:00,2020-02-16,NEW_YORK_OPEN,20:00,LONG,LOW_SWEEP,9998.99,9888.0,9929.47,9965.0,9870.19,9948.58,False,False,,,1118,2020-02-16 14:00:00+00:00,9950.15,-0.004295412631970308,-0.02029115138967752,,,,,
2020-02-18 07:00:00+00:00,2020-02-18,LONDON_OPEN,14:00,SHORT,HIGH_SWEEP,9818.0,9729.44,9781.46,9821.0,9770.0,9797.79,True,True,9756.51,9770.0,1160,2020-02-18 08:00:00+00:00,9797.78,0.0049021308908753225,0.005866635094888939,1162.0,2020-02-18 10:00:00+00:00,9702.11,-0.003936257164678381,0.0035816951158047505
2020-02-19 07:00:00+00:00,2020-02-19,LONDON_OPEN,14:00,LONG,LOW_SWEEP,10175.0,10053.0,10077.63,10097.0,10037.26,10067.74,True,True,10097.0,10112.06,1184,2020-02-19 08:00:00+00:00,10068.19,0.010000804514018746,0.00634870815906341,1186.0,2020-02-19 10:00:00+00:00,10123.02,0.0008979533775494986,-0.0006845783175376541
2020-02-20 07:00:00+00:00,2020-02-20,LONDON_OPEN,14:00,SHORT,HIGH_SWEEP,9624.9,9538.0,9621.29,9628.67,9594.35,9607.38,True,False,,,1208,2020-02-20 08:00:00+00:00,9607.94,0.0021794474153669086,-0.0001706921566952957,,,,,
2020-02-20 13:00:00+00:00,2020-02-20,NEW_YORK_OPEN,20:00,LONG,LOW_SWEEP,9642.0,9535.0,9561.89,9598.25,9523.86,9595.7,True,False,,,1214,2020-02-20 14:00:00+00:00,9593.22,0.0010872261868277722,0.0046491167720537074,,,,,
2020-02-24 00:00:00+00:00,2020-02-24,ASIA_OPEN,07:00,SHORT,HIGH_SWEEP,9980.29,9861.0,9943.12,10000.0,9920.56,9956.2,True,False,,,1297,2020-02-24 01:00:00+00:00,9957.37,0.006167291162224697,0.01989882870677706,,,,,
2020-02-24 07:00:00+00:00,2020-02-24,LONDON_OPEN,14:00,LONG,LOW_SWEEP,9767.99,9717.26,9732.05,9763.22,9668.0,9756.87,True,False,,,1304,2020-02-24 08:00:00+00:00,9756.86,0.0006293008201407879,-0.0002931270921178175,,,,,
2020-02-25 07:00:00+00:00,2020-02-25,LONDON_OPEN,14:00,LONG,LOW_SWEEP,9614.48,9515.0,9546.44,9547.38,9497.5,9530.57,True,True,9547.38,9561.0,1328,2020-02-25 08:00:00+00:00,9530.56,0.003298861766779737,0.0033219454050967823,1330.0,2020-02-25 10:00:00+00:00,9570.69,-0.0008849936629439226,0.005878364046897344
2020-02-28 00:00:00+00:00,2020-02-28,ASIA_OPEN,07:00,SHORT,HIGH_SWEEP,8903.68,8684.46,8827.12,8908.0,8790.0,8861.16,False,False,,,1393,2020-02-28 01:00:00+00:00,8861.16,-0.0042917631551626645,0.002149831399049229,,,,,
2020-02-29 07:00:00+00:00,2020-02-29,LONDON_OPEN,14:00,LONG,LOW_SWEEP,8799.83,8715.0,8722.59,8766.0,8711.0,8756.41,True,False,,,1424,2020-02-29 08:00:00+00:00,8756.5,0.0005093359218864002,-0.012937817621195835,,,,,
2020-03-01 00:00:00+00:00,2020-03-01,ASIA_OPEN,07:00,LONG,LOW_SWEEP,8671.41,8530.0,8532.5,8618.47,8526.0,8554.99,True,True,8618.47,8624.21,1441,2020-03-01 01:00:00+00:00,8554.94,0.01073882458556108,0.00851204099619629,1443.0,2020-03-01 03:00:00+00:00,8639.09,-0.0013114807230854009,-0.005230875011141278
2020-03-01 13:00:00+00:00,2020-03-01,NEW_YORK_OPEN,20:00,LONG,LOW_SWEEP,8762.24,8547.46,8583.56,8634.52,8544.7,8617.43,False,False,,,1454,2020-03-01 14:00:00+00:00,8617.42,-0.005162798146080783,-0.010257130324389352,,,,,
2020-03-03 13:00:00+00:00,2020-03-03,NEW_YORK_OPEN,20:00,LONG,LOW_SWEEP,8907.0,8766.73,8791.65,8810.0,8766.0,8804.65,False,False,,,1502,2020-03-03 14:00:00+00:00,8803.34,-0.007014383177294081,-0.011133274416301076,,,,,
2020-03-06 07:00:00+00:00,2020-03-06,LONDON_OPEN,14:00,SHORT,HIGH_SWEEP,9126.01,9020.0,9103.55,9145.6,9100.0,9107.48,False,False,,,1568,2020-03-06 08:00:00+00:00,9107.83,-0.0015558041816765567,-0.004556518951275956,,,,,
2020-03-07 00:00:00+00:00,2020-03-07,ASIA_OPEN,07:00,SHORT,HIGH_SWEEP,9147.4,9070.0,9139.77,9153.57,9111.56,9127.46,True,False,,,1585,2020-03-07 01:00:00+00:00,9127.97,0.0028451013752235355,0.003223060549059631,,,,,
2020-03-07 07:00:00+00:00,2020-03-07,LONDON_OPEN,14:00,LONG,LOW_SWEEP,9116.29,9065.12,9076.1,9100.04,9056.1,9092.24,True,False,,,1592,2020-03-07 08:00:00+00:00,9093.17,0.002070784995771513,0.0014439408919000307,,,,,
2020-03-08 07:00:00+00:00,2020-03-08,LONDON_OPEN,14:00,SHORT,HIGH_SWEEP,8758.08,8710.0,8735.64,8763.64,8734.5,8749.93,True,False,,,1616,2020-03-08 08:00:00+00:00,8749.93,0.0018914437029783349,0.0006137191954679322,,,,,
2020-03-08 13:00:00+00:00,2020-03-08,NEW_YORK_OPEN,20:00,LONG,LOW_SWEEP,8760.0,8658.0,8689.93,8704.04,8636.0,8663.7,False,False,,,1622,2020-03-08 14:00:00+00:00,8661.76,-0.008547916358800145,-0.04338148367075512,,,,,
2020-03-09 13:00:00+00:00,2020-03-09,NEW_YORK_OPEN,20:00,LONG,LOW_SWEEP,7935.84,7762.06,7886.08,7898.0,7710.73,7807.87,False,False,,,1646,2020-03-09 14:00:00+00:00,7807.87,-0.00993100551110615,-0.0018391699656884475,,,,,
2020-03-10 00:00:00+00:00,2020-03-10,ASIA_OPEN,07:00,SHORT,HIGH_SWEEP,7943.91,7819.83,7932.45,7954.76,7900.0,7940.87,True,False,,,1657,2020-03-10 01:00:00+00:00,7940.88,0.003954221698350913,0.003591541491623107,,,,,
2020-03-10 13:00:00+00:00,2020-03-10,NEW_YORK_OPEN,20:00,SHORT,HIGH_SWEEP,8149.7,7884.82,8139.14,8156.31,8022.0,8061.83,True,False,,,1670,2020-03-10 14:00:00+00:00,8062.21,0.0022326384452898695,0.02693058106896251,,,,,
2020-03-11 00:00:00+00:00,2020-03-11,ASIA_OPEN,07:00,LONG,LOW_SWEEP,8041.41,7872.3,7898.21,7959.24,7870.0,7944.58,False,False,,,1681,2020-03-11 01:00:00+00:00,7944.52,-0.0020441763630780763,-0.002316061889201637,,,,,
2020-03-11 07:00:00+00:00,2020-03-11,LONDON_OPEN,14:00,LONG,LOW_SWEEP,7948.22,7823.68,7830.93,7878.46,7817.25,7865.69,False,False,,,1688,2020-03-11 08:00:00+00:00,7865.7,-0.0045386933140089125,-0.0022820600836542804,,,,,
2020-03-11 13:00:00+00:00,2020-03-11,NEW_YORK_OPEN,20:00,SHORT,HIGH_SWEEP,7869.29,7758.18,7847.0,7902.37,7836.0,7854.03,True,True,7829.39,7836.0,1694,2020-03-11 14:00:00+00:00,7855.27,0.006607029421012989,0.01034592063671913,1696.0,2020-03-11 16:00:00+00:00,7786.96,0.0016643208646249796,-0.0012084305043302823
2020-03-13 13:00:00+00:00,2020-03-13,NEW_YORK_OPEN,20:00,SHORT,HIGH_SWEEP,5656.08,5230.77,5512.17,5971.0,5442.57,5597.2,True,True,5433.34,5442.57,1742,2020-03-13 14:00:00+00:00,5596.5,0.03564727954971858,0.07202537300098277,1744.0,2020-03-13 16:00:00+00:00,5205.49,0.0023206268766244875,0.04593419639649676
2020-03-15 07:00:00+00:00,2020-03-15,LONDON_OPEN,14:00,SHORT,HIGH_SWEEP,5304.74,5173.15,5287.55,5326.74,5233.7,5267.08,True,False,,,1784,2020-03-15 08:00:00+00:00,5267.31,0.007314929252313029,-0.030451976435789785,,,,,
2020-03-16 00:00:00+00:00,2020-03-16,ASIA_OPEN,07:00,LONG,LOW_SWEEP,5954.47,5182.41,5354.81,5360.96,5175.0,5251.68,True,False,,,1801,2020-03-16 01:00:00+00:00,5252.52,0.008546373930989226,0.002863387478772017,,,,,
2020-03-18 00:00:00+00:00,2020-03-18,ASIA_OPEN,07:00,LONG,LOW_SWEEP,5529.98,5300.0,5306.42,5417.89,5261.65,5353.2,True,False,,,1849,2020-03-18 01:00:00+00:00,5351.51,0.001580862223933055,0.007003630750946899,,,,,
2020-03-19 00:00:00+00:00,2020-03-19,ASIA_OPEN,07:00,SHORT,HIGH_SWEEP,5416.0,5250.01,5389.94,5448.07,5317.84,5343.99,False,False,,,1873,2020-03-19 01:00:00+00:00,5344.64,-0.0011338462459584697,0.011664022272781738,,,,,
2020-03-19 13:00:00+00:00,2020-03-19,NEW_YORK_OPEN,20:00,SHORT,HIGH_SWEEP,5844.93,5523.0,5844.88,5880.0,5706.38,5836.6,True,False,,,1886,2020-03-19 14:00:00+00:00,5836.65,0.005969177524778657,-0.05492876907129962,,,,,
2020-03-20 13:00:00+00:00,2020-03-20,NEW_YORK_OPEN,20:00,LONG,LOW_SWEEP,6911.0,6530.0,6612.0,6612.89,6421.1,6543.18,True,False,,,1910,2020-03-20 14:00:00+00:00,6544.92,0.0086448726646009,-0.016771786362553054,,,,,
2020-03-21 13:00:00+00:00,2020-03-21,NEW_YORK_OPEN,20:00,SHORT,HIGH_SWEEP,6219.0,5854.01,6124.77,6269.7,6124.08,6157.79,False,False,,,1934,2020-03-21 14:00:00+00:00,6158.47,-0.0030705678520801527,0.0049379147742864005,,,,,
2020-03-22 07:00:00+00:00,2020-03-22,LONDON_OPEN,14:00,LONG,LOW_SWEEP,6408.91,6276.0,6303.65,6326.54,6259.57,6284.36,False,False,,,1952,2020-03-22 08:00:00+00:00,6284.87,-0.00754033098536655,-0.005160011265149533,,,,,
2020-03-23 00:00:00+00:00,2020-03-23,ASIA_OPEN,07:00,LONG,LOW_SWEEP,6145.92,5730.35,5810.3,5941.64,5670.0,5900.64,False,False,,,1969,2020-03-23 01:00:00+00:00,5900.63,-0.005862085912860193,0.008438082035308048,,,,,
2020-03-23 13:00:00+00:00,2020-03-23,NEW_YORK_OPEN,20:00,SHORT,HIGH_SWEEP,6380.0,5777.29,6321.03,6619.9,6136.63,6284.63,True,False,,,1982,2020-03-23 14:00:00+00:00,6285.04,0.009920382368290515,-0.014135152680014862,,,,,
2020-03-24 07:00:00+00:00,2020-03-24,LONDON_OPEN,14:00,SHORT,HIGH_SWEEP,6584.0,6369.0,6560.81,6619.99,6520.0,6564.21,False,False,,,2000,2020-03-24 08:00:00+00:00,6564.22,-0.02283744298637158,-0.02362199926266939,,,,,
2020-03-25 00:00:00+00:00,2020-03-25,ASIA_OPEN,07:00,LONG,LOW_SWEEP,6790.75,6605.0,6740.86,6740.98,6600.0,6697.91,False,False,,,2017,2020-03-25 01:00:00+00:00,6696.83,-0.014033505404795976,-0.02111894732283781,,,,,
2020-03-26 07:00:00+00:00,2020-03-26,LONDON_OPEN,14:00,LONG,LOW_SWEEP,6758.71,6580.0,6635.21,6635.21,6555.0,6588.76,True,False,,,2048,2020-03-26 08:00:00+00:00,6588.35,0.0034636896946882434,0.004140642194176092,,,,,
2020-03-27 13:00:00+00:00,2020-03-27,NEW_YORK_OPEN,20:00,LONG,LOW_SWEEP,6689.0,6579.0,6630.44,6642.0,6566.0,6591.79,True,False,,,2078,2020-03-27 14:00:00+00:00,6590.8,0.0033971596771256163,0.007123566183164343,,,,,
2020-03-28 00:00:00+00:00,2020-03-28,ASIA_OPEN,07:00,LONG,LOW_SWEEP,6689.9,6230.0,6353.64,6354.74,6174.9,6297.52,False,False,,,2089,2020-03-28 01:00:00+00:00,6298.45,-0.004642412022005327,-0.02975176432296822,,,,,
2020-03-28 13:00:00+00:00,2020-03-28,NEW_YORK_OPEN,20:00,LONG,LOW_SWEEP,6317.34,6205.0,6228.11,6242.18,6131.65,6218.33,True,False,,,2102,2020-03-28 14:00:00+00:00,6218.3,0.0022884067992858803,0.0011096280333853237,,,,,
2020-03-29 07:00:00+00:00,2020-03-29,LONDON_OPEN,14:00,LONG,LOW_SWEEP,6207.64,6125.0,6146.75,6166.41,6109.0,6148.84,False,False,,,2120,2020-03-29 08:00:00+00:00,6148.98,-0.0036884166154385056,0.00264434101265576,,,,,
2020-03-30 00:00:00+00:00,2020-03-30,ASIA_OPEN,07:00,LONG,LOW_SWEEP,5940.81,5862.0,5876.27,5913.97,5850.0,5894.28,True,True,5913.97,5933.26,2137,2020-03-30 01:00:00+00:00,5894.27,0.006584360743569606,0.01818545808047478,2139.0,2020-03-30 03:00:00+00:00,5981.68,0.0033067633173289313,0.036028339864385917
2020-03-30 07:00:00+00:00,2020-03-30,LONDON_OPEN,14:00,SHORT,HIGH_SWEEP,6245.0,5984.0,6210.74,6330.0,6204.14,6238.58,False,False,,,2144,2020-03-30 08:00:00+00:00,6238.4,-0.004552449345986309,-0.005349127981533863,,,,,
2020-03-31 07:00:00+00:00,2020-03-31,LONDON_OPEN,14:00,SHORT,HIGH_SWEEP,6467.55,6374.0,6467.07,6472.23,6421.0,6440.81,False,False,,,2168,2020-03-31 08:00:00+00:00,6441.76,-0.00703534437793385,0.0022664613397581634,,,,,
2020-03-31 13:00:00+00:00,2020-03-31,NEW_YORK_OPEN,20:00,SHORT,HIGH_SWEEP,6458.52,6320.0,6442.96,6480.0,6392.84,6411.23,False,False,,,2174,2020-03-31 14:00:00+00:00,6413.63,-0.0050922800348631725,-0.0013455718524455484,,,,,
2020-04-01 13:00:00+00:00,2020-04-01,NEW_YORK_OPEN,20:00,LONG,LOW_SWEEP,6337.0,6180.0,6214.9,6233.7,6154.94,6200.0,True,False,,,2198,2020-04-01 14:00:00+00:00,6200.01,0.007019343517187693,-0.0038741872996980176,,,,,
2020-04-02 00:00:00+00:00,2020-04-02,ASIA_OPEN,07:00,SHORT,HIGH_SWEEP,6693.0,6328.49,6641.22,6750.0,6560.21,6613.32,True,False,,,2209,2020-04-02 01:00:00+00:00,6613.31,0.007453151296400784,0.0016754091370283497,,,,,
2020-04-02 07:00:00+00:00,2020-04-02,LONDON_OPEN,14:00,SHORT,HIGH_SWEEP,6644.21,6558.93,6634.42,6675.54,6606.74,6641.51,False,False,,,2216,2020-04-02 08:00:00+00:00,6641.42,-0.0007287598134133599,-0.0008401817683567625,,,,,
2020-04-03 13:00:00+00:00,2020-04-03,NEW_YORK_OPEN,20:00,LONG,LOW_SWEEP,7049.11,6835.0,6914.92,6941.26,6806.21,6837.41,False,False,,,2246,2020-04-03 14:00:00+00:00,6838.37,-0.0077123642037503215,-0.013077677867678994,,,,,
2020-04-05 00:00:00+00:00,2020-04-05,ASIA_OPEN,07:00,SHORT,HIGH_SWEEP,6891.66,6780.0,6851.4,6893.44,6832.4,6853.86,True,False,,,2281,2020-04-05 01:00:00+00:00,6853.86,0.0010694703422596818,0.008938029081422605,,,,,
2020-04-06 13:00:00+00:00,2020-04-06,NEW_YORK_OPEN,20:00,LONG,LOW_SWEEP,7159.69,7065.16,7129.8,7155.0,7026.77,7094.48,True,False,,,2318,2020-04-06 14:00:00+00:00,7094.4,0.00023116824537661174,0.006395184934596454,,,,,
2020-04-07 00:00:00+00:00,2020-04-07,ASIA_OPEN,07:00,SHORT,HIGH_SWEEP,7370.0,7200.0,7325.73,7450.0,7299.4,7362.37,True,False,,,2329,2020-04-07 01:00:00+00:00,7362.54,0.002295403488470016,0.006000646516012176,,,,,
2020-04-08 13:00:00+00:00,2020-04-08,NEW_YORK_OPEN,20:00,LONG,LOW_SWEEP,7343.46,7210.46,7275.31,7306.18,7192.0,7217.99,True,False,,,2366,2020-04-08 14:00:00+00:00,7217.99,0.0068828025530653925,0.014014982010227106,,,,,
2020-04-09 13:00:00+00:00,2020-04-09,NEW_YORK_OPEN,20:00,SHORT,HIGH_SWEEP,7323.0,7105.98,7296.92,7339.43,7272.0,7322.34,True,False,,,2390,2020-04-09 14:00:00+00:00,7322.15,0.0005367276004997201,0.006235873343211962,,,,,
2020-04-10 00:00:00+00:00,2020-04-10,ASIA_OPEN,07:00,LONG,LOW_SWEEP,7311.76,7261.06,7278.83,7290.0,7247.15,7288.01,False,False,,,2401,2020-04-10 01:00:00+00:00,7288.06,-0.004114949657384903,-0.015795698718177542,,,,,
2020-04-10 07:00:00+00:00,2020-04-10,LONDON_OPEN,14:00,LONG,LOW_SWEEP,7173.03,6900.0,6955.01,6957.8,6860.0,6919.58,False,False,,,2408,2020-04-10 08:00:00+00:00,6919.58,-0.0001719757557538948,0.0021431936620430747,,,,,
2020-04-10 13:00:00+00:00,2020-04-10,NEW_YORK_OPEN,20:00,LONG,LOW_SWEEP,6949.0,6883.0,6921.21,6921.55,6799.68,6894.47,False,False,,,2414,2020-04-10 14:00:00+00:00,6894.46,-0.006669122744928591,-0.005578391926271298,,,,,
2020-04-12 00:00:00+00:00,2020-04-12,ASIA_OPEN,07:00,SHORT,HIGH_SWEEP,6885.69,6767.34,6874.17,6908.0,6860.0,6865.97,True,True,6850.57,6860.0,2449,2020-04-12 01:00:00+00:00,6865.97,0.0028488327213781472,0.008687774633445944,2451.0,2020-04-12 03:00:00+00:00,6817.75,0.0016765061787247237,-0.001820248615745701
2020-04-16 13:00:00+00:00,2020-04-16,NEW_YORK_OPEN,20:00,SHORT,HIGH_SWEEP,7077.0,6906.2,7054.15,7094.0,6968.91,6976.0,False,False,,,2558,2020-04-16 14:00:00+00:00,6978.0,-0.005994554313556888,-0.0034981370020061853,,,,,
2020-04-17 00:00:00+00:00,2020-04-17,ASIA_OPEN,07:00,LONG,LOW_SWEEP,7190.92,7022.82,7098.15,7134.09,7003.16,7056.96,True,False,,,2569,2020-04-17 01:00:00+00:00,7057.16,0.00648419477523543,0.003193919366997422,,,,,
2020-04-17 13:00:00+00:00,2020-04-17,NEW_YORK_OPEN,20:00,LONG,LOW_SWEEP,7112.0,7051.0,7095.85,7095.85,6981.0,7053.47,False,False,,,2582,2020-04-17 14:00:00+00:00,7053.5,-0.004562274048344861,-0.0006025377472177462,,,,,
2020-04-18 00:00:00+00:00,2020-04-18,ASIA_OPEN,07:00,LONG,LOW_SWEEP,7140.0,7010.0,7022.0,7068.0,7008.11,7062.43,True,True,7068.0,7069.0,2593,2020-04-18 01:00:00+00:00,7062.62,0.0013267031215045133,0.002601017752618784,2595.0,2020-04-18 03:00:00+00:00,7075.04,0.000840984644609799,0.002814118365408458
2020-04-19 00:00:00+00:00,2020-04-19,ASIA_OPEN,07:00,LONG,LOW_SWEEP,7290.0,7200.16,7242.49,7258.42,7180.0,7217.81,True,False,,,2617,2020-04-19 01:00:00+00:00,7217.81,0.0003740746847034071,0.0009559686386868549,,,,,
2020-04-20 00:00:00+00:00,2020-04-20,ASIA_OPEN,07:00,LONG,LOW_SWEEP,7199.0,7104.55,7118.04,7167.13,7081.04,7157.47,False,False,,,2641,2020-04-20 01:00:00+00:00,7157.46,-0.0006776146845389741,-0.00022773441975232345,,,,,
2020-04-22 00:00:00+00:00,2020-04-22,ASIA_OPEN,07:00,LONG,LOW_SWEEP,6906.0,6827.0,6838.0,6855.37,6812.57,6827.97,True,False,,,2689,2020-04-22 01:00:00+00:00,6827.82,0.002917475856129892,0.004361567821061563,,,,,
2020-04-23 00:00:00+00:00,2020-04-23,ASIA_OPEN,07:00,SHORT,HIGH_SWEEP,7129.84,7080.0,7120.06,7140.0,7094.04,7111.15,False,False,,,2713,2020-04-23 01:00:00+00:00,7111.55,-0.0074836006215242,0.00043731675935632097,,,,,
2020-04-25 07:00:00+00:00,2020-04-25,LONDON_OPEN,14:00,SHORT,HIGH_SWEEP,7588.99,7496.25,7575.34,7590.0,7545.33,7558.47,True,False,,,2768,2020-04-25 08:00:00+00:00,7558.67,0.0015121707919515393,-0.00031487020864773285,,,,,
2020-04-27 07:00:00+00:00,2020-04-27,LONDON_OPEN,14:00,LONG,LOW_SWEEP,7746.06,7641.0,7657.43,7699.0,7630.6,7697.0,True,False,,,2816,2020-04-27 08:00:00+00:00,7696.99,0.0011549969533546367,-0.0006106283105473675,,,,,
2020-04-27 13:00:00+00:00,2020-04-27,NEW_YORK_OPEN,20:00,LONG,LOW_SWEEP,7724.14,7663.0,7696.39,7704.0,7623.98,7690.12,False,False,,,2822,2020-04-27 14:00:00+00:00,7690.11,-0.0033809659419695715,-0.0035188053226806737,,,,,
2020-04-29 07:00:00+00:00,2020-04-29,LONDON_OPEN,14:00,SHORT,HIGH_SWEEP,7958.98,7805.0,7942.99,7964.4,7913.1,7943.25,True,False,,,2864,2020-04-29 08:00:00+00:00,7942.56,0.00024677182167964773,-0.020780453657259113,,,,,
2020-04-30 07:00:00+00:00,2020-04-30,LONDON_OPEN,14:00,LONG,LOW_SWEEP,9479.77,9026.04,9334.48,9355.22,9020.0,9179.29,False,False,,,2888,2020-04-30 08:00:00+00:00,9180.28,-0.006401765523491698,-0.030225657605214784,,,,,
2020-05-03 13:00:00+00:00,2020-05-03,NEW_YORK_OPEN,20:00,LONG,LOW_SWEEP,9146.32,8833.0,8963.39,8964.54,8824.98,8927.26,False,False,,,2966,2020-05-03 14:00:00+00:00,8927.02,-0.01712217514915393,-0.007610602418276269,,,,,
2020-05-04 00:00:00+00:00,2020-05-04,ASIA_OPEN,07:00,LONG,LOW_SWEEP,8960.0,8810.21,8899.99,8943.88,8777.0,8812.68,False,False,,,2977,2020-05-04 01:00:00+00:00,8812.69,-0.013091348952476545,-0.008906474640546724,,,,,
2020-05-07 00:00:00+00:00,2020-05-07,ASIA_OPEN,07:00,LONG,LOW_SWEEP,9405.0,9055.0,9148.29,9210.0,9022.0,9185.36,True,False,,,3049,2020-05-07 01:00:00+00:00,9185.37,0.004749944749095514,0.01164787047228355,,,,,
2020-05-08 07:00:00+00:00,2020-05-08,LONDON_OPEN,14:00,LONG,LOW_SWEEP,9940.0,9755.0,9777.75,9843.91,9726.0,9818.52,True,False,,,3080,2020-05-08 08:00:00+00:00,9818.61,0.005427448488126041,0.014639546738285825,,,,,
2020-05-09 00:00:00+00:00,2020-05-09,ASIA_OPEN,07:00,LONG,LOW_SWEEP,10017.21,9765.83,9809.63,9895.93,9731.86,9878.06,False,False,,,3097,2020-05-09 01:00:00+00:00,9878.11,-0.0015407805744217518,-0.00035128177353771495,,,,,
2020-05-12 13:00:00+00:00,2020-05-12,NEW_YORK_OPEN,20:00,LONG,LOW_SWEEP,8819.93,8722.13,8767.03,8775.6,8648.59,8726.96,True,True,8775.6,8845.0,3182,2020-05-12 14:00:00+00:00,8727.53,0.017812599899398762,0.022071536849486595,3184.0,2020-05-12 16:00:00+00:00,8862.73,0.006479944667162396,0.003557594556079291
2020-05-13 07:00:00+00:00,2020-05-13,LONDON_OPEN,14:00,LONG,LOW_SWEEP,8940.0,8862.34,8911.99,8918.0,8854.0,8867.64,True,False,,,3200,2020-05-13 08:00:00+00:00,8866.83,0.0044739777349966925,0.009053968554714631,,,,,
2020-05-13 13:00:00+00:00,2020-05-13,NEW_YORK_OPEN,20:00,SHORT,HIGH_SWEEP,9098.0,8890.44,9086.0,9115.0,9034.36,9076.32,False,False,,,3206,2020-05-13 14:00:00+00:00,9076.54,-0.0002434848521573052,-0.0031719135265200205,,,,,
2020-05-16 13:00:00+00:00,2020-05-16,NEW_YORK_OPEN,20:00,SHORT,HIGH_SWEEP,9499.0,9364.52,9468.91,9529.53,9420.0,9447.62,True,False,,,3278,2020-05-16 14:00:00+00:00,9447.61,0.0020756572297121467,0.006968958286804772,,,,,
2020-05-17 13:00:00+00:00,2020-05-17,NEW_YORK_OPEN,20:00,SHORT,HIGH_SWEEP,9773.88,9486.02,9767.32,9785.0,9676.0,9738.34,False,False,,,3302,2020-05-17 14:00:00+00:00,9738.33,-0.006859492335954842,0.00030292668250109234,,,,,
2020-05-20 00:00:00+00:00,2020-05-20,ASIA_OPEN,07:00,SHORT,HIGH_SWEEP,9795.0,9655.0,9772.66,9800.0,9725.0,9740.96,False,False,,,3361,2020-05-20 01:00:00+00:00,9740.49,-0.00022278140011433578,0.001820236969597988,,,,,
2020-05-22 07:00:00+00:00,2020-05-22,LONDON_OPEN,14:00,SHORT,HIGH_SWEEP,9096.0,8920.0,9081.34,9110.0,9047.0,9077.28,False,False,,,3416,2020-05-22 08:00:00+00:00,9077.28,-0.0011380060987431495,-0.009156928066557324,,,,,
2020-05-22 13:00:00+00:00,2020-05-22,NEW_YORK_OPEN,20:00,LONG,LOW_SWEEP,9200.0,9103.36,9168.46,9176.0,9076.41,9112.05,True,False,,,3422,2020-05-22 14:00:00+00:00,9112.05,0.002234403893745185,0.013932100899358701,,,,,
2020-05-24 00:00:00+00:00,2020-05-24,ASIA_OPEN,07:00,LONG,LOW_SWEEP,9244.97,9150.0,9176.32,9206.7,9111.0,9194.09,False,False,,,3457,2020-05-24 01:00:00+00:00,9193.86,-0.002722469126134275,-0.0005384028036102828,,,,,
2020-05-25 00:00:00+00:00,2020-05-25,ASIA_OPEN,07:00,LONG,LOW_SWEEP,9090.0,8674.0,8711.37,8817.07,8623.38,8806.0,False,False,,,3481,2020-05-25 01:00:00+00:00,8806.0,-0.0021065182829888007,-0.0029536679536680266,,,,,
2020-05-26 00:00:00+00:00,2020-05-26,ASIA_OPEN,07:00,LONG,LOW_SWEEP,8935.0,8860.0,8895.66,8918.0,8817.36,8861.73,True,False,,,3505,2020-05-26 01:00:00+00:00,8861.98,0.0015888097242375832,0.004290237621840776,,,,,
2020-05-28 13:00:00+00:00,2020-05-28,NEW_YORK_OPEN,20:00,SHORT,HIGH_SWEEP,9439.84,9149.85,9415.7,9450.0,9377.39,9405.01,False,False,,,3566,2020-05-28 14:00:00+00:00,9405.16,-0.006114728510732359,-0.0042030119636455865,,,,,
2020-05-31 13:00:00+00:00,2020-05-31,NEW_YORK_OPEN,20:00,LONG,LOW_SWEEP,9638.0,9546.51,9573.78,9596.43,9525.0,9547.51,False,False,,,3638,2020-05-31 14:00:00+00:00,9547.44,-0.008101648190509736,-0.002200589896349192,,,,,
2020-06-03 07:00:00+00:00,2020-06-03,LONDON_OPEN,14:00,SHORT,HIGH_SWEEP,9526.76,9382.33,9513.08,9540.0,9484.0,9504.0,False,False,,,3704,2020-06-03 08:00:00+00:00,9504.0,-3.261784511776611e-05,-0.008944654882155012,,,,,
2020-06-06 07:00:00+00:00,2020-06-06,LONDON_OPEN,14:00,SHORT,HIGH_SWEEP,9635.0,9580.0,9606.16,9635.78,9595.25,9609.51,True,False,,,3776,2020-06-06 08:00:00+00:00,9609.18,0.0004901562880496035,-0.006260679891520349,,,,,
2020-06-07 00:00:00+00:00,2020-06-07,ASIA_OPEN,07:00,LONG,LOW_SWEEP,9718.0,9626.0,9664.01,9670.0,9622.46,9669.68,False,False,,,3793,2020-06-07 01:00:00+00:00,9669.59,-0.0007249531779527363,0.0011200061222864655,,,,,
2020-06-07 07:00:00+00:00,2020-06-07,LONDON_OPEN,14:00,LONG,LOW_SWEEP,9715.26,9646.0,9663.3,9673.99,9630.62,9654.99,True,False,,,3800,2020-06-07 08:00:00+00:00,9655.0,0.0003552563438633527,-0.0032998446400829273,,,,,
2020-06-08 07:00:00+00:00,2020-06-08,LONDON_OPEN,14:00,LONG,LOW_SWEEP,9757.09,9717.27,9730.3,9738.77,9715.01,9725.0,False,False,,,3824,2020-06-08 08:00:00+00:00,9724.99,-0.0037007750136504036,0.0011650397583955474,,,,,
2020-06-09 07:00:00+00:00,2020-06-09,LONDON_OPEN,14:00,SHORT,HIGH_SWEEP,9702.0,9660.0,9692.46,9706.0,9672.35,9680.46,False,False,,,3848,2020-06-09 08:00:00+00:00,9680.86,-0.0002313844017989286,0.0006042851564840301,,,,,
2020-06-10 13:00:00+00:00,2020-06-10,NEW_YORK_OPEN,20:00,SHORT,HIGH_SWEEP,9774.0,9715.7,9763.0,9777.77,9735.0,9749.0,False,False,,,3878,2020-06-10 14:00:00+00:00,9749.0,-6.97507436659972e-05,-0.001294491742742876,,,,,
2020-06-12 00:00:00+00:00,2020-06-12,ASIA_OPEN,07:00,LONG,LOW_SWEEP,9369.0,9254.4,9277.72,9332.0,9238.0,9313.99,True,False,,,3913,2020-06-12 01:00:00+00:00,9313.32,0.0022118857722057683,0.004971374332676248,,,,,
2020-06-14 07:00:00+00:00,2020-06-14,LONDON_OPEN,14:00,LONG,LOW_SWEEP,9441.0,9382.0,9397.49,9416.05,9377.0,9412.65,True,False,,,3968,2020-06-14 08:00:00+00:00,9412.64,0.0015861649866562022,0.0009189770351358817,,,,,
2020-06-14 13:00:00+00:00,2020-06-14,NEW_YORK_OPEN,20:00,LONG,LOW_SWEEP,9437.26,9391.0,9406.82,9416.0,9370.2,9403.16,False,False,,,3974,2020-06-14 14:00:00+00:00,9403.16,-0.00607880754980239,-0.0016122239757698775,,,,,
2020-06-16 13:00:00+00:00,2020-06-16,NEW_YORK_OPEN,20:00,SHORT,HIGH_SWEEP,9575.96,9472.62,9561.41,9588.0,9491.34,9531.99,True,True,9472.92,9491.34,4022,2020-06-16 14:00:00+00:00,9531.99,0.010195142882021502,0.004625476946576779,4024.0,2020-06-16 16:00:00+00:00,9449.16,-0.004099835329277823,-0.004606758696011237
2020-06-21 07:00:00+00:00,2020-06-21,LONDON_OPEN,14:00,LONG,LOW_SWEEP,9420.47,9361.51,9366.71,9377.19,9356.75,9364.0,False,False,,,4136,2020-06-21 08:00:00+00:00,9364.0,-0.0004794959419051059,-0.0009653994019650503,,,,,
2020-06-21 13:00:00+00:00,2020-06-21,NEW_YORK_OPEN,20:00,LONG,LOW_SWEEP,9362.0,9326.0,9344.59,9350.0,9325.7,9346.51,True,False,,,4142,2020-06-21 14:00:00+00:00,9346.51,0.0001519283668449667,0.0017568054814043332,,,,,
2020-06-22 00:00:00+00:00,2020-06-22,ASIA_OPEN,07:00,LONG,LOW_SWEEP,9338.14,9279.0,9293.39,9335.0,9273.0,9320.35,True,True,9335.0,9362.21,4153,2020-06-22 01:00:00+00:00,9320.35,0.00667678788886672,0.006413922223950763,4155.0,2020-06-22 03:00:00+00:00,9382.44,-0.0002462046120200734,0.003062103248195447
2020-06-22 13:00:00+00:00,2020-06-22,NEW_YORK_OPEN,20:00,SHORT,HIGH_SWEEP,9502.35,9411.1,9490.36,9508.0,9451.0,9467.03,True,False,,,4166,2020-06-22 14:00:00+00:00,9467.03,0.0006211029224583164,-0.012434734019011184,,,,,
2020-06-26 00:00:00+00:00,2020-06-26,ASIA_OPEN,07:00,LONG,LOW_SWEEP,9350.9,9213.0,9246.75,9289.0,9181.26,9280.67,False,False,,,4249,2020-06-26 01:00:00+00:00,9280.67,-0.0027681191120900728,-0.004167802540118393,,,,,
2020-06-29 00:00:00+00:00,2020-06-29,ASIA_OPEN,07:00,SHORT,HIGH_SWEEP,9130.22,9070.0,9114.01,9134.8,9091.0,9119.85,False,False,,,4321,2020-06-29 01:00:00+00:00,9119.85,-0.0021897289977357293,0.00294412737051597,,,,,
2020-06-29 07:00:00+00:00,2020-06-29,LONDON_OPEN,14:00,LONG,LOW_SWEEP,9130.0,9076.04,9084.06,9111.76,9061.0,9095.0,False,False,,,4328,2020-06-29 08:00:00+00:00,9095.0,-0.0003892248488180927,0.002123144584936787,,,,,
2020-06-30 13:00:00+00:00,2020-06-30,NEW_YORK_OPEN,20:00,LONG,LOW_SWEEP,9172.73,9115.0,9125.01,9159.0,9063.97,9131.08,True,True,9159.0,9160.0,4358,2020-06-30 14:00:00+00:00,9131.08,0.005465947073073574,0.004809945811448335,4360.0,2020-06-30 16:00:00+00:00,9169.22,0.0006303698678842284,-0.004129031695171315
2020-07-03 00:00:00+00:00,2020-07-03,ASIA_OPEN,07:00,LONG,LOW_SWEEP,9150.0,9069.0,9087.72,9104.93,9065.82,9096.09,True,False,,,4417,2020-07-03 01:00:00+00:00,9096.09,0.0013093537992698856,-0.00026604837902877154,,,,,
2020-07-03 13:00:00+00:00,2020-07-03,NEW_YORK_OPEN,20:00,SHORT,HIGH_SWEEP,9113.17,9055.9,9107.44,9124.32,9089.0,9089.02,True,False,,,4430,2020-07-03 14:00:00+00:00,9089.02,0.00019143978118651983,8.361737569073657e-05,,,,,
2020-07-05 00:00:00+00:00,2020-07-05,ASIA_OPEN,07:00,SHORT,HIGH_SWEEP,9143.97,9115.0,9137.18,9146.35,9126.55,9134.51,True,False,,,4465,2020-07-05 01:00:00+00:00,9134.52,0.0007750817776960295,0.0007137758743754885,,,,,
2020-07-05 07:00:00+00:00,2020-07-05,LONDON_OPEN,14:00,LONG,LOW_SWEEP,9131.42,9054.4,9060.0,9070.46,9040.0,9062.52,True,False,,,4472,2020-07-05 08:00:00+00:00,9062.51,0.000826481846640803,-0.003557513315847305,,,,,
2020-07-06 07:00:00+00:00,2020-07-06,LONDON_OPEN,14:00,SHORT,HIGH_SWEEP,9232.0,9080.14,9222.0,9238.23,9180.01,9199.71,True,False,,,4496,2020-07-06 08:00:00+00:00,9199.72,0.000792415421338788,0.0009630727891717372,,,,,
2020-07-06 13:00:00+00:00,2020-07-06,NEW_YORK_OPEN,20:00,SHORT,HIGH_SWEEP,9274.13,9171.0,9267.29,9275.08,9230.5,9249.84,False,False,,,4502,2020-07-06 14:00:00+00:00,9249.84,-0.0006562275671795348,-0.007033635176392217,,,,,
2020-07-07 00:00:00+00:00,2020-07-07,ASIA_OPEN,07:00,SHORT,HIGH_SWEEP,9379.0,9262.24,9339.59,9380.0,9325.0,9326.26,True,True,9308.0,9325.0,4513,2020-07-07 01:00:00+00:00,9326.31,0.001963263069745591,0.0035801940960572542,4515.0,2020-07-07 03:00:00+00:00,9282.49,-0.0011236209249889662,-0.0003296529271779036
2020-07-07 07:00:00+00:00,2020-07-07,LONDON_OPEN,14:00,LONG,LOW_SWEEP,9301.87,9239.4,9270.15,9270.15,9237.05,9260.99,True,False,,,4520,2020-07-07 08:00:00+00:00,9260.99,0.0002699495410318775,-0.001261204255700532,,,,,
2020-07-11 07:00:00+00:00,2020-07-11,LONDON_OPEN,14:00,SHORT,HIGH_SWEEP,9278.0,9254.0,9259.38,9280.0,9258.25,9269.98,True,False,,,4616,2020-07-11 08:00:00+00:00,9269.97,0.001012948261968405,0.006535080480303601,,,,,
2020-07-12 00:00:00+00:00,2020-07-12,ASIA_OPEN,07:00,SHORT,HIGH_SWEEP,9254.27,9207.0,9233.5,9268.25,9231.03,9248.9,False,False,,,4633,2020-07-12 01:00:00+00:00,9248.9,-0.0021202521380920825,-0.002359199472369733,,,,,
2020-07-12 07:00:00+00:00,2020-07-12,LONDON_OPEN,14:00,LONG,LOW_SWEEP,9283.0,9252.0,9255.44,9264.75,9242.0,9256.21,False,False,,,4640,2020-07-12 08:00:00+00:00,9256.21,-9.291059731775242e-05,0.00031546388856784624,,,,,
2020-07-15 07:00:00+00:00,2020-07-15,LONDON_OPEN,14:00,LONG,LOW_SWEEP,9246.56,9220.0,9231.82,9232.0,9216.01,9227.83,False,False,,,4712,2020-07-15 08:00:00+00:00,9227.83,-0.0009915657310548553,0.0017338854313526664,,,,,
2020-07-16 00:00:00+00:00,2020-07-16,ASIA_OPEN,07:00,LONG,LOW_SWEEP,9234.0,9188.87,9197.75,9218.15,9180.0,9212.56,True,False,,,4729,2020-07-16 01:00:00+00:00,9212.56,0.0005937546132672722,-0.0010930729352101043,,,,,
2020-07-17 07:00:00+00:00,2020-07-17,LONDON_OPEN,14:00,SHORT,HIGH_SWEEP,9132.98,9087.0,9120.83,9133.73,9108.5,9110.0,False,False,,,4760,2020-07-17 08:00:00+00:00,9110.0,-0.0002184412733259311,-0.0007189901207462768,,,,,
2020-07-20 07:00:00+00:00,2020-07-20,LONDON_OPEN,14:00,LONG,LOW_SWEEP,9194.98,9177.17,9181.57,9184.0,9170.0,9183.24,True,False,,,4832,2020-07-20 08:00:00+00:00,9183.24,0.0006696982764253789,-0.002829066865289276,,,,,
2020-07-21 13:00:00+00:00,2020-07-21,NEW_YORK_OPEN,20:00,SHORT,HIGH_SWEEP,9410.96,9311.95,9366.16,9439.6,9366.16,9404.99,True,False,,,4862,2020-07-21 14:00:00+00:00,9404.99,0.003082406254552028,0.005246151245243191,,,,,
2020-07-23 07:00:00+00:00,2020-07-23,LONDON_OPEN,14:00,SHORT,HIGH_SWEEP,9502.0,9463.0,9496.99,9511.98,9491.0,9495.17,False,False,,,4904,2020-07-23 08:00:00+00:00,9495.18,-0.002380154983897098,0.00016008122015598314,,,,,
2020-07-23 13:00:00+00:00,2020-07-23,NEW_YORK_OPEN,20:00,LONG,LOW_SWEEP,9519.86,9488.0,9493.28,9504.71,9486.09,9501.0,False,False,,,4910,2020-07-23 14:00:00+00:00,9500.99,-0.0004273238894051401,0.013378605808447297,,,,,
2020-07-24 07:00:00+00:00,2020-07-24,LONDON_OPEN,14:00,LONG,LOW_SWEEP,9574.0,9476.0,9480.0,9516.0,9470.0,9514.31,False,False,,,4928,2020-07-24 08:00:00+00:00,9514.3,-0.00027222181348074415,0.0030942896482137883,,,,,
2020-07-26 00:00:00+00:00,2020-07-26,ASIA_OPEN,07:00,LONG,LOW_SWEEP,9735.0,9670.0,9701.54,9706.24,9664.0,9685.63,False,False,,,4969,2020-07-26 01:00:00+00:00,9685.76,-0.0018553009779304075,-0.0004645995771110911,,,,,
2020-07-27 13:00:00+00:00,2020-07-27,NEW_YORK_OPEN,20:00,SHORT,HIGH_SWEEP,10348.0,10215.26,10305.0,10399.0,10240.57,10347.1,False,False,,,5006,2020-07-27 14:00:00+00:00,10353.2,-0.0066781285013328695,-0.03606614380095041,,,,,
2020-07-30 00:00:00+00:00,2020-07-30,ASIA_OPEN,07:00,LONG,LOW_SWEEP,11364.8,11054.68,11113.01,11130.0,10978.64,11126.82,False,False,,,5065,2020-07-30 01:00:00+00:00,11128.57,-0.005891143246616548,-0.011699616392761958,,,,,
2020-07-30 07:00:00+00:00,2020-07-30,LONDON_OPEN,14:00,LONG,LOW_SWEEP,11060.0,10927.0,11017.25,11017.25,10905.0,10952.87,True,False,,,5072,2020-07-30 08:00:00+00:00,10952.98,0.006601856298468656,3.378076103488503e-05,,,,,
2020-07-31 13:00:00+00:00,2020-07-31,NEW_YORK_OPEN,20:00,SHORT,HIGH_SWEEP,11249.0,11116.22,11248.46,11258.87,11124.71,11161.76,False,False,,,5102,2020-07-31 14:00:00+00:00,11162.34,-0.008260812696979203,-0.01792724464583606,,,,,
2020-08-03 00:00:00+00:00,2020-08-03,ASIA_OPEN,07:00,LONG,LOW_SWEEP,11196.82,11001.0,11080.7,11153.98,10923.0,11142.0,False,False,,,5161,2020-08-03 01:00:00+00:00,11142.89,-0.001336278110974698,0.0003464092349472203,,,,,
2020-08-04 00:00:00+00:00,2020-08-04,ASIA_OPEN,07:00,SHORT,HIGH_SWEEP,11420.43,11140.09,11227.07,11427.38,11226.84,11378.76,True,False,,,5185,2020-08-04 01:00:00+00:00,11378.78,0.004003944183822994,0.009508928022160634,,,,,
2020-08-04 13:00:00+00:00,2020-08-04,NEW_YORK_OPEN,20:00,LONG,LOW_SWEEP,11315.0,11069.13,11160.9,11170.0,11025.0,11139.91,True,True,11170.0,11184.2,5198,2020-08-04 14:00:00+00:00,11139.91,0.007184079584126035,0.003041317209923733,5200.0,2020-08-04 16:00:00+00:00,11220.32,-0.0041469405507150725,0.000721904544611851
2020-08-05 00:00:00+00:00,2020-08-05,ASIA_OPEN,07:00,LONG,LOW_SWEEP,11265.0,11160.0,11200.06,11228.42,11151.0,11181.98,True,False,,,5209,2020-08-05 01:00:00+00:00,11181.98,0.000970311161350601,0.005978368768321918,,,,,
2020-08-06 00:00:00+00:00,2020-08-06,ASIA_OPEN,07:00,SHORT,HIGH_SWEEP,11798.56,11518.02,11752.5,11813.0,11650.0,11734.12,True,False,,,5233,2020-08-06 01:00:00+00:00,11734.11,0.00420824417020127,0.006733361115585312,,,,,
2020-08-08 00:00:00+00:00,2020-08-08,ASIA_OPEN,07:00,LONG,LOW_SWEEP,11645.28,11555.0,11596.26,11624.0,11531.71,11599.4,True,False,,,5281,2020-08-08 01:00:00+00:00,11599.01,0.003186478846039398,-0.004655569742590071,,,,,
2020-08-08 07:00:00+00:00,2020-08-08,LONDON_OPEN,14:00,SHORT,HIGH_SWEEP,11622.5,11513.69,11595.99,11625.52,11581.0,11588.0,True,False,,,5288,2020-08-08 08:00:00+00:00,11588.0,0.0005833620987227839,-0.013564031756990058,,,,,
2020-08-09 00:00:00+00:00,2020-08-09,ASIA_OPEN,07:00,SHORT,HIGH_SWEEP,11790.9,11680.0,11765.72,11811.0,11751.0,11762.71,True,True,11742.0,11751.0,5305,2020-08-09 01:00:00+00:00,11763.5,0.00491435372125637,0.0020147065074170856,5307.0,2020-08-09 03:00:00+00:00,11720.0,-0.0016894197952217471,0.00605546075085317
2020-08-11 00:00:00+00:00,2020-08-11,ASIA_OPEN,07:00,SHORT,HIGH_SWEEP,11897.0,11770.0,11896.86,11919.32,11855.55,11879.17,False,False,,,5353,2020-08-11 01:00:00+00:00,11879.18,-0.004787367478226612,0.0027847039947201946,,,,,
2020-08-11 07:00:00+00:00,2020-08-11,LONDON_OPEN,14:00,LONG,LOW_SWEEP,11868.18,11722.0,11763.86,11797.86,11712.0,11757.66,False,False,,,5360,2020-08-11 08:00:00+00:00,11757.66,-0.0030252618293095113,-0.0011354300090324898,,,,,
2020-08-11 13:00:00+00:00,2020-08-11,NEW_YORK_OPEN,20:00,LONG,LOW_SWEEP,11771.98,11635.0,11677.31,11689.01,11575.0,11655.41,False,False,,,5366,2020-08-11 14:00:00+00:00,11654.79,-0.005792468161159525,-0.018971598801866052,,,,,
2020-08-13 07:00:00+00:00,2020-08-13,LONDON_OPEN,14:00,LONG,LOW_SWEEP,11596.0,11506.0,11559.25,11572.42,11501.0,11519.82,False,False,,,5408,2020-08-13 08:00:00+00:00,11519.44,-0.008841575632148824,-0.0038178939253992183,,,,,
2020-08-14 00:00:00+00:00,2020-08-14,ASIA_OPEN,07:00,SHORT,HIGH_SWEEP,11798.0,11561.69,11790.0,11850.0,11727.66,11762.99,False,False,,,5425,2020-08-14 01:00:00+00:00,11763.0,-0.002376944656975244,0.002416900450565307,,,,,
2020-08-14 07:00:00+00:00,2020-08-14,LONDON_OPEN,14:00,LONG,LOW_SWEEP,11769.1,11680.71,11681.62,11715.0,11644.6,11706.99,False,False,,,5432,2020-08-14 08:00:00+00:00,11706.99,-0.0012940986538810817,0.0021252260401691814,,,,,
2020-08-14 13:00:00+00:00,2020-08-14,NEW_YORK_OPEN,20:00,LONG,LOW_SWEEP,11785.0,11705.75,11749.35,11749.35,11681.01,11723.81,False,False,,,5438,2020-08-14 14:00:00+00:00,11723.81,-0.0008034930624088998,0.008057960680017962,,,,,
2020-08-16 07:00:00+00:00,2020-08-16,LONDON_OPEN,14:00,LONG,LOW_SWEEP,11945.0,11871.57,11900.42,11912.0,11865.0,11873.14,False,False,,,5480,2020-08-16 08:00:00+00:00,11873.08,-0.0012945250937415054,-0.00598580991621378,,,,,
2020-08-18 13:00:00+00:00,2020-08-18,NEW_YORK_OPEN,20:00,LONG,LOW_SWEEP,12321.0,12175.0,12267.25,12280.0,12024.99,12181.03,False,False,,,5534,2020-08-18 14:00:00+00:00,12181.0,-0.018641326656267942,-0.014707331089401476,,,,,
2020-08-19 00:00:00+00:00,2020-08-19,ASIA_OPEN,07:00,LONG,LOW_SWEEP,12100.0,11957.38,11962.03,12017.73,11931.0,12000.96,False,False,,,5545,2020-08-19 01:00:00+00:00,12000.96,-0.0013765565421431925,-0.01213402927765772,,,,,
2020-08-19 13:00:00+00:00,2020-08-19,NEW_YORK_OPEN,20:00,SHORT,HIGH_SWEEP,11876.71,11741.87,11863.66,11922.5,11816.02,11874.62,True,True,11781.02,11816.02,5558,2020-08-19 14:00:00+00:00,11874.63,0.009798200028127035,0.009876518257831979,5560.0,2020-08-19 16:00:00+00:00,11735.02,-0.0019028514651018291,-0.0010387711311952152
2020-08-20 13:00:00+00:00,2020-08-20,NEW_YORK_OPEN,20:00,LONG,LOW_SWEEP,11850.0,11744.94,11791.3,11830.0,11743.08,11824.93,True,False,,,5582,2020-08-20 14:00:00+00:00,11824.94,0.00208204016257163,0.002118403983445205,,,,,
2020-08-23 00:00:00+00:00,2020-08-23,ASIA_OPEN,07:00,SHORT,HIGH_SWEEP,11689.08,11603.84,11670.48,11695.9,11625.84,11649.99,True,False,,,5641,2020-08-23 01:00:00+00:00,11650.0,0.00010042918454933325,0.003812017167381998,,,,,
2020-08-24 07:00:00+00:00,2020-08-24,LONDON_OPEN,14:00,SHORT,HIGH_SWEEP,11762.3,11645.71,11755.11,11780.0,11744.15,11761.52,False,False,,,5672,2020-08-24 08:00:00+00:00,11762.14,-0.001972430187023866,-0.001346693713899061,,,,,
2020-08-25 07:00:00+00:00,2020-08-25,LONDON_OPEN,14:00,LONG,LOW_SWEEP,11704.68,11591.12,11616.99,11617.0,11556.0,11594.96,False,False,,,5696,2020-08-25 08:00:00+00:00,11594.96,-0.0005950861408750008,0.004283757770617624,,,,,
2020-08-26 00:00:00+00:00,2020-08-26,ASIA_OPEN,07:00,LONG,LOW_SWEEP,11395.0,11268.0,11327.18,11339.98,11257.71,11288.93,True,True,11339.98,11342.86,5713,2020-08-26 01:00:00+00:00,11288.93,0.004809136029721106,0.007269068016189317,5715.0,2020-08-26 03:00:00+00:00,11399.42,-0.002493986536157178,-0.0028299685422591425
2020-08-26 07:00:00+00:00,2020-08-26,LONDON_OPEN,14:00,LONG,LOW_SWEEP,11400.0,11311.0,11330.01,11371.4,11303.81,11353.29,True,False,,,5720,2020-08-26 08:00:00+00:00,11353.3,0.0012357640509808032,0.004004122149507294,,,,,
2020-08-26 13:00:00+00:00,2020-08-26,NEW_YORK_OPEN,20:00,LONG,LOW_SWEEP,11450.47,11271.08,11318.07,11429.21,11255.95,11405.22,True,True,11429.21,11449.94,5726,2020-08-26 14:00:00+00:00,11405.19,0.003928913065016859,0.00585785944819861,5728.0,2020-08-26 16:00:00+00:00,11484.57,-0.001094512027877359,-0.0029491744140179854
2020-08-27 07:00:00+00:00,2020-08-27,LONDON_OPEN,14:00,SHORT,HIGH_SWEEP,11414.0,11335.0,11391.02,11418.29,11377.7,11411.33,True,False,,,5744,2020-08-27 08:00:00+00:00,11411.32,0.0033098712506528516,0.0031056880360905703,,,,,
2020-08-27 13:00:00+00:00,2020-08-27,NEW_YORK_OPEN,20:00,SHORT,HIGH_SWEEP,11439.94,11278.08,11358.91,11593.0,11344.68,11407.79,True,True,11343.58,11344.68,5750,2020-08-27 14:00:00+00:00,11407.79,0.007707014242022359,0.011288777230296199,5752.0,2020-08-27 16:00:00+00:00,11329.47,0.004453871187266367,0.0059526173775118485
2020-08-29 00:00:00+00:00,2020-08-29,ASIA_OPEN,07:00,SHORT,HIGH_SWEEP,11538.72,11456.34,11526.85,11543.0,11475.31,11491.45,True,False,,,5785,2020-08-29 01:00:00+00:00,11491.45,0.0007953739519382941,-0.0010929865247639725,,,,,
2020-08-30 00:00:00+00:00,2020-08-30,ASIA_OPEN,07:00,LONG,LOW_SWEEP,11521.0,11459.73,11466.27,11514.2,11457.88,11508.1,True,True,11514.2,11607.6,5809,2020-08-30 01:00:00+00:00,11508.09,0.010019907734472033,0.009408164169727673,5811.0,2020-08-30 03:00:00+00:00,11629.46,-0.0011264495513978456,-0.0031506192032991764
2020-08-31 00:00:00+00:00,2020-08-31,ASIA_OPEN,07:00,SHORT,HIGH_SWEEP,11724.12,11594.38,11714.13,11730.0,11688.06,11701.0,True,False,,,5833,2020-08-31 01:00:00+00:00,11700.99,0.0007674564289004149,0.0016827635952172404,,,,,
2020-08-31 13:00:00+00:00,2020-08-31,NEW_YORK_OPEN,20:00,SHORT,HIGH_SWEEP,11769.97,11581.11,11728.95,11784.21,11707.0,11720.96,False,False,,,5846,2020-08-31 14:00:00+00:00,11720.96,-0.0013719012777111406,-4.9484001310551307e-05,,,,,
2020-09-03 00:00:00+00:00,2020-09-03,ASIA_OPEN,07:00,SHORT,HIGH_SWEEP,11446.64,11347.84,11396.44,11450.0,11365.53,11418.01,False,False,,,5905,2020-09-03 01:00:00+00:00,11418.01,-0.0009476257246228137,0.005420384112467924,,,,,
2020-09-05 07:00:00+00:00,2020-09-05,LONDON_OPEN,14:00,LONG,LOW_SWEEP,10498.0,10371.56,10478.0,10489.98,10356.48,10404.88,False,False,,,5960,2020-09-05 08:00:00+00:00,10404.88,-0.007938582665056981,-0.011174564242932061,,,,,
2020-09-07 07:00:00+00:00,2020-09-07,LONDON_OPEN,14:00,LONG,LOW_SWEEP,10241.0,10064.47,10083.18,10164.0,10050.01,10116.19,True,False,,,6008,2020-09-07 08:00:00+00:00,10116.2,0.0027302742136374736,-0.004243688341472152,,,,,
2020-09-08 00:00:00+00:00,2020-09-08,ASIA_OPEN,07:00,SHORT,HIGH_SWEEP,10420.55,10135.0,10379.3,10443.79,10311.18,10323.9,True,False,,,6025,2020-09-08 01:00:00+00:00,10323.89,0.0010131839839438994,0.0016844425889852577,,,,,
2020-09-10 00:00:00+00:00,2020-09-10,ASIA_OPEN,07:00,SHORT,HIGH_SWEEP,10286.0,10176.0,10219.29,10328.12,10211.67,10275.01,False,False,,,6073,2020-09-10 01:00:00+00:00,10275.0,-0.01042627737226276,-0.009475425790754333,,,,,
2020-09-11 00:00:00+00:00,2020-09-11,ASIA_OPEN,07:00,SHORT,HIGH_SWEEP,10356.28,10286.7,10335.91,10380.5,10333.1,10337.96,True,True,10315.67,10333.1,6097,2020-09-11 01:00:00+00:00,10337.97,0.003143750658978539,0.011246888895982354,6099.0,2020-09-11 03:00:00+00:00,10259.96,0.003729059372550969,-0.0024493272878258754
2020-09-12 00:00:00+00:00,2020-09-12,ASIA_OPEN,07:00,SHORT,HIGH_SWEEP,10397.85,10320.32,10387.81,10399.96,10331.51,10348.76,False,False,,,6121,2020-09-12 01:00:00+00:00,10348.77,-0.001928731627043545,0.0006164983857985806,,,,,
2020-09-12 07:00:00+00:00,2020-09-12,LONDON_OPEN,14:00,LONG,LOW_SWEEP,10370.0,10324.0,10331.4,10345.0,10303.53,10343.7,False,False,,,6128,2020-09-12 08:00:00+00:00,10343.7,-0.0009571043243714605,-0.0002552278198324487,,,,,
2020-09-13 13:00:00+00:00,2020-09-13,NEW_YORK_OPEN,20:00,LONG,LOW_SWEEP,10502.39,10283.0,10290.28,10342.51,10260.0,10320.96,True,False,,,6158,2020-09-13 14:00:00+00:00,10320.96,0.0002829194183486816,-0.006253294267199894,,,,,
2020-09-17 07:00:00+00:00,2020-09-17,LONDON_OPEN,14:00,LONG,LOW_SWEEP,10925.71,10843.0,10860.81,10891.22,10838.2,10878.42,False,False,,,6248,2020-09-17 08:00:00+00:00,10878.42,-0.0014689633237179311,-0.005380376929738029,,,,,
2020-09-17 13:00:00+00:00,2020-09-17,NEW_YORK_OPEN,20:00,LONG,LOW_SWEEP,10880.0,10770.0,10801.57,10817.46,10740.0,10813.11,True,True,10817.46,10830.0,6254,2020-09-17 14:00:00+00:00,10813.1,0.0020798845844391955,0.0019143446375229356,6256.0,2020-09-17 16:00:00+00:00,10833.0,7.384842610536069e-05,0.006046339887381125
2020-09-20 07:00:00+00:00,2020-09-20,LONDON_OPEN,14:00,SHORT,HIGH_SWEEP,10974.97,10925.0,10956.48,10988.66,10940.0,10956.63,True,False,,,6320,2020-09-20 08:00:00+00:00,10956.63,0.0008743564398907555,-0.0018856162889502315,,,,,
2020-09-20 13:00:00+00:00,2020-09-20,NEW_YORK_OPEN,20:00,LONG,LOW_SWEEP,10977.94,10820.97,10845.61,10866.71,10785.0,10859.99,False,False,,,6326,2020-09-20 14:00:00+00:00,10859.99,-0.002300186280097871,-0.0014594856901342101,,,,,
2020-09-22 00:00:00+00:00,2020-09-22,ASIA_OPEN,07:00,LONG,LOW_SWEEP,10529.48,10405.72,10414.73,10488.17,10353.1,10454.47,False,False,,,6361,2020-09-22 01:00:00+00:00,10454.48,-0.001798272128312406,-0.0006485257994657267,,,,,
2020-09-22 13:00:00+00:00,2020-09-22,NEW_YORK_OPEN,20:00,SHORT,HIGH_SWEEP,10504.3,10420.0,10486.62,10518.55,10455.0,10470.41,True,False,,,6374,2020-09-22 14:00:00+00:00,10471.13,0.0035096498658693243,0.0018488930994075004,,,,,
2020-09-23 07:00:00+00:00,2020-09-23,LONDON_OPEN,14:00,LONG,LOW_SWEEP,10485.0,10400.51,10430.15,10436.39,10374.12,10423.76,True,True,10436.39,10438.14,6392,2020-09-23 08:00:00+00:00,10423.77,0.0019580247837394094,0.005594904722571625,6394.0,2020-09-23 10:00:00+00:00,10475.42,0.0006367286466795186,0.0022977598988871417
2020-09-23 13:00:00+00:00,2020-09-23,NEW_YORK_OPEN,20:00,SHORT,HIGH_SWEEP,10515.0,10454.29,10499.49,10531.94,10485.51,10489.91,True,True,10479.3,10485.51,6398,2020-09-23 14:00:00+00:00,10489.9,0.002279335360680257,0.0008922868664142936,6400.0,2020-09-23 16:00:00+00:00,10446.46,-0.003262349159428357,0.003850108074888503
2020-09-24 00:00:00+00:00,2020-09-24,ASIA_OPEN,07:00,LONG,LOW_SWEEP,10294.35,10202.0,10237.91,10293.93,10191.0,10286.77,False,False,,,6409,2020-09-24 01:00:00+00:00,10286.77,-0.0006357680788041664,0.0011752960355875253,,,,,
2020-09-25 07:00:00+00:00,2020-09-25,LONDON_OPEN,14:00,SHORT,HIGH_SWEEP,10689.0,10613.39,10686.12,10697.78,10661.0,10682.49,True,True,10648.73,10661.0,6440,2020-09-25 08:00:00+00:00,10682.49,0.007711685196990503,0.008915524376807205,6442.0,2020-09-25 10:00:00+00:00,10589.49,0.00021153048919253514,-0.0020803645879075017
2020-09-26 00:00:00+00:00,2020-09-26,ASIA_OPEN,07:00,LONG,LOW_SWEEP,10743.77,10646.2,10683.5,10699.0,10646.18,10646.2,True,False,,,6457,2020-09-26 01:00:00+00:00,10646.39,0.003614370692788915,0.005129438241507245,,,,,
2020-09-27 13:00:00+00:00,2020-09-27,NEW_YORK_OPEN,20:00,SHORT,HIGH_SWEEP,10678.0,10584.0,10663.01,10683.0,10652.0,10672.9,True,False,,,6494,2020-09-27 14:00:00+00:00,10672.9,0.0002717162158363262,-0.004056067235709282,,,,,
2020-09-28 07:00:00+00:00,2020-09-28,LONDON_OPEN,14:00,LONG,LOW_SWEEP,10912.0,10846.0,10865.96,10875.72,10833.53,10852.93,True,False,,,6512,2020-09-28 08:00:00+00:00,10852.92,0.000119783431555609,0.0018501933120302905,,,,,
2020-09-30 13:00:00+00:00,2020-09-30,NEW_YORK_OPEN,20:00,SHORT,HIGH_SWEEP,10744.49,10666.08,10726.18,10748.0,10717.0,10736.36,False,False,,,6566,2020-09-30 14:00:00+00:00,10736.36,-0.0006072821701208486,-0.0038681638842212873,,,,,
2020-10-01 00:00:00+00:00,2020-10-01,ASIA_OPEN,07:00,SHORT,HIGH_SWEEP,10786.83,10700.97,10773.0,10827.0,10773.0,10785.98,False,False,,,6577,2020-10-01 01:00:00+00:00,10785.99,-0.004370484304176081,-0.0008511040711145501,,,,,
2020-10-04 00:00:00+00:00,2020-10-04,ASIA_OPEN,07:00,LONG,LOW_SWEEP,10565.0,10520.88,10537.96,10551.99,10514.0,10537.85,False,False,,,6649,2020-10-04 01:00:00+00:00,10537.85,-0.00023344420351412154,0.0003264423008488837,,,,,
2020-10-07 07:00:00+00:00,2020-10-07,LONDON_OPEN,14:00,SHORT,HIGH_SWEEP,10623.0,10566.11,10615.34,10624.98,10592.41,10612.16,True,False,,,6728,2020-10-07 08:00:00+00:00,10612.17,0.0006125043228670801,0.002103245613291116,,,,,
2020-10-07 13:00:00+00:00,2020-10-07,NEW_YORK_OPEN,20:00,SHORT,HIGH_SWEEP,10628.6,10563.08,10618.3,10634.94,10603.81,10605.07,False,False,,,6734,2020-10-07 14:00:00+00:00,10605.09,-0.002093334427147875,-0.0014049857191216208,,,,,
2020-10-08 00:00:00+00:00,2020-10-08,ASIA_OPEN,07:00,LONG,LOW_SWEEP,10666.0,10637.0,10658.75,10664.77,10634.71,10637.33,False,False,,,6745,2020-10-08 01:00:00+00:00,10637.34,-0.00022091989162709158,-0.00029236632466389523,,,,,
2020-10-10 07:00:00+00:00,2020-10-10,LONDON_OPEN,14:00,LONG,LOW_SWEEP,11424.99,11350.4,11354.25,11387.33,11350.08,11381.99,False,False,,,6800,2020-10-10 08:00:00+00:00,11381.99,-0.0004963982572466774,-0.0058803425411549926,,,,,
2020-10-10 13:00:00+00:00,2020-10-10,NEW_YORK_OPEN,20:00,SHORT,HIGH_SWEEP,11365.51,11237.49,11345.22,11388.99,11314.2,11357.7,True,False,,,6806,2020-10-10 14:00:00+00:00,11357.71,0.00046576290466993076,0.0018718562104507175,,,,,
2020-10-11 13:00:00+00:00,2020-10-11,NEW_YORK_OPEN,20:00,LONG,LOW_SWEEP,11413.78,11342.63,11356.83,11385.87,11333.03,11368.38,True,False,,,6830,2020-10-11 14:00:00+00:00,11368.38,0.000966716453883576,0.002224591366579931,,,,,
2020-10-12 07:00:00+00:00,2020-10-12,LONDON_OPEN,14:00,LONG,LOW_SWEEP,11417.76,11335.3,11342.02,11392.0,11327.9,11376.31,False,False,,,6848,2020-10-12 08:00:00+00:00,11376.24,-0.0015215923714688717,-0.009985724633094994,,,,,
2020-10-13 00:00:00+00:00,2020-10-13,ASIA_OPEN,07:00,LONG,LOW_SWEEP,11732.0,11435.0,11530.37,11546.44,11430.66,11496.39,True,False,,,6865,2020-10-13 01:00:00+00:00,11495.48,0.0006298127611896742,-0.0030411953219873222,,,,,
2020-10-13 07:00:00+00:00,2020-10-13,LONDON_OPEN,14:00,LONG,LOW_SWEEP,11520.57,11450.0,11479.5,11479.5,11422.11,11452.92,True,False,,,6872,2020-10-13 08:00:00+00:00,11452.91,0.002980028656472511,0.0057714589567192665,,,,,
2020-10-14 07:00:00+00:00,2020-10-14,LONDON_OPEN,14:00,SHORT,HIGH_SWEEP,11422.98,11355.17,11420.11,11430.0,11382.35,11412.24,False,False,,,6896,2020-10-14 08:00:00+00:00,11412.27,-0.0020066121814503735,0.003292946977244693,,,,,
2020-10-17 13:00:00+00:00,2020-10-17,NEW_YORK_OPEN,20:00,LONG,LOW_SWEEP,11352.0,11316.0,11344.55,11350.0,11310.01,11321.36,True,False,,,6974,2020-10-17 14:00:00+00:00,11321.37,0.0029696052686203345,0.000333881853521234,,,,,
2020-10-19 00:00:00+00:00,2020-10-19,ASIA_OPEN,07:00,SHORT,HIGH_SWEEP,11529.93,11434.15,11501.5,11543.0,11440.02,11465.51,True,False,,,7009,2020-10-19 01:00:00+00:00,11465.49,0.0005250538790754211,0.004613845548685602,,,,,
2020-10-20 13:00:00+00:00,2020-10-20,NEW_YORK_OPEN,20:00,SHORT,HIGH_SWEEP,11937.63,11705.0,11872.66,11949.0,11810.0,11929.74,True,False,,,7046,2020-10-20 14:00:00+00:00,11926.97,0.0015988972890851327,-0.002857389596854887,,,,,
2020-10-21 07:00:00+00:00,2020-10-21,LONDON_OPEN,14:00,LONG,LOW_SWEEP,12294.96,12162.12,12227.49,12244.41,12116.0,12193.32,False,False,,,7064,2020-10-21 08:00:00+00:00,12193.32,-0.0038332464004880995,0.0015803735159907184,,,,,
2020-10-23 07:00:00+00:00,2020-10-23,LONDON_OPEN,14:00,LONG,LOW_SWEEP,12991.0,12865.33,12877.81,12919.24,12865.0,12889.36,True,False,,,7112,2020-10-23 08:00:00+00:00,12889.35,0.0023096587492774656,0.00991050751201561,,,,,
2020-10-25 13:00:00+00:00,2020-10-25,NEW_YORK_OPEN,20:00,SHORT,HIGH_SWEEP,12998.98,12887.42,12969.78,13017.65,12946.01,12981.06,False,False,,,7166,2020-10-25 14:00:00+00:00,12981.07,-0.00021800976344787948,-0.0011555287815256943,,,,,
2020-10-27 00:00:00+00:00,2020-10-27,ASIA_OPEN,07:00,SHORT,HIGH_SWEEP,13087.47,12978.0,13047.24,13128.43,13041.3,13086.43,False,False,,,7201,2020-10-27 01:00:00+00:00,13086.43,-0.00020861304419916848,0.000576169360169354,,,,,
2020-10-27 07:00:00+00:00,2020-10-27,LONDON_OPEN,14:00,SHORT,HIGH_SWEEP,13139.16,13055.0,13096.33,13158.0,13079.0,13138.51,True,False,,,7208,2020-10-27 08:00:00+00:00,13138.51,0.00034098234883561673,-0.009072566067232835,,,,,
2020-10-30 07:00:00+00:00,2020-10-30,LONDON_OPEN,14:00,LONG,LOW_SWEEP,13489.17,13132.0,13195.01,13255.0,13100.0,13215.0,True,False,,,7280,2020-10-30 08:00:00+00:00,13215.0,0.001451381006432051,0.006020431328036313,,,,,
2020-10-31 00:00:00+00:00,2020-10-31,ASIA_OPEN,07:00,SHORT,HIGH_SWEEP,13628.6,13456.0,13549.12,13636.55,13501.16,13603.25,False,False,,,7297,2020-10-31 01:00:00+00:00,13603.25,-0.001666513516990431,0.008722915479756677,,,,,
2020-11-02 07:00:00+00:00,2020-11-02,LONDON_OPEN,14:00,SHORT,HIGH_SWEEP,13750.5,13632.76,13727.03,13752.92,13708.0,13732.14,True,True,13573.66,13708.0,7352,2020-11-02 08:00:00+00:00,13732.13,0.021008394182111534,0.017727038704119402,7354.0,2020-11-02 10:00:00+00:00,13559.54,0.005224366018316218,0.019480749346954318
2020-11-04 13:00:00+00:00,2020-11-04,NEW_YORK_OPEN,20:00,SHORT,HIGH_SWEEP,13835.37,13591.95,13817.06,13889.43,13777.0,13824.13,False,False,,,7406,2020-11-04 14:00:00+00:00,13824.13,-0.00020760800137153979,-0.013813527505890155,,,,,
2020-11-05 13:00:00+00:00,2020-11-05,NEW_YORK_OPEN,20:00,SHORT,HIGH_SWEEP,14935.0,14442.11,14866.44,14977.38,14731.92,14814.71,False,False,,,7430,2020-11-05 14:00:00+00:00,14814.71,-0.00539126314318672,-0.023489491188150247,,,,,
2020-11-06 07:00:00+00:00,2020-11-06,LONDON_OPEN,14:00,SHORT,HIGH_SWEEP,15766.0,15435.0,15683.7,15795.93,15660.0,15738.0,True,True,15557.0,15660.0,7448,2020-11-06 08:00:00+00:00,15738.0,0.015330410471470324,0.008682805947388461,7450.0,2020-11-06 10:00:00+00:00,15420.0,-0.01176070038910515,-0.0029844357976653857
2020-11-07 13:00:00+00:00,2020-11-07,NEW_YORK_OPEN,20:00,LONG,LOW_SWEEP,15598.0,15444.0,15523.95,15535.95,15401.0,15514.85,False,False,,,7478,2020-11-07 14:00:00+00:00,15514.85,-0.013010116114561265,-0.009111270814735617,,,,,
2020-11-10 00:00:00+00:00,2020-11-10,ASIA_OPEN,07:00,LONG,LOW_SWEEP,15429.59,15208.4,15328.72,15347.01,15181.5,15298.21,True,False,,,7537,2020-11-10 01:00:00+00:00,15298.22,0.005941867746705354,0.0022741207800647256,,,,,
2020-11-11 13:00:00+00:00,2020-11-11,NEW_YORK_OPEN,20:00,SHORT,HIGH_SWEEP,15684.75,15424.5,15627.89,15724.39,15550.0,15569.64,False,False,,,7574,2020-11-11 14:00:00+00:00,15569.64,-0.004775961422357922,-0.012419683435198392,,,,,
2020-11-14 07:00:00+00:00,2020-11-14,LONDON_OPEN,14:00,LONG,LOW_SWEEP,16198.88,16055.1,16165.0,16179.0,16020.0,16085.39,False,False,,,7640,2020-11-14 08:00:00+00:00,16085.39,-0.008328054215657743,-0.01484825670997103,,,,,
2020-11-14 13:00:00+00:00,2020-11-14,NEW_YORK_OPEN,20:00,SHORT,HIGH_SWEEP,15934.61,15743.0,15899.21,15940.0,15847.38,15922.49,False,False,,,7646,2020-11-14 14:00:00+00:00,15922.5,-0.005431307897629134,0.004417647982414841,,,,,
2020-11-15 07:00:00+00:00,2020-11-15,LONDON_OPEN,14:00,SHORT,HIGH_SWEEP,16075.0,15876.0,16049.26,16096.0,15997.65,16027.39,False,False,,,7664,2020-11-15 08:00:00+00:00,16027.38,-0.005383911780964867,0.002507583897056076,,,,,
2020-11-16 07:00:00+00:00,2020-11-16,LONDON_OPEN,14:00,SHORT,HIGH_SWEEP,16246.11,15977.16,16232.04,16292.0,16201.02,16230.87,True,False,,,7688,2020-11-16 08:00:00+00:00,16232.93,0.00127949790949633,-0.009214602662612315,,,,,
2020-11-18 00:00:00+00:00,2020-11-18,ASIA_OPEN,07:00,SHORT,HIGH_SWEEP,17724.91,17472.48,17670.01,17849.18,17611.7,17709.29,False,False,,,7729,2020-11-18 01:00:00+00:00,17709.29,-0.0022982287827462144,-0.02045762421870112,,,,,
2020-11-19 00:00:00+00:00,2020-11-19,ASIA_OPEN,07:00,LONG,LOW_SWEEP,17868.65,17600.0,17788.32,17835.0,17581.64,17772.58,True,True,17835.0,17864.32,7753,2020-11-19 01:00:00+00:00,17772.57,0.005254164141708317,0.009171436657726018,7755.0,2020-11-19 03:00:00+00:00,17948.01,-0.0006931130526447449,-0.002117783531433215
2020-11-20 07:00:00+00:00,2020-11-20,LONDON_OPEN,14:00,SHORT,HIGH_SWEEP,18257.66,17955.02,18183.34,18438.0,18100.0,18223.0,False,False,,,7784,2020-11-20 08:00:00+00:00,18221.69,-0.005546137597555623,-0.004282808016160988,,,,,
2020-11-21 07:00:00+00:00,2020-11-21,LONDON_OPEN,14:00,SHORT,HIGH_SWEEP,18738.37,18453.0,18638.6,18750.0,18612.69,18681.64,False,False,,,7808,2020-11-21 08:00:00+00:00,18681.64,-0.0060572840500083824,0.003941838082737847,,,,,
2020-11-22 07:00:00+00:00,2020-11-22,LONDON_OPEN,14:00,LONG,LOW_SWEEP,18635.84,18425.0,18514.0,18536.2,18310.0,18524.37,False,False,,,7832,2020-11-22 08:00:00+00:00,18524.37,-0.014811839754874101,-0.017461322571293847,,,,,
2020-11-23 07:00:00+00:00,2020-11-23,LONDON_OPEN,14:00,SHORT,HIGH_SWEEP,18568.0,18330.0,18558.02,18592.67,18454.57,18480.33,False,False,,,7856,2020-11-23 08:00:00+00:00,18481.28,-0.0068182506839353785,-0.01613362277937469,,,,,
2020-11-23 13:00:00+00:00,2020-11-23,NEW_YORK_OPEN,20:00,LONG,LOW_SWEEP,18812.65,18514.0,18653.36,18689.0,18363.9,18626.4,False,False,,,7862,2020-11-23 14:00:00+00:00,18626.4,-0.004423828544431685,-0.012153180432075028,,,,,
2020-11-24 00:00:00+00:00,2020-11-24,ASIA_OPEN,07:00,LONG,LOW_SWEEP,18492.27,18249.91,18382.07,18397.65,18227.87,18380.0,True,False,,,7873,2020-11-24 01:00:00+00:00,18380.0,0.005984221980413595,-0.0011278563656147433,,,,,
2020-11-24 07:00:00+00:00,2020-11-24,LONDON_OPEN,14:00,SHORT,HIGH_SWEEP,18468.87,18000.0,18411.75,18479.44,18376.0,18381.99,False,False,,,7880,2020-11-24 08:00:00+00:00,18382.0,-0.014243281471004288,-0.029659449461429732,,,,,
2020-11-24 13:00:00+00:00,2020-11-24,NEW_YORK_OPEN,20:00,SHORT,HIGH_SWEEP,19280.0,18725.63,19174.57,19333.0,19105.4,19192.52,False,False,,,7886,2020-11-24 14:00:00+00:00,19192.53,-0.010809934906966578,-0.006589542910705459,,,,,
2020-11-25 00:00:00+00:00,2020-11-25,ASIA_OPEN,07:00,SHORT,HIGH_SWEEP,19220.0,18872.0,19178.53,19240.56,19138.79,19182.02,True,True,19124.67,19138.79,7897,2020-11-25 01:00:00+00:00,19180.45,0.002908690880558118,0.018531890544799534,7899.0,2020-11-25 03:00:00+00:00,18995.96,0.008999808380308227,0.005228480161044713
2020-11-26 07:00:00+00:00,2020-11-26,LONDON_OPEN,14:00,LONG,LOW_SWEEP,18099.0,17600.0,17970.54,17970.54,17516.0,17646.21,False,False,,,7928,2020-11-26 08:00:00+00:00,17646.2,-0.042755380761863804,-0.020077977128220237,,,,,
2020-11-27 07:00:00+00:00,2020-11-27,LONDON_OPEN,14:00,LONG,LOW_SWEEP,17350.0,17061.0,17286.7,17297.9,17040.0,17105.25,False,False,,,7952,2020-11-27 08:00:00+00:00,17106.79,-0.014557962072370145,-0.010695168409736722,,,,,
2020-11-27 13:00:00+00:00,2020-11-27,NEW_YORK_OPEN,20:00,SHORT,HIGH_SWEEP,17079.57,16658.91,17071.0,17084.3,16912.08,16950.07,True,True,16791.24,16912.08,7958,2020-11-27 14:00:00+00:00,16950.07,0.010594056543719255,0.007821796606149567,7960.0,2020-11-27 16:00:00+00:00,16511.03,-0.018560925635772163,-0.01636542359864901
2020-11-28 00:00:00+00:00,2020-11-28,ASIA_OPEN,07:00,SHORT,HIGH_SWEEP,17157.8,16915.81,17144.11,17180.25,16982.53,17153.51,True,False,,,7969,2020-11-28 01:00:00+00:00,17153.51,0.0011152236481045685,0.009124663115595344,,,,,
2020-11-28 07:00:00+00:00,2020-11-28,LONDON_OPEN,14:00,SHORT,HIGH_SWEEP,17043.7,16865.78,17023.15,17071.1,17001.43,17021.77,True,True,16966.77,17001.43,7976,2020-11-28 08:00:00+00:00,17021.77,0.008174825532245023,-0.010679852917763633,7978.0,2020-11-28 10:00:00+00:00,16920.0,-0.016758865248227117,-0.013070330969267241
2020-11-29 00:00:00+00:00,2020-11-29,ASIA_OPEN,07:00,LONG,LOW_SWEEP,17839.0,17623.65,17717.74,17761.0,17534.0,17647.61,False,False,,,7993,2020-11-29 01:00:00+00:00,17647.61,-0.0032650313555205868,0.012601706406703217,,,,,
2020-11-29 07:00:00+00:00,2020-11-29,LONDON_OPEN,14:00,LONG,LOW_SWEEP,17871.79,17707.37,17732.02,17850.0,17669.58,17819.3,True,True,17850.0,18052.28,8000,2020-11-29 08:00:00+00:00,17819.29,0.01819544998706446,0.0205827504911813,8002.0,2020-11-29 10:00:00+00:00,18107.0,0.0043662671894848515,-0.0042409013088861025
2020-11-30 07:00:00+00:00,2020-11-30,LONDON_OPEN,14:00,SHORT,HIGH_SWEEP,18618.41,18445.0,18512.98,18691.0,18507.0,18618.0,True,False,,,8024,2020-11-30 08:00:00+00:00,18618.0,0.008551401869158815,0.006274035879256679,,,,,
2020-12-01 07:00:00+00:00,2020-12-01,LONDON_OPEN,14:00,SHORT,HIGH_SWEEP,19543.91,19301.0,19359.0,19572.0,19320.0,19539.46,True,False,,,8048,2020-12-01 08:00:00+00:00,19539.46,0.002672028807346738,-0.01184884331501479,,,,,
2020-12-01 13:00:00+00:00,2020-12-01,NEW_YORK_OPEN,20:00,LONG,LOW_SWEEP,19956.0,18400.0,18574.71,18837.0,18050.0,18765.1,True,True,18837.0,19180.0,8054,2020-12-01 14:00:00+00:00,18765.09,0.0283542471685454,0.016288224570199406,8056.0,2020-12-01 16:00:00+00:00,19276.0,-0.010648474787300133,-0.027289375389084825
2020-12-02 00:00:00+00:00,2020-12-02,ASIA_OPEN,07:00,LONG,LOW_SWEEP,19235.94,18734.0,18770.33,18886.41,18432.0,18843.15,True,False,,,8065,2020-12-02 01:00:00+00:00,18843.15,0.000864505138471916,-0.011640304301563154,,,,,
2020-12-02 13:00:00+00:00,2020-12-02,NEW_YORK_OPEN,20:00,SHORT,HIGH_SWEEP,19214.39,18800.0,18949.99,19271.69,18923.0,19140.0,True,False,,,8078,2020-12-02 14:00:00+00:00,19140.01,0.011410129879764974,0.014473346670142662,,,,,
2020-12-03 00:00:00+00:00,2020-12-03,ASIA_OPEN,07:00,SHORT,HIGH_SWEEP,19280.0,19053.0,19207.01,19314.43,19161.24,19184.14,True,True,19102.08,19161.24,8089,2020-12-03 01:00:00+00:00,19184.14,0.00842623125143993,0.004594420182504888,8091.0,2020-12-03 03:00:00+00:00,19046.95,-0.0025752154544427253,0.00618629229351686
2020-12-05 00:00:00+00:00,2020-12-05,ASIA_OPEN,07:00,LONG,LOW_SWEEP,18997.4,18570.0,18662.72,18800.0,18510.0,18776.17,False,False,,,8137,2020-12-05 01:00:00+00:00,18776.18,-0.006276036978767774,0.002791835186922942,,,,,
2020-12-05 13:00:00+00:00,2020-12-05,NEW_YORK_OPEN,20:00,LONG,LOW_SWEEP,19150.0,18972.29,19070.72,19080.32,18960.49,18995.45,True,False,,,8150,2020-12-05 14:00:00+00:00,18995.71,0.004437317689099274,0.005433858486995291,,,,,
2020-12-06 07:00:00+00:00,2020-12-06,LONDON_OPEN,14:00,SHORT,HIGH_SWEEP,19238.19,19112.0,19192.09,19265.35,19178.24,19238.17,True,True,19086.47,19178.24,8168,2020-12-06 08:00:00+00:00,19238.17,0.011109164749037892,0.010038376831060236,8170.0,2020-12-06 10:00:00+00:00,19044.99,-3.1504348385613667e-06,0.002992913096830141
2020-12-10 13:00:00+00:00,2020-12-10,NEW_YORK_OPEN,20:00,LONG,LOW_SWEEP,18289.57,18118.0,18217.22,18256.0,18042.0,18237.68,False,False,,,8270,2020-12-10 14:00:00+00:00,18237.99,-0.008244329556053032,-0.003507513711763277,,,,,
2020-12-11 07:00:00+00:00,2020-12-11,LONDON_OPEN,14:00,LONG,LOW_SWEEP,18042.64,17805.09,17918.31,17940.0,17680.0,17810.01,True,False,,,8288,2020-12-11 08:00:00+00:00,17810.0,0.004864121280179656,-0.003132509825940488,,,,,
2020-12-13 00:00:00+00:00,2020-12-13,ASIA_OPEN,07:00,LONG,LOW_SWEEP,18950.0,18722.1,18800.0,18863.9,18705.46,18738.15,True,False,,,8329,2020-12-13 01:00:00+00:00,18740.58,0.0023441110147068844,0.0017299357864055676,,,,,
2020-12-16 00:00:00+00:00,2020-12-16,ASIA_OPEN,07:00,LONG,LOW_SWEEP,19516.15,19340.64,19424.9,19451.52,19274.55,19361.02,True,False,,,8401,2020-12-16 01:00:00+00:00,19361.03,0.001163677758879711,-0.0008899319922545113,,,,,
2020-12-17 13:00:00+00:00,2020-12-17,NEW_YORK_OPEN,20:00,SHORT,HIGH_SWEEP,23213.8,22438.07,23158.3,23375.07,22637.34,22837.89,False,False,,,8438,2020-12-17 14:00:00+00:00,22837.89,-0.011323725615632663,-0.03389630127827048,,,,,
2020-12-19 00:00:00+00:00,2020-12-19,ASIA_OPEN,07:00,SHORT,HIGH_SWEEP,23164.42,22763.24,23124.35,23189.34,22946.16,22966.01,False,False,,,8473,2020-12-19 01:00:00+00:00,22966.01,-0.003851343790236106,-0.006793953324935487,,,,,
2020-12-20 13:00:00+00:00,2020-12-20,NEW_YORK_OPEN,20:00,LONG,LOW_SWEEP,23673.35,23360.0,23486.81,23614.97,23312.0,23581.35,False,False,,,8510,2020-12-20 14:00:00+00:00,23581.35,-0.0010109684135980457,0.003500647757656017,,,,,
2020-12-22 07:00:00+00:00,2020-12-22,LONDON_OPEN,14:00,LONG,LOW_SWEEP,23092.57,22555.0,22761.85,22838.29,22507.18,22668.05,True,False,,,8552,2020-12-22 08:00:00+00:00,22668.04,0.0017703339150627606,0.0024289704800237732,,,,,
2020-12-23 07:00:00+00:00,2020-12-23,LONDON_OPEN,14:00,LONG,LOW_SWEEP,23712.77,23360.37,23521.01,23658.06,23336.0,23577.01,False,False,,,8576,2020-12-23 08:00:00+00:00,23577.01,-0.0025507899432539727,-0.005269540115561688,,,,,
2020-12-23 13:00:00+00:00,2020-12-23,NEW_YORK_OPEN,20:00,SHORT,HIGH_SWEEP,23895.0,22800.66,23869.15,24235.42,23468.71,23624.0,False,False,,,8582,2020-12-23 14:00:00+00:00,23624.0,-0.006434558076532371,0.00916398577717581,,,,,
2020-12-25 00:00:00+00:00,2020-12-25,ASIA_OPEN,07:00,SHORT,HIGH_SWEEP,23819.81,23375.79,23738.75,23836.0,23577.67,23638.31,True,False,,,8617,2020-12-25 01:00:00+00:00,23638.31,0.00132116043828856,0.006163300168243957,,,,,
2020-12-26 07:00:00+00:00,2020-12-26,LONDON_OPEN,14:00,SHORT,HIGH_SWEEP,24942.28,24657.0,24843.06,24950.0,24725.93,24793.28,False,False,,,8648,2020-12-26 08:00:00+00:00,24793.27,-0.004861803223213501,0.0022308473226807513,,,,,
2020-12-26 13:00:00+00:00,2020-12-26,NEW_YORK_OPEN,20:00,SHORT,HIGH_SWEEP,24964.45,24552.0,24903.22,24999.0,24826.1,24948.0,False,False,,,8654,2020-12-26 14:00:00+00:00,24947.99,-0.017716858151698878,-0.037048275231792216,,,,,
2020-12-27 07:00:00+00:00,2020-12-27,LONDON_OPEN,14:00,SHORT,HIGH_SWEEP,27779.64,26590.96,27650.89,27815.0,27464.29,27655.27,True,False,,,8672,2020-12-27 08:00:00+00:00,27655.4,0.005619155752583649,-0.006645356783846923,,,,,
2020-12-30 07:00:00+00:00,2020-12-30,LONDON_OPEN,14:00,SHORT,HIGH_SWEEP,28635.0,27758.33,28412.13,28656.9,28297.03,28437.38,True,True,27932.21,28297.03,8744,2020-12-30 08:00:00+00:00,28437.38,0.02328625210901991,0.019292564926867373,8746.0,2020-12-30 10:00:00+00:00,27885.89,-0.0001025608291504998,-0.00023596162790573416
2020-12-30 13:00:00+00:00,2020-12-30,NEW_YORK_OPEN,20:00,SHORT,HIGH_SWEEP,28099.0,27606.72,27892.48,28215.0,27801.0,27909.9,False,False,,,8750,2020-12-30 14:00:00+00:00,27909.91,-0.010824112295596766,-0.009785413138200694,,,,,
2020-12-31 07:00:00+00:00,2020-12-31,LONDON_OPEN,14:00,SHORT,HIGH_SWEEP,29239.03,28761.27,28891.2,29364.05,28891.2,29190.0,True,False,,,8768,2020-12-31 08:00:00+00:00,29190.0,0.007677971908187753,0.0005289482699554204,,,,,
2020-12-31 13:00:00+00:00,2020-12-31,NEW_YORK_OPEN,20:00,LONG,LOW_SWEEP,29218.3,28398.45,28629.66,28658.0,27848.0,28544.32,False,False,,,8774,2020-12-31 14:00:00+00:00,28544.31,-0.005125715072461068,-0.004750158613047617,,,,,
2021-01-01 00:00:00+00:00,2021-01-01,ASIA_OPEN,07:00,LONG,LOW_SWEEP,29199.49,28800.0,28948.19,29055.0,28706.0,29015.0,True,True,29055.0,29159.16,8785,2021-01-01 01:00:00+00:00,29015.0,0.014937101499224559,0.009895226606927432,8787.0,2021-01-01 03:00:00+00:00,29236.58,0.0022413702286656623,-0.0007791609004884625
2021-01-01 07:00:00+00:00,2021-01-01,LONDON_OPEN,14:00,LONG,LOW_SWEEP,29422.32,29086.0,29198.01,29214.96,28822.0,29107.71,False,False,,,8792,2021-01-01 08:00:00+00:00,29107.72,-0.002811281680598854,0.005207209633733001,,,,,
2021-01-02 00:00:00+00:00,2021-01-02,ASIA_OPEN,07:00,LONG,LOW_SWEEP,29350.0,29118.4,29337.15,29350.0,28958.24,29215.89,True,False,,,8809,2021-01-02 01:00:00+00:00,29215.89,0.005617148750217904,0.0050924342883273965,,,,,
2021-01-02 07:00:00+00:00,2021-01-02,LONDON_OPEN,14:00,SHORT,HIGH_SWEEP,29800.0,29230.0,29733.09,29878.0,29648.0,29777.33,False,False,,,8816,2021-01-02 08:00:00+00:00,29778.77,-0.0030635919482235874,0.0023681300470099753,,,,,
2021-01-04 00:00:00+00:00,2021-01-04,ASIA_OPEN,07:00,LONG,LOW_SWEEP,33948.13,32703.33,33053.93,33165.0,32457.0,32907.4,True,False,,,8857,2021-01-04 01:00:00+00:00,32907.39,0.010174918156681478,0.01989917766191729,,,,,
2021-01-06 00:00:00+00:00,2021-01-06,ASIA_OPEN,07:00,LONG,LOW_SWEEP,34500.0,33505.27,33999.51,34164.2,33356.46,33962.7,False,False,,,8905,2021-01-06 01:00:00+00:00,33962.7,-0.0029081904560002148,0.006471805834047384,,,,,
2021-01-07 07:00:00+00:00,2021-01-07,LONDON_OPEN,14:00,LONG,LOW_SWEEP,37790.36,36752.4,37170.68,37375.0,36751.0,36906.64,True,False,,,8936,2021-01-07 08:00:00+00:00,36909.86,0.010476875284815446,0.0051839806490729945,,,,,
2021-01-07 13:00:00+00:00,2021-01-07,NEW_YORK_OPEN,20:00,SHORT,HIGH_SWEEP,38247.0,36951.1,38004.04,38497.33,37935.88,38218.92,False,False,,,8942,2021-01-07 14:00:00+00:00,38218.92,-0.007136517724729119,-0.02495491761671964,,,,,
2021-01-08 07:00:00+00:00,2021-01-08,LONDON_OPEN,14:00,SHORT,HIGH_SWEEP,38983.41,37615.0,38590.0,39200.0,38352.55,38965.76,True,False,,,8960,2021-01-08 08:00:00+00:00,38965.8,0.0067497651786951884,-0.048073182123811176,,,,,
2021-01-09 00:00:00+00:00,2021-01-09,ASIA_OPEN,07:00,SHORT,HIGH_SWEEP,41000.0,38655.0,40638.91,41045.93,40014.66,40341.75,True,False,,,8977,2021-01-09 01:00:00+00:00,40341.75,0.0022991070045300654,0.0016335434134612248,,,,,
2021-01-09 07:00:00+00:00,2021-01-09,LONDON_OPEN,14:00,LONG,LOW_SWEEP,40555.0,38900.0,39017.99,39745.3,38733.28,39683.38,True,True,39745.3,40203.0,8984,2021-01-09 08:00:00+00:00,39683.38,0.013292970508056667,0.019107243385014128,8986.0,2021-01-09 10:00:00+00:00,40411.87,0.000736169843167378,0.013717504287725335
2021-01-11 07:00:00+00:00,2021-01-11,LONDON_OPEN,14:00,LONG,LOW_SWEEP,36003.03,32668.0,32924.52,34749.0,32600.0,34399.95,True,True,34749.0,34940.0,9032,2021-01-11 08:00:00+00:00,34399.95,0.030686381811601438,0.028970100247238673,9034.0,2021-01-11 10:00:00+00:00,35800.0,-0.011270391061452556,-0.041801955307262606
2021-01-14 00:00:00+00:00,2021-01-14,ASIA_OPEN,07:00,SHORT,HIGH_SWEEP,37880.0,36171.92,37416.34,38273.36,37410.29,37831.32,True,False,,,9097,2021-01-14 01:00:00+00:00,37831.42,0.008258214996952229,0.01925436581550466,,,,,
2021-01-16 07:00:00+00:00,2021-01-16,LONDON_OPEN,14:00,SHORT,HIGH_SWEEP,36742.47,35528.72,36146.4,37007.97,36101.0,36599.68,False,False,,,9152,2021-01-16 08:00:00+00:00,36599.7,-0.025031625942289137,-0.02381330994516362,,,,,
2021-01-18 00:00:00+00:00,2021-01-18,ASIA_OPEN,07:00,LONG,LOW_SWEEP,36898.0,35700.0,35875.72,36066.43,35603.55,36007.44,True,False,,,9193,2021-01-18 01:00:00+00:00,36007.44,0.0044307509781311705,-0.023861457521001328,,,,,
2021-01-19 00:00:00+00:00,2021-01-19,ASIA_OPEN,07:00,SHORT,HIGH_SWEEP,36835.84,36001.0,36690.0,36998.0,36432.31,36737.5,False,False,,,9217,2021-01-19 01:00:00+00:00,36737.5,-0.007808370193943537,0.004940728138822736,,,,,
2021-01-20 00:00:00+00:00,2021-01-20,ASIA_OPEN,07:00,LONG,LOW_SWEEP,36843.99,35850.0,35891.74,36400.0,35601.05,36358.71,False,False,,,9241,2021-01-20 01:00:00+00:00,36355.83,-0.005222271091046449,-0.03462085723252639,,,,,
2021-01-21 07:00:00+00:00,2021-01-21,LONDON_OPEN,14:00,SHORT,HIGH_SWEEP,34960.0,34000.0,34697.97,35073.29,34592.86,34681.91,True,True,33524.71,34592.86,9272,2021-01-21 08:00:00+00:00,34681.91,0.04048306451403649,0.05254929731378699,9274.0,2021-01-21 10:00:00+00:00,32915.62,0.0017080036772815221,0.013234142331209453
2021-01-22 07:00:00+00:00,2021-01-22,LONDON_OPEN,14:00,LONG,LOW_SWEEP,32090.37,30708.72,31543.51,31868.49,30650.27,30875.13,True,False,,,9296,2021-01-22 08:00:00+00:00,30875.13,0.021435699218108395,0.01688608274685799,,,,,
2021-01-23 00:00:00+00:00,2021-01-23,ASIA_OPEN,07:00,LONG,LOW_SWEEP,33678.42,32620.0,32990.08,33006.69,32435.07,32718.51,True,False,,,9313,2021-01-23 01:00:00+00:00,32718.51,0.0002417591754637627,-0.01019300695539005,,,,,
2021-01-23 13:00:00+00:00,2021-01-23,NEW_YORK_OPEN,20:00,LONG,LOW_SWEEP,32565.99,31493.84,31610.74,32301.0,31405.0,31876.48,False,False,,,9326,2021-01-23 14:00:00+00:00,31876.48,-0.00462127562390835,0.008067703836810214,,,,,
2021-01-24 00:00:00+00:00,2021-01-24,ASIA_OPEN,07:00,LONG,LOW_SWEEP,32550.0,31830.0,32086.48,32100.0,31612.77,31895.51,False,False,,,9337,2021-01-24 01:00:00+00:00,31895.52,-0.0006308095933221791,0.018764704259407017,,,,,
2021-01-24 13:00:00+00:00,2021-01-24,NEW_YORK_OPEN,20:00,LONG,LOW_SWEEP,32980.0,32226.0,32409.23,32452.38,32121.39,32262.17,False,False,,,9350,2021-01-24 14:00:00+00:00,32260.78,-0.005587279662798039,-0.015827887608421132,,,,,
2021-01-25 07:00:00+00:00,2021-01-25,LONDON_OPEN,14:00,LONG,LOW_SWEEP,33863.09,33170.0,33535.18,33604.76,33065.0,33377.96,True,False,,,9368,2021-01-25 08:00:00+00:00,33377.97,0.003299481664103432,-0.0069818506038563655,,,,,
2021-01-26 00:00:00+00:00,2021-01-26,ASIA_OPEN,07:00,LONG,LOW_SWEEP,33497.62,31921.47,32253.68,32697.95,31730.0,32477.65,True,False,,,9385,2021-01-26 01:00:00+00:00,32479.28,0.008750809747014143,-0.029514201053717937,,,,,
2021-01-26 07:00:00+00:00,2021-01-26,LONDON_OPEN,14:00,LONG,LOW_SWEEP,32323.0,31310.94,31595.4,31768.07,31112.58,31640.7,True,False,,,9392,2021-01-26 08:00:00+00:00,31640.71,0.00807282769571227,0.019319730815142933,,,,,
2021-01-26 13:00:00+00:00,2021-01-26,NEW_YORK_OPEN,20:00,LONG,LOW_SWEEP,32500.77,31242.63,31312.9,31944.0,31214.0,31728.81,False,False,,,9398,2021-01-26 14:00:00+00:00,31730.0,-0.01493192562243939,0.008602899464229541,,,,,
2021-01-28 00:00:00+00:00,2021-01-28,ASIA_OPEN,07:00,LONG,LOW_SWEEP,31674.65,30082.59,30382.96,30734.72,29843.33,30685.2,True,True,30734.72,30800.0,9433,2021-01-28 01:00:00+00:00,30681.27,0.006462574723927528,0.024208254743040225,9435.0,2021-01-28 03:00:00+00:00,30992.64,0.013918465803493874,0.024238657952339704
2021-01-31 00:00:00+00:00,2021-01-31,ASIA_OPEN,07:00,LONG,LOW_SWEEP,34829.25,34000.0,34284.76,34393.22,33907.27,34097.1,True,False,,,9505,2021-01-31 01:00:00+00:00,34097.1,0.003767769106463703,-0.0039352320285303,,,,,
2021-01-31 07:00:00+00:00,2021-01-31,LONDON_OPEN,14:00,LONG,LOW_SWEEP,34160.26,33600.0,33683.71,33888.0,33452.24,33632.41,False,False,,,9512,2021-01-31 08:00:00+00:00,33631.01,-0.00011923519394752002,0.0016924855958830864,,,,,
2021-02-01 00:00:00+00:00,2021-02-01,ASIA_OPEN,07:00,LONG,LOW_SWEEP,33280.73,32536.34,33125.11,33140.03,32322.47,32570.42,True,True,33140.03,33259.0,9529,2021-02-01 01:00:00+00:00,32570.42,0.027164218330620216,0.03162225111005634,9531.0,2021-02-01 03:00:00+00:00,33674.91,-0.0022135174229122034,0.0033562079304738646
2021-02-02 07:00:00+00:00,2021-02-02,LONDON_OPEN,14:00,SHORT,HIGH_SWEEP,34380.0,33540.0,34334.27,34455.0,34170.21,34261.84,False,False,,,9560,2021-02-02 08:00:00+00:00,34261.81,-0.013073156380237982,-0.029051004602500763,,,,,
2021-02-05 00:00:00+00:00,2021-02-05,ASIA_OPEN,07:00,LONG,LOW_SWEEP,37767.7,36867.54,36975.19,37278.53,36825.96,37030.23,False,False,,,9625,2021-02-05 01:00:00+00:00,37030.23,-0.00962564909804775,0.010648597105662017,,,,,
2021-02-05 07:00:00+00:00,2021-02-05,LONDON_OPEN,14:00,SHORT,HIGH_SWEEP,37739.37,37052.09,37422.72,37780.0,37422.72,37708.46,False,False,,,9632,2021-02-05 08:00:00+00:00,37708.46,-0.0016972318678620812,0.006813325179548468,,,,,
2021-02-06 07:00:00+00:00,2021-02-06,LONDON_OPEN,14:00,SHORT,HIGH_SWEEP,39482.85,38800.23,39314.29,39534.0,39200.0,39410.68,False,False,,,9656,2021-02-06 08:00:00+00:00,39410.69,-0.0016574183298998513,-0.017375742469873057,,,,,
2021-02-07 00:00:00+00:00,2021-02-07,ASIA_OPEN,07:00,LONG,LOW_SWEEP,40583.0,39100.0,39249.53,39666.05,38700.0,39621.67,False,False,,,9673,2021-02-07 01:00:00+00:00,39622.79,-0.023938748381928776,-0.018139560591265758,,,,,
2021-02-07 13:00:00+00:00,2021-02-07,NEW_YORK_OPEN,20:00,LONG,LOW_SWEEP,39736.0,38600.0,38886.56,39186.91,38436.76,38693.82,False,False,,,9686,2021-02-07 14:00:00+00:00,38693.83,-0.0108254985355547,-0.011941438725502351,,,,,
2021-02-08 00:00:00+00:00,2021-02-08,ASIA_OPEN,07:00,SHORT,HIGH_SWEEP,39144.19,38350.0,38849.24,39185.93,38703.4,38774.6,True,False,,,9697,2021-02-08 01:00:00+00:00,38774.61,0.004974389168582172,0.016860775646744153,,,,,
2021-02-08 13:00:00+00:00,2021-02-08,NEW_YORK_OPEN,20:00,SHORT,HIGH_SWEEP,43880.0,38920.38,43505.9,45063.24,42470.0,43078.22,False,False,,,9710,2021-02-08 14:00:00+00:00,43077.59,-0.013192474323656445,-0.0047258911187928465,,,,,
2021-02-09 00:00:00+00:00,2021-02-09,ASIA_OPEN,07:00,SHORT,HIGH_SWEEP,47146.0,43959.34,46451.32,47664.03,46234.58,46877.01,True,False,,,9721,2021-02-09 01:00:00+00:00,46877.02,0.012426344507393883,0.003874179715348647,,,,,
2021-02-09 07:00:00+00:00,2021-02-09,LONDON_OPEN,14:00,SHORT,HIGH_SWEEP,48250.0,46300.0,48214.1,48266.36,47500.0,47612.4,True,True,47320.0,47500.0,9728,2021-02-09 08:00:00+00:00,47614.65,0.007590310965217673,0.03814960311584781,9730.0,2021-02-09 10:00:00+00:00,46568.21,0.016535744019364307,0.024979916556809867
2021-02-09 13:00:00+00:00,2021-02-09,NEW_YORK_OPEN,20:00,LONG,LOW_SWEEP,46870.0,45196.51,45404.94,46511.91,45057.65,46367.79,True,False,,,9734,2021-02-09 14:00:00+00:00,46369.99,0.0072150112605158245,0.004524046694855954,,,,,
2021-02-10 00:00:00+00:00,2021-02-10,ASIA_OPEN,07:00,LONG,LOW_SWEEP,47550.08,46257.88,46492.53,46987.98,46134.62,46612.92,False,False,,,9745,2021-02-10 01:00:00+00:00,46608.44,-0.005217939068546507,-0.005974239858703823,,,,,
2021-02-10 07:00:00+00:00,2021-02-10,LONDON_OPEN,14:00,SHORT,HIGH_SWEEP,46764.0,45690.0,46618.67,47100.0,46510.0,46676.91,False,False,,,9752,2021-02-10 08:00:00+00:00,46676.9,-0.0032073680985669206,-0.0021764513067490387,,,,,
2021-02-12 00:00:00+00:00,2021-02-12,ASIA_OPEN,07:00,SHORT,HIGH_SWEEP,48186.78,46566.84,48060.21,49278.98,47884.0,48112.92,False,False,,,9793,2021-02-12 01:00:00+00:00,48112.93,-0.009590353362391335,0.008771654521975703,,,,,
2021-02-12 13:00:00+00:00,2021-02-12,NEW_YORK_OPEN,20:00,SHORT,HIGH_SWEEP,48100.0,47370.0,47757.0,48273.0,47722.41,47947.0,True,True,47224.07,47722.41,9806,2021-02-12 14:00:00+00:00,47946.99,0.028115216408788113,0.0051304576157961135,9808.0,2021-02-12 16:00:00+00:00,47083.34,-0.013118440620397909,-0.005847503596813741
2021-02-14 13:00:00+00:00,2021-02-14,NEW_YORK_OPEN,20:00,LONG,LOW_SWEEP,49875.16,48847.7,49534.42,49689.83,48637.0,48868.88,False,False,,,9854,2021-02-14 14:00:00+00:00,48870.62,-0.0003979896305797981,0.004351080465113899,,,,,
2021-02-15 00:00:00+00:00,2021-02-15,ASIA_OPEN,07:00,LONG,LOW_SWEEP,49400.0,48570.0,48655.21,49100.0,48500.0,48847.2,False,False,,,9865,2021-02-15 01:00:00+00:00,48850.0,-0.015304401228249831,-0.03448966223132033,,,,,
2021-02-15 13:00:00+00:00,2021-02-15,NEW_YORK_OPEN,20:00,SHORT,HIGH_SWEEP,48160.0,47367.12,48012.07,48308.0,47867.28,48011.22,True,False,,,9878,2021-02-15 14:00:00+00:00,48015.85,0.00810773942354448,-0.011237122741761363,,,,,
2021-02-16 00:00:00+00:00,2021-02-16,ASIA_OPEN,07:00,LONG,LOW_SWEEP,48833.08,47700.0,47981.6,48031.41,47101.02,47745.69,True,True,48031.41,48231.0,9889,2021-02-16 01:00:00+00:00,47745.68,0.012991541852582333,0.0412795461285711,9891.0,2021-02-16 03:00:00+00:00,48503.37,0.025013313507906698,0.01610754056883046
2021-02-17 00:00:00+00:00,2021-02-17,ASIA_OPEN,07:00,SHORT,HIGH_SWEEP,49380.98,48434.5,49197.93,49674.0,49125.56,49177.9,False,False,,,9913,2021-02-17 01:00:00+00:00,49180.05,-0.0037710413063833936,-0.011182176512630537,,,,,
2021-02-17 13:00:00+00:00,2021-02-17,NEW_YORK_OPEN,20:00,LONG,LOW_SWEEP,51800.0,50900.0,51157.23,51326.68,50650.0,51235.0,True,False,,,9926,2021-02-17 14:00:00+00:00,51235.01,0.0024206104380577464,0.0017587583177987032,,,,,
2021-02-18 07:00:00+00:00,2021-02-18,LONDON_OPEN,14:00,LONG,LOW_SWEEP,52412.99,51780.64,52024.79,52169.79,51355.0,51992.96,False,False,,,9944,2021-02-18 08:00:00+00:00,51992.97,-0.003512782593492969,-0.004846424430072105,,,,,
2021-02-19 00:00:00+00:00,2021-02-19,ASIA_OPEN,07:00,LONG,LOW_SWEEP,52300.0,51568.0,51612.46,52035.65,51520.42,51584.27,False,False,,,9961,2021-02-19 01:00:00+00:00,51584.27,-0.003485558679031331,-0.004983302080265872,,,,,
2021-02-19 07:00:00+00:00,2021-02-19,LONDON_OPEN,14:00,SHORT,HIGH_SWEEP,51890.0,51000.14,51805.58,52000.0,51714.24,51812.0,False,False,,,9968,2021-02-19 08:00:00+00:00,51812.0,-0.00981838184204431,-0.019012390951903102,,,,,
2021-02-19 13:00:00+00:00,2021-02-19,NEW_YORK_OPEN,20:00,LONG,LOW_SWEEP,53100.0,52560.0,52657.66,52900.0,52411.07,52869.93,True,False,,,9974,2021-02-19 14:00:00+00:00,52866.78,0.0019613451017823635,0.030170174918918935,,,,,
2021-02-20 00:00:00+00:00,2021-02-20,ASIA_OPEN,07:00,SHORT,HIGH_SWEEP,56582.0,55229.88,56005.85,56750.0,55426.43,56352.23,True,False,,,9985,2021-02-20 01:00:00+00:00,56352.23,0.0015603641595017814,0.009157224124049845,,,,,
2021-02-23 00:00:00+00:00,2021-02-23,ASIA_OPEN,07:00,LONG,LOW_SWEEP,55023.85,53330.0,54125.55,54260.12,53100.0,53489.06,False,False,,,10057,2021-02-23 01:00:00+00:00,53489.07,-0.01625322706115484,-0.028496289054941504,,,,,
2021-02-23 13:00:00+00:00,2021-02-23,NEW_YORK_OPEN,20:00,SHORT,HIGH_SWEEP,49485.05,44897.83,48705.79,49600.0,48088.01,48769.36,True,False,,,10070,2021-02-23 14:00:00+00:00,48773.16,0.03637656448751736,0.02840619717894033,,,,,
2021-02-25 13:00:00+00:00,2021-02-25,NEW_YORK_OPEN,20:00,SHORT,HIGH_SWEEP,51598.58,48830.63,51557.64,52134.96,51097.09,51420.1,True,False,,,10118,2021-02-25 14:00:00+00:00,51420.1,0.010657116575035763,0.014561815321245897,,,,,
2021-02-26 00:00:00+00:00,2021-02-26,ASIA_OPEN,07:00,LONG,LOW_SWEEP,49355.88,46685.43,47087.97,47636.22,45975.05,46809.08,False,False,,,10129,2021-02-26 01:00:00+00:00,46816.5,-0.006018177352001941,0.011319727019320158,,,,,
2021-03-01 13:00:00+00:00,2021-03-01,NEW_YORK_OPEN,20:00,SHORT,HIGH_SWEEP,48055.0,47000.0,47927.4,48448.63,47781.58,47839.89,False,False,,,10214,2021-03-01 14:00:00+00:00,47835.21,-0.005535462267229452,-0.02583369028796989,,,,,
2021-03-02 00:00:00+00:00,2021-03-02,ASIA_OPEN,07:00,SHORT,HIGH_SWEEP,49800.0,48345.1,49594.99,50221.77,49310.0,49401.01,True,False,,,10225,2021-03-02 01:00:00+00:00,49401.0,0.0008094977834456341,0.008352462500759161,,,,,
2021-03-03 13:00:00+00:00,2021-03-03,NEW_YORK_OPEN,20:00,SHORT,HIGH_SWEEP,52627.0,51219.0,52569.5,52681.51,51282.0,51623.41,True,True,51237.21,51282.0,10262,2021-03-03 14:00:00+00:00,51623.41,0.015048211654363874,0.010112660128418494,10264.0,2021-03-03 16:00:00+00:00,50796.23,-0.00600694185375561,-0.009243993107362458
2021-03-04 00:00:00+00:00,2021-03-04,ASIA_OPEN,07:00,LONG,LOW_SWEEP,51387.0,50321.39,50373.75,51168.75,49870.98,50907.57,True,False,,,10273,2021-03-04 01:00:00+00:00,50907.56,0.011099333772822684,-0.025455354764596705,,,,,
2021-03-05 07:00:00+00:00,2021-03-05,LONDON_OPEN,14:00,SHORT,HIGH_SWEEP,47450.0,46636.0,47400.0,47557.92,47021.6,47394.41,True,False,,,10304,2021-03-05 08:00:00+00:00,47394.41,0.015249688729113808,0.005996065780753512,,,,,
2021-03-06 07:00:00+00:00,2021-03-06,LONDON_OPEN,14:00,SHORT,HIGH_SWEEP,48973.98,48115.0,48930.08,49149.58,48776.0,48833.21,True,False,,,10328,2021-03-06 08:00:00+00:00,48833.2,0.0031697697468114905,0.01596413915123307,,,,,
2021-03-07 00:00:00+00:00,2021-03-07,ASIA_OPEN,07:00,SHORT,HIGH_SWEEP,49253.63,48291.5,48908.21,49363.84,48908.21,49214.15,True,False,,,10345,2021-03-07 01:00:00+00:00,49214.14,0.0014869710209302056,-0.007485856707035943,,,,,
2021-03-09 00:00:00+00:00,2021-03-09,ASIA_OPEN,07:00,SHORT,HIGH_SWEEP,52450.0,51334.71,52429.43,52590.0,51880.0,52083.69,False,False,,,10393,2021-03-09 01:00:00+00:00,52083.68,-0.029851577307901334,-0.03443573879572259,,,,,
2021-03-09 07:00:00+00:00,2021-03-09,LONDON_OPEN,14:00,LONG,LOW_SWEEP,54500.0,53537.23,53902.58,53945.0,53444.0,53602.41,True,False,,,10400,2021-03-09 08:00:00+00:00,53602.41,0.008906502524793192,0.011814953842560483,,,,,
2021-03-11 00:00:00+00:00,2021-03-11,ASIA_OPEN,07:00,LONG,LOW_SWEEP,57317.0,55613.41,55949.3,56604.75,55565.01,55710.66,True,False,,,10441,2021-03-11 01:00:00+00:00,55710.65,0.0027431020819179697,0.006687590254287112,,,,,
2021-03-11 07:00:00+00:00,2021-03-11,LONDON_OPEN,14:00,LONG,LOW_SWEEP,56260.59,55100.0,55634.85,55861.0,55050.0,55105.5,False,False,,,10448,2021-03-11 08:00:00+00:00,55105.51,-0.004700255927220343,0.008814545042773236,,,,,
2021-03-12 00:00:00+00:00,2021-03-12,ASIA_OPEN,07:00,LONG,LOW_SWEEP,58283.0,57300.0,57842.64,58186.33,56837.85,57443.17,False,False,,,10465,2021-03-12 01:00:00+00:00,57443.17,-0.007995902733083815,-0.004640934683792675,,,,,
2021-03-14 07:00:00+00:00,2021-03-14,LONDON_OPEN,14:00,LONG,LOW_SWEEP,61610.97,60600.0,61036.73,61036.74,60556.0,60600.67,True,False,,,10520,2021-03-14 08:00:00+00:00,60605.03,0.004343368858987562,-0.003161453760521127,,,,,
2021-03-15 00:00:00+00:00,2021-03-15,ASIA_OPEN,07:00,LONG,LOW_SWEEP,60833.85,59005.0,59037.11,59990.0,58770.0,59534.79,True,True,59990.0,60145.3,10537,2021-03-15 01:00:00+00:00,59534.78,0.010922858873418262,0.016011145081916922,10539.0,2021-03-15 03:00:00+00:00,60184.16,0.005048504456986569,-0.017382314549210354
2021-03-16 07:00:00+00:00,2021-03-16,LONDON_OPEN,14:00,SHORT,HIGH_SWEEP,55368.6,53643.49,55087.09,55500.0,54830.05,55267.51,False,False,,,10568,2021-03-16 08:00:00+00:00,55267.52,-0.011749758266699883,-0.010249419550578898,,,,,
2021-03-17 00:00:00+00:00,2021-03-17,ASIA_OPEN,07:00,SHORT,HIGH_SWEEP,56988.0,56110.05,56953.23,57238.0,56300.0,56554.34,True,False,,,10585,2021-03-17 01:00:00+00:00,56554.33,0.003949830189836967,0.01754967303122501,,,,,
2021-03-18 00:00:00+00:00,2021-03-18,ASIA_OPEN,07:00,SHORT,HIGH_SWEEP,59078.79,57656.0,58959.01,59615.0,58759.42,58971.41,False,False,,,10609,2021-03-18 01:00:00+00:00,58971.42,-0.0021630817097504362,0.003356710759211734,,,,,
2021-03-19 13:00:00+00:00,2021-03-19,NEW_YORK_OPEN,20:00,LONG,LOW_SWEEP,59300.0,58173.37,58910.0,58928.0,58130.0,58346.42,True,False,,,10646,2021-03-19 14:00:00+00:00,58346.41,0.00756327595819517,0.009929488378119578,,,,,
2021-03-20 00:00:00+00:00,2021-03-20,ASIA_OPEN,07:00,LONG,LOW_SWEEP,58825.4,58042.42,58089.11,58740.0,57881.0,58695.65,True,False,,,10657,2021-03-20 01:00:00+00:00,58693.69,0.0015081689360474382,-0.004373894365816811,,,,,
2021-03-21 00:00:00+00:00,2021-03-21,ASIA_OPEN,07:00,LONG,LOW_SWEEP,58858.63,58048.68,58144.44,58638.7,57850.0,58355.64,False,False,,,10681,2021-03-21 01:00:00+00:00,58352.89,-0.0023601230376079085,-0.009235360922141056,,,,,
2021-03-22 13:00:00+00:00,2021-03-22,NEW_YORK_OPEN,20:00,LONG,LOW_SWEEP,58500.0,56910.0,57316.64,57466.99,56550.0,57011.17,True,False,,,10718,2021-03-22 14:00:00+00:00,57011.17,0.0005298961589457196,-0.0036105205348354596,,,,,
2021-03-24 13:00:00+00:00,2021-03-24,NEW_YORK_OPEN,20:00,SHORT,HIGH_SWEEP,57080.0,56060.0,56915.55,57234.79,56355.52,56804.51,True,False,,,10766,2021-03-24 14:00:00+00:00,56804.52,0.003791951767218471,0.017072056941947467,,,,,
2021-03-25 13:00:00+00:00,2021-03-25,NEW_YORK_OPEN,20:00,LONG,LOW_SWEEP,53160.2,50456.02,51101.15,52000.0,50452.08,51664.41,False,False,,,10790,2021-03-25 14:00:00+00:00,51669.79,-0.006323424190421534,-0.006421353754292425,,,,,
2021-03-27 00:00:00+00:00,2021-03-27,ASIA_OPEN,07:00,SHORT,HIGH_SWEEP,55123.0,53945.14,55030.0,55555.55,54729.58,54766.38,True,False,,,10825,2021-03-27 01:00:00+00:00,54766.48,0.0011076118092673282,8.490594977073052e-05,,,,,
2021-03-28 00:00:00+00:00,2021-03-28,ASIA_OPEN,07:00,LONG,LOW_SWEEP,56658.76,55685.0,55828.0,56138.99,55575.61,56028.71,True,False,,,10849,2021-03-28 01:00:00+00:00,56028.29,0.000869382235295868,0.0004647652105749245,,,,,
2021-03-29 00:00:00+00:00,2021-03-29,ASIA_OPEN,07:00,SHORT,HIGH_SWEEP,55887.0,54848.87,55804.16,55948.62,55330.18,55441.01,True,False,,,10873,2021-03-29 01:00:00+00:00,55441.01,0.0030475635274320734,0.0004503886202650298,,,,,
2021-03-30 07:00:00+00:00,2021-03-30,LONDON_OPEN,14:00,SHORT,HIGH_SWEEP,58340.0,57110.0,58103.94,58350.0,57980.0,58173.44,True,False,,,10904,2021-03-30 08:00:00+00:00,58173.44,0.003013230780232412,-0.013211527459954242,,,,,
2021-04-01 07:00:00+00:00,2021-04-01,LONDON_OPEN,14:00,LONG,LOW_SWEEP,59325.0,58700.0,58824.92,59000.0,58552.86,58880.94,True,False,,,10952,2021-04-01 08:00:00+00:00,58880.95,0.0007296077933527378,-0.0029576628773821945,,,,,
2021-04-01 13:00:00+00:00,2021-04-01,NEW_YORK_OPEN,20:00,SHORT,HIGH_SWEEP,59063.67,58150.0,58793.81,59181.41,58765.81,58989.33,False,False,,,10958,2021-04-01 14:00:00+00:00,58989.33,-0.0010608698217118295,0.0030507212066995804,,,,,
2021-04-02 00:00:00+00:00,2021-04-02,ASIA_OPEN,07:00,LONG,LOW_SWEEP,59168.26,58610.58,58797.56,58963.0,58520.0,58710.3,True,False,,,10969,2021-04-02 01:00:00+00:00,58710.29,0.004536002121604099,0.021626532589091196,,,,,
2021-04-05 00:00:00+00:00,2021-04-05,ASIA_OPEN,07:00,SHORT,HIGH_SWEEP,58345.0,57930.91,58234.61,58450.26,57962.93,57978.12,True,True,57881.41,57962.93,11041,2021-04-05 01:00:00+00:00,57978.11,0.001968674039219298,0.0075563001277551,11043.0,2021-04-05 03:00:00+00:00,57669.9,0.002252301460553885,0.012496987163147621
2021-04-08 00:00:00+00:00,2021-04-08,ASIA_OPEN,07:00,LONG,LOW_SWEEP,56623.34,55908.54,56018.17,56585.16,55759.13,56482.8,True,False,,,11113,2021-04-08 01:00:00+00:00,56483.29,0.0014096204381863764,0.0018892313107115033,,,,,
2021-04-08 07:00:00+00:00,2021-04-08,LONDON_OPEN,14:00,SHORT,HIGH_SWEEP,57344.28,56570.0,57164.88,57415.03,57040.37,57067.4,True,False,,,11120,2021-04-08 08:00:00+00:00,57065.97,0.0019759587018323144,0.004730665228331321,,,,,
2021-04-08 13:00:00+00:00,2021-04-08,NEW_YORK_OPEN,20:00,SHORT,HIGH_SWEEP,57632.9,56401.0,57530.07,57796.53,57297.96,57476.26,False,False,,,11126,2021-04-08 14:00:00+00:00,57476.26,-0.00439311813259935,-0.005003457079496787,,,,,
2021-04-09 07:00:00+00:00,2021-04-09,LONDON_OPEN,14:00,LONG,LOW_SWEEP,58350.0,57870.0,57899.55,58120.0,57700.0,58109.8,False,False,,,11144,2021-04-09 08:00:00+00:00,58110.09,-0.0055081656214952535,0.010151765381881228,,,,,
2021-04-12 00:00:00+00:00,2021-04-12,ASIA_OPEN,07:00,SHORT,HIGH_SWEEP,60211.96,59535.77,60093.26,60489.32,59687.0,59905.22,False,False,,,11209,2021-04-12 01:00:00+00:00,59905.22,-0.0007308211204299919,-0.009092863693681341,,,,,
2021-04-12 07:00:00+00:00,2021-04-12,LONDON_OPEN,14:00,SHORT,HIGH_SWEEP,60955.48,60120.0,60929.95,61449.91,60773.0,60832.23,True,False,,,11216,2021-04-12 08:00:00+00:00,60834.3,0.00020070913941649948,0.01570281896890413,,,,,
2021-04-12 13:00:00+00:00,2021-04-12,NEW_YORK_OPEN,20:00,SHORT,HIGH_SWEEP,60656.72,59500.0,60504.99,60670.0,60352.0,60399.11,True,True,60232.55,60352.0,11222,2021-04-12 14:00:00+00:00,60399.12,0.007095136485432252,0.0057408121177925375,11224.0,2021-04-12 16:00:00+00:00,60075.19,0.00037969085074895936,9.521401430445664e-05
2021-04-14 00:00:00+00:00,2021-04-14,ASIA_OPEN,07:00,SHORT,HIGH_SWEEP,63769.58,62930.53,63645.05,63990.0,63316.51,63434.55,False,False,,,11257,2021-04-14 01:00:00+00:00,63434.54,-0.0012113274566190046,-0.0066734936518810795,,,,,
2021-04-15 00:00:00+00:00,2021-04-15,ASIA_OPEN,07:00,SHORT,HIGH_SWEEP,63158.38,62441.97,63018.34,63478.92,62779.0,62779.0,True,False,,,11281,2021-04-15 01:00:00+00:00,62779.01,0.0006946589313848728,-0.005749373875121533,,,,,
2021-04-16 07:00:00+00:00,2021-04-16,LONDON_OPEN,14:00,LONG,LOW_SWEEP,63059.86,61137.16,61567.91,61736.36,61111.0,61513.57,False,False,,,11312,2021-04-16 08:00:00+00:00,61513.57,-0.0032849662277770753,-0.018460642098971025,,,,,
2021-04-16 13:00:00+00:00,2021-04-16,NEW_YORK_OPEN,20:00,SHORT,HIGH_SWEEP,61115.73,60100.0,60808.0,61256.12,60326.0,60633.48,False,False,,,11318,2021-04-16 14:00:00+00:00,60633.49,-0.01182168468283784,-0.019233100387261226,,,,,
2021-04-17 00:00:00+00:00,2021-04-17,ASIA_OPEN,07:00,LONG,LOW_SWEEP,62145.04,61410.86,61424.67,61785.0,61201.19,61496.31,True,True,61785.0,61944.32,11329,2021-04-17 01:00:00+00:00,61496.32,0.007275882524352628,0.01561296675963697,11331.0,2021-04-17 03:00:00+00:00,62232.57,0.003597633843500203,0.0001031614153166327
2021-04-17 13:00:00+00:00,2021-04-17,NEW_YORK_OPEN,20:00,LONG,LOW_SWEEP,61975.66,60565.83,61134.39,61244.0,60400.0,61110.39,False,False,,,11342,2021-04-17 14:00:00+00:00,61110.39,-0.006715551970785993,-0.010513760426009378,,,,,
2021-04-18 07:00:00+00:00,2021-04-18,LONDON_OPEN,14:00,SHORT,HIGH_SWEEP,56456.53,53909.23,55788.47,56559.4,55763.6,56216.8,True,True,55339.68,55763.6,11360,2021-04-18 08:00:00+00:00,56216.96,0.020580444051047975,0.0273719888090711,11362.0,2021-04-18 10:00:00+00:00,55022.99,0.006266471523993844,0.0010617380116928476
2021-04-19 13:00:00+00:00,2021-04-19,NEW_YORK_OPEN,20:00,LONG,LOW_SWEEP,57408.27,56220.0,56575.64,56755.0,56052.74,56619.76,False,False,,,11390,2021-04-19 14:00:00+00:00,56619.76,-0.021244526645821216,-0.03156760113430357,,,,,
2021-04-20 07:00:00+00:00,2021-04-20,LONDON_OPEN,14:00,LONG,LOW_SWEEP,55458.32,53520.21,53882.61,54454.26,53330.82,54435.0,True,True,54454.26,54800.0,11408,2021-04-20 08:00:00+00:00,54433.67,0.014996784159510224,0.027544165219798744,11410.0,2021-04-20 10:00:00+00:00,54929.99,0.018259788505331942,0.016507558075288253
2021-04-21 13:00:00+00:00,2021-04-21,NEW_YORK_OPEN,20:00,SHORT,HIGH_SWEEP,55590.8,54257.88,55417.63,55685.99,55278.0,55572.9,False,False,,,11438,2021-04-21 14:00:00+00:00,55572.91,-0.0107829516215725,-0.0029989431901262797,,,,,
2021-04-22 00:00:00+00:00,2021-04-22,ASIA_OPEN,07:00,LONG,LOW_SWEEP,55185.84,53610.0,53794.72,54157.13,53200.0,54078.39,False,False,,,11449,2021-04-22 01:00:00+00:00,54078.39,-0.0033340489611469737,-0.010599797812028133,,,,,
2021-04-25 07:00:00+00:00,2021-04-25,LONDON_OPEN,14:00,LONG,LOW_SWEEP,49899.88,49335.19,49448.93,49753.09,49113.17,49697.06,True,False,,,11528,2021-04-25 08:00:00+00:00,49695.29,0.008604235934632776,-0.006437028539324374,,,,,
2021-04-25 13:00:00+00:00,2021-04-25,NEW_YORK_OPEN,20:00,SHORT,HIGH_SWEEP,49963.71,49215.91,49862.95,50183.82,49752.27,49890.46,False,False,,,11534,2021-04-25 14:00:00+00:00,49890.45,-0.00907809009539906,-0.010213377510124744,,,,,
2021-04-27 07:00:00+00:00,2021-04-27,LONDON_OPEN,14:00,SHORT,HIGH_SWEEP,54777.0,53225.14,54676.79,54869.09,54315.0,54524.36,True,False,,,11576,2021-04-27 08:00:00+00:00,54524.37,0.0016735635826695683,-0.0028541365998360213,,,,,
2021-04-27 13:00:00+00:00,2021-04-27,NEW_YORK_OPEN,20:00,LONG,LOW_SWEEP,55300.0,54420.0,54844.99,55040.0,54400.17,54733.29,True,False,,,11582,2021-04-27 14:00:00+00:00,54733.29,0.0042173602208088745,-0.001090013043250293,,,,,
2021-04-29 00:00:00+00:00,2021-04-29,ASIA_OPEN,07:00,SHORT,HIGH_SWEEP,54907.7,54010.0,54861.76,55222.02,54688.06,54737.22,True,False,,,11617,2021-04-29 01:00:00+00:00,54737.22,0.002968181431209027,0.008476681862907842,,,,,
2021-04-30 00:00:00+00:00,2021-04-30,ASIA_OPEN,07:00,SHORT,HIGH_SWEEP,53667.96,52820.87,53558.57,53840.25,53043.62,53402.91,False,False,,,11641,2021-04-30 01:00:00+00:00,53402.92,-0.00039585850361745223,-0.00506039744643183,,,,,
2021-04-30 07:00:00+00:00,2021-04-30,LONDON_OPEN,14:00,SHORT,HIGH_SWEEP,54477.17,53673.0,54411.05,54568.58,54247.98,54354.01,False,False,,,11648,2021-04-30 08:00:00+00:00,54354.01,-0.0040254619668353975,0.002682966721314628,,,,,
2021-05-01 00:00:00+00:00,2021-05-01,ASIA_OPEN,07:00,SHORT,HIGH_SWEEP,57935.0,56684.18,57688.29,58100.0,57410.0,57820.6,False,False,,,11665,2021-05-01 01:00:00+00:00,57820.59,-0.01079183038429754,-0.006681183986535055,,,,,
2021-05-01 07:00:00+00:00,2021-05-01,LONDON_OPEN,14:00,LONG,LOW_SWEEP,58461.81,57720.0,57931.11,58096.8,57616.95,57770.19,False,False,,,11672,2021-05-01 08:00:00+00:00,57771.38,-0.004316670295914649,-0.005669762432540026,,,,,
2021-05-04 07:00:00+00:00,2021-05-04,LONDON_OPEN,14:00,SHORT,HIGH_SWEEP,56355.35,55249.0,56118.12,56383.28,55876.0,55951.22,True,False,,,11744,2021-05-04 08:00:00+00:00,55955.03,0.0027707964770995464,-0.008845853536312953,,,,,
2021-05-04 13:00:00+00:00,2021-05-04,NEW_YORK_OPEN,20:00,LONG,LOW_SWEEP,56670.0,55503.12,56079.25,56195.24,55292.34,55552.5,False,False,,,11750,2021-05-04 14:00:00+00:00,55552.44,-0.011756639312332617,-0.02924606011905151,,,,,
2021-05-06 07:00:00+00:00,2021-05-06,LONDON_OPEN,14:00,LONG,LOW_SWEEP,57645.39,56523.0,56669.16,56974.99,56423.01,56865.01,True,False,,,11792,2021-05-06 08:00:00+00:00,56865.02,0.0021864056321443393,0.02105899197784522,,,,,
2021-05-06 13:00:00+00:00,2021-05-06,NEW_YORK_OPEN,20:00,LONG,LOW_SWEEP,58450.0,57202.53,57710.01,57798.79,57100.52,57354.69,False,False,,,11798,2021-05-06 14:00:00+00:00,57354.69,-0.0019365460784462885,-0.009770953343135602,,,,,
2021-05-07 00:00:00+00:00,2021-05-07,ASIA_OPEN,07:00,SHORT,HIGH_SWEEP,56850.0,55950.0,56435.35,57179.13,56092.17,56437.74,True,False,,,11809,2021-05-07 01:00:00+00:00,56437.75,0.0032233744258053365,0.011831265420751191,,,,,
2021-05-07 07:00:00+00:00,2021-05-07,LONDON_OPEN,14:00,SHORT,HIGH_SWEEP,56257.44,55300.0,56164.25,56331.31,55758.81,55854.4,False,False,,,11816,2021-05-07 08:00:00+00:00,55854.41,-0.005465817291776753,-0.010664511539912436,,,,,
2021-05-07 13:00:00+00:00,2021-05-07,NEW_YORK_OPEN,20:00,SHORT,HIGH_SWEEP,57618.78,56261.5,57493.06,57730.36,56939.13,57050.29,False,False,,,11822,2021-05-07 14:00:00+00:00,57050.8,-0.002029244112264905,-0.02322035799673272,,,,,
2021-05-08 13:00:00+00:00,2021-05-08,NEW_YORK_OPEN,20:00,SHORT,HIGH_SWEEP,59146.09,58238.53,58901.11,59513.69,58730.24,58933.84,False,False,,,11846,2021-05-08 14:00:00+00:00,58931.76,-0.0014313164921597732,0.00831690755545067,,,,,
2021-05-09 07:00:00+00:00,2021-05-09,LONDON_OPEN,14:00,LONG,LOW_SWEEP,58909.65,57820.0,58401.36,58419.96,57731.37,57997.2,True,False,,,11864,2021-05-09 08:00:00+00:00,57997.21,0.0037051782318493487,0.0005141626640317032,,,,,
2021-05-11 00:00:00+00:00,2021-05-11,ASIA_OPEN,07:00,SHORT,HIGH_SWEEP,56280.61,55056.01,55869.41,56500.0,55512.0,55539.0,False,False,,,11905,2021-05-11 01:00:00+00:00,55539.0,-0.001665136210590834,0.006147211869137026,,,,,
2021-05-11 07:00:00+00:00,2021-05-11,LONDON_OPEN,14:00,SHORT,HIGH_SWEEP,55837.67,54620.72,55718.16,55888.88,55480.0,55792.83,True,False,,,11912,2021-05-11 08:00:00+00:00,55792.83,0.007015955275973651,-0.0017824871045257762,,,,,
2021-05-12 07:00:00+00:00,2021-05-12,LONDON_OPEN,14:00,LONG,LOW_SWEEP,58049.99,56960.03,57080.0,57294.95,56933.4,57177.01,False,False,,,11936,2021-05-12 08:00:00+00:00,57176.69,-0.003118928360490991,-0.01854287122951681,,,,,
2021-05-13 00:00:00+00:00,2021-05-13,ASIA_OPEN,07:00,LONG,LOW_SWEEP,54772.05,48503.74,49596.75,50463.81,45596.32,49664.0,True,False,,,11953,2021-05-13 01:00:00+00:00,49664.11,0.017277667917536377,0.016370574243653957,,,,,
2021-05-13 07:00:00+00:00,2021-05-13,LONDON_OPEN,14:00,SHORT,HIGH_SWEEP,51334.26,50301.71,51320.05,51358.0,50670.1,50893.36,True,True,50438.5,50670.1,11960,2021-05-13 08:00:00+00:00,50893.36,0.015983617509238934,0.03276183769356156,11962.0,2021-05-13 10:00:00+00:00,49298.4,0.0014686075004463062,-0.01805413563117675
2021-05-15 00:00:00+00:00,2021-05-15,ASIA_OPEN,07:00,SHORT,HIGH_SWEEP,50204.74,49064.71,49873.26,50338.64,49310.83,49487.82,False,False,,,12001,2021-05-15 01:00:00+00:00,49487.82,-0.023503561078261237,-0.003784567596632815,,,,,
2021-05-15 13:00:00+00:00,2021-05-15,NEW_YORK_OPEN,20:00,SHORT,HIGH_SWEEP,49370.18,47809.27,49205.76,49398.03,48763.7,49049.0,False,False,,,12014,2021-05-15 14:00:00+00:00,49048.99,-0.007275175289032543,0.022948892525615605,,,,,
2021-05-16 00:00:00+00:00,2021-05-16,ASIA_OPEN,07:00,LONG,LOW_SWEEP,48800.0,46584.32,46794.62,47739.66,46481.14,47313.51,True,True,47739.66,47983.11,12025,2021-05-16 01:00:00+00:00,47315.13,0.01636326477386829,0.023689462546124362,12027.0,2021-05-16 03:00:00+00:00,48168.43,0.00555488314649244,0.0009628713246414566
2021-05-16 13:00:00+00:00,2021-05-16,NEW_YORK_OPEN,20:00,LONG,LOW_SWEEP,49829.39,48560.0,48657.97,49069.11,48529.27,48970.48,False,False,,,12038,2021-05-16 14:00:00+00:00,48970.49,-0.012899401251651677,-0.03355204328157624,,,,,
2021-05-17 00:00:00+00:00,2021-05-17,ASIA_OPEN,07:00,SHORT,HIGH_SWEEP,46500.0,43920.0,46429.28,46655.0,45504.83,45577.77,True,True,45298.89,45504.83,12049,2021-05-17 01:00:00+00:00,45576.24,0.014332906795295086,0.05672802319805226,12051.0,2021-05-17 03:00:00+00:00,44550.01,0.03499931874313833,0.006713129806255935
2021-05-19 00:00:00+00:00,2021-05-19,ASIA_OPEN,07:00,SHORT,HIGH_SWEEP,43521.26,42268.0,42882.54,43615.93,42508.94,42634.59,True,True,41326.57,42508.94,12097,2021-05-19 01:00:00+00:00,42634.86,0.0412598985900271,0.046899649723254555,12099.0,2021-05-19 03:00:00+00:00,40332.45,-0.007508842135798943,0.026334130458228966
2021-05-19 07:00:00+00:00,2021-05-19,LONDON_OPEN,14:00,LONG,LOW_SWEEP,40886.88,38644.87,39422.4,40522.37,38500.0,40372.57,True,False,,,12104,2021-05-19 08:00:00+00:00,40369.92,0.0030024830368748923,-0.02243576405402825,,,,,
2021-05-19 13:00:00+00:00,2021-05-19,NEW_YORK_OPEN,20:00,LONG,LOW_SWEEP,40462.83,31865.51,35060.39,36580.0,28688.0,35650.0,True,False,,,12110,2021-05-19 14:00:00+00:00,35649.99,0.05009426370105574,0.1118721211422502,,,,,
2021-05-20 07:00:00+00:00,2021-05-20,LONDON_OPEN,14:00,SHORT,HIGH_SWEEP,40251.1,38209.72,39686.97,40800.0,39657.02,39946.92,True,False,,,12128,2021-05-20 08:00:00+00:00,39946.92,0.0028935897936560595,-0.011373092093207582,,,,,
2021-05-20 13:00:00+00:00,2021-05-20,NEW_YORK_OPEN,20:00,SHORT,HIGH_SWEEP,41963.65,39491.17,41677.91,42460.0,41350.0,41707.78,True,False,,,12134,2021-05-20 14:00:00+00:00,41707.8,0.006243196716201771,0.058185759018696825,,,,,
2021-05-21 00:00:00+00:00,2021-05-21,ASIA_OPEN,07:00,SHORT,HIGH_SWEEP,41859.35,39482.0,40500.0,42270.42,40460.83,41713.51,True,False,,,12145,2021-05-21 01:00:00+00:00,41713.51,0.0073901716733979494,0.025739622486815494,,,,,
2021-05-23 00:00:00+00:00,2021-05-23,ASIA_OPEN,07:00,LONG,LOW_SWEEP,38355.28,37314.43,37436.0,38261.71,36643.77,38168.24,False,False,,,12193,2021-05-23 01:00:00+00:00,38168.24,-0.007096214025063774,-0.020309817796157148,,,,,
2021-05-23 13:00:00+00:00,2021-05-23,NEW_YORK_OPEN,20:00,LONG,LOW_SWEEP,35802.58,33000.0,33937.03,34128.06,32566.82,33624.89,True,False,,,12206,2021-05-23 14:00:00+00:00,33626.74,0.0075398328829971994,-0.041482463063621355,,,,,
2021-05-27 00:00:00+00:00,2021-05-27,ASIA_OPEN,07:00,LONG,LOW_SWEEP,39430.98,38550.73,39224.21,39224.21,38348.4,38616.8,False,False,,,12289,2021-05-27 01:00:00+00:00,38616.79,-0.025613211248267875,-0.025449810820630137,,,,,
2021-05-27 07:00:00+00:00,2021-05-27,LONDON_OPEN,14:00,SHORT,HIGH_SWEEP,38300.0,37201.0,38242.93,38408.11,38041.42,38269.73,False,False,,,12296,2021-05-27 08:00:00+00:00,38268.07,-0.014495635656567085,-0.024603540236024513,,,,,
2021-05-27 13:00:00+00:00,2021-05-27,NEW_YORK_OPEN,20:00,SHORT,HIGH_SWEEP,39944.86,39060.46,39324.94,40438.82,39317.97,39875.28,False,False,,,12302,2021-05-27 14:00:00+00:00,39875.28,-0.0037822931901669854,0.0252366879931627,,,,,
2021-05-29 13:00:00+00:00,2021-05-29,NEW_YORK_OPEN,20:00,LONG,LOW_SWEEP,35872.18,34553.6,34804.96,34996.0,34144.6,34888.18,False,False,,,12350,2021-05-29 14:00:00+00:00,34888.18,-0.007060270842445759,-0.0010860411749766818,,,,,
2021-06-02 00:00:00+00:00,2021-06-02,ASIA_OPEN,07:00,SHORT,HIGH_SWEEP,36800.0,36035.0,36694.37,36914.28,36053.89,36180.68,False,False,,,12433,2021-06-02 01:00:00+00:00,36180.69,-0.0029750676396718134,-0.00836081346154538,,,,,
2021-06-03 00:00:00+00:00,2021-06-03,ASIA_OPEN,07:00,LONG,LOW_SWEEP,37926.62,37319.79,37570.0,37873.43,37301.0,37466.32,False,False,,,12457,2021-06-03 01:00:00+00:00,37466.31,-0.004265965877077171,0.004195502572844845,,,,,
2021-06-03 07:00:00+00:00,2021-06-03,LONDON_OPEN,14:00,SHORT,HIGH_SWEEP,38980.0,37585.17,38932.11,39072.02,38537.05,38631.51,False,False,,,12464,2021-06-03 08:00:00+00:00,38631.51,-0.0047352536828098035,-0.015753202502309716,,,,,
2021-06-04 07:00:00+00:00,2021-06-04,LONDON_OPEN,14:00,LONG,LOW_SWEEP,37951.19,36600.0,36817.23,36844.81,36324.01,36631.46,True,False,,,12488,2021-06-04 08:00:00+00:00,36631.46,0.0025985860241444225,0.0007084074727026213,,,,,
2021-06-05 07:00:00+00:00,2021-06-05,LONDON_OPEN,14:00,SHORT,HIGH_SWEEP,37841.0,37411.3,37693.26,37900.49,37542.38,37581.0,False,False,,,12512,2021-06-05 08:00:00+00:00,37576.93,-0.005328269233277005,0.030169308668909323,,,,,
2021-06-07 07:00:00+00:00,2021-06-07,LONDON_OPEN,14:00,LONG,LOW_SWEEP,36550.49,36046.06,36089.12,36221.0,35846.0,36152.91,False,False,,,12560,2021-06-07 08:00:00+00:00,36152.9,-0.0011869034019401647,0.009411139908555022,,,,,
2021-06-09 07:00:00+00:00,2021-06-09,LONDON_OPEN,14:00,SHORT,HIGH_SWEEP,34347.1,32525.35,34171.95,34489.0,34036.6,34143.5,True,False,,,12608,2021-06-09 08:00:00+00:00,34143.5,0.0030313236780060704,-0.008958366892673597,,,,,
2021-06-10 00:00:00+00:00,2021-06-10,ASIA_OPEN,07:00,SHORT,HIGH_SWEEP,37511.31,36156.44,37369.99,37661.7,36829.25,36934.99,True,False,,,12625,2021-06-10 01:00:00+00:00,36935.0,0.001955326925680234,-0.00036442398808711474,,,,,
2021-06-11 00:00:00+00:00,2021-06-11,ASIA_OPEN,07:00,SHORT,HIGH_SWEEP,37080.0,36146.44,36669.65,37241.0,36301.0,36417.54,True,False,,,12649,2021-06-11 01:00:00+00:00,36417.54,0.003752861945095609,-0.00883942188297171,,,,,
2021-06-11 07:00:00+00:00,2021-06-11,LONDON_OPEN,14:00,LONG,LOW_SWEEP,37395.0,36415.24,36491.89,37180.0,36370.0,37123.76,False,False,,,12656,2021-06-11 08:00:00+00:00,37123.76,-0.0030794294543440293,0.008585337261096448,,,,,
2021-06-13 00:00:00+00:00,2021-06-13,ASIA_OPEN,07:00,LONG,LOW_SWEEP,36022.48,35400.0,35535.95,35770.29,35324.73,35696.18,True,False,,,12697,2021-06-13 01:00:00+00:00,35696.54,0.0021324195566294613,-0.023295815224668837,,,,,
2021-06-13 07:00:00+00:00,2021-06-13,LONDON_OPEN,14:00,SHORT,HIGH_SWEEP,35395.36,34739.06,35348.74,35478.81,35227.0,35263.02,False,False,,,12704,2021-06-13 08:00:00+00:00,35263.02,-0.009675575149264093,-0.01939680719348491,,,,,
2021-06-15 00:00:00+00:00,2021-06-15,ASIA_OPEN,07:00,SHORT,HIGH_SWEEP,40604.23,39800.19,40489.1,40860.0,40155.19,40357.86,True,False,,,12745,2021-06-15 01:00:00+00:00,40357.87,0.01084968061991387,-0.0007086597979526488,,,,,
2021-06-15 07:00:00+00:00,2021-06-15,LONDON_OPEN,14:00,LONG,LOW_SWEEP,40561.29,40200.0,40265.0,40360.0,40067.0,40350.98,False,False,,,12752,2021-06-15 08:00:00+00:00,40350.97,-0.013982067841244006,-0.010967766078485819,,,,,
2021-06-16 00:00:00+00:00,2021-06-16,ASIA_OPEN,07:00,LONG,LOW_SWEEP,40366.99,39836.16,40132.86,40145.14,39810.0,39880.99,True,False,,,12769,2021-06-16 01:00:00+00:00,39881.0,0.0049153732353752755,0.003014718788395543,,,,,
2021-06-17 07:00:00+00:00,2021-06-17,LONDON_OPEN,14:00,SHORT,HIGH_SWEEP,39296.0,38630.0,39228.5,39400.0,39110.88,39198.03,False,False,,,12800,2021-06-17 08:00:00+00:00,39198.03,-0.0018133564365352406,-0.0017003405528288607,,,,,
2021-06-18 00:00:00+00:00,2021-06-18,ASIA_OPEN,07:00,SHORT,HIGH_SWEEP,38180.0,37515.0,38060.71,38198.0,37531.2,37664.89,True,False,,,12817,2021-06-18 01:00:00+00:00,37664.89,0.0005424149652368815,-0.006390832417139558,,,,,
2021-06-18 13:00:00+00:00,2021-06-18,NEW_YORK_OPEN,20:00,LONG,LOW_SWEEP,38000.0,37052.33,37430.58,37650.0,37015.0,37190.01,False,False,,,12830,2021-06-18 14:00:00+00:00,37190.0,-0.013835170744823877,-0.01632159182575965,,,,,
2021-06-19 13:00:00+00:00,2021-06-19,NEW_YORK_OPEN,20:00,LONG,LOW_SWEEP,36471.8,35555.0,35731.01,35890.0,35525.15,35750.6,True,False,,,12854,2021-06-19 14:00:00+00:00,35750.59,0.013115867458411312,0.003572248737713224,,,,,
2021-06-20 07:00:00+00:00,2021-06-20,LONDON_OPEN,14:00,LONG,LOW_SWEEP,35916.44,35435.0,35493.46,35655.0,35350.0,35614.39,False,False,,,12872,2021-06-20 08:00:00+00:00,35614.39,-0.008249193654587428,-0.0432802583450117,,,,,
2021-06-21 00:00:00+00:00,2021-06-21,ASIA_OPEN,07:00,LONG,LOW_SWEEP,35887.49,35378.0,35588.63,35746.28,35205.0,35559.11,False,False,,,12889,2021-06-21 01:00:00+00:00,35559.11,-0.007719822009043642,-0.025497263570432582,,,,,
2021-06-22 00:00:00+00:00,2021-06-22,ASIA_OPEN,07:00,LONG,LOW_SWEEP,32563.1,31250.51,31606.0,31890.0,31150.0,31773.43,True,True,31890.0,32337.27,12913,2021-06-22 01:00:00+00:00,31773.43,0.026133470638832534,0.03849537176187767,12915.0,2021-06-22 03:00:00+00:00,32892.44,0.0031654690257090223,-0.009773674437044022
2021-06-23 13:00:00+00:00,2021-06-23,NEW_YORK_OPEN,20:00,SHORT,HIGH_SWEEP,34500.0,33812.5,34164.99,34867.77,33852.9,33962.02,False,False,,,12950,2021-06-23 14:00:00+00:00,33962.01,-0.0025231133257423988,0.008701487338352631,,,,,
2021-06-24 00:00:00+00:00,2021-06-24,ASIA_OPEN,07:00,SHORT,HIGH_SWEEP,33770.3,32976.79,33650.0,33851.4,33150.0,33179.32,True,True,32867.64,33150.0,12961,2021-06-24 01:00:00+00:00,33179.32,0.01605759250038874,0.018065771088738414,12963.0,2021-06-24 03:00:00+00:00,32487.35,-0.0028491089608724263,-0.0145059538558856
2021-06-24 07:00:00+00:00,2021-06-24,LONDON_OPEN,14:00,SHORT,HIGH_SWEEP,33197.99,32300.0,32983.44,33248.29,32765.0,32833.59,False,False,,,12968,2021-06-24 08:00:00+00:00,32834.87,-0.015823117314001767,-0.011598949531397507,,,,,
2021-06-25 00:00:00+00:00,2021-06-25,ASIA_OPEN,07:00,SHORT,HIGH_SWEEP,34889.45,34505.0,34644.65,35135.8,34559.29,34559.44,False,False,,,12985,2021-06-25 01:00:00+00:00,34559.43,-0.007442541731735641,-0.013707691359492902,,,,,
2021-06-25 07:00:00+00:00,2021-06-25,LONDON_OPEN,14:00,LONG,LOW_SWEEP,35085.88,34058.86,34407.27,34417.02,33933.0,34262.69,True,False,,,12992,2021-06-25 08:00:00+00:00,34262.69,0.0005341086762304936,-0.014737021523995919,,,,,
2021-06-25 13:00:00+00:00,2021-06-25,NEW_YORK_OPEN,20:00,LONG,LOW_SWEEP,33948.0,32815.34,33093.53,33200.0,32637.0,32992.28,False,False,,,12998,2021-06-25 14:00:00+00:00,32990.65,-0.005778910085130207,-0.031963904924577125,,,,,
2021-06-27 07:00:00+00:00,2021-06-27,LONDON_OPEN,14:00,SHORT,HIGH_SWEEP,33320.0,32771.51,33044.66,33450.0,32981.0,33252.0,True,False,,,13040,2021-06-27 08:00:00+00:00,33252.0,0.007925237579694433,0.01736647419704085,,,,,
2021-06-28 00:00:00+00:00,2021-06-28,ASIA_OPEN,07:00,SHORT,HIGH_SWEEP,34762.0,32377.3,34687.71,34998.0,34422.0,34550.22,True,False,,,13057,2021-06-28 01:00:00+00:00,34550.21,0.008285622576534202,0.004617916938854938,,,,,
2021-06-28 13:00:00+00:00,2021-06-28,NEW_YORK_OPEN,20:00,SHORT,HIGH_SWEEP,34520.64,33855.0,34413.05,34600.0,34150.0,34279.33,False,False,,,13070,2021-06-28 14:00:00+00:00,34279.32,-0.0016569756926334556,-0.010158019470631219,,,,,
2021-06-29 07:00:00+00:00,2021-06-29,LONDON_OPEN,14:00,SHORT,HIGH_SWEEP,35405.58,34523.5,35330.0,35450.0,34750.0,34841.15,False,False,,,13088,2021-06-29 08:00:00+00:00,34841.15,-0.005765022107479201,-0.022342546098506944,,,,,
2021-06-30 00:00:00+00:00,2021-06-30,ASIA_OPEN,07:00,LONG,LOW_SWEEP,36319.0,35733.3,35910.64,36089.96,35611.08,35878.59,False,False,,,13105,2021-06-30 01:00:00+00:00,35878.6,-0.0008433996867214244,-0.021311032203040314,,,,,
2021-06-30 13:00:00+00:00,2021-06-30,NEW_YORK_OPEN,20:00,LONG,LOW_SWEEP,35002.3,34550.26,34638.9,34747.0,34450.19,34721.29,False,False,,,13118,2021-06-30 14:00:00+00:00,34721.3,-0.003780100399466635,-0.017266058586516086,,,,,
2021-07-03 00:00:00+00:00,2021-07-03,ASIA_OPEN,07:00,SHORT,HIGH_SWEEP,33880.0,33077.11,33760.94,33892.72,33427.98,33514.15,False,False,,,13177,2021-07-03 01:00:00+00:00,33514.15,-0.004115276681640356,0.00039386348751213607,,,,,
2021-07-06 00:00:00+00:00,2021-07-06,ASIA_OPEN,07:00,LONG,LOW_SWEEP,34199.0,33650.57,33672.72,34145.0,33603.7,34033.12,False,False,,,13249,2021-07-06 01:00:00+00:00,34033.12,-0.008244615833047475,-0.004004628432538682,,,,,
2021-07-06 13:00:00+00:00,2021-07-06,NEW_YORK_OPEN,20:00,SHORT,HIGH_SWEEP,34413.16,33700.0,34349.23,34501.3,33918.04,34128.75,True,False,,,13262,2021-07-06 14:00:00+00:00,34128.75,0.0002502289125737578,0.0024973079881333016,,,,,
2021-07-07 00:00:00+00:00,2021-07-07,ASIA_OPEN,07:00,SHORT,HIGH_SWEEP,34357.11,33602.21,34206.0,34388.0,33925.0,34139.96,False,False,,,13273,2021-07-07 01:00:00+00:00,34139.99,-0.0022923263890821666,-0.008637378042583022,,,,,
2021-07-07 07:00:00+00:00,2021-07-07,LONDON_OPEN,14:00,SHORT,HIGH_SWEEP,34885.8,34362.01,34720.29,34905.0,34530.0,34699.66,False,False,,,13280,2021-07-07 08:00:00+00:00,34699.66,-0.0025063646156762154,0.002580140554691468,,,,,
2021-07-10 00:00:00+00:00,2021-07-10,ASIA_OPEN,07:00,SHORT,HIGH_SWEEP,34100.0,33433.0,33805.01,34248.58,33715.0,34018.89,True,False,,,13345,2021-07-10 01:00:00+00:00,34018.88,0.007716303417396486,0.007084889332041433,,,,,
2021-07-12 13:00:00+00:00,2021-07-12,NEW_YORK_OPEN,20:00,LONG,LOW_SWEEP,34053.01,33405.0,33556.83,33605.02,33333.33,33565.88,False,False,,,13406,2021-07-12 14:00:00+00:00,33565.88,-0.0047649577487614,-0.01219839908859821,,,,,
2021-07-14 07:00:00+00:00,2021-07-14,LONDON_OPEN,14:00,SHORT,HIGH_SWEEP,31996.99,31651.0,31815.47,31998.97,31811.0,31910.38,True,False,,,13448,2021-07-14 08:00:00+00:00,31910.39,0.005068255198385163,-0.01565665602958788,,,,,
2021-07-15 00:00:00+00:00,2021-07-15,ASIA_OPEN,07:00,LONG,LOW_SWEEP,33046.23,32666.66,32803.0,33027.99,32642.01,32930.31,False,False,,,13465,2021-07-15 01:00:00+00:00,32930.31,-0.004869981485142283,-0.00943173629400984,,,,,
2021-07-15 13:00:00+00:00,2021-07-15,NEW_YORK_OPEN,20:00,LONG,LOW_SWEEP,32576.43,31580.0,31706.25,31911.0,31401.2,31801.74,False,False,,,13478,2021-07-15 14:00:00+00:00,31801.74,-0.0015235015442551791,-0.006619763572685011,,,,,
2021-07-16 00:00:00+00:00,2021-07-16,ASIA_OPEN,07:00,SHORT,HIGH_SWEEP,31876.0,31500.0,31865.53,31934.91,31550.0,31630.0,False,False,,,13489,2021-07-16 01:00:00+00:00,31630.0,-0.005057856465380928,-0.008442933923490381,,,,,
2021-07-16 13:00:00+00:00,2021-07-16,NEW_YORK_OPEN,20:00,SHORT,HIGH_SWEEP,31789.35,31018.59,31699.99,31957.93,31694.64,31754.45,False,False,,,13502,2021-07-16 14:00:00+00:00,31754.53,-0.002756772025912513,-0.009133185092016882,,,,,
2021-07-17 00:00:00+00:00,2021-07-17,ASIA_OPEN,07:00,LONG,LOW_SWEEP,31853.41,31325.0,31382.96,31629.08,31150.02,31623.86,False,False,,,13513,2021-07-17 01:00:00+00:00,31623.86,-0.007660355187507184,-0.010197679853123587,,,,,
2021-07-19 13:00:00+00:00,2021-07-19,NEW_YORK_OPEN,20:00,LONG,LOW_SWEEP,31458.14,30585.0,30694.27,30857.9,30541.0,30601.2,True,False,,,13574,2021-07-19 14:00:00+00:00,30600.11,0.006303572111342026,0.0031519494537763926,,,,,
2021-07-20 00:00:00+00:00,2021-07-20,ASIA_OPEN,07:00,SHORT,HIGH_SWEEP,30960.0,30685.36,30823.62,31050.0,30735.0,30788.03,True,True,30675.0,30735.0,13585,2021-07-20 01:00:00+00:00,30788.02,0.005646676856777444,0.039141198427180446,13587.0,2021-07-20 03:00:00+00:00,30174.03,0.019589362110397635,0.01542021400522231
2021-07-21 07:00:00+00:00,2021-07-21,LONDON_OPEN,14:00,SHORT,HIGH_SWEEP,30900.0,29808.0,30854.16,30933.19,30740.0,30797.85,False,False,,,13616,2021-07-21 08:00:00+00:00,30797.85,-0.00044581034065704905,-0.01835647618259073,,,,,
2021-07-22 00:00:00+00:00,2021-07-22,ASIA_OPEN,07:00,SHORT,HIGH_SWEEP,32232.46,31672.0,32120.0,32350.0,31846.4,32032.77,True,False,,,13633,2021-07-22 01:00:00+00:00,32032.76,0.002278292597952869,0.0036762364529312475,,,,,
2021-07-22 07:00:00+00:00,2021-07-22,LONDON_OPEN,14:00,SHORT,HIGH_SWEEP,32199.0,31852.0,32024.42,32297.61,32007.32,32115.11,True,False,,,13640,2021-07-22 08:00:00+00:00,32115.11,0.0007130599895189826,0.009885377942034146,,,,,
2021-07-22 13:00:00+00:00,2021-07-22,NEW_YORK_OPEN,20:00,SHORT,HIGH_SWEEP,32199.99,31700.0,32181.03,32240.0,32040.0,32065.15,False,False,,,13646,2021-07-22 14:00:00+00:00,32063.09,-0.005923321800861858,-0.00841809070803845,,,,,
2021-07-24 00:00:00+00:00,2021-07-24,ASIA_OPEN,07:00,SHORT,HIGH_SWEEP,33650.0,32417.1,33631.74,33790.0,33379.81,33543.18,False,False,,,13681,2021-07-24 01:00:00+00:00,33543.19,-0.0013952161377612793,-0.00312373390843268,,,,,
2021-07-25 00:00:00+00:00,2021-07-25,ASIA_OPEN,07:00,SHORT,HIGH_SWEEP,34263.36,33782.1,34230.0,34400.0,33895.66,33987.9,True,False,,,13705,2021-07-25 01:00:00+00:00,33987.89,0.002616225955774154,-0.004769640010015452,,,,,
2021-07-26 07:00:00+00:00,2021-07-26,LONDON_OPEN,14:00,LONG,LOW_SWEEP,39284.65,38131.58,38630.1,38851.55,37778.0,38157.02,True,False,,,13736,2021-07-26 08:00:00+00:00,38159.99,0.0010482183040403381,0.01122248721763297,,,,,
2021-07-26 13:00:00+00:00,2021-07-26,NEW_YORK_OPEN,20:00,LONG,LOW_SWEEP,38882.89,38084.4,38634.01,38634.01,37900.0,38300.01,True,False,,,13742,2021-07-26 14:00:00+00:00,38301.33,0.00017022907559605116,0.019367473662141643,,,,,
2021-07-27 13:00:00+00:00,2021-07-27,NEW_YORK_OPEN,20:00,SHORT,HIGH_SWEEP,38465.0,37234.23,38317.2,38748.53,38165.16,38438.44,True,False,,,13766,2021-07-27 14:00:00+00:00,38438.5,0.0056841448027368235,0.021216228520883895,,,,,
2021-07-28 00:00:00+00:00,2021-07-28,ASIA_OPEN,07:00,SHORT,HIGH_SWEEP,39546.34,37923.15,39448.06,39550.0,38897.4,39056.57,False,False,,,13777,2021-07-28 01:00:00+00:00,39056.56,-0.020443940787411963,-0.019419016933390987,,,,,
2021-07-28 13:00:00+00:00,2021-07-28,NEW_YORK_OPEN,20:00,LONG,LOW_SWEEP,40894.0,39586.08,39671.06,39949.98,39408.51,39647.34,False,False,,,13790,2021-07-28 14:00:00+00:00,39647.35,-0.003304382260100658,0.011583624126202618,,,,,
2021-07-31 00:00:00+00:00,2021-07-31,ASIA_OPEN,07:00,SHORT,HIGH_SWEEP,42316.6,40650.0,42202.6,42494.0,41636.01,41893.87,False,False,,,13849,2021-07-31 01:00:00+00:00,41897.74,-0.0017511684401116945,0.0017437694730073616,,,,,
2021-07-31 13:00:00+00:00,2021-07-31,NEW_YORK_OPEN,20:00,LONG,LOW_SWEEP,41923.99,41333.0,41657.61,41716.19,41201.53,41401.47,True,False,,,13862,2021-07-31 14:00:00+00:00,41401.47,0.00028332327330393703,-0.002835165031579878,,,,,
2021-08-01 00:00:00+00:00,2021-08-01,ASIA_OPEN,07:00,LONG,LOW_SWEEP,42010.0,41254.41,41448.1,41750.0,41091.77,41715.88,False,False,,,13873,2021-08-01 01:00:00+00:00,41715.87,-0.0004480309292362872,0.016894050154053986,,,,,
2021-08-01 07:00:00+00:00,2021-08-01,LONDON_OPEN,14:00,LONG,LOW_SWEEP,42423.09,41600.0,41700.9,41826.8,41570.03,41704.99,True,False,,,13880,2021-08-01 08:00:00+00:00,41705.0,0.0014055868600888477,-0.004834432322263549,,,,,
2021-08-02 07:00:00+00:00,2021-08-02,LONDON_OPEN,14:00,SHORT,HIGH_SWEEP,40333.0,39570.55,40253.66,40450.0,40000.0,40099.99,True,True,39700.0,40000.0,13904,2021-08-02 08:00:00+00:00,40097.47,0.013925068090330894,0.009896634376183933,13906.0,2021-08-02 10:00:00+00:00,39622.82,-0.001964019723987409,0.009256029732361282
2021-08-04 00:00:00+00:00,2021-08-04,ASIA_OPEN,07:00,LONG,LOW_SWEEP,38642.3,38051.73,38201.33,38485.0,37946.56,38399.99,False,False,,,13945,2021-08-04 01:00:00+00:00,38399.98,-0.00124791731662377,-0.010928130691734927,,,,,
2021-08-04 07:00:00+00:00,2021-08-04,LONDON_OPEN,14:00,LONG,LOW_SWEEP,38220.0,37758.0,37819.3,37884.61,37661.1,37827.97,False,False,,,13952,2021-08-04 08:00:00+00:00,37827.96,-0.002227188566340854,0.006688967631349962,,,,,
2021-08-08 00:00:00+00:00,2021-08-08,ASIA_OPEN,07:00,SHORT,HIGH_SWEEP,44753.01,43500.0,44601.11,44838.0,44136.78,44587.48,True,False,,,14041,2021-08-08 01:00:00+00:00,44587.48,0.010417049808601031,0.005695545027438298,,,,,
2021-08-08 13:00:00+00:00,2021-08-08,NEW_YORK_OPEN,20:00,SHORT,HIGH_SWEEP,45150.0,44100.0,45003.04,45197.89,44535.93,44757.96,True,True,44199.0,44535.93,14054,2021-08-08 14:00:00+00:00,44757.96,0.01834243562485871,0.02290855079185905,14056.0,2021-08-08 16:00:00+00:00,43998.89,0.006051743578076585,0.008480213932669733
2021-08-10 00:00:00+00:00,2021-08-10,ASIA_OPEN,07:00,SHORT,HIGH_SWEEP,46438.79,44907.42,46259.7,46800.0,45717.0,45981.1,False,False,,,14089,2021-08-10 01:00:00+00:00,45981.09,-0.000851219490447086,0.005495954967574712,,,,,
2021-08-10 13:00:00+00:00,2021-08-10,NEW_YORK_OPEN,20:00,SHORT,HIGH_SWEEP,46050.0,45201.0,45928.93,46138.21,45350.0,45545.13,True,False,,,14102,2021-08-10 14:00:00+00:00,45544.57,0.0039207747487790545,0.015844918505103944,,,,,
2021-08-11 13:00:00+00:00,2021-08-11,NEW_YORK_OPEN,20:00,SHORT,HIGH_SWEEP,46424.0,45825.0,45985.09,46540.71,45912.0,46283.03,False,False,,,14126,2021-08-11 14:00:00+00:00,46287.02,-0.0041864868379948295,-0.0012044413315006608,,,,,
2021-08-12 00:00:00+00:00,2021-08-12,ASIA_OPEN,07:00,LONG,LOW_SWEEP,46389.29,45520.06,45522.13,45880.0,45363.45,45754.64,True,True,45880.0,45911.82,14137,2021-08-12 01:00:00+00:00,45754.63,0.005078830273570256,0.004019483929823098,14139.0,2021-08-12 03:00:00+00:00,46213.38,-0.005947195379346737,-0.02303423813622807
2021-08-13 00:00:00+00:00,2021-08-13,ASIA_OPEN,07:00,SHORT,HIGH_SWEEP,44544.52,43875.0,44385.09,44669.97,44208.88,44493.0,False,False,,,14161,2021-08-13 01:00:00+00:00,44493.0,-0.007751106915694583,-0.015044389005012038,,,,,
2021-08-13 13:00:00+00:00,2021-08-13,NEW_YORK_OPEN,20:00,SHORT,HIGH_SWEEP,46637.45,46120.03,46529.64,46681.82,46400.4,46518.01,True,False,,,14174,2021-08-13 14:00:00+00:00,46518.01,0.0018012378431493392,-0.0004727201357064281,,,,,
2021-08-14 07:00:00+00:00,2021-08-14,LONDON_OPEN,14:00,SHORT,HIGH_SWEEP,47700.0,47465.0,47547.69,47754.99,47513.0,47639.81,True,False,,,14192,2021-08-14 08:00:00+00:00,47639.8,0.00029219266243785125,0.026936930885520183,,,,,
2021-08-15 00:00:00+00:00,2021-08-15,ASIA_OPEN,07:00,SHORT,HIGH_SWEEP,47248.07,46626.43,47083.75,47250.0,46919.02,47199.62,True,False,,,14209,2021-08-15 01:00:00+00:00,47199.63,0.000969922857446126,0.006347931117256511,,,,,
2021-08-15 13:00:00+00:00,2021-08-15,NEW_YORK_OPEN,20:00,LONG,LOW_SWEEP,46149.97,45667.0,45820.06,46073.0,45480.0,46055.65,False,False,,,14222,2021-08-15 14:00:00+00:00,46057.78,-0.004130681070603104,-0.0034558765098968713,,,,,
2021-08-17 00:00:00+00:00,2021-08-17,ASIA_OPEN,07:00,LONG,LOW_SWEEP,46350.0,45733.61,45926.23,46108.6,45240.0,45788.55,True,True,46108.6,46165.0,14257,2021-08-17 01:00:00+00:00,45788.7,0.011247971661130451,0.013920901881905534,14259.0,2021-08-17 03:00:00+00:00,46451.27,-0.0005414276078995472,-0.008344658822029949
2021-08-17 07:00:00+00:00,2021-08-17,LONDON_OPEN,14:00,LONG,LOW_SWEEP,46599.0,45750.45,45772.0,46035.0,45657.0,45959.99,True,True,46035.0,46197.2,14264,2021-08-17 08:00:00+00:00,45959.99,0.005709531268392354,0.014730420959621737,14266.0,2021-08-17 10:00:00+00:00,46854.76,-0.004647553418265393,-0.004005356126037252
2021-08-21 07:00:00+00:00,2021-08-21,LONDON_OPEN,14:00,SHORT,HIGH_SWEEP,49008.0,48600.0,48714.23,49044.66,48655.0,48985.51,True,False,,,14360,2021-08-21 08:00:00+00:00,48985.5,0.0019399618254380968,-0.006645640036337275,,,,,
2021-08-21 13:00:00+00:00,2021-08-21,NEW_YORK_OPEN,20:00,SHORT,HIGH_SWEEP,49447.62,48250.0,49245.23,49500.0,49055.0,49169.2,True,False,,,14366,2021-08-21 14:00:00+00:00,49169.19,0.003027505639202177,-0.007022283669916085,,,,,
2021-08-22 00:00:00+00:00,2021-08-22,ASIA_OPEN,07:00,LONG,LOW_SWEEP,49418.0,48838.29,48846.11,49064.06,48660.67,48985.27,True,False,,,14377,2021-08-22 01:00:00+00:00,48985.27,0.0015884366871918854,-0.0035947540964864633,,,,,
2021-08-22 13:00:00+00:00,2021-08-22,NEW_YORK_OPEN,20:00,LONG,LOW_SWEEP,49500.0,48856.0,48897.41,49064.28,48703.16,48905.01,False,False,,,14390,2021-08-22 14:00:00+00:00,48905.0,-0.012575196810142075,-0.005153256313260357,,,,,
2021-08-24 07:00:00+00:00,2021-08-24,LONDON_OPEN,14:00,SHORT,HIGH_SWEEP,49840.0,49205.75,49808.72,49882.81,49650.01,49800.0,True,False,,,14432,2021-08-24 08:00:00+00:00,49800.0,0.001679718875502001,0.009422088353413627,,,,,
2021-08-25 13:00:00+00:00,2021-08-25,NEW_YORK_OPEN,20:00,SHORT,HIGH_SWEEP,47832.98,47192.03,47772.81,47899.99,47627.0,47678.66,False,False,,,14462,2021-08-25 14:00:00+00:00,47678.66,-0.01598996280516274,-0.02207192903491828,,,,,
2021-08-26 07:00:00+00:00,2021-08-26,LONDON_OPEN,14:00,LONG,LOW_SWEEP,48090.0,46727.65,46892.41,47082.52,46600.0,46920.11,True,False,,,14480,2021-08-26 08:00:00+00:00,46920.11,7.672616283205258e-06,0.0012713098924961308,,,,,
2021-08-27 00:00:00+00:00,2021-08-27,ASIA_OPEN,07:00,LONG,LOW_SWEEP,47438.53,46808.6,46854.22,47344.0,46359.97,47278.4,False,False,,,14497,2021-08-27 01:00:00+00:00,47278.4,-0.00023710616264505102,-0.009152170970252893,,,,,
2021-08-27 13:00:00+00:00,2021-08-27,NEW_YORK_OPEN,20:00,LONG,LOW_SWEEP,47795.13,47190.04,47357.85,47387.22,47022.97,47289.65,True,True,47387.22,48150.0,14510,2021-08-27 14:00:00+00:00,47289.15,0.018204175799311217,0.01890623959195703,14512.0,2021-08-27 16:00:00+00:00,48199.56,-0.0003392147148231217,0.0026645471452435565
2021-08-29 07:00:00+00:00,2021-08-29,LONDON_OPEN,14:00,SHORT,HIGH_SWEEP,48527.0,47741.31,48424.58,48597.0,48361.96,48498.0,False,False,,,14552,2021-08-29 08:00:00+00:00,48497.01,-0.00047343124864807073,-0.0010404765159748308,,,,,
2021-08-30 13:00:00+00:00,2021-08-30,NEW_YORK_OPEN,20:00,LONG,LOW_SWEEP,48088.0,47555.0,47634.82,47835.1,47400.0,47809.69,False,False,,,14582,2021-08-30 14:00:00+00:00,47809.69,-0.0015745761999292895,0.008174911822268482,,,,,
2021-08-31 00:00:00+00:00,2021-08-31,ASIA_OPEN,07:00,LONG,LOW_SWEEP,48717.35,46876.49,47024.69,47177.77,46731.03,46889.8,True,False,,,14593,2021-08-31 01:00:00+00:00,46889.79,0.0006835176698380963,0.006129692626049232,,,,,
2021-09-01 00:00:00+00:00,2021-09-01,ASIA_OPEN,07:00,LONG,LOW_SWEEP,47410.0,46767.37,47150.32,47392.56,46703.0,46795.29,True,False,,,14617,2021-09-01 01:00:00+00:00,46795.3,0.002049137413372648,0.006225197829696549,,,,,
2021-09-02 00:00:00+00:00,2021-09-02,ASIA_OPEN,07:00,SHORT,HIGH_SWEEP,48913.47,48279.06,48842.93,49044.78,48631.2,48833.99,False,False,,,14641,2021-09-02 01:00:00+00:00,48833.99,-0.01890302225970064,-0.016032071104572942,,,,,
2021-09-02 07:00:00+00:00,2021-09-02,LONDON_OPEN,14:00,SHORT,HIGH_SWEEP,50114.65,49355.0,49995.54,50420.0,49731.67,49891.07,False,False,,,14648,2021-09-02 08:00:00+00:00,49891.08,-0.005017730624392147,-0.003692644055811156,,,,,
2021-09-03 07:00:00+00:00,2021-09-03,LONDON_OPEN,14:00,LONG,LOW_SWEEP,49779.0,49345.0,49447.69,49619.99,49262.0,49353.7,True,True,49619.99,49849.5,14672,2021-09-03 08:00:00+00:00,49353.7,0.014019009719635989,0.011146884630736986,14674.0,2021-09-03 10:00:00+00:00,50137.86,-0.00466753068439707,0.010882395060339611
2021-09-04 07:00:00+00:00,2021-09-04,LONDON_OPEN,14:00,LONG,LOW_SWEEP,50500.3,50181.57,50359.31,50500.0,50130.0,50230.07,False,False,,,14696,2021-09-04 08:00:00+00:00,50230.07,-0.002058726973703129,-0.008237695069905349,,,,,
2021-09-05 07:00:00+00:00,2021-09-05,LONDON_OPEN,14:00,SHORT,HIGH_SWEEP,49931.74,49462.59,49874.26,50076.96,49813.01,49890.96,False,False,,,14720,2021-09-05 08:00:00+00:00,49890.96,-0.005729294445326438,-0.0029722819524820032,,,,,
2021-09-06 00:00:00+00:00,2021-09-06,ASIA_OPEN,07:00,LONG,LOW_SWEEP,51950.0,51504.87,51799.56,51910.0,51500.0,51774.62,True,False,,,14737,2021-09-06 01:00:00+00:00,51774.62,0.0011664016075829675,-0.003019433073579325,,,,,
2021-09-06 07:00:00+00:00,2021-09-06,LONDON_OPEN,14:00,SHORT,HIGH_SWEEP,51920.0,51571.0,51859.99,52035.65,51678.52,51824.8,True,False,,,14744,2021-09-06 08:00:00+00:00,51824.79,0.0025707774213846735,0.00012272119192380249,,,,,
2021-09-09 00:00:00+00:00,2021-09-09,ASIA_OPEN,07:00,LONG,LOW_SWEEP,46808.99,45934.91,46060.02,46386.25,45865.9,46352.01,False,False,,,14809,2021-09-09 01:00:00+00:00,46352.01,-0.005218975401498294,-0.00730194871808143,,,,,
2021-09-09 07:00:00+00:00,2021-09-09,LONDON_OPEN,14:00,LONG,LOW_SWEEP,46371.95,45935.16,46155.03,46317.69,45890.0,46271.64,True,False,,,14816,2021-09-09 08:00:00+00:00,46271.64,0.00015214502879090652,-0.0023965003185536515,,,,,
2021-09-10 00:00:00+00:00,2021-09-10,ASIA_OPEN,07:00,SHORT,HIGH_SWEEP,46660.65,46235.0,46413.88,46700.0,46270.0,46580.0,False,False,,,14833,2021-09-10 01:00:00+00:00,46579.71,-0.0068819664184254226,-0.003272884266561693,,,,,
2021-09-10 13:00:00+00:00,2021-09-10,NEW_YORK_OPEN,20:00,LONG,LOW_SWEEP,46538.5,45863.05,45939.29,46260.0,45650.0,45878.99,False,False,,,14846,2021-09-10 14:00:00+00:00,45878.99,-0.014999022428349051,-0.008301185357393437,,,,,
2021-09-11 07:00:00+00:00,2021-09-11,LONDON_OPEN,14:00,LONG,LOW_SWEEP,45475.43,45031.76,45281.3,45318.0,44804.82,45068.61,True,False,,,14864,2021-09-11 08:00:00+00:00,45068.6,0.0016477103792884584,0.013449275105062108,,,,,
2021-09-11 13:00:00+00:00,2021-09-11,NEW_YORK_OPEN,20:00,LONG,LOW_SWEEP,45800.0,45427.36,45580.0,45651.4,45401.0,45631.26,True,False,,,14870,2021-09-11 14:00:00+00:00,45631.26,0.0010240786688773262,0.004932145200461147,,,,,
2021-09-12 07:00:00+00:00,2021-09-12,LONDON_OPEN,14:00,LONG,LOW_SWEEP,45499.0,45120.07,45159.42,45396.19,45048.51,45364.48,True,True,45396.19,45860.0,14888,2021-09-12 08:00:00+00:00,45364.48,0.016922050026805024,0.012907014474760725,14890.0,2021-09-12 10:00:00+00:00,45877.67,0.001576583989553182,0.0026921593882165418
2021-09-13 07:00:00+00:00,2021-09-13,LONDON_OPEN,14:00,LONG,LOW_SWEEP,45000.0,44335.0,44832.84,44900.0,44200.0,44492.14,False,False,,,14912,2021-09-13 08:00:00+00:00,44488.48,-0.001688527007441043,0.004675142868445947,,,,,
2021-09-14 00:00:00+00:00,2021-09-14,ASIA_OPEN,07:00,LONG,LOW_SWEEP,45547.0,44825.0,44975.96,45333.72,44692.9,45202.91,False,False,,,14929,2021-09-14 01:00:00+00:00,45202.91,-0.0009141004417637655,2.566206467680132e-05,,,,,
2021-09-14 07:00:00+00:00,2021-09-14,LONDON_OPEN,14:00,SHORT,HIGH_SWEEP,45735.51,45062.36,45621.62,45915.59,45620.0,45731.1,False,False,,,14936,2021-09-14 08:00:00+00:00,45729.41,-0.005261165626234687,-0.006707499615673962,,,,,
2021-09-14 13:00:00+00:00,2021-09-14,NEW_YORK_OPEN,20:00,SHORT,HIGH_SWEEP,46647.0,45771.11,46533.32,46768.6,46336.0,46424.97,False,False,,,14942,2021-09-14 14:00:00+00:00,46424.96,-0.00305913026096305,-0.0038194970981126897,,,,,
2021-09-15 00:00:00+00:00,2021-09-15,ASIA_OPEN,07:00,SHORT,HIGH_SWEEP,47272.98,46380.0,47087.18,47368.4,46924.1,47132.3,True,False,,,14953,2021-09-15 01:00:00+00:00,47132.3,0.0018944545460332085,0.0013708221325927639,,,,,
2021-09-15 13:00:00+00:00,2021-09-15,NEW_YORK_OPEN,20:00,SHORT,HIGH_SWEEP,47717.65,47125.49,47397.68,47843.88,47327.42,47712.19,False,False,,,14966,2021-09-15 14:00:00+00:00,47711.3,-0.002697264589311077,-0.006968998958318151,,,,,
2021-09-16 07:00:00+00:00,2021-09-16,LONDON_OPEN,14:00,SHORT,HIGH_SWEEP,48480.0,47574.77,48337.34,48488.0,48306.52,48320.0,True,True,48265.0,48306.52,14984,2021-09-16 08:00:00+00:00,48319.99,0.005147145104955508,0.010367758768161983,14986.0,2021-09-16 10:00:00+00:00,47901.89,0.0017299943697420828,-0.0026744247460799286
2021-09-17 13:00:00+00:00,2021-09-17,NEW_YORK_OPEN,20:00,LONG,LOW_SWEEP,47782.34,47233.0,47474.17,47474.18,47123.96,47256.0,True,False,,,15014,2021-09-17 14:00:00+00:00,47256.0,0.004949847638395122,0.007702513966480362,,,,,
2021-09-20 00:00:00+00:00,2021-09-20,ASIA_OPEN,07:00,LONG,LOW_SWEEP,47675.0,46840.0,47256.92,47345.0,46786.0,46998.36,True,False,,,15073,2021-09-20 01:00:00+00:00,46998.36,0.0047905926930216225,-0.030755115710420555,,,,,
2021-09-21 13:00:00+00:00,2021-09-21,NEW_YORK_OPEN,20:00,LONG,LOW_SWEEP,43629.6,43050.0,43109.73,43322.7,42822.01,43122.12,False,False,,,15110,2021-09-21 14:00:00+00:00,43122.12,-0.016293725818675053,-0.01556788024336464,,,,,
2021-09-22 13:00:00+00:00,2021-09-22,NEW_YORK_OPEN,20:00,SHORT,HIGH_SWEEP,42492.99,41838.04,42163.98,42663.73,42044.0,42352.21,True,False,,,15134,2021-09-22 14:00:00+00:00,42352.22,0.0012665215660477847,-0.022667997096728287,,,,,
2021-09-23 00:00:00+00:00,2021-09-23,ASIA_OPEN,07:00,SHORT,HIGH_SWEEP,43662.95,43001.0,43520.0,43868.0,43100.0,43179.34,False,False,,,15145,2021-09-23 01:00:00+00:00,43179.66,-0.010053576151363597,-0.02024772774959316,,,,,
2021-09-23 13:00:00+00:00,2021-09-23,NEW_YORK_OPEN,20:00,SHORT,HIGH_SWEEP,44140.61,43351.0,43492.87,44161.72,43401.0,43995.63,False,False,,,15158,2021-09-23 14:00:00+00:00,43995.64,-0.0029080154306200257,0.004901394774573076,,,,,
2021-09-26 00:00:00+00:00,2021-09-26,ASIA_OPEN,07:00,LONG,LOW_SWEEP,42790.0,42356.0,42646.84,42714.0,42278.56,42560.42,False,False,,,15217,2021-09-26 01:00:00+00:00,42561.0,-0.004428232419351086,-0.008555015154719126,,,,,
2021-09-27 00:00:00+00:00,2021-09-27,ASIA_OPEN,07:00,SHORT,HIGH_SWEEP,43940.0,42650.0,43150.01,43958.58,42914.04,43851.2,False,False,,,15241,2021-09-27 01:00:00+00:00,43851.2,-0.009319243259021448,-0.004052112598971203,,,,,
2021-09-27 07:00:00+00:00,2021-09-27,LONDON_OPEN,14:00,LONG,LOW_SWEEP,44230.97,43641.45,43722.07,43918.0,43623.6,43665.96,True,False,,,15248,2021-09-27 08:00:00+00:00,43662.7,0.0035286411513717475,0.0021599672031278327,,,,,
2021-09-28 00:00:00+00:00,2021-09-28,ASIA_OPEN,07:00,LONG,LOW_SWEEP,43398.57,42059.13,42122.69,42415.08,41900.67,42304.03,True,False,,,15265,2021-09-28 01:00:00+00:00,42304.04,0.0028793940247786587,0.005270418617228989,,,,,
2021-09-28 13:00:00+00:00,2021-09-28,NEW_YORK_OPEN,20:00,SHORT,HIGH_SWEEP,42150.0,41600.0,41818.44,42566.85,41770.22,41983.96,True,True,41668.4,41770.22,15278,2021-09-28 14:00:00+00:00,41983.95,0.010966809935701649,0.01751121559548341,15280.0,2021-09-28 16:00:00+00:00,41443.37,0.004695805384552498,-0.00254853792054055
2021-09-29 00:00:00+00:00,2021-09-29,ASIA_OPEN,07:00,LONG,LOW_SWEEP,41964.24,40854.0,41002.96,41740.0,40708.73,41572.93,False,False,,,15289,2021-09-29 01:00:00+00:00,41572.93,-0.0009116509228481728,0.01476249088048398,,,,,
2021-09-29 07:00:00+00:00,2021-09-29,LONDON_OPEN,14:00,SHORT,HIGH_SWEEP,42444.0,41965.82,42420.8,42493.72,42300.0,42429.27,True,False,,,15296,2021-09-29 08:00:00+00:00,42429.28,0.0018680496110233813,0.0006900894853741901,,,,,
2021-10-01 00:00:00+00:00,2021-10-01,ASIA_OPEN,07:00,SHORT,HIGH_SWEEP,43889.68,43350.79,43799.49,44043.22,43637.43,43672.26,False,False,,,15337,2021-10-01 01:00:00+00:00,43671.5,-0.001037289765636773,0.0014249567795932006,,,,,
2021-10-02 00:00:00+00:00,2021-10-02,ASIA_OPEN,07:00,LONG,LOW_SWEEP,48450.0,47720.0,48123.93,48218.8,47603.06,47801.55,False,False,,,15361,2021-10-02 01:00:00+00:00,47801.54,-0.0017296513878004571,-0.006089552763362982,,,,,
2021-10-03 13:00:00+00:00,2021-10-03,NEW_YORK_OPEN,20:00,SHORT,HIGH_SWEEP,48090.3,47711.14,47947.99,48150.0,47832.76,48041.83,True,False,,,15398,2021-10-03 14:00:00+00:00,48041.84,0.0017865677084806242,0.0005062254068536332,,,,,
2021-10-04 07:00:00+00:00,2021-10-04,LONDON_OPEN,14:00,SHORT,HIGH_SWEEP,47848.14,47214.58,47698.12,47860.5,47589.88,47836.39,True,False,,,15416,2021-10-04 08:00:00+00:00,47836.4,0.0038391266901355303,0.0045902283616660045,,,,,
2021-10-06 00:00:00+00:00,2021-10-06,ASIA_OPEN,07:00,LONG,LOW_SWEEP,51888.0,51300.0,51460.22,51490.05,51200.1,51320.07,False,False,,,15457,2021-10-06 01:00:00+00:00,51320.07,-0.0010623524091061265,0.003210634747770058,,,,,
2021-10-07 07:00:00+00:00,2021-10-07,LONDON_OPEN,14:00,LONG,LOW_SWEEP,55280.0,54446.8,54587.3,54846.69,54325.0,54808.39,False,False,,,15488,2021-10-07 08:00:00+00:00,54807.63,-0.0038317657596212973,-0.01493624154155171,,,,,
2021-10-09 00:00:00+00:00,2021-10-09,ASIA_OPEN,07:00,LONG,LOW_SWEEP,54350.0,53800.0,53974.99,54329.29,53656.66,54294.74,False,False,,,15529,2021-10-09 01:00:00+00:00,54294.75,-0.004667670446958483,0.005387445379157363,,,,,
2021-10-09 13:00:00+00:00,2021-10-09,NEW_YORK_OPEN,20:00,SHORT,HIGH_SWEEP,55434.52,54604.0,55011.36,55589.0,54950.0,55274.69,True,False,,,15542,2021-10-09 14:00:00+00:00,55274.69,0.001733523969107753,0.0076906808523034,,,,,
2021-10-10 00:00:00+00:00,2021-10-10,ASIA_OPEN,07:00,SHORT,HIGH_SWEEP,55188.61,54573.99,54960.79,55237.95,54826.25,54929.14,True,True,54799.0,54826.25,15553,2021-10-10 01:00:00+00:00,54929.14,0.009401203077273768,-0.0026809085305177227,15555.0,2021-10-10 03:00:00+00:00,54652.62,-0.007754065587340486,-0.01932734423345117
2021-10-10 13:00:00+00:00,2021-10-10,NEW_YORK_OPEN,20:00,LONG,LOW_SWEEP,55350.55,54710.0,54980.13,55350.0,54641.0,55246.67,False,False,,,15566,2021-10-10 14:00:00+00:00,55245.51,-0.0017543507155605154,0.004370490923153669,,,,,
2021-10-11 07:00:00+00:00,2021-10-11,LONDON_OPEN,14:00,SHORT,HIGH_SWEEP,56820.0,56158.31,56693.02,57164.92,56570.0,56819.99,True,False,,,15584,2021-10-11 08:00:00+00:00,56820.0,0.004037838789158754,0.010385603660682863,,,,,
2021-10-12 13:00:00+00:00,2021-10-12,NEW_YORK_OPEN,20:00,SHORT,HIGH_SWEEP,57398.77,56707.43,56901.3,57478.99,56869.0,56981.2,True,True,56663.84,56869.0,15614,2021-10-12 14:00:00+00:00,56981.21,0.009863251412176033,0.01776515451321581,15616.0,2021-10-12 16:00:00+00:00,56352.17,0.006800802879463164,0.012875635490168347
2021-10-17 13:00:00+00:00,2021-10-17,NEW_YORK_OPEN,20:00,LONG,LOW_SWEEP,61547.56,60769.32,60925.38,61333.0,60694.16,61075.82,True,False,,,15734,2021-10-17 14:00:00+00:00,61075.82,0.00014228216665790328,-0.0009611004813361301,,,,,
2021-10-19 00:00:00+00:00,2021-10-19,ASIA_OPEN,07:00,SHORT,HIGH_SWEEP,62132.98,61128.32,62037.92,62378.0,61824.25,61890.42,True,False,,,15769,2021-10-19 01:00:00+00:00,61890.42,0.00027984945004411177,-0.01203045640989342,,,,,
2021-10-21 07:00:00+00:00,2021-10-21,LONDON_OPEN,14:00,SHORT,HIGH_SWEEP,65265.63,64214.0,64746.97,65325.0,64508.86,65128.87,False,False,,,15824,2021-10-21 08:00:00+00:00,65128.88,-0.012310821251647619,-0.009114389806795575,,,,,
2021-10-23 07:00:00+00:00,2021-10-23,LONDON_OPEN,14:00,LONG,LOW_SWEEP,61594.55,60782.67,61079.38,61136.81,60740.0,60925.49,True,False,,,15872,2021-10-23 08:00:00+00:00,60925.49,0.0031187274817157107,-0.012272859848972861,,,,,
2021-10-24 00:00:00+00:00,2021-10-24,ASIA_OPEN,07:00,SHORT,HIGH_SWEEP,61523.0,60954.41,61325.09,61550.0,61116.05,61135.85,True,False,,,15889,2021-10-24 01:00:00+00:00,61135.85,0.001429766659006071,-0.0023555736936675675,,,,,
2021-10-24 07:00:00+00:00,2021-10-24,LONDON_OPEN,14:00,LONG,LOW_SWEEP,61300.0,60654.18,60761.07,60991.8,60610.0,60745.15,False,False,,,15896,2021-10-24 08:00:00+00:00,60745.15,-0.002591976478780733,0.004170538717905847,,,,,
2021-10-26 07:00:00+00:00,2021-10-26,LONDON_OPEN,14:00,LONG,LOW_SWEEP,62883.64,62272.01,62424.67,62550.0,62244.87,62495.28,True,True,62550.0,62656.0,15944,2021-10-26 08:00:00+00:00,62495.36,0.006314708803981661,0.00901890956384599,15946.0,2021-10-26 10:00:00+00:00,62732.91,0.005198069083675483,-0.002807139027984018
2021-10-27 13:00:00+00:00,2021-10-27,NEW_YORK_OPEN,20:00,SHORT,HIGH_SWEEP,59247.76,58292.07,59074.92,59352.2,58938.19,59049.62,False,False,,,15974,2021-10-27 14:00:00+00:00,59050.51,-0.002532746965267396,0.002432155116018464,,,,,
2021-10-30 13:00:00+00:00,2021-10-30,NEW_YORK_OPEN,20:00,SHORT,HIGH_SWEEP,62049.0,61283.86,61678.16,62327.84,61350.0,61624.93,True,False,,,16046,2021-10-30 14:00:00+00:00,61624.93,0.006504510431086907,0.00532414397874359,,,,,
2021-10-31 13:00:00+00:00,2021-10-31,NEW_YORK_OPEN,20:00,LONG,LOW_SWEEP,61162.14,60150.13,60338.71,60650.0,60008.0,60418.05,True,False,,,16070,2021-10-31 14:00:00+00:00,60418.06,0.0012800808235153838,0.0049478583059436865,,,,,
2021-11-01 00:00:00+00:00,2021-11-01,ASIA_OPEN,07:00,SHORT,HIGH_SWEEP,61680.0,60911.62,61347.14,61736.85,61129.9,61617.76,True,False,,,16081,2021-11-01 01:00:00+00:00,61617.76,0.004280421748534824,0.027309821064576245,,,,,
2021-11-02 00:00:00+00:00,2021-11-02,ASIA_OPEN,07:00,SHORT,HIGH_SWEEP,61239.4,60432.0,60942.87,61460.0,60659.58,60990.84,False,False,,,16105,2021-11-02 01:00:00+00:00,60990.83,-0.0062957005176023095,-0.0021242537607701895,,,,,
2021-11-05 13:00:00+00:00,2021-11-05,NEW_YORK_OPEN,20:00,SHORT,HIGH_SWEEP,61872.03,61200.0,61543.43,62000.0,61477.09,61833.41,True,True,61374.85,61477.09,16190,2021-11-05 14:00:00+00:00,61833.41,0.008458372261856528,0.014343701891906147,16192.0,2021-11-05 16:00:00+00:00,60832.8,-0.0018688930971448858,-0.0070884457069213536
2021-11-08 07:00:00+00:00,2021-11-08,LONDON_OPEN,14:00,SHORT,HIGH_SWEEP,66240.0,65110.0,65978.27,66485.05,65660.09,65996.72,False,False,,,16256,2021-11-08 08:00:00+00:00,65996.72,-0.004615380885595544,-0.0014217373227032315,,,,,
2021-11-09 07:00:00+00:00,2021-11-09,LONDON_OPEN,14:00,LONG,LOW_SWEEP,68587.0,67738.04,68076.6,68200.0,67654.42,67895.48,True,False,,,16280,2021-11-09 08:00:00+00:00,67898.7,0.0033259841499175824,-3.0339314301963682e-05,,,,,
2021-11-10 07:00:00+00:00,2021-11-10,LONDON_OPEN,14:00,SHORT,HIGH_SWEEP,66740.0,66300.0,66593.5,66840.58,66386.1,66504.39,False,False,,,16304,2021-11-10 08:00:00+00:00,66504.4,-0.0028310908751902897,-0.005506703315870887,,,,,
2021-11-11 13:00:00+00:00,2021-11-11,NEW_YORK_OPEN,20:00,LONG,LOW_SWEEP,65441.2,64723.93,65038.62,65196.0,64700.0,64822.74,True,False,,,16334,2021-11-11 14:00:00+00:00,64822.73,0.005739344825495429,0.00400538514807991,,,,,
2021-11-12 00:00:00+00:00,2021-11-12,ASIA_OPEN,07:00,LONG,LOW_SWEEP,65364.41,64788.0,64831.2,64988.0,64706.43,64875.65,True,False,,,16345,2021-11-12 01:00:00+00:00,64875.65,0.004099843315635399,0.00022797459447421176,,,,,
2021-11-12 07:00:00+00:00,2021-11-12,LONDON_OPEN,14:00,LONG,LOW_SWEEP,65129.94,64500.0,64562.02,64690.0,64250.48,64534.11,True,False,,,16352,2021-11-12 08:00:00+00:00,64534.58,0.005959750570934119,-0.01280832694657652,,,,,
2021-11-12 13:00:00+00:00,2021-11-12,NEW_YORK_OPEN,20:00,LONG,LOW_SWEEP,64275.86,63366.1,63870.33,64127.16,63221.66,64017.3,False,False,,,16358,2021-11-12 14:00:00+00:00,64017.3,-0.0073723821529493305,-0.014050576953417382,,,,,
2021-11-14 13:00:00+00:00,2021-11-14,NEW_YORK_OPEN,20:00,SHORT,HIGH_SWEEP,64785.0,64210.4,64624.39,64832.74,64534.49,64669.49,True,True,64387.46,64534.49,16406,2021-11-14 14:00:00+00:00,64669.48,0.004361098929510532,0.013766153678675064,16408.0,2021-11-14 16:00:00+00:00,64117.84,0.005281057502872777,0.0006959061627777041
2021-11-17 00:00:00+00:00,2021-11-17,ASIA_OPEN,07:00,LONG,LOW_SWEEP,61171.76,59688.0,60106.03,60470.1,59500.0,59760.78,False,False,,,16465,2021-11-17 01:00:00+00:00,59760.78,-0.006475317089234767,-0.011408485632215637,,,,,
2021-11-17 07:00:00+00:00,2021-11-17,LONDON_OPEN,14:00,SHORT,HIGH_SWEEP,59864.0,58600.36,59639.05,60174.0,59384.18,59724.98,True,False,,,16472,2021-11-17 08:00:00+00:00,59724.97,0.0016743415693637465,-0.01315044611993943,,,,,
2021-11-18 00:00:00+00:00,2021-11-18,ASIA_OPEN,07:00,SHORT,HIGH_SWEEP,60549.33,59661.21,60366.97,60771.0,60156.0,60511.57,False,False,,,16489,2021-11-18 01:00:00+00:00,60511.56,-0.0011639098380540336,0.010429577422892411,,,,,
2021-11-18 07:00:00+00:00,2021-11-18,LONDON_OPEN,14:00,LONG,LOW_SWEEP,60122.57,59544.79,59855.79,59919.0,59533.54,59782.69,False,False,,,16496,2021-11-18 08:00:00+00:00,59782.7,-0.0013567470187864084,0.0004887701626055119,,,,,
2021-11-18 13:00:00+00:00,2021-11-18,NEW_YORK_OPEN,20:00,LONG,LOW_SWEEP,59998.17,59021.79,59148.38,59791.54,58760.0,59228.6,False,False,,,16502,2021-11-18 14:00:00+00:00,59228.61,-0.004591868693187284,-0.032239486964154684,,,,,
2021-11-21 00:00:00+00:00,2021-11-21,ASIA_OPEN,07:00,LONG,LOW_SWEEP,59873.84,59362.96,59716.28,59782.44,59330.0,59389.18,False,False,,,16561,2021-11-21 01:00:00+00:00,59389.18,-0.00042415133531059634,-0.011376651437181029,,,,,
2021-11-22 07:00:00+00:00,2021-11-22,LONDON_OPEN,14:00,SHORT,HIGH_SWEEP,57566.0,56800.0,57336.35,57795.11,57259.66,57280.0,False,False,,,16592,2021-11-22 08:00:00+00:00,57280.0,-0.0015212988826815987,-0.002007506983240148,,,,,
2021-11-23 00:00:00+00:00,2021-11-23,ASIA_OPEN,07:00,SHORT,HIGH_SWEEP,56720.0,55600.0,56268.31,56884.14,56002.27,56610.0,False,False,,,16609,2021-11-23 01:00:00+00:00,56610.0,-0.0046543013601838545,-0.006426956368132952,,,,,
2021-11-25 13:00:00+00:00,2021-11-25,NEW_YORK_OPEN,20:00,SHORT,HIGH_SWEEP,58749.93,57756.61,58676.69,58888.0,58453.39,58597.41,False,False,,,16670,2021-11-25 14:00:00+00:00,58597.41,-0.002693293099473193,-0.007245883393139696,,,,,
2021-11-27 00:00:00+00:00,2021-11-27,ASIA_OPEN,07:00,SHORT,HIGH_SWEEP,54600.0,53530.0,53755.66,54657.0,53640.69,54116.85,False,False,,,16705,2021-11-27 01:00:00+00:00,54120.66,-0.0009525013183504516,-0.0045825383504192185,,,,,
2021-11-27 13:00:00+00:00,2021-11-27,NEW_YORK_OPEN,20:00,SHORT,HIGH_SWEEP,54999.0,54301.92,54740.6,55230.56,54676.14,54988.07,True,False,,,16718,2021-11-27 14:00:00+00:00,54987.78,0.004360605210830482,0.0012595525769544258,,,,,
2021-11-28 07:00:00+00:00,2021-11-28,LONDON_OPEN,14:00,SHORT,HIGH_SWEEP,54624.02,53958.93,54510.99,54666.0,54442.7,54533.56,True,False,,,16736,2021-11-28 08:00:00+00:00,54533.55,0.001833000052261502,-0.003992404675653649,,,,,
2021-11-28 13:00:00+00:00,2021-11-28,NEW_YORK_OPEN,20:00,LONG,LOW_SWEEP,54973.32,54226.66,54391.56,54430.0,54226.22,54314.78,True,False,,,16742,2021-11-28 14:00:00+00:00,54314.78,0.00148817688297731,-0.001862660587044651,,,,,
2021-11-29 07:00:00+00:00,2021-11-29,LONDON_OPEN,14:00,SHORT,HIGH_SWEEP,57683.65,57215.93,57448.21,57712.5,57415.57,57536.53,True,False,,,16760,2021-11-29 08:00:00+00:00,57536.52,0.004165180653956768,0.005475305075802295,,,,,
2021-11-29 13:00:00+00:00,2021-11-29,NEW_YORK_OPEN,20:00,SHORT,HIGH_SWEEP,57444.0,56844.0,56948.65,57569.38,56920.11,57318.23,True,False,,,16766,2021-11-29 14:00:00+00:00,57318.22,0.0042607743227197625,-0.0031363500122647547,,,,,
2021-11-30 00:00:00+00:00,2021-11-30,ASIA_OPEN,07:00,LONG,LOW_SWEEP,58457.1,57700.06,57827.97,58023.06,57550.0,57756.91,False,False,,,16777,2021-11-30 01:00:00+00:00,57756.9,-0.007854819077893649,-0.011027253886548682,,,,,
2021-12-01 00:00:00+00:00,2021-12-01,ASIA_OPEN,07:00,LONG,LOW_SWEEP,57812.99,56768.69,56978.06,57715.0,56669.49,57607.12,False,False,,,16801,2021-12-01 01:00:00+00:00,57607.1,-0.009928810858383819,-0.0031466607414710746,,,,,
2021-12-03 13:00:00+00:00,2021-12-03,NEW_YORK_OPEN,20:00,SHORT,HIGH_SWEEP,57382.98,56719.61,56846.24,57670.0,56761.3,56912.35,True,True,56390.0,56761.3,16862,2021-12-03 14:00:00+00:00,56912.35,0.010878833855920589,0.0326788473854972,16864.0,2021-12-03 16:00:00+00:00,56026.67,0.017387255034075788,0.019845905530348373
2021-12-04 00:00:00+00:00,2021-12-04,ASIA_OPEN,07:00,LONG,LOW_SWEEP,54060.49,53034.47,53611.86,53889.69,53006.65,53055.01,False,False,,,16873,2021-12-04 01:00:00+00:00,53055.01,-0.0009394023297706333,-0.019811889584037456,,,,,
2021-12-05 07:00:00+00:00,2021-12-05,LONDON_OPEN,14:00,SHORT,HIGH_SWEEP,49619.27,48805.0,49438.27,49642.84,49211.91,49267.19,False,False,,,16904,2021-12-05 08:00:00+00:00,49267.19,-0.0035220194210385802,0.0012545874850992123,,,,,
2021-12-06 00:00:00+00:00,2021-12-06,ASIA_OPEN,07:00,LONG,LOW_SWEEP,49517.0,48480.0,49373.83,49436.45,48400.0,48741.78,True,False,,,16921,2021-12-06 01:00:00+00:00,48741.78,0.0013179658190569654,0.0053342327670429235,,,,,
2021-12-06 07:00:00+00:00,2021-12-06,LONDON_OPEN,14:00,LONG,LOW_SWEEP,49253.31,48034.77,48166.69,48420.0,47695.18,48393.9,False,False,,,16928,2021-12-06 08:00:00+00:00,48398.07,-0.004860524396943844,-0.01886872761661773,,,,,
2021-12-07 07:00:00+00:00,2021-12-07,LONDON_OPEN,14:00,SHORT,HIGH_SWEEP,51183.58,50756.55,51130.37,51324.53,50793.38,50890.15,False,False,,,16952,2021-12-07 08:00:00+00:00,50892.43,-0.005827192767175804,-0.007979968730123632,,,,,
2021-12-11 00:00:00+00:00,2021-12-11,ASIA_OPEN,07:00,LONG,LOW_SWEEP,48525.55,46828.23,47132.31,48444.0,46724.35,47741.13,True,False,,,17041,2021-12-11 01:00:00+00:00,47743.97,0.0035514432503203075,0.01157486484680681,,,,,
2021-12-11 07:00:00+00:00,2021-12-11,LONDON_OPEN,14:00,LONG,LOW_SWEEP,48893.08,48000.0,48038.71,48170.0,47758.89,48018.81,True,False,,,17048,2021-12-11 08:00:00+00:00,48018.54,0.007719101830251374,0.007513347969346773,,,,,
2021-12-11 13:00:00+00:00,2021-12-11,NEW_YORK_OPEN,20:00,SHORT,HIGH_SWEEP,48580.83,48150.0,48494.73,48934.06,48200.01,48346.96,False,False,,,17054,2021-12-11 14:00:00+00:00,48346.96,-0.002169526274247602,-0.01318386926499615,,,,,
2021-12-12 00:00:00+00:00,2021-12-12,ASIA_OPEN,07:00,SHORT,HIGH_SWEEP,49499.05,48386.49,49379.51,49684.55,49200.0,49309.61,True,False,,,17065,2021-12-12 01:00:00+00:00,49309.61,0.0029791353044569258,0.0006191490867601956,,,,,
2021-12-12 07:00:00+00:00,2021-12-12,LONDON_OPEN,14:00,SHORT,HIGH_SWEEP,49329.99,48800.14,49147.21,49341.92,49063.51,49276.18,True,False,,,17072,2021-12-12 08:00:00+00:00,49276.19,0.00657416898506169,0.007437669186680207,,,,,
2021-12-13 07:00:00+00:00,2021-12-13,LONDON_OPEN,14:00,LONG,LOW_SWEEP,49329.45,48724.18,48922.0,48980.73,48555.72,48731.03,True,False,,,17096,2021-12-13 08:00:00+00:00,48731.02,0.005401898010753747,-0.0010467665154555439,,,,,
2021-12-15 00:00:00+00:00,2021-12-15,ASIA_OPEN,07:00,SHORT,HIGH_SWEEP,48657.92,47727.84,48324.0,48784.23,48058.0,48135.63,True,False,,,17137,2021-12-15 01:00:00+00:00,48135.62,0.001497851279364526,-0.0023795268451929363,,,,,
2021-12-15 07:00:00+00:00,2021-12-15,LONDON_OPEN,14:00,LONG,LOW_SWEEP,48431.21,48000.0,48050.09,48339.0,47913.77,48200.0,True,True,48339.0,48380.0,17144,2021-12-15 08:00:00+00:00,48199.99,0.007589213192782829,0.0009817429422702695,17146.0,2021-12-15 10:00:00+00:00,48491.41,-0.0050338812585570825,-0.018536891379318576
2021-12-15 13:00:00+00:00,2021-12-15,NEW_YORK_OPEN,20:00,LONG,LOW_SWEEP,48598.86,47506.24,47592.41,47798.91,47416.66,47647.58,False,False,,,17150,2021-12-15 14:00:00+00:00,47647.59,-0.005936291846030395,-0.013872055228816293,,,,,
2021-12-16 07:00:00+00:00,2021-12-16,LONDON_OPEN,14:00,SHORT,HIGH_SWEEP,48924.1,48503.13,48885.88,49028.38,48677.47,48718.17,False,False,,,17168,2021-12-16 08:00:00+00:00,48718.16,-0.0009819746886992053,-0.008617525785046043,,,,,
2021-12-16 13:00:00+00:00,2021-12-16,NEW_YORK_OPEN,20:00,LONG,LOW_SWEEP,49439.79,48620.76,48685.12,49282.58,48400.0,49006.71,False,False,,,17174,2021-12-16 14:00:00+00:00,49006.71,-0.009479722266603874,-0.010274919495718016,,,,,
2021-12-17 00:00:00+00:00,2021-12-17,ASIA_OPEN,07:00,LONG,LOW_SWEEP,48165.3,47500.0,47629.1,47988.27,47358.66,47786.19,True,False,,,17185,2021-12-17 01:00:00+00:00,47786.18,0.0010829490869534997,-0.0005016094611455246,,,,,
2021-12-19 00:00:00+00:00,2021-12-19,ASIA_OPEN,07:00,LONG,LOW_SWEEP,47098.6,46626.12,46815.99,46881.23,46530.0,46648.65,False,False,,,17233,2021-12-19 01:00:00+00:00,46648.66,-0.0019406773956638368,0.02223643723099422,,,,,
2021-12-19 07:00:00+00:00,2021-12-19,LONDON_OPEN,14:00,LONG,LOW_SWEEP,48055.0,47429.07,47470.94,47732.98,47422.24,47507.85,False,False,,,17240,2021-12-19 08:00:00+00:00,47507.85,-0.0009507902378238509,-0.008019727266125543,,,,,
2021-12-20 00:00:00+00:00,2021-12-20,ASIA_OPEN,07:00,LONG,LOW_SWEEP,47549.79,46560.0,46668.65,46870.84,46200.0,46866.62,False,False,,,17257,2021-12-20 01:00:00+00:00,46866.61,-0.005570703748361661,-0.004055552556500253,,,,,
2021-12-20 07:00:00+00:00,2021-12-20,LONDON_OPEN,14:00,LONG,LOW_SWEEP,47027.6,46250.0,46545.19,46545.19,46069.65,46421.66,False,False,,,17264,2021-12-20 08:00:00+00:00,46421.66,-0.003238143573495833,-0.011673645449128744,,,,,
2021-12-20 13:00:00+00:00,2021-12-20,NEW_YORK_OPEN,20:00,LONG,LOW_SWEEP,46145.96,45622.0,45711.83,45978.51,45550.0,45703.07,True,False,,,17270,2021-12-20 14:00:00+00:00,45700.93,0.012716152603459152,0.015111289857777432,,,,,
2021-12-22 13:00:00+00:00,2021-12-22,NEW_YORK_OPEN,20:00,LONG,LOW_SWEEP,49229.75,48507.0,48576.35,48780.0,48420.02,48558.33,True,False,,,17318,2021-12-22 14:00:00+00:00,48561.67,0.004647698483186469,0.008674948781621561,,,,,
2021-12-23 13:00:00+00:00,2021-12-23,NEW_YORK_OPEN,20:00,SHORT,HIGH_SWEEP,48775.0,48200.66,48591.55,48850.0,48555.0,48589.22,True,False,,,17342,2021-12-23 14:00:00+00:00,48589.23,0.00024244055730060499,-0.009719026212187343,,,,,
2021-12-24 00:00:00+00:00,2021-12-24,ASIA_OPEN,07:00,SHORT,HIGH_SWEEP,50980.0,50533.87,50817.94,50983.95,50633.19,50859.27,False,False,,,17353,2021-12-24 01:00:00+00:00,50861.53,-0.008806656032565252,-0.003311933400351963,,,,,
2021-12-25 07:00:00+00:00,2021-12-25,LONDON_OPEN,14:00,SHORT,HIGH_SWEEP,51030.0,50650.0,50947.07,51077.0,50817.44,50916.29,True,False,,,17384,2021-12-25 08:00:00+00:00,50916.3,0.0007433768753818404,0.0052692359814048295,,,,,
2021-12-26 00:00:00+00:00,2021-12-26,ASIA_OPEN,07:00,LONG,LOW_SWEEP,51080.0,50341.41,50403.64,50571.41,50254.01,50383.36,True,False,,,17401,2021-12-26 01:00:00+00:00,50382.92,0.0029615194990684213,-0.014097039234724829,,,,,
2021-12-29 00:00:00+00:00,2021-12-29,ASIA_OPEN,07:00,SHORT,HIGH_SWEEP,47824.97,47294.52,47522.02,47833.0,47420.0,47751.63,True,False,,,17473,2021-12-29 01:00:00+00:00,47751.62,0.0007065728869514176,-0.004770728197284191,,,,,
2021-12-29 13:00:00+00:00,2021-12-29,NEW_YORK_OPEN,20:00,LONG,LOW_SWEEP,47983.35,46596.9,46810.01,47450.0,46559.46,47386.82,True,True,47450.0,47715.0,17486,2021-12-29 14:00:00+00:00,47386.82,0.008883482791206543,0.00706926525139262,17488.0,2021-12-29 16:00:00+00:00,47941.37,-0.004579760653481646,-0.008887522404970927
2021-12-30 00:00:00+00:00,2021-12-30,ASIA_OPEN,07:00,LONG,LOW_SWEEP,47469.51,46000.0,46436.53,46840.08,45880.0,46670.92,False,False,,,17497,2021-12-30 01:00:00+00:00,46670.92,-0.0025174134128918,-0.003750515310176006,,,,,
2021-12-31 00:00:00+00:00,2021-12-31,ASIA_OPEN,07:00,SHORT,HIGH_SWEEP,47321.26,46700.0,47095.02,47369.95,46815.41,47040.0,False,False,,,17521,2021-12-31 01:00:00+00:00,47039.53,-0.001524675097731576,-0.003096331957398446,,,,,
2021-12-31 07:00:00+00:00,2021-12-31,LONDON_OPEN,14:00,LONG,LOW_SWEEP,47545.0,47114.03,47367.18,47435.98,46828.7,47168.94,True,True,47435.98,48203.41,17528,2021-12-31 08:00:00+00:00,47168.94,0.02666097648155752,0.017873838165538558,17530.0,2021-12-31 10:00:00+00:00,48279.0,-0.005529733424470273,-0.006234801880734886
2022-01-05 00:00:00+00:00,2022-01-05,ASIA_OPEN,07:00,LONG,LOW_SWEEP,46338.17,45750.0,45833.41,46296.74,45710.23,46260.08,False,False,,,17641,2022-01-05 01:00:00+00:00,46260.08,-0.0031988703867352752,0.0032356191342512997,,,,,
2022-01-06 07:00:00+00:00,2022-01-06,LONDON_OPEN,14:00,SHORT,HIGH_SWEEP,43247.08,42566.73,43094.35,43258.82,42982.81,43222.22,True,False,,,17672,2022-01-06 08:00:00+00:00,43222.22,0.0039845246264537115,0.008047712496026427,,,,,
2022-01-08 00:00:00+00:00,2022-01-08,ASIA_OPEN,07:00,SHORT,HIGH_SWEEP,42025.0,41300.0,41553.87,42126.99,41553.86,41992.23,True,False,,,17713,2022-01-08 01:00:00+00:00,41985.7,0.0025172856472559513,0.004517490478901154,,,,,
2022-01-08 13:00:00+00:00,2022-01-08,NEW_YORK_OPEN,20:00,LONG,LOW_SWEEP,42191.84,41747.64,41851.24,42028.11,41560.0,41884.04,False,False,,,17726,2022-01-08 14:00:00+00:00,41884.03,-0.003510168434126215,-0.012939776807532666,,,,,
2022-01-12 07:00:00+00:00,2022-01-12,LONDON_OPEN,14:00,LONG,LOW_SWEEP,42864.0,42503.0,42661.99,42661.99,42450.0,42550.09,True,False,,,17816,2022-01-12 08:00:00+00:00,42550.1,0.0010361902792239697,0.004442762766714958,,,,,
2022-01-14 00:00:00+00:00,2022-01-14,ASIA_OPEN,07:00,LONG,LOW_SWEEP,42862.05,42450.04,42538.72,42764.51,42350.0,42732.33,False,False,,,17857,2022-01-14 01:00:00+00:00,42732.33,-0.003654609987332691,-0.0028212830894081,,,,,
2022-01-14 07:00:00+00:00,2022-01-14,LONDON_OPEN,14:00,LONG,LOW_SWEEP,42950.7,42593.3,42781.41,42858.04,42557.83,42635.62,False,False,,,17864,2022-01-14 08:00:00+00:00,42635.64,-0.0030472158973102736,-0.013507244174122857,,,,,
2022-01-15 00:00:00+00:00,2022-01-15,ASIA_OPEN,07:00,LONG,LOW_SWEEP,43450.0,42984.0,43042.4,43161.54,42895.04,43082.04,False,False,,,17881,2022-01-15 01:00:00+00:00,43082.05,-0.0026971789875366303,-0.0038015832579927356,,,,,
2022-01-16 00:00:00+00:00,2022-01-16,ASIA_OPEN,07:00,LONG,LOW_SWEEP,43514.36,43058.57,43070.51,43101.79,42973.01,43060.0,False,False,,,17905,2022-01-16 01:00:00+00:00,43060.0,-0.0018671620993961913,-0.0021711565257779286,,,,,
2022-01-16 07:00:00+00:00,2022-01-16,LONDON_OPEN,14:00,SHORT,HIGH_SWEEP,43200.0,42835.0,43171.67,43229.83,43091.62,43173.02,True,False,,,17912,2022-01-16 08:00:00+00:00,43173.02,0.002527041193782553,0.006221941388394825,,,,,
2022-01-17 07:00:00+00:00,2022-01-17,LONDON_OPEN,14:00,SHORT,HIGH_SWEEP,42850.0,42222.0,42730.98,42951.92,42633.41,42639.51,False,False,,,17936,2022-01-17 08:00:00+00:00,42638.1,-0.0030937119618370534,-0.0032220009803440863,,,,,
2022-01-18 00:00:00+00:00,2022-01-18,ASIA_OPEN,07:00,SHORT,HIGH_SWEEP,42368.0,41523.68,42176.34,42398.0,42111.14,42338.0,True,False,,,17953,2022-01-18 01:00:00+00:00,42337.99,0.0023468284630423497,0.00734116097622961,,,,,
2022-01-18 13:00:00+00:00,2022-01-18,NEW_YORK_OPEN,20:00,LONG,LOW_SWEEP,42035.0,41600.0,41793.31,41833.0,41389.41,41640.32,False,False,,,17966,2022-01-18 14:00:00+00:00,41640.32,-0.004774458985905894,0.001268722238445763,,,,,
2022-01-19 13:00:00+00:00,2022-01-19,NEW_YORK_OPEN,20:00,SHORT,HIGH_SWEEP,42269.28,41296.04,42075.64,42338.38,42000.0,42171.24,False,False,,,17990,2022-01-19 14:00:00+00:00,42171.24,-0.007226488953134824,0.006329194967944929,,,,,
2022-01-21 00:00:00+00:00,2022-01-21,ASIA_OPEN,07:00,LONG,LOW_SWEEP,42726.0,40550.0,40662.06,41095.76,40255.0,40884.57,False,False,,,18025,2022-01-21 01:00:00+00:00,40884.57,-0.027733690240596798,-0.05959852335489879,,,,,
2022-01-22 07:00:00+00:00,2022-01-22,LONDON_OPEN,14:00,LONG,LOW_SWEEP,36411.75,35356.23,35706.42,35881.1,35101.0,35374.14,True,False,,,18056,2022-01-22 08:00:00+00:00,35377.17,0.00582494303529657,0.0023913727412339103,,,,,
2022-01-22 13:00:00+00:00,2022-01-22,NEW_YORK_OPEN,20:00,SHORT,HIGH_SWEEP,35930.16,33950.0,35744.45,36181.08,35500.0,35572.97,True,True,35311.67,35500.0,18062,2022-01-22 14:00:00+00:00,35572.97,0.01588144031830918,0.013716313256947665,18064.0,2022-01-22 16:00:00+00:00,34829.93,-0.007324447680486346,0.012933703857573198
2022-01-24 13:00:00+00:00,2022-01-24,NEW_YORK_OPEN,20:00,LONG,LOW_SWEEP,34584.37,32950.0,33080.0,33766.81,32853.83,33319.31,True,False,,,18110,2022-01-24 14:00:00+00:00,33319.32,0.00870936141553913,0.031971540835767254,,,,,
2022-01-25 07:00:00+00:00,2022-01-25,LONDON_OPEN,14:00,LONG,LOW_SWEEP,36480.0,35810.0,35835.89,36100.0,35693.0,36035.0,True,False,,,18128,2022-01-25 08:00:00+00:00,36033.41,0.0007176672982101007,0.010452521701387774,,,,,
2022-01-26 07:00:00+00:00,2022-01-26,LONDON_OPEN,14:00,LONG,LOW_SWEEP,37973.78,37175.74,37283.99,37360.0,37125.0,37321.95,True,True,37360.0,37541.0,18152,2022-01-26 08:00:00+00:00,37321.96,0.006695789824542997,0.01577275148464863,18154.0,2022-01-26 10:00:00+00:00,37620.0,0.007725412014885524,0.003123338649654528
2022-01-26 13:00:00+00:00,2022-01-26,NEW_YORK_OPEN,20:00,SHORT,HIGH_SWEEP,38239.99,37538.0,37736.7,38260.0,37566.0,38170.01,False,False,,,18158,2022-01-26 14:00:00+00:00,38170.01,-0.0008349486940137929,-0.0017013356821231618,,,,,
2022-01-28 00:00:00+00:00,2022-01-28,ASIA_OPEN,07:00,SHORT,HIGH_SWEEP,37200.0,35513.13,37131.0,37451.0,37038.13,37129.08,True,True,36974.0,37038.13,18193,2022-01-28 01:00:00+00:00,37129.08,0.007172545077874348,-0.005730279338997724,18195.0,2022-01-28 03:00:00+00:00,36928.65,-0.011188873679378819,-0.00724126118880597
2022-01-29 00:00:00+00:00,2022-01-29,ASIA_OPEN,07:00,LONG,LOW_SWEEP,38000.0,37631.55,37696.22,37979.0,37620.01,37771.58,False,False,,,18217,2022-01-29 01:00:00+00:00,37771.57,-0.0066600355770225494,-0.0014976872817307196,,,,,
2022-01-29 07:00:00+00:00,2022-01-29,LONDON_OPEN,14:00,SHORT,HIGH_SWEEP,37900.0,37575.06,37729.08,37939.0,37633.69,37822.15,True,False,,,18224,2022-01-29 08:00:00+00:00,37822.15,0.0014422765495880618,0.002169363719407902,,,,,
2022-01-30 13:00:00+00:00,2022-01-30,NEW_YORK_OPEN,20:00,LONG,LOW_SWEEP,38277.5,37830.0,37921.36,37994.0,37815.0,37945.42,False,False,,,18254,2022-01-30 14:00:00+00:00,37945.4,-0.0031600668328705117,-0.003245716213296057,,,,,
2022-01-31 13:00:00+00:00,2022-01-31,NEW_YORK_OPEN,20:00,LONG,LOW_SWEEP,37400.0,36820.0,37063.91,37325.61,36800.0,37225.71,True,True,37325.61,37482.37,18278,2022-01-31 14:00:00+00:00,37225.71,0.006939558708215499,0.02898292604761621,18280.0,2022-01-31 16:00:00+00:00,37694.46,0.016186994056951676,0.019949085356309793
2022-02-01 00:00:00+00:00,2022-02-01,ASIA_OPEN,07:00,LONG,LOW_SWEEP,38725.6,38314.42,38439.04,38611.57,38250.63,38326.19,False,False,,,18289,2022-02-01 01:00:00+00:00,38326.18,-0.0026864143517564276,0.006364578990131653,,,,,
2022-02-02 00:00:00+00:00,2022-02-02,ASIA_OPEN,07:00,LONG,LOW_SWEEP,38884.6,38448.01,38680.51,38834.18,38400.01,38539.88,False,False,,,18313,2022-02-02 01:00:00+00:00,38539.88,-0.0029805489793947038,1.06383309963487e-05,,,,,
2022-02-03 07:00:00+00:00,2022-02-03,LONDON_OPEN,14:00,SHORT,HIGH_SWEEP,37063.04,36764.0,36907.86,37074.0,36896.1,36995.5,False,False,,,18344,2022-02-03 08:00:00+00:00,36995.5,-0.0014726115338352663,0.0171391115135624,,,,,
2022-02-04 07:00:00+00:00,2022-02-04,LONDON_OPEN,14:00,SHORT,HIGH_SWEEP,38000.0,37226.41,37969.51,38198.0,37822.91,37858.99,False,False,,,18368,2022-02-04 08:00:00+00:00,37859.0,-0.0019818273065850267,-0.00037190628384276003,,,,,
2022-02-05 00:00:00+00:00,2022-02-05,ASIA_OPEN,07:00,SHORT,HIGH_SWEEP,41741.76,40357.04,41550.0,41922.0,41349.12,41465.14,True,False,,,18385,2022-02-05 01:00:00+00:00,41465.14,0.004891337639279625,0.0008797751557090283,,,,,
2022-02-06 00:00:00+00:00,2022-02-06,ASIA_OPEN,07:00,LONG,LOW_SWEEP,41765.0,41316.72,41374.68,41522.5,41313.01,41462.87,True,False,,,18409,2022-02-06 01:00:00+00:00,41462.86,0.0031076003922545503,-0.0008151873749182581,,,,,
2022-02-06 13:00:00+00:00,2022-02-06,NEW_YORK_OPEN,20:00,SHORT,HIGH_SWEEP,41685.0,41438.81,41604.12,41835.0,41463.74,41679.99,True,False,,,18422,2022-02-06 14:00:00+00:00,41679.99,0.009116844797707468,0.0014680905633613905,,,,,
2022-02-07 07:00:00+00:00,2022-02-07,LONDON_OPEN,14:00,LONG,LOW_SWEEP,43092.0,42650.98,42740.52,42760.39,42540.65,42712.8,False,False,,,18440,2022-02-07 08:00:00+00:00,42712.79,-0.0030005064056926045,-0.004185865638840269,,,,,
2022-02-07 13:00:00+00:00,2022-02-07,NEW_YORK_OPEN,20:00,SHORT,HIGH_SWEEP,42780.0,42330.0,42611.63,42913.09,42581.42,42775.74,False,False,,,18446,2022-02-07 14:00:00+00:00,42775.74,-0.014052123937540406,-0.02339550408712987,,,,,
2022-02-08 00:00:00+00:00,2022-02-08,ASIA_OPEN,07:00,LONG,LOW_SWEEP,44250.0,43725.0,43829.99,43930.0,43550.0,43836.71,True,False,,,18457,2022-02-08 01:00:00+00:00,43836.71,0.00431829852194654,0.007425511631689474,,,,,
2022-02-09 07:00:00+00:00,2022-02-09,LONDON_OPEN,14:00,SHORT,HIGH_SWEEP,43832.31,43111.0,43679.26,43910.0,43402.7,43798.9,True,False,,,18488,2022-02-09 08:00:00+00:00,43798.9,0.00968951275032015,0.004562215032797634,,,,,
2022-02-09 13:00:00+00:00,2022-02-09,NEW_YORK_OPEN,20:00,SHORT,HIGH_SWEEP,44326.29,43334.79,44120.43,44436.44,43850.0,43928.29,False,False,,,18494,2022-02-09 14:00:00+00:00,43928.29,-0.0033342977839565524,-0.0032259393661806524,,,,,
2022-02-11 07:00:00+00:00,2022-02-11,LONDON_OPEN,14:00,SHORT,HIGH_SWEEP,43345.14,42777.0,43214.63,43399.0,43135.51,43330.46,True,False,,,18536,2022-02-11 08:00:00+00:00,43329.87,0.00839143990046598,-0.0020900131941314903,,,,,
2022-02-13 07:00:00+00:00,2022-02-13,LONDON_OPEN,14:00,SHORT,HIGH_SWEEP,42418.56,42101.83,42404.0,42438.0,42263.1,42385.69,False,False,,,18584,2022-02-13 08:00:00+00:00,42385.69,-0.0009102128572164858,-0.003926325134733011,,,,,
2022-02-14 00:00:00+00:00,2022-02-14,ASIA_OPEN,07:00,LONG,LOW_SWEEP,42477.0,41980.0,42041.12,42169.02,41920.0,42099.98,False,False,,,18601,2022-02-14 01:00:00+00:00,42099.97,-0.01036105251381425,-0.0049173431715034965,,,,,
2022-02-14 13:00:00+00:00,2022-02-14,NEW_YORK_OPEN,20:00,SHORT,HIGH_SWEEP,42570.0,41906.44,42500.07,42670.57,42366.0,42465.61,False,False,,,18614,2022-02-14 14:00:00+00:00,42465.61,-0.0008098317673994604,-0.0037526836421282184,,,,,
2022-02-17 00:00:00+00:00,2022-02-17,ASIA_OPEN,07:00,LONG,LOW_SWEEP,44157.0,43820.0,43860.8,44090.4,43810.0,44050.2,False,False,,,18673,2022-02-17 01:00:00+00:00,44050.1,-0.0010942086397078832,-0.010801337567905578,,,,,
2022-02-18 07:00:00+00:00,2022-02-18,LONDON_OPEN,14:00,SHORT,HIGH_SWEEP,40756.8,40467.0,40690.0,40759.0,40530.1,40637.0,False,False,,,18704,2022-02-18 08:00:00+00:00,40637.1,-0.004928993456718267,-0.003260567314104623,,,,,
2022-02-20 07:00:00+00:00,2022-02-20,LONDON_OPEN,14:00,LONG,LOW_SWEEP,39828.5,38666.0,38782.8,38872.9,38553.5,38770.4,False,False,,,18752,2022-02-20 08:00:00+00:00,38770.3,-0.016195386674851653,-0.015568618246441401,,,,,
2022-02-21 13:00:00+00:00,2022-02-21,NEW_YORK_OPEN,20:00,LONG,LOW_SWEEP,38974.7,37314.5,37523.6,37694.2,37171.2,37538.5,True,True,37694.2,38601.0,18782,2022-02-21 14:00:00+00:00,37538.4,0.02968426997421303,0.030390213754448725,18784.0,2022-02-21 16:00:00+00:00,38804.5,-0.003229006945070889,-0.027911711270599993
2022-02-22 07:00:00+00:00,2022-02-22,LONDON_OPEN,14:00,LONG,LOW_SWEEP,37250.0,36534.1,36842.3,36968.8,36500.0,36748.6,True,True,36968.8,36977.0,18800,2022-02-22 08:00:00+00:00,36748.7,0.009047939110771175,0.02541042268161875,18802.0,2022-02-22 10:00:00+00:00,37112.6,0.015355970748478942,0.013717713121689012
2022-02-22 13:00:00+00:00,2022-02-22,NEW_YORK_OPEN,20:00,SHORT,HIGH_SWEEP,37868.0,37062.2,37621.7,37960.0,37308.9,37824.9,False,False,,,18806,2022-02-22 14:00:00+00:00,37824.9,-0.007902201988637225,0.003608733929237107,,,,,
2022-02-23 07:00:00+00:00,2022-02-23,LONDON_OPEN,14:00,SHORT,HIGH_SWEEP,38131.3,37687.7,37966.6,38190.0,37932.5,38121.6,False,False,,,18824,2022-02-23 08:00:00+00:00,38121.5,-0.01379274162873978,-0.019046994478181478,,,,,
2022-02-23 13:00:00+00:00,2022-02-23,NEW_YORK_OPEN,20:00,SHORT,HIGH_SWEEP,39148.0,38717.2,38995.0,39250.0,38864.1,38935.4,True,True,38656.3,38864.1,18830,2022-02-23 14:00:00+00:00,38935.3,0.0075766720687910905,0.007943948036871484,18832.0,2022-02-23 16:00:00+00:00,38505.0,-0.0031424490325930865,0.01927801584209854
2022-02-24 13:00:00+00:00,2022-02-24,NEW_YORK_OPEN,20:00,SHORT,HIGH_SWEEP,35618.0,34763.2,35244.6,35671.2,35120.0,35449.1,False,False,,,18854,2022-02-24 14:00:00+00:00,35449.2,-0.004806878575539075,-0.01891721110772626,,,,,
2022-02-25 00:00:00+00:00,2022-02-25,ASIA_OPEN,07:00,SHORT,HIGH_SWEEP,38709.1,37738.7,38316.2,38778.5,38203.9,38211.9,False,False,,,18865,2022-02-25 01:00:00+00:00,38212.0,-0.008787815345964622,-0.01798911336752851,,,,,
2022-02-25 13:00:00+00:00,2022-02-25,NEW_YORK_OPEN,20:00,SHORT,HIGH_SWEEP,39588.6,38328.5,39338.1,39750.0,39209.1,39340.2,True,False,,,18878,2022-02-25 14:00:00+00:00,39340.3,0.008904355076092552,-0.0005134683772110016,,,,,
2022-02-26 13:00:00+00:00,2022-02-26,NEW_YORK_OPEN,20:00,SHORT,HIGH_SWEEP,39169.6,38745.0,38976.5,39238.4,38895.1,39069.1,False,False,,,18902,2022-02-26 14:00:00+00:00,39069.2,-0.003020281961237936,-0.001535736590460024,,,,,
2022-02-27 13:00:00+00:00,2022-02-27,NEW_YORK_OPEN,20:00,LONG,LOW_SWEEP,39868.6,38966.5,39733.7,39790.3,38500.0,39029.9,False,False,,,18926,2022-02-27 14:00:00+00:00,39029.9,-0.006577008908554838,0.0010658495153714753,,,,,
2022-03-01 07:00:00+00:00,2022-03-01,LONDON_OPEN,14:00,SHORT,HIGH_SWEEP,43477.8,43023.2,43439.6,43555.0,43262.4,43471.7,False,False,,,18968,2022-03-01 08:00:00+00:00,43471.7,-0.00016102429856656997,-0.002258940874177995,,,,,
2022-03-01 13:00:00+00:00,2022-03-01,NEW_YORK_OPEN,20:00,SHORT,HIGH_SWEEP,44697.9,42765.4,44609.1,44935.0,44381.3,44389.5,True,True,44052.5,44381.3,18974,2022-03-01 14:00:00+00:00,44389.6,0.013352226647683207,0.022741813397732846,18976.0,2022-03-01 16:00:00+00:00,43626.0,0.005636547013249005,-0.0036446155962039928
2022-03-02 00:00:00+00:00,2022-03-02,ASIA_OPEN,07:00,SHORT,HIGH_SWEEP,44500.0,43705.0,44393.6,44744.0,43912.9,44259.0,True,False,,,18985,2022-03-02 01:00:00+00:00,44258.9,0.005594355033676779,-0.001357918972229255,,,,,
2022-03-02 07:00:00+00:00,2022-03-02,LONDON_OPEN,14:00,LONG,LOW_SWEEP,44525.0,43857.1,43920.1,43965.0,43646.0,43963.0,False,False,,,18992,2022-03-02 08:00:00+00:00,43962.8,-0.003020735712920941,0.003937419818573762,,,,,
2022-03-03 00:00:00+00:00,2022-03-03,ASIA_OPEN,07:00,LONG,LOW_SWEEP,44345.0,43740.0,43885.8,44048.7,43657.0,43961.0,False,False,,,19009,2022-03-03 01:00:00+00:00,43961.1,-0.0032073810709922768,-0.014749403449868193,,,,,
2022-03-03 07:00:00+00:00,2022-03-03,LONDON_OPEN,14:00,SHORT,HIGH_SWEEP,43509.0,42858.0,43430.0,43700.0,43326.2,43468.0,True,False,,,19016,2022-03-03 08:00:00+00:00,43468.0,0.0002530597220944397,0.0018105272844390896,,,,,
2022-03-05 07:00:00+00:00,2022-03-05,LONDON_OPEN,14:00,SHORT,HIGH_SWEEP,39087.8,38702.2,38972.1,39124.7,38933.0,39003.9,False,False,,,19064,2022-03-05 08:00:00+00:00,39004.0,-0.0016280381499333973,-0.00292790483027372,,,,,
2022-03-07 00:00:00+00:00,2022-03-07,ASIA_OPEN,07:00,LONG,LOW_SWEEP,39250.0,38111.0,38401.1,38524.0,37936.8,38391.5,False,False,,,19105,2022-03-07 01:00:00+00:00,38391.4,-0.002117661768000212,-0.014133373620133671,,,,,
2022-03-09 13:00:00+00:00,2022-03-09,NEW_YORK_OPEN,20:00,LONG,LOW_SWEEP,42647.5,41722.0,41910.1,42085.8,41642.9,41865.0,True,True,42085.8,42100.0,19166,2022-03-09 14:00:00+00:00,41865.0,0.008188224053505389,0.008799713364385564,19168.0,2022-03-09 16:00:00+00:00,42508.9,-0.006480995744420626,-0.011279990778401694
2022-03-13 00:00:00+00:00,2022-03-13,ASIA_OPEN,07:00,LONG,LOW_SWEEP,39163.5,38700.0,38792.7,38948.6,38667.5,38898.7,True,True,38948.6,38955.0,19249,2022-03-13 01:00:00+00:00,38898.8,0.001910084629859865,0.006995074398181922,19251.0,2022-03-13 03:00:00+00:00,39141.8,0.0007434507355308373,-0.0008788558523113998
2022-03-13 07:00:00+00:00,2022-03-13,LONDON_OPEN,14:00,LONG,LOW_SWEEP,39300.0,39055.0,39131.9,39184.1,39051.6,39075.4,False,False,,,19256,2022-03-13 08:00:00+00:00,39075.4,-0.0005067126632102292,-0.0024721435992977048,,,,,
2022-03-14 13:00:00+00:00,2022-03-14,NEW_YORK_OPEN,20:00,LONG,LOW_SWEEP,39169.9,38648.9,38832.3,38957.7,38602.9,38852.2,True,False,,,19286,2022-03-14 14:00:00+00:00,38853.9,0.006359721932675866,-0.0007618282849339852,,,,,
2022-03-15 13:00:00+00:00,2022-03-15,NEW_YORK_OPEN,20:00,LONG,LOW_SWEEP,38933.7,38532.4,38838.0,38912.1,38437.0,38709.7,True,False,,,19310,2022-03-15 14:00:00+00:00,38709.6,0.007824932316531363,0.011408022816045582,,,,,
2022-03-16 07:00:00+00:00,2022-03-16,LONDON_OPEN,14:00,SHORT,HIGH_SWEEP,39598.6,38900.2,39561.2,39659.9,39313.7,39561.0,False,False,,,19328,2022-03-16 08:00:00+00:00,39560.9,-0.01840453579165291,-0.018528395461175018,,,,,
2022-03-17 07:00:00+00:00,2022-03-17,LONDON_OPEN,14:00,LONG,LOW_SWEEP,41498.4,40569.9,40755.2,40917.8,40540.1,40720.6,True,False,,,19352,2022-03-17 08:00:00+00:00,40720.6,0.002247019935855521,-1.7190316449089416e-05,,,,,
2022-03-19 00:00:00+00:00,2022-03-19,ASIA_OPEN,07:00,SHORT,HIGH_SWEEP,41887.6,41622.0,41751.6,41988.0,41731.3,41854.0,True,False,,,19393,2022-03-19 01:00:00+00:00,41854.0,0.0034238065656807537,0.0016485879485831356,,,,,
2022-03-19 13:00:00+00:00,2022-03-19,NEW_YORK_OPEN,20:00,SHORT,HIGH_SWEEP,41848.0,41565.3,41836.3,41948.0,41671.1,41714.7,False,False,,,19406,2022-03-19 14:00:00+00:00,41714.8,-0.002056823956964715,-0.005712600803551737,,,,,
2022-03-21 13:00:00+00:00,2022-03-21,NEW_YORK_OPEN,20:00,SHORT,HIGH_SWEEP,41481.1,40890.9,41203.1,41544.4,41066.7,41085.0,True,False,,,19454,2022-03-21 14:00:00+00:00,41085.0,0.0016624072045759997,0.00770110746014363,,,,,
2022-03-22 00:00:00+00:00,2022-03-22,ASIA_OPEN,07:00,LONG,LOW_SWEEP,41350.0,40933.0,40982.0,41143.0,40852.0,41106.5,True,False,,,19465,2022-03-22 01:00:00+00:00,41106.5,0.001031467042925227,0.027331443932224753,,,,,
2022-03-23 07:00:00+00:00,2022-03-23,LONDON_OPEN,14:00,SHORT,HIGH_SWEEP,42238.6,41731.3,42207.2,42240.0,42012.0,42094.1,False,False,,,19496,2022-03-23 08:00:00+00:00,42094.2,-0.002724840951960239,-0.0011355483653330278,,,,,
2022-03-24 00:00:00+00:00,2022-03-24,ASIA_OPEN,07:00,SHORT,HIGH_SWEEP,43051.0,42221.6,42867.8,43296.0,42739.2,43030.1,True,False,,,19513,2022-03-24 01:00:00+00:00,43030.2,0.005128955942570457,0.007757342517580534,,,,,
2022-03-24 13:00:00+00:00,2022-03-24,NEW_YORK_OPEN,20:00,LONG,LOW_SWEEP,43089.3,42721.0,42799.5,43050.0,42525.0,42968.9,True,True,43050.0,43450.0,19526,2022-03-24 14:00:00+00:00,42968.4,0.013879967604099708,0.02342186350899733,19528.0,2022-03-24 16:00:00+00:00,43970.7,9.324391014930988e-05,3.411362566430043e-05
2022-03-25 07:00:00+00:00,2022-03-25,LONDON_OPEN,14:00,LONG,LOW_SWEEP,44195.0,43885.0,44083.6,44178.0,43880.0,43902.4,True,False,,,19544,2022-03-25 08:00:00+00:00,43902.4,0.0020613907212361227,0.006903950581289342,,,,,
2022-03-26 13:00:00+00:00,2022-03-26,NEW_YORK_OPEN,20:00,LONG,LOW_SWEEP,44477.6,44204.0,44330.8,44388.9,44118.3,44240.5,True,False,,,19574,2022-03-26 14:00:00+00:00,44240.6,0.00019665194414186793,0.0009244901741838341,,,,,
2022-03-28 00:00:00+00:00,2022-03-28,ASIA_OPEN,07:00,SHORT,HIGH_SWEEP,47047.0,45832.8,46820.9,47731.2,46651.2,46915.9,True,False,,,19609,2022-03-28 01:00:00+00:00,46916.0,0.0024938187398755307,-0.002702702702702675,,,,,
2022-03-31 07:00:00+00:00,2022-03-31,LONDON_OPEN,14:00,SHORT,HIGH_SWEEP,47154.9,46890.0,47100.0,47160.0,47032.8,47140.0,False,False,,,19688,2022-03-31 08:00:00+00:00,47140.0,-0.001764955451845518,-0.0026834959694526095,,,,,
2022-04-01 13:00:00+00:00,2022-04-01,NEW_YORK_OPEN,20:00,SHORT,HIGH_SWEEP,45419.1,44680.9,45219.2,45579.9,45216.6,45408.0,False,False,,,19718,2022-04-01 14:00:00+00:00,45407.9,-0.015169166598763661,-0.013424976711100989,,,,,
2022-04-02 13:00:00+00:00,2022-04-02,NEW_YORK_OPEN,20:00,SHORT,HIGH_SWEEP,46878.3,46222.0,46710.0,46947.8,46633.3,46726.1,True,True,46603.3,46633.3,19742,2022-04-02 14:00:00+00:00,46726.1,0.002628081521890202,0.009104119539186883,19744.0,2022-04-02 16:00:00+00:00,46284.0,-0.00036081583268510187,0.009938639702705032
2022-04-03 13:00:00+00:00,2022-04-03,NEW_YORK_OPEN,20:00,SHORT,HIGH_SWEEP,46427.4,46068.5,46359.4,46665.3,46256.6,46416.2,False,False,,,19766,2022-04-03 14:00:00+00:00,46416.3,-0.004388544541464867,0.0030097185686925876,,,,,
2022-04-06 07:00:00+00:00,2022-04-06,LONDON_OPEN,14:00,SHORT,HIGH_SWEEP,45470.0,45100.3,45450.0,45485.8,45210.1,45255.0,False,False,,,19832,2022-04-06 08:00:00+00:00,45254.9,-0.0021036396058768947,0.004249263615652699,,,,,
2022-04-07 07:00:00+00:00,2022-04-07,LONDON_OPEN,14:00,SHORT,HIGH_SWEEP,43483.8,43200.0,43368.7,43523.0,43349.6,43416.6,False,False,,,19856,2022-04-07 08:00:00+00:00,43416.6,-0.001755089067315474,0.0006011525545528418,,,,,
2022-04-11 00:00:00+00:00,2022-04-11,ASIA_OPEN,07:00,LONG,LOW_SWEEP,43188.7,41838.0,42140.3,42373.1,41650.0,42286.4,False,False,,,19945,2022-04-11 01:00:00+00:00,42286.5,-0.003227980561172017,-0.004289785156019077,,,,,
2022-04-11 07:00:00+00:00,2022-04-11,LONDON_OPEN,14:00,SHORT,HIGH_SWEEP,42333.0,42072.7,42234.8,42337.3,42141.7,42282.6,True,False,,,19952,2022-04-11 08:00:00+00:00,42282.5,0.002424170756223032,0.01651747176727969,,,,,
2022-04-11 13:00:00+00:00,2022-04-11,NEW_YORK_OPEN,20:00,LONG,LOW_SWEEP,41632.5,40892.0,41133.5,41181.0,40666.0,41130.1,False,False,,,19958,2022-04-11 14:00:00+00:00,41130.0,-0.007979576951130496,-0.00909311937758328,,,,,
2022-04-12 07:00:00+00:00,2022-04-12,LONDON_OPEN,14:00,SHORT,HIGH_SWEEP,40163.7,39600.0,39908.7,40174.4,39836.2,40154.9,True,False,,,19976,2022-04-12 08:00:00+00:00,40154.9,2.4903560960187754e-05,0.000567801189892192,,,,,
2022-04-14 00:00:00+00:00,2022-04-14,ASIA_OPEN,07:00,LONG,LOW_SWEEP,41388.0,41047.6,41129.8,41249.0,41041.9,41172.3,True,True,41249.0,41316.3,20017,2022-04-14 01:00:00+00:00,41172.3,0.0066015257831113505,0.003196323741933238,20019.0,2022-04-14 03:00:00+00:00,41395.3,-0.0022079801330102677,-0.0025002838486495316
2022-04-18 13:00:00+00:00,2022-04-18,NEW_YORK_OPEN,20:00,SHORT,HIGH_SWEEP,39458.0,38895.1,39366.9,39600.0,39217.8,39312.4,False,False,,,20126,2022-04-18 14:00:00+00:00,39312.3,-0.0004248034330220918,-0.0032737845407162514,,,,,
2022-04-19 00:00:00+00:00,2022-04-19,ASIA_OPEN,07:00,SHORT,HIGH_SWEEP,41094.0,40649.7,40785.7,41306.0,40772.0,40860.0,True,True,40751.6,40772.0,20137,2022-04-19 01:00:00+00:00,40860.1,0.003159561528239041,0.00432940692754058,20139.0,2022-04-19 03:00:00+00:00,40590.6,-0.002281316363887065,-0.001510201869398431
2022-04-19 07:00:00+00:00,2022-04-19,LONDON_OPEN,14:00,LONG,LOW_SWEEP,40873.7,40625.3,40686.3,40730.9,40543.7,40671.6,True,False,,,20144,2022-04-19 08:00:00+00:00,40671.6,0.0009957808397014212,0.002630828391309903,,,,,
2022-04-20 00:00:00+00:00,2022-04-20,ASIA_OPEN,07:00,SHORT,HIGH_SWEEP,41524.5,41237.8,41472.9,41528.7,41245.2,41280.0,False,False,,,20161,2022-04-20 01:00:00+00:00,41280.0,-0.0013129844961239368,-0.0022432170542634466,,,,,
2022-04-20 07:00:00+00:00,2022-04-20,LONDON_OPEN,14:00,SHORT,HIGH_SWEEP,41450.6,41250.0,41449.2,41639.9,41268.0,41325.6,False,False,,,20168,2022-04-20 08:00:00+00:00,41325.6,-0.0029691038968582273,-0.011411812532667431,,,,,
2022-04-20 13:00:00+00:00,2022-04-20,NEW_YORK_OPEN,20:00,LONG,LOW_SWEEP,42166.8,41420.7,42076.2,42089.3,41392.1,41580.9,False,False,,,20174,2022-04-20 14:00:00+00:00,41580.9,-0.0010365336007637227,-0.005262031365362518,,,,,
2022-04-21 13:00:00+00:00,2022-04-21,NEW_YORK_OPEN,20:00,SHORT,HIGH_SWEEP,42760.0,41759.7,42636.8,42966.0,42574.4,42671.8,True,True,42563.2,42574.4,20198,2022-04-21 14:00:00+00:00,42671.8,0.004337759363326699,0.020310837602351084,20200.0,2022-04-21 16:00:00+00:00,42129.2,0.0076930015286309494,0.01610284553231478
2022-04-23 00:00:00+00:00,2022-04-23,ASIA_OPEN,07:00,SHORT,HIGH_SWEEP,39799.0,39404.0,39674.3,39845.0,39537.1,39544.9,False,False,,,20233,2022-04-23 01:00:00+00:00,39544.9,-0.0010924291122242913,0.0026855549008849566,,,,,
2022-04-23 13:00:00+00:00,2022-04-23,NEW_YORK_OPEN,20:00,SHORT,HIGH_SWEEP,39762.9,39496.3,39669.9,39779.9,39620.0,39681.0,False,False,,,20246,2022-04-23 14:00:00+00:00,39681.1,-0.00033517216004597117,-0.002945986880404039,,,,,
2022-04-24 13:00:00+00:00,2022-04-24,NEW_YORK_OPEN,20:00,LONG,LOW_SWEEP,39768.8,39505.1,39570.2,39625.0,39320.0,39564.6,True,False,,,20270,2022-04-24 14:00:00+00:00,39565.2,0.004162749082527117,-0.0026462648994570737,,,,,
2022-04-25 13:00:00+00:00,2022-04-25,NEW_YORK_OPEN,20:00,SHORT,HIGH_SWEEP,38998.8,38310.2,38782.3,39315.6,38604.1,38716.7,False,False,,,20294,2022-04-25 14:00:00+00:00,38716.6,-0.00855963591844322,-0.01900476798065953,,,,,
2022-04-26 00:00:00+00:00,2022-04-26,ASIA_OPEN,07:00,SHORT,HIGH_SWEEP,40650.0,40045.8,40411.0,40800.0,40366.1,40530.3,True,False,,,20305,2022-04-26 01:00:00+00:00,40530.2,0.0015099851468780567,0.0002516641911463058,,,,,
2022-04-26 07:00:00+00:00,2022-04-26,LONDON_OPEN,14:00,LONG,LOW_SWEEP,40687.9,40427.1,40509.2,40644.7,40354.2,40573.2,False,False,,,20312,2022-04-26 08:00:00+00:00,40573.1,-0.0017006341640151135,-0.00505507343535494,,,,,
2022-04-28 00:00:00+00:00,2022-04-28,ASIA_OPEN,07:00,SHORT,HIGH_SWEEP,39393.9,38950.1,39209.0,39450.0,39127.0,39356.8,True,False,,,20353,2022-04-28 01:00:00+00:00,39356.7,0.0036791702556361328,0.0006047254978185368,,,,,
2022-04-28 07:00:00+00:00,2022-04-28,LONDON_OPEN,14:00,SHORT,HIGH_SWEEP,39434.2,39200.5,39395.0,39646.0,39357.7,39365.0,False,False,,,20360,2022-04-28 08:00:00+00:00,39365.0,-0.0060713832084338115,-0.008510097802616468,,,,,
2022-04-30 00:00:00+00:00,2022-04-30,ASIA_OPEN,07:00,SHORT,HIGH_SWEEP,38645.5,38400.9,38572.2,38782.6,38530.0,38619.7,False,False,,,20401,2022-04-30 01:00:00+00:00,38619.8,-0.0017685228820447652,-0.0005618879434901025,,,,,
2022-05-01 00:00:00+00:00,2022-05-01,ASIA_OPEN,07:00,LONG,LOW_SWEEP,38360.0,37550.0,37614.4,37785.6,37437.7,37660.7,True,False,,,20425,2022-05-01 01:00:00+00:00,37660.7,0.0067284994702700995,0.009572312782290204,,,,,
2022-05-03 13:00:00+00:00,2022-05-03,NEW_YORK_OPEN,20:00,LONG,LOW_SWEEP,38612.9,38250.0,38442.5,38476.4,38126.0,38360.6,False,False,,,20486,2022-05-03 14:00:00+00:00,38360.7,-0.0022079889053118196,-0.00553691668817291,,,,,
2022-05-05 00:00:00+00:00,2022-05-05,ASIA_OPEN,07:00,LONG,LOW_SWEEP,39903.0,39608.1,39684.1,39743.7,39550.3,39657.5,False,False,,,20521,2022-05-05 01:00:00+00:00,39657.6,-0.0005950940046800524,0.0018609295570080064,,,,,
2022-05-05 07:00:00+00:00,2022-05-05,LONDON_OPEN,14:00,LONG,LOW_SWEEP,39845.0,39527.1,39542.2,39626.1,39515.8,39585.4,False,False,,,20528,2022-05-05 08:00:00+00:00,39585.4,-0.002536288631667216,-0.0017683287272580728,,,,,
2022-05-06 00:00:00+00:00,2022-05-06,ASIA_OPEN,07:00,SHORT,HIGH_SWEEP,36589.5,36180.0,36533.7,36679.3,36268.0,36351.5,True,False,,,20545,2022-05-06 01:00:00+00:00,36351.5,0.001609287099569534,-0.0024730753889110613,,,,,
2022-05-06 07:00:00+00:00,2022-05-06,LONDON_OPEN,14:00,LONG,LOW_SWEEP,36535.9,36259.8,36397.8,36437.0,35800.0,36359.3,False,False,,,20552,2022-05-06 08:00:00+00:00,36359.3,-0.004450030666157012,-0.011864914891100753,,,,,
2022-05-06 13:00:00+00:00,2022-05-06,NEW_YORK_OPEN,20:00,LONG,LOW_SWEEP,36404.4,35550.0,35813.5,36054.4,35200.0,35727.1,True,False,,,20558,2022-05-06 14:00:00+00:00,35728.8,0.011111484292783302,0.013210631199480627,,,,,
2022-05-10 00:00:00+00:00,2022-05-10,ASIA_OPEN,07:00,LONG,LOW_SWEEP,31532.3,30003.6,30056.0,31000.0,29701.4,30776.6,True,False,,,20641,2022-05-10 01:00:00+00:00,30776.6,0.0033791906838311903,-0.004409193998037408,,,,,
2022-05-10 13:00:00+00:00,2022-05-10,NEW_YORK_OPEN,20:00,SHORT,HIGH_SWEEP,32300.0,31231.0,32153.3,32387.4,31527.0,31809.8,True,False,,,20654,2022-05-10 14:00:00+00:00,31809.9,0.022995985526518492,0.019022379825148872,,,,,
2022-05-11 00:00:00+00:00,2022-05-11,ASIA_OPEN,07:00,SHORT,HIGH_SWEEP,31253.1,30129.6,31002.1,31347.5,30796.3,31031.9,True,False,,,20665,2022-05-11 01:00:00+00:00,31032.0,0.008687806135601939,-0.005091518432585707,,,,,
2022-05-11 07:00:00+00:00,2022-05-11,LONDON_OPEN,14:00,LONG,LOW_SWEEP,31908.8,30334.3,30487.5,30794.4,30188.0,30598.9,True,True,30794.4,31067.8,20672,2022-05-11 08:00:00+00:00,30598.9,0.026017275130805206,0.04039687701191874,20674.0,2022-05-11 10:00:00+00:00,31742.2,0.0029235528728317473,-0.07697954143065067
2022-05-13 13:00:00+00:00,2022-05-13,NEW_YORK_OPEN,20:00,SHORT,HIGH_SWEEP,30846.3,30160.6,30697.3,30876.1,30330.4,30740.9,True,False,,,20726,2022-05-13 14:00:00+00:00,30740.9,0.002036374992274159,0.026346008086946093,,,,,
2022-05-14 13:00:00+00:00,2022-05-14,NEW_YORK_OPEN,20:00,LONG,LOW_SWEEP,29495.0,28812.4,29091.4,29159.1,28752.0,28827.2,True,False,,,20750,2022-05-14 14:00:00+00:00,28827.9,0.0035451767211622798,0.017604473444128743,,,,,
2022-05-15 07:00:00+00:00,2022-05-15,LONDON_OPEN,14:00,SHORT,HIGH_SWEEP,30000.0,29448.0,29951.4,30050.0,29762.2,29811.6,True,False,,,20768,2022-05-15 08:00:00+00:00,29811.5,0.00784931989332971,-0.004072253995941244,,,,,
2022-05-16 07:00:00+00:00,2022-05-16,LONDON_OPEN,14:00,LONG,LOW_SWEEP,30461.3,29361.1,29557.4,29731.1,29280.0,29572.8,True,False,,,20792,2022-05-16 08:00:00+00:00,29572.7,0.00707747348060872,0.019920399557700197,,,,,
2022-05-16 13:00:00+00:00,2022-05-16,NEW_YORK_OPEN,20:00,LONG,LOW_SWEEP,30288.0,29417.3,29876.1,30082.0,29411.3,29507.0,False,False,,,20798,2022-05-16 14:00:00+00:00,29507.0,-0.0012674958484427679,-0.006825499034127547,,,,,
2022-05-17 00:00:00+00:00,2022-05-17,ASIA_OPEN,07:00,LONG,LOW_SWEEP,30257.0,29805.6,29866.4,30222.0,29793.0,30139.6,False,False,,,20809,2022-05-17 01:00:00+00:00,30139.6,-0.005298676823846327,0.006702146013882082,,,,,
2022-05-17 07:00:00+00:00,2022-05-17,LONDON_OPEN,14:00,SHORT,HIGH_SWEEP,30539.0,30223.0,30514.5,30576.4,30335.0,30394.3,False,False,,,20816,2022-05-17 08:00:00+00:00,30394.2,-0.005451698021333051,-0.0015068664416237887,,,,,
2022-05-17 13:00:00+00:00,2022-05-17,NEW_YORK_OPEN,20:00,SHORT,HIGH_SWEEP,30650.0,30258.3,30576.1,30739.3,30360.4,30502.4,True,True,30219.6,30360.4,20822,2022-05-17 14:00:00+00:00,30502.5,0.014743053848045307,0.01224489795918371,20824.0,2022-05-17 16:00:00+00:00,30130.7,5.642085978752043e-05,0.01001968092344363
2022-05-18 00:00:00+00:00,2022-05-18,ASIA_OPEN,07:00,SHORT,HIGH_SWEEP,30684.8,30070.3,30437.0,30700.0,30408.7,30490.5,True,True,30219.6,30408.7,20833,2022-05-18 01:00:00+00:00,30490.6,0.012308711537326267,0.022151089188143125,20835.0,2022-05-18 03:00:00+00:00,30204.8,0.01289861214111665,0.006187758237101271
2022-05-18 07:00:00+00:00,2022-05-18,LONDON_OPEN,14:00,LONG,LOW_SWEEP,30080.7,29710.3,29725.4,29899.0,29633.4,29893.7,False,False,,,20840,2022-05-18 08:00:00+00:00,29893.7,-0.001093875967177027,0.001548821323556382,,,,,
2022-05-19 13:00:00+00:00,2022-05-19,NEW_YORK_OPEN,20:00,SHORT,HIGH_SWEEP,29650.0,28925.4,29482.2,29773.9,29345.0,29507.6,False,False,,,20870,2022-05-19 14:00:00+00:00,29508.0,-0.011688355700149256,-0.021753422800596445,,,,,
2022-05-25 13:00:00+00:00,2022-05-25,NEW_YORK_OPEN,20:00,SHORT,HIGH_SWEEP,29849.9,29330.0,29555.0,29850.0,29473.1,29697.1,False,False,,,21014,2022-05-25 14:00:00+00:00,29697.1,-0.002373969175441415,0.004960080277198742,,,,,
2022-05-26 13:00:00+00:00,2022-05-26,NEW_YORK_OPEN,20:00,LONG,LOW_SWEEP,29250.0,28780.0,28936.7,28974.5,27952.1,28787.6,True,True,28974.5,29204.7,21038,2022-05-26 14:00:00+00:00,28787.0,0.015607739604682536,0.027380414770556083,21040.0,2022-05-26 16:00:00+00:00,29374.5,0.006832456722667635,0.0075201280021788275
2022-05-27 07:00:00+00:00,2022-05-27,LONDON_OPEN,14:00,SHORT,HIGH_SWEEP,29108.4,28617.8,28962.1,29236.5,28883.6,28977.0,True,False,,,21056,2022-05-27 08:00:00+00:00,28977.9,0.0015770639004206721,0.005110791327183839,,,,,
2022-05-27 13:00:00+00:00,2022-05-27,NEW_YORK_OPEN,20:00,SHORT,HIGH_SWEEP,29320.0,28770.3,29242.4,29369.8,29115.0,29306.2,True,True,28966.4,29115.0,21062,2022-05-27 14:00:00+00:00,29306.2,0.018016665415509392,0.01981491970982252,21064.0,2022-05-27 16:00:00+00:00,28835.6,0.0038181969509910596,0.01329259665136151
2022-05-30 13:00:00+00:00,2022-05-30,NEW_YORK_OPEN,20:00,LONG,LOW_SWEEP,30964.6,30351.2,30523.8,30559.2,30255.0,30508.7,False,False,,,21134,2022-05-30 14:00:00+00:00,30508.7,-0.0016290435187340524,0.0033203643550856476,,,,,
2022-06-01 00:00:00+00:00,2022-06-01,ASIA_OPEN,07:00,SHORT,HIGH_SWEEP,31932.3,31648.0,31797.9,31986.1,31680.0,31925.5,True,False,,,21169,2022-06-01 01:00:00+00:00,31925.5,0.0003320229910259709,0.009443861490031513,,,,,
2022-06-01 13:00:00+00:00,2022-06-01,NEW_YORK_OPEN,20:00,SHORT,HIGH_SWEEP,31826.7,31427.5,31709.2,31888.0,31634.4,31719.4,True,True,31220.0,31634.4,21182,2022-06-01 14:00:00+00:00,31719.5,0.017623228613313557,0.04129321080092685,21184.0,2022-06-01 16:00:00+00:00,30733.6,0.010538954108857967,0.018487908998620295
2022-06-02 07:00:00+00:00,2022-06-02,LONDON_OPEN,14:00,SHORT,HIGH_SWEEP,29967.0,29633.2,29898.6,30113.5,29884.6,29952.8,True,False,,,21200,2022-06-02 08:00:00+00:00,29952.8,0.001021607328864027,-0.002136695066905281,,,,,
2022-06-03 07:00:00+00:00,2022-06-03,LONDON_OPEN,14:00,LONG,LOW_SWEEP,30545.1,30340.6,30350.0,30476.6,30256.9,30424.3,True,False,,,21224,2022-06-03 08:00:00+00:00,30424.2,0.00015448228712666712,-0.02006954989777876,,,,,
2022-06-03 13:00:00+00:00,2022-06-03,NEW_YORK_OPEN,20:00,LONG,LOW_SWEEP,30260.0,29441.7,29520.2,29764.3,29417.7,29705.0,False,False,,,21230,2022-06-03 14:00:00+00:00,29704.9,-0.008170369198347793,-0.005948513544903444,,,,,
2022-06-06 13:00:00+00:00,2022-06-06,NEW_YORK_OPEN,20:00,LONG,LOW_SWEEP,31594.6,31313.5,31400.0,31524.9,31241.1,31437.1,True,False,,,21302,2022-06-06 14:00:00+00:00,31437.1,0.0017272585575642818,-0.004287927321540486,,,,,
2022-06-07 13:00:00+00:00,2022-06-07,NEW_YORK_OPEN,20:00,SHORT,HIGH_SWEEP,29640.0,29320.0,29490.5,29685.5,29407.6,29549.6,False,False,,,21326,2022-06-07 14:00:00+00:00,29549.6,-0.011590681430543981,-0.011797114004927334,,,,,
2022-06-09 00:00:00+00:00,2022-06-09,ASIA_OPEN,07:00,LONG,LOW_SWEEP,30515.8,30170.0,30192.6,30264.8,30055.3,30211.0,False,False,,,21361,2022-06-09 01:00:00+00:00,30210.9,-0.0044487254600161785,0.002386555845737659,,,,,
2022-06-09 13:00:00+00:00,2022-06-09,NEW_YORK_OPEN,20:00,LONG,LOW_SWEEP,30588.8,30001.3,30102.9,30249.0,29914.5,30157.9,False,False,,,21374,2022-06-09 14:00:00+00:00,30157.8,-0.0017242637062385713,0.005709965581043752,,,,,
2022-06-11 13:00:00+00:00,2022-06-11,NEW_YORK_OPEN,20:00,LONG,LOW_SWEEP,29119.2,28453.0,28457.0,28865.4,28320.0,28760.1,False,False,,,21422,2022-06-11 14:00:00+00:00,28760.0,-0.012141863699582811,-0.010438108484005615,,,,,
2022-06-12 07:00:00+00:00,2022-06-12,LONDON_OPEN,14:00,SHORT,HIGH_SWEEP,27644.2,27162.7,27466.0,27673.4,27381.9,27629.4,True,False,,,21440,2022-06-12 08:00:00+00:00,27629.5,0.0027470638267069747,0.007035957943502424,,,,,
2022-06-13 13:00:00+00:00,2022-06-13,NEW_YORK_OPEN,20:00,LONG,LOW_SWEEP,24357.6,23464.3,23668.8,23974.8,23330.0,23642.7,False,False,,,21470,2022-06-13 14:00:00+00:00,23642.7,-0.03607878964754452,0.0033879379258714426,,,,,
2022-06-15 07:00:00+00:00,2022-06-15,LONDON_OPEN,14:00,LONG,LOW_SWEEP,21481.7,20681.0,21321.4,21434.7,20617.2,20707.5,False,False,,,21512,2022-06-15 08:00:00+00:00,20707.5,-0.02183266932270911,-0.006799468791500618,,,,,
2022-06-15 13:00:00+00:00,2022-06-15,NEW_YORK_OPEN,20:00,SHORT,HIGH_SWEEP,21604.2,20189.7,21183.7,21794.7,21142.0,21547.0,True,False,,,21518,2022-06-15 14:00:00+00:00,21547.0,0.01599294565368725,0.038631828096718834,,,,,
2022-06-16 07:00:00+00:00,2022-06-16,LONDON_OPEN,14:00,LONG,LOW_SWEEP,22353.5,21700.4,21788.4,21928.7,21635.3,21748.9,True,False,,,21536,2022-06-16 08:00:00+00:00,21748.9,0.0011448854884614779,-0.023725337833177762,,,,,
2022-06-17 13:00:00+00:00,2022-06-17,NEW_YORK_OPEN,20:00,LONG,LOW_SWEEP,21214.0,20576.0,20645.0,20912.4,20560.0,20791.0,False,False,,,21566,2022-06-17 14:00:00+00:00,20791.0,-0.012288971189456932,-0.010879707565773722,,,,,
2022-06-18 00:00:00+00:00,2022-06-18,ASIA_OPEN,07:00,SHORT,HIGH_SWEEP,20672.1,20350.0,20457.3,20768.4,20429.5,20561.4,True,False,,,21577,2022-06-18 01:00:00+00:00,20561.4,0.008729950295213396,0.005417919013296801,,,,,
2022-06-18 07:00:00+00:00,2022-06-18,LONDON_OPEN,14:00,LONG,LOW_SWEEP,20532.5,19063.2,19419.3,19587.0,19000.0,19244.9,False,False,,,21584,2022-06-18 08:00:00+00:00,19245.0,-0.012855287087555234,0.007160301376980982,,,,,
2022-06-18 13:00:00+00:00,2022-06-18,NEW_YORK_OPEN,20:00,LONG,LOW_SWEEP,19529.5,19114.9,19147.4,19225.8,19081.8,19190.4,False,False,,,21590,2022-06-18 14:00:00+00:00,19190.4,-0.006247915624479017,-0.016893863598465897,,,,,
2022-06-21 07:00:00+00:00,2022-06-21,LONDON_OPEN,14:00,SHORT,HIGH_SWEEP,21250.6,20466.1,21179.9,21354.0,20941.4,21107.7,False,False,,,21656,2022-06-21 08:00:00+00:00,21107.8,-0.011275452676261954,-0.008494490188461157,,,,,
2022-06-22 00:00:00+00:00,2022-06-22,ASIA_OPEN,07:00,LONG,LOW_SWEEP,21056.7,20535.2,20713.1,20729.7,20444.0,20580.0,False,False,,,21673,2022-06-22 01:00:00+00:00,20579.9,-0.008498583569405138,-0.013163329267877999,,,,,
2022-06-24 07:00:00+00:00,2022-06-24,LONDON_OPEN,14:00,LONG,LOW_SWEEP,21168.9,20774.1,20834.4,20970.5,20732.5,20903.9,True,False,,,21728,2022-06-24 08:00:00+00:00,20903.8,0.006510777944680024,0.0038127039102937577,,,,,
2022-06-25 00:00:00+00:00,2022-06-25,ASIA_OPEN,07:00,LONG,LOW_SWEEP,21563.5,21173.0,21231.2,21296.2,21110.0,21183.4,True,False,,,21745,2022-06-25 01:00:00+00:00,21183.3,0.006448475922070873,0.005273021672732803,,,,,
2022-06-26 13:00:00+00:00,2022-06-26,NEW_YORK_OPEN,20:00,LONG,LOW_SWEEP,21888.0,21364.4,21447.3,21476.4,21267.1,21395.1,True,False,,,21782,2022-06-26 14:00:00+00:00,21395.0,0.0003739191399860786,-0.0023743865389109775,,,,,
2022-06-28 07:00:00+00:00,2022-06-28,LONDON_OPEN,14:00,SHORT,HIGH_SWEEP,20887.4,20691.9,20848.1,20920.0,20811.7,20868.2,False,False,,,21824,2022-06-28 08:00:00+00:00,20868.3,-0.011198803927488177,-0.006986673567084933,,,,,
2022-06-29 00:00:00+00:00,2022-06-29,ASIA_OPEN,07:00,LONG,LOW_SWEEP,20450.0,20200.0,20268.7,20382.0,20140.5,20283.2,True,False,,,21841,2022-06-29 01:00:00+00:00,20283.2,0.0030517867003232446,-0.000359903762719882,,,,,
2022-06-29 07:00:00+00:00,2022-06-29,LONDON_OPEN,14:00,LONG,LOW_SWEEP,20366.0,19901.1,19938.0,20128.9,19887.1,20080.6,False,False,,,21848,2022-06-29 08:00:00+00:00,20080.5,-0.004716018027439595,0.0003236971190956339,,,,,
2022-06-30 07:00:00+00:00,2022-06-30,LONDON_OPEN,14:00,LONG,LOW_SWEEP,20077.0,19315.0,19406.1,19461.4,19300.0,19423.5,False,False,,,21872,2022-06-30 08:00:00+00:00,19423.1,-0.010147710715591174,-0.016990078823668764,,,,,
2022-07-01 13:00:00+00:00,2022-07-01,NEW_YORK_OPEN,20:00,SHORT,HIGH_SWEEP,19490.0,18948.8,19275.0,19666.0,19192.0,19440.4,True,False,,,21902,2022-07-01 14:00:00+00:00,19440.4,0.00207300261311516,0.0054268430690727065,,,,,
2022-07-02 07:00:00+00:00,2022-07-02,LONDON_OPEN,14:00,LONG,LOW_SWEEP,19296.2,19104.4,19209.3,19267.5,19096.7,19119.9,False,False,,,21920,2022-07-02 08:00:00+00:00,19120.0,-0.000831589958159018,0.005894351464435177,,,,,
2022-07-03 00:00:00+00:00,2022-07-03,ASIA_OPEN,07:00,LONG,LOW_SWEEP,19375.3,19183.4,19241.0,19282.0,19150.1,19237.2,False,False,,,21937,2022-07-03 01:00:00+00:00,19237.3,-0.002895416716483079,0.0008992945995538459,,,,,
2022-07-05 07:00:00+00:00,2022-07-05,LONDON_OPEN,14:00,LONG,LOW_SWEEP,20448.6,20167.9,20377.4,20390.6,20159.0,20207.7,False,False,,,21992,2022-07-05 08:00:00+00:00,20207.8,-0.015988875582695683,-0.023550312255663508,,,,,
2022-07-05 13:00:00+00:00,2022-07-05,NEW_YORK_OPEN,20:00,LONG,LOW_SWEEP,19819.7,19328.4,19364.4,19530.0,19291.6,19394.1,True,False,,,21998,2022-07-05 14:00:00+00:00,19394.2,0.00305245898258244,0.007481618215755104,,,,,
2022-07-06 00:00:00+00:00,2022-07-06,ASIA_OPEN,07:00,LONG,LOW_SWEEP,20494.1,20102.0,20170.1,20396.7,20100.2,20254.4,False,False,,,22009,2022-07-06 01:00:00+00:00,20254.3,-0.01896881156100194,-0.015497943646534229,,,,,
2022-07-07 13:00:00+00:00,2022-07-07,NEW_YORK_OPEN,20:00,LONG,LOW_SWEEP,20579.0,20376.7,20422.2,20548.8,20367.9,20532.5,True,True,20548.8,20822.0,22046,2022-07-07 14:00:00+00:00,20532.6,0.01831721262772379,0.0269035582439634,22048.0,2022-07-07 16:00:00+00:00,20882.0,0.009721291064074267,0.02208121827411169
2022-07-08 07:00:00+00:00,2022-07-08,LONDON_OPEN,14:00,LONG,LOW_SWEEP,22243.7,21724.5,21822.9,21849.6,21707.0,21791.3,False,False,,,22064,2022-07-08 08:00:00+00:00,21791.3,-0.016511176478686385,-0.011995612928095034,,,,,
2022-07-11 00:00:00+00:00,2022-07-11,ASIA_OPEN,07:00,LONG,LOW_SWEEP,21170.0,20670.7,20853.8,20853.9,20666.0,20804.1,False,False,,,22129,2022-07-11 01:00:00+00:00,20804.1,-0.012449469095034194,-0.012694613081075334,,,,,
2022-07-12 13:00:00+00:00,2022-07-12,NEW_YORK_OPEN,20:00,SHORT,HIGH_SWEEP,19959.4,19578.0,19861.9,19999.5,19755.1,19778.0,False,False,,,22166,2022-07-12 14:00:00+00:00,19777.3,-0.006583305102314307,-0.005850141323638702,,,,,
2022-07-14 00:00:00+00:00,2022-07-14,ASIA_OPEN,07:00,SHORT,HIGH_SWEEP,20401.6,19641.7,20220.1,20433.5,20153.3,20295.1,True,False,,,22201,2022-07-14 01:00:00+00:00,20295.0,0.0013353042621334632,0.003927075634392763,,,,,
2022-07-15 13:00:00+00:00,2022-07-15,NEW_YORK_OPEN,20:00,SHORT,HIGH_SWEEP,21030.0,20751.2,20975.6,21090.0,20781.4,20851.6,False,False,,,22238,2022-07-15 14:00:00+00:00,20851.7,-0.0013619992614510856,0.0051122930024891655,,,,,
2022-07-17 07:00:00+00:00,2022-07-17,LONDON_OPEN,14:00,SHORT,HIGH_SWEEP,21600.0,21222.0,21566.4,21674.1,21460.0,21460.0,True,False,,,22280,2022-07-17 08:00:00+00:00,21460.0,0.0005545200372787384,0.003830382106244201,,,,,
2022-07-18 07:00:00+00:00,2022-07-18,LONDON_OPEN,14:00,SHORT,HIGH_SWEEP,22357.0,21158.7,22190.3,22401.4,22106.0,22243.4,False,False,,,22304,2022-07-18 08:00:00+00:00,22243.3,-0.0017893028462503402,0.0019556450706504913,,,,,
2022-07-19 00:00:00+00:00,2022-07-19,ASIA_OPEN,07:00,SHORT,HIGH_SWEEP,22650.0,21440.0,22423.5,22950.0,22181.5,22337.9,True,True,22166.2,22181.5,22321,2022-07-19 01:00:00+00:00,22337.9,0.012740678398596161,0.019697464846740287,22323.0,2022-07-19 03:00:00+00:00,22094.4,0.008893656311101505,0.004725179230936405
2022-07-20 07:00:00+00:00,2022-07-20,LONDON_OPEN,14:00,SHORT,HIGH_SWEEP,23810.8,23300.0,23775.9,23861.0,23365.0,23376.7,True,False,,,22352,2022-07-20 08:00:00+00:00,23377.0,0.0007485990503486306,-0.013864054412456639,,,,,
2022-07-20 13:00:00+00:00,2022-07-20,NEW_YORK_OPEN,20:00,SHORT,HIGH_SWEEP,23975.7,23492.5,23796.0,24078.6,23754.8,23770.4,False,False,,,22358,2022-07-20 14:00:00+00:00,23770.5,-0.01697061483771911,0.0038030331713679866,,,,,
2022-07-21 07:00:00+00:00,2022-07-21,LONDON_OPEN,14:00,SHORT,HIGH_SWEEP,22987.0,22636.0,22786.8,23088.0,22772.1,22926.7,True,False,,,22376,2022-07-21 08:00:00+00:00,22926.6,0.002385874922578912,0.0026737501417567477,,,,,
2022-07-22 07:00:00+00:00,2022-07-22,LONDON_OPEN,14:00,SHORT,HIGH_SWEEP,23222.6,22803.0,23156.6,23318.4,23008.0,23109.2,False,False,,,22400,2022-07-22 08:00:00+00:00,23109.3,-0.008001107779119332,-0.013752039222304502,,,,,
2022-07-22 13:00:00+00:00,2022-07-22,NEW_YORK_OPEN,20:00,SHORT,HIGH_SWEEP,23690.0,23400.0,23577.8,23750.0,23420.0,23447.9,False,False,,,22406,2022-07-22 14:00:00+00:00,23447.9,-0.008866465653640576,0.014803031401532829,,,,,
2022-07-23 07:00:00+00:00,2022-07-23,LONDON_OPEN,14:00,LONG,LOW_SWEEP,22990.0,22717.7,22815.9,22828.9,22654.7,22764.2,False,False,,,22424,2022-07-23 08:00:00+00:00,22764.2,-0.007147187250155951,-0.011012906229957542,,,,,
2022-07-24 00:00:00+00:00,2022-07-24,ASIA_OPEN,07:00,SHORT,HIGH_SWEEP,22548.0,22210.0,22440.1,22663.1,22440.1,22540.7,True,False,,,22441,2022-07-24 01:00:00+00:00,22540.7,0.005403558895686444,0.009502810471724521,,,,,
2022-07-24 07:00:00+00:00,2022-07-24,LONDON_OPEN,14:00,SHORT,HIGH_SWEEP,22777.0,22256.4,22669.2,22828.8,22657.2,22692.4,True,False,,,22448,2022-07-24 08:00:00+00:00,22692.4,0.0009606740582751572,0.008134882163191248,,,,,
2022-07-25 13:00:00+00:00,2022-07-25,NEW_YORK_OPEN,20:00,LONG,LOW_SWEEP,22090.0,21796.4,21962.0,21996.1,21743.6,21890.3,False,False,,,22478,2022-07-25 14:00:00+00:00,21890.4,-0.000666959032269987,0.0022658334246974388,,,,,
2022-07-26 07:00:00+00:00,2022-07-26,LONDON_OPEN,14:00,LONG,LOW_SWEEP,21250.0,21050.0,21070.5,21136.6,21000.0,21053.7,True,False,,,22496,2022-07-26 08:00:00+00:00,21053.7,0.00016149180429092524,0.0004654763770737258,,,,,
2022-07-26 13:00:00+00:00,2022-07-26,NEW_YORK_OPEN,20:00,LONG,LOW_SWEEP,21181.6,20922.5,21023.0,21040.6,20760.0,20942.1,False,False,,,22502,2022-07-26 14:00:00+00:00,20942.2,-1.9100190046916765e-05,-0.0008022079819693939,,,,,
2022-07-28 00:00:00+00:00,2022-07-28,ASIA_OPEN,07:00,SHORT,HIGH_SWEEP,22996.2,22570.7,22941.1,23060.0,22743.7,22778.9,True,False,,,22537,2022-07-28 01:00:00+00:00,22778.9,0.0006585041419910898,-0.01526851603896584,,,,,
2022-07-28 13:00:00+00:00,2022-07-28,NEW_YORK_OPEN,20:00,SHORT,HIGH_SWEEP,23210.2,22583.1,23029.2,23258.0,22754.1,22841.8,False,False,,,22550,2022-07-28 14:00:00+00:00,22841.7,-0.012258282001777365,-0.040312235954416575,,,,,
2022-07-29 00:00:00+00:00,2022-07-29,ASIA_OPEN,07:00,LONG,LOW_SWEEP,24155.0,23720.0,23836.2,23947.8,23700.0,23876.7,False,False,,,22561,2022-07-29 01:00:00+00:00,23876.8,-0.0013318367620451799,0.0012145681163304722,,,,,
2022-07-29 07:00:00+00:00,2022-07-29,LONDON_OPEN,14:00,LONG,LOW_SWEEP,24500.0,23855.5,23936.4,23990.1,23818.2,23938.0,False,False,,,22568,2022-07-29 08:00:00+00:00,23938.0,-0.0007770072687776075,0.0026735733979446064,,,,,
2022-07-29 13:00:00+00:00,2022-07-29,NEW_YORK_OPEN,20:00,LONG,LOW_SWEEP,24135.0,23437.0,23513.9,23757.2,23426.3,23694.0,True,True,23757.2,23866.0,22574,2022-07-29 14:00:00+00:00,23692.8,0.014008475148568511,0.006238182063749376,22576.0,2022-07-29 16:00:00+00:00,24003.0,-0.006765820939049316,-0.003320418281048232
2022-07-31 07:00:00+00:00,2022-07-31,LONDON_OPEN,14:00,LONG,LOW_SWEEP,23838.4,23695.0,23764.6,23810.0,23656.2,23704.9,False,False,,,22616,2022-07-31 08:00:00+00:00,23704.9,-0.0049103771794017925,0.004695231787520626,,,,,
2022-07-31 13:00:00+00:00,2022-07-31,NEW_YORK_OPEN,20:00,LONG,LOW_SWEEP,23856.4,23700.0,23801.0,23814.1,23656.1,23700.0,True,False,,,22622,2022-07-31 14:00:00+00:00,23700.1,0.00046413306272974353,0.0024810021898642454,,,,,
2022-08-01 07:00:00+00:00,2022-08-01,LONDON_OPEN,14:00,LONG,LOW_SWEEP,23408.7,23141.0,23216.8,23335.0,23100.0,23313.4,False,False,,,22640,2022-08-01 08:00:00+00:00,23313.3,-0.0014069222289422312,-0.012301990709165933,,,,,
2022-08-01 13:00:00+00:00,2022-08-01,NEW_YORK_OPEN,20:00,SHORT,HIGH_SWEEP,23308.8,22933.5,23129.1,23343.1,22955.0,23233.1,False,False,,,22646,2022-08-01 14:00:00+00:00,23233.0,-0.008328670425687523,0.0017173847544441623,,,,,
2022-08-02 00:00:00+00:00,2022-08-02,ASIA_OPEN,07:00,SHORT,HIGH_SWEEP,23407.0,22900.0,23257.6,23436.3,23154.1,23179.5,True,True,23062.6,23154.1,22657,2022-08-02 01:00:00+00:00,23179.6,0.008283145524512925,0.014422164316899355,22659.0,2022-08-02 03:00:00+00:00,22908.1,0.002741388417197399,0.0027937716353604314
2022-08-02 07:00:00+00:00,2022-08-02,LONDON_OPEN,14:00,LONG,LOW_SWEEP,22923.0,22745.7,22866.6,22910.0,22700.0,22875.5,False,False,,,22664,2022-08-02 08:00:00+00:00,22875.5,-0.003300474306572543,-0.001359533124958956,,,,,
2022-08-03 13:00:00+00:00,2022-08-03,NEW_YORK_OPEN,20:00,LONG,LOW_SWEEP,23650.0,23232.0,23255.4,23390.0,23212.0,23330.1,False,False,,,22694,2022-08-03 14:00:00+00:00,23330.0,-0.0016330904414916247,0.004123446206600878,,,,,
2022-08-05 00:00:00+00:00,2022-08-05,ASIA_OPEN,07:00,SHORT,HIGH_SWEEP,22658.0,22435.0,22608.9,22669.3,22580.6,22619.7,False,False,,,22729,2022-08-05 01:00:00+00:00,22619.8,-0.011317518280444583,-0.023815418350294992,,,,,
2022-08-05 13:00:00+00:00,2022-08-05,NEW_YORK_OPEN,20:00,LONG,LOW_SWEEP,23450.0,22912.0,23011.4,23089.0,22867.8,23043.2,True,False,,,22742,2022-08-05 14:00:00+00:00,23043.2,0.005242327454520135,-0.0007985002083045201,,,,,
2022-08-06 00:00:00+00:00,2022-08-06,ASIA_OPEN,07:00,SHORT,HIGH_SWEEP,23318.8,22969.7,23298.0,23341.8,23187.2,23253.1,True,False,,,22753,2022-08-06 01:00:00+00:00,23253.0,0.0016298972175633475,0.003922074571023115,,,,,
2022-08-06 07:00:00+00:00,2022-08-06,LONDON_OPEN,14:00,SHORT,HIGH_SWEEP,23221.8,23130.8,23178.9,23230.0,23162.0,23196.5,True,False,,,22760,2022-08-06 08:00:00+00:00,23196.4,0.0023408804814541995,0.000991533168939962,,,,,
2022-08-06 13:00:00+00:00,2022-08-06,NEW_YORK_OPEN,20:00,SHORT,HIGH_SWEEP,23205.0,23141.9,23163.6,23227.4,23161.1,23181.5,False,False,,,22766,2022-08-06 14:00:00+00:00,23181.6,-0.0013890326810919174,0.001514131897711879,,,,,
2022-08-07 07:00:00+00:00,2022-08-07,LONDON_OPEN,14:00,SHORT,HIGH_SWEEP,23013.5,22930.0,22993.3,23015.7,22981.0,23000.0,True,True,22972.7,22981.0,22784,2022-08-07 08:00:00+00:00,23000.0,0.003791304347826152,0.0006478260869565711,22786.0,2022-08-07 10:00:00+00:00,22965.9,-0.000836022102334244,-0.005974074606263979
2022-08-08 13:00:00+00:00,2022-08-08,NEW_YORK_OPEN,20:00,LONG,LOW_SWEEP,24243.0,24001.9,24117.4,24199.8,24000.0,24148.1,False,False,,,22814,2022-08-08 14:00:00+00:00,24148.1,-0.00036441790451424705,-0.008832993071918649,,,,,
2022-08-10 13:00:00+00:00,2022-08-10,NEW_YORK_OPEN,20:00,SHORT,HIGH_SWEEP,24040.0,22976.1,23968.6,24179.0,23850.0,24012.2,True,False,,,22862,2022-08-10 14:00:00+00:00,24012.1,0.0006205204875874282,0.002602854394242904,,,,,
2022-08-11 07:00:00+00:00,2022-08-11,LONDON_OPEN,14:00,SHORT,HIGH_SWEEP,24649.9,24277.1,24533.8,24760.0,24352.0,24429.5,False,False,,,22880,2022-08-11 08:00:00+00:00,24429.4,-0.0035449090030863495,-0.0017356136458528404,,,,,
2022-08-12 00:00:00+00:00,2022-08-12,ASIA_OPEN,07:00,LONG,LOW_SWEEP,24325.0,23840.6,23917.3,23996.0,23750.0,23950.3,False,False,,,22897,2022-08-12 01:00:00+00:00,23950.3,-0.0023841037481784344,0.0019790983829013342,,,,,
2022-08-14 00:00:00+00:00,2022-08-14,ASIA_OPEN,07:00,LONG,LOW_SWEEP,24536.4,24350.0,24429.0,24503.9,24332.1,24500.0,True,False,,,22945,2022-08-14 01:00:00+00:00,24500.0,0.003008163265306063,0.0022163265306123225,,,,,
2022-08-14 13:00:00+00:00,2022-08-14,NEW_YORK_OPEN,20:00,LONG,LOW_SWEEP,24734.9,24460.0,24520.0,24521.2,24379.3,24463.0,True,False,,,22958,2022-08-14 14:00:00+00:00,24463.1,0.0015860622733832042,-0.006532287404294568,,,,,
2022-08-15 00:00:00+00:00,2022-08-15,ASIA_OPEN,07:00,LONG,LOW_SWEEP,24420.0,24162.0,24294.1,24399.0,24150.0,24387.5,True,True,24399.0,24626.4,22969,2022-08-15 01:00:00+00:00,24387.5,0.01005433111225007,0.019214761660686808,22971.0,2022-08-15 03:00:00+00:00,24908.2,-0.0020916806513519015,-0.003942476774716819
2022-08-16 13:00:00+00:00,2022-08-16,NEW_YORK_OPEN,20:00,LONG,LOW_SWEEP,24138.0,23882.0,23923.3,24012.5,23850.0,23890.0,False,False,,,23006,2022-08-16 14:00:00+00:00,23889.9,-0.0075261930774094266,-0.003884486749630711,,,,,
2022-08-18 07:00:00+00:00,2022-08-18,LONDON_OPEN,14:00,LONG,LOW_SWEEP,23458.6,23331.9,23350.1,23428.0,23318.9,23402.5,True,False,,,23048,2022-08-18 08:00:00+00:00,23402.5,0.002089520350389895,0.0028543958978741735,,,,,
2022-08-20 07:00:00+00:00,2022-08-20,LONDON_OPEN,14:00,SHORT,HIGH_SWEEP,21316.0,21069.5,21300.1,21368.9,21253.1,21295.1,True,True,21218.0,21253.1,23096,2022-08-20 08:00:00+00:00,21295.2,0.005127916150118317,0.00361583831098089,23098.0,2022-08-20 10:00:00+00:00,21195.4,-0.0010757051058247757,-0.0015569416005358772
2022-08-21 00:00:00+00:00,2022-08-21,ASIA_OPEN,07:00,SHORT,HIGH_SWEEP,21249.0,20742.9,21127.7,21281.9,21111.1,21155.5,False,False,,,23113,2022-08-21 01:00:00+00:00,21155.5,-0.004443288979225191,-0.0020231145564981734,,,,,
2022-08-23 00:00:00+00:00,2022-08-23,ASIA_OPEN,07:00,SHORT,HIGH_SWEEP,21417.0,21030.0,21387.0,21460.0,21273.7,21292.1,False,False,,,23161,2022-08-23 01:00:00+00:00,21292.1,-0.00021134599217553784,0.002987023356080365,,,,,
2022-08-25 00:00:00+00:00,2022-08-25,ASIA_OPEN,07:00,LONG,LOW_SWEEP,21711.3,21350.0,21355.0,21474.6,21295.3,21467.0,True,True,21474.6,21500.2,23209,2022-08-25 01:00:00+00:00,21467.0,0.0035496343224483695,-0.0002888153910654001,23211.0,2022-08-25 03:00:00+00:00,21519.0,-0.0027045866443607958,0.001440587387889769
2022-08-25 07:00:00+00:00,2022-08-25,LONDON_OPEN,14:00,SHORT,HIGH_SWEEP,21734.5,21455.4,21680.1,21750.0,21660.1,21732.2,True,False,,,23216,2022-08-25 08:00:00+00:00,21732.2,0.002567618556795881,0.00550795593635256,,,,,
2022-08-25 13:00:00+00:00,2022-08-25,NEW_YORK_OPEN,20:00,LONG,LOW_SWEEP,21771.2,21601.0,21665.1,21730.0,21563.0,21697.8,False,False,,,23222,2022-08-25 14:00:00+00:00,21697.7,-0.0024057849449481417,-0.012268581462551387,,,,,
2022-08-26 07:00:00+00:00,2022-08-26,LONDON_OPEN,14:00,LONG,LOW_SWEEP,21554.3,21335.0,21413.0,21442.0,21311.0,21438.4,False,False,,,23240,2022-08-26 08:00:00+00:00,21438.3,-0.001595275744811886,-0.0024862045964465507,,,,,
2022-08-26 13:00:00+00:00,2022-08-26,NEW_YORK_OPEN,20:00,SHORT,HIGH_SWEEP,21809.6,21000.0,21626.5,21867.6,21606.2,21747.6,True,True,21158.2,21606.2,23246,2022-08-26 14:00:00+00:00,21747.5,0.027708932061156433,0.04763765950109211,23248.0,2022-08-26 16:00:00+00:00,20769.6,0.002797357676604162,0.004135852399660966
2022-08-27 13:00:00+00:00,2022-08-27,NEW_YORK_OPEN,20:00,LONG,LOW_SWEEP,20242.3,20135.3,20181.5,20230.0,20088.0,20160.9,False,False,,,23270,2022-08-27 14:00:00+00:00,20160.9,-0.005292422461298907,-0.00842720315065304,,,,,
2022-08-28 07:00:00+00:00,2022-08-28,LONDON_OPEN,14:00,SHORT,HIGH_SWEEP,20062.0,19923.0,20024.2,20075.4,19996.6,20045.0,True,False,,,23288,2022-08-28 08:00:00+00:00,20045.0,0.0010626091294586582,0.003073085557495525,,,,,
2022-08-30 07:00:00+00:00,2022-08-30,LONDON_OPEN,14:00,SHORT,HIGH_SWEEP,20547.8,20246.2,20386.6,20574.0,20374.0,20423.3,True,False,,,23336,2022-08-30 08:00:00+00:00,20423.3,0.001483599614166109,0.001904687293434404,,,,,
2022-08-30 13:00:00+00:00,2022-08-30,NEW_YORK_OPEN,20:00,LONG,LOW_SWEEP,20496.6,20261.0,20326.3,20440.0,20245.0,20264.2,False,False,,,23342,2022-08-30 14:00:00+00:00,20264.2,-0.021880952615943472,-0.0325352098775179,,,,,
2022-08-31 07:00:00+00:00,2022-08-31,LONDON_OPEN,14:00,LONG,LOW_SWEEP,20496.0,20200.0,20238.5,20296.6,20178.9,20247.5,False,False,,,23360,2022-08-31 08:00:00+00:00,20247.5,-0.000997654031361983,0.003664649956784727,,,,,
2022-08-31 13:00:00+00:00,2022-08-31,NEW_YORK_OPEN,20:00,SHORT,HIGH_SWEEP,20410.0,20149.5,20298.1,20419.0,20213.1,20295.5,True,True,20156.7,20213.1,23366,2022-08-31 14:00:00+00:00,20295.6,0.009785372198900189,0.01311121622420619,23368.0,2022-08-31 16:00:00+00:00,20130.6,0.005022205001341207,0.006790657009726364
2022-09-01 00:00:00+00:00,2022-09-01,ASIA_OPEN,07:00,LONG,LOW_SWEEP,20288.7,19959.8,20041.4,20126.2,19910.0,20057.2,True,False,,,23377,2022-09-01 01:00:00+00:00,20057.2,0.0029665157649123586,-0.002009253534890232,,,,,
2022-09-02 07:00:00+00:00,2022-09-02,LONDON_OPEN,14:00,LONG,LOW_SWEEP,20290.0,20050.0,20096.8,20110.6,20023.2,20100.5,False,False,,,23408,2022-09-02 08:00:00+00:00,20100.4,-0.0006517283238145488,-0.002044735428150757,,,,,
2022-09-02 13:00:00+00:00,2022-09-02,NEW_YORK_OPEN,20:00,SHORT,HIGH_SWEEP,20365.0,19978.0,20272.0,20396.0,20237.9,20257.4,False,False,,,23414,2022-09-02 14:00:00+00:00,20257.5,-0.004763667777366365,0.0067431815377020365,,,,,
2022-09-03 00:00:00+00:00,2022-09-03,ASIA_OPEN,07:00,SHORT,HIGH_SWEEP,20018.7,19868.0,19941.0,20050.0,19911.6,19991.8,True,False,,,23425,2022-09-03 01:00:00+00:00,19991.8,0.002310947488470272,0.005077081603457434,,,,,
2022-09-03 13:00:00+00:00,2022-09-03,NEW_YORK_OPEN,20:00,SHORT,HIGH_SWEEP,19862.1,19760.0,19843.3,19894.0,19810.0,19850.4,True,False,,,23438,2022-09-03 14:00:00+00:00,19850.4,0.0021662031999355458,0.003516301938500166,,,,,
2022-09-04 00:00:00+00:00,2022-09-04,ASIA_OPEN,07:00,SHORT,HIGH_SWEEP,19840.0,19717.7,19820.7,19847.9,19778.1,19794.9,True,False,,,23449,2022-09-04 01:00:00+00:00,19794.9,0.001252847955786729,0.0014599720129933047,,,,,
2022-09-04 13:00:00+00:00,2022-09-04,NEW_YORK_OPEN,20:00,LONG,LOW_SWEEP,19930.0,19700.0,19866.6,19877.8,19680.0,19702.4,True,False,,,23462,2022-09-04 14:00:00+00:00,19702.4,0.001959152184505264,0.009110565210329602,,,,,
2022-09-05 00:00:00+00:00,2022-09-05,ASIA_OPEN,07:00,SHORT,HIGH_SWEEP,20022.4,19809.0,19992.7,20046.7,19865.0,19906.4,True,True,19856.1,19865.0,23473,2022-09-05 01:00:00+00:00,19906.4,0.0037475384800869094,0.0017331109592895189,23475.0,2022-09-05 03:00:00+00:00,19842.1,-0.0015018571622964494,0.006556765664924469
2022-09-05 13:00:00+00:00,2022-09-05,NEW_YORK_OPEN,20:00,SHORT,HIGH_SWEEP,19777.7,19620.2,19715.9,19782.0,19702.0,19731.0,False,False,,,23486,2022-09-05 14:00:00+00:00,19731.0,-0.00525062085043837,-0.0054938928589529645,,,,,
2022-09-07 00:00:00+00:00,2022-09-07,ASIA_OPEN,07:00,LONG,LOW_SWEEP,19066.6,18768.0,18781.4,18861.9,18650.0,18821.5,False,False,,,23521,2022-09-07 01:00:00+00:00,18821.5,-0.002258055946656734,-0.0045267380389448775,,,,,
2022-09-08 00:00:00+00:00,2022-09-08,ASIA_OPEN,07:00,LONG,LOW_SWEEP,19455.0,19240.0,19287.0,19373.8,19230.0,19294.9,False,False,,,23545,2022-09-08 01:00:00+00:00,19294.8,-0.006322947115284916,-0.004441611211310814,,,,,
2022-09-08 13:00:00+00:00,2022-09-08,NEW_YORK_OPEN,20:00,LONG,LOW_SWEEP,19400.0,19091.4,19137.0,19350.0,19003.8,19215.1,True,False,,,23558,2022-09-08 14:00:00+00:00,19215.0,0.00482956023939618,-0.0018891491022637874,,,,,
2022-09-09 00:00:00+00:00,2022-09-09,ASIA_OPEN,07:00,SHORT,HIGH_SWEEP,19368.5,19245.5,19309.3,19386.4,19283.0,19355.9,True,False,,,23569,2022-09-09 01:00:00+00:00,19355.9,0.0015964124633833787,-0.029970189967916783,,,,,
2022-09-10 00:00:00+00:00,2022-09-10,ASIA_OPEN,07:00,LONG,LOW_SWEEP,21666.0,21178.0,21352.0,21382.3,21153.6,21250.3,True,False,,,23593,2022-09-10 01:00:00+00:00,21250.2,0.0014917506658760349,0.0020846862617762696,,,,,
2022-09-10 13:00:00+00:00,2022-09-10,NEW_YORK_OPEN,20:00,LONG,LOW_SWEEP,21370.1,21157.0,21302.4,21305.5,21123.8,21167.0,True,False,,,23606,2022-09-10 14:00:00+00:00,21167.0,0.003184201823593469,0.011059668351679486,,,,,
2022-09-12 00:00:00+00:00,2022-09-12,ASIA_OPEN,07:00,SHORT,HIGH_SWEEP,21848.8,21450.0,21820.3,21849.7,21630.0,21632.0,False,False,,,23641,2022-09-12 01:00:00+00:00,21632.0,-0.018699149408283988,-0.0007951183431953446,,,,,
2022-09-14 07:00:00+00:00,2022-09-14,LONDON_OPEN,14:00,LONG,LOW_SWEEP,20395.2,20204.1,20231.9,20317.5,20124.6,20235.3,True,False,,,23696,2022-09-14 08:00:00+00:00,20235.4,0.006809848088004111,0.00472933571859202,,,,,
2022-09-14 13:00:00+00:00,2022-09-14,NEW_YORK_OPEN,20:00,SHORT,HIGH_SWEEP,20376.1,20050.0,20300.2,20380.3,20173.1,20297.2,True,False,,,23702,2022-09-14 14:00:00+00:00,20297.2,0.0007685789172892088,0.008030664328084636,,,,,
2022-09-15 07:00:00+00:00,2022-09-15,LONDON_OPEN,14:00,SHORT,HIGH_SWEEP,20303.3,19947.4,20093.2,20315.0,20061.0,20195.2,True,False,,,23720,2022-09-15 08:00:00+00:00,20195.1,0.0026788676461121375,0.0026788676461121375,,,,,
2022-09-15 13:00:00+00:00,2022-09-15,NEW_YORK_OPEN,20:00,LONG,LOW_SWEEP,20200.0,20050.0,20116.0,20138.7,19973.6,20109.9,False,False,,,23726,2022-09-15 14:00:00+00:00,20109.9,-0.020487421618207935,-0.012605731505377915,,,,,
2022-09-16 07:00:00+00:00,2022-09-16,LONDON_OPEN,14:00,LONG,LOW_SWEEP,19849.6,19723.7,19755.2,19788.5,19715.1,19730.5,False,False,,,23744,2022-09-16 08:00:00+00:00,19730.4,-0.0026000486558814817,0.0028281230993796314,,,,,
2022-09-17 13:00:00+00:00,2022-09-17,NEW_YORK_OPEN,20:00,SHORT,HIGH_SWEEP,19891.4,19739.4,19849.5,19900.0,19836.0,19889.7,False,False,,,23774,2022-09-17 14:00:00+00:00,19889.8,-0.0011563716075575492,-0.011513439049160912,,,,,
2022-09-20 00:00:00+00:00,2022-09-20,ASIA_OPEN,07:00,LONG,LOW_SWEEP,19686.3,19455.0,19528.6,19625.0,19427.2,19509.9,False,False,,,23833,2022-09-20 01:00:00+00:00,19510.0,-0.002788313685289645,-0.008011276268580225,,,,,
2022-09-21 13:00:00+00:00,2022-09-21,NEW_YORK_OPEN,20:00,SHORT,HIGH_SWEEP,19276.3,18931.8,19234.5,19333.0,19214.1,19263.6,True,False,,,23870,2022-09-21 14:00:00+00:00,19263.6,0.0009395959218421179,0.0018999563944432918,,,,,
2022-09-24 13:00:00+00:00,2022-09-24,NEW_YORK_OPEN,20:00,SHORT,HIGH_SWEEP,19193.9,18968.0,19146.0,19217.0,19100.1,19108.7,True,False,,,23942,2022-09-24 14:00:00+00:00,19108.8,0.0016955538809343418,0.0012978313656535345,,,,,
2022-09-27 13:00:00+00:00,2022-09-27,NEW_YORK_OPEN,20:00,LONG,LOW_SWEEP,20375.0,20169.6,20260.1,20336.8,20076.0,20185.2,True,False,,,24014,2022-09-27 14:00:00+00:00,20185.2,0.000549907853278464,-0.053658125755504105,,,,,
2022-09-28 00:00:00+00:00,2022-09-28,ASIA_OPEN,07:00,SHORT,HIGH_SWEEP,19159.2,18911.7,19070.1,19228.3,19060.2,19085.8,True,True,19007.4,19060.2,24025,2022-09-28 01:00:00+00:00,19085.8,0.004605518238690376,0.01832776200106878,24027.0,2022-09-28 03:00:00+00:00,18623.9,-0.006019147439580319,-0.010250269814592983
2022-09-28 07:00:00+00:00,2022-09-28,LONDON_OPEN,14:00,LONG,LOW_SWEEP,18870.8,18650.0,18685.5,18797.4,18610.3,18770.6,False,False,,,24032,2022-09-28 08:00:00+00:00,18770.5,-0.0020724008417464246,0.01202418688900142,,,,,
2022-09-28 13:00:00+00:00,2022-09-28,NEW_YORK_OPEN,20:00,SHORT,HIGH_SWEEP,19140.0,18565.2,19063.5,19190.0,19008.7,19113.6,False,False,,,24038,2022-09-28 14:00:00+00:00,19113.5,-0.013566327464880734,-0.020273628587124337,,,,,
2022-09-29 00:00:00+00:00,2022-09-29,ASIA_OPEN,07:00,LONG,LOW_SWEEP,19787.6,19380.5,19407.4,19518.2,19361.6,19430.0,True,False,,,24049,2022-09-29 01:00:00+00:00,19429.9,0.0030262636452065284,0.0034688804368523396,,,,,
2022-09-29 07:00:00+00:00,2022-09-29,LONDON_OPEN,14:00,LONG,LOW_SWEEP,19620.0,19287.1,19375.3,19396.1,19259.4,19353.1,False,False,,,24056,2022-09-29 08:00:00+00:00,19353.2,-0.0008370708720005782,0.0038546596945208123,,,,,
2022-09-30 00:00:00+00:00,2022-09-30,ASIA_OPEN,07:00,SHORT,HIGH_SWEEP,19620.0,19406.8,19582.5,19698.6,19431.0,19541.6,True,False,,,24073,2022-09-30 01:00:00+00:00,19541.6,0.00209297089286431,0.0075531174519997135,,,,,
2022-10-01 00:00:00+00:00,2022-10-01,ASIA_OPEN,07:00,SHORT,HIGH_SWEEP,19461.3,19222.9,19411.6,19474.0,19338.0,19393.1,False,False,,,24097,2022-10-01 01:00:00+00:00,19393.1,-0.0010364511088996053,-0.0007683145036121442,,,,,
2022-10-01 07:00:00+00:00,2022-10-01,LONDON_OPEN,14:00,LONG,LOW_SWEEP,19412.6,19263.9,19286.4,19338.1,19254.9,19305.5,True,False,,,24104,2022-10-01 08:00:00+00:00,19305.5,0.0011861904638574838,0.0007925202662453223,,,,,
2022-10-01 13:00:00+00:00,2022-10-01,NEW_YORK_OPEN,20:00,SHORT,HIGH_SWEEP,19358.6,19140.0,19287.9,19396.5,19271.1,19323.5,True,False,,,24110,2022-10-01 14:00:00+00:00,19323.4,0.0006261837978824847,0.0019406522661643555,,,,,
2022-10-02 00:00:00+00:00,2022-10-02,ASIA_OPEN,07:00,LONG,LOW_SWEEP,19332.0,19235.0,19304.0,19319.0,19225.8,19269.3,True,False,,,24121,2022-10-02 01:00:00+00:00,19269.3,0.001551691031848712,0.0016554830741126736,,,,,
2022-10-02 07:00:00+00:00,2022-10-02,LONDON_OPEN,14:00,LONG,LOW_SWEEP,19389.0,19260.9,19271.9,19302.2,19213.6,19276.5,False,False,,,24128,2022-10-02 08:00:00+00:00,19276.5,-5.706430109198024e-05,-0.00941042201644493,,,,,
2022-10-03 13:00:00+00:00,2022-10-03,NEW_YORK_OPEN,20:00,SHORT,HIGH_SWEEP,19277.3,19124.5,19245.9,19333.0,19126.8,19170.3,False,False,,,24158,2022-10-03 14:00:00+00:00,19170.4,-0.012321078329090573,-0.012159370696490424,,,,,
2022-10-06 07:00:00+00:00,2022-10-06,LONDON_OPEN,14:00,LONG,LOW_SWEEP,20443.9,20160.0,20169.4,20242.7,20154.0,20214.7,False,False,,,24224,2022-10-06 08:00:00+00:00,20214.7,-0.003759640261789654,-0.004437364887928119,,,,,
2022-10-06 13:00:00+00:00,2022-10-06,NEW_YORK_OPEN,20:00,LONG,LOW_SWEEP,20322.0,20077.3,20184.6,20293.4,20032.0,20104.7,False,False,,,24230,2022-10-06 14:00:00+00:00,20104.7,-0.0004227867115649264,-0.0031087258203306156,,,,,
2022-10-08 13:00:00+00:00,2022-10-08,NEW_YORK_OPEN,20:00,LONG,LOW_SWEEP,19539.3,19466.1,19504.9,19507.1,19460.1,19470.1,True,False,,,24278,2022-10-08 14:00:00+00:00,19470.0,0.0010374935798664886,0.002439650744735511,,,,,
2022-10-10 00:00:00+00:00,2022-10-10,ASIA_OPEN,07:00,SHORT,HIGH_SWEEP,19493.9,19359.3,19430.0,19513.0,19390.0,19484.1,False,False,,,24313,2022-10-10 01:00:00+00:00,19484.2,-0.0003951920017244426,0.002206916373266532,,,,,
2022-10-10 13:00:00+00:00,2022-10-10,NEW_YORK_OPEN,20:00,SHORT,HIGH_SWEEP,19425.0,19261.1,19409.9,19430.0,19286.4,19308.3,True,False,,,24326,2022-10-10 14:00:00+00:00,19308.2,0.002905501289607648,0.00887187826933633,,,,,
2022-10-11 00:00:00+00:00,2022-10-11,ASIA_OPEN,07:00,LONG,LOW_SWEEP,19279.9,19000.0,19124.1,19125.7,18935.7,19039.6,False,False,,,24337,2022-10-11 01:00:00+00:00,19039.6,-0.0005934998634424815,5.252211181083766e-06,,,,,
2022-10-13 00:00:00+00:00,2022-10-13,ASIA_OPEN,07:00,LONG,LOW_SWEEP,19240.0,19132.5,19148.1,19166.7,19116.3,19141.5,False,False,,,24385,2022-10-13 01:00:00+00:00,19141.5,-0.00212627014601785,-0.0031763445915941046,,,,,
2022-10-15 00:00:00+00:00,2022-10-15,ASIA_OPEN,07:00,SHORT,HIGH_SWEEP,19196.8,19059.6,19164.6,19218.8,19163.6,19191.7,True,False,,,24433,2022-10-15 01:00:00+00:00,19191.7,0.0013391205573243248,5.2105858261652926e-05,,,,,
2022-10-15 07:00:00+00:00,2022-10-15,LONDON_OPEN,14:00,LONG,LOW_SWEEP,19199.6,19146.0,19159.2,19174.0,19120.2,19159.0,False,False,,,24440,2022-10-15 08:00:00+00:00,19159.1,-0.0051150628161030776,-0.0006263342223800095,,,,,
2022-10-15 13:00:00+00:00,2022-10-15,NEW_YORK_OPEN,20:00,LONG,LOW_SWEEP,19188.0,19087.1,19157.8,19175.3,19080.7,19161.0,False,False,,,24446,2022-10-15 14:00:00+00:00,19160.9,-0.0012995214212276895,-0.002254591381406934,,,,,
2022-10-17 13:00:00+00:00,2022-10-17,NEW_YORK_OPEN,20:00,SHORT,HIGH_SWEEP,19578.6,19326.1,19509.2,19666.0,19509.2,19574.6,True,False,,,24494,2022-10-17 14:00:00+00:00,19574.6,0.005604201362990668,0.0037139967100220384,,,,,
2022-10-18 13:00:00+00:00,2022-10-18,NEW_YORK_OPEN,20:00,SHORT,HIGH_SWEEP,19648.0,19495.3,19620.5,19674.0,19521.9,19534.9,True,True,19444.0,19521.9,24518,2022-10-18 14:00:00+00:00,19534.9,0.006419280364885482,0.006705946792663342,24520.0,2022-10-18 16:00:00+00:00,19364.1,-0.0020553498484310317,0.007875398288585633
2022-10-19 13:00:00+00:00,2022-10-19,NEW_YORK_OPEN,20:00,LONG,LOW_SWEEP,19266.2,19099.0,19156.5,19231.0,19050.0,19117.0,True,False,,,24542,2022-10-19 14:00:00+00:00,19117.1,0.001459426377431905,0.0029293145926945208,,,,,
2022-10-20 13:00:00+00:00,2022-10-20,NEW_YORK_OPEN,20:00,LONG,LOW_SWEEP,19270.8,19121.9,19126.6,19209.8,19120.0,19163.0,True,True,19209.8,19235.0,24566,2022-10-20 14:00:00+00:00,19162.9,0.008005051427497856,0.000547933767853559,24568.0,2022-10-20 16:00:00+00:00,19244.2,-0.003679030565053365,-0.009847122769457761
2022-10-22 13:00:00+00:00,2022-10-22,NEW_YORK_OPEN,20:00,SHORT,HIGH_SWEEP,19195.5,19130.7,19173.6,19250.0,19173.5,19182.9,False,False,,,24614,2022-10-22 14:00:00+00:00,19182.9,-0.0022676446209906054,-0.00010947249894432964,,,,,
2022-10-23 07:00:00+00:00,2022-10-23,LONDON_OPEN,14:00,LONG,LOW_SWEEP,19214.0,19145.8,19167.2,19167.7,19136.0,19151.6,True,True,19167.7,19168.0,24632,2022-10-23 08:00:00+00:00,19151.6,0.0011330646003466782,0.00043860565174713706,24634.0,2022-10-23 10:00:00+00:00,19173.0,-0.0006780368226151356,-0.0015699160277472535
2022-10-24 07:00:00+00:00,2022-10-24,LONDON_OPEN,14:00,LONG,LOW_SWEEP,19384.0,19265.0,19284.9,19333.0,19235.4,19318.4,True,False,,,24656,2022-10-24 08:00:00+00:00,19318.4,0.0006004638065264523,0.004001366572800924,,,,,
2022-10-24 13:00:00+00:00,2022-10-24,NEW_YORK_OPEN,20:00,LONG,LOW_SWEEP,19439.8,19310.0,19364.9,19390.9,19284.2,19341.8,False,False,,,24662,2022-10-24 14:00:00+00:00,19341.8,-0.003986185360204231,-0.004068907754190443,,,,,
2022-10-25 00:00:00+00:00,2022-10-25,ASIA_OPEN,07:00,LONG,LOW_SWEEP,19406.9,19289.4,19318.1,19326.6,19264.6,19301.7,False,False,,,24673,2022-10-25 01:00:00+00:00,19301.6,-0.0006683383760930361,0.0016112653873254779,,,,,
2022-10-25 07:00:00+00:00,2022-10-25,LONDON_OPEN,14:00,LONG,LOW_SWEEP,19369.0,19287.1,19319.1,19327.7,19264.0,19296.9,False,False,,,24680,2022-10-25 08:00:00+00:00,19296.9,-0.0006218615425275242,-0.000544128849711667,,,,,
2022-10-26 13:00:00+00:00,2022-10-26,NEW_YORK_OPEN,20:00,LONG,LOW_SWEEP,20738.9,20436.0,20539.2,20612.4,20329.1,20542.9,True,True,20612.4,20773.7,24710,2022-10-26 14:00:00+00:00,20542.9,0.013493713156370157,0.010261452862059262,24712.0,2022-10-26 16:00:00+00:00,20835.6,-0.003930772331970145,-0.007132024035784834
2022-10-27 07:00:00+00:00,2022-10-27,LONDON_OPEN,14:00,LONG,LOW_SWEEP,20863.7,20690.0,20708.7,20758.0,20670.0,20703.6,False,False,,,24728,2022-10-27 08:00:00+00:00,20703.6,-0.00016905272512990344,-0.007902007380358955,,,,,
2022-10-27 13:00:00+00:00,2022-10-27,NEW_YORK_OPEN,20:00,LONG,LOW_SWEEP,20773.1,20450.0,20713.0,20730.0,20420.0,20512.2,True,False,,,24734,2022-10-27 14:00:00+00:00,20512.2,0.0023010696073557657,0.0025399518335429416,,,,,
2022-10-28 00:00:00+00:00,2022-10-28,ASIA_OPEN,07:00,LONG,LOW_SWEEP,20410.0,20170.0,20285.6,20326.9,20150.0,20273.6,True,False,,,24745,2022-10-28 01:00:00+00:00,20273.6,0.0019088864335885525,0.0005277799700103003,,,,,
2022-10-29 00:00:00+00:00,2022-10-29,ASIA_OPEN,07:00,LONG,LOW_SWEEP,20654.0,20557.0,20582.7,20617.2,20547.8,20613.6,True,True,20617.2,20617.4,24769,2022-10-29 01:00:00+00:00,20613.6,0.0002619629758995323,0.006384134745992975,24771.0,2022-10-29 03:00:00+00:00,20724.5,0.0009988178243143242,-0.00371058409129299
2022-10-30 07:00:00+00:00,2022-10-30,LONDON_OPEN,14:00,SHORT,HIGH_SWEEP,20900.0,20731.5,20882.3,20925.2,20813.5,20842.5,True,False,,,24800,2022-10-30 08:00:00+00:00,20841.8,0.0032818662495560647,0.008007945570919883,,,,,
2022-10-30 13:00:00+00:00,2022-10-30,NEW_YORK_OPEN,20:00,LONG,LOW_SWEEP,20780.0,20622.1,20715.6,20721.2,20607.1,20639.8,True,False,,,24806,2022-10-30 14:00:00+00:00,20639.7,0.004399288749352026,-0.0022916999762593315,,,,,
2022-11-03 07:00:00+00:00,2022-11-03,LONDON_OPEN,14:00,LONG,LOW_SWEEP,20400.0,20293.3,20297.1,20353.8,20270.8,20293.8,False,False,,,24896,2022-11-03 08:00:00+00:00,20293.7,-0.00019217786800840297,-0.0016606138850974173,,,,,
2022-11-04 13:00:00+00:00,2022-11-04,NEW_YORK_OPEN,20:00,SHORT,HIGH_SWEEP,20768.0,20350.0,20748.9,20878.3,20685.0,20749.8,False,False,,,24926,2022-11-04 14:00:00+00:00,20749.9,-0.022125407833290645,-0.0011518127798204603,,,,,
2022-11-06 00:00:00+00:00,2022-11-06,ASIA_OPEN,07:00,SHORT,HIGH_SWEEP,21347.5,21227.0,21289.8,21355.8,21282.6,21314.7,True,True,21267.4,21282.6,24961,2022-11-06 01:00:00+00:00,21314.7,0.006103768760526873,0.00411922288373745,24963.0,2022-11-06 03:00:00+00:00,21229.8,0.00013660043900542984,0.003980254171023767
2022-11-07 00:00:00+00:00,2022-11-07,ASIA_OPEN,07:00,LONG,LOW_SWEEP,21202.0,20863.3,20900.0,20941.8,20833.4,20894.4,True,True,20941.8,20952.5,24985,2022-11-07 01:00:00+00:00,20894.4,0.004058503713913808,0.0006317482196185331,24987.0,2022-11-07 03:00:00+00:00,20977.4,-0.0033273904297006496,-0.0059969300294604455
2022-11-10 00:00:00+00:00,2022-11-10,ASIA_OPEN,07:00,SHORT,HIGH_SWEEP,16243.5,15462.6,15905.0,16309.4,15730.0,16237.9,True,False,,,25057,2022-11-10 01:00:00+00:00,16237.8,0.00756875931468548,-0.007014497037776124,,,,,
2022-11-10 07:00:00+00:00,2022-11-10,LONDON_OPEN,14:00,SHORT,HIGH_SWEEP,16875.8,16184.7,16674.0,16891.0,16606.0,16739.5,False,False,,,25064,2022-11-10 08:00:00+00:00,16739.5,-0.005280922369246488,0.02049643059828543,,,,,
2022-11-11 00:00:00+00:00,2022-11-11,ASIA_OPEN,07:00,LONG,LOW_SWEEP,18164.0,17466.0,17588.0,17646.0,17389.1,17543.2,False,False,,,25081,2022-11-11 01:00:00+00:00,17543.3,-0.01620561695918099,-0.02798789281378078,,,,,
2022-11-11 07:00:00+00:00,2022-11-11,LONDON_OPEN,14:00,SHORT,HIGH_SWEEP,17424.2,16994.9,17261.3,17479.2,17143.0,17397.3,True,False,,,25088,2022-11-11 08:00:00+00:00,17397.3,0.0008392106821172307,0.004115581153397274,,,,,
2022-11-11 13:00:00+00:00,2022-11-11,NEW_YORK_OPEN,20:00,SHORT,HIGH_SWEEP,17460.0,17208.7,17394.2,17550.0,17286.3,17295.0,True,True,17045.0,17286.3,25094,2022-11-11 14:00:00+00:00,17295.6,0.02263003307199507,0.02704155970304567,25096.0,2022-11-11 16:00:00+00:00,16864.7,0.0021820726132097956,0.001992327168582997
2022-11-12 13:00:00+00:00,2022-11-12,NEW_YORK_OPEN,20:00,LONG,LOW_SWEEP,16975.0,16779.2,16855.8,16858.9,16746.7,16833.1,True,True,16858.9,16865.0,25118,2022-11-12 14:00:00+00:00,16833.1,0.0034990584027898564,0.002964397526302509,25120.0,2022-11-12 16:00:00+00:00,16925.5,-0.0025110041062302857,-0.003757643791911569
2022-11-13 00:00:00+00:00,2022-11-13,ASIA_OPEN,07:00,SHORT,HIGH_SWEEP,16849.8,16752.3,16806.9,16881.6,16771.0,16833.6,False,False,,,25129,2022-11-13 01:00:00+00:00,16833.6,-0.002156401482748871,-0.004306862465545125,,,,,
2022-11-13 07:00:00+00:00,2022-11-13,LONDON_OPEN,14:00,LONG,LOW_SWEEP,16914.1,16673.4,16675.1,16785.0,16550.0,16765.5,False,False,,,25136,2022-11-13 08:00:00+00:00,16765.4,-0.007258997697639269,-0.011147959487993186,,,,,
2022-11-14 00:00:00+00:00,2022-11-14,ASIA_OPEN,07:00,LONG,LOW_SWEEP,16554.9,16210.3,16321.3,16399.5,16080.0,16254.0,False,False,,,25153,2022-11-14 01:00:00+00:00,16254.0,-0.010637381567614068,-0.007628891349821587,,,,,
2022-11-15 07:00:00+00:00,2022-11-15,LONDON_OPEN,14:00,SHORT,HIGH_SWEEP,16843.1,16628.0,16740.9,16931.8,16734.4,16834.9,False,False,,,25184,2022-11-15 08:00:00+00:00,16834.9,-0.0045263114126010695,-0.0022631557063004237,,,,,
2022-11-18 07:00:00+00:00,2022-11-18,LONDON_OPEN,14:00,LONG,LOW_SWEEP,16856.3,16730.0,16786.1,16793.0,16716.6,16739.8,False,False,,,25256,2022-11-18 08:00:00+00:00,16739.7,-0.0005436178665091385,0.001212686009904651,,,,,
2022-11-21 00:00:00+00:00,2022-11-21,ASIA_OPEN,07:00,LONG,LOW_SWEEP,16533.4,16167.1,16272.7,16284.3,16110.0,16261.5,False,False,,,25321,2022-11-21 01:00:00+00:00,16261.5,-0.003517510684746261,-0.011948467238569571,,,,,
2022-11-22 07:00:00+00:00,2022-11-22,LONDON_OPEN,14:00,LONG,LOW_SWEEP,15874.4,15652.0,15679.2,15773.8,15610.3,15754.9,False,False,,,25352,2022-11-22 08:00:00+00:00,15754.9,-0.002018419666262483,0.00229769785907874,,,,,
2022-11-23 07:00:00+00:00,2022-11-23,LONDON_OPEN,14:00,SHORT,HIGH_SWEEP,16581.7,16439.2,16492.1,16659.1,16453.5,16572.9,True,False,,,25376,2022-11-23 08:00:00+00:00,16572.9,0.00250408799908286,-0.0016895051560077423,,,,,
2022-11-26 07:00:00+00:00,2022-11-26,LONDON_OPEN,14:00,LONG,LOW_SWEEP,16644.3,16528.2,16550.6,16590.8,16522.6,16576.9,False,False,,,25448,2022-11-26 08:00:00+00:00,16576.9,-0.000916938631469133,0.0006454765366261661,,,,,
2022-11-28 13:00:00+00:00,2022-11-28,NEW_YORK_OPEN,20:00,LONG,LOW_SWEEP,16229.8,16153.3,16178.0,16206.3,16140.0,16170.4,True,False,,,25502,2022-11-28 14:00:00+00:00,16170.4,0.0024179983179142273,0.008249641319942658,,,,,
2022-11-30 07:00:00+00:00,2022-11-30,LONDON_OPEN,14:00,SHORT,HIGH_SWEEP,16905.0,16811.9,16854.0,16916.3,16852.4,16874.1,False,False,,,25544,2022-11-30 08:00:00+00:00,16874.1,-0.0005689192312479108,0.0009304199927697709,,,,,
2022-12-03 00:00:00+00:00,2022-12-03,ASIA_OPEN,07:00,SHORT,HIGH_SWEEP,17088.4,16986.7,17083.0,17160.0,17030.4,17041.2,False,False,,,25609,2022-12-03 01:00:00+00:00,17041.2,-2.347252540890743e-05,0.0016958899608009448,,,,,
2022-12-03 07:00:00+00:00,2022-12-03,LONDON_OPEN,14:00,LONG,LOW_SWEEP,17024.7,16933.1,16969.9,16974.0,16915.7,16954.7,False,False,,,25616,2022-12-03 08:00:00+00:00,16954.7,-0.0008906085038368206,3.538841737094067e-05,,,,,
2022-12-04 00:00:00+00:00,2022-12-04,ASIA_OPEN,07:00,SHORT,HIGH_SWEEP,16942.4,16850.1,16879.5,16959.0,16874.1,16940.4,False,False,,,25633,2022-12-04 01:00:00+00:00,16940.5,-0.0011156695493050872,-0.0006670405241875343,,,,,
2022-12-05 00:00:00+00:00,2022-12-05,ASIA_OPEN,07:00,SHORT,HIGH_SWEEP,17206.2,17066.2,17099.5,17259.8,17068.0,17205.8,False,False,,,25657,2022-12-05 01:00:00+00:00,17205.8,-0.0029699287449582723,0.0009124829999186401,,,,,
2022-12-05 13:00:00+00:00,2022-12-05,NEW_YORK_OPEN,20:00,LONG,LOW_SWEEP,17318.4,17218.5,17246.9,17276.1,17201.0,17223.5,False,False,,,25670,2022-12-05 14:00:00+00:00,17223.4,-0.0014573196929759114,-0.01089796439727353,,,,,
2022-12-06 13:00:00+00:00,2022-12-06,NEW_YORK_OPEN,20:00,SHORT,HIGH_SWEEP,17013.6,16899.9,16986.7,17023.3,16966.0,16976.3,True,False,,,25694,2022-12-06 14:00:00+00:00,16976.2,0.0008246839693217822,-5.301539802760047e-05,,,,,
2022-12-07 00:00:00+00:00,2022-12-07,ASIA_OPEN,07:00,SHORT,HIGH_SWEEP,17100.0,16950.5,17078.7,17130.0,17041.1,17056.5,True,False,,,25705,2022-12-07 01:00:00+00:00,17056.5,0.0012546536511008899,0.0022923812036466096,,,,,
2022-12-08 00:00:00+00:00,2022-12-08,ASIA_OPEN,07:00,SHORT,HIGH_SWEEP,16856.8,16783.8,16828.0,16880.0,16800.4,16804.6,False,False,,,25729,2022-12-08 01:00:00+00:00,16804.5,-0.0008569133267875007,-0.0012556160552232853,,,,,
2022-12-09 07:00:00+00:00,2022-12-09,LONDON_OPEN,14:00,SHORT,HIGH_SWEEP,17214.9,17180.5,17208.1,17227.1,17203.0,17203.7,True,False,,,25760,2022-12-09 08:00:00+00:00,17203.7,0.000430140028017334,-0.00023250812325259496,,,,,
2022-12-10 00:00:00+00:00,2022-12-10,ASIA_OPEN,07:00,SHORT,HIGH_SWEEP,17149.0,17052.0,17122.0,17159.9,17112.3,17145.3,True,False,,,25777,2022-12-10 01:00:00+00:00,17145.2,7.582297086061729e-05,0.0003032918834426912,,,,,
2022-12-10 07:00:00+00:00,2022-12-10,LONDON_OPEN,14:00,SHORT,HIGH_SWEEP,17153.6,17122.0,17140.3,17170.2,17131.9,17144.6,True,False,,,25784,2022-12-10 08:00:00+00:00,17144.5,0.0006591035025809155,-0.0006416051795037347,,,,,
2022-12-11 13:00:00+00:00,2022-12-11,NEW_YORK_OPEN,20:00,LONG,LOW_SWEEP,17163.4,17132.4,17153.7,17156.6,17121.0,17147.5,True,False,,,25814,2022-12-11 14:00:00+00:00,17147.4,6.998145491432517e-05,0.00036740263830070674,,,,,
2022-12-12 07:00:00+00:00,2022-12-12,LONDON_OPEN,14:00,LONG,LOW_SWEEP,16939.0,16896.1,16930.9,16935.3,16894.3,16916.2,True,False,,,25832,2022-12-12 08:00:00+00:00,16916.2,0.0007093791749919198,0.0036946832030835264,,,,,
2022-12-13 07:00:00+00:00,2022-12-13,LONDON_OPEN,14:00,LONG,LOW_SWEEP,17197.9,17129.0,17143.8,17171.3,17076.0,17157.0,False,False,,,25856,2022-12-13 08:00:00+00:00,17156.9,-0.0004313133491482546,0.013294942559553213,,,,,
2022-12-14 00:00:00+00:00,2022-12-14,ASIA_OPEN,07:00,SHORT,HIGH_SWEEP,17818.0,17704.5,17777.1,17833.9,17749.5,17817.8,True,False,,,25873,2022-12-14 01:00:00+00:00,17817.8,0.002042900919305257,0.001986777267676043,,,,,
2022-12-14 13:00:00+00:00,2022-12-14,NEW_YORK_OPEN,20:00,SHORT,HIGH_SWEEP,17937.6,17793.7,17910.1,17964.3,17853.8,17889.9,False,False,,,25886,2022-12-14 14:00:00+00:00,17889.9,-0.009273388895410184,-0.011570774571126652,,,,,
2022-12-15 07:00:00+00:00,2022-12-15,LONDON_OPEN,14:00,LONG,LOW_SWEEP,17744.3,17683.0,17715.0,17736.3,17675.9,17686.0,False,False,,,25904,2022-12-15 08:00:00+00:00,17685.9,-0.003652627234124517,-0.001549256752554351,,,,,
2022-12-17 13:00:00+00:00,2022-12-17,NEW_YORK_OPEN,20:00,LONG,LOW_SWEEP,16750.0,16652.3,16685.9,16697.0,16640.2,16661.4,False,False,,,25958,2022-12-17 14:00:00+00:00,16661.3,-0.001050338208903212,0.0015304928186876676,,,,,
2022-12-19 00:00:00+00:00,2022-12-19,ASIA_OPEN,07:00,LONG,LOW_SWEEP,16872.0,16715.1,16730.4,16809.6,16708.5,16766.9,True,False,,,25993,2022-12-19 01:00:00+00:00,16766.9,0.0006620186200190226,-0.005564534887188666,,,,,
2022-12-21 00:00:00+00:00,2022-12-21,ASIA_OPEN,07:00,LONG,LOW_SWEEP,16918.7,16825.2,16887.3,16918.2,16810.7,16834.5,True,False,,,26041,2022-12-21 01:00:00+00:00,16834.4,0.0014731739770945662,-0.00027325001188061027,,,,,
2022-12-21 13:00:00+00:00,2022-12-21,NEW_YORK_OPEN,20:00,LONG,LOW_SWEEP,16886.4,16827.1,16827.2,16847.4,16803.3,16837.8,False,False,,,26054,2022-12-21 14:00:00+00:00,16837.8,-0.0028982408628205336,-0.0038069106415326015,,,,,
2022-12-22 07:00:00+00:00,2022-12-22,LONDON_OPEN,14:00,LONG,LOW_SWEEP,16850.0,16791.0,16800.8,16824.2,16778.0,16820.0,True,False,,,26072,2022-12-22 08:00:00+00:00,16820.0,0.0005766944114149464,-0.00027942925089186055,,,,,
2022-12-23 00:00:00+00:00,2022-12-23,ASIA_OPEN,07:00,LONG,LOW_SWEEP,16845.8,16766.5,16815.5,16827.4,16764.0,16775.2,True,False,,,26089,2022-12-23 01:00:00+00:00,16775.2,0.0010968572654870279,0.0028792503219037258,,,,,
2022-12-23 07:00:00+00:00,2022-12-23,LONDON_OPEN,14:00,SHORT,HIGH_SWEEP,16843.9,16801.0,16835.1,16849.0,16830.0,16842.0,True,False,,,26096,2022-12-23 08:00:00+00:00,16842.0,0.0007125044531528513,-0.0005521909511934098,,,,,
2022-12-27 00:00:00+00:00,2022-12-27,ASIA_OPEN,07:00,SHORT,HIGH_SWEEP,16936.8,16810.2,16912.8,16968.0,16830.0,16863.0,True,False,,,26185,2022-12-27 01:00:00+00:00,16863.1,0.00019569355575188574,-0.0002965053875028101,,,,,
2022-12-27 07:00:00+00:00,2022-12-27,LONDON_OPEN,14:00,LONG,LOW_SWEEP,16888.0,16850.5,16882.4,16882.4,16843.0,16859.6,False,False,,,26192,2022-12-27 08:00:00+00:00,16859.6,-0.0011388170537851572,-0.00043891907281301545,,,,,
2022-12-28 00:00:00+00:00,2022-12-28,ASIA_OPEN,07:00,SHORT,HIGH_SWEEP,16714.1,16646.3,16698.2,16717.2,16664.0,16680.7,False,False,,,26209,2022-12-28 01:00:00+00:00,16680.6,-0.0005275589607089959,0.0022361305948226384,,,,,
2022-12-28 13:00:00+00:00,2022-12-28,NEW_YORK_OPEN,20:00,LONG,LOW_SWEEP,16683.9,16639.4,16646.5,16657.2,16634.1,16642.3,True,False,,,26222,2022-12-28 14:00:00+00:00,16642.4,0.005233620150939755,-0.002415516992741451,,,,,
2022-12-29 07:00:00+00:00,2022-12-29,LONDON_OPEN,14:00,LONG,LOW_SWEEP,16575.3,16534.8,16560.1,16567.1,16529.5,16553.0,False,False,,,26240,2022-12-29 08:00:00+00:00,16553.0,-0.0016311242675043358,0.002857488068628067,,,,,
2022-12-29 13:00:00+00:00,2022-12-29,NEW_YORK_OPEN,20:00,SHORT,HIGH_SWEEP,16619.2,16574.2,16612.5,16650.0,16586.6,16610.2,False,False,,,26246,2022-12-29 14:00:00+00:00,16610.2,-0.0009271411542304264,-0.0008910187715980289,,,,,
2023-01-01 07:00:00+00:00,2023-01-01,LONDON_OPEN,14:00,LONG,LOW_SWEEP,16545.7,16508.0,16535.3,16537.5,16488.0,16519.6,False,False,,,26312,2023-01-01 08:00:00+00:00,16519.5,-0.0009261781530917057,0.0014104543115711632,,,,,
2023-01-03 00:00:00+00:00,2023-01-03,ASIA_OPEN,07:00,LONG,LOW_SWEEP,16799.0,16650.0,16665.9,16699.7,16639.5,16689.1,False,False,,,26353,2023-01-03 01:00:00+00:00,16689.0,-0.0011085145904488058,-0.00026963868416318704,,,,,
2023-01-05 00:00:00+00:00,2023-01-05,ASIA_OPEN,07:00,SHORT,HIGH_SWEEP,16860.9,16789.1,16842.2,16869.0,16817.4,16819.9,False,False,,,26401,2023-01-05 01:00:00+00:00,16819.8,-0.00030915944303733234,4.7562991236427266e-05,,,,,
2023-01-05 07:00:00+00:00,2023-01-05,LONDON_OPEN,14:00,LONG,LOW_SWEEP,16840.7,16804.4,16810.4,16816.7,16782.4,16816.1,False,False,,,26408,2023-01-05 08:00:00+00:00,16816.1,-0.0009633624918974348,1.7840046146355704e-05,,,,,
2023-01-06 00:00:00+00:00,2023-01-06,ASIA_OPEN,07:00,SHORT,HIGH_SWEEP,16857.8,16810.0,16823.8,16865.0,16818.9,16852.1,True,False,,,26425,2023-01-06 01:00:00+00:00,16852.1,0.0020175527085645184,0.0016021742097424019,,,,,
2023-01-07 13:00:00+00:00,2023-01-07,NEW_YORK_OPEN,20:00,SHORT,HIGH_SWEEP,16924.1,16902.0,16912.5,16931.7,16906.5,16911.9,False,False,,,26462,2023-01-07 14:00:00+00:00,16911.9,-0.0011707732425096928,-0.00026608482784307164,,,,,
2023-01-08 07:00:00+00:00,2023-01-08,LONDON_OPEN,14:00,SHORT,HIGH_SWEEP,16945.9,16927.5,16945.8,16947.5,16938.1,16945.5,True,False,,,26480,2023-01-08 08:00:00+00:00,16945.5,0.00039538520551185563,0.000867486943436302,,,,,
2023-01-08 13:00:00+00:00,2023-01-08,NEW_YORK_OPEN,20:00,LONG,LOW_SWEEP,16933.2,16915.3,16915.4,16929.5,16912.7,16924.1,True,True,16929.5,16931.7,26486,2023-01-08 14:00:00+00:00,16924.1,0.0012703777453453302,0.00035452402195690347,26488.0,2023-01-08 16:00:00+00:00,16990.9,-0.0035783860772532483,-0.0040492263505760295
2023-01-09 00:00:00+00:00,2023-01-09,ASIA_OPEN,07:00,SHORT,HIGH_SWEEP,17181.1,16940.0,17124.6,17192.3,17098.2,17178.9,True,False,,,26497,2023-01-09 01:00:00+00:00,17178.9,0.0006927102433800236,-0.0005355406923608363,,,,,
2023-01-10 13:00:00+00:00,2023-01-10,NEW_YORK_OPEN,20:00,LONG,LOW_SWEEP,17278.0,17212.0,17216.2,17248.5,17204.4,17238.7,True,True,17248.5,17263.3,26534,2023-01-10 14:00:00+00:00,17238.7,0.0023609668942554674,0.003213699408888049,26536.0,2023-01-10 16:00:00+00:00,17317.6,-0.0013570009701113772,0.0063576939067770954
2023-01-11 00:00:00+00:00,2023-01-11,ASIA_OPEN,07:00,SHORT,HIGH_SWEEP,17483.8,17393.3,17428.8,17487.5,17420.3,17456.7,True,False,,,26545,2023-01-11 01:00:00+00:00,17456.7,0.0003780783309561553,0.002806945184370524,,,,,
2023-01-11 13:00:00+00:00,2023-01-11,NEW_YORK_OPEN,20:00,LONG,LOW_SWEEP,17450.0,17391.3,17408.6,17426.0,17375.3,17404.8,True,False,,,26558,2023-01-11 14:00:00+00:00,17404.7,7.469246812630281e-05,-0.0037231322573787473,,,,,
2023-01-13 00:00:00+00:00,2023-01-13,ASIA_OPEN,07:00,LONG,LOW_SWEEP,19120.0,18758.5,18838.1,18881.7,18711.0,18769.5,True,False,,,26593,2023-01-13 01:00:00+00:00,18769.5,0.00205120008524462,0.005439676070220223,,,,,
2023-01-14 13:00:00+00:00,2023-01-14,NEW_YORK_OPEN,20:00,SHORT,HIGH_SWEEP,20988.0,20257.3,20920.9,21009.8,20801.2,20945.9,True,False,,,26630,2023-01-14 14:00:00+00:00,20945.9,0.004965172181668032,0.005896141965730739,,,,,
2023-01-15 07:00:00+00:00,2023-01-15,LONDON_OPEN,14:00,LONG,LOW_SWEEP,20798.0,20687.1,20725.5,20754.0,20673.9,20750.0,False,False,,,26648,2023-01-15 08:00:00+00:00,20750.1,-0.005956597799528618,-9.156582377900513e-05,,,,,
2023-01-15 13:00:00+00:00,2023-01-15,NEW_YORK_OPEN,20:00,SHORT,HIGH_SWEEP,20780.0,20661.1,20707.9,20880.0,20701.0,20719.5,False,False,,,26654,2023-01-15 14:00:00+00:00,20719.4,-0.004145872949988805,-0.007978030251841295,,,,,
2023-01-16 13:00:00+00:00,2023-01-16,NEW_YORK_OPEN,20:00,LONG,LOW_SWEEP,20915.0,20783.2,20793.1,20880.0,20774.0,20836.3,True,False,,,26678,2023-01-16 14:00:00+00:00,20836.3,0.0012718188929896623,0.0080676511664739,,,,,
2023-01-17 00:00:00+00:00,2023-01-17,ASIA_OPEN,07:00,SHORT,HIGH_SWEEP,21296.3,21056.0,21188.2,21308.9,21067.2,21110.3,True,False,,,26689,2023-01-17 01:00:00+00:00,21110.3,0.003145384006859153,-0.000914245652596124,,,,,
2023-01-17 07:00:00+00:00,2023-01-17,LONDON_OPEN,14:00,LONG,LOW_SWEEP,21237.0,21063.0,21077.7,21181.9,21062.1,21134.7,True,False,,,26696,2023-01-17 08:00:00+00:00,21134.8,0.0030802278706210107,-0.0003643280277079164,,,,,
2023-01-18 00:00:00+00:00,2023-01-18,ASIA_OPEN,07:00,LONG,LOW_SWEEP,21410.8,21123.1,21130.8,21240.0,21103.6,21201.0,True,False,,,26713,2023-01-18 01:00:00+00:00,21201.1,0.002014046440986572,0.0024998702897491842,,,,,
2023-01-20 07:00:00+00:00,2023-01-20,LONDON_OPEN,14:00,LONG,LOW_SWEEP,21125.0,20921.1,20939.1,20985.5,20856.4,20954.2,False,False,,,26768,2023-01-20 08:00:00+00:00,20954.1,-0.0004963229153243098,0.0002290721147653052,,,,,
2023-01-20 13:00:00+00:00,2023-01-20,NEW_YORK_OPEN,20:00,SHORT,HIGH_SWEEP,21120.0,20910.3,21085.2,21145.0,21035.0,21052.9,False,False,,,26774,2023-01-20 14:00:00+00:00,21053.0,-0.004512421032631941,-0.012302284710017597,,,,,
2023-01-21 00:00:00+00:00,2023-01-21,ASIA_OPEN,07:00,SHORT,HIGH_SWEEP,22750.0,22204.6,22661.0,22812.4,22422.0,22571.5,True,False,,,26785,2023-01-21 01:00:00+00:00,22571.4,0.0005936716375590789,0.0013158244504106742,,,,,
2023-01-21 07:00:00+00:00,2023-01-21,LONDON_OPEN,14:00,SHORT,HIGH_SWEEP,22642.0,22511.2,22617.7,22678.6,22596.6,22631.5,False,False,,,26792,2023-01-21 08:00:00+00:00,22631.6,-0.0027395323353187617,-0.006415807985294952,,,,,
2023-01-22 13:00:00+00:00,2023-01-22,NEW_YORK_OPEN,20:00,SHORT,HIGH_SWEEP,22905.4,22704.3,22873.9,22930.0,22853.3,22899.0,False,False,,,26822,2023-01-22 14:00:00+00:00,22898.9,-0.004118101742878411,0.0036901335872028262,,,,,
2023-01-23 00:00:00+00:00,2023-01-23,ASIA_OPEN,07:00,SHORT,HIGH_SWEEP,22770.0,22317.4,22704.7,22817.9,22660.0,22743.0,True,False,,,26833,2023-01-23 01:00:00+00:00,22743.1,0.0021281179786395432,0.0037593819663985784,,,,,
2023-01-23 07:00:00+00:00,2023-01-23,LONDON_OPEN,14:00,LONG,LOW_SWEEP,22793.3,22657.6,22773.4,22781.5,22596.8,22692.4,True,False,,,26840,2023-01-23 08:00:00+00:00,22692.4,0.001128131004212829,0.009545045918457173,,,,,
2023-01-23 13:00:00+00:00,2023-01-23,NEW_YORK_OPEN,20:00,LONG,LOW_SWEEP,22987.0,22766.6,22909.9,22937.4,22665.4,22797.0,False,False,,,26846,2023-01-23 14:00:00+00:00,22797.1,-0.007079847875387513,0.005097139548451368,,,,,
2023-01-24 07:00:00+00:00,2023-01-24,LONDON_OPEN,14:00,LONG,LOW_SWEEP,23158.7,23024.7,23092.1,23123.9,23000.0,23052.3,False,False,,,26864,2023-01-24 08:00:00+00:00,23052.3,-0.00023424994469090077,-0.006732516928896537,,,,,
2023-01-24 13:00:00+00:00,2023-01-24,NEW_YORK_OPEN,20:00,LONG,LOW_SWEEP,23036.0,22840.4,22958.6,23011.9,22781.7,22856.1,False,False,,,26870,2023-01-24 14:00:00+00:00,22856.0,-8.750437521876098e-05,0.0006081554077703721,,,,,
2023-01-25 07:00:00+00:00,2023-01-25,LONDON_OPEN,14:00,SHORT,HIGH_SWEEP,22734.6,22600.0,22707.2,22766.7,22691.8,22703.9,True,False,,,26888,2023-01-25 08:00:00+00:00,22703.9,0.0022242874572210303,0.004267989200093414,,,,,
2023-01-26 13:00:00+00:00,2023-01-26,NEW_YORK_OPEN,20:00,SHORT,HIGH_SWEEP,23145.0,22843.8,23115.7,23147.1,22856.0,23121.2,True,False,,,26918,2023-01-26 14:00:00+00:00,23121.2,0.0040049824403578516,0.005220317284570064,,,,,
2023-01-28 13:00:00+00:00,2023-01-28,NEW_YORK_OPEN,20:00,LONG,LOW_SWEEP,23009.2,22907.5,22950.4,22967.5,22870.8,22963.9,False,False,,,26966,2023-01-28 14:00:00+00:00,22963.8,-0.0009667389543542848,0.0019944434283523105,,,,,
2023-01-31 00:00:00+00:00,2023-01-31,ASIA_OPEN,07:00,SHORT,HIGH_SWEEP,22837.0,22484.2,22819.9,22873.9,22715.3,22825.1,False,False,,,27025,2023-01-31 01:00:00+00:00,22825.0,-0.00014457831325298542,-7.447973713037292e-05,,,,,
2023-02-01 07:00:00+00:00,2023-02-01,LONDON_OPEN,14:00,LONG,LOW_SWEEP,23160.4,23045.7,23060.0,23110.6,23011.5,23071.0,False,False,,,27056,2023-02-01 08:00:00+00:00,23070.9,-0.0038923492364841827,-0.0033332032993945715,,,,,
2023-02-01 13:00:00+00:00,2023-02-01,NEW_YORK_OPEN,20:00,SHORT,HIGH_SWEEP,23109.2,22940.0,23058.3,23143.6,23015.1,23082.4,False,False,,,27062,2023-02-01 14:00:00+00:00,23082.5,-0.0006715043864400361,0.0035394779594931647,,,,,
2023-02-02 13:00:00+00:00,2023-02-02,NEW_YORK_OPEN,20:00,LONG,LOW_SWEEP,23859.6,23763.6,23807.4,23819.7,23716.0,23773.5,False,False,,,27086,2023-02-02 14:00:00+00:00,23773.5,-0.006801690958420092,0.0007277010116306659,,,,,
2023-02-05 00:00:00+00:00,2023-02-05,ASIA_OPEN,07:00,LONG,LOW_SWEEP,23450.0,23258.0,23322.6,23367.5,23211.0,23287.4,True,False,,,27145,2023-02-05 01:00:00+00:00,23287.5,0.0012753623188406227,0.002400429414922245,,,,,
2023-02-07 13:00:00+00:00,2023-02-07,NEW_YORK_OPEN,20:00,LONG,LOW_SWEEP,23061.0,22955.8,23015.1,23032.1,22930.0,22973.4,False,False,,,27206,2023-02-07 14:00:00+00:00,22973.5,-0.0002263477484928389,-0.00010882103292919609,,,,,
2023-02-08 07:00:00+00:00,2023-02-08,LONDON_OPEN,14:00,LONG,LOW_SWEEP,23283.5,23180.0,23192.4,23233.6,23173.7,23226.9,False,False,,,27224,2023-02-08 08:00:00+00:00,23227.0,-0.0010720282429931283,-0.003142894045722655,,,,,
2023-02-08 13:00:00+00:00,2023-02-08,NEW_YORK_OPEN,20:00,LONG,LOW_SWEEP,23199.1,23071.0,23118.1,23134.8,23040.9,23104.0,False,False,,,27230,2023-02-08 14:00:00+00:00,23104.0,-0.0026662049861495563,-0.006327908587257625,,,,,
2023-02-09 00:00:00+00:00,2023-02-09,ASIA_OPEN,07:00,SHORT,HIGH_SWEEP,22977.0,22813.7,22955.9,23007.8,22921.8,22972.3,True,False,,,27241,2023-02-09 01:00:00+00:00,22972.4,0.0015322735108217467,0.020058853232574836,,,,,
2023-02-09 07:00:00+00:00,2023-02-09,LONDON_OPEN,14:00,SHORT,HIGH_SWEEP,22730.0,22341.1,22710.4,22731.8,22638.4,22668.7,False,False,,,27248,2023-02-09 08:00:00+00:00,22668.8,-0.0019012916431395688,-0.0009749082439300949,,,,,
2023-02-12 13:00:00+00:00,2023-02-12,NEW_YORK_OPEN,20:00,LONG,LOW_SWEEP,21911.0,21801.0,21806.6,21824.4,21750.0,21807.8,True,True,21824.4,21873.0,27326,2023-02-12 14:00:00+00:00,21807.8,0.004860646190812501,0.008419006043709265,27328.0,2023-02-12 16:00:00+00:00,21931.4,0.002735803459879449,0.0012995066434426938
2023-02-15 00:00:00+00:00,2023-02-15,ASIA_OPEN,07:00,LONG,LOW_SWEEP,22275.0,22110.4,22187.4,22190.8,22098.6,22137.1,False,False,,,27385,2023-02-15 01:00:00+00:00,22137.0,-0.001644305913177102,-0.0021728328138410635,,,,,
2023-02-15 07:00:00+00:00,2023-02-15,LONDON_OPEN,14:00,SHORT,HIGH_SWEEP,22148.0,22061.2,22107.1,22164.4,22085.1,22097.5,True,False,,,27392,2023-02-15 08:00:00+00:00,22097.4,0.000751219600496067,-0.005665824938680508,,,,,
2023-02-16 07:00:00+00:00,2023-02-16,LONDON_OPEN,14:00,LONG,LOW_SWEEP,24764.6,24578.0,24597.9,24652.0,24427.0,24630.8,False,False,,,27416,2023-02-16 08:00:00+00:00,24630.8,-0.0015509037465287756,0.00015021842571094624,,,,,
2023-02-17 00:00:00+00:00,2023-02-17,ASIA_OPEN,07:00,LONG,LOW_SWEEP,24590.4,23518.0,23526.6,23787.3,23350.0,23718.5,True,False,,,27433,2023-02-17 01:00:00+00:00,23718.5,0.005636950060079693,0.005084638573265465,,,,,
2023-02-19 13:00:00+00:00,2023-02-19,NEW_YORK_OPEN,20:00,SHORT,HIGH_SWEEP,24710.4,24578.3,24700.4,24718.7,24666.0,24666.0,False,False,,,27494,2023-02-19 14:00:00+00:00,24666.1,-0.0036244075877418513,-0.004662269268348007,,,,,
2023-02-20 00:00:00+00:00,2023-02-20,ASIA_OPEN,07:00,LONG,LOW_SWEEP,24578.4,24179.4,24265.9,24409.7,24136.8,24208.1,True,False,,,27505,2023-02-20 01:00:00+00:00,24208.0,0.0009500991407798143,0.008546761401189817,,,,,
2023-02-21 07:00:00+00:00,2023-02-21,LONDON_OPEN,14:00,SHORT,HIGH_SWEEP,25050.0,24855.2,25038.6,25053.9,24938.7,25004.6,True,True,24833.2,24938.7,27536,2023-02-21 08:00:00+00:00,25004.6,0.012809643025683215,0.01219775561296721,27538.0,2023-02-21 10:00:00+00:00,24797.4,0.003943961866969992,0.006585367820820087
2023-02-22 13:00:00+00:00,2023-02-22,NEW_YORK_OPEN,20:00,LONG,LOW_SWEEP,24231.7,24040.4,24128.4,24144.2,23947.7,24104.3,False,False,,,27566,2023-02-22 14:00:00+00:00,24104.2,-0.00732237535367275,-0.019760041818438268,,,,,
2023-02-23 00:00:00+00:00,2023-02-23,ASIA_OPEN,07:00,SHORT,HIGH_SWEEP,24209.6,23730.0,24171.3,24240.0,24115.0,24118.0,False,False,,,27577,2023-02-23 01:00:00+00:00,24117.9,-0.0026121677260457776,-0.01353351659970392,,,,,
2023-02-24 00:00:00+00:00,2023-02-24,ASIA_OPEN,07:00,SHORT,HIGH_SWEEP,24006.6,23750.0,23928.7,24017.2,23879.0,23946.2,False,False,,,27601,2023-02-24 01:00:00+00:00,23946.3,-0.0019376688674241915,5.011212588168501e-05,,,,,
2023-02-24 13:00:00+00:00,2023-02-24,NEW_YORK_OPEN,20:00,LONG,LOW_SWEEP,24029.3,23770.0,23875.9,23984.1,23650.9,23770.0,True,False,,,27614,2023-02-24 14:00:00+00:00,23770.1,0.0012620897682382726,-0.024833719673034604,,,,,
2023-02-25 13:00:00+00:00,2023-02-25,NEW_YORK_OPEN,20:00,SHORT,HIGH_SWEEP,23053.2,22845.6,23007.3,23075.0,22980.0,22991.7,True,False,,,27638,2023-02-25 14:00:00+00:00,22991.6,4.784356025677727e-05,-0.0004610379442928636,,,,,
2023-03-01 00:00:00+00:00,2023-03-01,ASIA_OPEN,07:00,LONG,LOW_SWEEP,23266.1,23010.0,23129.7,23209.6,23008.4,23090.3,True,True,23209.6,23221.7,27721,2023-03-01 01:00:00+00:00,23090.2,0.006327359659076048,0.014785493412789785,27723.0,2023-03-01 03:00:00+00:00,23318.9,0.0048329895492496,0.015746883429321068
2023-03-01 13:00:00+00:00,2023-03-01,NEW_YORK_OPEN,20:00,LONG,LOW_SWEEP,23819.5,23670.3,23719.0,23729.0,23610.0,23686.5,False,False,,,27734,2023-03-01 14:00:00+00:00,23686.4,-0.0006121656309105994,-8.443663874646568e-06,,,,,
2023-03-02 00:00:00+00:00,2023-03-02,ASIA_OPEN,07:00,SHORT,HIGH_SWEEP,23667.5,23359.2,23619.8,23790.5,23587.2,23595.9,True,True,23534.5,23587.2,27745,2023-03-02 01:00:00+00:00,23596.0,0.003949822003729508,0.004615189015087395,27747.0,2023-03-02 03:00:00+00:00,23487.6,2.128782847121702e-05,0.0021543282412846976
2023-03-02 07:00:00+00:00,2023-03-02,LONDON_OPEN,14:00,LONG,LOW_SWEEP,23535.9,23366.0,23426.9,23436.0,23325.0,23381.9,True,False,,,27752,2023-03-02 08:00:00+00:00,23381.8,0.0023223190686774142,-0.0006115867897252825,,,,,
2023-03-04 00:00:00+00:00,2023-03-04,ASIA_OPEN,07:00,SHORT,HIGH_SWEEP,22364.0,22126.0,22342.8,22379.2,22320.5,22356.5,True,False,,,27793,2023-03-04 01:00:00+00:00,22356.5,0.0011987565137655531,0.0007648782233354856,,,,,
2023-03-09 07:00:00+00:00,2023-03-09,LONDON_OPEN,14:00,LONG,LOW_SWEEP,21766.0,21678.1,21734.9,21734.9,21660.0,21680.9,False,False,,,27920,2023-03-09 08:00:00+00:00,21680.9,-0.0003182524710690915,-0.0018910654078013733,,,,,
2023-03-10 00:00:00+00:00,2023-03-10,ASIA_OPEN,07:00,LONG,LOW_SWEEP,20487.4,20096.9,20348.4,20351.8,20000.1,20108.8,False,False,,,27937,2023-03-10 01:00:00+00:00,20108.8,-0.00041772756206226447,-0.0033169557606620437,,,,,
2023-03-10 07:00:00+00:00,2023-03-10,LONDON_OPEN,14:00,LONG,LOW_SWEEP,20052.0,19824.4,19867.4,20029.8,19757.0,19942.9,True,False,,,27944,2023-03-10 08:00:00+00:00,19943.0,0.00023567166424309782,-0.01648698791555936,,,,,
2023-03-11 00:00:00+00:00,2023-03-11,ASIA_OPEN,07:00,SHORT,HIGH_SWEEP,20232.5,19835.0,20140.3,20295.9,20124.8,20206.9,False,False,,,27961,2023-03-11 01:00:00+00:00,20206.9,-0.018053239240061636,-0.008625766446114902,,,,,
2023-03-12 07:00:00+00:00,2023-03-12,LONDON_OPEN,14:00,LONG,LOW_SWEEP,20429.7,20310.3,20320.8,20365.8,20262.2,20335.6,True,False,,,27992,2023-03-12 08:00:00+00:00,20335.6,0.0015785125592557847,0.003904482778968932,,,,,
2023-03-14 00:00:00+00:00,2023-03-14,ASIA_OPEN,07:00,SHORT,HIGH_SWEEP,24249.8,23935.7,24119.5,24250.0,23990.0,24172.6,False,False,,,28033,2023-03-14 01:00:00+00:00,24172.6,-0.009709340327478166,-0.008575825521458302,,,,,
2023-03-14 07:00:00+00:00,2023-03-14,LONDON_OPEN,14:00,LONG,LOW_SWEEP,24850.0,24230.0,24332.6,24410.0,24148.0,24251.9,False,False,,,28040,2023-03-14 08:00:00+00:00,24252.3,-0.0007133344053965596,0.013161638277606746,,,,,
2023-03-14 13:00:00+00:00,2023-03-14,NEW_YORK_OPEN,20:00,SHORT,HIGH_SWEEP,26093.0,24247.7,25870.0,26489.9,25600.0,25794.3,False,False,,,28046,2023-03-14 14:00:00+00:00,25794.3,-0.0019384127501036463,-0.0036287086681943137,,,,,
2023-03-16 13:00:00+00:00,2023-03-16,NEW_YORK_OPEN,20:00,LONG,LOW_SWEEP,25060.0,24565.9,24721.6,24850.0,24516.0,24828.4,True,False,,,28094,2023-03-16 14:00:00+00:00,24828.4,0.0006041468640749503,-0.0021467351903466936,,,,,
2023-03-19 07:00:00+00:00,2023-03-19,LONDON_OPEN,14:00,LONG,LOW_SWEEP,27282.7,26876.9,26926.2,26998.8,26815.9,26963.4,True,False,,,28160,2023-03-19 08:00:00+00:00,26963.4,0.00030782468086365533,0.003022615842215748,,,,,
2023-03-26 00:00:00+00:00,2023-03-26,ASIA_OPEN,07:00,SHORT,HIGH_SWEEP,27522.0,27331.5,27447.2,27625.0,27400.0,27519.2,False,False,,,28321,2023-03-26 01:00:00+00:00,27519.1,-0.0022493468173014897,6.54091158504011e-05,,,,,
2023-03-29 00:00:00+00:00,2023-03-29,ASIA_OPEN,07:00,SHORT,HIGH_SWEEP,27319.9,27080.0,27249.7,27329.9,27223.6,27257.5,False,False,,,28393,2023-03-29 01:00:00+00:00,27257.5,-0.002014124552875307,-0.003543978721452845,,,,,
2023-03-29 13:00:00+00:00,2023-03-29,NEW_YORK_OPEN,20:00,SHORT,HIGH_SWEEP,28475.0,28211.5,28430.1,28481.8,28312.9,28415.4,True,False,,,28406,2023-03-29 14:00:00+00:00,28415.5,0.004698140099593573,0.009776354454435032,,,,,
2023-03-30 13:00:00+00:00,2023-03-30,NEW_YORK_OPEN,20:00,LONG,LOW_SWEEP,28685.9,28501.2,28630.3,28631.9,28388.0,28505.0,False,False,,,28430,2023-03-30 14:00:00+00:00,28504.9,-0.003062631337068411,-0.009475563850425806,,,,,
2023-04-01 07:00:00+00:00,2023-04-01,LONDON_OPEN,14:00,LONG,LOW_SWEEP,28617.8,28333.1,28474.9,28475.0,28328.0,28416.1,True,False,,,28472,2023-04-01 08:00:00+00:00,28416.1,0.00035895143950082087,0.0013619039910472974,,,,,
2023-04-02 13:00:00+00:00,2023-04-02,NEW_YORK_OPEN,20:00,LONG,LOW_SWEEP,28406.9,28223.8,28255.1,28327.2,28114.9,28271.8,False,False,,,28502,2023-04-02 14:00:00+00:00,28271.9,-0.0004916542574076033,-0.005666403743646575,,,,,
2023-04-05 07:00:00+00:00,2023-04-05,LONDON_OPEN,14:00,LONG,LOW_SWEEP,28615.0,28466.0,28520.0,28529.8,28433.4,28515.7,True,False,,,28568,2023-04-05 08:00:00+00:00,28515.7,0.0005014781330985318,-0.0005610944146557939,,,,,
2023-04-08 13:00:00+00:00,2023-04-08,NEW_YORK_OPEN,20:00,SHORT,HIGH_SWEEP,28023.9,27925.1,27977.5,28036.9,27950.7,28008.6,False,False,,,28646,2023-04-08 14:00:00+00:00,28008.6,-5.712531151158551e-05,0.000631948758595513,,,,,
2023-04-11 13:00:00+00:00,2023-04-11,NEW_YORK_OPEN,20:00,SHORT,HIGH_SWEEP,30235.0,29990.4,30088.4,30269.0,30063.0,30233.4,True,False,,,28718,2023-04-11 14:00:00+00:00,30233.5,0.006142193262440698,0.0039426464021697916,,,,,
2023-04-12 00:00:00+00:00,2023-04-12,ASIA_OPEN,07:00,SHORT,HIGH_SWEEP,30269.9,30110.8,30185.1,30350.0,30183.9,30213.0,True,True,30159.6,30183.9,28729,2023-04-12 01:00:00+00:00,30213.0,0.0018468871015787647,0.009869923542845771,28731.0,2023-04-12 03:00:00+00:00,29909.5,-0.00017720122369135893,4.346445109415509e-05
2023-04-12 07:00:00+00:00,2023-04-12,LONDON_OPEN,14:00,SHORT,HIGH_SWEEP,29986.0,29829.5,29921.0,30063.0,29910.7,29979.4,True,False,,,28736,2023-04-12 08:00:00+00:00,29979.5,0.0026284627829016305,-1.000683800600477e-05,,,,,
2023-04-13 13:00:00+00:00,2023-04-13,NEW_YORK_OPEN,20:00,SHORT,HIGH_SWEEP,30300.0,30116.5,30258.9,30329.3,30150.0,30164.3,False,False,,,28766,2023-04-13 14:00:00+00:00,30164.3,-0.008752067841786504,-0.004919722983792063,,,,,
2023-04-15 00:00:00+00:00,2023-04-15,ASIA_OPEN,07:00,SHORT,HIGH_SWEEP,30493.2,30348.5,30453.0,30599.9,30359.6,30361.1,True,False,,,28801,2023-04-15 01:00:00+00:00,30361.1,0.00017785916847534722,-0.00019762129830613873,,,,,
2023-04-15 07:00:00+00:00,2023-04-15,LONDON_OPEN,14:00,SHORT,HIGH_SWEEP,30423.3,30327.4,30376.5,30464.0,30375.6,30416.6,True,False,,,28808,2023-04-15 08:00:00+00:00,30416.6,0.0014926060111911665,0.0005424669423933492,,,,,
2023-04-16 07:00:00+00:00,2023-04-16,LONDON_OPEN,14:00,SHORT,HIGH_SWEEP,30340.0,30240.5,30289.2,30397.4,30279.6,30330.8,True,False,,,28832,2023-04-16 08:00:00+00:00,30330.8,0.00026705527055004286,0.0016748651535732906,,,,,
2023-04-16 13:00:00+00:00,2023-04-16,NEW_YORK_OPEN,20:00,LONG,LOW_SWEEP,30314.7,30210.0,30250.1,30256.2,30142.5,30241.0,True,True,30256.2,30289.5,28838,2023-04-16 14:00:00+00:00,30241.0,0.002083264442313437,0.0031050560497338786,28840.0,2023-04-16 16:00:00+00:00,30324.7,0.0003363594693435168,0.005355370374644952
2023-04-17 13:00:00+00:00,2023-04-17,NEW_YORK_OPEN,20:00,LONG,LOW_SWEEP,29888.0,29283.8,29520.0,29529.9,29231.0,29391.1,True,False,,,28862,2023-04-17 14:00:00+00:00,29391.0,0.0011602191146948826,0.0020312340512402827,,,,,
2023-04-19 00:00:00+00:00,2023-04-19,ASIA_OPEN,07:00,LONG,LOW_SWEEP,30438.1,30272.4,30365.8,30410.0,30267.4,30306.4,False,False,,,28897,2023-04-19 01:00:00+00:00,30306.5,-0.0027683830201442605,-0.0035173972580139212,,,,,
2023-04-19 07:00:00+00:00,2023-04-19,LONDON_OPEN,14:00,LONG,LOW_SWEEP,30326.9,29985.1,29989.9,30107.0,29960.0,30064.8,False,False,,,28904,2023-04-19 08:00:00+00:00,30064.7,-0.030490907941872036,-0.02743084081996494,,,,,
2023-04-19 13:00:00+00:00,2023-04-19,NEW_YORK_OPEN,20:00,SHORT,HIGH_SWEEP,29329.4,29065.1,29209.9,29329.9,29164.7,29317.7,False,False,,,28910,2023-04-19 14:00:00+00:00,29317.6,-0.0020090321172265835,0.0007231151253853652,,,,,
2023-04-21 13:00:00+00:00,2023-04-21,NEW_YORK_OPEN,20:00,SHORT,HIGH_SWEEP,28220.8,27904.4,28206.6,28300.0,28078.0,28104.0,True,False,,,28958,2023-04-21 14:00:00+00:00,28103.9,0.001974814883343612,0.0024516170353581224,,,,,
2023-04-25 00:00:00+00:00,2023-04-25,ASIA_OPEN,07:00,SHORT,HIGH_SWEEP,27547.1,27305.2,27497.4,27583.6,27415.0,27447.8,True,False,,,29041,2023-04-25 01:00:00+00:00,27447.8,0.0022333301758246105,0.004014893725544533,,,,,
2023-04-26 00:00:00+00:00,2023-04-26,ASIA_OPEN,07:00,SHORT,HIGH_SWEEP,28379.9,27961.6,28286.7,28473.0,28250.1,28287.0,False,False,,,29065,2023-04-26 01:00:00+00:00,28287.1,-0.0029518755899331506,-0.0003217014115974859,,,,,
2023-04-29 00:00:00+00:00,2023-04-29,ASIA_OPEN,07:00,LONG,LOW_SWEEP,29417.9,29250.0,29300.0,29339.0,29180.0,29252.0,True,False,,,29137,2023-04-29 01:00:00+00:00,29251.9,0.00018118481192663793,0.0026288890636163575,,,,,
2023-04-30 00:00:00+00:00,2023-04-30,ASIA_OPEN,07:00,LONG,LOW_SWEEP,29247.9,29115.6,29212.7,29217.7,29100.0,29124.3,False,False,,,29161,2023-04-30 01:00:00+00:00,29124.4,-0.0013699853044183419,0.0014970265481863976,,,,,
2023-04-30 07:00:00+00:00,2023-04-30,LONDON_OPEN,14:00,SHORT,HIGH_SWEEP,29271.9,29158.6,29260.0,29287.5,29248.3,29252.0,False,False,,,29168,2023-04-30 08:00:00+00:00,29251.9,-0.00030083515942558314,0.0014084555191287151,,,,,
2023-04-30 13:00:00+00:00,2023-04-30,NEW_YORK_OPEN,20:00,SHORT,HIGH_SWEEP,29307.4,29150.0,29227.2,29322.5,29221.9,29278.0,False,False,,,29174,2023-04-30 14:00:00+00:00,29277.9,-0.003384805604226937,-0.014420433159481938,,,,,
2023-05-01 07:00:00+00:00,2023-05-01,LONDON_OPEN,14:00,SHORT,HIGH_SWEEP,28620.0,28200.0,28578.0,28700.0,28559.8,28610.0,True,False,,,29192,2023-05-01 08:00:00+00:00,28609.9,0.0016952173897846201,0.0025166113827731484,,,,,
2023-05-02 13:00:00+00:00,2023-05-02,NEW_YORK_OPEN,20:00,LONG,LOW_SWEEP,28250.0,27953.1,28095.7,28129.7,27917.9,27994.9,True,True,28129.7,28250.4,29222,2023-05-02 14:00:00+00:00,27994.9,0.012966647496508221,0.016510150063047124,29224.0,2023-05-02 16:00:00+00:00,28521.0,-0.002240454402019587,0.006532029031240061
2023-05-03 13:00:00+00:00,2023-05-03,NEW_YORK_OPEN,20:00,LONG,LOW_SWEEP,28668.9,28220.0,28296.3,28386.5,28115.4,28359.1,False,False,,,29246,2023-05-03 14:00:00+00:00,28359.1,-0.005377462613411543,0.003723672471975581,,,,,
2023-05-04 07:00:00+00:00,2023-05-04,LONDON_OPEN,14:00,LONG,LOW_SWEEP,29228.1,29044.0,29149.2,29168.3,29022.4,29048.6,True,False,,,29264,2023-05-04 08:00:00+00:00,29048.7,0.0009673410514068337,0.006399597916602051,,,,,
2023-05-06 07:00:00+00:00,2023-05-06,LONDON_OPEN,14:00,SHORT,HIGH_SWEEP,29404.6,29225.3,29376.1,29430.0,29348.6,29350.2,True,False,,,29312,2023-05-06 08:00:00+00:00,29350.2,0.0010051038834488768,0.0038773159978466865,,,,,
2023-05-07 07:00:00+00:00,2023-05-07,LONDON_OPEN,14:00,SHORT,HIGH_SWEEP,28928.9,28771.9,28899.4,28943.0,28875.8,28891.9,True,False,,,29336,2023-05-07 08:00:00+00:00,28891.8,0.0016059920115741866,0.0018967319447039666,,,,,
2023-05-07 13:00:00+00:00,2023-05-07,NEW_YORK_OPEN,20:00,SHORT,HIGH_SWEEP,28932.0,28691.2,28905.1,28991.9,28871.2,28908.7,False,False,,,29342,2023-05-07 14:00:00+00:00,28908.6,-0.004265166766982853,-0.0011173145707505938,,,,,
2023-05-08 00:00:00+00:00,2023-05-08,ASIA_OPEN,07:00,LONG,LOW_SWEEP,28947.7,28370.0,28419.5,28624.6,28345.0,28563.5,False,False,,,29353,2023-05-08 01:00:00+00:00,28563.4,-0.012445997325248426,-0.013142693096760194,,,,,
2023-05-08 13:00:00+00:00,2023-05-08,NEW_YORK_OPEN,20:00,LONG,LOW_SWEEP,27964.6,27726.8,27756.9,27960.0,27717.1,27844.6,True,False,,,29366,2023-05-08 14:00:00+00:00,27844.6,0.004076194306975145,0.00048124232346680174,,,,,
2023-05-10 13:00:00+00:00,2023-05-10,NEW_YORK_OPEN,20:00,SHORT,HIGH_SWEEP,28169.0,27515.4,28160.2,28297.0,28014.4,28153.7,True,False,,,29414,2023-05-10 14:00:00+00:00,28153.8,0.002692354140471198,-0.0004546455540637151,,,,,
2023-05-11 07:00:00+00:00,2023-05-11,LONDON_OPEN,14:00,SHORT,HIGH_SWEEP,27527.6,27382.4,27489.3,27544.1,27401.1,27437.5,True,False,,,29432,2023-05-11 08:00:00+00:00,27437.5,0.0020264236902050037,-0.00033166287015951035,,,,,
2023-05-12 13:00:00+00:00,2023-05-12,NEW_YORK_OPEN,20:00,SHORT,HIGH_SWEEP,26473.0,26302.8,26397.2,26555.9,26339.2,26436.2,True,False,,,29462,2023-05-12 14:00:00+00:00,26436.1,0.005068826339739929,0.005848063821819349,,,,,
2023-05-13 07:00:00+00:00,2023-05-13,LONDON_OPEN,14:00,LONG,LOW_SWEEP,26862.9,26699.0,26722.1,26786.4,26674.9,26759.3,True,False,,,29480,2023-05-13 08:00:00+00:00,26759.2,0.0010388950342312686,0.002189901043379461,,,,,
2023-05-14 00:00:00+00:00,2023-05-14,ASIA_OPEN,07:00,LONG,LOW_SWEEP,26928.6,26730.0,26762.8,26797.4,26557.0,26731.4,False,False,,,29497,2023-05-14 01:00:00+00:00,26731.4,-0.0003927964865289013,0.004571402919413048,,,,,
2023-05-15 13:00:00+00:00,2023-05-15,NEW_YORK_OPEN,20:00,SHORT,HIGH_SWEEP,27441.0,27288.0,27380.7,27441.7,27325.2,27361.6,False,False,,,29534,2023-05-15 14:00:00+00:00,27361.6,-0.0010671890532718553,-0.0038740424536576334,,,,,
2023-05-16 00:00:00+00:00,2023-05-16,ASIA_OPEN,07:00,LONG,LOW_SWEEP,27375.0,27100.0,27152.5,27284.7,27045.0,27194.1,False,False,,,29545,2023-05-16 01:00:00+00:00,27194.1,-0.00681030076376854,-0.0027726602461563,,,,,
2023-05-16 13:00:00+00:00,2023-05-16,NEW_YORK_OPEN,20:00,LONG,LOW_SWEEP,27127.4,26959.1,27047.3,27120.0,26955.1,26969.6,True,False,,,29558,2023-05-16 14:00:00+00:00,26969.6,0.00015943877551038987,0.0027438300901756474,,,,,
2023-05-18 13:00:00+00:00,2023-05-18,NEW_YORK_OPEN,20:00,LONG,LOW_SWEEP,27471.5,27206.3,27224.5,27271.9,27165.6,27246.4,False,False,,,29606,2023-05-18 14:00:00+00:00,27246.4,-0.0003817018028070551,-0.006837600563744273,,,,,
2023-05-19 07:00:00+00:00,2023-05-19,LONDON_OPEN,14:00,SHORT,HIGH_SWEEP,26928.0,26801.5,26891.0,26950.0,26830.5,26841.9,False,False,,,29624,2023-05-19 08:00:00+00:00,26842.0,-0.0011958870426942436,0.001158631994635173,,,,,
2023-05-20 13:00:00+00:00,2023-05-20,NEW_YORK_OPEN,20:00,LONG,LOW_SWEEP,26938.9,26858.9,26882.9,26906.0,26857.1,26878.9,True,False,,,29654,2023-05-20 14:00:00+00:00,26878.9,0.0010045053927059122,0.0010231073444226801,,,,,
2023-05-23 07:00:00+00:00,2023-05-23,LONDON_OPEN,14:00,LONG,LOW_SWEEP,27527.5,27278.0,27284.5,27319.9,27202.2,27295.8,True,False,,,29720,2023-05-23 08:00:00+00:00,27295.8,0.0009928267352488085,0.000996490302537456,,,,,
2023-05-23 13:00:00+00:00,2023-05-23,NEW_YORK_OPEN,20:00,LONG,LOW_SWEEP,27383.0,27225.0,27271.8,27300.0,27159.3,27229.8,True,False,,,29726,2023-05-23 14:00:00+00:00,27229.7,0.0029783655346917737,-0.00038193590087298723,,,,,
2023-05-26 00:00:00+00:00,2023-05-26,ASIA_OPEN,07:00,LONG,LOW_SWEEP,26545.8,26420.6,26461.7,26496.1,26363.2,26461.0,False,False,,,29785,2023-05-26 01:00:00+00:00,26460.9,-0.0021654592247429827,-0.0013302646546413666,,,,,
2023-05-29 00:00:00+00:00,2023-05-29,ASIA_OPEN,07:00,SHORT,HIGH_SWEEP,28252.8,27539.3,28055.8,28442.0,28055.7,28188.6,True,False,,,29857,2023-05-29 01:00:00+00:00,28188.6,0.0010145945524077105,0.00853891289386477,,,,,
2023-05-29 07:00:00+00:00,2023-05-29,LONDON_OPEN,14:00,LONG,LOW_SWEEP,28040.0,27845.9,28000.0,28000.0,27822.7,27895.0,False,False,,,29864,2023-05-29 08:00:00+00:00,27895.0,-8.603692417996633e-05,-0.0015092310449901225,,,,,
2023-05-30 07:00:00+00:00,2023-05-30,LONDON_OPEN,14:00,SHORT,HIGH_SWEEP,27837.2,27659.3,27785.0,27839.3,27715.1,27721.0,False,False,,,29888,2023-05-30 08:00:00+00:00,27721.1,-0.0017603919036401905,-0.005984611000285023,,,,,
2023-05-30 13:00:00+00:00,2023-05-30,NEW_YORK_OPEN,20:00,LONG,LOW_SWEEP,28038.6,27772.5,27887.1,27957.6,27740.0,27788.0,False,False,,,29894,2023-05-30 14:00:00+00:00,27787.9,-0.006420060529942928,-0.003274806660452878,,,,,
2023-05-31 13:00:00+00:00,2023-05-31,NEW_YORK_OPEN,20:00,SHORT,HIGH_SWEEP,27131.5,26980.0,27064.1,27219.6,27050.0,27104.0,True,False,,,29918,2023-05-31 14:00:00+00:00,27103.9,0.0029848103040522878,0.006464014403831264,,,,,
2023-06-02 00:00:00+00:00,2023-06-02,ASIA_OPEN,07:00,LONG,LOW_SWEEP,26934.0,26697.1,26805.3,26815.8,26477.6,26779.9,True,False,,,29953,2023-06-02 01:00:00+00:00,26780.0,0.0009596713965647208,0.007658700522778172,,,,,
2023-06-03 13:00:00+00:00,2023-06-03,NEW_YORK_OPEN,20:00,SHORT,HIGH_SWEEP,27173.8,27100.0,27152.9,27176.3,27134.0,27157.1,False,False,,,29990,2023-06-03 14:00:00+00:00,27157.2,-3.314038266077901e-05,-0.0030305038811069274,,,,,
2023-06-04 13:00:00+00:00,2023-06-04,NEW_YORK_OPEN,20:00,SHORT,HIGH_SWEEP,27231.8,27150.0,27199.5,27290.0,27192.5,27231.3,True,False,,,30014,2023-06-04 14:00:00+00:00,27231.4,0.00034151751287125887,0.002497117298412843,,,,,
2023-06-05 13:00:00+00:00,2023-06-05,NEW_YORK_OPEN,20:00,LONG,LOW_SWEEP,26785.0,26632.4,26684.7,26755.6,26625.0,26714.8,True,False,,,30038,2023-06-05 14:00:00+00:00,26714.9,0.002807422075321364,-0.03436658943136606,,,,,
2023-06-07 00:00:00+00:00,2023-06-07,ASIA_OPEN,07:00,SHORT,HIGH_SWEEP,27358.1,26934.3,27221.5,27394.4,27152.5,27170.2,True,True,27091.3,27152.5,30073,2023-06-07 01:00:00+00:00,27170.2,0.003161551994464551,0.01005513393350066,30075.0,2023-06-07 03:00:00+00:00,26930.2,0.0012328166890702708,0.0010508648283339417
2023-06-08 07:00:00+00:00,2023-06-08,LONDON_OPEN,14:00,SHORT,HIGH_SWEEP,26497.7,26270.6,26413.3,26516.3,26401.3,26431.5,True,False,,,30104,2023-06-08 08:00:00+00:00,26431.6,0.00013620060836261327,-0.0016230572496558349,,,,,
2023-06-08 13:00:00+00:00,2023-06-08,NEW_YORK_OPEN,20:00,LONG,LOW_SWEEP,26594.9,26353.4,26447.7,26465.0,26283.4,26389.9,True,True,26465.0,26570.0,30110,2023-06-08 14:00:00+00:00,26389.8,0.009321783416319951,0.00372113468082369,30112.0,2023-06-08 16:00:00+00:00,26705.8,-0.00815553175714634,-0.0063619138913643125
2023-06-09 13:00:00+00:00,2023-06-09,NEW_YORK_OPEN,20:00,SHORT,HIGH_SWEEP,26699.9,26546.1,26662.2,26775.0,26611.0,26619.0,True,False,,,30134,2023-06-09 14:00:00+00:00,26619.0,0.0014538487546489343,0.005409669784740223,,,,,
2023-06-10 13:00:00+00:00,2023-06-10,NEW_YORK_OPEN,20:00,LONG,LOW_SWEEP,25729.1,25577.0,25602.0,25657.8,25559.5,25644.9,True,False,,,30158,2023-06-10 14:00:00+00:00,25645.0,0.0004718268668355563,-0.002515110157925493,,,,,
2023-06-11 13:00:00+00:00,2023-06-11,NEW_YORK_OPEN,20:00,LONG,LOW_SWEEP,25839.0,25689.0,25740.3,25767.4,25661.0,25693.2,True,False,,,30182,2023-06-11 14:00:00+00:00,25693.3,0.002140635885619968,0.006484180700805364,,,,,
2023-06-14 13:00:00+00:00,2023-06-14,NEW_YORK_OPEN,20:00,LONG,LOW_SWEEP,26077.0,25921.5,26006.9,26017.9,25915.6,25981.5,True,False,,,30254,2023-06-14 14:00:00+00:00,25981.5,0.0003348536458633866,-0.0009891653676654677,,,,,
2023-06-15 07:00:00+00:00,2023-06-15,LONDON_OPEN,14:00,LONG,LOW_SWEEP,25063.4,24889.5,24917.4,24996.4,24856.0,24974.6,False,False,,,30272,2023-06-15 08:00:00+00:00,24974.6,-0.0006606712419818805,-0.0025265669920638834,,,,,
2023-06-16 13:00:00+00:00,2023-06-16,NEW_YORK_OPEN,20:00,SHORT,HIGH_SWEEP,25594.9,25453.0,25555.4,25622.7,25473.0,25482.4,False,False,,,30302,2023-06-16 14:00:00+00:00,25482.4,-0.004701284023482799,-0.01835776849904236,,,,,
2023-06-18 07:00:00+00:00,2023-06-18,LONDON_OPEN,14:00,SHORT,HIGH_SWEEP,26642.2,26457.2,26531.8,26675.1,26531.7,26572.0,True,True,26530.0,26531.7,30344,2023-06-18 08:00:00+00:00,26572.0,0.0031348788198103383,0.0027886497064578686,30346.0,2023-06-18 10:00:00+00:00,26515.6,0.000667531566323154,-0.00023382461645216068
2023-06-22 00:00:00+00:00,2023-06-22,ASIA_OPEN,07:00,SHORT,HIGH_SWEEP,30195.8,29766.0,29988.5,30242.1,29880.0,30131.5,False,False,,,30433,2023-06-22 01:00:00+00:00,30131.4,-0.0005907458664382581,-0.005054527834750466,,,,,
2023-06-22 07:00:00+00:00,2023-06-22,LONDON_OPEN,14:00,LONG,LOW_SWEEP,30341.5,30021.0,30120.1,30179.9,30000.0,30094.5,False,False,,,30440,2023-06-22 08:00:00+00:00,30094.5,-0.00010300885543867988,0.002419046669657199,,,,,
2023-06-22 13:00:00+00:00,2023-06-22,NEW_YORK_OPEN,20:00,SHORT,HIGH_SWEEP,30244.5,29800.0,30099.1,30353.9,30086.3,30226.8,True,True,29950.0,30086.3,30446,2023-06-22 14:00:00+00:00,30226.9,0.016260350879514607,0.008902666168214446,30448.0,2023-06-22 16:00:00+00:00,29837.3,-0.004038569173484108,-0.009853438481363996
2023-06-23 13:00:00+00:00,2023-06-23,NEW_YORK_OPEN,20:00,LONG,LOW_SWEEP,30233.9,29919.8,30090.2,30175.0,29901.1,30063.3,True,True,30175.0,30238.6,30470,2023-06-23 14:00:00+00:00,30063.3,0.007038482136026314,0.034164579404124096,30472.0,2023-06-23 16:00:00+00:00,31232.9,-0.004562496598138455,-0.00951560694011766
2023-06-24 13:00:00+00:00,2023-06-24,NEW_YORK_OPEN,20:00,LONG,LOW_SWEEP,30796.5,30594.9,30685.0,30714.3,30563.5,30631.2,True,False,,,30494,2023-06-24 14:00:00+00:00,30631.1,0.0016029460254447514,-0.004149377593360981,,,,,
2023-06-25 00:00:00+00:00,2023-06-25,ASIA_OPEN,07:00,SHORT,HIGH_SWEEP,30571.1,30395.0,30524.2,30581.4,30458.5,30509.0,False,False,,,30505,2023-06-25 01:00:00+00:00,30509.0,-0.0026910092103968886,-0.007637090694549098,,,,,
2023-06-25 13:00:00+00:00,2023-06-25,NEW_YORK_OPEN,20:00,LONG,LOW_SWEEP,30732.9,30565.2,30664.1,30682.8,30502.4,30669.2,False,False,,,30518,2023-06-25 14:00:00+00:00,30669.2,-0.004202913672348818,-0.002768249579382598,,,,,
2023-06-26 07:00:00+00:00,2023-06-26,LONDON_OPEN,14:00,SHORT,HIGH_SWEEP,30484.2,30153.6,30474.8,30580.0,30269.1,30395.6,True,False,,,30536,2023-06-26 08:00:00+00:00,30395.5,1.6449803424856135e-05,0.004457896728134125,,,,,
2023-06-28 00:00:00+00:00,2023-06-28,ASIA_OPEN,07:00,LONG,LOW_SWEEP,30738.8,30555.0,30683.2,30701.8,30450.0,30600.7,False,False,,,30577,2023-06-28 01:00:00+00:00,30600.7,-0.00352933102837516,-0.005192691670451999,,,,,
2023-06-28 13:00:00+00:00,2023-06-28,NEW_YORK_OPEN,20:00,LONG,LOW_SWEEP,30377.0,30020.1,30091.6,30199.8,29992.5,30193.4,True,True,30199.8,30270.0,30590,2023-06-28 14:00:00+00:00,30193.5,0.003686223856127935,0.001619553877490132,30592.0,2023-06-28 16:00:00+00:00,30399.8,-0.005177665642537077,-0.007131625865959612
2023-06-29 13:00:00+00:00,2023-06-29,NEW_YORK_OPEN,20:00,SHORT,HIGH_SWEEP,30744.4,30385.6,30613.8,30837.0,30429.0,30553.0,True,False,,,30614,2023-06-29 14:00:00+00:00,30553.0,0.0038785062023368733,0.0020063496219683286,,,,,
2023-07-01 13:00:00+00:00,2023-07-01,NEW_YORK_OPEN,20:00,SHORT,HIGH_SWEEP,30625.4,30416.0,30552.0,30635.9,30523.8,30550.0,False,False,,,30662,2023-07-01 14:00:00+00:00,30549.9,-0.0016006599039604108,-0.0004615399723075786,,,,,
2023-07-02 00:00:00+00:00,2023-07-02,ASIA_OPEN,07:00,SHORT,HIGH_SWEEP,30600.9,30534.3,30573.6,30650.0,30537.1,30567.9,True,False,,,30673,2023-07-02 01:00:00+00:00,30568.0,0.00027479717351486244,0.002054436011515337,,,,,
2023-07-02 13:00:00+00:00,2023-07-02,NEW_YORK_OPEN,20:00,LONG,LOW_SWEEP,30573.2,30488.4,30518.7,30525.3,30482.8,30510.1,True,False,,,30686,2023-07-02 14:00:00+00:00,30510.1,0.0025040888099350234,0.0015830823235585267,,,,,
2023-07-03 13:00:00+00:00,2023-07-03,NEW_YORK_OPEN,20:00,SHORT,HIGH_SWEEP,30674.5,30559.4,30648.0,30689.0,30604.0,30644.0,False,False,,,30710,2023-07-03 14:00:00+00:00,30643.9,-0.002806431296277667,-0.012782315566882696,,,,,
2023-07-04 00:00:00+00:00,2023-07-04,ASIA_OPEN,07:00,SHORT,HIGH_SWEEP,31151.0,30875.2,31149.0,31190.4,31083.6,31102.7,False,False,,,30721,2023-07-04 01:00:00+00:00,31102.7,-0.005607230240461281,-0.002800399965276368,,,,,
2023-07-05 00:00:00+00:00,2023-07-05,ASIA_OPEN,07:00,LONG,LOW_SWEEP,30840.0,30742.1,30756.1,30834.5,30737.8,30751.5,True,False,,,30745,2023-07-05 01:00:00+00:00,30751.5,0.0010958815017154677,0.003440482578085602,,,,,
2023-07-05 13:00:00+00:00,2023-07-05,NEW_YORK_OPEN,20:00,LONG,LOW_SWEEP,30709.0,30240.0,30309.9,30375.0,30175.8,30350.5,True,False,,,30758,2023-07-05 14:00:00+00:00,30350.5,0.0018352251198496816,0.0031828141216783123,,,,,
2023-07-06 00:00:00+00:00,2023-07-06,ASIA_OPEN,07:00,LONG,LOW_SWEEP,30525.1,30381.0,30488.4,30521.0,30375.1,30403.7,True,False,,,30769,2023-07-06 01:00:00+00:00,30403.6,0.002042521280374743,0.0024372113828625697,,,,,
2023-07-07 00:00:00+00:00,2023-07-07,ASIA_OPEN,07:00,LONG,LOW_SWEEP,30335.5,29818.0,29874.3,30094.6,29680.0,30039.9,True,False,,,30793,2023-07-07 01:00:00+00:00,30039.8,0.0010519377625684,0.0027396986664358636,,,,,
2023-07-09 07:00:00+00:00,2023-07-09,LONDON_OPEN,14:00,LONG,LOW_SWEEP,30289.1,30220.8,30242.3,30273.0,30218.2,30250.0,True,False,,,30848,2023-07-09 08:00:00+00:00,30250.0,0.0013851239669422366,0.0,,,,,
2023-07-10 13:00:00+00:00,2023-07-10,NEW_YORK_OPEN,20:00,SHORT,HIGH_SWEEP,30275.4,30127.2,30147.1,30323.7,30142.0,30195.0,False,False,,,30878,2023-07-10 14:00:00+00:00,30195.0,-0.0033714191091240853,-0.004669647292598222,,,,,
2023-07-12 00:00:00+00:00,2023-07-12,ASIA_OPEN,07:00,LONG,LOW_SWEEP,30640.0,30492.8,30608.3,30618.9,30488.8,30500.0,True,False,,,30913,2023-07-12 01:00:00+00:00,30499.9,0.0006229528621404246,0.002668861209381035,,,,,
2023-07-12 07:00:00+00:00,2023-07-12,LONDON_OPEN,14:00,SHORT,HIGH_SWEEP,30786.0,30555.0,30706.6,30849.2,30699.0,30730.8,True,False,,,30920,2023-07-12 08:00:00+00:00,30730.7,0.000331915641361924,0.0019133960502037972,,,,,
2023-07-12 13:00:00+00:00,2023-07-12,NEW_YORK_OPEN,20:00,LONG,LOW_SWEEP,30980.5,30610.4,30709.2,30847.1,30450.0,30650.4,True,False,,,30926,2023-07-12 14:00:00+00:00,30650.3,0.0024502207156211764,-0.00574872024091122,,,,,
2023-07-13 00:00:00+00:00,2023-07-13,ASIA_OPEN,07:00,SHORT,HIGH_SWEEP,30408.8,30298.8,30368.9,30423.0,30326.0,30343.9,False,False,,,30937,2023-07-13 01:00:00+00:00,30344.0,-0.0009557078829423027,0.00198721328763507,,,,,
2023-07-13 07:00:00+00:00,2023-07-13,LONDON_OPEN,14:00,SHORT,HIGH_SWEEP,30393.3,30233.0,30375.3,30414.0,30341.1,30355.1,False,False,,,30944,2023-07-13 08:00:00+00:00,30355.1,-0.0014791583621862614,-0.00675339564027122,,,,,
2023-07-14 00:00:00+00:00,2023-07-14,ASIA_OPEN,07:00,SHORT,HIGH_SWEEP,31483.9,30993.8,31441.6,31520.0,31354.0,31436.6,True,False,,,30961,2023-07-14 01:00:00+00:00,31436.7,0.0008461447925514065,-0.0002767466050825895,,,,,
2023-07-15 13:00:00+00:00,2023-07-15,NEW_YORK_OPEN,20:00,LONG,LOW_SWEEP,30360.0,30273.0,30334.3,30337.4,30250.1,30310.5,False,False,,,30998,2023-07-15 14:00:00+00:00,30310.6,-0.0012734818842252693,-0.0013724571602012903,,,,,
2023-07-16 13:00:00+00:00,2023-07-16,NEW_YORK_OPEN,20:00,LONG,LOW_SWEEP,30338.5,30257.1,30280.9,30300.2,30254.1,30292.4,True,True,30300.2,30360.0,31022,2023-07-16 14:00:00+00:00,30292.5,0.003172402409837405,0.0018849550218700273,31024.0,2023-07-16 16:00:00+00:00,30365.9,-0.0005367863294024611,-0.0034709987189578406
2023-07-18 13:00:00+00:00,2023-07-18,NEW_YORK_OPEN,20:00,LONG,LOW_SWEEP,30068.9,29711.5,29776.0,29856.4,29657.1,29817.6,True,False,,,31070,2023-07-18 14:00:00+00:00,29817.5,0.003105558816131504,-0.004343087113272359,,,,,
2023-07-20 13:00:00+00:00,2023-07-20,NEW_YORK_OPEN,20:00,LONG,LOW_SWEEP,30420.0,30191.6,30210.6,30267.5,30156.8,30215.9,False,False,,,31118,2023-07-20 14:00:00+00:00,30215.9,-0.01486634520236041,-0.01690169745067993,,,,,
2023-07-21 00:00:00+00:00,2023-07-21,ASIA_OPEN,07:00,LONG,LOW_SWEEP,29880.2,29719.8,29791.0,29826.7,29705.9,29772.2,True,False,,,31129,2023-07-21 01:00:00+00:00,29772.2,0.0031472313097453686,0.003765257522117871,,,,,
2023-07-21 13:00:00+00:00,2023-07-21,NEW_YORK_OPEN,20:00,SHORT,HIGH_SWEEP,29888.0,29710.3,29854.4,29904.7,29770.6,29799.4,False,False,,,31142,2023-07-21 14:00:00+00:00,29799.4,-0.0021846077437799316,-0.000412759988456024,,,,,
2023-07-23 13:00:00+00:00,2023-07-23,NEW_YORK_OPEN,20:00,LONG,LOW_SWEEP,29922.7,29870.9,29911.1,29911.2,29836.2,29875.5,True,False,,,31190,2023-07-23 14:00:00+00:00,29875.5,0.0002744723937675442,0.0021957791501396873,,,,,
2023-07-24 13:00:00+00:00,2023-07-24,NEW_YORK_OPEN,20:00,LONG,LOW_SWEEP,29373.9,29100.0,29223.5,29248.0,29099.3,29171.4,False,False,,,31214,2023-07-24 14:00:00+00:00,29171.4,-0.004768369018970708,-0.002512735076136363,,,,,
2023-07-25 07:00:00+00:00,2023-07-25,LONDON_OPEN,14:00,SHORT,HIGH_SWEEP,29140.5,29060.0,29131.8,29155.4,29112.2,29132.3,False,False,,,31232,2023-07-25 08:00:00+00:00,29132.3,-0.0015343793658584293,-0.0006624948939837338,,,,,
2023-07-29 13:00:00+00:00,2023-07-29,NEW_YORK_OPEN,20:00,SHORT,HIGH_SWEEP,29321.0,29246.2,29281.3,29334.4,29277.0,29283.7,True,False,,,31334,2023-07-29 14:00:00+00:00,29283.8,0.0004131977407303422,-0.0004268571701759871,,,,,
2023-07-30 00:00:00+00:00,2023-07-30,ASIA_OPEN,07:00,LONG,LOW_SWEEP,29358.8,29335.8,29339.1,29345.9,29304.6,29337.0,False,False,,,31345,2023-07-30 01:00:00+00:00,29336.9,-0.0008146736703605884,-0.0012509842553235506,,,,,
2023-08-02 07:00:00+00:00,2023-08-02,LONDON_OPEN,14:00,LONG,LOW_SWEEP,29719.5,29552.3,29552.3,29643.7,29550.0,29570.1,False,False,,,31424,2023-08-02 08:00:00+00:00,29570.2,-0.0029996415310008517,-0.001528565921096292,,,,,
2023-08-03 07:00:00+00:00,2023-08-03,LONDON_OPEN,14:00,LONG,LOW_SWEEP,29185.2,29025.0,29076.7,29097.4,29005.0,29034.0,True,False,,,31448,2023-08-03 08:00:00+00:00,29034.0,0.002648618860646268,0.004401735895846137,,,,,
2023-08-03 13:00:00+00:00,2023-08-03,NEW_YORK_OPEN,20:00,SHORT,HIGH_SWEEP,29193.5,29068.0,29097.2,29234.4,29095.3,29184.9,False,False,,,31454,2023-08-03 14:00:00+00:00,29184.9,-0.006688390229193875,-0.0034881051502659854,,,,,
2023-08-04 13:00:00+00:00,2023-08-04,NEW_YORK_OPEN,20:00,SHORT,HIGH_SWEEP,29263.2,29116.0,29208.7,29323.8,29196.0,29225.0,False,False,,,31478,2023-08-04 14:00:00+00:00,29225.0,-0.0005269461077845872,-0.0009136013686912303,,,,,
2023-08-05 00:00:00+00:00,2023-08-05,ASIA_OPEN,07:00,SHORT,HIGH_SWEEP,29115.0,28942.3,29101.1,29145.0,29081.1,29104.9,True,False,,,31489,2023-08-05 01:00:00+00:00,29104.9,0.0012506485162292469,0.0007661940085691432,,,,,
2023-08-06 07:00:00+00:00,2023-08-06,LONDON_OPEN,14:00,SHORT,HIGH_SWEEP,29097.0,29028.0,29060.8,29100.0,29059.5,29081.4,False,False,,,31520,2023-08-06 08:00:00+00:00,29081.3,-0.0005742521826741509,0.0007977635112598191,,,,,
2023-08-07 00:00:00+00:00,2023-08-07,ASIA_OPEN,07:00,LONG,LOW_SWEEP,29199.0,29025.0,29075.9,29088.9,29005.5,29046.4,True,True,29088.9,29108.1,31537,2023-08-07 01:00:00+00:00,29046.5,0.0029951973559636524,0.0035253817155251888,31539.0,2023-08-07 03:00:00+00:00,29186.5,-0.001288266835694496,-0.0024326315248488495
2023-08-08 13:00:00+00:00,2023-08-08,NEW_YORK_OPEN,20:00,SHORT,HIGH_SWEEP,29585.0,29189.5,29561.0,29666.0,29336.6,29347.1,False,False,,,31574,2023-08-08 14:00:00+00:00,29347.1,-0.0025556187834572253,-0.013122250580125616,,,,,
2023-08-09 13:00:00+00:00,2023-08-09,NEW_YORK_OPEN,20:00,SHORT,HIGH_SWEEP,30085.0,29715.6,30064.6,30149.7,29850.0,29867.6,True,True,29788.9,29850.0,31598,2023-08-09 14:00:00+00:00,29867.6,0.004104782439834476,0.012160334275268081,31600.0,2023-08-09 16:00:00+00:00,29749.3,0.00823212647020255,0.008080862406846467
2023-08-10 00:00:00+00:00,2023-08-10,ASIA_OPEN,07:00,SHORT,HIGH_SWEEP,29619.7,29427.0,29572.9,29629.6,29550.4,29612.7,True,False,,,31609,2023-08-10 01:00:00+00:00,29612.7,0.0006382396741938523,0.0014790951179730616,,,,,
2023-08-10 07:00:00+00:00,2023-08-10,LONDON_OPEN,14:00,LONG,LOW_SWEEP,29613.2,29495.0,29503.4,29559.0,29477.2,29504.0,True,False,,,31616,2023-08-10 08:00:00+00:00,29504.0,9.15130151843968e-05,0.0014201464208243308,,,,,
2023-08-11 00:00:00+00:00,2023-08-11,ASIA_OPEN,07:00,SHORT,HIGH_SWEEP,29473.3,29434.0,29443.7,29489.5,29436.0,29471.7,True,False,,,31633,2023-08-11 01:00:00+00:00,29471.7,0.0011265044093147214,0.002409090754859733,,,,,
2023-08-11 07:00:00+00:00,2023-08-11,LONDON_OPEN,14:00,SHORT,HIGH_SWEEP,29467.3,29367.3,29451.1,29481.9,29406.7,29406.7,True,True,29405.7,29406.7,31640,2023-08-11 08:00:00+00:00,29406.8,0.0001530258307602672,0.0008127371900376046,31642.0,2023-08-11 10:00:00+00:00,29377.1,-0.00019743269417338283,-0.0013582007754340264
2023-08-12 07:00:00+00:00,2023-08-12,LONDON_OPEN,14:00,SHORT,HIGH_SWEEP,29416.6,29375.7,29410.7,29417.2,29392.1,29410.2,True,False,,,31664,2023-08-12 08:00:00+00:00,29410.2,0.0009248492019775512,-0.0004352231538717888,,,,,
2023-08-14 00:00:00+00:00,2023-08-14,ASIA_OPEN,07:00,LONG,LOW_SWEEP,29415.0,29256.6,29293.3,29319.2,29232.0,29260.8,False,False,,,31705,2023-08-14 01:00:00+00:00,29260.7,-0.00014695478918824723,0.004418896335357747,,,,,
2023-08-14 13:00:00+00:00,2023-08-14,NEW_YORK_OPEN,20:00,LONG,LOW_SWEEP,29435.9,29330.0,29372.1,29393.5,29319.9,29376.0,True,True,29393.5,29462.8,31718,2023-08-14 14:00:00+00:00,29376.0,0.005027913943355111,0.008935866013071836,31720.0,2023-08-14 16:00:00+00:00,29592.8,0.0015442945581358725,-0.00938066016057959
2023-08-16 00:00:00+00:00,2023-08-16,ASIA_OPEN,07:00,SHORT,HIGH_SWEEP,29234.6,29160.4,29188.9,29257.4,29184.6,29214.9,False,False,,,31753,2023-08-16 01:00:00+00:00,29214.9,-0.0007906924206482202,-6.161239641411242e-05,,,,,
2023-08-17 07:00:00+00:00,2023-08-17,LONDON_OPEN,14:00,LONG,LOW_SWEEP,28694.9,28599.5,28675.8,28675.8,28590.2,28613.0,False,False,,,31784,2023-08-17 08:00:00+00:00,28613.1,-0.0023695440200467432,-0.002823881369023229,,,,,
2023-08-19 07:00:00+00:00,2023-08-19,LONDON_OPEN,14:00,LONG,LOW_SWEEP,25998.0,25810.3,25823.9,25911.1,25783.4,25906.8,True,False,,,31832,2023-08-19 08:00:00+00:00,25906.7,0.0004439006125829259,-0.0003705605113736299,,,,,
2023-08-19 13:00:00+00:00,2023-08-19,NEW_YORK_OPEN,20:00,SHORT,HIGH_SWEEP,25947.5,25858.0,25900.0,25968.4,25891.8,25910.0,False,False,,,31838,2023-08-19 14:00:00+00:00,25910.1,-0.0019953608824359037,-0.012736346058100922,,,,,
2023-08-20 13:00:00+00:00,2023-08-20,NEW_YORK_OPEN,20:00,SHORT,HIGH_SWEEP,26190.8,26106.2,26173.9,26209.6,26115.8,26126.9,True,False,,,31862,2023-08-20 14:00:00+00:00,26127.0,0.002947142802464886,0.003490641864737687,,,,,
2023-08-21 00:00:00+00:00,2023-08-21,ASIA_OPEN,07:00,LONG,LOW_SWEEP,26231.5,26126.6,26175.9,26183.2,26105.4,26126.8,True,False,,,31873,2023-08-21 01:00:00+00:00,26126.8,0.00019137437420568837,-0.0019175712295420588,,,,,
2023-08-23 00:00:00+00:00,2023-08-23,ASIA_OPEN,07:00,SHORT,HIGH_SWEEP,26060.0,25280.0,26044.5,26177.0,26016.6,26027.3,False,False,,,31921,2023-08-23 01:00:00+00:00,26027.3,-0.00040726467977858505,0.001352426106434379,,,,,
2023-08-23 13:00:00+00:00,2023-08-23,NEW_YORK_OPEN,20:00,LONG,LOW_SWEEP,26034.4,25830.0,25832.6,26029.3,25800.0,26003.9,True,False,,,31934,2023-08-23 14:00:00+00:00,26003.9,0.0009075561742661886,0.014436296094047396,,,,,
2023-08-26 00:00:00+00:00,2023-08-26,ASIA_OPEN,07:00,SHORT,HIGH_SWEEP,26075.0,26015.8,26051.7,26088.0,26019.1,26030.0,False,False,,,31993,2023-08-26 01:00:00+00:00,26030.0,-0.00018824433346154024,-0.001782558586246763,,,,,
2023-08-29 07:00:00+00:00,2023-08-29,LONDON_OPEN,14:00,LONG,LOW_SWEEP,26080.4,25990.7,25999.3,26037.3,25974.1,25992.0,False,False,,,32072,2023-08-29 08:00:00+00:00,25992.1,-0.0019698292942854634,-0.000911815513175096,,,,,
2023-08-29 13:00:00+00:00,2023-08-29,NEW_YORK_OPEN,20:00,SHORT,HIGH_SWEEP,26038.3,25905.2,26034.5,26095.0,25994.6,26036.2,False,False,,,32078,2023-08-29 14:00:00+00:00,26036.2,-0.05563791951206398,-0.0749802198477505,,,,,
2023-08-31 07:00:00+00:00,2023-08-31,LONDON_OPEN,14:00,SHORT,HIGH_SWEEP,27281.0,27200.8,27244.5,27285.0,27216.5,27249.1,True,False,,,32120,2023-08-31 08:00:00+00:00,27249.2,0.000888099467140302,0.0021615313477093556,,,,,
2023-09-01 00:00:00+00:00,2023-09-01,ASIA_OPEN,07:00,SHORT,HIGH_SWEEP,26059.2,25617.8,25928.0,26060.5,25918.9,26037.8,True,False,,,32137,2023-09-01 01:00:00+00:00,26037.8,0.002415718685910395,-0.0012942721735322849,,,,,
2023-09-01 13:00:00+00:00,2023-09-01,NEW_YORK_OPEN,20:00,LONG,LOW_SWEEP,26151.6,25969.3,26050.5,26056.2,25855.6,25988.6,False,False,,,32150,2023-09-01 14:00:00+00:00,25988.5,-0.010908671143005533,-0.008026627162013966,,,,,
2023-09-03 00:00:00+00:00,2023-09-03,ASIA_OPEN,07:00,LONG,LOW_SWEEP,25899.3,25830.3,25855.8,25862.9,25810.8,25860.0,False,False,,,32185,2023-09-03 01:00:00+00:00,25860.0,-0.00027842227378194195,-0.0003866976024748947,,,,,
2023-09-03 13:00:00+00:00,2023-09-03,NEW_YORK_OPEN,20:00,LONG,LOW_SWEEP,26115.0,25863.0,25883.4,25936.0,25802.8,25875.6,True,False,,,32198,2023-09-03 14:00:00+00:00,25875.6,0.0015110760716661176,-0.0016579325696794989,,,,,
2023-09-07 07:00:00+00:00,2023-09-07,LONDON_OPEN,14:00,LONG,LOW_SWEEP,25838.0,25750.0,25750.0,25760.0,25735.2,25750.9,False,False,,,32288,2023-09-07 08:00:00+00:00,25751.0,-0.0007223020465224606,-0.0003766844006057868,,,,,
2023-09-09 07:00:00+00:00,2023-09-09,LONDON_OPEN,14:00,SHORT,HIGH_SWEEP,25879.5,25820.0,25870.8,25886.6,25858.0,25871.0,True,False,,,32336,2023-09-09 08:00:00+00:00,25871.0,0.0004251865022611989,0.0005256851300683429,,,,,
2023-09-10 07:00:00+00:00,2023-09-10,LONDON_OPEN,14:00,SHORT,HIGH_SWEEP,25859.7,25727.8,25842.0,25864.2,25837.6,25843.0,False,False,,,32360,2023-09-10 08:00:00+00:00,25843.1,-0.0002592568229045078,0.002012142506123471,,,,,
2023-09-11 13:00:00+00:00,2023-09-11,NEW_YORK_OPEN,20:00,SHORT,HIGH_SWEEP,25730.6,25555.0,25709.2,25749.7,25589.0,25605.8,True,True,25193.7,25589.0,32390,2023-09-11 14:00:00+00:00,25605.8,0.018234150075373434,0.0168047864155777,32392.0,2023-09-11 16:00:00+00:00,25102.4,-0.002912072152463363,-0.0018922493466759782
2023-09-12 00:00:00+00:00,2023-09-12,ASIA_OPEN,07:00,SHORT,HIGH_SWEEP,25210.0,25063.9,25150.4,25224.0,25130.8,25192.9,True,False,,,32401,2023-09-12 01:00:00+00:00,25192.9,0.0024927658189412005,-0.023629673439738985,,,,,
2023-09-13 00:00:00+00:00,2023-09-13,ASIA_OPEN,07:00,LONG,LOW_SWEEP,26150.0,25762.0,25825.8,25974.0,25750.0,25910.7,True,False,,,32425,2023-09-13 01:00:00+00:00,25910.6,0.0013353608175805665,-0.0016286770665286943,,,,,
2023-09-13 07:00:00+00:00,2023-09-13,LONDON_OPEN,14:00,SHORT,HIGH_SWEEP,25985.4,25835.0,25945.7,26099.5,25844.0,25865.7,False,False,,,32432,2023-09-13 08:00:00+00:00,25865.7,-0.002887994525568649,-0.010724627595618763,,,,,
2023-09-14 13:00:00+00:00,2023-09-14,NEW_YORK_OPEN,20:00,SHORT,HIGH_SWEEP,26592.5,26269.2,26448.4,26790.0,26445.8,26570.7,False,False,,,32462,2023-09-14 14:00:00+00:00,26570.6,-0.005543721255824252,-0.0013887529826199785,,,,,
2023-09-15 00:00:00+00:00,2023-09-15,ASIA_OPEN,07:00,LONG,LOW_SWEEP,26619.9,26461.0,26510.3,26550.0,26451.6,26463.0,True,False,,,32473,2023-09-15 01:00:00+00:00,26463.1,0.0010165097815448831,0.005271491246301441,,,,,
2023-09-15 07:00:00+00:00,2023-09-15,LONDON_OPEN,14:00,LONG,LOW_SWEEP,26647.0,26550.4,26561.8,26586.7,26535.0,26554.4,True,False,,,32480,2023-09-15 08:00:00+00:00,26554.4,0.00242897598891334,0.0026963516404061583,,,,,
2023-09-19 07:00:00+00:00,2023-09-19,LONDON_OPEN,14:00,SHORT,HIGH_SWEEP,26851.0,26740.0,26816.9,26860.0,26797.5,26836.1,False,False,,,32576,2023-09-19 08:00:00+00:00,26836.0,-0.00803025786257261,-0.01200253390967343,,,,,
2023-09-20 00:00:00+00:00,2023-09-20,ASIA_OPEN,07:00,SHORT,HIGH_SWEEP,27213.0,26970.0,27195.9,27247.5,27129.9,27192.0,False,False,,,32593,2023-09-20 01:00:00+00:00,27192.0,-0.005071344513092102,0.0031479847013826667,,,,,
2023-09-21 07:00:00+00:00,2023-09-21,LONDON_OPEN,14:00,LONG,LOW_SWEEP,27092.4,26977.2,27060.6,27060.6,26966.1,26978.4,False,False,,,32624,2023-09-21 08:00:00+00:00,26978.4,-0.0022870147970228683,-0.01266198143700148,,,,,
2023-09-22 13:00:00+00:00,2023-09-22,NEW_YORK_OPEN,20:00,LONG,LOW_SWEEP,26645.3,26564.6,26574.6,26609.0,26540.6,26598.0,True,True,26609.0,26613.5,32654,2023-09-22 14:00:00+00:00,26598.0,0.0025904203323559027,-0.0004812391909165825,32656.0,2023-09-22 16:00:00+00:00,26619.9,-0.0013035360763939963,-0.0013711546624893822
2023-09-24 13:00:00+00:00,2023-09-24,NEW_YORK_OPEN,20:00,SHORT,HIGH_SWEEP,26600.8,26562.5,26591.0,26618.7,26572.8,26576.4,True,False,,,32702,2023-09-24 14:00:00+00:00,26576.5,3.762722706079913e-06,0.0005267811788610688,,,,,
2023-09-25 00:00:00+00:00,2023-09-25,ASIA_OPEN,07:00,LONG,LOW_SWEEP,26512.0,26081.0,26232.4,26240.0,25965.0,26239.5,False,False,,,32713,2023-09-25 01:00:00+00:00,26239.4,-0.0033461130970983133,-0.003460444979687116,,,,,
2023-09-26 00:00:00+00:00,2023-09-26,ASIA_OPEN,07:00,LONG,LOW_SWEEP,26308.3,26247.6,26290.5,26294.8,26230.5,26249.8,True,False,,,32737,2023-09-26 01:00:00+00:00,26249.8,0.001455249182851004,0.00339050202287261,,,,,
2023-09-26 07:00:00+00:00,2023-09-26,LONDON_OPEN,14:00,LONG,LOW_SWEEP,26353.3,26255.0,26279.7,26279.8,26241.4,26256.3,True,False,,,32744,2023-09-26 08:00:00+00:00,26256.3,6.474636563424951e-05,-0.0006969755830028568,,,,,
2023-09-28 07:00:00+00:00,2023-09-28,LONDON_OPEN,14:00,SHORT,HIGH_SWEEP,26479.6,26331.3,26461.8,26496.7,26420.2,26445.7,True,False,,,32792,2023-09-28 08:00:00+00:00,26445.7,0.002011669193857646,-0.004121653047565399,,,,,
2023-09-29 00:00:00+00:00,2023-09-29,ASIA_OPEN,07:00,SHORT,HIGH_SWEEP,27089.8,26880.0,27011.7,27130.2,26970.0,27056.8,True,False,,,32809,2023-09-29 01:00:00+00:00,27056.8,0.0011161704266580141,0.004146831850034061,,,,,
2023-09-29 13:00:00+00:00,2023-09-29,NEW_YORK_OPEN,20:00,LONG,LOW_SWEEP,27052.9,26880.0,26988.6,27036.5,26875.0,26881.0,True,False,,,32822,2023-09-29 14:00:00+00:00,26881.0,0.000617536549979425,-0.0006138164502809129,,,,,
2023-09-30 07:00:00+00:00,2023-09-30,LONDON_OPEN,14:00,SHORT,HIGH_SWEEP,26944.3,26895.8,26912.4,26949.5,26907.0,26915.9,False,False,,,32840,2023-09-30 08:00:00+00:00,26915.9,-2.9722208805926797e-05,-0.001868783878673952,,,,,
2023-09-30 13:00:00+00:00,2023-09-30,NEW_YORK_OPEN,20:00,LONG,LOW_SWEEP,26987.6,26910.1,26914.2,26973.0,26890.4,26962.0,True,False,,,32846,2023-09-30 14:00:00+00:00,26962.0,0.0005785920925747146,0.0016356353386246525,,,,,
2023-10-01 07:00:00+00:00,2023-10-01,LONDON_OPEN,14:00,SHORT,HIGH_SWEEP,27131.9,27004.2,27113.1,27148.0,27079.7,27092.1,False,False,,,32864,2023-10-01 08:00:00+00:00,27092.1,-0.0011073338722358272,-0.003816610746306237,,,,,
2023-10-03 13:00:00+00:00,2023-10-03,NEW_YORK_OPEN,20:00,LONG,LOW_SWEEP,27623.5,27400.2,27458.1,27569.2,27373.8,27533.4,False,False,,,32918,2023-10-03 14:00:00+00:00,27533.4,-0.007075043401832071,-0.0058764990883800605,,,,,
2023-10-04 00:00:00+00:00,2023-10-04,ASIA_OPEN,07:00,LONG,LOW_SWEEP,27459.7,27252.3,27412.0,27423.2,27163.9,27297.1,True,False,,,32929,2023-10-04 01:00:00+00:00,27297.0,0.0009524856211304833,0.004370443638495036,,,,,
2023-10-05 00:00:00+00:00,2023-10-05,ASIA_OPEN,07:00,SHORT,HIGH_SWEEP,27824.0,27633.2,27759.7,27890.0,27703.3,27793.1,True,False,,,32953,2023-10-05 01:00:00+00:00,27793.1,0.0027200995930644067,0.005576923768849107,,,,,
2023-10-05 07:00:00+00:00,2023-10-05,LONDON_OPEN,14:00,LONG,LOW_SWEEP,27688.4,27590.4,27643.0,27643.1,27533.1,27595.3,True,False,,,32960,2023-10-05 08:00:00+00:00,27595.4,0.0014024076476513159,0.004776158345231485,,,,,
2023-10-06 13:00:00+00:00,2023-10-06,NEW_YORK_OPEN,20:00,LONG,LOW_SWEEP,27785.0,27160.0,27238.7,27697.0,27156.0,27513.7,True,False,,,32990,2023-10-06 14:00:00+00:00,27513.8,0.005121066519346629,0.012626391120092562,,,,,
2023-10-07 00:00:00+00:00,2023-10-07,ASIA_OPEN,07:00,LONG,LOW_SWEEP,28450.0,27861.0,27916.3,27944.6,27822.1,27901.6,False,False,,,33001,2023-10-07 01:00:00+00:00,27901.6,-0.0005196834590130983,-0.00038349055251296615,,,,,
2023-10-07 13:00:00+00:00,2023-10-07,NEW_YORK_OPEN,20:00,LONG,LOW_SWEEP,28000.0,27914.0,27946.0,27965.0,27882.6,27922.8,True,False,,,33014,2023-10-07 14:00:00+00:00,27922.8,0.0005801710430186624,0.0001504147148567725,,,,,
2023-10-08 07:00:00+00:00,2023-10-08,LONDON_OPEN,14:00,LONG,LOW_SWEEP,28061.5,27867.0,27877.7,27909.9,27864.6,27892.4,True,False,,,33032,2023-10-08 08:00:00+00:00,27892.4,0.0002868164804750162,-0.003119129225165329,,,,,
2023-10-09 13:00:00+00:00,2023-10-09,NEW_YORK_OPEN,20:00,LONG,LOW_SWEEP,27599.9,27366.7,27425.4,27524.3,27358.2,27505.7,False,False,,,33062,2023-10-09 14:00:00+00:00,27505.8,-0.0006980345963396584,-0.004170029593758451,,,,,
2023-10-10 07:00:00+00:00,2023-10-10,LONDON_OPEN,14:00,SHORT,HIGH_SWEEP,27647.4,27565.2,27638.0,27694.9,27625.9,27634.9,False,False,,,33080,2023-10-10 08:00:00+00:00,27634.9,-0.001042160456524055,0.0013750728245804922,,,,,
2023-10-11 00:00:00+00:00,2023-10-11,ASIA_OPEN,07:00,SHORT,HIGH_SWEEP,27458.2,27365.0,27381.3,27466.2,27375.4,27454.0,True,False,,,33097,2023-10-11 01:00:00+00:00,27453.9,0.000903332495565401,0.01650767286250776,,,,,
2023-10-12 00:00:00+00:00,2023-10-12,ASIA_OPEN,07:00,SHORT,HIGH_SWEEP,26879.7,26666.0,26864.5,26880.0,26788.4,26794.0,True,False,,,33121,2023-10-12 01:00:00+00:00,26794.0,0.0010412778980368742,-0.0015712472941702416,,,,,
2023-10-12 13:00:00+00:00,2023-10-12,NEW_YORK_OPEN,20:00,LONG,LOW_SWEEP,26856.5,26708.6,26817.0,26853.9,26667.2,26746.8,False,False,,,33134,2023-10-12 14:00:00+00:00,26746.7,-0.0021124101291000175,-0.0030508436554790297,,,,,
2023-10-13 13:00:00+00:00,2023-10-13,NEW_YORK_OPEN,20:00,SHORT,HIGH_SWEEP,26925.0,26725.7,26920.1,26972.8,26820.0,26843.0,True,True,26774.0,26820.0,33158,2023-10-13 14:00:00+00:00,26843.0,0.0036359572327980816,0.0021234586298103375,33160.0,2023-10-13 16:00:00+00:00,26692.9,-0.003487818858198155,-0.0015659594873542737
2023-10-14 07:00:00+00:00,2023-10-14,LONDON_OPEN,14:00,LONG,LOW_SWEEP,26926.4,26842.8,26851.1,26863.8,26828.4,26860.5,False,False,,,33176,2023-10-14 08:00:00+00:00,26860.4,-8.935086595884822e-05,0.00010424267695197109,,,,,
2023-10-15 07:00:00+00:00,2023-10-15,LONDON_OPEN,14:00,LONG,LOW_SWEEP,26879.7,26858.8,26868.5,26872.7,26858.7,26872.7,True,True,26872.7,26883.0,33200,2023-10-15 08:00:00+00:00,26872.7,0.0008298384605938125,0.00030514239358159223,33202.0,2023-10-15 10:00:00+00:00,26890.4,-0.00035328593103856054,-0.002461845119447914
2023-10-17 00:00:00+00:00,2023-10-17,ASIA_OPEN,07:00,LONG,LOW_SWEEP,28548.0,28220.7,28486.3,28534.4,28220.0,28263.9,True,False,,,33241,2023-10-17 01:00:00+00:00,28263.8,0.002667723377606679,-0.00013798569194511945,,,,,
2023-10-17 13:00:00+00:00,2023-10-17,NEW_YORK_OPEN,20:00,LONG,LOW_SWEEP,28605.0,28145.6,28203.5,28380.0,28117.0,28276.5,True,True,28380.0,28412.5,33254,2023-10-17 14:00:00+00:00,28276.5,0.0061252276625467506,0.010262939189786602,33256.0,2023-10-17 16:00:00+00:00,28445.7,0.004253718488207436,-0.003926779794485635
2023-10-18 00:00:00+00:00,2023-10-18,ASIA_OPEN,07:00,LONG,LOW_SWEEP,28544.3,28360.0,28382.0,28424.1,28307.6,28361.4,False,False,,,33265,2023-10-18 01:00:00+00:00,28361.5,-0.0007580699187278439,0.0048128625072720865,,,,,
2023-10-19 13:00:00+00:00,2023-10-19,NEW_YORK_OPEN,20:00,SHORT,HIGH_SWEEP,28563.6,28358.0,28460.6,28576.4,28414.6,28463.4,False,False,,,33302,2023-10-19 14:00:00+00:00,28463.4,-0.0071038596935011356,-0.004855358109010055,,,,,
2023-10-20 00:00:00+00:00,2023-10-20,ASIA_OPEN,07:00,SHORT,HIGH_SWEEP,28724.9,28579.1,28697.0,28756.8,28616.5,28620.5,False,False,,,33313,2023-10-20 01:00:00+00:00,28620.6,-0.0007651831198507431,-0.021040788802471067,,,,,
2023-10-20 07:00:00+00:00,2023-10-20,LONDON_OPEN,14:00,SHORT,HIGH_SWEEP,29347.0,29110.0,29267.3,29405.4,29205.4,29228.5,False,False,,,33320,2023-10-20 08:00:00+00:00,29228.6,-0.01680545766817443,-0.020811807613091426,,,,,
2023-10-21 13:00:00+00:00,2023-10-21,NEW_YORK_OPEN,20:00,LONG,LOW_SWEEP,29871.0,29730.5,29755.0,29784.3,29651.0,29761.8,True,False,,,33350,2023-10-21 14:00:00+00:00,29761.8,0.0035616125368760354,0.0030139306090357643,,,,,
2023-10-22 13:00:00+00:00,2023-10-22,NEW_YORK_OPEN,20:00,SHORT,HIGH_SWEEP,29941.7,29801.0,29882.1,29962.6,29871.8,29933.1,True,True,29866.7,29871.8,33374,2023-10-22 14:00:00+00:00,29933.0,0.00236862325861098,0.002625864430561564,33376.0,2023-10-22 16:00:00+00:00,29815.3,-0.0013114072305160374,-0.0018379825123342464
2023-10-23 13:00:00+00:00,2023-10-23,NEW_YORK_OPEN,20:00,LONG,LOW_SWEEP,30777.0,30455.2,30648.8,30700.0,30378.5,30590.8,True,True,30700.0,30740.2,33398,2023-10-23 14:00:00+00:00,30590.9,0.005616049217250785,0.019829426398046524,33400.0,2023-10-23 16:00:00+00:00,30864.1,0.01080219413493344,0.00947378993717618
2023-10-24 07:00:00+00:00,2023-10-24,LONDON_OPEN,14:00,LONG,LOW_SWEEP,34597.9,33800.0,33979.5,34045.8,33710.0,34025.9,True,True,34045.8,34054.0,33416,2023-10-24 08:00:00+00:00,34025.8,0.002941885275291156,0.012331818796325056,33418.0,2023-10-24 10:00:00+00:00,34344.9,0.002926198649581213,0.00665018678173479
2023-10-24 13:00:00+00:00,2023-10-24,NEW_YORK_OPEN,20:00,LONG,LOW_SWEEP,34888.0,34260.6,34573.3,34592.0,34115.7,34434.4,False,False,,,33422,2023-10-24 14:00:00+00:00,34434.5,-0.0003484877085481175,-0.014360597656420171,,,,,
2023-10-29 00:00:00+00:00,2023-10-29,ASIA_OPEN,07:00,LONG,LOW_SWEEP,34200.0,34063.0,34086.7,34110.5,34044.5,34084.5,False,False,,,33529,2023-10-29 01:00:00+00:00,34084.8,-0.0021798572970943564,-0.0030453457259541628,,,,,
2023-10-29 13:00:00+00:00,2023-10-29,NEW_YORK_OPEN,20:00,SHORT,HIGH_SWEEP,34441.8,34162.4,34440.7,34552.3,34338.2,34393.9,False,False,,,33542,2023-10-29 14:00:00+00:00,34393.8,-0.002997633294372859,-0.00034308509091740547,,,,,
2023-10-30 07:00:00+00:00,2023-10-30,LONDON_OPEN,14:00,LONG,LOW_SWEEP,34358.7,34182.0,34303.2,34349.0,34104.0,34191.7,True,True,34349.0,34385.1,33560,2023-10-30 08:00:00+00:00,34191.8,0.005668025666972554,0.010210050362952527,33562.0,2023-10-30 10:00:00+00:00,34537.4,0.00010133941755885445,0.0017025022149899094
2023-10-31 00:00:00+00:00,2023-10-31,ASIA_OPEN,07:00,SHORT,HIGH_SWEEP,34593.1,34362.3,34483.8,34620.7,34455.0,34525.5,True,False,,,33577,2023-10-31 01:00:00+00:00,34525.5,0.0019290089933526877,0.008851428654183091,,,,,
2023-10-31 07:00:00+00:00,2023-10-31,LONDON_OPEN,14:00,LONG,LOW_SWEEP,34360.0,34137.6,34256.0,34306.9,34080.0,34151.9,True,True,34306.9,34352.9,33584,2023-10-31 08:00:00+00:00,34151.9,0.007674536409394417,0.008845774320023203,33586.0,2023-10-31 10:00:00+00:00,34428.1,0.0007522924587763935,-0.003241538162140789
2023-11-01 07:00:00+00:00,2023-11-01,LONDON_OPEN,14:00,SHORT,HIGH_SWEEP,34484.0,34330.4,34422.9,34520.0,34404.8,34463.9,True,False,,,33608,2023-11-01 08:00:00+00:00,34464.0,0.0002901578458681664,0.002216805942432676,,,,,
2023-11-01 13:00:00+00:00,2023-11-01,NEW_YORK_OPEN,20:00,SHORT,HIGH_SWEEP,34949.6,34354.0,34825.4,35249.0,34400.0,34612.7,True,True,34323.2,34400.0,33614,2023-11-01 14:00:00+00:00,34612.8,0.012371145934452099,0.004460777515832293,33616.0,2023-11-01 16:00:00+00:00,34296.9,-0.004708880394437953,-0.008233980330583757
2023-11-04 13:00:00+00:00,2023-11-04,NEW_YORK_OPEN,20:00,LONG,LOW_SWEEP,34793.5,34668.7,34750.1,34754.5,34650.1,34696.1,True,False,,,33686,2023-11-04 14:00:00+00:00,34696.2,0.000982816562044464,-6.628968013777659e-05,,,,,
2023-11-07 00:00:00+00:00,2023-11-07,ASIA_OPEN,07:00,LONG,LOW_SWEEP,35172.9,34905.0,35057.5,35066.0,34836.6,34939.2,True,False,,,33745,2023-11-07 01:00:00+00:00,34939.3,0.0004321780917189155,-0.00020893377944042335,,,,,
2023-11-08 13:00:00+00:00,2023-11-08,NEW_YORK_OPEN,20:00,SHORT,HIGH_SWEEP,35449.9,35295.1,35400.2,35485.0,35305.2,35420.7,True,False,,,33782,2023-11-08 14:00:00+00:00,35420.6,0.0029671998780370634,1.9762511081045098e-05,,,,,
2023-11-10 13:00:00+00:00,2023-11-10,NEW_YORK_OPEN,20:00,SHORT,HIGH_SWEEP,37232.0,36521.6,37202.1,37276.0,36913.7,36977.4,False,False,,,33830,2023-11-10 14:00:00+00:00,36977.4,-0.002485301833011544,-0.011312315089757385,,,,,
2023-11-12 00:00:00+00:00,2023-11-12,ASIA_OPEN,07:00,SHORT,HIGH_SWEEP,37190.0,36588.0,37162.1,37222.9,36753.6,36936.1,False,False,,,33865,2023-11-12 01:00:00+00:00,36936.1,-0.0012968342624153362,-0.00217673224839654,,,,,
2023-11-12 07:00:00+00:00,2023-11-12,LONDON_OPEN,14:00,SHORT,HIGH_SWEEP,37192.8,36932.2,37167.1,37200.0,37129.2,37154.1,True,False,,,33872,2023-11-12 08:00:00+00:00,37154.1,0.0007105541514934588,0.0008101393924223599,,,,,
2023-11-13 07:00:00+00:00,2023-11-13,LONDON_OPEN,14:00,SHORT,HIGH_SWEEP,36990.2,36760.0,36983.3,37069.9,36956.0,36982.5,False,False,,,33896,2023-11-13 08:00:00+00:00,36982.5,-0.0018765632393700216,-0.00042182113161626233,,,,,
2023-11-14 07:00:00+00:00,2023-11-14,LONDON_OPEN,14:00,SHORT,HIGH_SWEEP,36728.6,36404.8,36676.9,36740.8,36655.2,36705.5,False,False,,,33920,2023-11-14 08:00:00+00:00,36705.5,-0.0016237348626226833,0.00518178474615516,,,,,
2023-11-14 13:00:00+00:00,2023-11-14,NEW_YORK_OPEN,20:00,SHORT,HIGH_SWEEP,36559.0,36201.5,36376.9,36699.9,36371.6,36528.4,False,False,,,33926,2023-11-14 14:00:00+00:00,36528.4,-0.0024008716505512506,0.006531903943233219,,,,,
2023-11-15 07:00:00+00:00,2023-11-15,LONDON_OPEN,14:00,SHORT,HIGH_SWEEP,35639.4,35401.2,35599.2,35683.8,35572.0,35597.4,False,False,,,33944,2023-11-15 08:00:00+00:00,35597.8,-0.00600598913415995,-0.008087578445858945,,,,,
2023-11-16 07:00:00+00:00,2023-11-16,LONDON_OPEN,14:00,SHORT,HIGH_SWEEP,37600.0,37351.0,37589.9,37645.9,37450.7,37460.7,True,False,,,33968,2023-11-16 08:00:00+00:00,37460.6,0.0035423885362220187,0.003820013560914659,,,,,
2023-11-17 13:00:00+00:00,2023-11-17,NEW_YORK_OPEN,20:00,SHORT,HIGH_SWEEP,36546.8,36129.4,36540.9,36636.7,36280.0,36352.5,True,True,36186.2,36280.0,33998,2023-11-17 14:00:00+00:00,36352.5,0.00886321435939752,0.00983151090021328,34000.0,2023-11-17 16:00:00+00:00,36059.1,0.0017748640426411555,-0.011838897809429483
2023-11-18 13:00:00+00:00,2023-11-18,NEW_YORK_OPEN,20:00,LONG,LOW_SWEEP,36550.0,36400.2,36460.2,36497.9,36364.8,36443.8,True,True,36497.9,36511.2,34022,2023-11-18 14:00:00+00:00,36443.8,0.0020524753181609956,0.006656825029222935,34024.0,2023-11-18 16:00:00+00:00,36672.0,0.0003926701570680091,0.0011589223385688463
2023-11-19 07:00:00+00:00,2023-11-19,LONDON_OPEN,14:00,SHORT,HIGH_SWEEP,36682.3,36492.3,36606.1,36684.9,36581.5,36624.0,False,False,,,34040,2023-11-19 08:00:00+00:00,36624.0,-0.00010648754914810432,0.0024492136304061773,,,,,
2023-11-20 13:00:00+00:00,2023-11-20,NEW_YORK_OPEN,20:00,LONG,LOW_SWEEP,37445.5,37085.0,37158.8,37255.0,37060.0,37107.2,True,False,,,34070,2023-11-20 14:00:00+00:00,37107.2,0.008847339599862059,0.0038644791307347326,,,,,
2023-11-22 00:00:00+00:00,2023-11-22,ASIA_OPEN,07:00,LONG,LOW_SWEEP,37030.8,35720.0,35737.0,36139.0,35610.7,36109.9,False,False,,,34105,2023-11-22 01:00:00+00:00,36109.9,-0.000684022941077167,0.007446711289701646,,,,,
2023-11-26 07:00:00+00:00,2023-11-26,LONDON_OPEN,14:00,SHORT,HIGH_SWEEP,37784.2,37685.6,37781.9,37788.5,37743.3,37773.5,True,False,,,34208,2023-11-26 08:00:00+00:00,37773.5,0.0006618396494897372,0.002234370656677309,,,,,
2023-11-27 07:00:00+00:00,2023-11-27,LONDON_OPEN,14:00,LONG,LOW_SWEEP,37416.0,37248.9,37258.7,37334.0,37005.0,37272.1,True,False,,,34232,2023-11-27 08:00:00+00:00,37272.0,0.0014890534449452097,-0.0046147241897402935,,,,,
2023-11-27 13:00:00+00:00,2023-11-27,NEW_YORK_OPEN,20:00,LONG,LOW_SWEEP,37359.4,36829.8,36961.9,37030.9,36732.4,36943.7,False,False,,,34238,2023-11-27 14:00:00+00:00,36943.7,-0.00376789547338241,0.003556763399442886,,,,,
2023-11-28 00:00:00+00:00,2023-11-28,ASIA_OPEN,07:00,SHORT,HIGH_SWEEP,37279.0,36776.0,37234.4,37338.0,37176.3,37248.3,True,False,,,34249,2023-11-28 01:00:00+00:00,37248.4,0.0015517445044620493,0.003449812609400693,,,,,
2023-11-30 07:00:00+00:00,2023-11-30,LONDON_OPEN,14:00,LONG,LOW_SWEEP,38132.0,37780.6,37854.9,37891.0,37755.8,37783.2,False,False,,,34304,2023-11-30 08:00:00+00:00,37783.1,-0.003456571853553525,-0.0032130767459526144,,,,,
2023-12-01 07:00:00+00:00,2023-12-01,LONDON_OPEN,14:00,SHORT,HIGH_SWEEP,38236.6,38005.9,38198.1,38344.8,38182.4,38234.9,False,False,,,34328,2023-12-01 08:00:00+00:00,38234.9,-0.0016529401149210088,-0.007901158365786198,,,,,
2023-12-02 00:00:00+00:00,2023-12-02,ASIA_OPEN,07:00,LONG,LOW_SWEEP,38888.0,38622.3,38659.9,38713.5,38613.5,38692.0,True,False,,,34345,2023-12-02 01:00:00+00:00,38692.0,0.0010958337640856186,0.0019513077638788623,,,,,
2023-12-05 13:00:00+00:00,2023-12-05,NEW_YORK_OPEN,20:00,SHORT,HIGH_SWEEP,41877.9,41567.1,41869.6,42100.0,41811.1,41826.3,False,False,,,34430,2023-12-05 14:00:00+00:00,41826.2,-0.008693115798231954,-0.021192458315601348,,,,,
2023-12-07 13:00:00+00:00,2023-12-07,NEW_YORK_OPEN,20:00,SHORT,HIGH_SWEEP,43449.6,42964.7,43433.2,43542.9,43200.6,43318.0,False,False,,,34478,2023-12-07 14:00:00+00:00,43318.1,-0.004226870522945347,-0.009070111569990491,,,,,
2023-12-09 07:00:00+00:00,2023-12-09,LONDON_OPEN,14:00,LONG,LOW_SWEEP,44389.2,44174.9,44245.5,44309.8,44150.0,44220.6,False,False,,,34520,2023-12-09 08:00:00+00:00,44220.7,-0.008118369903687639,-0.008068619447453296,,,,,
2023-12-10 07:00:00+00:00,2023-12-10,LONDON_OPEN,14:00,SHORT,HIGH_SWEEP,44006.0,43849.9,43941.2,44042.8,43871.7,43995.8,True,True,43847.3,43871.7,34544,2023-12-10 08:00:00+00:00,43995.8,0.004454970701748828,0.006118765882197952,34546.0,2023-12-10 10:00:00+00:00,43625.0,-0.0023289398280801343,-0.006581088825214909
2023-12-10 13:00:00+00:00,2023-12-10,NEW_YORK_OPEN,20:00,SHORT,HIGH_SWEEP,43942.9,43625.0,43912.1,43949.0,43769.0,43871.4,True,False,,,34550,2023-12-10 14:00:00+00:00,43871.3,0.00021882187215804816,0.0003282328082369057,,,,,
2023-12-12 13:00:00+00:00,2023-12-12,NEW_YORK_OPEN,20:00,SHORT,HIGH_SWEEP,41929.2,41570.8,41875.0,42085.9,41760.0,41833.6,True,True,41613.0,41760.0,34598,2023-12-12 14:00:00+00:00,41833.7,0.00809395296136839,0.011034166234399456,34600.0,2023-12-12 16:00:00+00:00,41376.7,0.00011117367987290017,0.0010102303953672953
2023-12-14 00:00:00+00:00,2023-12-14,ASIA_OPEN,07:00,LONG,LOW_SWEEP,43517.6,42718.8,42875.0,42950.0,42673.9,42792.9,True,False,,,34633,2023-12-14 01:00:00+00:00,42792.9,0.0012875967742311811,-0.0015423119255764117,,,,,
2023-12-15 00:00:00+00:00,2023-12-15,ASIA_OPEN,07:00,LONG,LOW_SWEEP,43193.9,42886.9,43032.3,43098.0,42873.6,42902.1,True,False,,,34657,2023-12-15 01:00:00+00:00,42902.1,0.002174718720062696,-0.0020651669731784894,,,,,
2023-12-16 00:00:00+00:00,2023-12-16,ASIA_OPEN,07:00,LONG,LOW_SWEEP,42264.2,41915.7,41968.0,42085.0,41638.1,41934.2,True,False,,,34681,2023-12-16 01:00:00+00:00,41934.2,0.0038321942471777337,0.010022845314802797,,,,,
2023-12-16 13:00:00+00:00,2023-12-16,NEW_YORK_OPEN,20:00,SHORT,HIGH_SWEEP,42515.0,42216.2,42442.0,42577.0,42255.6,42417.1,True,False,,,34694,2023-12-16 14:00:00+00:00,42417.0,0.0008086380460664566,-0.004703302920998631,,,,,
2023-12-17 13:00:00+00:00,2023-12-17,NEW_YORK_OPEN,20:00,LONG,LOW_SWEEP,42036.6,41861.3,41973.9,41981.0,41791.0,41877.5,False,False,,,34718,2023-12-17 14:00:00+00:00,41877.6,-0.00551846333123196,0.006337516954171285,,,,,
2023-12-18 00:00:00+00:00,2023-12-18,ASIA_OPEN,07:00,LONG,LOW_SWEEP,42152.6,41248.3,41396.6,41487.5,41206.1,41390.6,False,False,,,34729,2023-12-18 01:00:00+00:00,41390.6,-0.009400685179726809,-0.006851797267978688,,,,,
2023-12-18 07:00:00+00:00,2023-12-18,LONDON_OPEN,14:00,SHORT,HIGH_SWEEP,41319.9,41022.5,41232.0,41338.7,41123.0,41159.9,False,False,,,34736,2023-12-18 08:00:00+00:00,41160.0,-0.0014237123420797193,0.007631195335276897,,,,,
2023-12-19 00:00:00+00:00,2023-12-19,ASIA_OPEN,07:00,SHORT,HIGH_SWEEP,42795.3,41983.9,42671.8,42969.8,42595.1,42733.9,False,False,,,34753,2023-12-19 01:00:00+00:00,42734.2,-0.01431874236559949,-0.008562228847152964,,,,,
2023-12-21 07:00:00+00:00,2023-12-21,LONDON_OPEN,14:00,SHORT,HIGH_SWEEP,43874.1,43480.0,43848.8,43920.0,43750.4,43794.8,True,False,,,34808,2023-12-21 08:00:00+00:00,43794.9,0.0019408652605669152,-0.005598825434011578,,,,,
2023-12-21 13:00:00+00:00,2023-12-21,NEW_YORK_OPEN,20:00,SHORT,HIGH_SWEEP,44260.0,43784.5,44081.7,44287.2,43968.5,44179.1,True,False,,,34814,2023-12-21 14:00:00+00:00,44179.0,0.014291858122637446,0.010543470879829875,,,,,
2023-12-22 00:00:00+00:00,2023-12-22,ASIA_OPEN,07:00,LONG,LOW_SWEEP,44175.0,43751.3,43896.4,43985.1,43750.2,43866.8,True,False,,,34825,2023-12-22 01:00:00+00:00,43866.8,0.006672472120145434,0.004046340284679983,,,,,
2023-12-23 07:00:00+00:00,2023-12-23,LONDON_OPEN,14:00,SHORT,HIGH_SWEEP,43663.0,43304.2,43653.2,43670.0,43570.8,43582.0,False,False,,,34856,2023-12-23 08:00:00+00:00,43582.1,-0.0014684927986490237,-0.0005942806794532185,,,,,
2023-12-23 13:00:00+00:00,2023-12-23,NEW_YORK_OPEN,20:00,SHORT,HIGH_SWEEP,43795.8,43513.4,43737.4,43808.0,43667.0,43740.8,False,False,,,34862,2023-12-23 14:00:00+00:00,43740.9,-0.001764938535786742,-0.0017603661561604866,,,,,
2023-12-24 00:00:00+00:00,2023-12-24,ASIA_OPEN,07:00,LONG,LOW_SWEEP,43864.7,43688.5,43725.2,43751.2,43625.1,43749.3,True,True,43751.2,43805.9,34873,2023-12-24 01:00:00+00:00,43749.4,0.0013828761080152407,0.0027063228295702846,34875.0,2023-12-24 03:00:00+00:00,43890.9,-0.0005263049971634404,-0.008265950345060169
2023-12-25 13:00:00+00:00,2023-12-25,NEW_YORK_OPEN,20:00,SHORT,HIGH_SWEEP,43770.3,43104.4,43700.0,43850.0,43565.1,43714.1,False,False,,,34910,2023-12-25 14:00:00+00:00,43714.0,-0.00021045889188808786,0.0038294367937046214,,,,,
2023-12-27 13:00:00+00:00,2023-12-27,NEW_YORK_OPEN,20:00,LONG,LOW_SWEEP,43277.1,42731.9,42948.1,43025.4,42726.6,42942.8,False,False,,,34958,2023-12-27 14:00:00+00:00,42942.9,-6.753153606309237e-05,0.00412408104715789,,,,,
2023-12-28 00:00:00+00:00,2023-12-28,ASIA_OPEN,07:00,SHORT,HIGH_SWEEP,43700.0,43271.2,43453.8,43850.0,43409.3,43600.0,True,False,,,34969,2023-12-28 01:00:00+00:00,43600.0,0.0031788990825687424,0.003559633027522824,,,,,
2023-12-28 07:00:00+00:00,2023-12-28,LONDON_OPEN,14:00,LONG,LOW_SWEEP,43669.4,43010.0,43071.2,43101.7,42821.0,43087.2,False,False,,,34976,2023-12-28 08:00:00+00:00,43087.3,-0.0027525512157876575,0.0012741573503096681,,,,,
2023-12-28 13:00:00+00:00,2023-12-28,NEW_YORK_OPEN,20:00,LONG,LOW_SWEEP,43233.0,42772.0,42827.4,42980.0,42614.0,42837.3,False,False,,,34982,2023-12-28 14:00:00+00:00,42837.2,-0.0029927259484746616,-0.007710587993612905,,,,,
2024-01-04 00:00:00+00:00,2024-01-04,ASIA_OPEN,07:00,SHORT,HIGH_SWEEP,42974.5,42585.3,42849.5,42997.1,42756.5,42883.4,True,False,,,35137,2024-01-04 01:00:00+00:00,42883.4,0.003889616961341713,-0.005507958790580858,,,,,
2024-01-04 13:00:00+00:00,2024-01-04,NEW_YORK_OPEN,20:00,SHORT,HIGH_SWEEP,43450.0,42645.1,43386.2,43493.2,43166.6,43344.2,False,False,,,35150,2024-01-04 14:00:00+00:00,43344.3,-0.007606536499608962,-0.0131228327600168,,,,,
2024-01-05 00:00:00+00:00,2024-01-05,ASIA_OPEN,07:00,LONG,LOW_SWEEP,44754.6,44043.4,44143.8,44246.7,43961.0,44207.5,False,False,,,35161,2024-01-05 01:00:00+00:00,44207.4,-0.018840737071169067,-0.016700823843971868,,,,,
2024-01-06 07:00:00+00:00,2024-01-06,LONDON_OPEN,14:00,LONG,LOW_SWEEP,43972.0,43422.4,43455.4,43667.7,43391.3,43645.3,True,False,,,35192,2024-01-06 08:00:00+00:00,43645.4,0.0011616344448670546,0.0011272665618826672,,,,,
2024-01-07 07:00:00+00:00,2024-01-07,LONDON_OPEN,14:00,SHORT,HIGH_SWEEP,44087.3,43830.0,44015.3,44099.6,43980.0,44071.5,True,False,,,35216,2024-01-07 08:00:00+00:00,44071.6,0.001399994554316053,0.0027273799907422402,,,,,
2024-01-09 00:00:00+00:00,2024-01-09,ASIA_OPEN,07:00,LONG,LOW_SWEEP,47240.3,46666.1,46972.6,47173.5,46253.7,46682.4,False,False,,,35257,2024-01-09 01:00:00+00:00,46682.3,-0.002300657851048493,0.0053660595129203514,,,,,
2024-01-09 13:00:00+00:00,2024-01-09,NEW_YORK_OPEN,20:00,SHORT,HIGH_SWEEP,47080.0,45400.0,46175.9,47100.0,46064.1,46835.4,True,False,,,35270,2024-01-09 14:00:00+00:00,46835.3,0.005880180120550138,-0.0014070583512861834,,,,,
2024-01-10 13:00:00+00:00,2024-01-10,NEW_YORK_OPEN,20:00,LONG,LOW_SWEEP,45740.1,44334.2,44679.2,45415.8,44291.5,45120.3,False,False,,,35294,2024-01-10 14:00:00+00:00,45120.3,-0.0050974838376517395,0.004379403505739177,,,,,
2024-01-12 07:00:00+00:00,2024-01-12,LONDON_OPEN,14:00,LONG,LOW_SWEEP,46380.0,45842.2,46107.0,46150.0,45714.2,46002.6,False,False,,,35336,2024-01-12 08:00:00+00:00,46002.6,-0.0030498276184388606,0.0014129636151001268,,,,,
2024-01-12 13:00:00+00:00,2024-01-12,NEW_YORK_OPEN,20:00,LONG,LOW_SWEEP,46280.0,45660.0,45879.7,45958.3,45585.0,45788.4,False,False,,,35342,2024-01-12 14:00:00+00:00,45788.4,-0.007108787378462655,-0.0464571812948259,,,,,
2024-01-13 07:00:00+00:00,2024-01-13,LONDON_OPEN,14:00,SHORT,HIGH_SWEEP,43184.0,42565.9,43159.7,43265.1,43064.0,43102.1,False,False,,,35360,2024-01-13 08:00:00+00:00,43102.1,-0.0015985300020184834,0.009090044336586778,,,,,
2024-01-16 07:00:00+00:00,2024-01-16,LONDON_OPEN,14:00,LONG,LOW_SWEEP,42945.0,42648.3,42744.5,42788.1,42600.5,42788.1,True,True,42788.1,42899.6,35432,2024-01-16 08:00:00+00:00,42788.5,0.005445388363695791,0.0019047173890180957,35434.0,2024-01-16 10:00:00+00:00,42937.1,-0.0015627510940421363,0.005193643725356356
2024-01-19 00:00:00+00:00,2024-01-19,ASIA_OPEN,07:00,SHORT,HIGH_SWEEP,41366.4,40754.0,41323.2,41372.0,41087.2,41287.0,True,False,,,35497,2024-01-19 01:00:00+00:00,41287.1,0.000501367255147378,0.00574755795393711,,,,,
2024-01-19 07:00:00+00:00,2024-01-19,LONDON_OPEN,14:00,SHORT,HIGH_SWEEP,41514.2,41031.3,41462.6,41578.3,41259.0,41282.0,False,False,,,35504,2024-01-19 08:00:00+00:00,41281.9,-8.47829193908467e-05,-0.004871384311283977,,,,,
2024-01-20 07:00:00+00:00,2024-01-20,LONDON_OPEN,14:00,SHORT,HIGH_SWEEP,41699.0,41566.3,41668.9,41781.4,41640.0,41652.4,True,False,,,35528,2024-01-20 08:00:00+00:00,41652.4,0.0014957121318339706,0.0026385034235723026,,,,,
2024-01-22 00:00:00+00:00,2024-01-22,ASIA_OPEN,07:00,LONG,LOW_SWEEP,41820.0,41500.0,41579.9,41688.5,41460.0,41652.7,False,False,,,35569,2024-01-22 01:00:00+00:00,41652.7,-0.0069335241172839845,-0.010878046321126766,,,,,
2024-01-22 13:00:00+00:00,2024-01-22,NEW_YORK_OPEN,20:00,SHORT,HIGH_SWEEP,40947.0,40353.7,40885.7,41253.7,40861.8,40941.9,True,True,40857.8,40861.8,35582,2024-01-22 14:00:00+00:00,40942.0,0.006152606125738869,0.010207122270529112,35584.0,2024-01-22 16:00:00+00:00,40775.0,0.006153280196198652,0.011141630901287614
2024-01-24 13:00:00+00:00,2024-01-24,NEW_YORK_OPEN,20:00,LONG,LOW_SWEEP,40560.6,39962.8,40030.4,40111.3,39872.0,39976.2,False,False,,,35630,2024-01-24 14:00:00+00:00,39976.2,-0.0017310299628278125,0.00524812263296659,,,,,
2024-01-25 13:00:00+00:00,2024-01-25,NEW_YORK_OPEN,20:00,LONG,LOW_SWEEP,40300.0,39818.6,39854.7,39954.9,39720.5,39907.1,True,False,,,35654,2024-01-25 14:00:00+00:00,39907.1,0.002327906562992643,-0.0051895527362298965,,,,,
2024-01-27 07:00:00+00:00,2024-01-27,LONDON_OPEN,14:00,LONG,LOW_SWEEP,41880.5,41672.5,41694.8,41723.7,41594.0,41699.1,False,False,,,35696,2024-01-27 08:00:00+00:00,41699.0,-0.005841866711431942,0.0007817933283771339,,,,,
2024-01-28 13:00:00+00:00,2024-01-28,NEW_YORK_OPEN,20:00,LONG,LOW_SWEEP,42634.0,42268.2,42403.0,42439.9,42220.1,42385.8,False,False,,,35726,2024-01-28 14:00:00+00:00,42385.7,-0.002699023491413266,-0.002184699084832875,,,,,
2024-01-29 13:00:00+00:00,2024-01-29,NEW_YORK_OPEN,20:00,LONG,LOW_SWEEP,42368.7,41956.2,42086.8,42122.3,41914.2,41989.7,False,False,,,35750,2024-01-29 14:00:00+00:00,41989.6,-0.0013312820317412655,0.02840941566483135,,,,,
2024-01-30 13:00:00+00:00,2024-01-30,NEW_YORK_OPEN,20:00,LONG,LOW_SWEEP,43888.0,43237.2,43383.3,43472.0,43130.5,43271.8,True,False,,,35774,2024-01-30 14:00:00+00:00,43271.7,0.004236024930843962,0.005017135910999615,,,,,
2024-01-31 07:00:00+00:00,2024-01-31,LONDON_OPEN,14:00,SHORT,HIGH_SWEEP,43050.0,42854.7,42958.3,43075.7,42925.8,43031.6,True,False,,,35792,2024-01-31 08:00:00+00:00,43031.5,0.0015569989426350572,0.015235350847634832,,,,,
2024-02-01 00:00:00+00:00,2024-02-01,ASIA_OPEN,07:00,LONG,LOW_SWEEP,42697.2,42257.6,42560.5,42674.9,42201.6,42460.2,False,False,,,35809,2024-02-01 01:00:00+00:00,42460.1,-0.01154495632370145,-0.0108831585417839,,,,,
2024-02-01 07:00:00+00:00,2024-02-01,LONDON_OPEN,14:00,SHORT,HIGH_SWEEP,42226.0,41877.0,42185.8,42292.1,42110.0,42182.2,False,False,,,35816,2024-02-01 08:00:00+00:00,42182.3,-0.0012730458035716818,-0.000753870699321757,,,,,
2024-02-02 00:00:00+00:00,2024-02-02,ASIA_OPEN,07:00,SHORT,HIGH_SWEEP,43214.8,42856.1,43072.6,43430.0,43026.2,43156.1,True,False,,,35833,2024-02-02 01:00:00+00:00,43156.1,0.0011516332569438958,0.0031976939528827186,,,,,
2024-02-03 00:00:00+00:00,2024-02-03,ASIA_OPEN,07:00,SHORT,HIGH_SWEEP,43221.0,42930.8,43182.0,43372.2,43128.1,43213.4,True,False,,,35857,2024-02-03 01:00:00+00:00,43213.9,0.0003100854123326835,0.0013560451613947588,,,,,
2024-02-04 00:00:00+00:00,2024-02-04,ASIA_OPEN,07:00,LONG,LOW_SWEEP,43078.9,42925.9,42992.4,43008.4,42871.5,42997.0,True,False,,,35881,2024-02-04 01:00:00+00:00,42996.9,0.0006953989706235397,0.00043724082433849176,,,,,
2024-02-04 07:00:00+00:00,2024-02-04,LONDON_OPEN,14:00,LONG,LOW_SWEEP,43018.7,42720.3,42729.6,42847.0,42702.4,42822.9,False,False,,,35888,2024-02-04 08:00:00+00:00,42822.8,-0.0009621042995788809,0.002435618408884954,,,,,
2024-02-06 00:00:00+00:00,2024-02-06,ASIA_OPEN,07:00,SHORT,HIGH_SWEEP,42713.0,42311.2,42692.9,42720.0,42577.0,42592.4,False,False,,,35929,2024-02-06 01:00:00+00:00,42592.4,-0.0013640931245950672,-0.005573764333543174,,,,,
2024-02-07 13:00:00+00:00,2024-02-07,NEW_YORK_OPEN,20:00,SHORT,HIGH_SWEEP,43138.2,42813.6,43056.5,43163.0,43017.9,43121.4,True,False,,,35966,2024-02-07 14:00:00+00:00,43121.4,0.002557894688020368,-0.0024002003645522407,,,,,
2024-02-08 07:00:00+00:00,2024-02-08,LONDON_OPEN,14:00,LONG,LOW_SWEEP,44618.8,44423.6,44450.0,44534.4,44405.0,44500.8,True,True,44534.4,44588.0,35984,2024-02-08 08:00:00+00:00,44500.8,0.004375202243555032,0.0068560565203321655,35986.0,2024-02-08 10:00:00+00:00,44666.4,0.0031231529740476383,0.00023507603030470392
2024-02-09 07:00:00+00:00,2024-02-09,LONDON_OPEN,14:00,SHORT,HIGH_SWEEP,46265.0,45830.1,46180.2,46424.4,46166.0,46185.1,False,False,,,36008,2024-02-09 08:00:00+00:00,46185.1,-0.009680611279395235,-0.012447737473774145,,,,,
2024-02-11 07:00:00+00:00,2024-02-11,LONDON_OPEN,14:00,LONG,LOW_SWEEP,48600.0,48105.1,48215.6,48349.4,48048.2,48169.6,False,False,,,36056,2024-02-11 08:00:00+00:00,48169.5,-0.0008511610043699935,-0.000529380624669118,,,,,
2024-02-13 07:00:00+00:00,2024-02-13,LONDON_OPEN,14:00,SHORT,HIGH_SWEEP,50127.0,49810.0,50027.7,50143.6,49912.3,50019.9,False,False,,,36104,2024-02-13 08:00:00+00:00,50019.8,-0.0026349565572032496,0.002846872638435194,,,,,
2024-02-16 00:00:00+00:00,2024-02-16,ASIA_OPEN,07:00,SHORT,HIGH_SWEEP,51998.7,51334.9,51898.4,52048.5,51824.5,51935.9,False,False,,,36169,2024-02-16 01:00:00+00:00,51936.0,-0.0007027880468268854,-0.007199245224892126,,,,,
2024-02-18 07:00:00+00:00,2024-02-18,LONDON_OPEN,14:00,SHORT,HIGH_SWEEP,51737.3,51435.1,51547.7,51785.2,51475.0,51703.7,False,False,,,36224,2024-02-18 08:00:00+00:00,51703.7,-0.0022164758034726173,-0.003187392778466691,,,,,
2024-02-19 00:00:00+00:00,2024-02-19,ASIA_OPEN,07:00,SHORT,HIGH_SWEEP,52450.0,51786.0,52175.9,52490.0,52135.9,52220.0,True,False,,,36241,2024-02-19 01:00:00+00:00,52219.9,0.001742630682938895,0.002219460397281492,,,,,
2024-02-19 07:00:00+00:00,2024-02-19,LONDON_OPEN,14:00,SHORT,HIGH_SWEEP,52524.0,52023.4,52428.0,52532.9,52327.4,52423.9,True,False,,,36248,2024-02-19 08:00:00+00:00,52424.0,0.005770257897146358,0.000839310239584945,,,,,
2024-02-21 13:00:00+00:00,2024-02-21,NEW_YORK_OPEN,20:00,SHORT,HIGH_SWEEP,51445.8,50528.4,51334.9,51468.0,50910.0,51218.0,True,False,,,36302,2024-02-21 14:00:00+00:00,51218.0,0.004853762349174118,-0.002998945683158283,,,,,
2024-02-23 13:00:00+00:00,2024-02-23,NEW_YORK_OPEN,20:00,LONG,LOW_SWEEP,51300.0,50955.0,51018.1,51128.7,50946.5,51087.8,True,False,,,36350,2024-02-23 14:00:00+00:00,51087.9,0.0013545281759477223,-3.5233391859956775e-05,,,,,
2024-02-24 13:00:00+00:00,2024-02-24,NEW_YORK_OPEN,20:00,SHORT,HIGH_SWEEP,51195.0,51053.3,51105.4,51204.2,51079.2,51166.6,True,False,,,36374,2024-02-24 14:00:00+00:00,51166.5,0.00014853468578068796,-0.0015342069518142765,,,,,
2024-02-25 00:00:00+00:00,2024-02-25,ASIA_OPEN,07:00,LONG,LOW_SWEEP,51712.5,51488.7,51602.1,51624.3,51473.2,51517.6,True,False,,,36385,2024-02-25 01:00:00+00:00,51517.6,0.0039054614345390704,0.0026515210335884554,,,,,
2024-02-25 13:00:00+00:00,2024-02-25,NEW_YORK_OPEN,20:00,LONG,LOW_SWEEP,51739.0,51580.8,51688.9,51726.2,51578.0,51646.3,True,False,,,36398,2024-02-25 14:00:00+00:00,51646.4,0.0025926298832057437,-0.004763158709997217,,,,,
2024-02-26 00:00:00+00:00,2024-02-26,ASIA_OPEN,07:00,LONG,LOW_SWEEP,51908.8,51681.3,51764.9,51846.1,51652.5,51722.0,False,False,,,36409,2024-02-26 01:00:00+00:00,51722.0,-0.0041394377634275115,-0.002434167278914212,,,,,
2024-02-26 13:00:00+00:00,2024-02-26,NEW_YORK_OPEN,20:00,SHORT,HIGH_SWEEP,51286.1,50969.1,51275.5,51478.1,51237.3,51264.1,False,False,,,36422,2024-02-26 14:00:00+00:00,51264.1,-0.008893163051726383,-0.04242345032878769,,,,,
2024-02-29 13:00:00+00:00,2024-02-29,NEW_YORK_OPEN,20:00,LONG,LOW_SWEEP,63460.8,62151.1,62730.0,63140.0,62050.0,63004.2,False,False,,,36494,2024-02-29 14:00:00+00:00,63004.1,-0.0007158264303434025,-0.012200793281706979,,,,,
2024-03-01 13:00:00+00:00,2024-03-01,NEW_YORK_OPEN,20:00,SHORT,HIGH_SWEEP,62650.5,61875.0,62291.5,62750.0,62249.1,62510.2,True,True,62234.0,62249.1,36518,2024-03-01 14:00:00+00:00,62510.2,0.008006693307652246,0.016320536488445003,36520.0,2024-03-01 16:00:00+00:00,61335.4,-0.0025205672417558667,-0.017402674475099245
2024-03-02 00:00:00+00:00,2024-03-02,ASIA_OPEN,07:00,LONG,LOW_SWEEP,62961.0,62352.6,62430.6,62496.0,62167.3,62371.1,False,False,,,36529,2024-03-02 01:00:00+00:00,62371.1,-0.004522928086886369,5.1305813109081555e-05,,,,,
2024-03-04 13:00:00+00:00,2024-03-04,NEW_YORK_OPEN,20:00,SHORT,HIGH_SWEEP,65408.6,64785.1,65199.9,65755.8,65100.7,65173.2,False,False,,,36590,2024-03-04 14:00:00+00:00,65173.3,-0.01611856389042754,-0.022177793667038426,,,,,
2024-03-08 00:00:00+00:00,2024-03-08,ASIA_OPEN,07:00,LONG,LOW_SWEEP,67626.6,66852.1,66870.0,67167.6,66800.0,67130.8,False,False,,,36673,2024-03-08 01:00:00+00:00,67130.8,-0.001964820916777521,0.0013272596185356367,,,,,
2024-03-08 07:00:00+00:00,2024-03-08,LONDON_OPEN,14:00,SHORT,HIGH_SWEEP,67682.0,66818.1,67634.0,67719.3,67272.0,67308.5,True,False,,,36680,2024-03-08 08:00:00+00:00,67308.5,0.00041748070451730346,-0.00130889857893135,,,,,
2024-03-08 13:00:00+00:00,2024-03-08,NEW_YORK_OPEN,20:00,SHORT,HIGH_SWEEP,67860.0,67168.4,67517.1,67950.0,67350.0,67836.9,False,False,,,36686,2024-03-08 14:00:00+00:00,67836.9,-0.009798501995226916,-0.0003950652226147877,,,,,
2024-03-09 07:00:00+00:00,2024-03-09,LONDON_OPEN,14:00,SHORT,HIGH_SWEEP,68588.8,68179.3,68486.4,68608.7,68321.9,68336.3,False,False,,,36704,2024-03-09 08:00:00+00:00,68336.3,-0.00044778543760770617,0.0016448066401021366,,,,,
2024-03-09 13:00:00+00:00,2024-03-09,NEW_YORK_OPEN,20:00,SHORT,HIGH_SWEEP,68554.7,67996.0,68524.7,68580.0,68363.7,68400.3,True,False,,,36710,2024-03-09 14:00:00+00:00,68400.2,0.0030877102698529946,0.0035116856383460293,,,,,
2024-03-11 13:00:00+00:00,2024-03-11,NEW_YORK_OPEN,20:00,SHORT,HIGH_SWEEP,72346.3,71309.3,72059.2,72498.3,71405.2,71584.9,False,False,,,36758,2024-03-11 14:00:00+00:00,71584.9,-0.009261729778207384,-0.013761282058087687,,,,,
2024-03-12 07:00:00+00:00,2024-03-12,LONDON_OPEN,14:00,SHORT,HIGH_SWEEP,72346.3,71342.0,72331.0,72425.0,72069.1,72175.5,True,False,,,36776,2024-03-12 08:00:00+00:00,72175.6,0.005855164349170661,0.0032947422674699522,,,,,
2024-03-13 00:00:00+00:00,2024-03-13,ASIA_OPEN,07:00,SHORT,HIGH_SWEEP,71623.3,70623.8,71503.3,71815.6,71388.1,71476.4,False,False,,,36793,2024-03-13 01:00:00+00:00,71476.4,-0.008398576313300765,-0.009225422656989002,,,,,
2024-03-14 00:00:00+00:00,2024-03-14,ASIA_OPEN,07:00,LONG,LOW_SWEEP,73438.5,72883.2,73127.6,73237.0,72813.6,72900.0,True,False,,,36817,2024-03-14 01:00:00+00:00,72899.9,0.0012839523785355134,0.005945138470697664,,,,,
2024-03-14 07:00:00+00:00,2024-03-14,LONDON_OPEN,14:00,SHORT,HIGH_SWEEP,73769.6,72720.0,73644.5,73881.4,73152.6,73280.7,False,False,,,36824,2024-03-14 08:00:00+00:00,73280.7,-0.0014178358012411074,0.0033187455905852037,,,,,
2024-03-15 07:00:00+00:00,2024-03-15,LONDON_OPEN,14:00,SHORT,HIGH_SWEEP,68733.9,66905.0,68708.4,68910.5,68171.2,68487.4,True,False,,,36848,2024-03-15 08:00:00+00:00,68487.4,0.01992775313415296,0.01720900486804855,,,,,
2024-03-16 00:00:00+00:00,2024-03-16,ASIA_OPEN,07:00,SHORT,HIGH_SWEEP,69813.6,67859.7,69552.1,70097.6,69461.7,69690.3,True,True,69374.9,69461.7,36865,2024-03-16 01:00:00+00:00,69690.2,0.005134150856218045,0.0063509646980491885,36867.0,2024-03-16 03:00:00+00:00,69119.9,-0.0018475142469824846,0.001265916183327831
2024-03-16 13:00:00+00:00,2024-03-16,NEW_YORK_OPEN,20:00,LONG,LOW_SWEEP,69054.5,67739.6,67931.1,68321.5,67667.4,67750.1,True,False,,,36878,2024-03-16 14:00:00+00:00,67750.1,0.007186705259475623,0.007164565070752582,,,,,
2024-03-17 07:00:00+00:00,2024-03-17,LONDON_OPEN,14:00,LONG,LOW_SWEEP,66600.0,65000.0,65007.1,65846.4,64559.8,65681.2,True,True,65846.4,66320.0,36896,2024-03-17 08:00:00+00:00,65681.1,0.013370665229418988,0.02351056848926092,36898.0,2024-03-17 10:00:00+00:00,66504.9,0.010832284538432546,0.002040451154727174
2024-03-19 07:00:00+00:00,2024-03-19,LONDON_OPEN,14:00,LONG,LOW_SWEEP,66044.0,64640.5,64977.2,64977.2,63625.0,64742.1,False,False,,,36944,2024-03-19 08:00:00+00:00,64742.1,-0.018657102565409533,-0.022222016276889356,,,,,
2024-03-21 00:00:00+00:00,2024-03-21,ASIA_OPEN,07:00,SHORT,HIGH_SWEEP,68140.0,66947.1,67876.4,68293.9,67470.0,67696.2,False,False,,,36985,2024-03-21 01:00:00+00:00,67696.3,-0.002054765179189788,0.014601979724150338,,,,,
2024-03-22 00:00:00+00:00,2024-03-22,ASIA_OPEN,07:00,SHORT,HIGH_SWEEP,65903.7,65139.7,65539.9,66050.0,65408.4,65843.8,True,False,,,37009,2024-03-22 01:00:00+00:00,65843.8,0.008498901946728532,-0.00264261783189923,,,,,
2024-03-24 13:00:00+00:00,2024-03-24,NEW_YORK_OPEN,20:00,SHORT,HIGH_SWEEP,65843.5,64905.9,65683.7,65880.0,65300.0,65399.9,False,False,,,37070,2024-03-24 14:00:00+00:00,65399.9,-0.004469425794229043,0.0015886874444762666,,,,,
2024-03-26 07:00:00+00:00,2024-03-26,LONDON_OPEN,14:00,SHORT,HIGH_SWEEP,70729.7,70302.4,70656.7,71649.0,70419.5,70535.0,False,False,,,37112,2024-03-26 08:00:00+00:00,70535.0,-0.003041043453604564,-0.005666690295597965,,,,,
2024-03-28 07:00:00+00:00,2024-03-28,LONDON_OPEN,14:00,SHORT,HIGH_SWEEP,70469.9,69333.0,70420.0,70564.0,70240.2,70456.8,False,False,,,37160,2024-03-28 08:00:00+00:00,70457.0,-0.002383013753069152,-0.005782250166768366,,,,,
2024-03-28 13:00:00+00:00,2024-03-28,NEW_YORK_OPEN,20:00,SHORT,HIGH_SWEEP,71050.0,70385.4,70902.9,71440.0,70468.0,70924.5,False,False,,,37166,2024-03-28 14:00:00+00:00,70924.5,-0.00950306311641258,0.0024730523302948226,,,,,
2024-03-30 13:00:00+00:00,2024-03-30,NEW_YORK_OPEN,20:00,SHORT,HIGH_SWEEP,70290.0,69999.0,70280.0,70328.0,70123.0,70213.4,True,False,,,37214,2024-03-30 14:00:00+00:00,70213.3,0.0017546533206671544,-0.0003816940665088975,,,,,
2024-03-31 13:00:00+00:00,2024-03-31,NEW_YORK_OPEN,20:00,SHORT,HIGH_SWEEP,70716.9,70265.0,70574.6,70824.0,70570.6,70657.5,True,False,,,37238,2024-03-31 14:00:00+00:00,70657.5,0.0007911403601881251,0.001596433499628569,,,,,
2024-04-02 13:00:00+00:00,2024-04-02,NEW_YORK_OPEN,20:00,LONG,LOW_SWEEP,66332.9,65108.0,65400.0,65508.2,64650.0,65268.8,True,False,,,37286,2024-04-02 14:00:00+00:00,65268.9,0.00724694303106066,0.0047940136879891515,,,,,
2024-04-03 00:00:00+00:00,2024-04-03,ASIA_OPEN,07:00,LONG,LOW_SWEEP,65975.8,65223.3,65502.4,65650.8,64500.0,65433.9,True,True,65650.8,65714.3,37297,2024-04-03 01:00:00+00:00,65433.9,0.006051908872923617,0.012505750077559163,37299.0,2024-04-03 03:00:00+00:00,65948.4,0.004606631851568954,0.0024913417156444684
2024-04-04 00:00:00+00:00,2024-04-04,ASIA_OPEN,07:00,SHORT,HIGH_SWEEP,66324.0,65500.1,65971.8,66375.8,65828.4,66297.5,True,False,,,37321,2024-04-04 01:00:00+00:00,66297.5,0.0022248199404201197,0.009959651570572103,,,,,
2024-04-06 00:00:00+00:00,2024-04-06,ASIA_OPEN,07:00,SHORT,HIGH_SWEEP,67977.0,67485.0,67825.8,68074.8,67676.0,67905.6,True,False,,,37369,2024-04-06 01:00:00+00:00,67905.5,0.003027737075789183,0.001652296205756465,,,,,
2024-04-06 13:00:00+00:00,2024-04-06,NEW_YORK_OPEN,20:00,LONG,LOW_SWEEP,67909.5,67556.8,67733.5,67742.2,67525.0,67688.1,True,True,67742.2,67884.0,37382,2024-04-06 14:00:00+00:00,67688.2,0.0043390132992160435,0.0065240322537754025,37384.0,2024-04-06 16:00:00+00:00,68094.0,0.000525743824713043,0.002944459130026056
2024-04-07 13:00:00+00:00,2024-04-07,NEW_YORK_OPEN,20:00,SHORT,HIGH_SWEEP,69516.0,69198.3,69334.3,69569.4,69293.2,69363.2,False,False,,,37406,2024-04-07 14:00:00+00:00,69363.1,-0.0033476012461957083,-0.010739139398325603,,,,,
2024-04-08 13:00:00+00:00,2024-04-08,NEW_YORK_OPEN,20:00,LONG,LOW_SWEEP,72890.4,71856.1,72242.3,72374.0,71751.4,71994.7,False,False,,,37430,2024-04-08 14:00:00+00:00,71994.8,-0.0029696589198109358,-0.002900209459572145,,,,,
2024-04-10 07:00:00+00:00,2024-04-10,LONDON_OPEN,14:00,SHORT,HIGH_SWEEP,69526.2,69049.0,69412.3,69564.0,69302.3,69381.6,True,True,69227.7,69302.3,37472,2024-04-10 08:00:00+00:00,69381.6,0.0045487564426304194,0.005847371637437204,37474.0,2024-04-10 10:00:00+00:00,69184.3,0.0030122441074059703,0.016921469177255455
2024-04-11 07:00:00+00:00,2024-04-11,LONDON_OPEN,14:00,SHORT,HIGH_SWEEP,70936.4,70421.0,70763.1,71387.4,70758.6,70789.1,False,False,,,37496,2024-04-11 08:00:00+00:00,70789.1,-0.004389093801164368,0.0037774177097887884,,,,,
2024-04-11 13:00:00+00:00,2024-04-11,NEW_YORK_OPEN,20:00,LONG,LOW_SWEEP,71160.0,69921.1,70906.5,71045.5,69700.0,70322.8,False,False,,,37502,2024-04-11 14:00:00+00:00,70322.7,-0.009840350270965081,-0.0037071955428331638,,,,,
2024-04-12 07:00:00+00:00,2024-04-12,LONDON_OPEN,14:00,LONG,LOW_SWEEP,71297.0,70742.0,70928.7,71033.0,70633.6,70825.9,True,False,,,37520,2024-04-12 08:00:00+00:00,70825.9,3.247399609462853e-05,0.00010165772690506891,,,,,
2024-04-14 13:00:00+00:00,2024-04-14,NEW_YORK_OPEN,20:00,SHORT,HIGH_SWEEP,64833.8,63850.0,64500.1,64846.1,64326.2,64357.4,True,False,,,37574,2024-04-14 14:00:00+00:00,64357.4,0.007107185809246519,-0.0006401750226081582,,,,,
2024-04-15 00:00:00+00:00,2024-04-15,ASIA_OPEN,07:00,SHORT,HIGH_SWEEP,65822.1,63300.0,65615.9,65842.8,65255.1,65454.0,True,False,,,37585,2024-04-15 01:00:00+00:00,65454.1,0.003028076163296034,0.005289202662629222,,,,,
2024-04-15 13:00:00+00:00,2024-04-15,NEW_YORK_OPEN,20:00,LONG,LOW_SWEEP,66688.0,65767.0,66001.3,66369.7,65650.0,65842.5,False,False,,,37598,2024-04-15 14:00:00+00:00,65842.4,-0.02462091296793545,-0.025940731200563616,,,,,
2024-04-16 00:00:00+00:00,2024-04-16,ASIA_OPEN,07:00,SHORT,HIGH_SWEEP,63531.0,62606.0,63392.8,63700.0,62899.9,63238.0,True,False,,,37609,2024-04-16 01:00:00+00:00,63238.0,0.001975078275720299,0.004750308358898114,,,,,
2024-04-19 07:00:00+00:00,2024-04-19,LONDON_OPEN,14:00,SHORT,HIGH_SWEEP,64995.8,61701.3,64595.9,65189.0,64160.2,64519.6,False,False,,,37688,2024-04-19 08:00:00+00:00,64519.5,-0.0012182363471509028,-0.0036392098512854076,,,,,
2024-04-20 13:00:00+00:00,2024-04-20,NEW_YORK_OPEN,20:00,SHORT,HIGH_SWEEP,63916.0,63333.7,63790.8,64034.1,63768.0,63846.5,False,False,,,37718,2024-04-20 14:00:00+00:00,63846.4,-0.0009334903769044889,-0.013508984061748164,,,,,
2024-04-21 13:00:00+00:00,2024-04-21,NEW_YORK_OPEN,20:00,LONG,LOW_SWEEP,65425.0,64751.4,64976.4,65226.9,64743.7,64850.1,True,False,,,37742,2024-04-21 14:00:00+00:00,64850.2,0.00023438632417493999,-0.004515020770945899,,,,,
2024-04-22 07:00:00+00:00,2024-04-22,LONDON_OPEN,14:00,SHORT,HIGH_SWEEP,66390.0,65466.6,66268.7,66449.0,65936.5,65943.7,True,False,,,37760,2024-04-22 08:00:00+00:00,65943.8,0.00012131542313298382,-0.0011964733606495415,,,,,
2024-04-22 13:00:00+00:00,2024-04-22,NEW_YORK_OPEN,20:00,SHORT,HIGH_SWEEP,66131.4,65600.7,65971.4,66239.2,65652.6,66077.2,True,False,,,37766,2024-04-22 14:00:00+00:00,66077.2,0.0011698437585128119,-0.0005130362666700972,,,,,
2024-04-25 13:00:00+00:00,2024-04-25,NEW_YORK_OPEN,20:00,LONG,LOW_SWEEP,64316.5,63188.0,63388.9,63549.0,62721.3,63399.9,False,False,,,37838,2024-04-25 14:00:00+00:00,63400.0,-0.0006624605678233753,0.015798107255520444,,,,,
2024-04-26 07:00:00+00:00,2024-04-26,LONDON_OPEN,14:00,SHORT,HIGH_SWEEP,64548.9,63992.6,64338.2,64590.3,64200.0,64236.6,False,False,,,37856,2024-04-26 08:00:00+00:00,64236.7,-0.0023086491055737124,0.0026091004052199995,,,,,
2024-04-28 07:00:00+00:00,2024-04-28,LONDON_OPEN,14:00,SHORT,HIGH_SWEEP,64022.0,63760.9,63935.8,64041.4,63864.0,63883.1,True,True,63802.6,63864.0,37904,2024-04-28 08:00:00+00:00,63883.2,0.003215242818143005,0.0034343927667993546,37906.0,2024-04-28 10:00:00+00:00,63728.3,0.0010121092199226744,0.0028339058157836883
2024-04-28 13:00:00+00:00,2024-04-28,NEW_YORK_OPEN,20:00,SHORT,HIGH_SWEEP,63768.9,63230.7,63547.7,63832.0,63499.9,63740.2,True,False,,,37910,2024-04-28 14:00:00+00:00,63740.2,0.002618441736925714,0.0009993693148122595,,,,,
2024-05-02 00:00:00+00:00,2024-05-02,ASIA_OPEN,07:00,SHORT,HIGH_SWEEP,58550.8,57231.1,58307.7,58571.1,57616.0,57736.5,True,False,,,37993,2024-05-02 01:00:00+00:00,57736.4,0.011081397523919123,0.005694847617794041,,,,,
2024-05-02 07:00:00+00:00,2024-05-02,LONDON_OPEN,14:00,SHORT,HIGH_SWEEP,57710.4,57175.4,57600.8,57933.1,57592.5,57645.0,False,False,,,38000,2024-05-02 08:00:00+00:00,57645.0,-0.0027686703096538867,-0.0022638563622170427,,,,,
2024-05-06 00:00:00+00:00,2024-05-06,ASIA_OPEN,07:00,SHORT,HIGH_SWEEP,64217.4,63562.3,63987.9,64337.7,63981.0,64183.7,True,False,,,38089,2024-05-06 01:00:00+00:00,64183.8,0.001176309286767041,0.005510736354033319,,,,,
2024-05-07 07:00:00+00:00,2024-05-07,LONDON_OPEN,14:00,SHORT,HIGH_SWEEP,63700.0,63056.8,63594.4,63830.0,63518.8,63648.9,False,False,,,38120,2024-05-07 08:00:00+00:00,63648.9,-0.0087652732411716,-0.006570419912991454,,,,,
2024-05-08 00:00:00+00:00,2024-05-08,ASIA_OPEN,07:00,LONG,LOW_SWEEP,63145.8,62203.6,62296.0,62679.0,62055.0,62566.0,False,False,,,38137,2024-05-08 01:00:00+00:00,62565.9,-0.0010516910969075033,0.0047645762308221595,,,,,
2024-05-08 07:00:00+00:00,2024-05-08,LONDON_OPEN,14:00,LONG,LOW_SWEEP,62994.9,62101.1,62467.6,62577.9,62036.1,62186.7,True,False,,,38144,2024-05-08 08:00:00+00:00,62186.7,0.0027610405440392505,0.003795023694777244,,,,,
2024-05-08 13:00:00+00:00,2024-05-08,NEW_YORK_OPEN,20:00,LONG,LOW_SWEEP,62517.6,62059.9,62207.2,62448.2,61736.7,62417.4,True,False,,,38150,2024-05-08 14:00:00+00:00,62417.4,0.001803984145446691,2.7235995091023923e-05,,,,,
2024-05-10 07:00:00+00:00,2024-05-10,LONDON_OPEN,14:00,SHORT,HIGH_SWEEP,63197.7,62638.3,63131.0,63365.5,62960.2,63053.9,True,False,,,38192,2024-05-10 08:00:00+00:00,63053.8,0.00046309659370258327,0.0007422233077150064,,,,,
2024-05-12 00:00:00+00:00,2024-05-12,ASIA_OPEN,07:00,SHORT,HIGH_SWEEP,60986.1,60729.4,60809.2,61081.3,60778.0,60951.9,True,False,,,38233,2024-05-12 01:00:00+00:00,60951.9,0.001824389395572612,0.0008104751451554204,,,,,
2024-05-13 00:00:00+00:00,2024-05-13,ASIA_OPEN,07:00,SHORT,HIGH_SWEEP,61527.5,60870.0,61455.7,61787.6,61454.9,61485.6,True,False,,,38257,2024-05-13 01:00:00+00:00,61485.5,0.0014881557440372672,0.005781851005521643,,,,,
2024-05-15 13:00:00+00:00,2024-05-15,NEW_YORK_OPEN,20:00,SHORT,HIGH_SWEEP,64200.0,62215.9,63735.1,64645.2,63514.2,64106.7,False,False,,,38318,2024-05-15 14:00:00+00:00,64106.6,-0.005601607322802904,-0.009705708928565926,,,,,
2024-05-16 00:00:00+00:00,2024-05-16,ASIA_OPEN,07:00,SHORT,HIGH_SWEEP,66440.0,65748.8,66175.4,66644.0,65901.2,66056.3,True,False,,,38329,2024-05-16 01:00:00+00:00,66056.3,0.0013670157123545357,0.001656163000349875,,,,,
2024-05-16 13:00:00+00:00,2024-05-16,NEW_YORK_OPEN,20:00,LONG,LOW_SWEEP,66800.0,65861.4,65976.9,66334.1,65736.7,66299.9,False,False,,,38342,2024-05-16 14:00:00+00:00,66300.0,-0.010900452488687762,-0.017583710407239828,,,,,
2024-05-18 00:00:00+00:00,2024-05-18,ASIA_OPEN,07:00,SHORT,HIGH_SWEEP,67027.7,66636.0,66980.0,67059.8,66696.1,66865.7,False,False,,,38377,2024-05-18 01:00:00+00:00,66865.7,-0.0011635262922544687,-0.0007956246625697716,,,,,
2024-05-18 07:00:00+00:00,2024-05-18,LONDON_OPEN,14:00,SHORT,HIGH_SWEEP,66970.0,66700.1,66897.7,67233.6,66799.0,66854.1,False,False,,,38384,2024-05-18 08:00:00+00:00,66854.1,-0.0020327848254630965,-0.004924155736147684,,,,,
2024-05-19 13:00:00+00:00,2024-05-19,NEW_YORK_OPEN,20:00,LONG,LOW_SWEEP,67750.0,66750.0,66798.9,67149.9,66619.4,67010.5,False,False,,,38414,2024-05-19 14:00:00+00:00,67010.5,-0.001710179747950069,-0.005530476567105258,,,,,
2024-05-20 00:00:00+00:00,2024-05-20,ASIA_OPEN,07:00,SHORT,HIGH_SWEEP,66438.0,65958.2,66239.4,66463.0,66116.7,66428.9,False,False,,,38425,2024-05-20 01:00:00+00:00,66428.9,-0.0009799951527122985,-0.0032245001798918427,,,,,
2024-05-20 13:00:00+00:00,2024-05-20,NEW_YORK_OPEN,20:00,LONG,LOW_SWEEP,67341.4,66760.0,66903.5,67157.4,66730.0,67063.8,False,False,,,38438,2024-05-20 14:00:00+00:00,67063.9,-0.0015045352268506784,0.01640972266748575,,,,,
2024-05-21 00:00:00+00:00,2024-05-21,ASIA_OPEN,07:00,SHORT,HIGH_SWEEP,71674.6,68900.0,71466.5,72132.8,71136.0,71347.2,True,False,,,38449,2024-05-21 01:00:00+00:00,71347.2,0.0031171510584857565,0.00032797362755643267,,,,,
2024-05-22 13:00:00+00:00,2024-05-22,NEW_YORK_OPEN,20:00,LONG,LOW_SWEEP,70321.8,69546.1,69685.3,69930.4,69466.7,69626.0,True,True,69930.4,69955.1,38486,2024-05-22 14:00:00+00:00,69626.1,0.007449792534695909,0.00923935133520315,38488.0,2024-05-22 16:00:00+00:00,70485.7,-0.0030687075534470143,-0.012321648220844805
2024-05-25 00:00:00+00:00,2024-05-25,ASIA_OPEN,07:00,LONG,LOW_SWEEP,69015.3,68535.6,68584.0,68711.1,68523.7,68554.9,True,False,,,38545,2024-05-25 01:00:00+00:00,68555.0,0.0009773174823135555,0.003172635110495259,,,,,
2024-05-25 07:00:00+00:00,2024-05-25,LONDON_OPEN,14:00,SHORT,HIGH_SWEEP,68850.8,68633.1,68687.4,68854.7,68657.3,68775.0,False,False,,,38552,2024-05-25 08:00:00+00:00,68775.1,-0.0018102481857533714,-0.009051240928766413,,,,,
2024-05-25 13:00:00+00:00,2024-05-25,NEW_YORK_OPEN,20:00,LONG,LOW_SWEEP,69622.8,69031.4,69141.0,69256.9,68888.0,69038.3,False,False,,,38558,2024-05-25 14:00:00+00:00,69038.3,-9.559910947987138e-05,-0.001197885811209054,,,,,
2024-05-28 00:00:00+00:00,2024-05-28,ASIA_OPEN,07:00,LONG,LOW_SWEEP,69950.0,69344.0,69461.5,69505.0,69123.7,69407.2,False,False,,,38617,2024-05-28 01:00:00+00:00,69407.2,-0.01104208208946611,-0.019266012747956918,,,,,
2024-05-29 13:00:00+00:00,2024-05-29,NEW_YORK_OPEN,20:00,SHORT,HIGH_SWEEP,68076.0,67618.0,67944.3,68330.6,67620.3,67921.6,True,False,,,38654,2024-05-29 14:00:00+00:00,67921.5,0.003696914820785824,0.004790824702045615,,,,,
2024-06-01 07:00:00+00:00,2024-06-01,LONDON_OPEN,14:00,LONG,LOW_SWEEP,67857.5,67635.0,67734.9,67808.3,67608.6,67677.9,True,False,,,38720,2024-06-01 08:00:00+00:00,67677.8,0.0011170575875691924,-0.00011525197332074022,,,,,
2024-06-03 00:00:00+00:00,2024-06-03,ASIA_OPEN,07:00,LONG,LOW_SWEEP,68038.7,67789.1,67805.9,67923.5,67642.6,67863.6,True,True,67923.5,68441.1,38761,2024-06-03 01:00:00+00:00,67863.6,0.009694445917988403,0.008433092261536101,38763.0,2024-06-03 03:00:00+00:00,68460.4,-0.00035787111965457363,0.0041834403538396625
2024-06-03 13:00:00+00:00,2024-06-03,NEW_YORK_OPEN,20:00,SHORT,HIGH_SWEEP,69831.6,68872.1,69792.6,70372.9,69562.5,69830.1,True,False,,,38774,2024-06-03 14:00:00+00:00,69830.1,0.01446367683849803,0.010137462211854298,,,,,
2024-06-04 00:00:00+00:00,2024-06-04,ASIA_OPEN,07:00,LONG,LOW_SWEEP,69243.9,68764.0,68851.3,69135.3,68659.0,69041.1,True,False,,,38785,2024-06-04 01:00:00+00:00,69041.1,0.0031691267954883084,0.002288491927272318,,,,,
2024-06-05 07:00:00+00:00,2024-06-05,LONDON_OPEN,14:00,SHORT,HIGH_SWEEP,71327.9,70872.4,71163.4,71430.0,71071.3,71244.1,True,False,,,38816,2024-06-05 08:00:00+00:00,71244.0,0.003817865364100892,0.005660827578462757,,,,,
2024-06-06 13:00:00+00:00,2024-06-06,NEW_YORK_OPEN,20:00,SHORT,HIGH_SWEEP,71500.0,70940.0,71230.1,71600.0,71025.1,71163.5,False,False,,,38846,2024-06-06 14:00:00+00:00,71163.5,-0.004930898564573072,0.002612294223864664,,,,,
2024-06-08 13:00:00+00:00,2024-06-08,NEW_YORK_OPEN,20:00,LONG,LOW_SWEEP,69557.0,69292.1,69390.6,69477.0,69192.3,69466.9,True,False,,,38894,2024-06-08 14:00:00+00:00,69467.0,0.00047360617271507977,-0.0005513409244677359,,,,,
2024-06-09 07:00:00+00:00,2024-06-09,LONDON_OPEN,14:00,SHORT,HIGH_SWEEP,69434.9,69263.0,69418.7,69461.9,69310.2,69331.9,False,False,,,38912,2024-06-09 08:00:00+00:00,69331.9,-0.0007658812177366858,-0.0007197264174212403,,,,,
2024-06-10 07:00:00+00:00,2024-06-10,LONDON_OPEN,14:00,LONG,LOW_SWEEP,69712.1,69300.0,69459.1,69532.2,69265.0,69325.3,True,False,,,38936,2024-06-10 08:00:00+00:00,69325.3,0.0014020855301022372,0.002118995518230582,,,,,
2024-06-10 13:00:00+00:00,2024-06-10,NEW_YORK_OPEN,20:00,LONG,LOW_SWEEP,69592.6,69351.4,69401.9,69548.7,69255.1,69444.0,True,True,69548.7,69633.1,38942,2024-06-10 14:00:00+00:00,69443.9,0.0036864289016025342,0.007992062657771193,38944.0,2024-06-10 16:00:00+00:00,70090.9,-0.0013125812337978493,-0.0029575879322421006
2024-06-11 13:00:00+00:00,2024-06-11,NEW_YORK_OPEN,20:00,LONG,LOW_SWEEP,67308.3,66689.5,67043.2,67288.0,66523.3,66832.9,True,False,,,38966,2024-06-11 14:00:00+00:00,66833.0,0.0003935181721606007,-0.004882318615055503,,,,,
2024-06-12 00:00:00+00:00,2024-06-12,ASIA_OPEN,07:00,LONG,LOW_SWEEP,67605.0,67206.3,67320.6,67448.0,67200.0,67218.6,False,False,,,38977,2024-06-12 01:00:00+00:00,67218.6,-0.00045820650831762677,0.002892056662887832,,,,,
2024-06-12 13:00:00+00:00,2024-06-12,NEW_YORK_OPEN,20:00,SHORT,HIGH_SWEEP,69488.0,67718.1,69340.1,69668.6,69079.0,69324.9,False,False,,,38990,2024-06-12 14:00:00+00:00,69325.0,-0.00915975477821851,-0.004160115398485376,,,,,
2024-06-13 00:00:00+00:00,2024-06-13,ASIA_OPEN,07:00,LONG,LOW_SWEEP,68692.6,68100.6,68270.3,68400.0,68002.5,68331.0,False,False,,,39001,2024-06-13 01:00:00+00:00,68331.1,-0.005135289787519981,-0.012585777193693692,,,,,
2024-06-14 00:00:00+00:00,2024-06-14,ASIA_OPEN,07:00,LONG,LOW_SWEEP,66991.1,66675.0,66786.8,66904.0,66608.9,66729.1,True,False,,,39025,2024-06-14 01:00:00+00:00,66729.1,0.0012048716377111024,0.0003087108922492643,,,,,
2024-06-14 13:00:00+00:00,2024-06-14,NEW_YORK_OPEN,20:00,SHORT,HIGH_SWEEP,67287.9,66755.8,67074.1,67366.5,66950.0,67066.1,True,False,,,39038,2024-06-14 14:00:00+00:00,67066.1,0.0012838080639847593,0.026539488653731347,,,,,
2024-06-17 07:00:00+00:00,2024-06-17,LONDON_OPEN,14:00,LONG,LOW_SWEEP,66548.9,66052.8,66107.6,66348.6,65907.5,66147.3,True,False,,,39104,2024-06-17 08:00:00+00:00,66147.3,0.00038399148566892194,-0.004297983439989328,,,,,
2024-06-19 07:00:00+00:00,2024-06-19,LONDON_OPEN,14:00,LONG,LOW_SWEEP,65711.9,65287.6,65568.7,65625.4,65143.0,65295.0,False,False,,,39152,2024-06-19 08:00:00+00:00,65294.9,-0.0020966415447454256,0.002986450702888055,,,,,
2024-06-21 13:00:00+00:00,2024-06-21,NEW_YORK_OPEN,20:00,LONG,LOW_SWEEP,64153.8,63500.0,63806.2,63860.0,63361.2,63594.2,True,False,,,39206,2024-06-21 14:00:00+00:00,63594.1,0.00941125041473967,0.000761076892353163,,,,,
2024-06-23 07:00:00+00:00,2024-06-23,LONDON_OPEN,14:00,SHORT,HIGH_SWEEP,64405.2,64311.9,64352.5,64409.0,64341.3,64390.0,True,False,,,39248,2024-06-23 08:00:00+00:00,64390.0,0.0004705699642801875,0.0017859916136045983,,,,,
2024-06-23 13:00:00+00:00,2024-06-23,NEW_YORK_OPEN,20:00,SHORT,HIGH_SWEEP,64388.0,64211.7,64350.0,64409.1,64218.3,64273.9,True,True,64180.8,64218.3,39254,2024-06-23 14:00:00+00:00,64274.0,0.0016725269938077103,0.005817282260322965,39256.0,2024-06-23 16:00:00+00:00,64071.8,0.002679806092540038,-0.0002902993204498827
2024-06-24 13:00:00+00:00,2024-06-24,NEW_YORK_OPEN,20:00,SHORT,HIGH_SWEEP,61550.0,60811.5,61194.9,61630.8,60906.8,61542.0,True,False,,,39278,2024-06-24 14:00:00+00:00,61542.1,0.004221500403788547,0.02270965729151264,,,,,
2024-06-25 00:00:00+00:00,2024-06-25,ASIA_OPEN,07:00,SHORT,HIGH_SWEEP,60431.8,59380.9,60273.5,60628.0,60230.5,60386.7,False,False,,,39289,2024-06-25 01:00:00+00:00,60386.7,-0.00138441080569085,-0.014645609049674935,,,,,
2024-06-26 00:00:00+00:00,2024-06-26,ASIA_OPEN,07:00,LONG,LOW_SWEEP,62141.4,61641.4,61777.9,61819.0,61605.7,61739.4,True,True,61819.0,61971.9,39313,2024-06-26 01:00:00+00:00,61739.4,0.005277019213014711,0.002769706216775747,39315.0,2024-06-26 03:00:00+00:00,62000.1,-0.0014467718600453816,-0.0074548266857633605
2024-06-27 00:00:00+00:00,2024-06-27,ASIA_OPEN,07:00,LONG,LOW_SWEEP,61072.8,60766.1,60860.1,61047.2,60752.2,60974.9,True,False,,,39337,2024-06-27 01:00:00+00:00,60974.9,0.0011857338019414243,0.0008560899648870635,,,,,
2024-06-28 13:00:00+00:00,2024-06-28,NEW_YORK_OPEN,20:00,LONG,LOW_SWEEP,61868.1,61230.8,61367.0,61832.0,61200.0,61279.9,False,False,,,39374,2024-06-28 14:00:00+00:00,61279.9,-0.006052555568791695,-0.005760453264447185,,,,,
2024-07-02 00:00:00+00:00,2024-07-02,ASIA_OPEN,07:00,LONG,LOW_SWEEP,63275.0,62780.0,62883.7,62975.3,62765.7,62912.7,True,False,,,39457,2024-07-02 01:00:00+00:00,62912.7,3.020057953317945e-05,0.0032266934974973793,,,,,
2024-07-02 13:00:00+00:00,2024-07-02,NEW_YORK_OPEN,20:00,SHORT,HIGH_SWEEP,63050.0,62500.0,62871.9,63167.4,62500.0,62625.3,True,True,62148.7,62500.0,39470,2024-07-02 14:00:00+00:00,62625.3,0.009462629320737825,0.011217511133679192,39472.0,2024-07-02 16:00:00+00:00,61945.0,0.0003583824360319232,-0.005955282912260884
2024-07-03 00:00:00+00:00,2024-07-03,ASIA_OPEN,07:00,SHORT,HIGH_SWEEP,62176.4,61901.1,62123.5,62278.2,62075.8,62075.9,True,True,61618.3,62075.8,39481,2024-07-03 01:00:00+00:00,62075.8,0.007376465546960365,0.0175962291263263,39483.0,2024-07-03 03:00:00+00:00,61357.1,0.006088944881684433,0.0039620516615028745
2024-07-03 13:00:00+00:00,2024-07-03,NEW_YORK_OPEN,20:00,SHORT,HIGH_SWEEP,60620.5,59515.1,60032.3,60635.0,59756.5,60589.1,True,False,,,39494,2024-07-03 14:00:00+00:00,60589.1,0.004989346268553185,0.0015398809356798049,,,,,
2024-07-04 13:00:00+00:00,2024-07-04,NEW_YORK_OPEN,20:00,LONG,LOW_SWEEP,58088.0,57146.0,57234.3,57485.0,56750.0,57402.1,True,False,,,39518,2024-07-04 14:00:00+00:00,57402.2,0.0005522436422298327,0.015438432673312352,,,,,
2024-07-06 00:00:00+00:00,2024-07-06,ASIA_OPEN,07:00,SHORT,HIGH_SWEEP,56847.0,56327.2,56604.9,56975.0,56328.1,56582.3,True,False,,,39553,2024-07-06 01:00:00+00:00,56582.2,0.006843141482657078,0.003426872762105293,,,,,
2024-07-09 07:00:00+00:00,2024-07-09,LONDON_OPEN,14:00,LONG,LOW_SWEEP,57744.8,57074.0,57449.4,57528.9,57000.0,57102.5,True,False,,,39632,2024-07-09 08:00:00+00:00,57102.5,0.008707149424280747,0.005379799483385073,,,,,
2024-07-09 13:00:00+00:00,2024-07-09,NEW_YORK_OPEN,20:00,LONG,LOW_SWEEP,57650.0,57195.5,57327.0,57392.2,56922.6,57313.4,False,False,,,39638,2024-07-09 14:00:00+00:00,57313.5,-0.004766765247280258,0.006099784518481588,,,,,
2024-07-10 13:00:00+00:00,2024-07-10,NEW_YORK_OPEN,20:00,LONG,LOW_SWEEP,58702.0,57715.0,58127.9,58265.2,57438.8,57718.7,False,False,,,39662,2024-07-10 14:00:00+00:00,57719.3,-0.000576930073649562,-0.0007640425299684228,,,,,
2024-07-13 00:00:00+00:00,2024-07-13,ASIA_OPEN,07:00,SHORT,HIGH_SWEEP,57887.6,57474.7,57870.0,57915.6,57730.2,57813.7,False,False,,,39721,2024-07-13 01:00:00+00:00,57813.6,-0.0008319841698147812,0.00036669572557312957,,,,,
2024-07-15 07:00:00+00:00,2024-07-15,LONDON_OPEN,14:00,SHORT,HIGH_SWEEP,62980.1,62400.0,62839.0,63075.8,62716.7,62816.0,False,False,,,39776,2024-07-15 08:00:00+00:00,62816.1,-0.0004998718481408204,0.004732863071728377,,,,,
2024-07-16 00:00:00+00:00,2024-07-16,ASIA_OPEN,07:00,SHORT,HIGH_SWEEP,64870.7,63462.3,64680.6,64936.1,64405.0,64580.6,False,False,,,39793,2024-07-16 01:00:00+00:00,64580.6,-0.003581570936163514,-0.002237514052207734,,,,,
2024-07-16 07:00:00+00:00,2024-07-16,LONDON_OPEN,14:00,LONG,LOW_SWEEP,64988.8,62764.1,62880.2,63303.6,62672.4,62881.8,False,False,,,39800,2024-07-16 08:00:00+00:00,62881.8,-0.0013135756291964285,0.00830924051156301,,,,,
2024-07-17 13:00:00+00:00,2024-07-17,NEW_YORK_OPEN,20:00,LONG,LOW_SWEEP,65330.6,64531.0,64704.2,65300.0,64489.5,65102.1,False,False,,,39830,2024-07-17 14:00:00+00:00,65102.1,-0.0016128511983484195,-0.01352951748100284,,,,,
2024-07-18 00:00:00+00:00,2024-07-18,ASIA_OPEN,07:00,LONG,LOW_SWEEP,64537.3,64020.0,64055.8,64499.9,63871.2,64407.0,True,False,,,39841,2024-07-18 01:00:00+00:00,64406.9,0.0036207300770569883,0.006535014105631509,,,,,
2024-07-18 13:00:00+00:00,2024-07-18,NEW_YORK_OPEN,20:00,SHORT,HIGH_SWEEP,64996.4,64413.0,64811.2,65098.9,64468.6,64568.2,True,True,63965.6,64468.6,39854,2024-07-18 14:00:00+00:00,64568.3,0.009464396615676773,0.010686358476218238,39856.0,2024-07-18 16:00:00+00:00,63500.1,-0.005955896132447069,7.874003348029568e-05
2024-07-20 07:00:00+00:00,2024-07-20,LONDON_OPEN,14:00,SHORT,HIGH_SWEEP,66676.2,66401.0,66597.0,66729.0,66489.6,66526.3,True,False,,,39896,2024-07-20 08:00:00+00:00,66526.4,0.0008432742490197542,0.00047650256138909164,,,,,
2024-07-20 13:00:00+00:00,2024-07-20,NEW_YORK_OPEN,20:00,LONG,LOW_SWEEP,66625.0,66436.3,66444.5,66622.5,66241.4,66502.9,True,False,,,39902,2024-07-20 14:00:00+00:00,66503.0,0.0006947055020074533,0.004115603807347101,,,,,
2024-07-21 07:00:00+00:00,2024-07-21,LONDON_OPEN,14:00,LONG,LOW_SWEEP,67194.3,66574.2,66690.0,66796.9,66560.0,66670.0,True,False,,,39920,2024-07-21 08:00:00+00:00,66669.9,0.0013559342371896044,0.0014609291449365625,,,,,
2024-07-21 13:00:00+00:00,2024-07-21,NEW_YORK_OPEN,20:00,LONG,LOW_SWEEP,67040.4,66713.9,66892.5,66935.0,66571.3,66731.9,True,True,66935.0,66941.8,39926,2024-07-21 14:00:00+00:00,66731.9,0.007775891290372483,0.011880375053010761,39928.0,2024-07-21 16:00:00+00:00,67130.9,0.005866151057113855,-0.004482287590364398
2024-07-22 00:00:00+00:00,2024-07-22,ASIA_OPEN,07:00,SHORT,HIGH_SWEEP,68351.2,67522.8,68138.0,68459.7,68001.4,68163.7,True,False,,,39937,2024-07-22 01:00:00+00:00,68163.7,0.005202182393267862,0.0046417668054989925,,,,,
2024-07-23 07:00:00+00:00,2024-07-23,LONDON_OPEN,14:00,LONG,LOW_SWEEP,67493.3,66285.6,66496.2,66628.3,66216.1,66550.0,True,True,66628.3,66728.4,39968,2024-07-23 08:00:00+00:00,66549.9,0.004650645605778436,0.0041908402567096825,39970.0,2024-07-23 10:00:00+00:00,66897.0,-0.0010194777045308134,-0.006260370420198225
2024-07-24 13:00:00+00:00,2024-07-24,NEW_YORK_OPEN,20:00,SHORT,HIGH_SWEEP,66590.0,66153.9,66197.4,66880.0,66179.6,66315.7,False,False,,,39998,2024-07-24 14:00:00+00:00,66315.7,-0.006230802057431317,-0.0007765883493653369,,,,,
2024-07-25 07:00:00+00:00,2024-07-25,LONDON_OPEN,14:00,SHORT,HIGH_SWEEP,64350.0,63800.0,64302.5,64378.0,64051.2,64115.1,False,False,,,40016,2024-07-25 08:00:00+00:00,64115.0,-0.0034406925056538196,-0.00041799890821181407,,,,,
2024-07-25 13:00:00+00:00,2024-07-25,NEW_YORK_OPEN,20:00,LONG,LOW_SWEEP,64391.7,63900.0,64110.3,64342.2,63710.0,64034.0,True,True,64342.2,64510.0,40022,2024-07-25 14:00:00+00:00,64034.0,0.012042040166161616,0.012788518599494036,40024.0,2024-07-25 16:00:00+00:00,64773.3,0.0012289014146260602,-0.0034582150361337494
2024-07-26 07:00:00+00:00,2024-07-26,LONDON_OPEN,14:00,SHORT,HIGH_SWEEP,67136.8,66839.5,67041.9,67168.2,66865.8,66873.8,False,False,,,40040,2024-07-26 08:00:00+00:00,66873.7,-0.003029591603276094,-0.0059305825758109165,,,,,
2024-07-27 07:00:00+00:00,2024-07-27,LONDON_OPEN,14:00,SHORT,HIGH_SWEEP,68055.6,67752.1,68055.5,68278.8,68004.3,68013.6,True,False,,,40064,2024-07-27 08:00:00+00:00,68013.5,0.0007542620215105211,-0.0016423210097995522,,,,,
2024-07-28 00:00:00+00:00,2024-07-28,ASIA_OPEN,07:00,LONG,LOW_SWEEP,69200.0,67559.0,67873.7,68057.9,67222.7,67929.4,True,False,,,40081,2024-07-28 01:00:00+00:00,67929.4,0.001775372666327213,-0.0002723415781679117,,,,,
2024-07-30 00:00:00+00:00,2024-07-30,ASIA_OPEN,07:00,LONG,LOW_SWEEP,67521.0,66547.1,66750.1,66837.9,65820.0,66572.0,False,False,,,40129,2024-07-30 01:00:00+00:00,66571.9,-0.0059394429181079955,0.00020579253408747888,,,,,
2024-07-30 13:00:00+00:00,2024-07-30,NEW_YORK_OPEN,20:00,SHORT,HIGH_SWEEP,66797.0,66200.0,66635.4,66923.8,66302.7,66357.3,True,False,,,40142,2024-07-30 14:00:00+00:00,66357.3,0.008708913714090327,0.003120982921246185,,,,,
2024-08-01 00:00:00+00:00,2024-08-01,ASIA_OPEN,07:00,LONG,LOW_SWEEP,65121.8,64500.4,64601.8,64824.4,64320.0,64626.4,False,False,,,40177,2024-08-01 01:00:00+00:00,64624.7,-0.006995777156412308,-0.011015911872704898,,,,,
2024-08-01 07:00:00+00:00,2024-08-01,LONDON_OPEN,14:00,SHORT,HIGH_SWEEP,64432.6,63559.5,64204.4,64468.6,64194.0,64297.4,False,False,,,40184,2024-08-01 08:00:00+00:00,64297.5,-0.00271705742836037,-0.003998600256619689,,,,,
2024-08-01 13:00:00+00:00,2024-08-01,NEW_YORK_OPEN,20:00,SHORT,HIGH_SWEEP,64890.0,64280.0,64855.9,64927.2,64430.9,64724.7,True,True,63942.5,64430.9,40190,2024-08-01 14:00:00+00:00,64724.6,0.012460486430198148,0.028343164731802095,40192.0,2024-08-01 16:00:00+00:00,62892.6,3.97503044873293e-05,-0.0008331663820544399
2024-08-06 07:00:00+00:00,2024-08-06,LONDON_OPEN,14:00,SHORT,HIGH_SWEEP,56029.7,55220.0,55759.2,56152.0,55413.3,55979.1,True,True,55303.3,55413.3,40304,2024-08-06 08:00:00+00:00,55979.0,0.01802640275817713,0.016775933832330003,40306.0,2024-08-06 10:00:00+00:00,55185.0,0.002629337682341193,0.00783546253510925
2024-08-06 13:00:00+00:00,2024-08-06,NEW_YORK_OPEN,20:00,LONG,LOW_SWEEP,55443.2,54659.2,54752.6,55413.2,54288.0,55180.1,True,True,55413.2,55704.0,40310,2024-08-06 14:00:00+00:00,55180.2,0.016589283837318503,0.028334438802324113,40312.0,2024-08-06 16:00:00+00:00,56370.0,0.006629412808231372,0.005745964165336126
2024-08-07 00:00:00+00:00,2024-08-07,ASIA_OPEN,07:00,LONG,LOW_SWEEP,56919.8,55792.0,55991.3,56355.5,55516.3,56251.2,True,True,56355.5,56456.4,40321,2024-08-07 01:00:00+00:00,56251.2,0.012159740592200707,0.01023267059191646,40323.0,2024-08-07 03:00:00+00:00,56730.1,0.0017045624809404192,0.000631058291806319
2024-08-07 07:00:00+00:00,2024-08-07,LONDON_OPEN,14:00,LONG,LOW_SWEEP,57219.4,56660.7,56809.5,57063.9,56510.0,56898.7,True,True,57063.9,57142.0,40328,2024-08-07 08:00:00+00:00,56898.8,0.007411404106940633,0.007058145338741717,40330.0,2024-08-07 10:00:00+00:00,57319.4,-0.0003314759051908922,-0.001018852255955216
2024-08-07 13:00:00+00:00,2024-08-07,NEW_YORK_OPEN,20:00,LONG,LOW_SWEEP,57699.0,56780.9,57261.0,57454.0,56673.0,56800.9,False,False,,,40334,2024-08-07 14:00:00+00:00,56800.9,-0.013042046868975699,-0.012358959101000155,,,,,
2024-08-08 07:00:00+00:00,2024-08-08,LONDON_OPEN,14:00,SHORT,HIGH_SWEEP,57333.0,56636.9,57191.9,57399.2,57095.3,57166.4,False,False,,,40352,2024-08-08 08:00:00+00:00,57166.4,-0.0007609364941643104,-0.0032309188614290107,,,,,
2024-08-08 13:00:00+00:00,2024-08-08,NEW_YORK_OPEN,20:00,LONG,LOW_SWEEP,58500.0,57000.0,57893.6,58241.0,56645.0,57247.9,True,True,58241.0,58608.6,40358,2024-08-08 14:00:00+00:00,57247.9,0.02852331701250188,0.039896659964819614,40360.0,2024-08-08 16:00:00+00:00,59391.9,0.002357223796511043,-0.001530511736448914
2024-08-09 13:00:00+00:00,2024-08-09,NEW_YORK_OPEN,20:00,LONG,LOW_SWEEP,60822.0,60150.0,60531.5,60720.0,59764.3,60425.4,False,False,,,40382,2024-08-09 14:00:00+00:00,60425.5,-0.0017128530173519119,-0.00031278185534255876,,,,,
2024-08-10 00:00:00+00:00,2024-08-10,ASIA_OPEN,07:00,SHORT,HIGH_SWEEP,60955.0,59862.6,60808.6,61450.0,60454.0,60511.6,True,False,,,40393,2024-08-10 01:00:00+00:00,60511.6,0.0013518069262752341,0.001679016915764886,,,,,
2024-08-11 00:00:00+00:00,2024-08-11,ASIA_OPEN,07:00,SHORT,HIGH_SWEEP,61136.3,60721.0,60889.8,61217.0,60857.0,61059.1,False,False,,,40417,2024-08-11 01:00:00+00:00,61059.1,-0.0003766842288863703,7.042357322650794e-05,,,,,
2024-08-11 13:00:00+00:00,2024-08-11,NEW_YORK_OPEN,20:00,LONG,LOW_SWEEP,61244.1,60188.0,60470.0,60595.0,60140.0,60425.0,False,False,,,40430,2024-08-11 14:00:00+00:00,60424.9,-0.0018535405106172576,-0.004473321428748789,,,,,
2024-08-12 00:00:00+00:00,2024-08-12,ASIA_OPEN,07:00,LONG,LOW_SWEEP,59336.6,58272.9,58693.1,59055.0,58078.8,58433.5,True,False,,,40441,2024-08-12 01:00:00+00:00,58433.4,0.002236734470354218,0.0009446652085964846,,,,,
2024-08-12 13:00:00+00:00,2024-08-12,NEW_YORK_OPEN,20:00,LONG,LOW_SWEEP,59937.8,58086.1,59699.9,59850.0,57930.0,58133.7,True,False,,,40454,2024-08-12 14:00:00+00:00,58133.7,0.03666719992018419,0.024908099776893566,,,,,
2024-08-15 07:00:00+00:00,2024-08-15,LONDON_OPEN,14:00,LONG,LOW_SWEEP,58622.0,57800.0,58078.6,58130.0,57679.6,58031.9,True,True,58130.0,58258.5,40520,2024-08-15 08:00:00+00:00,58031.9,0.005386692491543332,0.005067902308902417,40522.0,2024-08-15 10:00:00+00:00,58372.0,-0.0007880490646200444,0.006753237853765359
2024-08-16 13:00:00+00:00,2024-08-16,NEW_YORK_OPEN,20:00,SHORT,HIGH_SWEEP,58645.1,57500.0,57844.4,58908.5,57706.2,58310.1,True,False,,,40550,2024-08-16 14:00:00+00:00,58311.9,0.00562663881643366,-0.003738516494917743,,,,,
2024-08-17 13:00:00+00:00,2024-08-17,NEW_YORK_OPEN,20:00,SHORT,HIGH_SWEEP,59320.0,59026.0,59198.7,59412.0,59159.1,59289.4,False,False,,,40574,2024-08-17 14:00:00+00:00,59289.4,-0.0035503816871143012,-0.004943548087853689,,,,,
2024-08-19 07:00:00+00:00,2024-08-19,LONDON_OPEN,14:00,SHORT,HIGH_SWEEP,58710.6,58339.8,58539.9,58724.8,58467.6,58475.5,False,False,,,40616,2024-08-19 08:00:00+00:00,58475.5,-0.0017870732186984206,0.00785628169062258,,,,,
2024-08-19 13:00:00+00:00,2024-08-19,NEW_YORK_OPEN,20:00,SHORT,HIGH_SWEEP,58482.7,57750.0,58382.1,58945.4,58019.4,58176.7,False,False,,,40622,2024-08-19 14:00:00+00:00,58176.7,-0.007061246168998947,-0.008482777469330571,,,,,
2024-08-22 13:00:00+00:00,2024-08-22,NEW_YORK_OPEN,20:00,LONG,LOW_SWEEP,61392.0,60700.0,60851.1,60895.9,60373.3,60777.4,False,False,,,40694,2024-08-22 14:00:00+00:00,60777.4,-0.0049607255328461,-0.007831858552685755,,,,,
2024-08-25 00:00:00+00:00,2024-08-25,ASIA_OPEN,07:00,SHORT,HIGH_SWEEP,64147.5,63522.7,64116.6,64549.0,64067.3,64143.2,True,False,,,40753,2024-08-25 01:00:00+00:00,64143.2,0.0005331820052631997,0.0012191471582334579,,,,,
2024-08-26 07:00:00+00:00,2024-08-26,LONDON_OPEN,14:00,LONG,LOW_SWEEP,64183.2,63569.9,63705.1,63843.6,63541.9,63603.2,True,False,,,40784,2024-08-26 08:00:00+00:00,63603.3,0.0017389034845676221,0.0021099534143669274,,,,,
2024-08-30 07:00:00+00:00,2024-08-30,LONDON_OPEN,14:00,SHORT,HIGH_SWEEP,59351.6,58650.0,59331.6,59558.0,59200.0,59235.9,False,False,,,40880,2024-08-30 08:00:00+00:00,59236.0,-0.003085961239786661,-0.005277196299547482,,,,,
2024-08-30 13:00:00+00:00,2024-08-30,NEW_YORK_OPEN,20:00,LONG,LOW_SWEEP,59914.9,59289.5,59510.0,59647.0,58879.0,59629.9,False,False,,,40886,2024-08-30 14:00:00+00:00,59630.0,-0.02011739057521378,-0.01866174744256255,,,,,
2024-08-31 00:00:00+00:00,2024-08-31,ASIA_OPEN,07:00,SHORT,HIGH_SWEEP,59283.1,58930.8,59096.4,59436.0,59028.0,59210.9,False,False,,,40897,2024-08-31 01:00:00+00:00,59210.9,-0.0006603513880045764,0.00018577660532093088,,,,,
2024-08-31 13:00:00+00:00,2024-08-31,NEW_YORK_OPEN,20:00,SHORT,HIGH_SWEEP,59214.9,58842.7,59153.7,59215.8,58903.4,58926.1,False,False,,,40910,2024-08-31 14:00:00+00:00,58926.0,-0.0029274004683841337,-0.00023588908122063046,,,,,
2024-09-01 00:00:00+00:00,2024-09-01,ASIA_OPEN,07:00,LONG,LOW_SWEEP,59107.5,58892.1,58941.9,59052.7,58872.0,58905.4,False,False,,,40921,2024-09-01 01:00:00+00:00,58905.3,-0.0017180117918083049,-0.006853373126017637,,,,,
2024-09-01 13:00:00+00:00,2024-09-01,NEW_YORK_OPEN,20:00,LONG,LOW_SWEEP,58286.0,57800.0,57984.5,58191.0,57651.0,58136.5,False,False,,,40934,2024-09-01 14:00:00+00:00,58136.5,-0.004976219758671463,-0.0006295528626594216,,,,,
2024-09-02 00:00:00+00:00,2024-09-02,ASIA_OPEN,07:00,LONG,LOW_SWEEP,58401.0,57161.1,57268.1,57623.8,57093.0,57443.7,False,False,,,40945,2024-09-02 01:00:00+00:00,57443.8,-0.000926122575456434,0.004611463726285514,,,,,
2024-09-02 07:00:00+00:00,2024-09-02,LONDON_OPEN,14:00,LONG,LOW_SWEEP,57966.9,57422.2,57661.0,57767.3,57316.6,57523.2,True,True,57767.3,57873.6,40952,2024-09-02 08:00:00+00:00,57523.3,0.008746021177505447,0.01642291036849408,40954.0,2024-09-02 10:00:00+00:00,58367.0,0.0017304298661915407,-0.00018846265869409962
2024-09-04 13:00:00+00:00,2024-09-04,NEW_YORK_OPEN,20:00,LONG,LOW_SWEEP,56736.7,56411.6,56575.0,56670.6,56289.8,56466.4,True,True,56670.6,57322.4,41006,2024-09-04 14:00:00+00:00,56466.4,0.01788497230211239,0.03379177705679837,41008.0,2024-09-04 16:00:00+00:00,58096.0,0.004793789589644826,-0.007499655742219669
2024-09-06 00:00:00+00:00,2024-09-06,ASIA_OPEN,07:00,SHORT,HIGH_SWEEP,56230.7,55600.0,56145.7,56313.5,55955.1,56146.9,False,False,,,41041,2024-09-06 01:00:00+00:00,56146.8,-0.006767972529155619,-0.007247073742403742,,,,,
2024-09-06 13:00:00+00:00,2024-09-06,NEW_YORK_OPEN,20:00,SHORT,HIGH_SWEEP,56915.4,55632.5,56831.3,57000.0,55812.2,55873.7,True,True,54975.0,55812.2,41054,2024-09-06 14:00:00+00:00,55873.7,0.0208398584665056,0.03263968557657715,41056.0,2024-09-06 16:00:00+00:00,54022.1,-0.0005164553025520657,0.012755890644754575
2024-09-07 00:00:00+00:00,2024-09-07,ASIA_OPEN,07:00,SHORT,HIGH_SWEEP,53938.9,52510.8,53927.7,54082.2,53858.0,53886.1,True,False,,,41065,2024-09-07 01:00:00+00:00,53886.0,0.0017926734216678897,0.0017963849608433335,,,,,
2024-09-07 07:00:00+00:00,2024-09-07,LONDON_OPEN,14:00,SHORT,HIGH_SWEEP,54345.6,53780.1,54281.6,54369.7,54151.9,54258.1,False,False,,,41072,2024-09-07 08:00:00+00:00,54258.0,-0.0014928674112573148,-0.0010486932802535875,,,,,
2024-09-08 13:00:00+00:00,2024-09-08,NEW_YORK_OPEN,20:00,LONG,LOW_SWEEP,54644.1,54066.3,54167.4,54375.1,54042.5,54360.0,False,False,,,41102,2024-09-08 14:00:00+00:00,54359.9,-0.004597138699666492,-0.008758294257347754,,,,,
2024-09-11 00:00:00+00:00,2024-09-11,ASIA_OPEN,07:00,LONG,LOW_SWEEP,57841.7,57416.3,57609.2,57664.4,57402.0,57607.0,False,False,,,41161,2024-09-11 01:00:00+00:00,57606.9,-0.015765472538879943,-0.014119836339049674,,,,,
2024-09-12 13:00:00+00:00,2024-09-12,NEW_YORK_OPEN,20:00,LONG,LOW_SWEEP,58143.6,57555.0,57665.8,57855.0,57310.0,57595.7,False,False,,,41198,2024-09-12 14:00:00+00:00,57595.7,-0.0014671234137270117,0.007601261899759848,,,,,
2024-09-15 07:00:00+00:00,2024-09-15,LONDON_OPEN,14:00,SHORT,HIGH_SWEEP,60190.4,60047.9,60135.4,60193.6,60093.6,60166.8,True,True,60083.0,60093.6,41264,2024-09-15 08:00:00+00:00,60166.7,0.002070912980103534,0.003478668432870591,41266.0,2024-09-15 10:00:00+00:00,59986.0,0.0004767779148467932,-0.0016153769212816638
2024-09-16 13:00:00+00:00,2024-09-16,NEW_YORK_OPEN,20:00,LONG,LOW_SWEEP,58818.5,58411.7,58509.9,58591.8,58006.7,58472.0,False,False,,,41294,2024-09-16 14:00:00+00:00,58471.9,-0.015092719750854688,-0.011725290267632804,,,,,
2024-09-17 13:00:00+00:00,2024-09-17,NEW_YORK_OPEN,20:00,LONG,LOW_SWEEP,59418.1,58871.7,59345.8,59405.2,58850.0,58937.0,True,True,59405.2,60193.5,41318,2024-09-17 14:00:00+00:00,58937.1,0.02223387306128055,0.032578800110626416,41320.0,2024-09-17 16:00:00+00:00,61111.0,-0.004153098460179083,-0.009782199603999286
2024-09-18 00:00:00+00:00,2024-09-18,ASIA_OPEN,07:00,LONG,LOW_SWEEP,60398.2,59960.6,60281.0,60303.9,59838.0,60201.9,False,False,,,41329,2024-09-18 01:00:00+00:00,60201.9,-0.0019401381019535924,0.004785563246342717,,,,,
2024-09-19 13:00:00+00:00,2024-09-19,NEW_YORK_OPEN,20:00,SHORT,HIGH_SWEEP,63200.0,62201.2,62896.0,63369.6,62668.0,63017.2,True,False,,,41366,2024-09-19 14:00:00+00:00,63017.3,0.001748726143455892,-0.008029541094271009,,,,,
2024-09-21 00:00:00+00:00,2024-09-21,ASIA_OPEN,07:00,SHORT,HIGH_SWEEP,63280.0,62781.8,63175.8,63282.0,63005.0,63144.5,True,True,62967.6,63005.0,41401,2024-09-21 01:00:00+00:00,63144.5,0.0051849329712010395,0.00442477175367606,41403.0,2024-09-21 03:00:00+00:00,62887.2,0.0003514228650662865,-2.8622676792711133e-05
2024-09-21 07:00:00+00:00,2024-09-21,LONDON_OPEN,14:00,SHORT,HIGH_SWEEP,63066.8,62714.2,62977.0,63114.6,62947.5,63060.0,True,False,,,41408,2024-09-21 08:00:00+00:00,63060.1,0.000823024384674298,0.0016333624589874862,,,,,
2024-09-23 07:00:00+00:00,2024-09-23,LONDON_OPEN,14:00,LONG,LOW_SWEEP,64427.9,63500.0,63638.8,63638.9,63356.8,63519.9,False,False,,,41456,2024-09-23 08:00:00+00:00,63519.9,-0.0009367143210238238,-0.0007572430057352086,,,,,
2024-09-24 13:00:00+00:00,2024-09-24,NEW_YORK_OPEN,20:00,SHORT,HIGH_SWEEP,63688.3,63350.0,63410.0,63744.4,63365.0,63481.5,True,True,63333.0,63365.0,41486,2024-09-24 14:00:00+00:00,63481.6,0.005103841113015428,0.003946025304970235,41488.0,2024-09-24 16:00:00+00:00,63128.8,-0.0016204965087249779,-0.00893569971233421
2024-09-25 07:00:00+00:00,2024-09-25,LONDON_OPEN,14:00,LONG,LOW_SWEEP,64430.0,63713.3,63776.5,63838.1,63612.3,63814.9,False,False,,,41504,2024-09-25 08:00:00+00:00,63814.9,-0.00030870533370741526,-0.0032500246807564137,,,,,
2024-09-25 13:00:00+00:00,2024-09-25,NEW_YORK_OPEN,20:00,LONG,LOW_SWEEP,63820.6,63376.0,63570.1,63737.0,63243.2,63725.0,True,False,,,41510,2024-09-25 14:00:00+00:00,63725.0,0.002780698313063823,-0.004572773636720262,,,,,
2024-09-26 00:00:00+00:00,2024-09-26,ASIA_OPEN,07:00,LONG,LOW_SWEEP,63533.3,62910.0,63118.3,63250.0,62818.8,62916.3,True,False,,,41521,2024-09-26 01:00:00+00:00,62916.3,0.003296443052118292,0.009005615396963984,,,,,
2024-09-27 07:00:00+00:00,2024-09-27,LONDON_OPEN,14:00,SHORT,HIGH_SWEEP,65498.4,65071.0,65310.4,65534.6,65230.0,65438.9,False,False,,,41552,2024-09-27 08:00:00+00:00,65438.8,-0.003988459446077952,-0.00025520027873371376,,,,,
2024-09-28 13:00:00+00:00,2024-09-28,NEW_YORK_OPEN,20:00,LONG,LOW_SWEEP,65775.8,65389.9,65508.3,65574.3,65368.1,65498.2,True,True,65574.3,65586.0,41582,2024-09-28 14:00:00+00:00,65498.1,0.002928329218710113,-0.0001862649450899978,41584.0,2024-09-28 16:00:00+00:00,65593.6,-0.0016419284808274481,0.0011342570006829256
2024-09-30 13:00:00+00:00,2024-09-30,NEW_YORK_OPEN,20:00,SHORT,HIGH_SWEEP,64120.9,63222.0,64012.8,64130.8,63801.1,63852.9,True,False,,,41630,2024-09-30 14:00:00+00:00,63852.9,0.0020202684607903976,0.006065503681117135,,,,,
2024-10-01 07:00:00+00:00,2024-10-01,LONDON_OPEN,14:00,SHORT,HIGH_SWEEP,64070.0,63627.6,64005.9,64092.6,63890.7,64017.0,True,False,,,41648,2024-10-01 08:00:00+00:00,64016.9,0.00145586556050048,0.0020666417774056756,,,,,
2024-10-02 00:00:00+00:00,2024-10-02,ASIA_OPEN,07:00,SHORT,HIGH_SWEEP,61191.1,60589.5,60776.7,61200.0,60703.3,61017.0,False,False,,,41665,2024-10-02 01:00:00+00:00,61017.1,-0.007865008333729495,-0.01148694382394444,,,,,
2024-10-02 07:00:00+00:00,2024-10-02,LONDON_OPEN,14:00,SHORT,HIGH_SWEEP,61763.0,61325.0,61672.9,61926.7,61552.0,61702.5,False,False,,,41672,2024-10-02 08:00:00+00:00,61702.5,-0.001147441351647016,0.008594465378226168,,,,,
2024-10-02 13:00:00+00:00,2024-10-02,NEW_YORK_OPEN,20:00,LONG,LOW_SWEEP,61532.4,60666.0,60780.3,61443.0,60495.0,61320.7,False,False,,,41678,2024-10-02 14:00:00+00:00,61320.7,-0.004396557769236087,0.007389021977896704,,,,,
2024-10-03 13:00:00+00:00,2024-10-03,NEW_YORK_OPEN,20:00,LONG,LOW_SWEEP,61047.3,60338.1,60444.2,60556.2,59815.0,60347.2,False,False,,,41702,2024-10-03 14:00:00+00:00,60347.0,-0.003378792649178952,-0.003428505145243399,,,,,
2024-10-04 13:00:00+00:00,2024-10-04,NEW_YORK_OPEN,20:00,SHORT,HIGH_SWEEP,61899.4,61170.2,61891.8,61985.0,61450.0,61545.0,True,False,,,41726,2024-10-04 14:00:00+00:00,61545.0,0.005524413031115394,-0.01072548541717433,,,,,
2024-10-05 07:00:00+00:00,2024-10-05,LONDON_OPEN,14:00,SHORT,HIGH_SWEEP,62228.0,61790.3,62197.9,62242.4,62042.4,62043.0,False,False,,,41744,2024-10-05 08:00:00+00:00,62043.0,-0.001384523636832613,-0.0023032413003885033,,,,,
2024-10-06 13:00:00+00:00,2024-10-06,NEW_YORK_OPEN,20:00,SHORT,HIGH_SWEEP,62229.4,61973.8,62191.3,62333.0,62191.2,62219.1,False,False,,,41774,2024-10-06 14:00:00+00:00,62219.1,-0.007402871465514549,-0.005575458339963202,,,,,
2024-10-08 07:00:00+00:00,2024-10-08,LONDON_OPEN,14:00,LONG,LOW_SWEEP,62753.3,62160.0,62483.5,62483.6,61941.0,62291.4,True,False,,,41816,2024-10-08 08:00:00+00:00,62291.4,0.001608568759090323,0.00332148579097602,,,,,
2024-10-09 00:00:00+00:00,2024-10-09,ASIA_OPEN,07:00,LONG,LOW_SWEEP,62544.6,62000.0,62131.8,62246.0,61962.8,62135.2,True,False,,,41833,2024-10-09 01:00:00+00:00,62135.2,0.003976811855437967,0.003698386743745896,,,,,
2024-10-09 13:00:00+00:00,2024-10-09,NEW_YORK_OPEN,20:00,LONG,LOW_SWEEP,62234.0,61735.0,61952.2,62098.0,61721.1,61778.5,True,False,,,41846,2024-10-09 14:00:00+00:00,61778.4,0.0012302034367999148,9.874001269039034e-05,,,,,
2024-10-10 00:00:00+00:00,2024-10-10,ASIA_OPEN,07:00,LONG,LOW_SWEEP,60930.8,60330.6,60606.3,60669.0,60309.0,60415.6,True,True,60669.0,60677.6,41857,2024-10-10 01:00:00+00:00,60415.6,0.005935553069074784,0.0070031581247227415,41859.0,2024-10-10 03:00:00+00:00,60851.6,-0.00021199113909908807,0.0009432784018825746
2024-10-10 13:00:00+00:00,2024-10-10,NEW_YORK_OPEN,20:00,LONG,LOW_SWEEP,61297.0,60731.5,60934.0,61230.8,60600.0,60910.2,False,False,,,41870,2024-10-10 14:00:00+00:00,60910.2,-0.00552452626982014,-0.010384139273881932,,,,,
2024-10-11 00:00:00+00:00,2024-10-11,ASIA_OPEN,07:00,SHORT,HIGH_SWEEP,60295.7,59660.0,60293.3,60330.0,60132.5,60160.0,False,False,,,41881,2024-10-11 01:00:00+00:00,60160.0,-0.006377992021276535,-0.006858377659574533,,,,,
2024-10-13 00:00:00+00:00,2024-10-13,ASIA_OPEN,07:00,LONG,LOW_SWEEP,63345.2,63006.2,63176.0,63260.0,62990.7,63149.1,False,False,,,41929,2024-10-13 01:00:00+00:00,63149.1,-0.0047997516987573485,-0.007330270740200651,,,,,
2024-10-13 13:00:00+00:00,2024-10-13,NEW_YORK_OPEN,20:00,SHORT,HIGH_SWEEP,62800.0,62486.1,62637.8,62811.0,62594.0,62628.4,True,True,62323.0,62594.0,41942,2024-10-13 14:00:00+00:00,62628.3,0.006487482495932451,0.000547675731258912,41944.0,2024-10-13 16:00:00+00:00,62195.2,-0.006412070384852919,-0.0029728982300885054
2024-10-15 07:00:00+00:00,2024-10-15,LONDON_OPEN,14:00,SHORT,HIGH_SWEEP,65678.7,65200.1,65543.7,65830.0,65536.5,65638.4,False,False,,,41984,2024-10-15 08:00:00+00:00,65638.4,-0.0014412295241810202,-0.00036716312402496065,,,,,
2024-10-16 07:00:00+00:00,2024-10-16,LONDON_OPEN,14:00,LONG,LOW_SWEEP,67335.9,66859.9,67022.5,67022.5,66732.7,66948.8,True,True,67022.5,67055.0,42008,2024-10-16 08:00:00+00:00,66948.8,0.0023166957436129287,0.011365401620342608,42010.0,2024-10-16 10:00:00+00:00,67399.0,0.004609860680425459,0.0060668555913292455
2024-10-16 13:00:00+00:00,2024-10-16,NEW_YORK_OPEN,20:00,LONG,LOW_SWEEP,68400.0,67296.0,67808.0,67949.0,67076.0,67359.9,True,False,,,42014,2024-10-16 14:00:00+00:00,67359.9,0.004428450754826008,0.006391042742046826,,,,,
2024-10-17 00:00:00+00:00,2024-10-17,ASIA_OPEN,07:00,SHORT,HIGH_SWEEP,67837.1,67468.1,67592.0,67925.9,67550.8,67693.4,False,False,,,42025,2024-10-17 01:00:00+00:00,67693.4,-0.0027077972150904017,0.001822925130071651,,,,,
2024-10-17 07:00:00+00:00,2024-10-17,LONDON_OPEN,14:00,LONG,LOW_SWEEP,67570.1,67104.0,67141.4,67305.1,67054.2,67280.8,True,False,,,42032,2024-10-17 08:00:00+00:00,67280.8,0.002219058037359778,-0.0013807802523158053,,,,,
2024-10-19 07:00:00+00:00,2024-10-19,LONDON_OPEN,14:00,LONG,LOW_SWEEP,68544.6,68292.3,68312.0,68385.1,68270.8,68328.9,True,False,,,42080,2024-10-19 08:00:00+00:00,68328.9,0.0008942043556972035,-0.0015191229479764035,,,,,
2024-10-20 00:00:00+00:00,2024-10-20,ASIA_OPEN,07:00,SHORT,HIGH_SWEEP,68401.6,68168.2,68357.1,68435.6,68203.0,68203.1,True,False,,,42097,2024-10-20 01:00:00+00:00,68203.0,0.0010835300499977274,0.0006143424776035022,,,,,
2024-10-20 07:00:00+00:00,2024-10-20,LONDON_OPEN,14:00,SHORT,HIGH_SWEEP,68421.0,68151.3,68381.2,68423.0,68339.8,68347.0,False,False,,,42104,2024-10-20 08:00:00+00:00,68347.0,-0.0003848010885627584,-4.53567823022194e-05,,,,,
2024-10-21 00:00:00+00:00,2024-10-21,ASIA_OPEN,07:00,SHORT,HIGH_SWEEP,69425.8,68570.8,69020.2,69566.0,68957.2,69153.9,False,False,,,42121,2024-10-21 01:00:00+00:00,69153.9,-0.0009110115264647778,0.003122022040694672,,,,,
2024-10-22 13:00:00+00:00,2024-10-22,NEW_YORK_OPEN,20:00,LONG,LOW_SWEEP,67524.6,66830.1,66965.2,67150.0,66613.0,66969.9,True,False,,,42158,2024-10-22 14:00:00+00:00,66970.0,0.008641182619083088,-0.00024637897566071043,,,,,
2024-10-24 07:00:00+00:00,2024-10-24,LONDON_OPEN,14:00,LONG,LOW_SWEEP,67457.0,67103.5,67108.0,67306.3,67050.0,67104.4,False,False,,,42200,2024-10-24 08:00:00+00:00,67104.5,-0.004004202400733181,-0.0017659024357531417,,,,,
2024-10-28 13:00:00+00:00,2024-10-28,NEW_YORK_OPEN,20:00,SHORT,HIGH_SWEEP,69046.1,68453.3,68881.1,69272.1,68736.0,68788.3,False,False,,,42302,2024-10-28 14:00:00+00:00,68788.5,-0.0002907462729961896,0.0016790597265531337,,,,,
2024-10-29 07:00:00+00:00,2024-10-29,LONDON_OPEN,14:00,LONG,LOW_SWEEP,71343.9,70880.3,71226.6,71250.0,70803.0,71004.2,True,False,,,42320,2024-10-29 08:00:00+00:00,71004.1,0.0016618758635065234,0.002006926360590411,,,,,
2024-10-30 00:00:00+00:00,2024-10-30,ASIA_OPEN,07:00,LONG,LOW_SWEEP,72999.0,72203.9,72739.5,72797.4,72133.5,72305.0,True,False,,,42337,2024-10-30 01:00:00+00:00,72304.9,0.0017758132574694496,-0.0007606676725920858,,,,,
2024-10-30 07:00:00+00:00,2024-10-30,LONDON_OPEN,14:00,LONG,LOW_SWEEP,72628.5,72194.1,72313.3,72463.2,72112.6,72244.8,True,False,,,42344,2024-10-30 08:00:00+00:00,72244.8,0.0003003676389166099,0.0018326578521914438,,,,,
2024-10-30 13:00:00+00:00,2024-10-30,NEW_YORK_OPEN,20:00,LONG,LOW_SWEEP,72620.0,71750.2,71882.4,72119.9,71444.2,71966.5,True,False,,,42350,2024-10-30 14:00:00+00:00,71966.0,0.0062557318733846845,0.0019689853541950963,,,,,
2024-10-31 00:00:00+00:00,2024-10-31,ASIA_OPEN,07:00,LONG,LOW_SWEEP,72984.9,72101.3,72349.0,72421.4,72058.8,72173.9,True,False,,,42361,2024-10-31 01:00:00+00:00,72173.8,0.002757233234220724,0.0025784980145149294,,,,,
2024-11-01 07:00:00+00:00,2024-11-01,LONDON_OPEN,14:00,LONG,LOW_SWEEP,69721.8,69237.9,69240.0,69444.0,69100.9,69301.0,True,False,,,42392,2024-11-01 08:00:00+00:00,69301.0,0.0014141210083549183,0.010084991558563239,,,,,
2024-11-04 00:00:00+00:00,2024-11-04,ASIA_OPEN,07:00,LONG,LOW_SWEEP,69348.0,68501.2,68762.5,68762.5,68220.0,68708.8,True,True,68762.5,68864.5,42457,2024-11-04 01:00:00+00:00,68708.8,0.0036865728989590174,0.004733018186898974,42459.0,2024-11-04 03:00:00+00:00,69288.7,-0.0036759240684266503,-0.006888569131763278
2024-11-04 13:00:00+00:00,2024-11-04,NEW_YORK_OPEN,20:00,SHORT,HIGH_SWEEP,69029.8,68587.4,68958.0,69243.8,68628.0,68649.8,True,False,,,42470,2024-11-04 14:00:00+00:00,68649.9,0.0037858758716327046,0.013299363873800263,,,,,
2024-11-05 00:00:00+00:00,2024-11-05,ASIA_OPEN,07:00,SHORT,HIGH_SWEEP,68093.0,66810.0,67834.4,68168.6,67777.7,68009.5,True,False,,,42481,2024-11-05 01:00:00+00:00,68009.5,0.0003852402973113511,-0.003187789941111241,,,,,
2024-11-10 00:00:00+00:00,2024-11-10,ASIA_OPEN,07:00,SHORT,HIGH_SWEEP,76920.0,76203.0,76675.1,77121.9,76501.1,76880.0,True,False,,,42601,2024-11-10 01:00:00+00:00,76880.0,0.0022957856399583587,-0.004214360041623344,,,,,
2024-11-11 13:00:00+00:00,2024-11-11,NEW_YORK_OPEN,20:00,LONG,LOW_SWEEP,82528.0,81683.0,82179.9,82245.4,81467.5,81850.4,True,True,82245.4,82355.0,42638,2024-11-11 14:00:00+00:00,81850.3,0.00810137531566757,0.029478205944266644,42640.0,2024-11-11 16:00:00+00:00,84114.1,0.001771403367568647,0.021619443113580328
2024-11-12 07:00:00+00:00,2024-11-12,LONDON_OPEN,14:00,SHORT,HIGH_SWEEP,89982.1,87769.0,89629.3,90070.1,89070.0,89095.4,False,False,,,42656,2024-11-12 08:00:00+00:00,89095.5,-0.004215701129686833,0.023832853511120078,,,,,
2024-11-12 13:00:00+00:00,2024-11-12,NEW_YORK_OPEN,20:00,LONG,LOW_SWEEP,88180.3,85500.0,86453.5,86632.2,85159.9,86418.5,True,False,,,42662,2024-11-12 14:00:00+00:00,86418.6,0.007206781873346557,0.007768003647362853,,,,,
2024-11-15 00:00:00+00:00,2024-11-15,ASIA_OPEN,07:00,SHORT,HIGH_SWEEP,88400.0,86714.0,87382.6,88501.7,87302.4,87920.1,False,False,,,42721,2024-11-15 01:00:00+00:00,87920.1,-0.002663782229546996,-0.0037875298140015445,,,,,
2024-11-15 07:00:00+00:00,2024-11-15,LONDON_OPEN,14:00,SHORT,HIGH_SWEEP,88287.5,87111.0,88223.3,88450.0,87660.6,87693.9,False,False,,,42728,2024-11-15 08:00:00+00:00,87693.9,-0.005112100157479649,-0.019519031540392362,,,,,
2024-11-16 00:00:00+00:00,2024-11-16,ASIA_OPEN,07:00,LONG,LOW_SWEEP,91921.5,90927.0,91074.6,91437.4,90900.0,91055.8,True,False,,,42745,2024-11-16 01:00:00+00:00,91055.9,0.0024721077931249003,0.0025358049286208217,,,,,
2024-11-18 07:00:00+00:00,2024-11-18,LONDON_OPEN,14:00,SHORT,HIGH_SWEEP,92240.2,90502.1,92212.5,92414.9,91500.0,91795.9,False,False,,,42800,2024-11-18 08:00:00+00:00,91795.9,-0.001022921503030183,-0.0007211651065026636,,,,,
2024-11-19 07:00:00+00:00,2024-11-19,LONDON_OPEN,14:00,SHORT,HIGH_SWEEP,92062.1,91292.5,92035.5,92123.7,91655.2,91696.0,False,False,,,42824,2024-11-19 08:00:00+00:00,91696.1,-0.0016794607404240214,-0.0014199077169039231,,,,,
2024-11-21 13:00:00+00:00,2024-11-21,NEW_YORK_OPEN,20:00,LONG,LOW_SWEEP,98438.9,97250.5,97324.2,97770.9,97001.3,97545.3,False,False,,,42878,2024-11-21 14:00:00+00:00,97544.1,-0.0048777937363715385,-0.003778803638559425,,,,,
2024-11-23 13:00:00+00:00,2024-11-23,NEW_YORK_OPEN,20:00,SHORT,HIGH_SWEEP,98684.8,98355.0,98670.9,98916.8,98574.1,98587.9,False,False,,,42926,2024-11-23 14:00:00+00:00,98587.9,-0.002208181734269843,0.00848379973607305,,,,,
2024-11-27 00:00:00+00:00,2024-11-27,ASIA_OPEN,07:00,SHORT,HIGH_SWEEP,92443.2,90936.0,92021.5,92506.4,91864.0,92012.2,False,False,,,43009,2024-11-27 01:00:00+00:00,92012.2,-0.008790138698998584,-0.006880609310504493,,,,,
2024-11-28 00:00:00+00:00,2024-11-28,ASIA_OPEN,07:00,LONG,LOW_SWEEP,96639.9,95776.6,95905.2,96627.6,95769.2,96607.6,False,False,,,43033,2024-11-28 01:00:00+00:00,96607.6,-0.002874515048505666,-0.011225824883342561,,,,,
2024-11-30 07:00:00+00:00,2024-11-30,LONDON_OPEN,14:00,LONG,LOW_SWEEP,97300.0,96600.9,96699.0,96988.6,96599.8,96843.3,True,False,,,43088,2024-11-30 08:00:00+00:00,96843.3,0.001680033621324295,-0.006622037869424169,,,,,
2024-12-01 00:00:00+00:00,2024-12-01,ASIA_OPEN,07:00,LONG,LOW_SWEEP,97046.6,96380.0,96475.2,96746.3,96313.0,96403.2,False,False,,,43105,2024-12-01 01:00:00+00:00,96403.2,-0.002471909646152848,8.298479718504836e-06,,,,,
2024-12-01 13:00:00+00:00,2024-12-01,NEW_YORK_OPEN,20:00,SHORT,HIGH_SWEEP,97196.4,96585.1,96830.4,97481.3,96705.3,97134.5,False,False,,,43118,2024-12-01 14:00:00+00:00,97134.5,-0.0021465081922489304,-0.0014268874601712778,,,,,
2024-12-03 00:00:00+00:00,2024-12-03,ASIA_OPEN,07:00,SHORT,HIGH_SWEEP,95919.2,95171.5,95890.6,96160.4,95742.6,95861.9,True,False,,,43153,2024-12-03 01:00:00+00:00,95861.9,0.0028207243962408146,-0.0028676669250244924,,,,,
2024-12-03 07:00:00+00:00,2024-12-03,LONDON_OPEN,14:00,LONG,LOW_SWEEP,96324.9,95601.4,95701.2,95787.3,95336.3,95608.8,False,False,,,43160,2024-12-03 08:00:00+00:00,95608.8,-0.00024265548777935297,-0.009054605852180986,,,,,
2024-12-05 07:00:00+00:00,2024-12-05,LONDON_OPEN,14:00,LONG,LOW_SWEEP,103696.7,101533.8,101960.8,102606.9,101359.8,102292.1,True,True,102606.9,102656.9,43208,2024-12-05 08:00:00+00:00,102292.1,0.005427594115283485,0.0009375113034144622,43210.0,2024-12-05 10:00:00+00:00,102800.0,-0.0040077821011673675,0.0015184824902725325
2024-12-10 13:00:00+00:00,2024-12-10,NEW_YORK_OPEN,20:00,SHORT,HIGH_SWEEP,97948.0,96880.9,97189.3,97954.7,97150.0,97750.5,False,False,,,43334,2024-12-10 14:00:00+00:00,97750.5,-0.0008920670482504001,0.014245451429915956,,,,,
2024-12-11 00:00:00+00:00,2024-12-11,ASIA_OPEN,07:00,LONG,LOW_SWEEP,97238.9,96390.5,96602.3,96856.9,95809.5,96411.5,False,False,,,43345,2024-12-11 01:00:00+00:00,96411.5,-0.006804167552626028,0.010323457263915703,,,,,
2024-12-11 07:00:00+00:00,2024-12-11,LONDON_OPEN,14:00,SHORT,HIGH_SWEEP,97768.0,97185.7,97693.8,97800.0,97238.5,97337.9,False,False,,,43352,2024-12-11 08:00:00+00:00,97337.9,-0.007974283398347604,-0.008887596712072066,,,,,
2024-12-12 13:00:00+00:00,2024-12-12,NEW_YORK_OPEN,20:00,SHORT,HIGH_SWEEP,100922.0,100150.0,100811.5,101531.1,100512.7,100894.6,False,False,,,43382,2024-12-12 14:00:00+00:00,100894.5,-0.007768510672038653,-0.005503768788189589,,,,,
2024-12-15 00:00:00+00:00,2024-12-15,ASIA_OPEN,07:00,SHORT,HIGH_SWEEP,101450.0,100729.7,101381.0,101530.9,101200.1,101416.3,False,False,,,43441,2024-12-15 01:00:00+00:00,101416.3,-0.006479234600355044,-0.0027983667319750882,,,,,
2024-12-16 07:00:00+00:00,2024-12-16,LONDON_OPEN,14:00,SHORT,HIGH_SWEEP,105346.4,104439.3,105130.0,105390.0,104854.1,104949.9,True,False,,,43472,2024-12-16 08:00:00+00:00,104950.0,0.0042267746545975315,0.0027594092424965133,,,,,
2024-12-17 07:00:00+00:00,2024-12-17,LONDON_OPEN,14:00,SHORT,HIGH_SWEEP,106824.5,106331.6,106505.8,107113.9,106420.7,106784.0,False,False,,,43496,2024-12-17 08:00:00+00:00,106784.0,-0.005398748876236148,-0.0037271501348516978,,,,,
2024-12-17 13:00:00+00:00,2024-12-17,NEW_YORK_OPEN,20:00,SHORT,HIGH_SWEEP,107308.5,106504.0,107087.2,107600.5,106937.3,107260.2,False,False,,,43502,2024-12-17 14:00:00+00:00,107260.2,-0.008951130055696366,0.0021284689008598257,,,,,
2024-12-19 13:00:00+00:00,2024-12-19,NEW_YORK_OPEN,20:00,LONG,LOW_SWEEP,102600.0,101714.2,101983.3,102202.0,101636.0,101924.7,False,False,,,43550,2024-12-19 14:00:00+00:00,101924.6,-0.009972077398390677,-0.012202157280970516,,,,,
2024-12-21 13:00:00+00:00,2024-12-21,NEW_YORK_OPEN,20:00,LONG,LOW_SWEEP,98598.0,97064.0,97109.8,97469.8,96375.0,97300.1,False,False,,,43598,2024-12-21 14:00:00+00:00,97300.0,-0.002573484069886889,-0.0004203494347378989,,,,,
2024-12-24 07:00:00+00:00,2024-12-24,LONDON_OPEN,14:00,LONG,LOW_SWEEP,94638.6,93800.0,93889.8,94280.2,93774.4,94200.0,True,False,,,43664,2024-12-24 08:00:00+00:00,94199.9,0.002835459485625913,-0.002720809682388081,,,,,
2024-12-26 00:00:00+00:00,2024-12-26,ASIA_OPEN,07:00,SHORT,HIGH_SWEEP,99580.7,98331.5,99379.6,99950.0,98900.2,98988.5,False,False,,,43705,2024-12-26 01:00:00+00:00,98988.4,-0.00015456356502374646,0.0003101373494267534,,,,,
2024-12-28 13:00:00+00:00,2024-12-28,NEW_YORK_OPEN,20:00,LONG,LOW_SWEEP,94850.0,94460.0,94552.1,94724.7,94432.7,94622.5,False,False,,,43766,2024-12-28 14:00:00+00:00,94622.5,-0.0008666014954159529,0.0022869824830245022,,,,,
2024-12-29 07:00:00+00:00,2024-12-29,LONDON_OPEN,14:00,SHORT,HIGH_SWEEP,95245.2,94930.0,95151.0,95250.0,95043.3,95233.2,True,False,,,43784,2024-12-29 08:00:00+00:00,95233.3,0.0015173263973841111,0.0010794543505265874,,,,,
2024-12-29 13:00:00+00:00,2024-12-29,NEW_YORK_OPEN,20:00,LONG,LOW_SWEEP,95251.2,94852.0,94860.7,94978.8,94709.4,94890.1,False,False,,,43790,2024-12-29 14:00:00+00:00,94890.0,-0.0033891874802403077,-0.010959005163873936,,,,,
2025-01-04 13:00:00+00:00,2025-01-04,NEW_YORK_OPEN,20:00,SHORT,HIGH_SWEEP,97971.9,97543.1,97835.1,98032.1,97698.3,97924.4,False,False,,,43934,2025-01-04 14:00:00+00:00,97924.3,-0.0006913503594101478,0.0025162293730974783,,,,,
2025-01-05 13:00:00+00:00,2025-01-05,NEW_YORK_OPEN,20:00,SHORT,HIGH_SWEEP,97920.0,97520.6,97720.1,97988.0,97633.9,97654.6,False,False,,,43958,2025-01-05 14:00:00+00:00,97654.5,-0.0016036127367402564,-0.003493950611594965,,,,,
2025-01-07 00:00:00+00:00,2025-01-07,ASIA_OPEN,07:00,SHORT,HIGH_SWEEP,102298.8,101551.2,102180.5,102762.1,101890.3,102004.7,True,False,,,43993,2025-01-07 01:00:00+00:00,102004.6,0.0012813147642362077,0.003365534495503142,,,,,
2025-01-07 07:00:00+00:00,2025-01-07,LONDON_OPEN,14:00,SHORT,HIGH_SWEEP,101885.0,101528.8,101771.1,101986.1,101600.9,101649.3,False,False,,,44000,2025-01-07 08:00:00+00:00,101649.3,-0.00209248858575517,0.002778179485741772,,,,,
2025-01-08 07:00:00+00:00,2025-01-08,LONDON_OPEN,14:00,LONG,LOW_SWEEP,96616.3,95225.3,95267.8,95798.0,95222.0,95628.4,True,False,,,44024,2025-01-08 08:00:00+00:00,95628.3,0.00295519213454587,0.0029771521610233442,,,,,
2025-01-11 00:00:00+00:00,2025-01-11,ASIA_OPEN,07:00,LONG,LOW_SWEEP,94915.0,94541.7,94675.6,94700.0,94300.2,94556.5,False,False,,,44089,2025-01-11 01:00:00+00:00,94556.5,-0.0017449884460613019,-0.004105481907642483,,,,,
2025-01-14 00:00:00+00:00,2025-01-14,ASIA_OPEN,07:00,SHORT,HIGH_SWEEP,94681.1,93352.1,94485.4,94852.1,94305.4,94439.2,False,False,,,44161,2025-01-14 01:00:00+00:00,94439.3,-0.0038035012966000092,-0.004043867330655759,,,,,
2025-01-16 00:00:00+00:00,2025-01-16,ASIA_OPEN,07:00,SHORT,HIGH_SWEEP,100500.0,99430.9,100460.0,100850.0,99612.0,99831.5,False,False,,,44209,2025-01-16 01:00:00+00:00,99831.5,-0.002149622113260863,0.003933628163455438,,,,,
2025-01-17 00:00:00+00:00,2025-01-17,ASIA_OPEN,07:00,SHORT,HIGH_SWEEP,100337.7,99326.3,99937.4,100409.0,99902.0,100087.4,False,False,,,44233,2025-01-17 01:00:00+00:00,100087.4,-0.01547447530858026,-0.00916898630596874,,,,,
2025-01-17 07:00:00+00:00,2025-01-17,LONDON_OPEN,14:00,SHORT,HIGH_SWEEP,101733.7,100900.0,101374.0,101845.6,101356.1,101406.9,False,False,,,44240,2025-01-17 08:00:00+00:00,101406.9,-0.006754964405775166,-0.008698619127495366,,,,,
2025-01-17 13:00:00+00:00,2025-01-17,NEW_YORK_OPEN,20:00,SHORT,HIGH_SWEEP,102931.8,101737.7,102702.0,102943.2,102349.7,102419.6,False,False,,,44246,2025-01-17 14:00:00+00:00,102419.6,-0.008810813555217845,-0.02445137454159152,,,,,
2025-01-18 07:00:00+00:00,2025-01-18,LONDON_OPEN,14:00,LONG,LOW_SWEEP,103746.7,102620.1,103400.0,103459.7,102561.0,102781.0,True,False,,,44264,2025-01-18 08:00:00+00:00,102781.1,0.004484287480869487,0.003548317735459161,,,,,
2025-01-20 00:00:00+00:00,2025-01-20,ASIA_OPEN,07:00,LONG,LOW_SWEEP,106391.6,99600.0,101311.5,101636.8,99501.0,99769.4,True,False,,,44305,2025-01-20 01:00:00+00:00,99769.5,0.00898771668696341,0.02109863234756104,,,,,
2025-01-21 13:00:00+00:00,2025-01-21,NEW_YORK_OPEN,20:00,SHORT,HIGH_SWEEP,104700.0,102542.6,104492.9,104958.0,104100.0,104428.4,True,False,,,44342,2025-01-21 14:00:00+00:00,104428.3,0.011142573421189517,-0.005048439934385529,,,,,
2025-01-25 13:00:00+00:00,2025-01-25,NEW_YORK_OPEN,20:00,SHORT,HIGH_SWEEP,104747.2,104040.6,104699.8,104815.0,104572.8,104658.6,True,False,,,44438,2025-01-25 14:00:00+00:00,104658.7,0.0010271482447230529,0.00038123920897159547,,,,,
2025-01-26 07:00:00+00:00,2025-01-26,LONDON_OPEN,14:00,LONG,LOW_SWEEP,105496.9,104923.0,104965.9,105073.2,104905.3,104963.7,True,False,,,44456,2025-01-26 08:00:00+00:00,104963.7,0.0003458338454151999,-0.002850509271300483,,,,,
2025-01-27 07:00:00+00:00,2025-01-27,LONDON_OPEN,14:00,LONG,LOW_SWEEP,101349.3,98660.4,98918.0,99357.8,97680.0,98996.3,False,False,,,44480,2025-01-27 08:00:00+00:00,98996.3,-9.697332122515778e-05,-0.00645074613899721,,,,,
2025-01-27 13:00:00+00:00,2025-01-27,NEW_YORK_OPEN,20:00,SHORT,HIGH_SWEEP,100860.3,98200.0,100567.6,101640.6,99927.3,100440.0,False,False,,,44486,2025-01-27 14:00:00+00:00,100440.0,-0.014164675428116169,0.007287933094384691,,,,,
2025-01-28 00:00:00+00:00,2025-01-28,ASIA_OPEN,07:00,SHORT,HIGH_SWEEP,102423.3,100905.0,102021.3,102846.1,101727.8,101812.5,True,False,,,44497,2025-01-28 01:00:00+00:00,101812.5,0.0048412523020257,-0.007564886433394591,,,,,
2025-01-28 07:00:00+00:00,2025-01-28,LONDON_OPEN,14:00,LONG,LOW_SWEEP,103325.3,102541.0,102697.6,103282.4,102473.3,102753.8,True,False,,,44504,2025-01-28 08:00:00+00:00,102754.3,0.0005119007185099278,-0.0004525358062874574,,,,,
2025-01-30 00:00:00+00:00,2025-01-30,ASIA_OPEN,07:00,LONG,LOW_SWEEP,104356.2,103350.0,103698.1,104082.8,103224.5,103978.3,True,False,,,44545,2025-01-30 01:00:00+00:00,103978.3,0.002342796525813373,0.011323516541432044,,,,,
2025-01-30 07:00:00+00:00,2025-01-30,LONDON_OPEN,14:00,LONG,LOW_SWEEP,105564.5,104800.0,105140.1,105309.3,104762.9,105085.1,False,False,,,44552,2025-01-30 08:00:00+00:00,105085.2,-0.0007156098099446728,0.0020316847662658066,,,,,
2025-01-30 13:00:00+00:00,2025-01-30,NEW_YORK_OPEN,20:00,LONG,LOW_SWEEP,105369.2,104813.8,104976.3,105329.7,104787.2,104835.0,True,True,105329.7,105333.0,44558,2025-01-30 14:00:00+00:00,104835.0,0.00996613726331863,0.007843754471312137,44560.0,2025-01-30 16:00:00+00:00,105519.4,0.001306868689549212,3.7907721234242686e-05
2025-01-31 00:00:00+00:00,2025-01-31,ASIA_OPEN,07:00,LONG,LOW_SWEEP,105300.5,104628.3,104676.9,104982.2,104356.1,104844.6,False,False,,,44569,2025-01-31 01:00:00+00:00,104844.6,-0.0014430881514164717,-0.005321208722242288,,,,,
2025-01-31 07:00:00+00:00,2025-01-31,LONDON_OPEN,14:00,SHORT,HIGH_SWEEP,104710.0,103926.4,104468.1,104776.4,103982.3,104160.1,True,False,,,44576,2025-01-31 08:00:00+00:00,104160.0,0.0016311443932410796,-0.0008544546850999257,,,,,
2025-01-31 13:00:00+00:00,2025-01-31,NEW_YORK_OPEN,20:00,SHORT,HIGH_SWEEP,104890.0,104037.9,104665.2,104989.6,104510.7,104631.6,True,False,,,44582,2025-01-31 14:00:00+00:00,104631.6,0.002141800373883229,-0.003918510277965748,,,,,
2025-02-03 00:00:00+00:00,2025-02-03,ASIA_OPEN,07:00,LONG,LOW_SWEEP,97999.0,96029.6,97664.5,97748.0,95325.6,96464.6,False,False,,,44641,2025-02-03 01:00:00+00:00,96464.5,-0.03168108475138531,-0.02553167227321962,,,,,
2025-02-05 07:00:00+00:00,2025-02-05,LONDON_OPEN,14:00,LONG,LOW_SWEEP,98300.0,97518.5,97618.3,97931.8,97320.0,97814.9,False,False,,,44696,2025-02-05 08:00:00+00:00,97814.9,-0.002468949004701737,-0.0012584994719617715,,,,,
2025-02-06 13:00:00+00:00,2025-02-06,NEW_YORK_OPEN,20:00,LONG,LOW_SWEEP,99093.0,98252.3,98314.1,98745.6,98122.0,98563.5,False,False,,,44726,2025-02-06 14:00:00+00:00,98563.5,-0.007775697900338274,-0.020504547829571784,,,,,
2025-02-08 07:00:00+00:00,2025-02-08,LONDON_OPEN,14:00,LONG,LOW_SWEEP,96660.1,95835.8,95951.3,96249.9,95714.4,96153.4,False,False,,,44768,2025-02-08 08:00:00+00:00,96153.4,-0.003216734925649889,-0.0015787273252946266,,,,,
2025-02-08 13:00:00+00:00,2025-02-08,NEW_YORK_OPEN,20:00,SHORT,HIGH_SWEEP,96245.3,95805.0,96017.4,96466.0,95956.7,96200.1,True,False,,,44774,2025-02-08 14:00:00+00:00,96200.0,0.0014313929313929386,0.0012182952182951956,,,,,
2025-02-09 00:00:00+00:00,2025-02-09,ASIA_OPEN,07:00,LONG,LOW_SWEEP,96673.5,96311.6,96412.0,96550.9,96306.5,96520.1,True,True,96550.9,96638.9,44785,2025-02-09 01:00:00+00:00,96520.0,0.0042954828014920565,0.007857438872772349,44787.0,2025-02-09 03:00:00+00:00,96688.9,0.006096873581145301,0.0031192825650101508
2025-02-14 00:00:00+00:00,2025-02-14,ASIA_OPEN,07:00,SHORT,HIGH_SWEEP,96756.8,96203.7,96560.6,96955.7,96490.7,96708.6,True,False,,,44905,2025-02-14 01:00:00+00:00,96708.6,0.002183880234022717,-0.003994474121225888,,,,,
2025-02-14 13:00:00+00:00,2025-02-14,NEW_YORK_OPEN,20:00,LONG,LOW_SWEEP,97150.0,96436.1,96612.2,96940.0,96408.2,96740.7,True,False,,,44918,2025-02-14 14:00:00+00:00,96740.6,0.005264594182793791,0.009160579942650626,,,,,
2025-02-15 13:00:00+00:00,2025-02-15,NEW_YORK_OPEN,20:00,SHORT,HIGH_SWEEP,97797.6,97404.0,97706.2,97899.8,97627.2,97667.8,True,False,,,44942,2025-02-15 14:00:00+00:00,97667.2,0.0010556256348087656,0.0017692736148881005,,,,,
2025-02-17 00:00:00+00:00,2025-02-17,ASIA_OPEN,07:00,LONG,LOW_SWEEP,97247.6,96002.0,96067.0,96396.4,96000.0,96273.6,True,False,,,44977,2025-02-17 01:00:00+00:00,96273.6,0.00197458077811552,-0.0010605191869837993,,,,,
2025-02-17 07:00:00+00:00,2025-02-17,LONDON_OPEN,14:00,SHORT,HIGH_SWEEP,96404.6,95739.6,96344.7,96421.9,95862.8,96023.8,False,False,,,44984,2025-02-17 08:00:00+00:00,96023.8,-0.0008914456624293798,-0.00028534592465612185,,,,,
2025-02-18 13:00:00+00:00,2025-02-18,NEW_YORK_OPEN,20:00,SHORT,HIGH_SWEEP,96274.1,95530.2,96155.0,96459.0,96066.6,96194.3,True,True,95700.0,96066.6,45014,2025-02-18 14:00:00+00:00,96194.4,0.007266535266086227,0.016626747502973105,45016.0,2025-02-18 16:00:00+00:00,95501.6,0.009493034671670508,0.01687406284292614
2025-02-19 00:00:00+00:00,2025-02-19,ASIA_OPEN,07:00,SHORT,HIGH_SWEEP,95645.3,94082.8,95622.0,95799.8,95222.2,95290.0,False,False,,,45025,2025-02-19 01:00:00+00:00,95290.0,-0.001478644138944274,-0.004009864623780057,,,,,
2025-02-19 07:00:00+00:00,2025-02-19,LONDON_OPEN,14:00,SHORT,HIGH_SWEEP,95729.0,95012.5,95577.4,95816.2,95537.3,95640.4,True,False,,,45032,2025-02-19 08:00:00+00:00,95640.5,0.0005301101520799323,-0.006770144447174609,,,,,
2025-02-21 07:00:00+00:00,2025-02-21,LONDON_OPEN,14:00,SHORT,HIGH_SWEEP,98380.0,98072.4,98355.0,98555.0,98106.5,98130.0,False,False,,,45080,2025-02-21 08:00:00+00:00,98129.9,-0.00037807029254088853,-0.0044176137955913575,,,,,
2025-02-22 00:00:00+00:00,2025-02-22,ASIA_OPEN,07:00,SHORT,HIGH_SWEEP,96150.0,94970.3,96128.0,96156.4,95701.9,96138.9,False,False,,,45097,2025-02-22 01:00:00+00:00,96138.8,-0.0005221617078641216,-0.0011556208315475214,,,,,
2025-02-23 07:00:00+00:00,2025-02-23,LONDON_OPEN,14:00,SHORT,HIGH_SWEEP,96476.0,96102.2,96297.9,96504.1,96242.3,96454.6,True,False,,,45128,2025-02-23 08:00:00+00:00,96454.6,0.0014514600651498455,0.0031932121433295713,,,,,
2025-02-24 00:00:00+00:00,2025-02-24,ASIA_OPEN,07:00,SHORT,HIGH_SWEEP,96290.0,95476.5,96218.4,96470.0,96105.5,96202.4,True,False,,,45145,2025-02-24 01:00:00+00:00,96202.4,0.0027878722360357155,0.008464445793452069,,,,,
2025-02-24 07:00:00+00:00,2025-02-24,LONDON_OPEN,14:00,SHORT,HIGH_SWEEP,95860.1,95018.0,95821.1,95918.4,95660.9,95834.2,True,False,,,45152,2025-02-24 08:00:00+00:00,95834.2,0.0038973560586930134,0.002622237155420537,,,,,
2025-02-24 13:00:00+00:00,2025-02-24,NEW_YORK_OPEN,20:00,SHORT,HIGH_SWEEP,95910.8,95282.4,95747.4,96055.1,95300.0,95546.1,True,True,94935.1,95300.0,45158,2025-02-24 14:00:00+00:00,95546.0,0.009496996211248998,0.011995269294371336,45160.0,2025-02-24 16:00:00+00:00,94295.9,-0.0011029111552038895,0.0018441947104804735
2025-02-25 00:00:00+00:00,2025-02-25,ASIA_OPEN,07:00,LONG,LOW_SWEEP,94328.3,91300.0,91514.5,92142.7,90850.0,91825.4,True,False,,,45169,2025-02-25 01:00:00+00:00,91825.3,0.0017065013672701301,0.0032670734536124346,,,,,
2025-02-25 13:00:00+00:00,2025-02-25,NEW_YORK_OPEN,20:00,SHORT,HIGH_SWEEP,89473.9,86800.0,89350.0,89499.9,88694.1,88788.1,True,True,87745.0,88694.1,45182,2025-02-25 14:00:00+00:00,88788.1,0.01865227434757588,0.015307231487102557,45184.0,2025-02-25 16:00:00+00:00,87206.8,-0.002547966442983718,0.0019964039501507713
2025-02-27 13:00:00+00:00,2025-02-27,NEW_YORK_OPEN,20:00,LONG,LOW_SWEEP,87066.0,86007.0,86286.6,86733.5,85725.3,86078.8,False,False,,,45230,2025-02-27 14:00:00+00:00,86078.9,-0.013178607068631165,-0.01891985143862196,,,,,
2025-02-28 07:00:00+00:00,2025-02-28,LONDON_OPEN,14:00,LONG,LOW_SWEEP,80939.9,78921.4,79319.9,80225.6,78787.0,79159.9,False,False,,,45248,2025-02-28 08:00:00+00:00,79159.9,-0.002579588908020347,0.010233716818742966,,,,,
2025-03-01 13:00:00+00:00,2025-03-01,NEW_YORK_OPEN,20:00,LONG,LOW_SWEEP,85395.0,84343.0,84712.8,84900.0,84285.0,84484.9,True,False,,,45278,2025-03-01 14:00:00+00:00,84484.9,0.0021613329719276653,0.00872581964351049,,,,,
2025-03-02 00:00:00+00:00,2025-03-02,ASIA_OPEN,07:00,SHORT,HIGH_SWEEP,86219.7,85239.6,86007.7,86284.8,85753.0,85975.1,False,False,,,45289,2025-03-02 01:00:00+00:00,85975.1,-0.003777838001932876,0.0018982240206758538,,,,,
2025-03-03 07:00:00+00:00,2025-03-03,LONDON_OPEN,14:00,LONG,LOW_SWEEP,93304.9,91305.0,91608.1,92520.1,91150.0,92318.0,False,False,,,45320,2025-03-03 08:00:00+00:00,92318.0,-0.009504105374899763,0.002025607140536012,,,,,
2025-03-05 00:00:00+00:00,2025-03-05,ASIA_OPEN,07:00,LONG,LOW_SWEEP,88931.0,86544.0,87245.9,87249.7,86328.0,86767.2,True,False,,,45361,2025-03-05 01:00:00+00:00,86767.1,0.009390656135793263,0.0005359174157024693,,,,,
2025-03-07 07:00:00+00:00,2025-03-07,LONDON_OPEN,14:00,SHORT,HIGH_SWEEP,88400.0,86809.2,88166.3,88569.9,88050.0,88308.8,False,False,,,45416,2025-03-07 08:00:00+00:00,88308.8,-1.3588679723897101e-05,-0.010114507274473272,,,,,
2025-03-07 13:00:00+00:00,2025-03-07,NEW_YORK_OPEN,20:00,SHORT,HIGH_SWEEP,89404.8,88272.0,89001.8,90300.0,88934.5,89104.8,False,False,,,45422,2025-03-07 14:00:00+00:00,89104.8,-0.014666998859769631,0.02115262028532694,,,,,
2025-03-08 13:00:00+00:00,2025-03-08,NEW_YORK_OPEN,20:00,SHORT,HIGH_SWEEP,86390.0,85720.0,86166.1,86496.0,86080.0,86276.3,False,False,,,45446,2025-03-08 14:00:00+00:00,86276.2,-0.0005470801912925705,0.0020190968076942983,,,,,
2025-03-09 07:00:00+00:00,2025-03-09,LONDON_OPEN,14:00,SHORT,HIGH_SWEEP,86125.0,85753.3,85864.5,86128.3,85799.8,85968.9,True,False,,,45464,2025-03-09 08:00:00+00:00,85968.8,0.002510213007509754,0.013401373521556681,,,,,
2025-03-11 07:00:00+00:00,2025-03-11,LONDON_OPEN,14:00,SHORT,HIGH_SWEEP,80512.3,79411.2,80062.9,80585.5,80050.1,80386.0,False,False,,,45512,2025-03-11 08:00:00+00:00,80386.0,-0.008680616027666455,-0.01712114049710145,,,,,
2025-03-13 00:00:00+00:00,2025-03-13,ASIA_OPEN,07:00,SHORT,HIGH_SWEEP,83849.0,82813.9,83640.7,83978.0,83404.3,83412.4,False,False,,,45553,2025-03-13 01:00:00+00:00,83412.4,-0.005615472040128466,-0.001494981561494635,,,,,
2025-03-14 07:00:00+00:00,2025-03-14,LONDON_OPEN,14:00,SHORT,HIGH_SWEEP,82187.2,81730.9,81996.0,82425.0,81853.8,82124.5,False,False,,,45584,2025-03-14 08:00:00+00:00,82124.6,-0.005329706324292527,-0.010659412648585054,,,,,
2025-03-16 00:00:00+00:00,2025-03-16,ASIA_OPEN,07:00,LONG,LOW_SWEEP,84433.1,84191.2,84303.0,84353.1,84175.4,84214.0,False,False,,,45625,2025-03-16 01:00:00+00:00,84214.0,-0.004577623673023501,0.0009725223834515795,,,,,
2025-03-16 07:00:00+00:00,2025-03-16,LONDON_OPEN,14:00,LONG,LOW_SWEEP,84382.2,84188.0,84188.0,84340.0,83924.4,84242.0,False,False,,,45632,2025-03-16 08:00:00+00:00,84242.1,-0.00025046858993316157,-0.00730276192070245,,,,,
2025-03-17 13:00:00+00:00,2025-03-17,NEW_YORK_OPEN,20:00,LONG,LOW_SWEEP,84000.0,82947.4,83009.1,83704.8,82757.1,82971.4,False,False,,,45662,2025-03-17 14:00:00+00:00,82971.4,-0.001184745587033409,0.0052620541535999266,,,,,
2025-03-18 00:00:00+00:00,2025-03-18,ASIA_OPEN,07:00,LONG,LOW_SWEEP,84227.3,83700.0,83963.0,83979.8,83662.2,83752.6,False,False,,,45673,2025-03-18 01:00:00+00:00,83752.5,-0.007466045789677911,-0.007700068654666992,,,,,
2025-03-18 07:00:00+00:00,2025-03-18,LONDON_OPEN,14:00,SHORT,HIGH_SWEEP,83181.3,82207.7,82407.1,83241.1,82316.4,83124.8,False,False,,,45680,2025-03-18 08:00:00+00:00,83124.7,-0.0014760955528261288,0.004133548752657035,,,,,
2025-03-19 07:00:00+00:00,2025-03-19,LONDON_OPEN,14:00,SHORT,HIGH_SWEEP,83295.0,82752.1,83160.0,83329.9,82986.3,83152.5,False,False,,,45704,2025-03-19 08:00:00+00:00,83152.5,-0.002657767355160656,-0.003311987011815676,,,,,
2025-03-19 13:00:00+00:00,2025-03-19,NEW_YORK_OPEN,20:00,SHORT,HIGH_SWEEP,84088.2,83339.0,83705.2,84325.2,83588.0,84050.1,False,False,,,45710,2025-03-19 14:00:00+00:00,84050.0,-0.0025865556216537744,-0.005672813801308685,,,,,
2025-03-20 00:00:00+00:00,2025-03-20,ASIA_OPEN,07:00,SHORT,HIGH_SWEEP,86990.0,85294.8,86809.8,87500.0,85900.0,85979.8,True,False,,,45721,2025-03-20 01:00:00+00:00,85979.9,0.001622472228974492,0.0015166335387688523,,,,,
2025-03-21 13:00:00+00:00,2025-03-21,NEW_YORK_OPEN,20:00,LONG,LOW_SWEEP,84344.4,83334.9,83428.7,84058.0,83122.0,83893.9,True,False,,,45758,2025-03-21 14:00:00+00:00,83893.9,0.003649848201120909,0.0020621284741799695,,,,,
2025-03-22 00:00:00+00:00,2025-03-22,ASIA_OPEN,07:00,LONG,LOW_SWEEP,84550.0,84000.4,84050.3,84212.4,83995.6,84153.9,False,False,,,45769,2025-03-22 01:00:00+00:00,84153.9,-0.001541223876730613,0.0007153560322219477,,,,,
2025-03-23 07:00:00+00:00,2025-03-23,LONDON_OPEN,14:00,SHORT,HIGH_SWEEP,84249.6,84025.2,84190.6,84282.4,84166.5,84229.9,False,False,,,45800,2025-03-23 08:00:00+00:00,84229.9,-0.0008156248553068401,-0.0023483347362398543,,,,,
2025-03-24 00:00:00+00:00,2025-03-24,ASIA_OPEN,07:00,SHORT,HIGH_SWEEP,86110.9,84868.9,86044.1,86619.9,85827.4,85994.8,True,False,,,45817,2025-03-24 01:00:00+00:00,85994.8,0.005463121025922502,-0.005905008209798668,,,,,
2025-03-27 07:00:00+00:00,2025-03-27,LONDON_OPEN,14:00,LONG,LOW_SWEEP,87654.2,87227.2,87312.4,87402.0,87210.0,87363.2,True,False,,,45896,2025-03-27 08:00:00+00:00,87363.1,0.0003777338487300774,-0.0024793076253017965,,,,,
2025-03-28 00:00:00+00:00,2025-03-28,ASIA_OPEN,07:00,LONG,LOW_SWEEP,87695.9,87067.6,87191.2,87364.2,86853.5,87307.4,False,False,,,45913,2025-03-28 01:00:00+00:00,87307.5,-0.001277095323998556,-0.006422128683102768,,,,,
2025-03-29 00:00:00+00:00,2025-03-29,ASIA_OPEN,07:00,SHORT,HIGH_SWEEP,84499.5,83659.6,84380.8,84589.7,84308.5,84352.7,True,False,,,45937,2025-03-29 01:00:00+00:00,84352.8,0.001337240731783651,0.0026922639201070186,,,,,
2025-03-29 07:00:00+00:00,2025-03-29,LONDON_OPEN,14:00,LONG,LOW_SWEEP,84222.0,83633.0,83757.4,83858.8,83618.0,83696.0,True,False,,,45944,2025-03-29 08:00:00+00:00,83696.1,0.002391987201315171,-0.009634857538164954,,,,,
2025-03-30 07:00:00+00:00,2025-03-30,LONDON_OPEN,14:00,SHORT,HIGH_SWEEP,83279.0,82818.5,83148.0,83283.3,83017.0,83037.4,False,False,,,45968,2025-03-30 08:00:00+00:00,83037.5,-0.003638115309348322,-0.0005551708565407765,,,,,
2025-03-31 00:00:00+00:00,2025-03-31,ASIA_OPEN,07:00,LONG,LOW_SWEEP,82732.5,81501.4,82353.1,82416.0,81222.0,81607.9,True,False,,,45985,2025-03-31 01:00:00+00:00,81607.9,0.0038905547134528984,-0.0014263324996721671,,,,,
2025-04-01 07:00:00+00:00,2025-04-01,LONDON_OPEN,14:00,SHORT,HIGH_SWEEP,83460.0,82846.1,83420.2,83565.0,83334.0,83415.2,False,False,,,46016,2025-04-01 08:00:00+00:00,83415.2,-0.007848689447486734,-0.008687865041383303,,,,,
2025-04-01 13:00:00+00:00,2025-04-01,NEW_YORK_OPEN,20:00,LONG,LOW_SWEEP,84474.8,83549.2,83569.7,83869.0,83360.2,83619.5,True,True,83869.0,84133.8,46022,2025-04-01 14:00:00+00:00,83623.1,0.0062686028142942,0.017266760022051297,46024.0,2025-04-01 16:00:00+00:00,85245.5,-0.0020939521734285593,-0.002008317154571171
2025-04-03 00:00:00+00:00,2025-04-03,ASIA_OPEN,07:00,LONG,LOW_SWEEP,85717.8,82300.0,82485.1,83365.1,82137.3,83181.9,True,False,,,46057,2025-04-03 01:00:00+00:00,83182.0,0.006371570772522928,0.003209829049553914,,,,,
2025-04-03 13:00:00+00:00,2025-04-03,NEW_YORK_OPEN,20:00,LONG,LOW_SWEEP,83705.6,81830.0,81912.3,82748.0,81755.0,82335.1,False,False,,,46070,2025-04-03 14:00:00+00:00,82335.1,-0.010204639333650012,-0.006475974402168849,,,,,
2025-04-04 00:00:00+00:00,2025-04-04,ASIA_OPEN,07:00,SHORT,HIGH_SWEEP,83298.0,82283.4,83181.7,83376.0,82960.8,83005.4,True,False,,,46081,2025-04-04 01:00:00+00:00,83005.5,0.004097318852365306,0.002621513032268985,,,,,
2025-04-05 00:00:00+00:00,2025-04-05,ASIA_OPEN,07:00,LONG,LOW_SWEEP,84422.9,83604.4,83861.4,83861.4,83323.7,83760.0,True,False,,,46105,2025-04-05 01:00:00+00:00,83759.9,0.0022588374627956487,-0.002079754154434288,,,,,
2025-04-07 07:00:00+00:00,2025-04-07,LONDON_OPEN,14:00,LONG,LOW_SWEEP,77950.0,74508.0,74781.4,75456.2,74457.0,75084.1,True,True,75456.2,75700.0,46160,2025-04-07 08:00:00+00:00,75084.1,0.015170988265158503,0.024902742391531563,46162.0,2025-04-07 10:00:00+00:00,76244.8,0.009300306381549772,0.013839632342139918
2025-04-08 07:00:00+00:00,2025-04-08,LONDON_OPEN,14:00,LONG,LOW_SWEEP,80383.4,79249.3,79414.8,79680.2,79177.0,79448.6,False,False,,,46184,2025-04-08 08:00:00+00:00,79448.5,-0.0040114036136615905,-0.005906971182589982,,,,,
2025-04-08 13:00:00+00:00,2025-04-08,NEW_YORK_OPEN,20:00,SHORT,HIGH_SWEEP,80094.4,78788.0,79800.9,80359.5,79333.0,79856.0,True,True,78815.0,79333.0,46190,2025-04-08 14:00:00+00:00,79856.0,0.01772565618112598,0.03083675616108994,46192.0,2025-04-08 16:00:00+00:00,78459.9,0.013591656374784988,0.015806800671425703
2025-04-09 00:00:00+00:00,2025-04-09,ASIA_OPEN,07:00,LONG,LOW_SWEEP,77259.9,76200.1,76298.0,76834.6,75888.0,76494.0,False,False,,,46201,2025-04-09 01:00:00+00:00,76494.0,-0.005961251862891204,-0.01900802677334168,,,,,
2025-04-11 07:00:00+00:00,2025-04-11,LONDON_OPEN,14:00,SHORT,HIGH_SWEEP,81329.4,80460.0,81058.0,81388.0,80800.0,81213.6,False,False,,,46256,2025-04-11 08:00:00+00:00,81213.7,-0.004656849767957771,-0.01788245086727991,,,,,
2025-04-12 07:00:00+00:00,2025-04-12,LONDON_OPEN,14:00,SHORT,HIGH_SWEEP,83754.1,82824.2,83520.9,83785.4,83444.5,83685.4,True,False,,,46280,2025-04-12 08:00:00+00:00,83685.4,0.0013945084805712105,0.0034952333381927936,,,,,
2025-04-13 00:00:00+00:00,2025-04-13,ASIA_OPEN,07:00,LONG,LOW_SWEEP,85669.9,85126.5,85237.9,85546.4,84970.1,85470.0,False,False,,,46297,2025-04-13 01:00:00+00:00,85470.1,-0.0029870094922084256,-0.0009512098382943313,,,,,
2025-04-14 07:00:00+00:00,2025-04-14,LONDON_OPEN,14:00,LONG,LOW_SWEEP,85067.1,84231.3,84580.4,84750.0,84170.2,84544.2,True,False,,,46328,2025-04-14 08:00:00+00:00,84544.3,0.002171642558989717,0.0009190448084612779,,,,,
2025-04-15 13:00:00+00:00,2025-04-15,NEW_YORK_OPEN,20:00,SHORT,HIGH_SWEEP,85974.9,85314.4,85783.1,86443.0,85450.1,85537.2,True,True,85348.4,85450.1,46358,2025-04-15 14:00:00+00:00,85537.1,0.0051556576035427515,0.008500405087383256,46360.0,2025-04-15 16:00:00+00:00,84871.9,0.0007293344440267857,0.008502225118089624
2025-04-16 13:00:00+00:00,2025-04-16,NEW_YORK_OPEN,20:00,LONG,LOW_SWEEP,84229.6,83525.8,83712.3,84168.0,83453.4,83686.0,True,True,84168.0,84454.3,46382,2025-04-16 14:00:00+00:00,83685.3,0.010451058907597677,0.0157112419982961,46384.0,2025-04-16 16:00:00+00:00,84811.3,0.002226118453555248,-0.009679134737941908
2025-04-17 00:00:00+00:00,2025-04-17,ASIA_OPEN,07:00,LONG,LOW_SWEEP,84642.8,83986.7,83990.1,84179.3,83900.7,84176.7,True,False,,,46393,2025-04-17 01:00:00+00:00,84176.7,0.001457648018988511,-0.0026539410549474285,,,,,
2025-04-17 07:00:00+00:00,2025-04-17,LONDON_OPEN,14:00,SHORT,HIGH_SWEEP,84844.2,83856.9,84745.4,85043.4,84559.0,84629.0,True,True,84499.6,84559.0,46400,2025-04-17 08:00:00+00:00,84629.0,0.0026149428682840092,0.003368821562348634,46402.0,2025-04-17 10:00:00+00:00,84434.4,0.0010718380186274246,-0.0034997583923139786
2025-04-18 07:00:00+00:00,2025-04-18,LONDON_OPEN,14:00,LONG,LOW_SWEEP,84803.1,84480.0,84688.0,84700.0,84349.3,84622.9,False,False,,,46424,2025-04-18 08:00:00+00:00,84622.9,-0.0001441690133521245,-0.0015941311394432889,,,,,
2025-04-20 00:00:00+00:00,2025-04-20,ASIA_OPEN,07:00,LONG,LOW_SWEEP,85332.7,85022.0,85046.9,85188.5,85001.0,85126.0,True,False,,,46465,2025-04-20 01:00:00+00:00,85126.1,0.0016622399005710164,-0.0001115991452680376,,,,,
2025-04-21 13:00:00+00:00,2025-04-21,NEW_YORK_OPEN,20:00,SHORT,HIGH_SWEEP,87535.0,86610.0,87003.0,87558.0,86750.0,86993.4,False,False,,,46502,2025-04-21 14:00:00+00:00,86992.5,-0.013349426674713394,-0.0016012874673103639,,,,,
2025-04-25 00:00:00+00:00,2025-04-25,ASIA_OPEN,07:00,SHORT,HIGH_SWEEP,93980.6,92969.0,93931.5,93981.0,93445.0,93839.8,True,False,,,46585,2025-04-25 01:00:00+00:00,93839.8,0.002452051261831345,0.006147711312257775,,,,,
2025-04-26 13:00:00+00:00,2025-04-26,NEW_YORK_OPEN,20:00,LONG,LOW_SWEEP,94357.3,93947.5,94200.0,94259.1,93833.0,94107.4,True,False,,,46622,2025-04-26 14:00:00+00:00,94107.3,0.000985045793471917,0.0015418570079046567,,,,,
2025-04-27 00:00:00+00:00,2025-04-27,ASIA_OPEN,07:00,SHORT,HIGH_SWEEP,94850.2,94043.1,94575.7,94943.1,94524.1,94825.2,True,True,94418.2,94524.1,46633,2025-04-27 01:00:00+00:00,94825.3,0.007943027862817198,0.007419960706689044,46635.0,2025-04-27 03:00:00+00:00,94290.0,0.0017849188673242367,0.004455403542263259
2025-04-27 13:00:00+00:00,2025-04-27,NEW_YORK_OPEN,20:00,LONG,LOW_SWEEP,94143.9,93639.5,93696.1,94036.6,93547.3,94012.4,False,False,,,46646,2025-04-27 14:00:00+00:00,94012.4,-0.0007935123451798809,-0.0018954946368776593,,,,,
2025-04-29 00:00:00+00:00,2025-04-29,ASIA_OPEN,07:00,SHORT,HIGH_SWEEP,95146.3,94244.5,94969.0,95200.0,94781.6,95012.4,True,False,,,46681,2025-04-29 01:00:00+00:00,95012.5,0.002188133140376247,0.004342586501776102,,,,,
2025-04-29 13:00:00+00:00,2025-04-29,NEW_YORK_OPEN,20:00,LONG,LOW_SWEEP,95264.9,94700.1,94770.0,94994.2,94540.2,94747.5,True,False,,,46694,2025-04-29 14:00:00+00:00,94747.5,0.002610095253172906,0.0016654793002455204,,,,,
2025-05-01 13:00:00+00:00,2025-05-01,NEW_YORK_OPEN,20:00,SHORT,HIGH_SWEEP,96414.8,95478.2,96321.1,96712.0,95742.1,95745.1,False,False,,,46742,2025-05-01 14:00:00+00:00,95745.1,-0.010685664331647082,-0.012629366933660346,,,,,
2025-05-02 13:00:00+00:00,2025-05-02,NEW_YORK_OPEN,20:00,SHORT,HIGH_SWEEP,97134.2,96549.9,97134.2,97221.8,96602.9,96709.6,False,False,,,46766,2025-05-02 14:00:00+00:00,96709.7,-0.010137556005240578,-0.006111072622497993,,,,,
2025-05-05 07:00:00+00:00,2025-05-05,LONDON_OPEN,14:00,SHORT,HIGH_SWEEP,94752.5,93980.0,94724.2,94778.5,94471.1,94696.4,True,False,,,46832,2025-05-05 08:00:00+00:00,94696.4,0.001969451848222281,0.006641223953603226,,,,,
2025-05-05 13:00:00+00:00,2025-05-05,NEW_YORK_OPEN,20:00,LONG,LOW_SWEEP,94519.2,93835.0,94279.2,94354.6,93600.0,94192.2,False,False,,,46838,2025-05-05 14:00:00+00:00,94192.2,-0.0037412864334838147,-0.0003004495064347079,,,,,
2025-05-06 07:00:00+00:00,2025-05-06,LONDON_OPEN,14:00,SHORT,HIGH_SWEEP,94572.2,94267.0,94464.0,94600.0,94310.0,94350.0,True,False,,,46856,2025-05-06 08:00:00+00:00,94350.0,8.797032326446352e-05,0.004810810810810695,,,,,
2025-05-08 13:00:00+00:00,2025-05-08,NEW_YORK_OPEN,20:00,LONG,LOW_SWEEP,99863.3,99214.6,99250.0,99586.8,99050.1,99256.3,True,False,,,46910,2025-05-08 14:00:00+00:00,99256.3,0.0006528552847526736,0.019944325952105713,,,,,
2025-05-10 07:00:00+00:00,2025-05-10,LONDON_OPEN,14:00,SHORT,HIGH_SWEEP,103919.9,102997.3,103907.9,104085.0,103585.0,103721.7,True,False,,,46952,2025-05-10 08:00:00+00:00,103721.7,0.0012919186631148438,0.0017518031424474945,,,,,
2025-05-12 13:00:00+00:00,2025-05-12,NEW_YORK_OPEN,20:00,SHORT,HIGH_SWEEP,104584.4,103550.0,103828.9,104620.1,103614.1,104283.2,True,True,103156.2,103614.1,47006,2025-05-12 14:00:00+00:00,104283.2,0.014633229513478674,0.014220890805038633,47008.0,2025-05-12 16:00:00+00:00,102481.8,-0.003106893126389121,0.008763507276414062
2025-05-13 07:00:00+00:00,2025-05-13,LONDON_OPEN,14:00,SHORT,HIGH_SWEEP,102727.8,101580.4,102505.9,102900.0,102502.7,102624.0,False,False,,,47024,2025-05-13 08:00:00+00:00,102624.0,-0.0005106018085436759,-0.00869874493295919,,,,,
2025-05-14 00:00:00+00:00,2025-05-14,ASIA_OPEN,07:00,LONG,LOW_SWEEP,104577.1,103795.5,104082.0,104086.5,103703.7,103861.7,False,False,,,47041,2025-05-14 01:00:00+00:00,103861.7,-0.0017494418057859562,-0.0030088088294337734,,,,,
2025-05-14 07:00:00+00:00,2025-05-14,LONDON_OPEN,14:00,LONG,LOW_SWEEP,103949.6,103422.8,103707.8,103750.0,103314.0,103662.2,False,False,,,47048,2025-05-14 08:00:00+00:00,103662.2,-0.004878345240598714,1.2540733266286352e-05,,,,,
2025-05-14 13:00:00+00:00,2025-05-14,NEW_YORK_OPEN,20:00,SHORT,HIGH_SWEEP,104163.6,103416.1,103950.1,104319.0,103445.5,103913.7,True,False,,,47054,2025-05-14 14:00:00+00:00,103913.7,0.006707489002893752,0.005724942909356434,,,,,
2025-05-15 13:00:00+00:00,2025-05-15,NEW_YORK_OPEN,20:00,LONG,LOW_SWEEP,102799.9,101556.2,102513.4,102748.9,101459.0,102094.8,False,False,,,47078,2025-05-15 14:00:00+00:00,102094.7,-0.0015936184738286618,0.016692345440066925,,,,,
2025-05-16 00:00:00+00:00,2025-05-16,ASIA_OPEN,07:00,SHORT,HIGH_SWEEP,103939.8,102662.0,103714.2,103999.9,103603.9,103710.0,False,False,,,47089,2025-05-16 01:00:00+00:00,103710.0,-0.002818436023527271,-0.002593771092469277,,,,,
2025-05-19 00:00:00+00:00,2025-05-19,ASIA_OPEN,07:00,SHORT,HIGH_SWEEP,106629.8,103906.2,106407.5,107114.3,105130.0,105225.3,True,False,,,47161,2025-05-19 01:00:00+00:00,105225.2,0.0019253942971835247,0.015735774320219886,,,,,
2025-05-20 00:00:00+00:00,2025-05-20,ASIA_OPEN,07:00,SHORT,HIGH_SWEEP,105798.5,104982.0,105531.5,106541.2,105511.0,105674.9,False,False,,,47185,2025-05-20 01:00:00+00:00,105674.8,-0.006934482014633536,-0.0004277273295052453,,,,,
2025-05-22 07:00:00+00:00,2025-05-22,LONDON_OPEN,14:00,LONG,LOW_SWEEP,111776.3,110433.1,110576.8,111100.0,110433.0,111005.8,False,False,,,47240,2025-05-22 08:00:00+00:00,111005.8,-0.0056861893702850885,-0.0022602422576117887,,,,,
2025-05-22 13:00:00+00:00,2025-05-22,NEW_YORK_OPEN,20:00,SHORT,HIGH_SWEEP,111578.3,110457.6,111572.3,111582.5,110844.6,110870.8,True,False,,,47246,2025-05-22 14:00:00+00:00,110870.9,0.00016505683637446644,-0.0032208631841177393,,,,,
2025-05-23 00:00:00+00:00,2025-05-23,ASIA_OPEN,07:00,SHORT,HIGH_SWEEP,111692.9,110704.1,111662.6,111770.4,111338.7,111570.4,True,False,,,47257,2025-05-23 01:00:00+00:00,111570.5,0.0025634016160185347,0.0047189893385796156,,,,,
2025-05-25 07:00:00+00:00,2025-05-25,LONDON_OPEN,14:00,LONG,LOW_SWEEP,108250.1,107631.4,107902.2,107902.2,107387.8,107637.1,False,False,,,47312,2025-05-25 08:00:00+00:00,107637.1,-0.005312294738524237,-0.00681642296197138,,,,,
2025-05-25 13:00:00+00:00,2025-05-25,NEW_YORK_OPEN,20:00,SHORT,HIGH_SWEEP,107572.4,106758.4,107476.5,107698.4,107250.0,107474.8,True,False,,,47318,2025-05-25 14:00:00+00:00,107474.7,0.0014868615590459822,0.0032081969058764814,,,,,
2025-05-26 13:00:00+00:00,2025-05-26,NEW_YORK_OPEN,20:00,LONG,LOW_SWEEP,110048.2,109500.0,109781.6,109935.2,109412.9,109549.2,True,False,,,47342,2025-05-26 14:00:00+00:00,109549.1,0.0006115979045011599,-0.0018439220404367074,,,,,
2025-05-27 13:00:00+00:00,2025-05-27,NEW_YORK_OPEN,20:00,SHORT,HIGH_SWEEP,109814.2,109388.9,109550.6,110700.0,109526.2,109791.6,True,False,,,47366,2025-05-27 14:00:00+00:00,109791.5,0.004159702709226054,-0.0034465327461596917,,,,,
2025-05-31 00:00:00+00:00,2025-05-31,ASIA_OPEN,07:00,LONG,LOW_SWEEP,104849.9,103555.0,103949.9,104259.4,103501.0,103923.7,False,False,,,47449,2025-05-31 01:00:00+00:00,103923.7,-0.004784279235631517,-0.0027289251633649814,,,,,
2025-06-04 00:00:00+00:00,2025-06-04,ASIA_OPEN,07:00,LONG,LOW_SWEEP,105842.2,105200.4,105330.1,105483.8,105072.0,105428.0,True,False,,,47545,2025-06-04 01:00:00+00:00,105428.0,0.0009181621580605093,0.00044485335963884154,,,,,
2025-06-06 07:00:00+00:00,2025-06-06,LONDON_OPEN,14:00,SHORT,HIGH_SWEEP,103193.0,102321.1,103116.4,103424.5,102997.3,103096.8,False,False,,,47600,2025-06-06 08:00:00+00:00,103096.7,-0.0033851713973385156,-0.005141774663980581,,,,,
2025-06-06 13:00:00+00:00,2025-06-06,NEW_YORK_OPEN,20:00,SHORT,HIGH_SWEEP,104293.8,103471.4,103702.4,104483.2,103702.3,104033.1,False,False,,,47606,2025-06-06 14:00:00+00:00,104033.1,-0.006586365301043617,-0.006556567092588672,,,,,
2025-06-07 13:00:00+00:00,2025-06-07,NEW_YORK_OPEN,20:00,SHORT,HIGH_SWEEP,105700.0,104780.3,105402.8,105758.8,105249.4,105550.5,True,False,,,47630,2025-06-07 14:00:00+00:00,105550.5,0.0017091344901255523,0.0023543232860100405,,,,,
2025-06-08 13:00:00+00:00,2025-06-08,NEW_YORK_OPEN,20:00,SHORT,HIGH_SWEEP,105725.1,104927.4,105657.6,106200.0,105500.0,105558.8,False,False,,,47654,2025-06-08 14:00:00+00:00,105558.9,-0.0019695165447917162,-0.005442459138926159,,,,,
2025-06-10 07:00:00+00:00,2025-06-10,LONDON_OPEN,14:00,LONG,LOW_SWEEP,109690.8,109100.0,109460.1,109476.5,109041.1,109178.0,False,False,,,47696,2025-06-10 08:00:00+00:00,109178.1,-0.0011595732111110424,0.0007684691343776695,,,,,
2025-06-11 07:00:00+00:00,2025-06-11,LONDON_OPEN,14:00,SHORT,HIGH_SWEEP,109683.5,109322.0,109555.6,109715.4,109392.1,109396.9,False,False,,,47720,2025-06-11 08:00:00+00:00,109396.9,-0.0011444565613834001,0.0006810065001842114,,,,,
2025-06-12 13:00:00+00:00,2025-06-12,NEW_YORK_OPEN,20:00,LONG,LOW_SWEEP,107479.0,106830.0,106939.2,107152.7,106539.1,107015.9,True,False,,,47750,2025-06-12 14:00:00+00:00,107015.8,0.00508523040522979,0.006265429964547264,,,,,
2025-06-13 13:00:00+00:00,2025-06-13,NEW_YORK_OPEN,20:00,SHORT,HIGH_SWEEP,105247.0,104360.0,104796.8,105254.8,104607.6,104685.4,False,False,,,47774,2025-06-13 14:00:00+00:00,104685.3,-0.002205658292042889,-0.009975612621829555,,,,,
2025-06-14 00:00:00+00:00,2025-06-14,ASIA_OPEN,07:00,SHORT,HIGH_SWEEP,106141.1,105269.1,106027.3,106173.6,105624.5,105756.3,True,True,105570.2,105624.5,47785,2025-06-14 01:00:00+00:00,105756.2,0.0031742819806308553,0.005359496653624118,47787.0,2025-06-14 03:00:00+00:00,105337.5,0.0014059570428385237,0.0009464815474070631
2025-06-14 13:00:00+00:00,2025-06-14,NEW_YORK_OPEN,20:00,SHORT,HIGH_SWEEP,105078.8,104657.0,105000.1,105084.2,104847.1,104961.5,True,False,,,47798,2025-06-14 14:00:00+00:00,104961.4,0.000894614591649856,0.005341011076452795,,,,,
2025-06-15 07:00:00+00:00,2025-06-15,LONDON_OPEN,14:00,LONG,LOW_SWEEP,106099.4,105355.7,105391.0,105408.8,105137.0,105374.1,False,False,,,47816,2025-06-15 08:00:00+00:00,105374.2,-0.0021305025328780536,-0.0028375067141672705,,,,,
2025-06-16 00:00:00+00:00,2025-06-16,ASIA_OPEN,07:00,SHORT,HIGH_SWEEP,105571.4,104399.9,105534.7,105733.0,105289.0,105378.7,False,False,,,47833,2025-06-16 01:00:00+00:00,105378.7,-0.0035851647439189005,-0.004620478331958999,,,,,
2025-06-16 13:00:00+00:00,2025-06-16,NEW_YORK_OPEN,20:00,LONG,LOW_SWEEP,107179.7,106540.0,106646.8,107141.4,106446.6,107109.0,True,True,107141.4,107243.0,47846,2025-06-16 14:00:00+00:00,107109.1,0.0034730942562304357,0.005643778166374291,47848.0,2025-06-16 16:00:00+00:00,107375.0,0.0031534342258441317,0.007749476135040734
2025-06-17 00:00:00+00:00,2025-06-17,ASIA_OPEN,07:00,LONG,LOW_SWEEP,108900.0,106640.1,106750.1,107231.0,106068.0,107206.5,False,False,,,47857,2025-06-17 01:00:00+00:00,107206.5,-0.0006827944201144298,0.0032348784821816245,,,,,
2025-06-17 07:00:00+00:00,2025-06-17,LONDON_OPEN,14:00,LONG,LOW_SWEEP,107655.6,106642.0,106793.3,106836.5,106413.4,106711.1,False,False,,,47864,2025-06-17 08:00:00+00:00,106711.0,-0.0018011264068371613,-0.007555922069889753,,,,,
2025-06-18 07:00:00+00:00,2025-06-18,LONDON_OPEN,14:00,LONG,LOW_SWEEP,105500.0,104848.2,104916.4,104970.0,104660.0,104925.7,False,False,,,47888,2025-06-18 08:00:00+00:00,104925.6,-0.00019442347720677322,-0.006736201651455942,,,,,
2025-06-18 13:00:00+00:00,2025-06-18,NEW_YORK_OPEN,20:00,LONG,LOW_SWEEP,104865.1,104111.4,104478.5,104511.2,103750.0,104400.2,True,False,,,47894,2025-06-18 14:00:00+00:00,104400.2,0.0016848626726768678,-0.0003486583359034734,,,,,
2025-06-19 00:00:00+00:00,2025-06-19,ASIA_OPEN,07:00,SHORT,HIGH_SWEEP,105098.0,104323.2,104832.8,105185.7,104620.8,104899.9,True,False,,,47905,2025-06-19 01:00:00+00:00,104899.9,0.0032612042528161744,-0.001472832671909119,,,,,
2025-06-19 07:00:00+00:00,2025-06-19,LONDON_OPEN,14:00,LONG,LOW_SWEEP,105184.0,104565.0,104658.7,104800.0,104560.6,104585.9,True,False,,,47912,2025-06-19 08:00:00+00:00,104585.8,0.0009102574154427057,0.0026370692770911752,,,,,
2025-06-23 00:00:00+00:00,2025-06-23,ASIA_OPEN,07:00,SHORT,HIGH_SWEEP,100993.5,98952.4,100904.7,101580.6,100425.6,100849.8,False,False,,,48001,2025-06-23 01:00:00+00:00,100849.8,-0.001961332595602494,-0.0025245464046532717,,,,,
2025-06-23 07:00:00+00:00,2025-06-23,LONDON_OPEN,14:00,SHORT,HIGH_SWEEP,102043.3,100899.3,101885.0,102155.1,101699.8,101874.5,True,False,,,48008,2025-06-23 08:00:00+00:00,101874.4,0.0005281012697987419,0.004445670354868314,,,,,
2025-06-24 13:00:00+00:00,2025-06-24,NEW_YORK_OPEN,20:00,LONG,LOW_SWEEP,105386.6,104915.5,105146.3,105347.2,104750.0,105030.0,True,False,,,48038,2025-06-24 14:00:00+00:00,105029.9,0.004052179427001423,0.010760745273488803,,,,,
2025-06-26 07:00:00+00:00,2025-06-26,LONDON_OPEN,14:00,SHORT,HIGH_SWEEP,107916.9,107467.6,107702.7,108044.9,107692.5,107768.5,True,False,,,48080,2025-06-26 08:00:00+00:00,107768.6,0.0006374769645334233,0.004078182327690971,,,,,
2025-06-27 13:00:00+00:00,2025-06-27,NEW_YORK_OPEN,20:00,LONG,LOW_SWEEP,107168.4,106551.0,106631.8,106937.6,106313.1,106775.5,False,False,,,48110,2025-06-27 14:00:00+00:00,106775.6,-0.002499634748013624,0.006023848145081834,,,,,
2025-06-28 00:00:00+00:00,2025-06-28,ASIA_OPEN,07:00,LONG,LOW_SWEEP,107232.1,106908.2,107010.6,107139.4,106800.0,107006.4,True,False,,,48121,2025-06-28 01:00:00+00:00,107006.4,0.00014672019617534282,0.00225780887872129,,,,,
2025-06-30 07:00:00+00:00,2025-06-30,LONDON_OPEN,14:00,LONG,LOW_SWEEP,108500.0,107456.8,107504.5,107694.1,107427.5,107562.6,False,False,,,48176,2025-06-30 08:00:00+00:00,107562.6,-0.0010012773956747933,0.0002249852643947392,,,,,
2025-07-01 07:00:00+00:00,2025-07-01,LONDON_OPEN,14:00,LONG,LOW_SWEEP,107164.5,106688.0,106844.6,107146.3,106557.4,107134.9,False,False,,,48200,2025-07-01 08:00:00+00:00,107134.8,-0.0043757957265053715,-0.006499288746513732,,,,,
2025-07-02 13:00:00+00:00,2025-07-02,NEW_YORK_OPEN,20:00,SHORT,HIGH_SWEEP,107799.9,107132.3,107333.1,107950.0,107227.3,107724.0,False,False,,,48230,2025-07-02 14:00:00+00:00,107724.1,-0.003456979450280784,-0.015250069390229104,,,,,
2025-07-03 00:00:00+00:00,2025-07-03,ASIA_OPEN,07:00,LONG,LOW_SWEEP,109500.0,108682.5,108800.0,109075.1,108671.0,108884.9,True,False,,,48241,2025-07-03 01:00:00+00:00,108884.9,0.00046103729718272035,-0.0026642812731608734,,,,,
2025-07-05 07:00:00+00:00,2025-07-05,LONDON_OPEN,14:00,LONG,LOW_SWEEP,108368.1,107954.5,108228.1,108228.1,107946.1,108000.9,False,False,,,48296,2025-07-05 08:00:00+00:00,108000.8,-0.00024444263375833497,0.00033240494514852337,,,,,
2025-07-05 13:00:00+00:00,2025-07-05,NEW_YORK_OPEN,20:00,SHORT,HIGH_SWEEP,108175.0,107908.8,108106.0,108194.4,108055.9,108077.5,False,False,,,48302,2025-07-05 14:00:00+00:00,108077.5,-0.0006708149244754047,0.00016839767759246893,,,,,
2025-07-06 00:00:00+00:00,2025-07-06,ASIA_OPEN,07:00,SHORT,HIGH_SWEEP,108183.8,107997.7,108153.4,108195.4,108059.3,108159.1,True,False,,,48313,2025-07-06 01:00:00+00:00,108159.1,3.420886453397998e-05,0.0015051900394881246,,,,,
2025-07-07 07:00:00+00:00,2025-07-07,LONDON_OPEN,14:00,LONG,LOW_SWEEP,109409.7,108714.0,108733.1,109016.3,108611.0,109016.3,False,False,,,48344,2025-07-07 08:00:00+00:00,109016.3,-0.0005035944166148498,-0.003494890213665336,,,,,
2025-07-07 13:00:00+00:00,2025-07-07,NEW_YORK_OPEN,20:00,LONG,LOW_SWEEP,108859.8,108265.1,108300.3,108537.9,107963.3,108478.6,False,False,,,48350,2025-07-07 14:00:00+00:00,108478.6,-0.002954499781523734,-0.005033250797853217,,,,,
2025-07-08 00:00:00+00:00,2025-07-08,ASIA_OPEN,07:00,SHORT,HIGH_SWEEP,108250.1,107728.5,108203.9,108475.0,108136.1,108240.2,True,True,107900.3,108136.1,48361,2025-07-08 01:00:00+00:00,108240.2,0.005452687633614839,0.0035809246472197076,48363.0,2025-07-08 03:00:00+00:00,107736.7,-0.0010757708376070152,-0.003920669558284295
2025-07-09 13:00:00+00:00,2025-07-09,NEW_YORK_OPEN,20:00,SHORT,HIGH_SWEEP,109472.0,108654.2,109286.6,109738.5,109072.2,109136.9,True,False,,,48398,2025-07-09 14:00:00+00:00,109136.8,0.0027195226541368855,-0.001953511556138654,,,,,
2025-07-10 07:00:00+00:00,2025-07-10,LONDON_OPEN,14:00,SHORT,HIGH_SWEEP,111270.0,110894.2,111184.7,111399.7,111085.7,111186.1,True,False,,,48416,2025-07-10 08:00:00+00:00,111186.2,8.993921907562985e-06,0.0013436919329916641,,,,,
2025-07-10 13:00:00+00:00,2025-07-10,NEW_YORK_OPEN,20:00,LONG,LOW_SWEEP,111137.9,110693.8,110808.9,110988.0,110432.2,110750.0,True,False,,,48422,2025-07-10 14:00:00+00:00,110750.0,0.004018058690745008,0.016670880361173923,,,,,
2025-07-11 13:00:00+00:00,2025-07-11,NEW_YORK_OPEN,20:00,LONG,LOW_SWEEP,118452.5,117581.3,117838.1,118191.9,117255.0,117967.1,False,False,,,48446,2025-07-11 14:00:00+00:00,117967.0,-0.0010096043808862643,-0.004780150381038739,,,,,
2025-07-12 00:00:00+00:00,2025-07-12,ASIA_OPEN,07:00,LONG,LOW_SWEEP,117868.0,117130.0,117500.0,117625.0,117055.0,117379.4,True,False,,,48457,2025-07-12 01:00:00+00:00,117379.4,0.0020378362813238127,0.002986895485920016,,,,,
2025-07-12 07:00:00+00:00,2025-07-12,LONDON_OPEN,14:00,SHORT,HIGH_SWEEP,117943.8,117454.9,117791.2,118036.7,117579.9,117689.7,False,False,,,48464,2025-07-12 08:00:00+00:00,117689.6,-0.0015430420359996422,-0.00282777747566465,,,,,
2025-07-12 13:00:00+00:00,2025-07-12,NEW_YORK_OPEN,20:00,LONG,LOW_SWEEP,118119.9,117220.4,117493.9,117536.1,117188.0,117476.1,False,False,,,48470,2025-07-12 14:00:00+00:00,117476.1,-0.001073409825487981,-0.002685652656157278,,,,,
2025-07-13 13:00:00+00:00,2025-07-13,NEW_YORK_OPEN,20:00,SHORT,HIGH_SWEEP,118658.5,117692.6,118382.1,118722.2,118094.1,118550.0,False,False,,,48494,2025-07-13 14:00:00+00:00,118550.0,-0.0013774778574442426,0.0007077182623365097,,,,,
2025-07-14 00:00:00+00:00,2025-07-14,ASIA_OPEN,07:00,SHORT,HIGH_SWEEP,119166.0,118197.7,119038.3,119450.0,118871.6,119030.6,False,False,,,48505,2025-07-14 01:00:00+00:00,119030.6,-0.00018146594237111735,-0.014303884883382745,,,,,
2025-07-14 07:00:00+00:00,2025-07-14,LONDON_OPEN,14:00,SHORT,HIGH_SWEEP,122814.9,120515.9,122124.1,123300.0,122087.7,122731.0,True,False,,,48512,2025-07-14 08:00:00+00:00,122731.0,0.001392476228499695,0.006674760248022049,,,,,
2025-07-14 13:00:00+00:00,2025-07-14,NEW_YORK_OPEN,20:00,LONG,LOW_SWEEP,122149.8,121357.0,121894.2,122113.9,121150.0,121679.2,False,False,,,48518,2025-07-14 14:00:00+00:00,121679.3,-0.004267776030927206,-0.01165687179331254,,,,,
2025-07-16 07:00:00+00:00,2025-07-16,LONDON_OPEN,14:00,SHORT,HIGH_SWEEP,118282.7,117252.2,118260.8,118297.1,118017.2,118181.2,False,False,,,48560,2025-07-16 08:00:00+00:00,118181.2,-0.004370407475977611,-0.004532869864242395,,,,,
2025-07-16 13:00:00+00:00,2025-07-16,NEW_YORK_OPEN,20:00,LONG,LOW_SWEEP,119299.9,118557.0,118579.3,118907.8,118156.0,118651.3,True,False,,,48566,2025-07-16 14:00:00+00:00,118651.2,0.0031065846784525952,0.005046725191148571,,,,,
2025-07-17 07:00:00+00:00,2025-07-17,LONDON_OPEN,14:00,LONG,LOW_SWEEP,118763.4,117923.0,118439.3,118548.0,117810.4,118293.9,True,False,,,48584,2025-07-17 08:00:00+00:00,118293.8,0.00016737986268089422,0.0003161619628415657,,,,,
2025-07-18 00:00:00+00:00,2025-07-18,ASIA_OPEN,07:00,LONG,LOW_SWEEP,120951.5,119155.0,119176.5,119785.1,119003.8,119735.8,True,True,119785.1,119862.0,48601,2025-07-18 01:00:00+00:00,119735.9,0.005096215921874814,0.003982932437138764,48603.0,2025-07-18 03:00:00+00:00,120075.3,0.0011451147738128498,0.004272319119752455
2025-07-18 13:00:00+00:00,2025-07-18,NEW_YORK_OPEN,20:00,LONG,LOW_SWEEP,119519.8,118503.4,119428.6,119440.4,118500.0,118766.8,False,False,,,48614,2025-07-18 14:00:00+00:00,118766.9,-0.00541480833464536,-0.010300849815899848,,,,,
2025-07-19 00:00:00+00:00,2025-07-19,ASIA_OPEN,07:00,SHORT,HIGH_SWEEP,118000.0,117330.0,117896.5,118013.7,117682.6,117713.0,False,False,,,48625,2025-07-19 01:00:00+00:00,117713.1,-0.0025222341438633222,-0.004945074082663536,,,,,
2025-07-19 13:00:00+00:00,2025-07-19,NEW_YORK_OPEN,20:00,LONG,LOW_SWEEP,118456.0,118069.4,118218.1,118299.0,118050.0,118167.0,False,False,,,48638,2025-07-19 14:00:00+00:00,118167.0,-0.0043125407262603055,-0.0017678370441831515,,,,,
2025-07-20 00:00:00+00:00,2025-07-20,ASIA_OPEN,07:00,SHORT,HIGH_SWEEP,117915.8,117245.9,117814.3,117974.5,117618.0,117912.5,True,False,,,48649,2025-07-20 01:00:00+00:00,117912.5,3.1379200678416375e-05,-0.00018318668504191393,,,,,
2025-07-20 07:00:00+00:00,2025-07-20,LONDON_OPEN,14:00,SHORT,HIGH_SWEEP,118099.8,117736.3,117797.3,118214.0,117797.2,117984.3,False,False,,,48656,2025-07-20 08:00:00+00:00,117984.3,-0.0012900021443531529,0.0008840159241526591,,,,,
2025-07-24 07:00:00+00:00,2025-07-24,LONDON_OPEN,14:00,LONG,LOW_SWEEP,118542.5,117336.6,117418.3,118450.0,117050.2,118368.0,True,False,,,48752,2025-07-24 08:00:00+00:00,118368.1,0.0032120140477036596,-0.00015291282026164144,,,,,
2025-07-25 07:00:00+00:00,2025-07-25,LONDON_OPEN,14:00,LONG,LOW_SWEEP,116100.0,115080.0,115255.3,115927.8,114667.3,115288.8,False,False,,,48776,2025-07-25 08:00:00+00:00,115288.9,-0.0008179451794577686,0.008574979898325008,,,,,
2025-07-25 13:00:00+00:00,2025-07-25,NEW_YORK_OPEN,20:00,LONG,LOW_SWEEP,116759.6,115918.4,116079.7,116578.2,115526.2,116195.5,False,False,,,48782,2025-07-25 14:00:00+00:00,116195.5,-0.010853260238133156,-0.0004483822523247971,,,,,
2025-07-27 00:00:00+00:00,2025-07-27,ASIA_OPEN,07:00,LONG,LOW_SWEEP,118289.3,117852.0,117889.3,117944.0,117800.8,117927.2,True,True,117944.0,117980.3,48817,2025-07-27 01:00:00+00:00,117927.2,0.00115664579503294,0.00199105889056983,48819.0,2025-07-27 03:00:00+00:00,118302.8,-0.001190166251348268,-0.0003769986847310669
2025-07-29 07:00:00+00:00,2025-07-29,LONDON_OPEN,14:00,SHORT,HIGH_SWEEP,119032.4,118377.1,118720.0,119258.7,118714.8,118856.2,False,False,,,48872,2025-07-29 08:00:00+00:00,118856.2,-0.00026586749366042106,0.004896673459188539,,,,,
2025-07-30 00:00:00+00:00,2025-07-30,ASIA_OPEN,07:00,SHORT,HIGH_SWEEP,117951.0,117141.3,117897.1,117958.3,117485.1,117699.9,False,False,,,48889,2025-07-30 01:00:00+00:00,117699.9,-0.0008937985503811863,-0.003454548389590917,,,,,
2025-07-30 07:00:00+00:00,2025-07-30,LONDON_OPEN,14:00,SHORT,HIGH_SWEEP,118296.9,117616.1,118237.3,118384.6,118076.9,118083.1,False,False,,,48896,2025-07-30 08:00:00+00:00,118083.2,-0.0020451681526245657,0.0008409324950543473,,,,,
2025-07-31 07:00:00+00:00,2025-07-31,LONDON_OPEN,14:00,SHORT,HIGH_SWEEP,118706.1,118238.7,118653.4,118910.0,118562.1,118624.1,True,False,,,48920,2025-07-31 08:00:00+00:00,118624.0,0.0006170758025356715,0.0012644995953601246,,,,,
2025-07-31 13:00:00+00:00,2025-07-31,NEW_YORK_OPEN,20:00,LONG,LOW_SWEEP,118700.1,118246.8,118580.1,118684.4,117783.3,118506.2,False,False,,,48926,2025-07-31 14:00:00+00:00,118506.1,-0.005351623249773785,-0.00011898121700071318,,,,,
2025-08-02 13:00:00+00:00,2025-08-02,NEW_YORK_OPEN,20:00,LONG,LOW_SWEEP,113863.5,113370.0,113574.1,113595.6,113168.0,113410.1,False,False,,,48974,2025-08-02 14:00:00+00:00,113410.1,-0.0031346414472784856,-0.0022326053852347316,,,,,
2025-08-03 00:00:00+00:00,2025-08-03,ASIA_OPEN,07:00,LONG,LOW_SWEEP,113022.5,112233.3,112508.8,112946.2,111850.0,112902.3,True,True,112946.2,113040.2,48985,2025-08-03 01:00:00+00:00,112902.3,0.001310867891973766,0.005744789964420516,48987.0,2025-08-03 03:00:00+00:00,113466.3,0.0007455958288935527,0.0009165717045500621
2025-08-06 13:00:00+00:00,2025-08-06,NEW_YORK_OPEN,20:00,LONG,LOW_SWEEP,114372.7,113743.1,113872.7,114364.7,113520.0,114218.6,True,True,114364.7,114775.5,49070,2025-08-06 14:00:00+00:00,114218.5,0.008091508818623971,0.007616979736207341,49072.0,2025-08-06 16:00:00+00:00,115366.2,-0.0024071175092877928,0.00010921743110214877
2025-08-08 07:00:00+00:00,2025-08-08,LONDON_OPEN,14:00,SHORT,HIGH_SWEEP,116823.6,116342.0,116686.1,116917.1,116501.7,116772.0,True,False,,,49112,2025-08-08 08:00:00+00:00,116772.0,0.0017264412701675225,0.002358442092282309,,,,,
2025-08-08 13:00:00+00:00,2025-08-08,NEW_YORK_OPEN,20:00,SHORT,HIGH_SWEEP,116864.0,116256.0,116450.4,116910.6,116450.3,116862.8,True,False,,,49118,2025-08-08 14:00:00+00:00,116862.9,0.003604223410509255,0.006084052338252821,,,,,
2025-08-10 07:00:00+00:00,2025-08-10,LONDON_OPEN,14:00,LONG,LOW_SWEEP,118738.0,117690.3,118032.0,118201.4,117342.0,117770.0,True,False,,,49160,2025-08-10 08:00:00+00:00,117770.0,0.004226882907361729,0.0017933259743567742,,,,,
2025-08-11 00:00:00+00:00,2025-08-11,ASIA_OPEN,07:00,SHORT,HIGH_SWEEP,119291.9,118044.7,119255.3,119490.3,119058.4,119093.1,False,False,,,49177,2025-08-11 01:00:00+00:00,119093.0,-0.00803657645705469,-0.021891295038331426,,,,,
2025-08-11 13:00:00+00:00,2025-08-11,NEW_YORK_OPEN,20:00,LONG,LOW_SWEEP,121435.9,119500.0,119632.8,120320.0,119345.0,119970.0,True,False,,,49190,2025-08-11 14:00:00+00:00,119969.9,0.00187713751532681,-0.000496791278478903,,,,,
2025-08-12 13:00:00+00:00,2025-08-12,NEW_YORK_OPEN,20:00,SHORT,HIGH_SWEEP,119236.3,118154.3,119225.8,119682.0,118557.5,118806.6,False,False,,,49214,2025-08-12 14:00:00+00:00,118806.6,-0.005154595788449345,-0.006747941612671227,,,,,
2025-08-13 00:00:00+00:00,2025-08-13,ASIA_OPEN,07:00,LONG,LOW_SWEEP,120265.1,119585.4,120080.9,120146.6,119547.8,119665.3,False,False,,,49225,2025-08-13 01:00:00+00:00,119665.3,-0.0020281568675296624,-0.001916177872783531,,,,,
2025-08-16 00:00:00+00:00,2025-08-16,ASIA_OPEN,07:00,SHORT,HIGH_SWEEP,117711.0,116943.2,117279.1,117747.0,117162.6,117696.1,False,False,,,49297,2025-08-16 01:00:00+00:00,117696.1,-0.0006992585140883634,0.002643248162003675,,,,,
2025-08-16 13:00:00+00:00,2025-08-16,NEW_YORK_OPEN,20:00,SHORT,HIGH_SWEEP,117706.6,117089.7,117699.3,117750.0,117538.3,117579.1,False,False,,,49310,2025-08-16 14:00:00+00:00,117579.1,-0.001226408434832349,-0.001079273442303963,,,,,
2025-08-19 00:00:00+00:00,2025-08-19,ASIA_OPEN,07:00,LONG,LOW_SWEEP,116938.7,116026.6,116183.6,116524.6,115463.8,116519.3,False,False,,,49369,2025-08-19 01:00:00+00:00,116519.2,-0.006510515005252238,-0.015127120680540118,,,,,
2025-08-21 07:00:00+00:00,2025-08-21,LONDON_OPEN,14:00,LONG,LOW_SWEEP,113997.1,113562.2,113750.0,113888.0,113520.0,113836.8,False,False,,,49424,2025-08-21 08:00:00+00:00,113836.8,-0.002644136166863431,-0.0047445114409400135,,,,,
2025-08-21 13:00:00+00:00,2025-08-21,NEW_YORK_OPEN,20:00,SHORT,HIGH_SWEEP,113508.8,112902.5,113055.8,113672.6,113002.4,113450.0,True,False,,,49430,2025-08-21 14:00:00+00:00,113450.0,0.001921551344204464,0.009688849713530123,,,,,
2025-08-22 00:00:00+00:00,2025-08-22,ASIA_OPEN,07:00,SHORT,HIGH_SWEEP,112700.0,112050.0,112462.2,112799.0,112436.4,112590.7,False,False,,,49441,2025-08-22 01:00:00+00:00,112590.7,-0.0017798983397385726,-0.0026574130900687276,,,,,
2025-08-24 00:00:00+00:00,2025-08-24,ASIA_OPEN,07:00,SHORT,HIGH_SWEEP,115380.0,114957.7,115377.1,115520.2,115262.4,115335.0,False,False,,,49489,2025-08-24 01:00:00+00:00,115335.0,-0.0008384271903585372,0.0028482247366367064,,,,,
2025-08-25 00:00:00+00:00,2025-08-25,ASIA_OPEN,07:00,LONG,LOW_SWEEP,113646.5,112324.1,113446.2,113472.7,112100.2,112598.8,True,False,,,49513,2025-08-25 01:00:00+00:00,112598.8,0.0038197565160551505,0.0023881249178498987,,,,,
2025-08-25 13:00:00+00:00,2025-08-25,NEW_YORK_OPEN,20:00,LONG,LOW_SWEEP,111757.6,110891.0,111540.7,111714.0,110532.2,111449.8,True,True,111714.0,111772.4,49526,2025-08-25 14:00:00+00:00,111449.7,0.006844343232866423,0.008940356052999698,49528.0,2025-08-25 16:00:00+00:00,112142.2,0.002709952185707243,0.0018993741874155923
2025-08-26 13:00:00+00:00,2025-08-26,NEW_YORK_OPEN,20:00,LONG,LOW_SWEEP,110817.5,109529.5,110172.4,110235.6,109350.0,110051.2,True,False,,,49550,2025-08-26 14:00:00+00:00,110051.2,0.0024779375417987026,0.0007123956849175439,,,,,
2025-08-28 00:00:00+00:00,2025-08-28,ASIA_OPEN,07:00,LONG,LOW_SWEEP,112401.5,111003.3,111194.9,111493.0,110811.0,111287.0,True,False,,,49585,2025-08-28 01:00:00+00:00,111286.9,0.00281434742094544,0.005995314812435426,,,,,
2025-08-28 07:00:00+00:00,2025-08-28,LONDON_OPEN,14:00,SHORT,HIGH_SWEEP,113240.3,111892.4,113160.2,113318.2,112958.7,113079.2,True,False,,,49592,2025-08-28 08:00:00+00:00,113079.3,6.455646612602006e-05,3.3604735791614715e-05,,,,,
2025-08-29 00:00:00+00:00,2025-08-29,ASIA_OPEN,07:00,SHORT,HIGH_SWEEP,112519.1,111848.0,112507.3,112585.7,112072.7,112160.8,True,True,111720.0,112072.7,49609,2025-08-29 01:00:00+00:00,112160.7,0.006559338520533475,0.0045657703634159885,49611.0,2025-08-29 03:00:00+00:00,111370.0,-0.002501571338780595,0.0009356200053873831
2025-08-30 07:00:00+00:00,2025-08-30,LONDON_OPEN,14:00,LONG,LOW_SWEEP,108615.3,108082.4,108275.9,108467.8,108067.5,108466.6,True,False,,,49640,2025-08-30 08:00:00+00:00,108466.6,0.0005089124209665119,-0.0007910269151978344,,,,,
2025-08-30 13:00:00+00:00,2025-08-30,NEW_YORK_OPEN,20:00,LONG,LOW_SWEEP,108668.8,108289.0,108563.9,108564.0,108155.0,108492.3,True,False,,,49646,2025-08-30 14:00:00+00:00,108492.2,0.0010599840357186086,0.002487736445569544,,,,,
2025-08-31 13:00:00+00:00,2025-08-31,NEW_YORK_OPEN,20:00,LONG,LOW_SWEEP,108595.0,108251.3,108279.5,108419.0,108153.8,108376.0,True,False,,,49670,2025-08-31 14:00:00+00:00,108375.9,0.0004309076095332376,0.004531450257852621,,,,,
2025-09-01 00:00:00+00:00,2025-09-01,ASIA_OPEN,07:00,LONG,LOW_SWEEP,109192.3,108021.0,108208.4,108372.5,107588.0,108180.1,False,False,,,49681,2025-09-01 01:00:00+00:00,108180.0,-0.0006470696986503599,-0.005184877056757187,,,,,
2025-09-02 07:00:00+00:00,2025-09-02,LONDON_OPEN,14:00,LONG,LOW_SWEEP,110571.9,110002.7,110326.7,110359.1,109932.4,110190.1,True,False,,,49712,2025-09-02 08:00:00+00:00,110190.1,0.0011235129108693176,0.00011434784068620196,,,,,
2025-09-03 00:00:00+00:00,2025-09-03,ASIA_OPEN,07:00,SHORT,HIGH_SWEEP,111487.9,110812.4,111187.9,111732.9,111173.2,111283.2,True,False,,,49729,2025-09-03 01:00:00+00:00,111283.1,0.0014656313492346085,0.0026185467514834304,,,,,
2025-09-03 07:00:00+00:00,2025-09-03,LONDON_OPEN,14:00,LONG,LOW_SWEEP,111117.5,110523.0,110676.5,111065.5,110486.9,111041.5,False,False,,,49736,2025-09-03 08:00:00+00:00,111041.4,-0.0005988757346359064,0.003247437442251311,,,,,
2025-09-03 13:00:00+00:00,2025-09-03,NEW_YORK_OPEN,20:00,SHORT,HIGH_SWEEP,111831.4,110966.8,111051.0,111869.8,111011.3,111409.4,False,False,,,49742,2025-09-03 14:00:00+00:00,111409.4,-0.007170849138403046,-0.003595746857985027,,,,,
2025-09-08 13:00:00+00:00,2025-09-08,NEW_YORK_OPEN,20:00,SHORT,HIGH_SWEEP,112144.0,111718.7,111990.1,112331.0,111800.0,111864.3,False,False,,,49862,2025-09-08 14:00:00+00:00,111864.3,-0.006453354644868847,-0.004304322290489493,,,,,
2025-09-09 07:00:00+00:00,2025-09-09,LONDON_OPEN,14:00,SHORT,HIGH_SWEEP,113131.6,111576.7,112989.6,113238.0,112699.9,112950.1,False,False,,,49880,2025-09-09 08:00:00+00:00,112950.2,-0.00013811396526963726,0.00230189942116088,,,,,
2025-09-11 07:00:00+00:00,2025-09-11,LONDON_OPEN,14:00,LONG,LOW_SWEEP,114419.9,113912.5,114279.6,114279.6,113900.0,114040.0,False,False,,,49928,2025-09-11 08:00:00+00:00,114040.1,-0.0003025251643938853,-0.0003244472777558238,,,,,
2025-09-12 13:00:00+00:00,2025-09-12,NEW_YORK_OPEN,20:00,SHORT,HIGH_SWEEP,115161.5,114681.5,115035.5,115191.3,114771.9,115114.6,False,False,,,49958,2025-09-12 14:00:00+00:00,115114.6,-0.0008600125440214601,-0.002783313324287162,,,,,
2025-09-14 00:00:00+00:00,2025-09-14,ASIA_OPEN,07:00,SHORT,HIGH_SWEEP,115944.0,115758.4,115862.7,115960.3,115765.0,115884.4,False,False,,,49993,2025-09-14 01:00:00+00:00,115884.4,-0.00019847365132830141,0.002229808326228544,,,,,
2025-09-16 13:00:00+00:00,2025-09-16,NEW_YORK_OPEN,20:00,LONG,LOW_SWEEP,115552.6,115151.0,115393.2,115511.0,114600.0,115154.6,True,False,,,50054,2025-09-16 14:00:00+00:00,115154.5,0.000665193283805765,0.007524673373598079,,,,,
2025-09-17 13:00:00+00:00,2025-09-17,NEW_YORK_OPEN,20:00,LONG,LOW_SWEEP,116563.3,116034.0,116150.1,116287.8,115847.7,116066.9,False,False,,,50078,2025-09-17 14:00:00+00:00,116067.1,-0.00438970216366219,-0.004071782615400976,,,,,
2025-09-19 13:00:00+00:00,2025-09-19,NEW_YORK_OPEN,20:00,LONG,LOW_SWEEP,116501.5,116072.0,116124.1,116416.4,116017.1,116238.7,False,False,,,50126,2025-09-19 14:00:00+00:00,116238.6,-0.003345704438972974,-0.0017954448866384087,,,,,
2025-09-21 00:00:00+00:00,2025-09-21,ASIA_OPEN,07:00,LONG,LOW_SWEEP,115887.6,115549.9,115625.0,115671.2,115483.1,115587.3,False,False,,,50161,2025-09-21 01:00:00+00:00,115587.3,-0.0013167536571924154,0.00022926394162681163,,,,,
2025-09-23 07:00:00+00:00,2025-09-23,LONDON_OPEN,14:00,SHORT,HIGH_SWEEP,113070.0,111804.9,112924.1,113080.0,112818.1,113048.1,False,False,,,50216,2025-09-23 08:00:00+00:00,113048.1,-0.00035206252913577707,0.0010535338497507096,,,,,
2025-09-24 13:00:00+00:00,2025-09-24,NEW_YORK_OPEN,20:00,SHORT,HIGH_SWEEP,113121.8,112609.4,113010.8,113177.6,112760.0,112780.2,False,False,,,50246,2025-09-24 14:00:00+00:00,112780.2,-0.007824955089634544,-0.007879929278366227,,,,,
2025-09-25 07:00:00+00:00,2025-09-25,LONDON_OPEN,14:00,LONG,LOW_SWEEP,112574.6,111451.0,111474.5,111836.7,111389.0,111708.5,False,False,,,50264,2025-09-25 08:00:00+00:00,111708.5,-0.0002667657340310603,-0.0009569549318090287,,,,,
2025-09-26 07:00:00+00:00,2025-09-26,LONDON_OPEN,14:00,LONG,LOW_SWEEP,109588.8,108955.0,109298.8,109538.3,108841.0,109257.3,True,False,,,50288,2025-09-26 08:00:00+00:00,109257.4,0.002405329066955675,-0.003745284072291688,,,,,
2025-09-28 00:00:00+00:00,2025-09-28,ASIA_OPEN,07:00,SHORT,HIGH_SWEEP,109653.2,109333.3,109577.2,109749.9,109489.6,109556.3,True,False,,,50329,2025-09-28 01:00:00+00:00,109556.3,0.0022883211645519097,0.0014513085965845995,,,,,
2025-09-29 07:00:00+00:00,2025-09-29,LONDON_OPEN,14:00,LONG,LOW_SWEEP,111860.0,111508.7,111580.0,111814.8,111501.0,111814.7,True,True,111814.8,111927.4,50360,2025-09-29 08:00:00+00:00,111814.8,0.0019550184769814294,0.0019684335168510536,50362.0,2025-09-29 10:00:00+00:00,112049.9,-0.00013386892804012618,-0.000689871209166526
2025-10-02 00:00:00+00:00,2025-10-02,ASIA_OPEN,07:00,SHORT,HIGH_SWEEP,118631.8,117276.3,118552.0,119457.0,118367.0,118397.0,False,False,,,50425,2025-10-02 01:00:00+00:00,118397.0,-0.0015236872555892678,-0.0025338479860130825,,,,,
2025-10-04 00:00:00+00:00,2025-10-04,ASIA_OPEN,07:00,LONG,LOW_SWEEP,122622.7,121944.7,122182.6,122256.4,121936.2,122076.4,False,False,,,50473,2025-10-04 01:00:00+00:00,122076.4,-0.002109334810004193,0.0009895442526155485,,,,,
2025-10-06 00:00:00+00:00,2025-10-06,ASIA_OPEN,07:00,SHORT,HIGH_SWEEP,123453.5,122440.1,123426.7,124336.3,123018.5,123295.8,False,False,,,50521,2025-10-06 01:00:00+00:00,123295.9,-0.005554929239333983,-0.00403095317849167,,,,,
2025-10-06 07:00:00+00:00,2025-10-06,LONDON_OPEN,14:00,LONG,LOW_SWEEP,124137.7,123223.9,123900.1,123988.1,123217.9,123332.3,True,False,,,50528,2025-10-06 08:00:00+00:00,123332.4,0.003791380042876158,0.004764360378943566,,,,,
2025-10-08 13:00:00+00:00,2025-10-08,NEW_YORK_OPEN,20:00,LONG,LOW_SWEEP,123150.0,122449.9,122580.2,122729.8,121607.8,122540.4,False,False,,,50582,2025-10-08 14:00:00+00:00,122540.4,-0.00221967612313978,0.0037497837447895144,,,,,
2025-10-09 07:00:00+00:00,2025-10-09,LONDON_OPEN,14:00,LONG,LOW_SWEEP,122221.0,121762.2,121900.3,122006.7,121657.3,121847.9,False,False,,,50600,2025-10-09 08:00:00+00:00,121847.8,-0.005296771874420458,0.0021206784201273088,,,,,
2025-10-10 00:00:00+00:00,2025-10-10,ASIA_OPEN,07:00,SHORT,HIGH_SWEEP,121712.4,120998.3,121579.4,121808.0,121523.7,121682.2,True,False,,,50617,2025-10-10 01:00:00+00:00,121682.2,0.0008785179755131933,0.005928558162163311,,,,,
2025-10-10 13:00:00+00:00,2025-10-10,NEW_YORK_OPEN,20:00,SHORT,HIGH_SWEEP,121638.7,121163.2,121534.8,122497.0,121313.6,121609.1,True,True,120583.7,121313.6,50630,2025-10-10 14:00:00+00:00,121609.1,0.00964319282027426,0.02844441739968473,50632.0,2025-10-10 16:00:00+00:00,118965.2,0.0068524240702322325,0.015018677730966656
2025-10-11 13:00:00+00:00,2025-10-11,NEW_YORK_OPEN,20:00,SHORT,HIGH_SWEEP,112423.0,111571.3,112319.6,112466.2,111810.6,112208.6,True,False,,,50654,2025-10-11 14:00:00+00:00,112208.7,0.0024436607856609394,0.0036084546028961606,,,,,
2025-10-13 00:00:00+00:00,2025-10-13,ASIA_OPEN,07:00,SHORT,HIGH_SWEEP,115730.3,114200.0,114894.5,115844.8,114703.9,115220.0,False,False,,,50689,2025-10-13 01:00:00+00:00,115220.0,-0.003627842388474134,0.0038743273737198436,,,,,
2025-10-14 13:00:00+00:00,2025-10-14,NEW_YORK_OPEN,20:00,LONG,LOW_SWEEP,111561.2,109969.2,110741.2,111313.5,109802.0,110961.4,True,False,,,50726,2025-10-14 14:00:00+00:00,110961.4,0.003675151899669604,0.011640985063274378,,,,,
2025-10-15 00:00:00+00:00,2025-10-15,ASIA_OPEN,07:00,LONG,LOW_SWEEP,113557.9,112634.8,112983.9,113069.7,112543.1,112939.4,False,False,,,50737,2025-10-15 01:00:00+00:00,112939.5,-0.0023189406717755157,-0.008507209612226063,,,,,
2025-10-15 07:00:00+00:00,2025-10-15,LONDON_OPEN,14:00,SHORT,HIGH_SWEEP,112616.7,111692.8,112400.0,112637.0,112170.3,112524.3,False,False,,,50744,2025-10-15 08:00:00+00:00,112524.4,-0.0033370540078418998,0.0027567354280493284,,,,,
2025-10-15 13:00:00+00:00,2025-10-15,NEW_YORK_OPEN,20:00,LONG,LOW_SWEEP,112603.1,111312.6,111656.7,111961.5,110666.0,111339.0,False,False,,,50750,2025-10-15 14:00:00+00:00,111338.9,-0.0030402671483191757,-0.0057976143109012,,,,,
2025-10-18 00:00:00+00:00,2025-10-18,ASIA_OPEN,07:00,LONG,LOW_SWEEP,107370.0,106325.0,106378.5,106786.7,106270.0,106783.0,True,False,,,50809,2025-10-18 01:00:00+00:00,106783.0,0.0029293052264873776,0.0022662783401852238,,,,,
2025-10-18 07:00:00+00:00,2025-10-18,LONDON_OPEN,14:00,SHORT,HIGH_SWEEP,107025.0,106374.2,106801.3,107452.6,106570.6,106648.3,False,False,,,50816,2025-10-18 08:00:00+00:00,106648.2,-0.00014064934991875333,-0.001983155833853667,,,,,
2025-10-19 00:00:00+00:00,2025-10-19,ASIA_OPEN,07:00,LONG,LOW_SWEEP,107229.6,106788.4,107117.5,107217.0,106692.2,106833.4,True,False,,,50833,2025-10-19 01:00:00+00:00,106833.4,0.0007235564907603909,0.003636503190949547,,,,,
2025-10-20 07:00:00+00:00,2025-10-20,LONDON_OPEN,14:00,SHORT,HIGH_SWEEP,111321.5,109875.0,111232.1,111350.0,111000.0,111126.2,True,False,,,50864,2025-10-20 08:00:00+00:00,111126.2,0.0008530841511722453,0.00390636951501977,,,,,
2025-10-20 13:00:00+00:00,2025-10-20,NEW_YORK_OPEN,20:00,LONG,LOW_SWEEP,111191.2,110552.3,110796.3,111173.3,110522.9,111098.3,True,False,,,50870,2025-10-20 14:00:00+00:00,111098.4,0.0004950566344790186,-0.004177377892030765,,,,,
2025-10-21 00:00:00+00:00,2025-10-21,ASIA_OPEN,07:00,LONG,LOW_SWEEP,111197.0,110355.0,110469.9,110486.3,110097.4,110399.0,False,False,,,50881,2025-10-21 01:00:00+00:00,110399.1,-0.00538863088557795,-0.012627820335491924,,,,,
2025-10-22 07:00:00+00:00,2025-10-22,LONDON_OPEN,14:00,LONG,LOW_SWEEP,108581.9,107821.6,107936.7,108284.2,107558.1,108284.1,False,False,,,50912,2025-10-22 08:00:00+00:00,108284.1,-0.0010426276803335854,-0.0061929683120606205,,,,,
2025-10-23 00:00:00+00:00,2025-10-23,ASIA_OPEN,07:00,SHORT,HIGH_SWEEP,107898.9,106588.0,107532.1,107954.5,107462.9,107815.7,False,False,,,50929,2025-10-23 01:00:00+00:00,107815.6,-0.0027092554324235074,-0.0046987634442510195,,,,,
2025-10-24 07:00:00+00:00,2025-10-24,LONDON_OPEN,14:00,SHORT,HIGH_SWEEP,111488.0,110274.4,111413.2,111498.8,110723.9,111013.7,False,False,,,50960,2025-10-24 08:00:00+00:00,111013.7,-0.00028915350087421743,-0.0004476924920078229,,,,,
2025-10-24 13:00:00+00:00,2025-10-24,NEW_YORK_OPEN,20:00,LONG,LOW_SWEEP,112086.0,110496.5,111247.5,111386.4,110316.0,110884.6,False,False,,,50966,2025-10-24 14:00:00+00:00,110884.6,-0.006375096271258651,-0.0059728763056366985,,,,,
2025-10-25 07:00:00+00:00,2025-10-25,LONDON_OPEN,14:00,SHORT,HIGH_SWEEP,111487.6,110962.3,111308.8,111775.1,111308.7,111445.4,False,False,,,50984,2025-10-25 08:00:00+00:00,111445.5,-0.0024271953555774495,-0.0006272124042692173,,,,,
2025-10-26 13:00:00+00:00,2025-10-26,NEW_YORK_OPEN,20:00,SHORT,HIGH_SWEEP,113800.0,112130.0,113530.7,114000.0,113224.4,113669.4,True,False,,,51014,2025-10-26 14:00:00+00:00,113669.4,0.001356565619243133,0.0018131528801945684,,,,,
2025-10-27 07:00:00+00:00,2025-10-27,LONDON_OPEN,14:00,SHORT,HIGH_SWEEP,116098.9,114925.6,116008.9,116380.2,115459.4,115522.5,True,True,115334.6,115459.4,51032,2025-10-27 08:00:00+00:00,115522.4,0.004606898748640953,0.0009573900819234149,51034.0,2025-10-27 10:00:00+00:00,115204.8,-0.001796800133327725,0.0016353485271447532
2025-10-27 13:00:00+00:00,2025-10-27,NEW_YORK_OPEN,20:00,LONG,LOW_SWEEP,115526.3,114920.2,115016.3,115370.8,114530.7,115210.4,False,False,,,51038,2025-10-27 14:00:00+00:00,115210.3,-0.0039866227238363194,0.0019772537698452552,,,,,
2025-10-28 00:00:00+00:00,2025-10-28,ASIA_OPEN,07:00,LONG,LOW_SWEEP,114602.6,113792.4,114064.2,114331.3,113710.0,113921.6,True,False,,,51049,2025-10-28 01:00:00+00:00,113921.5,0.004003634081363172,-0.0005056113200757606,,,,,
2025-10-28 07:00:00+00:00,2025-10-28,LONDON_OPEN,14:00,SHORT,HIGH_SWEEP,114140.7,113422.0,114060.1,114320.6,114039.0,114128.7,False,False,,,51056,2025-10-28 08:00:00+00:00,114128.8,-0.002117782715668648,-0.0036336139519559385,,,,,
2025-10-30 00:00:00+00:00,2025-10-30,ASIA_OPEN,07:00,LONG,LOW_SWEEP,111744.0,109686.4,109985.6,110524.6,109670.6,110496.3,False,False,,,51097,2025-10-30 01:00:00+00:00,110496.3,-0.0008217469725231297,0.001793725219758402,,,,,
2025-10-31 13:00:00+00:00,2025-10-31,NEW_YORK_OPEN,20:00,LONG,LOW_SWEEP,110666.0,109408.6,109610.7,110200.0,109308.1,110120.9,True,False,,,51134,2025-10-31 14:00:00+00:00,110120.8,0.005718265759057317,-0.011876956941831218,,,,,
2025-11-01 13:00:00+00:00,2025-11-01,NEW_YORK_OPEN,20:00,LONG,LOW_SWEEP,110207.1,109803.0,109972.1,110015.0,109654.5,109899.6,False,False,,,51158,2025-11-01 14:00:00+00:00,109899.7,-0.00017925435647225818,0.004676991838922229,,,,,
2025-11-02 13:00:00+00:00,2025-11-02,NEW_YORK_OPEN,20:00,LONG,LOW_SWEEP,111216.0,110302.1,110690.8,110726.3,110109.2,110513.0,False,False,,,51182,2025-11-02 14:00:00+00:00,110513.0,-0.0012876313193923572,-0.004025770723806166,,,,,
2025-11-03 00:00:00+00:00,2025-11-03,ASIA_OPEN,07:00,SHORT,HIGH_SWEEP,110700.0,109368.9,110494.9,110711.0,109700.0,109700.1,True,False,,,51193,2025-11-03 01:00:00+00:00,109700.0,0.0007821330902461066,0.016536007292616173,,,,,
2025-11-04 13:00:00+00:00,2025-11-04,NEW_YORK_OPEN,20:00,LONG,LOW_SWEEP,104656.0,103550.0,103907.3,104191.0,103513.2,103870.0,True,False,,,51230,2025-11-04 14:00:00+00:00,103870.1,0.005663805079613837,-0.01581494578324283,,,,,
2025-11-06 07:00:00+00:00,2025-11-06,LONDON_OPEN,14:00,LONG,LOW_SWEEP,104210.2,102938.0,103268.8,103542.3,102850.1,103138.6,True,False,,,51272,2025-11-06 08:00:00+00:00,103138.6,0.0002191226175263239,-0.00047121058459209664,,,,,
2025-11-06 13:00:00+00:00,2025-11-06,NEW_YORK_OPEN,20:00,SHORT,HIGH_SWEEP,103287.7,102329.0,102507.1,103585.0,102507.1,103270.0,True,False,,,51278,2025-11-06 14:00:00+00:00,103269.9,0.011492216028097135,0.02362062905067197,,,,,
2025-11-07 00:00:00+00:00,2025-11-07,ASIA_OPEN,07:00,SHORT,HIGH_SWEEP,101507.3,100500.0,101305.6,101596.3,100700.1,101434.5,False,False,,,51289,2025-11-07 01:00:00+00:00,101434.6,-0.000657566550269717,-0.004228340231045458,,,,,
2025-11-08 07:00:00+00:00,2025-11-08,LONDON_OPEN,14:00,LONG,LOW_SWEEP,102794.0,102036.3,102171.8,102368.4,101853.8,102302.9,True,False,,,51320,2025-11-08 08:00:00+00:00,102302.8,0.0008728988844879382,0.0012511876507779185,,,,,
2025-11-10 07:00:00+00:00,2025-11-10,LONDON_OPEN,14:00,SHORT,HIGH_SWEEP,106438.1,105800.0,106166.7,106499.0,106096.6,106417.7,True,False,,,51368,2025-11-10 08:00:00+00:00,106417.6,0.004570672520335051,0.004430658086632233,,,,,
2025-11-11 13:00:00+00:00,2025-11-11,NEW_YORK_OPEN,20:00,LONG,LOW_SWEEP,105464.2,104342.6,104499.9,104670.0,104160.0,104350.1,True,False,,,51398,2025-11-11 14:00:00+00:00,104350.1,0.0016070899788307447,-0.009425002946810812,,,,,
2025-11-12 00:00:00+00:00,2025-11-12,ASIA_OPEN,07:00,SHORT,HIGH_SWEEP,103170.7,102400.0,103005.8,103321.4,102761.8,102838.4,False,False,,,51409,2025-11-12 01:00:00+00:00,102838.4,-0.00351716868407137,-0.004169648691539463,,,,,
2025-11-13 00:00:00+00:00,2025-11-13,ASIA_OPEN,07:00,SHORT,HIGH_SWEEP,101964.5,101400.0,101605.8,102020.0,101412.0,101813.1,False,False,,,51433,2025-11-13 01:00:00+00:00,101813.1,-0.001443822062190403,-0.0027010276673631317,,,,,
2025-11-13 07:00:00+00:00,2025-11-13,LONDON_OPEN,14:00,SHORT,HIGH_SWEEP,103666.6,101602.2,103555.0,104024.6,103271.7,103430.9,False,False,,,51440,2025-11-13 08:00:00+00:00,103430.9,-0.0019742649440352977,0.004637879009077528,,,,,
2025-11-16 00:00:00+00:00,2025-11-16,ASIA_OPEN,07:00,SHORT,HIGH_SWEEP,95655.0,95086.8,95560.4,95672.7,95159.0,95327.0,True,False,,,51505,2025-11-16 01:00:00+00:00,95327.1,0.0008748823786730586,-0.004771990336430942,,,,,
2025-11-18 00:00:00+00:00,2025-11-18,ASIA_OPEN,07:00,LONG,LOW_SWEEP,92370.9,91480.0,92169.8,92335.4,91126.0,92120.2,False,False,,,51553,2025-11-18 01:00:00+00:00,92120.2,-0.00476551288425342,-0.014202096825669086,,,,,
2025-11-18 13:00:00+00:00,2025-11-18,NEW_YORK_OPEN,20:00,LONG,LOW_SWEEP,91859.0,91056.1,91470.1,91616.5,90888.0,91438.4,False,False,,,51566,2025-11-18 14:00:00+00:00,91438.4,-0.0013396997322787652,0.02196998197693767,,,,,
2025-11-19 07:00:00+00:00,2025-11-19,LONDON_OPEN,14:00,SHORT,HIGH_SWEEP,91934.1,89966.0,90938.5,91987.2,90903.4,91826.6,True,False,,,51584,2025-11-19 08:00:00+00:00,91826.6,0.0042602034704541936,0.006094094739432898,,,,,
2025-11-19 13:00:00+00:00,2025-11-19,NEW_YORK_OPEN,20:00,SHORT,HIGH_SWEEP,91832.8,91166.0,91737.0,91863.2,91200.0,91362.0,False,False,,,51590,2025-11-19 14:00:00+00:00,91361.9,-0.003378870185493099,0.01640399334952536,,,,,
2025-11-22 00:00:00+00:00,2025-11-22,ASIA_OPEN,07:00,SHORT,HIGH_SWEEP,85374.5,84078.0,85093.6,85599.9,84500.9,84695.1,False,False,,,51649,2025-11-22 01:00:00+00:00,84695.1,-0.005288381500228478,0.003317783437294497,,,,,
2025-11-23 00:00:00+00:00,2025-11-23,ASIA_OPEN,07:00,SHORT,HIGH_SWEEP,85238.3,84195.4,84689.4,85286.8,84622.0,84929.1,False,False,,,51673,2025-11-23 01:00:00+00:00,84929.2,-0.010694790484309324,-0.015681296891999486,,,,,
2025-11-24 00:00:00+00:00,2025-11-24,ASIA_OPEN,07:00,LONG,LOW_SWEEP,88100.0,86700.0,86807.6,87189.1,85915.0,86701.8,True,False,,,51697,2025-11-24 01:00:00+00:00,86701.7,0.0038280679617586078,0.008155549429826658,,,,,
2025-11-24 13:00:00+00:00,2025-11-24,NEW_YORK_OPEN,20:00,SHORT,HIGH_SWEEP,86409.3,85654.1,85967.2,86544.2,85919.0,86114.7,False,False,,,51710,2025-11-24 14:00:00+00:00,86114.7,-0.00015444517602691832,-0.011711124813765794,,,,,
2025-11-25 13:00:00+00:00,2025-11-25,NEW_YORK_OPEN,20:00,LONG,LOW_SWEEP,87732.7,86904.7,87470.6,87675.0,86806.2,87027.8,False,False,,,51734,2025-11-25 14:00:00+00:00,87027.8,-0.003824065413580491,0.0006112989182767148,,,,,
2025-11-28 00:00:00+00:00,2025-11-28,ASIA_OPEN,07:00,LONG,LOW_SWEEP,91562.8,91058.4,91292.2,91386.6,91023.4,91173.3,False,False,,,51793,2025-11-28 01:00:00+00:00,91173.2,-0.004594551907797451,-5.703430394010667e-05,,,,,
2025-11-29 13:00:00+00:00,2025-11-29,NEW_YORK_OPEN,20:00,SHORT,HIGH_SWEEP,90769.3,90335.2,90572.6,90769.8,90543.8,90738.5,True,False,,,51830,2025-11-29 14:00:00+00:00,90738.5,0.0017225323319208785,-0.0024642241165546697,,,,,
2025-11-30 07:00:00+00:00,2025-11-30,LONDON_OPEN,14:00,SHORT,HIGH_SWEEP,90935.8,90626.2,90853.0,90999.4,90815.9,90924.5,False,False,,,51848,2025-11-30 08:00:00+00:00,90924.5,-0.002287612249723736,-0.002869413634388973,,,,,
2025-12-04 00:00:00+00:00,2025-12-04,ASIA_OPEN,07:00,LONG,LOW_SWEEP,94185.0,92801.0,93376.8,93431.8,92628.0,93013.9,True,False,,,51937,2025-12-04 01:00:00+00:00,93013.9,0.001463222163569089,0.005225025506940373,,,,,
2025-12-05 00:00:00+00:00,2025-12-05,ASIA_OPEN,07:00,LONG,LOW_SWEEP,92676.8,92022.3,92034.7,92444.0,92015.0,92259.9,True,False,,,51961,2025-12-05 01:00:00+00:00,92259.8,0.0006763509133989043,-0.0016789544308573046,,,,,
2025-12-05 07:00:00+00:00,2025-12-05,LONDON_OPEN,14:00,SHORT,HIGH_SWEEP,92350.0,91750.6,92235.6,92455.4,92158.5,92227.5,True,True,92080.0,92158.5,51968,2025-12-05 08:00:00+00:00,92227.6,0.0016003886038453707,0.010707206953233128,51970.0,2025-12-05 10:00:00+00:00,91086.4,-0.0016874088777250051,-0.0011878831526990208
2025-12-06 07:00:00+00:00,2025-12-06,LONDON_OPEN,14:00,LONG,LOW_SWEEP,89732.4,89468.4,89643.1,89680.2,89410.8,89549.6,False,False,,,51992,2025-12-06 08:00:00+00:00,89549.5,-0.003475172949039318,-0.000932445183948527,,,,,
2025-12-06 13:00:00+00:00,2025-12-06,NEW_YORK_OPEN,20:00,SHORT,HIGH_SWEEP,89679.0,89421.9,89528.4,89745.6,89528.3,89619.5,False,False,,,51998,2025-12-06 14:00:00+00:00,89619.5,-0.0036721918778837015,-0.00046083720618850244,,,,,
2025-12-08 07:00:00+00:00,2025-12-08,LONDON_OPEN,14:00,SHORT,HIGH_SWEEP,91612.9,90979.2,91434.6,91868.0,91310.2,91519.8,False,False,,,52040,2025-12-08 08:00:00+00:00,91519.8,-0.0028660464730037027,-0.006184454074418921,,,,,
2025-12-09 07:00:00+00:00,2025-12-09,LONDON_OPEN,14:00,SHORT,HIGH_SWEEP,90472.9,89368.9,90124.8,90485.8,90048.5,90449.9,False,False,,,52064,2025-12-09 08:00:00+00:00,90449.9,-0.00010171376640566443,0.0021470449386897794,,,,,
2025-12-09 13:00:00+00:00,2025-12-09,NEW_YORK_OPEN,20:00,SHORT,HIGH_SWEEP,90695.6,89868.0,90532.7,90820.8,90122.0,90385.0,True,False,,,52070,2025-12-09 14:00:00+00:00,90385.1,0.0006416986870623198,-0.041618585364180616,,,,,
2025-12-11 13:00:00+00:00,2025-12-11,NEW_YORK_OPEN,20:00,LONG,LOW_SWEEP,90377.8,89972.2,90000.7,90134.6,89827.9,90062.9,False,False,,,52118,2025-12-11 14:00:00+00:00,90062.8,-0.006087974169135313,-0.003981666126303018,,,,,
2025-12-13 00:00:00+00:00,2025-12-13,ASIA_OPEN,07:00,SHORT,HIGH_SWEEP,90357.5,90059.8,90229.7,90398.0,90162.0,90276.9,True,False,,,52153,2025-12-13 01:00:00+00:00,90276.9,0.000938224507044394,-0.00030018753413108,,,,,
2025-12-15 13:00:00+00:00,2025-12-15,NEW_YORK_OPEN,20:00,LONG,LOW_SWEEP,89940.0,89384.5,89657.9,89699.0,89230.2,89388.0,False,False,,,52214,2025-12-15 14:00:00+00:00,89388.1,-0.015480807848024525,-0.03386916155506159,,,,,
2025-12-16 00:00:00+00:00,2025-12-16,ASIA_OPEN,07:00,SHORT,HIGH_SWEEP,86437.1,85489.7,86390.0,86478.6,85802.1,85821.1,False,False,,,52225,2025-12-16 01:00:00+00:00,85821.1,-0.0003379122383655453,-0.00019342562609891978,,,,,
2025-12-16 07:00:00+00:00,2025-12-16,LONDON_OPEN,14:00,SHORT,HIGH_SWEEP,86575.8,85226.0,86458.1,86577.0,85807.6,85964.8,False,False,,,52232,2025-12-16 08:00:00+00:00,85964.9,-0.0031594290227756616,-0.011251103648116878,,,,,
2025-12-16 13:00:00+00:00,2025-12-16,NEW_YORK_OPEN,20:00,SHORT,HIGH_SWEEP,87450.0,86230.6,87161.8,87776.3,86365.8,86410.4,False,False,,,52238,2025-12-16 14:00:00+00:00,86410.4,-0.009799746326831116,-0.013060927851277215,,,,,
2025-12-17 00:00:00+00:00,2025-12-17,ASIA_OPEN,07:00,LONG,LOW_SWEEP,87900.0,87455.5,87826.3,87826.3,87371.7,87499.3,True,False,,,52249,2025-12-17 01:00:00+00:00,87499.3,0.00021371599544228737,-0.0036708865099491783,,,,,
2025-12-19 13:00:00+00:00,2025-12-19,NEW_YORK_OPEN,20:00,LONG,LOW_SWEEP,88345.1,87810.8,87840.7,88228.9,87800.0,87968.1,True,False,,,52310,2025-12-19 14:00:00+00:00,87968.0,0.0019643506729720706,-0.00012959257911959732,,,,,
2025-12-20 13:00:00+00:00,2025-12-20,NEW_YORK_OPEN,20:00,LONG,LOW_SWEEP,88320.0,88063.8,88213.9,88313.7,87698.5,88230.9,False,False,,,52334,2025-12-20 14:00:00+00:00,88230.9,-0.00019834321082523587,-0.0013101985812226102,,,,,
2025-12-22 00:00:00+00:00,2025-12-22,ASIA_OPEN,07:00,SHORT,HIGH_SWEEP,88786.9,88047.4,88621.3,89600.0,88521.7,88581.7,True,False,,,52369,2025-12-22 01:00:00+00:00,88581.7,1.806242147073256e-05,-0.001645938156526805,,,,,
2025-12-23 00:00:00+00:00,2025-12-23,ASIA_OPEN,07:00,SHORT,HIGH_SWEEP,88805.9,88100.0,88581.5,88904.9,88461.2,88731.5,True,False,,,52393,2025-12-23 01:00:00+00:00,88731.6,0.0029380739218047847,0.006800283100947269,,,,,
2025-12-23 13:00:00+00:00,2025-12-23,NEW_YORK_OPEN,20:00,LONG,LOW_SWEEP,87914.0,87467.5,87737.3,87858.6,87345.8,87567.7,False,False,,,52406,2025-12-23 14:00:00+00:00,87567.7,-0.008340975039883403,0.004477678413387753,,,,,
2025-12-25 00:00:00+00:00,2025-12-25,ASIA_OPEN,07:00,LONG,LOW_SWEEP,88033.3,87518.7,87627.4,87710.0,87466.9,87529.9,True,False,,,52441,2025-12-25 01:00:00+00:00,87529.9,0.001577746575741612,0.0032183288224938433,,,,,
2025-12-25 07:00:00+00:00,2025-12-25,LONDON_OPEN,14:00,SHORT,HIGH_SWEEP,87811.6,87617.1,87799.6,87830.0,87713.1,87795.9,True,True,87565.8,87713.1,52448,2025-12-25 08:00:00+00:00,87795.9,0.0028440963644087436,0.004668782938610949,52450.0,2025-12-25 10:00:00+00:00,87482.1,0.0010985104381353583,-0.0005898349490922605
2025-12-26 00:00:00+00:00,2025-12-26,ASIA_OPEN,07:00,LONG,LOW_SWEEP,87945.5,86902.1,87182.8,87289.8,86824.8,87084.5,True,True,87289.8,87376.5,52465,2025-12-26 01:00:00+00:00,87084.4,0.0034701967286909774,0.019656792720625038,52467.0,2025-12-26 03:00:00+00:00,89151.8,-0.0039887024154308115,-0.0022108359001165034
2025-12-27 00:00:00+00:00,2025-12-27,ASIA_OPEN,07:00,LONG,LOW_SWEEP,87657.9,87266.6,87318.3,87377.5,87203.0,87360.0,True,False,,,52489,2025-12-27 01:00:00+00:00,87359.9,0.0008207426977366872,0.0012992230989274933,,,,,
2025-12-27 07:00:00+00:00,2025-12-27,LONDON_OPEN,14:00,SHORT,HIGH_SWEEP,87526.5,87374.5,87426.8,87669.7,87426.8,87490.9,False,False,,,52496,2025-12-27 08:00:00+00:00,87490.9,-0.0006252078787623017,0.00034632173174564684,,,,,
2025-12-27 13:00:00+00:00,2025-12-27,NEW_YORK_OPEN,20:00,LONG,LOW_SWEEP,87585.0,87324.6,87432.0,87444.4,87264.8,87410.7,True,False,,,52502,2025-12-27 14:00:00+00:00,87410.6,0.0010307674355283236,0.0004976513146002226,,,,,
2025-12-30 07:00:00+00:00,2025-12-30,LONDON_OPEN,14:00,SHORT,HIGH_SWEEP,87487.7,87105.6,87404.3,87581.4,87322.6,87457.5,False,False,,,52568,2025-12-30 08:00:00+00:00,87457.5,-0.004226052654146439,-0.005223108366921192,,,,,
2025-12-31 13:00:00+00:00,2025-12-31,NEW_YORK_OPEN,20:00,SHORT,HIGH_SWEEP,89000.0,88615.1,88737.0,89025.1,88700.0,88954.4,True,True,88450.0,88700.0,52598,2025-12-31 14:00:00+00:00,88954.3,0.005743398576572578,0.014933510802738081,52600.0,2025-12-31 16:00:00+00:00,87909.0,0.0032203756156935492,0.00288025116882229
2026-01-02 13:00:00+00:00,2026-01-02,NEW_YORK_OPEN,20:00,LONG,LOW_SWEEP,89900.0,89306.2,89360.0,89679.0,89262.3,89311.6,True,False,,,52646,2026-01-02 14:00:00+00:00,89311.6,0.002517030262586095,0.011447561123079097,,,,,
2026-01-03 13:00:00+00:00,2026-01-03,NEW_YORK_OPEN,20:00,SHORT,HIGH_SWEEP,90022.6,89620.0,90001.9,90026.0,89881.8,89972.3,False,False,,,52670,2026-01-03 14:00:00+00:00,89972.2,-0.0013237422225977902,-0.0010314297082876234,,,,,
2026-01-04 13:00:00+00:00,2026-01-04,NEW_YORK_OPEN,20:00,LONG,LOW_SWEEP,91581.7,91033.0,91096.4,91236.4,90968.0,91227.4,True,False,,,52694,2026-01-04 14:00:00+00:00,91227.5,0.0008495245402975193,0.000600696062042827,,,,,
2026-01-05 13:00:00+00:00,2026-01-05,NEW_YORK_OPEN,20:00,LONG,LOW_SWEEP,93186.0,92633.3,92837.2,92984.3,92496.9,92708.0,True,True,92984.3,93114.5,52718,2026-01-05 14:00:00+00:00,92708.0,0.007356430944470915,0.010124261120938893,52720.0,2026-01-05 16:00:00+00:00,93900.0,-0.0026986155484557406,0.0053290734824280594
2026-01-06 00:00:00+00:00,2026-01-06,ASIA_OPEN,07:00,LONG,LOW_SWEEP,94361.0,93757.9,93822.3,93950.0,93510.0,93768.8,False,False,,,52729,2026-01-06 01:00:00+00:00,93768.8,-0.0003497965208043574,-0.0004585747071520485,,,,,
2026-01-07 13:00:00+00:00,2026-01-07,NEW_YORK_OPEN,20:00,SHORT,HIGH_SWEEP,92219.8,91549.9,91953.3,92249.3,91815.6,91994.4,True,False,,,52766,2026-01-07 14:00:00+00:00,91994.4,0.0008000486986163846,0.008310288452340608,,,,,
2026-01-08 00:00:00+00:00,2026-01-08,ASIA_OPEN,07:00,SHORT,HIGH_SWEEP,91462.1,90842.2,91328.1,91524.1,91037.9,91356.8,False,False,,,52777,2026-01-08 01:00:00+00:00,91356.8,-0.0003196259063364959,0.0063126116501452945,,,,,
2026-01-08 07:00:00+00:00,2026-01-08,LONDON_OPEN,14:00,LONG,LOW_SWEEP,91157.6,89828.4,89844.0,90555.1,89588.1,90509.9,False,False,,,52784,2026-01-08 08:00:00+00:00,90509.8,-0.0034228337704867995,-0.0015799394098761077,,,,,
2026-01-09 13:00:00+00:00,2026-01-09,NEW_YORK_OPEN,20:00,SHORT,HIGH_SWEEP,90638.5,90166.5,90404.8,91000.0,90346.9,90559.9,True,False,,,52814,2026-01-09 14:00:00+00:00,90560.0,0.004960247349823255,-0.01137257067137809,,,,,
2026-01-13 00:00:00+00:00,2026-01-13,ASIA_OPEN,07:00,SHORT,HIGH_SWEEP,91461.2,90870.0,91252.5,91524.5,91202.9,91436.3,True,False,,,52897,2026-01-13 01:00:00+00:00,91436.4,0.0030513012323319932,0.0006069792773993887,,,,,
2026-01-18 13:00:00+00:00,2026-01-18,NEW_YORK_OPEN,20:00,LONG,LOW_SWEEP,95257.4,95034.5,95071.5,95168.4,94850.4,95104.9,False,False,,,53030,2026-01-18 14:00:00+00:00,95105.0,-0.0019683507702012992,0.00019557331370601005,,,,,
2026-01-19 13:00:00+00:00,2026-01-19,NEW_YORK_OPEN,20:00,LONG,LOW_SWEEP,93267.5,92836.9,93025.9,93117.1,92741.3,92993.0,False,False,,,53054,2026-01-19 14:00:00+00:00,92992.9,-0.002292648148407017,0.0029249544857725684,,,,,
2026-01-23 13:00:00+00:00,2026-01-23,NEW_YORK_OPEN,20:00,SHORT,HIGH_SWEEP,89342.0,88823.3,89220.0,89411.2,89189.8,89310.6,True,False,,,53150,2026-01-23 14:00:00+00:00,89310.5,0.003745360287984001,-0.008604811304381954,,,,,
2026-01-25 00:00:00+00:00,2026-01-25,ASIA_OPEN,07:00,LONG,LOW_SWEEP,89444.4,89155.0,89180.7,89275.7,89138.9,89275.7,False,False,,,53185,2026-01-25 01:00:00+00:00,89275.7,-0.0015233708612758523,-0.0039842868776162055,,,,,
2026-01-25 07:00:00+00:00,2026-01-25,LONDON_OPEN,14:00,LONG,LOW_SWEEP,89057.8,88609.0,88810.1,88810.1,88600.0,88630.3,False,False,,,53192,2026-01-25 08:00:00+00:00,88630.3,-0.004236700090149759,-0.00016134437094317278,,,,,
2026-01-26 00:00:00+00:00,2026-01-26,ASIA_OPEN,07:00,SHORT,HIGH_SWEEP,86966.4,86021.7,86628.9,87150.8,86463.2,86808.4,False,False,,,53209,2026-01-26 01:00:00+00:00,86808.5,-0.009829682577167098,-0.004891226089611012,,,,,
2026-01-26 07:00:00+00:00,2026-01-26,LONDON_OPEN,14:00,SHORT,HIGH_SWEEP,87999.0,87188.3,87902.7,88059.6,87665.6,87968.9,True,False,,,53216,2026-01-26 08:00:00+00:00,87969.0,0.0002466778069546427,0.0012606713728698926,,,,,
2026-01-26 13:00:00+00:00,2026-01-26,NEW_YORK_OPEN,20:00,SHORT,HIGH_SWEEP,87943.8,87620.0,87762.1,88010.3,87651.4,87917.9,False,False,,,53222,2026-01-26 14:00:00+00:00,87917.8,-0.0024932380018607425,0.0038490499079822937,,,,,
2026-01-29 07:00:00+00:00,2026-01-29,LONDON_OPEN,14:00,SHORT,HIGH_SWEEP,88378.0,87863.0,88281.2,88394.2,88211.0,88310.9,True,True,88120.2,88211.0,53288,2026-01-29 08:00:00+00:00,88310.9,0.003202322703086402,0.004425274796202805,53290.0,2026-01-29 10:00:00+00:00,87851.0,-0.0007865590602269545,-0.002536112281021241
2026-01-29 13:00:00+00:00,2026-01-29,NEW_YORK_OPEN,20:00,SHORT,HIGH_SWEEP,88084.9,87711.0,88073.9,88133.2,87907.6,88008.8,True,True,87013.7,87907.6,53294,2026-01-29 14:00:00+00:00,88008.8,0.0117045113670452,0.03157070656570704,53296.0,2026-01-29 16:00:00+00:00,84897.9,-0.003915291190948356,0.01716179080990221
2026-01-31 13:00:00+00:00,2026-01-31,NEW_YORK_OPEN,20:00,LONG,LOW_SWEEP,83160.0,82677.4,82735.6,82888.0,82449.0,82733.0,False,False,,,53342,2026-01-31 14:00:00+00:00,82733.0,-0.015477499909346881,-0.029155234307954525,,,,,
2026-02-01 00:00:00+00:00,2026-02-01,ASIA_OPEN,07:00,SHORT,HIGH_SWEEP,79200.0,77323.1,78706.7,79396.8,78600.2,78861.2,True,False,,,53353,2026-02-01 01:00:00+00:00,78861.3,0.0045205950193567546,0.0004438171828260451,,,,,
2026-02-01 07:00:00+00:00,2026-02-01,LONDON_OPEN,14:00,LONG,LOW_SWEEP,79094.9,78221.0,78263.0,78687.2,77899.9,78320.8,True,False,,,53360,2026-02-01 08:00:00+00:00,78320.8,0.003198384081878558,-0.0010329312264431012,,,,,
2026-02-02 00:00:00+00:00,2026-02-02,ASIA_OPEN,07:00,SHORT,HIGH_SWEEP,77753.6,75644.0,76931.6,78111.0,76560.8,77638.6,True,False,,,53377,2026-02-02 01:00:00+00:00,77638.5,0.002013176452404397,0.0178043110054934,,,,,
2026-02-02 07:00:00+00:00,2026-02-02,LONDON_OPEN,14:00,SHORT,HIGH_SWEEP,76800.0,74853.0,76511.3,76930.0,76282.2,76612.6,False,False,,,53384,2026-02-02 08:00:00+00:00,76612.6,-0.002853316556284291,-0.011103917632347748,,,,,
2026-02-02 13:00:00+00:00,2026-02-02,NEW_YORK_OPEN,20:00,SHORT,HIGH_SWEEP,78400.0,77398.2,77947.5,78452.5,77756.5,78172.1,True,False,,,53390,2026-02-02 14:00:00+00:00,78172.2,0.00479198487441812,-0.005329260274112846,,,,,
2026-02-05 07:00:00+00:00,2026-02-05,LONDON_OPEN,14:00,SHORT,HIGH_SWEEP,71420.3,70085.3,70911.5,71600.0,70587.5,70716.1,False,False,,,53456,2026-02-05 08:00:00+00:00,70716.1,-0.004310192445567296,-0.0014734975486487834,,,,,
2026-02-06 00:00:00+00:00,2026-02-06,ASIA_OPEN,07:00,LONG,LOW_SWEEP,64866.0,62644.3,62868.1,63812.5,59800.0,63460.4,True,True,63812.5,64124.9,53473,2026-02-06 01:00:00+00:00,63460.4,0.03475553258409958,0.010679100667502883,53475.0,2026-02-06 03:00:00+00:00,64955.6,-0.012585519955169433,0.021702516796088478
2026-02-07 00:00:00+00:00,2026-02-07,ASIA_OPEN,07:00,LONG,LOW_SWEEP,71714.4,69764.7,70544.5,70569.4,69674.5,69917.1,True,False,,,53497,2026-02-07 01:00:00+00:00,69917.2,0.0073501227165848615,0.013872123025521654,,,,,
2026-02-10 00:00:00+00:00,2026-02-10,ASIA_OPEN,07:00,LONG,LOW_SWEEP,70758.0,69776.1,70110.6,70226.3,69705.8,69793.3,True,False,,,53569,2026-02-10 01:00:00+00:00,69793.3,0.009476554339743037,-0.004584967324943845,,,,,
2026-02-10 13:00:00+00:00,2026-02-10,NEW_YORK_OPEN,20:00,LONG,LOW_SWEEP,69232.7,68370.3,68564.7,69099.6,68318.0,68981.9,False,False,,,53582,2026-02-10 14:00:00+00:00,68981.8,-0.008052848722416628,0.007127967086970832,,,,,
2026-02-13 00:00:00+00:00,2026-02-13,ASIA_OPEN,07:00,SHORT,HIGH_SWEEP,66460.8,65400.1,66243.2,66498.4,65833.9,65881.4,False,False,,,53641,2026-02-13 01:00:00+00:00,65881.5,-0.008225374346364278,-0.009685571822135364,,,,,
2026-02-15 00:00:00+00:00,2026-02-15,ASIA_OPEN,07:00,LONG,LOW_SWEEP,70230.6,69600.0,69795.4,69827.3,69562.0,69743.4,False,False,,,53689,2026-02-15 01:00:00+00:00,69743.4,-0.0008387890467055348,0.0026181688876654174,,,,,
2026-02-17 00:00:00+00:00,2026-02-17,ASIA_OPEN,07:00,SHORT,HIGH_SWEEP,68962.1,68400.0,68862.6,69033.0,68667.1,68849.9,True,False,,,53737,2026-02-17 01:00:00+00:00,68849.9,0.0038823585800413785,0.005901243139060264,,,,,
2026-02-17 13:00:00+00:00,2026-02-17,NEW_YORK_OPEN,20:00,SHORT,HIGH_SWEEP,68272.5,67655.0,67893.3,68350.0,67700.3,68105.3,True,True,67381.5,67700.3,53750,2026-02-17 14:00:00+00:00,68105.3,0.018480206386287223,0.008989021412430409,53752.0,2026-02-17 16:00:00+00:00,67363.6,-0.0019224031969788946,-0.010386915188618229
2026-02-18 13:00:00+00:00,2026-02-18,NEW_YORK_OPEN,20:00,LONG,LOW_SWEEP,68153.7,67037.2,67429.9,67566.4,67007.0,67202.2,False,False,,,53774,2026-02-18 14:00:00+00:00,67202.3,-0.00017558922834493007,-0.0014508432003070837,,,,,
2026-02-19 00:00:00+00:00,2026-02-19,ASIA_OPEN,07:00,SHORT,HIGH_SWEEP,66472.6,65993.1,66422.8,66573.6,66301.8,66410.7,False,False,,,53785,2026-02-19 01:00:00+00:00,66410.8,-0.006316743662175384,-0.00812518445794952,,,,,
2026-02-19 07:00:00+00:00,2026-02-19,LONDON_OPEN,14:00,SHORT,HIGH_SWEEP,67275.4,66651.8,67123.8,67299.4,67001.6,67180.4,True,False,,,53792,2026-02-19 08:00:00+00:00,67180.4,0.003612660835600856,0.005512024340432409,,,,,
2026-02-22 00:00:00+00:00,2026-02-22,ASIA_OPEN,07:00,LONG,LOW_SWEEP,68412.9,67860.0,67933.2,68035.7,67763.7,67912.0,True,False,,,53857,2026-02-22 01:00:00+00:00,67912.0,0.003243903875603804,0.0014504064082931922,,,,,
2026-02-25 13:00:00+00:00,2026-02-25,NEW_YORK_OPEN,20:00,SHORT,HIGH_SWEEP,66222.0,65161.0,66038.7,66687.1,65987.3,66209.5,False,False,,,53942,2026-02-25 14:00:00+00:00,66209.5,-0.01098633881844746,-0.030817329839373464,,,,,
2026-02-27 00:00:00+00:00,2026-02-27,ASIA_OPEN,07:00,LONG,LOW_SWEEP,67618.1,67114.0,67448.1,67502.9,66959.0,67190.3,True,False,,,53977,2026-02-27 01:00:00+00:00,67190.3,0.0018693174461192896,0.005463586261707398,,,,,
2026-02-27 07:00:00+00:00,2026-02-27,LONDON_OPEN,14:00,LONG,LOW_SWEEP,68188.8,67470.0,67617.1,67733.7,67417.4,67644.1,True,False,,,53984,2026-02-27 08:00:00+00:00,67644.1,0.0037445985680937266,-0.01580329991824858,,,,,
2026-02-27 13:00:00+00:00,2026-02-27,NEW_YORK_OPEN,20:00,LONG,LOW_SWEEP,67381.0,65714.2,65902.5,66320.0,65626.1,66240.0,False,False,,,53990,2026-02-27 14:00:00+00:00,66240.0,-0.005804649758454072,-0.011936896135265607,,,,,
2026-02-28 00:00:00+00:00,2026-02-28,ASIA_OPEN,07:00,SHORT,HIGH_SWEEP,65921.7,64875.6,65836.0,65990.0,65681.9,65906.3,True,False,,,54001,2026-02-28 01:00:00+00:00,65906.3,0.0024140332563048483,0.002162160521831713,,,,,
2026-03-03 00:00:00+00:00,2026-03-03,ASIA_OPEN,07:00,LONG,LOW_SWEEP,69500.0,68700.0,68801.8,69132.2,68600.0,69051.9,False,False,,,54073,2026-03-03 01:00:00+00:00,69051.8,-0.004738471698058522,-0.010173521906742478,,,,,
2026-03-05 07:00:00+00:00,2026-03-05,LONDON_OPEN,14:00,LONG,LOW_SWEEP,73060.0,72000.1,72520.3,72650.0,71740.0,72025.5,True,False,,,54128,2026-03-05 08:00:00+00:00,72025.4,0.003918062239154585,0.018349082407039807,,,,,
2026-03-06 07:00:00+00:00,2026-03-06,LONDON_OPEN,14:00,SHORT,HIGH_SWEEP,71081.5,70100.0,70565.5,71168.0,70430.7,71026.7,True,False,,,54152,2026-03-06 08:00:00+00:00,71026.7,0.003892902246619978,0.007319782560642585,,,,,
2026-03-07 07:00:00+00:00,2026-03-07,LONDON_OPEN,14:00,LONG,LOW_SWEEP,68130.7,67570.3,67665.9,67837.4,67411.0,67809.4,False,False,,,54176,2026-03-07 08:00:00+00:00,67809.5,-0.000617907520332639,0.0006208569595707036,,,,,
2026-03-08 00:00:00+00:00,2026-03-08,ASIA_OPEN,07:00,SHORT,HIGH_SWEEP,67445.9,67058.0,67232.1,67459.0,67138.0,67161.0,False,False,,,54193,2026-03-08 01:00:00+00:00,67161.0,-0.001567874212712761,0.0027709533806823394,,,,,
2026-03-08 13:00:00+00:00,2026-03-08,NEW_YORK_OPEN,20:00,LONG,LOW_SWEEP,68171.6,66851.3,67286.0,67411.3,66730.0,67196.9,True,False,,,54206,2026-03-08 14:00:00+00:00,67196.8,0.0015968022286776407,-0.005460081432449249,,,,,
2026-03-09 07:00:00+00:00,2026-03-09,LONDON_OPEN,14:00,LONG,LOW_SWEEP,68038.4,67067.3,67229.9,67536.9,66833.9,67504.8,True,False,,,54224,2026-03-09 08:00:00+00:00,67504.9,0.003962675302089158,0.0009821509253402638,,,,,
2026-03-12 13:00:00+00:00,2026-03-12,NEW_YORK_OPEN,20:00,LONG,LOW_SWEEP,70756.5,69815.4,70348.6,70490.0,69614.8,69930.5,False,False,,,54302,2026-03-12 14:00:00+00:00,69930.4,-0.005448274284145405,0.00568994314346849,,,,,
2026-03-13 07:00:00+00:00,2026-03-13,LONDON_OPEN,14:00,SHORT,HIGH_SWEEP,71616.0,71150.0,71315.9,71649.7,71208.0,71585.3,False,False,,,54320,2026-03-13 08:00:00+00:00,71585.2,-0.002860926560238841,-0.011678391622849338,,,,,
2026-03-15 13:00:00+00:00,2026-03-15,NEW_YORK_OPEN,20:00,LONG,LOW_SWEEP,71878.9,71526.9,71578.8,71650.0,71220.1,71575.3,True,False,,,54374,2026-03-15 14:00:00+00:00,71575.3,0.00017743551197124674,-0.0023723267663565695,,,,,
2026-03-17 13:00:00+00:00,2026-03-17,NEW_YORK_OPEN,20:00,LONG,LOW_SWEEP,74230.7,73512.0,73711.0,74167.2,73330.3,73580.6,True,False,,,54422,2026-03-17 14:00:00+00:00,73580.7,0.010322000198421666,0.007329367619498095,,,,,
2026-03-18 07:00:00+00:00,2026-03-18,LONDON_OPEN,14:00,LONG,LOW_SWEEP,74455.7,73785.0,73910.1,73959.4,73636.5,73840.0,True,True,73959.4,73991.1,54440,2026-03-18 08:00:00+00:00,73840.1,0.0022440381310426805,0.0007434984513834397,54442.0,2026-03-18 10:00:00+00:00,74136.0,-0.0032507823459587692,-0.024426729254343305
2026-03-19 13:00:00+00:00,2026-03-19,NEW_YORK_OPEN,20:00,LONG,LOW_SWEEP,70499.0,69069.0,69264.7,70058.0,69050.0,69866.3,False,False,,,54470,2026-03-19 14:00:00+00:00,69866.2,-0.005955669551227838,-0.006296320681531187,,,,,
2026-03-20 07:00:00+00:00,2026-03-20,LONDON_OPEN,14:00,LONG,LOW_SWEEP,70944.9,70307.0,70461.9,70900.0,70161.0,70811.9,True,False,,,54488,2026-03-20 08:00:00+00:00,70812.0,0.0026605660057616998,-0.003263571146133515,,,,,
2026-03-21 07:00:00+00:00,2026-03-21,LONDON_OPEN,14:00,SHORT,HIGH_SWEEP,70800.0,70582.7,70739.2,70849.2,70639.0,70687.3,True,False,,,54512,2026-03-21 08:00:00+00:00,70687.4,0.0017556169840734492,0.0015759527157597208,,,,,
2026-03-21 13:00:00+00:00,2026-03-21,NEW_YORK_OPEN,20:00,SHORT,HIGH_SWEEP,70769.6,70521.2,70680.0,70785.1,70668.5,70700.3,True,False,,,54518,2026-03-21 14:00:00+00:00,70700.3,0.00148938547644073,0.006016947594281952,,,,,
2026-03-22 00:00:00+00:00,2026-03-22,ASIA_OPEN,07:00,LONG,LOW_SWEEP,70482.2,68511.3,68881.5,69122.5,68189.0,68904.5,True,False,,,54529,2026-03-22 01:00:00+00:00,68904.5,0.00031347734908471203,0.005841418194747705,,,,,
2026-03-22 13:00:00+00:00,2026-03-22,NEW_YORK_OPEN,20:00,SHORT,HIGH_SWEEP,68809.5,68030.0,68614.4,68932.8,68500.9,68660.3,False,False,,,54542,2026-03-22 14:00:00+00:00,68660.4,-0.000219922983262677,-0.0014782902517316288,,,,,
2026-03-23 07:00:00+00:00,2026-03-23,LONDON_OPEN,14:00,LONG,LOW_SWEEP,68872.4,67653.1,67845.2,68426.4,67456.7,68306.0,True,False,,,54560,2026-03-23 08:00:00+00:00,68305.9,0.0013790902396426663,0.003020236904864859,,,,,
2026-03-23 13:00:00+00:00,2026-03-23,NEW_YORK_OPEN,20:00,SHORT,HIGH_SWEEP,71468.0,68261.0,70710.0,71564.9,70551.3,71450.0,True,False,,,54566,2026-03-23 14:00:00+00:00,71449.9,0.0005612324160004789,0.01274039571783847,,,,,
2026-03-24 00:00:00+00:00,2026-03-24,ASIA_OPEN,07:00,SHORT,HIGH_SWEEP,70976.3,70370.0,70866.0,71080.0,70377.9,70650.0,True,False,,,54577,2026-03-24 01:00:00+00:00,70650.1,0.002409055330424348,0.001953288105749351,,,,,
2026-03-26 07:00:00+00:00,2026-03-26,LONDON_OPEN,14:00,LONG,LOW_SWEEP,70882.0,69815.4,70057.4,70140.0,69722.6,70053.8,False,False,,,54632,2026-03-26 08:00:00+00:00,70053.8,-0.0009692550582554027,-0.008190847605697327,,,,,
2026-03-26 13:00:00+00:00,2026-03-26,NEW_YORK_OPEN,20:00,SHORT,HIGH_SWEEP,69693.7,69127.2,69395.2,69872.2,69158.9,69617.4,True,False,,,54638,2026-03-26 14:00:00+00:00,69615.8,0.0023802067921362413,0.010213198727874961,,,,,
2026-03-27 00:00:00+00:00,2026-03-27,ASIA_OPEN,07:00,LONG,LOW_SWEEP,69213.3,68542.5,68788.1,68942.2,68458.5,68746.4,True,False,,,54649,2026-03-27 01:00:00+00:00,68746.4,0.0039274783843226135,-0.00025601340579273213,,,,,
2026-03-27 07:00:00+00:00,2026-03-27,LONDON_OPEN,14:00,SHORT,HIGH_SWEEP,68830.0,68257.2,68621.5,68925.0,68416.5,68501.7,True,True,67912.1,68416.5,54656,2026-03-27 08:00:00+00:00,68501.8,0.009126767471803632,0.029859069396716675,54658.0,2026-03-27 10:00:00+00:00,67652.0,0.017672796074025943,0.015854668006858752
2026-03-29 07:00:00+00:00,2026-03-29,LONDON_OPEN,14:00,LONG,LOW_SWEEP,66907.5,66565.0,66704.4,66720.0,66521.4,66632.5,True,False,,,54704,2026-03-29 08:00:00+00:00,66632.4,0.0008569404674003689,-0.0023862265204315225,,,,,
2026-03-30 00:00:00+00:00,2026-03-30,ASIA_OPEN,07:00,SHORT,HIGH_SWEEP,66734.5,64918.2,65978.0,67043.2,65754.2,66251.2,False,False,,,54721,2026-03-30 01:00:00+00:00,66251.2,-0.00562857729369437,-0.013412587243702756,,,,,
2026-03-30 13:00:00+00:00,2026-03-30,NEW_YORK_OPEN,20:00,SHORT,HIGH_SWEEP,67998.0,67333.3,67859.4,68148.4,67378.7,67490.9,False,False,,,54734,2026-03-30 14:00:00+00:00,67490.8,-0.004028697244661483,0.0023380964516646063,,,,,
2026-03-31 07:00:00+00:00,2026-03-31,LONDON_OPEN,14:00,LONG,LOW_SWEEP,67865.7,67300.1,67465.4,67497.0,67071.9,67343.8,False,False,,,54752,2026-03-31 08:00:00+00:00,67343.9,-0.008891673930378041,-0.015064467605826248,,,,,
2026-04-01 00:00:00+00:00,2026-04-01,ASIA_OPEN,07:00,LONG,LOW_SWEEP,68382.9,67840.4,68241.4,68305.1,67808.1,68288.0,False,False,,,54769,2026-04-01 01:00:00+00:00,68288.0,-0.007931115276476164,-0.0022551546391752497,,,,,
2026-04-01 07:00:00+00:00,2026-04-01,LONDON_OPEN,14:00,SHORT,HIGH_SWEEP,69220.0,67965.0,69069.1,69288.0,68631.1,68651.9,True,False,,,54776,2026-04-01 08:00:00+00:00,68651.9,0.00030734764806206183,0.0015556743513287508,,,,,
2026-04-02 13:00:00+00:00,2026-04-02,NEW_YORK_OPEN,20:00,LONG,LOW_SWEEP,66471.9,65919.1,66014.3,66250.0,65676.1,66227.3,True,True,66250.0,66596.2,54806,2026-04-02 14:00:00+00:00,66227.3,0.00898572039023171,0.01242387957836133,54808.0,2026-04-02 16:00:00+00:00,66810.6,0.003584760502076012,0.001960766704684591
2026-04-03 00:00:00+00:00,2026-04-03,ASIA_OPEN,07:00,LONG,LOW_SWEEP,67070.2,66681.3,66868.6,66976.2,66671.0,66761.8,False,False,,,54817,2026-04-03 01:00:00+00:00,66761.8,-0.002438520231629493,-0.003172472881198596,,,,,
2026-04-03 13:00:00+00:00,2026-04-03,NEW_YORK_OPEN,20:00,LONG,LOW_SWEEP,67350.0,66605.9,66690.4,66707.1,66478.5,66644.6,True,True,66707.1,66778.9,54830,2026-04-03 14:00:00+00:00,66644.6,0.0038322684808671514,0.0049201285625541935,54832.0,2026-04-03 16:00:00+00:00,66806.0,0.002492291111576783,-0.00033380235308211326
2026-04-04 13:00:00+00:00,2026-04-04,NEW_YORK_OPEN,20:00,SHORT,HIGH_SWEEP,67223.8,66880.9,67061.9,67245.3,67044.8,67170.0,False,False,,,54854,2026-04-04 14:00:00+00:00,67170.0,-0.00011314574959064849,-0.0024594312937322726,,,,,
2026-04-06 00:00:00+00:00,2026-04-06,ASIA_OPEN,07:00,SHORT,HIGH_SWEEP,69108.0,67313.6,68997.9,69583.0,68997.9,69051.9,True,False,,,54889,2026-04-06 01:00:00+00:00,69051.9,0.003895620540491973,-0.0005865153601856132,,,,,
2026-04-06 13:00:00+00:00,2026-04-06,NEW_YORK_OPEN,20:00,LONG,LOW_SWEEP,69982.2,69283.0,69337.4,69521.4,69200.1,69399.8,True,False,,,54902,2026-04-06 14:00:00+00:00,69399.7,0.0031743653070546163,0.00518013766630121,,,,,
2026-04-08 13:00:00+00:00,2026-04-08,NEW_YORK_OPEN,20:00,SHORT,HIGH_SWEEP,72169.5,71367.0,72023.6,72858.5,71460.1,71563.2,True,True,71327.2,71460.1,54950,2026-04-08 14:00:00+00:00,71563.2,0.009435016880184222,3.2139423614463425e-05,54952.0,2026-04-08 16:00:00+00:00,71274.9,-0.004012632778158887,0.0029463387531936114
2026-04-09 07:00:00+00:00,2026-04-09,LONDON_OPEN,14:00,SHORT,HIGH_SWEEP,71063.0,70666.0,70998.8,71087.8,70913.5,70945.0,False,False,,,54968,2026-04-09 08:00:00+00:00,70945.0,-0.0037014588765946765,-0.004083444922122759,,,,,
2026-04-12 00:00:00+00:00,2026-04-12,ASIA_OPEN,07:00,LONG,LOW_SWEEP,73529.0,72861.2,73013.4,73077.6,72817.4,73038.8,False,False,,,55033,2026-04-12 01:00:00+00:00,73038.7,-0.01971557544151248,-0.020196142592899258,,,,,
2026-04-14 07:00:00+00:00,2026-04-14,LONDON_OPEN,14:00,SHORT,HIGH_SWEEP,74519.9,74112.2,74485.1,74900.0,74395.6,74513.4,False,False,,,55088,2026-04-14 08:00:00+00:00,74513.3,-0.0026921368400003587,0.0027310560665009254,,,,,
2026-04-16 00:00:00+00:00,2026-04-16,ASIA_OPEN,07:00,LONG,LOW_SWEEP,75425.6,74498.6,74776.3,74839.0,74400.0,74772.0,False,False,,,55129,2026-04-16 01:00:00+00:00,74772.1,-0.0021304737997194234,0.0010672429957161444,,,,,
2026-04-19 00:00:00+00:00,2026-04-19,ASIA_OPEN,07:00,LONG,LOW_SWEEP,75843.3,75551.0,75653.8,75804.0,75506.1,75627.3,False,False,,,55201,2026-04-19 01:00:00+00:00,75627.4,-0.0006611360432858815,-0.002041588101666769,,,,,
2026-04-20 00:00:00+00:00,2026-04-20,ASIA_OPEN,07:00,LONG,LOW_SWEEP,74776.3,73700.2,73758.4,74322.9,73669.0,74228.1,True,False,,,55225,2026-04-20 01:00:00+00:00,74228.1,0.004328549430741013,0.004928052853299336,,,,,
2026-04-20 07:00:00+00:00,2026-04-20,LONDON_OPEN,14:00,SHORT,HIGH_SWEEP,74860.0,74061.2,74751.2,75539.3,74618.0,74795.5,True,False,,,55232,2026-04-20 08:00:00+00:00,74795.5,0.001387784024440064,-0.0026432071448148076,,,,,
2026-04-20 13:00:00+00:00,2026-04-20,NEW_YORK_OPEN,20:00,LONG,LOW_SWEEP,75633.0,74907.1,75245.1,75392.0,74811.7,75232.8,False,False,,,55238,2026-04-20 14:00:00+00:00,75232.7,-0.0030917406925444757,0.0008945578186081438,,,,,
2026-04-21 07:00:00+00:00,2026-04-21,LONDON_OPEN,14:00,SHORT,HIGH_SWEEP,76088.0,75558.8,75930.4,76276.6,75770.0,76050.0,False,False,,,55256,2026-04-21 08:00:00+00:00,76050.0,-0.0054227481919788545,-0.008574621959237527,,,,,
2026-04-22 00:00:00+00:00,2026-04-22,ASIA_OPEN,07:00,SHORT,HIGH_SWEEP,76396.2,75250.0,76288.3,76471.2,76170.0,76327.1,True,False,,,55273,2026-04-22 01:00:00+00:00,76327.1,0.000783470091225813,-0.01521346939684598,,,,,
2026-04-23 00:00:00+00:00,2026-04-23,ASIA_OPEN,07:00,LONG,LOW_SWEEP,78788.3,78111.6,78139.7,78534.9,77526.8,78389.9,False,False,,,55297,2026-04-23 01:00:00+00:00,78390.0,-0.0010077816047965316,-0.0087472891950503,,,,,
2026-04-23 13:00:00+00:00,2026-04-23,NEW_YORK_OPEN,20:00,SHORT,HIGH_SWEEP,77837.6,76504.6,77826.8,77875.7,77322.8,77486.7,False,False,,,55310,2026-04-23 14:00:00+00:00,77486.6,-0.008339506443694633,-0.007258029130198018,,,,,
2026-04-24 13:00:00+00:00,2026-04-24,NEW_YORK_OPEN,20:00,SHORT,HIGH_SWEEP,78346.1,77410.0,78233.0,78432.9,77870.0,78050.1,True,False,,,55334,2026-04-24 14:00:00+00:00,78050.0,0.0008148622677771611,0.004065342729019927,,,,,
2026-04-25 07:00:00+00:00,2026-04-25,LONDON_OPEN,14:00,LONG,LOW_SWEEP,77653.2,77437.0,77458.9,77533.2,77400.0,77449.9,True,True,77533.2,77536.2,55352,2026-04-25 08:00:00+00:00,77449.9,0.0019806352235445246,0.003865724810490523,55354.0,2026-04-25 10:00:00+00:00,77672.6,0.0009874782098191481,-0.001986543517276451
2026-04-28 00:00:00+00:00,2026-04-28,ASIA_OPEN,07:00,SHORT,HIGH_SWEEP,77419.7,76714.8,77331.2,77450.0,77171.1,77334.9,True,False,,,55417,2026-04-28 01:00:00+00:00,77334.9,0.0037201832549081937,0.007296834934809371,,,,,
2026-04-28 07:00:00+00:00,2026-04-28,LONDON_OPEN,14:00,LONG,LOW_SWEEP,77132.4,76525.6,76665.0,76888.0,76324.1,76828.4,False,False,,,55424,2026-04-28 08:00:00+00:00,76828.3,-0.00010673150388584851,-0.003230580398108418,,,,,
2026-04-28 13:00:00+00:00,2026-04-28,NEW_YORK_OPEN,20:00,LONG,LOW_SWEEP,76657.0,76088.0,76345.6,76388.0,75904.4,76158.2,False,False,,,55430,2026-04-28 14:00:00+00:00,76158.4,-0.003130317863820564,-0.000875806214416186,,,,,
2026-04-30 13:00:00+00:00,2026-04-30,NEW_YORK_OPEN,20:00,SHORT,HIGH_SWEEP,76375.1,75836.0,76259.0,76630.3,76066.6,76370.3,True,False,,,55478,2026-04-30 14:00:00+00:00,76370.4,0.0014979625614111036,0.001968039973602176,,,,,
2026-05-01 00:00:00+00:00,2026-05-01,ASIA_OPEN,07:00,SHORT,HIGH_SWEEP,76495.4,76155.1,76305.4,76557.3,76265.4,76415.1,False,False,,,55489,2026-05-01 01:00:00+00:00,76415.1,-0.002996789901472452,-0.008735184538134488,,,,,
2026-05-03 07:00:00+00:00,2026-05-03,LONDON_OPEN,14:00,SHORT,HIGH_SWEEP,78318.7,78027.0,78249.0,78415.4,78248.9,78316.6,False,False,,,55544,2026-05-03 08:00:00+00:00,78316.6,-0.00034347762798692116,-0.0006741865709183337,,,,,
2026-05-04 00:00:00+00:00,2026-05-04,ASIA_OPEN,07:00,LONG,LOW_SWEEP,79428.9,78440.0,78529.0,78538.3,78235.4,78504.9,True,True,78538.3,79493.0,55561,2026-05-04 01:00:00+00:00,78505.0,0.01593401694159602,0.02259346538437046,55563.0,2026-05-04 03:00:00+00:00,80136.6,0.001773222223053983,-0.00190549636495696
2026-05-06 00:00:00+00:00,2026-05-06,ASIA_OPEN,07:00,LONG,LOW_SWEEP,81745.4,80716.8,80861.9,81228.4,80651.2,80980.5,True,False,,,55609,2026-05-06 01:00:00+00:00,80980.4,0.005062953504798795,0.006859684565647894,,,,,
2026-05-07 00:00:00+00:00,2026-05-07,ASIA_OPEN,07:00,LONG,LOW_SWEEP,81579.0,80929.8,81390.0,81450.5,80925.6,80966.9,True,False,,,55633,2026-05-07 01:00:00+00:00,80967.0,0.0019044796028011568,-0.0020959156199439333,,,,,
2026-05-08 00:00:00+00:00,2026-05-08,ASIA_OPEN,07:00,SHORT,HIGH_SWEEP,80026.4,79531.1,79969.5,80106.3,79671.0,79796.1,True,False,,,55657,2026-05-08 01:00:00+00:00,79796.2,0.001206824385121097,0.003210679205275402,,,,,
2026-05-08 07:00:00+00:00,2026-05-08,LONDON_OPEN,14:00,LONG,LOW_SWEEP,79743.8,79370.0,79484.1,79690.0,79208.0,79635.0,True,True,79690.0,79743.3,55664,2026-05-08 08:00:00+00:00,79635.0,0.002691027814403224,0.006621460413134939,55666.0,2026-05-08 10:00:00+00:00,79826.2,0.004210397087673012,0.002021892561590244
2026-05-09 07:00:00+00:00,2026-05-09,LONDON_OPEN,14:00,LONG,LOW_SWEEP,80641.8,80154.5,80215.0,80268.4,80084.3,80181.7,True,False,,,55688,2026-05-09 08:00:00+00:00,80181.6,0.002450686940644653,0.0006373033214601698,,,,,
2026-05-10 13:00:00+00:00,2026-05-10,NEW_YORK_OPEN,20:00,SHORT,HIGH_SWEEP,80939.5,80641.5,80891.0,80970.0,80825.0,80932.2,False,False,,,55718,2026-05-10 14:00:00+00:00,80932.3,-0.00014703647369462836,-0.00502148091676613,,,,,
2026-05-11 13:00:00+00:00,2026-05-11,NEW_YORK_OPEN,20:00,LONG,LOW_SWEEP,81320.0,80860.0,81013.5,81299.7,80716.0,81032.9,False,False,,,55742,2026-05-11 14:00:00+00:00,81032.8,-0.0014228806113080195,0.006096296808206114,,,,,
2026-05-13 00:00:00+00:00,2026-05-13,ASIA_OPEN,07:00,LONG,LOW_SWEEP,80763.0,80393.9,80461.0,80735.1,80364.5,80673.4,True,True,80735.1,80882.7,55777,2026-05-13 01:00:00+00:00,80673.4,0.0035538355889304096,0.006739520089645623,55779.0,2026-05-13 03:00:00+00:00,81018.1,0.002456241259669145,-0.0004023792214332689
2026-05-13 07:00:00+00:00,2026-05-13,LONDON_OPEN,14:00,LONG,LOW_SWEEP,81253.5,80929.0,80945.6,81015.7,80847.0,80981.9,True,True,81015.7,81094.0,55784,2026-05-13 08:00:00+00:00,80981.9,0.002211605309334619,-0.0026635581531181396,55786.0,2026-05-13 10:00:00+00:00,81255.4,-0.006020522943705808,-0.013479719501719112
2026-05-14 13:00:00+00:00,2026-05-14,NEW_YORK_OPEN,20:00,SHORT,HIGH_SWEEP,79729.2,79188.0,79719.4,80042.0,79624.0,79660.9,False,False,,,55814,2026-05-14 14:00:00+00:00,79660.9,-0.015925002102662678,-0.027345912486552493,,,,,
2026-05-15 00:00:00+00:00,2026-05-15,ASIA_OPEN,07:00,SHORT,HIGH_SWEEP,81530.0,81007.9,81048.8,81623.8,81018.8,81468.7,True,False,,,55825,2026-05-15 01:00:00+00:00,81468.7,0.004622634214121346,0.005474495112847033,,,,,
2026-05-16 00:00:00+00:00,2026-05-16,ASIA_OPEN,07:00,SHORT,HIGH_SWEEP,79168.0,78861.6,79074.0,79199.7,79031.7,79075.6,False,False,,,55849,2026-05-16 01:00:00+00:00,79075.6,-0.0006689800646468846,0.0004287036709175185,,,,,
2026-05-19 00:00:00+00:00,2026-05-19,ASIA_OPEN,07:00,SHORT,HIGH_SWEEP,77187.3,76753.6,76963.2,77384.6,76913.8,77102.6,True,False,,,55921,2026-05-19 01:00:00+00:00,77102.6,0.006059458435902387,0.0045744242087817355,,,,,
2026-05-19 13:00:00+00:00,2026-05-19,NEW_YORK_OPEN,20:00,LONG,LOW_SWEEP,77070.0,76576.8,76901.2,77033.9,76556.0,76846.1,False,False,,,55934,2026-05-19 14:00:00+00:00,76846.1,-0.006251455831851049,0.0001587588700011633,,,,,
2026-05-20 00:00:00+00:00,2026-05-20,ASIA_OPEN,07:00,LONG,LOW_SWEEP,77003.1,76610.4,76800.0,76863.4,76485.0,76760.9,True,False,,,55945,2026-05-20 01:00:00+00:00,76761.0,0.00034522739411935177,-0.0009301598467971184,,,,,
2026-05-20 07:00:00+00:00,2026-05-20,LONDON_OPEN,14:00,SHORT,HIGH_SWEEP,77387.9,76650.0,77379.9,77444.0,77208.3,77249.9,False,False,,,55952,2026-05-20 08:00:00+00:00,77250.0,-0.0023300970873787463,-0.0029229773462784436,,,,,
2026-05-21 07:00:00+00:00,2026-05-21,LONDON_OPEN,14:00,LONG,LOW_SWEEP,78143.2,77501.3,77591.6,77870.0,77485.1,77846.2,True,False,,,55976,2026-05-21 08:00:00+00:00,77846.1,0.0005395260648894951,-0.008651685826264854,,,,,
2026-05-21 13:00:00+00:00,2026-05-21,NEW_YORK_OPEN,20:00,LONG,LOW_SWEEP,77651.7,77024.4,77244.1,77322.0,76696.7,77090.1,False,False,,,55982,2026-05-21 14:00:00+00:00,77090.0,-0.0018938902581397965,0.0009949409780776186,,,,,
2026-05-22 07:00:00+00:00,2026-05-22,LONDON_OPEN,14:00,LONG,LOW_SWEEP,77862.7,77324.2,77386.0,77514.5,77237.1,77366.9,False,False,,,56000,2026-05-22 08:00:00+00:00,77366.8,-0.001669966962573044,-0.0010960773871997453,,,,,
2026-05-22 13:00:00+00:00,2026-05-22,NEW_YORK_OPEN,20:00,LONG,LOW_SWEEP,77548.5,77138.3,77491.4,77517.2,77085.5,77255.6,False,False,,,56006,2026-05-22 14:00:00+00:00,77255.5,-0.006742562018238085,-0.004422986065717005,,,,,
2026-05-23 00:00:00+00:00,2026-05-23,ASIA_OPEN,07:00,LONG,LOW_SWEEP,76054.1,75322.0,75513.1,75615.7,75184.9,75329.2,True,False,,,56017,2026-05-23 01:00:00+00:00,75329.3,0.0017469961887339736,0.003581607687845212,,,,,
2026-05-25 00:00:00+00:00,2026-05-25,ASIA_OPEN,07:00,SHORT,HIGH_SWEEP,77193.4,76056.0,77030.3,77253.9,77030.3,77120.0,True,False,,,56065,2026-05-25 01:00:00+00:00,77119.9,0.002778789910256485,0.0016973569727138926,,,,,
2026-05-26 07:00:00+00:00,2026-05-26,LONDON_OPEN,14:00,LONG,LOW_SWEEP,77045.9,76569.8,76869.9,76886.6,76556.9,76685.1,True,False,,,56096,2026-05-26 08:00:00+00:00,76685.0,3.7817043750276724e-05,0.009305600834583094,,,,,
2026-05-31 13:00:00+00:00,2026-05-31,NEW_YORK_OPEN,20:00,SHORT,HIGH_SWEEP,73975.1,73701.0,73892.2,73997.8,73770.1,73841.0,True,True,73745.6,73770.1,56222,2026-05-31 14:00:00+00:00,73841.0,0.003665985021871321,0.0046193848945708105,56224.0,2026-05-31 16:00:00+00:00,73613.4,0.0015418388499920388,0.0005379455370896347
2026-06-02 07:00:00+00:00,2026-06-02,LONDON_OPEN,14:00,LONG,LOW_SWEEP,71022.7,69889.1,70076.6,70249.6,69666.8,70079.4,False,False,,,56264,2026-06-02 08:00:00+00:00,70079.5,-0.004068236788219215,-0.006545423411982054,,,,,
2026-06-03 13:00:00+00:00,2026-06-03,NEW_YORK_OPEN,20:00,LONG,LOW_SWEEP,67448.0,66760.0,67050.7,67220.2,66605.1,66884.8,False,False,,,56294,2026-06-03 14:00:00+00:00,66884.8,-0.0006563524148985866,-0.012669545247948832,,,,,
2026-06-05 00:00:00+00:00,2026-06-05,ASIA_OPEN,07:00,SHORT,HIGH_SWEEP,63897.0,63040.0,63853.4,63955.0,63366.0,63398.3,True,False,,,56329,2026-06-05 01:00:00+00:00,63398.3,0.0008091699619706683,0.011019222912917348,,,,,
2026-06-10 00:00:00+00:00,2026-06-10,ASIA_OPEN,07:00,LONG,LOW_SWEEP,62149.8,61519.0,61694.9,61908.9,61404.6,61886.5,False,False,,,56449,2026-06-10 01:00:00+00:00,61886.5,-0.003325442544012014,-0.005951217147520116,,,,,
2026-06-12 00:00:00+00:00,2026-06-12,ASIA_OPEN,07:00,SHORT,HIGH_SWEEP,63712.3,63328.1,63598.0,63777.0,63489.8,63617.7,True,False,,,56497,2026-06-12 01:00:00+00:00,63617.7,0.003376418826835814,0.002007302999008087,,,,,
2026-06-13 13:00:00+00:00,2026-06-13,NEW_YORK_OPEN,20:00,SHORT,HIGH_SWEEP,64187.7,63683.1,64103.0,64217.0,64026.6,64071.0,False,False,,,56534,2026-06-13 14:00:00+00:00,64071.0,-0.0018526322361129832,0.0011674548547705443,,,,,
2026-06-14 07:00:00+00:00,2026-06-14,LONDON_OPEN,14:00,LONG,LOW_SWEEP,64532.8,64208.5,64258.0,64412.7,64186.5,64392.0,True,False,,,56552,2026-06-14 08:00:00+00:00,64392.1,0.00048142551648422405,0.00144893550606362,,,,,
2026-06-14 13:00:00+00:00,2026-06-14,NEW_YORK_OPEN,20:00,LONG,LOW_SWEEP,64640.6,64255.9,64296.7,64369.0,64207.3,64287.5,False,False,,,56558,2026-06-14 14:00:00+00:00,64287.4,-0.005190752775816154,-0.005811403167650275,,,,,
2026-06-15 00:00:00+00:00,2026-06-15,ASIA_OPEN,07:00,SHORT,HIGH_SWEEP,65775.0,63973.4,65702.1,65880.0,65444.0,65591.4,True,False,,,56569,2026-06-15 01:00:00+00:00,65591.4,0.0016587540439751969,-0.004624081815603809,,,,,
2026-06-15 07:00:00+00:00,2026-06-15,LONDON_OPEN,14:00,SHORT,HIGH_SWEEP,65933.0,65577.8,65773.0,65978.1,65580.0,65642.3,True,False,,,56576,2026-06-15 08:00:00+00:00,65642.4,0.0003427662608314064,-0.0036912117777534448,,,,,
2026-06-15 13:00:00+00:00,2026-06-15,NEW_YORK_OPEN,20:00,SHORT,HIGH_SWEEP,66570.0,65545.2,66528.5,66915.2,66375.1,66410.8,False,False,,,56582,2026-06-15 14:00:00+00:00,66410.8,-0.0021306775403999723,-0.010713618869220065,,,,,
2026-06-18 00:00:00+00:00,2026-06-18,ASIA_OPEN,07:00,SHORT,HIGH_SWEEP,64495.3,63881.2,64472.9,64676.5,64422.4,64432.8,False,False,,,56641,2026-06-18 01:00:00+00:00,64432.8,-0.0013673160253784289,0.0027594641238624096,,,,,
2026-06-19 07:00:00+00:00,2026-06-19,LONDON_OPEN,14:00,SHORT,HIGH_SWEEP,62888.8,62375.7,62865.0,62896.8,62465.6,62592.4,True,False,,,56672,2026-06-19 08:00:00+00:00,62592.4,0.0002668055546680703,0.0013771640007413932,,,,,
2026-06-20 00:00:00+00:00,2026-06-20,ASIA_OPEN,07:00,SHORT,HIGH_SWEEP,63645.0,63015.1,63512.5,63757.2,63435.0,63496.8,False,False,,,56689,2026-06-20 01:00:00+00:00,63496.8,-0.0008520114399466205,0.0008866588552494115,,,,,
2026-06-21 07:00:00+00:00,2026-06-21,LONDON_OPEN,14:00,LONG,LOW_SWEEP,64568.0,64168.7,64269.9,64270.0,64143.2,64170.1,False,False,,,56720,2026-06-21 08:00:00+00:00,64170.0,-0.0028377746610565024,0.002632071061243524,,,,,
2026-06-22 00:00:00+00:00,2026-06-22,ASIA_OPEN,07:00,SHORT,HIGH_SWEEP,63950.0,63220.0,63287.2,64076.0,63286.2,63867.2,False,False,,,56737,2026-06-22 01:00:00+00:00,63867.3,-0.011072959088610279,-0.001061576111718976,,,,,
2026-06-22 07:00:00+00:00,2026-06-22,LONDON_OPEN,14:00,SHORT,HIGH_SWEEP,64311.8,63833.4,63960.6,64384.3,63931.0,64187.9,True,False,,,56744,2026-06-22 08:00:00+00:00,64188.0,0.0008443945908892525,0.0012182962547516718,,,,,
2026-06-23 13:00:00+00:00,2026-06-23,NEW_YORK_OPEN,20:00,LONG,LOW_SWEEP,62600.0,62157.0,62228.0,62513.4,61916.9,62446.6,True,False,,,56774,2026-06-23 14:00:00+00:00,62446.5,0.00026102343606138056,0.0012234472708638755,,,,,
2026-06-27 00:00:00+00:00,2026-06-27,ASIA_OPEN,07:00,SHORT,HIGH_SWEEP,60090.8,59649.2,60071.9,60167.3,59846.2,60033.4,True,False,,,56857,2026-06-27 01:00:00+00:00,60033.4,0.0019039401399887357,-0.004019429184420664,,,,,
2026-06-28 07:00:00+00:00,2026-06-28,LONDON_OPEN,14:00,SHORT,HIGH_SWEEP,60205.4,59714.8,59970.0,60247.1,59965.8,60192.5,False,False,,,56888,2026-06-28 08:00:00+00:00,60192.4,-0.002453798153919662,0.0008954618855536722,,,,,
2026-06-28 13:00:00+00:00,2026-06-28,NEW_YORK_OPEN,20:00,LONG,LOW_SWEEP,60435.8,60037.0,60269.9,60269.9,59934.3,60044.5,False,False,,,56894,2026-06-28 14:00:00+00:00,60044.6,-0.0008210563481144684,-0.006473521349130484,,,,,
2026-06-29 13:00:00+00:00,2026-06-29,NEW_YORK_OPEN,20:00,LONG,LOW_SWEEP,60758.3,59552.6,59923.5,60313.0,59302.8,59559.3,False,False,,,56918,2026-06-29 14:00:00+00:00,59559.4,-0.0019375614932319873,0.005230072834850663,,,,,
2026-06-30 13:00:00+00:00,2026-06-30,NEW_YORK_OPEN,20:00,LONG,LOW_SWEEP,59403.0,58351.0,58374.8,58791.7,58200.0,58711.9,False,False,,,56942,2026-06-30 14:00:00+00:00,58711.8,-0.0043125913359836066,-0.003960021665150748,,,,,
2026-07-01 00:00:00+00:00,2026-07-01,ASIA_OPEN,07:00,LONG,LOW_SWEEP,58780.0,58472.3,58605.4,58720.0,58270.0,58548.7,True,False,,,56953,2026-07-01 01:00:00+00:00,58548.7,0.0032964011156524364,0.010604846905226006,,,,,
2026-07-03 07:00:00+00:00,2026-07-03,LONDON_OPEN,14:00,SHORT,HIGH_SWEEP,61825.1,61300.4,61680.6,61849.7,61634.1,61733.6,True,False,,,57008,2026-07-03 08:00:00+00:00,61733.7,0.002918989142073114,-0.0024767671466314756,,,,,
2026-07-03 13:00:00+00:00,2026-07-03,NEW_YORK_OPEN,20:00,SHORT,HIGH_SWEEP,62149.3,61640.2,61952.6,62271.9,61910.5,62083.8,False,False,,,57014,2026-07-03 14:00:00+00:00,62083.9,-0.0009503268963451106,3.2214471062497196e-05,,,,,
2026-07-04 13:00:00+00:00,2026-07-04,NEW_YORK_OPEN,20:00,SHORT,HIGH_SWEEP,62671.5,62418.3,62634.0,62755.5,62509.4,62563.0,False,False,,,57038,2026-07-04 14:00:00+00:00,62562.9,-0.0017422466030188044,-0.005311454552138661,,,,,
2026-07-05 00:00:00+00:00,2026-07-05,ASIA_OPEN,07:00,LONG,LOW_SWEEP,63430.0,62902.7,63114.9,63114.9,62824.4,62962.5,False,False,,,57049,2026-07-05 01:00:00+00:00,62962.6,-0.0016327152944762835,-0.003549726345481341,,,,,
2026-07-06 07:00:00+00:00,2026-07-06,LONDON_OPEN,14:00,LONG,LOW_SWEEP,63368.3,62912.6,62962.6,63102.7,62858.4,63064.5,False,False,,,57080,2026-07-06 08:00:00+00:00,63064.5,-0.002987417643840806,-0.004232174995441151,,,,,
2026-07-06 13:00:00+00:00,2026-07-06,NEW_YORK_OPEN,20:00,LONG,LOW_SWEEP,63019.3,61652.0,61733.6,62023.8,61297.0,61751.7,True,False,,,57086,2026-07-06 14:00:00+00:00,61751.7,0.004339961490938737,0.03171896482202108,,,,,
2026-07-07 07:00:00+00:00,2026-07-07,LONDON_OPEN,14:00,SHORT,HIGH_SWEEP,63373.3,62745.6,63309.9,63424.2,63050.0,63062.6,False,False,,,57104,2026-07-07 08:00:00+00:00,63062.7,-0.00017918674588934813,-0.0031064321698881514,,,,,
2026-07-08 13:00:00+00:00,2026-07-08,NEW_YORK_OPEN,20:00,LONG,LOW_SWEEP,62394.1,61876.0,61933.9,62073.6,61615.0,61923.0,False,False,,,57134,2026-07-08 14:00:00+00:00,61922.9,-0.0009269591701939195,0.0026403802147509925,,,,,
2026-07-09 13:00:00+00:00,2026-07-09,NEW_YORK_OPEN,20:00,SHORT,HIGH_SWEEP,63030.5,62428.5,62583.3,63215.0,62490.2,62999.9,True,False,,,57158,2026-07-09 14:00:00+00:00,63000.0,0.0002777777777778212,0.005226984126984191,,,,,
2026-07-10 00:00:00+00:00,2026-07-10,ASIA_OPEN,07:00,LONG,LOW_SWEEP,63395.9,63032.2,63197.1,63239.2,62897.0,63085.3,True,True,63239.2,63662.6,57169,2026-07-10 01:00:00+00:00,63085.3,0.010165601178087291,0.013186907250976043,57171.0,2026-07-10 03:00:00+00:00,63935.0,-0.00027840775787912886,0.002424337217486583
2026-07-10 07:00:00+00:00,2026-07-10,LONDON_OPEN,14:00,LONG,LOW_SWEEP,64185.0,63804.4,63832.8,63980.0,63765.5,63956.1,True,True,63980.0,64065.7,57176,2026-07-10 08:00:00+00:00,63956.1,0.0039918006257417815,0.006534169531913214,57178.0,2026-07-10 10:00:00+00:00,64360.4,0.0002113100602232354,-0.0015770566994611768
2026-07-12 00:00:00+00:00,2026-07-12,ASIA_OPEN,07:00,LONG,LOW_SWEEP,64405.2,63776.0,63783.1,63884.9,63657.4,63802.9,True,True,63884.9,64002.0,57217,2026-07-12 01:00:00+00:00,63802.9,0.004750567764161273,0.006252066912319165,57219.0,2026-07-12 03:00:00+00:00,64049.2,0.002382543419746197,-0.0017361653229079899
2026-07-14 07:00:00+00:00,2026-07-14,LONDON_OPEN,14:00,LONG,LOW_SWEEP,62848.0,62511.0,62600.1,62633.0,62489.7,62529.7,True,False,,,57272,2026-07-14 08:00:00+00:00,62529.7,0.0024052570218633385,0.0038029928178129335,,,,,
2026-07-14 13:00:00+00:00,2026-07-14,NEW_YORK_OPEN,20:00,SHORT,HIGH_SWEEP,63956.0,62577.5,63935.2,64162.2,63666.0,63802.8,False,False,,,57278,2026-07-14 14:00:00+00:00,63802.8,-0.007436977687499624,-0.014123204624248542,,,,,
2026-07-15 13:00:00+00:00,2026-07-15,NEW_YORK_OPEN,20:00,SHORT,HIGH_SWEEP,65241.3,64568.8,65133.7,65550.5,64852.5,65090.2,False,False,,,57302,2026-07-15 14:00:00+00:00,65090.2,-0.004218761042368957,1.0754307099958282e-05,,,,,
2026-07-17 00:00:00+00:00,2026-07-17,ASIA_OPEN,07:00,LONG,LOW_SWEEP,64221.3,63712.6,63801.1,63890.4,63580.0,63862.9,False,False,,,57337,2026-07-17 01:00:00+00:00,63862.9,-0.005513373179107051,-0.005085894940567992,,,,,
2026-07-17 13:00:00+00:00,2026-07-17,NEW_YORK_OPEN,20:00,LONG,LOW_SWEEP,63337.4,62962.2,63073.9,63155.8,62505.1,63128.6,True,False,,,57350,2026-07-17 14:00:00+00:00,63128.7,0.00021860104833471006,0.006732278662478386,,,,,
2026-07-18 00:00:00+00:00,2026-07-18,ASIA_OPEN,07:00,LONG,LOW_SWEEP,64188.2,63860.0,63909.9,63991.0,63859.6,63881.6,True,False,,,57361,2026-07-18 01:00:00+00:00,63881.6,0.0007451284877022513,0.0016890622651906106,,,,,
2026-07-18 07:00:00+00:00,2026-07-18,LONDON_OPEN,14:00,SHORT,HIGH_SWEEP,63992.8,63894.3,63954.2,64000.0,63952.8,63980.1,True,False,,,57368,2026-07-18 08:00:00+00:00,63980.0,4.37636761488891e-05,-1.8755861206587454e-05,,,,,
2026-07-18 13:00:00+00:00,2026-07-18,NEW_YORK_OPEN,20:00,LONG,LOW_SWEEP,64237.7,63957.3,64181.5,64185.4,63925.2,64081.3,True,False,,,57374,2026-07-18 14:00:00+00:00,64081.2,0.00027777257604411076,0.0030742245775672306,,,,,
2026-07-19 00:00:00+00:00,2026-07-19,ASIA_OPEN,07:00,SHORT,HIGH_SWEEP,64837.4,64584.2,64806.7,64878.8,64750.0,64756.5,True,False,,,57385,2026-07-19 01:00:00+00:00,64756.5,0.00010037602402845902,0.0010763398268899271,,,,,
2026-07-20 00:00:00+00:00,2026-07-20,ASIA_OPEN,07:00,SHORT,HIGH_SWEEP,64874.9,64305.0,64694.8,65084.6,64380.0,64526.0,False,False,,,57409,2026-07-20 01:00:00+00:00,64526.0,-0.0010646871028732185,-0.004856956885596508,,,,,
2026-07-22 07:00:00+00:00,2026-07-22,LONDON_OPEN,14:00,LONG,LOW_SWEEP,66399.0,65800.1,65906.7,65941.5,65668.6,65813.4,True,False,,,57464,2026-07-22 08:00:00+00:00,65813.4,0.002128745817721045,0.003081439342140113,,,,,
2026-07-23 00:00:00+00:00,2026-07-23,ASIA_OPEN,07:00,SHORT,HIGH_SWEEP,66116.5,65808.5,66082.0,66284.1,66020.0,66023.8,True,True,65808.9,66020.0,57481,2026-07-23 01:00:00+00:00,66023.8,0.0034835922803595487,0.006012983196968413,57483.0,2026-07-23 03:00:00+00:00,65777.4,0.0022895401764130296,0.0017255166668187494
2026-07-24 07:00:00+00:00,2026-07-24,LONDON_OPEN,14:00,SHORT,HIGH_SWEEP,65490.0,65213.0,65441.6,65780.0,65338.0,65470.0,True,True,65290.7,65338.0,57512,2026-07-24 08:00:00+00:00,65470.1,0.002986095943033562,0.008283170485458236,57514.0,2026-07-24 10:00:00+00:00,65088.2,0.00246434837651055,0.005248263126035102
2026-07-26 13:00:00+00:00,2026-07-26,NEW_YORK_OPEN,20:00,LONG,LOW_SWEEP,64639.0,64405.9,64434.2,64548.3,64379.7,64491.8,True,True,64548.3,64640.0,57566,2026-07-26 14:00:00+00:00,64491.9,0.0030282872732854127,0.003226761810397827,57568.0,2026-07-26 16:00:00+00:00,64733.5,-0.0005175063915900946,-0.0004124603180732933
2026-07-27 13:00:00+00:00,2026-07-27,NEW_YORK_OPEN,20:00,SHORT,HIGH_SWEEP,65412.8,64811.0,65065.0,65689.6,64885.3,65189.4,True,True,64750.0,64885.3,57590,2026-07-27 14:00:00+00:00,65189.4,0.008068796460774297,0.004884229644696814,57592.0,2026-07-27 16:00:00+00:00,64517.2,-0.005483808968771209,-0.0052311631626915656
2026-07-29 00:00:00+00:00,2026-07-29,ASIA_OPEN,07:00,SHORT,HIGH_SWEEP,64047.9,63526.0,63903.6,64175.0,63846.0,63927.5,True,False,,,57625,2026-07-29 01:00:00+00:00,63927.5,0.003832466465918394,0.0031363654139454633,,,,,
2026-07-29 13:00:00+00:00,2026-07-29,NEW_YORK_OPEN,20:00,LONG,LOW_SWEEP,64691.4,64175.4,64248.2,64639.9,64113.6,64634.6,False,False,,,57638,2026-07-29 14:00:00+00:00,64634.6,-0.008609939567971292,-0.013119907913099138,,,,,
2026-07-30 13:00:00+00:00,2026-07-30,NEW_YORK_OPEN,20:00,SHORT,HIGH_SWEEP,65015.6,64515.1,64892.7,65157.0,64663.0,64995.9,True,False,,,57662,2026-07-30 14:00:00+00:00,64995.8,0.005335729385591126,0.003241747928327765,,,,,
2026-08-02 00:00:00+00:00,2026-08-02,ASIA_OPEN,07:00,SHORT,HIGH_SWEEP,62844.9,62631.8,62792.3,62950.0,62782.3,62807.5,False,False,,,57721,2026-08-02 01:00:00+00:00,62807.5,-0.002440791306770773,-0.01001791187358192,,,,,
2026-08-03 07:00:00+00:00,2026-08-03,LONDON_OPEN,14:00,LONG,LOW_SWEEP,62976.8,62576.2,62594.8,62671.6,62520.0,62591.0,False,False,,,57752,2026-08-03 08:00:00+00:00,62591.0,-0.0012557715965554328,0.0018820597210462697,,,,,
2026-08-04 07:00:00+00:00,2026-08-04,LONDON_OPEN,14:00,LONG,LOW_SWEEP,64239.8,63630.0,63653.3,63736.9,63480.0,63666.5,False,False,,,57776,2026-08-04 08:00:00+00:00,63666.5,-0.0016774913023333005,0.0012062858803296717,,,,,
2026-08-04 13:00:00+00:00,2026-08-04,NEW_YORK_OPEN,20:00,SHORT,HIGH_SWEEP,64034.3,63428.8,63875.2,64080.0,63625.5,63663.7,False,False,,,57782,2026-08-04 14:00:00+00:00,63663.7,-0.006853198918693071,-0.004165639131875842,,,,,
2026-08-05 07:00:00+00:00,2026-08-05,LONDON_OPEN,14:00,LONG,LOW_SWEEP,64500.0,64052.4,64226.0,64247.8,63962.4,64141.0,False,False,,,57800,2026-08-05 08:00:00+00:00,64141.0,-0.0006969021374783058,-0.0016837903992765746,,,,,
2026-08-05 13:00:00+00:00,2026-08-05,NEW_YORK_OPEN,20:00,LONG,LOW_SWEEP,64575.2,63982.2,64295.3,64387.0,63847.0,64387.0,True,False,,,57806,2026-08-05 14:00:00+00:00,64386.9,0.000875954580823235,0.0038051218493202477,,,,,
2026-08-06 00:00:00+00:00,2026-08-06,ASIA_OPEN,07:00,LONG,LOW_SWEEP,64804.3,64535.6,64634.0,64696.0,64533.9,64614.8,False,False,,,57817,2026-08-06 01:00:00+00:00,64614.8,-0.0008481029114073557,-0.0018354927973158741,,,,,
2026-08-06 13:00:00+00:00,2026-08-06,NEW_YORK_OPEN,20:00,LONG,LOW_SWEEP,64656.0,64360.2,64392.4,64501.0,64111.0,64404.8,True,True,64501.0,64588.5,57830,2026-08-06 14:00:00+00:00,64404.8,0.005331900727896022,0.004943730902044585,57832.0,2026-08-06 16:00:00+00:00,64604.2,0.00184198550558623,-0.003334148553809091
2026-08-08 00:00:00+00:00,2026-08-08,ASIA_OPEN,07:00,LONG,LOW_SWEEP,65078.7,64815.3,64885.5,64927.6,64784.3,64890.3,False,False,,,57865,2026-08-08 01:00:00+00:00,64890.3,-0.00014948305062545408,0.0016905454282072352,,,,,
2026-08-08 07:00:00+00:00,2026-08-08,LONDON_OPEN,14:00,LONG,LOW_SWEEP,65040.1,64931.8,64978.3,64983.0,64919.5,64936.3,True,False,,,57872,2026-08-08 08:00:00+00:00,64936.3,0.0004142521209244965,0.0006822070244223433,,,,,
2026-08-10 00:00:00+00:00,2026-08-10,ASIA_OPEN,07:00,LONG,LOW_SWEEP,65482.7,64805.1,64867.8,65300.0,64794.4,64945.3,True,False,,,57913,2026-08-10 01:00:00+00:00,64945.3,0.003504487622660868,1.6937330338029355e-05,,,,,
2026-08-10 07:00:00+00:00,2026-08-10,LONDON_OPEN,14:00,SHORT,HIGH_SWEEP,65313.2,64892.1,65273.1,65348.4,65173.1,65183.0,False,False,,,57920,2026-08-10 08:00:00+00:00,65183.0,-0.0005768375189849628,0.002980838562201882,,,,,
2026-08-11 00:00:00+00:00,2026-08-11,ASIA_OPEN,07:00,LONG,LOW_SWEEP,64129.7,63881.6,63939.3,64032.6,63863.9,64006.1,True,False,,,57937,2026-08-11 01:00:00+00:00,64006.1,0.00032028197312450324,0.00163421923847884,,,,,
2026-08-11 13:00:00+00:00,2026-08-11,NEW_YORK_OPEN,20:00,LONG,LOW_SWEEP,64470.0,64172.0,64303.1,64345.9,64020.2,64174.4,False,False,,,57950,2026-08-11 14:00:00+00:00,64174.4,-0.006659976563863523,-0.010688062529606857,,,,,
2026-08-12 00:00:00+00:00,2026-08-12,ASIA_OPEN,07:00,LONG,LOW_SWEEP,63757.5,63527.3,63571.9,63722.4,63505.3,63717.2,True,False,,,57961,2026-08-12 01:00:00+00:00,63717.2,0.0012367147332275064,0.001301061565793793,,,,,
2026-08-13 00:00:00+00:00,2026-08-13,ASIA_OPEN,07:00,SHORT,HIGH_SWEEP,63629.8,63337.5,63454.6,63694.9,63437.0,63530.1,True,False,,,57985,2026-08-13 01:00:00+00:00,63530.0,0.0015929482134424688,-0.0014717456319848221,,,,,
2026-08-13 13:00:00+00:00,2026-08-13,NEW_YORK_OPEN,20:00,SHORT,HIGH_SWEEP,63800.0,63318.1,63669.2,63828.0,63534.0,63699.9,False,False,,,57998,2026-08-13 14:00:00+00:00,63700.0,-0.002128728414442671,0.008806907378336004,,,,,
2026-08-15 13:00:00+00:00,2026-08-15,NEW_YORK_OPEN,20:00,SHORT,HIGH_SWEEP,63031.4,62920.9,63028.8,63058.2,62992.2,63031.3,True,False,,,58046,2026-08-15 14:00:00+00:00,63031.2,0.00030937059741842354,-0.0005568670753532956,,,,,
2026-08-16 00:00:00+00:00,2026-08-16,ASIA_OPEN,07:00,LONG,LOW_SWEEP,63141.6,63049.9,63053.9,63057.4,63032.9,63051.1,True,False,,,58057,2026-08-16 01:00:00+00:00,63051.0,4.7580530047053315e-06,0.0007232240567158765,,,,,
2026-08-17 13:00:00+00:00,2026-08-17,NEW_YORK_OPEN,20:00,SHORT,HIGH_SWEEP,63753.0,63265.3,63526.6,63776.0,63412.5,63647.0,False,False,,,58094,2026-08-17 14:00:00+00:00,63646.9,-0.0035319866324989846,-0.006837725010958806,,,,,
2026-08-18 13:00:00+00:00,2026-08-18,NEW_YORK_OPEN,20:00,LONG,LOW_SWEEP,64380.0,64100.1,64194.6,64262.5,63979.2,64187.5,True,True,64262.5,64615.0,58118,2026-08-18 14:00:00+00:00,64187.6,0.00772734920763507,0.0096140064436121,58120.0,2026-08-18 16:00:00+00:00,64823.9,-0.0002961870544661016,-0.0012217715996724055
