partition,regime,clock_block,obs_start,obs_end,H,L,range,f15_px,k1_ts,k1_start,clean_window,window_status,leave_bar_start,eligible_start,fill_ts,terminal_ts,terminal_type,l2_after_fill,minutes_fill_to_l2
external,SIDEWAYS,20-00,2020-01-01 20:00:00+00:00,2020-01-02 00:00:00+00:00,7248.0,7210.81,37.1899999999996,7216.3885,2020-01-01 22:15:00+00:00,2020-01-01 22:10:00+00:00,True,CLEAN_CAUSAL_LEAVE,2020-01-01 22:15:00+00:00,2020-01-01 22:20:00+00:00,2020-01-01 22:20:00+00:00,2020-01-01 22:30:00+00:00,L2_ARRIVAL,True,10.0
external,SIDEWAYS,04-08,2020-01-02 04:00:00+00:00,2020-01-02 08:00:00+00:00,7209.59,7121.0,88.59000000000015,7134.2885,2020-01-02 04:05:00+00:00,2020-01-02 04:00:00+00:00,True,CLEAN_CAUSAL_LEAVE,2020-01-02 04:05:00+00:00,2020-01-02 04:10:00+00:00,2020-01-02 04:30:00+00:00,2020-01-02 06:55:00+00:00,L2_ARRIVAL,True,145.0
external,SIDEWAYS,12-16,2020-01-02 12:00:00+00:00,2020-01-02 16:00:00+00:00,7175.0,7106.75,68.25,7116.9875,2020-01-02 13:55:00+00:00,2020-01-02 13:50:00+00:00,True,CLEAN_CAUSAL_LEAVE,2020-01-02 13:55:00+00:00,2020-01-02 14:00:00+00:00,2020-01-02 15:35:00+00:00,2020-01-02 16:00:00+00:00,BLOCK_END,False,
external,SIDEWAYS,20-00,2020-01-03 20:00:00+00:00,2020-01-04 00:00:00+00:00,7407.28,7276.35,130.92999999999938,7295.989500000001,2020-01-03 21:55:00+00:00,2020-01-03 21:50:00+00:00,True,CLEAN_CAUSAL_LEAVE,2020-01-03 22:00:00+00:00,2020-01-03 22:05:00+00:00,,2020-01-03 22:05:00+00:00,L2_ARRIVAL,False,
external,SIDEWAYS,08-12,2020-01-04 08:00:00+00:00,2020-01-04 12:00:00+00:00,7368.47,7310.0,58.470000000000255,7318.7705,2020-01-04 11:00:00+00:00,2020-01-04 10:55:00+00:00,True,CLEAN_CAUSAL_LEAVE,2020-01-04 11:05:00+00:00,2020-01-04 11:10:00+00:00,2020-01-04 11:30:00+00:00,2020-01-04 12:00:00+00:00,BLOCK_END,False,
external,SIDEWAYS,12-16,2020-01-07 12:00:00+00:00,2020-01-07 16:00:00+00:00,7969.0,7860.0,109.0,7876.35,2020-01-07 12:30:00+00:00,2020-01-07 12:25:00+00:00,True,CLEAN_CAUSAL_LEAVE,2020-01-07 12:30:00+00:00,2020-01-07 12:35:00+00:00,2020-01-07 12:35:00+00:00,2020-01-07 12:55:00+00:00,L2_ARRIVAL,True,20.0
external,SIDEWAYS,16-20,2020-01-07 16:00:00+00:00,2020-01-07 20:00:00+00:00,7918.19,7746.0,172.1899999999996,7771.8285,2020-01-07 16:05:00+00:00,2020-01-07 16:00:00+00:00,True,CLEAN_CAUSAL_LEAVE,2020-01-07 16:05:00+00:00,2020-01-07 16:10:00+00:00,,2020-01-07 16:30:00+00:00,OPPOSITE_HIGH_BREAK,False,
external,BULL,08-12,2020-01-08 08:00:00+00:00,2020-01-08 12:00:00+00:00,8381.87,8280.0,101.8700000000008,8295.2805,2020-01-08 08:05:00+00:00,2020-01-08 08:00:00+00:00,False,LOW_BREAK_BEFORE_LEAVE,2020-01-08 08:10:00+00:00,,,2020-01-08 08:10:00+00:00,L2_BREAK,False,
external,BULL,16-20,2020-01-08 16:00:00+00:00,2020-01-08 20:00:00+00:00,8427.97,8201.1,226.86999999999898,8235.1305,2020-01-08 16:35:00+00:00,2020-01-08 16:30:00+00:00,False,LOW_BREAK_BEFORE_LEAVE,2020-01-08 16:35:00+00:00,,,2020-01-08 16:35:00+00:00,L2_BREAK,False,
external,BULL,04-08,2020-01-09 04:00:00+00:00,2020-01-09 08:00:00+00:00,8060.0,7932.0,128.0,7951.2,2020-01-09 04:15:00+00:00,2020-01-09 04:10:00+00:00,True,CLEAN_CAUSAL_LEAVE,2020-01-09 04:20:00+00:00,2020-01-09 04:25:00+00:00,2020-01-09 04:25:00+00:00,2020-01-09 06:10:00+00:00,L2_ARRIVAL,True,105.0
external,BULL,08-12,2020-01-09 08:00:00+00:00,2020-01-09 12:00:00+00:00,7980.73,7898.0,82.72999999999956,7910.4095,2020-01-09 09:05:00+00:00,2020-01-09 09:00:00+00:00,False,LOW_BREAK_BEFORE_LEAVE,2020-01-09 09:05:00+00:00,,,2020-01-09 09:05:00+00:00,L2_BREAK,False,
external,SIDEWAYS,16-20,2020-01-09 16:00:00+00:00,2020-01-09 20:00:00+00:00,7948.11,7874.23,73.88000000000011,7885.312,2020-01-09 16:10:00+00:00,2020-01-09 16:05:00+00:00,False,LOW_BREAK_BEFORE_LEAVE,2020-01-09 16:10:00+00:00,,,2020-01-09 16:10:00+00:00,L2_BREAK,False,
external,BULL,04-08,2020-01-11 04:00:00+00:00,2020-01-11 08:00:00+00:00,8261.33,8131.93,129.39999999999964,8151.34,2020-01-11 04:25:00+00:00,2020-01-11 04:20:00+00:00,False,LOW_BREAK_BEFORE_LEAVE,2020-01-11 04:25:00+00:00,,,2020-01-11 04:25:00+00:00,L2_BREAK,False,
external,BULL,16-20,2020-01-12 16:00:00+00:00,2020-01-12 20:00:00+00:00,8186.0,8117.2,68.80000000000018,8127.5199999999995,2020-01-12 16:45:00+00:00,2020-01-12 16:40:00+00:00,False,LOW_BREAK_BEFORE_LEAVE,2020-01-12 16:50:00+00:00,,,2020-01-12 16:50:00+00:00,L2_BREAK,False,
external,BULL,12-16,2020-01-13 12:00:00+00:00,2020-01-13 16:00:00+00:00,8135.93,8063.92,72.01000000000022,8074.7215,2020-01-13 12:20:00+00:00,2020-01-13 12:15:00+00:00,True,CLEAN_CAUSAL_LEAVE,2020-01-13 12:20:00+00:00,2020-01-13 12:25:00+00:00,2020-01-13 14:25:00+00:00,2020-01-13 16:00:00+00:00,BLOCK_END,False,
external,BULL,16-20,2020-01-15 16:00:00+00:00,2020-01-15 20:00:00+00:00,8921.2,8727.0,194.20000000000073,8756.130000000001,2020-01-15 16:10:00+00:00,2020-01-15 16:05:00+00:00,True,CLEAN_CAUSAL_LEAVE,2020-01-15 16:10:00+00:00,2020-01-15 16:15:00+00:00,2020-01-15 17:00:00+00:00,2020-01-15 18:25:00+00:00,L2_ARRIVAL,True,85.0
external,BULL,00-04,2020-01-18 00:00:00+00:00,2020-01-18 04:00:00+00:00,8968.0,8869.68,98.31999999999971,8884.428,2020-01-18 00:05:00+00:00,2020-01-18 00:00:00+00:00,True,CLEAN_CAUSAL_LEAVE,2020-01-18 00:05:00+00:00,2020-01-18 00:10:00+00:00,,2020-01-18 00:35:00+00:00,OPPOSITE_HIGH_BREAK,False,
external,BULL,00-04,2020-01-19 00:00:00+00:00,2020-01-19 04:00:00+00:00,8968.0,8901.0,67.0,8911.05,2020-01-19 00:15:00+00:00,2020-01-19 00:10:00+00:00,True,CLEAN_CAUSAL_LEAVE,2020-01-19 00:15:00+00:00,2020-01-19 00:20:00+00:00,,2020-01-19 00:55:00+00:00,OPPOSITE_HIGH_BREAK,False,
external,BULL,08-12,2020-01-19 08:00:00+00:00,2020-01-19 12:00:00+00:00,9173.17,9047.95,125.21999999999935,9066.733,2020-01-19 11:00:00+00:00,2020-01-19 10:55:00+00:00,False,LOW_BREAK_BEFORE_LEAVE,2020-01-19 11:00:00+00:00,,,2020-01-19 11:00:00+00:00,L2_BREAK,False,
external,SIDEWAYS,08-12,2020-01-20 08:00:00+00:00,2020-01-20 12:00:00+00:00,8699.55,8636.22,63.32999999999993,8645.7195,2020-01-20 08:50:00+00:00,2020-01-20 08:45:00+00:00,True,CLEAN_CAUSAL_LEAVE,2020-01-20 08:55:00+00:00,2020-01-20 09:00:00+00:00,2020-01-20 11:35:00+00:00,2020-01-20 11:40:00+00:00,L2_ARRIVAL,True,5.0
external,SIDEWAYS,12-16,2020-01-20 12:00:00+00:00,2020-01-20 16:00:00+00:00,8686.0,8601.0,85.0,8613.75,2020-01-20 12:25:00+00:00,2020-01-20 12:20:00+00:00,False,LOW_BREAK_BEFORE_LEAVE,2020-01-20 12:25:00+00:00,,,2020-01-20 12:25:00+00:00,L2_BREAK,False,
external,SIDEWAYS,16-20,2020-01-22 16:00:00+00:00,2020-01-22 20:00:00+00:00,8679.98,8639.4,40.57999999999993,8645.487,2020-01-22 16:40:00+00:00,2020-01-22 16:35:00+00:00,True,CLEAN_CAUSAL_LEAVE,2020-01-22 16:40:00+00:00,2020-01-22 16:45:00+00:00,,2020-01-22 16:45:00+00:00,OPPOSITE_HIGH_BREAK,False,
external,SIDEWAYS,12-16,2020-01-23 12:00:00+00:00,2020-01-23 16:00:00+00:00,8625.0,8404.68,220.3199999999997,8437.728000000001,2020-01-23 12:05:00+00:00,2020-01-23 12:00:00+00:00,True,CLEAN_CAUSAL_LEAVE,2020-01-23 12:15:00+00:00,2020-01-23 12:20:00+00:00,2020-01-23 12:30:00+00:00,2020-01-23 13:10:00+00:00,L2_ARRIVAL,True,40.0
external,SIDEWAYS,16-20,2020-01-23 16:00:00+00:00,2020-01-23 20:00:00+00:00,8508.0,8334.72,173.28000000000065,8360.712,2020-01-23 16:45:00+00:00,2020-01-23 16:40:00+00:00,True,CLEAN_CAUSAL_LEAVE,2020-01-23 16:45:00+00:00,2020-01-23 16:50:00+00:00,2020-01-23 16:50:00+00:00,2020-01-23 17:50:00+00:00,L2_ARRIVAL,True,60.0
external,SIDEWAYS,08-12,2020-01-24 08:00:00+00:00,2020-01-24 12:00:00+00:00,8361.96,8305.61,56.349999999998545,8314.0625,2020-01-24 09:30:00+00:00,2020-01-24 09:25:00+00:00,True,CLEAN_CAUSAL_LEAVE,2020-01-24 09:30:00+00:00,2020-01-24 09:35:00+00:00,,2020-01-24 09:35:00+00:00,L2_ARRIVAL,False,
external,BEAR,20-00,2020-01-24 20:00:00+00:00,2020-01-25 00:00:00+00:00,8528.0,8450.0,78.0,8461.7,2020-01-24 22:15:00+00:00,2020-01-24 22:10:00+00:00,True,CLEAN_CAUSAL_LEAVE,2020-01-24 22:15:00+00:00,2020-01-24 22:20:00+00:00,2020-01-24 22:20:00+00:00,2020-01-24 22:35:00+00:00,L2_ARRIVAL,True,15.0
external,BEAR,12-16,2020-01-25 12:00:00+00:00,2020-01-25 16:00:00+00:00,8390.0,8310.0,80.0,8322.0,2020-01-25 12:50:00+00:00,2020-01-25 12:45:00+00:00,False,LOW_BREAK_BEFORE_LEAVE,2020-01-25 12:50:00+00:00,,,2020-01-25 12:50:00+00:00,L2_BREAK,False,
external,BULL,08-12,2020-01-28 08:00:00+00:00,2020-01-28 12:00:00+00:00,9149.09,8977.61,171.47999999999956,9003.332,2020-01-28 08:30:00+00:00,2020-01-28 08:25:00+00:00,True,CLEAN_CAUSAL_LEAVE,2020-01-28 08:35:00+00:00,2020-01-28 08:40:00+00:00,2020-01-28 08:55:00+00:00,2020-01-28 10:00:00+00:00,L2_ARRIVAL,True,65.0
external,BULL,00-04,2020-01-30 00:00:00+00:00,2020-01-30 04:00:00+00:00,9460.52,9295.62,164.89999999999964,9320.355000000001,2020-01-30 00:05:00+00:00,2020-01-30 00:00:00+00:00,True,CLEAN_CAUSAL_LEAVE,2020-01-30 00:05:00+00:00,2020-01-30 00:10:00+00:00,,2020-01-30 00:10:00+00:00,L2_ARRIVAL,False,
external,BULL,00-04,2020-01-31 00:00:00+00:00,2020-01-31 04:00:00+00:00,9599.0,9481.58,117.42000000000007,9499.193,2020-01-31 01:05:00+00:00,2020-01-31 01:00:00+00:00,True,CLEAN_CAUSAL_LEAVE,2020-01-31 01:05:00+00:00,2020-01-31 01:10:00+00:00,2020-01-31 01:10:00+00:00,2020-01-31 01:35:00+00:00,L2_ARRIVAL,True,25.0
external,BULL,04-08,2020-01-31 04:00:00+00:00,2020-01-31 08:00:00+00:00,9550.72,9410.19,140.52999999999884,9431.2695,2020-01-31 05:30:00+00:00,2020-01-31 05:25:00+00:00,False,LOW_BREAK_BEFORE_LEAVE,2020-01-31 05:35:00+00:00,,,2020-01-31 05:35:00+00:00,L2_BREAK,False,
external,BULL,08-12,2020-01-31 08:00:00+00:00,2020-01-31 12:00:00+00:00,9459.67,9328.22,131.45000000000073,9347.9375,2020-01-31 10:50:00+00:00,2020-01-31 10:45:00+00:00,False,LOW_BREAK_BEFORE_LEAVE,2020-01-31 11:00:00+00:00,,,2020-01-31 11:00:00+00:00,L2_BREAK,False,
external,BULL,00-04,2020-02-02 00:00:00+00:00,2020-02-02 04:00:00+00:00,9421.4,9354.52,66.8799999999992,9364.552,2020-02-02 00:35:00+00:00,2020-02-02 00:30:00+00:00,False,LOW_BREAK_BEFORE_LEAVE,2020-02-02 00:35:00+00:00,,,2020-02-02 00:35:00+00:00,L2_BREAK,False,
external,BULL,08-12,2020-02-03 08:00:00+00:00,2020-02-03 12:00:00+00:00,9432.61,9353.49,79.1200000000008,9365.358,2020-02-03 09:55:00+00:00,2020-02-03 09:50:00+00:00,False,LOW_BREAK_BEFORE_LEAVE,2020-02-03 09:55:00+00:00,,,2020-02-03 09:55:00+00:00,L2_BREAK,False,
external,SIDEWAYS,12-16,2020-02-03 12:00:00+00:00,2020-02-03 16:00:00+00:00,9407.0,9304.0,103.0,9319.45,2020-02-03 15:30:00+00:00,2020-02-03 15:25:00+00:00,True,CLEAN_CAUSAL_LEAVE,2020-02-03 15:35:00+00:00,2020-02-03 15:40:00+00:00,2020-02-03 15:40:00+00:00,2020-02-03 15:45:00+00:00,L2_ARRIVAL,True,5.0
external,SIDEWAYS,16-20,2020-02-03 16:00:00+00:00,2020-02-03 20:00:00+00:00,9378.82,9280.0,98.81999999999971,9294.823,2020-02-03 16:05:00+00:00,2020-02-03 16:00:00+00:00,True,CLEAN_CAUSAL_LEAVE,2020-02-03 16:05:00+00:00,2020-02-03 16:10:00+00:00,2020-02-03 16:40:00+00:00,2020-02-03 16:55:00+00:00,L2_ARRIVAL,True,15.0
external,SIDEWAYS,04-08,2020-02-04 04:00:00+00:00,2020-02-04 08:00:00+00:00,9368.0,9271.18,96.81999999999971,9285.703,2020-02-04 04:55:00+00:00,2020-02-04 04:50:00+00:00,False,LOW_BREAK_BEFORE_LEAVE,2020-02-04 05:00:00+00:00,,,2020-02-04 05:00:00+00:00,L2_BREAK,False,
external,SIDEWAYS,08-12,2020-02-04 08:00:00+00:00,2020-02-04 12:00:00+00:00,9327.82,9226.4,101.42000000000007,9241.613,2020-02-04 09:20:00+00:00,2020-02-04 09:15:00+00:00,False,LOW_BREAK_BEFORE_LEAVE,2020-02-04 09:20:00+00:00,,,2020-02-04 09:20:00+00:00,L2_BREAK,False,
external,SIDEWAYS,12-16,2020-02-04 12:00:00+00:00,2020-02-04 16:00:00+00:00,9305.0,9114.0,191.0,9142.65,2020-02-04 12:45:00+00:00,2020-02-04 12:40:00+00:00,True,CLEAN_CAUSAL_LEAVE,2020-02-04 12:45:00+00:00,2020-02-04 12:50:00+00:00,2020-02-04 12:50:00+00:00,2020-02-04 13:20:00+00:00,L2_ARRIVAL,True,30.0
external,BULL,00-04,2020-02-06 00:00:00+00:00,2020-02-06 04:00:00+00:00,9738.0,9600.96,137.04000000000087,9621.516,2020-02-06 00:15:00+00:00,2020-02-06 00:10:00+00:00,False,LOW_BREAK_BEFORE_LEAVE,2020-02-06 00:15:00+00:00,,,2020-02-06 00:15:00+00:00,L2_BREAK,False,
external,BULL,08-12,2020-02-06 08:00:00+00:00,2020-02-06 12:00:00+00:00,9705.0,9617.07,87.93000000000029,9630.2595,2020-02-06 08:05:00+00:00,2020-02-06 08:00:00+00:00,True,CLEAN_CAUSAL_LEAVE,2020-02-06 08:05:00+00:00,2020-02-06 08:10:00+00:00,2020-02-06 09:20:00+00:00,2020-02-06 11:50:00+00:00,OPPOSITE_HIGH_BREAK,False,
external,BULL,20-00,2020-02-06 20:00:00+00:00,2020-02-07 00:00:00+00:00,9849.0,9723.5,125.5,9742.325,2020-02-06 22:40:00+00:00,2020-02-06 22:35:00+00:00,True,CLEAN_CAUSAL_LEAVE,2020-02-06 22:40:00+00:00,2020-02-06 22:45:00+00:00,,2020-02-06 22:45:00+00:00,L2_ARRIVAL,False,
external,BULL,04-08,2020-02-07 04:00:00+00:00,2020-02-07 08:00:00+00:00,9867.3,9762.0,105.29999999999927,9777.795,2020-02-07 04:20:00+00:00,2020-02-07 04:15:00+00:00,False,LOW_BREAK_BEFORE_LEAVE,2020-02-07 04:20:00+00:00,,,2020-02-07 04:20:00+00:00,L2_BREAK,False,
external,BULL,12-16,2020-02-07 12:00:00+00:00,2020-02-07 16:00:00+00:00,9900.0,9772.08,127.92000000000007,9791.268,2020-02-07 12:15:00+00:00,2020-02-07 12:10:00+00:00,True,CLEAN_CAUSAL_LEAVE,2020-02-07 12:15:00+00:00,2020-02-07 12:20:00+00:00,2020-02-07 12:20:00+00:00,2020-02-07 12:40:00+00:00,L2_ARRIVAL,True,20.0
external,BULL,20-00,2020-02-09 20:00:00+00:00,2020-02-10 00:00:00+00:00,10138.43,10071.01,67.42000000000007,10081.123,2020-02-09 20:45:00+00:00,2020-02-09 20:40:00+00:00,True,CLEAN_CAUSAL_LEAVE,2020-02-09 20:45:00+00:00,2020-02-09 20:50:00+00:00,2020-02-09 20:55:00+00:00,2020-02-09 22:55:00+00:00,OPPOSITE_HIGH_BREAK,False,
external,SIDEWAYS,00-04,2020-02-11 00:00:00+00:00,2020-02-11 04:00:00+00:00,9908.0,9825.88,82.1200000000008,9838.197999999999,2020-02-11 00:25:00+00:00,2020-02-11 00:20:00+00:00,False,LOW_BREAK_BEFORE_LEAVE,2020-02-11 00:25:00+00:00,,,2020-02-11 00:25:00+00:00,L2_BREAK,False,
external,SIDEWAYS,04-08,2020-02-11 04:00:00+00:00,2020-02-11 08:00:00+00:00,9874.77,9733.0,141.77000000000044,9754.2655,2020-02-11 04:10:00+00:00,2020-02-11 04:05:00+00:00,True,CLEAN_CAUSAL_LEAVE,2020-02-11 04:10:00+00:00,2020-02-11 04:15:00+00:00,2020-02-11 04:20:00+00:00,2020-02-11 08:00:00+00:00,BLOCK_END,False,
external,BULL,20-00,2020-02-11 20:00:00+00:00,2020-02-12 00:00:00+00:00,10409.96,10204.38,205.57999999999993,10235.216999999999,2020-02-11 21:50:00+00:00,2020-02-11 21:45:00+00:00,True,CLEAN_CAUSAL_LEAVE,2020-02-11 21:50:00+00:00,2020-02-11 21:55:00+00:00,2020-02-11 21:55:00+00:00,2020-02-11 23:00:00+00:00,L2_ARRIVAL,True,65.0
external,BULL,00-04,2020-02-14 00:00:00+00:00,2020-02-14 04:00:00+00:00,10275.0,10200.0,75.0,10211.25,2020-02-14 00:20:00+00:00,2020-02-14 00:15:00+00:00,True,CLEAN_CAUSAL_LEAVE,2020-02-14 00:20:00+00:00,2020-02-14 00:25:00+00:00,2020-02-14 00:30:00+00:00,2020-02-14 00:35:00+00:00,L2_ARRIVAL,True,5.0
external,BULL,04-08,2020-02-14 04:00:00+00:00,2020-02-14 08:00:00+00:00,10299.0,10192.55,106.45000000000073,10208.5175,2020-02-14 05:30:00+00:00,2020-02-14 05:25:00+00:00,True,CLEAN_CAUSAL_LEAVE,2020-02-14 05:35:00+00:00,2020-02-14 05:40:00+00:00,2020-02-14 05:40:00+00:00,2020-02-14 05:55:00+00:00,L2_ARRIVAL,True,15.0
external,BULL,12-16,2020-02-15 12:00:00+00:00,2020-02-15 16:00:00+00:00,10288.14,10230.0,58.13999999999942,10238.721,2020-02-15 12:05:00+00:00,2020-02-15 12:00:00+00:00,True,CLEAN_CAUSAL_LEAVE,2020-02-15 12:20:00+00:00,2020-02-15 12:25:00+00:00,2020-02-15 13:15:00+00:00,2020-02-15 15:15:00+00:00,L2_ARRIVAL,True,120.0
external,SIDEWAYS,08-12,2020-02-16 08:00:00+00:00,2020-02-16 12:00:00+00:00,10042.06,9942.0,100.05999999999949,9957.009,2020-02-16 11:00:00+00:00,2020-02-16 10:55:00+00:00,True,CLEAN_CAUSAL_LEAVE,2020-02-16 11:00:00+00:00,2020-02-16 11:05:00+00:00,,2020-02-16 11:05:00+00:00,L2_ARRIVAL,False,
external,SIDEWAYS,12-16,2020-02-16 12:00:00+00:00,2020-02-16 16:00:00+00:00,10030.02,9910.0,120.02000000000044,9928.003,2020-02-16 12:15:00+00:00,2020-02-16 12:10:00+00:00,True,CLEAN_CAUSAL_LEAVE,2020-02-16 12:20:00+00:00,2020-02-16 12:25:00+00:00,2020-02-16 12:40:00+00:00,2020-02-16 13:00:00+00:00,L2_ARRIVAL,True,20.0
external,BEAR,08-12,2020-02-18 08:00:00+00:00,2020-02-18 12:00:00+00:00,9821.0,9729.44,91.55999999999949,9743.174,2020-02-18 09:05:00+00:00,2020-02-18 09:00:00+00:00,False,LOW_BREAK_BEFORE_LEAVE,2020-02-18 09:05:00+00:00,,,2020-02-18 09:05:00+00:00,L2_BREAK,False,
external,BEAR,12-16,2020-02-18 12:00:00+00:00,2020-02-18 16:00:00+00:00,9802.59,9645.23,157.36000000000058,9668.833999999999,2020-02-18 13:00:00+00:00,2020-02-18 12:55:00+00:00,True,CLEAN_CAUSAL_LEAVE,2020-02-18 13:00:00+00:00,2020-02-18 13:05:00+00:00,2020-02-18 13:05:00+00:00,2020-02-18 13:15:00+00:00,L2_ARRIVAL,True,10.0
external,BULL,08-12,2020-02-19 08:00:00+00:00,2020-02-19 12:00:00+00:00,10175.0,10037.26,137.73999999999978,10057.921,2020-02-19 08:10:00+00:00,2020-02-19 08:05:00+00:00,True,CLEAN_CAUSAL_LEAVE,2020-02-19 08:10:00+00:00,2020-02-19 08:15:00+00:00,,2020-02-19 11:55:00+00:00,OPPOSITE_HIGH_BREAK,False,
external,BEAR,12-16,2020-02-20 12:00:00+00:00,2020-02-20 16:00:00+00:00,9642.0,9545.0,97.0,9559.55,2020-02-20 13:00:00+00:00,2020-02-20 12:55:00+00:00,False,LOW_BREAK_BEFORE_LEAVE,2020-02-20 13:00:00+00:00,,,2020-02-20 13:00:00+00:00,L2_BREAK,False,
external,BULL,12-16,2020-02-23 12:00:00+00:00,2020-02-23 16:00:00+00:00,10018.9,9823.5,195.39999999999964,9852.81,2020-02-23 12:05:00+00:00,2020-02-23 12:00:00+00:00,True,CLEAN_CAUSAL_LEAVE,2020-02-23 12:05:00+00:00,2020-02-23 12:10:00+00:00,2020-02-23 12:10:00+00:00,2020-02-23 16:00:00+00:00,BLOCK_END,False,
external,BULL,20-00,2020-02-23 20:00:00+00:00,2020-02-24 00:00:00+00:00,9905.0,9860.0,45.0,9866.75,2020-02-23 20:45:00+00:00,2020-02-23 20:40:00+00:00,False,LOW_BREAK_BEFORE_LEAVE,2020-02-23 20:45:00+00:00,,,2020-02-23 20:45:00+00:00,L2_BREAK,False,
external,SIDEWAYS,16-20,2020-02-24 16:00:00+00:00,2020-02-24 20:00:00+00:00,9848.2,9676.24,171.96000000000095,9702.034,2020-02-24 16:50:00+00:00,2020-02-24 16:45:00+00:00,False,LOW_BREAK_BEFORE_LEAVE,2020-02-24 16:50:00+00:00,,,2020-02-24 16:50:00+00:00,L2_BREAK,False,
external,SIDEWAYS,16-20,2020-02-25 16:00:00+00:00,2020-02-25 20:00:00+00:00,9686.78,9357.6,329.1800000000003,9406.977,2020-02-25 16:05:00+00:00,2020-02-25 16:00:00+00:00,True,CLEAN_CAUSAL_LEAVE,2020-02-25 16:05:00+00:00,2020-02-25 16:10:00+00:00,2020-02-25 16:10:00+00:00,2020-02-25 16:45:00+00:00,L2_ARRIVAL,True,35.0
external,SIDEWAYS,20-00,2020-02-25 20:00:00+00:00,2020-02-26 00:00:00+00:00,9466.48,9285.66,180.8199999999997,9312.783,2020-02-25 21:25:00+00:00,2020-02-25 21:20:00+00:00,True,CLEAN_CAUSAL_LEAVE,2020-02-25 21:25:00+00:00,2020-02-25 21:30:00+00:00,,2020-02-26 00:00:00+00:00,BLOCK_END,False,
external,SIDEWAYS,00-04,2020-02-26 00:00:00+00:00,2020-02-26 04:00:00+00:00,9434.65,9247.0,187.64999999999964,9275.1475,2020-02-26 01:25:00+00:00,2020-02-26 01:20:00+00:00,False,LOW_BREAK_BEFORE_LEAVE,2020-02-26 01:25:00+00:00,,,2020-02-26 01:25:00+00:00,L2_BREAK,False,
external,SIDEWAYS,08-12,2020-02-26 08:00:00+00:00,2020-02-26 12:00:00+00:00,9230.72,9130.0,100.71999999999935,9145.108,2020-02-26 08:35:00+00:00,2020-02-26 08:30:00+00:00,True,CLEAN_CAUSAL_LEAVE,2020-02-26 08:35:00+00:00,2020-02-26 08:40:00+00:00,2020-02-26 08:40:00+00:00,2020-02-26 10:00:00+00:00,L2_ARRIVAL,True,80.0
external,SIDEWAYS,12-16,2020-02-26 12:00:00+00:00,2020-02-26 16:00:00+00:00,9241.73,9116.0,125.72999999999956,9134.8595,2020-02-26 12:10:00+00:00,2020-02-26 12:05:00+00:00,True,CLEAN_CAUSAL_LEAVE,2020-02-26 12:10:00+00:00,2020-02-26 12:15:00+00:00,,2020-02-26 12:30:00+00:00,OPPOSITE_HIGH_BREAK,False,
external,SIDEWAYS,16-20,2020-02-26 16:00:00+00:00,2020-02-26 20:00:00+00:00,9300.0,8981.06,318.9400000000005,9028.901,2020-02-26 16:05:00+00:00,2020-02-26 16:00:00+00:00,False,LOW_BREAK_BEFORE_LEAVE,2020-02-26 16:05:00+00:00,,,2020-02-26 16:05:00+00:00,L2_BREAK,False,
external,SIDEWAYS,00-04,2020-02-27 00:00:00+00:00,2020-02-27 04:00:00+00:00,8869.0,8720.0,149.0,8742.35,2020-02-27 00:10:00+00:00,2020-02-27 00:05:00+00:00,True,CLEAN_CAUSAL_LEAVE,2020-02-27 00:10:00+00:00,2020-02-27 00:15:00+00:00,,2020-02-27 00:15:00+00:00,L2_ARRIVAL,False,
external,BEAR,04-08,2020-02-28 04:00:00+00:00,2020-02-28 08:00:00+00:00,8908.86,8790.0,118.86000000000058,8807.829,2020-02-28 05:15:00+00:00,2020-02-28 05:10:00+00:00,True,CLEAN_CAUSAL_LEAVE,2020-02-28 05:20:00+00:00,2020-02-28 05:25:00+00:00,2020-02-28 05:25:00+00:00,2020-02-28 05:30:00+00:00,L2_ARRIVAL,True,5.0
external,BEAR,00-04,2020-03-01 00:00:00+00:00,2020-03-01 04:00:00+00:00,8679.89,8530.0,149.88999999999942,8552.4835,2020-03-01 00:05:00+00:00,2020-03-01 00:00:00+00:00,True,CLEAN_CAUSAL_LEAVE,2020-03-01 00:05:00+00:00,2020-03-01 00:10:00+00:00,2020-03-01 00:45:00+00:00,2020-03-01 01:00:00+00:00,L2_ARRIVAL,True,15.0
external,SIDEWAYS,16-20,2020-03-03 16:00:00+00:00,2020-03-03 20:00:00+00:00,8907.0,8660.0,247.0,8697.05,2020-03-03 16:45:00+00:00,2020-03-03 16:40:00+00:00,True,CLEAN_CAUSAL_LEAVE,2020-03-03 16:45:00+00:00,2020-03-03 16:50:00+00:00,2020-03-03 16:50:00+00:00,2020-03-03 20:00:00+00:00,BLOCK_END,False,
external,BULL,00-04,2020-03-06 00:00:00+00:00,2020-03-06 04:00:00+00:00,9172.3,9039.0,133.29999999999927,9058.994999999999,2020-03-06 00:50:00+00:00,2020-03-06 00:45:00+00:00,False,LOW_BREAK_BEFORE_LEAVE,2020-03-06 00:50:00+00:00,,,2020-03-06 00:50:00+00:00,L2_BREAK,False,
external,BULL,16-20,2020-03-06 16:00:00+00:00,2020-03-06 20:00:00+00:00,9138.64,9016.53,122.10999999999876,9034.8465,2020-03-06 16:05:00+00:00,2020-03-06 16:00:00+00:00,True,CLEAN_CAUSAL_LEAVE,2020-03-06 16:05:00+00:00,2020-03-06 16:10:00+00:00,,2020-03-06 20:00:00+00:00,BLOCK_END,False,
external,SIDEWAYS,00-04,2020-03-08 00:00:00+00:00,2020-03-08 04:00:00+00:00,8932.31,8865.0,67.30999999999949,8875.0965,2020-03-08 00:05:00+00:00,2020-03-08 00:00:00+00:00,False,LOW_BREAK_BEFORE_LEAVE,2020-03-08 00:05:00+00:00,,,2020-03-08 00:05:00+00:00,L2_BREAK,False,
external,SIDEWAYS,12-16,2020-03-08 12:00:00+00:00,2020-03-08 16:00:00+00:00,8760.0,8672.0,88.0,8685.2,2020-03-08 13:00:00+00:00,2020-03-08 12:55:00+00:00,True,CLEAN_CAUSAL_LEAVE,2020-03-08 13:00:00+00:00,2020-03-08 13:05:00+00:00,2020-03-08 13:05:00+00:00,2020-03-08 13:10:00+00:00,L2_ARRIVAL,True,5.0
external,SIDEWAYS,00-04,2020-03-09 00:00:00+00:00,2020-03-09 04:00:00+00:00,8305.79,7997.7,308.09000000000106,8043.9135,2020-03-09 03:20:00+00:00,2020-03-09 03:15:00+00:00,True,CLEAN_CAUSAL_LEAVE,2020-03-09 03:20:00+00:00,2020-03-09 03:25:00+00:00,2020-03-09 03:45:00+00:00,2020-03-09 04:00:00+00:00,BLOCK_END,False,
external,SIDEWAYS,12-16,2020-03-09 12:00:00+00:00,2020-03-09 16:00:00+00:00,7996.28,7762.06,234.21999999999935,7797.193,2020-03-09 13:40:00+00:00,2020-03-09 13:35:00+00:00,False,LOW_BREAK_BEFORE_LEAVE,2020-03-09 13:45:00+00:00,,,2020-03-09 13:45:00+00:00,L2_BREAK,False,
external,SIDEWAYS,16-20,2020-03-10 16:00:00+00:00,2020-03-10 20:00:00+00:00,8156.31,7744.71,411.60000000000036,7806.45,2020-03-10 16:05:00+00:00,2020-03-10 16:00:00+00:00,True,CLEAN_CAUSAL_LEAVE,2020-03-10 16:05:00+00:00,2020-03-10 16:10:00+00:00,2020-03-10 16:10:00+00:00,2020-03-10 20:00:00+00:00,BLOCK_END,False,
external,SIDEWAYS,00-04,2020-03-11 00:00:00+00:00,2020-03-11 04:00:00+00:00,8041.41,7872.3,169.10999999999967,7897.6665,2020-03-11 00:05:00+00:00,2020-03-11 00:00:00+00:00,True,CLEAN_CAUSAL_LEAVE,2020-03-11 00:05:00+00:00,2020-03-11 00:10:00+00:00,2020-03-11 02:20:00+00:00,2020-03-11 04:00:00+00:00,BLOCK_END,False,
external,SIDEWAYS,12-16,2020-03-11 12:00:00+00:00,2020-03-11 16:00:00+00:00,7930.0,7758.18,171.8199999999997,7783.953,2020-03-11 15:40:00+00:00,2020-03-11 15:35:00+00:00,True,CLEAN_CAUSAL_LEAVE,2020-03-11 15:40:00+00:00,2020-03-11 15:45:00+00:00,,2020-03-11 15:45:00+00:00,L2_ARRIVAL,False,
external,SIDEWAYS,04-08,2020-03-12 04:00:00+00:00,2020-03-12 08:00:00+00:00,7969.0,7575.0,394.0,7634.1,2020-03-12 04:25:00+00:00,2020-03-12 04:20:00+00:00,True,CLEAN_CAUSAL_LEAVE,2020-03-12 04:25:00+00:00,2020-03-12 04:30:00+00:00,,2020-03-12 04:30:00+00:00,L2_ARRIVAL,False,
external,SIDEWAYS,08-12,2020-03-12 08:00:00+00:00,2020-03-12 12:00:00+00:00,7666.26,7340.0,326.2600000000002,7388.939,2020-03-12 08:10:00+00:00,2020-03-12 08:05:00+00:00,True,CLEAN_CAUSAL_LEAVE,2020-03-12 08:10:00+00:00,2020-03-12 08:15:00+00:00,,2020-03-12 08:15:00+00:00,L2_ARRIVAL,False,
external,BEAR,08-12,2020-03-14 08:00:00+00:00,2020-03-14 12:00:00+00:00,5568.27,5385.0,183.27000000000044,5412.4905,2020-03-14 08:05:00+00:00,2020-03-14 08:00:00+00:00,False,LOW_BREAK_BEFORE_LEAVE,2020-03-14 08:05:00+00:00,,,2020-03-14 08:05:00+00:00,L2_BREAK,False,
external,SIDEWAYS,20-00,2020-03-15 20:00:00+00:00,2020-03-16 00:00:00+00:00,5408.98,5252.86,156.1199999999999,5276.277999999999,2020-03-15 20:15:00+00:00,2020-03-15 20:10:00+00:00,True,CLEAN_CAUSAL_LEAVE,2020-03-15 20:15:00+00:00,2020-03-15 20:20:00+00:00,2020-03-15 20:20:00+00:00,2020-03-15 20:35:00+00:00,L2_ARRIVAL,True,15.0
external,SIDEWAYS,04-08,2020-03-16 04:00:00+00:00,2020-03-16 08:00:00+00:00,5361.26,5175.0,186.26000000000022,5202.939,2020-03-16 05:50:00+00:00,2020-03-16 05:45:00+00:00,False,LOW_BREAK_BEFORE_LEAVE,2020-03-16 05:50:00+00:00,,,2020-03-16 05:50:00+00:00,L2_BREAK,False,
external,BEAR,20-00,2020-03-16 20:00:00+00:00,2020-03-17 00:00:00+00:00,5200.0,4820.08,379.9200000000001,4877.068,2020-03-16 20:50:00+00:00,2020-03-16 20:45:00+00:00,True,CLEAN_CAUSAL_LEAVE,2020-03-16 20:50:00+00:00,2020-03-16 20:55:00+00:00,2020-03-16 20:55:00+00:00,2020-03-17 00:00:00+00:00,BLOCK_END,False,
external,BEAR,00-04,2020-03-18 00:00:00+00:00,2020-03-18 04:00:00+00:00,5529.98,5300.0,229.97999999999956,5334.497,2020-03-18 00:15:00+00:00,2020-03-18 00:10:00+00:00,True,CLEAN_CAUSAL_LEAVE,2020-03-18 00:20:00+00:00,2020-03-18 00:25:00+00:00,2020-03-18 00:25:00+00:00,2020-03-18 04:00:00+00:00,BLOCK_END,False,
external,BEAR,08-12,2020-03-18 08:00:00+00:00,2020-03-18 12:00:00+00:00,5435.0,5091.5,343.5,5143.025,2020-03-18 08:10:00+00:00,2020-03-18 08:05:00+00:00,True,CLEAN_CAUSAL_LEAVE,2020-03-18 08:10:00+00:00,2020-03-18 08:15:00+00:00,2020-03-18 08:15:00+00:00,2020-03-18 10:05:00+00:00,L2_ARRIVAL,True,110.0
external,BULL,04-08,2020-03-21 04:00:00+00:00,2020-03-21 08:00:00+00:00,6376.19,6060.31,315.8799999999992,6107.692,2020-03-21 06:05:00+00:00,2020-03-21 06:00:00+00:00,True,CLEAN_CAUSAL_LEAVE,2020-03-21 06:05:00+00:00,2020-03-21 06:10:00+00:00,2020-03-21 06:10:00+00:00,2020-03-21 08:00:00+00:00,BLOCK_END,False,
external,BULL,08-12,2020-03-21 08:00:00+00:00,2020-03-21 12:00:00+00:00,6320.0,6035.01,284.9899999999998,6077.7585,2020-03-21 08:30:00+00:00,2020-03-21 08:25:00+00:00,True,CLEAN_CAUSAL_LEAVE,2020-03-21 08:30:00+00:00,2020-03-21 08:35:00+00:00,2020-03-21 09:05:00+00:00,2020-03-21 09:25:00+00:00,L2_ARRIVAL,True,20.0
external,SIDEWAYS,00-04,2020-03-23 00:00:00+00:00,2020-03-23 04:00:00+00:00,6145.92,5730.35,415.5699999999997,5792.6855000000005,2020-03-23 00:05:00+00:00,2020-03-23 00:00:00+00:00,True,CLEAN_CAUSAL_LEAVE,2020-03-23 00:05:00+00:00,2020-03-23 00:10:00+00:00,,2020-03-23 04:00:00+00:00,BLOCK_END,False,
external,BULL,12-16,2020-03-24 12:00:00+00:00,2020-03-24 16:00:00+00:00,6840.0,6564.21,275.78999999999996,6605.5785,2020-03-24 12:20:00+00:00,2020-03-24 12:15:00+00:00,True,CLEAN_CAUSAL_LEAVE,2020-03-24 12:40:00+00:00,2020-03-24 12:45:00+00:00,2020-03-24 14:50:00+00:00,2020-03-24 15:05:00+00:00,L2_ARRIVAL,True,15.0
external,BULL,00-04,2020-03-25 00:00:00+00:00,2020-03-25 04:00:00+00:00,6790.75,6605.0,185.75,6632.8625,2020-03-25 00:10:00+00:00,2020-03-25 00:05:00+00:00,True,CLEAN_CAUSAL_LEAVE,2020-03-25 00:10:00+00:00,2020-03-25 00:15:00+00:00,2020-03-25 00:15:00+00:00,2020-03-25 01:55:00+00:00,L2_ARRIVAL,True,100.0
external,BULL,20-00,2020-03-25 20:00:00+00:00,2020-03-26 00:00:00+00:00,6699.99,6569.0,130.98999999999978,6588.6485,2020-03-25 21:05:00+00:00,2020-03-25 21:00:00+00:00,True,CLEAN_CAUSAL_LEAVE,2020-03-25 21:10:00+00:00,2020-03-25 21:15:00+00:00,2020-03-25 21:20:00+00:00,2020-03-25 21:45:00+00:00,L2_ARRIVAL,True,25.0
external,BULL,04-08,2020-03-27 04:00:00+00:00,2020-03-27 08:00:00+00:00,6840.0,6733.75,106.25,6749.6875,2020-03-27 05:00:00+00:00,2020-03-27 04:55:00+00:00,False,LOW_BREAK_BEFORE_LEAVE,2020-03-27 05:00:00+00:00,,,2020-03-27 05:00:00+00:00,L2_BREAK,False,
external,BULL,08-12,2020-03-27 08:00:00+00:00,2020-03-27 12:00:00+00:00,6823.24,6613.38,209.85999999999967,6644.859,2020-03-27 10:10:00+00:00,2020-03-27 10:05:00+00:00,True,CLEAN_CAUSAL_LEAVE,2020-03-27 10:10:00+00:00,2020-03-27 10:15:00+00:00,2020-03-27 10:15:00+00:00,2020-03-27 12:00:00+00:00,BLOCK_END,False,
external,BULL,12-16,2020-03-27 12:00:00+00:00,2020-03-27 16:00:00+00:00,6699.0,6590.33,108.67000000000007,6606.6305,2020-03-27 12:05:00+00:00,2020-03-27 12:00:00+00:00,True,CLEAN_CAUSAL_LEAVE,2020-03-27 12:05:00+00:00,2020-03-27 12:10:00+00:00,2020-03-27 13:05:00+00:00,2020-03-27 13:20:00+00:00,L2_ARRIVAL,True,15.0
external,SIDEWAYS,12-16,2020-03-28 12:00:00+00:00,2020-03-28 16:00:00+00:00,6317.34,6156.78,160.5600000000004,6180.864,2020-03-28 13:25:00+00:00,2020-03-28 13:20:00+00:00,True,CLEAN_CAUSAL_LEAVE,2020-03-28 13:25:00+00:00,2020-03-28 13:30:00+00:00,,2020-03-28 16:00:00+00:00,BLOCK_END,False,
external,SIDEWAYS,04-08,2020-03-29 04:00:00+00:00,2020-03-29 08:00:00+00:00,6260.0,6171.01,88.98999999999978,6184.3585,2020-03-29 05:25:00+00:00,2020-03-29 05:20:00+00:00,True,CLEAN_CAUSAL_LEAVE,2020-03-29 05:35:00+00:00,2020-03-29 05:40:00+00:00,,2020-03-29 05:40:00+00:00,L2_ARRIVAL,False,
external,SIDEWAYS,12-16,2020-03-29 12:00:00+00:00,2020-03-29 16:00:00+00:00,6206.89,6070.0,136.89000000000033,6090.5335000000005,2020-03-29 12:05:00+00:00,2020-03-29 12:00:00+00:00,True,CLEAN_CAUSAL_LEAVE,2020-03-29 12:05:00+00:00,2020-03-29 12:10:00+00:00,2020-03-29 12:10:00+00:00,2020-03-29 16:00:00+00:00,BLOCK_END,False,
external,SIDEWAYS,20-00,2020-03-29 20:00:00+00:00,2020-03-30 00:00:00+00:00,6163.0,5870.0,293.0,5913.95,2020-03-29 20:30:00+00:00,2020-03-29 20:25:00+00:00,True,CLEAN_CAUSAL_LEAVE,2020-03-29 20:30:00+00:00,2020-03-29 20:35:00+00:00,2020-03-29 20:35:00+00:00,2020-03-29 22:00:00+00:00,L2_ARRIVAL,True,85.0
external,BULL,04-08,2020-03-31 04:00:00+00:00,2020-03-31 08:00:00+00:00,6516.63,6377.1,139.52999999999975,6398.029500000001,2020-03-31 04:55:00+00:00,2020-03-31 04:50:00+00:00,True,CLEAN_CAUSAL_LEAVE,2020-03-31 05:05:00+00:00,2020-03-31 05:10:00+00:00,2020-03-31 05:10:00+00:00,2020-03-31 08:00:00+00:00,BLOCK_END,False,
external,SIDEWAYS,08-12,2020-04-01 08:00:00+00:00,2020-04-01 12:00:00+00:00,6370.0,6260.17,109.82999999999993,6276.6445,2020-04-01 09:50:00+00:00,2020-04-01 09:45:00+00:00,True,CLEAN_CAUSAL_LEAVE,2020-04-01 09:50:00+00:00,2020-04-01 09:55:00+00:00,2020-04-01 11:00:00+00:00,2020-04-01 12:00:00+00:00,BLOCK_END,False,
external,BEAR,16-20,2020-04-01 16:00:00+00:00,2020-04-01 20:00:00+00:00,6337.0,6154.94,182.0600000000004,6182.249,2020-04-01 16:45:00+00:00,2020-04-01 16:40:00+00:00,True,CLEAN_CAUSAL_LEAVE,2020-04-01 16:45:00+00:00,2020-04-01 16:50:00+00:00,,2020-04-01 16:50:00+00:00,L2_ARRIVAL,False,
external,BULL,12-16,2020-04-03 12:00:00+00:00,2020-04-03 16:00:00+00:00,7049.11,6865.0,184.10999999999967,6892.6165,2020-04-03 12:50:00+00:00,2020-04-03 12:45:00+00:00,True,CLEAN_CAUSAL_LEAVE,2020-04-03 12:50:00+00:00,2020-04-03 12:55:00+00:00,2020-04-03 12:55:00+00:00,2020-04-03 13:15:00+00:00,L2_ARRIVAL,True,20.0
external,BULL,00-04,2020-04-04 00:00:00+00:00,2020-04-04 04:00:00+00:00,6812.32,6664.49,147.82999999999993,6686.6645,2020-04-04 03:25:00+00:00,2020-04-04 03:20:00+00:00,True,CLEAN_CAUSAL_LEAVE,2020-04-04 03:30:00+00:00,2020-04-04 03:35:00+00:00,2020-04-04 03:35:00+00:00,2020-04-04 04:00:00+00:00,BLOCK_END,False,
external,BULL,16-20,2020-04-05 16:00:00+00:00,2020-04-05 20:00:00+00:00,6819.12,6754.53,64.59000000000015,6764.2185,2020-04-05 17:05:00+00:00,2020-04-05 17:00:00+00:00,True,CLEAN_CAUSAL_LEAVE,2020-04-05 17:05:00+00:00,2020-04-05 17:10:00+00:00,,2020-04-05 17:10:00+00:00,L2_ARRIVAL,False,
external,BULL,04-08,2020-04-07 04:00:00+00:00,2020-04-07 08:00:00+00:00,7450.0,7250.51,199.48999999999978,7280.4335,2020-04-07 04:25:00+00:00,2020-04-07 04:20:00+00:00,True,CLEAN_CAUSAL_LEAVE,2020-04-07 04:25:00+00:00,2020-04-07 04:30:00+00:00,2020-04-07 04:30:00+00:00,2020-04-07 04:40:00+00:00,L2_ARRIVAL,True,10.0
external,BULL,12-16,2020-04-08 12:00:00+00:00,2020-04-08 16:00:00+00:00,7343.46,7210.46,133.0,7230.41,2020-04-08 14:00:00+00:00,2020-04-08 13:55:00+00:00,True,CLEAN_CAUSAL_LEAVE,2020-04-08 14:00:00+00:00,2020-04-08 14:05:00+00:00,2020-04-08 14:05:00+00:00,2020-04-08 16:00:00+00:00,BLOCK_END,False,
external,SIDEWAYS,12-16,2020-04-09 12:00:00+00:00,2020-04-09 16:00:00+00:00,7345.0,7135.97,209.02999999999975,7167.324500000001,2020-04-09 12:05:00+00:00,2020-04-09 12:00:00+00:00,True,CLEAN_CAUSAL_LEAVE,2020-04-09 12:05:00+00:00,2020-04-09 12:10:00+00:00,2020-04-09 12:10:00+00:00,2020-04-09 16:00:00+00:00,BLOCK_END,False,
external,SIDEWAYS,08-12,2020-04-10 08:00:00+00:00,2020-04-10 12:00:00+00:00,7173.03,6860.0,313.02999999999975,6906.9545,2020-04-10 09:50:00+00:00,2020-04-10 09:45:00+00:00,True,CLEAN_CAUSAL_LEAVE,2020-04-10 09:50:00+00:00,2020-04-10 09:55:00+00:00,2020-04-10 09:55:00+00:00,2020-04-10 12:00:00+00:00,BLOCK_END,False,
external,BEAR,12-16,2020-04-11 12:00:00+00:00,2020-04-11 16:00:00+00:00,6893.4,6828.19,65.21000000000004,6837.9715,2020-04-11 14:05:00+00:00,2020-04-11 14:00:00+00:00,True,CLEAN_CAUSAL_LEAVE,2020-04-11 14:05:00+00:00,2020-04-11 14:10:00+00:00,,2020-04-11 14:10:00+00:00,L2_ARRIVAL,False,
external,BEAR,20-00,2020-04-11 20:00:00+00:00,2020-04-12 00:00:00+00:00,6859.02,6769.16,89.86000000000058,6782.639,2020-04-11 20:05:00+00:00,2020-04-11 20:00:00+00:00,True,CLEAN_CAUSAL_LEAVE,2020-04-11 20:05:00+00:00,2020-04-11 20:10:00+00:00,,2020-04-11 20:10:00+00:00,L2_ARRIVAL,False,
external,BEAR,04-08,2020-04-12 04:00:00+00:00,2020-04-12 08:00:00+00:00,6908.0,6785.22,122.77999999999975,6803.637000000001,2020-04-12 04:10:00+00:00,2020-04-12 04:05:00+00:00,True,CLEAN_CAUSAL_LEAVE,2020-04-12 04:15:00+00:00,2020-04-12 04:20:00+00:00,2020-04-12 04:30:00+00:00,2020-04-12 08:00:00+00:00,BLOCK_END,False,
external,BEAR,12-16,2020-04-13 12:00:00+00:00,2020-04-13 16:00:00+00:00,6830.0,6651.0,179.0,6677.85,2020-04-13 12:05:00+00:00,2020-04-13 12:00:00+00:00,True,CLEAN_CAUSAL_LEAVE,2020-04-13 12:05:00+00:00,2020-04-13 12:10:00+00:00,2020-04-13 12:15:00+00:00,2020-04-13 13:55:00+00:00,L2_ARRIVAL,True,100.0
external,BEAR,00-04,2020-04-15 00:00:00+00:00,2020-04-15 04:00:00+00:00,6925.95,6825.99,99.96000000000004,6840.9839999999995,2020-04-15 00:05:00+00:00,2020-04-15 00:00:00+00:00,False,LOW_BREAK_BEFORE_LEAVE,2020-04-15 00:15:00+00:00,,,2020-04-15 00:15:00+00:00,L2_BREAK,False,
external,BULL,12-16,2020-04-17 12:00:00+00:00,2020-04-17 16:00:00+00:00,7122.64,7023.0,99.64000000000033,7037.946,2020-04-17 13:30:00+00:00,2020-04-17 13:25:00+00:00,False,LOW_BREAK_BEFORE_LEAVE,2020-04-17 13:30:00+00:00,,,2020-04-17 13:30:00+00:00,L2_BREAK,False,
external,BULL,00-04,2020-04-18 00:00:00+00:00,2020-04-18 04:00:00+00:00,7140.0,7010.0,130.0,7029.5,2020-04-18 00:05:00+00:00,2020-04-18 00:00:00+00:00,True,CLEAN_CAUSAL_LEAVE,2020-04-18 00:05:00+00:00,2020-04-18 00:10:00+00:00,,2020-04-18 04:00:00+00:00,BLOCK_END,False,
external,BULL,00-04,2020-04-19 00:00:00+00:00,2020-04-19 04:00:00+00:00,7290.0,7192.01,97.98999999999978,7206.708500000001,2020-04-19 00:20:00+00:00,2020-04-19 00:15:00+00:00,False,LOW_BREAK_BEFORE_LEAVE,2020-04-19 00:20:00+00:00,,,2020-04-19 00:20:00+00:00,L2_BREAK,False,
external,SIDEWAYS,12-16,2020-04-20 12:00:00+00:00,2020-04-20 16:00:00+00:00,7182.0,6944.0,238.0,6979.7,2020-04-20 12:05:00+00:00,2020-04-20 12:00:00+00:00,True,CLEAN_CAUSAL_LEAVE,2020-04-20 12:05:00+00:00,2020-04-20 12:10:00+00:00,2020-04-20 12:10:00+00:00,2020-04-20 16:00:00+00:00,BLOCK_END,False,
external,SIDEWAYS,20-00,2020-04-20 20:00:00+00:00,2020-04-21 00:00:00+00:00,7080.0,6763.68,316.3199999999997,6811.128000000001,2020-04-20 20:05:00+00:00,2020-04-20 20:00:00+00:00,True,CLEAN_CAUSAL_LEAVE,2020-04-20 20:05:00+00:00,2020-04-20 20:10:00+00:00,2020-04-20 20:10:00+00:00,2020-04-21 00:00:00+00:00,BLOCK_END,False,
external,BEAR,08-12,2020-04-21 08:00:00+00:00,2020-04-21 12:00:00+00:00,6897.0,6827.14,69.85999999999967,6837.619000000001,2020-04-21 09:25:00+00:00,2020-04-21 09:20:00+00:00,False,LOW_BREAK_BEFORE_LEAVE,2020-04-21 09:25:00+00:00,,,2020-04-21 09:25:00+00:00,L2_BREAK,False,
external,BEAR,00-04,2020-04-22 00:00:00+00:00,2020-04-22 04:00:00+00:00,6906.0,6827.0,79.0,6838.85,2020-04-22 00:05:00+00:00,2020-04-22 00:00:00+00:00,True,CLEAN_CAUSAL_LEAVE,2020-04-22 00:05:00+00:00,2020-04-22 00:10:00+00:00,2020-04-22 00:15:00+00:00,2020-04-22 00:20:00+00:00,L2_ARRIVAL,True,5.0
external,BULL,04-08,2020-04-23 04:00:00+00:00,2020-04-23 08:00:00+00:00,7178.0,7094.04,83.96000000000004,7106.634,2020-04-23 04:20:00+00:00,2020-04-23 04:15:00+00:00,True,CLEAN_CAUSAL_LEAVE,2020-04-23 04:20:00+00:00,2020-04-23 04:25:00+00:00,2020-04-23 04:45:00+00:00,2020-04-23 05:55:00+00:00,L2_ARRIVAL,True,70.0
external,BULL,12-16,2020-04-24 12:00:00+00:00,2020-04-24 16:00:00+00:00,7612.91,7471.47,141.4399999999996,7492.686000000001,2020-04-24 12:05:00+00:00,2020-04-24 12:00:00+00:00,True,CLEAN_CAUSAL_LEAVE,2020-04-24 12:05:00+00:00,2020-04-24 12:10:00+00:00,2020-04-24 12:10:00+00:00,2020-04-24 14:10:00+00:00,L2_ARRIVAL,True,120.0
external,BULL,16-20,2020-04-25 16:00:00+00:00,2020-04-25 20:00:00+00:00,7722.33,7512.0,210.32999999999993,7543.5495,2020-04-25 16:05:00+00:00,2020-04-25 16:00:00+00:00,True,CLEAN_CAUSAL_LEAVE,2020-04-25 16:05:00+00:00,2020-04-25 16:10:00+00:00,2020-04-25 16:10:00+00:00,2020-04-25 20:00:00+00:00,BLOCK_END,False,
external,BULL,04-08,2020-04-27 04:00:00+00:00,2020-04-27 08:00:00+00:00,7795.6,7631.0,164.60000000000036,7655.6900000000005,2020-04-27 07:05:00+00:00,2020-04-27 07:00:00+00:00,True,CLEAN_CAUSAL_LEAVE,2020-04-27 07:05:00+00:00,2020-04-27 07:10:00+00:00,,2020-04-27 08:00:00+00:00,BLOCK_END,False,
external,BULL,12-16,2020-04-27 12:00:00+00:00,2020-04-27 16:00:00+00:00,7738.0,7663.0,75.0,7674.25,2020-04-27 13:20:00+00:00,2020-04-27 13:15:00+00:00,False,LOW_BREAK_BEFORE_LEAVE,2020-04-27 13:20:00+00:00,,,2020-04-27 13:20:00+00:00,L2_BREAK,False,
external,BULL,04-08,2020-04-28 04:00:00+00:00,2020-04-28 08:00:00+00:00,7780.0,7666.07,113.93000000000029,7683.1595,2020-04-28 04:55:00+00:00,2020-04-28 04:50:00+00:00,True,CLEAN_CAUSAL_LEAVE,2020-04-28 04:55:00+00:00,2020-04-28 05:00:00+00:00,2020-04-28 05:05:00+00:00,2020-04-28 08:00:00+00:00,BLOCK_END,False,
external,BULL,20-00,2020-04-28 20:00:00+00:00,2020-04-29 00:00:00+00:00,7742.0,7704.6,37.399999999999636,7710.21,2020-04-28 20:05:00+00:00,2020-04-28 20:00:00+00:00,True,CLEAN_CAUSAL_LEAVE,2020-04-28 20:05:00+00:00,2020-04-28 20:10:00+00:00,,2020-04-28 21:15:00+00:00,L2_ARRIVAL,False,
external,BULL,16-20,2020-04-30 16:00:00+00:00,2020-04-30 20:00:00+00:00,8925.83,8695.15,230.6800000000003,8729.752,2020-04-30 16:30:00+00:00,2020-04-30 16:25:00+00:00,False,LOW_BREAK_BEFORE_LEAVE,2020-04-30 16:40:00+00:00,,,2020-04-30 16:40:00+00:00,L2_BREAK,False,
external,BULL,12-16,2020-05-01 12:00:00+00:00,2020-05-01 16:00:00+00:00,9065.0,8755.0,310.0,8801.5,2020-05-01 14:05:00+00:00,2020-05-01 14:00:00+00:00,False,LOW_BREAK_BEFORE_LEAVE,2020-05-01 14:05:00+00:00,,,2020-05-01 14:05:00+00:00,L2_BREAK,False,
external,BULL,04-08,2020-05-03 04:00:00+00:00,2020-05-03 08:00:00+00:00,9200.0,8941.0,259.0,8979.85,2020-05-03 06:15:00+00:00,2020-05-03 06:10:00+00:00,True,CLEAN_CAUSAL_LEAVE,2020-05-03 06:15:00+00:00,2020-05-03 06:20:00+00:00,2020-05-03 06:20:00+00:00,2020-05-03 08:00:00+00:00,BLOCK_END,False,
external,SIDEWAYS,04-08,2020-05-04 04:00:00+00:00,2020-05-04 08:00:00+00:00,8943.88,8631.11,312.7699999999986,8678.0255,2020-05-04 05:10:00+00:00,2020-05-04 05:05:00+00:00,False,LOW_BREAK_BEFORE_LEAVE,2020-05-04 05:10:00+00:00,,,2020-05-04 05:10:00+00:00,L2_BREAK,False,
external,BULL,00-04,2020-05-05 00:00:00+00:00,2020-05-05 04:00:00+00:00,8954.94,8822.0,132.9400000000005,8841.941,2020-05-05 03:15:00+00:00,2020-05-05 03:10:00+00:00,True,CLEAN_CAUSAL_LEAVE,2020-05-05 03:20:00+00:00,2020-05-05 03:25:00+00:00,2020-05-05 03:25:00+00:00,2020-05-05 04:00:00+00:00,BLOCK_END,False,
external,BULL,08-12,2020-05-05 08:00:00+00:00,2020-05-05 12:00:00+00:00,9118.17,8851.64,266.53000000000065,8891.619499999999,2020-05-05 10:05:00+00:00,2020-05-05 10:00:00+00:00,True,CLEAN_CAUSAL_LEAVE,2020-05-05 10:05:00+00:00,2020-05-05 10:10:00+00:00,,2020-05-05 10:10:00+00:00,L2_ARRIVAL,False,
external,BULL,00-04,2020-05-07 00:00:00+00:00,2020-05-07 04:00:00+00:00,9405.0,9055.0,350.0,9107.5,2020-05-07 00:05:00+00:00,2020-05-07 00:00:00+00:00,True,CLEAN_CAUSAL_LEAVE,2020-05-07 00:05:00+00:00,2020-05-07 00:10:00+00:00,,2020-05-07 04:00:00+00:00,BLOCK_END,False,
external,BULL,04-08,2020-05-08 04:00:00+00:00,2020-05-08 08:00:00+00:00,10045.03,9833.34,211.6900000000005,9865.0935,2020-05-08 05:25:00+00:00,2020-05-08 05:20:00+00:00,True,CLEAN_CAUSAL_LEAVE,2020-05-08 05:25:00+00:00,2020-05-08 05:30:00+00:00,2020-05-08 06:00:00+00:00,2020-05-08 06:05:00+00:00,L2_ARRIVAL,True,5.0
external,BULL,00-04,2020-05-09 00:00:00+00:00,2020-05-09 04:00:00+00:00,10017.21,9765.83,251.3799999999992,9803.537,2020-05-09 00:05:00+00:00,2020-05-09 00:00:00+00:00,True,CLEAN_CAUSAL_LEAVE,2020-05-09 00:05:00+00:00,2020-05-09 00:10:00+00:00,,2020-05-09 04:00:00+00:00,BLOCK_END,False,
external,BULL,08-12,2020-05-09 08:00:00+00:00,2020-05-09 12:00:00+00:00,9888.0,9577.71,310.2900000000009,9624.253499999999,2020-05-09 10:45:00+00:00,2020-05-09 10:40:00+00:00,True,CLEAN_CAUSAL_LEAVE,2020-05-09 10:45:00+00:00,2020-05-09 10:50:00+00:00,2020-05-09 10:50:00+00:00,2020-05-09 11:25:00+00:00,L2_ARRIVAL,True,35.0
external,BULL,20-00,2020-05-09 20:00:00+00:00,2020-05-10 00:00:00+00:00,9804.9,9682.0,122.89999999999964,9700.435,2020-05-09 20:45:00+00:00,2020-05-09 20:40:00+00:00,False,LOW_BREAK_BEFORE_LEAVE,2020-05-09 20:45:00+00:00,,,2020-05-09 20:45:00+00:00,L2_BREAK,False,
external,SIDEWAYS,12-16,2020-05-10 12:00:00+00:00,2020-05-10 16:00:00+00:00,8900.2,8656.55,243.65000000000146,8693.0975,2020-05-10 15:00:00+00:00,2020-05-10 14:55:00+00:00,False,LOW_BREAK_BEFORE_LEAVE,2020-05-10 15:05:00+00:00,,,2020-05-10 15:05:00+00:00,L2_BREAK,False,
external,SIDEWAYS,04-08,2020-05-11 04:00:00+00:00,2020-05-11 08:00:00+00:00,8800.0,8656.19,143.8099999999995,8677.7615,2020-05-11 04:20:00+00:00,2020-05-11 04:15:00+00:00,False,LOW_BREAK_BEFORE_LEAVE,2020-05-11 04:20:00+00:00,,,2020-05-11 04:20:00+00:00,L2_BREAK,False,
external,SIDEWAYS,08-12,2020-05-11 08:00:00+00:00,2020-05-11 12:00:00+00:00,8729.38,8610.42,118.95999999999913,8628.264,2020-05-11 08:15:00+00:00,2020-05-11 08:10:00+00:00,False,LOW_BREAK_BEFORE_LEAVE,2020-05-11 08:25:00+00:00,,,2020-05-11 08:25:00+00:00,L2_BREAK,False,
external,SIDEWAYS,20-00,2020-05-12 20:00:00+00:00,2020-05-13 00:00:00+00:00,8981.0,8770.0,211.0,8801.65,2020-05-12 20:05:00+00:00,2020-05-12 20:00:00+00:00,True,CLEAN_CAUSAL_LEAVE,2020-05-12 20:05:00+00:00,2020-05-12 20:10:00+00:00,2020-05-12 20:10:00+00:00,2020-05-12 20:25:00+00:00,L2_ARRIVAL,True,15.0
external,BULL,12-16,2020-05-15 12:00:00+00:00,2020-05-15 16:00:00+00:00,9700.0,9460.0,240.0,9496.0,2020-05-15 15:10:00+00:00,2020-05-15 15:05:00+00:00,True,CLEAN_CAUSAL_LEAVE,2020-05-15 15:10:00+00:00,2020-05-15 15:15:00+00:00,2020-05-15 15:15:00+00:00,2020-05-15 15:30:00+00:00,L2_ARRIVAL,True,15.0
external,SIDEWAYS,20-00,2020-05-15 20:00:00+00:00,2020-05-16 00:00:00+00:00,9532.19,9320.0,212.1900000000005,9351.8285,2020-05-15 20:05:00+00:00,2020-05-15 20:00:00+00:00,True,CLEAN_CAUSAL_LEAVE,2020-05-15 20:05:00+00:00,2020-05-15 20:10:00+00:00,2020-05-15 20:10:00+00:00,2020-05-15 20:35:00+00:00,L2_ARRIVAL,True,25.0
external,BULL,08-12,2020-05-16 08:00:00+00:00,2020-05-16 12:00:00+00:00,9585.0,9371.35,213.64999999999964,9403.397500000001,2020-05-16 08:05:00+00:00,2020-05-16 08:00:00+00:00,True,CLEAN_CAUSAL_LEAVE,2020-05-16 08:20:00+00:00,2020-05-16 08:25:00+00:00,2020-05-16 08:25:00+00:00,2020-05-16 09:20:00+00:00,L2_ARRIVAL,True,55.0
external,BULL,16-20,2020-05-16 16:00:00+00:00,2020-05-16 20:00:00+00:00,9529.53,9329.0,200.53000000000065,9359.0795,2020-05-16 16:35:00+00:00,2020-05-16 16:30:00+00:00,True,CLEAN_CAUSAL_LEAVE,2020-05-16 16:35:00+00:00,2020-05-16 16:40:00+00:00,,2020-05-16 16:40:00+00:00,L2_ARRIVAL,False,
external,BULL,08-12,2020-05-17 08:00:00+00:00,2020-05-17 12:00:00+00:00,9568.72,9470.0,98.71999999999935,9484.807999999999,2020-05-17 09:30:00+00:00,2020-05-17 09:25:00+00:00,True,CLEAN_CAUSAL_LEAVE,2020-05-17 09:30:00+00:00,2020-05-17 09:35:00+00:00,2020-05-17 09:45:00+00:00,2020-05-17 12:00:00+00:00,BLOCK_END,False,
external,BULL,16-20,2020-05-18 16:00:00+00:00,2020-05-18 20:00:00+00:00,9730.0,9560.0,170.0,9585.5,2020-05-18 17:35:00+00:00,2020-05-18 17:30:00+00:00,True,CLEAN_CAUSAL_LEAVE,2020-05-18 17:35:00+00:00,2020-05-18 17:40:00+00:00,2020-05-18 17:40:00+00:00,2020-05-18 17:45:00+00:00,L2_ARRIVAL,True,5.0
external,SIDEWAYS,04-08,2020-05-19 04:00:00+00:00,2020-05-19 08:00:00+00:00,9739.0,9480.0,259.0,9518.85,2020-05-19 04:15:00+00:00,2020-05-19 04:10:00+00:00,True,CLEAN_CAUSAL_LEAVE,2020-05-19 04:15:00+00:00,2020-05-19 04:20:00+00:00,2020-05-19 04:25:00+00:00,2020-05-19 08:00:00+00:00,BLOCK_END,False,
external,BULL,12-16,2020-05-19 12:00:00+00:00,2020-05-19 16:00:00+00:00,9900.0,9567.99,332.0100000000002,9617.7915,2020-05-19 12:45:00+00:00,2020-05-19 12:40:00+00:00,True,CLEAN_CAUSAL_LEAVE,2020-05-19 12:45:00+00:00,2020-05-19 12:50:00+00:00,2020-05-19 12:50:00+00:00,2020-05-19 16:00:00+00:00,BLOCK_END,False,
external,BULL,20-00,2020-05-19 20:00:00+00:00,2020-05-20 00:00:00+00:00,9728.97,9620.0,108.96999999999935,9636.3455,2020-05-19 20:30:00+00:00,2020-05-19 20:25:00+00:00,True,CLEAN_CAUSAL_LEAVE,2020-05-19 20:30:00+00:00,2020-05-19 20:35:00+00:00,,2020-05-19 22:40:00+00:00,OPPOSITE_HIGH_BREAK,False,
external,BULL,04-08,2020-05-20 04:00:00+00:00,2020-05-20 08:00:00+00:00,9800.0,9706.6,93.39999999999964,9720.61,2020-05-20 04:05:00+00:00,2020-05-20 04:00:00+00:00,True,CLEAN_CAUSAL_LEAVE,2020-05-20 04:05:00+00:00,2020-05-20 04:10:00+00:00,2020-05-20 04:10:00+00:00,2020-05-20 06:35:00+00:00,OPPOSITE_HIGH_BREAK,False,
external,SIDEWAYS,12-16,2020-05-21 12:00:00+00:00,2020-05-21 16:00:00+00:00,9498.49,9225.53,272.9599999999991,9266.474,2020-05-21 14:10:00+00:00,2020-05-21 14:05:00+00:00,False,LOW_BREAK_BEFORE_LEAVE,2020-05-21 14:10:00+00:00,,,2020-05-21 14:10:00+00:00,L2_BREAK,False,
external,SIDEWAYS,16-20,2020-05-21 16:00:00+00:00,2020-05-21 20:00:00+00:00,9390.0,8932.13,457.8700000000008,9000.8105,2020-05-21 18:05:00+00:00,2020-05-21 18:00:00+00:00,True,CLEAN_CAUSAL_LEAVE,2020-05-21 18:10:00+00:00,2020-05-21 18:15:00+00:00,,2020-05-21 18:15:00+00:00,L2_ARRIVAL,False,
external,SIDEWAYS,00-04,2020-05-22 00:00:00+00:00,2020-05-22 04:00:00+00:00,9159.87,9005.22,154.65000000000146,9028.4175,2020-05-22 00:15:00+00:00,2020-05-22 00:10:00+00:00,True,CLEAN_CAUSAL_LEAVE,2020-05-22 00:15:00+00:00,2020-05-22 00:20:00+00:00,2020-05-22 00:25:00+00:00,2020-05-22 00:30:00+00:00,L2_ARRIVAL,True,5.0
external,BEAR,04-08,2020-05-22 04:00:00+00:00,2020-05-22 08:00:00+00:00,9128.58,8953.34,175.23999999999978,8979.626,2020-05-22 04:45:00+00:00,2020-05-22 04:40:00+00:00,True,CLEAN_CAUSAL_LEAVE,2020-05-22 04:45:00+00:00,2020-05-22 04:50:00+00:00,2020-05-22 04:50:00+00:00,2020-05-22 08:00:00+00:00,BLOCK_END,False,
external,BEAR,20-00,2020-05-22 20:00:00+00:00,2020-05-23 00:00:00+00:00,9259.38,9134.32,125.05999999999949,9153.079,2020-05-22 20:10:00+00:00,2020-05-22 20:05:00+00:00,True,CLEAN_CAUSAL_LEAVE,2020-05-22 20:10:00+00:00,2020-05-22 20:15:00+00:00,2020-05-22 20:15:00+00:00,2020-05-22 23:30:00+00:00,L2_ARRIVAL,True,195.0
external,BEAR,12-16,2020-05-23 12:00:00+00:00,2020-05-23 16:00:00+00:00,9253.82,9092.0,161.8199999999997,9116.273,2020-05-23 12:35:00+00:00,2020-05-23 12:30:00+00:00,True,CLEAN_CAUSAL_LEAVE,2020-05-23 12:35:00+00:00,2020-05-23 12:40:00+00:00,2020-05-23 12:40:00+00:00,2020-05-23 16:00:00+00:00,BLOCK_END,False,
external,SIDEWAYS,12-16,2020-05-24 12:00:00+00:00,2020-05-24 16:00:00+00:00,9294.44,9089.0,205.4400000000005,9119.816,2020-05-24 12:05:00+00:00,2020-05-24 12:00:00+00:00,True,CLEAN_CAUSAL_LEAVE,2020-05-24 12:05:00+00:00,2020-05-24 12:10:00+00:00,2020-05-24 13:40:00+00:00,2020-05-24 13:45:00+00:00,L2_ARRIVAL,True,5.0
external,SIDEWAYS,16-20,2020-05-24 16:00:00+00:00,2020-05-24 20:00:00+00:00,9176.44,9006.0,170.4400000000005,9031.566,2020-05-24 16:05:00+00:00,2020-05-24 16:00:00+00:00,False,LOW_BREAK_BEFORE_LEAVE,2020-05-24 16:05:00+00:00,,,2020-05-24 16:05:00+00:00,L2_BREAK,False,
external,SIDEWAYS,00-04,2020-05-25 00:00:00+00:00,2020-05-25 04:00:00+00:00,9090.0,8674.0,416.0,8736.4,2020-05-25 00:05:00+00:00,2020-05-25 00:00:00+00:00,True,CLEAN_CAUSAL_LEAVE,2020-05-25 00:05:00+00:00,2020-05-25 00:10:00+00:00,2020-05-25 00:10:00+00:00,2020-05-25 04:00:00+00:00,BLOCK_END,False,
external,BEAR,16-20,2020-05-26 16:00:00+00:00,2020-05-26 20:00:00+00:00,8912.79,8700.0,212.79000000000087,8731.9185,2020-05-26 16:05:00+00:00,2020-05-26 16:00:00+00:00,True,CLEAN_CAUSAL_LEAVE,2020-05-26 16:05:00+00:00,2020-05-26 16:10:00+00:00,,2020-05-26 20:00:00+00:00,BLOCK_END,False,
external,BULL,04-08,2020-05-28 04:00:00+00:00,2020-05-28 08:00:00+00:00,9280.0,9151.03,128.96999999999935,9170.3755,2020-05-28 04:05:00+00:00,2020-05-28 04:00:00+00:00,True,CLEAN_CAUSAL_LEAVE,2020-05-28 04:05:00+00:00,2020-05-28 04:10:00+00:00,2020-05-28 04:35:00+00:00,2020-05-28 05:30:00+00:00,L2_ARRIVAL,True,55.0
external,BULL,08-12,2020-05-28 08:00:00+00:00,2020-05-28 12:00:00+00:00,9194.88,9120.0,74.8799999999992,9131.232,2020-05-28 08:05:00+00:00,2020-05-28 08:00:00+00:00,True,CLEAN_CAUSAL_LEAVE,2020-05-28 08:10:00+00:00,2020-05-28 08:15:00+00:00,,2020-05-28 09:55:00+00:00,OPPOSITE_HIGH_BREAK,False,
external,BULL,12-16,2020-05-29 12:00:00+00:00,2020-05-29 16:00:00+00:00,9590.0,9339.97,250.03000000000065,9377.4745,2020-05-29 15:20:00+00:00,2020-05-29 15:15:00+00:00,True,CLEAN_CAUSAL_LEAVE,2020-05-29 15:25:00+00:00,2020-05-29 15:30:00+00:00,2020-05-29 15:30:00+00:00,2020-05-29 16:00:00+00:00,BLOCK_END,False,
external,BULL,20-00,2020-05-29 20:00:00+00:00,2020-05-30 00:00:00+00:00,9450.0,9390.05,59.95000000000073,9399.0425,2020-05-29 20:05:00+00:00,2020-05-29 20:00:00+00:00,True,CLEAN_CAUSAL_LEAVE,2020-05-29 20:05:00+00:00,2020-05-29 20:10:00+00:00,2020-05-29 21:10:00+00:00,2020-05-29 21:15:00+00:00,L2_ARRIVAL,True,5.0
external,BULL,12-16,2020-06-01 12:00:00+00:00,2020-06-01 16:00:00+00:00,9573.08,9506.0,67.07999999999993,9516.062,2020-06-01 12:05:00+00:00,2020-06-01 12:00:00+00:00,True,CLEAN_CAUSAL_LEAVE,2020-06-01 12:05:00+00:00,2020-06-01 12:10:00+00:00,,2020-06-01 12:10:00+00:00,L2_ARRIVAL,False,
external,BULL,04-08,2020-06-05 04:00:00+00:00,2020-06-05 08:00:00+00:00,9845.63,9741.0,104.6299999999992,9756.6945,2020-06-05 06:35:00+00:00,2020-06-05 06:30:00+00:00,True,CLEAN_CAUSAL_LEAVE,2020-06-05 06:40:00+00:00,2020-06-05 06:45:00+00:00,2020-06-05 07:55:00+00:00,2020-06-05 08:00:00+00:00,BLOCK_END,False,
external,BULL,08-12,2020-06-05 08:00:00+00:00,2020-06-05 12:00:00+00:00,9825.0,9726.01,98.98999999999978,9740.8585,2020-06-05 08:20:00+00:00,2020-06-05 08:15:00+00:00,True,CLEAN_CAUSAL_LEAVE,2020-06-05 08:20:00+00:00,2020-06-05 08:25:00+00:00,,2020-06-05 08:40:00+00:00,OPPOSITE_HIGH_BREAK,False,
external,BULL,20-00,2020-06-05 20:00:00+00:00,2020-06-06 00:00:00+00:00,9749.0,9691.0,58.0,9699.7,2020-06-05 20:35:00+00:00,2020-06-05 20:30:00+00:00,False,LOW_BREAK_BEFORE_LEAVE,2020-06-05 20:35:00+00:00,,,2020-06-05 20:35:00+00:00,L2_BREAK,False,
external,SIDEWAYS,08-12,2020-06-06 08:00:00+00:00,2020-06-06 12:00:00+00:00,9635.78,9580.0,55.780000000000655,9588.367,2020-06-06 08:35:00+00:00,2020-06-06 08:30:00+00:00,True,CLEAN_CAUSAL_LEAVE,2020-06-06 08:35:00+00:00,2020-06-06 08:40:00+00:00,2020-06-06 08:40:00+00:00,2020-06-06 09:00:00+00:00,OPPOSITE_HIGH_BREAK,False,
external,SIDEWAYS,00-04,2020-06-07 00:00:00+00:00,2020-06-07 04:00:00+00:00,9720.0,9626.0,94.0,9640.1,2020-06-07 00:20:00+00:00,2020-06-07 00:15:00+00:00,True,CLEAN_CAUSAL_LEAVE,2020-06-07 00:25:00+00:00,2020-06-07 00:30:00+00:00,,2020-06-07 04:00:00+00:00,BLOCK_END,False,
external,SIDEWAYS,12-16,2020-06-07 12:00:00+00:00,2020-06-07 16:00:00+00:00,9678.09,9540.0,138.09000000000015,9560.7135,2020-06-07 12:05:00+00:00,2020-06-07 12:00:00+00:00,True,CLEAN_CAUSAL_LEAVE,2020-06-07 12:05:00+00:00,2020-06-07 12:10:00+00:00,2020-06-07 12:15:00+00:00,2020-06-07 12:25:00+00:00,L2_ARRIVAL,True,10.0
external,BULL,04-08,2020-06-10 04:00:00+00:00,2020-06-10 08:00:00+00:00,9811.25,9733.01,78.23999999999978,9744.746000000001,2020-06-10 04:45:00+00:00,2020-06-10 04:40:00+00:00,True,CLEAN_CAUSAL_LEAVE,2020-06-10 04:45:00+00:00,2020-06-10 04:50:00+00:00,2020-06-10 04:50:00+00:00,2020-06-10 07:40:00+00:00,L2_ARRIVAL,True,170.0
external,BULL,08-12,2020-06-10 08:00:00+00:00,2020-06-10 12:00:00+00:00,9785.56,9712.34,73.21999999999935,9723.323,2020-06-10 09:25:00+00:00,2020-06-10 09:20:00+00:00,True,CLEAN_CAUSAL_LEAVE,2020-06-10 09:25:00+00:00,2020-06-10 09:30:00+00:00,,2020-06-10 09:30:00+00:00,L2_ARRIVAL,False,
external,BULL,12-16,2020-06-11 12:00:00+00:00,2020-06-11 16:00:00+00:00,9828.0,9758.33,69.67000000000007,9768.7805,2020-06-11 12:20:00+00:00,2020-06-11 12:15:00+00:00,True,CLEAN_CAUSAL_LEAVE,2020-06-11 12:20:00+00:00,2020-06-11 12:25:00+00:00,2020-06-11 12:30:00+00:00,2020-06-11 12:50:00+00:00,L2_ARRIVAL,True,20.0
external,SIDEWAYS,16-20,2020-06-11 16:00:00+00:00,2020-06-11 20:00:00+00:00,9796.88,9503.0,293.8799999999992,9547.082,2020-06-11 16:05:00+00:00,2020-06-11 16:00:00+00:00,True,CLEAN_CAUSAL_LEAVE,2020-06-11 16:05:00+00:00,2020-06-11 16:10:00+00:00,2020-06-11 16:10:00+00:00,2020-06-11 16:20:00+00:00,L2_ARRIVAL,True,10.0
external,SIDEWAYS,12-16,2020-06-12 12:00:00+00:00,2020-06-12 16:00:00+00:00,9512.0,9426.0,86.0,9438.9,2020-06-12 12:20:00+00:00,2020-06-12 12:15:00+00:00,True,CLEAN_CAUSAL_LEAVE,2020-06-12 12:20:00+00:00,2020-06-12 12:25:00+00:00,,2020-06-12 13:55:00+00:00,OPPOSITE_HIGH_BREAK,False,
external,SIDEWAYS,00-04,2020-06-13 00:00:00+00:00,2020-06-13 04:00:00+00:00,9484.98,9405.0,79.97999999999956,9416.997,2020-06-13 04:00:00+00:00,2020-06-13 03:55:00+00:00,False,NO_CAUSAL_LEAVE,,,,2020-06-13 04:00:00+00:00,BLOCK_END,False,
external,SIDEWAYS,20-00,2020-06-13 20:00:00+00:00,2020-06-14 00:00:00+00:00,9497.85,9377.0,120.85000000000036,9395.1275,2020-06-13 20:05:00+00:00,2020-06-13 20:00:00+00:00,True,CLEAN_CAUSAL_LEAVE,2020-06-13 20:15:00+00:00,2020-06-13 20:20:00+00:00,2020-06-13 20:25:00+00:00,2020-06-14 00:00:00+00:00,BLOCK_END,False,
external,SIDEWAYS,04-08,2020-06-14 04:00:00+00:00,2020-06-14 08:00:00+00:00,9477.0,9421.61,55.38999999999942,9429.9185,2020-06-14 04:55:00+00:00,2020-06-14 04:50:00+00:00,True,CLEAN_CAUSAL_LEAVE,2020-06-14 05:00:00+00:00,2020-06-14 05:05:00+00:00,2020-06-14 05:05:00+00:00,2020-06-14 05:35:00+00:00,L2_ARRIVAL,True,30.0
external,SIDEWAYS,12-16,2020-06-14 12:00:00+00:00,2020-06-14 16:00:00+00:00,9437.26,9393.0,44.26000000000022,9399.639,2020-06-14 12:40:00+00:00,2020-06-14 12:35:00+00:00,True,CLEAN_CAUSAL_LEAVE,2020-06-14 12:40:00+00:00,2020-06-14 12:45:00+00:00,,2020-06-14 12:45:00+00:00,L2_ARRIVAL,False,
external,SIDEWAYS,20-00,2020-06-14 20:00:00+00:00,2020-06-15 00:00:00+00:00,9429.16,9361.76,67.39999999999964,9371.87,2020-06-14 21:25:00+00:00,2020-06-14 21:20:00+00:00,True,CLEAN_CAUSAL_LEAVE,2020-06-14 21:25:00+00:00,2020-06-14 21:30:00+00:00,,2020-06-14 21:30:00+00:00,L2_ARRIVAL,False,
external,SIDEWAYS,00-04,2020-06-15 00:00:00+00:00,2020-06-15 04:00:00+00:00,9408.58,9240.97,167.61000000000058,9266.111499999999,2020-06-15 01:50:00+00:00,2020-06-15 01:45:00+00:00,True,CLEAN_CAUSAL_LEAVE,2020-06-15 02:05:00+00:00,2020-06-15 02:10:00+00:00,2020-06-15 02:10:00+00:00,2020-06-15 02:25:00+00:00,L2_ARRIVAL,True,15.0
external,SIDEWAYS,04-08,2020-06-15 04:00:00+00:00,2020-06-15 08:00:00+00:00,9368.32,9130.0,238.3199999999997,9165.748,2020-06-15 04:05:00+00:00,2020-06-15 04:00:00+00:00,True,CLEAN_CAUSAL_LEAVE,2020-06-15 04:05:00+00:00,2020-06-15 04:10:00+00:00,2020-06-15 05:05:00+00:00,2020-06-15 05:20:00+00:00,L2_ARRIVAL,True,15.0
external,BULL,00-04,2020-06-17 00:00:00+00:00,2020-06-17 04:00:00+00:00,9533.8,9473.28,60.51999999999862,9482.358,2020-06-17 00:35:00+00:00,2020-06-17 00:30:00+00:00,True,CLEAN_CAUSAL_LEAVE,2020-06-17 00:40:00+00:00,2020-06-17 00:45:00+00:00,2020-06-17 00:45:00+00:00,2020-06-17 01:00:00+00:00,L2_ARRIVAL,True,15.0
external,SIDEWAYS,16-20,2020-06-17 16:00:00+00:00,2020-06-17 20:00:00+00:00,9569.0,9355.0,214.0,9387.1,2020-06-17 16:35:00+00:00,2020-06-17 16:30:00+00:00,True,CLEAN_CAUSAL_LEAVE,2020-06-17 16:35:00+00:00,2020-06-17 16:40:00+00:00,2020-06-17 17:00:00+00:00,2020-06-17 19:45:00+00:00,L2_ARRIVAL,True,165.0
external,SIDEWAYS,16-20,2020-06-18 16:00:00+00:00,2020-06-18 20:00:00+00:00,9442.49,9375.0,67.48999999999978,9385.1235,2020-06-18 16:20:00+00:00,2020-06-18 16:15:00+00:00,True,CLEAN_CAUSAL_LEAVE,2020-06-18 16:20:00+00:00,2020-06-18 16:25:00+00:00,2020-06-18 16:45:00+00:00,2020-06-18 19:00:00+00:00,L2_ARRIVAL,True,135.0
external,SIDEWAYS,20-00,2020-06-18 20:00:00+00:00,2020-06-19 00:00:00+00:00,9415.5,9329.7,85.79999999999927,9342.57,2020-06-18 20:40:00+00:00,2020-06-18 20:35:00+00:00,True,CLEAN_CAUSAL_LEAVE,2020-06-18 20:40:00+00:00,2020-06-18 20:45:00+00:00,2020-06-18 20:45:00+00:00,2020-06-18 20:50:00+00:00,L2_ARRIVAL,True,5.0
external,SIDEWAYS,00-04,2020-06-19 00:00:00+00:00,2020-06-19 04:00:00+00:00,9410.0,9272.41,137.59000000000015,9293.0485,2020-06-19 03:00:00+00:00,2020-06-19 02:55:00+00:00,True,CLEAN_CAUSAL_LEAVE,2020-06-19 03:05:00+00:00,2020-06-19 03:10:00+00:00,2020-06-19 03:10:00+00:00,2020-06-19 03:15:00+00:00,L2_ARRIVAL,True,5.0
external,SIDEWAYS,20-00,2020-06-19 20:00:00+00:00,2020-06-20 00:00:00+00:00,9380.0,9261.66,118.34000000000015,9279.411,2020-06-19 20:20:00+00:00,2020-06-19 20:15:00+00:00,True,CLEAN_CAUSAL_LEAVE,2020-06-19 20:20:00+00:00,2020-06-19 20:25:00+00:00,2020-06-19 23:45:00+00:00,2020-06-20 00:00:00+00:00,BLOCK_END,False,
external,SIDEWAYS,08-12,2020-06-20 08:00:00+00:00,2020-06-20 12:00:00+00:00,9329.25,9290.59,38.659999999999854,9296.389,2020-06-20 08:10:00+00:00,2020-06-20 08:05:00+00:00,True,CLEAN_CAUSAL_LEAVE,2020-06-20 08:10:00+00:00,2020-06-20 08:15:00+00:00,,2020-06-20 08:15:00+00:00,L2_ARRIVAL,False,
external,SIDEWAYS,08-12,2020-06-21 08:00:00+00:00,2020-06-21 12:00:00+00:00,9420.47,9356.75,63.719999999999345,9366.307999999999,2020-06-21 09:00:00+00:00,2020-06-21 08:55:00+00:00,True,CLEAN_CAUSAL_LEAVE,2020-06-21 09:00:00+00:00,2020-06-21 09:05:00+00:00,2020-06-21 09:05:00+00:00,2020-06-21 10:00:00+00:00,L2_ARRIVAL,True,55.0
external,SIDEWAYS,12-16,2020-06-21 12:00:00+00:00,2020-06-21 16:00:00+00:00,9377.0,9326.0,51.0,9333.65,2020-06-21 13:15:00+00:00,2020-06-21 13:10:00+00:00,True,CLEAN_CAUSAL_LEAVE,2020-06-21 13:15:00+00:00,2020-06-21 13:20:00+00:00,2020-06-21 13:20:00+00:00,2020-06-21 16:00:00+00:00,BLOCK_END,False,
external,SIDEWAYS,16-20,2020-06-21 16:00:00+00:00,2020-06-21 20:00:00+00:00,9386.79,9325.7,61.090000000000146,9334.863500000001,2020-06-21 18:20:00+00:00,2020-06-21 18:15:00+00:00,True,CLEAN_CAUSAL_LEAVE,2020-06-21 18:20:00+00:00,2020-06-21 18:25:00+00:00,,2020-06-21 18:25:00+00:00,L2_ARRIVAL,False,
external,SIDEWAYS,00-04,2020-06-22 00:00:00+00:00,2020-06-22 04:00:00+00:00,9349.0,9279.0,70.0,9289.5,2020-06-22 00:05:00+00:00,2020-06-22 00:00:00+00:00,True,CLEAN_CAUSAL_LEAVE,2020-06-22 00:05:00+00:00,2020-06-22 00:10:00+00:00,,2020-06-22 01:45:00+00:00,OPPOSITE_HIGH_BREAK,False,
external,BULL,20-00,2020-06-23 20:00:00+00:00,2020-06-24 00:00:00+00:00,9700.0,9645.35,54.649999999999636,9653.5475,2020-06-23 20:05:00+00:00,2020-06-23 20:00:00+00:00,True,CLEAN_CAUSAL_LEAVE,2020-06-23 20:05:00+00:00,2020-06-23 20:10:00+00:00,2020-06-23 20:10:00+00:00,2020-06-23 20:45:00+00:00,L2_ARRIVAL,True,35.0
external,SIDEWAYS,08-12,2020-06-24 08:00:00+00:00,2020-06-24 12:00:00+00:00,9678.0,9503.0,175.0,9529.25,2020-06-24 08:05:00+00:00,2020-06-24 08:00:00+00:00,True,CLEAN_CAUSAL_LEAVE,2020-06-24 08:05:00+00:00,2020-06-24 08:10:00+00:00,2020-06-24 08:25:00+00:00,2020-06-24 09:20:00+00:00,L2_ARRIVAL,True,55.0
external,SIDEWAYS,12-16,2020-06-24 12:00:00+00:00,2020-06-24 16:00:00+00:00,9555.83,9300.0,255.82999999999993,9338.3745,2020-06-24 12:05:00+00:00,2020-06-24 12:00:00+00:00,True,CLEAN_CAUSAL_LEAVE,2020-06-24 12:05:00+00:00,2020-06-24 12:10:00+00:00,2020-06-24 14:25:00+00:00,2020-06-24 14:55:00+00:00,L2_ARRIVAL,True,30.0
external,SIDEWAYS,00-04,2020-06-25 00:00:00+00:00,2020-06-25 04:00:00+00:00,9328.0,9230.0,98.0,9244.7,2020-06-25 02:35:00+00:00,2020-06-25 02:30:00+00:00,True,CLEAN_CAUSAL_LEAVE,2020-06-25 02:35:00+00:00,2020-06-25 02:40:00+00:00,,2020-06-25 03:00:00+00:00,L2_ARRIVAL,False,
external,BEAR,12-16,2020-06-25 12:00:00+00:00,2020-06-25 16:00:00+00:00,9333.12,9169.44,163.6800000000003,9193.992,2020-06-25 12:35:00+00:00,2020-06-25 12:30:00+00:00,True,CLEAN_CAUSAL_LEAVE,2020-06-25 12:35:00+00:00,2020-06-25 12:40:00+00:00,2020-06-25 12:40:00+00:00,2020-06-25 13:00:00+00:00,L2_ARRIVAL,True,20.0
external,BEAR,04-08,2020-06-26 04:00:00+00:00,2020-06-26 08:00:00+00:00,9297.16,9181.26,115.89999999999964,9198.645,2020-06-26 07:10:00+00:00,2020-06-26 07:05:00+00:00,False,LOW_BREAK_BEFORE_LEAVE,2020-06-26 07:10:00+00:00,,,2020-06-26 07:10:00+00:00,L2_BREAK,False,
external,BEAR,12-16,2020-06-27 12:00:00+00:00,2020-06-27 16:00:00+00:00,9195.0,9126.67,68.32999999999993,9136.9195,2020-06-27 15:35:00+00:00,2020-06-27 15:30:00+00:00,True,CLEAN_CAUSAL_LEAVE,2020-06-27 15:35:00+00:00,2020-06-27 15:40:00+00:00,2020-06-27 15:45:00+00:00,2020-06-27 15:55:00+00:00,L2_ARRIVAL,True,10.0
external,BEAR,20-00,2020-06-28 20:00:00+00:00,2020-06-29 00:00:00+00:00,9188.0,9096.78,91.21999999999935,9110.463,2020-06-28 20:40:00+00:00,2020-06-28 20:35:00+00:00,True,CLEAN_CAUSAL_LEAVE,2020-06-28 20:40:00+00:00,2020-06-28 20:45:00+00:00,2020-06-28 20:45:00+00:00,2020-06-28 21:00:00+00:00,L2_ARRIVAL,True,15.0
external,BEAR,04-08,2020-06-29 04:00:00+00:00,2020-06-29 08:00:00+00:00,9146.0,9083.0,63.0,9092.45,2020-06-29 04:05:00+00:00,2020-06-29 04:00:00+00:00,True,CLEAN_CAUSAL_LEAVE,2020-06-29 04:05:00+00:00,2020-06-29 04:10:00+00:00,2020-06-29 04:35:00+00:00,2020-06-29 06:45:00+00:00,L2_ARRIVAL,True,130.0
external,BEAR,08-12,2020-06-29 08:00:00+00:00,2020-06-29 12:00:00+00:00,9130.0,9061.0,69.0,9071.35,2020-06-29 08:25:00+00:00,2020-06-29 08:20:00+00:00,True,CLEAN_CAUSAL_LEAVE,2020-06-29 08:25:00+00:00,2020-06-29 08:30:00+00:00,2020-06-29 08:30:00+00:00,2020-06-29 09:55:00+00:00,OPPOSITE_HIGH_BREAK,False,
external,BULL,12-16,2020-06-30 12:00:00+00:00,2020-06-30 16:00:00+00:00,9178.0,9119.2,58.79999999999927,9128.02,2020-06-30 12:35:00+00:00,2020-06-30 12:30:00+00:00,False,LOW_BREAK_BEFORE_LEAVE,2020-06-30 12:35:00+00:00,,,2020-06-30 12:35:00+00:00,L2_BREAK,False,
external,BULL,08-12,2020-07-02 08:00:00+00:00,2020-07-02 12:00:00+00:00,9253.32,9177.0,76.31999999999971,9188.448,2020-07-02 08:50:00+00:00,2020-07-02 08:45:00+00:00,True,CLEAN_CAUSAL_LEAVE,2020-07-02 08:50:00+00:00,2020-07-02 08:55:00+00:00,2020-07-02 11:15:00+00:00,2020-07-02 12:00:00+00:00,BLOCK_END,False,
external,BEAR,16-20,2020-07-03 16:00:00+00:00,2020-07-03 20:00:00+00:00,9124.32,9076.0,48.31999999999971,9083.248,2020-07-03 18:10:00+00:00,2020-07-03 18:05:00+00:00,True,CLEAN_CAUSAL_LEAVE,2020-07-03 18:15:00+00:00,2020-07-03 18:20:00+00:00,2020-07-03 18:20:00+00:00,2020-07-03 19:00:00+00:00,L2_ARRIVAL,True,40.0
external,BEAR,20-00,2020-07-03 20:00:00+00:00,2020-07-04 00:00:00+00:00,9113.0,9068.35,44.649999999999636,9075.0475,2020-07-03 23:05:00+00:00,2020-07-03 23:00:00+00:00,True,CLEAN_CAUSAL_LEAVE,2020-07-03 23:05:00+00:00,2020-07-03 23:10:00+00:00,,2020-07-03 23:10:00+00:00,L2_ARRIVAL,False,
external,BEAR,08-12,2020-07-04 08:00:00+00:00,2020-07-04 12:00:00+00:00,9091.0,9070.0,21.0,9073.15,2020-07-04 09:05:00+00:00,2020-07-04 09:00:00+00:00,True,CLEAN_CAUSAL_LEAVE,2020-07-04 09:05:00+00:00,2020-07-04 09:10:00+00:00,2020-07-04 09:15:00+00:00,2020-07-04 09:30:00+00:00,L2_ARRIVAL,True,15.0
external,BULL,20-00,2020-07-06 20:00:00+00:00,2020-07-07 00:00:00+00:00,9348.0,9261.0,87.0,9274.05,2020-07-06 20:25:00+00:00,2020-07-06 20:20:00+00:00,True,CLEAN_CAUSAL_LEAVE,2020-07-06 20:25:00+00:00,2020-07-06 20:30:00+00:00,,2020-07-06 20:30:00+00:00,L2_ARRIVAL,False,
external,BULL,04-08,2020-07-07 04:00:00+00:00,2020-07-07 08:00:00+00:00,9380.0,9256.1,123.89999999999964,9274.685,2020-07-07 06:20:00+00:00,2020-07-07 06:15:00+00:00,False,LOW_BREAK_BEFORE_LEAVE,2020-07-07 06:25:00+00:00,,,2020-07-07 06:25:00+00:00,L2_BREAK,False,
external,BULL,08-12,2020-07-07 08:00:00+00:00,2020-07-07 12:00:00+00:00,9301.87,9237.05,64.82000000000153,9246.773,2020-07-07 09:50:00+00:00,2020-07-07 09:45:00+00:00,False,LOW_BREAK_BEFORE_LEAVE,2020-07-07 09:50:00+00:00,,,2020-07-07 09:50:00+00:00,L2_BREAK,False,
external,BULL,16-20,2020-07-07 16:00:00+00:00,2020-07-07 20:00:00+00:00,9295.55,9233.0,62.54999999999927,9242.3825,2020-07-07 19:55:00+00:00,2020-07-07 19:50:00+00:00,False,NO_CAUSAL_LEAVE,,,,2020-07-07 20:00:00+00:00,BLOCK_END,False,
external,BULL,00-04,2020-07-09 00:00:00+00:00,2020-07-09 04:00:00+00:00,9466.0,9413.8,52.20000000000073,9421.63,2020-07-09 00:10:00+00:00,2020-07-09 00:05:00+00:00,True,CLEAN_CAUSAL_LEAVE,2020-07-09 00:15:00+00:00,2020-07-09 00:20:00+00:00,,2020-07-09 00:20:00+00:00,L2_ARRIVAL,False,
external,SIDEWAYS,00-04,2020-07-10 00:00:00+00:00,2020-07-10 04:00:00+00:00,9255.25,9210.39,44.86000000000058,9217.118999999999,2020-07-10 02:30:00+00:00,2020-07-10 02:25:00+00:00,False,LOW_BREAK_BEFORE_LEAVE,2020-07-10 02:30:00+00:00,,,2020-07-10 02:30:00+00:00,L2_BREAK,False,
external,BEAR,04-08,2020-07-10 04:00:00+00:00,2020-07-10 08:00:00+00:00,9239.0,9194.06,44.94000000000051,9200.801,2020-07-10 04:35:00+00:00,2020-07-10 04:30:00+00:00,False,LOW_BREAK_BEFORE_LEAVE,2020-07-10 04:35:00+00:00,,,2020-07-10 04:35:00+00:00,L2_BREAK,False,
external,SIDEWAYS,08-12,2020-07-11 08:00:00+00:00,2020-07-11 12:00:00+00:00,9280.0,9254.0,26.0,9257.9,2020-07-11 09:10:00+00:00,2020-07-11 09:05:00+00:00,False,LOW_BREAK_BEFORE_LEAVE,2020-07-11 09:10:00+00:00,,,2020-07-11 09:10:00+00:00,L2_BREAK,False,
external,BEAR,20-00,2020-07-11 20:00:00+00:00,2020-07-12 00:00:00+00:00,9250.0,9203.79,46.20999999999913,9210.721500000001,2020-07-11 20:05:00+00:00,2020-07-11 20:00:00+00:00,True,CLEAN_CAUSAL_LEAVE,2020-07-11 20:05:00+00:00,2020-07-11 20:10:00+00:00,2020-07-11 20:20:00+00:00,2020-07-12 00:00:00+00:00,BLOCK_END,False,
external,BEAR,16-20,2020-07-12 16:00:00+00:00,2020-07-12 20:00:00+00:00,9349.0,9180.17,168.82999999999993,9205.4945,2020-07-12 19:35:00+00:00,2020-07-12 19:30:00+00:00,True,CLEAN_CAUSAL_LEAVE,2020-07-12 19:40:00+00:00,2020-07-12 19:45:00+00:00,2020-07-12 19:45:00+00:00,2020-07-12 20:00:00+00:00,BLOCK_END,False,
external,SIDEWAYS,00-04,2020-07-14 00:00:00+00:00,2020-07-14 04:00:00+00:00,9273.98,9213.57,60.409999999999854,9222.6315,2020-07-14 01:05:00+00:00,2020-07-14 01:00:00+00:00,True,CLEAN_CAUSAL_LEAVE,2020-07-14 01:05:00+00:00,2020-07-14 01:10:00+00:00,2020-07-14 02:35:00+00:00,2020-07-14 04:00:00+00:00,BLOCK_END,False,
external,BEAR,08-12,2020-07-14 08:00:00+00:00,2020-07-14 12:00:00+00:00,9218.98,9152.0,66.97999999999956,9162.047,2020-07-14 11:25:00+00:00,2020-07-14 11:20:00+00:00,True,CLEAN_CAUSAL_LEAVE,2020-07-14 11:25:00+00:00,2020-07-14 11:30:00+00:00,,2020-07-14 11:30:00+00:00,OPPOSITE_HIGH_BREAK,False,
external,SIDEWAYS,00-04,2020-07-15 00:00:00+00:00,2020-07-15 04:00:00+00:00,9274.84,9235.67,39.17000000000007,9241.5455,2020-07-15 03:55:00+00:00,2020-07-15 03:50:00+00:00,False,LOW_BREAK_BEFORE_LEAVE,2020-07-15 03:55:00+00:00,,,2020-07-15 03:55:00+00:00,L2_BREAK,False,
external,BEAR,04-08,2020-07-15 04:00:00+00:00,2020-07-15 08:00:00+00:00,9272.56,9230.01,42.54999999999927,9236.3925,2020-07-15 04:05:00+00:00,2020-07-15 04:00:00+00:00,False,LOW_BREAK_BEFORE_LEAVE,2020-07-15 04:05:00+00:00,,,2020-07-15 04:05:00+00:00,L2_BREAK,False,
external,BEAR,16-20,2020-07-15 16:00:00+00:00,2020-07-15 20:00:00+00:00,9247.0,9196.0,51.0,9203.65,2020-07-15 16:05:00+00:00,2020-07-15 16:00:00+00:00,True,CLEAN_CAUSAL_LEAVE,2020-07-15 16:05:00+00:00,2020-07-15 16:10:00+00:00,2020-07-15 16:10:00+00:00,2020-07-15 16:30:00+00:00,L2_ARRIVAL,True,20.0
external,BEAR,04-08,2020-07-16 04:00:00+00:00,2020-07-16 08:00:00+00:00,9223.0,9180.0,43.0,9186.45,2020-07-16 06:50:00+00:00,2020-07-16 06:45:00+00:00,False,LOW_BREAK_BEFORE_LEAVE,2020-07-16 06:50:00+00:00,,,2020-07-16 06:50:00+00:00,L2_BREAK,False,
external,BEAR,04-08,2020-07-17 04:00:00+00:00,2020-07-17 08:00:00+00:00,9138.89,9105.0,33.88999999999942,9110.0835,2020-07-17 04:50:00+00:00,2020-07-17 04:45:00+00:00,True,CLEAN_CAUSAL_LEAVE,2020-07-17 04:50:00+00:00,2020-07-17 04:55:00+00:00,2020-07-17 04:55:00+00:00,2020-07-17 05:35:00+00:00,L2_ARRIVAL,True,40.0
external,BEAR,00-04,2020-07-18 00:00:00+00:00,2020-07-18 04:00:00+00:00,9175.03,9142.0,33.030000000000655,9146.9545,2020-07-18 01:50:00+00:00,2020-07-18 01:45:00+00:00,False,LOW_BREAK_BEFORE_LEAVE,2020-07-18 01:55:00+00:00,,,2020-07-18 01:55:00+00:00,L2_BREAK,False,
external,BEAR,04-08,2020-07-19 04:00:00+00:00,2020-07-19 08:00:00+00:00,9182.45,9145.35,37.100000000000364,9150.915,2020-07-19 06:05:00+00:00,2020-07-19 06:00:00+00:00,True,CLEAN_CAUSAL_LEAVE,2020-07-19 06:05:00+00:00,2020-07-19 06:10:00+00:00,2020-07-19 06:10:00+00:00,2020-07-19 08:00:00+00:00,BLOCK_END,False,
external,BULL,04-08,2020-07-20 04:00:00+00:00,2020-07-20 08:00:00+00:00,9221.0,9178.08,42.92000000000007,9184.518,2020-07-20 04:55:00+00:00,2020-07-20 04:50:00+00:00,True,CLEAN_CAUSAL_LEAVE,2020-07-20 04:55:00+00:00,2020-07-20 05:00:00+00:00,2020-07-20 05:00:00+00:00,2020-07-20 07:05:00+00:00,L2_ARRIVAL,True,125.0
external,SIDEWAYS,20-00,2020-07-20 20:00:00+00:00,2020-07-21 00:00:00+00:00,9203.83,9148.13,55.70000000000073,9156.484999999999,2020-07-20 21:25:00+00:00,2020-07-20 21:20:00+00:00,True,CLEAN_CAUSAL_LEAVE,2020-07-20 21:25:00+00:00,2020-07-20 21:30:00+00:00,2020-07-20 22:05:00+00:00,2020-07-21 00:00:00+00:00,BLOCK_END,False,
external,BULL,04-08,2020-07-23 04:00:00+00:00,2020-07-23 08:00:00+00:00,9532.36,9468.0,64.36000000000058,9477.654,2020-07-23 05:50:00+00:00,2020-07-23 05:45:00+00:00,True,CLEAN_CAUSAL_LEAVE,2020-07-23 05:50:00+00:00,2020-07-23 05:55:00+00:00,,2020-07-23 08:00:00+00:00,BLOCK_END,False,
external,BULL,04-08,2020-07-24 04:00:00+00:00,2020-07-24 08:00:00+00:00,9608.14,9534.0,74.13999999999942,9545.121,2020-07-24 04:55:00+00:00,2020-07-24 04:50:00+00:00,True,CLEAN_CAUSAL_LEAVE,2020-07-24 04:55:00+00:00,2020-07-24 05:00:00+00:00,,2020-07-24 05:00:00+00:00,L2_ARRIVAL,False,
external,BULL,08-12,2020-07-25 08:00:00+00:00,2020-07-25 12:00:00+00:00,9630.37,9569.01,61.36000000000058,9578.214,2020-07-25 08:05:00+00:00,2020-07-25 08:00:00+00:00,True,CLEAN_CAUSAL_LEAVE,2020-07-25 08:10:00+00:00,2020-07-25 08:15:00+00:00,2020-07-25 09:45:00+00:00,2020-07-25 10:25:00+00:00,L2_ARRIVAL,True,40.0
external,BULL,00-04,2020-07-26 00:00:00+00:00,2020-07-26 04:00:00+00:00,9735.1,9670.0,65.10000000000036,9679.765,2020-07-26 00:35:00+00:00,2020-07-26 00:30:00+00:00,True,CLEAN_CAUSAL_LEAVE,2020-07-26 00:35:00+00:00,2020-07-26 00:40:00+00:00,2020-07-26 00:40:00+00:00,2020-07-26 00:45:00+00:00,L2_ARRIVAL,True,5.0
external,BULL,20-00,2020-07-26 20:00:00+00:00,2020-07-27 00:00:00+00:00,9995.99,9855.0,140.98999999999978,9876.1485,2020-07-26 20:05:00+00:00,2020-07-26 20:00:00+00:00,True,CLEAN_CAUSAL_LEAVE,2020-07-26 20:05:00+00:00,2020-07-26 20:10:00+00:00,,2020-07-27 00:00:00+00:00,BLOCK_END,False,
external,BULL,04-08,2020-07-28 04:00:00+00:00,2020-07-28 08:00:00+00:00,11270.0,10855.95,414.0499999999993,10918.0575,2020-07-28 06:15:00+00:00,2020-07-28 06:10:00+00:00,True,CLEAN_CAUSAL_LEAVE,2020-07-28 06:20:00+00:00,2020-07-28 06:25:00+00:00,2020-07-28 06:25:00+00:00,2020-07-28 07:55:00+00:00,L2_ARRIVAL,True,90.0
external,BULL,04-08,2020-07-30 04:00:00+00:00,2020-07-30 08:00:00+00:00,11137.0,10952.32,184.6800000000003,10980.021999999999,2020-07-30 06:05:00+00:00,2020-07-30 06:00:00+00:00,True,CLEAN_CAUSAL_LEAVE,2020-07-30 06:05:00+00:00,2020-07-30 06:10:00+00:00,2020-07-30 07:10:00+00:00,2020-07-30 07:30:00+00:00,L2_ARRIVAL,True,20.0
external,BULL,08-12,2020-07-30 08:00:00+00:00,2020-07-30 12:00:00+00:00,11060.0,10905.0,155.0,10928.25,2020-07-30 11:20:00+00:00,2020-07-30 11:15:00+00:00,True,CLEAN_CAUSAL_LEAVE,2020-07-30 11:20:00+00:00,2020-07-30 11:25:00+00:00,,2020-07-30 12:00:00+00:00,BLOCK_END,False,
external,BULL,12-16,2020-07-30 12:00:00+00:00,2020-07-30 16:00:00+00:00,11028.94,10905.0,123.94000000000051,10923.591,2020-07-30 13:10:00+00:00,2020-07-30 13:05:00+00:00,True,CLEAN_CAUSAL_LEAVE,2020-07-30 13:10:00+00:00,2020-07-30 13:15:00+00:00,,2020-07-30 13:40:00+00:00,OPPOSITE_HIGH_BREAK,False,
external,BULL,00-04,2020-07-31 00:00:00+00:00,2020-07-31 04:00:00+00:00,11195.52,11073.28,122.23999999999978,11091.616,2020-07-31 00:40:00+00:00,2020-07-31 00:35:00+00:00,False,LOW_BREAK_BEFORE_LEAVE,2020-07-31 00:45:00+00:00,,,2020-07-31 00:45:00+00:00,L2_BREAK,False,
external,BULL,12-16,2020-08-01 12:00:00+00:00,2020-08-01 16:00:00+00:00,11743.34,11565.0,178.34000000000015,11591.751,2020-08-01 13:20:00+00:00,2020-08-01 13:15:00+00:00,True,CLEAN_CAUSAL_LEAVE,2020-08-01 13:20:00+00:00,2020-08-01 13:25:00+00:00,2020-08-01 13:25:00+00:00,2020-08-01 13:35:00+00:00,L2_ARRIVAL,True,10.0
external,SIDEWAYS,20-00,2020-08-02 20:00:00+00:00,2020-08-03 00:00:00+00:00,11297.98,11071.0,226.97999999999956,11105.047,2020-08-02 21:40:00+00:00,2020-08-02 21:35:00+00:00,True,CLEAN_CAUSAL_LEAVE,2020-08-02 21:40:00+00:00,2020-08-02 21:45:00+00:00,2020-08-02 21:45:00+00:00,2020-08-02 23:45:00+00:00,L2_ARRIVAL,True,120.0
external,SIDEWAYS,08-12,2020-08-03 08:00:00+00:00,2020-08-03 12:00:00+00:00,11260.89,11135.09,125.79999999999927,11153.96,2020-08-03 10:10:00+00:00,2020-08-03 10:05:00+00:00,True,CLEAN_CAUSAL_LEAVE,2020-08-03 10:10:00+00:00,2020-08-03 10:15:00+00:00,,2020-08-03 12:00:00+00:00,BLOCK_END,False,
external,BULL,20-00,2020-08-03 20:00:00+00:00,2020-08-04 00:00:00+00:00,11483.0,11333.0,150.0,11355.5,2020-08-03 21:30:00+00:00,2020-08-03 21:25:00+00:00,True,CLEAN_CAUSAL_LEAVE,2020-08-03 21:30:00+00:00,2020-08-03 21:35:00+00:00,,2020-08-03 21:35:00+00:00,L2_ARRIVAL,False,
external,SIDEWAYS,04-08,2020-08-04 04:00:00+00:00,2020-08-04 08:00:00+00:00,11427.38,11224.0,203.3799999999992,11254.507,2020-08-04 06:20:00+00:00,2020-08-04 06:15:00+00:00,True,CLEAN_CAUSAL_LEAVE,2020-08-04 06:20:00+00:00,2020-08-04 06:25:00+00:00,2020-08-04 06:25:00+00:00,2020-08-04 08:00:00+00:00,BLOCK_END,False,
external,SIDEWAYS,08-12,2020-08-04 08:00:00+00:00,2020-08-04 12:00:00+00:00,11337.0,11206.0,131.0,11225.65,2020-08-04 11:05:00+00:00,2020-08-04 11:00:00+00:00,True,CLEAN_CAUSAL_LEAVE,2020-08-04 11:05:00+00:00,2020-08-04 11:10:00+00:00,,2020-08-04 11:35:00+00:00,L2_ARRIVAL,False,
external,SIDEWAYS,12-16,2020-08-04 12:00:00+00:00,2020-08-04 16:00:00+00:00,11324.56,11069.13,255.4300000000003,11107.4445,2020-08-04 13:20:00+00:00,2020-08-04 13:15:00+00:00,True,CLEAN_CAUSAL_LEAVE,2020-08-04 13:20:00+00:00,2020-08-04 13:25:00+00:00,2020-08-04 13:25:00+00:00,2020-08-04 16:00:00+00:00,BLOCK_END,False,
external,SIDEWAYS,00-04,2020-08-05 00:00:00+00:00,2020-08-05 04:00:00+00:00,11280.0,11160.0,120.0,11178.0,2020-08-05 00:40:00+00:00,2020-08-05 00:35:00+00:00,True,CLEAN_CAUSAL_LEAVE,2020-08-05 00:45:00+00:00,2020-08-05 00:50:00+00:00,2020-08-05 00:50:00+00:00,2020-08-05 01:05:00+00:00,L2_ARRIVAL,True,15.0
external,BULL,04-08,2020-08-06 04:00:00+00:00,2020-08-06 08:00:00+00:00,11813.0,11616.16,196.84000000000015,11645.686,2020-08-06 04:15:00+00:00,2020-08-06 04:10:00+00:00,True,CLEAN_CAUSAL_LEAVE,2020-08-06 04:15:00+00:00,2020-08-06 04:20:00+00:00,2020-08-06 04:20:00+00:00,2020-08-06 04:30:00+00:00,L2_ARRIVAL,True,10.0
external,BULL,04-08,2020-08-07 04:00:00+00:00,2020-08-07 08:00:00+00:00,11920.0,11743.57,176.4300000000003,11770.0345,2020-08-07 05:45:00+00:00,2020-08-07 05:40:00+00:00,True,CLEAN_CAUSAL_LEAVE,2020-08-07 05:45:00+00:00,2020-08-07 05:50:00+00:00,2020-08-07 05:50:00+00:00,2020-08-07 08:00:00+00:00,BLOCK_END,False,
external,BULL,12-16,2020-08-07 12:00:00+00:00,2020-08-07 16:00:00+00:00,11855.0,11688.01,166.98999999999978,11713.058500000001,2020-08-07 12:30:00+00:00,2020-08-07 12:25:00+00:00,True,CLEAN_CAUSAL_LEAVE,2020-08-07 12:30:00+00:00,2020-08-07 12:35:00+00:00,2020-08-07 12:35:00+00:00,2020-08-07 14:05:00+00:00,L2_ARRIVAL,True,90.0
external,BULL,16-20,2020-08-07 16:00:00+00:00,2020-08-07 20:00:00+00:00,11780.0,11488.0,292.0,11531.8,2020-08-07 17:35:00+00:00,2020-08-07 17:30:00+00:00,True,CLEAN_CAUSAL_LEAVE,2020-08-07 17:40:00+00:00,2020-08-07 17:45:00+00:00,2020-08-07 17:45:00+00:00,2020-08-07 18:00:00+00:00,L2_ARRIVAL,True,15.0
external,SIDEWAYS,04-08,2020-08-08 04:00:00+00:00,2020-08-08 08:00:00+00:00,11657.88,11531.71,126.17000000000007,11550.635499999999,2020-08-08 05:25:00+00:00,2020-08-08 05:20:00+00:00,True,CLEAN_CAUSAL_LEAVE,2020-08-08 05:25:00+00:00,2020-08-08 05:30:00+00:00,,2020-08-08 08:00:00+00:00,BLOCK_END,False,
external,BULL,04-08,2020-08-09 04:00:00+00:00,2020-08-09 08:00:00+00:00,11811.0,11679.79,131.20999999999913,11699.471500000001,2020-08-09 05:40:00+00:00,2020-08-09 05:35:00+00:00,True,CLEAN_CAUSAL_LEAVE,2020-08-09 05:45:00+00:00,2020-08-09 05:50:00+00:00,,2020-08-09 05:50:00+00:00,L2_ARRIVAL,False,
external,BULL,08-12,2020-08-09 08:00:00+00:00,2020-08-09 12:00:00+00:00,11750.0,11641.0,109.0,11657.35,2020-08-09 09:55:00+00:00,2020-08-09 09:50:00+00:00,True,CLEAN_CAUSAL_LEAVE,2020-08-09 10:05:00+00:00,2020-08-09 10:10:00+00:00,,2020-08-09 10:10:00+00:00,L2_ARRIVAL,False,
external,BULL,12-16,2020-08-09 12:00:00+00:00,2020-08-09 16:00:00+00:00,11727.0,11610.0,117.0,11627.55,2020-08-09 13:45:00+00:00,2020-08-09 13:40:00+00:00,True,CLEAN_CAUSAL_LEAVE,2020-08-09 13:50:00+00:00,2020-08-09 13:55:00+00:00,2020-08-09 13:55:00+00:00,2020-08-09 14:05:00+00:00,L2_ARRIVAL,True,10.0
external,SIDEWAYS,16-20,2020-08-09 16:00:00+00:00,2020-08-09 20:00:00+00:00,11694.17,11542.0,152.17000000000007,11564.8255,2020-08-09 17:50:00+00:00,2020-08-09 17:45:00+00:00,False,LOW_BREAK_BEFORE_LEAVE,2020-08-09 17:55:00+00:00,,,2020-08-09 17:55:00+00:00,L2_BREAK,False,
external,BULL,20-00,2020-08-10 20:00:00+00:00,2020-08-11 00:00:00+00:00,11968.08,11824.0,144.07999999999993,11845.612,2020-08-10 20:55:00+00:00,2020-08-10 20:50:00+00:00,True,CLEAN_CAUSAL_LEAVE,2020-08-10 20:55:00+00:00,2020-08-10 21:00:00+00:00,2020-08-10 21:00:00+00:00,2020-08-10 21:05:00+00:00,L2_ARRIVAL,True,5.0
external,BULL,04-08,2020-08-11 04:00:00+00:00,2020-08-11 08:00:00+00:00,11944.0,11819.86,124.13999999999942,11838.481,2020-08-11 04:40:00+00:00,2020-08-11 04:35:00+00:00,True,CLEAN_CAUSAL_LEAVE,2020-08-11 04:40:00+00:00,2020-08-11 04:45:00+00:00,2020-08-11 04:45:00+00:00,2020-08-11 05:05:00+00:00,L2_ARRIVAL,True,20.0
external,SIDEWAYS,08-12,2020-08-11 08:00:00+00:00,2020-08-11 12:00:00+00:00,11868.18,11712.0,156.1800000000003,11735.427,2020-08-11 08:45:00+00:00,2020-08-11 08:40:00+00:00,True,CLEAN_CAUSAL_LEAVE,2020-08-11 08:45:00+00:00,2020-08-11 08:50:00+00:00,,2020-08-11 08:55:00+00:00,L2_ARRIVAL,False,
external,SIDEWAYS,12-16,2020-08-11 12:00:00+00:00,2020-08-11 16:00:00+00:00,11780.0,11651.0,129.0,11670.35,2020-08-11 12:55:00+00:00,2020-08-11 12:50:00+00:00,True,CLEAN_CAUSAL_LEAVE,2020-08-11 12:55:00+00:00,2020-08-11 13:00:00+00:00,,2020-08-11 13:00:00+00:00,L2_ARRIVAL,False,
external,SIDEWAYS,16-20,2020-08-11 16:00:00+00:00,2020-08-11 20:00:00+00:00,11753.64,11340.0,413.6399999999994,11402.046,2020-08-11 16:15:00+00:00,2020-08-11 16:10:00+00:00,True,CLEAN_CAUSAL_LEAVE,2020-08-11 16:20:00+00:00,2020-08-11 16:25:00+00:00,2020-08-11 16:35:00+00:00,2020-08-11 20:00:00+00:00,BLOCK_END,False,
external,BULL,20-00,2020-08-14 20:00:00+00:00,2020-08-15 00:00:00+00:00,11868.42,11715.01,153.40999999999985,11738.0215,2020-08-14 21:25:00+00:00,2020-08-14 21:20:00+00:00,True,CLEAN_CAUSAL_LEAVE,2020-08-14 21:25:00+00:00,2020-08-14 21:30:00+00:00,2020-08-14 22:05:00+00:00,2020-08-15 00:00:00+00:00,BLOCK_END,False,
external,BULL,08-12,2020-08-18 08:00:00+00:00,2020-08-18 12:00:00+00:00,12328.62,12206.0,122.6200000000008,12224.393,2020-08-18 10:35:00+00:00,2020-08-18 10:30:00+00:00,True,CLEAN_CAUSAL_LEAVE,2020-08-18 10:35:00+00:00,2020-08-18 10:40:00+00:00,2020-08-18 11:40:00+00:00,2020-08-18 11:55:00+00:00,L2_ARRIVAL,True,15.0
external,SIDEWAYS,00-04,2020-08-19 00:00:00+00:00,2020-08-19 04:00:00+00:00,12100.0,11957.38,142.6200000000008,11978.773,2020-08-19 00:15:00+00:00,2020-08-19 00:10:00+00:00,True,CLEAN_CAUSAL_LEAVE,2020-08-19 00:20:00+00:00,2020-08-19 00:25:00+00:00,2020-08-19 01:50:00+00:00,2020-08-19 02:05:00+00:00,L2_ARRIVAL,True,15.0
external,SIDEWAYS,04-08,2020-08-19 04:00:00+00:00,2020-08-19 08:00:00+00:00,12037.05,11840.31,196.73999999999978,11869.821,2020-08-19 04:05:00+00:00,2020-08-19 04:00:00+00:00,True,CLEAN_CAUSAL_LEAVE,2020-08-19 04:05:00+00:00,2020-08-19 04:10:00+00:00,2020-08-19 04:10:00+00:00,2020-08-19 04:15:00+00:00,L2_ARRIVAL,True,5.0
external,SIDEWAYS,00-04,2020-08-21 00:00:00+00:00,2020-08-21 04:00:00+00:00,11888.0,11811.36,76.63999999999942,11822.856,2020-08-21 01:15:00+00:00,2020-08-21 01:10:00+00:00,True,CLEAN_CAUSAL_LEAVE,2020-08-21 01:15:00+00:00,2020-08-21 01:20:00+00:00,,2020-08-21 01:30:00+00:00,L2_ARRIVAL,False,
external,SIDEWAYS,08-12,2020-08-21 08:00:00+00:00,2020-08-21 12:00:00+00:00,11878.65,11813.75,64.89999999999964,11823.485,2020-08-21 08:05:00+00:00,2020-08-21 08:00:00+00:00,True,CLEAN_CAUSAL_LEAVE,2020-08-21 08:05:00+00:00,2020-08-21 08:10:00+00:00,,2020-08-21 08:10:00+00:00,L2_ARRIVAL,False,
external,SIDEWAYS,12-16,2020-08-21 12:00:00+00:00,2020-08-21 16:00:00+00:00,11842.01,11695.7,146.3099999999995,11717.6465,2020-08-21 12:05:00+00:00,2020-08-21 12:00:00+00:00,False,LOW_BREAK_BEFORE_LEAVE,2020-08-21 12:05:00+00:00,,,2020-08-21 12:05:00+00:00,L2_BREAK,False,
external,SIDEWAYS,16-20,2020-08-21 16:00:00+00:00,2020-08-21 20:00:00+00:00,11780.0,11628.79,151.20999999999913,11651.471500000001,2020-08-21 17:05:00+00:00,2020-08-21 17:00:00+00:00,True,CLEAN_CAUSAL_LEAVE,2020-08-21 17:05:00+00:00,2020-08-21 17:10:00+00:00,2020-08-21 18:10:00+00:00,2020-08-21 18:15:00+00:00,L2_ARRIVAL,True,5.0
external,SIDEWAYS,20-00,2020-08-21 20:00:00+00:00,2020-08-22 00:00:00+00:00,11777.0,11608.08,168.92000000000007,11633.418,2020-08-21 21:15:00+00:00,2020-08-21 21:10:00+00:00,False,LOW_BREAK_BEFORE_LEAVE,2020-08-21 21:15:00+00:00,,,2020-08-21 21:15:00+00:00,L2_BREAK,False,
external,BEAR,16-20,2020-08-22 16:00:00+00:00,2020-08-22 20:00:00+00:00,11645.66,11565.34,80.31999999999971,11577.388,2020-08-22 16:45:00+00:00,2020-08-22 16:40:00+00:00,False,LOW_BREAK_BEFORE_LEAVE,2020-08-22 16:45:00+00:00,,,2020-08-22 16:45:00+00:00,L2_BREAK,False,
external,BEAR,04-08,2020-08-23 04:00:00+00:00,2020-08-23 08:00:00+00:00,11695.9,11592.29,103.60999999999876,11607.8315,2020-08-23 04:20:00+00:00,2020-08-23 04:15:00+00:00,True,CLEAN_CAUSAL_LEAVE,2020-08-23 04:25:00+00:00,2020-08-23 04:30:00+00:00,2020-08-23 04:35:00+00:00,2020-08-23 05:00:00+00:00,L2_ARRIVAL,True,25.0
external,BEAR,08-12,2020-08-23 08:00:00+00:00,2020-08-23 12:00:00+00:00,11626.82,11565.0,61.81999999999971,11574.273,2020-08-23 09:05:00+00:00,2020-08-23 09:00:00+00:00,True,CLEAN_CAUSAL_LEAVE,2020-08-23 09:05:00+00:00,2020-08-23 09:10:00+00:00,,2020-08-23 10:10:00+00:00,L2_ARRIVAL,False,
external,BULL,16-20,2020-08-24 16:00:00+00:00,2020-08-24 20:00:00+00:00,11825.0,11731.29,93.70999999999913,11745.346500000001,2020-08-24 18:20:00+00:00,2020-08-24 18:15:00+00:00,False,LOW_BREAK_BEFORE_LEAVE,2020-08-24 18:40:00+00:00,,,2020-08-24 18:40:00+00:00,L2_BREAK,False,
external,BULL,00-04,2020-08-25 00:00:00+00:00,2020-08-25 04:00:00+00:00,11790.0,11711.0,79.0,11722.85,2020-08-25 02:20:00+00:00,2020-08-25 02:15:00+00:00,True,CLEAN_CAUSAL_LEAVE,2020-08-25 02:20:00+00:00,2020-08-25 02:25:00+00:00,2020-08-25 02:25:00+00:00,2020-08-25 02:45:00+00:00,L2_ARRIVAL,True,20.0
external,SIDEWAYS,08-12,2020-08-25 08:00:00+00:00,2020-08-25 12:00:00+00:00,11704.68,11556.0,148.6800000000003,11578.302,2020-08-25 08:25:00+00:00,2020-08-25 08:20:00+00:00,False,LOW_BREAK_BEFORE_LEAVE,2020-08-25 08:25:00+00:00,,,2020-08-25 08:25:00+00:00,L2_BREAK,False,
external,BEAR,12-16,2020-08-26 12:00:00+00:00,2020-08-26 16:00:00+00:00,11450.47,11337.37,113.09999999999854,11354.335000000001,2020-08-26 12:30:00+00:00,2020-08-26 12:25:00+00:00,False,LOW_BREAK_BEFORE_LEAVE,2020-08-26 12:35:00+00:00,,,2020-08-26 12:35:00+00:00,L2_BREAK,False,
external,SIDEWAYS,00-04,2020-08-27 00:00:00+00:00,2020-08-27 04:00:00+00:00,11512.66,11438.0,74.65999999999985,11449.199,2020-08-27 01:45:00+00:00,2020-08-27 01:40:00+00:00,False,LOW_BREAK_BEFORE_LEAVE,2020-08-27 01:45:00+00:00,,,2020-08-27 01:45:00+00:00,L2_BREAK,False,
external,SIDEWAYS,04-08,2020-08-27 04:00:00+00:00,2020-08-27 08:00:00+00:00,11486.61,11366.22,120.39000000000124,11384.2785,2020-08-27 05:25:00+00:00,2020-08-27 05:20:00+00:00,True,CLEAN_CAUSAL_LEAVE,2020-08-27 05:25:00+00:00,2020-08-27 05:30:00+00:00,,2020-08-27 05:30:00+00:00,L2_ARRIVAL,False,
external,SIDEWAYS,12-16,2020-08-27 12:00:00+00:00,2020-08-27 16:00:00+00:00,11454.08,11305.0,149.07999999999993,11327.362,2020-08-27 12:05:00+00:00,2020-08-27 12:00:00+00:00,True,CLEAN_CAUSAL_LEAVE,2020-08-27 12:05:00+00:00,2020-08-27 12:10:00+00:00,2020-08-27 12:10:00+00:00,2020-08-27 12:25:00+00:00,L2_ARRIVAL,True,15.0
external,BEAR,08-12,2020-08-28 08:00:00+00:00,2020-08-28 12:00:00+00:00,11447.62,11363.8,83.82000000000153,11376.373,2020-08-28 08:05:00+00:00,2020-08-28 08:00:00+00:00,True,CLEAN_CAUSAL_LEAVE,2020-08-28 08:05:00+00:00,2020-08-28 08:10:00+00:00,,2020-08-28 09:20:00+00:00,OPPOSITE_HIGH_BREAK,False,
external,SIDEWAYS,20-00,2020-08-28 20:00:00+00:00,2020-08-29 00:00:00+00:00,11544.88,11464.42,80.45999999999913,11476.489,2020-08-28 22:20:00+00:00,2020-08-28 22:15:00+00:00,False,LOW_BREAK_BEFORE_LEAVE,2020-08-28 22:35:00+00:00,,,2020-08-28 22:35:00+00:00,L2_BREAK,False,
external,BULL,20-00,2020-08-29 20:00:00+00:00,2020-08-30 00:00:00+00:00,11549.99,11480.0,69.98999999999978,11490.4985,2020-08-29 23:05:00+00:00,2020-08-29 23:00:00+00:00,True,CLEAN_CAUSAL_LEAVE,2020-08-29 23:05:00+00:00,2020-08-29 23:10:00+00:00,2020-08-29 23:35:00+00:00,2020-08-29 23:45:00+00:00,L2_ARRIVAL,True,10.0
external,SIDEWAYS,00-04,2020-08-30 00:00:00+00:00,2020-08-30 04:00:00+00:00,11536.95,11459.73,77.22000000000116,11471.313,2020-08-30 00:05:00+00:00,2020-08-30 00:00:00+00:00,True,CLEAN_CAUSAL_LEAVE,2020-08-30 00:05:00+00:00,2020-08-30 00:10:00+00:00,,2020-08-30 01:30:00+00:00,OPPOSITE_HIGH_BREAK,False,
external,BULL,08-12,2020-08-30 08:00:00+00:00,2020-08-30 12:00:00+00:00,11628.0,11568.78,59.219999999999345,11577.663,2020-08-30 08:45:00+00:00,2020-08-30 08:40:00+00:00,False,LOW_BREAK_BEFORE_LEAVE,2020-08-30 08:45:00+00:00,,,2020-08-30 08:45:00+00:00,L2_BREAK,False,
external,BULL,04-08,2020-08-31 04:00:00+00:00,2020-08-31 08:00:00+00:00,11730.0,11670.49,59.51000000000022,11679.4165,2020-08-31 04:50:00+00:00,2020-08-31 04:45:00+00:00,False,LOW_BREAK_BEFORE_LEAVE,2020-08-31 04:55:00+00:00,,,2020-08-31 04:55:00+00:00,L2_BREAK,False,
external,BULL,00-04,2020-09-02 00:00:00+00:00,2020-09-02 04:00:00+00:00,12059.79,11867.0,192.79000000000087,11895.9185,2020-09-02 02:25:00+00:00,2020-09-02 02:20:00+00:00,True,CLEAN_CAUSAL_LEAVE,2020-09-02 02:25:00+00:00,2020-09-02 02:30:00+00:00,2020-09-02 02:45:00+00:00,2020-09-02 02:55:00+00:00,L2_ARRIVAL,True,10.0
external,SIDEWAYS,12-16,2020-09-03 12:00:00+00:00,2020-09-03 16:00:00+00:00,11475.0,11189.71,285.2900000000009,11232.503499999999,2020-09-03 12:10:00+00:00,2020-09-03 12:05:00+00:00,False,LOW_BREAK_BEFORE_LEAVE,2020-09-03 12:10:00+00:00,,,2020-09-03 12:10:00+00:00,L2_BREAK,False,
external,BEAR,12-16,2020-09-04 12:00:00+00:00,2020-09-04 16:00:00+00:00,10530.37,10295.0,235.3700000000008,10330.3055,2020-09-04 14:20:00+00:00,2020-09-04 14:15:00+00:00,True,CLEAN_CAUSAL_LEAVE,2020-09-04 14:25:00+00:00,2020-09-04 14:30:00+00:00,,2020-09-04 14:30:00+00:00,L2_ARRIVAL,False,
external,BEAR,04-08,2020-09-05 04:00:00+00:00,2020-09-05 08:00:00+00:00,10567.87,10380.64,187.23000000000138,10408.7245,2020-09-05 04:10:00+00:00,2020-09-05 04:05:00+00:00,True,CLEAN_CAUSAL_LEAVE,2020-09-05 04:10:00+00:00,2020-09-05 04:15:00+00:00,2020-09-05 04:15:00+00:00,2020-09-05 07:35:00+00:00,L2_ARRIVAL,True,200.0
external,BEAR,00-04,2020-09-07 00:00:00+00:00,2020-09-07 04:00:00+00:00,10348.97,10186.0,162.96999999999935,10210.4455,2020-09-07 03:20:00+00:00,2020-09-07 03:15:00+00:00,True,CLEAN_CAUSAL_LEAVE,2020-09-07 03:25:00+00:00,2020-09-07 03:30:00+00:00,2020-09-07 03:35:00+00:00,2020-09-07 04:00:00+00:00,BLOCK_END,False,
external,BEAR,08-12,2020-09-07 08:00:00+00:00,2020-09-07 12:00:00+00:00,10241.0,10050.01,190.98999999999978,10078.6585,2020-09-07 11:05:00+00:00,2020-09-07 11:00:00+00:00,True,CLEAN_CAUSAL_LEAVE,2020-09-07 11:05:00+00:00,2020-09-07 11:10:00+00:00,2020-09-07 11:20:00+00:00,2020-09-07 11:25:00+00:00,L2_ARRIVAL,True,5.0
external,BEAR,12-16,2020-09-08 12:00:00+00:00,2020-09-08 16:00:00+00:00,10343.4,9933.0,410.39999999999964,9994.56,2020-09-08 12:20:00+00:00,2020-09-08 12:15:00+00:00,True,CLEAN_CAUSAL_LEAVE,2020-09-08 12:20:00+00:00,2020-09-08 12:25:00+00:00,2020-09-08 12:25:00+00:00,2020-09-08 13:30:00+00:00,L2_ARRIVAL,True,65.0
external,BULL,16-20,2020-09-10 16:00:00+00:00,2020-09-10 20:00:00+00:00,10484.6,10286.34,198.26000000000022,10316.079,2020-09-10 18:30:00+00:00,2020-09-10 18:25:00+00:00,False,LOW_BREAK_BEFORE_LEAVE,2020-09-10 18:30:00+00:00,,,2020-09-10 18:30:00+00:00,L2_BREAK,False,
external,SIDEWAYS,04-08,2020-09-11 04:00:00+00:00,2020-09-11 08:00:00+00:00,10380.5,10212.0,168.5,10237.275,2020-09-11 04:05:00+00:00,2020-09-11 04:00:00+00:00,True,CLEAN_CAUSAL_LEAVE,2020-09-11 04:05:00+00:00,2020-09-11 04:10:00+00:00,2020-09-11 04:10:00+00:00,2020-09-11 08:00:00+00:00,BLOCK_END,False,
external,SIDEWAYS,12-16,2020-09-11 12:00:00+00:00,2020-09-11 16:00:00+00:00,10334.99,10251.73,83.26000000000022,10264.219,2020-09-11 12:40:00+00:00,2020-09-11 12:35:00+00:00,True,CLEAN_CAUSAL_LEAVE,2020-09-11 12:40:00+00:00,2020-09-11 12:45:00+00:00,2020-09-11 12:45:00+00:00,2020-09-11 16:00:00+00:00,BLOCK_END,False,
external,BULL,04-08,2020-09-12 04:00:00+00:00,2020-09-12 08:00:00+00:00,10399.96,10322.55,77.40999999999985,10334.161499999998,2020-09-12 07:05:00+00:00,2020-09-12 07:00:00+00:00,True,CLEAN_CAUSAL_LEAVE,2020-09-12 07:05:00+00:00,2020-09-12 07:10:00+00:00,2020-09-12 07:10:00+00:00,2020-09-12 08:00:00+00:00,BLOCK_END,False,
external,BULL,00-04,2020-09-13 00:00:00+00:00,2020-09-13 04:00:00+00:00,10470.21,10405.0,65.20999999999913,10414.7815,2020-09-13 01:50:00+00:00,2020-09-13 01:45:00+00:00,True,CLEAN_CAUSAL_LEAVE,2020-09-13 01:50:00+00:00,2020-09-13 01:55:00+00:00,,2020-09-13 03:35:00+00:00,OPPOSITE_HIGH_BREAK,False,
external,SIDEWAYS,12-16,2020-09-13 12:00:00+00:00,2020-09-13 16:00:00+00:00,10557.52,10304.14,253.38000000000102,10342.146999999999,2020-09-13 12:05:00+00:00,2020-09-13 12:00:00+00:00,True,CLEAN_CAUSAL_LEAVE,2020-09-13 12:05:00+00:00,2020-09-13 12:10:00+00:00,2020-09-13 12:10:00+00:00,2020-09-13 12:55:00+00:00,L2_ARRIVAL,True,45.0
external,BULL,20-00,2020-09-14 20:00:00+00:00,2020-09-15 00:00:00+00:00,10746.06,10636.0,110.05999999999949,10652.509,2020-09-14 23:00:00+00:00,2020-09-14 22:55:00+00:00,False,LOW_BREAK_BEFORE_LEAVE,2020-09-14 23:05:00+00:00,,,2020-09-14 23:05:00+00:00,L2_BREAK,False,
external,BULL,08-12,2020-09-15 08:00:00+00:00,2020-09-15 12:00:00+00:00,10777.98,10700.01,77.96999999999935,10711.7055,2020-09-15 08:35:00+00:00,2020-09-15 08:30:00+00:00,False,LOW_BREAK_BEFORE_LEAVE,2020-09-15 08:35:00+00:00,,,2020-09-15 08:35:00+00:00,L2_BREAK,False,
external,BULL,00-04,2020-09-16 00:00:00+00:00,2020-09-16 04:00:00+00:00,10869.99,10732.0,137.98999999999978,10752.6985,2020-09-16 00:10:00+00:00,2020-09-16 00:05:00+00:00,False,LOW_BREAK_BEFORE_LEAVE,2020-09-16 00:15:00+00:00,,,2020-09-16 00:15:00+00:00,L2_BREAK,False,
external,BULL,20-00,2020-09-16 20:00:00+00:00,2020-09-17 00:00:00+00:00,11089.08,10948.25,140.82999999999993,10969.3745,2020-09-16 23:35:00+00:00,2020-09-16 23:30:00+00:00,False,LOW_BREAK_BEFORE_LEAVE,2020-09-16 23:40:00+00:00,,,2020-09-16 23:40:00+00:00,L2_BREAK,False,
external,BULL,04-08,2020-09-17 04:00:00+00:00,2020-09-17 08:00:00+00:00,11040.0,10864.0,176.0,10890.4,2020-09-17 04:05:00+00:00,2020-09-17 04:00:00+00:00,True,CLEAN_CAUSAL_LEAVE,2020-09-17 04:05:00+00:00,2020-09-17 04:10:00+00:00,2020-09-17 04:15:00+00:00,2020-09-17 06:20:00+00:00,L2_ARRIVAL,True,125.0
external,BULL,04-08,2020-09-18 04:00:00+00:00,2020-09-18 08:00:00+00:00,10955.96,10881.28,74.67999999999847,10892.482,2020-09-18 04:10:00+00:00,2020-09-18 04:05:00+00:00,True,CLEAN_CAUSAL_LEAVE,2020-09-18 04:15:00+00:00,2020-09-18 04:20:00+00:00,2020-09-18 04:25:00+00:00,2020-09-18 06:45:00+00:00,OPPOSITE_HIGH_BREAK,False,
external,BULL,08-12,2020-09-20 08:00:00+00:00,2020-09-20 12:00:00+00:00,10988.66,10925.0,63.659999999999854,10934.548999999999,2020-09-20 09:35:00+00:00,2020-09-20 09:30:00+00:00,True,CLEAN_CAUSAL_LEAVE,2020-09-20 09:35:00+00:00,2020-09-20 09:40:00+00:00,,2020-09-20 12:00:00+00:00,BLOCK_END,False,
external,SIDEWAYS,08-12,2020-09-21 08:00:00+00:00,2020-09-21 12:00:00+00:00,10980.69,10882.91,97.78000000000065,10897.577,2020-09-21 08:05:00+00:00,2020-09-21 08:00:00+00:00,False,LOW_BREAK_BEFORE_LEAVE,2020-09-21 08:05:00+00:00,,,2020-09-21 08:05:00+00:00,L2_BREAK,False,
external,SIDEWAYS,12-16,2020-09-21 12:00:00+00:00,2020-09-21 16:00:00+00:00,10907.32,10572.01,335.3099999999995,10622.3065,2020-09-21 12:10:00+00:00,2020-09-21 12:05:00+00:00,True,CLEAN_CAUSAL_LEAVE,2020-09-21 12:15:00+00:00,2020-09-21 12:20:00+00:00,,2020-09-21 12:20:00+00:00,L2_ARRIVAL,False,
external,BEAR,04-08,2020-09-23 04:00:00+00:00,2020-09-23 08:00:00+00:00,10529.0,10465.67,63.32999999999993,10475.1695,2020-09-23 04:15:00+00:00,2020-09-23 04:10:00+00:00,False,LOW_BREAK_BEFORE_LEAVE,2020-09-23 04:15:00+00:00,,,2020-09-23 04:15:00+00:00,L2_BREAK,False,
external,SIDEWAYS,16-20,2020-09-23 16:00:00+00:00,2020-09-23 20:00:00+00:00,10531.94,10440.16,91.78000000000065,10453.927,2020-09-23 16:05:00+00:00,2020-09-23 16:00:00+00:00,True,CLEAN_CAUSAL_LEAVE,2020-09-23 16:05:00+00:00,2020-09-23 16:10:00+00:00,2020-09-23 16:10:00+00:00,2020-09-23 18:15:00+00:00,L2_ARRIVAL,True,125.0
external,SIDEWAYS,20-00,2020-09-23 20:00:00+00:00,2020-09-24 00:00:00+00:00,10489.73,10251.0,238.72999999999956,10286.8095,2020-09-23 20:35:00+00:00,2020-09-23 20:30:00+00:00,False,LOW_BREAK_BEFORE_LEAVE,2020-09-23 20:35:00+00:00,,,2020-09-23 20:35:00+00:00,L2_BREAK,False,
external,BULL,04-08,2020-09-25 04:00:00+00:00,2020-09-25 08:00:00+00:00,10754.29,10657.0,97.29000000000087,10671.5935,2020-09-25 04:05:00+00:00,2020-09-25 04:00:00+00:00,True,CLEAN_CAUSAL_LEAVE,2020-09-25 04:10:00+00:00,2020-09-25 04:15:00+00:00,2020-09-25 04:15:00+00:00,2020-09-25 05:00:00+00:00,L2_ARRIVAL,True,45.0
external,BULL,08-12,2020-09-25 08:00:00+00:00,2020-09-25 12:00:00+00:00,10697.78,10613.39,84.39000000000124,10626.048499999999,2020-09-25 08:50:00+00:00,2020-09-25 08:45:00+00:00,False,LOW_BREAK_BEFORE_LEAVE,2020-09-25 08:50:00+00:00,,,2020-09-25 08:50:00+00:00,L2_BREAK,False,
external,BULL,00-04,2020-09-26 00:00:00+00:00,2020-09-26 04:00:00+00:00,10748.68,10646.2,102.47999999999956,10661.572,2020-09-26 01:00:00+00:00,2020-09-26 00:55:00+00:00,True,CLEAN_CAUSAL_LEAVE,2020-09-26 01:05:00+00:00,2020-09-26 01:10:00+00:00,,2020-09-26 04:00:00+00:00,BLOCK_END,False,
external,BULL,08-12,2020-09-27 08:00:00+00:00,2020-09-27 12:00:00+00:00,10792.0,10620.0,172.0,10645.8,2020-09-27 08:35:00+00:00,2020-09-27 08:30:00+00:00,True,CLEAN_CAUSAL_LEAVE,2020-09-27 08:35:00+00:00,2020-09-27 08:40:00+00:00,2020-09-27 08:40:00+00:00,2020-09-27 09:15:00+00:00,L2_ARRIVAL,True,35.0
external,SIDEWAYS,12-16,2020-09-27 12:00:00+00:00,2020-09-27 16:00:00+00:00,10678.0,10602.76,75.23999999999978,10614.046,2020-09-27 12:05:00+00:00,2020-09-27 12:00:00+00:00,True,CLEAN_CAUSAL_LEAVE,2020-09-27 12:05:00+00:00,2020-09-27 12:10:00+00:00,,2020-09-27 13:40:00+00:00,OPPOSITE_HIGH_BREAK,False,
external,BULL,08-12,2020-09-28 08:00:00+00:00,2020-09-28 12:00:00+00:00,10912.0,10833.53,78.46999999999935,10845.300500000001,2020-09-28 09:40:00+00:00,2020-09-28 09:35:00+00:00,True,CLEAN_CAUSAL_LEAVE,2020-09-28 09:40:00+00:00,2020-09-28 09:45:00+00:00,2020-09-28 09:45:00+00:00,2020-09-28 10:00:00+00:00,L2_ARRIVAL,True,15.0
external,SIDEWAYS,16-20,2020-09-29 16:00:00+00:00,2020-09-29 20:00:00+00:00,10783.6,10711.47,72.13000000000102,10722.289499999999,2020-09-29 16:05:00+00:00,2020-09-29 16:00:00+00:00,True,CLEAN_CAUSAL_LEAVE,2020-09-29 16:10:00+00:00,2020-09-29 16:15:00+00:00,,2020-09-29 16:15:00+00:00,L2_ARRIVAL,False,
external,BULL,00-04,2020-09-30 00:00:00+00:00,2020-09-30 04:00:00+00:00,10863.94,10735.01,128.9300000000003,10754.3495,2020-09-30 04:00:00+00:00,2020-09-30 03:55:00+00:00,False,NO_CAUSAL_LEAVE,,,,2020-09-30 04:00:00+00:00,BLOCK_END,False,
external,SIDEWAYS,04-08,2020-09-30 04:00:00+00:00,2020-09-30 08:00:00+00:00,10845.99,10735.0,110.98999999999978,10751.6485,2020-09-30 04:05:00+00:00,2020-09-30 04:00:00+00:00,True,CLEAN_CAUSAL_LEAVE,2020-09-30 04:05:00+00:00,2020-09-30 04:10:00+00:00,,2020-09-30 04:10:00+00:00,L2_ARRIVAL,False,
external,SIDEWAYS,08-12,2020-10-02 08:00:00+00:00,2020-10-02 12:00:00+00:00,10660.0,10378.38,281.6200000000008,10420.623,2020-10-02 10:30:00+00:00,2020-10-02 10:25:00+00:00,True,CLEAN_CAUSAL_LEAVE,2020-10-02 10:30:00+00:00,2020-10-02 10:35:00+00:00,,2020-10-02 12:00:00+00:00,BLOCK_END,False,
external,BEAR,20-00,2020-10-02 20:00:00+00:00,2020-10-03 00:00:00+00:00,10561.44,10487.86,73.57999999999993,10498.897,2020-10-02 21:45:00+00:00,2020-10-02 21:40:00+00:00,False,LOW_BREAK_BEFORE_LEAVE,2020-10-02 21:45:00+00:00,,,2020-10-02 21:45:00+00:00,L2_BREAK,False,
external,BEAR,20-00,2020-10-03 20:00:00+00:00,2020-10-04 00:00:00+00:00,10596.0,10531.0,65.0,10540.75,2020-10-03 22:10:00+00:00,2020-10-03 22:05:00+00:00,True,CLEAN_CAUSAL_LEAVE,2020-10-03 22:15:00+00:00,2020-10-03 22:20:00+00:00,2020-10-03 22:20:00+00:00,2020-10-03 22:35:00+00:00,L2_ARRIVAL,True,15.0
external,BEAR,00-04,2020-10-04 00:00:00+00:00,2020-10-04 04:00:00+00:00,10582.78,10520.88,61.900000000001455,10530.164999999999,2020-10-04 00:05:00+00:00,2020-10-04 00:00:00+00:00,True,CLEAN_CAUSAL_LEAVE,2020-10-04 00:05:00+00:00,2020-10-04 00:10:00+00:00,2020-10-04 00:40:00+00:00,2020-10-04 01:25:00+00:00,L2_ARRIVAL,True,45.0
external,BULL,04-08,2020-10-05 04:00:00+00:00,2020-10-05 08:00:00+00:00,10738.77,10651.13,87.64000000000124,10664.276,2020-10-05 04:05:00+00:00,2020-10-05 04:00:00+00:00,False,LOW_BREAK_BEFORE_LEAVE,2020-10-05 04:05:00+00:00,,,2020-10-05 04:05:00+00:00,L2_BREAK,False,
external,BULL,12-16,2020-10-05 12:00:00+00:00,2020-10-05 16:00:00+00:00,10687.0,10650.7,36.29999999999927,10656.145,2020-10-05 12:05:00+00:00,2020-10-05 12:00:00+00:00,True,CLEAN_CAUSAL_LEAVE,2020-10-05 12:05:00+00:00,2020-10-05 12:10:00+00:00,,2020-10-05 13:00:00+00:00,OPPOSITE_HIGH_BREAK,False,
external,BULL,04-08,2020-10-06 04:00:00+00:00,2020-10-06 08:00:00+00:00,10792.0,10734.46,57.54000000000087,10743.090999999999,2020-10-06 05:55:00+00:00,2020-10-06 05:50:00+00:00,True,CLEAN_CAUSAL_LEAVE,2020-10-06 05:55:00+00:00,2020-10-06 06:00:00+00:00,,2020-10-06 06:00:00+00:00,L2_ARRIVAL,False,
external,BULL,08-12,2020-10-06 08:00:00+00:00,2020-10-06 12:00:00+00:00,10777.0,10701.0,76.0,10712.4,2020-10-06 08:05:00+00:00,2020-10-06 08:00:00+00:00,True,CLEAN_CAUSAL_LEAVE,2020-10-06 08:10:00+00:00,2020-10-06 08:15:00+00:00,2020-10-06 08:15:00+00:00,2020-10-06 10:55:00+00:00,L2_ARRIVAL,True,160.0
external,SIDEWAYS,20-00,2020-10-06 20:00:00+00:00,2020-10-07 00:00:00+00:00,10743.99,10528.24,215.75,10560.602499999999,2020-10-06 20:50:00+00:00,2020-10-06 20:45:00+00:00,True,CLEAN_CAUSAL_LEAVE,2020-10-06 20:55:00+00:00,2020-10-06 21:00:00+00:00,,2020-10-06 21:00:00+00:00,L2_ARRIVAL,False,
external,SIDEWAYS,08-12,2020-10-07 08:00:00+00:00,2020-10-07 12:00:00+00:00,10624.98,10566.11,58.86999999999898,10574.9405,2020-10-07 10:40:00+00:00,2020-10-07 10:35:00+00:00,True,CLEAN_CAUSAL_LEAVE,2020-10-07 10:40:00+00:00,2020-10-07 10:45:00+00:00,2020-10-07 10:45:00+00:00,2020-10-07 12:00:00+00:00,BLOCK_END,False,
external,SIDEWAYS,00-04,2020-10-08 00:00:00+00:00,2020-10-08 04:00:00+00:00,10666.0,10635.01,30.98999999999978,10639.6585,2020-10-08 00:45:00+00:00,2020-10-08 00:40:00+00:00,True,CLEAN_CAUSAL_LEAVE,2020-10-08 00:50:00+00:00,2020-10-08 00:55:00+00:00,,2020-10-08 00:55:00+00:00,L2_ARRIVAL,False,
external,SIDEWAYS,04-08,2020-10-08 04:00:00+00:00,2020-10-08 08:00:00+00:00,10664.77,10612.0,52.77000000000044,10619.9155,2020-10-08 05:10:00+00:00,2020-10-08 05:05:00+00:00,True,CLEAN_CAUSAL_LEAVE,2020-10-08 05:15:00+00:00,2020-10-08 05:20:00+00:00,2020-10-08 05:20:00+00:00,2020-10-08 05:40:00+00:00,L2_ARRIVAL,True,20.0
external,BULL,16-20,2020-10-11 16:00:00+00:00,2020-10-11 20:00:00+00:00,11450.73,11333.03,117.69999999999891,11350.685000000001,2020-10-11 19:40:00+00:00,2020-10-11 19:35:00+00:00,True,CLEAN_CAUSAL_LEAVE,2020-10-11 19:40:00+00:00,2020-10-11 19:45:00+00:00,,2020-10-11 19:50:00+00:00,L2_ARRIVAL,False,
external,BULL,00-04,2020-10-13 00:00:00+00:00,2020-10-13 04:00:00+00:00,11732.0,11435.0,297.0,11479.55,2020-10-13 00:45:00+00:00,2020-10-13 00:40:00+00:00,True,CLEAN_CAUSAL_LEAVE,2020-10-13 00:45:00+00:00,2020-10-13 00:50:00+00:00,2020-10-13 01:05:00+00:00,2020-10-13 03:05:00+00:00,L2_ARRIVAL,True,120.0
external,BULL,08-12,2020-10-13 08:00:00+00:00,2020-10-13 12:00:00+00:00,11520.57,11422.11,98.45999999999913,11436.879,2020-10-13 10:15:00+00:00,2020-10-13 10:10:00+00:00,True,CLEAN_CAUSAL_LEAVE,2020-10-13 10:20:00+00:00,2020-10-13 10:25:00+00:00,,2020-10-13 10:25:00+00:00,OPPOSITE_HIGH_BREAK,False,
external,BULL,12-16,2020-10-13 12:00:00+00:00,2020-10-13 16:00:00+00:00,11562.0,11372.06,189.9400000000005,11400.551,2020-10-13 13:35:00+00:00,2020-10-13 13:30:00+00:00,False,LOW_BREAK_BEFORE_LEAVE,2020-10-13 13:35:00+00:00,,,2020-10-13 13:35:00+00:00,L2_BREAK,False,
external,SIDEWAYS,12-16,2020-10-14 12:00:00+00:00,2020-10-14 16:00:00+00:00,11445.99,11353.01,92.97999999999956,11366.957,2020-10-14 12:05:00+00:00,2020-10-14 12:00:00+00:00,True,CLEAN_CAUSAL_LEAVE,2020-10-14 12:05:00+00:00,2020-10-14 12:10:00+00:00,,2020-10-14 13:35:00+00:00,OPPOSITE_HIGH_BREAK,False,
external,SIDEWAYS,00-04,2020-10-17 00:00:00+00:00,2020-10-17 04:00:00+00:00,11348.02,11273.1,74.92000000000007,11284.338,2020-10-17 00:35:00+00:00,2020-10-17 00:30:00+00:00,True,CLEAN_CAUSAL_LEAVE,2020-10-17 00:45:00+00:00,2020-10-17 00:50:00+00:00,2020-10-17 00:50:00+00:00,2020-10-17 03:50:00+00:00,OPPOSITE_HIGH_BREAK,False,
external,BULL,08-12,2020-10-20 08:00:00+00:00,2020-10-20 12:00:00+00:00,11848.0,11701.0,147.0,11723.05,2020-10-20 08:05:00+00:00,2020-10-20 08:00:00+00:00,True,CLEAN_CAUSAL_LEAVE,2020-10-20 08:10:00+00:00,2020-10-20 08:15:00+00:00,2020-10-20 08:30:00+00:00,2020-10-20 11:00:00+00:00,OPPOSITE_HIGH_BREAK,False,
external,BULL,20-00,2020-10-20 20:00:00+00:00,2020-10-21 00:00:00+00:00,12045.78,11880.01,165.77000000000044,11904.8755,2020-10-20 20:05:00+00:00,2020-10-20 20:00:00+00:00,False,LOW_BREAK_BEFORE_LEAVE,2020-10-20 20:10:00+00:00,,,2020-10-20 20:10:00+00:00,L2_BREAK,False,
external,BULL,04-08,2020-10-22 04:00:00+00:00,2020-10-22 08:00:00+00:00,12940.0,12690.0,250.0,12727.5,2020-10-22 04:40:00+00:00,2020-10-22 04:35:00+00:00,True,CLEAN_CAUSAL_LEAVE,2020-10-22 04:40:00+00:00,2020-10-22 04:45:00+00:00,2020-10-22 05:00:00+00:00,2020-10-22 08:00:00+00:00,BLOCK_END,False,
external,BULL,08-12,2020-10-23 08:00:00+00:00,2020-10-23 12:00:00+00:00,12991.0,12865.0,126.0,12883.9,2020-10-23 08:05:00+00:00,2020-10-23 08:00:00+00:00,True,CLEAN_CAUSAL_LEAVE,2020-10-23 08:05:00+00:00,2020-10-23 08:10:00+00:00,,2020-10-23 10:10:00+00:00,OPPOSITE_HIGH_BREAK,False,
external,BULL,16-20,2020-10-25 16:00:00+00:00,2020-10-25 20:00:00+00:00,13017.65,12930.51,87.13999999999942,12943.581,2020-10-25 16:05:00+00:00,2020-10-25 16:00:00+00:00,True,CLEAN_CAUSAL_LEAVE,2020-10-25 16:05:00+00:00,2020-10-25 16:10:00+00:00,,2020-10-25 17:15:00+00:00,OPPOSITE_HIGH_BREAK,False,
external,BULL,08-12,2020-10-26 08:00:00+00:00,2020-10-26 12:00:00+00:00,13144.0,13018.03,125.96999999999935,13036.925500000001,2020-10-26 08:20:00+00:00,2020-10-26 08:15:00+00:00,False,LOW_BREAK_BEFORE_LEAVE,2020-10-26 08:20:00+00:00,,,2020-10-26 08:20:00+00:00,L2_BREAK,False,
external,BULL,08-12,2020-10-28 08:00:00+00:00,2020-10-28 12:00:00+00:00,13817.0,13521.23,295.77000000000044,13565.5955,2020-10-28 10:05:00+00:00,2020-10-28 10:00:00+00:00,True,CLEAN_CAUSAL_LEAVE,2020-10-28 10:05:00+00:00,2020-10-28 10:10:00+00:00,2020-10-28 10:10:00+00:00,2020-10-28 11:05:00+00:00,L2_ARRIVAL,True,55.0
external,BULL,12-16,2020-10-28 12:00:00+00:00,2020-10-28 16:00:00+00:00,13700.75,13301.0,399.75,13360.9625,2020-10-28 12:05:00+00:00,2020-10-28 12:00:00+00:00,True,CLEAN_CAUSAL_LEAVE,2020-10-28 12:05:00+00:00,2020-10-28 12:10:00+00:00,2020-10-28 12:10:00+00:00,2020-10-28 12:15:00+00:00,L2_ARRIVAL,True,5.0
external,SIDEWAYS,08-12,2020-10-29 08:00:00+00:00,2020-10-29 12:00:00+00:00,13338.25,13110.63,227.6200000000008,13144.773,2020-10-29 08:15:00+00:00,2020-10-29 08:10:00+00:00,True,CLEAN_CAUSAL_LEAVE,2020-10-29 08:15:00+00:00,2020-10-29 08:20:00+00:00,2020-10-29 08:20:00+00:00,2020-10-29 08:55:00+00:00,L2_ARRIVAL,True,35.0
external,SIDEWAYS,12-16,2020-10-29 12:00:00+00:00,2020-10-29 16:00:00+00:00,13205.0,13034.0,171.0,13059.65,2020-10-29 12:05:00+00:00,2020-10-29 12:00:00+00:00,False,LOW_BREAK_BEFORE_LEAVE,2020-10-29 12:10:00+00:00,,,2020-10-29 12:10:00+00:00,L2_BREAK,False,
external,BULL,20-00,2020-10-29 20:00:00+00:00,2020-10-30 00:00:00+00:00,13637.22,13388.05,249.17000000000007,13425.4255,2020-10-29 23:00:00+00:00,2020-10-29 22:55:00+00:00,True,CLEAN_CAUSAL_LEAVE,2020-10-29 23:05:00+00:00,2020-10-29 23:10:00+00:00,2020-10-29 23:10:00+00:00,2020-10-30 00:00:00+00:00,BLOCK_END,False,
external,BULL,16-20,2020-10-31 16:00:00+00:00,2020-10-31 20:00:00+00:00,13937.25,13726.31,210.9400000000005,13757.951,2020-10-31 17:35:00+00:00,2020-10-31 17:30:00+00:00,True,CLEAN_CAUSAL_LEAVE,2020-10-31 17:35:00+00:00,2020-10-31 17:40:00+00:00,2020-10-31 17:55:00+00:00,2020-10-31 18:05:00+00:00,L2_ARRIVAL,True,10.0
external,BULL,00-04,2020-11-01 00:00:00+00:00,2020-11-01 04:00:00+00:00,13892.4,13739.2,153.1999999999989,13762.18,2020-11-01 00:05:00+00:00,2020-11-01 00:00:00+00:00,True,CLEAN_CAUSAL_LEAVE,2020-11-01 00:05:00+00:00,2020-11-01 00:10:00+00:00,2020-11-01 00:30:00+00:00,2020-11-01 00:35:00+00:00,L2_ARRIVAL,True,5.0
external,BULL,04-08,2020-11-01 04:00:00+00:00,2020-11-01 08:00:00+00:00,13891.52,13628.37,263.14999999999964,13667.8425,2020-11-01 04:15:00+00:00,2020-11-01 04:10:00+00:00,False,LOW_BREAK_BEFORE_LEAVE,2020-11-01 04:15:00+00:00,,,2020-11-01 04:15:00+00:00,L2_BREAK,False,
external,SIDEWAYS,12-16,2020-11-02 12:00:00+00:00,2020-11-02 16:00:00+00:00,13732.14,13356.66,375.47999999999956,13412.982,2020-11-02 12:10:00+00:00,2020-11-02 12:05:00+00:00,True,CLEAN_CAUSAL_LEAVE,2020-11-02 12:15:00+00:00,2020-11-02 12:20:00+00:00,2020-11-02 12:20:00+00:00,2020-11-02 12:35:00+00:00,L2_ARRIVAL,True,15.0
external,SIDEWAYS,04-08,2020-11-03 04:00:00+00:00,2020-11-03 08:00:00+00:00,13632.74,13303.86,328.8799999999992,13353.192000000001,2020-11-03 04:35:00+00:00,2020-11-03 04:30:00+00:00,True,CLEAN_CAUSAL_LEAVE,2020-11-03 04:35:00+00:00,2020-11-03 04:40:00+00:00,2020-11-03 05:55:00+00:00,2020-11-03 06:00:00+00:00,L2_ARRIVAL,True,5.0
external,BULL,20-00,2020-11-03 20:00:00+00:00,2020-11-04 00:00:00+00:00,13770.16,13670.0,100.15999999999985,13685.024,2020-11-03 22:10:00+00:00,2020-11-03 22:05:00+00:00,True,CLEAN_CAUSAL_LEAVE,2020-11-03 22:10:00+00:00,2020-11-03 22:15:00+00:00,,2020-11-03 22:35:00+00:00,OPPOSITE_HIGH_BREAK,False,
external,BULL,08-12,2020-11-06 08:00:00+00:00,2020-11-06 12:00:00+00:00,15795.93,15435.0,360.9300000000003,15489.1395,2020-11-06 09:15:00+00:00,2020-11-06 09:10:00+00:00,False,LOW_BREAK_BEFORE_LEAVE,2020-11-06 09:15:00+00:00,,,2020-11-06 09:15:00+00:00,L2_BREAK,False,
external,BULL,12-16,2020-11-07 12:00:00+00:00,2020-11-07 16:00:00+00:00,15598.0,15408.0,190.0,15436.5,2020-11-07 13:35:00+00:00,2020-11-07 13:30:00+00:00,True,CLEAN_CAUSAL_LEAVE,2020-11-07 13:35:00+00:00,2020-11-07 13:40:00+00:00,2020-11-07 14:10:00+00:00,2020-11-07 14:15:00+00:00,L2_ARRIVAL,True,5.0
external,BULL,16-20,2020-11-07 16:00:00+00:00,2020-11-07 20:00:00+00:00,15564.99,15183.94,381.0499999999993,15241.0975,2020-11-07 16:30:00+00:00,2020-11-07 16:25:00+00:00,True,CLEAN_CAUSAL_LEAVE,2020-11-07 16:30:00+00:00,2020-11-07 16:35:00+00:00,2020-11-07 17:50:00+00:00,2020-11-07 18:00:00+00:00,L2_ARRIVAL,True,10.0
external,SIDEWAYS,08-12,2020-11-08 08:00:00+00:00,2020-11-08 12:00:00+00:00,15078.91,14901.0,177.90999999999985,14927.6865,2020-11-08 08:35:00+00:00,2020-11-08 08:30:00+00:00,True,CLEAN_CAUSAL_LEAVE,2020-11-08 08:35:00+00:00,2020-11-08 08:40:00+00:00,2020-11-08 08:40:00+00:00,2020-11-08 10:40:00+00:00,OPPOSITE_HIGH_BREAK,False,
external,BULL,20-00,2020-11-08 20:00:00+00:00,2020-11-09 00:00:00+00:00,15678.0,15265.0,413.0,15326.95,2020-11-08 21:30:00+00:00,2020-11-08 21:25:00+00:00,True,CLEAN_CAUSAL_LEAVE,2020-11-08 21:30:00+00:00,2020-11-08 21:35:00+00:00,,2020-11-08 21:50:00+00:00,L2_ARRIVAL,False,
external,BULL,08-12,2020-11-09 08:00:00+00:00,2020-11-09 12:00:00+00:00,15495.0,15281.0,214.0,15313.1,2020-11-09 08:05:00+00:00,2020-11-09 08:00:00+00:00,True,CLEAN_CAUSAL_LEAVE,2020-11-09 08:10:00+00:00,2020-11-09 08:15:00+00:00,,2020-11-09 08:15:00+00:00,L2_ARRIVAL,False,
external,BULL,12-16,2020-11-10 12:00:00+00:00,2020-11-10 16:00:00+00:00,15474.17,15164.2,309.96999999999935,15210.6955,2020-11-10 15:00:00+00:00,2020-11-10 14:55:00+00:00,True,CLEAN_CAUSAL_LEAVE,2020-11-10 15:00:00+00:00,2020-11-10 15:05:00+00:00,2020-11-10 15:10:00+00:00,2020-11-10 15:20:00+00:00,L2_ARRIVAL,True,10.0
external,BULL,20-00,2020-11-11 20:00:00+00:00,2020-11-12 00:00:00+00:00,16000.0,15637.71,362.2900000000009,15692.0535,2020-11-11 20:30:00+00:00,2020-11-11 20:25:00+00:00,True,CLEAN_CAUSAL_LEAVE,2020-11-11 20:35:00+00:00,2020-11-11 20:40:00+00:00,2020-11-11 20:40:00+00:00,2020-11-11 21:20:00+00:00,L2_ARRIVAL,True,40.0
external,BULL,04-08,2020-11-13 04:00:00+00:00,2020-11-13 08:00:00+00:00,16479.99,16258.4,221.59000000000196,16291.6385,2020-11-13 05:15:00+00:00,2020-11-13 05:10:00+00:00,True,CLEAN_CAUSAL_LEAVE,2020-11-13 05:20:00+00:00,2020-11-13 05:25:00+00:00,2020-11-13 05:25:00+00:00,2020-11-13 05:30:00+00:00,L2_ARRIVAL,True,5.0
external,BULL,08-12,2020-11-13 08:00:00+00:00,2020-11-13 12:00:00+00:00,16449.9,16180.0,269.90000000000146,16220.485,2020-11-13 08:25:00+00:00,2020-11-13 08:20:00+00:00,True,CLEAN_CAUSAL_LEAVE,2020-11-13 08:25:00+00:00,2020-11-13 08:30:00+00:00,2020-11-13 08:30:00+00:00,2020-11-13 08:35:00+00:00,L2_ARRIVAL,True,5.0
external,BULL,00-04,2020-11-14 00:00:00+00:00,2020-11-14 04:00:00+00:00,16355.0,16180.0,175.0,16206.25,2020-11-14 01:55:00+00:00,2020-11-14 01:50:00+00:00,True,CLEAN_CAUSAL_LEAVE,2020-11-14 02:05:00+00:00,2020-11-14 02:10:00+00:00,,2020-11-14 02:10:00+00:00,L2_ARRIVAL,False,
external,BULL,08-12,2020-11-14 08:00:00+00:00,2020-11-14 12:00:00+00:00,16198.88,16020.0,178.8799999999992,16046.832,2020-11-14 08:15:00+00:00,2020-11-14 08:10:00+00:00,False,LOW_BREAK_BEFORE_LEAVE,2020-11-14 08:15:00+00:00,,,2020-11-14 08:15:00+00:00,L2_BREAK,False,
external,SIDEWAYS,16-20,2020-11-14 16:00:00+00:00,2020-11-14 20:00:00+00:00,16049.0,15825.56,223.4400000000005,15859.076,2020-11-14 17:00:00+00:00,2020-11-14 16:55:00+00:00,True,CLEAN_CAUSAL_LEAVE,2020-11-14 17:00:00+00:00,2020-11-14 17:05:00+00:00,,2020-11-14 17:05:00+00:00,L2_ARRIVAL,False,
external,SIDEWAYS,12-16,2020-11-15 12:00:00+00:00,2020-11-15 16:00:00+00:00,16161.23,15931.0,230.22999999999956,15965.5345,2020-11-15 12:05:00+00:00,2020-11-15 12:00:00+00:00,True,CLEAN_CAUSAL_LEAVE,2020-11-15 12:05:00+00:00,2020-11-15 12:10:00+00:00,2020-11-15 12:10:00+00:00,2020-11-15 16:00:00+00:00,BLOCK_END,False,
external,SIDEWAYS,20-00,2020-11-15 20:00:00+00:00,2020-11-16 00:00:00+00:00,16059.4,15839.82,219.57999999999993,15872.757,2020-11-15 20:05:00+00:00,2020-11-15 20:00:00+00:00,True,CLEAN_CAUSAL_LEAVE,2020-11-15 20:05:00+00:00,2020-11-15 20:10:00+00:00,2020-11-15 20:10:00+00:00,2020-11-15 20:15:00+00:00,L2_ARRIVAL,True,5.0
external,BULL,00-04,2020-11-17 00:00:00+00:00,2020-11-17 04:00:00+00:00,16882.0,16586.01,295.9900000000016,16630.408499999998,2020-11-17 03:25:00+00:00,2020-11-17 03:20:00+00:00,True,CLEAN_CAUSAL_LEAVE,2020-11-17 03:30:00+00:00,2020-11-17 03:35:00+00:00,2020-11-17 03:35:00+00:00,2020-11-17 03:55:00+00:00,L2_ARRIVAL,True,20.0
external,BULL,04-08,2020-11-17 04:00:00+00:00,2020-11-17 08:00:00+00:00,16828.4,16564.46,263.9400000000023,16604.051,2020-11-17 04:05:00+00:00,2020-11-17 04:00:00+00:00,True,CLEAN_CAUSAL_LEAVE,2020-11-17 04:05:00+00:00,2020-11-17 04:10:00+00:00,2020-11-17 05:30:00+00:00,2020-11-17 08:00:00+00:00,BLOCK_END,False,
external,BULL,12-16,2020-11-18 12:00:00+00:00,2020-11-18 16:00:00+00:00,18292.67,17855.0,437.66999999999825,17920.6505,2020-11-18 13:50:00+00:00,2020-11-18 13:45:00+00:00,False,LOW_BREAK_BEFORE_LEAVE,2020-11-18 14:00:00+00:00,,,2020-11-18 14:00:00+00:00,L2_BREAK,False,
external,BULL,20-00,2020-11-19 20:00:00+00:00,2020-11-20 00:00:00+00:00,18142.0,17885.0,257.0,17923.55,2020-11-19 21:55:00+00:00,2020-11-19 21:50:00+00:00,True,CLEAN_CAUSAL_LEAVE,2020-11-19 21:55:00+00:00,2020-11-19 22:00:00+00:00,2020-11-19 22:00:00+00:00,2020-11-19 22:30:00+00:00,L2_ARRIVAL,True,30.0
external,BULL,12-16,2020-11-21 12:00:00+00:00,2020-11-21 16:00:00+00:00,18794.9,18500.0,294.90000000000146,18544.235,2020-11-21 12:05:00+00:00,2020-11-21 12:00:00+00:00,True,CLEAN_CAUSAL_LEAVE,2020-11-21 12:05:00+00:00,2020-11-21 12:10:00+00:00,,2020-11-21 13:35:00+00:00,OPPOSITE_HIGH_BREAK,False,
external,BULL,08-12,2020-11-22 08:00:00+00:00,2020-11-22 12:00:00+00:00,18635.84,18310.0,325.84000000000015,18358.876,2020-11-22 08:50:00+00:00,2020-11-22 08:45:00+00:00,True,CLEAN_CAUSAL_LEAVE,2020-11-22 08:50:00+00:00,2020-11-22 08:55:00+00:00,,2020-11-22 08:55:00+00:00,L2_ARRIVAL,False,
external,BULL,00-04,2020-11-24 00:00:00+00:00,2020-11-24 04:00:00+00:00,18510.23,18249.91,260.3199999999997,18288.958,2020-11-24 00:30:00+00:00,2020-11-24 00:25:00+00:00,True,CLEAN_CAUSAL_LEAVE,2020-11-24 00:35:00+00:00,2020-11-24 00:40:00+00:00,2020-11-24 00:40:00+00:00,2020-11-24 01:20:00+00:00,OPPOSITE_HIGH_BREAK,False,
external,BULL,20-00,2020-11-24 20:00:00+00:00,2020-11-25 00:00:00+00:00,19440.0,19137.01,302.9900000000016,19182.458499999997,2020-11-24 20:05:00+00:00,2020-11-24 20:00:00+00:00,True,CLEAN_CAUSAL_LEAVE,2020-11-24 20:05:00+00:00,2020-11-24 20:10:00+00:00,2020-11-24 20:20:00+00:00,2020-11-24 20:25:00+00:00,L2_ARRIVAL,True,5.0
external,BULL,04-08,2020-11-25 04:00:00+00:00,2020-11-25 08:00:00+00:00,19240.56,18750.0,490.5600000000013,18823.584,2020-11-25 04:05:00+00:00,2020-11-25 04:00:00+00:00,True,CLEAN_CAUSAL_LEAVE,2020-11-25 04:05:00+00:00,2020-11-25 04:10:00+00:00,2020-11-25 04:10:00+00:00,2020-11-25 04:55:00+00:00,L2_ARRIVAL,True,45.0
external,BULL,16-20,2020-11-25 16:00:00+00:00,2020-11-25 20:00:00+00:00,19554.19,19108.0,446.1899999999987,19174.928499999998,2020-11-25 16:05:00+00:00,2020-11-25 16:00:00+00:00,True,CLEAN_CAUSAL_LEAVE,2020-11-25 16:05:00+00:00,2020-11-25 16:10:00+00:00,2020-11-25 16:10:00+00:00,2020-11-25 16:15:00+00:00,L2_ARRIVAL,True,5.0
external,SIDEWAYS,00-04,2020-11-26 00:00:00+00:00,2020-11-26 04:00:00+00:00,19112.0,18509.12,602.880000000001,18599.552,2020-11-26 02:30:00+00:00,2020-11-26 02:25:00+00:00,True,CLEAN_CAUSAL_LEAVE,2020-11-26 02:35:00+00:00,2020-11-26 02:40:00+00:00,2020-11-26 02:40:00+00:00,2020-11-26 02:45:00+00:00,L2_ARRIVAL,True,5.0
external,SIDEWAYS,04-08,2020-12-02 04:00:00+00:00,2020-12-02 08:00:00+00:00,18979.11,18432.0,547.1100000000006,18514.0665,2020-12-02 04:25:00+00:00,2020-12-02 04:20:00+00:00,False,LOW_BREAK_BEFORE_LEAVE,2020-12-02 04:25:00+00:00,,,2020-12-02 04:25:00+00:00,L2_BREAK,False,
external,BULL,00-04,2020-12-04 00:00:00+00:00,2020-12-04 04:00:00+00:00,19561.0,19315.0,246.0,19351.9,2020-12-04 02:05:00+00:00,2020-12-04 02:00:00+00:00,True,CLEAN_CAUSAL_LEAVE,2020-12-04 02:05:00+00:00,2020-12-04 02:10:00+00:00,2020-12-04 02:15:00+00:00,2020-12-04 02:35:00+00:00,L2_ARRIVAL,True,20.0
external,SIDEWAYS,00-04,2020-12-05 00:00:00+00:00,2020-12-05 04:00:00+00:00,19049.0,18570.0,479.0,18641.85,2020-12-05 00:10:00+00:00,2020-12-05 00:05:00+00:00,True,CLEAN_CAUSAL_LEAVE,2020-12-05 00:15:00+00:00,2020-12-05 00:20:00+00:00,2020-12-05 00:20:00+00:00,2020-12-05 04:00:00+00:00,BLOCK_END,False,
external,BULL,20-00,2020-12-05 20:00:00+00:00,2020-12-06 00:00:00+00:00,19186.07,19025.58,160.48999999999796,19049.6535,2020-12-05 20:55:00+00:00,2020-12-05 20:50:00+00:00,True,CLEAN_CAUSAL_LEAVE,2020-12-05 20:55:00+00:00,2020-12-05 21:00:00+00:00,2020-12-05 21:30:00+00:00,2020-12-05 21:35:00+00:00,L2_ARRIVAL,True,5.0
external,BULL,04-08,2020-12-06 04:00:00+00:00,2020-12-06 08:00:00+00:00,19355.0,19131.8,223.20000000000073,19165.28,2020-12-06 05:25:00+00:00,2020-12-06 05:20:00+00:00,True,CLEAN_CAUSAL_LEAVE,2020-12-06 05:35:00+00:00,2020-12-06 05:40:00+00:00,2020-12-06 05:45:00+00:00,2020-12-06 08:00:00+00:00,BLOCK_END,False,
external,SIDEWAYS,12-16,2020-12-07 12:00:00+00:00,2020-12-07 16:00:00+00:00,19396.61,19100.0,296.6100000000006,19144.4915,2020-12-07 14:20:00+00:00,2020-12-07 14:15:00+00:00,True,CLEAN_CAUSAL_LEAVE,2020-12-07 14:20:00+00:00,2020-12-07 14:25:00+00:00,,2020-12-07 16:00:00+00:00,BLOCK_END,False,
external,SIDEWAYS,12-16,2020-12-08 12:00:00+00:00,2020-12-08 16:00:00+00:00,19177.31,18675.0,502.3100000000013,18750.3465,2020-12-08 12:40:00+00:00,2020-12-08 12:35:00+00:00,False,LOW_BREAK_BEFORE_LEAVE,2020-12-08 12:40:00+00:00,,,2020-12-08 12:40:00+00:00,L2_BREAK,False,
external,SIDEWAYS,20-00,2020-12-08 20:00:00+00:00,2020-12-09 00:00:00+00:00,18937.75,18737.77,199.97999999999956,18767.767,2020-12-08 20:25:00+00:00,2020-12-08 20:20:00+00:00,False,LOW_BREAK_BEFORE_LEAVE,2020-12-08 20:35:00+00:00,,,2020-12-08 20:35:00+00:00,L2_BREAK,False,
external,SIDEWAYS,08-12,2020-12-09 08:00:00+00:00,2020-12-09 12:00:00+00:00,18295.24,17850.0,445.2400000000016,17916.786,2020-12-09 08:25:00+00:00,2020-12-09 08:20:00+00:00,False,LOW_BREAK_BEFORE_LEAVE,2020-12-09 08:25:00+00:00,,,2020-12-09 08:25:00+00:00,L2_BREAK,False,
external,SIDEWAYS,16-20,2020-12-09 16:00:00+00:00,2020-12-09 20:00:00+00:00,18515.0,18161.5,353.5,18214.525,2020-12-09 18:55:00+00:00,2020-12-09 18:50:00+00:00,True,CLEAN_CAUSAL_LEAVE,2020-12-09 18:55:00+00:00,2020-12-09 19:00:00+00:00,2020-12-09 19:00:00+00:00,2020-12-09 20:00:00+00:00,BLOCK_END,False,
external,SIDEWAYS,04-08,2020-12-10 04:00:00+00:00,2020-12-10 08:00:00+00:00,18550.0,18285.75,264.25,18325.3875,2020-12-10 06:25:00+00:00,2020-12-10 06:20:00+00:00,True,CLEAN_CAUSAL_LEAVE,2020-12-10 06:30:00+00:00,2020-12-10 06:35:00+00:00,2020-12-10 06:35:00+00:00,2020-12-10 08:00:00+00:00,BLOCK_END,False,
external,SIDEWAYS,08-12,2020-12-10 08:00:00+00:00,2020-12-10 12:00:00+00:00,18492.41,18280.0,212.40999999999985,18311.8615,2020-12-10 09:45:00+00:00,2020-12-10 09:40:00+00:00,False,LOW_BREAK_BEFORE_LEAVE,2020-12-10 09:55:00+00:00,,,2020-12-10 09:55:00+00:00,L2_BREAK,False,
external,SIDEWAYS,12-16,2020-12-10 12:00:00+00:00,2020-12-10 16:00:00+00:00,18487.47,18118.0,369.47000000000116,18173.4205,2020-12-10 13:05:00+00:00,2020-12-10 13:00:00+00:00,False,LOW_BREAK_BEFORE_LEAVE,2020-12-10 13:05:00+00:00,,,2020-12-10 13:05:00+00:00,L2_BREAK,False,
external,SIDEWAYS,04-08,2020-12-11 04:00:00+00:00,2020-12-11 08:00:00+00:00,18290.44,17702.92,587.5200000000004,17791.048,2020-12-11 07:50:00+00:00,2020-12-11 07:45:00+00:00,True,CLEAN_CAUSAL_LEAVE,2020-12-11 07:50:00+00:00,2020-12-11 07:55:00+00:00,2020-12-11 07:55:00+00:00,2020-12-11 08:00:00+00:00,BLOCK_END,False,
external,SIDEWAYS,08-12,2020-12-11 08:00:00+00:00,2020-12-11 12:00:00+00:00,18042.64,17680.0,362.6399999999994,17734.396,2020-12-11 10:25:00+00:00,2020-12-11 10:20:00+00:00,True,CLEAN_CAUSAL_LEAVE,2020-12-11 10:25:00+00:00,2020-12-11 10:30:00+00:00,2020-12-11 10:45:00+00:00,2020-12-11 11:10:00+00:00,L2_ARRIVAL,True,25.0
external,BULL,00-04,2020-12-13 00:00:00+00:00,2020-12-13 04:00:00+00:00,18950.0,18722.1,227.90000000000146,18756.285,2020-12-13 00:40:00+00:00,2020-12-13 00:35:00+00:00,True,CLEAN_CAUSAL_LEAVE,2020-12-13 00:45:00+00:00,2020-12-13 00:50:00+00:00,2020-12-13 00:50:00+00:00,2020-12-13 01:00:00+00:00,L2_ARRIVAL,True,10.0
external,BULL,00-04,2020-12-16 00:00:00+00:00,2020-12-16 04:00:00+00:00,19549.97,19340.64,209.33000000000175,19372.0395,2020-12-16 00:25:00+00:00,2020-12-16 00:20:00+00:00,False,LOW_BREAK_BEFORE_LEAVE,2020-12-16 00:25:00+00:00,,,2020-12-16 00:25:00+00:00,L2_BREAK,False,
external,BULL,20-00,2020-12-17 20:00:00+00:00,2020-12-18 00:00:00+00:00,23748.0,22460.0,1288.0,22653.2,2020-12-17 20:50:00+00:00,2020-12-17 20:45:00+00:00,True,CLEAN_CAUSAL_LEAVE,2020-12-17 20:50:00+00:00,2020-12-17 20:55:00+00:00,2020-12-17 20:55:00+00:00,2020-12-17 21:30:00+00:00,L2_ARRIVAL,True,35.0
external,BULL,12-16,2020-12-18 12:00:00+00:00,2020-12-18 16:00:00+00:00,23330.0,22738.07,591.9300000000003,22826.8595,2020-12-18 13:50:00+00:00,2020-12-18 13:45:00+00:00,False,LOW_BREAK_BEFORE_LEAVE,2020-12-18 13:50:00+00:00,,,2020-12-18 13:50:00+00:00,L2_BREAK,False,
external,BULL,04-08,2020-12-19 04:00:00+00:00,2020-12-19 08:00:00+00:00,23256.86,22906.44,350.4200000000019,22959.003,2020-12-19 06:35:00+00:00,2020-12-19 06:30:00+00:00,True,CLEAN_CAUSAL_LEAVE,2020-12-19 06:35:00+00:00,2020-12-19 06:40:00+00:00,2020-12-19 06:40:00+00:00,2020-12-19 06:55:00+00:00,L2_ARRIVAL,True,15.0
external,BULL,08-12,2020-12-19 08:00:00+00:00,2020-12-19 12:00:00+00:00,23164.47,22829.03,335.4400000000023,22879.345999999998,2020-12-19 08:10:00+00:00,2020-12-19 08:05:00+00:00,True,CLEAN_CAUSAL_LEAVE,2020-12-19 08:15:00+00:00,2020-12-19 08:20:00+00:00,2020-12-19 08:20:00+00:00,2020-12-19 12:00:00+00:00,BLOCK_END,False,
external,BULL,04-08,2020-12-20 04:00:00+00:00,2020-12-20 08:00:00+00:00,23863.1,23205.5,657.5999999999985,23304.14,2020-12-20 04:20:00+00:00,2020-12-20 04:15:00+00:00,False,LOW_BREAK_BEFORE_LEAVE,2020-12-20 04:20:00+00:00,,,2020-12-20 04:20:00+00:00,L2_BREAK,False,
external,BULL,12-16,2020-12-20 12:00:00+00:00,2020-12-20 16:00:00+00:00,23826.02,23382.0,444.02000000000044,23448.603,2020-12-20 12:50:00+00:00,2020-12-20 12:45:00+00:00,True,CLEAN_CAUSAL_LEAVE,2020-12-20 12:50:00+00:00,2020-12-20 12:55:00+00:00,2020-12-20 13:05:00+00:00,2020-12-20 13:10:00+00:00,L2_ARRIVAL,True,5.0
external,SIDEWAYS,00-04,2020-12-22 00:00:00+00:00,2020-12-22 04:00:00+00:00,23253.0,22710.0,543.0,22791.45,2020-12-22 00:05:00+00:00,2020-12-22 00:00:00+00:00,True,CLEAN_CAUSAL_LEAVE,2020-12-22 00:05:00+00:00,2020-12-22 00:10:00+00:00,2020-12-22 00:30:00+00:00,2020-12-22 00:35:00+00:00,L2_ARRIVAL,True,5.0
external,BULL,04-08,2020-12-23 04:00:00+00:00,2020-12-23 08:00:00+00:00,24091.46,23546.95,544.5099999999984,23628.626500000002,2020-12-23 04:10:00+00:00,2020-12-23 04:05:00+00:00,True,CLEAN_CAUSAL_LEAVE,2020-12-23 04:10:00+00:00,2020-12-23 04:15:00+00:00,2020-12-23 04:20:00+00:00,2020-12-23 04:35:00+00:00,L2_ARRIVAL,True,15.0
external,BULL,20-00,2020-12-23 20:00:00+00:00,2020-12-24 00:00:00+00:00,23694.86,23365.25,329.6100000000006,23414.6915,2020-12-23 21:20:00+00:00,2020-12-23 21:15:00+00:00,True,CLEAN_CAUSAL_LEAVE,2020-12-23 21:20:00+00:00,2020-12-23 21:25:00+00:00,,2020-12-23 21:25:00+00:00,L2_ARRIVAL,False,
external,SIDEWAYS,12-16,2020-12-24 12:00:00+00:00,2020-12-24 16:00:00+00:00,23496.0,23063.5,432.5,23128.375,2020-12-24 12:50:00+00:00,2020-12-24 12:45:00+00:00,True,CLEAN_CAUSAL_LEAVE,2020-12-24 12:50:00+00:00,2020-12-24 12:55:00+00:00,2020-12-24 15:25:00+00:00,2020-12-24 16:00:00+00:00,BLOCK_END,False,
external,BULL,12-16,2020-12-27 12:00:00+00:00,2020-12-27 16:00:00+00:00,28459.84,27034.23,1425.6100000000006,27248.0715,2020-12-27 12:10:00+00:00,2020-12-27 12:05:00+00:00,False,LOW_BREAK_BEFORE_LEAVE,2020-12-27 12:10:00+00:00,,,2020-12-27 12:10:00+00:00,L2_BREAK,False,
external,BULL,16-20,2020-12-27 16:00:00+00:00,2020-12-27 20:00:00+00:00,27800.0,26592.0,1208.0,26773.2,2020-12-27 18:05:00+00:00,2020-12-27 18:00:00+00:00,True,CLEAN_CAUSAL_LEAVE,2020-12-27 18:05:00+00:00,2020-12-27 18:10:00+00:00,2020-12-27 18:35:00+00:00,2020-12-27 20:00:00+00:00,BLOCK_END,False,
external,BULL,08-12,2020-12-28 08:00:00+00:00,2020-12-28 12:00:00+00:00,27325.0,26832.31,492.6899999999987,26906.2135,2020-12-28 08:15:00+00:00,2020-12-28 08:10:00+00:00,False,LOW_BREAK_BEFORE_LEAVE,2020-12-28 08:15:00+00:00,,,2020-12-28 08:15:00+00:00,L2_BREAK,False,
external,BULL,16-20,2020-12-28 16:00:00+00:00,2020-12-28 20:00:00+00:00,27538.82,26738.71,800.1100000000006,26858.7265,2020-12-28 16:05:00+00:00,2020-12-28 16:00:00+00:00,True,CLEAN_CAUSAL_LEAVE,2020-12-28 16:05:00+00:00,2020-12-28 16:10:00+00:00,,2020-12-28 20:00:00+00:00,BLOCK_END,False,
external,BULL,20-00,2020-12-28 20:00:00+00:00,2020-12-29 00:00:00+00:00,27267.43,26730.0,537.4300000000003,26810.6145,2020-12-28 20:35:00+00:00,2020-12-28 20:30:00+00:00,True,CLEAN_CAUSAL_LEAVE,2020-12-28 20:40:00+00:00,2020-12-28 20:45:00+00:00,,2020-12-28 20:45:00+00:00,L2_ARRIVAL,False,
external,BULL,04-08,2020-12-29 04:00:00+00:00,2020-12-29 08:00:00+00:00,27139.79,26464.14,675.6500000000015,26565.4875,2020-12-29 04:05:00+00:00,2020-12-29 04:00:00+00:00,False,LOW_BREAK_BEFORE_LEAVE,2020-12-29 04:05:00+00:00,,,2020-12-29 04:05:00+00:00,L2_BREAK,False,
external,BULL,08-12,2020-12-30 08:00:00+00:00,2020-12-30 12:00:00+00:00,28656.9,27758.33,898.5699999999997,27893.1155,2020-12-30 08:30:00+00:00,2020-12-30 08:25:00+00:00,True,CLEAN_CAUSAL_LEAVE,2020-12-30 08:30:00+00:00,2020-12-30 08:35:00+00:00,2020-12-30 08:35:00+00:00,2020-12-30 08:45:00+00:00,L2_ARRIVAL,True,10.0
external,BULL,08-12,2020-12-31 08:00:00+00:00,2020-12-31 12:00:00+00:00,29364.05,28761.27,602.7799999999988,28851.687,2020-12-31 09:15:00+00:00,2020-12-31 09:10:00+00:00,True,CLEAN_CAUSAL_LEAVE,2020-12-31 09:20:00+00:00,2020-12-31 09:25:00+00:00,2020-12-31 09:25:00+00:00,2020-12-31 12:00:00+00:00,BLOCK_END,False,
external,BULL,12-16,2020-12-31 12:00:00+00:00,2020-12-31 16:00:00+00:00,29259.0,28606.6,652.4000000000015,28704.46,2020-12-31 13:00:00+00:00,2020-12-31 12:55:00+00:00,False,LOW_BREAK_BEFORE_LEAVE,2020-12-31 13:00:00+00:00,,,2020-12-31 13:00:00+00:00,L2_BREAK,False,
external,BULL,16-20,2021-01-01 16:00:00+00:00,2021-01-01 20:00:00+00:00,29668.86,29043.75,625.1100000000006,29137.5165,2021-01-01 17:50:00+00:00,2021-01-01 17:45:00+00:00,True,CLEAN_CAUSAL_LEAVE,2021-01-01 17:50:00+00:00,2021-01-01 17:55:00+00:00,2021-01-01 17:55:00+00:00,2021-01-01 18:00:00+00:00,L2_ARRIVAL,True,5.0
external,BULL,12-16,2021-01-03 12:00:00+00:00,2021-01-03 16:00:00+00:00,34743.92,33457.0,1286.9199999999983,33650.038,2021-01-03 15:10:00+00:00,2021-01-03 15:05:00+00:00,False,LOW_BREAK_BEFORE_LEAVE,2021-01-03 15:10:00+00:00,,,2021-01-03 15:10:00+00:00,L2_BREAK,False,
external,BULL,00-04,2021-01-04 00:00:00+00:00,2021-01-04 04:00:00+00:00,33948.13,32703.33,1244.7999999999956,32890.05,2021-01-04 00:15:00+00:00,2021-01-04 00:10:00+00:00,True,CLEAN_CAUSAL_LEAVE,2021-01-04 00:15:00+00:00,2021-01-04 00:20:00+00:00,2021-01-04 00:25:00+00:00,2021-01-04 00:30:00+00:00,L2_ARRIVAL,True,5.0
external,BULL,08-12,2021-01-04 08:00:00+00:00,2021-01-04 12:00:00+00:00,33653.56,31692.1,1961.4599999999991,31986.319,2021-01-04 08:50:00+00:00,2021-01-04 08:45:00+00:00,True,CLEAN_CAUSAL_LEAVE,2021-01-04 08:50:00+00:00,2021-01-04 08:55:00+00:00,2021-01-04 08:55:00+00:00,2021-01-04 09:15:00+00:00,L2_ARRIVAL,True,20.0
external,BULL,00-04,2021-01-06 00:00:00+00:00,2021-01-06 04:00:00+00:00,34500.0,33405.0,1095.0,33569.25,2021-01-06 00:25:00+00:00,2021-01-06 00:20:00+00:00,True,CLEAN_CAUSAL_LEAVE,2021-01-06 00:25:00+00:00,2021-01-06 00:30:00+00:00,2021-01-06 01:30:00+00:00,2021-01-06 04:00:00+00:00,BLOCK_END,False,
external,BULL,08-12,2021-01-06 08:00:00+00:00,2021-01-06 12:00:00+00:00,35948.66,34173.2,1775.4600000000064,34439.519,2021-01-06 08:35:00+00:00,2021-01-06 08:30:00+00:00,True,CLEAN_CAUSAL_LEAVE,2021-01-06 08:35:00+00:00,2021-01-06 08:40:00+00:00,2021-01-06 08:40:00+00:00,2021-01-06 09:05:00+00:00,L2_ARRIVAL,True,25.0
external,BULL,04-08,2021-01-09 04:00:00+00:00,2021-01-09 08:00:00+00:00,41045.93,39545.0,1500.9300000000003,39770.1395,2021-01-09 05:35:00+00:00,2021-01-09 05:30:00+00:00,True,CLEAN_CAUSAL_LEAVE,2021-01-09 05:35:00+00:00,2021-01-09 05:40:00+00:00,2021-01-09 05:40:00+00:00,2021-01-09 05:50:00+00:00,L2_ARRIVAL,True,10.0
external,BULL,04-08,2021-01-10 04:00:00+00:00,2021-01-10 08:00:00+00:00,41412.12,40125.56,1286.560000000005,40318.544,2021-01-10 04:45:00+00:00,2021-01-10 04:40:00+00:00,True,CLEAN_CAUSAL_LEAVE,2021-01-10 04:45:00+00:00,2021-01-10 04:50:00+00:00,,2021-01-10 08:00:00+00:00,BLOCK_END,False,
external,SIDEWAYS,12-16,2021-01-10 12:00:00+00:00,2021-01-10 16:00:00+00:00,41226.26,38847.01,2379.25,39203.8975,2021-01-10 12:10:00+00:00,2021-01-10 12:05:00+00:00,True,CLEAN_CAUSAL_LEAVE,2021-01-10 12:10:00+00:00,2021-01-10 12:15:00+00:00,2021-01-10 15:05:00+00:00,2021-01-10 16:00:00+00:00,BLOCK_END,False,
external,SIDEWAYS,00-04,2021-01-11 00:00:00+00:00,2021-01-11 04:00:00+00:00,39080.0,35268.0,3812.0,35839.8,2021-01-11 03:25:00+00:00,2021-01-11 03:20:00+00:00,False,LOW_BREAK_BEFORE_LEAVE,2021-01-11 03:30:00+00:00,,,2021-01-11 03:30:00+00:00,L2_BREAK,False,
external,SIDEWAYS,04-08,2021-01-11 04:00:00+00:00,2021-01-11 08:00:00+00:00,38322.18,33600.0,4722.18,34308.327,2021-01-11 06:45:00+00:00,2021-01-11 06:40:00+00:00,False,LOW_BREAK_BEFORE_LEAVE,2021-01-11 06:45:00+00:00,,,2021-01-11 06:45:00+00:00,L2_BREAK,False,
external,SIDEWAYS,20-00,2021-01-12 20:00:00+00:00,2021-01-13 00:00:00+00:00,35584.79,33840.77,1744.020000000004,34102.373,2021-01-12 20:40:00+00:00,2021-01-12 20:35:00+00:00,True,CLEAN_CAUSAL_LEAVE,2021-01-12 20:45:00+00:00,2021-01-12 20:50:00+00:00,2021-01-12 20:50:00+00:00,2021-01-12 21:30:00+00:00,L2_ARRIVAL,True,40.0
external,SIDEWAYS,12-16,2021-01-13 12:00:00+00:00,2021-01-13 16:00:00+00:00,35325.39,34212.39,1113.0,34379.34,2021-01-13 12:05:00+00:00,2021-01-13 12:00:00+00:00,True,CLEAN_CAUSAL_LEAVE,2021-01-13 12:10:00+00:00,2021-01-13 12:15:00+00:00,,2021-01-13 12:15:00+00:00,L2_ARRIVAL,False,
external,BULL,04-08,2021-01-15 04:00:00+00:00,2021-01-15 08:00:00+00:00,39790.0,38500.0,1290.0,38693.5,2021-01-15 04:15:00+00:00,2021-01-15 04:10:00+00:00,False,LOW_BREAK_BEFORE_LEAVE,2021-01-15 04:15:00+00:00,,,2021-01-15 04:15:00+00:00,L2_BREAK,False,
external,SIDEWAYS,04-08,2021-01-17 04:00:00+00:00,2021-01-17 08:00:00+00:00,36789.0,35563.97,1225.0299999999988,35747.724500000004,2021-01-17 05:40:00+00:00,2021-01-17 05:35:00+00:00,True,CLEAN_CAUSAL_LEAVE,2021-01-17 05:40:00+00:00,2021-01-17 05:45:00+00:00,2021-01-17 05:45:00+00:00,2021-01-17 05:55:00+00:00,L2_ARRIVAL,True,10.0
external,SIDEWAYS,08-12,2021-01-17 08:00:00+00:00,2021-01-17 12:00:00+00:00,36431.22,34522.88,1908.3400000000038,34809.131,2021-01-17 08:05:00+00:00,2021-01-17 08:00:00+00:00,False,LOW_BREAK_BEFORE_LEAVE,2021-01-17 08:05:00+00:00,,,2021-01-17 08:05:00+00:00,L2_BREAK,False,
external,SIDEWAYS,04-08,2021-01-18 04:00:00+00:00,2021-01-18 08:00:00+00:00,36260.0,34875.0,1385.0,35082.75,2021-01-18 05:25:00+00:00,2021-01-18 05:20:00+00:00,True,CLEAN_CAUSAL_LEAVE,2021-01-18 05:35:00+00:00,2021-01-18 05:40:00+00:00,,2021-01-18 07:30:00+00:00,OPPOSITE_HIGH_BREAK,False,
external,BULL,12-16,2021-01-19 12:00:00+00:00,2021-01-19 16:00:00+00:00,37661.36,36802.01,859.3499999999985,36930.9125,2021-01-19 12:50:00+00:00,2021-01-19 12:45:00+00:00,True,CLEAN_CAUSAL_LEAVE,2021-01-19 12:55:00+00:00,2021-01-19 13:00:00+00:00,2021-01-19 13:00:00+00:00,2021-01-19 16:00:00+00:00,BLOCK_END,False,
external,SIDEWAYS,00-04,2021-01-20 00:00:00+00:00,2021-01-20 04:00:00+00:00,36843.99,35850.0,993.989999999998,35999.0985,2021-01-20 00:05:00+00:00,2021-01-20 00:00:00+00:00,True,CLEAN_CAUSAL_LEAVE,2021-01-20 00:05:00+00:00,2021-01-20 00:10:00+00:00,2021-01-20 00:10:00+00:00,2021-01-20 02:10:00+00:00,L2_ARRIVAL,True,120.0
external,SIDEWAYS,04-08,2021-01-20 04:00:00+00:00,2021-01-20 08:00:00+00:00,36461.44,34989.41,1472.0299999999988,35210.2145,2021-01-20 04:05:00+00:00,2021-01-20 04:00:00+00:00,True,CLEAN_CAUSAL_LEAVE,2021-01-20 04:05:00+00:00,2021-01-20 04:10:00+00:00,2021-01-20 04:10:00+00:00,2021-01-20 04:15:00+00:00,L2_ARRIVAL,True,5.0
external,SIDEWAYS,04-08,2021-01-21 04:00:00+00:00,2021-01-21 08:00:00+00:00,35636.17,34256.21,1379.9599999999991,34463.204,2021-01-21 04:55:00+00:00,2021-01-21 04:50:00+00:00,False,LOW_BREAK_BEFORE_LEAVE,2021-01-21 05:00:00+00:00,,,2021-01-21 05:00:00+00:00,L2_BREAK,False,
external,SIDEWAYS,08-12,2021-01-21 08:00:00+00:00,2021-01-21 12:00:00+00:00,35073.29,34000.0,1073.2900000000009,34160.9935,2021-01-21 08:35:00+00:00,2021-01-21 08:30:00+00:00,False,LOW_BREAK_BEFORE_LEAVE,2021-01-21 08:35:00+00:00,,,2021-01-21 08:35:00+00:00,L2_BREAK,False,
external,BEAR,08-12,2021-01-23 08:00:00+00:00,2021-01-23 12:00:00+00:00,33495.0,32279.03,1215.9700000000012,32461.425499999998,2021-01-23 10:05:00+00:00,2021-01-23 10:00:00+00:00,True,CLEAN_CAUSAL_LEAVE,2021-01-23 10:05:00+00:00,2021-01-23 10:10:00+00:00,2021-01-23 10:10:00+00:00,2021-01-23 10:20:00+00:00,L2_ARRIVAL,True,10.0
external,BEAR,12-16,2021-01-23 12:00:00+00:00,2021-01-23 16:00:00+00:00,33128.24,31533.0,1595.239999999998,31772.286,2021-01-23 12:05:00+00:00,2021-01-23 12:00:00+00:00,True,CLEAN_CAUSAL_LEAVE,2021-01-23 12:05:00+00:00,2021-01-23 12:10:00+00:00,2021-01-23 12:10:00+00:00,2021-01-23 13:00:00+00:00,L2_ARRIVAL,True,50.0
external,SIDEWAYS,08-12,2021-01-25 08:00:00+00:00,2021-01-25 12:00:00+00:00,33863.09,33065.0,798.0899999999965,33184.7135,2021-01-25 09:45:00+00:00,2021-01-25 09:40:00+00:00,False,LOW_BREAK_BEFORE_LEAVE,2021-01-25 09:55:00+00:00,,,2021-01-25 09:55:00+00:00,L2_BREAK,False,
external,SIDEWAYS,00-04,2021-01-26 00:00:00+00:00,2021-01-26 04:00:00+00:00,33500.57,31921.47,1579.0999999999985,32158.335,2021-01-26 00:05:00+00:00,2021-01-26 00:00:00+00:00,True,CLEAN_CAUSAL_LEAVE,2021-01-26 00:05:00+00:00,2021-01-26 00:10:00+00:00,2021-01-26 03:15:00+00:00,2021-01-26 03:25:00+00:00,L2_ARRIVAL,True,10.0
external,SIDEWAYS,04-08,2021-01-26 04:00:00+00:00,2021-01-26 08:00:00+00:00,32853.53,31460.0,1393.5299999999988,31669.0295,2021-01-26 04:05:00+00:00,2021-01-26 04:00:00+00:00,True,CLEAN_CAUSAL_LEAVE,2021-01-26 04:05:00+00:00,2021-01-26 04:10:00+00:00,2021-01-26 04:10:00+00:00,2021-01-26 06:45:00+00:00,L2_ARRIVAL,True,155.0
external,SIDEWAYS,04-08,2021-01-27 04:00:00+00:00,2021-01-27 08:00:00+00:00,32562.2,31580.0,982.2000000000007,31727.33,2021-01-27 04:05:00+00:00,2021-01-27 04:00:00+00:00,True,CLEAN_CAUSAL_LEAVE,2021-01-27 04:05:00+00:00,2021-01-27 04:10:00+00:00,,2021-01-27 04:10:00+00:00,L2_ARRIVAL,False,
external,SIDEWAYS,12-16,2021-01-27 12:00:00+00:00,2021-01-27 16:00:00+00:00,31768.16,30577.32,1190.8400000000001,30755.946,2021-01-27 12:05:00+00:00,2021-01-27 12:00:00+00:00,False,LOW_BREAK_BEFORE_LEAVE,2021-01-27 12:10:00+00:00,,,2021-01-27 12:10:00+00:00,L2_BREAK,False,
external,BEAR,00-04,2021-01-28 00:00:00+00:00,2021-01-28 04:00:00+00:00,31674.65,30082.59,1592.0600000000013,30321.399,2021-01-28 00:15:00+00:00,2021-01-28 00:10:00+00:00,False,LOW_BREAK_BEFORE_LEAVE,2021-01-28 00:15:00+00:00,,,2021-01-28 00:15:00+00:00,L2_BREAK,False,
external,BEAR,08-12,2021-01-28 08:00:00+00:00,2021-01-28 12:00:00+00:00,31908.04,31076.24,831.7999999999993,31201.010000000002,2021-01-28 08:05:00+00:00,2021-01-28 08:00:00+00:00,True,CLEAN_CAUSAL_LEAVE,2021-01-28 08:05:00+00:00,2021-01-28 08:10:00+00:00,2021-01-28 08:15:00+00:00,2021-01-28 08:20:00+00:00,L2_ARRIVAL,True,5.0
external,BULL,00-04,2021-01-30 00:00:00+00:00,2021-01-30 04:00:00+00:00,35391.0,33706.17,1684.8300000000017,33958.894499999995,2021-01-30 02:20:00+00:00,2021-01-30 02:15:00+00:00,True,CLEAN_CAUSAL_LEAVE,2021-01-30 02:20:00+00:00,2021-01-30 02:25:00+00:00,2021-01-30 02:45:00+00:00,2021-01-30 03:10:00+00:00,L2_ARRIVAL,True,25.0
external,BULL,12-16,2021-01-30 12:00:00+00:00,2021-01-30 16:00:00+00:00,34480.0,33540.0,940.0,33681.0,2021-01-30 12:05:00+00:00,2021-01-30 12:00:00+00:00,True,CLEAN_CAUSAL_LEAVE,2021-01-30 12:05:00+00:00,2021-01-30 12:10:00+00:00,2021-01-30 12:15:00+00:00,2021-01-30 12:25:00+00:00,L2_ARRIVAL,True,10.0
external,SIDEWAYS,08-12,2021-01-31 08:00:00+00:00,2021-01-31 12:00:00+00:00,34160.26,33452.24,708.0200000000041,33558.443,2021-01-31 08:05:00+00:00,2021-01-31 08:00:00+00:00,True,CLEAN_CAUSAL_LEAVE,2021-01-31 08:05:00+00:00,2021-01-31 08:10:00+00:00,2021-01-31 08:45:00+00:00,2021-01-31 09:35:00+00:00,L2_ARRIVAL,True,50.0
external,BULL,12-16,2021-02-01 12:00:00+00:00,2021-02-01 16:00:00+00:00,34720.0,33644.05,1075.949999999997,33805.442500000005,2021-02-01 12:55:00+00:00,2021-02-01 12:50:00+00:00,True,CLEAN_CAUSAL_LEAVE,2021-02-01 12:55:00+00:00,2021-02-01 13:00:00+00:00,2021-02-01 13:05:00+00:00,2021-02-01 14:10:00+00:00,L2_ARRIVAL,True,65.0
external,SIDEWAYS,16-20,2021-02-01 16:00:00+00:00,2021-02-01 20:00:00+00:00,34493.94,33173.14,1320.800000000003,33371.26,2021-02-01 16:05:00+00:00,2021-02-01 16:00:00+00:00,True,CLEAN_CAUSAL_LEAVE,2021-02-01 16:05:00+00:00,2021-02-01 16:10:00+00:00,2021-02-01 16:10:00+00:00,2021-02-01 20:00:00+00:00,BLOCK_END,False,
external,SIDEWAYS,00-04,2021-02-02 00:00:00+00:00,2021-02-02 04:00:00+00:00,34083.21,33458.0,625.2099999999991,33551.7815,2021-02-02 00:05:00+00:00,2021-02-02 00:00:00+00:00,True,CLEAN_CAUSAL_LEAVE,2021-02-02 00:05:00+00:00,2021-02-02 00:10:00+00:00,,2021-02-02 00:15:00+00:00,OPPOSITE_HIGH_BREAK,False,
external,BULL,20-00,2021-02-03 20:00:00+00:00,2021-02-04 00:00:00+00:00,37273.12,36672.19,600.9300000000003,36762.3295,2021-02-03 20:05:00+00:00,2021-02-03 20:00:00+00:00,True,CLEAN_CAUSAL_LEAVE,2021-02-03 20:05:00+00:00,2021-02-03 20:10:00+00:00,,2021-02-03 21:30:00+00:00,OPPOSITE_HIGH_BREAK,False,
external,BULL,04-08,2021-02-04 04:00:00+00:00,2021-02-04 08:00:00+00:00,38388.73,37400.0,988.7300000000032,37548.3095,2021-02-04 04:05:00+00:00,2021-02-04 04:00:00+00:00,True,CLEAN_CAUSAL_LEAVE,2021-02-04 04:05:00+00:00,2021-02-04 04:10:00+00:00,2021-02-04 05:45:00+00:00,2021-02-04 08:00:00+00:00,BLOCK_END,False,
external,BULL,12-16,2021-02-04 12:00:00+00:00,2021-02-04 16:00:00+00:00,38833.0,36800.0,2033.0,37104.95,2021-02-04 14:55:00+00:00,2021-02-04 14:50:00+00:00,True,CLEAN_CAUSAL_LEAVE,2021-02-04 14:55:00+00:00,2021-02-04 15:00:00+00:00,,2021-02-04 15:00:00+00:00,L2_ARRIVAL,False,
external,BULL,00-04,2021-02-05 00:00:00+00:00,2021-02-05 04:00:00+00:00,37859.33,36867.54,991.7900000000009,37016.3085,2021-02-05 00:15:00+00:00,2021-02-05 00:10:00+00:00,True,CLEAN_CAUSAL_LEAVE,2021-02-05 00:15:00+00:00,2021-02-05 00:20:00+00:00,2021-02-05 00:55:00+00:00,2021-02-05 01:55:00+00:00,L2_ARRIVAL,True,60.0
external,BULL,16-20,2021-02-05 16:00:00+00:00,2021-02-05 20:00:00+00:00,38411.82,37567.21,844.6100000000006,37693.9015,2021-02-05 18:50:00+00:00,2021-02-05 18:45:00+00:00,False,LOW_BREAK_BEFORE_LEAVE,2021-02-05 18:50:00+00:00,,,2021-02-05 18:50:00+00:00,L2_BREAK,False,
external,BULL,00-04,2021-02-07 00:00:00+00:00,2021-02-07 04:00:00+00:00,40583.0,39100.0,1483.0,39322.45,2021-02-07 00:05:00+00:00,2021-02-07 00:00:00+00:00,False,LOW_BREAK_BEFORE_LEAVE,2021-02-07 00:05:00+00:00,,,2021-02-07 00:05:00+00:00,L2_BREAK,False,
external,SIDEWAYS,16-20,2021-02-07 16:00:00+00:00,2021-02-07 20:00:00+00:00,39350.0,37600.0,1750.0,37862.5,2021-02-07 16:20:00+00:00,2021-02-07 16:15:00+00:00,True,CLEAN_CAUSAL_LEAVE,2021-02-07 16:25:00+00:00,2021-02-07 16:30:00+00:00,2021-02-07 16:30:00+00:00,2021-02-07 20:00:00+00:00,BLOCK_END,False,
external,SIDEWAYS,04-08,2021-02-08 04:00:00+00:00,2021-02-08 08:00:00+00:00,39185.93,38050.0,1135.9300000000003,38220.3895,2021-02-08 04:05:00+00:00,2021-02-08 04:00:00+00:00,True,CLEAN_CAUSAL_LEAVE,2021-02-08 04:05:00+00:00,2021-02-08 04:10:00+00:00,,2021-02-08 07:30:00+00:00,OPPOSITE_HIGH_BREAK,False,
external,BULL,08-12,2021-02-09 08:00:00+00:00,2021-02-09 12:00:00+00:00,48266.36,46300.0,1966.3600000000006,46594.954,2021-02-09 09:40:00+00:00,2021-02-09 09:35:00+00:00,False,LOW_BREAK_BEFORE_LEAVE,2021-02-09 09:40:00+00:00,,,2021-02-09 09:40:00+00:00,L2_BREAK,False,
external,BULL,00-04,2021-02-10 00:00:00+00:00,2021-02-10 04:00:00+00:00,47600.0,46257.88,1342.1200000000026,46459.198,2021-02-10 00:10:00+00:00,2021-02-10 00:05:00+00:00,True,CLEAN_CAUSAL_LEAVE,2021-02-10 00:15:00+00:00,2021-02-10 00:20:00+00:00,2021-02-10 01:05:00+00:00,2021-02-10 01:20:00+00:00,L2_ARRIVAL,True,15.0
external,BULL,12-16,2021-02-13 12:00:00+00:00,2021-02-13 16:00:00+00:00,47660.2,46300.0,1360.199999999997,46504.03,2021-02-13 12:05:00+00:00,2021-02-13 12:00:00+00:00,True,CLEAN_CAUSAL_LEAVE,2021-02-13 12:05:00+00:00,2021-02-13 12:10:00+00:00,,2021-02-13 16:00:00+00:00,BLOCK_END,False,
external,BULL,20-00,2021-02-13 20:00:00+00:00,2021-02-14 00:00:00+00:00,47462.89,46770.0,692.8899999999994,46873.9335,2021-02-13 20:10:00+00:00,2021-02-13 20:05:00+00:00,False,LOW_BREAK_BEFORE_LEAVE,2021-02-13 20:20:00+00:00,,,2021-02-13 20:20:00+00:00,L2_BREAK,False,
external,BULL,00-04,2021-02-15 00:00:00+00:00,2021-02-15 04:00:00+00:00,49400.0,48570.0,830.0,48694.5,2021-02-15 00:15:00+00:00,2021-02-15 00:10:00+00:00,True,CLEAN_CAUSAL_LEAVE,2021-02-15 00:15:00+00:00,2021-02-15 00:20:00+00:00,2021-02-15 00:35:00+00:00,2021-02-15 01:05:00+00:00,L2_ARRIVAL,True,30.0
external,BULL,12-16,2021-02-16 12:00:00+00:00,2021-02-16 16:00:00+00:00,49468.69,48754.3,714.3899999999994,48861.4585,2021-02-16 12:05:00+00:00,2021-02-16 12:00:00+00:00,True,CLEAN_CAUSAL_LEAVE,2021-02-16 12:05:00+00:00,2021-02-16 12:10:00+00:00,,2021-02-16 12:20:00+00:00,OPPOSITE_HIGH_BREAK,False,
external,BULL,12-16,2021-02-17 12:00:00+00:00,2021-02-17 16:00:00+00:00,51806.46,50700.0,1106.4599999999991,50865.969,2021-02-17 13:30:00+00:00,2021-02-17 13:25:00+00:00,True,CLEAN_CAUSAL_LEAVE,2021-02-17 13:35:00+00:00,2021-02-17 13:40:00+00:00,2021-02-17 14:40:00+00:00,2021-02-17 16:00:00+00:00,BLOCK_END,False,
external,BULL,08-12,2021-02-18 08:00:00+00:00,2021-02-18 12:00:00+00:00,52412.99,51355.0,1057.989999999998,51513.6985,2021-02-18 11:40:00+00:00,2021-02-18 11:35:00+00:00,True,CLEAN_CAUSAL_LEAVE,2021-02-18 11:40:00+00:00,2021-02-18 11:45:00+00:00,,2021-02-18 11:45:00+00:00,L2_ARRIVAL,False,
external,BULL,00-04,2021-02-19 00:00:00+00:00,2021-02-19 04:00:00+00:00,52300.0,51568.0,732.0,51677.8,2021-02-19 00:10:00+00:00,2021-02-19 00:05:00+00:00,True,CLEAN_CAUSAL_LEAVE,2021-02-19 00:10:00+00:00,2021-02-19 00:15:00+00:00,2021-02-19 00:15:00+00:00,2021-02-19 00:55:00+00:00,L2_ARRIVAL,True,40.0
external,BULL,08-12,2021-02-20 08:00:00+00:00,2021-02-20 12:00:00+00:00,56208.2,55242.42,965.7799999999988,55387.287,2021-02-20 09:15:00+00:00,2021-02-20 09:10:00+00:00,True,CLEAN_CAUSAL_LEAVE,2021-02-20 09:15:00+00:00,2021-02-20 09:20:00+00:00,2021-02-20 09:50:00+00:00,2021-02-20 11:55:00+00:00,OPPOSITE_HIGH_BREAK,False,
external,BULL,20-00,2021-02-20 20:00:00+00:00,2021-02-21 00:00:00+00:00,57536.1,56228.42,1307.6800000000003,56424.572,2021-02-20 22:05:00+00:00,2021-02-20 22:00:00+00:00,True,CLEAN_CAUSAL_LEAVE,2021-02-20 22:05:00+00:00,2021-02-20 22:10:00+00:00,,2021-02-20 22:10:00+00:00,L2_ARRIVAL,False,
external,BULL,08-12,2021-02-21 08:00:00+00:00,2021-02-21 12:00:00+00:00,57066.24,56007.06,1059.1800000000003,56165.937,2021-02-21 08:05:00+00:00,2021-02-21 08:00:00+00:00,True,CLEAN_CAUSAL_LEAVE,2021-02-21 08:05:00+00:00,2021-02-21 08:10:00+00:00,2021-02-21 08:20:00+00:00,2021-02-21 10:05:00+00:00,OPPOSITE_HIGH_BREAK,False,
external,SIDEWAYS,12-16,2021-02-22 12:00:00+00:00,2021-02-22 16:00:00+00:00,56699.0,53500.0,3199.0,53979.85,2021-02-22 12:15:00+00:00,2021-02-22 12:10:00+00:00,False,LOW_BREAK_BEFORE_LEAVE,2021-02-22 12:15:00+00:00,,,2021-02-22 12:15:00+00:00,L2_BREAK,False,
external,BEAR,20-00,2021-02-23 20:00:00+00:00,2021-02-24 00:00:00+00:00,49295.17,45500.0,3795.1699999999983,46069.2755,2021-02-23 20:05:00+00:00,2021-02-23 20:00:00+00:00,True,CLEAN_CAUSAL_LEAVE,2021-02-23 20:05:00+00:00,2021-02-23 20:10:00+00:00,2021-02-23 20:10:00+00:00,2021-02-24 00:00:00+00:00,BLOCK_END,False,
external,SIDEWAYS,08-12,2021-02-25 08:00:00+00:00,2021-02-25 12:00:00+00:00,50623.0,49563.48,1059.5199999999968,49722.408,2021-02-25 09:00:00+00:00,2021-02-25 08:55:00+00:00,True,CLEAN_CAUSAL_LEAVE,2021-02-25 09:00:00+00:00,2021-02-25 09:05:00+00:00,,2021-02-25 09:05:00+00:00,L2_ARRIVAL,False,
external,SIDEWAYS,16-20,2021-02-25 16:00:00+00:00,2021-02-25 20:00:00+00:00,52134.96,50126.0,2008.9599999999991,50427.344,2021-02-25 17:15:00+00:00,2021-02-25 17:10:00+00:00,False,LOW_BREAK_BEFORE_LEAVE,2021-02-25 17:25:00+00:00,,,2021-02-25 17:25:00+00:00,L2_BREAK,False,
external,SIDEWAYS,00-04,2021-02-26 00:00:00+00:00,2021-02-26 04:00:00+00:00,49587.0,46685.43,2901.5699999999997,47120.6655,2021-02-26 00:05:00+00:00,2021-02-26 00:00:00+00:00,True,CLEAN_CAUSAL_LEAVE,2021-02-26 00:05:00+00:00,2021-02-26 00:10:00+00:00,2021-02-26 00:10:00+00:00,2021-02-26 00:30:00+00:00,L2_ARRIVAL,True,20.0
external,BEAR,16-20,2021-02-27 16:00:00+00:00,2021-02-27 20:00:00+00:00,47911.53,46357.28,1554.25,46590.417499999996,2021-02-27 16:05:00+00:00,2021-02-27 16:00:00+00:00,True,CLEAN_CAUSAL_LEAVE,2021-02-27 16:05:00+00:00,2021-02-27 16:10:00+00:00,,2021-02-27 20:00:00+00:00,BLOCK_END,False,
external,BEAR,04-08,2021-02-28 04:00:00+00:00,2021-02-28 08:00:00+00:00,46678.0,44444.0,2234.0,44779.1,2021-02-28 04:05:00+00:00,2021-02-28 04:00:00+00:00,True,CLEAN_CAUSAL_LEAVE,2021-02-28 04:10:00+00:00,2021-02-28 04:15:00+00:00,2021-02-28 04:15:00+00:00,2021-02-28 04:55:00+00:00,L2_ARRIVAL,True,40.0
external,BEAR,16-20,2021-02-28 16:00:00+00:00,2021-02-28 20:00:00+00:00,45540.0,43200.0,2340.0,43551.0,2021-02-28 16:05:00+00:00,2021-02-28 16:00:00+00:00,True,CLEAN_CAUSAL_LEAVE,2021-02-28 16:05:00+00:00,2021-02-28 16:10:00+00:00,2021-02-28 16:10:00+00:00,2021-02-28 17:55:00+00:00,L2_ARRIVAL,True,105.0
external,BULL,04-08,2021-03-02 04:00:00+00:00,2021-03-02 08:00:00+00:00,50221.77,48848.0,1373.7699999999968,49054.0655,2021-03-02 04:15:00+00:00,2021-03-02 04:10:00+00:00,False,LOW_BREAK_BEFORE_LEAVE,2021-03-02 04:15:00+00:00,,,2021-03-02 04:15:00+00:00,L2_BREAK,False,
external,BULL,08-12,2021-03-02 08:00:00+00:00,2021-03-02 12:00:00+00:00,49414.57,48310.97,1103.5999999999985,48476.51,2021-03-02 08:05:00+00:00,2021-03-02 08:00:00+00:00,True,CLEAN_CAUSAL_LEAVE,2021-03-02 08:05:00+00:00,2021-03-02 08:10:00+00:00,2021-03-02 08:10:00+00:00,2021-03-02 12:00:00+00:00,BLOCK_END,False,
external,SIDEWAYS,20-00,2021-03-02 20:00:00+00:00,2021-03-03 00:00:00+00:00,48740.0,47155.45,1584.550000000003,47393.1325,2021-03-02 20:50:00+00:00,2021-03-02 20:45:00+00:00,True,CLEAN_CAUSAL_LEAVE,2021-03-02 20:50:00+00:00,2021-03-02 20:55:00+00:00,2021-03-02 20:55:00+00:00,2021-03-03 00:00:00+00:00,BLOCK_END,False,
external,BULL,04-08,2021-03-04 04:00:00+00:00,2021-03-04 08:00:00+00:00,51800.0,49420.0,2380.0,49777.0,2021-03-04 04:05:00+00:00,2021-03-04 04:00:00+00:00,True,CLEAN_CAUSAL_LEAVE,2021-03-04 04:05:00+00:00,2021-03-04 04:10:00+00:00,2021-03-04 04:10:00+00:00,2021-03-04 04:40:00+00:00,L2_ARRIVAL,True,30.0
external,SIDEWAYS,20-00,2021-03-04 20:00:00+00:00,2021-03-05 00:00:00+00:00,50070.83,47600.0,2470.8300000000017,47970.6245,2021-03-04 20:10:00+00:00,2021-03-04 20:05:00+00:00,True,CLEAN_CAUSAL_LEAVE,2021-03-04 20:15:00+00:00,2021-03-04 20:20:00+00:00,2021-03-04 20:20:00+00:00,2021-03-05 00:00:00+00:00,BLOCK_END,False,
external,BEAR,16-20,2021-03-05 16:00:00+00:00,2021-03-05 20:00:00+00:00,48750.0,47011.0,1739.0,47271.85,2021-03-05 16:35:00+00:00,2021-03-05 16:30:00+00:00,True,CLEAN_CAUSAL_LEAVE,2021-03-05 16:35:00+00:00,2021-03-05 16:40:00+00:00,2021-03-05 16:40:00+00:00,2021-03-05 19:25:00+00:00,OPPOSITE_HIGH_BREAK,False,
external,SIDEWAYS,04-08,2021-03-06 04:00:00+00:00,2021-03-06 08:00:00+00:00,49174.0,48213.0,961.0,48357.15,2021-03-06 04:25:00+00:00,2021-03-06 04:20:00+00:00,True,CLEAN_CAUSAL_LEAVE,2021-03-06 04:30:00+00:00,2021-03-06 04:35:00+00:00,2021-03-06 04:35:00+00:00,2021-03-06 08:00:00+00:00,BLOCK_END,False,
external,BULL,04-08,2021-03-08 04:00:00+00:00,2021-03-08 08:00:00+00:00,51870.36,50272.78,1597.5800000000017,50512.417,2021-03-08 04:10:00+00:00,2021-03-08 04:05:00+00:00,True,CLEAN_CAUSAL_LEAVE,2021-03-08 04:10:00+00:00,2021-03-08 04:15:00+00:00,,2021-03-08 04:15:00+00:00,L2_ARRIVAL,False,
external,BULL,08-12,2021-03-09 08:00:00+00:00,2021-03-09 12:00:00+00:00,54500.0,53444.0,1056.0,53602.4,2021-03-09 08:05:00+00:00,2021-03-09 08:00:00+00:00,True,CLEAN_CAUSAL_LEAVE,2021-03-09 08:05:00+00:00,2021-03-09 08:10:00+00:00,,2021-03-09 12:00:00+00:00,BLOCK_END,False,
external,BULL,04-08,2021-03-10 04:00:00+00:00,2021-03-10 08:00:00+00:00,55890.0,53229.24,2660.760000000002,53628.354,2021-03-10 05:15:00+00:00,2021-03-10 05:10:00+00:00,True,CLEAN_CAUSAL_LEAVE,2021-03-10 05:15:00+00:00,2021-03-10 05:20:00+00:00,2021-03-10 05:20:00+00:00,2021-03-10 08:00:00+00:00,BLOCK_END,False,
external,BULL,00-04,2021-03-11 00:00:00+00:00,2021-03-11 04:00:00+00:00,57317.0,55613.41,1703.5899999999965,55868.948500000006,2021-03-11 00:05:00+00:00,2021-03-11 00:00:00+00:00,True,CLEAN_CAUSAL_LEAVE,2021-03-11 00:10:00+00:00,2021-03-11 00:15:00+00:00,2021-03-11 00:45:00+00:00,2021-03-11 01:00:00+00:00,L2_ARRIVAL,True,15.0
external,BULL,04-08,2021-03-12 04:00:00+00:00,2021-03-12 08:00:00+00:00,58186.33,56666.66,1519.6699999999983,56894.6105,2021-03-12 04:15:00+00:00,2021-03-12 04:10:00+00:00,True,CLEAN_CAUSAL_LEAVE,2021-03-12 04:15:00+00:00,2021-03-12 04:20:00+00:00,,2021-03-12 04:20:00+00:00,L2_ARRIVAL,False,
external,BULL,08-12,2021-03-12 08:00:00+00:00,2021-03-12 12:00:00+00:00,57494.02,56400.0,1094.0199999999968,56564.103,2021-03-12 08:10:00+00:00,2021-03-12 08:05:00+00:00,True,CLEAN_CAUSAL_LEAVE,2021-03-12 08:15:00+00:00,2021-03-12 08:20:00+00:00,2021-03-12 08:20:00+00:00,2021-03-12 09:45:00+00:00,L2_ARRIVAL,True,85.0
external,BULL,04-08,2021-03-14 04:00:00+00:00,2021-03-14 08:00:00+00:00,61798.0,60800.0,998.0,60949.7,2021-03-14 06:20:00+00:00,2021-03-14 06:15:00+00:00,False,LOW_BREAK_BEFORE_LEAVE,2021-03-14 06:25:00+00:00,,,2021-03-14 06:25:00+00:00,L2_BREAK,False,
external,BULL,00-04,2021-03-15 00:00:00+00:00,2021-03-15 04:00:00+00:00,60833.85,59005.0,1828.8499999999985,59279.3275,2021-03-15 00:05:00+00:00,2021-03-15 00:00:00+00:00,True,CLEAN_CAUSAL_LEAVE,2021-03-15 00:05:00+00:00,2021-03-15 00:10:00+00:00,,2021-03-15 04:00:00+00:00,BLOCK_END,False,
external,SIDEWAYS,00-04,2021-03-16 00:00:00+00:00,2021-03-16 04:00:00+00:00,56990.0,55560.0,1430.0,55774.5,2021-03-16 00:05:00+00:00,2021-03-16 00:00:00+00:00,True,CLEAN_CAUSAL_LEAVE,2021-03-16 00:05:00+00:00,2021-03-16 00:10:00+00:00,2021-03-16 00:10:00+00:00,2021-03-16 00:20:00+00:00,L2_ARRIVAL,True,10.0
external,SIDEWAYS,12-16,2021-03-16 12:00:00+00:00,2021-03-16 16:00:00+00:00,56446.64,55154.0,1292.6399999999994,55347.896,2021-03-16 12:25:00+00:00,2021-03-16 12:20:00+00:00,False,LOW_BREAK_BEFORE_LEAVE,2021-03-16 12:35:00+00:00,,,2021-03-16 12:35:00+00:00,L2_BREAK,False,
external,SIDEWAYS,08-12,2021-03-17 08:00:00+00:00,2021-03-17 12:00:00+00:00,56369.81,55216.28,1153.5299999999988,55389.309499999996,2021-03-17 09:40:00+00:00,2021-03-17 09:35:00+00:00,False,LOW_BREAK_BEFORE_LEAVE,2021-03-17 09:40:00+00:00,,,2021-03-17 09:40:00+00:00,L2_BREAK,False,
external,BULL,04-08,2021-03-18 04:00:00+00:00,2021-03-18 08:00:00+00:00,59615.0,58666.6,948.4000000000015,58808.86,2021-03-18 07:20:00+00:00,2021-03-18 07:15:00+00:00,False,LOW_BREAK_BEFORE_LEAVE,2021-03-18 07:20:00+00:00,,,2021-03-18 07:20:00+00:00,L2_BREAK,False,
external,BULL,08-12,2021-03-18 08:00:00+00:00,2021-03-18 12:00:00+00:00,59261.77,58165.63,1096.1399999999994,58330.051,2021-03-18 08:45:00+00:00,2021-03-18 08:40:00+00:00,False,LOW_BREAK_BEFORE_LEAVE,2021-03-18 08:50:00+00:00,,,2021-03-18 08:50:00+00:00,L2_BREAK,False,
external,BULL,12-16,2021-03-18 12:00:00+00:00,2021-03-18 16:00:00+00:00,58726.81,57940.0,786.8099999999977,58058.0215,2021-03-18 12:10:00+00:00,2021-03-18 12:05:00+00:00,False,LOW_BREAK_BEFORE_LEAVE,2021-03-18 12:10:00+00:00,,,2021-03-18 12:10:00+00:00,L2_BREAK,False,
external,SIDEWAYS,20-00,2021-03-18 20:00:00+00:00,2021-03-19 00:00:00+00:00,60510.0,57227.9,3282.0999999999985,57720.215000000004,2021-03-18 20:05:00+00:00,2021-03-18 20:00:00+00:00,True,CLEAN_CAUSAL_LEAVE,2021-03-18 20:05:00+00:00,2021-03-18 20:10:00+00:00,2021-03-18 20:10:00+00:00,2021-03-19 00:00:00+00:00,BLOCK_END,False,
external,BULL,08-12,2021-03-19 08:00:00+00:00,2021-03-19 12:00:00+00:00,58555.0,57650.0,905.0,57785.75,2021-03-19 08:10:00+00:00,2021-03-19 08:05:00+00:00,True,CLEAN_CAUSAL_LEAVE,2021-03-19 08:10:00+00:00,2021-03-19 08:15:00+00:00,,2021-03-19 09:00:00+00:00,OPPOSITE_HIGH_BREAK,False,
external,BULL,00-04,2021-03-20 00:00:00+00:00,2021-03-20 04:00:00+00:00,59550.0,58042.42,1507.5800000000017,58268.557,2021-03-20 00:05:00+00:00,2021-03-20 00:00:00+00:00,True,CLEAN_CAUSAL_LEAVE,2021-03-20 00:15:00+00:00,2021-03-20 00:20:00+00:00,2021-03-20 03:50:00+00:00,2021-03-20 04:00:00+00:00,BLOCK_END,False,
external,SIDEWAYS,00-04,2021-03-21 00:00:00+00:00,2021-03-21 04:00:00+00:00,59418.81,58048.68,1370.1299999999974,58254.1995,2021-03-21 00:05:00+00:00,2021-03-21 00:00:00+00:00,True,CLEAN_CAUSAL_LEAVE,2021-03-21 00:05:00+00:00,2021-03-21 00:10:00+00:00,2021-03-21 01:00:00+00:00,2021-03-21 02:00:00+00:00,L2_ARRIVAL,True,60.0
external,SIDEWAYS,20-00,2021-03-22 20:00:00+00:00,2021-03-23 00:00:00+00:00,57260.31,55536.83,1723.479999999996,55795.352,2021-03-22 20:05:00+00:00,2021-03-22 20:00:00+00:00,True,CLEAN_CAUSAL_LEAVE,2021-03-22 20:05:00+00:00,2021-03-22 20:10:00+00:00,2021-03-22 20:10:00+00:00,2021-03-22 20:40:00+00:00,L2_ARRIVAL,True,30.0
external,BEAR,20-00,2021-03-23 20:00:00+00:00,2021-03-24 00:00:00+00:00,55890.68,54877.33,1013.3499999999985,55029.332500000004,2021-03-23 20:05:00+00:00,2021-03-23 20:00:00+00:00,True,CLEAN_CAUSAL_LEAVE,2021-03-23 20:05:00+00:00,2021-03-23 20:10:00+00:00,,2021-03-23 20:10:00+00:00,L2_ARRIVAL,False,
external,SIDEWAYS,16-20,2021-03-24 16:00:00+00:00,2021-03-24 20:00:00+00:00,57234.79,56080.0,1154.7900000000009,56253.2185,2021-03-24 16:05:00+00:00,2021-03-24 16:00:00+00:00,True,CLEAN_CAUSAL_LEAVE,2021-03-24 16:05:00+00:00,2021-03-24 16:10:00+00:00,2021-03-24 16:10:00+00:00,2021-03-24 16:15:00+00:00,L2_ARRIVAL,True,5.0
external,BEAR,00-04,2021-03-25 00:00:00+00:00,2021-03-25 04:00:00+00:00,54795.84,51666.0,3129.8399999999965,52135.476,2021-03-25 02:05:00+00:00,2021-03-25 02:00:00+00:00,True,CLEAN_CAUSAL_LEAVE,2021-03-25 02:05:00+00:00,2021-03-25 02:10:00+00:00,2021-03-25 02:10:00+00:00,2021-03-25 04:00:00+00:00,BLOCK_END,False,
external,BEAR,12-16,2021-03-26 12:00:00+00:00,2021-03-26 16:00:00+00:00,53850.0,52612.47,1237.5299999999988,52798.099500000004,2021-03-26 12:05:00+00:00,2021-03-26 12:00:00+00:00,True,CLEAN_CAUSAL_LEAVE,2021-03-26 12:05:00+00:00,2021-03-26 12:10:00+00:00,2021-03-26 12:30:00+00:00,2021-03-26 16:00:00+00:00,BLOCK_END,False,
external,BULL,08-12,2021-03-27 08:00:00+00:00,2021-03-27 12:00:00+00:00,55414.77,54660.9,753.8699999999953,54773.9805,2021-03-27 08:40:00+00:00,2021-03-27 08:35:00+00:00,True,CLEAN_CAUSAL_LEAVE,2021-03-27 08:40:00+00:00,2021-03-27 08:45:00+00:00,2021-03-27 10:40:00+00:00,2021-03-27 11:00:00+00:00,L2_ARRIVAL,True,20.0
external,BULL,00-04,2021-03-28 00:00:00+00:00,2021-03-28 04:00:00+00:00,56658.76,55685.0,973.760000000002,55831.064,2021-03-28 00:25:00+00:00,2021-03-28 00:20:00+00:00,False,LOW_BREAK_BEFORE_LEAVE,2021-03-28 00:30:00+00:00,,,2021-03-28 00:30:00+00:00,L2_BREAK,False,
external,BULL,04-08,2021-03-29 04:00:00+00:00,2021-03-29 08:00:00+00:00,55948.62,55005.03,943.5900000000038,55146.5685,2021-03-29 05:40:00+00:00,2021-03-29 05:35:00+00:00,True,CLEAN_CAUSAL_LEAVE,2021-03-29 05:50:00+00:00,2021-03-29 05:55:00+00:00,2021-03-29 05:55:00+00:00,2021-03-29 07:15:00+00:00,OPPOSITE_HIGH_BREAK,False,
external,BULL,16-20,2021-03-29 16:00:00+00:00,2021-03-29 20:00:00+00:00,58490.11,57266.16,1223.949999999997,57449.7525,2021-03-29 16:25:00+00:00,2021-03-29 16:20:00+00:00,True,CLEAN_CAUSAL_LEAVE,2021-03-29 16:25:00+00:00,2021-03-29 16:30:00+00:00,,2021-03-29 20:00:00+00:00,BLOCK_END,False,
external,BULL,20-00,2021-03-29 20:00:00+00:00,2021-03-30 00:00:00+00:00,58361.68,57220.0,1141.6800000000003,57391.252,2021-03-29 21:00:00+00:00,2021-03-29 20:55:00+00:00,True,CLEAN_CAUSAL_LEAVE,2021-03-29 21:00:00+00:00,2021-03-29 21:05:00+00:00,2021-03-29 21:05:00+00:00,2021-03-30 00:00:00+00:00,BLOCK_END,False,
external,BULL,04-08,2021-03-30 04:00:00+00:00,2021-03-30 08:00:00+00:00,57800.0,57163.3,636.6999999999971,57258.805,2021-03-30 04:05:00+00:00,2021-03-30 04:00:00+00:00,True,CLEAN_CAUSAL_LEAVE,2021-03-30 04:10:00+00:00,2021-03-30 04:15:00+00:00,,2021-03-30 04:15:00+00:00,L2_ARRIVAL,False,
external,BULL,16-20,2021-03-30 16:00:00+00:00,2021-03-30 20:00:00+00:00,59450.0,58570.0,880.0,58702.0,2021-03-30 16:05:00+00:00,2021-03-30 16:00:00+00:00,True,CLEAN_CAUSAL_LEAVE,2021-03-30 16:05:00+00:00,2021-03-30 16:10:00+00:00,2021-03-30 16:20:00+00:00,2021-03-30 20:00:00+00:00,BLOCK_END,False,
external,BULL,20-00,2021-03-30 20:00:00+00:00,2021-03-31 00:00:00+00:00,59229.52,58550.23,679.2899999999936,58652.1235,2021-03-30 20:25:00+00:00,2021-03-30 20:20:00+00:00,False,LOW_BREAK_BEFORE_LEAVE,2021-03-30 20:30:00+00:00,,,2021-03-30 20:30:00+00:00,L2_BREAK,False,
external,BULL,08-12,2021-03-31 08:00:00+00:00,2021-03-31 12:00:00+00:00,59920.0,57400.0,2520.0,57778.0,2021-03-31 08:10:00+00:00,2021-03-31 08:05:00+00:00,True,CLEAN_CAUSAL_LEAVE,2021-03-31 08:10:00+00:00,2021-03-31 08:15:00+00:00,2021-03-31 08:15:00+00:00,2021-03-31 10:30:00+00:00,L2_ARRIVAL,True,135.0
external,BULL,20-00,2021-03-31 20:00:00+00:00,2021-04-01 00:00:00+00:00,59752.49,58518.88,1233.6100000000006,58703.9215,2021-03-31 20:05:00+00:00,2021-03-31 20:00:00+00:00,True,CLEAN_CAUSAL_LEAVE,2021-03-31 20:05:00+00:00,2021-03-31 20:10:00+00:00,2021-03-31 20:10:00+00:00,2021-04-01 00:00:00+00:00,BLOCK_END,False,
external,BULL,04-08,2021-04-01 04:00:00+00:00,2021-04-01 08:00:00+00:00,59427.21,58799.23,627.9799999999959,58893.427,2021-04-01 04:55:00+00:00,2021-04-01 04:50:00+00:00,True,CLEAN_CAUSAL_LEAVE,2021-04-01 04:55:00+00:00,2021-04-01 05:00:00+00:00,2021-04-01 05:00:00+00:00,2021-04-01 05:15:00+00:00,L2_ARRIVAL,True,15.0
external,BULL,16-20,2021-04-01 16:00:00+00:00,2021-04-01 20:00:00+00:00,59342.89,58420.02,922.8700000000026,58558.4505,2021-04-01 18:00:00+00:00,2021-04-01 17:55:00+00:00,True,CLEAN_CAUSAL_LEAVE,2021-04-01 18:00:00+00:00,2021-04-01 18:05:00+00:00,2021-04-01 18:05:00+00:00,2021-04-01 18:10:00+00:00,L2_ARRIVAL,True,5.0
external,BULL,00-04,2021-04-02 00:00:00+00:00,2021-04-02 04:00:00+00:00,59168.26,58610.58,557.6800000000003,58694.232,2021-04-02 00:50:00+00:00,2021-04-02 00:45:00+00:00,True,CLEAN_CAUSAL_LEAVE,2021-04-02 01:00:00+00:00,2021-04-02 01:05:00+00:00,,2021-04-02 02:05:00+00:00,OPPOSITE_HIGH_BREAK,False,
external,BULL,08-12,2021-04-02 08:00:00+00:00,2021-04-02 12:00:00+00:00,60120.0,59407.0,713.0,59513.95,2021-04-02 09:25:00+00:00,2021-04-02 09:20:00+00:00,True,CLEAN_CAUSAL_LEAVE,2021-04-02 09:25:00+00:00,2021-04-02 09:30:00+00:00,2021-04-02 09:30:00+00:00,2021-04-02 12:00:00+00:00,BLOCK_END,False,
external,BULL,20-00,2021-04-02 20:00:00+00:00,2021-04-03 00:00:00+00:00,59689.89,58542.42,1147.4700000000012,58714.540499999996,2021-04-02 21:05:00+00:00,2021-04-02 21:00:00+00:00,True,CLEAN_CAUSAL_LEAVE,2021-04-02 21:05:00+00:00,2021-04-02 21:10:00+00:00,2021-04-02 21:10:00+00:00,2021-04-02 21:15:00+00:00,L2_ARRIVAL,True,5.0
external,SIDEWAYS,16-20,2021-04-03 16:00:00+00:00,2021-04-03 20:00:00+00:00,59577.69,58850.1,727.5900000000038,58959.2385,2021-04-03 16:05:00+00:00,2021-04-03 16:00:00+00:00,True,CLEAN_CAUSAL_LEAVE,2021-04-03 16:10:00+00:00,2021-04-03 16:15:00+00:00,2021-04-03 16:50:00+00:00,2021-04-03 16:55:00+00:00,L2_ARRIVAL,True,5.0
external,SIDEWAYS,12-16,2021-04-04 12:00:00+00:00,2021-04-04 16:00:00+00:00,57839.59,57220.0,619.5899999999965,57312.9385,2021-04-04 12:05:00+00:00,2021-04-04 12:00:00+00:00,True,CLEAN_CAUSAL_LEAVE,2021-04-04 12:10:00+00:00,2021-04-04 12:15:00+00:00,,2021-04-04 12:15:00+00:00,OPPOSITE_HIGH_BREAK,False,
external,SIDEWAYS,04-08,2021-04-05 04:00:00+00:00,2021-04-05 08:00:00+00:00,58450.26,57367.41,1082.8499999999985,57529.8375,2021-04-05 04:05:00+00:00,2021-04-05 04:00:00+00:00,True,CLEAN_CAUSAL_LEAVE,2021-04-05 04:05:00+00:00,2021-04-05 04:10:00+00:00,2021-04-05 04:10:00+00:00,2021-04-05 04:55:00+00:00,L2_ARRIVAL,True,45.0
external,SIDEWAYS,08-12,2021-04-05 08:00:00+00:00,2021-04-05 12:00:00+00:00,57678.72,56852.1,826.6200000000026,56976.093,2021-04-05 08:30:00+00:00,2021-04-05 08:25:00+00:00,True,CLEAN_CAUSAL_LEAVE,2021-04-05 08:30:00+00:00,2021-04-05 08:35:00+00:00,,2021-04-05 10:55:00+00:00,OPPOSITE_HIGH_BREAK,False,
external,BULL,04-08,2021-04-06 04:00:00+00:00,2021-04-06 08:00:00+00:00,59626.18,58669.09,957.0900000000038,58812.6535,2021-04-06 04:05:00+00:00,2021-04-06 04:00:00+00:00,True,CLEAN_CAUSAL_LEAVE,2021-04-06 04:05:00+00:00,2021-04-06 04:10:00+00:00,2021-04-06 04:10:00+00:00,2021-04-06 06:15:00+00:00,L2_ARRIVAL,True,125.0
external,BULL,08-12,2021-04-06 08:00:00+00:00,2021-04-06 12:00:00+00:00,59092.28,58401.4,690.8799999999974,58505.032,2021-04-06 08:10:00+00:00,2021-04-06 08:05:00+00:00,True,CLEAN_CAUSAL_LEAVE,2021-04-06 08:10:00+00:00,2021-04-06 08:15:00+00:00,2021-04-06 08:45:00+00:00,2021-04-06 11:20:00+00:00,L2_ARRIVAL,True,155.0
external,SIDEWAYS,00-04,2021-04-07 00:00:00+00:00,2021-04-07 04:00:00+00:00,58384.93,57637.72,747.2099999999991,57749.8015,2021-04-07 01:00:00+00:00,2021-04-07 00:55:00+00:00,False,LOW_BREAK_BEFORE_LEAVE,2021-04-07 01:00:00+00:00,,,2021-04-07 01:00:00+00:00,L2_BREAK,False,
external,SIDEWAYS,12-16,2021-04-07 12:00:00+00:00,2021-04-07 16:00:00+00:00,57992.99,55831.36,2161.6299999999974,56155.6045,2021-04-07 12:15:00+00:00,2021-04-07 12:10:00+00:00,True,CLEAN_CAUSAL_LEAVE,2021-04-07 12:20:00+00:00,2021-04-07 12:25:00+00:00,,2021-04-07 16:00:00+00:00,BLOCK_END,False,
external,SIDEWAYS,00-04,2021-04-08 00:00:00+00:00,2021-04-08 04:00:00+00:00,56623.34,55795.0,828.3399999999965,55919.251,2021-04-08 00:10:00+00:00,2021-04-08 00:05:00+00:00,True,CLEAN_CAUSAL_LEAVE,2021-04-08 00:10:00+00:00,2021-04-08 00:15:00+00:00,,2021-04-08 01:20:00+00:00,OPPOSITE_HIGH_BREAK,False,
external,SIDEWAYS,08-12,2021-04-08 08:00:00+00:00,2021-04-08 12:00:00+00:00,57415.03,56570.0,845.0299999999988,56696.7545,2021-04-08 10:20:00+00:00,2021-04-08 10:15:00+00:00,True,CLEAN_CAUSAL_LEAVE,2021-04-08 10:20:00+00:00,2021-04-08 10:25:00+00:00,2021-04-08 10:25:00+00:00,2021-04-08 11:30:00+00:00,L2_ARRIVAL,True,65.0
external,SIDEWAYS,12-16,2021-04-08 12:00:00+00:00,2021-04-08 16:00:00+00:00,57306.02,56401.39,904.6299999999974,56537.0845,2021-04-08 12:05:00+00:00,2021-04-08 12:00:00+00:00,True,CLEAN_CAUSAL_LEAVE,2021-04-08 12:05:00+00:00,2021-04-08 12:10:00+00:00,2021-04-08 12:10:00+00:00,2021-04-08 12:45:00+00:00,OPPOSITE_HIGH_BREAK,False,
external,BULL,04-08,2021-04-11 04:00:00+00:00,2021-04-11 08:00:00+00:00,60816.88,59700.0,1116.8799999999974,59867.532,2021-04-11 05:40:00+00:00,2021-04-11 05:35:00+00:00,True,CLEAN_CAUSAL_LEAVE,2021-04-11 05:40:00+00:00,2021-04-11 05:45:00+00:00,2021-04-11 05:45:00+00:00,2021-04-11 06:00:00+00:00,L2_ARRIVAL,True,15.0
external,BULL,08-12,2021-04-14 08:00:00+00:00,2021-04-14 12:00:00+00:00,64986.11,63701.0,1285.1100000000006,63893.7665,2021-04-14 08:50:00+00:00,2021-04-14 08:45:00+00:00,True,CLEAN_CAUSAL_LEAVE,2021-04-14 08:55:00+00:00,2021-04-14 09:00:00+00:00,2021-04-14 09:10:00+00:00,2021-04-14 09:15:00+00:00,L2_ARRIVAL,True,5.0
external,BULL,08-12,2021-04-15 08:00:00+00:00,2021-04-15 12:00:00+00:00,63560.0,62772.3,787.6999999999971,62890.455,2021-04-15 08:20:00+00:00,2021-04-15 08:15:00+00:00,False,LOW_BREAK_BEFORE_LEAVE,2021-04-15 08:20:00+00:00,,,2021-04-15 08:20:00+00:00,L2_BREAK,False,
external,BULL,16-20,2021-04-15 16:00:00+00:00,2021-04-15 20:00:00+00:00,63174.72,62461.24,713.4800000000032,62568.261999999995,2021-04-15 17:45:00+00:00,2021-04-15 17:40:00+00:00,True,CLEAN_CAUSAL_LEAVE,2021-04-15 17:45:00+00:00,2021-04-15 17:50:00+00:00,,2021-04-15 19:25:00+00:00,OPPOSITE_HIGH_BREAK,False,
external,BULL,04-08,2021-04-16 04:00:00+00:00,2021-04-16 08:00:00+00:00,63600.0,62800.88,799.1200000000026,62920.748,2021-04-16 04:05:00+00:00,2021-04-16 04:00:00+00:00,False,LOW_BREAK_BEFORE_LEAVE,2021-04-16 04:05:00+00:00,,,2021-04-16 04:05:00+00:00,L2_BREAK,False,
external,SIDEWAYS,00-04,2021-04-17 00:00:00+00:00,2021-04-17 04:00:00+00:00,62145.04,61410.86,734.1800000000003,61520.987,2021-04-17 00:05:00+00:00,2021-04-17 00:00:00+00:00,True,CLEAN_CAUSAL_LEAVE,2021-04-17 00:05:00+00:00,2021-04-17 00:10:00+00:00,,2021-04-17 00:20:00+00:00,L2_ARRIVAL,False,
external,SIDEWAYS,16-20,2021-04-17 16:00:00+00:00,2021-04-17 20:00:00+00:00,61296.56,60152.13,1144.4300000000003,60323.794499999996,2021-04-17 16:05:00+00:00,2021-04-17 16:00:00+00:00,True,CLEAN_CAUSAL_LEAVE,2021-04-17 16:05:00+00:00,2021-04-17 16:10:00+00:00,2021-04-17 17:45:00+00:00,2021-04-17 17:50:00+00:00,L2_ARRIVAL,True,5.0
external,SIDEWAYS,00-04,2021-04-18 00:00:00+00:00,2021-04-18 04:00:00+00:00,61035.16,60040.0,995.1600000000035,60189.274,2021-04-18 00:05:00+00:00,2021-04-18 00:00:00+00:00,True,CLEAN_CAUSAL_LEAVE,2021-04-18 00:05:00+00:00,2021-04-18 00:10:00+00:00,,2021-04-18 00:20:00+00:00,L2_ARRIVAL,False,
external,SIDEWAYS,04-08,2021-04-20 04:00:00+00:00,2021-04-20 08:00:00+00:00,55798.52,53612.68,2185.8399999999965,53940.556,2021-04-20 07:00:00+00:00,2021-04-20 06:55:00+00:00,True,CLEAN_CAUSAL_LEAVE,2021-04-20 07:00:00+00:00,2021-04-20 07:05:00+00:00,,2021-04-20 07:05:00+00:00,L2_ARRIVAL,False,
external,SIDEWAYS,04-08,2021-04-21 04:00:00+00:00,2021-04-21 08:00:00+00:00,56756.78,55159.01,1597.7699999999968,55398.675500000005,2021-04-21 04:05:00+00:00,2021-04-21 04:00:00+00:00,False,LOW_BREAK_BEFORE_LEAVE,2021-04-21 04:10:00+00:00,,,2021-04-21 04:10:00+00:00,L2_BREAK,False,
external,SIDEWAYS,08-12,2021-04-21 08:00:00+00:00,2021-04-21 12:00:00+00:00,55818.88,54948.28,870.5999999999985,55078.869999999995,2021-04-21 08:10:00+00:00,2021-04-21 08:05:00+00:00,True,CLEAN_CAUSAL_LEAVE,2021-04-21 08:10:00+00:00,2021-04-21 08:15:00+00:00,2021-04-21 08:15:00+00:00,2021-04-21 10:45:00+00:00,L2_ARRIVAL,True,150.0
external,SIDEWAYS,00-04,2021-04-22 00:00:00+00:00,2021-04-22 04:00:00+00:00,55465.14,53610.0,1855.1399999999994,53888.271,2021-04-22 00:05:00+00:00,2021-04-22 00:00:00+00:00,False,LOW_BREAK_BEFORE_LEAVE,2021-04-22 00:05:00+00:00,,,2021-04-22 00:05:00+00:00,L2_BREAK,False,
external,BEAR,20-00,2021-04-22 20:00:00+00:00,2021-04-23 00:00:00+00:00,55191.43,52228.0,2963.4300000000003,52672.5145,2021-04-22 20:30:00+00:00,2021-04-22 20:25:00+00:00,False,LOW_BREAK_BEFORE_LEAVE,2021-04-22 20:30:00+00:00,,,2021-04-22 20:30:00+00:00,L2_BREAK,False,
external,BEAR,04-08,2021-04-23 04:00:00+00:00,2021-04-23 08:00:00+00:00,52152.0,48545.18,3606.8199999999997,49086.203,2021-04-23 05:20:00+00:00,2021-04-23 05:15:00+00:00,True,CLEAN_CAUSAL_LEAVE,2021-04-23 05:20:00+00:00,2021-04-23 05:25:00+00:00,2021-04-23 05:25:00+00:00,2021-04-23 07:30:00+00:00,L2_ARRIVAL,True,125.0
external,BEAR,08-12,2021-04-23 08:00:00+00:00,2021-04-23 12:00:00+00:00,50617.98,47705.18,2912.800000000003,48142.1,2021-04-23 08:15:00+00:00,2021-04-23 08:10:00+00:00,True,CLEAN_CAUSAL_LEAVE,2021-04-23 08:15:00+00:00,2021-04-23 08:20:00+00:00,2021-04-23 08:20:00+00:00,2021-04-23 12:00:00+00:00,BLOCK_END,False,
external,BEAR,00-04,2021-04-25 00:00:00+00:00,2021-04-25 04:00:00+00:00,51046.89,49948.05,1098.8399999999965,50112.876000000004,2021-04-25 00:05:00+00:00,2021-04-25 00:00:00+00:00,True,CLEAN_CAUSAL_LEAVE,2021-04-25 00:05:00+00:00,2021-04-25 00:10:00+00:00,2021-04-25 00:10:00+00:00,2021-04-25 00:30:00+00:00,L2_ARRIVAL,True,20.0
external,BEAR,04-08,2021-04-25 04:00:00+00:00,2021-04-25 08:00:00+00:00,50483.2,49629.33,853.8699999999953,49757.4105,2021-04-25 04:20:00+00:00,2021-04-25 04:15:00+00:00,True,CLEAN_CAUSAL_LEAVE,2021-04-25 04:20:00+00:00,2021-04-25 04:25:00+00:00,2021-04-25 04:25:00+00:00,2021-04-25 04:35:00+00:00,L2_ARRIVAL,True,10.0
external,BEAR,20-00,2021-04-25 20:00:00+00:00,2021-04-26 00:00:00+00:00,50448.0,49309.0,1139.0,49479.85,2021-04-25 20:05:00+00:00,2021-04-25 20:00:00+00:00,True,CLEAN_CAUSAL_LEAVE,2021-04-25 20:05:00+00:00,2021-04-25 20:10:00+00:00,2021-04-25 20:10:00+00:00,2021-04-25 20:45:00+00:00,L2_ARRIVAL,True,35.0
external,BULL,16-20,2021-04-26 16:00:00+00:00,2021-04-26 20:00:00+00:00,53952.0,53226.36,725.6399999999994,53335.206,2021-04-26 16:15:00+00:00,2021-04-26 16:10:00+00:00,False,LOW_BREAK_BEFORE_LEAVE,2021-04-26 16:20:00+00:00,,,2021-04-26 16:20:00+00:00,L2_BREAK,False,
external,BULL,04-08,2021-04-27 04:00:00+00:00,2021-04-27 08:00:00+00:00,54163.26,53290.16,873.0999999999985,53421.125,2021-04-27 04:20:00+00:00,2021-04-27 04:15:00+00:00,True,CLEAN_CAUSAL_LEAVE,2021-04-27 04:20:00+00:00,2021-04-27 04:25:00+00:00,2021-04-27 04:25:00+00:00,2021-04-27 06:05:00+00:00,OPPOSITE_HIGH_BREAK,False,
external,BULL,16-20,2021-04-27 16:00:00+00:00,2021-04-27 20:00:00+00:00,55337.77,54365.99,971.7799999999988,54511.757,2021-04-27 17:15:00+00:00,2021-04-27 17:10:00+00:00,True,CLEAN_CAUSAL_LEAVE,2021-04-27 17:15:00+00:00,2021-04-27 17:20:00+00:00,,2021-04-27 20:00:00+00:00,BLOCK_END,False,
external,BULL,04-08,2021-04-28 04:00:00+00:00,2021-04-28 08:00:00+00:00,55733.0,54780.8,952.1999999999971,54923.630000000005,2021-04-28 04:05:00+00:00,2021-04-28 04:00:00+00:00,True,CLEAN_CAUSAL_LEAVE,2021-04-28 04:05:00+00:00,2021-04-28 04:10:00+00:00,2021-04-28 04:10:00+00:00,2021-04-28 04:45:00+00:00,L2_ARRIVAL,True,35.0
external,BULL,04-08,2021-04-29 04:00:00+00:00,2021-04-29 08:00:00+00:00,55222.02,54081.0,1141.0199999999968,54252.153,2021-04-29 04:10:00+00:00,2021-04-29 04:05:00+00:00,True,CLEAN_CAUSAL_LEAVE,2021-04-29 04:10:00+00:00,2021-04-29 04:15:00+00:00,,2021-04-29 04:15:00+00:00,L2_ARRIVAL,False,
external,BULL,08-12,2021-05-01 08:00:00+00:00,2021-05-01 12:00:00+00:00,58461.81,57616.95,844.8600000000006,57743.679,2021-05-01 08:40:00+00:00,2021-05-01 08:35:00+00:00,False,LOW_BREAK_BEFORE_LEAVE,2021-05-01 08:40:00+00:00,,,2021-05-01 08:40:00+00:00,L2_BREAK,False,
external,BULL,04-08,2021-05-02 04:00:00+00:00,2021-05-02 08:00:00+00:00,57959.97,56348.21,1611.760000000002,56589.974,2021-05-02 04:05:00+00:00,2021-05-02 04:00:00+00:00,True,CLEAN_CAUSAL_LEAVE,2021-05-02 04:05:00+00:00,2021-05-02 04:10:00+00:00,2021-05-02 04:10:00+00:00,2021-05-02 08:00:00+00:00,BLOCK_END,False,
external,BULL,08-12,2021-05-02 08:00:00+00:00,2021-05-02 12:00:00+00:00,57189.17,56200.0,989.1699999999983,56348.3755,2021-05-02 09:25:00+00:00,2021-05-02 09:20:00+00:00,True,CLEAN_CAUSAL_LEAVE,2021-05-02 09:25:00+00:00,2021-05-02 09:30:00+00:00,,2021-05-02 09:30:00+00:00,L2_ARRIVAL,False,
external,BULL,16-20,2021-05-02 16:00:00+00:00,2021-05-02 20:00:00+00:00,57355.0,56515.0,840.0,56641.0,2021-05-02 16:10:00+00:00,2021-05-02 16:05:00+00:00,True,CLEAN_CAUSAL_LEAVE,2021-05-02 16:10:00+00:00,2021-05-02 16:15:00+00:00,2021-05-02 16:25:00+00:00,2021-05-02 16:30:00+00:00,L2_ARRIVAL,True,5.0
external,BULL,16-20,2021-05-03 16:00:00+00:00,2021-05-03 20:00:00+00:00,58851.78,57322.94,1528.8399999999965,57552.266,2021-05-03 16:15:00+00:00,2021-05-03 16:10:00+00:00,True,CLEAN_CAUSAL_LEAVE,2021-05-03 16:20:00+00:00,2021-05-03 16:25:00+00:00,2021-05-03 16:25:00+00:00,2021-05-03 20:00:00+00:00,BLOCK_END,False,
external,BULL,00-04,2021-05-04 00:00:00+00:00,2021-05-04 04:00:00+00:00,57650.0,56500.65,1149.3499999999985,56673.0525,2021-05-04 00:35:00+00:00,2021-05-04 00:30:00+00:00,True,CLEAN_CAUSAL_LEAVE,2021-05-04 00:40:00+00:00,2021-05-04 00:45:00+00:00,2021-05-04 00:45:00+00:00,2021-05-04 00:50:00+00:00,L2_ARRIVAL,True,5.0
external,BEAR,12-16,2021-05-04 12:00:00+00:00,2021-05-04 16:00:00+00:00,56670.0,55581.17,1088.8300000000017,55744.4945,2021-05-04 12:20:00+00:00,2021-05-04 12:15:00+00:00,True,CLEAN_CAUSAL_LEAVE,2021-05-04 12:20:00+00:00,2021-05-04 12:25:00+00:00,2021-05-04 12:25:00+00:00,2021-05-04 13:45:00+00:00,L2_ARRIVAL,True,80.0
external,BEAR,16-20,2021-05-04 16:00:00+00:00,2021-05-04 20:00:00+00:00,56399.0,53558.57,2840.4300000000003,53984.6345,2021-05-04 16:05:00+00:00,2021-05-04 16:00:00+00:00,True,CLEAN_CAUSAL_LEAVE,2021-05-04 16:05:00+00:00,2021-05-04 16:10:00+00:00,2021-05-04 16:15:00+00:00,2021-05-04 16:45:00+00:00,L2_ARRIVAL,True,30.0
external,BEAR,00-04,2021-05-05 00:00:00+00:00,2021-05-05 04:00:00+00:00,54879.76,53094.59,1785.1700000000055,53362.3655,2021-05-05 00:05:00+00:00,2021-05-05 00:00:00+00:00,True,CLEAN_CAUSAL_LEAVE,2021-05-05 00:05:00+00:00,2021-05-05 00:10:00+00:00,,2021-05-05 01:10:00+00:00,OPPOSITE_HIGH_BREAK,False,
external,SIDEWAYS,20-00,2021-05-05 20:00:00+00:00,2021-05-06 00:00:00+00:00,57940.0,57122.18,817.8199999999997,57244.853,2021-05-05 20:05:00+00:00,2021-05-05 20:00:00+00:00,False,LOW_BREAK_BEFORE_LEAVE,2021-05-05 20:05:00+00:00,,,2021-05-05 20:05:00+00:00,L2_BREAK,False,
external,BULL,04-08,2021-05-06 04:00:00+00:00,2021-05-06 08:00:00+00:00,57674.98,56624.73,1050.25,56782.2675,2021-05-06 06:50:00+00:00,2021-05-06 06:45:00+00:00,True,CLEAN_CAUSAL_LEAVE,2021-05-06 06:50:00+00:00,2021-05-06 06:55:00+00:00,,2021-05-06 06:55:00+00:00,L2_ARRIVAL,False,
external,BULL,12-16,2021-05-06 12:00:00+00:00,2021-05-06 16:00:00+00:00,58450.0,56848.04,1601.9599999999991,57088.334,2021-05-06 15:55:00+00:00,2021-05-06 15:50:00+00:00,False,LEAVE_AT_BLOCK_END,2021-05-06 15:55:00+00:00,2021-05-06 16:00:00+00:00,,2021-05-06 16:00:00+00:00,BLOCK_END,False,
external,BULL,16-20,2021-05-06 16:00:00+00:00,2021-05-06 20:00:00+00:00,58174.41,56843.0,1331.4100000000035,57042.7115,2021-05-06 16:55:00+00:00,2021-05-06 16:50:00+00:00,False,LOW_BREAK_BEFORE_LEAVE,2021-05-06 16:55:00+00:00,,,2021-05-06 16:55:00+00:00,L2_BREAK,False,
external,BULL,20-00,2021-05-07 20:00:00+00:00,2021-05-08 00:00:00+00:00,58800.0,57168.3,1631.699999999997,57413.055,2021-05-07 21:20:00+00:00,2021-05-07 21:15:00+00:00,True,CLEAN_CAUSAL_LEAVE,2021-05-07 21:20:00+00:00,2021-05-07 21:25:00+00:00,2021-05-07 21:50:00+00:00,2021-05-07 22:20:00+00:00,L2_ARRIVAL,True,30.0
external,BULL,12-16,2021-05-08 12:00:00+00:00,2021-05-08 16:00:00+00:00,59469.53,58332.0,1137.5299999999988,58502.6295,2021-05-08 12:05:00+00:00,2021-05-08 12:00:00+00:00,True,CLEAN_CAUSAL_LEAVE,2021-05-08 12:05:00+00:00,2021-05-08 12:10:00+00:00,2021-05-08 12:10:00+00:00,2021-05-08 15:45:00+00:00,L2_ARRIVAL,True,215.0
external,BULL,00-04,2021-05-09 00:00:00+00:00,2021-05-09 04:00:00+00:00,59590.96,58542.29,1048.6699999999983,58699.5905,2021-05-09 01:05:00+00:00,2021-05-09 01:00:00+00:00,True,CLEAN_CAUSAL_LEAVE,2021-05-09 01:05:00+00:00,2021-05-09 01:10:00+00:00,2021-05-09 01:10:00+00:00,2021-05-09 01:20:00+00:00,L2_ARRIVAL,True,10.0
external,BULL,08-12,2021-05-09 08:00:00+00:00,2021-05-09 12:00:00+00:00,58909.65,57731.37,1178.2799999999988,57908.112,2021-05-09 09:45:00+00:00,2021-05-09 09:40:00+00:00,True,CLEAN_CAUSAL_LEAVE,2021-05-09 09:45:00+00:00,2021-05-09 09:50:00+00:00,2021-05-09 10:00:00+00:00,2021-05-09 10:10:00+00:00,L2_ARRIVAL,True,10.0
external,BULL,12-16,2021-05-09 12:00:00+00:00,2021-05-09 16:00:00+00:00,58437.02,57600.01,837.0099999999948,57725.5615,2021-05-09 12:10:00+00:00,2021-05-09 12:05:00+00:00,False,LOW_BREAK_BEFORE_LEAVE,2021-05-09 12:10:00+00:00,,,2021-05-09 12:10:00+00:00,L2_BREAK,False,
external,BULL,12-16,2021-05-10 12:00:00+00:00,2021-05-10 16:00:00+00:00,58695.57,57446.09,1249.4800000000032,57633.511999999995,2021-05-10 14:05:00+00:00,2021-05-10 14:00:00+00:00,True,CLEAN_CAUSAL_LEAVE,2021-05-10 14:10:00+00:00,2021-05-10 14:15:00+00:00,,2021-05-10 14:15:00+00:00,L2_ARRIVAL,False,
external,BEAR,12-16,2021-05-11 12:00:00+00:00,2021-05-11 16:00:00+00:00,56262.61,55205.0,1057.6100000000006,55363.6415,2021-05-11 12:05:00+00:00,2021-05-11 12:00:00+00:00,False,LOW_BREAK_BEFORE_LEAVE,2021-05-11 12:20:00+00:00,,,2021-05-11 12:20:00+00:00,L2_BREAK,False,
external,SIDEWAYS,08-12,2021-05-12 08:00:00+00:00,2021-05-12 12:00:00+00:00,58049.99,56933.4,1116.5899999999965,57100.8885,2021-05-12 08:10:00+00:00,2021-05-12 08:05:00+00:00,False,LOW_BREAK_BEFORE_LEAVE,2021-05-12 08:10:00+00:00,,,2021-05-12 08:10:00+00:00,L2_BREAK,False,
external,BEAR,16-20,2021-05-12 16:00:00+00:00,2021-05-12 20:00:00+00:00,56912.3,55300.0,1612.300000000003,55541.845,2021-05-12 16:05:00+00:00,2021-05-12 16:00:00+00:00,True,CLEAN_CAUSAL_LEAVE,2021-05-12 16:05:00+00:00,2021-05-12 16:10:00+00:00,,2021-05-12 16:10:00+00:00,L2_ARRIVAL,False,
external,BEAR,04-08,2021-05-15 04:00:00+00:00,2021-05-15 08:00:00+00:00,50709.43,49310.83,1398.5999999999985,49520.62,2021-05-15 05:00:00+00:00,2021-05-15 04:55:00+00:00,False,LOW_BREAK_BEFORE_LEAVE,2021-05-15 05:00:00+00:00,,,2021-05-15 05:00:00+00:00,L2_BREAK,False,
external,BEAR,08-12,2021-05-15 08:00:00+00:00,2021-05-15 12:00:00+00:00,49900.0,48404.0,1496.0,48628.4,2021-05-15 08:05:00+00:00,2021-05-15 08:00:00+00:00,False,LOW_BREAK_BEFORE_LEAVE,2021-05-15 08:05:00+00:00,,,2021-05-15 08:05:00+00:00,L2_BREAK,False,
external,BEAR,00-04,2021-05-16 00:00:00+00:00,2021-05-16 04:00:00+00:00,48800.0,46584.32,2215.6800000000003,46916.672,2021-05-16 00:05:00+00:00,2021-05-16 00:00:00+00:00,True,CLEAN_CAUSAL_LEAVE,2021-05-16 00:05:00+00:00,2021-05-16 00:10:00+00:00,,2021-05-16 04:00:00+00:00,BLOCK_END,False,
external,BEAR,16-20,2021-05-17 16:00:00+00:00,2021-05-17 20:00:00+00:00,45861.41,43207.31,2654.100000000006,43605.424999999996,2021-05-17 16:05:00+00:00,2021-05-17 16:00:00+00:00,True,CLEAN_CAUSAL_LEAVE,2021-05-17 16:05:00+00:00,2021-05-17 16:10:00+00:00,,2021-05-17 16:10:00+00:00,L2_ARRIVAL,False,
external,BEAR,08-12,2021-05-18 08:00:00+00:00,2021-05-18 12:00:00+00:00,45846.61,44785.65,1060.9599999999991,44944.794,2021-05-18 09:05:00+00:00,2021-05-18 09:00:00+00:00,True,CLEAN_CAUSAL_LEAVE,2021-05-18 09:05:00+00:00,2021-05-18 09:10:00+00:00,,2021-05-18 09:10:00+00:00,L2_ARRIVAL,False,
external,BEAR,16-20,2021-05-18 16:00:00+00:00,2021-05-18 20:00:00+00:00,45393.27,42675.0,2718.269999999997,43082.7405,2021-05-18 16:15:00+00:00,2021-05-18 16:10:00+00:00,True,CLEAN_CAUSAL_LEAVE,2021-05-18 16:15:00+00:00,2021-05-18 16:20:00+00:00,2021-05-18 16:20:00+00:00,2021-05-18 18:35:00+00:00,L2_ARRIVAL,True,135.0
external,BEAR,00-04,2021-05-20 00:00:00+00:00,2021-05-20 04:00:00+00:00,40169.08,36603.29,3565.790000000001,37138.1585,2021-05-20 00:35:00+00:00,2021-05-20 00:30:00+00:00,False,LOW_BREAK_BEFORE_LEAVE,2021-05-20 00:35:00+00:00,,,2021-05-20 00:35:00+00:00,L2_BREAK,False,
external,BEAR,04-08,2021-05-21 04:00:00+00:00,2021-05-21 08:00:00+00:00,42270.42,40383.84,1886.5800000000017,40666.827,2021-05-21 04:05:00+00:00,2021-05-21 04:00:00+00:00,True,CLEAN_CAUSAL_LEAVE,2021-05-21 04:05:00+00:00,2021-05-21 04:10:00+00:00,,2021-05-21 04:10:00+00:00,L2_ARRIVAL,False,
external,BEAR,16-20,2021-05-21 16:00:00+00:00,2021-05-21 20:00:00+00:00,41740.26,36380.0,5360.260000000002,37184.039,2021-05-21 16:05:00+00:00,2021-05-21 16:00:00+00:00,False,LOW_BREAK_BEFORE_LEAVE,2021-05-21 16:05:00+00:00,,,2021-05-21 16:05:00+00:00,L2_BREAK,False,
external,BEAR,04-08,2021-05-23 04:00:00+00:00,2021-05-23 08:00:00+00:00,38261.71,36643.77,1617.9400000000023,36886.460999999996,2021-05-23 05:10:00+00:00,2021-05-23 05:05:00+00:00,True,CLEAN_CAUSAL_LEAVE,2021-05-23 05:20:00+00:00,2021-05-23 05:25:00+00:00,2021-05-23 05:25:00+00:00,2021-05-23 06:15:00+00:00,L2_ARRIVAL,True,50.0
external,BEAR,08-12,2021-05-23 08:00:00+00:00,2021-05-23 12:00:00+00:00,37393.05,35501.01,1892.0400000000009,35784.816,2021-05-23 08:10:00+00:00,2021-05-23 08:05:00+00:00,False,LOW_BREAK_BEFORE_LEAVE,2021-05-23 08:10:00+00:00,,,2021-05-23 08:10:00+00:00,L2_BREAK,False,
external,SIDEWAYS,12-16,2021-05-25 12:00:00+00:00,2021-05-25 16:00:00+00:00,39122.77,36510.0,2612.769999999997,36901.9155,2021-05-25 12:05:00+00:00,2021-05-25 12:00:00+00:00,True,CLEAN_CAUSAL_LEAVE,2021-05-25 12:05:00+00:00,2021-05-25 12:10:00+00:00,2021-05-25 12:10:00+00:00,2021-05-25 16:00:00+00:00,BLOCK_END,False,
external,BULL,00-04,2021-05-27 00:00:00+00:00,2021-05-27 04:00:00+00:00,39430.98,38300.15,1130.8300000000017,38469.7745,2021-05-27 01:15:00+00:00,2021-05-27 01:10:00+00:00,False,LOW_BREAK_BEFORE_LEAVE,2021-05-27 01:15:00+00:00,,,2021-05-27 01:15:00+00:00,L2_BREAK,False,
external,BULL,16-20,2021-05-27 16:00:00+00:00,2021-05-27 20:00:00+00:00,40438.82,39261.58,1177.239999999998,39438.166000000005,2021-05-27 16:15:00+00:00,2021-05-27 16:10:00+00:00,True,CLEAN_CAUSAL_LEAVE,2021-05-27 16:15:00+00:00,2021-05-27 16:20:00+00:00,,2021-05-27 16:20:00+00:00,L2_ARRIVAL,False,
external,SIDEWAYS,04-08,2021-05-28 04:00:00+00:00,2021-05-28 08:00:00+00:00,38888.35,37700.0,1188.3499999999985,37878.2525,2021-05-28 04:20:00+00:00,2021-05-28 04:15:00+00:00,False,LOW_BREAK_BEFORE_LEAVE,2021-05-28 04:20:00+00:00,,,2021-05-28 04:20:00+00:00,L2_BREAK,False,
external,BEAR,04-08,2021-05-29 04:00:00+00:00,2021-05-29 08:00:00+00:00,36817.0,35623.29,1193.7099999999991,35802.3465,2021-05-29 05:00:00+00:00,2021-05-29 04:55:00+00:00,True,CLEAN_CAUSAL_LEAVE,2021-05-29 05:00:00+00:00,2021-05-29 05:05:00+00:00,,2021-05-29 05:15:00+00:00,OPPOSITE_HIGH_BREAK,False,
external,BEAR,00-04,2021-05-30 00:00:00+00:00,2021-05-30 04:00:00+00:00,35105.74,33800.0,1305.739999999998,33995.861,2021-05-30 00:35:00+00:00,2021-05-30 00:30:00+00:00,False,LOW_BREAK_BEFORE_LEAVE,2021-05-30 00:35:00+00:00,,,2021-05-30 00:35:00+00:00,L2_BREAK,False,
external,BEAR,00-04,2021-05-31 00:00:00+00:00,2021-05-31 04:00:00+00:00,36350.0,35511.0,839.0,35636.85,2021-05-31 00:05:00+00:00,2021-05-31 00:00:00+00:00,True,CLEAN_CAUSAL_LEAVE,2021-05-31 00:05:00+00:00,2021-05-31 00:10:00+00:00,,2021-05-31 00:15:00+00:00,L2_ARRIVAL,False,
external,BEAR,04-08,2021-05-31 04:00:00+00:00,2021-05-31 08:00:00+00:00,36022.3,34253.08,1769.2200000000012,34518.463,2021-05-31 04:20:00+00:00,2021-05-31 04:15:00+00:00,False,LOW_BREAK_BEFORE_LEAVE,2021-05-31 04:25:00+00:00,,,2021-05-31 04:25:00+00:00,L2_BREAK,False,
external,BULL,20-00,2021-06-02 20:00:00+00:00,2021-06-03 00:00:00+00:00,38196.35,37745.92,450.4300000000003,37813.4845,2021-06-02 20:15:00+00:00,2021-06-02 20:10:00+00:00,False,LOW_BREAK_BEFORE_LEAVE,2021-06-02 20:15:00+00:00,,,2021-06-02 20:15:00+00:00,L2_BREAK,False,
external,BULL,00-04,2021-06-03 00:00:00+00:00,2021-06-03 04:00:00+00:00,37932.22,37319.79,612.4300000000003,37411.654500000004,2021-06-03 00:50:00+00:00,2021-06-03 00:45:00+00:00,True,CLEAN_CAUSAL_LEAVE,2021-06-03 00:50:00+00:00,2021-06-03 00:55:00+00:00,2021-06-03 00:55:00+00:00,2021-06-03 01:50:00+00:00,L2_ARRIVAL,True,55.0
external,SIDEWAYS,08-12,2021-06-04 08:00:00+00:00,2021-06-04 12:00:00+00:00,37951.19,36324.01,1627.1800000000003,36568.087,2021-06-04 08:05:00+00:00,2021-06-04 08:00:00+00:00,True,CLEAN_CAUSAL_LEAVE,2021-06-04 08:05:00+00:00,2021-06-04 08:10:00+00:00,2021-06-04 08:15:00+00:00,2021-06-04 12:00:00+00:00,BLOCK_END,False,
external,BEAR,12-16,2021-06-05 12:00:00+00:00,2021-06-05 16:00:00+00:00,37850.0,35392.85,2457.1500000000015,35761.4225,2021-06-05 12:10:00+00:00,2021-06-05 12:05:00+00:00,True,CLEAN_CAUSAL_LEAVE,2021-06-05 12:10:00+00:00,2021-06-05 12:15:00+00:00,2021-06-05 12:20:00+00:00,2021-06-05 16:00:00+00:00,BLOCK_END,False,
external,BEAR,20-00,2021-06-06 20:00:00+00:00,2021-06-07 00:00:00+00:00,36328.99,35700.0,628.989999999998,35794.3485,2021-06-06 20:05:00+00:00,2021-06-06 20:00:00+00:00,False,LOW_BREAK_BEFORE_LEAVE,2021-06-06 20:05:00+00:00,,,2021-06-06 20:05:00+00:00,L2_BREAK,False,
external,BEAR,16-20,2021-06-07 16:00:00+00:00,2021-06-07 20:00:00+00:00,36799.0,35859.72,939.2799999999988,36000.612,2021-06-07 16:25:00+00:00,2021-06-07 16:20:00+00:00,False,LOW_BREAK_BEFORE_LEAVE,2021-06-07 16:25:00+00:00,,,2021-06-07 16:25:00+00:00,L2_BREAK,False,
external,BEAR,04-08,2021-06-08 04:00:00+00:00,2021-06-08 08:00:00+00:00,34061.57,32300.0,1761.5699999999997,32564.2355,2021-06-08 07:10:00+00:00,2021-06-08 07:05:00+00:00,True,CLEAN_CAUSAL_LEAVE,2021-06-08 07:10:00+00:00,2021-06-08 07:15:00+00:00,,2021-06-08 08:00:00+00:00,BLOCK_END,False,
external,BULL,12-16,2021-06-11 12:00:00+00:00,2021-06-11 16:00:00+00:00,37679.54,36890.58,788.9599999999991,37008.924,2021-06-11 15:05:00+00:00,2021-06-11 15:00:00+00:00,True,CLEAN_CAUSAL_LEAVE,2021-06-11 15:10:00+00:00,2021-06-11 15:15:00+00:00,,2021-06-11 15:15:00+00:00,L2_ARRIVAL,False,
external,BULL,16-20,2021-06-11 16:00:00+00:00,2021-06-11 20:00:00+00:00,37592.52,36728.25,864.2699999999968,36857.8905,2021-06-11 16:05:00+00:00,2021-06-11 16:00:00+00:00,True,CLEAN_CAUSAL_LEAVE,2021-06-11 16:05:00+00:00,2021-06-11 16:10:00+00:00,2021-06-11 16:15:00+00:00,2021-06-11 16:20:00+00:00,L2_ARRIVAL,True,5.0
external,BEAR,16-20,2021-06-12 16:00:00+00:00,2021-06-12 20:00:00+00:00,36200.0,35300.0,900.0,35435.0,2021-06-12 16:05:00+00:00,2021-06-12 16:00:00+00:00,True,CLEAN_CAUSAL_LEAVE,2021-06-12 16:05:00+00:00,2021-06-12 16:10:00+00:00,2021-06-12 16:10:00+00:00,2021-06-12 20:00:00+00:00,BLOCK_END,False,
external,BEAR,00-04,2021-06-13 00:00:00+00:00,2021-06-13 04:00:00+00:00,36125.3,35400.0,725.3000000000029,35508.795,2021-06-13 00:05:00+00:00,2021-06-13 00:00:00+00:00,True,CLEAN_CAUSAL_LEAVE,2021-06-13 00:05:00+00:00,2021-06-13 00:10:00+00:00,2021-06-13 00:15:00+00:00,2021-06-13 00:20:00+00:00,L2_ARRIVAL,True,5.0
external,BEAR,04-08,2021-06-13 04:00:00+00:00,2021-06-13 08:00:00+00:00,35900.0,34768.0,1132.0,34937.8,2021-06-13 04:05:00+00:00,2021-06-13 04:00:00+00:00,True,CLEAN_CAUSAL_LEAVE,2021-06-13 04:05:00+00:00,2021-06-13 04:10:00+00:00,2021-06-13 04:10:00+00:00,2021-06-13 08:00:00+00:00,BLOCK_END,False,
external,BULL,08-12,2021-06-16 08:00:00+00:00,2021-06-16 12:00:00+00:00,40495.0,39840.0,655.0,39938.25,2021-06-16 10:05:00+00:00,2021-06-16 10:00:00+00:00,True,CLEAN_CAUSAL_LEAVE,2021-06-16 10:05:00+00:00,2021-06-16 10:10:00+00:00,2021-06-16 10:15:00+00:00,2021-06-16 10:30:00+00:00,L2_ARRIVAL,True,15.0
external,SIDEWAYS,12-16,2021-06-16 12:00:00+00:00,2021-06-16 16:00:00+00:00,40259.22,38880.0,1379.2200000000012,39086.883,2021-06-16 12:20:00+00:00,2021-06-16 12:15:00+00:00,True,CLEAN_CAUSAL_LEAVE,2021-06-16 12:20:00+00:00,2021-06-16 12:25:00+00:00,,2021-06-16 12:30:00+00:00,L2_ARRIVAL,False,
external,SIDEWAYS,20-00,2021-06-16 20:00:00+00:00,2021-06-17 00:00:00+00:00,39700.0,38270.0,1430.0,38484.5,2021-06-16 23:20:00+00:00,2021-06-16 23:15:00+00:00,False,LOW_BREAK_BEFORE_LEAVE,2021-06-16 23:20:00+00:00,,,2021-06-16 23:20:00+00:00,L2_BREAK,False,
external,BULL,16-20,2021-06-17 16:00:00+00:00,2021-06-17 20:00:00+00:00,39200.0,38334.0,866.0,38463.9,2021-06-17 16:50:00+00:00,2021-06-17 16:45:00+00:00,True,CLEAN_CAUSAL_LEAVE,2021-06-17 17:05:00+00:00,2021-06-17 17:10:00+00:00,,2021-06-17 17:10:00+00:00,L2_ARRIVAL,False,
external,BEAR,20-00,2021-06-17 20:00:00+00:00,2021-06-18 00:00:00+00:00,39108.61,37504.91,1603.699999999997,37745.465000000004,2021-06-17 20:05:00+00:00,2021-06-17 20:00:00+00:00,True,CLEAN_CAUSAL_LEAVE,2021-06-17 20:10:00+00:00,2021-06-17 20:15:00+00:00,2021-06-17 20:15:00+00:00,2021-06-18 00:00:00+00:00,BLOCK_END,False,
external,BEAR,08-12,2021-06-18 08:00:00+00:00,2021-06-18 12:00:00+00:00,38128.41,37364.0,764.4100000000035,37478.6615,2021-06-18 10:05:00+00:00,2021-06-18 10:00:00+00:00,False,LOW_BREAK_BEFORE_LEAVE,2021-06-18 10:05:00+00:00,,,2021-06-18 10:05:00+00:00,L2_BREAK,False,
external,BEAR,12-16,2021-06-18 12:00:00+00:00,2021-06-18 16:00:00+00:00,38000.0,37052.33,947.6699999999983,37194.480500000005,2021-06-18 13:20:00+00:00,2021-06-18 13:15:00+00:00,True,CLEAN_CAUSAL_LEAVE,2021-06-18 13:20:00+00:00,2021-06-18 13:25:00+00:00,,2021-06-18 13:25:00+00:00,L2_ARRIVAL,False,
external,BEAR,16-20,2021-06-18 16:00:00+00:00,2021-06-18 20:00:00+00:00,37940.0,36300.0,1640.0,36546.0,2021-06-18 16:05:00+00:00,2021-06-18 16:00:00+00:00,True,CLEAN_CAUSAL_LEAVE,2021-06-18 16:10:00+00:00,2021-06-18 16:15:00+00:00,2021-06-18 16:25:00+00:00,2021-06-18 17:35:00+00:00,L2_ARRIVAL,True,70.0
external,BEAR,16-20,2021-06-19 16:00:00+00:00,2021-06-19 20:00:00+00:00,36471.8,35525.15,946.6500000000015,35667.1475,2021-06-19 18:05:00+00:00,2021-06-19 18:00:00+00:00,True,CLEAN_CAUSAL_LEAVE,2021-06-19 18:05:00+00:00,2021-06-19 18:10:00+00:00,2021-06-19 18:10:00+00:00,2021-06-19 18:15:00+00:00,L2_ARRIVAL,True,5.0
external,BEAR,00-04,2021-06-20 00:00:00+00:00,2021-06-20 04:00:00+00:00,36182.3,35380.0,802.3000000000029,35500.345,2021-06-20 00:05:00+00:00,2021-06-20 00:00:00+00:00,False,LOW_BREAK_BEFORE_LEAVE,2021-06-20 00:05:00+00:00,,,2021-06-20 00:05:00+00:00,L2_BREAK,False,
external,BEAR,00-04,2021-06-21 00:00:00+00:00,2021-06-21 04:00:00+00:00,36155.0,35350.0,805.0,35470.75,2021-06-21 00:10:00+00:00,2021-06-21 00:05:00+00:00,True,CLEAN_CAUSAL_LEAVE,2021-06-21 00:10:00+00:00,2021-06-21 00:15:00+00:00,,2021-06-21 00:15:00+00:00,L2_ARRIVAL,False,
external,BEAR,00-04,2021-06-22 00:00:00+00:00,2021-06-22 04:00:00+00:00,32796.79,31250.51,1546.2800000000025,31482.451999999997,2021-06-22 00:20:00+00:00,2021-06-22 00:15:00+00:00,False,LOW_BREAK_BEFORE_LEAVE,2021-06-22 00:20:00+00:00,,,2021-06-22 00:20:00+00:00,L2_BREAK,False,
external,BEAR,04-08,2021-06-24 04:00:00+00:00,2021-06-24 08:00:00+00:00,33851.4,32330.0,1521.4000000000015,32558.21,2021-06-24 04:35:00+00:00,2021-06-24 04:30:00+00:00,True,CLEAN_CAUSAL_LEAVE,2021-06-24 04:35:00+00:00,2021-06-24 04:40:00+00:00,2021-06-24 04:45:00+00:00,2021-06-24 08:00:00+00:00,BLOCK_END,False,
external,BULL,08-12,2021-06-25 08:00:00+00:00,2021-06-25 12:00:00+00:00,35085.88,33933.0,1152.8799999999974,34105.932,2021-06-25 08:20:00+00:00,2021-06-25 08:15:00+00:00,True,CLEAN_CAUSAL_LEAVE,2021-06-25 08:20:00+00:00,2021-06-25 08:25:00+00:00,2021-06-25 08:25:00+00:00,2021-06-25 09:45:00+00:00,L2_ARRIVAL,True,80.0
external,BULL,12-16,2021-06-28 12:00:00+00:00,2021-06-28 16:00:00+00:00,35136.14,33920.0,1216.1399999999994,34102.421,2021-06-28 12:05:00+00:00,2021-06-28 12:00:00+00:00,True,CLEAN_CAUSAL_LEAVE,2021-06-28 12:05:00+00:00,2021-06-28 12:10:00+00:00,2021-06-28 12:30:00+00:00,2021-06-28 16:00:00+00:00,BLOCK_END,False,
external,BULL,00-04,2021-06-30 00:00:00+00:00,2021-06-30 04:00:00+00:00,36478.76,35733.3,745.4599999999991,35845.119000000006,2021-06-30 00:10:00+00:00,2021-06-30 00:05:00+00:00,False,LOW_BREAK_BEFORE_LEAVE,2021-06-30 00:10:00+00:00,,,2021-06-30 00:10:00+00:00,L2_BREAK,False,
external,BULL,04-08,2021-06-30 04:00:00+00:00,2021-06-30 08:00:00+00:00,36089.96,34936.42,1153.5400000000009,35109.451,2021-06-30 04:40:00+00:00,2021-06-30 04:35:00+00:00,False,LOW_BREAK_BEFORE_LEAVE,2021-06-30 04:40:00+00:00,,,2021-06-30 04:40:00+00:00,L2_BREAK,False,
external,SIDEWAYS,16-20,2021-06-30 16:00:00+00:00,2021-06-30 20:00:00+00:00,35002.3,34060.0,942.3000000000029,34201.345,2021-06-30 16:10:00+00:00,2021-06-30 16:05:00+00:00,True,CLEAN_CAUSAL_LEAVE,2021-06-30 16:10:00+00:00,2021-06-30 16:15:00+00:00,2021-06-30 16:15:00+00:00,2021-06-30 20:00:00+00:00,BLOCK_END,False,
external,BEAR,08-12,2021-07-01 08:00:00+00:00,2021-07-01 12:00:00+00:00,34449.0,33264.8,1184.199999999997,33442.43,2021-07-01 08:05:00+00:00,2021-07-01 08:00:00+00:00,True,CLEAN_CAUSAL_LEAVE,2021-07-01 08:05:00+00:00,2021-07-01 08:10:00+00:00,2021-07-01 08:10:00+00:00,2021-07-01 09:20:00+00:00,L2_ARRIVAL,True,70.0
external,BEAR,04-08,2021-07-02 04:00:00+00:00,2021-07-02 08:00:00+00:00,33960.0,32750.0,1210.0,32931.5,2021-07-02 05:50:00+00:00,2021-07-02 05:45:00+00:00,True,CLEAN_CAUSAL_LEAVE,2021-07-02 05:50:00+00:00,2021-07-02 05:55:00+00:00,2021-07-02 06:00:00+00:00,2021-07-02 06:15:00+00:00,L2_ARRIVAL,True,15.0
external,BEAR,12-16,2021-07-05 12:00:00+00:00,2021-07-05 16:00:00+00:00,34538.0,33290.0,1248.0,33477.2,2021-07-05 12:05:00+00:00,2021-07-05 12:00:00+00:00,True,CLEAN_CAUSAL_LEAVE,2021-07-05 12:05:00+00:00,2021-07-05 12:10:00+00:00,2021-07-05 12:10:00+00:00,2021-07-05 16:00:00+00:00,BLOCK_END,False,
external,BEAR,00-04,2021-07-06 00:00:00+00:00,2021-07-06 04:00:00+00:00,34199.0,33650.57,548.4300000000003,33732.8345,2021-07-06 00:05:00+00:00,2021-07-06 00:00:00+00:00,True,CLEAN_CAUSAL_LEAVE,2021-07-06 00:05:00+00:00,2021-07-06 00:10:00+00:00,2021-07-06 02:00:00+00:00,2021-07-06 04:00:00+00:00,BLOCK_END,False,
external,BEAR,16-20,2021-07-06 16:00:00+00:00,2021-07-06 20:00:00+00:00,34501.3,33760.0,741.3000000000029,33871.195,2021-07-06 16:45:00+00:00,2021-07-06 16:40:00+00:00,True,CLEAN_CAUSAL_LEAVE,2021-07-06 16:45:00+00:00,2021-07-06 16:50:00+00:00,2021-07-06 16:50:00+00:00,2021-07-06 17:10:00+00:00,L2_ARRIVAL,True,20.0
external,BULL,16-20,2021-07-07 16:00:00+00:00,2021-07-07 20:00:00+00:00,35089.56,34462.88,626.6800000000003,34556.882,2021-07-07 16:15:00+00:00,2021-07-07 16:10:00+00:00,True,CLEAN_CAUSAL_LEAVE,2021-07-07 16:15:00+00:00,2021-07-07 16:20:00+00:00,2021-07-07 16:20:00+00:00,2021-07-07 17:30:00+00:00,L2_ARRIVAL,True,70.0
external,SIDEWAYS,00-04,2021-07-08 00:00:00+00:00,2021-07-08 04:00:00+00:00,34610.56,33756.48,854.0799999999945,33884.592000000004,2021-07-08 00:05:00+00:00,2021-07-08 00:00:00+00:00,False,LOW_BREAK_BEFORE_LEAVE,2021-07-08 00:10:00+00:00,,,2021-07-08 00:10:00+00:00,L2_BREAK,False,
external,BEAR,08-12,2021-07-08 08:00:00+00:00,2021-07-08 12:00:00+00:00,33483.81,32216.0,1267.8099999999977,32406.1715,2021-07-08 08:15:00+00:00,2021-07-08 08:10:00+00:00,True,CLEAN_CAUSAL_LEAVE,2021-07-08 08:15:00+00:00,2021-07-08 08:20:00+00:00,2021-07-08 08:25:00+00:00,2021-07-08 11:00:00+00:00,L2_ARRIVAL,True,155.0
external,BULL,20-00,2021-07-11 20:00:00+00:00,2021-07-12 00:00:00+00:00,34105.0,33754.77,350.2300000000032,33807.3045,2021-07-11 21:10:00+00:00,2021-07-11 21:05:00+00:00,True,CLEAN_CAUSAL_LEAVE,2021-07-11 21:10:00+00:00,2021-07-11 21:15:00+00:00,,2021-07-11 21:20:00+00:00,OPPOSITE_HIGH_BREAK,False,
external,SIDEWAYS,12-16,2021-07-12 12:00:00+00:00,2021-07-12 16:00:00+00:00,34450.0,33517.61,932.3899999999994,33657.4685,2021-07-12 12:05:00+00:00,2021-07-12 12:00:00+00:00,True,CLEAN_CAUSAL_LEAVE,2021-07-12 12:05:00+00:00,2021-07-12 12:10:00+00:00,,2021-07-12 12:25:00+00:00,L2_ARRIVAL,False,
external,SIDEWAYS,16-20,2021-07-12 16:00:00+00:00,2021-07-12 20:00:00+00:00,33629.99,33301.0,328.98999999999796,33350.3485,2021-07-12 16:05:00+00:00,2021-07-12 16:00:00+00:00,True,CLEAN_CAUSAL_LEAVE,2021-07-12 16:05:00+00:00,2021-07-12 16:10:00+00:00,,2021-07-12 16:10:00+00:00,L2_ARRIVAL,False,
external,BEAR,04-08,2021-07-13 04:00:00+00:00,2021-07-13 08:00:00+00:00,33224.03,32822.07,401.9599999999991,32882.364,2021-07-13 05:20:00+00:00,2021-07-13 05:15:00+00:00,True,CLEAN_CAUSAL_LEAVE,2021-07-13 05:20:00+00:00,2021-07-13 05:25:00+00:00,,2021-07-13 05:25:00+00:00,L2_ARRIVAL,False,
external,BEAR,12-16,2021-07-13 12:00:00+00:00,2021-07-13 16:00:00+00:00,33329.84,32907.51,422.32999999999447,32970.8595,2021-07-13 12:05:00+00:00,2021-07-13 12:00:00+00:00,True,CLEAN_CAUSAL_LEAVE,2021-07-13 12:05:00+00:00,2021-07-13 12:10:00+00:00,2021-07-13 12:10:00+00:00,2021-07-13 12:15:00+00:00,L2_ARRIVAL,True,5.0
external,BEAR,16-20,2021-07-13 16:00:00+00:00,2021-07-13 20:00:00+00:00,33044.39,32259.0,785.3899999999994,32376.8085,2021-07-13 19:30:00+00:00,2021-07-13 19:25:00+00:00,True,CLEAN_CAUSAL_LEAVE,2021-07-13 19:30:00+00:00,2021-07-13 19:35:00+00:00,,2021-07-13 19:35:00+00:00,L2_ARRIVAL,False,
external,BEAR,20-00,2021-07-13 20:00:00+00:00,2021-07-14 00:00:00+00:00,32957.44,32228.0,729.4400000000023,32337.416,2021-07-13 20:05:00+00:00,2021-07-13 20:00:00+00:00,True,CLEAN_CAUSAL_LEAVE,2021-07-13 20:05:00+00:00,2021-07-13 20:10:00+00:00,,2021-07-14 00:00:00+00:00,BLOCK_END,False,
external,BEAR,00-04,2021-07-15 00:00:00+00:00,2021-07-15 04:00:00+00:00,33046.23,32666.66,379.57000000000335,32723.5955,2021-07-15 00:20:00+00:00,2021-07-15 00:15:00+00:00,True,CLEAN_CAUSAL_LEAVE,2021-07-15 00:20:00+00:00,2021-07-15 00:25:00+00:00,,2021-07-15 01:00:00+00:00,OPPOSITE_HIGH_BREAK,False,
external,BEAR,08-12,2021-07-15 08:00:00+00:00,2021-07-15 12:00:00+00:00,32675.06,32350.89,324.1700000000019,32399.5155,2021-07-15 08:30:00+00:00,2021-07-15 08:25:00+00:00,False,LOW_BREAK_BEFORE_LEAVE,2021-07-15 08:30:00+00:00,,,2021-07-15 08:30:00+00:00,L2_BREAK,False,
external,BEAR,12-16,2021-07-15 12:00:00+00:00,2021-07-15 16:00:00+00:00,32620.0,31763.14,856.8600000000006,31891.668999999998,2021-07-15 12:05:00+00:00,2021-07-15 12:00:00+00:00,True,CLEAN_CAUSAL_LEAVE,2021-07-15 12:05:00+00:00,2021-07-15 12:10:00+00:00,,2021-07-15 12:10:00+00:00,L2_ARRIVAL,False,
external,BEAR,04-08,2021-07-16 04:00:00+00:00,2021-07-16 08:00:00+00:00,32042.81,31550.0,492.8100000000013,31623.9215,2021-07-16 06:40:00+00:00,2021-07-16 06:35:00+00:00,True,CLEAN_CAUSAL_LEAVE,2021-07-16 06:40:00+00:00,2021-07-16 06:45:00+00:00,,2021-07-16 06:45:00+00:00,L2_ARRIVAL,False,
external,BEAR,20-00,2021-07-16 20:00:00+00:00,2021-07-17 00:00:00+00:00,32245.0,31780.0,465.0,31849.75,2021-07-16 21:05:00+00:00,2021-07-16 21:00:00+00:00,True,CLEAN_CAUSAL_LEAVE,2021-07-16 21:05:00+00:00,2021-07-16 21:10:00+00:00,,2021-07-16 21:10:00+00:00,L2_ARRIVAL,False,
external,BEAR,00-04,2021-07-17 00:00:00+00:00,2021-07-17 04:00:00+00:00,31976.11,31325.0,651.1100000000006,31422.6665,2021-07-17 00:05:00+00:00,2021-07-17 00:00:00+00:00,True,CLEAN_CAUSAL_LEAVE,2021-07-17 00:05:00+00:00,2021-07-17 00:10:00+00:00,,2021-07-17 00:10:00+00:00,L2_ARRIVAL,False,
external,BEAR,20-00,2021-07-17 20:00:00+00:00,2021-07-18 00:00:00+00:00,31909.98,31522.16,387.8199999999997,31580.333,2021-07-17 23:10:00+00:00,2021-07-17 23:05:00+00:00,False,LOW_BREAK_BEFORE_LEAVE,2021-07-17 23:20:00+00:00,,,2021-07-17 23:20:00+00:00,L2_BREAK,False,
external,BEAR,00-04,2021-07-18 00:00:00+00:00,2021-07-18 04:00:00+00:00,31876.07,31465.0,411.0699999999997,31526.660499999998,2021-07-18 00:05:00+00:00,2021-07-18 00:00:00+00:00,True,CLEAN_CAUSAL_LEAVE,2021-07-18 00:05:00+00:00,2021-07-18 00:10:00+00:00,2021-07-18 00:10:00+00:00,2021-07-18 00:50:00+00:00,OPPOSITE_HIGH_BREAK,False,
external,BEAR,08-12,2021-07-18 08:00:00+00:00,2021-07-18 12:00:00+00:00,32182.84,31666.0,516.8400000000001,31743.526,2021-07-18 08:05:00+00:00,2021-07-18 08:00:00+00:00,True,CLEAN_CAUSAL_LEAVE,2021-07-18 08:05:00+00:00,2021-07-18 08:10:00+00:00,2021-07-18 08:10:00+00:00,2021-07-18 10:00:00+00:00,L2_ARRIVAL,True,110.0
external,BEAR,08-12,2021-07-19 08:00:00+00:00,2021-07-19 12:00:00+00:00,31890.0,31507.75,382.25,31565.0875,2021-07-19 08:50:00+00:00,2021-07-19 08:45:00+00:00,False,LOW_BREAK_BEFORE_LEAVE,2021-07-19 08:55:00+00:00,,,2021-07-19 08:55:00+00:00,L2_BREAK,False,
external,BEAR,12-16,2021-07-20 12:00:00+00:00,2021-07-20 16:00:00+00:00,29868.2,29250.0,618.2000000000007,29342.73,2021-07-20 14:20:00+00:00,2021-07-20 14:15:00+00:00,True,CLEAN_CAUSAL_LEAVE,2021-07-20 14:20:00+00:00,2021-07-20 14:25:00+00:00,,2021-07-20 15:25:00+00:00,OPPOSITE_HIGH_BREAK,False,
external,BEAR,00-04,2021-07-21 00:00:00+00:00,2021-07-21 04:00:00+00:00,29955.0,29480.12,474.880000000001,29551.352,2021-07-21 01:20:00+00:00,2021-07-21 01:15:00+00:00,True,CLEAN_CAUSAL_LEAVE,2021-07-21 01:20:00+00:00,2021-07-21 01:25:00+00:00,,2021-07-21 04:00:00+00:00,BLOCK_END,False,
external,BULL,20-00,2021-07-21 20:00:00+00:00,2021-07-22 00:00:00+00:00,32883.9,31560.0,1323.9000000000015,31758.585,2021-07-21 20:35:00+00:00,2021-07-21 20:30:00+00:00,False,LOW_BREAK_BEFORE_LEAVE,2021-07-21 20:35:00+00:00,,,2021-07-21 20:35:00+00:00,L2_BREAK,False,
external,BULL,20-00,2021-07-22 20:00:00+00:00,2021-07-23 00:00:00+00:00,32574.51,32206.0,368.5099999999984,32261.2765,2021-07-22 21:05:00+00:00,2021-07-22 21:00:00+00:00,True,CLEAN_CAUSAL_LEAVE,2021-07-22 21:05:00+00:00,2021-07-22 21:10:00+00:00,2021-07-22 21:15:00+00:00,2021-07-22 21:50:00+00:00,L2_ARRIVAL,True,35.0
external,BULL,08-12,2021-07-24 08:00:00+00:00,2021-07-24 12:00:00+00:00,33930.52,33550.5,380.0199999999968,33607.503,2021-07-24 08:50:00+00:00,2021-07-24 08:45:00+00:00,True,CLEAN_CAUSAL_LEAVE,2021-07-24 08:50:00+00:00,2021-07-24 08:55:00+00:00,2021-07-24 08:55:00+00:00,2021-07-24 12:00:00+00:00,BLOCK_END,False,
external,BULL,20-00,2021-07-24 20:00:00+00:00,2021-07-25 00:00:00+00:00,34471.0,33688.35,782.6500000000015,33805.7475,2021-07-24 20:30:00+00:00,2021-07-24 20:25:00+00:00,True,CLEAN_CAUSAL_LEAVE,2021-07-24 20:30:00+00:00,2021-07-24 20:35:00+00:00,2021-07-24 20:35:00+00:00,2021-07-25 00:00:00+00:00,BLOCK_END,False,
external,BULL,12-16,2021-07-25 12:00:00+00:00,2021-07-25 16:00:00+00:00,34780.0,34250.01,529.989999999998,34329.5085,2021-07-25 12:05:00+00:00,2021-07-25 12:00:00+00:00,False,LOW_BREAK_BEFORE_LEAVE,2021-07-25 12:05:00+00:00,,,2021-07-25 12:05:00+00:00,L2_BREAK,False,
external,BULL,08-12,2021-07-26 08:00:00+00:00,2021-07-26 12:00:00+00:00,39284.65,37778.0,1506.6500000000015,38003.9975,2021-07-26 08:15:00+00:00,2021-07-26 08:10:00+00:00,True,CLEAN_CAUSAL_LEAVE,2021-07-26 08:15:00+00:00,2021-07-26 08:20:00+00:00,2021-07-26 08:20:00+00:00,2021-07-26 12:00:00+00:00,BLOCK_END,False,
external,BULL,20-00,2021-07-26 20:00:00+00:00,2021-07-27 00:00:00+00:00,40578.93,38475.0,2103.9300000000003,38790.5895,2021-07-26 20:05:00+00:00,2021-07-26 20:00:00+00:00,False,LOW_BREAK_BEFORE_LEAVE,2021-07-26 20:10:00+00:00,,,2021-07-26 20:10:00+00:00,L2_BREAK,False,
external,BULL,16-20,2021-07-27 16:00:00+00:00,2021-07-27 20:00:00+00:00,38748.53,37670.0,1078.5299999999988,37831.7795,2021-07-27 16:25:00+00:00,2021-07-27 16:20:00+00:00,True,CLEAN_CAUSAL_LEAVE,2021-07-27 16:25:00+00:00,2021-07-27 16:30:00+00:00,2021-07-27 16:30:00+00:00,2021-07-27 16:45:00+00:00,L2_ARRIVAL,True,15.0
external,BULL,12-16,2021-07-28 12:00:00+00:00,2021-07-28 16:00:00+00:00,40894.0,39350.0,1544.0,39581.6,2021-07-28 14:55:00+00:00,2021-07-28 14:50:00+00:00,True,CLEAN_CAUSAL_LEAVE,2021-07-28 14:55:00+00:00,2021-07-28 15:00:00+00:00,2021-07-28 15:10:00+00:00,2021-07-28 16:00:00+00:00,BLOCK_END,False,
external,BULL,16-20,2021-07-28 16:00:00+00:00,2021-07-28 20:00:00+00:00,40864.39,39306.04,1558.3499999999985,39539.7925,2021-07-28 17:40:00+00:00,2021-07-28 17:35:00+00:00,False,LOW_BREAK_BEFORE_LEAVE,2021-07-28 17:40:00+00:00,,,2021-07-28 17:40:00+00:00,L2_BREAK,False,
external,BULL,12-16,2021-07-29 12:00:00+00:00,2021-07-29 16:00:00+00:00,40665.0,39500.0,1165.0,39674.75,2021-07-29 12:30:00+00:00,2021-07-29 12:25:00+00:00,True,CLEAN_CAUSAL_LEAVE,2021-07-29 12:30:00+00:00,2021-07-29 12:35:00+00:00,2021-07-29 12:40:00+00:00,2021-07-29 16:00:00+00:00,BLOCK_END,False,
external,BULL,12-16,2021-07-31 12:00:00+00:00,2021-07-31 16:00:00+00:00,41993.24,41333.0,660.239999999998,41432.036,2021-07-31 13:40:00+00:00,2021-07-31 13:35:00+00:00,True,CLEAN_CAUSAL_LEAVE,2021-07-31 13:40:00+00:00,2021-07-31 13:45:00+00:00,2021-07-31 13:45:00+00:00,2021-07-31 13:50:00+00:00,L2_ARRIVAL,True,5.0
external,BULL,16-20,2021-07-31 16:00:00+00:00,2021-07-31 20:00:00+00:00,41728.12,41101.0,627.1200000000026,41195.068,2021-07-31 17:40:00+00:00,2021-07-31 17:35:00+00:00,True,CLEAN_CAUSAL_LEAVE,2021-07-31 17:40:00+00:00,2021-07-31 17:45:00+00:00,2021-07-31 17:45:00+00:00,2021-07-31 20:00:00+00:00,BLOCK_END,False,
external,BULL,00-04,2021-08-01 00:00:00+00:00,2021-08-01 04:00:00+00:00,42010.0,41135.77,874.2300000000032,41266.9045,2021-08-01 00:05:00+00:00,2021-08-01 00:00:00+00:00,True,CLEAN_CAUSAL_LEAVE,2021-08-01 00:05:00+00:00,2021-08-01 00:10:00+00:00,,2021-08-01 03:25:00+00:00,OPPOSITE_HIGH_BREAK,False,
external,BULL,12-16,2021-08-01 12:00:00+00:00,2021-08-01 16:00:00+00:00,41952.6,41328.77,623.8300000000017,41422.3445,2021-08-01 14:50:00+00:00,2021-08-01 14:45:00+00:00,True,CLEAN_CAUSAL_LEAVE,2021-08-01 14:50:00+00:00,2021-08-01 14:55:00+00:00,,2021-08-01 14:55:00+00:00,L2_ARRIVAL,False,
external,BULL,16-20,2021-08-01 16:00:00+00:00,2021-08-01 20:00:00+00:00,41839.52,41150.73,688.7899999999936,41254.048500000004,2021-08-01 16:10:00+00:00,2021-08-01 16:05:00+00:00,False,LOW_BREAK_BEFORE_LEAVE,2021-08-01 16:15:00+00:00,,,2021-08-01 16:15:00+00:00,L2_BREAK,False,
external,SIDEWAYS,00-04,2021-08-02 00:00:00+00:00,2021-08-02 04:00:00+00:00,41512.87,39350.4,2162.470000000001,39674.7705,2021-08-02 01:05:00+00:00,2021-08-02 01:00:00+00:00,True,CLEAN_CAUSAL_LEAVE,2021-08-02 01:05:00+00:00,2021-08-02 01:10:00+00:00,2021-08-02 01:10:00+00:00,2021-08-02 04:00:00+00:00,BLOCK_END,False,
external,BEAR,08-12,2021-08-02 08:00:00+00:00,2021-08-02 12:00:00+00:00,40450.0,39570.55,879.4499999999971,39702.4675,2021-08-02 08:35:00+00:00,2021-08-02 08:30:00+00:00,False,LOW_BREAK_BEFORE_LEAVE,2021-08-02 08:55:00+00:00,,,2021-08-02 08:55:00+00:00,L2_BREAK,False,
external,BEAR,04-08,2021-08-03 04:00:00+00:00,2021-08-03 08:00:00+00:00,39774.93,38501.0,1273.9300000000003,38692.0895,2021-08-03 04:45:00+00:00,2021-08-03 04:40:00+00:00,True,CLEAN_CAUSAL_LEAVE,2021-08-03 04:45:00+00:00,2021-08-03 04:50:00+00:00,,2021-08-03 04:50:00+00:00,L2_ARRIVAL,False,
external,BEAR,16-20,2021-08-03 16:00:00+00:00,2021-08-03 20:00:00+00:00,38700.0,37658.69,1041.3099999999977,37814.8865,2021-08-03 18:10:00+00:00,2021-08-03 18:05:00+00:00,True,CLEAN_CAUSAL_LEAVE,2021-08-03 18:10:00+00:00,2021-08-03 18:15:00+00:00,2021-08-03 18:15:00+00:00,2021-08-03 20:00:00+00:00,BLOCK_END,False,
external,BEAR,04-08,2021-08-04 04:00:00+00:00,2021-08-04 08:00:00+00:00,38554.27,37900.0,654.2699999999968,37998.1405,2021-08-04 04:05:00+00:00,2021-08-04 04:00:00+00:00,False,LOW_BREAK_BEFORE_LEAVE,2021-08-04 04:10:00+00:00,,,2021-08-04 04:10:00+00:00,L2_BREAK,False,
external,BEAR,08-12,2021-08-04 08:00:00+00:00,2021-08-04 12:00:00+00:00,38220.0,37661.1,558.9000000000015,37744.935,2021-08-04 08:25:00+00:00,2021-08-04 08:20:00+00:00,True,CLEAN_CAUSAL_LEAVE,2021-08-04 08:25:00+00:00,2021-08-04 08:30:00+00:00,,2021-08-04 08:30:00+00:00,L2_ARRIVAL,False,
external,BULL,00-04,2021-08-06 00:00:00+00:00,2021-08-06 04:00:00+00:00,41327.73,40672.0,655.7300000000032,40770.3595,2021-08-06 00:10:00+00:00,2021-08-06 00:05:00+00:00,True,CLEAN_CAUSAL_LEAVE,2021-08-06 00:10:00+00:00,2021-08-06 00:15:00+00:00,,2021-08-06 00:20:00+00:00,L2_ARRIVAL,False,
external,BULL,04-08,2021-08-06 04:00:00+00:00,2021-08-06 08:00:00+00:00,41042.74,39907.51,1135.229999999996,40077.7945,2021-08-06 04:30:00+00:00,2021-08-06 04:25:00+00:00,True,CLEAN_CAUSAL_LEAVE,2021-08-06 04:30:00+00:00,2021-08-06 04:35:00+00:00,,2021-08-06 04:35:00+00:00,L2_ARRIVAL,False,
external,BULL,12-16,2021-08-06 12:00:00+00:00,2021-08-06 16:00:00+00:00,41127.99,40390.59,737.4000000000015,40501.2,2021-08-06 12:05:00+00:00,2021-08-06 12:00:00+00:00,True,CLEAN_CAUSAL_LEAVE,2021-08-06 12:10:00+00:00,2021-08-06 12:15:00+00:00,,2021-08-06 15:15:00+00:00,OPPOSITE_HIGH_BREAK,False,
external,BULL,08-12,2021-08-08 08:00:00+00:00,2021-08-08 12:00:00+00:00,45350.0,44153.1,1196.9000000000015,44332.635,2021-08-08 11:20:00+00:00,2021-08-08 11:15:00+00:00,True,CLEAN_CAUSAL_LEAVE,2021-08-08 11:20:00+00:00,2021-08-08 11:25:00+00:00,,2021-08-08 12:00:00+00:00,BLOCK_END,False,
external,BULL,20-00,2021-08-09 20:00:00+00:00,2021-08-10 00:00:00+00:00,46483.0,45680.8,802.1999999999971,45801.130000000005,2021-08-09 20:35:00+00:00,2021-08-09 20:30:00+00:00,True,CLEAN_CAUSAL_LEAVE,2021-08-09 20:40:00+00:00,2021-08-09 20:45:00+00:00,,2021-08-09 20:45:00+00:00,L2_ARRIVAL,False,
external,BULL,12-16,2021-08-11 12:00:00+00:00,2021-08-11 16:00:00+00:00,46643.13,45845.22,797.9099999999962,45964.9065,2021-08-11 12:05:00+00:00,2021-08-11 12:00:00+00:00,True,CLEAN_CAUSAL_LEAVE,2021-08-11 12:05:00+00:00,2021-08-11 12:10:00+00:00,2021-08-11 12:15:00+00:00,2021-08-11 15:10:00+00:00,OPPOSITE_HIGH_BREAK,False,
external,BULL,00-04,2021-08-12 00:00:00+00:00,2021-08-12 04:00:00+00:00,46690.0,45520.06,1169.9400000000023,45695.551,2021-08-12 00:05:00+00:00,2021-08-12 00:00:00+00:00,True,CLEAN_CAUSAL_LEAVE,2021-08-12 00:05:00+00:00,2021-08-12 00:10:00+00:00,2021-08-12 00:30:00+00:00,2021-08-12 04:00:00+00:00,BLOCK_END,False,
external,BULL,04-08,2021-08-12 04:00:00+00:00,2021-08-12 08:00:00+00:00,46226.67,45363.45,863.2200000000012,45492.933,2021-08-12 05:15:00+00:00,2021-08-12 05:10:00+00:00,False,LOW_BREAK_BEFORE_LEAVE,2021-08-12 05:20:00+00:00,,,2021-08-12 05:20:00+00:00,L2_BREAK,False,
external,SIDEWAYS,08-12,2021-08-12 08:00:00+00:00,2021-08-12 12:00:00+00:00,46023.0,44820.0,1203.0,45000.45,2021-08-12 11:45:00+00:00,2021-08-12 11:40:00+00:00,False,LOW_BREAK_BEFORE_LEAVE,2021-08-12 11:55:00+00:00,,,2021-08-12 11:55:00+00:00,L2_BREAK,False,
external,BEAR,16-20,2021-08-12 16:00:00+00:00,2021-08-12 20:00:00+00:00,44972.44,43925.0,1047.4400000000023,44082.116,2021-08-12 16:30:00+00:00,2021-08-12 16:25:00+00:00,True,CLEAN_CAUSAL_LEAVE,2021-08-12 16:40:00+00:00,2021-08-12 16:45:00+00:00,2021-08-12 16:45:00+00:00,2021-08-12 17:00:00+00:00,L2_ARRIVAL,True,15.0
external,SIDEWAYS,08-12,2021-08-15 08:00:00+00:00,2021-08-15 12:00:00+00:00,46914.09,45666.0,1248.0899999999965,45853.2135,2021-08-15 08:05:00+00:00,2021-08-15 08:00:00+00:00,True,CLEAN_CAUSAL_LEAVE,2021-08-15 08:05:00+00:00,2021-08-15 08:10:00+00:00,2021-08-15 08:10:00+00:00,2021-08-15 09:00:00+00:00,L2_ARRIVAL,True,50.0
external,SIDEWAYS,12-16,2021-08-15 12:00:00+00:00,2021-08-15 16:00:00+00:00,46171.41,45600.0,571.4100000000035,45685.7115,2021-08-15 13:50:00+00:00,2021-08-15 13:45:00+00:00,True,CLEAN_CAUSAL_LEAVE,2021-08-15 13:50:00+00:00,2021-08-15 13:55:00+00:00,,2021-08-15 14:05:00+00:00,OPPOSITE_HIGH_BREAK,False,
external,SIDEWAYS,00-04,2021-08-17 00:00:00+00:00,2021-08-17 04:00:00+00:00,46350.0,45682.03,667.9700000000012,45782.2255,2021-08-17 00:20:00+00:00,2021-08-17 00:15:00+00:00,False,LOW_BREAK_BEFORE_LEAVE,2021-08-17 00:20:00+00:00,,,2021-08-17 00:20:00+00:00,L2_BREAK,False,
external,SIDEWAYS,12-16,2021-08-17 12:00:00+00:00,2021-08-17 16:00:00+00:00,47194.0,45884.79,1309.2099999999991,46081.171500000004,2021-08-17 14:30:00+00:00,2021-08-17 14:25:00+00:00,True,CLEAN_CAUSAL_LEAVE,2021-08-17 14:35:00+00:00,2021-08-17 14:40:00+00:00,2021-08-17 14:45:00+00:00,2021-08-17 15:00:00+00:00,L2_ARRIVAL,True,15.0
external,BEAR,12-16,2021-08-18 12:00:00+00:00,2021-08-18 16:00:00+00:00,45570.0,44682.0,888.0,44815.2,2021-08-18 12:20:00+00:00,2021-08-18 12:15:00+00:00,True,CLEAN_CAUSAL_LEAVE,2021-08-18 12:20:00+00:00,2021-08-18 12:25:00+00:00,,2021-08-18 15:45:00+00:00,OPPOSITE_HIGH_BREAK,False,
external,BEAR,20-00,2021-08-18 20:00:00+00:00,2021-08-19 00:00:00+00:00,46050.0,44793.99,1256.010000000002,44982.3915,2021-08-18 20:05:00+00:00,2021-08-18 20:00:00+00:00,True,CLEAN_CAUSAL_LEAVE,2021-08-18 20:10:00+00:00,2021-08-18 20:15:00+00:00,,2021-08-18 20:20:00+00:00,L2_ARRIVAL,False,
external,BEAR,04-08,2021-08-19 04:00:00+00:00,2021-08-19 08:00:00+00:00,45243.81,44050.0,1193.8099999999977,44229.0715,2021-08-19 04:05:00+00:00,2021-08-19 04:00:00+00:00,True,CLEAN_CAUSAL_LEAVE,2021-08-19 04:05:00+00:00,2021-08-19 04:10:00+00:00,,2021-08-19 04:10:00+00:00,L2_ARRIVAL,False,
external,BULL,12-16,2021-08-22 12:00:00+00:00,2021-08-22 16:00:00+00:00,49500.0,48928.57,571.4300000000003,49014.2845,2021-08-22 12:45:00+00:00,2021-08-22 12:40:00+00:00,False,LOW_BREAK_BEFORE_LEAVE,2021-08-22 12:55:00+00:00,,,2021-08-22 12:55:00+00:00,L2_BREAK,False,
external,BULL,16-20,2021-08-23 16:00:00+00:00,2021-08-23 20:00:00+00:00,50484.75,49314.14,1170.6100000000006,49489.7315,2021-08-23 19:05:00+00:00,2021-08-23 19:00:00+00:00,False,LOW_BREAK_BEFORE_LEAVE,2021-08-23 19:05:00+00:00,,,2021-08-23 19:05:00+00:00,L2_BREAK,False,
external,BULL,20-00,2021-08-23 20:00:00+00:00,2021-08-24 00:00:00+00:00,49856.0,49120.83,735.1699999999983,49231.105500000005,2021-08-23 20:05:00+00:00,2021-08-23 20:00:00+00:00,True,CLEAN_CAUSAL_LEAVE,2021-08-23 20:10:00+00:00,2021-08-23 20:15:00+00:00,2021-08-23 20:15:00+00:00,2021-08-24 00:00:00+00:00,BLOCK_END,False,
external,BULL,00-04,2021-08-24 00:00:00+00:00,2021-08-24 04:00:00+00:00,49749.0,49075.01,673.989999999998,49176.1085,2021-08-24 00:55:00+00:00,2021-08-24 00:50:00+00:00,True,CLEAN_CAUSAL_LEAVE,2021-08-24 00:55:00+00:00,2021-08-24 01:00:00+00:00,2021-08-24 01:00:00+00:00,2021-08-24 01:05:00+00:00,L2_ARRIVAL,True,5.0
external,BULL,12-16,2021-08-24 12:00:00+00:00,2021-08-24 16:00:00+00:00,49888.88,49120.0,768.8799999999974,49235.332,2021-08-24 12:40:00+00:00,2021-08-24 12:35:00+00:00,True,CLEAN_CAUSAL_LEAVE,2021-08-24 12:40:00+00:00,2021-08-24 12:45:00+00:00,2021-08-24 12:45:00+00:00,2021-08-24 13:15:00+00:00,L2_ARRIVAL,True,30.0
external,SIDEWAYS,16-20,2021-08-24 16:00:00+00:00,2021-08-24 20:00:00+00:00,49480.35,48252.0,1228.3499999999985,48436.2525,2021-08-24 16:10:00+00:00,2021-08-24 16:05:00+00:00,False,LOW_BREAK_BEFORE_LEAVE,2021-08-24 16:10:00+00:00,,,2021-08-24 16:10:00+00:00,L2_BREAK,False,
external,BEAR,04-08,2021-08-26 04:00:00+00:00,2021-08-26 08:00:00+00:00,49380.0,47853.0,1527.0,48082.05,2021-08-26 04:05:00+00:00,2021-08-26 04:00:00+00:00,False,LOW_BREAK_BEFORE_LEAVE,2021-08-26 04:10:00+00:00,,,2021-08-26 04:10:00+00:00,L2_BREAK,False,
external,BEAR,00-04,2021-08-27 00:00:00+00:00,2021-08-27 04:00:00+00:00,47438.53,46808.6,629.9300000000003,46903.0895,2021-08-27 00:05:00+00:00,2021-08-27 00:00:00+00:00,False,LOW_BREAK_BEFORE_LEAVE,2021-08-27 00:05:00+00:00,,,2021-08-27 00:05:00+00:00,L2_BREAK,False,
external,BULL,12-16,2021-08-28 12:00:00+00:00,2021-08-28 16:00:00+00:00,49121.83,48673.57,448.26000000000204,48740.809,2021-08-28 12:15:00+00:00,2021-08-28 12:10:00+00:00,True,CLEAN_CAUSAL_LEAVE,2021-08-28 12:15:00+00:00,2021-08-28 12:20:00+00:00,2021-08-28 12:30:00+00:00,2021-08-28 14:00:00+00:00,L2_ARRIVAL,True,90.0
external,SIDEWAYS,12-16,2021-08-29 12:00:00+00:00,2021-08-29 16:00:00+00:00,48691.0,48160.32,530.6800000000003,48239.922,2021-08-29 12:05:00+00:00,2021-08-29 12:00:00+00:00,True,CLEAN_CAUSAL_LEAVE,2021-08-29 12:05:00+00:00,2021-08-29 12:10:00+00:00,2021-08-29 12:10:00+00:00,2021-08-29 16:00:00+00:00,BLOCK_END,False,
external,BULL,00-04,2021-08-30 00:00:00+00:00,2021-08-30 04:00:00+00:00,49446.66,48344.6,1102.060000000005,48509.909,2021-08-30 03:05:00+00:00,2021-08-30 03:00:00+00:00,True,CLEAN_CAUSAL_LEAVE,2021-08-30 03:05:00+00:00,2021-08-30 03:10:00+00:00,,2021-08-30 03:15:00+00:00,L2_ARRIVAL,False,
external,BEAR,12-16,2021-08-30 12:00:00+00:00,2021-08-30 16:00:00+00:00,48248.0,47673.46,574.5400000000009,47759.640999999996,2021-08-30 12:20:00+00:00,2021-08-30 12:15:00+00:00,False,LOW_BREAK_BEFORE_LEAVE,2021-08-30 12:20:00+00:00,,,2021-08-30 12:20:00+00:00,L2_BREAK,False,
external,BEAR,00-04,2021-08-31 00:00:00+00:00,2021-08-31 04:00:00+00:00,48746.81,46876.49,1870.3199999999997,47157.038,2021-08-31 00:25:00+00:00,2021-08-31 00:20:00+00:00,False,LOW_BREAK_BEFORE_LEAVE,2021-08-31 00:25:00+00:00,,,2021-08-31 00:25:00+00:00,L2_BREAK,False,
external,BEAR,00-04,2021-09-01 00:00:00+00:00,2021-09-01 04:00:00+00:00,47410.0,46767.37,642.6299999999974,46863.764500000005,2021-09-01 00:55:00+00:00,2021-09-01 00:50:00+00:00,True,CLEAN_CAUSAL_LEAVE,2021-09-01 00:55:00+00:00,2021-09-01 01:00:00+00:00,,2021-09-01 01:00:00+00:00,L2_ARRIVAL,False,
external,BULL,16-20,2021-09-02 16:00:00+00:00,2021-09-02 20:00:00+00:00,50399.0,49338.0,1061.0,49497.15,2021-09-02 17:50:00+00:00,2021-09-02 17:45:00+00:00,True,CLEAN_CAUSAL_LEAVE,2021-09-02 17:50:00+00:00,2021-09-02 17:55:00+00:00,2021-09-02 17:55:00+00:00,2021-09-02 18:20:00+00:00,L2_ARRIVAL,True,25.0
external,BULL,00-04,2021-09-03 00:00:00+00:00,2021-09-03 04:00:00+00:00,49893.19,49274.27,618.9200000000055,49367.108,2021-09-03 00:10:00+00:00,2021-09-03 00:05:00+00:00,True,CLEAN_CAUSAL_LEAVE,2021-09-03 00:10:00+00:00,2021-09-03 00:15:00+00:00,2021-09-03 00:15:00+00:00,2021-09-03 00:20:00+00:00,L2_ARRIVAL,True,5.0
external,BULL,16-20,2021-09-04 16:00:00+00:00,2021-09-04 20:00:00+00:00,50375.0,49777.0,598.0,49866.7,2021-09-04 16:10:00+00:00,2021-09-04 16:05:00+00:00,True,CLEAN_CAUSAL_LEAVE,2021-09-04 16:10:00+00:00,2021-09-04 16:15:00+00:00,2021-09-04 16:40:00+00:00,2021-09-04 17:05:00+00:00,L2_ARRIVAL,True,25.0
external,BULL,04-08,2021-09-05 04:00:00+00:00,2021-09-05 08:00:00+00:00,50341.16,49670.0,671.1600000000035,49770.674,2021-09-05 04:05:00+00:00,2021-09-05 04:00:00+00:00,True,CLEAN_CAUSAL_LEAVE,2021-09-05 04:05:00+00:00,2021-09-05 04:10:00+00:00,2021-09-05 04:20:00+00:00,2021-09-05 05:35:00+00:00,L2_ARRIVAL,True,75.0
external,BULL,08-12,2021-09-07 08:00:00+00:00,2021-09-07 12:00:00+00:00,52776.83,52112.31,664.5200000000041,52211.988,2021-09-07 08:20:00+00:00,2021-09-07 08:15:00+00:00,False,LOW_BREAK_BEFORE_LEAVE,2021-09-07 08:20:00+00:00,,,2021-09-07 08:20:00+00:00,L2_BREAK,False,
external,SIDEWAYS,12-16,2021-09-07 12:00:00+00:00,2021-09-07 16:00:00+00:00,52397.46,50500.0,1897.4599999999991,50784.619,2021-09-07 14:05:00+00:00,2021-09-07 14:00:00+00:00,True,CLEAN_CAUSAL_LEAVE,2021-09-07 14:05:00+00:00,2021-09-07 14:10:00+00:00,2021-09-07 14:10:00+00:00,2021-09-07 14:15:00+00:00,L2_ARRIVAL,True,5.0
external,BEAR,04-08,2021-09-08 04:00:00+00:00,2021-09-08 08:00:00+00:00,47347.0,46236.72,1110.2799999999988,46403.262,2021-09-08 05:45:00+00:00,2021-09-08 05:40:00+00:00,True,CLEAN_CAUSAL_LEAVE,2021-09-08 05:45:00+00:00,2021-09-08 05:50:00+00:00,2021-09-08 05:50:00+00:00,2021-09-08 05:55:00+00:00,L2_ARRIVAL,True,5.0
external,BEAR,20-00,2021-09-08 20:00:00+00:00,2021-09-09 00:00:00+00:00,46548.0,45888.0,660.0,45987.0,2021-09-08 20:15:00+00:00,2021-09-08 20:10:00+00:00,True,CLEAN_CAUSAL_LEAVE,2021-09-08 20:15:00+00:00,2021-09-08 20:20:00+00:00,2021-09-08 20:20:00+00:00,2021-09-08 22:15:00+00:00,OPPOSITE_HIGH_BREAK,False,
external,SIDEWAYS,00-04,2021-09-13 00:00:00+00:00,2021-09-13 04:00:00+00:00,46512.2,44901.53,1610.6699999999983,45143.1305,2021-09-13 02:35:00+00:00,2021-09-13 02:30:00+00:00,True,CLEAN_CAUSAL_LEAVE,2021-09-13 02:35:00+00:00,2021-09-13 02:40:00+00:00,2021-09-13 02:40:00+00:00,2021-09-13 02:55:00+00:00,L2_ARRIVAL,True,15.0
external,BEAR,04-08,2021-09-13 04:00:00+00:00,2021-09-13 08:00:00+00:00,46319.82,44558.0,1761.8199999999997,44822.273,2021-09-13 04:05:00+00:00,2021-09-13 04:00:00+00:00,True,CLEAN_CAUSAL_LEAVE,2021-09-13 04:05:00+00:00,2021-09-13 04:10:00+00:00,,2021-09-13 04:10:00+00:00,L2_ARRIVAL,False,
external,BEAR,08-12,2021-09-13 08:00:00+00:00,2021-09-13 12:00:00+00:00,45000.0,44200.0,800.0,44320.0,2021-09-13 08:20:00+00:00,2021-09-13 08:15:00+00:00,True,CLEAN_CAUSAL_LEAVE,2021-09-13 08:20:00+00:00,2021-09-13 08:25:00+00:00,2021-09-13 08:40:00+00:00,2021-09-13 11:15:00+00:00,L2_ARRIVAL,True,155.0
external,BEAR,00-04,2021-09-14 00:00:00+00:00,2021-09-14 04:00:00+00:00,45547.0,44763.15,783.8499999999985,44880.7275,2021-09-14 00:30:00+00:00,2021-09-14 00:25:00+00:00,True,CLEAN_CAUSAL_LEAVE,2021-09-14 00:30:00+00:00,2021-09-14 00:35:00+00:00,,2021-09-14 04:00:00+00:00,BLOCK_END,False,
external,BULL,00-04,2021-09-16 00:00:00+00:00,2021-09-16 04:00:00+00:00,48440.93,47900.0,540.9300000000003,47981.1395,2021-09-16 00:40:00+00:00,2021-09-16 00:35:00+00:00,False,LOW_BREAK_BEFORE_LEAVE,2021-09-16 00:40:00+00:00,,,2021-09-16 00:40:00+00:00,L2_BREAK,False,
external,BULL,20-00,2021-09-16 20:00:00+00:00,2021-09-17 00:00:00+00:00,48160.0,47265.1,894.9000000000015,47399.335,2021-09-16 20:30:00+00:00,2021-09-16 20:25:00+00:00,True,CLEAN_CAUSAL_LEAVE,2021-09-16 20:30:00+00:00,2021-09-16 20:35:00+00:00,2021-09-16 20:40:00+00:00,2021-09-16 20:45:00+00:00,L2_ARRIVAL,True,5.0
external,BULL,08-12,2021-09-17 08:00:00+00:00,2021-09-17 12:00:00+00:00,48150.0,47657.72,492.27999999999884,47731.562,2021-09-17 08:05:00+00:00,2021-09-17 08:00:00+00:00,True,CLEAN_CAUSAL_LEAVE,2021-09-17 08:05:00+00:00,2021-09-17 08:10:00+00:00,2021-09-17 09:40:00+00:00,2021-09-17 10:00:00+00:00,L2_ARRIVAL,True,20.0
external,BULL,12-16,2021-09-17 12:00:00+00:00,2021-09-17 16:00:00+00:00,47988.0,47300.0,688.0,47403.2,2021-09-17 12:10:00+00:00,2021-09-17 12:05:00+00:00,True,CLEAN_CAUSAL_LEAVE,2021-09-17 12:15:00+00:00,2021-09-17 12:20:00+00:00,2021-09-17 12:35:00+00:00,2021-09-17 13:15:00+00:00,L2_ARRIVAL,True,40.0
external,BULL,16-20,2021-09-18 16:00:00+00:00,2021-09-18 20:00:00+00:00,48686.29,48256.0,430.2900000000009,48320.5435,2021-09-18 16:35:00+00:00,2021-09-18 16:30:00+00:00,False,LOW_BREAK_BEFORE_LEAVE,2021-09-18 16:35:00+00:00,,,2021-09-18 16:35:00+00:00,L2_BREAK,False,
external,BULL,00-04,2021-09-19 00:00:00+00:00,2021-09-19 04:00:00+00:00,48374.26,47813.66,560.5999999999985,47897.75,2021-09-19 01:05:00+00:00,2021-09-19 01:00:00+00:00,False,LOW_BREAK_BEFORE_LEAVE,2021-09-19 01:15:00+00:00,,,2021-09-19 01:15:00+00:00,L2_BREAK,False,
external,SIDEWAYS,12-16,2021-09-19 12:00:00+00:00,2021-09-19 16:00:00+00:00,48343.56,47186.03,1157.5299999999988,47359.6595,2021-09-19 12:05:00+00:00,2021-09-19 12:00:00+00:00,True,CLEAN_CAUSAL_LEAVE,2021-09-19 12:10:00+00:00,2021-09-19 12:15:00+00:00,2021-09-19 12:15:00+00:00,2021-09-19 12:30:00+00:00,L2_ARRIVAL,True,15.0
external,SIDEWAYS,20-00,2021-09-19 20:00:00+00:00,2021-09-20 00:00:00+00:00,47800.0,47302.63,497.3700000000026,47377.235499999995,2021-09-19 20:05:00+00:00,2021-09-19 20:00:00+00:00,True,CLEAN_CAUSAL_LEAVE,2021-09-19 20:05:00+00:00,2021-09-19 20:10:00+00:00,2021-09-19 20:15:00+00:00,2021-09-19 22:15:00+00:00,L2_ARRIVAL,True,120.0
external,BEAR,00-04,2021-09-20 00:00:00+00:00,2021-09-20 04:00:00+00:00,47675.0,46840.0,835.0,46965.25,2021-09-20 00:30:00+00:00,2021-09-20 00:25:00+00:00,True,CLEAN_CAUSAL_LEAVE,2021-09-20 00:35:00+00:00,2021-09-20 00:40:00+00:00,2021-09-20 00:45:00+00:00,2021-09-20 02:30:00+00:00,L2_ARRIVAL,True,105.0
external,BEAR,08-12,2021-09-20 08:00:00+00:00,2021-09-20 12:00:00+00:00,45845.0,44377.55,1467.449999999997,44597.6675,2021-09-20 10:50:00+00:00,2021-09-20 10:45:00+00:00,True,CLEAN_CAUSAL_LEAVE,2021-09-20 10:50:00+00:00,2021-09-20 10:55:00+00:00,2021-09-20 10:55:00+00:00,2021-09-20 11:00:00+00:00,L2_ARRIVAL,True,5.0
external,SIDEWAYS,08-12,2021-09-23 08:00:00+00:00,2021-09-23 12:00:00+00:00,44413.45,43682.01,731.439999999995,43791.726,2021-09-23 10:15:00+00:00,2021-09-23 10:10:00+00:00,False,LOW_BREAK_BEFORE_LEAVE,2021-09-23 10:20:00+00:00,,,2021-09-23 10:20:00+00:00,L2_BREAK,False,
external,BULL,00-04,2021-09-24 00:00:00+00:00,2021-09-24 04:00:00+00:00,44976.48,44322.4,654.0800000000017,44420.512,2021-09-24 02:05:00+00:00,2021-09-24 02:00:00+00:00,True,CLEAN_CAUSAL_LEAVE,2021-09-24 02:05:00+00:00,2021-09-24 02:10:00+00:00,2021-09-24 02:15:00+00:00,2021-09-24 02:30:00+00:00,L2_ARRIVAL,True,15.0
external,BEAR,04-08,2021-09-26 04:00:00+00:00,2021-09-26 08:00:00+00:00,42714.0,41885.82,828.1800000000003,42010.047,2021-09-26 04:35:00+00:00,2021-09-26 04:30:00+00:00,True,CLEAN_CAUSAL_LEAVE,2021-09-26 04:35:00+00:00,2021-09-26 04:40:00+00:00,2021-09-26 04:40:00+00:00,2021-09-26 07:15:00+00:00,L2_ARRIVAL,True,155.0
external,BULL,12-16,2021-09-27 12:00:00+00:00,2021-09-27 16:00:00+00:00,44100.0,43330.0,770.0,43445.5,2021-09-27 12:35:00+00:00,2021-09-27 12:30:00+00:00,True,CLEAN_CAUSAL_LEAVE,2021-09-27 12:35:00+00:00,2021-09-27 12:40:00+00:00,2021-09-27 12:40:00+00:00,2021-09-27 13:35:00+00:00,L2_ARRIVAL,True,55.0
external,BEAR,20-00,2021-09-29 20:00:00+00:00,2021-09-30 00:00:00+00:00,41820.0,41040.01,779.989999999998,41157.0085,2021-09-29 20:15:00+00:00,2021-09-29 20:10:00+00:00,False,LOW_BREAK_BEFORE_LEAVE,2021-09-29 20:15:00+00:00,,,2021-09-29 20:15:00+00:00,L2_BREAK,False,
external,BULL,08-12,2021-09-30 08:00:00+00:00,2021-09-30 12:00:00+00:00,43822.85,43206.0,616.8499999999985,43298.5275,2021-09-30 08:10:00+00:00,2021-09-30 08:05:00+00:00,False,LOW_BREAK_BEFORE_LEAVE,2021-09-30 08:15:00+00:00,,,2021-09-30 08:15:00+00:00,L2_BREAK,False,
external,BULL,16-20,2021-09-30 16:00:00+00:00,2021-09-30 20:00:00+00:00,43778.88,42820.0,958.8799999999974,42963.832,2021-09-30 16:35:00+00:00,2021-09-30 16:30:00+00:00,True,CLEAN_CAUSAL_LEAVE,2021-09-30 16:35:00+00:00,2021-09-30 16:40:00+00:00,2021-09-30 16:45:00+00:00,2021-09-30 18:40:00+00:00,OPPOSITE_HIGH_BREAK,False,
external,BULL,04-08,2021-10-02 04:00:00+00:00,2021-10-02 08:00:00+00:00,48218.8,47429.21,789.5900000000038,47547.6485,2021-10-02 04:50:00+00:00,2021-10-02 04:45:00+00:00,True,CLEAN_CAUSAL_LEAVE,2021-10-02 04:50:00+00:00,2021-10-02 04:55:00+00:00,2021-10-02 04:55:00+00:00,2021-10-02 08:00:00+00:00,BLOCK_END,False,
external,BULL,20-00,2021-10-03 20:00:00+00:00,2021-10-04 00:00:00+00:00,49304.12,47809.0,1495.1200000000026,48033.268000000004,2021-10-03 21:10:00+00:00,2021-10-03 21:05:00+00:00,True,CLEAN_CAUSAL_LEAVE,2021-10-03 21:10:00+00:00,2021-10-03 21:15:00+00:00,2021-10-03 21:15:00+00:00,2021-10-03 21:40:00+00:00,L2_ARRIVAL,True,25.0
external,BULL,00-04,2021-10-04 00:00:00+00:00,2021-10-04 04:00:00+00:00,48835.25,47608.55,1226.699999999997,47792.555,2021-10-04 02:35:00+00:00,2021-10-04 02:30:00+00:00,True,CLEAN_CAUSAL_LEAVE,2021-10-04 02:35:00+00:00,2021-10-04 02:40:00+00:00,,2021-10-04 02:55:00+00:00,L2_ARRIVAL,False,
external,BULL,04-08,2021-10-04 04:00:00+00:00,2021-10-04 08:00:00+00:00,48268.98,47284.66,984.3199999999997,47432.308000000005,2021-10-04 04:10:00+00:00,2021-10-04 04:05:00+00:00,True,CLEAN_CAUSAL_LEAVE,2021-10-04 04:10:00+00:00,2021-10-04 04:15:00+00:00,2021-10-04 04:20:00+00:00,2021-10-04 08:00:00+00:00,BLOCK_END,False,
external,BULL,00-04,2021-10-06 00:00:00+00:00,2021-10-06 04:00:00+00:00,51888.0,51080.0,808.0,51201.2,2021-10-06 01:10:00+00:00,2021-10-06 01:05:00+00:00,True,CLEAN_CAUSAL_LEAVE,2021-10-06 01:15:00+00:00,2021-10-06 01:20:00+00:00,,2021-10-06 01:20:00+00:00,L2_ARRIVAL,False,
external,BULL,00-04,2021-10-07 00:00:00+00:00,2021-10-07 04:00:00+00:00,55817.0,54840.0,977.0,54986.55,2021-10-07 00:20:00+00:00,2021-10-07 00:15:00+00:00,True,CLEAN_CAUSAL_LEAVE,2021-10-07 00:20:00+00:00,2021-10-07 00:25:00+00:00,2021-10-07 00:25:00+00:00,2021-10-07 00:30:00+00:00,L2_ARRIVAL,True,5.0
external,BULL,04-08,2021-10-08 04:00:00+00:00,2021-10-08 08:00:00+00:00,54450.0,53740.7,709.3000000000029,53847.095,2021-10-08 05:10:00+00:00,2021-10-08 05:05:00+00:00,True,CLEAN_CAUSAL_LEAVE,2021-10-08 05:20:00+00:00,2021-10-08 05:25:00+00:00,2021-10-08 05:25:00+00:00,2021-10-08 07:10:00+00:00,OPPOSITE_HIGH_BREAK,False,
external,BULL,12-16,2021-10-08 12:00:00+00:00,2021-10-08 16:00:00+00:00,56208.73,54785.0,1423.7300000000032,54998.5595,2021-10-08 12:20:00+00:00,2021-10-08 12:15:00+00:00,True,CLEAN_CAUSAL_LEAVE,2021-10-08 12:25:00+00:00,2021-10-08 12:30:00+00:00,2021-10-08 12:30:00+00:00,2021-10-08 12:45:00+00:00,L2_ARRIVAL,True,15.0
external,BULL,00-04,2021-10-09 00:00:00+00:00,2021-10-09 04:00:00+00:00,54798.53,53768.0,1030.5299999999988,53922.5795,2021-10-09 00:10:00+00:00,2021-10-09 00:05:00+00:00,True,CLEAN_CAUSAL_LEAVE,2021-10-09 00:10:00+00:00,2021-10-09 00:15:00+00:00,2021-10-09 01:25:00+00:00,2021-10-09 04:00:00+00:00,BLOCK_END,False,
external,BULL,08-12,2021-10-10 08:00:00+00:00,2021-10-10 12:00:00+00:00,56165.51,54871.85,1293.6600000000035,55065.899,2021-10-10 09:20:00+00:00,2021-10-10 09:15:00+00:00,True,CLEAN_CAUSAL_LEAVE,2021-10-10 09:20:00+00:00,2021-10-10 09:25:00+00:00,2021-10-10 09:25:00+00:00,2021-10-10 09:35:00+00:00,L2_ARRIVAL,True,10.0
external,BULL,12-16,2021-10-10 12:00:00+00:00,2021-10-10 16:00:00+00:00,55980.0,54710.0,1270.0,54900.5,2021-10-10 13:15:00+00:00,2021-10-10 13:10:00+00:00,True,CLEAN_CAUSAL_LEAVE,2021-10-10 13:15:00+00:00,2021-10-10 13:20:00+00:00,,2021-10-10 16:00:00+00:00,BLOCK_END,False,
external,BULL,08-12,2021-10-11 08:00:00+00:00,2021-10-11 12:00:00+00:00,57164.92,56158.31,1006.6100000000006,56309.3015,2021-10-11 11:10:00+00:00,2021-10-11 11:05:00+00:00,False,LOW_BREAK_BEFORE_LEAVE,2021-10-11 11:10:00+00:00,,,2021-10-11 11:10:00+00:00,L2_BREAK,False,
external,BULL,12-16,2021-10-12 12:00:00+00:00,2021-10-12 16:00:00+00:00,57630.0,56707.43,922.5699999999997,56845.8155,2021-10-12 14:50:00+00:00,2021-10-12 14:45:00+00:00,False,LOW_BREAK_BEFORE_LEAVE,2021-10-12 14:55:00+00:00,,,2021-10-12 14:55:00+00:00,L2_BREAK,False,
external,SIDEWAYS,20-00,2021-10-12 20:00:00+00:00,2021-10-13 00:00:00+00:00,56434.28,55151.32,1282.9599999999991,55343.764,2021-10-12 20:05:00+00:00,2021-10-12 20:00:00+00:00,False,LOW_BREAK_BEFORE_LEAVE,2021-10-12 20:05:00+00:00,,,2021-10-12 20:05:00+00:00,L2_BREAK,False,
external,BULL,12-16,2021-10-14 12:00:00+00:00,2021-10-14 16:00:00+00:00,58199.2,57224.7,974.5,57370.875,2021-10-14 15:05:00+00:00,2021-10-14 15:00:00+00:00,False,LOW_BREAK_BEFORE_LEAVE,2021-10-14 15:05:00+00:00,,,2021-10-14 15:05:00+00:00,L2_BREAK,False,
external,BULL,16-20,2021-10-14 16:00:00+00:00,2021-10-14 20:00:00+00:00,57950.0,56980.31,969.6900000000023,57125.7635,2021-10-14 18:30:00+00:00,2021-10-14 18:25:00+00:00,True,CLEAN_CAUSAL_LEAVE,2021-10-14 18:30:00+00:00,2021-10-14 18:35:00+00:00,,2021-10-14 18:55:00+00:00,OPPOSITE_HIGH_BREAK,False,
external,BULL,00-04,2021-10-15 00:00:00+00:00,2021-10-15 04:00:00+00:00,57900.0,57234.17,665.8300000000017,57334.044499999996,2021-10-15 00:10:00+00:00,2021-10-15 00:05:00+00:00,True,CLEAN_CAUSAL_LEAVE,2021-10-15 00:10:00+00:00,2021-10-15 00:15:00+00:00,2021-10-15 00:15:00+00:00,2021-10-15 00:20:00+00:00,L2_ARRIVAL,True,5.0
external,BULL,08-12,2021-10-15 08:00:00+00:00,2021-10-15 12:00:00+00:00,60100.0,59159.93,940.0699999999997,59300.9405,2021-10-15 08:15:00+00:00,2021-10-15 08:10:00+00:00,True,CLEAN_CAUSAL_LEAVE,2021-10-15 08:15:00+00:00,2021-10-15 08:20:00+00:00,2021-10-15 08:20:00+00:00,2021-10-15 08:25:00+00:00,L2_ARRIVAL,True,5.0
external,BULL,08-12,2021-10-16 08:00:00+00:00,2021-10-16 12:00:00+00:00,62444.23,61587.06,857.1700000000055,61715.6355,2021-10-16 08:55:00+00:00,2021-10-16 08:50:00+00:00,True,CLEAN_CAUSAL_LEAVE,2021-10-16 09:05:00+00:00,2021-10-16 09:10:00+00:00,2021-10-16 09:15:00+00:00,2021-10-16 09:30:00+00:00,L2_ARRIVAL,True,15.0
external,BULL,08-12,2021-10-18 08:00:00+00:00,2021-10-18 12:00:00+00:00,62800.0,61806.31,993.6900000000023,61955.3635,2021-10-18 08:15:00+00:00,2021-10-18 08:10:00+00:00,True,CLEAN_CAUSAL_LEAVE,2021-10-18 08:15:00+00:00,2021-10-18 08:20:00+00:00,2021-10-18 08:20:00+00:00,2021-10-18 08:35:00+00:00,L2_ARRIVAL,True,15.0
external,BULL,12-16,2021-10-18 12:00:00+00:00,2021-10-18 16:00:00+00:00,62529.14,60620.0,1909.1399999999994,60906.371,2021-10-18 13:00:00+00:00,2021-10-18 12:55:00+00:00,False,LOW_BREAK_BEFORE_LEAVE,2021-10-18 13:00:00+00:00,,,2021-10-18 13:00:00+00:00,L2_BREAK,False,
external,BULL,08-12,2021-10-19 08:00:00+00:00,2021-10-19 12:00:00+00:00,62870.95,62018.13,852.8199999999997,62146.053,2021-10-19 08:15:00+00:00,2021-10-19 08:10:00+00:00,True,CLEAN_CAUSAL_LEAVE,2021-10-19 08:15:00+00:00,2021-10-19 08:20:00+00:00,2021-10-19 08:25:00+00:00,2021-10-19 08:35:00+00:00,L2_ARRIVAL,True,10.0
external,BULL,20-00,2021-10-20 20:00:00+00:00,2021-10-21 00:00:00+00:00,67024.2,66223.39,800.8099999999977,66343.5115,2021-10-20 20:10:00+00:00,2021-10-20 20:05:00+00:00,False,LOW_BREAK_BEFORE_LEAVE,2021-10-20 20:10:00+00:00,,,2021-10-20 20:10:00+00:00,L2_BREAK,False,
external,BULL,00-04,2021-10-21 00:00:00+00:00,2021-10-21 04:00:00+00:00,66499.43,65535.8,963.6299999999901,65680.3445,2021-10-21 01:30:00+00:00,2021-10-21 01:25:00+00:00,True,CLEAN_CAUSAL_LEAVE,2021-10-21 01:30:00+00:00,2021-10-21 01:35:00+00:00,,2021-10-21 01:35:00+00:00,L2_ARRIVAL,False,
external,SIDEWAYS,20-00,2021-10-21 20:00:00+00:00,2021-10-22 00:00:00+00:00,63701.02,62464.21,1236.8099999999977,62649.7315,2021-10-21 20:35:00+00:00,2021-10-21 20:30:00+00:00,True,CLEAN_CAUSAL_LEAVE,2021-10-21 20:35:00+00:00,2021-10-21 20:40:00+00:00,,2021-10-21 20:40:00+00:00,L2_ARRIVAL,False,
external,BEAR,16-20,2021-10-22 16:00:00+00:00,2021-10-22 20:00:00+00:00,63776.96,60550.0,3226.959999999999,61034.044,2021-10-22 16:05:00+00:00,2021-10-22 16:00:00+00:00,True,CLEAN_CAUSAL_LEAVE,2021-10-22 16:05:00+00:00,2021-10-22 16:10:00+00:00,,2021-10-22 16:10:00+00:00,L2_ARRIVAL,False,
external,BEAR,20-00,2021-10-23 20:00:00+00:00,2021-10-24 00:00:00+00:00,61673.0,60955.02,717.9800000000032,61062.717,2021-10-23 20:10:00+00:00,2021-10-23 20:05:00+00:00,True,CLEAN_CAUSAL_LEAVE,2021-10-23 20:10:00+00:00,2021-10-23 20:15:00+00:00,,2021-10-23 20:15:00+00:00,L2_ARRIVAL,False,
external,BEAR,04-08,2021-10-24 04:00:00+00:00,2021-10-24 08:00:00+00:00,61550.0,60848.13,701.8700000000026,60953.4105,2021-10-24 06:50:00+00:00,2021-10-24 06:45:00+00:00,False,LOW_BREAK_BEFORE_LEAVE,2021-10-24 06:50:00+00:00,,,2021-10-24 06:50:00+00:00,L2_BREAK,False,
external,SIDEWAYS,20-00,2021-10-26 20:00:00+00:00,2021-10-27 00:00:00+00:00,62799.73,61950.0,849.7300000000032,62077.4595,2021-10-26 20:05:00+00:00,2021-10-26 20:00:00+00:00,True,CLEAN_CAUSAL_LEAVE,2021-10-26 20:05:00+00:00,2021-10-26 20:10:00+00:00,2021-10-26 20:40:00+00:00,2021-10-26 20:45:00+00:00,L2_ARRIVAL,True,5.0
external,BEAR,16-20,2021-10-27 16:00:00+00:00,2021-10-27 20:00:00+00:00,59490.0,58292.07,1197.9300000000003,58471.7595,2021-10-27 19:25:00+00:00,2021-10-27 19:20:00+00:00,True,CLEAN_CAUSAL_LEAVE,2021-10-27 19:25:00+00:00,2021-10-27 19:30:00+00:00,,2021-10-27 19:30:00+00:00,L2_ARRIVAL,False,
external,BEAR,00-04,2021-10-28 00:00:00+00:00,2021-10-28 04:00:00+00:00,59652.9,58422.5,1230.4000000000015,58607.06,2021-10-28 00:05:00+00:00,2021-10-28 00:00:00+00:00,True,CLEAN_CAUSAL_LEAVE,2021-10-28 00:05:00+00:00,2021-10-28 00:10:00+00:00,2021-10-28 00:10:00+00:00,2021-10-28 00:50:00+00:00,L2_ARRIVAL,True,40.0
external,SIDEWAYS,16-20,2021-10-28 16:00:00+00:00,2021-10-28 20:00:00+00:00,61900.0,60893.0,1007.0,61044.05,2021-10-28 17:35:00+00:00,2021-10-28 17:30:00+00:00,True,CLEAN_CAUSAL_LEAVE,2021-10-28 17:35:00+00:00,2021-10-28 17:40:00+00:00,2021-10-28 17:50:00+00:00,2021-10-28 18:35:00+00:00,L2_ARRIVAL,True,45.0
external,BEAR,00-04,2021-10-29 00:00:00+00:00,2021-10-29 04:00:00+00:00,62641.26,60364.07,2277.1900000000023,60705.6485,2021-10-29 00:20:00+00:00,2021-10-29 00:15:00+00:00,True,CLEAN_CAUSAL_LEAVE,2021-10-29 00:30:00+00:00,2021-10-29 00:35:00+00:00,2021-10-29 00:40:00+00:00,2021-10-29 04:00:00+00:00,BLOCK_END,False,
external,BULL,00-04,2021-10-30 00:00:00+00:00,2021-10-30 04:00:00+00:00,62778.0,62111.0,667.0,62211.05,2021-10-30 00:25:00+00:00,2021-10-30 00:20:00+00:00,True,CLEAN_CAUSAL_LEAVE,2021-10-30 00:35:00+00:00,2021-10-30 00:40:00+00:00,,2021-10-30 00:40:00+00:00,L2_ARRIVAL,False,
external,BULL,04-08,2021-10-30 04:00:00+00:00,2021-10-30 08:00:00+00:00,62415.85,61661.16,754.689999999995,61774.3635,2021-10-30 04:40:00+00:00,2021-10-30 04:35:00+00:00,False,LOW_BREAK_BEFORE_LEAVE,2021-10-30 04:40:00+00:00,,,2021-10-30 04:40:00+00:00,L2_BREAK,False,
external,BULL,04-08,2021-10-31 04:00:00+00:00,2021-10-31 08:00:00+00:00,62462.99,61642.84,820.1500000000015,61765.862499999996,2021-10-31 04:15:00+00:00,2021-10-31 04:10:00+00:00,True,CLEAN_CAUSAL_LEAVE,2021-10-31 04:15:00+00:00,2021-10-31 04:20:00+00:00,,2021-10-31 04:20:00+00:00,L2_ARRIVAL,False,
external,SIDEWAYS,08-12,2021-10-31 08:00:00+00:00,2021-10-31 12:00:00+00:00,61801.24,61111.0,690.239999999998,61214.536,2021-10-31 08:15:00+00:00,2021-10-31 08:10:00+00:00,False,LOW_BREAK_BEFORE_LEAVE,2021-10-31 08:20:00+00:00,,,2021-10-31 08:20:00+00:00,L2_BREAK,False,
external,SIDEWAYS,12-16,2021-10-31 12:00:00+00:00,2021-10-31 16:00:00+00:00,61435.83,60333.0,1102.8300000000017,60498.4245,2021-10-31 12:05:00+00:00,2021-10-31 12:00:00+00:00,True,CLEAN_CAUSAL_LEAVE,2021-10-31 12:10:00+00:00,2021-10-31 12:15:00+00:00,2021-10-31 12:30:00+00:00,2021-10-31 12:35:00+00:00,L2_ARRIVAL,True,5.0
external,BEAR,04-08,2021-11-01 04:00:00+00:00,2021-11-01 08:00:00+00:00,61794.6,59600.0,2194.5999999999985,59929.19,2021-11-01 04:05:00+00:00,2021-11-01 04:00:00+00:00,True,CLEAN_CAUSAL_LEAVE,2021-11-01 04:05:00+00:00,2021-11-01 04:10:00+00:00,2021-11-01 04:10:00+00:00,2021-11-01 07:10:00+00:00,OPPOSITE_HIGH_BREAK,False,
external,BULL,12-16,2021-11-01 12:00:00+00:00,2021-11-01 16:00:00+00:00,62543.58,61701.04,842.5400000000009,61827.421,2021-11-01 12:50:00+00:00,2021-11-01 12:45:00+00:00,True,CLEAN_CAUSAL_LEAVE,2021-11-01 12:50:00+00:00,2021-11-01 12:55:00+00:00,2021-11-01 13:00:00+00:00,2021-11-01 14:45:00+00:00,L2_ARRIVAL,True,105.0
external,BULL,04-08,2021-11-03 04:00:00+00:00,2021-11-03 08:00:00+00:00,63613.0,62800.0,813.0,62921.95,2021-11-03 05:00:00+00:00,2021-11-03 04:55:00+00:00,True,CLEAN_CAUSAL_LEAVE,2021-11-03 05:00:00+00:00,2021-11-03 05:05:00+00:00,2021-11-03 05:05:00+00:00,2021-11-03 08:00:00+00:00,BLOCK_END,False,
external,BULL,12-16,2021-11-03 12:00:00+00:00,2021-11-03 16:00:00+00:00,63475.81,62930.0,545.8099999999977,63011.8715,2021-11-03 12:15:00+00:00,2021-11-03 12:10:00+00:00,True,CLEAN_CAUSAL_LEAVE,2021-11-03 12:15:00+00:00,2021-11-03 12:20:00+00:00,,2021-11-03 12:20:00+00:00,L2_ARRIVAL,False,
external,SIDEWAYS,16-20,2021-11-03 16:00:00+00:00,2021-11-03 20:00:00+00:00,63201.97,61623.56,1578.4100000000035,61860.3215,2021-11-03 18:05:00+00:00,2021-11-03 18:00:00+00:00,True,CLEAN_CAUSAL_LEAVE,2021-11-03 18:05:00+00:00,2021-11-03 18:10:00+00:00,,2021-11-03 18:55:00+00:00,OPPOSITE_HIGH_BREAK,False,
external,BULL,00-04,2021-11-04 00:00:00+00:00,2021-11-04 04:00:00+00:00,63277.12,62760.34,516.7800000000061,62837.856999999996,2021-11-04 01:05:00+00:00,2021-11-04 01:00:00+00:00,False,LOW_BREAK_BEFORE_LEAVE,2021-11-04 01:05:00+00:00,,,2021-11-04 01:05:00+00:00,L2_BREAK,False,
external,BULL,04-08,2021-11-04 04:00:00+00:00,2021-11-04 08:00:00+00:00,63149.0,62237.0,912.0,62373.8,2021-11-04 07:45:00+00:00,2021-11-04 07:40:00+00:00,False,LOW_BREAK_BEFORE_LEAVE,2021-11-04 07:45:00+00:00,,,2021-11-04 07:45:00+00:00,L2_BREAK,False,
external,SIDEWAYS,08-12,2021-11-04 08:00:00+00:00,2021-11-04 12:00:00+00:00,62880.0,61850.1,1029.9000000000015,62004.585,2021-11-04 08:05:00+00:00,2021-11-04 08:00:00+00:00,True,CLEAN_CAUSAL_LEAVE,2021-11-04 08:10:00+00:00,2021-11-04 08:15:00+00:00,2021-11-04 08:15:00+00:00,2021-11-04 08:35:00+00:00,L2_ARRIVAL,True,20.0
external,BEAR,16-20,2021-11-04 16:00:00+00:00,2021-11-04 20:00:00+00:00,62414.62,60833.2,1581.4200000000055,61070.413,2021-11-04 17:40:00+00:00,2021-11-04 17:35:00+00:00,True,CLEAN_CAUSAL_LEAVE,2021-11-04 17:40:00+00:00,2021-11-04 17:45:00+00:00,2021-11-04 17:45:00+00:00,2021-11-04 18:00:00+00:00,L2_ARRIVAL,True,15.0
external,SIDEWAYS,08-12,2021-11-05 08:00:00+00:00,2021-11-05 12:00:00+00:00,62671.48,61914.91,756.5699999999997,62028.395500000006,2021-11-05 09:35:00+00:00,2021-11-05 09:30:00+00:00,False,LOW_BREAK_BEFORE_LEAVE,2021-11-05 09:35:00+00:00,,,2021-11-05 09:35:00+00:00,L2_BREAK,False,
external,BEAR,12-16,2021-11-05 12:00:00+00:00,2021-11-05 16:00:00+00:00,62309.34,61235.0,1074.3399999999965,61396.151,2021-11-05 12:35:00+00:00,2021-11-05 12:30:00+00:00,True,CLEAN_CAUSAL_LEAVE,2021-11-05 12:35:00+00:00,2021-11-05 12:40:00+00:00,2021-11-05 12:40:00+00:00,2021-11-05 15:05:00+00:00,L2_ARRIVAL,True,145.0
external,BEAR,12-16,2021-11-06 12:00:00+00:00,2021-11-06 16:00:00+00:00,61436.68,60155.0,1281.6800000000003,60347.252,2021-11-06 12:20:00+00:00,2021-11-06 12:15:00+00:00,True,CLEAN_CAUSAL_LEAVE,2021-11-06 12:20:00+00:00,2021-11-06 12:25:00+00:00,2021-11-06 12:45:00+00:00,2021-11-06 16:00:00+00:00,BLOCK_END,False,
external,SIDEWAYS,08-12,2021-11-07 08:00:00+00:00,2021-11-07 12:00:00+00:00,62359.99,61729.31,630.6800000000003,61823.912,2021-11-07 08:20:00+00:00,2021-11-07 08:15:00+00:00,False,LOW_BREAK_BEFORE_LEAVE,2021-11-07 08:20:00+00:00,,,2021-11-07 08:20:00+00:00,L2_BREAK,False,
external,BULL,12-16,2021-11-09 12:00:00+00:00,2021-11-09 16:00:00+00:00,68300.0,67401.83,898.1699999999983,67536.5555,2021-11-09 12:20:00+00:00,2021-11-09 12:15:00+00:00,True,CLEAN_CAUSAL_LEAVE,2021-11-09 12:20:00+00:00,2021-11-09 12:25:00+00:00,2021-11-09 12:30:00+00:00,2021-11-09 14:55:00+00:00,L2_ARRIVAL,True,145.0
external,BULL,12-16,2021-11-10 12:00:00+00:00,2021-11-10 16:00:00+00:00,67186.0,66443.82,742.179999999993,66555.14700000001,2021-11-10 13:00:00+00:00,2021-11-10 12:55:00+00:00,False,LOW_BREAK_BEFORE_LEAVE,2021-11-10 13:00:00+00:00,,,2021-11-10 13:00:00+00:00,L2_BREAK,False,
external,BULL,20-00,2021-11-10 20:00:00+00:00,2021-11-11 00:00:00+00:00,68841.6,66625.0,2216.600000000006,66957.49,2021-11-10 20:05:00+00:00,2021-11-10 20:00:00+00:00,False,LOW_BREAK_BEFORE_LEAVE,2021-11-10 20:10:00+00:00,,,2021-11-10 20:10:00+00:00,L2_BREAK,False,
external,BEAR,00-04,2021-11-12 00:00:00+00:00,2021-11-12 04:00:00+00:00,65364.41,64788.0,576.4100000000035,64874.4615,2021-11-12 00:05:00+00:00,2021-11-12 00:00:00+00:00,False,LOW_BREAK_BEFORE_LEAVE,2021-11-12 00:10:00+00:00,,,2021-11-12 00:10:00+00:00,L2_BREAK,False,
external,BEAR,16-20,2021-11-12 16:00:00+00:00,2021-11-12 20:00:00+00:00,64258.84,62900.0,1358.8399999999965,63103.826,2021-11-12 16:10:00+00:00,2021-11-12 16:05:00+00:00,True,CLEAN_CAUSAL_LEAVE,2021-11-12 16:10:00+00:00,2021-11-12 16:15:00+00:00,2021-11-12 16:20:00+00:00,2021-11-12 16:25:00+00:00,L2_ARRIVAL,True,5.0
external,BEAR,04-08,2021-11-13 04:00:00+00:00,2021-11-13 08:00:00+00:00,64490.0,63610.75,879.25,63742.6375,2021-11-13 04:20:00+00:00,2021-11-13 04:15:00+00:00,True,CLEAN_CAUSAL_LEAVE,2021-11-13 04:20:00+00:00,2021-11-13 04:25:00+00:00,2021-11-13 04:55:00+00:00,2021-11-13 05:35:00+00:00,L2_ARRIVAL,True,40.0
external,BEAR,16-20,2021-11-14 16:00:00+00:00,2021-11-14 20:00:00+00:00,64832.74,64024.6,808.1399999999994,64145.820999999996,2021-11-14 16:10:00+00:00,2021-11-14 16:05:00+00:00,True,CLEAN_CAUSAL_LEAVE,2021-11-14 16:15:00+00:00,2021-11-14 16:20:00+00:00,2021-11-14 16:20:00+00:00,2021-11-14 16:35:00+00:00,L2_ARRIVAL,True,15.0
external,BULL,04-08,2021-11-15 04:00:00+00:00,2021-11-15 08:00:00+00:00,66255.53,65562.96,692.5699999999924,65666.84550000001,2021-11-15 07:45:00+00:00,2021-11-15 07:40:00+00:00,True,CLEAN_CAUSAL_LEAVE,2021-11-15 07:50:00+00:00,2021-11-15 07:55:00+00:00,2021-11-15 07:55:00+00:00,2021-11-15 08:00:00+00:00,BLOCK_END,False,
external,BULL,12-16,2021-11-15 12:00:00+00:00,2021-11-15 16:00:00+00:00,66395.05,65326.39,1068.6600000000035,65486.689,2021-11-15 14:15:00+00:00,2021-11-15 14:10:00+00:00,False,LOW_BREAK_BEFORE_LEAVE,2021-11-15 14:15:00+00:00,,,2021-11-15 14:15:00+00:00,L2_BREAK,False,
external,SIDEWAYS,16-20,2021-11-15 16:00:00+00:00,2021-11-15 20:00:00+00:00,65999.26,64308.0,1691.2599999999948,64561.689,2021-11-15 16:05:00+00:00,2021-11-15 16:00:00+00:00,False,LOW_BREAK_BEFORE_LEAVE,2021-11-15 16:10:00+00:00,,,2021-11-15 16:10:00+00:00,L2_BREAK,False,
external,SIDEWAYS,20-00,2021-11-15 20:00:00+00:00,2021-11-16 00:00:00+00:00,64500.0,63666.0,834.0,63791.1,2021-11-15 21:05:00+00:00,2021-11-15 21:00:00+00:00,True,CLEAN_CAUSAL_LEAVE,2021-11-15 21:05:00+00:00,2021-11-15 21:10:00+00:00,2021-11-15 21:10:00+00:00,2021-11-15 22:10:00+00:00,L2_ARRIVAL,True,60.0
external,BEAR,04-08,2021-11-16 04:00:00+00:00,2021-11-16 08:00:00+00:00,63655.77,60385.0,3270.769999999997,60875.6155,2021-11-16 04:25:00+00:00,2021-11-16 04:20:00+00:00,True,CLEAN_CAUSAL_LEAVE,2021-11-16 04:25:00+00:00,2021-11-16 04:30:00+00:00,2021-11-16 05:40:00+00:00,2021-11-16 06:25:00+00:00,L2_ARRIVAL,True,45.0
external,BEAR,08-12,2021-11-16 08:00:00+00:00,2021-11-16 12:00:00+00:00,61563.11,60283.72,1279.3899999999994,60475.6285,2021-11-16 09:40:00+00:00,2021-11-16 09:35:00+00:00,True,CLEAN_CAUSAL_LEAVE,2021-11-16 09:40:00+00:00,2021-11-16 09:45:00+00:00,2021-11-16 09:45:00+00:00,2021-11-16 09:50:00+00:00,L2_ARRIVAL,True,5.0
external,BEAR,00-04,2021-11-17 00:00:00+00:00,2021-11-17 04:00:00+00:00,61171.76,59143.03,2028.7300000000032,59447.3395,2021-11-17 02:05:00+00:00,2021-11-17 02:00:00+00:00,True,CLEAN_CAUSAL_LEAVE,2021-11-17 02:05:00+00:00,2021-11-17 02:10:00+00:00,2021-11-17 02:10:00+00:00,2021-11-17 03:05:00+00:00,L2_ARRIVAL,True,55.0
external,BEAR,08-12,2021-11-17 08:00:00+00:00,2021-11-17 12:00:00+00:00,60174.0,58600.36,1573.6399999999994,58836.406,2021-11-17 10:40:00+00:00,2021-11-17 10:35:00+00:00,True,CLEAN_CAUSAL_LEAVE,2021-11-17 10:40:00+00:00,2021-11-17 10:45:00+00:00,,2021-11-17 10:50:00+00:00,OPPOSITE_HIGH_BREAK,False,
external,BEAR,04-08,2021-11-18 04:00:00+00:00,2021-11-18 08:00:00+00:00,60999.0,59865.61,1133.3899999999994,60035.6185,2021-11-18 04:05:00+00:00,2021-11-18 04:00:00+00:00,True,CLEAN_CAUSAL_LEAVE,2021-11-18 04:05:00+00:00,2021-11-18 04:10:00+00:00,,2021-11-18 04:10:00+00:00,L2_ARRIVAL,False,
external,BEAR,08-12,2021-11-18 08:00:00+00:00,2021-11-18 12:00:00+00:00,60122.57,59533.54,589.0299999999988,59621.8945,2021-11-18 08:20:00+00:00,2021-11-18 08:15:00+00:00,True,CLEAN_CAUSAL_LEAVE,2021-11-18 08:20:00+00:00,2021-11-18 08:25:00+00:00,2021-11-18 08:35:00+00:00,2021-11-18 08:45:00+00:00,L2_ARRIVAL,True,10.0
external,BEAR,12-16,2021-11-18 12:00:00+00:00,2021-11-18 16:00:00+00:00,59998.17,59002.27,995.9000000000015,59151.655,2021-11-18 13:05:00+00:00,2021-11-18 13:00:00+00:00,True,CLEAN_CAUSAL_LEAVE,2021-11-18 13:05:00+00:00,2021-11-18 13:10:00+00:00,2021-11-18 13:10:00+00:00,2021-11-18 13:15:00+00:00,L2_ARRIVAL,True,5.0
external,BEAR,16-20,2021-11-18 16:00:00+00:00,2021-11-18 20:00:00+00:00,59995.0,57534.99,2460.010000000002,57903.9915,2021-11-18 16:25:00+00:00,2021-11-18 16:20:00+00:00,False,LOW_BREAK_BEFORE_LEAVE,2021-11-18 16:30:00+00:00,,,2021-11-18 16:30:00+00:00,L2_BREAK,False,
external,BEAR,20-00,2021-11-18 20:00:00+00:00,2021-11-19 00:00:00+00:00,58500.0,56600.0,1900.0,56885.0,2021-11-18 23:00:00+00:00,2021-11-18 22:55:00+00:00,False,LOW_BREAK_BEFORE_LEAVE,2021-11-18 23:15:00+00:00,,,2021-11-18 23:15:00+00:00,L2_BREAK,False,
external,BEAR,16-20,2021-11-20 16:00:00+00:00,2021-11-20 20:00:00+00:00,58851.91,57532.0,1319.9100000000035,57729.9865,2021-11-20 16:15:00+00:00,2021-11-20 16:10:00+00:00,False,LOW_BREAK_BEFORE_LEAVE,2021-11-20 16:15:00+00:00,,,2021-11-20 16:15:00+00:00,L2_BREAK,False,
external,SIDEWAYS,00-04,2021-11-21 00:00:00+00:00,2021-11-21 04:00:00+00:00,59873.84,59331.86,541.9799999999959,59413.157,2021-11-21 00:55:00+00:00,2021-11-21 00:50:00+00:00,True,CLEAN_CAUSAL_LEAVE,2021-11-21 00:55:00+00:00,2021-11-21 01:00:00+00:00,2021-11-21 01:00:00+00:00,2021-11-21 01:05:00+00:00,L2_ARRIVAL,True,5.0
external,SIDEWAYS,08-12,2021-11-21 08:00:00+00:00,2021-11-21 12:00:00+00:00,59255.0,58585.28,669.7200000000012,58685.738,2021-11-21 10:45:00+00:00,2021-11-21 10:40:00+00:00,True,CLEAN_CAUSAL_LEAVE,2021-11-21 10:50:00+00:00,2021-11-21 10:55:00+00:00,2021-11-21 11:20:00+00:00,2021-11-21 11:25:00+00:00,L2_ARRIVAL,True,5.0
external,SIDEWAYS,00-04,2021-11-22 00:00:00+00:00,2021-11-22 04:00:00+00:00,59700.0,58550.0,1150.0,58722.5,2021-11-22 00:05:00+00:00,2021-11-22 00:00:00+00:00,False,LOW_BREAK_BEFORE_LEAVE,2021-11-22 00:05:00+00:00,,,2021-11-22 00:05:00+00:00,L2_BREAK,False,
external,BEAR,04-08,2021-11-22 04:00:00+00:00,2021-11-22 08:00:00+00:00,58777.42,57100.0,1677.4199999999983,57351.613,2021-11-22 04:55:00+00:00,2021-11-22 04:50:00+00:00,False,LOW_BREAK_BEFORE_LEAVE,2021-11-22 04:55:00+00:00,,,2021-11-22 04:55:00+00:00,L2_BREAK,False,
external,BEAR,08-12,2021-11-23 08:00:00+00:00,2021-11-23 12:00:00+00:00,57071.53,55849.03,1222.5,56032.405,2021-11-23 08:25:00+00:00,2021-11-23 08:20:00+00:00,True,CLEAN_CAUSAL_LEAVE,2021-11-23 08:25:00+00:00,2021-11-23 08:30:00+00:00,,2021-11-23 08:30:00+00:00,L2_ARRIVAL,False,
external,BEAR,12-16,2021-11-24 12:00:00+00:00,2021-11-24 16:00:00+00:00,57499.02,56333.82,1165.199999999997,56508.6,2021-11-24 13:10:00+00:00,2021-11-24 13:05:00+00:00,True,CLEAN_CAUSAL_LEAVE,2021-11-24 13:10:00+00:00,2021-11-24 13:15:00+00:00,2021-11-24 13:15:00+00:00,2021-11-24 13:45:00+00:00,L2_ARRIVAL,True,30.0
external,SIDEWAYS,04-08,2021-11-25 04:00:00+00:00,2021-11-25 08:00:00+00:00,58369.34,57146.46,1222.8799999999974,57329.892,2021-11-25 05:25:00+00:00,2021-11-25 05:20:00+00:00,True,CLEAN_CAUSAL_LEAVE,2021-11-25 05:25:00+00:00,2021-11-25 05:30:00+00:00,,2021-11-25 05:35:00+00:00,L2_ARRIVAL,False,
external,SIDEWAYS,08-12,2021-11-26 08:00:00+00:00,2021-11-26 12:00:00+00:00,58068.0,56680.18,1387.8199999999997,56888.353,2021-11-26 08:05:00+00:00,2021-11-26 08:00:00+00:00,False,LOW_BREAK_BEFORE_LEAVE,2021-11-26 08:05:00+00:00,,,2021-11-26 08:05:00+00:00,L2_BREAK,False,
external,BEAR,20-00,2021-11-26 20:00:00+00:00,2021-11-27 00:00:00+00:00,54673.74,53935.37,738.3699999999953,54046.1255,2021-11-26 22:05:00+00:00,2021-11-26 22:00:00+00:00,True,CLEAN_CAUSAL_LEAVE,2021-11-26 22:05:00+00:00,2021-11-26 22:10:00+00:00,2021-11-26 22:50:00+00:00,2021-11-26 23:20:00+00:00,L2_ARRIVAL,True,30.0
external,BULL,04-08,2021-11-30 04:00:00+00:00,2021-11-30 08:00:00+00:00,58023.06,56800.16,1222.8999999999942,56983.595,2021-11-30 05:35:00+00:00,2021-11-30 05:30:00+00:00,True,CLEAN_CAUSAL_LEAVE,2021-11-30 05:35:00+00:00,2021-11-30 05:40:00+00:00,,2021-11-30 05:40:00+00:00,L2_ARRIVAL,False,
external,BULL,16-20,2021-11-30 16:00:00+00:00,2021-11-30 20:00:00+00:00,59224.99,57260.0,1964.989999999998,57554.7485,2021-11-30 16:05:00+00:00,2021-11-30 16:00:00+00:00,False,LOW_BREAK_BEFORE_LEAVE,2021-11-30 16:05:00+00:00,,,2021-11-30 16:05:00+00:00,L2_BREAK,False,
external,BULL,00-04,2021-12-01 00:00:00+00:00,2021-12-01 04:00:00+00:00,57812.99,56768.69,1044.2999999999956,56925.335,2021-12-01 00:05:00+00:00,2021-12-01 00:00:00+00:00,True,CLEAN_CAUSAL_LEAVE,2021-12-01 00:05:00+00:00,2021-12-01 00:10:00+00:00,2021-12-01 02:10:00+00:00,2021-12-01 04:00:00+00:00,BLOCK_END,False,
external,BEAR,12-16,2021-12-02 12:00:00+00:00,2021-12-02 16:00:00+00:00,57213.12,56070.24,1142.8800000000047,56241.672,2021-12-02 12:20:00+00:00,2021-12-02 12:15:00+00:00,True,CLEAN_CAUSAL_LEAVE,2021-12-02 12:20:00+00:00,2021-12-02 12:25:00+00:00,2021-12-02 13:25:00+00:00,2021-12-02 15:00:00+00:00,OPPOSITE_HIGH_BREAK,False,
external,BEAR,16-20,2021-12-02 16:00:00+00:00,2021-12-02 20:00:00+00:00,57394.99,56046.2,1348.7900000000009,56248.5185,2021-12-02 16:50:00+00:00,2021-12-02 16:45:00+00:00,True,CLEAN_CAUSAL_LEAVE,2021-12-02 16:50:00+00:00,2021-12-02 16:55:00+00:00,2021-12-02 16:55:00+00:00,2021-12-02 20:00:00+00:00,BLOCK_END,False,
external,BEAR,16-20,2021-12-03 16:00:00+00:00,2021-12-03 20:00:00+00:00,57670.0,55800.0,1870.0,56080.5,2021-12-03 16:05:00+00:00,2021-12-03 16:00:00+00:00,False,LOW_BREAK_BEFORE_LEAVE,2021-12-03 16:05:00+00:00,,,2021-12-03 16:05:00+00:00,L2_BREAK,False,
external,BEAR,20-00,2021-12-03 20:00:00+00:00,2021-12-04 00:00:00+00:00,56026.67,53768.57,2258.0999999999985,54107.284999999996,2021-12-03 20:05:00+00:00,2021-12-03 20:00:00+00:00,False,LOW_BREAK_BEFORE_LEAVE,2021-12-03 20:05:00+00:00,,,2021-12-03 20:05:00+00:00,L2_BREAK,False,
external,BEAR,04-08,2021-12-04 04:00:00+00:00,2021-12-04 08:00:00+00:00,53889.69,52002.79,1886.9000000000015,52285.825000000004,2021-12-04 04:05:00+00:00,2021-12-04 04:00:00+00:00,True,CLEAN_CAUSAL_LEAVE,2021-12-04 04:05:00+00:00,2021-12-04 04:10:00+00:00,2021-12-04 04:10:00+00:00,2021-12-04 04:40:00+00:00,L2_ARRIVAL,True,30.0
external,BEAR,08-12,2021-12-05 08:00:00+00:00,2021-12-05 12:00:00+00:00,49642.84,48805.0,837.8399999999965,48930.676,2021-12-05 09:20:00+00:00,2021-12-05 09:15:00+00:00,True,CLEAN_CAUSAL_LEAVE,2021-12-05 09:25:00+00:00,2021-12-05 09:30:00+00:00,2021-12-05 09:35:00+00:00,2021-12-05 12:00:00+00:00,BLOCK_END,False,
external,SIDEWAYS,04-08,2021-12-08 04:00:00+00:00,2021-12-08 08:00:00+00:00,50789.38,50105.0,684.3799999999974,50207.657,2021-12-08 04:05:00+00:00,2021-12-08 04:00:00+00:00,True,CLEAN_CAUSAL_LEAVE,2021-12-08 04:05:00+00:00,2021-12-08 04:10:00+00:00,2021-12-08 04:25:00+00:00,2021-12-08 04:35:00+00:00,L2_ARRIVAL,True,10.0
external,BEAR,16-20,2021-12-09 16:00:00+00:00,2021-12-09 20:00:00+00:00,49646.12,48062.5,1583.6200000000026,48300.043,2021-12-09 18:25:00+00:00,2021-12-09 18:20:00+00:00,False,LOW_BREAK_BEFORE_LEAVE,2021-12-09 18:25:00+00:00,,,2021-12-09 18:25:00+00:00,L2_BREAK,False,
external,BEAR,00-04,2021-12-11 00:00:00+00:00,2021-12-11 04:00:00+00:00,48525.55,46828.23,1697.3199999999997,47082.828,2021-12-11 00:20:00+00:00,2021-12-11 00:15:00+00:00,True,CLEAN_CAUSAL_LEAVE,2021-12-11 00:20:00+00:00,2021-12-11 00:25:00+00:00,,2021-12-11 03:15:00+00:00,OPPOSITE_HIGH_BREAK,False,
external,BULL,00-04,2021-12-13 00:00:00+00:00,2021-12-13 04:00:00+00:00,50538.86,49863.56,675.3000000000029,49964.854999999996,2021-12-13 00:25:00+00:00,2021-12-13 00:20:00+00:00,False,LOW_BREAK_BEFORE_LEAVE,2021-12-13 00:30:00+00:00,,,2021-12-13 00:30:00+00:00,L2_BREAK,False,
external,SIDEWAYS,08-12,2021-12-13 08:00:00+00:00,2021-12-13 12:00:00+00:00,49329.45,48555.72,773.7299999999959,48671.779500000004,2021-12-13 08:10:00+00:00,2021-12-13 08:05:00+00:00,True,CLEAN_CAUSAL_LEAVE,2021-12-13 08:10:00+00:00,2021-12-13 08:15:00+00:00,2021-12-13 10:05:00+00:00,2021-12-13 10:35:00+00:00,L2_ARRIVAL,True,30.0
external,BEAR,16-20,2021-12-13 16:00:00+00:00,2021-12-13 20:00:00+00:00,48990.57,47000.0,1990.5699999999997,47298.5855,2021-12-13 16:05:00+00:00,2021-12-13 16:00:00+00:00,True,CLEAN_CAUSAL_LEAVE,2021-12-13 16:05:00+00:00,2021-12-13 16:10:00+00:00,2021-12-13 16:10:00+00:00,2021-12-13 16:20:00+00:00,L2_ARRIVAL,True,10.0
external,BEAR,16-20,2021-12-14 16:00:00+00:00,2021-12-14 20:00:00+00:00,47958.62,46590.0,1368.6200000000026,46795.293,2021-12-14 16:25:00+00:00,2021-12-14 16:20:00+00:00,True,CLEAN_CAUSAL_LEAVE,2021-12-14 16:25:00+00:00,2021-12-14 16:30:00+00:00,2021-12-14 16:50:00+00:00,2021-12-14 17:50:00+00:00,L2_ARRIVAL,True,60.0
external,SIDEWAYS,12-16,2021-12-15 12:00:00+00:00,2021-12-15 16:00:00+00:00,48763.23,48069.85,693.3800000000047,48173.856999999996,2021-12-15 12:05:00+00:00,2021-12-15 12:00:00+00:00,True,CLEAN_CAUSAL_LEAVE,2021-12-15 12:05:00+00:00,2021-12-15 12:10:00+00:00,2021-12-15 12:20:00+00:00,2021-12-15 12:30:00+00:00,L2_ARRIVAL,True,10.0
external,BEAR,16-20,2021-12-15 16:00:00+00:00,2021-12-15 20:00:00+00:00,48300.0,46545.21,1754.7900000000009,46808.4285,2021-12-15 16:05:00+00:00,2021-12-15 16:00:00+00:00,True,CLEAN_CAUSAL_LEAVE,2021-12-15 16:05:00+00:00,2021-12-15 16:10:00+00:00,2021-12-15 16:10:00+00:00,2021-12-15 19:00:00+00:00,OPPOSITE_HIGH_BREAK,False,
external,SIDEWAYS,00-04,2021-12-17 00:00:00+00:00,2021-12-17 04:00:00+00:00,48400.75,47500.0,900.75,47635.1125,2021-12-17 00:05:00+00:00,2021-12-17 00:00:00+00:00,True,CLEAN_CAUSAL_LEAVE,2021-12-17 00:05:00+00:00,2021-12-17 00:10:00+00:00,2021-12-17 00:20:00+00:00,2021-12-17 04:00:00+00:00,BLOCK_END,False,
external,BEAR,20-00,2021-12-17 20:00:00+00:00,2021-12-18 00:00:00+00:00,47430.0,46351.41,1078.5899999999965,46513.198500000006,2021-12-17 20:30:00+00:00,2021-12-17 20:25:00+00:00,False,LOW_BREAK_BEFORE_LEAVE,2021-12-17 20:30:00+00:00,,,2021-12-17 20:30:00+00:00,L2_BREAK,False,
external,BEAR,00-04,2021-12-18 00:00:00+00:00,2021-12-18 04:00:00+00:00,47090.38,45500.0,1590.3799999999974,45738.557,2021-12-18 02:10:00+00:00,2021-12-18 02:05:00+00:00,True,CLEAN_CAUSAL_LEAVE,2021-12-18 02:10:00+00:00,2021-12-18 02:15:00+00:00,2021-12-18 02:30:00+00:00,2021-12-18 04:00:00+00:00,BLOCK_END,False,
external,SIDEWAYS,08-12,2021-12-19 08:00:00+00:00,2021-12-19 12:00:00+00:00,48055.0,47422.24,632.760000000002,47517.153999999995,2021-12-19 08:40:00+00:00,2021-12-19 08:35:00+00:00,True,CLEAN_CAUSAL_LEAVE,2021-12-19 08:40:00+00:00,2021-12-19 08:45:00+00:00,2021-12-19 08:45:00+00:00,2021-12-19 09:05:00+00:00,L2_ARRIVAL,True,20.0
external,BEAR,04-08,2021-12-20 04:00:00+00:00,2021-12-20 08:00:00+00:00,47203.22,46200.0,1003.2200000000012,46350.483,2021-12-20 07:15:00+00:00,2021-12-20 07:10:00+00:00,True,CLEAN_CAUSAL_LEAVE,2021-12-20 07:20:00+00:00,2021-12-20 07:25:00+00:00,2021-12-20 07:25:00+00:00,2021-12-20 08:00:00+00:00,BLOCK_END,False,
external,BEAR,12-16,2021-12-20 12:00:00+00:00,2021-12-20 16:00:00+00:00,46548.04,45736.0,812.0400000000009,45857.806,2021-12-20 12:30:00+00:00,2021-12-20 12:25:00+00:00,True,CLEAN_CAUSAL_LEAVE,2021-12-20 12:35:00+00:00,2021-12-20 12:40:00+00:00,2021-12-20 12:40:00+00:00,2021-12-20 12:45:00+00:00,L2_ARRIVAL,True,5.0
external,BULL,12-16,2021-12-24 12:00:00+00:00,2021-12-24 16:00:00+00:00,51453.07,50837.03,616.0400000000009,50929.436,2021-12-24 12:10:00+00:00,2021-12-24 12:05:00+00:00,True,CLEAN_CAUSAL_LEAVE,2021-12-24 12:10:00+00:00,2021-12-24 12:15:00+00:00,2021-12-24 12:25:00+00:00,2021-12-24 12:40:00+00:00,L2_ARRIVAL,True,15.0
external,BULL,20-00,2021-12-24 20:00:00+00:00,2021-12-25 00:00:00+00:00,51805.0,50720.0,1085.0,50882.75,2021-12-24 22:10:00+00:00,2021-12-24 22:05:00+00:00,True,CLEAN_CAUSAL_LEAVE,2021-12-24 22:10:00+00:00,2021-12-24 22:15:00+00:00,,2021-12-24 22:15:00+00:00,L2_ARRIVAL,False,
external,BULL,00-04,2021-12-26 00:00:00+00:00,2021-12-26 04:00:00+00:00,51080.0,50341.41,738.5899999999965,50452.198500000006,2021-12-26 00:05:00+00:00,2021-12-26 00:00:00+00:00,True,CLEAN_CAUSAL_LEAVE,2021-12-26 00:05:00+00:00,2021-12-26 00:10:00+00:00,2021-12-26 00:10:00+00:00,2021-12-26 00:40:00+00:00,L2_ARRIVAL,True,30.0
external,BULL,20-00,2021-12-26 20:00:00+00:00,2021-12-27 00:00:00+00:00,50450.0,50004.15,445.84999999999854,50071.027500000004,2021-12-26 21:15:00+00:00,2021-12-26 21:10:00+00:00,True,CLEAN_CAUSAL_LEAVE,2021-12-26 21:20:00+00:00,2021-12-26 21:25:00+00:00,,2021-12-26 21:30:00+00:00,OPPOSITE_HIGH_BREAK,False,
external,BULL,20-00,2021-12-27 20:00:00+00:00,2021-12-28 00:00:00+00:00,52134.0,51200.0,934.0,51340.1,2021-12-27 20:05:00+00:00,2021-12-27 20:00:00+00:00,True,CLEAN_CAUSAL_LEAVE,2021-12-27 20:05:00+00:00,2021-12-27 20:10:00+00:00,2021-12-27 20:10:00+00:00,2021-12-27 20:15:00+00:00,L2_ARRIVAL,True,5.0
external,BULL,00-04,2021-12-28 00:00:00+00:00,2021-12-28 04:00:00+00:00,51365.0,50620.02,744.9800000000032,50731.767,2021-12-28 00:05:00+00:00,2021-12-28 00:00:00+00:00,False,LOW_BREAK_BEFORE_LEAVE,2021-12-28 00:05:00+00:00,,,2021-12-28 00:05:00+00:00,L2_BREAK,False,
external,BEAR,16-20,2021-12-28 16:00:00+00:00,2021-12-28 20:00:00+00:00,49360.99,48113.26,1247.729999999996,48300.4195,2021-12-28 16:30:00+00:00,2021-12-28 16:25:00+00:00,True,CLEAN_CAUSAL_LEAVE,2021-12-28 16:30:00+00:00,2021-12-28 16:35:00+00:00,2021-12-28 17:10:00+00:00,2021-12-28 17:25:00+00:00,L2_ARRIVAL,True,15.0
external,BEAR,00-04,2021-12-30 00:00:00+00:00,2021-12-30 04:00:00+00:00,47706.52,46000.0,1706.5199999999968,46255.978,2021-12-30 00:20:00+00:00,2021-12-30 00:15:00+00:00,True,CLEAN_CAUSAL_LEAVE,2021-12-30 00:25:00+00:00,2021-12-30 00:30:00+00:00,2021-12-30 02:05:00+00:00,2021-12-30 04:00:00+00:00,BLOCK_END,False,
external,BEAR,16-20,2021-12-30 16:00:00+00:00,2021-12-30 20:00:00+00:00,47694.1,47101.09,593.010000000002,47190.0415,2021-12-30 16:05:00+00:00,2021-12-30 16:00:00+00:00,True,CLEAN_CAUSAL_LEAVE,2021-12-30 16:05:00+00:00,2021-12-30 16:10:00+00:00,2021-12-30 16:10:00+00:00,2021-12-30 18:50:00+00:00,OPPOSITE_HIGH_BREAK,False,
external,BEAR,20-00,2021-12-30 20:00:00+00:00,2021-12-31 00:00:00+00:00,47911.68,47058.19,853.489999999998,47186.213500000005,2021-12-30 21:00:00+00:00,2021-12-30 20:55:00+00:00,False,LOW_BREAK_BEFORE_LEAVE,2021-12-30 21:00:00+00:00,,,2021-12-30 21:00:00+00:00,L2_BREAK,False,
external,BEAR,20-00,2021-12-31 20:00:00+00:00,2022-01-01 00:00:00+00:00,48110.35,45656.0,2454.3499999999985,46024.1525,2021-12-31 20:05:00+00:00,2021-12-31 20:00:00+00:00,True,CLEAN_CAUSAL_LEAVE,2021-12-31 20:05:00+00:00,2021-12-31 20:10:00+00:00,2021-12-31 20:15:00+00:00,2022-01-01 00:00:00+00:00,BLOCK_END,False,
development,BEAR,00-04,2022-01-03 00:00:00+00:00,2022-01-03 04:00:00+00:00,47469.46,46815.75,653.7099999999991,46913.8065,2022-01-03 03:40:00+00:00,2022-01-03 03:35:00+00:00,False,LOW_BREAK_BEFORE_LEAVE,2022-01-03 03:40:00+00:00,,,2022-01-03 03:40:00+00:00,L2_BREAK,False,
development,BEAR,16-20,2022-01-03 16:00:00+00:00,2022-01-03 20:00:00+00:00,47575.22,46560.0,1015.2200000000012,46712.283,2022-01-03 16:10:00+00:00,2022-01-03 16:05:00+00:00,True,CLEAN_CAUSAL_LEAVE,2022-01-03 16:10:00+00:00,2022-01-03 16:15:00+00:00,,2022-01-03 16:15:00+00:00,L2_ARRIVAL,False,
development,BEAR,00-04,2022-01-05 00:00:00+00:00,2022-01-05 04:00:00+00:00,46430.38,45750.0,680.3799999999974,45852.057,2022-01-05 00:05:00+00:00,2022-01-05 00:00:00+00:00,True,CLEAN_CAUSAL_LEAVE,2022-01-05 00:10:00+00:00,2022-01-05 00:15:00+00:00,,2022-01-05 03:10:00+00:00,OPPOSITE_HIGH_BREAK,False,
development,BEAR,08-12,2022-01-06 08:00:00+00:00,2022-01-06 12:00:00+00:00,43258.82,42566.73,692.0899999999965,42670.5435,2022-01-06 09:40:00+00:00,2022-01-06 09:35:00+00:00,True,CLEAN_CAUSAL_LEAVE,2022-01-06 09:40:00+00:00,2022-01-06 09:45:00+00:00,2022-01-06 09:50:00+00:00,2022-01-06 09:55:00+00:00,L2_ARRIVAL,True,5.0
development,BEAR,12-16,2022-01-07 12:00:00+00:00,2022-01-07 16:00:00+00:00,42960.0,41601.96,1358.0400000000009,41805.666,2022-01-07 13:40:00+00:00,2022-01-07 13:35:00+00:00,False,LOW_BREAK_BEFORE_LEAVE,2022-01-07 13:40:00+00:00,,,2022-01-07 13:40:00+00:00,L2_BREAK,False,
development,BEAR,16-20,2022-01-08 16:00:00+00:00,2022-01-08 20:00:00+00:00,42040.23,41300.0,740.2300000000032,41411.0345,2022-01-08 16:35:00+00:00,2022-01-08 16:30:00+00:00,True,CLEAN_CAUSAL_LEAVE,2022-01-08 16:35:00+00:00,2022-01-08 16:40:00+00:00,2022-01-08 16:40:00+00:00,2022-01-08 16:55:00+00:00,L2_ARRIVAL,True,15.0
development,BEAR,00-04,2022-01-10 00:00:00+00:00,2022-01-10 04:00:00+00:00,42773.85,41755.0,1018.8499999999985,41907.8275,2022-01-10 00:10:00+00:00,2022-01-10 00:05:00+00:00,True,CLEAN_CAUSAL_LEAVE,2022-01-10 00:10:00+00:00,2022-01-10 00:15:00+00:00,2022-01-10 00:15:00+00:00,2022-01-10 00:40:00+00:00,L2_ARRIVAL,True,25.0
development,BEAR,12-16,2022-01-10 12:00:00+00:00,2022-01-10 16:00:00+00:00,42098.52,41422.0,676.5199999999968,41523.478,2022-01-10 12:10:00+00:00,2022-01-10 12:05:00+00:00,False,LOW_BREAK_BEFORE_LEAVE,2022-01-10 12:10:00+00:00,,,2022-01-10 12:10:00+00:00,L2_BREAK,False,
development,BULL,00-04,2022-01-12 00:00:00+00:00,2022-01-12 04:00:00+00:00,43080.52,42586.58,493.93999999999505,42660.671,2022-01-12 00:50:00+00:00,2022-01-12 00:45:00+00:00,True,CLEAN_CAUSAL_LEAVE,2022-01-12 00:50:00+00:00,2022-01-12 00:55:00+00:00,2022-01-12 00:55:00+00:00,2022-01-12 01:10:00+00:00,L2_ARRIVAL,True,15.0
development,BEAR,12-16,2022-01-14 12:00:00+00:00,2022-01-14 16:00:00+00:00,42687.35,41807.22,880.1299999999974,41939.2395,2022-01-14 12:15:00+00:00,2022-01-14 12:10:00+00:00,True,CLEAN_CAUSAL_LEAVE,2022-01-14 12:15:00+00:00,2022-01-14 12:20:00+00:00,,2022-01-14 14:45:00+00:00,OPPOSITE_HIGH_BREAK,False,
development,BULL,00-04,2022-01-15 00:00:00+00:00,2022-01-15 04:00:00+00:00,43450.0,42976.94,473.0599999999977,43047.899000000005,2022-01-15 00:10:00+00:00,2022-01-15 00:05:00+00:00,True,CLEAN_CAUSAL_LEAVE,2022-01-15 00:15:00+00:00,2022-01-15 00:20:00+00:00,,2022-01-15 00:20:00+00:00,L2_ARRIVAL,False,
development,SIDEWAYS,20-00,2022-01-16 20:00:00+00:00,2022-01-17 00:00:00+00:00,43464.71,42768.87,695.8399999999965,42873.246,2022-01-16 20:05:00+00:00,2022-01-16 20:00:00+00:00,True,CLEAN_CAUSAL_LEAVE,2022-01-16 20:10:00+00:00,2022-01-16 20:15:00+00:00,,2022-01-17 00:00:00+00:00,BLOCK_END,False,
development,BULL,00-04,2022-01-17 00:00:00+00:00,2022-01-17 04:00:00+00:00,43250.0,42731.07,518.9300000000003,42808.9095,2022-01-17 03:35:00+00:00,2022-01-17 03:30:00+00:00,False,LOW_BREAK_BEFORE_LEAVE,2022-01-17 03:45:00+00:00,,,2022-01-17 03:45:00+00:00,L2_BREAK,False,
development,BEAR,04-08,2022-01-17 04:00:00+00:00,2022-01-17 08:00:00+00:00,43159.32,42606.0,553.3199999999997,42688.998,2022-01-17 04:05:00+00:00,2022-01-17 04:00:00+00:00,True,CLEAN_CAUSAL_LEAVE,2022-01-17 04:05:00+00:00,2022-01-17 04:10:00+00:00,2022-01-17 04:10:00+00:00,2022-01-17 04:40:00+00:00,L2_ARRIVAL,True,30.0
development,BEAR,16-20,2022-01-17 16:00:00+00:00,2022-01-17 20:00:00+00:00,42768.95,42345.78,423.16999999999825,42409.2555,2022-01-17 16:10:00+00:00,2022-01-17 16:05:00+00:00,False,LOW_BREAK_BEFORE_LEAVE,2022-01-17 16:10:00+00:00,,,2022-01-17 16:10:00+00:00,L2_BREAK,False,
development,BEAR,12-16,2022-01-18 12:00:00+00:00,2022-01-18 16:00:00+00:00,42040.0,41379.39,660.6100000000006,41478.4815,2022-01-18 14:30:00+00:00,2022-01-18 14:25:00+00:00,False,LOW_BREAK_BEFORE_LEAVE,2022-01-18 14:30:00+00:00,,,2022-01-18 14:30:00+00:00,L2_BREAK,False,
development,BEAR,08-12,2022-01-19 08:00:00+00:00,2022-01-19 12:00:00+00:00,41835.97,41133.73,702.239999999998,41239.066000000006,2022-01-19 08:40:00+00:00,2022-01-19 08:35:00+00:00,True,CLEAN_CAUSAL_LEAVE,2022-01-19 08:40:00+00:00,2022-01-19 08:45:00+00:00,,2022-01-19 11:10:00+00:00,OPPOSITE_HIGH_BREAK,False,
development,BEAR,00-04,2022-01-21 00:00:00+00:00,2022-01-21 04:00:00+00:00,42975.3,40550.0,2425.300000000003,40913.795,2022-01-21 00:05:00+00:00,2022-01-21 00:00:00+00:00,True,CLEAN_CAUSAL_LEAVE,2022-01-21 00:15:00+00:00,2022-01-21 00:20:00+00:00,2022-01-21 00:25:00+00:00,2022-01-21 01:35:00+00:00,L2_ARRIVAL,True,70.0
development,BEAR,20-00,2022-01-21 20:00:00+00:00,2022-01-22 00:00:00+00:00,39045.0,37805.0,1240.0,37991.0,2022-01-21 20:10:00+00:00,2022-01-21 20:05:00+00:00,False,LOW_BREAK_BEFORE_LEAVE,2022-01-21 20:10:00+00:00,,,2022-01-21 20:10:00+00:00,L2_BREAK,False,
development,BEAR,04-08,2022-01-22 04:00:00+00:00,2022-01-22 08:00:00+00:00,36817.74,35947.2,870.5400000000009,36077.780999999995,2022-01-22 05:40:00+00:00,2022-01-22 05:35:00+00:00,False,LOW_BREAK_BEFORE_LEAVE,2022-01-22 05:40:00+00:00,,,2022-01-22 05:40:00+00:00,L2_BREAK,False,
development,BEAR,08-12,2022-01-22 08:00:00+00:00,2022-01-22 12:00:00+00:00,36411.75,35101.0,1310.75,35297.6125,2022-01-22 09:45:00+00:00,2022-01-22 09:40:00+00:00,False,LOW_BREAK_BEFORE_LEAVE,2022-01-22 09:45:00+00:00,,,2022-01-22 09:45:00+00:00,L2_BREAK,False,
development,BEAR,16-20,2022-01-23 16:00:00+00:00,2022-01-23 20:00:00+00:00,36055.0,35021.12,1033.8799999999974,35176.202000000005,2022-01-23 18:30:00+00:00,2022-01-23 18:25:00+00:00,True,CLEAN_CAUSAL_LEAVE,2022-01-23 18:35:00+00:00,2022-01-23 18:40:00+00:00,2022-01-23 18:40:00+00:00,2022-01-23 18:45:00+00:00,L2_ARRIVAL,True,5.0
development,BEAR,12-16,2022-01-24 12:00:00+00:00,2022-01-24 16:00:00+00:00,35580.0,33005.33,2574.6699999999983,33391.5305,2022-01-24 13:00:00+00:00,2022-01-24 12:55:00+00:00,True,CLEAN_CAUSAL_LEAVE,2022-01-24 13:05:00+00:00,2022-01-24 13:10:00+00:00,2022-01-24 13:15:00+00:00,2022-01-24 16:00:00+00:00,BLOCK_END,False,
development,BULL,20-00,2022-01-25 20:00:00+00:00,2022-01-26 00:00:00+00:00,37561.03,36480.52,1080.510000000002,36642.5965,2022-01-25 21:40:00+00:00,2022-01-25 21:35:00+00:00,True,CLEAN_CAUSAL_LEAVE,2022-01-25 21:40:00+00:00,2022-01-25 21:45:00+00:00,,2022-01-25 21:50:00+00:00,L2_ARRIVAL,False,
development,BULL,16-20,2022-01-26 16:00:00+00:00,2022-01-26 20:00:00+00:00,38485.39,37566.0,919.3899999999994,37703.9085,2022-01-26 18:10:00+00:00,2022-01-26 18:05:00+00:00,True,CLEAN_CAUSAL_LEAVE,2022-01-26 18:10:00+00:00,2022-01-26 18:15:00+00:00,2022-01-26 18:20:00+00:00,2022-01-26 19:00:00+00:00,OPPOSITE_HIGH_BREAK,False,
development,BULL,08-12,2022-01-29 08:00:00+00:00,2022-01-29 12:00:00+00:00,37939.0,37575.06,363.9400000000023,37629.651,2022-01-29 09:10:00+00:00,2022-01-29 09:05:00+00:00,True,CLEAN_CAUSAL_LEAVE,2022-01-29 09:10:00+00:00,2022-01-29 09:15:00+00:00,,2022-01-29 09:15:00+00:00,L2_ARRIVAL,False,
development,BULL,00-04,2022-01-30 00:00:00+00:00,2022-01-30 04:00:00+00:00,38750.94,37807.9,943.0400000000009,37949.356,2022-01-30 00:45:00+00:00,2022-01-30 00:40:00+00:00,True,CLEAN_CAUSAL_LEAVE,2022-01-30 00:50:00+00:00,2022-01-30 00:55:00+00:00,,2022-01-30 00:55:00+00:00,L2_ARRIVAL,False,
development,BEAR,12-16,2022-02-03 12:00:00+00:00,2022-02-03 16:00:00+00:00,37084.63,36250.0,834.6299999999974,36375.1945,2022-02-03 12:30:00+00:00,2022-02-03 12:25:00+00:00,True,CLEAN_CAUSAL_LEAVE,2022-02-03 12:35:00+00:00,2022-02-03 12:40:00+00:00,,2022-02-03 16:00:00+00:00,BLOCK_END,False,
development,BULL,08-12,2022-02-05 08:00:00+00:00,2022-02-05 12:00:00+00:00,41752.46,41352.85,399.6100000000006,41412.7915,2022-02-05 08:05:00+00:00,2022-02-05 08:00:00+00:00,True,CLEAN_CAUSAL_LEAVE,2022-02-05 08:05:00+00:00,2022-02-05 08:10:00+00:00,2022-02-05 08:25:00+00:00,2022-02-05 08:35:00+00:00,L2_ARRIVAL,True,10.0
development,BULL,16-20,2022-02-05 16:00:00+00:00,2022-02-05 20:00:00+00:00,41875.43,41300.0,575.4300000000003,41386.3145,2022-02-05 16:55:00+00:00,2022-02-05 16:50:00+00:00,False,LOW_BREAK_BEFORE_LEAVE,2022-02-05 16:55:00+00:00,,,2022-02-05 16:55:00+00:00,L2_BREAK,False,
development,BULL,00-04,2022-02-06 00:00:00+00:00,2022-02-06 04:00:00+00:00,41765.0,41316.72,448.27999999999884,41383.962,2022-02-06 00:35:00+00:00,2022-02-06 00:30:00+00:00,True,CLEAN_CAUSAL_LEAVE,2022-02-06 00:35:00+00:00,2022-02-06 00:40:00+00:00,2022-02-06 00:40:00+00:00,2022-02-06 04:00:00+00:00,BLOCK_END,False,
development,BULL,04-08,2022-02-06 04:00:00+00:00,2022-02-06 08:00:00+00:00,41633.08,41313.01,320.0699999999997,41361.0205,2022-02-06 04:20:00+00:00,2022-02-06 04:15:00+00:00,True,CLEAN_CAUSAL_LEAVE,2022-02-06 04:20:00+00:00,2022-02-06 04:25:00+00:00,,2022-02-06 07:45:00+00:00,OPPOSITE_HIGH_BREAK,False,
development,BULL,08-12,2022-02-07 08:00:00+00:00,2022-02-07 12:00:00+00:00,43092.0,42540.65,551.3499999999985,42623.3525,2022-02-07 08:20:00+00:00,2022-02-07 08:15:00+00:00,True,CLEAN_CAUSAL_LEAVE,2022-02-07 08:25:00+00:00,2022-02-07 08:30:00+00:00,,2022-02-07 08:30:00+00:00,L2_ARRIVAL,False,
development,BULL,08-12,2022-02-08 08:00:00+00:00,2022-02-08 12:00:00+00:00,45600.0,44063.38,1536.6200000000026,44293.873,2022-02-08 08:20:00+00:00,2022-02-08 08:15:00+00:00,True,CLEAN_CAUSAL_LEAVE,2022-02-08 08:20:00+00:00,2022-02-08 08:25:00+00:00,,2022-02-08 08:30:00+00:00,L2_ARRIVAL,False,
development,BULL,16-20,2022-02-08 16:00:00+00:00,2022-02-08 20:00:00+00:00,43978.64,42822.0,1156.6399999999994,42995.496,2022-02-08 17:30:00+00:00,2022-02-08 17:25:00+00:00,False,LOW_BREAK_BEFORE_LEAVE,2022-02-08 17:30:00+00:00,,,2022-02-08 17:30:00+00:00,L2_BREAK,False,
development,BULL,16-20,2022-02-09 16:00:00+00:00,2022-02-09 20:00:00+00:00,44436.44,43600.0,836.4400000000023,43725.466,2022-02-09 16:05:00+00:00,2022-02-09 16:00:00+00:00,True,CLEAN_CAUSAL_LEAVE,2022-02-09 16:05:00+00:00,2022-02-09 16:10:00+00:00,2022-02-09 16:10:00+00:00,2022-02-09 19:25:00+00:00,OPPOSITE_HIGH_BREAK,False,
development,BULL,04-08,2022-02-10 04:00:00+00:00,2022-02-10 08:00:00+00:00,44386.48,43550.0,836.4800000000032,43675.472,2022-02-10 04:55:00+00:00,2022-02-10 04:50:00+00:00,True,CLEAN_CAUSAL_LEAVE,2022-02-10 04:55:00+00:00,2022-02-10 05:00:00+00:00,,2022-02-10 08:00:00+00:00,BLOCK_END,False,
development,BULL,20-00,2022-02-10 20:00:00+00:00,2022-02-11 00:00:00+00:00,45847.5,44311.39,1536.1100000000006,44541.8065,2022-02-10 20:05:00+00:00,2022-02-10 20:00:00+00:00,True,CLEAN_CAUSAL_LEAVE,2022-02-10 20:05:00+00:00,2022-02-10 20:10:00+00:00,2022-02-10 20:10:00+00:00,2022-02-10 20:15:00+00:00,L2_ARRIVAL,True,5.0
development,BEAR,20-00,2022-02-11 20:00:00+00:00,2022-02-12 00:00:00+00:00,43746.52,42046.11,1700.4099999999962,42301.1715,2022-02-11 22:55:00+00:00,2022-02-11 22:50:00+00:00,True,CLEAN_CAUSAL_LEAVE,2022-02-11 23:00:00+00:00,2022-02-11 23:05:00+00:00,,2022-02-11 23:05:00+00:00,L2_ARRIVAL,False,
development,BEAR,12-16,2022-02-12 12:00:00+00:00,2022-02-12 16:00:00+00:00,42440.73,41838.68,602.0500000000029,41928.9875,2022-02-12 14:45:00+00:00,2022-02-12 14:40:00+00:00,True,CLEAN_CAUSAL_LEAVE,2022-02-12 14:45:00+00:00,2022-02-12 14:50:00+00:00,2022-02-12 14:50:00+00:00,2022-02-12 15:15:00+00:00,L2_ARRIVAL,True,25.0
development,BEAR,20-00,2022-02-12 20:00:00+00:00,2022-02-13 00:00:00+00:00,42980.0,41981.72,998.2799999999988,42131.462,2022-02-12 21:35:00+00:00,2022-02-12 21:30:00+00:00,False,LOW_BREAK_BEFORE_LEAVE,2022-02-12 21:40:00+00:00,,,2022-02-12 21:40:00+00:00,L2_BREAK,False,
development,BEAR,16-20,2022-02-13 16:00:00+00:00,2022-02-13 20:00:00+00:00,42755.97,42158.01,597.9599999999991,42247.704000000005,2022-02-13 17:05:00+00:00,2022-02-13 17:00:00+00:00,False,LOW_BREAK_BEFORE_LEAVE,2022-02-13 17:10:00+00:00,,,2022-02-13 17:10:00+00:00,L2_BREAK,False,
development,BEAR,00-04,2022-02-14 00:00:00+00:00,2022-02-14 04:00:00+00:00,42477.0,41922.53,554.4700000000012,42005.7005,2022-02-14 00:35:00+00:00,2022-02-14 00:30:00+00:00,True,CLEAN_CAUSAL_LEAVE,2022-02-14 00:35:00+00:00,2022-02-14 00:40:00+00:00,2022-02-14 00:40:00+00:00,2022-02-14 01:20:00+00:00,L2_ARRIVAL,True,40.0
development,BULL,00-04,2022-02-16 00:00:00+00:00,2022-02-16 04:00:00+00:00,44777.0,43939.2,837.8000000000029,44064.869999999995,2022-02-16 01:40:00+00:00,2022-02-16 01:35:00+00:00,True,CLEAN_CAUSAL_LEAVE,2022-02-16 01:45:00+00:00,2022-02-16 01:50:00+00:00,,2022-02-16 02:30:00+00:00,L2_ARRIVAL,False,
development,BEAR,16-20,2022-02-17 16:00:00+00:00,2022-02-17 20:00:00+00:00,43347.8,41664.0,1683.800000000003,41916.57,2022-02-17 16:10:00+00:00,2022-02-17 16:05:00+00:00,True,CLEAN_CAUSAL_LEAVE,2022-02-17 16:10:00+00:00,2022-02-17 16:15:00+00:00,2022-02-17 16:20:00+00:00,2022-02-17 17:45:00+00:00,L2_ARRIVAL,True,85.0
development,BEAR,12-16,2022-02-18 12:00:00+00:00,2022-02-18 16:00:00+00:00,40938.0,40073.1,864.9000000000015,40202.835,2022-02-18 12:05:00+00:00,2022-02-18 12:00:00+00:00,True,CLEAN_CAUSAL_LEAVE,2022-02-18 12:05:00+00:00,2022-02-18 12:10:00+00:00,2022-02-18 13:25:00+00:00,2022-02-18 14:35:00+00:00,L2_ARRIVAL,True,70.0
development,BEAR,12-16,2022-02-19 12:00:00+00:00,2022-02-19 16:00:00+00:00,40278.8,39620.3,658.5,39719.075000000004,2022-02-19 13:10:00+00:00,2022-02-19 13:05:00+00:00,True,CLEAN_CAUSAL_LEAVE,2022-02-19 13:10:00+00:00,2022-02-19 13:15:00+00:00,,2022-02-19 16:00:00+00:00,BLOCK_END,False,
development,BEAR,20-00,2022-02-19 20:00:00+00:00,2022-02-20 00:00:00+00:00,40341.5,39811.2,530.3000000000029,39890.744999999995,2022-02-19 21:20:00+00:00,2022-02-19 21:15:00+00:00,True,CLEAN_CAUSAL_LEAVE,2022-02-19 21:25:00+00:00,2022-02-19 21:30:00+00:00,2022-02-19 21:30:00+00:00,2022-02-20 00:00:00+00:00,BLOCK_END,False,
development,BEAR,00-04,2022-02-20 00:00:00+00:00,2022-02-20 04:00:00+00:00,40119.0,39777.0,342.0,39828.3,2022-02-20 03:30:00+00:00,2022-02-20 03:25:00+00:00,False,LOW_BREAK_BEFORE_LEAVE,2022-02-20 03:30:00+00:00,,,2022-02-20 03:30:00+00:00,L2_BREAK,False,
development,BEAR,20-00,2022-02-20 20:00:00+00:00,2022-02-21 00:00:00+00:00,38479.9,38162.0,317.90000000000146,38209.685,2022-02-20 21:15:00+00:00,2022-02-20 21:10:00+00:00,False,LOW_BREAK_BEFORE_LEAVE,2022-02-20 21:15:00+00:00,,,2022-02-20 21:15:00+00:00,L2_BREAK,False,
development,BEAR,08-12,2022-02-21 08:00:00+00:00,2022-02-21 12:00:00+00:00,39510.0,38883.6,626.4000000000015,38977.56,2022-02-21 09:10:00+00:00,2022-02-21 09:05:00+00:00,True,CLEAN_CAUSAL_LEAVE,2022-02-21 09:10:00+00:00,2022-02-21 09:15:00+00:00,2022-02-21 09:15:00+00:00,2022-02-21 09:55:00+00:00,L2_ARRIVAL,True,40.0
development,BEAR,12-16,2022-02-21 12:00:00+00:00,2022-02-21 16:00:00+00:00,39335.0,37314.5,2020.5,37617.575,2022-02-21 13:10:00+00:00,2022-02-21 13:05:00+00:00,True,CLEAN_CAUSAL_LEAVE,2022-02-21 13:15:00+00:00,2022-02-21 13:20:00+00:00,,2022-02-21 13:30:00+00:00,L2_ARRIVAL,False,
development,BEAR,04-08,2022-02-24 04:00:00+00:00,2022-02-24 08:00:00+00:00,37400.0,34673.1,2726.9000000000015,35082.135,2022-02-24 04:05:00+00:00,2022-02-24 04:00:00+00:00,True,CLEAN_CAUSAL_LEAVE,2022-02-24 04:05:00+00:00,2022-02-24 04:10:00+00:00,,2022-02-24 04:10:00+00:00,L2_ARRIVAL,False,
development,BULL,04-08,2022-02-26 04:00:00+00:00,2022-02-26 08:00:00+00:00,40441.1,39053.4,1387.699999999997,39261.555,2022-02-26 05:50:00+00:00,2022-02-26 05:45:00+00:00,True,CLEAN_CAUSAL_LEAVE,2022-02-26 05:50:00+00:00,2022-02-26 05:55:00+00:00,,2022-02-26 05:55:00+00:00,L2_ARRIVAL,False,
development,BULL,16-20,2022-02-27 16:00:00+00:00,2022-02-27 20:00:00+00:00,39868.6,38500.0,1368.5999999999985,38705.29,2022-02-27 19:30:00+00:00,2022-02-27 19:25:00+00:00,False,LOW_BREAK_BEFORE_LEAVE,2022-02-27 19:30:00+00:00,,,2022-02-27 19:30:00+00:00,L2_BREAK,False,
development,SIDEWAYS,20-00,2022-02-27 20:00:00+00:00,2022-02-28 00:00:00+00:00,39447.7,37460.3,1987.3999999999942,37758.41,2022-02-27 20:25:00+00:00,2022-02-27 20:20:00+00:00,True,CLEAN_CAUSAL_LEAVE,2022-02-27 20:30:00+00:00,2022-02-27 20:35:00+00:00,2022-02-27 20:35:00+00:00,2022-02-27 21:05:00+00:00,L2_ARRIVAL,True,30.0
development,BULL,16-20,2022-03-01 16:00:00+00:00,2022-03-01 20:00:00+00:00,44935.0,43324.8,1610.199999999997,43566.33,2022-03-01 16:50:00+00:00,2022-03-01 16:45:00+00:00,False,LOW_BREAK_BEFORE_LEAVE,2022-03-01 17:00:00+00:00,,,2022-03-01 17:00:00+00:00,L2_BREAK,False,
development,BULL,00-04,2022-03-03 00:00:00+00:00,2022-03-03 04:00:00+00:00,44345.0,43661.8,683.1999999999971,43764.28,2022-03-03 00:15:00+00:00,2022-03-03 00:10:00+00:00,True,CLEAN_CAUSAL_LEAVE,2022-03-03 00:15:00+00:00,2022-03-03 00:20:00+00:00,2022-03-03 01:10:00+00:00,2022-03-03 02:05:00+00:00,L2_ARRIVAL,True,55.0
development,BULL,04-08,2022-03-03 04:00:00+00:00,2022-03-03 08:00:00+00:00,44048.7,43165.1,883.5999999999985,43297.64,2022-03-03 06:10:00+00:00,2022-03-03 06:05:00+00:00,False,LOW_BREAK_BEFORE_LEAVE,2022-03-03 06:10:00+00:00,,,2022-03-03 06:10:00+00:00,L2_BREAK,False,
development,SIDEWAYS,16-20,2022-03-03 16:00:00+00:00,2022-03-03 20:00:00+00:00,44080.0,42333.0,1747.0,42595.05,2022-03-03 16:10:00+00:00,2022-03-03 16:05:00+00:00,True,CLEAN_CAUSAL_LEAVE,2022-03-03 16:10:00+00:00,2022-03-03 16:15:00+00:00,2022-03-03 16:20:00+00:00,2022-03-03 16:55:00+00:00,L2_ARRIVAL,True,35.0
development,SIDEWAYS,20-00,2022-03-03 20:00:00+00:00,2022-03-04 00:00:00+00:00,42761.4,42051.0,710.4000000000015,42157.56,2022-03-03 20:05:00+00:00,2022-03-03 20:00:00+00:00,True,CLEAN_CAUSAL_LEAVE,2022-03-03 20:05:00+00:00,2022-03-03 20:10:00+00:00,2022-03-03 20:10:00+00:00,2022-03-03 20:15:00+00:00,L2_ARRIVAL,True,5.0
development,BEAR,16-20,2022-03-04 16:00:00+00:00,2022-03-04 20:00:00+00:00,41825.8,40540.0,1285.800000000003,40732.87,2022-03-04 16:10:00+00:00,2022-03-04 16:05:00+00:00,True,CLEAN_CAUSAL_LEAVE,2022-03-04 16:20:00+00:00,2022-03-04 16:25:00+00:00,,2022-03-04 16:30:00+00:00,L2_ARRIVAL,False,
development,BEAR,20-00,2022-03-04 20:00:00+00:00,2022-03-05 00:00:00+00:00,40954.6,39650.0,1304.5999999999985,39845.69,2022-03-04 20:05:00+00:00,2022-03-04 20:00:00+00:00,True,CLEAN_CAUSAL_LEAVE,2022-03-04 20:05:00+00:00,2022-03-04 20:10:00+00:00,,2022-03-04 20:10:00+00:00,L2_ARRIVAL,False,
development,BEAR,08-12,2022-03-06 08:00:00+00:00,2022-03-06 12:00:00+00:00,39645.9,38766.0,879.9000000000015,38897.985,2022-03-06 09:30:00+00:00,2022-03-06 09:25:00+00:00,True,CLEAN_CAUSAL_LEAVE,2022-03-06 09:35:00+00:00,2022-03-06 09:40:00+00:00,,2022-03-06 09:50:00+00:00,L2_ARRIVAL,False,
development,BEAR,20-00,2022-03-06 20:00:00+00:00,2022-03-07 00:00:00+00:00,39340.0,38474.6,865.4000000000015,38604.409999999996,2022-03-06 23:15:00+00:00,2022-03-06 23:10:00+00:00,False,LOW_BREAK_BEFORE_LEAVE,2022-03-06 23:15:00+00:00,,,2022-03-06 23:15:00+00:00,L2_BREAK,False,
development,BEAR,00-04,2022-03-07 00:00:00+00:00,2022-03-07 04:00:00+00:00,39250.0,38111.0,1139.0,38281.85,2022-03-07 00:25:00+00:00,2022-03-07 00:20:00+00:00,True,CLEAN_CAUSAL_LEAVE,2022-03-07 00:25:00+00:00,2022-03-07 00:30:00+00:00,2022-03-07 00:45:00+00:00,2022-03-07 02:20:00+00:00,L2_ARRIVAL,True,95.0
development,BEAR,20-00,2022-03-07 20:00:00+00:00,2022-03-08 00:00:00+00:00,39550.0,37150.8,2399.199999999997,37510.68,2022-03-07 20:05:00+00:00,2022-03-07 20:00:00+00:00,True,CLEAN_CAUSAL_LEAVE,2022-03-07 20:05:00+00:00,2022-03-07 20:10:00+00:00,2022-03-07 20:25:00+00:00,2022-03-08 00:00:00+00:00,BLOCK_END,False,
development,BEAR,16-20,2022-03-08 16:00:00+00:00,2022-03-08 20:00:00+00:00,39200.0,38259.0,941.0,38400.15,2022-03-08 16:30:00+00:00,2022-03-08 16:25:00+00:00,False,LOW_BREAK_BEFORE_LEAVE,2022-03-08 16:30:00+00:00,,,2022-03-08 16:30:00+00:00,L2_BREAK,False,
development,BULL,20-00,2022-03-09 20:00:00+00:00,2022-03-10 00:00:00+00:00,42552.0,41760.0,792.0,41878.8,2022-03-09 20:55:00+00:00,2022-03-09 20:50:00+00:00,True,CLEAN_CAUSAL_LEAVE,2022-03-09 21:00:00+00:00,2022-03-09 21:05:00+00:00,2022-03-09 21:05:00+00:00,2022-03-09 21:10:00+00:00,L2_ARRIVAL,True,5.0
development,BEAR,00-04,2022-03-11 00:00:00+00:00,2022-03-11 04:00:00+00:00,39662.5,39000.0,662.5,39099.375,2022-03-11 01:10:00+00:00,2022-03-11 01:05:00+00:00,False,LOW_BREAK_BEFORE_LEAVE,2022-03-11 01:10:00+00:00,,,2022-03-11 01:10:00+00:00,L2_BREAK,False,
development,BEAR,00-04,2022-03-13 00:00:00+00:00,2022-03-13 04:00:00+00:00,39195.4,38700.0,495.40000000000146,38774.31,2022-03-13 00:05:00+00:00,2022-03-13 00:00:00+00:00,True,CLEAN_CAUSAL_LEAVE,2022-03-13 00:05:00+00:00,2022-03-13 00:10:00+00:00,2022-03-13 00:10:00+00:00,2022-03-13 04:00:00+00:00,BLOCK_END,False,
development,BEAR,08-12,2022-03-13 08:00:00+00:00,2022-03-13 12:00:00+00:00,39300.0,39051.6,248.40000000000146,39088.86,2022-03-13 08:10:00+00:00,2022-03-13 08:05:00+00:00,False,LOW_BREAK_BEFORE_LEAVE,2022-03-13 08:10:00+00:00,,,2022-03-13 08:10:00+00:00,L2_BREAK,False,
development,BEAR,12-16,2022-03-13 12:00:00+00:00,2022-03-13 16:00:00+00:00,39120.0,38511.8,608.1999999999971,38603.03,2022-03-13 12:20:00+00:00,2022-03-13 12:15:00+00:00,False,LOW_BREAK_BEFORE_LEAVE,2022-03-13 12:20:00+00:00,,,2022-03-13 12:20:00+00:00,L2_BREAK,False,
development,SIDEWAYS,16-20,2022-03-14 16:00:00+00:00,2022-03-14 20:00:00+00:00,39160.5,38602.9,557.5999999999985,38686.54,2022-03-14 17:35:00+00:00,2022-03-14 17:30:00+00:00,True,CLEAN_CAUSAL_LEAVE,2022-03-14 17:40:00+00:00,2022-03-14 17:45:00+00:00,2022-03-14 17:45:00+00:00,2022-03-14 18:20:00+00:00,L2_ARRIVAL,True,35.0
development,BULL,00-04,2022-03-16 00:00:00+00:00,2022-03-16 04:00:00+00:00,39901.8,39209.8,692.0,39313.600000000006,2022-03-16 00:10:00+00:00,2022-03-16 00:05:00+00:00,True,CLEAN_CAUSAL_LEAVE,2022-03-16 00:10:00+00:00,2022-03-16 00:15:00+00:00,2022-03-16 00:15:00+00:00,2022-03-16 00:20:00+00:00,L2_ARRIVAL,True,5.0
development,BULL,16-20,2022-03-16 16:00:00+00:00,2022-03-16 20:00:00+00:00,41188.0,40232.3,955.6999999999971,40375.655,2022-03-16 16:25:00+00:00,2022-03-16 16:20:00+00:00,False,LOW_BREAK_BEFORE_LEAVE,2022-03-16 16:25:00+00:00,,,2022-03-16 16:25:00+00:00,L2_BREAK,False,
development,BULL,08-12,2022-03-17 08:00:00+00:00,2022-03-17 12:00:00+00:00,41498.4,40540.1,958.3000000000029,40683.845,2022-03-17 10:40:00+00:00,2022-03-17 10:35:00+00:00,True,CLEAN_CAUSAL_LEAVE,2022-03-17 10:40:00+00:00,2022-03-17 10:45:00+00:00,2022-03-17 10:50:00+00:00,2022-03-17 12:00:00+00:00,BLOCK_END,False,
development,BULL,16-20,2022-03-17 16:00:00+00:00,2022-03-17 20:00:00+00:00,41250.0,40700.0,550.0,40782.5,2022-03-17 16:05:00+00:00,2022-03-17 16:00:00+00:00,True,CLEAN_CAUSAL_LEAVE,2022-03-17 16:05:00+00:00,2022-03-17 16:10:00+00:00,2022-03-17 16:10:00+00:00,2022-03-17 16:15:00+00:00,L2_ARRIVAL,True,5.0
development,BULL,00-04,2022-03-18 00:00:00+00:00,2022-03-18 04:00:00+00:00,41071.5,40618.6,452.90000000000146,40686.534999999996,2022-03-18 00:55:00+00:00,2022-03-18 00:50:00+00:00,False,LOW_BREAK_BEFORE_LEAVE,2022-03-18 00:55:00+00:00,,,2022-03-18 00:55:00+00:00,L2_BREAK,False,
development,BULL,00-04,2022-03-19 00:00:00+00:00,2022-03-19 04:00:00+00:00,42322.8,41622.0,700.8000000000029,41727.12,2022-03-19 03:50:00+00:00,2022-03-19 03:45:00+00:00,True,CLEAN_CAUSAL_LEAVE,2022-03-19 03:50:00+00:00,2022-03-19 03:55:00+00:00,,2022-03-19 04:00:00+00:00,BLOCK_END,False,
development,BULL,04-08,2022-03-20 04:00:00+00:00,2022-03-20 08:00:00+00:00,42269.3,41755.5,513.8000000000029,41832.57,2022-03-20 05:35:00+00:00,2022-03-20 05:30:00+00:00,True,CLEAN_CAUSAL_LEAVE,2022-03-20 05:35:00+00:00,2022-03-20 05:40:00+00:00,2022-03-20 05:45:00+00:00,2022-03-20 08:00:00+00:00,BLOCK_END,False,
development,BULL,08-12,2022-03-20 08:00:00+00:00,2022-03-20 12:00:00+00:00,41998.0,41728.8,269.1999999999971,41769.18,2022-03-20 09:25:00+00:00,2022-03-20 09:20:00+00:00,False,LOW_BREAK_BEFORE_LEAVE,2022-03-20 09:25:00+00:00,,,2022-03-20 09:25:00+00:00,L2_BREAK,False,
development,SIDEWAYS,16-20,2022-03-20 16:00:00+00:00,2022-03-20 20:00:00+00:00,41688.0,41200.0,488.0,41273.2,2022-03-20 17:05:00+00:00,2022-03-20 17:00:00+00:00,True,CLEAN_CAUSAL_LEAVE,2022-03-20 17:05:00+00:00,2022-03-20 17:10:00+00:00,2022-03-20 17:10:00+00:00,2022-03-20 17:25:00+00:00,L2_ARRIVAL,True,15.0
development,SIDEWAYS,00-04,2022-03-21 00:00:00+00:00,2022-03-21 04:00:00+00:00,41666.0,41065.0,601.0,41155.15,2022-03-21 02:25:00+00:00,2022-03-21 02:20:00+00:00,False,LOW_BREAK_BEFORE_LEAVE,2022-03-21 02:25:00+00:00,,,2022-03-21 02:25:00+00:00,L2_BREAK,False,
development,BEAR,12-16,2022-03-21 12:00:00+00:00,2022-03-21 16:00:00+00:00,41481.1,41055.8,425.29999999999563,41119.595,2022-03-21 12:40:00+00:00,2022-03-21 12:35:00+00:00,False,LOW_BREAK_BEFORE_LEAVE,2022-03-21 12:40:00+00:00,,,2022-03-21 12:40:00+00:00,L2_BREAK,False,
development,BULL,16-20,2022-03-22 16:00:00+00:00,2022-03-22 20:00:00+00:00,43188.0,42552.0,636.0,42647.4,2022-03-22 16:05:00+00:00,2022-03-22 16:00:00+00:00,True,CLEAN_CAUSAL_LEAVE,2022-03-22 16:05:00+00:00,2022-03-22 16:10:00+00:00,2022-03-22 16:10:00+00:00,2022-03-22 16:20:00+00:00,L2_ARRIVAL,True,10.0
development,BULL,04-08,2022-03-23 04:00:00+00:00,2022-03-23 08:00:00+00:00,42518.0,41842.4,675.5999999999985,41943.74,2022-03-23 04:20:00+00:00,2022-03-23 04:15:00+00:00,True,CLEAN_CAUSAL_LEAVE,2022-03-23 04:20:00+00:00,2022-03-23 04:25:00+00:00,,2022-03-23 04:25:00+00:00,L2_ARRIVAL,False,
development,BULL,12-16,2022-03-24 12:00:00+00:00,2022-03-24 16:00:00+00:00,43206.7,42800.0,406.6999999999971,42861.005,2022-03-24 12:45:00+00:00,2022-03-24 12:40:00+00:00,False,LOW_BREAK_BEFORE_LEAVE,2022-03-24 12:50:00+00:00,,,2022-03-24 12:50:00+00:00,L2_BREAK,False,
development,BULL,16-20,2022-03-25 16:00:00+00:00,2022-03-25 20:00:00+00:00,45142.0,44188.0,954.0,44331.1,2022-03-25 16:05:00+00:00,2022-03-25 16:00:00+00:00,True,CLEAN_CAUSAL_LEAVE,2022-03-25 16:05:00+00:00,2022-03-25 16:10:00+00:00,2022-03-25 16:20:00+00:00,2022-03-25 16:45:00+00:00,L2_ARRIVAL,True,25.0
development,BULL,12-16,2022-03-26 12:00:00+00:00,2022-03-26 16:00:00+00:00,44569.7,44300.1,269.59999999999854,44340.54,2022-03-26 12:05:00+00:00,2022-03-26 12:00:00+00:00,True,CLEAN_CAUSAL_LEAVE,2022-03-26 12:05:00+00:00,2022-03-26 12:10:00+00:00,2022-03-26 12:10:00+00:00,2022-03-26 12:15:00+00:00,L2_ARRIVAL,True,5.0
development,BULL,08-12,2022-03-27 08:00:00+00:00,2022-03-27 12:00:00+00:00,44746.1,44509.9,236.1999999999971,44545.33,2022-03-27 10:05:00+00:00,2022-03-27 10:00:00+00:00,True,CLEAN_CAUSAL_LEAVE,2022-03-27 10:05:00+00:00,2022-03-27 10:10:00+00:00,2022-03-27 10:25:00+00:00,2022-03-27 10:55:00+00:00,L2_ARRIVAL,True,30.0
development,BULL,12-16,2022-03-27 12:00:00+00:00,2022-03-27 16:00:00+00:00,44729.9,44470.0,259.90000000000146,44508.985,2022-03-27 12:25:00+00:00,2022-03-27 12:20:00+00:00,True,CLEAN_CAUSAL_LEAVE,2022-03-27 12:25:00+00:00,2022-03-27 12:30:00+00:00,2022-03-27 12:30:00+00:00,2022-03-27 12:45:00+00:00,L2_ARRIVAL,True,15.0
development,BULL,16-20,2022-03-29 16:00:00+00:00,2022-03-29 20:00:00+00:00,48100.0,47312.0,788.0,47430.2,2022-03-29 16:05:00+00:00,2022-03-29 16:00:00+00:00,False,LOW_BREAK_BEFORE_LEAVE,2022-03-29 16:05:00+00:00,,,2022-03-29 16:05:00+00:00,L2_BREAK,False,
development,BULL,08-12,2022-03-30 08:00:00+00:00,2022-03-30 12:00:00+00:00,47585.4,47125.4,460.0,47194.4,2022-03-30 11:15:00+00:00,2022-03-30 11:10:00+00:00,True,CLEAN_CAUSAL_LEAVE,2022-03-30 11:20:00+00:00,2022-03-30 11:25:00+00:00,,2022-03-30 12:00:00+00:00,BLOCK_END,False,
development,BULL,04-08,2022-03-31 04:00:00+00:00,2022-03-31 08:00:00+00:00,47408.7,46950.0,458.6999999999971,47018.805,2022-03-31 05:05:00+00:00,2022-03-31 05:00:00+00:00,True,CLEAN_CAUSAL_LEAVE,2022-03-31 05:05:00+00:00,2022-03-31 05:10:00+00:00,,2022-03-31 05:10:00+00:00,L2_ARRIVAL,False,
development,SIDEWAYS,16-20,2022-03-31 16:00:00+00:00,2022-03-31 20:00:00+00:00,47619.4,46200.0,1419.4000000000015,46412.91,2022-03-31 16:10:00+00:00,2022-03-31 16:05:00+00:00,True,CLEAN_CAUSAL_LEAVE,2022-03-31 16:10:00+00:00,2022-03-31 16:15:00+00:00,,2022-03-31 16:20:00+00:00,L2_ARRIVAL,False,
development,BEAR,12-16,2022-04-01 12:00:00+00:00,2022-04-01 16:00:00+00:00,45307.9,44965.0,342.90000000000146,45016.435,2022-04-01 12:05:00+00:00,2022-04-01 12:00:00+00:00,True,CLEAN_CAUSAL_LEAVE,2022-04-01 12:05:00+00:00,2022-04-01 12:10:00+00:00,,2022-04-01 12:10:00+00:00,L2_ARRIVAL,False,
development,SIDEWAYS,16-20,2022-04-02 16:00:00+00:00,2022-04-02 20:00:00+00:00,46947.8,46112.5,835.3000000000029,46237.795,2022-04-02 18:05:00+00:00,2022-04-02 18:00:00+00:00,False,LOW_BREAK_BEFORE_LEAVE,2022-04-02 18:05:00+00:00,,,2022-04-02 18:05:00+00:00,L2_BREAK,False,
development,BULL,00-04,2022-04-04 00:00:00+00:00,2022-04-04 04:00:00+00:00,47448.0,46222.0,1226.0,46405.9,2022-04-04 00:05:00+00:00,2022-04-04 00:00:00+00:00,True,CLEAN_CAUSAL_LEAVE,2022-04-04 00:05:00+00:00,2022-04-04 00:10:00+00:00,,2022-04-04 00:15:00+00:00,L2_ARRIVAL,False,
development,BEAR,08-12,2022-04-04 08:00:00+00:00,2022-04-04 12:00:00+00:00,46288.0,45800.0,488.0,45873.2,2022-04-04 10:40:00+00:00,2022-04-04 10:35:00+00:00,True,CLEAN_CAUSAL_LEAVE,2022-04-04 10:45:00+00:00,2022-04-04 10:50:00+00:00,,2022-04-04 12:00:00+00:00,BLOCK_END,False,
development,BULL,08-12,2022-04-05 08:00:00+00:00,2022-04-05 12:00:00+00:00,46878.0,46533.9,344.09999999999854,46585.515,2022-04-05 10:05:00+00:00,2022-04-05 10:00:00+00:00,True,CLEAN_CAUSAL_LEAVE,2022-04-05 10:10:00+00:00,2022-04-05 10:15:00+00:00,2022-04-05 10:35:00+00:00,2022-04-05 12:00:00+00:00,BLOCK_END,False,
development,SIDEWAYS,16-20,2022-04-05 16:00:00+00:00,2022-04-05 20:00:00+00:00,47188.0,45622.0,1566.0,45856.9,2022-04-05 16:05:00+00:00,2022-04-05 16:00:00+00:00,True,CLEAN_CAUSAL_LEAVE,2022-04-05 16:05:00+00:00,2022-04-05 16:10:00+00:00,2022-04-05 16:10:00+00:00,2022-04-05 19:10:00+00:00,L2_ARRIVAL,True,180.0
development,BEAR,20-00,2022-04-05 20:00:00+00:00,2022-04-06 00:00:00+00:00,46180.0,45422.0,758.0,45535.7,2022-04-05 23:55:00+00:00,2022-04-05 23:50:00+00:00,False,LEAVE_AT_BLOCK_END,2022-04-05 23:55:00+00:00,2022-04-06 00:00:00+00:00,,2022-04-06 00:00:00+00:00,BLOCK_END,False,
development,BEAR,08-12,2022-04-06 08:00:00+00:00,2022-04-06 12:00:00+00:00,45485.8,45100.3,385.5,45158.125,2022-04-06 10:20:00+00:00,2022-04-06 10:15:00+00:00,True,CLEAN_CAUSAL_LEAVE,2022-04-06 10:20:00+00:00,2022-04-06 10:25:00+00:00,2022-04-06 10:35:00+00:00,2022-04-06 10:45:00+00:00,L2_ARRIVAL,True,10.0
development,BEAR,00-04,2022-04-07 00:00:00+00:00,2022-04-07 04:00:00+00:00,44040.7,43110.0,930.6999999999971,43249.604999999996,2022-04-07 00:15:00+00:00,2022-04-07 00:10:00+00:00,True,CLEAN_CAUSAL_LEAVE,2022-04-07 00:15:00+00:00,2022-04-07 00:20:00+00:00,2022-04-07 00:45:00+00:00,2022-04-07 00:50:00+00:00,L2_ARRIVAL,True,5.0
development,BEAR,12-16,2022-04-08 12:00:00+00:00,2022-04-08 16:00:00+00:00,43968.1,43238.3,729.7999999999956,43347.770000000004,2022-04-08 12:45:00+00:00,2022-04-08 12:40:00+00:00,False,LOW_BREAK_BEFORE_LEAVE,2022-04-08 12:45:00+00:00,,,2022-04-08 12:45:00+00:00,L2_BREAK,False,
development,BEAR,20-00,2022-04-08 20:00:00+00:00,2022-04-09 00:00:00+00:00,43707.2,42298.2,1409.0,42509.549999999996,2022-04-08 22:25:00+00:00,2022-04-08 22:20:00+00:00,False,LOW_BREAK_BEFORE_LEAVE,2022-04-08 22:25:00+00:00,,,2022-04-08 22:25:00+00:00,L2_BREAK,False,
development,BEAR,08-12,2022-04-09 08:00:00+00:00,2022-04-09 12:00:00+00:00,42630.0,42319.1,310.90000000000146,42365.735,2022-04-09 10:35:00+00:00,2022-04-09 10:30:00+00:00,True,CLEAN_CAUSAL_LEAVE,2022-04-09 10:35:00+00:00,2022-04-09 10:40:00+00:00,,2022-04-09 12:00:00+00:00,BLOCK_END,False,
development,BEAR,12-16,2022-04-09 12:00:00+00:00,2022-04-09 16:00:00+00:00,42534.8,42300.0,234.8000000000029,42335.22,2022-04-09 15:30:00+00:00,2022-04-09 15:25:00+00:00,False,LOW_BREAK_BEFORE_LEAVE,2022-04-09 15:30:00+00:00,,,2022-04-09 15:30:00+00:00,L2_BREAK,False,
development,BEAR,04-08,2022-04-10 04:00:00+00:00,2022-04-10 08:00:00+00:00,42888.2,42562.2,326.0,42611.1,2022-04-10 07:35:00+00:00,2022-04-10 07:30:00+00:00,True,CLEAN_CAUSAL_LEAVE,2022-04-10 07:35:00+00:00,2022-04-10 07:40:00+00:00,2022-04-10 07:40:00+00:00,2022-04-10 08:00:00+00:00,BLOCK_END,False,
development,BEAR,08-12,2022-04-10 08:00:00+00:00,2022-04-10 12:00:00+00:00,42778.7,42555.0,223.6999999999971,42588.555,2022-04-10 08:10:00+00:00,2022-04-10 08:05:00+00:00,True,CLEAN_CAUSAL_LEAVE,2022-04-10 08:10:00+00:00,2022-04-10 08:15:00+00:00,2022-04-10 08:45:00+00:00,2022-04-10 09:05:00+00:00,L2_ARRIVAL,True,20.0
development,BEAR,00-04,2022-04-11 00:00:00+00:00,2022-04-11 04:00:00+00:00,43399.4,41838.0,1561.4000000000015,42072.21,2022-04-11 00:25:00+00:00,2022-04-11 00:20:00+00:00,True,CLEAN_CAUSAL_LEAVE,2022-04-11 00:25:00+00:00,2022-04-11 00:30:00+00:00,2022-04-11 02:00:00+00:00,2022-04-11 02:50:00+00:00,L2_ARRIVAL,True,50.0
development,BEAR,12-16,2022-04-11 12:00:00+00:00,2022-04-11 16:00:00+00:00,42338.5,40933.6,1404.9000000000015,41144.335,2022-04-11 12:15:00+00:00,2022-04-11 12:10:00+00:00,True,CLEAN_CAUSAL_LEAVE,2022-04-11 12:15:00+00:00,2022-04-11 12:20:00+00:00,2022-04-11 12:20:00+00:00,2022-04-11 13:25:00+00:00,L2_ARRIVAL,True,65.0
development,BEAR,16-20,2022-04-11 16:00:00+00:00,2022-04-11 20:00:00+00:00,41245.9,40536.0,709.9000000000015,40642.485,2022-04-11 16:05:00+00:00,2022-04-11 16:00:00+00:00,True,CLEAN_CAUSAL_LEAVE,2022-04-11 16:05:00+00:00,2022-04-11 16:10:00+00:00,2022-04-11 16:10:00+00:00,2022-04-11 16:25:00+00:00,L2_ARRIVAL,True,15.0
development,BEAR,20-00,2022-04-12 20:00:00+00:00,2022-04-13 00:00:00+00:00,40366.5,39231.1,1135.4000000000015,39401.409999999996,2022-04-12 20:05:00+00:00,2022-04-12 20:00:00+00:00,True,CLEAN_CAUSAL_LEAVE,2022-04-12 20:05:00+00:00,2022-04-12 20:10:00+00:00,2022-04-12 20:10:00+00:00,2022-04-13 00:00:00+00:00,BLOCK_END,False,
development,BEAR,08-12,2022-04-13 08:00:00+00:00,2022-04-13 12:00:00+00:00,40211.0,39831.1,379.90000000000146,39888.085,2022-04-13 10:30:00+00:00,2022-04-13 10:25:00+00:00,True,CLEAN_CAUSAL_LEAVE,2022-04-13 10:45:00+00:00,2022-04-13 10:50:00+00:00,,2022-04-13 10:50:00+00:00,L2_ARRIVAL,False,
development,BEAR,12-16,2022-04-13 12:00:00+00:00,2022-04-13 16:00:00+00:00,40200.0,39657.0,543.0,39738.45,2022-04-13 12:05:00+00:00,2022-04-13 12:00:00+00:00,True,CLEAN_CAUSAL_LEAVE,2022-04-13 12:05:00+00:00,2022-04-13 12:10:00+00:00,2022-04-13 12:20:00+00:00,2022-04-13 12:30:00+00:00,L2_ARRIVAL,True,10.0
development,BEAR,12-16,2022-04-15 12:00:00+00:00,2022-04-15 16:00:00+00:00,40400.0,40005.6,394.40000000000146,40064.76,2022-04-15 14:00:00+00:00,2022-04-15 13:55:00+00:00,True,CLEAN_CAUSAL_LEAVE,2022-04-15 14:05:00+00:00,2022-04-15 14:10:00+00:00,2022-04-15 14:10:00+00:00,2022-04-15 14:25:00+00:00,L2_ARRIVAL,True,15.0
development,BEAR,04-08,2022-04-16 04:00:00+00:00,2022-04-16 08:00:00+00:00,40700.0,40384.2,315.8000000000029,40431.57,2022-04-16 05:50:00+00:00,2022-04-16 05:45:00+00:00,True,CLEAN_CAUSAL_LEAVE,2022-04-16 05:50:00+00:00,2022-04-16 05:55:00+00:00,2022-04-16 05:55:00+00:00,2022-04-16 06:30:00+00:00,L2_ARRIVAL,True,35.0
development,BEAR,08-12,2022-04-16 08:00:00+00:00,2022-04-16 12:00:00+00:00,40544.1,40350.0,194.09999999999854,40379.115,2022-04-16 08:05:00+00:00,2022-04-16 08:00:00+00:00,True,CLEAN_CAUSAL_LEAVE,2022-04-16 08:05:00+00:00,2022-04-16 08:10:00+00:00,,2022-04-16 08:30:00+00:00,L2_ARRIVAL,False,
development,BEAR,00-04,2022-04-17 00:00:00+00:00,2022-04-17 04:00:00+00:00,40697.3,40162.7,534.6000000000058,40242.89,2022-04-17 02:45:00+00:00,2022-04-17 02:40:00+00:00,False,LOW_BREAK_BEFORE_LEAVE,2022-04-17 02:45:00+00:00,,,2022-04-17 02:45:00+00:00,L2_BREAK,False,
development,SIDEWAYS,16-20,2022-04-17 16:00:00+00:00,2022-04-17 20:00:00+00:00,40574.1,40164.0,410.09999999999854,40225.515,2022-04-17 17:00:00+00:00,2022-04-17 16:55:00+00:00,False,LOW_BREAK_BEFORE_LEAVE,2022-04-17 17:05:00+00:00,,,2022-04-17 17:05:00+00:00,L2_BREAK,False,
development,BEAR,20-00,2022-04-17 20:00:00+00:00,2022-04-18 00:00:00+00:00,40461.8,39768.0,693.8000000000029,39872.07,2022-04-17 23:25:00+00:00,2022-04-17 23:20:00+00:00,False,LOW_BREAK_BEFORE_LEAVE,2022-04-17 23:25:00+00:00,,,2022-04-17 23:25:00+00:00,L2_BREAK,False,
development,BEAR,04-08,2022-04-18 04:00:00+00:00,2022-04-18 08:00:00+00:00,39870.0,39550.0,320.0,39598.0,2022-04-18 04:15:00+00:00,2022-04-18 04:10:00+00:00,False,LOW_BREAK_BEFORE_LEAVE,2022-04-18 04:15:00+00:00,,,2022-04-18 04:15:00+00:00,L2_BREAK,False,
development,BULL,04-08,2022-04-19 04:00:00+00:00,2022-04-19 08:00:00+00:00,41306.0,40575.0,731.0,40684.65,2022-04-19 07:20:00+00:00,2022-04-19 07:15:00+00:00,True,CLEAN_CAUSAL_LEAVE,2022-04-19 07:20:00+00:00,2022-04-19 07:25:00+00:00,2022-04-19 07:25:00+00:00,2022-04-19 08:00:00+00:00,BLOCK_END,False,
development,BULL,16-20,2022-04-20 16:00:00+00:00,2022-04-20 20:00:00+00:00,42160.0,41037.3,1122.699999999997,41205.705,2022-04-20 16:25:00+00:00,2022-04-20 16:20:00+00:00,True,CLEAN_CAUSAL_LEAVE,2022-04-20 16:30:00+00:00,2022-04-20 16:35:00+00:00,2022-04-20 18:15:00+00:00,2022-04-20 18:40:00+00:00,L2_ARRIVAL,True,25.0
development,SIDEWAYS,20-00,2022-04-21 20:00:00+00:00,2022-04-22 00:00:00+00:00,42171.9,41204.0,967.9000000000015,41349.185,2022-04-21 20:05:00+00:00,2022-04-21 20:00:00+00:00,True,CLEAN_CAUSAL_LEAVE,2022-04-21 20:05:00+00:00,2022-04-21 20:10:00+00:00,,2022-04-21 20:10:00+00:00,L2_ARRIVAL,False,
development,BEAR,08-12,2022-04-22 08:00:00+00:00,2022-04-22 12:00:00+00:00,40786.1,40264.6,521.5,40342.825,2022-04-22 10:00:00+00:00,2022-04-22 09:55:00+00:00,False,LOW_BREAK_BEFORE_LEAVE,2022-04-22 10:00:00+00:00,,,2022-04-22 10:00:00+00:00,L2_BREAK,False,
development,BEAR,12-16,2022-04-24 12:00:00+00:00,2022-04-24 16:00:00+00:00,39777.0,39524.1,252.90000000000146,39562.034999999996,2022-04-24 12:35:00+00:00,2022-04-24 12:30:00+00:00,True,CLEAN_CAUSAL_LEAVE,2022-04-24 12:35:00+00:00,2022-04-24 12:40:00+00:00,2022-04-24 12:45:00+00:00,2022-04-24 13:05:00+00:00,L2_ARRIVAL,True,20.0
development,BEAR,00-04,2022-04-25 00:00:00+00:00,2022-04-25 04:00:00+00:00,39750.0,39401.7,348.3000000000029,39453.945,2022-04-25 00:05:00+00:00,2022-04-25 00:00:00+00:00,False,LOW_BREAK_BEFORE_LEAVE,2022-04-25 00:05:00+00:00,,,2022-04-25 00:05:00+00:00,L2_BREAK,False,
development,BULL,04-08,2022-04-26 04:00:00+00:00,2022-04-26 08:00:00+00:00,40800.0,40366.1,433.90000000000146,40431.185,2022-04-26 07:10:00+00:00,2022-04-26 07:05:00+00:00,True,CLEAN_CAUSAL_LEAVE,2022-04-26 07:10:00+00:00,2022-04-26 07:15:00+00:00,,2022-04-26 08:00:00+00:00,BLOCK_END,False,
development,BULL,12-16,2022-04-26 12:00:00+00:00,2022-04-26 16:00:00+00:00,40799.0,40200.0,599.0,40289.85,2022-04-26 12:55:00+00:00,2022-04-26 12:50:00+00:00,True,CLEAN_CAUSAL_LEAVE,2022-04-26 12:55:00+00:00,2022-04-26 13:00:00+00:00,,2022-04-26 13:00:00+00:00,L2_ARRIVAL,False,
development,BEAR,16-20,2022-04-26 16:00:00+00:00,2022-04-26 20:00:00+00:00,40628.6,38530.2,2098.4000000000015,38844.96,2022-04-26 16:05:00+00:00,2022-04-26 16:00:00+00:00,True,CLEAN_CAUSAL_LEAVE,2022-04-26 16:05:00+00:00,2022-04-26 16:10:00+00:00,2022-04-26 16:20:00+00:00,2022-04-26 16:30:00+00:00,L2_ARRIVAL,True,10.0
development,SIDEWAYS,12-16,2022-04-28 12:00:00+00:00,2022-04-28 16:00:00+00:00,39878.0,39340.0,538.0,39420.7,2022-04-28 13:15:00+00:00,2022-04-28 13:10:00+00:00,False,LOW_BREAK_BEFORE_LEAVE,2022-04-28 13:15:00+00:00,,,2022-04-28 13:15:00+00:00,L2_BREAK,False,
development,BEAR,12-16,2022-04-30 12:00:00+00:00,2022-04-30 16:00:00+00:00,38678.8,38514.0,164.8000000000029,38538.72,2022-04-30 13:00:00+00:00,2022-04-30 12:55:00+00:00,False,LOW_BREAK_BEFORE_LEAVE,2022-04-30 13:00:00+00:00,,,2022-04-30 13:00:00+00:00,L2_BREAK,False,
development,BEAR,20-00,2022-04-30 20:00:00+00:00,2022-05-01 00:00:00+00:00,38587.4,38180.0,407.40000000000146,38241.11,2022-04-30 22:10:00+00:00,2022-04-30 22:05:00+00:00,True,CLEAN_CAUSAL_LEAVE,2022-04-30 22:10:00+00:00,2022-04-30 22:15:00+00:00,,2022-04-30 22:20:00+00:00,L2_ARRIVAL,False,
development,BEAR,00-04,2022-05-01 00:00:00+00:00,2022-05-01 04:00:00+00:00,38447.8,37550.0,897.8000000000029,37684.67,2022-05-01 00:35:00+00:00,2022-05-01 00:30:00+00:00,True,CLEAN_CAUSAL_LEAVE,2022-05-01 00:35:00+00:00,2022-05-01 00:40:00+00:00,2022-05-01 00:40:00+00:00,2022-05-01 01:25:00+00:00,L2_ARRIVAL,True,45.0
development,BEAR,08-12,2022-05-01 08:00:00+00:00,2022-05-01 12:00:00+00:00,38159.0,37868.8,290.1999999999971,37912.33,2022-05-01 09:40:00+00:00,2022-05-01 09:35:00+00:00,True,CLEAN_CAUSAL_LEAVE,2022-05-01 09:40:00+00:00,2022-05-01 09:45:00+00:00,2022-05-01 09:45:00+00:00,2022-05-01 12:00:00+00:00,BLOCK_END,False,
development,BEAR,12-16,2022-05-01 12:00:00+00:00,2022-05-01 16:00:00+00:00,38084.9,37834.2,250.70000000000437,37871.805,2022-05-01 12:15:00+00:00,2022-05-01 12:10:00+00:00,True,CLEAN_CAUSAL_LEAVE,2022-05-01 12:15:00+00:00,2022-05-01 12:20:00+00:00,,2022-05-01 15:20:00+00:00,OPPOSITE_HIGH_BREAK,False,
development,BEAR,16-20,2022-05-01 16:00:00+00:00,2022-05-01 20:00:00+00:00,38680.6,37812.0,868.5999999999985,37942.29,2022-05-01 19:05:00+00:00,2022-05-01 19:00:00+00:00,False,LOW_BREAK_BEFORE_LEAVE,2022-05-01 19:05:00+00:00,,,2022-05-01 19:05:00+00:00,L2_BREAK,False,
development,BEAR,20-00,2022-05-01 20:00:00+00:00,2022-05-02 00:00:00+00:00,38666.0,37713.8,952.1999999999971,37856.630000000005,2022-05-01 20:05:00+00:00,2022-05-01 20:00:00+00:00,True,CLEAN_CAUSAL_LEAVE,2022-05-01 20:05:00+00:00,2022-05-01 20:10:00+00:00,2022-05-01 20:20:00+00:00,2022-05-02 00:00:00+00:00,BLOCK_END,False,
development,SIDEWAYS,08-12,2022-05-02 08:00:00+00:00,2022-05-02 12:00:00+00:00,39155.0,38572.8,582.1999999999971,38660.130000000005,2022-05-02 11:40:00+00:00,2022-05-02 11:35:00+00:00,False,LOW_BREAK_BEFORE_LEAVE,2022-05-02 11:40:00+00:00,,,2022-05-02 11:40:00+00:00,L2_BREAK,False,
development,BEAR,12-16,2022-05-02 12:00:00+00:00,2022-05-02 16:00:00+00:00,39073.0,38460.0,613.0,38551.95,2022-05-02 12:10:00+00:00,2022-05-02 12:05:00+00:00,True,CLEAN_CAUSAL_LEAVE,2022-05-02 12:15:00+00:00,2022-05-02 12:20:00+00:00,2022-05-02 12:30:00+00:00,2022-05-02 13:30:00+00:00,L2_ARRIVAL,True,60.0
development,SIDEWAYS,16-20,2022-05-02 16:00:00+00:00,2022-05-02 20:00:00+00:00,39222.0,38218.0,1004.0,38368.6,2022-05-02 17:50:00+00:00,2022-05-02 17:45:00+00:00,True,CLEAN_CAUSAL_LEAVE,2022-05-02 17:55:00+00:00,2022-05-02 18:00:00+00:00,2022-05-02 18:00:00+00:00,2022-05-02 18:10:00+00:00,L2_ARRIVAL,True,10.0
development,SIDEWAYS,12-16,2022-05-03 12:00:00+00:00,2022-05-03 16:00:00+00:00,38659.7,38250.0,409.6999999999971,38311.455,2022-05-03 13:35:00+00:00,2022-05-03 13:30:00+00:00,True,CLEAN_CAUSAL_LEAVE,2022-05-03 13:35:00+00:00,2022-05-03 13:40:00+00:00,2022-05-03 13:40:00+00:00,2022-05-03 13:45:00+00:00,L2_ARRIVAL,True,5.0
development,BEAR,16-20,2022-05-03 16:00:00+00:00,2022-05-03 20:00:00+00:00,38612.9,38126.0,486.90000000000146,38199.035,2022-05-03 16:10:00+00:00,2022-05-03 16:05:00+00:00,True,CLEAN_CAUSAL_LEAVE,2022-05-03 16:10:00+00:00,2022-05-03 16:15:00+00:00,2022-05-03 16:15:00+00:00,2022-05-03 16:30:00+00:00,L2_ARRIVAL,True,15.0
development,BULL,08-12,2022-05-05 08:00:00+00:00,2022-05-05 12:00:00+00:00,39845.0,39515.8,329.1999999999971,39565.18,2022-05-05 08:05:00+00:00,2022-05-05 08:00:00+00:00,True,CLEAN_CAUSAL_LEAVE,2022-05-05 08:05:00+00:00,2022-05-05 08:10:00+00:00,2022-05-05 08:10:00+00:00,2022-05-05 08:40:00+00:00,L2_ARRIVAL,True,30.0
development,SIDEWAYS,16-20,2022-05-05 16:00:00+00:00,2022-05-05 20:00:00+00:00,39550.0,35535.1,4014.9000000000015,36137.335,2022-05-05 19:20:00+00:00,2022-05-05 19:15:00+00:00,True,CLEAN_CAUSAL_LEAVE,2022-05-05 19:20:00+00:00,2022-05-05 19:25:00+00:00,2022-05-05 19:35:00+00:00,2022-05-05 20:00:00+00:00,BLOCK_END,False,
development,BEAR,08-12,2022-05-06 08:00:00+00:00,2022-05-06 12:00:00+00:00,36535.9,35800.0,735.9000000000015,35910.385,2022-05-06 11:00:00+00:00,2022-05-06 10:55:00+00:00,True,CLEAN_CAUSAL_LEAVE,2022-05-06 11:00:00+00:00,2022-05-06 11:05:00+00:00,2022-05-06 11:05:00+00:00,2022-05-06 11:10:00+00:00,L2_ARRIVAL,True,5.0
development,BEAR,04-08,2022-05-07 04:00:00+00:00,2022-05-07 08:00:00+00:00,36044.7,35730.0,314.6999999999971,35777.205,2022-05-07 05:00:00+00:00,2022-05-07 04:55:00+00:00,True,CLEAN_CAUSAL_LEAVE,2022-05-07 05:05:00+00:00,2022-05-07 05:10:00+00:00,2022-05-07 05:15:00+00:00,2022-05-07 08:00:00+00:00,BLOCK_END,False,
development,BEAR,12-16,2022-05-07 12:00:00+00:00,2022-05-07 16:00:00+00:00,36138.0,35860.6,277.40000000000146,35902.21,2022-05-07 13:15:00+00:00,2022-05-07 13:10:00+00:00,True,CLEAN_CAUSAL_LEAVE,2022-05-07 13:20:00+00:00,2022-05-07 13:25:00+00:00,2022-05-07 13:25:00+00:00,2022-05-07 13:30:00+00:00,L2_ARRIVAL,True,5.0
development,BEAR,16-20,2022-05-07 16:00:00+00:00,2022-05-07 20:00:00+00:00,36079.2,35840.2,239.0,35876.049999999996,2022-05-07 20:00:00+00:00,2022-05-07 19:55:00+00:00,False,NO_CAUSAL_LEAVE,,,,2022-05-07 20:00:00+00:00,BLOCK_END,False,
development,BEAR,00-04,2022-05-08 00:00:00+00:00,2022-05-08 04:00:00+00:00,35858.3,34700.0,1158.300000000003,34873.745,2022-05-08 01:55:00+00:00,2022-05-08 01:50:00+00:00,True,CLEAN_CAUSAL_LEAVE,2022-05-08 01:55:00+00:00,2022-05-08 02:00:00+00:00,2022-05-08 02:00:00+00:00,2022-05-08 02:05:00+00:00,L2_ARRIVAL,True,5.0
development,BEAR,00-04,2022-05-09 00:00:00+00:00,2022-05-09 04:00:00+00:00,34636.5,33870.0,766.5,33984.975,2022-05-09 02:10:00+00:00,2022-05-09 02:05:00+00:00,False,LOW_BREAK_BEFORE_LEAVE,2022-05-09 02:15:00+00:00,,,2022-05-09 02:15:00+00:00,L2_BREAK,False,
development,BEAR,12-16,2022-05-09 12:00:00+00:00,2022-05-09 16:00:00+00:00,33789.2,32620.0,1169.199999999997,32795.38,2022-05-09 14:35:00+00:00,2022-05-09 14:30:00+00:00,False,LOW_BREAK_BEFORE_LEAVE,2022-05-09 14:35:00+00:00,,,2022-05-09 14:35:00+00:00,L2_BREAK,False,
development,BEAR,00-04,2022-05-10 00:00:00+00:00,2022-05-10 04:00:00+00:00,31888.5,30003.6,1884.9000000000015,30286.335,2022-05-10 00:05:00+00:00,2022-05-10 00:00:00+00:00,False,LOW_BREAK_BEFORE_LEAVE,2022-05-10 00:05:00+00:00,,,2022-05-10 00:05:00+00:00,L2_BREAK,False,
development,BEAR,20-00,2022-05-10 20:00:00+00:00,2022-05-11 00:00:00+00:00,31788.0,30949.8,838.2000000000007,31075.53,2022-05-10 20:55:00+00:00,2022-05-10 20:50:00+00:00,True,CLEAN_CAUSAL_LEAVE,2022-05-10 21:05:00+00:00,2022-05-10 21:10:00+00:00,,2022-05-10 21:10:00+00:00,L2_ARRIVAL,False,
development,BEAR,20-00,2022-05-13 20:00:00+00:00,2022-05-14 00:00:00+00:00,30516.3,29369.7,1146.5999999999985,29541.690000000002,2022-05-13 23:20:00+00:00,2022-05-13 23:15:00+00:00,True,CLEAN_CAUSAL_LEAVE,2022-05-13 23:25:00+00:00,2022-05-13 23:30:00+00:00,,2022-05-13 23:30:00+00:00,L2_ARRIVAL,False,
development,BEAR,04-08,2022-05-14 04:00:00+00:00,2022-05-14 08:00:00+00:00,29799.9,29209.8,590.1000000000022,29298.315,2022-05-14 05:00:00+00:00,2022-05-14 04:55:00+00:00,True,CLEAN_CAUSAL_LEAVE,2022-05-14 05:00:00+00:00,2022-05-14 05:05:00+00:00,,2022-05-14 08:00:00+00:00,BLOCK_END,False,
development,BEAR,12-16,2022-05-14 12:00:00+00:00,2022-05-14 16:00:00+00:00,29589.0,28812.4,776.5999999999985,28928.89,2022-05-14 13:45:00+00:00,2022-05-14 13:40:00+00:00,True,CLEAN_CAUSAL_LEAVE,2022-05-14 13:55:00+00:00,2022-05-14 14:00:00+00:00,,2022-05-14 14:00:00+00:00,L2_ARRIVAL,False,
development,BEAR,16-20,2022-05-14 16:00:00+00:00,2022-05-14 20:00:00+00:00,29249.9,28644.0,605.9000000000015,28734.885000000002,2022-05-14 16:15:00+00:00,2022-05-14 16:10:00+00:00,True,CLEAN_CAUSAL_LEAVE,2022-05-14 16:15:00+00:00,2022-05-14 16:20:00+00:00,,2022-05-14 16:45:00+00:00,OPPOSITE_HIGH_BREAK,False,
development,BEAR,04-08,2022-05-15 04:00:00+00:00,2022-05-15 08:00:00+00:00,30262.7,29533.1,729.6000000000022,29642.539999999997,2022-05-15 04:45:00+00:00,2022-05-15 04:40:00+00:00,True,CLEAN_CAUSAL_LEAVE,2022-05-15 04:45:00+00:00,2022-05-15 04:50:00+00:00,2022-05-15 04:50:00+00:00,2022-05-15 05:00:00+00:00,L2_ARRIVAL,True,10.0
development,BEAR,16-20,2022-05-16 16:00:00+00:00,2022-05-16 20:00:00+00:00,30288.0,29309.5,978.5,29456.275,2022-05-16 16:20:00+00:00,2022-05-16 16:15:00+00:00,True,CLEAN_CAUSAL_LEAVE,2022-05-16 16:20:00+00:00,2022-05-16 16:25:00+00:00,,2022-05-16 16:25:00+00:00,L2_ARRIVAL,False,
development,BULL,16-20,2022-05-17 16:00:00+00:00,2022-05-17 20:00:00+00:00,30739.3,29928.0,811.2999999999993,30049.695,2022-05-17 16:25:00+00:00,2022-05-17 16:20:00+00:00,True,CLEAN_CAUSAL_LEAVE,2022-05-17 16:30:00+00:00,2022-05-17 16:35:00+00:00,2022-05-17 16:35:00+00:00,2022-05-17 18:00:00+00:00,L2_ARRIVAL,True,85.0
development,SIDEWAYS,04-08,2022-05-18 04:00:00+00:00,2022-05-18 08:00:00+00:00,30700.0,29700.0,1000.0,29850.0,2022-05-18 07:05:00+00:00,2022-05-18 07:00:00+00:00,True,CLEAN_CAUSAL_LEAVE,2022-05-18 07:05:00+00:00,2022-05-18 07:10:00+00:00,2022-05-18 07:55:00+00:00,2022-05-18 08:00:00+00:00,BLOCK_END,False,
development,BEAR,20-00,2022-05-18 20:00:00+00:00,2022-05-19 00:00:00+00:00,29534.4,28726.7,807.7000000000007,28847.855,2022-05-18 23:40:00+00:00,2022-05-18 23:35:00+00:00,True,CLEAN_CAUSAL_LEAVE,2022-05-18 23:45:00+00:00,2022-05-18 23:50:00+00:00,,2022-05-18 23:50:00+00:00,L2_ARRIVAL,False,
development,SIDEWAYS,20-00,2022-05-19 20:00:00+00:00,2022-05-20 00:00:00+00:00,30446.5,29953.2,493.2999999999993,30027.195,2022-05-19 20:05:00+00:00,2022-05-19 20:00:00+00:00,True,CLEAN_CAUSAL_LEAVE,2022-05-19 20:05:00+00:00,2022-05-19 20:10:00+00:00,2022-05-19 20:10:00+00:00,2022-05-20 00:00:00+00:00,BLOCK_END,False,
development,BULL,12-16,2022-05-20 12:00:00+00:00,2022-05-20 16:00:00+00:00,30540.0,30105.8,434.2000000000007,30170.93,2022-05-20 12:50:00+00:00,2022-05-20 12:45:00+00:00,True,CLEAN_CAUSAL_LEAVE,2022-05-20 12:50:00+00:00,2022-05-20 12:55:00+00:00,2022-05-20 12:55:00+00:00,2022-05-20 13:35:00+00:00,L2_ARRIVAL,True,40.0
development,BEAR,08-12,2022-05-21 08:00:00+00:00,2022-05-21 12:00:00+00:00,29555.0,29187.4,367.59999999999854,29242.54,2022-05-21 11:40:00+00:00,2022-05-21 11:35:00+00:00,True,CLEAN_CAUSAL_LEAVE,2022-05-21 11:45:00+00:00,2022-05-21 11:50:00+00:00,,2022-05-21 12:00:00+00:00,BLOCK_END,False,
development,SIDEWAYS,20-00,2022-05-23 20:00:00+00:00,2022-05-24 00:00:00+00:00,30531.8,29050.0,1481.7999999999993,29272.27,2022-05-23 20:05:00+00:00,2022-05-23 20:00:00+00:00,True,CLEAN_CAUSAL_LEAVE,2022-05-23 20:05:00+00:00,2022-05-23 20:10:00+00:00,2022-05-23 20:15:00+00:00,2022-05-23 22:30:00+00:00,L2_ARRIVAL,True,135.0
development,BULL,08-12,2022-05-25 08:00:00+00:00,2022-05-25 12:00:00+00:00,30209.3,29658.4,550.8999999999978,29741.035,2022-05-25 08:05:00+00:00,2022-05-25 08:00:00+00:00,True,CLEAN_CAUSAL_LEAVE,2022-05-25 08:05:00+00:00,2022-05-25 08:10:00+00:00,2022-05-25 08:10:00+00:00,2022-05-25 11:10:00+00:00,L2_ARRIVAL,True,180.0
development,BEAR,12-16,2022-05-25 12:00:00+00:00,2022-05-25 16:00:00+00:00,29949.2,29338.3,610.9000000000015,29429.934999999998,2022-05-25 12:35:00+00:00,2022-05-25 12:30:00+00:00,True,CLEAN_CAUSAL_LEAVE,2022-05-25 12:35:00+00:00,2022-05-25 12:40:00+00:00,,2022-05-25 16:00:00+00:00,BLOCK_END,False,
development,BEAR,00-04,2022-05-26 00:00:00+00:00,2022-05-26 04:00:00+00:00,29867.2,29525.5,341.7000000000007,29576.755,2022-05-26 00:05:00+00:00,2022-05-26 00:00:00+00:00,True,CLEAN_CAUSAL_LEAVE,2022-05-26 00:05:00+00:00,2022-05-26 00:10:00+00:00,,2022-05-26 04:00:00+00:00,BLOCK_END,False,
development,BEAR,00-04,2022-05-27 00:00:00+00:00,2022-05-27 04:00:00+00:00,29680.7,29164.1,516.6000000000022,29241.59,2022-05-27 00:10:00+00:00,2022-05-27 00:05:00+00:00,True,CLEAN_CAUSAL_LEAVE,2022-05-27 00:15:00+00:00,2022-05-27 00:20:00+00:00,,2022-05-27 00:40:00+00:00,L2_ARRIVAL,False,
development,SIDEWAYS,16-20,2022-05-29 16:00:00+00:00,2022-05-29 20:00:00+00:00,29500.0,29150.0,350.0,29202.5,2022-05-29 19:00:00+00:00,2022-05-29 18:55:00+00:00,False,LOW_BREAK_BEFORE_LEAVE,2022-05-29 19:00:00+00:00,,,2022-05-29 19:00:00+00:00,L2_BREAK,False,
development,BULL,20-00,2022-05-30 20:00:00+00:00,2022-05-31 00:00:00+00:00,30892.1,30555.6,336.5,30606.074999999997,2022-05-30 20:05:00+00:00,2022-05-30 20:00:00+00:00,True,CLEAN_CAUSAL_LEAVE,2022-05-30 20:05:00+00:00,2022-05-30 20:10:00+00:00,,2022-05-30 20:20:00+00:00,OPPOSITE_HIGH_BREAK,False,
development,BEAR,00-04,2022-06-04 00:00:00+00:00,2022-06-04 04:00:00+00:00,29878.1,29545.4,332.6999999999971,29595.305,2022-06-04 01:10:00+00:00,2022-06-04 01:05:00+00:00,True,CLEAN_CAUSAL_LEAVE,2022-06-04 01:10:00+00:00,2022-06-04 01:15:00+00:00,2022-06-04 01:15:00+00:00,2022-06-04 01:45:00+00:00,L2_ARRIVAL,True,30.0
development,BEAR,12-16,2022-06-04 12:00:00+00:00,2022-06-04 16:00:00+00:00,29794.1,29575.0,219.09999999999854,29607.864999999998,2022-06-04 12:30:00+00:00,2022-06-04 12:25:00+00:00,True,CLEAN_CAUSAL_LEAVE,2022-06-04 12:30:00+00:00,2022-06-04 12:35:00+00:00,,2022-06-04 12:35:00+00:00,L2_ARRIVAL,False,
development,BEAR,08-12,2022-06-05 08:00:00+00:00,2022-06-05 12:00:00+00:00,29809.7,29630.3,179.40000000000146,29657.21,2022-06-05 08:05:00+00:00,2022-06-05 08:00:00+00:00,True,CLEAN_CAUSAL_LEAVE,2022-06-05 08:05:00+00:00,2022-06-05 08:10:00+00:00,2022-06-05 09:00:00+00:00,2022-06-05 09:05:00+00:00,L2_ARRIVAL,True,5.0
development,BULL,12-16,2022-06-06 12:00:00+00:00,2022-06-06 16:00:00+00:00,31594.6,31261.2,333.3999999999978,31311.21,2022-06-06 13:40:00+00:00,2022-06-06 13:35:00+00:00,True,CLEAN_CAUSAL_LEAVE,2022-06-06 13:45:00+00:00,2022-06-06 13:50:00+00:00,,2022-06-06 14:20:00+00:00,OPPOSITE_HIGH_BREAK,False,
development,BULL,12-16,2022-06-08 12:00:00+00:00,2022-06-08 16:00:00+00:00,30604.3,30321.0,283.2999999999993,30363.495,2022-06-08 12:25:00+00:00,2022-06-08 12:20:00+00:00,False,LOW_BREAK_BEFORE_LEAVE,2022-06-08 12:25:00+00:00,,,2022-06-08 12:25:00+00:00,L2_BREAK,False,
development,BEAR,00-04,2022-06-09 00:00:00+00:00,2022-06-09 04:00:00+00:00,30515.8,30090.0,425.7999999999993,30153.87,2022-06-09 00:30:00+00:00,2022-06-09 00:25:00+00:00,False,LOW_BREAK_BEFORE_LEAVE,2022-06-09 00:30:00+00:00,,,2022-06-09 00:30:00+00:00,L2_BREAK,False,
development,BEAR,12-16,2022-06-09 12:00:00+00:00,2022-06-09 16:00:00+00:00,30691.9,30256.7,435.2000000000007,30321.98,2022-06-09 12:15:00+00:00,2022-06-09 12:10:00+00:00,False,LOW_BREAK_BEFORE_LEAVE,2022-06-09 12:15:00+00:00,,,2022-06-09 12:15:00+00:00,L2_BREAK,False,
development,BEAR,20-00,2022-06-09 20:00:00+00:00,2022-06-10 00:00:00+00:00,30456.2,29956.0,500.2000000000007,30031.03,2022-06-09 20:05:00+00:00,2022-06-09 20:00:00+00:00,True,CLEAN_CAUSAL_LEAVE,2022-06-09 20:10:00+00:00,2022-06-09 20:15:00+00:00,2022-06-09 22:20:00+00:00,2022-06-10 00:00:00+00:00,BLOCK_END,False,
development,BEAR,08-12,2022-06-11 08:00:00+00:00,2022-06-11 12:00:00+00:00,29427.9,29234.1,193.8000000000029,29263.17,2022-06-11 08:35:00+00:00,2022-06-11 08:30:00+00:00,False,LOW_BREAK_BEFORE_LEAVE,2022-06-11 08:35:00+00:00,,,2022-06-11 08:35:00+00:00,L2_BREAK,False,
development,BEAR,04-08,2022-06-12 04:00:00+00:00,2022-06-12 08:00:00+00:00,28530.3,27244.9,1285.3999999999978,27437.710000000003,2022-06-12 05:30:00+00:00,2022-06-12 05:25:00+00:00,True,CLEAN_CAUSAL_LEAVE,2022-06-12 05:40:00+00:00,2022-06-12 05:45:00+00:00,,2022-06-12 05:55:00+00:00,L2_ARRIVAL,False,
development,BEAR,12-16,2022-06-12 12:00:00+00:00,2022-06-12 16:00:00+00:00,27698.0,27324.5,373.5,27380.525,2022-06-12 13:30:00+00:00,2022-06-12 13:25:00+00:00,False,LOW_BREAK_BEFORE_LEAVE,2022-06-12 13:35:00+00:00,,,2022-06-12 13:35:00+00:00,L2_BREAK,False,
development,BEAR,20-00,2022-06-12 20:00:00+00:00,2022-06-13 00:00:00+00:00,28234.4,27404.0,830.4000000000015,27528.56,2022-06-12 20:05:00+00:00,2022-06-12 20:00:00+00:00,True,CLEAN_CAUSAL_LEAVE,2022-06-12 20:10:00+00:00,2022-06-12 20:15:00+00:00,2022-06-12 20:15:00+00:00,2022-06-12 20:30:00+00:00,L2_ARRIVAL,True,15.0
development,BEAR,04-08,2022-06-13 04:00:00+00:00,2022-06-13 08:00:00+00:00,26877.0,24864.2,2012.7999999999993,25166.12,2022-06-13 07:45:00+00:00,2022-06-13 07:40:00+00:00,False,LOW_BREAK_BEFORE_LEAVE,2022-06-13 07:50:00+00:00,,,2022-06-13 07:50:00+00:00,L2_BREAK,False,
development,BEAR,08-12,2022-06-13 08:00:00+00:00,2022-06-13 12:00:00+00:00,26241.5,24552.0,1689.5,24805.425,2022-06-13 08:30:00+00:00,2022-06-13 08:25:00+00:00,True,CLEAN_CAUSAL_LEAVE,2022-06-13 08:30:00+00:00,2022-06-13 08:35:00+00:00,,2022-06-13 08:35:00+00:00,L2_ARRIVAL,False,
development,BEAR,08-12,2022-06-14 08:00:00+00:00,2022-06-14 12:00:00+00:00,23424.2,21755.4,1668.7999999999993,22005.72,2022-06-14 11:45:00+00:00,2022-06-14 11:40:00+00:00,True,CLEAN_CAUSAL_LEAVE,2022-06-14 11:50:00+00:00,2022-06-14 11:55:00+00:00,2022-06-14 11:55:00+00:00,2022-06-14 12:00:00+00:00,BLOCK_END,False,
development,BEAR,08-12,2022-06-16 08:00:00+00:00,2022-06-16 12:00:00+00:00,22353.5,21635.3,718.2000000000007,21743.03,2022-06-16 08:15:00+00:00,2022-06-16 08:10:00+00:00,True,CLEAN_CAUSAL_LEAVE,2022-06-16 08:20:00+00:00,2022-06-16 08:25:00+00:00,2022-06-16 08:25:00+00:00,2022-06-16 09:00:00+00:00,L2_ARRIVAL,True,35.0
development,BEAR,16-20,2022-06-18 16:00:00+00:00,2022-06-18 20:00:00+00:00,19278.3,18904.0,374.2999999999993,18960.145,2022-06-18 16:05:00+00:00,2022-06-18 16:00:00+00:00,True,CLEAN_CAUSAL_LEAVE,2022-06-18 16:05:00+00:00,2022-06-18 16:10:00+00:00,2022-06-18 16:10:00+00:00,2022-06-18 16:45:00+00:00,L2_ARRIVAL,True,35.0
development,BULL,20-00,2022-06-21 20:00:00+00:00,2022-06-22 00:00:00+00:00,21540.0,20863.6,676.4000000000015,20965.059999999998,2022-06-21 20:05:00+00:00,2022-06-21 20:00:00+00:00,True,CLEAN_CAUSAL_LEAVE,2022-06-21 20:05:00+00:00,2022-06-21 20:10:00+00:00,,2022-06-21 20:10:00+00:00,L2_ARRIVAL,False,
development,BULL,00-04,2022-06-22 00:00:00+00:00,2022-06-22 04:00:00+00:00,21056.7,20535.2,521.5,20613.425,2022-06-22 00:10:00+00:00,2022-06-22 00:05:00+00:00,False,LOW_BREAK_BEFORE_LEAVE,2022-06-22 00:10:00+00:00,,,2022-06-22 00:10:00+00:00,L2_BREAK,False,
development,BEAR,16-20,2022-06-23 16:00:00+00:00,2022-06-23 20:00:00+00:00,20855.0,20264.7,590.2999999999993,20353.245,2022-06-23 16:25:00+00:00,2022-06-23 16:20:00+00:00,True,CLEAN_CAUSAL_LEAVE,2022-06-23 16:30:00+00:00,2022-06-23 16:35:00+00:00,,2022-06-23 16:40:00+00:00,L2_ARRIVAL,False,
development,BULL,16-20,2022-06-24 16:00:00+00:00,2022-06-24 20:00:00+00:00,21491.4,20807.0,684.4000000000015,20909.66,2022-06-24 16:40:00+00:00,2022-06-24 16:35:00+00:00,True,CLEAN_CAUSAL_LEAVE,2022-06-24 16:40:00+00:00,2022-06-24 16:45:00+00:00,2022-06-24 18:05:00+00:00,2022-06-24 20:00:00+00:00,BLOCK_END,False,
development,BULL,00-04,2022-06-25 00:00:00+00:00,2022-06-25 04:00:00+00:00,21563.5,21130.2,433.2999999999993,21195.195,2022-06-25 00:15:00+00:00,2022-06-25 00:10:00+00:00,True,CLEAN_CAUSAL_LEAVE,2022-06-25 00:15:00+00:00,2022-06-25 00:20:00+00:00,2022-06-25 00:20:00+00:00,2022-06-25 00:35:00+00:00,L2_ARRIVAL,True,15.0
development,BULL,16-20,2022-06-26 16:00:00+00:00,2022-06-26 20:00:00+00:00,21888.0,21180.0,708.0,21286.2,2022-06-26 17:30:00+00:00,2022-06-26 17:25:00+00:00,False,LOW_BREAK_BEFORE_LEAVE,2022-06-26 17:35:00+00:00,,,2022-06-26 17:35:00+00:00,L2_BREAK,False,
development,BULL,12-16,2022-06-27 12:00:00+00:00,2022-06-27 16:00:00+00:00,21560.0,21277.0,283.0,21319.45,2022-06-27 12:10:00+00:00,2022-06-27 12:05:00+00:00,False,LOW_BREAK_BEFORE_LEAVE,2022-06-27 12:15:00+00:00,,,2022-06-27 12:15:00+00:00,L2_BREAK,False,
development,SIDEWAYS,16-20,2022-06-27 16:00:00+00:00,2022-06-27 20:00:00+00:00,21338.0,20575.0,763.0,20689.45,2022-06-27 18:10:00+00:00,2022-06-27 18:05:00+00:00,True,CLEAN_CAUSAL_LEAVE,2022-06-27 18:10:00+00:00,2022-06-27 18:15:00+00:00,,2022-06-27 20:00:00+00:00,BLOCK_END,False,
development,BEAR,12-16,2022-06-28 12:00:00+00:00,2022-06-28 16:00:00+00:00,21198.0,20855.8,342.2000000000007,20907.13,2022-06-28 13:15:00+00:00,2022-06-28 13:10:00+00:00,True,CLEAN_CAUSAL_LEAVE,2022-06-28 13:15:00+00:00,2022-06-28 13:20:00+00:00,2022-06-28 14:15:00+00:00,2022-06-28 14:20:00+00:00,L2_ARRIVAL,True,5.0
development,BEAR,16-20,2022-06-28 16:00:00+00:00,2022-06-28 20:00:00+00:00,21138.7,20575.2,563.5,20659.725000000002,2022-06-28 16:05:00+00:00,2022-06-28 16:00:00+00:00,True,CLEAN_CAUSAL_LEAVE,2022-06-28 16:10:00+00:00,2022-06-28 16:15:00+00:00,2022-06-28 16:15:00+00:00,2022-06-28 18:05:00+00:00,L2_ARRIVAL,True,110.0
development,BEAR,20-00,2022-06-28 20:00:00+00:00,2022-06-29 00:00:00+00:00,20757.9,20209.1,548.8000000000029,20291.42,2022-06-28 20:35:00+00:00,2022-06-28 20:30:00+00:00,True,CLEAN_CAUSAL_LEAVE,2022-06-28 20:40:00+00:00,2022-06-28 20:45:00+00:00,2022-06-28 20:50:00+00:00,2022-06-28 23:50:00+00:00,L2_ARRIVAL,True,180.0
development,BEAR,00-04,2022-06-29 00:00:00+00:00,2022-06-29 04:00:00+00:00,20450.0,20188.0,262.0,20227.3,2022-06-29 00:15:00+00:00,2022-06-29 00:10:00+00:00,True,CLEAN_CAUSAL_LEAVE,2022-06-29 00:15:00+00:00,2022-06-29 00:20:00+00:00,2022-06-29 00:50:00+00:00,2022-06-29 04:00:00+00:00,BLOCK_END,False,
development,BEAR,08-12,2022-06-29 08:00:00+00:00,2022-06-29 12:00:00+00:00,20366.0,19887.1,478.90000000000146,19958.934999999998,2022-06-29 11:25:00+00:00,2022-06-29 11:20:00+00:00,True,CLEAN_CAUSAL_LEAVE,2022-06-29 11:25:00+00:00,2022-06-29 11:30:00+00:00,,2022-06-29 12:00:00+00:00,BLOCK_END,False,
development,BEAR,00-04,2022-06-30 00:00:00+00:00,2022-06-30 04:00:00+00:00,20430.0,20037.7,392.2999999999993,20096.545000000002,2022-06-30 00:20:00+00:00,2022-06-30 00:15:00+00:00,True,CLEAN_CAUSAL_LEAVE,2022-06-30 00:20:00+00:00,2022-06-30 00:25:00+00:00,2022-06-30 00:25:00+00:00,2022-06-30 00:35:00+00:00,L2_ARRIVAL,True,10.0
development,BEAR,04-08,2022-06-30 04:00:00+00:00,2022-06-30 08:00:00+00:00,20165.0,19932.4,232.59999999999854,19967.29,2022-06-30 06:20:00+00:00,2022-06-30 06:15:00+00:00,False,LOW_BREAK_BEFORE_LEAVE,2022-06-30 06:20:00+00:00,,,2022-06-30 06:20:00+00:00,L2_BREAK,False,
development,BEAR,00-04,2022-07-02 00:00:00+00:00,2022-07-02 04:00:00+00:00,19686.8,19207.6,479.2000000000007,19279.48,2022-07-02 00:05:00+00:00,2022-07-02 00:00:00+00:00,True,CLEAN_CAUSAL_LEAVE,2022-07-02 00:05:00+00:00,2022-07-02 00:10:00+00:00,2022-07-02 00:20:00+00:00,2022-07-02 00:55:00+00:00,L2_ARRIVAL,True,35.0
development,BEAR,08-12,2022-07-02 08:00:00+00:00,2022-07-02 12:00:00+00:00,19296.2,19096.7,199.5,19126.625,2022-07-02 09:00:00+00:00,2022-07-02 08:55:00+00:00,True,CLEAN_CAUSAL_LEAVE,2022-07-02 09:10:00+00:00,2022-07-02 09:15:00+00:00,2022-07-02 09:15:00+00:00,2022-07-02 09:20:00+00:00,L2_ARRIVAL,True,5.0
development,BEAR,00-04,2022-07-03 00:00:00+00:00,2022-07-03 04:00:00+00:00,19375.3,19183.4,191.89999999999782,19212.185,2022-07-03 00:35:00+00:00,2022-07-03 00:30:00+00:00,True,CLEAN_CAUSAL_LEAVE,2022-07-03 00:35:00+00:00,2022-07-03 00:40:00+00:00,2022-07-03 00:40:00+00:00,2022-07-03 01:40:00+00:00,L2_ARRIVAL,True,60.0
development,SIDEWAYS,12-16,2022-07-05 12:00:00+00:00,2022-07-05 16:00:00+00:00,20209.2,19461.9,747.2999999999993,19573.995000000003,2022-07-05 12:05:00+00:00,2022-07-05 12:00:00+00:00,True,CLEAN_CAUSAL_LEAVE,2022-07-05 12:05:00+00:00,2022-07-05 12:10:00+00:00,,2022-07-05 12:15:00+00:00,L2_ARRIVAL,False,
development,BULL,00-04,2022-07-06 00:00:00+00:00,2022-07-06 04:00:00+00:00,20749.2,20102.0,647.2000000000007,20199.08,2022-07-06 00:25:00+00:00,2022-07-06 00:20:00+00:00,True,CLEAN_CAUSAL_LEAVE,2022-07-06 00:25:00+00:00,2022-07-06 00:30:00+00:00,2022-07-06 00:30:00+00:00,2022-07-06 01:35:00+00:00,L2_ARRIVAL,True,65.0
development,BULL,04-08,2022-07-07 04:00:00+00:00,2022-07-07 08:00:00+00:00,20588.0,20373.6,214.40000000000146,20405.76,2022-07-07 04:35:00+00:00,2022-07-07 04:30:00+00:00,True,CLEAN_CAUSAL_LEAVE,2022-07-07 04:50:00+00:00,2022-07-07 04:55:00+00:00,2022-07-07 04:55:00+00:00,2022-07-07 05:25:00+00:00,L2_ARRIVAL,True,30.0
development,BULL,12-16,2022-07-07 12:00:00+00:00,2022-07-07 16:00:00+00:00,20619.1,20384.5,234.59999999999854,20419.69,2022-07-07 12:40:00+00:00,2022-07-07 12:35:00+00:00,True,CLEAN_CAUSAL_LEAVE,2022-07-07 12:40:00+00:00,2022-07-07 12:45:00+00:00,2022-07-07 12:45:00+00:00,2022-07-07 13:20:00+00:00,L2_ARRIVAL,True,35.0
development,BEAR,00-04,2022-07-11 00:00:00+00:00,2022-07-11 04:00:00+00:00,21170.0,20670.7,499.2999999999993,20745.595,2022-07-11 00:20:00+00:00,2022-07-11 00:15:00+00:00,True,CLEAN_CAUSAL_LEAVE,2022-07-11 00:20:00+00:00,2022-07-11 00:25:00+00:00,2022-07-11 00:40:00+00:00,2022-07-11 01:20:00+00:00,L2_ARRIVAL,True,40.0
development,BEAR,04-08,2022-07-11 04:00:00+00:00,2022-07-11 08:00:00+00:00,20853.9,20449.3,404.6000000000022,20509.989999999998,2022-07-11 04:45:00+00:00,2022-07-11 04:40:00+00:00,True,CLEAN_CAUSAL_LEAVE,2022-07-11 04:45:00+00:00,2022-07-11 04:50:00+00:00,2022-07-11 05:00:00+00:00,2022-07-11 06:05:00+00:00,L2_ARRIVAL,True,65.0
development,BEAR,20-00,2022-07-11 20:00:00+00:00,2022-07-12 00:00:00+00:00,20733.8,20384.0,349.7999999999993,20436.47,2022-07-11 21:00:00+00:00,2022-07-11 20:55:00+00:00,False,LOW_BREAK_BEFORE_LEAVE,2022-07-11 21:00:00+00:00,,,2022-07-11 21:00:00+00:00,L2_BREAK,False,
development,BEAR,00-04,2022-07-12 00:00:00+00:00,2022-07-12 04:00:00+00:00,20550.0,19870.0,680.0,19972.0,2022-07-12 00:30:00+00:00,2022-07-12 00:25:00+00:00,False,LOW_BREAK_BEFORE_LEAVE,2022-07-12 00:30:00+00:00,,,2022-07-12 00:30:00+00:00,L2_BREAK,False,
development,BEAR,08-12,2022-07-12 08:00:00+00:00,2022-07-12 12:00:00+00:00,20048.9,19618.2,430.7000000000007,19682.805,2022-07-12 09:40:00+00:00,2022-07-12 09:35:00+00:00,False,LOW_BREAK_BEFORE_LEAVE,2022-07-12 09:45:00+00:00,,,2022-07-12 09:45:00+00:00,L2_BREAK,False,
development,BEAR,20-00,2022-07-12 20:00:00+00:00,2022-07-13 00:00:00+00:00,19993.0,19252.5,740.5,19363.575,2022-07-12 22:05:00+00:00,2022-07-12 22:00:00+00:00,True,CLEAN_CAUSAL_LEAVE,2022-07-12 22:05:00+00:00,2022-07-12 22:10:00+00:00,2022-07-12 22:10:00+00:00,2022-07-12 23:50:00+00:00,L2_ARRIVAL,True,100.0
development,BEAR,12-16,2022-07-14 12:00:00+00:00,2022-07-14 16:00:00+00:00,20047.0,19617.4,429.59999999999854,19681.84,2022-07-14 12:35:00+00:00,2022-07-14 12:30:00+00:00,True,CLEAN_CAUSAL_LEAVE,2022-07-14 12:35:00+00:00,2022-07-14 12:40:00+00:00,2022-07-14 13:30:00+00:00,2022-07-14 15:15:00+00:00,OPPOSITE_HIGH_BREAK,False,
development,BULL,16-20,2022-07-15 16:00:00+00:00,2022-07-15 20:00:00+00:00,21090.0,20754.1,335.90000000000146,20804.485,2022-07-15 16:05:00+00:00,2022-07-15 16:00:00+00:00,True,CLEAN_CAUSAL_LEAVE,2022-07-15 16:10:00+00:00,2022-07-15 16:15:00+00:00,,2022-07-15 16:15:00+00:00,L2_ARRIVAL,False,
development,BULL,00-04,2022-07-16 00:00:00+00:00,2022-07-16 04:00:00+00:00,21200.0,20755.0,445.0,20821.75,2022-07-16 00:25:00+00:00,2022-07-16 00:20:00+00:00,True,CLEAN_CAUSAL_LEAVE,2022-07-16 00:25:00+00:00,2022-07-16 00:30:00+00:00,,2022-07-16 00:30:00+00:00,L2_ARRIVAL,False,
development,BULL,20-00,2022-07-16 20:00:00+00:00,2022-07-17 00:00:00+00:00,21580.0,20919.1,660.9000000000015,21018.235,2022-07-16 20:25:00+00:00,2022-07-16 20:20:00+00:00,True,CLEAN_CAUSAL_LEAVE,2022-07-16 20:25:00+00:00,2022-07-16 20:30:00+00:00,2022-07-16 20:30:00+00:00,2022-07-17 00:00:00+00:00,BLOCK_END,False,
development,BULL,08-12,2022-07-17 08:00:00+00:00,2022-07-17 12:00:00+00:00,21674.1,21222.0,452.09999999999854,21289.815,2022-07-17 10:20:00+00:00,2022-07-17 10:15:00+00:00,True,CLEAN_CAUSAL_LEAVE,2022-07-17 10:25:00+00:00,2022-07-17 10:30:00+00:00,2022-07-17 10:30:00+00:00,2022-07-17 12:00:00+00:00,BLOCK_END,False,
development,BULL,12-16,2022-07-17 12:00:00+00:00,2022-07-17 16:00:00+00:00,21545.7,21210.1,335.6000000000022,21260.44,2022-07-17 13:05:00+00:00,2022-07-17 13:00:00+00:00,False,LOW_BREAK_BEFORE_LEAVE,2022-07-17 13:05:00+00:00,,,2022-07-17 13:05:00+00:00,L2_BREAK,False,
development,BULL,08-12,2022-07-20 08:00:00+00:00,2022-07-20 12:00:00+00:00,23861.0,23300.0,561.0,23384.15,2022-07-20 08:05:00+00:00,2022-07-20 08:00:00+00:00,True,CLEAN_CAUSAL_LEAVE,2022-07-20 08:05:00+00:00,2022-07-20 08:10:00+00:00,2022-07-20 08:10:00+00:00,2022-07-20 12:00:00+00:00,BLOCK_END,False,
development,BULL,16-20,2022-07-20 16:00:00+00:00,2022-07-20 20:00:00+00:00,24277.0,23556.9,720.0999999999985,23664.915,2022-07-20 16:45:00+00:00,2022-07-20 16:40:00+00:00,True,CLEAN_CAUSAL_LEAVE,2022-07-20 16:45:00+00:00,2022-07-20 16:50:00+00:00,2022-07-20 16:50:00+00:00,2022-07-20 17:05:00+00:00,L2_ARRIVAL,True,15.0
development,BULL,04-08,2022-07-21 04:00:00+00:00,2022-07-21 08:00:00+00:00,23441.1,22662.8,778.2999999999993,22779.545,2022-07-21 04:10:00+00:00,2022-07-21 04:05:00+00:00,True,CLEAN_CAUSAL_LEAVE,2022-07-21 04:10:00+00:00,2022-07-21 04:15:00+00:00,2022-07-21 04:15:00+00:00,2022-07-21 08:00:00+00:00,BLOCK_END,False,
development,SIDEWAYS,12-16,2022-07-21 12:00:00+00:00,2022-07-21 16:00:00+00:00,23069.0,22444.0,625.0,22537.75,2022-07-21 14:30:00+00:00,2022-07-21 14:25:00+00:00,False,LOW_BREAK_BEFORE_LEAVE,2022-07-21 14:30:00+00:00,,,2022-07-21 14:30:00+00:00,L2_BREAK,False,
development,BULL,04-08,2022-07-22 04:00:00+00:00,2022-07-22 08:00:00+00:00,23342.2,22850.0,492.2000000000007,22923.83,2022-07-22 04:45:00+00:00,2022-07-22 04:40:00+00:00,True,CLEAN_CAUSAL_LEAVE,2022-07-22 04:45:00+00:00,2022-07-22 04:50:00+00:00,2022-07-22 04:50:00+00:00,2022-07-22 08:00:00+00:00,BLOCK_END,False,
development,BULL,16-20,2022-07-22 16:00:00+00:00,2022-07-22 20:00:00+00:00,23750.0,23217.0,533.0,23296.95,2022-07-22 16:05:00+00:00,2022-07-22 16:00:00+00:00,True,CLEAN_CAUSAL_LEAVE,2022-07-22 16:05:00+00:00,2022-07-22 16:10:00+00:00,,2022-07-22 16:10:00+00:00,L2_ARRIVAL,False,
development,SIDEWAYS,20-00,2022-07-22 20:00:00+00:00,2022-07-23 00:00:00+00:00,23335.0,22531.9,803.0999999999985,22652.365,2022-07-22 20:45:00+00:00,2022-07-22 20:40:00+00:00,True,CLEAN_CAUSAL_LEAVE,2022-07-22 20:50:00+00:00,2022-07-22 20:55:00+00:00,2022-07-22 21:05:00+00:00,2022-07-23 00:00:00+00:00,BLOCK_END,False,
development,BEAR,16-20,2022-07-23 16:00:00+00:00,2022-07-23 20:00:00+00:00,22381.0,22032.0,349.0,22084.35,2022-07-23 17:25:00+00:00,2022-07-23 17:20:00+00:00,True,CLEAN_CAUSAL_LEAVE,2022-07-23 17:25:00+00:00,2022-07-23 17:30:00+00:00,2022-07-23 17:30:00+00:00,2022-07-23 17:40:00+00:00,L2_ARRIVAL,True,10.0
development,BEAR,04-08,2022-07-24 04:00:00+00:00,2022-07-24 08:00:00+00:00,22663.1,22286.0,377.09999999999854,22342.565,2022-07-24 04:15:00+00:00,2022-07-24 04:10:00+00:00,True,CLEAN_CAUSAL_LEAVE,2022-07-24 04:15:00+00:00,2022-07-24 04:20:00+00:00,2022-07-24 04:25:00+00:00,2022-07-24 05:40:00+00:00,OPPOSITE_HIGH_BREAK,False,
development,BEAR,12-16,2022-07-24 12:00:00+00:00,2022-07-24 16:00:00+00:00,22812.0,22470.0,342.0,22521.3,2022-07-24 13:00:00+00:00,2022-07-24 12:55:00+00:00,True,CLEAN_CAUSAL_LEAVE,2022-07-24 13:05:00+00:00,2022-07-24 13:10:00+00:00,2022-07-24 13:10:00+00:00,2022-07-24 13:40:00+00:00,L2_ARRIVAL,True,30.0
development,BEAR,00-04,2022-07-26 00:00:00+00:00,2022-07-26 04:00:00+00:00,22252.6,21232.0,1020.5999999999985,21385.09,2022-07-26 00:05:00+00:00,2022-07-26 00:00:00+00:00,True,CLEAN_CAUSAL_LEAVE,2022-07-26 00:05:00+00:00,2022-07-26 00:10:00+00:00,,2022-07-26 00:10:00+00:00,L2_ARRIVAL,False,
development,BEAR,08-12,2022-07-26 08:00:00+00:00,2022-07-26 12:00:00+00:00,21250.0,21000.0,250.0,21037.5,2022-07-26 08:15:00+00:00,2022-07-26 08:10:00+00:00,True,CLEAN_CAUSAL_LEAVE,2022-07-26 08:20:00+00:00,2022-07-26 08:25:00+00:00,,2022-07-26 11:55:00+00:00,L2_ARRIVAL,False,
development,BULL,08-12,2022-07-28 08:00:00+00:00,2022-07-28 12:00:00+00:00,23260.0,22880.0,380.0,22937.0,2022-07-28 08:15:00+00:00,2022-07-28 08:10:00+00:00,True,CLEAN_CAUSAL_LEAVE,2022-07-28 08:20:00+00:00,2022-07-28 08:25:00+00:00,2022-07-28 08:25:00+00:00,2022-07-28 09:15:00+00:00,L2_ARRIVAL,True,50.0
development,BULL,12-16,2022-07-28 12:00:00+00:00,2022-07-28 16:00:00+00:00,23150.9,22809.8,341.1000000000022,22860.965,2022-07-28 12:35:00+00:00,2022-07-28 12:30:00+00:00,False,LOW_BREAK_BEFORE_LEAVE,2022-07-28 12:35:00+00:00,,,2022-07-28 12:35:00+00:00,L2_BREAK,False,
development,BULL,00-04,2022-07-29 00:00:00+00:00,2022-07-29 04:00:00+00:00,24194.6,23720.0,474.59999999999854,23791.19,2022-07-29 00:20:00+00:00,2022-07-29 00:15:00+00:00,False,LOW_BREAK_BEFORE_LEAVE,2022-07-29 00:25:00+00:00,,,2022-07-29 00:25:00+00:00,L2_BREAK,False,
development,BULL,08-12,2022-07-29 08:00:00+00:00,2022-07-29 12:00:00+00:00,24500.0,23818.2,681.7999999999993,23920.47,2022-07-29 08:15:00+00:00,2022-07-29 08:10:00+00:00,True,CLEAN_CAUSAL_LEAVE,2022-07-29 08:15:00+00:00,2022-07-29 08:20:00+00:00,2022-07-29 08:25:00+00:00,2022-07-29 11:25:00+00:00,L2_ARRIVAL,True,180.0
development,BULL,12-16,2022-07-29 12:00:00+00:00,2022-07-29 16:00:00+00:00,24135.0,23548.0,587.0,23636.05,2022-07-29 12:35:00+00:00,2022-07-29 12:30:00+00:00,False,LOW_BREAK_BEFORE_LEAVE,2022-07-29 12:35:00+00:00,,,2022-07-29 12:35:00+00:00,L2_BREAK,False,
development,BULL,00-04,2022-07-30 00:00:00+00:00,2022-07-30 04:00:00+00:00,24129.9,23691.1,438.8000000000029,23756.92,2022-07-30 01:55:00+00:00,2022-07-30 01:50:00+00:00,True,CLEAN_CAUSAL_LEAVE,2022-07-30 02:00:00+00:00,2022-07-30 02:05:00+00:00,2022-07-30 02:30:00+00:00,2022-07-30 04:00:00+00:00,BLOCK_END,False,
development,BULL,04-08,2022-07-30 04:00:00+00:00,2022-07-30 08:00:00+00:00,23965.0,23667.8,297.2000000000007,23712.38,2022-07-30 04:30:00+00:00,2022-07-30 04:25:00+00:00,True,CLEAN_CAUSAL_LEAVE,2022-07-30 04:30:00+00:00,2022-07-30 04:35:00+00:00,2022-07-30 04:35:00+00:00,2022-07-30 08:00:00+00:00,BLOCK_END,False,
development,BULL,16-20,2022-07-30 16:00:00+00:00,2022-07-30 20:00:00+00:00,24700.0,23911.0,789.0,24029.35,2022-07-30 20:00:00+00:00,2022-07-30 19:55:00+00:00,False,NO_CAUSAL_LEAVE,,,,2022-07-30 20:00:00+00:00,BLOCK_END,False,
development,SIDEWAYS,04-08,2022-08-01 04:00:00+00:00,2022-08-01 08:00:00+00:00,23458.3,23251.0,207.29999999999927,23282.095,2022-08-01 06:20:00+00:00,2022-08-01 06:15:00+00:00,True,CLEAN_CAUSAL_LEAVE,2022-08-01 06:20:00+00:00,2022-08-01 06:25:00+00:00,,2022-08-01 06:25:00+00:00,L2_ARRIVAL,False,
development,BEAR,08-12,2022-08-01 08:00:00+00:00,2022-08-01 12:00:00+00:00,23408.7,23100.0,308.7000000000007,23146.305,2022-08-01 10:40:00+00:00,2022-08-01 10:35:00+00:00,False,LOW_BREAK_BEFORE_LEAVE,2022-08-01 10:40:00+00:00,,,2022-08-01 10:40:00+00:00,L2_BREAK,False,
development,BEAR,16-20,2022-08-01 16:00:00+00:00,2022-08-01 20:00:00+00:00,23497.0,22955.0,542.0,23036.3,2022-08-01 17:30:00+00:00,2022-08-01 17:25:00+00:00,True,CLEAN_CAUSAL_LEAVE,2022-08-01 17:35:00+00:00,2022-08-01 17:40:00+00:00,,2022-08-01 17:40:00+00:00,L2_ARRIVAL,False,
development,BEAR,08-12,2022-08-04 08:00:00+00:00,2022-08-04 12:00:00+00:00,23175.6,22810.0,365.59999999999854,22864.84,2022-08-04 08:50:00+00:00,2022-08-04 08:45:00+00:00,False,LOW_BREAK_BEFORE_LEAVE,2022-08-04 08:55:00+00:00,,,2022-08-04 08:55:00+00:00,L2_BREAK,False,
development,BULL,04-08,2022-08-06 04:00:00+00:00,2022-08-06 08:00:00+00:00,23341.8,23140.8,201.0,23170.95,2022-08-06 05:20:00+00:00,2022-08-06 05:15:00+00:00,True,CLEAN_CAUSAL_LEAVE,2022-08-06 05:20:00+00:00,2022-08-06 05:25:00+00:00,,2022-08-06 05:25:00+00:00,L2_ARRIVAL,False,
development,BULL,16-20,2022-08-06 16:00:00+00:00,2022-08-06 20:00:00+00:00,23227.4,23146.1,81.30000000000291,23158.295,2022-08-06 17:00:00+00:00,2022-08-06 16:55:00+00:00,False,LOW_BREAK_BEFORE_LEAVE,2022-08-06 17:00:00+00:00,,,2022-08-06 17:00:00+00:00,L2_BREAK,False,
development,BULL,00-04,2022-08-09 00:00:00+00:00,2022-08-09 04:00:00+00:00,24097.5,23666.0,431.5,23730.725,2022-08-09 02:15:00+00:00,2022-08-09 02:10:00+00:00,True,CLEAN_CAUSAL_LEAVE,2022-08-09 02:20:00+00:00,2022-08-09 02:25:00+00:00,2022-08-09 02:25:00+00:00,2022-08-09 04:00:00+00:00,BLOCK_END,False,
development,BEAR,00-04,2022-08-10 00:00:00+00:00,2022-08-10 04:00:00+00:00,23248.0,23042.1,205.90000000000146,23072.985,2022-08-10 00:10:00+00:00,2022-08-10 00:05:00+00:00,True,CLEAN_CAUSAL_LEAVE,2022-08-10 00:10:00+00:00,2022-08-10 00:15:00+00:00,,2022-08-10 00:15:00+00:00,L2_ARRIVAL,False,
development,BULL,16-20,2022-08-11 16:00:00+00:00,2022-08-11 20:00:00+00:00,24972.0,24261.8,710.2000000000007,24368.329999999998,2022-08-11 16:20:00+00:00,2022-08-11 16:15:00+00:00,True,CLEAN_CAUSAL_LEAVE,2022-08-11 16:20:00+00:00,2022-08-11 16:25:00+00:00,2022-08-11 16:25:00+00:00,2022-08-11 16:40:00+00:00,L2_ARRIVAL,True,15.0
development,BULL,20-00,2022-08-13 20:00:00+00:00,2022-08-14 00:00:00+00:00,24584.5,24321.6,262.90000000000146,24361.035,2022-08-13 20:10:00+00:00,2022-08-13 20:05:00+00:00,True,CLEAN_CAUSAL_LEAVE,2022-08-13 20:10:00+00:00,2022-08-13 20:15:00+00:00,2022-08-13 20:15:00+00:00,2022-08-14 00:00:00+00:00,BLOCK_END,False,
development,BULL,16-20,2022-08-14 16:00:00+00:00,2022-08-14 20:00:00+00:00,24579.5,24379.3,200.20000000000073,24409.329999999998,2022-08-14 16:45:00+00:00,2022-08-14 16:40:00+00:00,False,LOW_BREAK_BEFORE_LEAVE,2022-08-14 16:45:00+00:00,,,2022-08-14 16:45:00+00:00,L2_BREAK,False,
development,SIDEWAYS,00-04,2022-08-15 00:00:00+00:00,2022-08-15 04:00:00+00:00,24420.0,24162.0,258.0,24200.7,2022-08-15 00:20:00+00:00,2022-08-15 00:15:00+00:00,True,CLEAN_CAUSAL_LEAVE,2022-08-15 00:20:00+00:00,2022-08-15 00:25:00+00:00,,2022-08-15 01:30:00+00:00,OPPOSITE_HIGH_BREAK,False,
development,BULL,04-08,2022-08-15 04:00:00+00:00,2022-08-15 08:00:00+00:00,25200.0,24150.0,1050.0,24307.5,2022-08-15 06:55:00+00:00,2022-08-15 06:50:00+00:00,False,LOW_BREAK_BEFORE_LEAVE,2022-08-15 06:55:00+00:00,,,2022-08-15 06:55:00+00:00,L2_BREAK,False,
development,SIDEWAYS,08-12,2022-08-15 08:00:00+00:00,2022-08-15 12:00:00+00:00,24975.7,23916.7,1059.0,24075.55,2022-08-15 08:20:00+00:00,2022-08-15 08:15:00+00:00,True,CLEAN_CAUSAL_LEAVE,2022-08-15 08:20:00+00:00,2022-08-15 08:25:00+00:00,2022-08-15 09:45:00+00:00,2022-08-15 12:00:00+00:00,BLOCK_END,False,
development,BEAR,04-08,2022-08-16 04:00:00+00:00,2022-08-16 08:00:00+00:00,24234.0,23843.8,390.2000000000007,23902.329999999998,2022-08-16 05:20:00+00:00,2022-08-16 05:15:00+00:00,False,LOW_BREAK_BEFORE_LEAVE,2022-08-16 05:20:00+00:00,,,2022-08-16 05:20:00+00:00,L2_BREAK,False,
development,BEAR,12-16,2022-08-16 12:00:00+00:00,2022-08-16 16:00:00+00:00,24138.0,23954.6,183.40000000000146,23982.11,2022-08-16 12:45:00+00:00,2022-08-16 12:40:00+00:00,False,LOW_BREAK_BEFORE_LEAVE,2022-08-16 12:45:00+00:00,,,2022-08-16 12:45:00+00:00,L2_BREAK,False,
development,BEAR,08-12,2022-08-17 08:00:00+00:00,2022-08-17 12:00:00+00:00,24437.0,23754.0,683.0,23856.45,2022-08-17 08:05:00+00:00,2022-08-17 08:00:00+00:00,False,LOW_BREAK_BEFORE_LEAVE,2022-08-17 08:05:00+00:00,,,2022-08-17 08:05:00+00:00,L2_BREAK,False,
development,BEAR,12-16,2022-08-17 12:00:00+00:00,2022-08-17 16:00:00+00:00,23908.2,23672.0,236.20000000000073,23707.43,2022-08-17 12:10:00+00:00,2022-08-17 12:05:00+00:00,True,CLEAN_CAUSAL_LEAVE,2022-08-17 12:10:00+00:00,2022-08-17 12:15:00+00:00,,2022-08-17 12:15:00+00:00,L2_ARRIVAL,False,
development,BEAR,04-08,2022-08-21 04:00:00+00:00,2022-08-21 08:00:00+00:00,21320.4,21111.1,209.3000000000029,21142.495,2022-08-21 06:45:00+00:00,2022-08-21 06:40:00+00:00,False,LOW_BREAK_BEFORE_LEAVE,2022-08-21 06:50:00+00:00,,,2022-08-21 06:50:00+00:00,L2_BREAK,False,
development,BEAR,04-08,2022-08-22 04:00:00+00:00,2022-08-22 08:00:00+00:00,21520.5,21355.0,165.5,21379.825,2022-08-22 04:15:00+00:00,2022-08-22 04:10:00+00:00,True,CLEAN_CAUSAL_LEAVE,2022-08-22 04:20:00+00:00,2022-08-22 04:25:00+00:00,2022-08-22 06:00:00+00:00,2022-08-22 06:35:00+00:00,L2_ARRIVAL,True,35.0
development,BEAR,00-04,2022-08-25 00:00:00+00:00,2022-08-25 04:00:00+00:00,21750.0,21350.0,400.0,21410.0,2022-08-25 00:05:00+00:00,2022-08-25 00:00:00+00:00,True,CLEAN_CAUSAL_LEAVE,2022-08-25 00:05:00+00:00,2022-08-25 00:10:00+00:00,,2022-08-25 00:10:00+00:00,L2_ARRIVAL,False,
development,BULL,12-16,2022-08-25 12:00:00+00:00,2022-08-25 16:00:00+00:00,21810.9,21601.0,209.90000000000146,21632.485,2022-08-25 13:10:00+00:00,2022-08-25 13:05:00+00:00,False,LOW_BREAK_BEFORE_LEAVE,2022-08-25 13:15:00+00:00,,,2022-08-25 13:15:00+00:00,L2_BREAK,False,
development,BULL,16-20,2022-08-25 16:00:00+00:00,2022-08-25 20:00:00+00:00,21771.2,21475.0,296.2000000000007,21519.43,2022-08-25 16:20:00+00:00,2022-08-25 16:15:00+00:00,True,CLEAN_CAUSAL_LEAVE,2022-08-25 16:20:00+00:00,2022-08-25 16:25:00+00:00,2022-08-25 16:25:00+00:00,2022-08-25 16:45:00+00:00,L2_ARRIVAL,True,20.0
development,BEAR,16-20,2022-08-26 16:00:00+00:00,2022-08-26 20:00:00+00:00,21867.6,20560.0,1307.5999999999985,20756.14,2022-08-26 16:25:00+00:00,2022-08-26 16:20:00+00:00,True,CLEAN_CAUSAL_LEAVE,2022-08-26 16:35:00+00:00,2022-08-26 16:40:00+00:00,2022-08-26 17:00:00+00:00,2022-08-26 18:05:00+00:00,L2_ARRIVAL,True,65.0
development,BEAR,04-08,2022-08-27 04:00:00+00:00,2022-08-27 08:00:00+00:00,20367.7,20125.0,242.70000000000073,20161.405,2022-08-27 04:55:00+00:00,2022-08-27 04:50:00+00:00,True,CLEAN_CAUSAL_LEAVE,2022-08-27 04:55:00+00:00,2022-08-27 05:00:00+00:00,,2022-08-27 05:00:00+00:00,L2_ARRIVAL,False,
development,BEAR,20-00,2022-08-28 20:00:00+00:00,2022-08-29 00:00:00+00:00,20140.0,19942.0,198.0,19971.7,2022-08-28 21:50:00+00:00,2022-08-28 21:45:00+00:00,True,CLEAN_CAUSAL_LEAVE,2022-08-28 21:50:00+00:00,2022-08-28 21:55:00+00:00,2022-08-28 21:55:00+00:00,2022-08-28 22:00:00+00:00,L2_ARRIVAL,True,5.0
development,BEAR,20-00,2022-08-29 20:00:00+00:00,2022-08-30 00:00:00+00:00,20440.0,20070.4,369.59999999999854,20125.84,2022-08-29 20:05:00+00:00,2022-08-29 20:00:00+00:00,True,CLEAN_CAUSAL_LEAVE,2022-08-29 20:05:00+00:00,2022-08-29 20:10:00+00:00,2022-08-29 20:15:00+00:00,2022-08-30 00:00:00+00:00,BLOCK_END,False,
development,SIDEWAYS,08-12,2022-08-31 08:00:00+00:00,2022-08-31 12:00:00+00:00,20496.0,20178.9,317.09999999999854,20226.465,2022-08-31 08:25:00+00:00,2022-08-31 08:20:00+00:00,False,LOW_BREAK_BEFORE_LEAVE,2022-08-31 08:30:00+00:00,,,2022-08-31 08:30:00+00:00,L2_BREAK,False,
development,BEAR,04-08,2022-09-01 04:00:00+00:00,2022-09-01 08:00:00+00:00,20198.3,19910.0,288.2999999999993,19953.245,2022-09-01 07:05:00+00:00,2022-09-01 07:00:00+00:00,False,LOW_BREAK_BEFORE_LEAVE,2022-09-01 07:25:00+00:00,,,2022-09-01 07:25:00+00:00,L2_BREAK,False,
development,BEAR,12-16,2022-09-01 12:00:00+00:00,2022-09-01 16:00:00+00:00,20115.1,19810.1,305.0,19855.85,2022-09-01 14:20:00+00:00,2022-09-01 14:15:00+00:00,True,CLEAN_CAUSAL_LEAVE,2022-09-01 14:20:00+00:00,2022-09-01 14:25:00+00:00,2022-09-01 14:35:00+00:00,2022-09-01 14:45:00+00:00,L2_ARRIVAL,True,10.0
development,SIDEWAYS,08-12,2022-09-02 08:00:00+00:00,2022-09-02 12:00:00+00:00,20290.0,20023.2,266.7999999999993,20063.22,2022-09-02 11:15:00+00:00,2022-09-02 11:10:00+00:00,False,LOW_BREAK_BEFORE_LEAVE,2022-09-02 11:20:00+00:00,,,2022-09-02 11:20:00+00:00,L2_BREAK,False,
development,BEAR,08-12,2022-09-03 08:00:00+00:00,2022-09-03 12:00:00+00:00,19957.5,19740.1,217.40000000000146,19772.71,2022-09-03 09:05:00+00:00,2022-09-03 09:00:00+00:00,True,CLEAN_CAUSAL_LEAVE,2022-09-03 09:05:00+00:00,2022-09-03 09:10:00+00:00,2022-09-03 09:15:00+00:00,2022-09-03 09:50:00+00:00,L2_ARRIVAL,True,35.0
development,BEAR,16-20,2022-09-03 16:00:00+00:00,2022-09-03 20:00:00+00:00,19894.0,19740.1,153.90000000000146,19763.184999999998,2022-09-03 18:55:00+00:00,2022-09-03 18:50:00+00:00,True,CLEAN_CAUSAL_LEAVE,2022-09-03 18:55:00+00:00,2022-09-03 19:00:00+00:00,,2022-09-03 19:00:00+00:00,L2_ARRIVAL,False,
development,BEAR,08-12,2022-09-04 08:00:00+00:00,2022-09-04 12:00:00+00:00,19801.7,19600.0,201.70000000000073,19630.255,2022-09-04 08:05:00+00:00,2022-09-04 08:00:00+00:00,True,CLEAN_CAUSAL_LEAVE,2022-09-04 08:05:00+00:00,2022-09-04 08:10:00+00:00,2022-09-04 08:10:00+00:00,2022-09-04 09:05:00+00:00,OPPOSITE_HIGH_BREAK,False,
development,BEAR,08-12,2022-09-05 08:00:00+00:00,2022-09-05 12:00:00+00:00,19900.0,19668.0,232.0,19702.8,2022-09-05 10:45:00+00:00,2022-09-05 10:40:00+00:00,True,CLEAN_CAUSAL_LEAVE,2022-09-05 10:50:00+00:00,2022-09-05 10:55:00+00:00,2022-09-05 10:55:00+00:00,2022-09-05 11:15:00+00:00,L2_ARRIVAL,True,20.0
development,BEAR,20-00,2022-09-06 20:00:00+00:00,2022-09-07 00:00:00+00:00,19847.1,18700.0,1147.0999999999985,18872.065,2022-09-06 20:10:00+00:00,2022-09-06 20:05:00+00:00,True,CLEAN_CAUSAL_LEAVE,2022-09-06 20:15:00+00:00,2022-09-06 20:20:00+00:00,2022-09-06 20:35:00+00:00,2022-09-07 00:00:00+00:00,BLOCK_END,False,
development,BEAR,12-16,2022-09-07 12:00:00+00:00,2022-09-07 16:00:00+00:00,18848.0,18679.9,168.09999999999854,18705.115,2022-09-07 12:20:00+00:00,2022-09-07 12:15:00+00:00,True,CLEAN_CAUSAL_LEAVE,2022-09-07 12:20:00+00:00,2022-09-07 12:25:00+00:00,2022-09-07 12:25:00+00:00,2022-09-07 13:05:00+00:00,OPPOSITE_HIGH_BREAK,False,
development,BEAR,04-08,2022-09-08 04:00:00+00:00,2022-09-08 08:00:00+00:00,19373.8,19139.4,234.39999999999782,19174.56,2022-09-08 07:20:00+00:00,2022-09-08 07:15:00+00:00,False,LOW_BREAK_BEFORE_LEAVE,2022-09-08 07:20:00+00:00,,,2022-09-08 07:20:00+00:00,L2_BREAK,False,
development,BULL,00-04,2022-09-10 00:00:00+00:00,2022-09-10 04:00:00+00:00,21666.0,21178.0,488.0,21251.2,2022-09-10 00:35:00+00:00,2022-09-10 00:30:00+00:00,True,CLEAN_CAUSAL_LEAVE,2022-09-10 00:40:00+00:00,2022-09-10 00:45:00+00:00,2022-09-10 00:55:00+00:00,2022-09-10 04:00:00+00:00,BLOCK_END,False,
development,BULL,12-16,2022-09-10 12:00:00+00:00,2022-09-10 16:00:00+00:00,21384.0,21246.0,138.0,21266.7,2022-09-10 12:20:00+00:00,2022-09-10 12:15:00+00:00,False,LOW_BREAK_BEFORE_LEAVE,2022-09-10 12:20:00+00:00,,,2022-09-10 12:20:00+00:00,L2_BREAK,False,
development,BULL,20-00,2022-09-11 20:00:00+00:00,2022-09-12 00:00:00+00:00,21883.4,21518.2,365.2000000000007,21572.98,2022-09-11 20:40:00+00:00,2022-09-11 20:35:00+00:00,True,CLEAN_CAUSAL_LEAVE,2022-09-11 20:40:00+00:00,2022-09-11 20:45:00+00:00,,2022-09-11 20:45:00+00:00,L2_ARRIVAL,False,
development,SIDEWAYS,16-20,2022-09-13 16:00:00+00:00,2022-09-13 20:00:00+00:00,22850.0,20729.0,2121.0,21047.15,2022-09-13 16:05:00+00:00,2022-09-13 16:00:00+00:00,True,CLEAN_CAUSAL_LEAVE,2022-09-13 16:05:00+00:00,2022-09-13 16:10:00+00:00,,2022-09-13 16:25:00+00:00,L2_ARRIVAL,False,
development,BEAR,12-16,2022-09-15 12:00:00+00:00,2022-09-15 16:00:00+00:00,20213.3,20010.2,203.09999999999854,20040.665,2022-09-15 13:20:00+00:00,2022-09-15 13:15:00+00:00,False,LOW_BREAK_BEFORE_LEAVE,2022-09-15 13:35:00+00:00,,,2022-09-15 13:35:00+00:00,L2_BREAK,False,
development,BEAR,20-00,2022-09-15 20:00:00+00:00,2022-09-16 00:00:00+00:00,19936.3,19640.0,296.2999999999993,19684.445,2022-09-15 22:55:00+00:00,2022-09-15 22:50:00+00:00,True,CLEAN_CAUSAL_LEAVE,2022-09-15 23:00:00+00:00,2022-09-15 23:05:00+00:00,,2022-09-15 23:05:00+00:00,L2_ARRIVAL,False,
development,BEAR,16-20,2022-09-16 16:00:00+00:00,2022-09-16 20:00:00+00:00,19863.1,19385.2,477.8999999999978,19456.885000000002,2022-09-16 17:10:00+00:00,2022-09-16 17:05:00+00:00,True,CLEAN_CAUSAL_LEAVE,2022-09-16 17:10:00+00:00,2022-09-16 17:15:00+00:00,,2022-09-16 17:15:00+00:00,L2_ARRIVAL,False,
development,BEAR,16-20,2022-09-18 16:00:00+00:00,2022-09-18 20:00:00+00:00,20019.0,19707.0,312.0,19753.8,2022-09-18 16:15:00+00:00,2022-09-18 16:10:00+00:00,False,LOW_BREAK_BEFORE_LEAVE,2022-09-18 16:15:00+00:00,,,2022-09-18 16:15:00+00:00,L2_BREAK,False,
development,BEAR,00-04,2022-09-20 00:00:00+00:00,2022-09-20 04:00:00+00:00,19686.3,19408.0,278.2999999999993,19449.745,2022-09-20 01:20:00+00:00,2022-09-20 01:15:00+00:00,False,LOW_BREAK_BEFORE_LEAVE,2022-09-20 01:20:00+00:00,,,2022-09-20 01:20:00+00:00,L2_BREAK,False,
development,BEAR,08-12,2022-09-20 08:00:00+00:00,2022-09-20 12:00:00+00:00,19581.5,19223.0,358.5,19276.775,2022-09-20 09:30:00+00:00,2022-09-20 09:25:00+00:00,True,CLEAN_CAUSAL_LEAVE,2022-09-20 09:30:00+00:00,2022-09-20 09:35:00+00:00,2022-09-20 09:35:00+00:00,2022-09-20 09:40:00+00:00,L2_ARRIVAL,True,5.0
development,BEAR,20-00,2022-09-21 20:00:00+00:00,2022-09-22 00:00:00+00:00,20154.1,18343.0,1811.0999999999985,18614.665,2022-09-21 21:35:00+00:00,2022-09-21 21:30:00+00:00,True,CLEAN_CAUSAL_LEAVE,2022-09-21 21:35:00+00:00,2022-09-21 21:40:00+00:00,,2022-09-21 22:05:00+00:00,L2_ARRIVAL,False,
development,BEAR,16-20,2022-09-22 16:00:00+00:00,2022-09-22 20:00:00+00:00,19310.0,18782.7,527.2999999999993,18861.795000000002,2022-09-22 16:20:00+00:00,2022-09-22 16:15:00+00:00,True,CLEAN_CAUSAL_LEAVE,2022-09-22 16:20:00+00:00,2022-09-22 16:25:00+00:00,,2022-09-22 19:35:00+00:00,OPPOSITE_HIGH_BREAK,False,
development,BEAR,12-16,2022-09-23 12:00:00+00:00,2022-09-23 16:00:00+00:00,19265.4,18828.0,437.40000000000146,18893.61,2022-09-23 12:05:00+00:00,2022-09-23 12:00:00+00:00,True,CLEAN_CAUSAL_LEAVE,2022-09-23 12:05:00+00:00,2022-09-23 12:10:00+00:00,2022-09-23 12:10:00+00:00,2022-09-23 13:45:00+00:00,L2_ARRIVAL,True,95.0
development,BEAR,08-12,2022-09-28 08:00:00+00:00,2022-09-28 12:00:00+00:00,18870.8,18610.3,260.5,18649.375,2022-09-28 09:15:00+00:00,2022-09-28 09:10:00+00:00,False,LOW_BREAK_BEFORE_LEAVE,2022-09-28 09:15:00+00:00,,,2022-09-28 09:15:00+00:00,L2_BREAK,False,
development,BEAR,16-20,2022-10-01 16:00:00+00:00,2022-10-01 20:00:00+00:00,19396.5,19230.3,166.20000000000073,19255.23,2022-10-01 18:10:00+00:00,2022-10-01 18:05:00+00:00,True,CLEAN_CAUSAL_LEAVE,2022-10-01 18:10:00+00:00,2022-10-01 18:15:00+00:00,2022-10-01 18:15:00+00:00,2022-10-01 18:25:00+00:00,L2_ARRIVAL,True,10.0
development,BEAR,20-00,2022-10-01 20:00:00+00:00,2022-10-02 00:00:00+00:00,19345.0,19200.0,145.0,19221.75,2022-10-01 20:10:00+00:00,2022-10-01 20:05:00+00:00,True,CLEAN_CAUSAL_LEAVE,2022-10-01 20:10:00+00:00,2022-10-01 20:15:00+00:00,2022-10-01 20:15:00+00:00,2022-10-02 00:00:00+00:00,BLOCK_END,False,
development,BEAR,08-12,2022-10-02 08:00:00+00:00,2022-10-02 12:00:00+00:00,19389.0,19213.6,175.40000000000146,19239.91,2022-10-02 10:10:00+00:00,2022-10-02 10:05:00+00:00,False,LOW_BREAK_BEFORE_LEAVE,2022-10-02 10:10:00+00:00,,,2022-10-02 10:10:00+00:00,L2_BREAK,False,
development,BULL,00-04,2022-10-05 00:00:00+00:00,2022-10-05 04:00:00+00:00,20500.0,20142.3,357.7000000000007,20195.954999999998,2022-10-05 00:25:00+00:00,2022-10-05 00:20:00+00:00,True,CLEAN_CAUSAL_LEAVE,2022-10-05 00:25:00+00:00,2022-10-05 00:30:00+00:00,2022-10-05 00:30:00+00:00,2022-10-05 04:00:00+00:00,BLOCK_END,False,
development,BULL,20-00,2022-10-06 20:00:00+00:00,2022-10-07 00:00:00+00:00,20264.1,19934.0,330.09999999999854,19983.515,2022-10-06 21:25:00+00:00,2022-10-06 21:20:00+00:00,True,CLEAN_CAUSAL_LEAVE,2022-10-06 21:25:00+00:00,2022-10-06 21:30:00+00:00,,2022-10-06 21:30:00+00:00,L2_ARRIVAL,False,
development,BEAR,12-16,2022-10-08 12:00:00+00:00,2022-10-08 16:00:00+00:00,19539.3,19441.1,98.20000000000073,19455.829999999998,2022-10-08 14:15:00+00:00,2022-10-08 14:10:00+00:00,True,CLEAN_CAUSAL_LEAVE,2022-10-08 14:15:00+00:00,2022-10-08 14:20:00+00:00,2022-10-08 14:20:00+00:00,2022-10-08 14:25:00+00:00,L2_ARRIVAL,True,5.0
development,BEAR,04-08,2022-10-09 04:00:00+00:00,2022-10-09 08:00:00+00:00,19444.2,19320.4,123.79999999999927,19338.97,2022-10-09 04:25:00+00:00,2022-10-09 04:20:00+00:00,True,CLEAN_CAUSAL_LEAVE,2022-10-09 04:30:00+00:00,2022-10-09 04:35:00+00:00,2022-10-09 04:35:00+00:00,2022-10-09 08:00:00+00:00,BLOCK_END,False,
development,BEAR,04-08,2022-10-10 04:00:00+00:00,2022-10-10 08:00:00+00:00,19513.0,19390.0,123.0,19408.45,2022-10-10 05:35:00+00:00,2022-10-10 05:30:00+00:00,True,CLEAN_CAUSAL_LEAVE,2022-10-10 05:50:00+00:00,2022-10-10 05:55:00+00:00,2022-10-10 05:55:00+00:00,2022-10-10 06:00:00+00:00,L2_ARRIVAL,True,5.0
development,BEAR,20-00,2022-10-10 20:00:00+00:00,2022-10-11 00:00:00+00:00,19355.5,19100.0,255.5,19138.325,2022-10-10 22:10:00+00:00,2022-10-10 22:05:00+00:00,False,LOW_BREAK_BEFORE_LEAVE,2022-10-10 22:10:00+00:00,,,2022-10-10 22:10:00+00:00,L2_BREAK,False,
development,BEAR,00-04,2022-10-11 00:00:00+00:00,2022-10-11 04:00:00+00:00,19279.9,19000.0,279.90000000000146,19041.985,2022-10-11 00:10:00+00:00,2022-10-11 00:05:00+00:00,False,LOW_BREAK_BEFORE_LEAVE,2022-10-11 00:10:00+00:00,,,2022-10-11 00:10:00+00:00,L2_BREAK,False,
development,BEAR,12-16,2022-10-12 12:00:00+00:00,2022-10-12 16:00:00+00:00,19190.0,19081.3,108.70000000000073,19097.605,2022-10-12 12:25:00+00:00,2022-10-12 12:20:00+00:00,True,CLEAN_CAUSAL_LEAVE,2022-10-12 12:25:00+00:00,2022-10-12 12:30:00+00:00,,2022-10-12 12:30:00+00:00,L2_ARRIVAL,False,
development,BEAR,00-04,2022-10-13 00:00:00+00:00,2022-10-13 04:00:00+00:00,19240.0,19122.4,117.59999999999854,19140.04,2022-10-13 00:20:00+00:00,2022-10-13 00:15:00+00:00,True,CLEAN_CAUSAL_LEAVE,2022-10-13 00:20:00+00:00,2022-10-13 00:25:00+00:00,2022-10-13 00:35:00+00:00,2022-10-13 00:45:00+00:00,L2_ARRIVAL,True,10.0
development,BEAR,04-08,2022-10-13 04:00:00+00:00,2022-10-13 08:00:00+00:00,19166.7,19010.0,156.70000000000073,19033.505,2022-10-13 07:10:00+00:00,2022-10-13 07:05:00+00:00,True,CLEAN_CAUSAL_LEAVE,2022-10-13 07:15:00+00:00,2022-10-13 07:20:00+00:00,2022-10-13 07:20:00+00:00,2022-10-13 07:25:00+00:00,L2_ARRIVAL,True,5.0
development,BULL,08-12,2022-10-14 08:00:00+00:00,2022-10-14 12:00:00+00:00,19843.3,19560.5,282.7999999999993,19602.92,2022-10-14 08:30:00+00:00,2022-10-14 08:25:00+00:00,True,CLEAN_CAUSAL_LEAVE,2022-10-14 08:35:00+00:00,2022-10-14 08:40:00+00:00,2022-10-14 08:40:00+00:00,2022-10-14 09:15:00+00:00,L2_ARRIVAL,True,35.0
development,SIDEWAYS,20-00,2022-10-14 20:00:00+00:00,2022-10-15 00:00:00+00:00,19395.0,19096.5,298.5,19141.275,2022-10-14 22:00:00+00:00,2022-10-14 21:55:00+00:00,True,CLEAN_CAUSAL_LEAVE,2022-10-14 22:05:00+00:00,2022-10-14 22:10:00+00:00,,2022-10-14 22:10:00+00:00,L2_ARRIVAL,False,
development,SIDEWAYS,04-08,2022-10-15 04:00:00+00:00,2022-10-15 08:00:00+00:00,19218.8,19125.9,92.89999999999782,19139.835000000003,2022-10-15 07:30:00+00:00,2022-10-15 07:25:00+00:00,True,CLEAN_CAUSAL_LEAVE,2022-10-15 07:30:00+00:00,2022-10-15 07:35:00+00:00,,2022-10-15 08:00:00+00:00,BLOCK_END,False,
development,BEAR,16-20,2022-10-15 16:00:00+00:00,2022-10-15 20:00:00+00:00,19188.0,19080.7,107.29999999999927,19096.795000000002,2022-10-15 19:20:00+00:00,2022-10-15 19:15:00+00:00,True,CLEAN_CAUSAL_LEAVE,2022-10-15 19:25:00+00:00,2022-10-15 19:30:00+00:00,2022-10-15 19:30:00+00:00,2022-10-15 19:35:00+00:00,L2_ARRIVAL,True,5.0
development,BEAR,20-00,2022-10-15 20:00:00+00:00,2022-10-16 00:00:00+00:00,19154.9,19045.0,109.90000000000146,19061.485,2022-10-15 21:10:00+00:00,2022-10-15 21:05:00+00:00,True,CLEAN_CAUSAL_LEAVE,2022-10-15 21:10:00+00:00,2022-10-15 21:15:00+00:00,2022-10-15 21:50:00+00:00,2022-10-15 22:00:00+00:00,L2_ARRIVAL,True,10.0
development,BULL,08-12,2022-10-18 08:00:00+00:00,2022-10-18 12:00:00+00:00,19706.4,19524.5,181.90000000000146,19551.785,2022-10-18 09:00:00+00:00,2022-10-18 08:55:00+00:00,False,LOW_BREAK_BEFORE_LEAVE,2022-10-18 09:05:00+00:00,,,2022-10-18 09:05:00+00:00,L2_BREAK,False,
development,SIDEWAYS,04-08,2022-10-19 04:00:00+00:00,2022-10-19 08:00:00+00:00,19349.8,19210.0,139.79999999999927,19230.97,2022-10-19 06:30:00+00:00,2022-10-19 06:25:00+00:00,False,LOW_BREAK_BEFORE_LEAVE,2022-10-19 06:30:00+00:00,,,2022-10-19 06:30:00+00:00,L2_BREAK,False,
development,BEAR,08-12,2022-10-19 08:00:00+00:00,2022-10-19 12:00:00+00:00,19300.0,19136.0,164.0,19160.6,2022-10-19 11:45:00+00:00,2022-10-19 11:40:00+00:00,True,CLEAN_CAUSAL_LEAVE,2022-10-19 11:45:00+00:00,2022-10-19 11:50:00+00:00,,2022-10-19 12:00:00+00:00,BLOCK_END,False,
development,BEAR,12-16,2022-10-19 12:00:00+00:00,2022-10-19 16:00:00+00:00,19274.8,19133.4,141.39999999999782,19154.61,2022-10-19 12:35:00+00:00,2022-10-19 12:30:00+00:00,False,LOW_BREAK_BEFORE_LEAVE,2022-10-19 12:35:00+00:00,,,2022-10-19 12:35:00+00:00,L2_BREAK,False,
development,BEAR,20-00,2022-10-19 20:00:00+00:00,2022-10-20 00:00:00+00:00,19271.3,19082.0,189.29999999999927,19110.395,2022-10-19 23:50:00+00:00,2022-10-19 23:45:00+00:00,True,CLEAN_CAUSAL_LEAVE,2022-10-19 23:50:00+00:00,2022-10-19 23:55:00+00:00,,2022-10-20 00:00:00+00:00,BLOCK_END,False,
development,BEAR,00-04,2022-10-20 00:00:00+00:00,2022-10-20 04:00:00+00:00,19239.4,19070.8,168.60000000000218,19096.09,2022-10-20 00:45:00+00:00,2022-10-20 00:40:00+00:00,False,LOW_BREAK_BEFORE_LEAVE,2022-10-20 00:45:00+00:00,,,2022-10-20 00:45:00+00:00,L2_BREAK,False,
development,BEAR,16-20,2022-10-20 16:00:00+00:00,2022-10-20 20:00:00+00:00,19350.0,19120.0,230.0,19154.5,2022-10-20 17:10:00+00:00,2022-10-20 17:05:00+00:00,True,CLEAN_CAUSAL_LEAVE,2022-10-20 17:15:00+00:00,2022-10-20 17:20:00+00:00,2022-10-20 17:20:00+00:00,2022-10-20 17:30:00+00:00,L2_ARRIVAL,True,10.0
development,BEAR,20-00,2022-10-20 20:00:00+00:00,2022-10-21 00:00:00+00:00,19244.3,18954.7,289.59999999999854,18998.14,2022-10-20 20:35:00+00:00,2022-10-20 20:30:00+00:00,True,CLEAN_CAUSAL_LEAVE,2022-10-20 20:35:00+00:00,2022-10-20 20:40:00+00:00,2022-10-20 21:00:00+00:00,2022-10-21 00:00:00+00:00,BLOCK_END,False,
development,BEAR,04-08,2022-10-21 04:00:00+00:00,2022-10-21 08:00:00+00:00,19126.8,18991.7,135.09999999999854,19011.965,2022-10-21 07:05:00+00:00,2022-10-21 07:00:00+00:00,True,CLEAN_CAUSAL_LEAVE,2022-10-21 07:10:00+00:00,2022-10-21 07:15:00+00:00,2022-10-21 07:15:00+00:00,2022-10-21 08:00:00+00:00,BLOCK_END,False,
development,BEAR,08-12,2022-10-21 08:00:00+00:00,2022-10-21 12:00:00+00:00,19075.1,18982.2,92.89999999999782,18996.135000000002,2022-10-21 08:25:00+00:00,2022-10-21 08:20:00+00:00,True,CLEAN_CAUSAL_LEAVE,2022-10-21 08:25:00+00:00,2022-10-21 08:30:00+00:00,,2022-10-21 08:30:00+00:00,L2_ARRIVAL,False,
development,BULL,00-04,2022-10-23 00:00:00+00:00,2022-10-23 04:00:00+00:00,19217.1,19164.1,53.0,19172.05,2022-10-23 01:25:00+00:00,2022-10-23 01:20:00+00:00,True,CLEAN_CAUSAL_LEAVE,2022-10-23 01:25:00+00:00,2022-10-23 01:30:00+00:00,,2022-10-23 01:30:00+00:00,L2_ARRIVAL,False,
development,BULL,08-12,2022-10-25 08:00:00+00:00,2022-10-25 12:00:00+00:00,19369.0,19264.0,105.0,19279.75,2022-10-25 08:30:00+00:00,2022-10-25 08:25:00+00:00,True,CLEAN_CAUSAL_LEAVE,2022-10-25 08:30:00+00:00,2022-10-25 08:35:00+00:00,,2022-10-25 09:00:00+00:00,L2_ARRIVAL,False,
development,BULL,20-00,2022-10-27 20:00:00+00:00,2022-10-28 00:00:00+00:00,20670.0,20488.3,181.70000000000073,20515.555,2022-10-27 20:10:00+00:00,2022-10-27 20:05:00+00:00,False,LOW_BREAK_BEFORE_LEAVE,2022-10-27 20:15:00+00:00,,,2022-10-27 20:15:00+00:00,L2_BREAK,False,
development,BULL,00-04,2022-10-28 00:00:00+00:00,2022-10-28 04:00:00+00:00,20625.6,20170.0,455.59999999999854,20238.34,2022-10-28 00:25:00+00:00,2022-10-28 00:20:00+00:00,True,CLEAN_CAUSAL_LEAVE,2022-10-28 00:25:00+00:00,2022-10-28 00:30:00+00:00,2022-10-28 01:00:00+00:00,2022-10-28 04:00:00+00:00,BLOCK_END,False,
development,BULL,04-08,2022-10-28 04:00:00+00:00,2022-10-28 08:00:00+00:00,20326.9,20150.0,176.90000000000146,20176.535,2022-10-28 07:35:00+00:00,2022-10-28 07:30:00+00:00,False,LOW_BREAK_BEFORE_LEAVE,2022-10-28 07:35:00+00:00,,,2022-10-28 07:35:00+00:00,L2_BREAK,False,
development,SIDEWAYS,08-12,2022-10-28 08:00:00+00:00,2022-10-28 12:00:00+00:00,20299.8,20050.1,249.70000000000073,20087.555,2022-10-28 08:10:00+00:00,2022-10-28 08:05:00+00:00,True,CLEAN_CAUSAL_LEAVE,2022-10-28 08:10:00+00:00,2022-10-28 08:15:00+00:00,2022-10-28 08:15:00+00:00,2022-10-28 08:20:00+00:00,L2_ARRIVAL,True,5.0
development,BULL,20-00,2022-10-29 20:00:00+00:00,2022-10-30 00:00:00+00:00,20974.9,20743.2,231.70000000000073,20777.955,2022-10-29 22:25:00+00:00,2022-10-29 22:20:00+00:00,True,CLEAN_CAUSAL_LEAVE,2022-10-29 22:30:00+00:00,2022-10-29 22:35:00+00:00,,2022-10-29 22:45:00+00:00,L2_ARRIVAL,False,
development,BULL,00-04,2022-10-30 00:00:00+00:00,2022-10-30 04:00:00+00:00,20890.9,20696.0,194.90000000000146,20725.235,2022-10-30 01:00:00+00:00,2022-10-30 00:55:00+00:00,True,CLEAN_CAUSAL_LEAVE,2022-10-30 01:05:00+00:00,2022-10-30 01:10:00+00:00,2022-10-30 01:10:00+00:00,2022-10-30 04:00:00+00:00,BLOCK_END,False,
development,BULL,12-16,2022-10-30 12:00:00+00:00,2022-10-30 16:00:00+00:00,20876.0,20622.1,253.90000000000146,20660.184999999998,2022-10-30 13:35:00+00:00,2022-10-30 13:30:00+00:00,True,CLEAN_CAUSAL_LEAVE,2022-10-30 13:35:00+00:00,2022-10-30 13:40:00+00:00,2022-10-30 13:40:00+00:00,2022-10-30 13:55:00+00:00,L2_ARRIVAL,True,15.0
development,BULL,16-20,2022-10-30 16:00:00+00:00,2022-10-30 20:00:00+00:00,20771.0,20607.1,163.90000000000146,20631.684999999998,2022-10-30 16:50:00+00:00,2022-10-30 16:45:00+00:00,True,CLEAN_CAUSAL_LEAVE,2022-10-30 16:50:00+00:00,2022-10-30 16:55:00+00:00,,2022-10-30 16:55:00+00:00,L2_ARRIVAL,False,
development,SIDEWAYS,08-12,2022-10-31 08:00:00+00:00,2022-10-31 12:00:00+00:00,20582.8,20445.2,137.59999999999854,20465.84,2022-10-31 08:10:00+00:00,2022-10-31 08:05:00+00:00,True,CLEAN_CAUSAL_LEAVE,2022-10-31 08:10:00+00:00,2022-10-31 08:15:00+00:00,2022-10-31 08:15:00+00:00,2022-10-31 08:45:00+00:00,L2_ARRIVAL,True,30.0
development,BEAR,12-16,2022-11-01 12:00:00+00:00,2022-11-01 16:00:00+00:00,20687.0,20477.5,209.5,20508.925,2022-11-01 12:10:00+00:00,2022-11-01 12:05:00+00:00,True,CLEAN_CAUSAL_LEAVE,2022-11-01 12:10:00+00:00,2022-11-01 12:15:00+00:00,2022-11-01 13:25:00+00:00,2022-11-01 13:40:00+00:00,L2_ARRIVAL,True,15.0
development,BEAR,00-04,2022-11-02 00:00:00+00:00,2022-11-02 04:00:00+00:00,20494.4,20419.4,75.0,20430.65,2022-11-02 00:05:00+00:00,2022-11-02 00:00:00+00:00,False,LOW_BREAK_BEFORE_LEAVE,2022-11-02 00:05:00+00:00,,,2022-11-02 00:05:00+00:00,L2_BREAK,False,
development,BEAR,08-12,2022-11-02 08:00:00+00:00,2022-11-02 12:00:00+00:00,20550.0,20343.4,206.59999999999854,20374.39,2022-11-02 10:10:00+00:00,2022-11-02 10:05:00+00:00,True,CLEAN_CAUSAL_LEAVE,2022-11-02 10:10:00+00:00,2022-11-02 10:15:00+00:00,2022-11-02 10:20:00+00:00,2022-11-02 12:00:00+00:00,BLOCK_END,False,
development,BEAR,20-00,2022-11-02 20:00:00+00:00,2022-11-03 00:00:00+00:00,20796.0,20100.0,696.0,20204.4,2022-11-02 20:25:00+00:00,2022-11-02 20:20:00+00:00,True,CLEAN_CAUSAL_LEAVE,2022-11-02 20:25:00+00:00,2022-11-02 20:30:00+00:00,,2022-11-02 21:25:00+00:00,L2_ARRIVAL,False,
development,BEAR,08-12,2022-11-03 08:00:00+00:00,2022-11-03 12:00:00+00:00,20400.0,20270.8,129.20000000000073,20290.18,2022-11-03 08:05:00+00:00,2022-11-03 08:00:00+00:00,True,CLEAN_CAUSAL_LEAVE,2022-11-03 08:05:00+00:00,2022-11-03 08:10:00+00:00,2022-11-03 08:20:00+00:00,2022-11-03 08:25:00+00:00,L2_ARRIVAL,True,5.0
development,BEAR,12-16,2022-11-03 12:00:00+00:00,2022-11-03 16:00:00+00:00,20329.9,20038.6,291.3000000000029,20082.295,2022-11-03 12:55:00+00:00,2022-11-03 12:50:00+00:00,True,CLEAN_CAUSAL_LEAVE,2022-11-03 12:55:00+00:00,2022-11-03 13:00:00+00:00,2022-11-03 14:00:00+00:00,2022-11-03 16:00:00+00:00,BLOCK_END,False,
development,BEAR,20-00,2022-11-03 20:00:00+00:00,2022-11-04 00:00:00+00:00,20304.8,20169.2,135.59999999999854,20189.54,2022-11-03 22:20:00+00:00,2022-11-03 22:15:00+00:00,True,CLEAN_CAUSAL_LEAVE,2022-11-03 22:25:00+00:00,2022-11-03 22:30:00+00:00,2022-11-03 22:30:00+00:00,2022-11-03 23:10:00+00:00,L2_ARRIVAL,True,40.0
development,BULL,00-04,2022-11-06 00:00:00+00:00,2022-11-06 04:00:00+00:00,21373.1,21227.0,146.09999999999854,21248.915,2022-11-06 01:55:00+00:00,2022-11-06 01:50:00+00:00,False,LOW_BREAK_BEFORE_LEAVE,2022-11-06 01:55:00+00:00,,,2022-11-06 01:55:00+00:00,L2_BREAK,False,
development,BULL,04-08,2022-11-06 04:00:00+00:00,2022-11-06 08:00:00+00:00,21355.8,21162.2,193.59999999999854,21191.24,2022-11-06 05:30:00+00:00,2022-11-06 05:25:00+00:00,True,CLEAN_CAUSAL_LEAVE,2022-11-06 05:30:00+00:00,2022-11-06 05:35:00+00:00,,2022-11-06 05:45:00+00:00,L2_ARRIVAL,False,
development,BULL,16-20,2022-11-06 16:00:00+00:00,2022-11-06 20:00:00+00:00,21278.9,21180.0,98.90000000000146,21194.835,2022-11-06 16:05:00+00:00,2022-11-06 16:00:00+00:00,True,CLEAN_CAUSAL_LEAVE,2022-11-06 16:10:00+00:00,2022-11-06 16:15:00+00:00,2022-11-06 16:15:00+00:00,2022-11-06 16:20:00+00:00,L2_ARRIVAL,True,5.0
development,BULL,20-00,2022-11-06 20:00:00+00:00,2022-11-07 00:00:00+00:00,21272.3,21144.8,127.5,21163.925,2022-11-06 21:45:00+00:00,2022-11-06 21:40:00+00:00,False,LOW_BREAK_BEFORE_LEAVE,2022-11-06 21:50:00+00:00,,,2022-11-06 21:50:00+00:00,L2_BREAK,False,
development,SIDEWAYS,00-04,2022-11-07 00:00:00+00:00,2022-11-07 04:00:00+00:00,21202.0,20863.3,338.7000000000007,20914.105,2022-11-07 00:55:00+00:00,2022-11-07 00:50:00+00:00,True,CLEAN_CAUSAL_LEAVE,2022-11-07 00:55:00+00:00,2022-11-07 01:00:00+00:00,,2022-11-07 01:00:00+00:00,L2_ARRIVAL,False,
development,SIDEWAYS,04-08,2022-11-07 04:00:00+00:00,2022-11-07 08:00:00+00:00,21062.6,20811.0,251.59999999999854,20848.739999999998,2022-11-07 06:20:00+00:00,2022-11-07 06:15:00+00:00,True,CLEAN_CAUSAL_LEAVE,2022-11-07 06:20:00+00:00,2022-11-07 06:25:00+00:00,2022-11-07 06:25:00+00:00,2022-11-07 07:00:00+00:00,L2_ARRIVAL,True,35.0
development,BEAR,08-12,2022-11-07 08:00:00+00:00,2022-11-07 12:00:00+00:00,20913.8,20606.0,307.7999999999993,20652.17,2022-11-07 08:05:00+00:00,2022-11-07 08:00:00+00:00,True,CLEAN_CAUSAL_LEAVE,2022-11-07 08:05:00+00:00,2022-11-07 08:10:00+00:00,2022-11-07 08:10:00+00:00,2022-11-07 08:20:00+00:00,L2_ARRIVAL,True,10.0
development,BEAR,20-00,2022-11-07 20:00:00+00:00,2022-11-08 00:00:00+00:00,20885.6,20641.6,244.0,20678.199999999997,2022-11-07 21:45:00+00:00,2022-11-07 21:40:00+00:00,True,CLEAN_CAUSAL_LEAVE,2022-11-07 21:50:00+00:00,2022-11-07 21:55:00+00:00,2022-11-07 21:55:00+00:00,2022-11-07 22:00:00+00:00,L2_ARRIVAL,True,5.0
development,BEAR,04-08,2022-11-08 04:00:00+00:00,2022-11-08 08:00:00+00:00,20664.4,20111.1,553.3000000000029,20194.094999999998,2022-11-08 04:05:00+00:00,2022-11-08 04:00:00+00:00,False,LOW_BREAK_BEFORE_LEAVE,2022-11-08 04:05:00+00:00,,,2022-11-08 04:05:00+00:00,L2_BREAK,False,
development,BEAR,12-16,2022-11-08 12:00:00+00:00,2022-11-08 16:00:00+00:00,19787.7,19560.0,227.70000000000073,19594.155,2022-11-08 13:55:00+00:00,2022-11-08 13:50:00+00:00,False,LOW_BREAK_BEFORE_LEAVE,2022-11-08 13:55:00+00:00,,,2022-11-08 13:55:00+00:00,L2_BREAK,False,
development,BEAR,12-16,2022-11-09 12:00:00+00:00,2022-11-09 16:00:00+00:00,18245.2,17229.3,1015.9000000000015,17381.684999999998,2022-11-09 15:40:00+00:00,2022-11-09 15:35:00+00:00,False,LOW_BREAK_BEFORE_LEAVE,2022-11-09 15:40:00+00:00,,,2022-11-09 15:40:00+00:00,L2_BREAK,False,
development,BEAR,16-20,2022-11-09 16:00:00+00:00,2022-11-09 20:00:00+00:00,18008.0,16884.0,1124.0,17052.6,2022-11-09 16:30:00+00:00,2022-11-09 16:25:00+00:00,True,CLEAN_CAUSAL_LEAVE,2022-11-09 16:30:00+00:00,2022-11-09 16:35:00+00:00,2022-11-09 16:35:00+00:00,2022-11-09 17:25:00+00:00,L2_ARRIVAL,True,50.0
development,BEAR,04-08,2022-11-12 04:00:00+00:00,2022-11-12 08:00:00+00:00,17110.8,16765.0,345.7999999999993,16816.87,2022-11-12 04:35:00+00:00,2022-11-12 04:30:00+00:00,True,CLEAN_CAUSAL_LEAVE,2022-11-12 04:35:00+00:00,2022-11-12 04:40:00+00:00,2022-11-12 04:40:00+00:00,2022-11-12 04:50:00+00:00,L2_ARRIVAL,True,10.0
development,BEAR,20-00,2022-11-12 20:00:00+00:00,2022-11-13 00:00:00+00:00,16957.9,16820.0,137.90000000000146,16840.685,2022-11-12 20:35:00+00:00,2022-11-12 20:30:00+00:00,True,CLEAN_CAUSAL_LEAVE,2022-11-12 20:35:00+00:00,2022-11-12 20:40:00+00:00,,2022-11-12 20:40:00+00:00,L2_ARRIVAL,False,
development,BEAR,16-20,2022-11-13 16:00:00+00:00,2022-11-13 20:00:00+00:00,16710.2,16512.6,197.60000000000218,16542.239999999998,2022-11-13 16:25:00+00:00,2022-11-13 16:20:00+00:00,True,CLEAN_CAUSAL_LEAVE,2022-11-13 16:30:00+00:00,2022-11-13 16:35:00+00:00,2022-11-13 16:35:00+00:00,2022-11-13 17:10:00+00:00,L2_ARRIVAL,True,35.0
development,BEAR,20-00,2022-11-13 20:00:00+00:00,2022-11-14 00:00:00+00:00,16616.1,16455.2,160.89999999999782,16479.335,2022-11-13 21:00:00+00:00,2022-11-13 20:55:00+00:00,False,LOW_BREAK_BEFORE_LEAVE,2022-11-13 21:00:00+00:00,,,2022-11-13 21:00:00+00:00,L2_BREAK,False,
development,BEAR,04-08,2022-11-14 04:00:00+00:00,2022-11-14 08:00:00+00:00,16399.5,15900.0,499.5,15974.925,2022-11-14 04:20:00+00:00,2022-11-14 04:15:00+00:00,True,CLEAN_CAUSAL_LEAVE,2022-11-14 04:25:00+00:00,2022-11-14 04:30:00+00:00,2022-11-14 04:30:00+00:00,2022-11-14 04:40:00+00:00,L2_ARRIVAL,True,10.0
development,SIDEWAYS,08-12,2022-11-16 08:00:00+00:00,2022-11-16 12:00:00+00:00,16969.0,16786.8,182.20000000000073,16814.13,2022-11-16 08:05:00+00:00,2022-11-16 08:00:00+00:00,True,CLEAN_CAUSAL_LEAVE,2022-11-16 08:20:00+00:00,2022-11-16 08:25:00+00:00,,2022-11-16 08:25:00+00:00,L2_ARRIVAL,False,
development,BEAR,12-16,2022-11-16 12:00:00+00:00,2022-11-16 16:00:00+00:00,16840.6,16634.7,205.89999999999782,16665.585,2022-11-16 12:10:00+00:00,2022-11-16 12:05:00+00:00,False,LOW_BREAK_BEFORE_LEAVE,2022-11-16 12:10:00+00:00,,,2022-11-16 12:10:00+00:00,L2_BREAK,False,
development,BEAR,12-16,2022-11-17 12:00:00+00:00,2022-11-17 16:00:00+00:00,16624.7,16456.0,168.70000000000073,16481.305,2022-11-17 13:20:00+00:00,2022-11-17 13:15:00+00:00,True,CLEAN_CAUSAL_LEAVE,2022-11-17 13:25:00+00:00,2022-11-17 13:30:00+00:00,2022-11-17 13:30:00+00:00,2022-11-17 13:40:00+00:00,L2_ARRIVAL,True,10.0
development,BULL,12-16,2022-11-18 12:00:00+00:00,2022-11-18 16:00:00+00:00,16844.9,16666.7,178.20000000000073,16693.43,2022-11-18 14:35:00+00:00,2022-11-18 14:30:00+00:00,True,CLEAN_CAUSAL_LEAVE,2022-11-18 14:35:00+00:00,2022-11-18 14:40:00+00:00,,2022-11-18 14:40:00+00:00,L2_ARRIVAL,False,
development,BEAR,00-04,2022-11-19 00:00:00+00:00,2022-11-19 04:00:00+00:00,16719.7,16611.1,108.60000000000218,16627.39,2022-11-19 02:10:00+00:00,2022-11-19 02:05:00+00:00,False,LOW_BREAK_BEFORE_LEAVE,2022-11-19 02:15:00+00:00,,,2022-11-19 02:15:00+00:00,L2_BREAK,False,
development,BEAR,12-16,2022-11-20 12:00:00+00:00,2022-11-20 16:00:00+00:00,16725.9,16458.1,267.8000000000029,16498.27,2022-11-20 12:05:00+00:00,2022-11-20 12:00:00+00:00,True,CLEAN_CAUSAL_LEAVE,2022-11-20 12:05:00+00:00,2022-11-20 12:10:00+00:00,2022-11-20 12:15:00+00:00,2022-11-20 16:00:00+00:00,BLOCK_END,False,
development,BEAR,20-00,2022-11-20 20:00:00+00:00,2022-11-21 00:00:00+00:00,16604.0,16520.8,83.20000000000073,16533.28,2022-11-20 20:25:00+00:00,2022-11-20 20:20:00+00:00,False,LOW_BREAK_BEFORE_LEAVE,2022-11-20 20:25:00+00:00,,,2022-11-20 20:25:00+00:00,L2_BREAK,False,
development,BEAR,00-04,2022-11-21 00:00:00+00:00,2022-11-21 04:00:00+00:00,16587.7,16167.1,420.60000000000036,16230.19,2022-11-21 00:10:00+00:00,2022-11-21 00:05:00+00:00,True,CLEAN_CAUSAL_LEAVE,2022-11-21 00:15:00+00:00,2022-11-21 00:20:00+00:00,2022-11-21 00:50:00+00:00,2022-11-21 02:05:00+00:00,L2_ARRIVAL,True,75.0
development,BEAR,16-20,2022-11-21 16:00:00+00:00,2022-11-21 20:00:00+00:00,16273.0,16020.9,252.10000000000036,16058.715,2022-11-21 16:25:00+00:00,2022-11-21 16:20:00+00:00,False,LOW_BREAK_BEFORE_LEAVE,2022-11-21 16:25:00+00:00,,,2022-11-21 16:25:00+00:00,L2_BREAK,False,
development,BEAR,20-00,2022-11-21 20:00:00+00:00,2022-11-22 00:00:00+00:00,16131.7,15555.0,576.7000000000007,15641.505000000001,2022-11-21 21:50:00+00:00,2022-11-21 21:45:00+00:00,True,CLEAN_CAUSAL_LEAVE,2022-11-21 21:55:00+00:00,2022-11-21 22:00:00+00:00,2022-11-21 22:00:00+00:00,2022-11-22 00:00:00+00:00,BLOCK_END,False,
development,BEAR,04-08,2022-11-22 04:00:00+00:00,2022-11-22 08:00:00+00:00,15960.0,15740.0,220.0,15773.0,2022-11-22 06:05:00+00:00,2022-11-22 06:00:00+00:00,True,CLEAN_CAUSAL_LEAVE,2022-11-22 06:10:00+00:00,2022-11-22 06:15:00+00:00,2022-11-22 06:15:00+00:00,2022-11-22 06:20:00+00:00,L2_ARRIVAL,True,5.0
development,BULL,12-16,2022-11-23 12:00:00+00:00,2022-11-23 16:00:00+00:00,16694.0,16489.5,204.5,16520.175,2022-11-23 12:50:00+00:00,2022-11-23 12:45:00+00:00,True,CLEAN_CAUSAL_LEAVE,2022-11-23 12:50:00+00:00,2022-11-23 12:55:00+00:00,2022-11-23 13:00:00+00:00,2022-11-23 13:05:00+00:00,L2_ARRIVAL,True,5.0
development,BULL,08-12,2022-11-27 08:00:00+00:00,2022-11-27 12:00:00+00:00,16594.2,16519.4,74.79999999999927,16530.620000000003,2022-11-27 08:35:00+00:00,2022-11-27 08:30:00+00:00,True,CLEAN_CAUSAL_LEAVE,2022-11-27 08:35:00+00:00,2022-11-27 08:40:00+00:00,2022-11-27 08:40:00+00:00,2022-11-27 08:55:00+00:00,L2_ARRIVAL,True,15.0
development,BEAR,12-16,2022-11-28 12:00:00+00:00,2022-11-28 16:00:00+00:00,16262.7,16170.0,92.70000000000073,16183.905,2022-11-28 12:45:00+00:00,2022-11-28 12:40:00+00:00,False,LOW_BREAK_BEFORE_LEAVE,2022-11-28 12:50:00+00:00,,,2022-11-28 12:50:00+00:00,L2_BREAK,False,
development,BEAR,16-20,2022-11-28 16:00:00+00:00,2022-11-28 20:00:00+00:00,16300.0,16101.6,198.39999999999964,16131.36,2022-11-28 16:05:00+00:00,2022-11-28 16:00:00+00:00,False,LOW_BREAK_BEFORE_LEAVE,2022-11-28 16:05:00+00:00,,,2022-11-28 16:05:00+00:00,L2_BREAK,False,
development,BULL,12-16,2022-11-30 12:00:00+00:00,2022-11-30 16:00:00+00:00,16926.2,16830.0,96.20000000000073,16844.43,2022-11-30 12:40:00+00:00,2022-11-30 12:35:00+00:00,True,CLEAN_CAUSAL_LEAVE,2022-11-30 12:40:00+00:00,2022-11-30 12:45:00+00:00,2022-11-30 12:45:00+00:00,2022-11-30 12:50:00+00:00,L2_ARRIVAL,True,5.0
development,BULL,04-08,2022-12-01 04:00:00+00:00,2022-12-01 08:00:00+00:00,17222.1,17080.0,142.09999999999854,17101.315,2022-12-01 05:50:00+00:00,2022-12-01 05:45:00+00:00,True,CLEAN_CAUSAL_LEAVE,2022-12-01 05:50:00+00:00,2022-12-01 05:55:00+00:00,2022-12-01 05:55:00+00:00,2022-12-01 07:50:00+00:00,L2_ARRIVAL,True,115.0
development,BULL,08-12,2022-12-01 08:00:00+00:00,2022-12-01 12:00:00+00:00,17161.1,17054.0,107.09999999999854,17070.065,2022-12-01 08:15:00+00:00,2022-12-01 08:10:00+00:00,True,CLEAN_CAUSAL_LEAVE,2022-12-01 08:15:00+00:00,2022-12-01 08:20:00+00:00,2022-12-01 08:20:00+00:00,2022-12-01 11:00:00+00:00,L2_ARRIVAL,True,160.0
development,BULL,04-08,2022-12-03 04:00:00+00:00,2022-12-03 08:00:00+00:00,17160.0,17002.5,157.5,17026.125,2022-12-03 04:10:00+00:00,2022-12-03 04:05:00+00:00,True,CLEAN_CAUSAL_LEAVE,2022-12-03 04:10:00+00:00,2022-12-03 04:15:00+00:00,,2022-12-03 04:40:00+00:00,L2_ARRIVAL,False,
development,BULL,08-12,2022-12-03 08:00:00+00:00,2022-12-03 12:00:00+00:00,17024.7,16915.7,109.0,16932.05,2022-12-03 08:50:00+00:00,2022-12-03 08:45:00+00:00,True,CLEAN_CAUSAL_LEAVE,2022-12-03 08:50:00+00:00,2022-12-03 08:55:00+00:00,2022-12-03 08:55:00+00:00,2022-12-03 11:05:00+00:00,L2_ARRIVAL,True,130.0
development,BULL,16-20,2022-12-05 16:00:00+00:00,2022-12-05 20:00:00+00:00,17302.2,17010.0,292.2000000000007,17053.83,2022-12-05 16:30:00+00:00,2022-12-05 16:25:00+00:00,True,CLEAN_CAUSAL_LEAVE,2022-12-05 16:30:00+00:00,2022-12-05 16:35:00+00:00,2022-12-05 16:45:00+00:00,2022-12-05 17:05:00+00:00,L2_ARRIVAL,True,20.0
development,SIDEWAYS,04-08,2022-12-06 04:00:00+00:00,2022-12-06 08:00:00+00:00,17094.6,16957.8,136.79999999999927,16978.32,2022-12-06 04:20:00+00:00,2022-12-06 04:15:00+00:00,True,CLEAN_CAUSAL_LEAVE,2022-12-06 04:20:00+00:00,2022-12-06 04:25:00+00:00,2022-12-06 04:30:00+00:00,2022-12-06 05:30:00+00:00,L2_ARRIVAL,True,60.0
development,BEAR,16-20,2022-12-06 16:00:00+00:00,2022-12-06 20:00:00+00:00,17023.3,16920.0,103.29999999999927,16935.495,2022-12-06 18:15:00+00:00,2022-12-06 18:10:00+00:00,True,CLEAN_CAUSAL_LEAVE,2022-12-06 18:15:00+00:00,2022-12-06 18:20:00+00:00,2022-12-06 18:25:00+00:00,2022-12-06 18:30:00+00:00,L2_ARRIVAL,True,5.0
development,BULL,04-08,2022-12-07 04:00:00+00:00,2022-12-07 08:00:00+00:00,17130.0,17011.0,119.0,17028.85,2022-12-07 04:40:00+00:00,2022-12-07 04:35:00+00:00,False,LOW_BREAK_BEFORE_LEAVE,2022-12-07 04:40:00+00:00,,,2022-12-07 04:40:00+00:00,L2_BREAK,False,
development,BEAR,08-12,2022-12-07 08:00:00+00:00,2022-12-07 12:00:00+00:00,17036.6,16719.1,317.5,16766.725,2022-12-07 08:10:00+00:00,2022-12-07 08:05:00+00:00,True,CLEAN_CAUSAL_LEAVE,2022-12-07 08:10:00+00:00,2022-12-07 08:15:00+00:00,2022-12-07 08:25:00+00:00,2022-12-07 12:00:00+00:00,BLOCK_END,False,
development,BULL,20-00,2022-12-09 20:00:00+00:00,2022-12-10 00:00:00+00:00,17178.5,17112.0,66.5,17121.975,2022-12-09 20:40:00+00:00,2022-12-09 20:35:00+00:00,False,LOW_BREAK_BEFORE_LEAVE,2022-12-09 20:40:00+00:00,,,2022-12-09 20:40:00+00:00,L2_BREAK,False,
development,BULL,08-12,2022-12-11 08:00:00+00:00,2022-12-11 12:00:00+00:00,17189.0,17144.7,44.29999999999927,17151.345,2022-12-11 10:25:00+00:00,2022-12-11 10:20:00+00:00,False,LOW_BREAK_BEFORE_LEAVE,2022-12-11 10:25:00+00:00,,,2022-12-11 10:25:00+00:00,L2_BREAK,False,
development,BULL,20-00,2022-12-11 20:00:00+00:00,2022-12-12 00:00:00+00:00,17265.0,17124.9,140.09999999999854,17145.915,2022-12-11 20:20:00+00:00,2022-12-11 20:15:00+00:00,False,LOW_BREAK_BEFORE_LEAVE,2022-12-11 20:20:00+00:00,,,2022-12-11 20:20:00+00:00,L2_BREAK,False,
development,BULL,04-08,2022-12-13 04:00:00+00:00,2022-12-13 08:00:00+00:00,17229.0,17114.6,114.40000000000146,17131.76,2022-12-13 07:05:00+00:00,2022-12-13 07:00:00+00:00,True,CLEAN_CAUSAL_LEAVE,2022-12-13 07:05:00+00:00,2022-12-13 07:10:00+00:00,,2022-12-13 07:10:00+00:00,L2_ARRIVAL,False,
development,BULL,04-08,2022-12-14 04:00:00+00:00,2022-12-14 08:00:00+00:00,17844.9,17749.5,95.40000000000146,17763.81,2022-12-14 05:40:00+00:00,2022-12-14 05:35:00+00:00,True,CLEAN_CAUSAL_LEAVE,2022-12-14 05:40:00+00:00,2022-12-14 05:45:00+00:00,2022-12-14 05:45:00+00:00,2022-12-14 08:00:00+00:00,BLOCK_END,False,
development,BULL,00-04,2022-12-15 00:00:00+00:00,2022-12-15 04:00:00+00:00,17944.4,17659.4,285.0,17702.15,2022-12-15 01:50:00+00:00,2022-12-15 01:45:00+00:00,False,LOW_BREAK_BEFORE_LEAVE,2022-12-15 01:50:00+00:00,,,2022-12-15 01:50:00+00:00,L2_BREAK,False,
development,SIDEWAYS,16-20,2022-12-15 16:00:00+00:00,2022-12-15 20:00:00+00:00,17714.6,17355.0,359.59999999999854,17408.94,2022-12-15 16:55:00+00:00,2022-12-15 16:50:00+00:00,True,CLEAN_CAUSAL_LEAVE,2022-12-15 16:55:00+00:00,2022-12-15 17:00:00+00:00,2022-12-15 17:15:00+00:00,2022-12-15 18:45:00+00:00,L2_ARRIVAL,True,90.0
development,SIDEWAYS,20-00,2022-12-15 20:00:00+00:00,2022-12-16 00:00:00+00:00,17467.7,17310.0,157.70000000000073,17333.655,2022-12-15 22:25:00+00:00,2022-12-15 22:20:00+00:00,True,CLEAN_CAUSAL_LEAVE,2022-12-15 22:30:00+00:00,2022-12-15 22:35:00+00:00,,2022-12-15 22:35:00+00:00,L2_ARRIVAL,False,
development,BEAR,12-16,2022-12-16 12:00:00+00:00,2022-12-16 16:00:00+00:00,17510.5,16910.0,600.5,17000.075,2022-12-16 14:20:00+00:00,2022-12-16 14:15:00+00:00,True,CLEAN_CAUSAL_LEAVE,2022-12-16 14:20:00+00:00,2022-12-16 14:25:00+00:00,2022-12-16 14:25:00+00:00,2022-12-16 15:30:00+00:00,L2_ARRIVAL,True,65.0
development,BEAR,20-00,2022-12-16 20:00:00+00:00,2022-12-17 00:00:00+00:00,16969.5,16700.0,269.5,16740.425,2022-12-16 22:40:00+00:00,2022-12-16 22:35:00+00:00,True,CLEAN_CAUSAL_LEAVE,2022-12-16 22:40:00+00:00,2022-12-16 22:45:00+00:00,2022-12-16 22:45:00+00:00,2022-12-16 23:00:00+00:00,L2_ARRIVAL,True,15.0
development,BEAR,12-16,2022-12-17 12:00:00+00:00,2022-12-17 16:00:00+00:00,16750.0,16652.3,97.70000000000073,16666.954999999998,2022-12-17 13:35:00+00:00,2022-12-17 13:30:00+00:00,True,CLEAN_CAUSAL_LEAVE,2022-12-17 13:40:00+00:00,2022-12-17 13:45:00+00:00,,2022-12-17 13:50:00+00:00,L2_ARRIVAL,False,
development,BEAR,00-04,2022-12-19 00:00:00+00:00,2022-12-19 04:00:00+00:00,16872.0,16715.1,156.90000000000146,16738.635,2022-12-19 00:10:00+00:00,2022-12-19 00:05:00+00:00,True,CLEAN_CAUSAL_LEAVE,2022-12-19 00:10:00+00:00,2022-12-19 00:15:00+00:00,2022-12-19 00:15:00+00:00,2022-12-19 02:35:00+00:00,L2_ARRIVAL,True,140.0
development,BEAR,12-16,2022-12-19 12:00:00+00:00,2022-12-19 16:00:00+00:00,16776.6,16702.7,73.89999999999782,16713.785,2022-12-19 13:50:00+00:00,2022-12-19 13:45:00+00:00,True,CLEAN_CAUSAL_LEAVE,2022-12-19 13:50:00+00:00,2022-12-19 13:55:00+00:00,,2022-12-19 13:55:00+00:00,L2_ARRIVAL,False,
development,BEAR,16-20,2022-12-19 16:00:00+00:00,2022-12-19 20:00:00+00:00,16757.7,16656.4,101.29999999999927,16671.595,2022-12-19 16:05:00+00:00,2022-12-19 16:00:00+00:00,True,CLEAN_CAUSAL_LEAVE,2022-12-19 16:05:00+00:00,2022-12-19 16:10:00+00:00,2022-12-19 16:10:00+00:00,2022-12-19 16:20:00+00:00,L2_ARRIVAL,True,10.0
development,BULL,00-04,2022-12-21 00:00:00+00:00,2022-12-21 04:00:00+00:00,16918.7,16825.2,93.5,16839.225000000002,2022-12-21 00:55:00+00:00,2022-12-21 00:50:00+00:00,True,CLEAN_CAUSAL_LEAVE,2022-12-21 00:55:00+00:00,2022-12-21 01:00:00+00:00,,2022-12-21 01:00:00+00:00,L2_ARRIVAL,False,
development,BULL,04-08,2022-12-21 04:00:00+00:00,2022-12-21 08:00:00+00:00,16918.2,16776.0,142.20000000000073,16797.33,2022-12-21 04:50:00+00:00,2022-12-21 04:45:00+00:00,True,CLEAN_CAUSAL_LEAVE,2022-12-21 04:50:00+00:00,2022-12-21 04:55:00+00:00,2022-12-21 04:55:00+00:00,2022-12-21 05:00:00+00:00,L2_ARRIVAL,True,5.0
development,BULL,12-16,2022-12-22 12:00:00+00:00,2022-12-22 16:00:00+00:00,16861.9,16794.2,67.70000000000073,16804.355,2022-12-22 13:10:00+00:00,2022-12-22 13:05:00+00:00,False,LOW_BREAK_BEFORE_LEAVE,2022-12-22 13:25:00+00:00,,,2022-12-22 13:25:00+00:00,L2_BREAK,False,
development,BEAR,16-20,2022-12-22 16:00:00+00:00,2022-12-22 20:00:00+00:00,16837.6,16600.0,237.59999999999854,16635.64,2022-12-22 17:30:00+00:00,2022-12-22 17:25:00+00:00,False,LOW_BREAK_BEFORE_LEAVE,2022-12-22 17:30:00+00:00,,,2022-12-22 17:30:00+00:00,L2_BREAK,False,
development,BULL,20-00,2022-12-23 20:00:00+00:00,2022-12-24 00:00:00+00:00,16852.5,16806.6,45.900000000001455,16813.485,2022-12-23 20:35:00+00:00,2022-12-23 20:30:00+00:00,False,LOW_BREAK_BEFORE_LEAVE,2022-12-23 20:35:00+00:00,,,2022-12-23 20:35:00+00:00,L2_BREAK,False,
development,BULL,20-00,2022-12-24 20:00:00+00:00,2022-12-25 00:00:00+00:00,16859.9,16815.2,44.70000000000073,16821.905000000002,2022-12-24 21:40:00+00:00,2022-12-24 21:35:00+00:00,True,CLEAN_CAUSAL_LEAVE,2022-12-24 21:40:00+00:00,2022-12-24 21:45:00+00:00,2022-12-24 21:45:00+00:00,2022-12-24 22:00:00+00:00,L2_ARRIVAL,True,15.0
development,SIDEWAYS,12-16,2022-12-25 12:00:00+00:00,2022-12-25 16:00:00+00:00,16828.1,16808.0,20.099999999998545,16811.015,2022-12-25 12:05:00+00:00,2022-12-25 12:00:00+00:00,True,CLEAN_CAUSAL_LEAVE,2022-12-25 12:05:00+00:00,2022-12-25 12:10:00+00:00,,2022-12-25 12:10:00+00:00,L2_ARRIVAL,False,
development,BULL,12-16,2022-12-26 12:00:00+00:00,2022-12-26 16:00:00+00:00,16863.0,16811.0,52.0,16818.8,2022-12-26 15:25:00+00:00,2022-12-26 15:20:00+00:00,False,LOW_BREAK_BEFORE_LEAVE,2022-12-26 15:25:00+00:00,,,2022-12-26 15:25:00+00:00,L2_BREAK,False,
development,BULL,08-12,2022-12-27 08:00:00+00:00,2022-12-27 12:00:00+00:00,16888.0,16843.0,45.0,16849.75,2022-12-27 08:05:00+00:00,2022-12-27 08:00:00+00:00,True,CLEAN_CAUSAL_LEAVE,2022-12-27 08:05:00+00:00,2022-12-27 08:10:00+00:00,,2022-12-27 08:10:00+00:00,L2_ARRIVAL,False,
development,SIDEWAYS,12-16,2022-12-27 12:00:00+00:00,2022-12-27 16:00:00+00:00,16874.8,16800.6,74.20000000000073,16811.73,2022-12-27 13:00:00+00:00,2022-12-27 12:55:00+00:00,True,CLEAN_CAUSAL_LEAVE,2022-12-27 13:05:00+00:00,2022-12-27 13:10:00+00:00,2022-12-27 13:15:00+00:00,2022-12-27 14:30:00+00:00,L2_ARRIVAL,True,75.0
development,BEAR,12-16,2022-12-28 12:00:00+00:00,2022-12-28 16:00:00+00:00,16683.9,16623.3,60.60000000000218,16632.39,2022-12-28 14:30:00+00:00,2022-12-28 14:25:00+00:00,False,HIGH_BREAK_BEFORE_LEAVE,2022-12-28 14:30:00+00:00,,,2022-12-28 14:30:00+00:00,OPPOSITE_HIGH_BREAK,False,
development,BEAR,16-20,2022-12-28 16:00:00+00:00,2022-12-28 20:00:00+00:00,16778.3,16560.7,217.59999999999854,16593.34,2022-12-28 16:05:00+00:00,2022-12-28 16:00:00+00:00,True,CLEAN_CAUSAL_LEAVE,2022-12-28 16:05:00+00:00,2022-12-28 16:10:00+00:00,2022-12-28 16:15:00+00:00,2022-12-28 20:00:00+00:00,BLOCK_END,False,
development,BEAR,08-12,2022-12-29 08:00:00+00:00,2022-12-29 12:00:00+00:00,16575.3,16529.5,45.79999999999927,16536.37,2022-12-29 08:20:00+00:00,2022-12-29 08:15:00+00:00,False,LOW_BREAK_BEFORE_LEAVE,2022-12-29 08:20:00+00:00,,,2022-12-29 08:20:00+00:00,L2_BREAK,False,
development,BEAR,12-16,2022-12-30 12:00:00+00:00,2022-12-30 16:00:00+00:00,16524.9,16453.0,71.90000000000146,16463.785,2022-12-30 14:00:00+00:00,2022-12-30 13:55:00+00:00,False,LOW_BREAK_BEFORE_LEAVE,2022-12-30 14:00:00+00:00,,,2022-12-30 14:00:00+00:00,L2_BREAK,False,
development,BEAR,20-00,2022-12-31 20:00:00+00:00,2023-01-01 00:00:00+00:00,16609.3,16562.0,47.29999999999927,16569.095,2022-12-31 20:10:00+00:00,2022-12-31 20:05:00+00:00,True,CLEAN_CAUSAL_LEAVE,2022-12-31 20:10:00+00:00,2022-12-31 20:15:00+00:00,2022-12-31 20:15:00+00:00,2022-12-31 20:40:00+00:00,L2_ARRIVAL,True,25.0
development,SIDEWAYS,00-04,2023-01-02 00:00:00+00:00,2023-01-02 04:00:00+00:00,16618.8,16579.1,39.70000000000073,16585.055,2023-01-02 00:35:00+00:00,2023-01-02 00:30:00+00:00,False,LOW_BREAK_BEFORE_LEAVE,2023-01-02 00:35:00+00:00,,,2023-01-02 00:35:00+00:00,L2_BREAK,False,
development,BULL,00-04,2023-01-03 00:00:00+00:00,2023-01-03 04:00:00+00:00,16799.0,16650.0,149.0,16672.35,2023-01-03 00:05:00+00:00,2023-01-03 00:00:00+00:00,True,CLEAN_CAUSAL_LEAVE,2023-01-03 00:05:00+00:00,2023-01-03 00:10:00+00:00,2023-01-03 00:10:00+00:00,2023-01-03 01:20:00+00:00,L2_ARRIVAL,True,70.0
development,BULL,16-20,2023-01-03 16:00:00+00:00,2023-01-03 20:00:00+00:00,16764.9,16610.0,154.90000000000146,16633.235,2023-01-03 17:00:00+00:00,2023-01-03 16:55:00+00:00,True,CLEAN_CAUSAL_LEAVE,2023-01-03 17:00:00+00:00,2023-01-03 17:05:00+00:00,2023-01-03 17:05:00+00:00,2023-01-03 17:45:00+00:00,L2_ARRIVAL,True,40.0
development,BULL,12-16,2023-01-04 12:00:00+00:00,2023-01-04 16:00:00+00:00,16913.6,16824.5,89.09999999999854,16837.864999999998,2023-01-04 12:05:00+00:00,2023-01-04 12:00:00+00:00,True,CLEAN_CAUSAL_LEAVE,2023-01-04 12:05:00+00:00,2023-01-04 12:10:00+00:00,2023-01-04 12:10:00+00:00,2023-01-04 12:15:00+00:00,L2_ARRIVAL,True,5.0
development,BULL,20-00,2023-01-04 20:00:00+00:00,2023-01-05 00:00:00+00:00,16984.6,16777.7,206.89999999999782,16808.735,2023-01-04 20:45:00+00:00,2023-01-04 20:40:00+00:00,True,CLEAN_CAUSAL_LEAVE,2023-01-04 20:45:00+00:00,2023-01-04 20:50:00+00:00,2023-01-04 20:50:00+00:00,2023-01-04 20:55:00+00:00,L2_ARRIVAL,True,5.0
development,BULL,08-12,2023-01-05 08:00:00+00:00,2023-01-05 12:00:00+00:00,16840.7,16782.4,58.29999999999927,16791.145,2023-01-05 09:10:00+00:00,2023-01-05 09:05:00+00:00,True,CLEAN_CAUSAL_LEAVE,2023-01-05 09:10:00+00:00,2023-01-05 09:15:00+00:00,2023-01-05 09:35:00+00:00,2023-01-05 09:45:00+00:00,L2_ARRIVAL,True,10.0
development,BULL,12-16,2023-01-05 12:00:00+00:00,2023-01-05 16:00:00+00:00,16830.0,16775.1,54.900000000001455,16783.335,2023-01-05 13:40:00+00:00,2023-01-05 13:35:00+00:00,True,CLEAN_CAUSAL_LEAVE,2023-01-05 13:45:00+00:00,2023-01-05 13:50:00+00:00,2023-01-05 13:50:00+00:00,2023-01-05 13:55:00+00:00,L2_ARRIVAL,True,5.0
development,BULL,12-16,2023-01-07 12:00:00+00:00,2023-01-07 16:00:00+00:00,16946.4,16903.0,43.400000000001455,16909.510000000002,2023-01-07 12:10:00+00:00,2023-01-07 12:05:00+00:00,True,CLEAN_CAUSAL_LEAVE,2023-01-07 12:10:00+00:00,2023-01-07 12:15:00+00:00,2023-01-07 12:15:00+00:00,2023-01-07 14:05:00+00:00,L2_ARRIVAL,True,110.0
development,BULL,12-16,2023-01-08 12:00:00+00:00,2023-01-08 16:00:00+00:00,16960.0,16917.8,42.20000000000073,16924.13,2023-01-08 12:05:00+00:00,2023-01-08 12:00:00+00:00,True,CLEAN_CAUSAL_LEAVE,2023-01-08 12:05:00+00:00,2023-01-08 12:10:00+00:00,,2023-01-08 12:20:00+00:00,L2_ARRIVAL,False,
development,BULL,16-20,2023-01-08 16:00:00+00:00,2023-01-08 20:00:00+00:00,17015.6,16912.7,102.89999999999782,16928.135000000002,2023-01-08 16:40:00+00:00,2023-01-08 16:35:00+00:00,True,CLEAN_CAUSAL_LEAVE,2023-01-08 16:40:00+00:00,2023-01-08 16:45:00+00:00,2023-01-08 16:50:00+00:00,2023-01-08 17:55:00+00:00,L2_ARRIVAL,True,65.0
development,BULL,08-12,2023-01-10 08:00:00+00:00,2023-01-10 12:00:00+00:00,17228.0,17181.8,46.20000000000073,17188.73,2023-01-10 08:10:00+00:00,2023-01-10 08:05:00+00:00,True,CLEAN_CAUSAL_LEAVE,2023-01-10 08:10:00+00:00,2023-01-10 08:15:00+00:00,2023-01-10 08:15:00+00:00,2023-01-10 08:20:00+00:00,OPPOSITE_HIGH_BREAK,False,
development,BULL,08-12,2023-01-12 08:00:00+00:00,2023-01-12 12:00:00+00:00,18233.0,18070.0,163.0,18094.45,2023-01-12 08:15:00+00:00,2023-01-12 08:10:00+00:00,True,CLEAN_CAUSAL_LEAVE,2023-01-12 08:15:00+00:00,2023-01-12 08:20:00+00:00,2023-01-12 08:40:00+00:00,2023-01-12 12:00:00+00:00,BLOCK_END,False,
development,BULL,12-16,2023-01-13 12:00:00+00:00,2023-01-13 16:00:00+00:00,19050.0,18803.9,246.09999999999854,18840.815000000002,2023-01-13 13:00:00+00:00,2023-01-13 12:55:00+00:00,True,CLEAN_CAUSAL_LEAVE,2023-01-13 13:00:00+00:00,2023-01-13 13:05:00+00:00,2023-01-13 13:10:00+00:00,2023-01-13 15:00:00+00:00,OPPOSITE_HIGH_BREAK,False,
development,BULL,08-12,2023-01-15 08:00:00+00:00,2023-01-15 12:00:00+00:00,20798.0,20673.9,124.09999999999854,20692.515,2023-01-15 08:25:00+00:00,2023-01-15 08:20:00+00:00,False,LOW_BREAK_BEFORE_LEAVE,2023-01-15 08:25:00+00:00,,,2023-01-15 08:25:00+00:00,L2_BREAK,False,
development,BULL,12-16,2023-01-16 12:00:00+00:00,2023-01-16 16:00:00+00:00,21121.7,20619.0,502.7000000000007,20694.405,2023-01-16 15:15:00+00:00,2023-01-16 15:10:00+00:00,True,CLEAN_CAUSAL_LEAVE,2023-01-16 15:15:00+00:00,2023-01-16 15:20:00+00:00,,2023-01-16 16:00:00+00:00,BLOCK_END,False,
development,BULL,00-04,2023-01-18 00:00:00+00:00,2023-01-18 04:00:00+00:00,21410.8,21123.1,287.7000000000007,21166.254999999997,2023-01-18 00:05:00+00:00,2023-01-18 00:00:00+00:00,True,CLEAN_CAUSAL_LEAVE,2023-01-18 00:05:00+00:00,2023-01-18 00:10:00+00:00,,2023-01-18 00:10:00+00:00,L2_ARRIVAL,False,
development,BULL,16-20,2023-01-18 16:00:00+00:00,2023-01-18 20:00:00+00:00,21672.0,20810.0,862.0,20939.3,2023-01-18 16:10:00+00:00,2023-01-18 16:05:00+00:00,True,CLEAN_CAUSAL_LEAVE,2023-01-18 16:15:00+00:00,2023-01-18 16:20:00+00:00,,2023-01-18 16:20:00+00:00,L2_ARRIVAL,False,
development,SIDEWAYS,08-12,2023-01-19 08:00:00+00:00,2023-01-19 12:00:00+00:00,20882.0,20745.1,136.90000000000146,20765.635,2023-01-19 09:35:00+00:00,2023-01-19 09:30:00+00:00,True,CLEAN_CAUSAL_LEAVE,2023-01-19 09:40:00+00:00,2023-01-19 09:45:00+00:00,2023-01-19 10:25:00+00:00,2023-01-19 11:15:00+00:00,L2_ARRIVAL,True,50.0
development,BEAR,12-16,2023-01-19 12:00:00+00:00,2023-01-19 16:00:00+00:00,20848.0,20707.4,140.59999999999854,20728.49,2023-01-19 12:50:00+00:00,2023-01-19 12:45:00+00:00,True,CLEAN_CAUSAL_LEAVE,2023-01-19 12:55:00+00:00,2023-01-19 13:00:00+00:00,,2023-01-19 13:00:00+00:00,L2_ARRIVAL,False,
development,BULL,12-16,2023-01-22 12:00:00+00:00,2023-01-22 16:00:00+00:00,22934.1,22733.0,201.09999999999854,22763.165,2023-01-22 12:15:00+00:00,2023-01-22 12:10:00+00:00,True,CLEAN_CAUSAL_LEAVE,2023-01-22 12:15:00+00:00,2023-01-22 12:20:00+00:00,2023-01-22 12:20:00+00:00,2023-01-22 12:25:00+00:00,L2_ARRIVAL,True,5.0
development,BULL,04-08,2023-01-23 04:00:00+00:00,2023-01-23 08:00:00+00:00,22825.9,22645.6,180.3000000000029,22672.645,2023-01-23 07:30:00+00:00,2023-01-23 07:25:00+00:00,True,CLEAN_CAUSAL_LEAVE,2023-01-23 07:30:00+00:00,2023-01-23 07:35:00+00:00,2023-01-23 07:55:00+00:00,2023-01-23 08:00:00+00:00,BLOCK_END,False,
development,BULL,12-16,2023-01-24 12:00:00+00:00,2023-01-24 16:00:00+00:00,23086.4,22760.0,326.40000000000146,22808.96,2023-01-24 14:35:00+00:00,2023-01-24 14:30:00+00:00,True,CLEAN_CAUSAL_LEAVE,2023-01-24 14:40:00+00:00,2023-01-24 14:45:00+00:00,2023-01-24 14:45:00+00:00,2023-01-24 15:05:00+00:00,L2_ARRIVAL,True,20.0
development,BULL,08-12,2023-01-25 08:00:00+00:00,2023-01-25 12:00:00+00:00,22766.7,22600.0,166.70000000000073,22625.005,2023-01-25 09:20:00+00:00,2023-01-25 09:15:00+00:00,True,CLEAN_CAUSAL_LEAVE,2023-01-25 09:25:00+00:00,2023-01-25 09:30:00+00:00,2023-01-25 09:50:00+00:00,2023-01-25 09:55:00+00:00,L2_ARRIVAL,True,5.0
development,BULL,08-12,2023-01-26 08:00:00+00:00,2023-01-26 12:00:00+00:00,23189.3,22885.7,303.59999999999854,22931.24,2023-01-26 10:20:00+00:00,2023-01-26 10:15:00+00:00,True,CLEAN_CAUSAL_LEAVE,2023-01-26 10:20:00+00:00,2023-01-26 10:25:00+00:00,2023-01-26 10:40:00+00:00,2023-01-26 10:45:00+00:00,L2_ARRIVAL,True,5.0
development,BULL,16-20,2023-01-26 16:00:00+00:00,2023-01-26 20:00:00+00:00,23241.9,22856.0,385.90000000000146,22913.885000000002,2023-01-26 16:15:00+00:00,2023-01-26 16:10:00+00:00,True,CLEAN_CAUSAL_LEAVE,2023-01-26 16:15:00+00:00,2023-01-26 16:20:00+00:00,2023-01-26 16:20:00+00:00,2023-01-26 20:00:00+00:00,BLOCK_END,False,
development,BULL,12-16,2023-01-27 12:00:00+00:00,2023-01-27 16:00:00+00:00,23080.0,22900.1,179.90000000000146,22927.085,2023-01-27 12:50:00+00:00,2023-01-27 12:45:00+00:00,True,CLEAN_CAUSAL_LEAVE,2023-01-27 12:50:00+00:00,2023-01-27 12:55:00+00:00,2023-01-27 12:55:00+00:00,2023-01-27 13:20:00+00:00,L2_ARRIVAL,True,25.0
development,BULL,04-08,2023-01-28 04:00:00+00:00,2023-01-28 08:00:00+00:00,23185.0,23033.9,151.09999999999854,23056.565000000002,2023-01-28 05:20:00+00:00,2023-01-28 05:15:00+00:00,True,CLEAN_CAUSAL_LEAVE,2023-01-28 05:25:00+00:00,2023-01-28 05:30:00+00:00,,2023-01-28 05:30:00+00:00,L2_ARRIVAL,False,
development,BULL,08-12,2023-01-28 08:00:00+00:00,2023-01-28 12:00:00+00:00,23124.3,22942.9,181.39999999999782,22970.11,2023-01-28 09:20:00+00:00,2023-01-28 09:15:00+00:00,True,CLEAN_CAUSAL_LEAVE,2023-01-28 09:20:00+00:00,2023-01-28 09:25:00+00:00,2023-01-28 09:25:00+00:00,2023-01-28 10:20:00+00:00,L2_ARRIVAL,True,55.0
development,BULL,12-16,2023-01-28 12:00:00+00:00,2023-01-28 16:00:00+00:00,23011.4,22880.0,131.40000000000146,22899.71,2023-01-28 13:25:00+00:00,2023-01-28 13:20:00+00:00,True,CLEAN_CAUSAL_LEAVE,2023-01-28 13:25:00+00:00,2023-01-28 13:30:00+00:00,,2023-01-28 15:10:00+00:00,OPPOSITE_HIGH_BREAK,False,
development,BULL,20-00,2023-01-28 20:00:00+00:00,2023-01-29 00:00:00+00:00,23050.6,22968.1,82.5,22980.475,2023-01-28 20:40:00+00:00,2023-01-28 20:35:00+00:00,True,CLEAN_CAUSAL_LEAVE,2023-01-28 20:40:00+00:00,2023-01-28 20:45:00+00:00,2023-01-28 20:45:00+00:00,2023-01-28 20:55:00+00:00,L2_ARRIVAL,True,10.0
development,SIDEWAYS,12-16,2023-01-30 12:00:00+00:00,2023-01-30 16:00:00+00:00,23678.6,23001.0,677.5999999999985,23102.64,2023-01-30 12:05:00+00:00,2023-01-30 12:00:00+00:00,True,CLEAN_CAUSAL_LEAVE,2023-01-30 12:05:00+00:00,2023-01-30 12:10:00+00:00,2023-01-30 12:10:00+00:00,2023-01-30 12:35:00+00:00,L2_ARRIVAL,True,25.0
development,SIDEWAYS,20-00,2023-01-30 20:00:00+00:00,2023-01-31 00:00:00+00:00,23247.0,22600.0,647.0,22697.05,2023-01-30 20:25:00+00:00,2023-01-30 20:20:00+00:00,True,CLEAN_CAUSAL_LEAVE,2023-01-30 20:25:00+00:00,2023-01-30 20:30:00+00:00,2023-01-30 20:30:00+00:00,2023-01-30 22:40:00+00:00,L2_ARRIVAL,True,130.0
development,BULL,04-08,2023-02-02 04:00:00+00:00,2023-02-02 08:00:00+00:00,24281.4,23694.5,586.9000000000015,23782.535,2023-02-02 06:30:00+00:00,2023-02-02 06:25:00+00:00,True,CLEAN_CAUSAL_LEAVE,2023-02-02 06:30:00+00:00,2023-02-02 06:35:00+00:00,2023-02-02 06:40:00+00:00,2023-02-02 08:00:00+00:00,BLOCK_END,False,
development,BULL,12-16,2023-02-02 12:00:00+00:00,2023-02-02 16:00:00+00:00,23860.0,23750.4,109.59999999999854,23766.84,2023-02-02 13:45:00+00:00,2023-02-02 13:40:00+00:00,False,LOW_BREAK_BEFORE_LEAVE,2023-02-02 13:50:00+00:00,,,2023-02-02 13:50:00+00:00,L2_BREAK,False,
development,BULL,20-00,2023-02-02 20:00:00+00:00,2023-02-03 00:00:00+00:00,24149.0,23723.5,425.5,23787.325,2023-02-02 21:10:00+00:00,2023-02-02 21:05:00+00:00,True,CLEAN_CAUSAL_LEAVE,2023-02-02 21:10:00+00:00,2023-02-02 21:15:00+00:00,2023-02-02 21:15:00+00:00,2023-02-02 21:30:00+00:00,L2_ARRIVAL,True,15.0
development,SIDEWAYS,04-08,2023-02-04 04:00:00+00:00,2023-02-04 08:00:00+00:00,23464.0,23330.1,133.90000000000146,23350.184999999998,2023-02-04 04:25:00+00:00,2023-02-04 04:20:00+00:00,True,CLEAN_CAUSAL_LEAVE,2023-02-04 04:25:00+00:00,2023-02-04 04:30:00+00:00,,2023-02-04 04:30:00+00:00,L2_ARRIVAL,False,
development,BEAR,00-04,2023-02-05 00:00:00+00:00,2023-02-05 04:00:00+00:00,23450.0,23258.0,192.0,23286.8,2023-02-05 00:55:00+00:00,2023-02-05 00:50:00+00:00,True,CLEAN_CAUSAL_LEAVE,2023-02-05 01:00:00+00:00,2023-02-05 01:05:00+00:00,2023-02-05 01:05:00+00:00,2023-02-05 04:00:00+00:00,BLOCK_END,False,
development,BEAR,16-20,2023-02-05 16:00:00+00:00,2023-02-05 20:00:00+00:00,23373.6,23000.0,373.59999999999854,23056.04,2023-02-05 16:25:00+00:00,2023-02-05 16:20:00+00:00,True,CLEAN_CAUSAL_LEAVE,2023-02-05 16:25:00+00:00,2023-02-05 16:30:00+00:00,2023-02-05 17:00:00+00:00,2023-02-05 17:15:00+00:00,L2_ARRIVAL,True,15.0
development,BEAR,04-08,2023-02-06 04:00:00+00:00,2023-02-06 08:00:00+00:00,23094.0,22817.1,276.90000000000146,22858.635,2023-02-06 05:25:00+00:00,2023-02-06 05:20:00+00:00,False,LOW_BREAK_BEFORE_LEAVE,2023-02-06 05:25:00+00:00,,,2023-02-06 05:25:00+00:00,L2_BREAK,False,
development,BEAR,20-00,2023-02-06 20:00:00+00:00,2023-02-07 00:00:00+00:00,23159.4,22922.2,237.20000000000073,22957.780000000002,2023-02-06 21:50:00+00:00,2023-02-06 21:45:00+00:00,False,LOW_BREAK_BEFORE_LEAVE,2023-02-06 21:50:00+00:00,,,2023-02-06 21:50:00+00:00,L2_BREAK,False,
development,BEAR,08-12,2023-02-07 08:00:00+00:00,2023-02-07 12:00:00+00:00,22977.8,22854.8,123.0,22873.25,2023-02-07 08:55:00+00:00,2023-02-07 08:50:00+00:00,True,CLEAN_CAUSAL_LEAVE,2023-02-07 08:55:00+00:00,2023-02-07 09:00:00+00:00,2023-02-07 09:00:00+00:00,2023-02-07 09:50:00+00:00,OPPOSITE_HIGH_BREAK,False,
development,BEAR,16-20,2023-02-07 16:00:00+00:00,2023-02-07 20:00:00+00:00,23032.1,22869.0,163.09999999999854,22893.465,2023-02-07 16:25:00+00:00,2023-02-07 16:20:00+00:00,True,CLEAN_CAUSAL_LEAVE,2023-02-07 16:25:00+00:00,2023-02-07 16:30:00+00:00,2023-02-07 17:25:00+00:00,2023-02-07 17:45:00+00:00,OPPOSITE_HIGH_BREAK,False,
development,BULL,08-12,2023-02-08 08:00:00+00:00,2023-02-08 12:00:00+00:00,23283.5,23173.7,109.79999999999927,23190.170000000002,2023-02-08 08:35:00+00:00,2023-02-08 08:30:00+00:00,True,CLEAN_CAUSAL_LEAVE,2023-02-08 08:40:00+00:00,2023-02-08 08:45:00+00:00,2023-02-08 09:00:00+00:00,2023-02-08 09:45:00+00:00,L2_ARRIVAL,True,45.0
development,BEAR,16-20,2023-02-08 16:00:00+00:00,2023-02-08 20:00:00+00:00,23194.3,22849.9,344.3999999999978,22901.56,2023-02-08 16:05:00+00:00,2023-02-08 16:00:00+00:00,False,LOW_BREAK_BEFORE_LEAVE,2023-02-08 16:10:00+00:00,,,2023-02-08 16:10:00+00:00,L2_BREAK,False,
development,BEAR,04-08,2023-02-09 04:00:00+00:00,2023-02-09 08:00:00+00:00,23007.8,22407.5,600.2999999999993,22497.545,2023-02-09 04:05:00+00:00,2023-02-09 04:00:00+00:00,True,CLEAN_CAUSAL_LEAVE,2023-02-09 04:10:00+00:00,2023-02-09 04:15:00+00:00,,2023-02-09 08:00:00+00:00,BLOCK_END,False,
development,BEAR,16-20,2023-02-09 16:00:00+00:00,2023-02-09 20:00:00+00:00,22840.0,22550.0,290.0,22593.5,2023-02-09 16:05:00+00:00,2023-02-09 16:00:00+00:00,True,CLEAN_CAUSAL_LEAVE,2023-02-09 16:05:00+00:00,2023-02-09 16:10:00+00:00,2023-02-09 16:10:00+00:00,2023-02-09 16:20:00+00:00,L2_ARRIVAL,True,10.0
development,BEAR,20-00,2023-02-09 20:00:00+00:00,2023-02-10 00:00:00+00:00,22614.7,21862.1,752.6000000000022,21974.989999999998,2023-02-09 20:20:00+00:00,2023-02-09 20:15:00+00:00,True,CLEAN_CAUSAL_LEAVE,2023-02-09 20:20:00+00:00,2023-02-09 20:25:00+00:00,,2023-02-09 20:25:00+00:00,L2_ARRIVAL,False,
development,BEAR,04-08,2023-02-10 04:00:00+00:00,2023-02-10 08:00:00+00:00,21933.8,21751.1,182.70000000000073,21778.504999999997,2023-02-10 04:15:00+00:00,2023-02-10 04:10:00+00:00,True,CLEAN_CAUSAL_LEAVE,2023-02-10 04:15:00+00:00,2023-02-10 04:20:00+00:00,2023-02-10 04:20:00+00:00,2023-02-10 05:00:00+00:00,L2_ARRIVAL,True,40.0
development,BEAR,20-00,2023-02-10 20:00:00+00:00,2023-02-11 00:00:00+00:00,21794.4,21550.1,244.3000000000029,21586.745,2023-02-10 21:40:00+00:00,2023-02-10 21:35:00+00:00,False,LOW_BREAK_BEFORE_LEAVE,2023-02-10 21:40:00+00:00,,,2023-02-10 21:40:00+00:00,L2_BREAK,False,
development,BEAR,16-20,2023-02-11 16:00:00+00:00,2023-02-11 20:00:00+00:00,21770.0,21651.1,118.90000000000146,21668.934999999998,2023-02-11 18:35:00+00:00,2023-02-11 18:30:00+00:00,False,LOW_BREAK_BEFORE_LEAVE,2023-02-11 18:40:00+00:00,,,2023-02-11 18:40:00+00:00,L2_BREAK,False,
development,BEAR,00-04,2023-02-13 00:00:00+00:00,2023-02-13 04:00:00+00:00,22018.5,21618.0,400.5,21678.075,2023-02-13 02:35:00+00:00,2023-02-13 02:30:00+00:00,True,CLEAN_CAUSAL_LEAVE,2023-02-13 02:35:00+00:00,2023-02-13 02:40:00+00:00,,2023-02-13 04:00:00+00:00,BLOCK_END,False,
development,BEAR,16-20,2023-02-13 16:00:00+00:00,2023-02-13 20:00:00+00:00,21688.0,21544.8,143.20000000000073,21566.28,2023-02-13 16:05:00+00:00,2023-02-13 16:00:00+00:00,True,CLEAN_CAUSAL_LEAVE,2023-02-13 16:05:00+00:00,2023-02-13 16:10:00+00:00,,2023-02-13 16:25:00+00:00,L2_ARRIVAL,False,
development,BEAR,08-12,2023-02-14 08:00:00+00:00,2023-02-14 12:00:00+00:00,21780.0,21676.5,103.5,21692.025,2023-02-14 08:40:00+00:00,2023-02-14 08:35:00+00:00,True,CLEAN_CAUSAL_LEAVE,2023-02-14 08:45:00+00:00,2023-02-14 08:50:00+00:00,,2023-02-14 08:55:00+00:00,L2_ARRIVAL,False,
development,BULL,00-04,2023-02-15 00:00:00+00:00,2023-02-15 04:00:00+00:00,22275.0,22110.4,164.59999999999854,22135.09,2023-02-15 00:40:00+00:00,2023-02-15 00:35:00+00:00,True,CLEAN_CAUSAL_LEAVE,2023-02-15 00:40:00+00:00,2023-02-15 00:45:00+00:00,2023-02-15 00:50:00+00:00,2023-02-15 01:45:00+00:00,L2_ARRIVAL,True,55.0
development,BULL,00-04,2023-02-17 00:00:00+00:00,2023-02-17 04:00:00+00:00,24884.1,23518.0,1366.0999999999985,23722.915,2023-02-17 00:05:00+00:00,2023-02-17 00:00:00+00:00,True,CLEAN_CAUSAL_LEAVE,2023-02-17 00:05:00+00:00,2023-02-17 00:10:00+00:00,,2023-02-17 00:15:00+00:00,L2_ARRIVAL,False,
development,BULL,08-12,2023-02-17 08:00:00+00:00,2023-02-17 12:00:00+00:00,23885.7,23612.0,273.7000000000007,23653.055,2023-02-17 08:05:00+00:00,2023-02-17 08:00:00+00:00,True,CLEAN_CAUSAL_LEAVE,2023-02-17 08:05:00+00:00,2023-02-17 08:10:00+00:00,2023-02-17 08:10:00+00:00,2023-02-17 08:30:00+00:00,L2_ARRIVAL,True,20.0
development,BULL,04-08,2023-02-18 04:00:00+00:00,2023-02-18 08:00:00+00:00,24799.2,24502.6,296.6000000000022,24547.09,2023-02-18 07:55:00+00:00,2023-02-18 07:50:00+00:00,False,LEAVE_AT_BLOCK_END,2023-02-18 07:55:00+00:00,2023-02-18 08:00:00+00:00,,2023-02-18 08:00:00+00:00,BLOCK_END,False,
development,BULL,20-00,2023-02-18 20:00:00+00:00,2023-02-19 00:00:00+00:00,24887.5,24564.0,323.5,24612.525,2023-02-18 20:10:00+00:00,2023-02-18 20:05:00+00:00,True,CLEAN_CAUSAL_LEAVE,2023-02-18 20:15:00+00:00,2023-02-18 20:20:00+00:00,2023-02-18 20:30:00+00:00,2023-02-19 00:00:00+00:00,BLOCK_END,False,
development,BULL,20-00,2023-02-19 20:00:00+00:00,2023-02-20 00:00:00+00:00,25200.0,24259.2,940.7999999999993,24400.32,2023-02-19 20:20:00+00:00,2023-02-19 20:15:00+00:00,True,CLEAN_CAUSAL_LEAVE,2023-02-19 20:20:00+00:00,2023-02-19 20:25:00+00:00,2023-02-19 20:25:00+00:00,2023-02-19 23:55:00+00:00,L2_ARRIVAL,True,210.0
development,SIDEWAYS,00-04,2023-02-20 00:00:00+00:00,2023-02-20 04:00:00+00:00,24578.4,24179.4,399.0,24239.25,2023-02-20 01:00:00+00:00,2023-02-20 00:55:00+00:00,False,LOW_BREAK_BEFORE_LEAVE,2023-02-20 01:00:00+00:00,,,2023-02-20 01:00:00+00:00,L2_BREAK,False,
development,BULL,16-20,2023-02-20 16:00:00+00:00,2023-02-20 20:00:00+00:00,25140.0,24720.2,419.7999999999993,24783.170000000002,2023-02-20 16:25:00+00:00,2023-02-20 16:20:00+00:00,True,CLEAN_CAUSAL_LEAVE,2023-02-20 16:25:00+00:00,2023-02-20 16:30:00+00:00,2023-02-20 16:30:00+00:00,2023-02-20 16:35:00+00:00,L2_ARRIVAL,True,5.0
development,SIDEWAYS,12-16,2023-02-21 12:00:00+00:00,2023-02-21 16:00:00+00:00,25347.6,24525.0,822.5999999999985,24648.39,2023-02-21 12:10:00+00:00,2023-02-21 12:05:00+00:00,True,CLEAN_CAUSAL_LEAVE,2023-02-21 12:15:00+00:00,2023-02-21 12:20:00+00:00,,2023-02-21 12:20:00+00:00,L2_ARRIVAL,False,
development,SIDEWAYS,16-20,2023-02-21 16:00:00+00:00,2023-02-21 20:00:00+00:00,24786.6,24388.0,398.59999999999854,24447.79,2023-02-21 16:15:00+00:00,2023-02-21 16:10:00+00:00,False,LOW_BREAK_BEFORE_LEAVE,2023-02-21 16:15:00+00:00,,,2023-02-21 16:15:00+00:00,L2_BREAK,False,
development,BULL,20-00,2023-02-21 20:00:00+00:00,2023-02-22 00:00:00+00:00,24745.0,24267.2,477.7999999999993,24338.87,2023-02-21 21:20:00+00:00,2023-02-21 21:15:00+00:00,False,LOW_BREAK_BEFORE_LEAVE,2023-02-21 21:20:00+00:00,,,2023-02-21 21:20:00+00:00,L2_BREAK,False,
development,SIDEWAYS,00-04,2023-02-22 00:00:00+00:00,2023-02-22 04:00:00+00:00,24640.2,24150.0,490.2000000000007,24223.53,2023-02-22 02:00:00+00:00,2023-02-22 01:55:00+00:00,False,LOW_BREAK_BEFORE_LEAVE,2023-02-22 02:00:00+00:00,,,2023-02-22 02:00:00+00:00,L2_BREAK,False,
development,BEAR,08-12,2023-02-22 08:00:00+00:00,2023-02-22 12:00:00+00:00,24220.2,23925.5,294.7000000000007,23969.705,2023-02-22 08:35:00+00:00,2023-02-22 08:30:00+00:00,False,LOW_BREAK_BEFORE_LEAVE,2023-02-22 08:35:00+00:00,,,2023-02-22 08:35:00+00:00,L2_BREAK,False,
development,BEAR,16-20,2023-02-22 16:00:00+00:00,2023-02-22 20:00:00+00:00,24231.7,23621.0,610.7000000000007,23712.605,2023-02-22 16:30:00+00:00,2023-02-22 16:25:00+00:00,True,CLEAN_CAUSAL_LEAVE,2023-02-22 16:30:00+00:00,2023-02-22 16:35:00+00:00,,2023-02-22 16:50:00+00:00,L2_ARRIVAL,False,
development,BEAR,12-16,2023-02-23 12:00:00+00:00,2023-02-23 16:00:00+00:00,24483.0,23630.0,853.0,23757.95,2023-02-23 12:10:00+00:00,2023-02-23 12:05:00+00:00,True,CLEAN_CAUSAL_LEAVE,2023-02-23 12:10:00+00:00,2023-02-23 12:15:00+00:00,2023-02-23 12:15:00+00:00,2023-02-23 16:00:00+00:00,BLOCK_END,False,
development,BEAR,04-08,2023-02-24 04:00:00+00:00,2023-02-24 08:00:00+00:00,24138.6,23879.0,259.59999999999854,23917.94,2023-02-24 05:05:00+00:00,2023-02-24 05:00:00+00:00,False,LOW_BREAK_BEFORE_LEAVE,2023-02-24 05:05:00+00:00,,,2023-02-24 05:05:00+00:00,L2_BREAK,False,
development,BEAR,04-08,2023-02-25 04:00:00+00:00,2023-02-25 08:00:00+00:00,23210.5,23032.0,178.5,23058.775,2023-02-25 05:30:00+00:00,2023-02-25 05:25:00+00:00,False,LOW_BREAK_BEFORE_LEAVE,2023-02-25 05:30:00+00:00,,,2023-02-25 05:30:00+00:00,L2_BREAK,False,
development,BEAR,08-12,2023-02-27 08:00:00+00:00,2023-02-27 12:00:00+00:00,23547.0,23331.0,216.0,23363.4,2023-02-27 08:30:00+00:00,2023-02-27 08:25:00+00:00,True,CLEAN_CAUSAL_LEAVE,2023-02-27 08:35:00+00:00,2023-02-27 08:40:00+00:00,2023-02-27 08:55:00+00:00,2023-02-27 09:10:00+00:00,L2_ARRIVAL,True,15.0
development,BEAR,20-00,2023-02-27 20:00:00+00:00,2023-02-28 00:00:00+00:00,23603.9,23140.0,463.90000000000146,23209.585,2023-02-27 20:10:00+00:00,2023-02-27 20:05:00+00:00,True,CLEAN_CAUSAL_LEAVE,2023-02-27 20:10:00+00:00,2023-02-27 20:15:00+00:00,2023-02-27 20:15:00+00:00,2023-02-28 00:00:00+00:00,BLOCK_END,False,
development,SIDEWAYS,04-08,2023-02-28 04:00:00+00:00,2023-02-28 08:00:00+00:00,23539.0,23336.0,203.0,23366.45,2023-02-28 07:35:00+00:00,2023-02-28 07:30:00+00:00,False,LOW_BREAK_BEFORE_LEAVE,2023-02-28 07:35:00+00:00,,,2023-02-28 07:35:00+00:00,L2_BREAK,False,
development,BEAR,08-12,2023-02-28 08:00:00+00:00,2023-02-28 12:00:00+00:00,23456.2,23210.0,246.20000000000073,23246.93,2023-02-28 08:05:00+00:00,2023-02-28 08:00:00+00:00,True,CLEAN_CAUSAL_LEAVE,2023-02-28 08:05:00+00:00,2023-02-28 08:10:00+00:00,2023-02-28 08:10:00+00:00,2023-02-28 12:00:00+00:00,BLOCK_END,False,
development,BEAR,00-04,2023-03-01 00:00:00+00:00,2023-03-01 04:00:00+00:00,23333.4,23010.0,323.40000000000146,23058.510000000002,2023-03-01 00:55:00+00:00,2023-03-01 00:50:00+00:00,True,CLEAN_CAUSAL_LEAVE,2023-03-01 01:00:00+00:00,2023-03-01 01:05:00+00:00,,2023-03-01 03:10:00+00:00,OPPOSITE_HIGH_BREAK,False,
development,BULL,12-16,2023-03-01 12:00:00+00:00,2023-03-01 16:00:00+00:00,24022.7,23670.3,352.40000000000146,23723.16,2023-03-01 13:10:00+00:00,2023-03-01 13:05:00+00:00,True,CLEAN_CAUSAL_LEAVE,2023-03-01 13:10:00+00:00,2023-03-01 13:15:00+00:00,,2023-03-01 13:25:00+00:00,L2_ARRIVAL,False,
development,BULL,16-20,2023-03-01 16:00:00+00:00,2023-03-01 20:00:00+00:00,23880.0,23558.0,322.0,23606.3,2023-03-01 16:15:00+00:00,2023-03-01 16:10:00+00:00,True,CLEAN_CAUSAL_LEAVE,2023-03-01 16:20:00+00:00,2023-03-01 16:25:00+00:00,2023-03-01 16:25:00+00:00,2023-03-01 19:45:00+00:00,L2_ARRIVAL,True,200.0
development,SIDEWAYS,20-00,2023-03-01 20:00:00+00:00,2023-03-02 00:00:00+00:00,23739.0,23316.3,422.7000000000007,23379.704999999998,2023-03-01 20:05:00+00:00,2023-03-01 20:00:00+00:00,True,CLEAN_CAUSAL_LEAVE,2023-03-01 20:05:00+00:00,2023-03-01 20:10:00+00:00,2023-03-01 20:30:00+00:00,2023-03-02 00:00:00+00:00,BLOCK_END,False,
development,BULL,04-08,2023-03-02 04:00:00+00:00,2023-03-02 08:00:00+00:00,23790.5,23414.1,376.40000000000146,23470.559999999998,2023-03-02 05:55:00+00:00,2023-03-02 05:50:00+00:00,False,LOW_BREAK_BEFORE_LEAVE,2023-03-02 06:00:00+00:00,,,2023-03-02 06:00:00+00:00,L2_BREAK,False,
development,SIDEWAYS,12-16,2023-03-02 12:00:00+00:00,2023-03-02 16:00:00+00:00,23460.0,23326.3,133.70000000000073,23346.355,2023-03-02 12:35:00+00:00,2023-03-02 12:30:00+00:00,True,CLEAN_CAUSAL_LEAVE,2023-03-02 12:35:00+00:00,2023-03-02 12:40:00+00:00,,2023-03-02 12:40:00+00:00,L2_ARRIVAL,False,
development,BEAR,12-16,2023-03-03 12:00:00+00:00,2023-03-03 16:00:00+00:00,22474.0,22300.0,174.0,22326.1,2023-03-03 13:50:00+00:00,2023-03-03 13:45:00+00:00,True,CLEAN_CAUSAL_LEAVE,2023-03-03 13:50:00+00:00,2023-03-03 13:55:00+00:00,,2023-03-03 15:00:00+00:00,L2_ARRIVAL,False,
development,BEAR,04-08,2023-03-04 04:00:00+00:00,2023-03-04 08:00:00+00:00,22379.2,22312.1,67.10000000000218,22322.164999999997,2023-03-04 05:30:00+00:00,2023-03-04 05:25:00+00:00,False,LOW_BREAK_BEFORE_LEAVE,2023-03-04 05:35:00+00:00,,,2023-03-04 05:35:00+00:00,L2_BREAK,False,
development,BEAR,20-00,2023-03-04 20:00:00+00:00,2023-03-05 00:00:00+00:00,22335.5,22204.0,131.5,22223.725,2023-03-04 20:10:00+00:00,2023-03-04 20:05:00+00:00,False,LOW_BREAK_BEFORE_LEAVE,2023-03-04 20:10:00+00:00,,,2023-03-04 20:10:00+00:00,L2_BREAK,False,
development,BEAR,00-04,2023-03-06 00:00:00+00:00,2023-03-06 04:00:00+00:00,22555.0,22310.0,245.0,22346.75,2023-03-06 01:55:00+00:00,2023-03-06 01:50:00+00:00,True,CLEAN_CAUSAL_LEAVE,2023-03-06 01:55:00+00:00,2023-03-06 02:00:00+00:00,2023-03-06 02:00:00+00:00,2023-03-06 02:05:00+00:00,L2_ARRIVAL,True,5.0
development,BEAR,12-16,2023-03-07 12:00:00+00:00,2023-03-07 16:00:00+00:00,22419.7,22303.3,116.40000000000146,22320.76,2023-03-07 14:20:00+00:00,2023-03-07 14:15:00+00:00,True,CLEAN_CAUSAL_LEAVE,2023-03-07 14:20:00+00:00,2023-03-07 14:25:00+00:00,2023-03-07 14:25:00+00:00,2023-03-07 14:30:00+00:00,L2_ARRIVAL,True,5.0
development,BEAR,20-00,2023-03-07 20:00:00+00:00,2023-03-08 00:00:00+00:00,22387.6,22039.0,348.59999999999854,22091.29,2023-03-07 20:05:00+00:00,2023-03-07 20:00:00+00:00,False,LOW_BREAK_BEFORE_LEAVE,2023-03-07 20:05:00+00:00,,,2023-03-07 20:05:00+00:00,L2_BREAK,False,
development,BEAR,12-16,2023-03-08 12:00:00+00:00,2023-03-08 16:00:00+00:00,22135.0,21932.8,202.20000000000073,21963.13,2023-03-08 14:10:00+00:00,2023-03-08 14:05:00+00:00,True,CLEAN_CAUSAL_LEAVE,2023-03-08 14:15:00+00:00,2023-03-08 14:20:00+00:00,2023-03-08 14:20:00+00:00,2023-03-08 15:00:00+00:00,L2_ARRIVAL,True,40.0
development,BEAR,20-00,2023-03-09 20:00:00+00:00,2023-03-10 00:00:00+00:00,21666.4,20750.0,916.4000000000015,20887.46,2023-03-09 20:10:00+00:00,2023-03-09 20:05:00+00:00,False,LOW_BREAK_BEFORE_LEAVE,2023-03-09 20:10:00+00:00,,,2023-03-09 20:10:00+00:00,L2_BREAK,False,
development,BEAR,00-04,2023-03-10 00:00:00+00:00,2023-03-10 04:00:00+00:00,20858.4,20003.5,854.9000000000015,20131.735,2023-03-10 00:25:00+00:00,2023-03-10 00:20:00+00:00,True,CLEAN_CAUSAL_LEAVE,2023-03-10 00:25:00+00:00,2023-03-10 00:30:00+00:00,2023-03-10 00:30:00+00:00,2023-03-10 01:00:00+00:00,L2_ARRIVAL,True,30.0
development,BEAR,08-12,2023-03-10 08:00:00+00:00,2023-03-10 12:00:00+00:00,20052.0,19757.0,295.0,19801.25,2023-03-10 10:35:00+00:00,2023-03-10 10:30:00+00:00,False,LOW_BREAK_BEFORE_LEAVE,2023-03-10 10:40:00+00:00,,,2023-03-10 10:40:00+00:00,L2_BREAK,False,
development,BEAR,04-08,2023-03-11 04:00:00+00:00,2023-03-11 08:00:00+00:00,20674.5,20124.8,549.7000000000007,20207.255,2023-03-11 07:20:00+00:00,2023-03-11 07:15:00+00:00,True,CLEAN_CAUSAL_LEAVE,2023-03-11 07:20:00+00:00,2023-03-11 07:25:00+00:00,2023-03-11 07:25:00+00:00,2023-03-11 07:30:00+00:00,L2_ARRIVAL,True,5.0
development,BEAR,12-16,2023-03-12 12:00:00+00:00,2023-03-12 16:00:00+00:00,20488.5,20326.8,161.70000000000073,20351.055,2023-03-12 12:15:00+00:00,2023-03-12 12:10:00+00:00,True,CLEAN_CAUSAL_LEAVE,2023-03-12 12:20:00+00:00,2023-03-12 12:25:00+00:00,2023-03-12 12:35:00+00:00,2023-03-12 14:55:00+00:00,L2_ARRIVAL,True,140.0
development,BULL,08-12,2023-03-14 08:00:00+00:00,2023-03-14 12:00:00+00:00,24850.0,24148.0,702.0,24253.3,2023-03-14 08:15:00+00:00,2023-03-14 08:10:00+00:00,True,CLEAN_CAUSAL_LEAVE,2023-03-14 08:15:00+00:00,2023-03-14 08:20:00+00:00,2023-03-14 08:25:00+00:00,2023-03-14 09:30:00+00:00,L2_ARRIVAL,True,65.0
development,BULL,16-20,2023-03-14 16:00:00+00:00,2023-03-14 20:00:00+00:00,26489.9,24405.0,2084.9000000000015,24717.735,2023-03-14 19:20:00+00:00,2023-03-14 19:15:00+00:00,True,CLEAN_CAUSAL_LEAVE,2023-03-14 19:20:00+00:00,2023-03-14 19:25:00+00:00,2023-03-14 19:50:00+00:00,2023-03-14 20:00:00+00:00,BLOCK_END,False,
development,BULL,16-20,2023-03-15 16:00:00+00:00,2023-03-15 20:00:00+00:00,25200.0,24364.7,835.2999999999993,24489.995,2023-03-15 16:10:00+00:00,2023-03-15 16:05:00+00:00,False,LOW_BREAK_BEFORE_LEAVE,2023-03-15 16:10:00+00:00,,,2023-03-15 16:10:00+00:00,L2_BREAK,False,
development,BULL,00-04,2023-03-16 00:00:00+00:00,2023-03-16 04:00:00+00:00,24645.4,24222.6,422.8000000000029,24286.02,2023-03-16 00:15:00+00:00,2023-03-16 00:10:00+00:00,True,CLEAN_CAUSAL_LEAVE,2023-03-16 00:15:00+00:00,2023-03-16 00:20:00+00:00,,2023-03-16 00:30:00+00:00,L2_ARRIVAL,False,
development,BULL,00-04,2023-03-20 00:00:00+00:00,2023-03-20 04:00:00+00:00,28397.0,27722.4,674.5999999999985,27823.59,2023-03-20 01:05:00+00:00,2023-03-20 01:00:00+00:00,False,LOW_BREAK_BEFORE_LEAVE,2023-03-20 01:05:00+00:00,,,2023-03-20 01:05:00+00:00,L2_BREAK,False,
development,BULL,16-20,2023-03-20 16:00:00+00:00,2023-03-20 20:00:00+00:00,28254.3,27570.0,684.2999999999993,27672.645,2023-03-20 16:15:00+00:00,2023-03-20 16:10:00+00:00,False,LOW_BREAK_BEFORE_LEAVE,2023-03-20 16:15:00+00:00,,,2023-03-20 16:15:00+00:00,L2_BREAK,False,
development,BULL,20-00,2023-03-21 20:00:00+00:00,2023-03-22 00:00:00+00:00,28460.0,27921.5,538.5,28002.275,2023-03-21 21:40:00+00:00,2023-03-21 21:35:00+00:00,True,CLEAN_CAUSAL_LEAVE,2023-03-21 21:40:00+00:00,2023-03-21 21:45:00+00:00,2023-03-21 21:45:00+00:00,2023-03-21 22:35:00+00:00,L2_ARRIVAL,True,50.0
development,BULL,08-12,2023-03-22 08:00:00+00:00,2023-03-22 12:00:00+00:00,28280.0,28002.6,277.40000000000146,28044.21,2023-03-22 09:20:00+00:00,2023-03-22 09:15:00+00:00,True,CLEAN_CAUSAL_LEAVE,2023-03-22 09:20:00+00:00,2023-03-22 09:25:00+00:00,2023-03-22 09:25:00+00:00,2023-03-22 12:00:00+00:00,BLOCK_END,False,
development,SIDEWAYS,20-00,2023-03-22 20:00:00+00:00,2023-03-23 00:00:00+00:00,28881.0,26620.0,2261.0,26959.15,2023-03-22 20:05:00+00:00,2023-03-22 20:00:00+00:00,True,CLEAN_CAUSAL_LEAVE,2023-03-22 20:05:00+00:00,2023-03-22 20:10:00+00:00,2023-03-22 20:10:00+00:00,2023-03-23 00:00:00+00:00,BLOCK_END,False,
development,BEAR,12-16,2023-03-23 12:00:00+00:00,2023-03-23 16:00:00+00:00,27735.0,27420.0,315.0,27467.25,2023-03-23 13:05:00+00:00,2023-03-23 13:00:00+00:00,True,CLEAN_CAUSAL_LEAVE,2023-03-23 13:05:00+00:00,2023-03-23 13:10:00+00:00,,2023-03-23 13:10:00+00:00,L2_ARRIVAL,False,
development,BULL,16-20,2023-03-24 16:00:00+00:00,2023-03-24 20:00:00+00:00,28260.0,27523.0,737.0,27633.55,2023-03-24 17:55:00+00:00,2023-03-24 17:50:00+00:00,True,CLEAN_CAUSAL_LEAVE,2023-03-24 17:55:00+00:00,2023-03-24 18:00:00+00:00,2023-03-24 18:00:00+00:00,2023-03-24 20:00:00+00:00,BLOCK_END,False,
development,SIDEWAYS,20-00,2023-03-24 20:00:00+00:00,2023-03-25 00:00:00+00:00,28040.0,27501.0,539.0,27581.85,2023-03-24 20:45:00+00:00,2023-03-24 20:40:00+00:00,True,CLEAN_CAUSAL_LEAVE,2023-03-24 20:50:00+00:00,2023-03-24 20:55:00+00:00,2023-03-24 20:55:00+00:00,2023-03-24 21:05:00+00:00,L2_ARRIVAL,True,10.0
development,BEAR,04-08,2023-03-25 04:00:00+00:00,2023-03-25 08:00:00+00:00,27648.4,27400.0,248.40000000000146,27437.260000000002,2023-03-25 05:55:00+00:00,2023-03-25 05:50:00+00:00,True,CLEAN_CAUSAL_LEAVE,2023-03-25 06:00:00+00:00,2023-03-25 06:05:00+00:00,2023-03-25 06:10:00+00:00,2023-03-25 06:15:00+00:00,L2_ARRIVAL,True,5.0
development,BEAR,08-12,2023-03-25 08:00:00+00:00,2023-03-25 12:00:00+00:00,27598.0,27360.0,238.0,27395.7,2023-03-25 08:40:00+00:00,2023-03-25 08:35:00+00:00,True,CLEAN_CAUSAL_LEAVE,2023-03-25 08:40:00+00:00,2023-03-25 08:45:00+00:00,,2023-03-25 08:45:00+00:00,L2_ARRIVAL,False,
development,SIDEWAYS,16-20,2023-03-26 16:00:00+00:00,2023-03-26 20:00:00+00:00,28186.9,27677.3,509.6000000000022,27753.739999999998,2023-03-26 17:00:00+00:00,2023-03-26 16:55:00+00:00,True,CLEAN_CAUSAL_LEAVE,2023-03-26 17:05:00+00:00,2023-03-26 17:10:00+00:00,2023-03-26 17:10:00+00:00,2023-03-26 20:00:00+00:00,BLOCK_END,False,
development,BULL,12-16,2023-03-27 12:00:00+00:00,2023-03-27 16:00:00+00:00,27986.8,27760.1,226.70000000000073,27794.105,2023-03-27 12:35:00+00:00,2023-03-27 12:30:00+00:00,False,LOW_BREAK_BEFORE_LEAVE,2023-03-27 12:45:00+00:00,,,2023-03-27 12:45:00+00:00,L2_BREAK,False,
development,BEAR,00-04,2023-03-28 00:00:00+00:00,2023-03-28 04:00:00+00:00,27246.9,26860.0,386.90000000000146,26918.035,2023-03-28 01:05:00+00:00,2023-03-28 01:00:00+00:00,True,CLEAN_CAUSAL_LEAVE,2023-03-28 01:05:00+00:00,2023-03-28 01:10:00+00:00,2023-03-28 01:10:00+00:00,2023-03-28 04:00:00+00:00,BLOCK_END,False,
development,BULL,16-20,2023-03-29 16:00:00+00:00,2023-03-29 20:00:00+00:00,28589.5,28211.5,378.0,28268.2,2023-03-29 16:50:00+00:00,2023-03-29 16:45:00+00:00,True,CLEAN_CAUSAL_LEAVE,2023-03-29 16:50:00+00:00,2023-03-29 16:55:00+00:00,,2023-03-29 16:55:00+00:00,L2_ARRIVAL,False,
development,BULL,12-16,2023-03-30 12:00:00+00:00,2023-03-30 16:00:00+00:00,28734.2,28469.0,265.2000000000007,28508.78,2023-03-30 13:55:00+00:00,2023-03-30 13:50:00+00:00,False,LOW_BREAK_BEFORE_LEAVE,2023-03-30 14:00:00+00:00,,,2023-03-30 14:00:00+00:00,L2_BREAK,False,
development,BULL,16-20,2023-03-30 16:00:00+00:00,2023-03-30 20:00:00+00:00,28683.5,28146.4,537.0999999999985,28226.965,2023-03-30 16:15:00+00:00,2023-03-30 16:10:00+00:00,False,LOW_BREAK_BEFORE_LEAVE,2023-03-30 16:15:00+00:00,,,2023-03-30 16:15:00+00:00,L2_BREAK,False,
development,BULL,04-08,2023-04-01 04:00:00+00:00,2023-04-01 08:00:00+00:00,28845.3,28400.0,445.2999999999993,28466.795,2023-04-01 06:35:00+00:00,2023-04-01 06:30:00+00:00,True,CLEAN_CAUSAL_LEAVE,2023-04-01 06:35:00+00:00,2023-04-01 06:40:00+00:00,2023-04-01 06:40:00+00:00,2023-04-01 07:10:00+00:00,L2_ARRIVAL,True,30.0
development,BULL,08-12,2023-04-02 08:00:00+00:00,2023-04-02 12:00:00+00:00,28483.7,28366.0,117.70000000000073,28383.655,2023-04-02 08:20:00+00:00,2023-04-02 08:15:00+00:00,True,CLEAN_CAUSAL_LEAVE,2023-04-02 08:20:00+00:00,2023-04-02 08:25:00+00:00,,2023-04-02 08:35:00+00:00,L2_ARRIVAL,False,
development,BULL,12-16,2023-04-02 12:00:00+00:00,2023-04-02 16:00:00+00:00,28432.9,28287.0,145.90000000000146,28308.885000000002,2023-04-02 12:30:00+00:00,2023-04-02 12:25:00+00:00,False,LOW_BREAK_BEFORE_LEAVE,2023-04-02 12:30:00+00:00,,,2023-04-02 12:30:00+00:00,L2_BREAK,False,
development,SIDEWAYS,16-20,2023-04-02 16:00:00+00:00,2023-04-02 20:00:00+00:00,28352.5,28022.0,330.5,28071.575,2023-04-02 16:25:00+00:00,2023-04-02 16:20:00+00:00,False,LOW_BREAK_BEFORE_LEAVE,2023-04-02 16:25:00+00:00,,,2023-04-02 16:25:00+00:00,L2_BREAK,False,
development,SIDEWAYS,12-16,2023-04-03 12:00:00+00:00,2023-04-03 16:00:00+00:00,28540.0,27944.0,596.0,28033.4,2023-04-03 14:50:00+00:00,2023-04-03 14:45:00+00:00,True,CLEAN_CAUSAL_LEAVE,2023-04-03 14:55:00+00:00,2023-04-03 15:00:00+00:00,,2023-04-03 15:00:00+00:00,L2_ARRIVAL,False,
development,BULL,08-12,2023-04-05 08:00:00+00:00,2023-04-05 12:00:00+00:00,28615.0,28433.4,181.59999999999854,28460.64,2023-04-05 08:20:00+00:00,2023-04-05 08:15:00+00:00,True,CLEAN_CAUSAL_LEAVE,2023-04-05 08:20:00+00:00,2023-04-05 08:25:00+00:00,,2023-04-05 12:00:00+00:00,BLOCK_END,False,
development,SIDEWAYS,16-20,2023-04-05 16:00:00+00:00,2023-04-05 20:00:00+00:00,28741.0,27830.1,910.9000000000015,27966.735,2023-04-05 16:20:00+00:00,2023-04-05 16:15:00+00:00,True,CLEAN_CAUSAL_LEAVE,2023-04-05 16:20:00+00:00,2023-04-05 16:25:00+00:00,2023-04-05 16:35:00+00:00,2023-04-05 20:00:00+00:00,BLOCK_END,False,
development,BEAR,04-08,2023-04-07 04:00:00+00:00,2023-04-07 08:00:00+00:00,28096.0,27911.0,185.0,27938.75,2023-04-07 05:35:00+00:00,2023-04-07 05:30:00+00:00,True,CLEAN_CAUSAL_LEAVE,2023-04-07 05:40:00+00:00,2023-04-07 05:45:00+00:00,2023-04-07 05:45:00+00:00,2023-04-07 06:20:00+00:00,L2_ARRIVAL,True,35.0
development,SIDEWAYS,04-08,2023-04-09 04:00:00+00:00,2023-04-09 08:00:00+00:00,28078.1,27907.7,170.39999999999782,27933.260000000002,2023-04-09 06:05:00+00:00,2023-04-09 06:00:00+00:00,True,CLEAN_CAUSAL_LEAVE,2023-04-09 06:10:00+00:00,2023-04-09 06:15:00+00:00,,2023-04-09 06:15:00+00:00,L2_ARRIVAL,False,
development,BEAR,08-12,2023-04-09 08:00:00+00:00,2023-04-09 12:00:00+00:00,28055.0,27820.0,235.0,27855.25,2023-04-09 08:50:00+00:00,2023-04-09 08:45:00+00:00,True,CLEAN_CAUSAL_LEAVE,2023-04-09 08:55:00+00:00,2023-04-09 09:00:00+00:00,2023-04-09 10:20:00+00:00,2023-04-09 12:00:00+00:00,BLOCK_END,False,
development,BULL,20-00,2023-04-11 20:00:00+00:00,2023-04-12 00:00:00+00:00,30564.0,30017.8,546.2000000000007,30099.73,2023-04-11 20:05:00+00:00,2023-04-11 20:00:00+00:00,True,CLEAN_CAUSAL_LEAVE,2023-04-11 20:05:00+00:00,2023-04-11 20:10:00+00:00,2023-04-11 20:10:00+00:00,2023-04-11 20:25:00+00:00,L2_ARRIVAL,True,15.0
development,BULL,20-00,2023-04-13 20:00:00+00:00,2023-04-14 00:00:00+00:00,30539.7,30242.1,297.6000000000022,30286.739999999998,2023-04-13 20:10:00+00:00,2023-04-13 20:05:00+00:00,False,LOW_BREAK_BEFORE_LEAVE,2023-04-13 20:10:00+00:00,,,2023-04-13 20:10:00+00:00,L2_BREAK,False,
development,BULL,08-12,2023-04-14 08:00:00+00:00,2023-04-14 12:00:00+00:00,31059.0,30665.9,393.09999999999854,30724.865,2023-04-14 08:50:00+00:00,2023-04-14 08:45:00+00:00,True,CLEAN_CAUSAL_LEAVE,2023-04-14 08:55:00+00:00,2023-04-14 09:00:00+00:00,2023-04-14 09:00:00+00:00,2023-04-14 12:00:00+00:00,BLOCK_END,False,
development,BULL,16-20,2023-04-15 16:00:00+00:00,2023-04-15 20:00:00+00:00,30432.1,30270.7,161.39999999999782,30294.91,2023-04-15 16:10:00+00:00,2023-04-15 16:05:00+00:00,False,LOW_BREAK_BEFORE_LEAVE,2023-04-15 16:10:00+00:00,,,2023-04-15 16:10:00+00:00,L2_BREAK,False,
development,BULL,08-12,2023-04-16 08:00:00+00:00,2023-04-16 12:00:00+00:00,30397.4,30240.5,156.90000000000146,30264.035,2023-04-16 11:40:00+00:00,2023-04-16 11:35:00+00:00,False,LOW_BREAK_BEFORE_LEAVE,2023-04-16 11:40:00+00:00,,,2023-04-16 11:40:00+00:00,L2_BREAK,False,
development,SIDEWAYS,12-16,2023-04-16 12:00:00+00:00,2023-04-16 16:00:00+00:00,30345.1,30210.0,135.09999999999854,30230.265,2023-04-16 13:25:00+00:00,2023-04-16 13:20:00+00:00,True,CLEAN_CAUSAL_LEAVE,2023-04-16 13:40:00+00:00,2023-04-16 13:45:00+00:00,2023-04-16 13:45:00+00:00,2023-04-16 13:50:00+00:00,L2_ARRIVAL,True,5.0
development,BEAR,08-12,2023-04-17 08:00:00+00:00,2023-04-17 12:00:00+00:00,29994.6,29822.0,172.59999999999854,29847.89,2023-04-17 08:05:00+00:00,2023-04-17 08:00:00+00:00,True,CLEAN_CAUSAL_LEAVE,2023-04-17 08:15:00+00:00,2023-04-17 08:20:00+00:00,2023-04-17 09:45:00+00:00,2023-04-17 10:25:00+00:00,L2_ARRIVAL,True,40.0
development,BEAR,12-16,2023-04-17 12:00:00+00:00,2023-04-17 16:00:00+00:00,29913.6,29283.8,629.7999999999993,29378.27,2023-04-17 13:35:00+00:00,2023-04-17 13:30:00+00:00,True,CLEAN_CAUSAL_LEAVE,2023-04-17 13:35:00+00:00,2023-04-17 13:40:00+00:00,2023-04-17 13:45:00+00:00,2023-04-17 15:35:00+00:00,L2_ARRIVAL,True,110.0
development,BULL,00-04,2023-04-19 00:00:00+00:00,2023-04-19 04:00:00+00:00,30450.0,30132.9,317.09999999999854,30180.465,2023-04-19 02:15:00+00:00,2023-04-19 02:10:00+00:00,True,CLEAN_CAUSAL_LEAVE,2023-04-19 02:20:00+00:00,2023-04-19 02:25:00+00:00,2023-04-19 02:40:00+00:00,2023-04-19 04:00:00+00:00,BLOCK_END,False,
development,BULL,04-08,2023-04-19 04:00:00+00:00,2023-04-19 08:00:00+00:00,30410.0,30107.2,302.7999999999993,30152.62,2023-04-19 06:20:00+00:00,2023-04-19 06:15:00+00:00,False,LOW_BREAK_BEFORE_LEAVE,2023-04-19 06:20:00+00:00,,,2023-04-19 06:20:00+00:00,L2_BREAK,False,
development,BEAR,20-00,2023-04-19 20:00:00+00:00,2023-04-20 00:00:00+00:00,29357.2,29033.0,324.2000000000007,29081.63,2023-04-19 21:25:00+00:00,2023-04-19 21:20:00+00:00,False,LOW_BREAK_BEFORE_LEAVE,2023-04-19 21:30:00+00:00,,,2023-04-19 21:30:00+00:00,L2_BREAK,False,
development,BEAR,00-04,2023-04-20 00:00:00+00:00,2023-04-20 04:00:00+00:00,29309.7,28557.3,752.4000000000015,28670.16,2023-04-20 03:10:00+00:00,2023-04-20 03:05:00+00:00,True,CLEAN_CAUSAL_LEAVE,2023-04-20 03:10:00+00:00,2023-04-20 03:15:00+00:00,,2023-04-20 04:00:00+00:00,BLOCK_END,False,
development,BEAR,12-16,2023-04-20 12:00:00+00:00,2023-04-20 16:00:00+00:00,28938.0,28575.6,362.40000000000146,28629.96,2023-04-20 12:05:00+00:00,2023-04-20 12:00:00+00:00,True,CLEAN_CAUSAL_LEAVE,2023-04-20 12:05:00+00:00,2023-04-20 12:10:00+00:00,2023-04-20 12:10:00+00:00,2023-04-20 12:15:00+00:00,L2_ARRIVAL,True,5.0
development,BEAR,16-20,2023-04-20 16:00:00+00:00,2023-04-20 20:00:00+00:00,28940.0,28300.0,640.0,28396.0,2023-04-20 16:05:00+00:00,2023-04-20 16:00:00+00:00,True,CLEAN_CAUSAL_LEAVE,2023-04-20 16:05:00+00:00,2023-04-20 16:10:00+00:00,2023-04-20 17:00:00+00:00,2023-04-20 18:30:00+00:00,L2_ARRIVAL,True,90.0
development,BEAR,04-08,2023-04-21 04:00:00+00:00,2023-04-21 08:00:00+00:00,28368.9,28076.1,292.8000000000029,28120.02,2023-04-21 06:35:00+00:00,2023-04-21 06:30:00+00:00,False,LOW_BREAK_BEFORE_LEAVE,2023-04-21 06:35:00+00:00,,,2023-04-21 06:35:00+00:00,L2_BREAK,False,
development,BEAR,16-20,2023-04-21 16:00:00+00:00,2023-04-21 20:00:00+00:00,28300.0,27954.4,345.59999999999854,28006.24,2023-04-21 16:30:00+00:00,2023-04-21 16:25:00+00:00,True,CLEAN_CAUSAL_LEAVE,2023-04-21 16:40:00+00:00,2023-04-21 16:45:00+00:00,2023-04-21 16:50:00+00:00,2023-04-21 17:15:00+00:00,L2_ARRIVAL,True,25.0
development,BEAR,20-00,2023-04-21 20:00:00+00:00,2023-04-22 00:00:00+00:00,28086.4,27188.0,898.4000000000015,27322.760000000002,2023-04-21 20:10:00+00:00,2023-04-21 20:05:00+00:00,True,CLEAN_CAUSAL_LEAVE,2023-04-21 20:10:00+00:00,2023-04-21 20:15:00+00:00,2023-04-21 20:15:00+00:00,2023-04-21 22:35:00+00:00,L2_ARRIVAL,True,140.0
development,BEAR,12-16,2023-04-23 12:00:00+00:00,2023-04-23 16:00:00+00:00,27760.0,27463.4,296.59999999999854,27507.89,2023-04-23 15:15:00+00:00,2023-04-23 15:10:00+00:00,False,LOW_BREAK_BEFORE_LEAVE,2023-04-23 15:15:00+00:00,,,2023-04-23 15:15:00+00:00,L2_BREAK,False,
development,BEAR,04-08,2023-04-24 04:00:00+00:00,2023-04-24 08:00:00+00:00,28000.0,27410.0,590.0,27498.5,2023-04-24 07:15:00+00:00,2023-04-24 07:10:00+00:00,True,CLEAN_CAUSAL_LEAVE,2023-04-24 07:15:00+00:00,2023-04-24 07:20:00+00:00,,2023-04-24 07:20:00+00:00,L2_ARRIVAL,False,
development,BEAR,04-08,2023-04-25 04:00:00+00:00,2023-04-25 08:00:00+00:00,27583.6,27305.3,278.2999999999993,27347.045,2023-04-25 05:20:00+00:00,2023-04-25 05:15:00+00:00,True,CLEAN_CAUSAL_LEAVE,2023-04-25 05:20:00+00:00,2023-04-25 05:25:00+00:00,2023-04-25 06:55:00+00:00,2023-04-25 07:30:00+00:00,L2_ARRIVAL,True,35.0
development,BULL,12-16,2023-04-27 12:00:00+00:00,2023-04-27 16:00:00+00:00,29139.2,28768.0,371.2000000000007,28823.68,2023-04-27 12:35:00+00:00,2023-04-27 12:30:00+00:00,False,LOW_BREAK_BEFORE_LEAVE,2023-04-27 12:35:00+00:00,,,2023-04-27 12:35:00+00:00,L2_BREAK,False,
development,BULL,00-04,2023-04-30 00:00:00+00:00,2023-04-30 04:00:00+00:00,29258.6,29115.6,143.0,29137.05,2023-04-30 01:00:00+00:00,2023-04-30 00:55:00+00:00,True,CLEAN_CAUSAL_LEAVE,2023-04-30 01:00:00+00:00,2023-04-30 01:05:00+00:00,,2023-04-30 01:05:00+00:00,L2_ARRIVAL,False,
development,BULL,20-00,2023-04-30 20:00:00+00:00,2023-05-01 00:00:00+00:00,29860.0,29200.0,660.0,29299.0,2023-04-30 20:05:00+00:00,2023-04-30 20:00:00+00:00,False,LOW_BREAK_BEFORE_LEAVE,2023-04-30 20:10:00+00:00,,,2023-04-30 20:10:00+00:00,L2_BREAK,False,
development,BEAR,04-08,2023-05-01 04:00:00+00:00,2023-05-01 08:00:00+00:00,29325.5,28333.0,992.5,28481.875,2023-05-01 05:45:00+00:00,2023-05-01 05:40:00+00:00,True,CLEAN_CAUSAL_LEAVE,2023-05-01 05:45:00+00:00,2023-05-01 05:50:00+00:00,2023-05-01 06:05:00+00:00,2023-05-01 08:00:00+00:00,BLOCK_END,False,
development,BEAR,16-20,2023-05-01 16:00:00+00:00,2023-05-01 20:00:00+00:00,28618.0,28052.1,565.9000000000015,28136.985,2023-05-01 16:25:00+00:00,2023-05-01 16:20:00+00:00,True,CLEAN_CAUSAL_LEAVE,2023-05-01 16:30:00+00:00,2023-05-01 16:35:00+00:00,2023-05-01 18:30:00+00:00,2023-05-01 19:10:00+00:00,L2_ARRIVAL,True,40.0
development,BEAR,20-00,2023-05-01 20:00:00+00:00,2023-05-02 00:00:00+00:00,28402.3,27780.0,622.2999999999993,27873.345,2023-05-01 20:30:00+00:00,2023-05-01 20:25:00+00:00,True,CLEAN_CAUSAL_LEAVE,2023-05-01 20:30:00+00:00,2023-05-01 20:35:00+00:00,2023-05-01 20:35:00+00:00,2023-05-01 20:50:00+00:00,L2_ARRIVAL,True,15.0
development,BEAR,04-08,2023-05-02 04:00:00+00:00,2023-05-02 08:00:00+00:00,28131.9,27899.7,232.20000000000073,27934.530000000002,2023-05-02 05:05:00+00:00,2023-05-02 05:00:00+00:00,True,CLEAN_CAUSAL_LEAVE,2023-05-02 05:10:00+00:00,2023-05-02 05:15:00+00:00,2023-05-02 05:15:00+00:00,2023-05-02 08:00:00+00:00,BLOCK_END,False,
development,BEAR,12-16,2023-05-03 12:00:00+00:00,2023-05-03 16:00:00+00:00,28758.9,28515.0,243.90000000000146,28551.585,2023-05-03 12:05:00+00:00,2023-05-03 12:00:00+00:00,False,LOW_BREAK_BEFORE_LEAVE,2023-05-03 12:10:00+00:00,,,2023-05-03 12:10:00+00:00,L2_BREAK,False,
development,BULL,16-20,2023-05-04 16:00:00+00:00,2023-05-04 20:00:00+00:00,29221.5,28660.0,561.5,28744.225,2023-05-04 18:35:00+00:00,2023-05-04 18:30:00+00:00,True,CLEAN_CAUSAL_LEAVE,2023-05-04 18:35:00+00:00,2023-05-04 18:40:00+00:00,2023-05-04 18:40:00+00:00,2023-05-04 20:00:00+00:00,BLOCK_END,False,
development,BULL,08-12,2023-05-05 08:00:00+00:00,2023-05-05 12:00:00+00:00,29264.3,29025.0,239.29999999999927,29060.895,2023-05-05 09:20:00+00:00,2023-05-05 09:15:00+00:00,True,CLEAN_CAUSAL_LEAVE,2023-05-05 09:20:00+00:00,2023-05-05 09:25:00+00:00,2023-05-05 09:30:00+00:00,2023-05-05 12:00:00+00:00,BLOCK_END,False,
development,BULL,04-08,2023-05-06 04:00:00+00:00,2023-05-06 08:00:00+00:00,29840.0,29335.0,505.0,29410.75,2023-05-06 04:05:00+00:00,2023-05-06 04:00:00+00:00,True,CLEAN_CAUSAL_LEAVE,2023-05-06 04:05:00+00:00,2023-05-06 04:10:00+00:00,,2023-05-06 04:55:00+00:00,L2_ARRIVAL,False,
development,BEAR,16-20,2023-05-07 16:00:00+00:00,2023-05-07 20:00:00+00:00,29088.3,28825.0,263.2999999999993,28864.495,2023-05-07 16:35:00+00:00,2023-05-07 16:30:00+00:00,True,CLEAN_CAUSAL_LEAVE,2023-05-07 16:35:00+00:00,2023-05-07 16:40:00+00:00,2023-05-07 16:45:00+00:00,2023-05-07 19:05:00+00:00,L2_ARRIVAL,True,140.0
development,BEAR,20-00,2023-05-07 20:00:00+00:00,2023-05-08 00:00:00+00:00,29019.9,28753.6,266.3000000000029,28793.545,2023-05-07 22:00:00+00:00,2023-05-07 21:55:00+00:00,False,LOW_BREAK_BEFORE_LEAVE,2023-05-07 22:05:00+00:00,,,2023-05-07 22:05:00+00:00,L2_BREAK,False,
development,BEAR,00-04,2023-05-08 00:00:00+00:00,2023-05-08 04:00:00+00:00,28947.7,28370.0,577.7000000000007,28456.655,2023-05-08 00:05:00+00:00,2023-05-08 00:00:00+00:00,True,CLEAN_CAUSAL_LEAVE,2023-05-08 00:05:00+00:00,2023-05-08 00:10:00+00:00,2023-05-08 00:10:00+00:00,2023-05-08 01:40:00+00:00,L2_ARRIVAL,True,90.0
development,BEAR,08-12,2023-05-08 08:00:00+00:00,2023-05-08 12:00:00+00:00,28249.0,27800.0,449.0,27867.35,2023-05-08 08:50:00+00:00,2023-05-08 08:45:00+00:00,False,LOW_BREAK_BEFORE_LEAVE,2023-05-08 08:50:00+00:00,,,2023-05-08 08:50:00+00:00,L2_BREAK,False,
development,BEAR,20-00,2023-05-08 20:00:00+00:00,2023-05-09 00:00:00+00:00,27918.0,27260.9,657.0999999999985,27359.465,2023-05-08 20:15:00+00:00,2023-05-08 20:10:00+00:00,True,CLEAN_CAUSAL_LEAVE,2023-05-08 20:15:00+00:00,2023-05-08 20:20:00+00:00,,2023-05-09 00:00:00+00:00,BLOCK_END,False,
development,BEAR,04-08,2023-05-09 04:00:00+00:00,2023-05-09 08:00:00+00:00,27747.9,27528.2,219.70000000000073,27561.155000000002,2023-05-09 05:35:00+00:00,2023-05-09 05:30:00+00:00,True,CLEAN_CAUSAL_LEAVE,2023-05-09 05:35:00+00:00,2023-05-09 05:40:00+00:00,,2023-05-09 05:40:00+00:00,L2_ARRIVAL,False,
development,BEAR,08-12,2023-05-10 08:00:00+00:00,2023-05-10 12:00:00+00:00,27712.0,27507.0,205.0,27537.75,2023-05-10 08:10:00+00:00,2023-05-10 08:05:00+00:00,True,CLEAN_CAUSAL_LEAVE,2023-05-10 08:10:00+00:00,2023-05-10 08:15:00+00:00,2023-05-10 08:35:00+00:00,2023-05-10 12:00:00+00:00,BLOCK_END,False,
development,BEAR,04-08,2023-05-12 04:00:00+00:00,2023-05-12 08:00:00+00:00,27090.0,26515.0,575.0,26601.25,2023-05-12 04:05:00+00:00,2023-05-12 04:00:00+00:00,True,CLEAN_CAUSAL_LEAVE,2023-05-12 04:05:00+00:00,2023-05-12 04:10:00+00:00,2023-05-12 05:15:00+00:00,2023-05-12 05:45:00+00:00,L2_ARRIVAL,True,30.0
development,BEAR,04-08,2023-05-13 04:00:00+00:00,2023-05-13 08:00:00+00:00,26974.1,26678.5,295.59999999999854,26722.84,2023-05-13 07:15:00+00:00,2023-05-13 07:10:00+00:00,True,CLEAN_CAUSAL_LEAVE,2023-05-13 07:15:00+00:00,2023-05-13 07:20:00+00:00,2023-05-13 07:25:00+00:00,2023-05-13 08:00:00+00:00,BLOCK_END,False,
development,BEAR,20-00,2023-05-13 20:00:00+00:00,2023-05-14 00:00:00+00:00,27051.5,26755.0,296.5,26799.475,2023-05-13 23:45:00+00:00,2023-05-13 23:40:00+00:00,False,NO_CAUSAL_LEAVE,,,,2023-05-14 00:00:00+00:00,BLOCK_END,False,
development,BEAR,00-04,2023-05-14 00:00:00+00:00,2023-05-14 04:00:00+00:00,26928.6,26730.0,198.59999999999854,26759.79,2023-05-14 00:10:00+00:00,2023-05-14 00:05:00+00:00,True,CLEAN_CAUSAL_LEAVE,2023-05-14 00:25:00+00:00,2023-05-14 00:30:00+00:00,,2023-05-14 00:40:00+00:00,L2_ARRIVAL,False,
development,BULL,20-00,2023-05-15 20:00:00+00:00,2023-05-16 00:00:00+00:00,27650.0,27300.6,349.40000000000146,27353.01,2023-05-15 21:25:00+00:00,2023-05-15 21:20:00+00:00,True,CLEAN_CAUSAL_LEAVE,2023-05-15 21:25:00+00:00,2023-05-15 21:30:00+00:00,2023-05-15 21:30:00+00:00,2023-05-15 22:15:00+00:00,L2_ARRIVAL,True,45.0
development,BULL,00-04,2023-05-16 00:00:00+00:00,2023-05-16 04:00:00+00:00,27410.1,27100.0,310.09999999999854,27146.515,2023-05-16 00:55:00+00:00,2023-05-16 00:50:00+00:00,True,CLEAN_CAUSAL_LEAVE,2023-05-16 00:55:00+00:00,2023-05-16 01:00:00+00:00,,2023-05-16 01:15:00+00:00,L2_ARRIVAL,False,
development,SIDEWAYS,12-16,2023-05-16 12:00:00+00:00,2023-05-16 16:00:00+00:00,27274.2,26978.6,295.6000000000022,27022.94,2023-05-16 12:35:00+00:00,2023-05-16 12:30:00+00:00,True,CLEAN_CAUSAL_LEAVE,2023-05-16 12:40:00+00:00,2023-05-16 12:45:00+00:00,2023-05-16 13:00:00+00:00,2023-05-16 13:40:00+00:00,L2_ARRIVAL,True,40.0
development,BEAR,04-08,2023-05-17 04:00:00+00:00,2023-05-17 08:00:00+00:00,27238.5,26969.7,268.7999999999993,27010.02,2023-05-17 05:45:00+00:00,2023-05-17 05:40:00+00:00,True,CLEAN_CAUSAL_LEAVE,2023-05-17 05:45:00+00:00,2023-05-17 05:50:00+00:00,,2023-05-17 06:00:00+00:00,L2_ARRIVAL,False,
development,BEAR,08-12,2023-05-17 08:00:00+00:00,2023-05-17 12:00:00+00:00,27092.4,26700.0,392.40000000000146,26758.86,2023-05-17 11:25:00+00:00,2023-05-17 11:20:00+00:00,True,CLEAN_CAUSAL_LEAVE,2023-05-17 11:30:00+00:00,2023-05-17 11:35:00+00:00,,2023-05-17 11:35:00+00:00,L2_ARRIVAL,False,
development,BEAR,12-16,2023-05-17 12:00:00+00:00,2023-05-17 16:00:00+00:00,26907.5,26558.0,349.5,26610.425,2023-05-17 14:40:00+00:00,2023-05-17 14:35:00+00:00,True,CLEAN_CAUSAL_LEAVE,2023-05-17 14:40:00+00:00,2023-05-17 14:45:00+00:00,,2023-05-17 16:00:00+00:00,BLOCK_END,False,
development,BULL,04-08,2023-05-18 04:00:00+00:00,2023-05-18 08:00:00+00:00,27482.7,27280.0,202.70000000000073,27310.405,2023-05-18 05:05:00+00:00,2023-05-18 05:00:00+00:00,True,CLEAN_CAUSAL_LEAVE,2023-05-18 05:05:00+00:00,2023-05-18 05:10:00+00:00,2023-05-18 05:10:00+00:00,2023-05-18 05:20:00+00:00,L2_ARRIVAL,True,10.0
development,SIDEWAYS,16-20,2023-05-18 16:00:00+00:00,2023-05-18 20:00:00+00:00,27471.5,27007.1,464.40000000000146,27076.76,2023-05-18 16:25:00+00:00,2023-05-18 16:20:00+00:00,True,CLEAN_CAUSAL_LEAVE,2023-05-18 16:25:00+00:00,2023-05-18 16:30:00+00:00,,2023-05-18 16:30:00+00:00,L2_ARRIVAL,False,
development,BEAR,08-12,2023-05-19 08:00:00+00:00,2023-05-19 12:00:00+00:00,26950.0,26801.5,148.5,26823.775,2023-05-19 09:40:00+00:00,2023-05-19 09:35:00+00:00,True,CLEAN_CAUSAL_LEAVE,2023-05-19 09:40:00+00:00,2023-05-19 09:45:00+00:00,2023-05-19 09:50:00+00:00,2023-05-19 10:50:00+00:00,L2_ARRIVAL,True,60.0
development,BULL,04-08,2023-05-21 04:00:00+00:00,2023-05-21 08:00:00+00:00,27288.0,27050.0,238.0,27085.7,2023-05-21 06:45:00+00:00,2023-05-21 06:40:00+00:00,True,CLEAN_CAUSAL_LEAVE,2023-05-21 06:45:00+00:00,2023-05-21 06:50:00+00:00,,2023-05-21 07:15:00+00:00,L2_ARRIVAL,False,
development,BEAR,20-00,2023-05-21 20:00:00+00:00,2023-05-22 00:00:00+00:00,26928.0,26817.0,111.0,26833.65,2023-05-21 20:55:00+00:00,2023-05-21 20:50:00+00:00,False,LOW_BREAK_BEFORE_LEAVE,2023-05-21 21:00:00+00:00,,,2023-05-21 21:00:00+00:00,L2_BREAK,False,
development,BULL,16-20,2023-05-23 16:00:00+00:00,2023-05-23 20:00:00+00:00,27383.0,27159.3,223.70000000000073,27192.855,2023-05-23 18:20:00+00:00,2023-05-23 18:15:00+00:00,False,LOW_BREAK_BEFORE_LEAVE,2023-05-23 18:20:00+00:00,,,2023-05-23 18:20:00+00:00,L2_BREAK,False,
development,BULL,00-04,2023-05-24 00:00:00+00:00,2023-05-24 04:00:00+00:00,27244.0,27139.0,105.0,27154.75,2023-05-24 00:45:00+00:00,2023-05-24 00:40:00+00:00,False,LOW_BREAK_BEFORE_LEAVE,2023-05-24 00:45:00+00:00,,,2023-05-24 00:45:00+00:00,L2_BREAK,False,
development,SIDEWAYS,04-08,2023-05-24 04:00:00+00:00,2023-05-24 08:00:00+00:00,27212.9,26644.2,568.7000000000007,26729.505,2023-05-24 07:00:00+00:00,2023-05-24 06:55:00+00:00,True,CLEAN_CAUSAL_LEAVE,2023-05-24 07:00:00+00:00,2023-05-24 07:05:00+00:00,2023-05-24 07:05:00+00:00,2023-05-24 07:50:00+00:00,L2_ARRIVAL,True,45.0
development,BEAR,12-16,2023-05-24 12:00:00+00:00,2023-05-24 16:00:00+00:00,26834.0,26650.0,184.0,26677.6,2023-05-24 12:35:00+00:00,2023-05-24 12:30:00+00:00,True,CLEAN_CAUSAL_LEAVE,2023-05-24 12:35:00+00:00,2023-05-24 12:40:00+00:00,2023-05-24 12:55:00+00:00,2023-05-24 13:30:00+00:00,L2_ARRIVAL,True,35.0
development,BEAR,00-04,2023-05-25 00:00:00+00:00,2023-05-25 04:00:00+00:00,26476.0,26228.2,247.79999999999927,26265.37,2023-05-25 00:35:00+00:00,2023-05-25 00:30:00+00:00,True,CLEAN_CAUSAL_LEAVE,2023-05-25 00:35:00+00:00,2023-05-25 00:40:00+00:00,,2023-05-25 00:40:00+00:00,L2_ARRIVAL,False,
development,BEAR,08-12,2023-05-25 08:00:00+00:00,2023-05-25 12:00:00+00:00,26289.0,26111.0,178.0,26137.7,2023-05-25 08:05:00+00:00,2023-05-25 08:00:00+00:00,True,CLEAN_CAUSAL_LEAVE,2023-05-25 08:05:00+00:00,2023-05-25 08:10:00+00:00,,2023-05-25 12:00:00+00:00,BLOCK_END,False,
development,BEAR,04-08,2023-05-26 04:00:00+00:00,2023-05-26 08:00:00+00:00,26532.0,26324.2,207.79999999999927,26355.37,2023-05-26 06:00:00+00:00,2023-05-26 05:55:00+00:00,True,CLEAN_CAUSAL_LEAVE,2023-05-26 06:05:00+00:00,2023-05-26 06:10:00+00:00,2023-05-26 06:10:00+00:00,2023-05-26 08:00:00+00:00,BLOCK_END,False,
development,BULL,00-04,2023-05-27 00:00:00+00:00,2023-05-27 04:00:00+00:00,26796.6,26670.0,126.59999999999854,26688.989999999998,2023-05-27 00:10:00+00:00,2023-05-27 00:05:00+00:00,False,LOW_BREAK_BEFORE_LEAVE,2023-05-27 00:10:00+00:00,,,2023-05-27 00:10:00+00:00,L2_BREAK,False,
development,BULL,12-16,2023-05-29 12:00:00+00:00,2023-05-29 16:00:00+00:00,27966.7,27730.0,236.70000000000073,27765.505,2023-05-29 15:00:00+00:00,2023-05-29 14:55:00+00:00,True,CLEAN_CAUSAL_LEAVE,2023-05-29 15:00:00+00:00,2023-05-29 15:05:00+00:00,,2023-05-29 15:20:00+00:00,L2_ARRIVAL,False,
development,BULL,16-20,2023-05-29 16:00:00+00:00,2023-05-29 20:00:00+00:00,27945.4,27570.6,374.8000000000029,27626.82,2023-05-29 16:05:00+00:00,2023-05-29 16:00:00+00:00,True,CLEAN_CAUSAL_LEAVE,2023-05-29 16:10:00+00:00,2023-05-29 16:15:00+00:00,2023-05-29 16:15:00+00:00,2023-05-29 16:20:00+00:00,L2_ARRIVAL,True,5.0
development,BEAR,16-20,2023-05-31 16:00:00+00:00,2023-05-31 20:00:00+00:00,27219.6,26835.5,384.09999999999854,26893.114999999998,2023-05-31 16:10:00+00:00,2023-05-31 16:05:00+00:00,True,CLEAN_CAUSAL_LEAVE,2023-05-31 16:10:00+00:00,2023-05-31 16:15:00+00:00,2023-05-31 16:50:00+00:00,2023-05-31 20:00:00+00:00,BLOCK_END,False,
development,BEAR,12-16,2023-06-01 12:00:00+00:00,2023-06-01 16:00:00+00:00,26945.4,26776.7,168.70000000000073,26802.005,2023-06-01 12:20:00+00:00,2023-06-01 12:15:00+00:00,True,CLEAN_CAUSAL_LEAVE,2023-06-01 12:20:00+00:00,2023-06-01 12:25:00+00:00,,2023-06-01 13:00:00+00:00,OPPOSITE_HIGH_BREAK,False,
development,BEAR,00-04,2023-06-02 00:00:00+00:00,2023-06-02 04:00:00+00:00,26934.0,26697.1,236.90000000000146,26732.635,2023-06-02 00:30:00+00:00,2023-06-02 00:25:00+00:00,True,CLEAN_CAUSAL_LEAVE,2023-06-02 00:30:00+00:00,2023-06-02 00:35:00+00:00,,2023-06-02 00:35:00+00:00,L2_ARRIVAL,False,
development,SIDEWAYS,12-16,2023-06-02 12:00:00+00:00,2023-06-02 16:00:00+00:00,27181.1,27038.3,142.79999999999927,27059.719999999998,2023-06-02 12:35:00+00:00,2023-06-02 12:30:00+00:00,True,CLEAN_CAUSAL_LEAVE,2023-06-02 12:40:00+00:00,2023-06-02 12:45:00+00:00,,2023-06-02 12:50:00+00:00,L2_ARRIVAL,False,
development,SIDEWAYS,00-04,2023-06-03 00:00:00+00:00,2023-06-03 04:00:00+00:00,27290.0,27132.0,158.0,27155.7,2023-06-03 01:05:00+00:00,2023-06-03 01:00:00+00:00,True,CLEAN_CAUSAL_LEAVE,2023-06-03 01:05:00+00:00,2023-06-03 01:10:00+00:00,,2023-06-03 01:25:00+00:00,L2_ARRIVAL,False,
development,BULL,16-20,2023-06-03 16:00:00+00:00,2023-06-03 20:00:00+00:00,27340.2,27110.0,230.20000000000073,27144.53,2023-06-03 17:40:00+00:00,2023-06-03 17:35:00+00:00,True,CLEAN_CAUSAL_LEAVE,2023-06-03 17:40:00+00:00,2023-06-03 17:45:00+00:00,2023-06-03 17:45:00+00:00,2023-06-03 19:50:00+00:00,L2_ARRIVAL,True,125.0
development,BULL,16-20,2023-06-04 16:00:00+00:00,2023-06-04 20:00:00+00:00,27290.0,27150.0,140.0,27171.0,2023-06-04 16:10:00+00:00,2023-06-04 16:05:00+00:00,True,CLEAN_CAUSAL_LEAVE,2023-06-04 16:10:00+00:00,2023-06-04 16:15:00+00:00,2023-06-04 16:15:00+00:00,2023-06-04 20:00:00+00:00,BLOCK_END,False,
development,SIDEWAYS,00-04,2023-06-05 00:00:00+00:00,2023-06-05 04:00:00+00:00,27460.0,27026.0,434.0,27091.1,2023-06-05 00:50:00+00:00,2023-06-05 00:45:00+00:00,False,LOW_BREAK_BEFORE_LEAVE,2023-06-05 00:50:00+00:00,,,2023-06-05 00:50:00+00:00,L2_BREAK,False,
development,BEAR,04-08,2023-06-05 04:00:00+00:00,2023-06-05 08:00:00+00:00,27125.0,26755.0,370.0,26810.5,2023-06-05 05:15:00+00:00,2023-06-05 05:10:00+00:00,True,CLEAN_CAUSAL_LEAVE,2023-06-05 05:25:00+00:00,2023-06-05 05:30:00+00:00,2023-06-05 05:30:00+00:00,2023-06-05 06:45:00+00:00,L2_ARRIVAL,True,75.0
development,BEAR,08-12,2023-06-05 08:00:00+00:00,2023-06-05 12:00:00+00:00,26861.4,26719.9,141.5,26741.125,2023-06-05 09:05:00+00:00,2023-06-05 09:00:00+00:00,True,CLEAN_CAUSAL_LEAVE,2023-06-05 09:05:00+00:00,2023-06-05 09:10:00+00:00,2023-06-05 10:15:00+00:00,2023-06-05 10:25:00+00:00,L2_ARRIVAL,True,10.0
development,BEAR,12-16,2023-06-05 12:00:00+00:00,2023-06-05 16:00:00+00:00,26831.2,26647.0,184.20000000000073,26674.63,2023-06-05 13:00:00+00:00,2023-06-05 12:55:00+00:00,True,CLEAN_CAUSAL_LEAVE,2023-06-05 13:10:00+00:00,2023-06-05 13:15:00+00:00,,2023-06-05 15:00:00+00:00,L2_ARRIVAL,False,
development,BEAR,08-12,2023-06-06 08:00:00+00:00,2023-06-06 12:00:00+00:00,25809.9,25685.3,124.60000000000218,25703.989999999998,2023-06-06 08:15:00+00:00,2023-06-06 08:10:00+00:00,False,LOW_BREAK_BEFORE_LEAVE,2023-06-06 08:15:00+00:00,,,2023-06-06 08:15:00+00:00,L2_BREAK,False,
development,BULL,12-16,2023-06-07 12:00:00+00:00,2023-06-07 16:00:00+00:00,26968.0,26330.8,637.2000000000007,26426.38,2023-06-07 14:55:00+00:00,2023-06-07 14:50:00+00:00,True,CLEAN_CAUSAL_LEAVE,2023-06-07 15:05:00+00:00,2023-06-07 15:10:00+00:00,2023-06-07 15:40:00+00:00,2023-06-07 15:50:00+00:00,L2_ARRIVAL,True,10.0
development,SIDEWAYS,16-20,2023-06-07 16:00:00+00:00,2023-06-07 20:00:00+00:00,26900.0,26230.0,670.0,26330.5,2023-06-07 16:15:00+00:00,2023-06-07 16:10:00+00:00,True,CLEAN_CAUSAL_LEAVE,2023-06-07 16:15:00+00:00,2023-06-07 16:20:00+00:00,2023-06-07 16:25:00+00:00,2023-06-07 20:00:00+00:00,BLOCK_END,False,
development,BEAR,16-20,2023-06-09 16:00:00+00:00,2023-06-09 20:00:00+00:00,26775.0,26436.8,338.2000000000007,26487.53,2023-06-09 16:05:00+00:00,2023-06-09 16:00:00+00:00,True,CLEAN_CAUSAL_LEAVE,2023-06-09 16:05:00+00:00,2023-06-09 16:10:00+00:00,2023-06-09 16:20:00+00:00,2023-06-09 16:55:00+00:00,L2_ARRIVAL,True,35.0
development,BEAR,00-04,2023-06-10 00:00:00+00:00,2023-06-10 04:00:00+00:00,26490.0,26385.0,105.0,26400.75,2023-06-10 01:05:00+00:00,2023-06-10 01:00:00+00:00,True,CLEAN_CAUSAL_LEAVE,2023-06-10 01:05:00+00:00,2023-06-10 01:10:00+00:00,,2023-06-10 01:10:00+00:00,OPPOSITE_HIGH_BREAK,False,
development,BEAR,04-08,2023-06-11 04:00:00+00:00,2023-06-11 08:00:00+00:00,25850.0,25674.3,175.70000000000073,25700.655,2023-06-11 04:10:00+00:00,2023-06-11 04:05:00+00:00,True,CLEAN_CAUSAL_LEAVE,2023-06-11 04:10:00+00:00,2023-06-11 04:15:00+00:00,,2023-06-11 04:15:00+00:00,L2_ARRIVAL,False,
development,BEAR,12-16,2023-06-11 12:00:00+00:00,2023-06-11 16:00:00+00:00,25839.0,25682.7,156.29999999999927,25706.145,2023-06-11 14:00:00+00:00,2023-06-11 13:55:00+00:00,True,CLEAN_CAUSAL_LEAVE,2023-06-11 14:00:00+00:00,2023-06-11 14:05:00+00:00,2023-06-11 14:05:00+00:00,2023-06-11 16:00:00+00:00,BLOCK_END,False,
development,BEAR,16-20,2023-06-12 16:00:00+00:00,2023-06-12 20:00:00+00:00,25983.2,25722.0,261.2000000000007,25761.18,2023-06-12 17:25:00+00:00,2023-06-12 17:20:00+00:00,True,CLEAN_CAUSAL_LEAVE,2023-06-12 17:25:00+00:00,2023-06-12 17:30:00+00:00,2023-06-12 17:30:00+00:00,2023-06-12 20:00:00+00:00,BLOCK_END,False,
development,BEAR,08-12,2023-06-15 08:00:00+00:00,2023-06-15 12:00:00+00:00,25063.4,24856.0,207.40000000000146,24887.11,2023-06-15 11:20:00+00:00,2023-06-15 11:15:00+00:00,True,CLEAN_CAUSAL_LEAVE,2023-06-15 11:20:00+00:00,2023-06-15 11:25:00+00:00,2023-06-15 11:25:00+00:00,2023-06-15 12:00:00+00:00,BLOCK_END,False,
development,BEAR,08-12,2023-06-16 08:00:00+00:00,2023-06-16 12:00:00+00:00,25620.0,25461.0,159.0,25484.85,2023-06-16 11:35:00+00:00,2023-06-16 11:30:00+00:00,True,CLEAN_CAUSAL_LEAVE,2023-06-16 11:35:00+00:00,2023-06-16 11:40:00+00:00,,2023-06-16 11:40:00+00:00,L2_ARRIVAL,False,
development,BULL,12-16,2023-06-17 12:00:00+00:00,2023-06-17 16:00:00+00:00,26649.0,26455.0,194.0,26484.1,2023-06-17 12:05:00+00:00,2023-06-17 12:00:00+00:00,True,CLEAN_CAUSAL_LEAVE,2023-06-17 12:10:00+00:00,2023-06-17 12:15:00+00:00,2023-06-17 14:15:00+00:00,2023-06-17 14:25:00+00:00,L2_ARRIVAL,True,10.0
development,BULL,08-12,2023-06-18 08:00:00+00:00,2023-06-18 12:00:00+00:00,26675.1,26457.2,217.89999999999782,26489.885000000002,2023-06-18 09:25:00+00:00,2023-06-18 09:20:00+00:00,True,CLEAN_CAUSAL_LEAVE,2023-06-18 09:30:00+00:00,2023-06-18 09:35:00+00:00,2023-06-18 09:35:00+00:00,2023-06-18 12:00:00+00:00,BLOCK_END,False,
development,BULL,12-16,2023-06-18 12:00:00+00:00,2023-06-18 16:00:00+00:00,26587.9,26443.5,144.40000000000146,26465.16,2023-06-18 12:35:00+00:00,2023-06-18 12:30:00+00:00,True,CLEAN_CAUSAL_LEAVE,2023-06-18 12:40:00+00:00,2023-06-18 12:45:00+00:00,,2023-06-18 14:00:00+00:00,L2_ARRIVAL,False,
development,BULL,08-12,2023-06-19 08:00:00+00:00,2023-06-19 12:00:00+00:00,26468.5,26354.8,113.70000000000073,26371.855,2023-06-19 09:20:00+00:00,2023-06-19 09:15:00+00:00,True,CLEAN_CAUSAL_LEAVE,2023-06-19 09:20:00+00:00,2023-06-19 09:25:00+00:00,2023-06-19 09:45:00+00:00,2023-06-19 12:00:00+00:00,BLOCK_END,False,
development,BULL,16-20,2023-06-19 16:00:00+00:00,2023-06-19 20:00:00+00:00,26569.7,26328.0,241.70000000000073,26364.255,2023-06-19 16:35:00+00:00,2023-06-19 16:30:00+00:00,True,CLEAN_CAUSAL_LEAVE,2023-06-19 16:40:00+00:00,2023-06-19 16:45:00+00:00,,2023-06-19 17:05:00+00:00,OPPOSITE_HIGH_BREAK,False,
development,BULL,04-08,2023-06-20 04:00:00+00:00,2023-06-20 08:00:00+00:00,27177.3,26782.6,394.7000000000007,26841.805,2023-06-20 06:00:00+00:00,2023-06-20 05:55:00+00:00,True,CLEAN_CAUSAL_LEAVE,2023-06-20 06:00:00+00:00,2023-06-20 06:05:00+00:00,,2023-06-20 06:05:00+00:00,L2_ARRIVAL,False,
development,BULL,08-12,2023-06-20 08:00:00+00:00,2023-06-20 12:00:00+00:00,27024.2,26733.6,290.6000000000022,26777.19,2023-06-20 08:40:00+00:00,2023-06-20 08:35:00+00:00,True,CLEAN_CAUSAL_LEAVE,2023-06-20 08:40:00+00:00,2023-06-20 08:45:00+00:00,,2023-06-20 08:50:00+00:00,L2_ARRIVAL,False,
development,BULL,00-04,2023-06-23 00:00:00+00:00,2023-06-23 04:00:00+00:00,30260.0,29858.4,401.59999999999854,29918.64,2023-06-23 02:05:00+00:00,2023-06-23 02:00:00+00:00,False,LOW_BREAK_BEFORE_LEAVE,2023-06-23 02:05:00+00:00,,,2023-06-23 02:05:00+00:00,L2_BREAK,False,
development,BULL,08-12,2023-06-23 08:00:00+00:00,2023-06-23 12:00:00+00:00,30079.9,29910.0,169.90000000000146,29935.485,2023-06-23 08:05:00+00:00,2023-06-23 08:00:00+00:00,True,CLEAN_CAUSAL_LEAVE,2023-06-23 08:05:00+00:00,2023-06-23 08:10:00+00:00,2023-06-23 08:10:00+00:00,2023-06-23 09:50:00+00:00,OPPOSITE_HIGH_BREAK,False,
development,BULL,20-00,2023-06-23 20:00:00+00:00,2023-06-24 00:00:00+00:00,31440.5,30601.0,839.5,30726.925,2023-06-23 21:50:00+00:00,2023-06-23 21:45:00+00:00,True,CLEAN_CAUSAL_LEAVE,2023-06-23 21:55:00+00:00,2023-06-23 22:00:00+00:00,,2023-06-23 22:05:00+00:00,L2_ARRIVAL,False,
development,BULL,00-04,2023-06-24 00:00:00+00:00,2023-06-24 04:00:00+00:00,30943.4,30441.1,502.3000000000029,30516.445,2023-06-24 01:05:00+00:00,2023-06-24 01:00:00+00:00,True,CLEAN_CAUSAL_LEAVE,2023-06-24 01:05:00+00:00,2023-06-24 01:10:00+00:00,2023-06-24 01:10:00+00:00,2023-06-24 01:30:00+00:00,L2_ARRIVAL,True,20.0
development,BULL,08-12,2023-06-24 08:00:00+00:00,2023-06-24 12:00:00+00:00,30750.0,30550.0,200.0,30580.0,2023-06-24 08:45:00+00:00,2023-06-24 08:40:00+00:00,True,CLEAN_CAUSAL_LEAVE,2023-06-24 08:45:00+00:00,2023-06-24 08:50:00+00:00,,2023-06-24 08:50:00+00:00,L2_ARRIVAL,False,
development,BULL,16-20,2023-06-24 16:00:00+00:00,2023-06-24 20:00:00+00:00,30796.5,30262.0,534.5,30342.175,2023-06-24 16:05:00+00:00,2023-06-24 16:00:00+00:00,True,CLEAN_CAUSAL_LEAVE,2023-06-24 16:05:00+00:00,2023-06-24 16:10:00+00:00,,2023-06-24 20:00:00+00:00,BLOCK_END,False,
development,BULL,12-16,2023-06-25 12:00:00+00:00,2023-06-25 16:00:00+00:00,30754.2,30565.2,189.0,30593.55,2023-06-25 13:30:00+00:00,2023-06-25 13:25:00+00:00,False,LOW_BREAK_BEFORE_LEAVE,2023-06-25 13:30:00+00:00,,,2023-06-25 13:30:00+00:00,L2_BREAK,False,
development,BULL,16-20,2023-06-25 16:00:00+00:00,2023-06-25 20:00:00+00:00,30732.9,30425.0,307.90000000000146,30471.185,2023-06-25 18:10:00+00:00,2023-06-25 18:05:00+00:00,False,LOW_BREAK_BEFORE_LEAVE,2023-06-25 18:10:00+00:00,,,2023-06-25 18:10:00+00:00,L2_BREAK,False,
development,BULL,04-08,2023-06-28 04:00:00+00:00,2023-06-28 08:00:00+00:00,30701.8,30306.4,395.3999999999978,30365.710000000003,2023-06-28 07:20:00+00:00,2023-06-28 07:15:00+00:00,True,CLEAN_CAUSAL_LEAVE,2023-06-28 07:20:00+00:00,2023-06-28 07:25:00+00:00,,2023-06-28 07:25:00+00:00,L2_ARRIVAL,False,
development,SIDEWAYS,08-12,2023-06-28 08:00:00+00:00,2023-06-28 12:00:00+00:00,30479.5,30127.0,352.5,30179.875,2023-06-28 08:05:00+00:00,2023-06-28 08:00:00+00:00,True,CLEAN_CAUSAL_LEAVE,2023-06-28 08:05:00+00:00,2023-06-28 08:10:00+00:00,2023-06-28 08:10:00+00:00,2023-06-28 12:00:00+00:00,BLOCK_END,False,
development,SIDEWAYS,12-16,2023-06-28 12:00:00+00:00,2023-06-28 16:00:00+00:00,30377.0,30126.6,250.40000000000146,30164.16,2023-06-28 12:40:00+00:00,2023-06-28 12:35:00+00:00,True,CLEAN_CAUSAL_LEAVE,2023-06-28 12:45:00+00:00,2023-06-28 12:50:00+00:00,,2023-06-28 12:50:00+00:00,L2_ARRIVAL,False,
development,BULL,16-20,2023-06-28 16:00:00+00:00,2023-06-28 20:00:00+00:00,30485.0,29992.5,492.5,30066.375,2023-06-28 19:35:00+00:00,2023-06-28 19:30:00+00:00,False,LOW_BREAK_BEFORE_LEAVE,2023-06-28 19:40:00+00:00,,,2023-06-28 19:40:00+00:00,L2_BREAK,False,
development,BULL,08-12,2023-07-03 08:00:00+00:00,2023-07-03 12:00:00+00:00,30785.3,30601.7,183.59999999999854,30629.24,2023-07-03 08:25:00+00:00,2023-07-03 08:20:00+00:00,True,CLEAN_CAUSAL_LEAVE,2023-07-03 08:25:00+00:00,2023-07-03 08:30:00+00:00,,2023-07-03 08:30:00+00:00,L2_ARRIVAL,False,
development,BULL,12-16,2023-07-03 12:00:00+00:00,2023-07-03 16:00:00+00:00,30693.7,30577.5,116.20000000000073,30594.93,2023-07-03 12:10:00+00:00,2023-07-03 12:05:00+00:00,False,LOW_BREAK_BEFORE_LEAVE,2023-07-03 12:15:00+00:00,,,2023-07-03 12:15:00+00:00,L2_BREAK,False,
development,BULL,04-08,2023-07-04 04:00:00+00:00,2023-07-04 08:00:00+00:00,31319.4,31083.6,235.8000000000029,31118.969999999998,2023-07-04 04:25:00+00:00,2023-07-04 04:20:00+00:00,True,CLEAN_CAUSAL_LEAVE,2023-07-04 04:25:00+00:00,2023-07-04 04:30:00+00:00,,2023-07-04 04:30:00+00:00,L2_ARRIVAL,False,
development,BULL,08-12,2023-07-04 08:00:00+00:00,2023-07-04 12:00:00+00:00,31210.7,30860.0,350.7000000000007,30912.605,2023-07-04 09:10:00+00:00,2023-07-04 09:05:00+00:00,True,CLEAN_CAUSAL_LEAVE,2023-07-04 09:10:00+00:00,2023-07-04 09:15:00+00:00,,2023-07-04 12:00:00+00:00,BLOCK_END,False,
development,SIDEWAYS,08-12,2023-07-05 08:00:00+00:00,2023-07-05 12:00:00+00:00,30862.6,30742.9,119.69999999999709,30760.855,2023-07-05 08:05:00+00:00,2023-07-05 08:00:00+00:00,True,CLEAN_CAUSAL_LEAVE,2023-07-05 08:05:00+00:00,2023-07-05 08:10:00+00:00,2023-07-05 08:10:00+00:00,2023-07-05 08:15:00+00:00,L2_ARRIVAL,True,5.0
development,BEAR,12-16,2023-07-05 12:00:00+00:00,2023-07-05 16:00:00+00:00,30797.4,30326.0,471.40000000000146,30396.71,2023-07-05 12:10:00+00:00,2023-07-05 12:05:00+00:00,True,CLEAN_CAUSAL_LEAVE,2023-07-05 12:10:00+00:00,2023-07-05 12:15:00+00:00,,2023-07-05 12:15:00+00:00,L2_ARRIVAL,False,
development,BEAR,12-16,2023-07-08 12:00:00+00:00,2023-07-08 16:00:00+00:00,30315.0,30135.3,179.70000000000073,30162.255,2023-07-08 12:10:00+00:00,2023-07-08 12:05:00+00:00,True,CLEAN_CAUSAL_LEAVE,2023-07-08 12:10:00+00:00,2023-07-08 12:15:00+00:00,2023-07-08 12:15:00+00:00,2023-07-08 16:00:00+00:00,BLOCK_END,False,
development,BEAR,04-08,2023-07-09 04:00:00+00:00,2023-07-09 08:00:00+00:00,30397.0,30232.1,164.90000000000146,30256.835,2023-07-09 06:10:00+00:00,2023-07-09 06:05:00+00:00,True,CLEAN_CAUSAL_LEAVE,2023-07-09 06:10:00+00:00,2023-07-09 06:15:00+00:00,,2023-07-09 06:15:00+00:00,L2_ARRIVAL,False,
development,BEAR,08-12,2023-07-10 08:00:00+00:00,2023-07-10 12:00:00+00:00,30151.0,30034.2,116.79999999999927,30051.72,2023-07-10 08:20:00+00:00,2023-07-10 08:15:00+00:00,True,CLEAN_CAUSAL_LEAVE,2023-07-10 08:25:00+00:00,2023-07-10 08:30:00+00:00,,2023-07-10 09:00:00+00:00,L2_ARRIVAL,False,
development,BULL,12-16,2023-07-11 12:00:00+00:00,2023-07-11 16:00:00+00:00,30557.8,30325.0,232.79999999999927,30359.92,2023-07-11 13:45:00+00:00,2023-07-11 13:40:00+00:00,True,CLEAN_CAUSAL_LEAVE,2023-07-11 13:45:00+00:00,2023-07-11 13:50:00+00:00,,2023-07-11 14:45:00+00:00,OPPOSITE_HIGH_BREAK,False,
development,BULL,00-04,2023-07-12 00:00:00+00:00,2023-07-12 04:00:00+00:00,30640.0,30492.8,147.20000000000073,30514.88,2023-07-12 01:00:00+00:00,2023-07-12 00:55:00+00:00,True,CLEAN_CAUSAL_LEAVE,2023-07-12 01:00:00+00:00,2023-07-12 01:05:00+00:00,2023-07-12 01:05:00+00:00,2023-07-12 01:30:00+00:00,L2_ARRIVAL,True,25.0
development,BEAR,04-08,2023-07-13 04:00:00+00:00,2023-07-13 08:00:00+00:00,30423.0,30257.1,165.90000000000146,30281.985,2023-07-13 04:15:00+00:00,2023-07-13 04:10:00+00:00,True,CLEAN_CAUSAL_LEAVE,2023-07-13 04:20:00+00:00,2023-07-13 04:25:00+00:00,2023-07-13 04:30:00+00:00,2023-07-13 05:00:00+00:00,L2_ARRIVAL,True,30.0
development,BULL,04-08,2023-07-14 04:00:00+00:00,2023-07-14 08:00:00+00:00,31640.0,31321.4,318.59999999999854,31369.190000000002,2023-07-14 06:35:00+00:00,2023-07-14 06:30:00+00:00,False,LOW_BREAK_BEFORE_LEAVE,2023-07-14 06:40:00+00:00,,,2023-07-14 06:40:00+00:00,L2_BREAK,False,
development,BULL,12-16,2023-07-14 12:00:00+00:00,2023-07-14 16:00:00+00:00,31284.9,31076.5,208.40000000000146,31107.760000000002,2023-07-14 13:25:00+00:00,2023-07-14 13:20:00+00:00,True,CLEAN_CAUSAL_LEAVE,2023-07-14 13:25:00+00:00,2023-07-14 13:30:00+00:00,,2023-07-14 13:35:00+00:00,L2_ARRIVAL,False,
development,BEAR,12-16,2023-07-15 12:00:00+00:00,2023-07-15 16:00:00+00:00,30360.0,30258.9,101.09999999999854,30274.065000000002,2023-07-15 13:50:00+00:00,2023-07-15 13:45:00+00:00,True,CLEAN_CAUSAL_LEAVE,2023-07-15 13:50:00+00:00,2023-07-15 13:55:00+00:00,2023-07-15 14:15:00+00:00,2023-07-15 15:00:00+00:00,L2_ARRIVAL,True,45.0
development,BEAR,04-08,2023-07-18 04:00:00+00:00,2023-07-18 08:00:00+00:00,30227.5,30061.3,166.20000000000073,30086.23,2023-07-18 04:05:00+00:00,2023-07-18 04:00:00+00:00,False,LOW_BREAK_BEFORE_LEAVE,2023-07-18 04:05:00+00:00,,,2023-07-18 04:05:00+00:00,L2_BREAK,False,
development,BEAR,16-20,2023-07-18 16:00:00+00:00,2023-07-18 20:00:00+00:00,30028.6,29657.1,371.5,29712.824999999997,2023-07-18 16:50:00+00:00,2023-07-18 16:45:00+00:00,True,CLEAN_CAUSAL_LEAVE,2023-07-18 16:55:00+00:00,2023-07-18 17:00:00+00:00,,2023-07-18 17:00:00+00:00,L2_ARRIVAL,False,
development,BEAR,12-16,2023-07-19 12:00:00+00:00,2023-07-19 16:00:00+00:00,30038.4,29852.2,186.20000000000073,29880.13,2023-07-19 13:20:00+00:00,2023-07-19 13:15:00+00:00,True,CLEAN_CAUSAL_LEAVE,2023-07-19 13:20:00+00:00,2023-07-19 13:25:00+00:00,2023-07-19 14:05:00+00:00,2023-07-19 14:15:00+00:00,L2_ARRIVAL,True,10.0
development,BEAR,12-16,2023-07-22 12:00:00+00:00,2023-07-22 16:00:00+00:00,29969.6,29847.9,121.69999999999709,29866.155000000002,2023-07-22 12:20:00+00:00,2023-07-22 12:15:00+00:00,True,CLEAN_CAUSAL_LEAVE,2023-07-22 12:25:00+00:00,2023-07-22 12:30:00+00:00,,2023-07-22 12:35:00+00:00,L2_ARRIVAL,False,
development,BEAR,16-20,2023-07-22 16:00:00+00:00,2023-07-22 20:00:00+00:00,29895.0,29806.6,88.40000000000146,29819.86,2023-07-22 17:55:00+00:00,2023-07-22 17:50:00+00:00,True,CLEAN_CAUSAL_LEAVE,2023-07-22 17:55:00+00:00,2023-07-22 18:00:00+00:00,2023-07-22 18:00:00+00:00,2023-07-22 18:05:00+00:00,L2_ARRIVAL,True,5.0
development,BEAR,20-00,2023-07-22 20:00:00+00:00,2023-07-23 00:00:00+00:00,29892.5,29783.6,108.90000000000146,29799.934999999998,2023-07-22 22:30:00+00:00,2023-07-22 22:25:00+00:00,True,CLEAN_CAUSAL_LEAVE,2023-07-22 22:35:00+00:00,2023-07-22 22:40:00+00:00,2023-07-22 22:45:00+00:00,2023-07-22 22:50:00+00:00,L2_ARRIVAL,True,5.0
development,BEAR,12-16,2023-07-23 12:00:00+00:00,2023-07-23 16:00:00+00:00,29950.0,29870.9,79.09999999999854,29882.765,2023-07-23 13:05:00+00:00,2023-07-23 13:00:00+00:00,True,CLEAN_CAUSAL_LEAVE,2023-07-23 13:05:00+00:00,2023-07-23 13:10:00+00:00,,2023-07-23 13:10:00+00:00,L2_ARRIVAL,False,
development,BEAR,04-08,2023-07-24 04:00:00+00:00,2023-07-24 08:00:00+00:00,30091.7,29650.2,441.5,29716.425,2023-07-24 04:10:00+00:00,2023-07-24 04:05:00+00:00,True,CLEAN_CAUSAL_LEAVE,2023-07-24 04:10:00+00:00,2023-07-24 04:15:00+00:00,2023-07-24 04:15:00+00:00,2023-07-24 08:00:00+00:00,BLOCK_END,False,
development,BEAR,12-16,2023-07-24 12:00:00+00:00,2023-07-24 16:00:00+00:00,29820.9,28904.4,916.5,29041.875,2023-07-24 15:10:00+00:00,2023-07-24 15:05:00+00:00,True,CLEAN_CAUSAL_LEAVE,2023-07-24 15:15:00+00:00,2023-07-24 15:20:00+00:00,2023-07-24 15:20:00+00:00,2023-07-24 16:00:00+00:00,BLOCK_END,False,
development,BEAR,12-16,2023-07-25 12:00:00+00:00,2023-07-25 16:00:00+00:00,29277.6,29106.3,171.29999999999927,29131.995,2023-07-25 12:15:00+00:00,2023-07-25 12:10:00+00:00,False,LOW_BREAK_BEFORE_LEAVE,2023-07-25 12:15:00+00:00,,,2023-07-25 12:15:00+00:00,L2_BREAK,False,
development,BEAR,16-20,2023-07-27 16:00:00+00:00,2023-07-27 20:00:00+00:00,29495.1,29218.1,277.0,29259.649999999998,2023-07-27 17:25:00+00:00,2023-07-27 17:20:00+00:00,True,CLEAN_CAUSAL_LEAVE,2023-07-27 17:25:00+00:00,2023-07-27 17:30:00+00:00,2023-07-27 17:30:00+00:00,2023-07-27 17:40:00+00:00,L2_ARRIVAL,True,10.0
development,SIDEWAYS,16-20,2023-07-28 16:00:00+00:00,2023-07-28 20:00:00+00:00,29535.7,29192.5,343.2000000000007,29243.98,2023-07-28 17:40:00+00:00,2023-07-28 17:35:00+00:00,True,CLEAN_CAUSAL_LEAVE,2023-07-28 17:50:00+00:00,2023-07-28 17:55:00+00:00,2023-07-28 17:55:00+00:00,2023-07-28 20:00:00+00:00,BLOCK_END,False,
development,BEAR,08-12,2023-07-29 08:00:00+00:00,2023-07-29 12:00:00+00:00,29397.9,29271.7,126.20000000000073,29290.63,2023-07-29 08:55:00+00:00,2023-07-29 08:50:00+00:00,True,CLEAN_CAUSAL_LEAVE,2023-07-29 08:55:00+00:00,2023-07-29 09:00:00+00:00,,2023-07-29 09:00:00+00:00,L2_ARRIVAL,False,
development,BEAR,04-08,2023-07-30 04:00:00+00:00,2023-07-30 08:00:00+00:00,29345.9,29292.0,53.900000000001455,29300.085,2023-07-30 06:05:00+00:00,2023-07-30 06:00:00+00:00,False,LOW_BREAK_BEFORE_LEAVE,2023-07-30 06:05:00+00:00,,,2023-07-30 06:05:00+00:00,L2_BREAK,False,
development,BULL,08-12,2023-07-31 08:00:00+00:00,2023-07-31 12:00:00+00:00,29434.5,29343.0,91.5,29356.725,2023-07-31 08:20:00+00:00,2023-07-31 08:15:00+00:00,True,CLEAN_CAUSAL_LEAVE,2023-07-31 08:20:00+00:00,2023-07-31 08:25:00+00:00,2023-07-31 09:10:00+00:00,2023-07-31 09:15:00+00:00,L2_ARRIVAL,True,5.0
development,SIDEWAYS,16-20,2023-07-31 16:00:00+00:00,2023-07-31 20:00:00+00:00,29461.4,29208.9,252.5,29246.775,2023-07-31 16:05:00+00:00,2023-07-31 16:00:00+00:00,False,LOW_BREAK_BEFORE_LEAVE,2023-07-31 16:10:00+00:00,,,2023-07-31 16:10:00+00:00,L2_BREAK,False,
development,BEAR,12-16,2023-08-01 12:00:00+00:00,2023-08-01 16:00:00+00:00,28986.5,28850.1,136.40000000000146,28870.559999999998,2023-08-01 12:05:00+00:00,2023-08-01 12:00:00+00:00,True,CLEAN_CAUSAL_LEAVE,2023-08-01 12:05:00+00:00,2023-08-01 12:10:00+00:00,,2023-08-01 12:10:00+00:00,L2_ARRIVAL,False,
development,BULL,04-08,2023-08-02 04:00:00+00:00,2023-08-02 08:00:00+00:00,30059.9,29607.6,452.3000000000029,29675.445,2023-08-02 04:05:00+00:00,2023-08-02 04:00:00+00:00,False,LOW_BREAK_BEFORE_LEAVE,2023-08-02 04:10:00+00:00,,,2023-08-02 04:10:00+00:00,L2_BREAK,False,
development,BULL,08-12,2023-08-02 08:00:00+00:00,2023-08-02 12:00:00+00:00,29719.5,29550.0,169.5,29575.425,2023-08-02 08:05:00+00:00,2023-08-02 08:00:00+00:00,False,LOW_BREAK_BEFORE_LEAVE,2023-08-02 08:05:00+00:00,,,2023-08-02 08:05:00+00:00,L2_BREAK,False,
development,BEAR,04-08,2023-08-03 04:00:00+00:00,2023-08-03 08:00:00+00:00,29273.1,29110.0,163.09999999999854,29134.465,2023-08-03 04:40:00+00:00,2023-08-03 04:35:00+00:00,True,CLEAN_CAUSAL_LEAVE,2023-08-03 04:40:00+00:00,2023-08-03 04:45:00+00:00,2023-08-03 04:45:00+00:00,2023-08-03 05:05:00+00:00,L2_ARRIVAL,True,20.0
development,BEAR,08-12,2023-08-03 08:00:00+00:00,2023-08-03 12:00:00+00:00,29185.2,29005.0,180.20000000000073,29032.03,2023-08-03 08:25:00+00:00,2023-08-03 08:20:00+00:00,True,CLEAN_CAUSAL_LEAVE,2023-08-03 08:30:00+00:00,2023-08-03 08:35:00+00:00,,2023-08-03 10:45:00+00:00,OPPOSITE_HIGH_BREAK,False,
development,BEAR,00-04,2023-08-04 00:00:00+00:00,2023-08-04 04:00:00+00:00,29352.4,29150.0,202.40000000000146,29180.36,2023-08-04 00:35:00+00:00,2023-08-04 00:30:00+00:00,True,CLEAN_CAUSAL_LEAVE,2023-08-04 00:35:00+00:00,2023-08-04 00:40:00+00:00,2023-08-04 00:40:00+00:00,2023-08-04 02:10:00+00:00,L2_ARRIVAL,True,90.0
development,BEAR,20-00,2023-08-04 20:00:00+00:00,2023-08-05 00:00:00+00:00,29273.6,28919.9,353.6999999999971,28972.955,2023-08-04 20:50:00+00:00,2023-08-04 20:45:00+00:00,False,LOW_BREAK_BEFORE_LEAVE,2023-08-04 20:50:00+00:00,,,2023-08-04 20:50:00+00:00,L2_BREAK,False,
development,BEAR,08-12,2023-08-07 08:00:00+00:00,2023-08-07 12:00:00+00:00,29186.6,29036.5,150.09999999999854,29059.015,2023-08-07 09:15:00+00:00,2023-08-07 09:10:00+00:00,True,CLEAN_CAUSAL_LEAVE,2023-08-07 09:20:00+00:00,2023-08-07 09:25:00+00:00,,2023-08-07 12:00:00+00:00,BLOCK_END,False,
development,BEAR,16-20,2023-08-07 16:00:00+00:00,2023-08-07 20:00:00+00:00,29148.8,28771.0,377.7999999999993,28827.67,2023-08-07 16:05:00+00:00,2023-08-07 16:00:00+00:00,True,CLEAN_CAUSAL_LEAVE,2023-08-07 16:05:00+00:00,2023-08-07 16:10:00+00:00,,2023-08-07 16:10:00+00:00,L2_ARRIVAL,False,
development,SIDEWAYS,20-00,2023-08-09 20:00:00+00:00,2023-08-10 00:00:00+00:00,29764.9,29366.0,398.90000000000146,29425.835,2023-08-09 20:10:00+00:00,2023-08-09 20:05:00+00:00,True,CLEAN_CAUSAL_LEAVE,2023-08-09 20:10:00+00:00,2023-08-09 20:15:00+00:00,2023-08-09 20:15:00+00:00,2023-08-10 00:00:00+00:00,BLOCK_END,False,
development,BULL,04-08,2023-08-10 04:00:00+00:00,2023-08-10 08:00:00+00:00,29650.0,29550.4,99.59999999999854,29565.34,2023-08-10 04:15:00+00:00,2023-08-10 04:10:00+00:00,False,LOW_BREAK_BEFORE_LEAVE,2023-08-10 04:15:00+00:00,,,2023-08-10 04:15:00+00:00,L2_BREAK,False,
development,BULL,08-12,2023-08-10 08:00:00+00:00,2023-08-10 12:00:00+00:00,29613.2,29477.2,136.0,29497.600000000002,2023-08-10 09:30:00+00:00,2023-08-10 09:25:00+00:00,False,LOW_BREAK_BEFORE_LEAVE,2023-08-10 09:30:00+00:00,,,2023-08-10 09:30:00+00:00,L2_BREAK,False,
development,SIDEWAYS,16-20,2023-08-10 16:00:00+00:00,2023-08-10 20:00:00+00:00,29729.8,29380.0,349.7999999999993,29432.47,2023-08-10 16:25:00+00:00,2023-08-10 16:20:00+00:00,True,CLEAN_CAUSAL_LEAVE,2023-08-10 16:25:00+00:00,2023-08-10 16:30:00+00:00,2023-08-10 16:35:00+00:00,2023-08-10 17:30:00+00:00,L2_ARRIVAL,True,55.0
development,BEAR,08-12,2023-08-11 08:00:00+00:00,2023-08-11 12:00:00+00:00,29481.9,29367.3,114.60000000000218,29384.489999999998,2023-08-11 10:15:00+00:00,2023-08-11 10:10:00+00:00,True,CLEAN_CAUSAL_LEAVE,2023-08-11 10:15:00+00:00,2023-08-11 10:20:00+00:00,2023-08-11 10:45:00+00:00,2023-08-11 12:00:00+00:00,BLOCK_END,False,
development,BEAR,12-16,2023-08-13 12:00:00+00:00,2023-08-13 16:00:00+00:00,29400.7,29362.0,38.70000000000073,29367.805,2023-08-13 12:25:00+00:00,2023-08-13 12:20:00+00:00,True,CLEAN_CAUSAL_LEAVE,2023-08-13 12:25:00+00:00,2023-08-13 12:30:00+00:00,2023-08-13 13:25:00+00:00,2023-08-13 14:55:00+00:00,L2_ARRIVAL,True,90.0
development,SIDEWAYS,20-00,2023-08-13 20:00:00+00:00,2023-08-14 00:00:00+00:00,29463.0,29316.2,146.79999999999927,29338.22,2023-08-13 22:25:00+00:00,2023-08-13 22:20:00+00:00,True,CLEAN_CAUSAL_LEAVE,2023-08-13 22:25:00+00:00,2023-08-13 22:30:00+00:00,2023-08-13 22:30:00+00:00,2023-08-13 22:35:00+00:00,L2_ARRIVAL,True,5.0
development,BEAR,04-08,2023-08-15 04:00:00+00:00,2023-08-15 08:00:00+00:00,29446.5,29355.9,90.59999999999854,29369.49,2023-08-15 05:15:00+00:00,2023-08-15 05:10:00+00:00,True,CLEAN_CAUSAL_LEAVE,2023-08-15 05:15:00+00:00,2023-08-15 05:20:00+00:00,2023-08-15 05:40:00+00:00,2023-08-15 05:50:00+00:00,L2_ARRIVAL,True,10.0
development,BEAR,12-16,2023-08-15 12:00:00+00:00,2023-08-15 16:00:00+00:00,29446.5,29340.2,106.29999999999927,29356.145,2023-08-15 14:10:00+00:00,2023-08-15 14:05:00+00:00,True,CLEAN_CAUSAL_LEAVE,2023-08-15 14:10:00+00:00,2023-08-15 14:15:00+00:00,,2023-08-15 15:20:00+00:00,L2_ARRIVAL,False,
development,BEAR,16-20,2023-08-15 16:00:00+00:00,2023-08-15 20:00:00+00:00,29492.1,29294.9,197.1999999999971,29324.48,2023-08-15 16:45:00+00:00,2023-08-15 16:40:00+00:00,False,LOW_BREAK_BEFORE_LEAVE,2023-08-15 16:45:00+00:00,,,2023-08-15 16:45:00+00:00,L2_BREAK,False,
development,BEAR,08-12,2023-08-16 08:00:00+00:00,2023-08-16 12:00:00+00:00,29223.5,29100.0,123.5,29118.525,2023-08-16 09:40:00+00:00,2023-08-16 09:35:00+00:00,True,CLEAN_CAUSAL_LEAVE,2023-08-16 09:40:00+00:00,2023-08-16 09:45:00+00:00,,2023-08-16 12:00:00+00:00,BLOCK_END,False,
development,BEAR,12-16,2023-08-16 12:00:00+00:00,2023-08-16 16:00:00+00:00,29209.0,29086.0,123.0,29104.45,2023-08-16 12:30:00+00:00,2023-08-16 12:25:00+00:00,True,CLEAN_CAUSAL_LEAVE,2023-08-16 12:45:00+00:00,2023-08-16 12:50:00+00:00,2023-08-16 13:25:00+00:00,2023-08-16 13:40:00+00:00,L2_ARRIVAL,True,15.0
development,BEAR,20-00,2023-08-16 20:00:00+00:00,2023-08-17 00:00:00+00:00,29229.6,28940.0,289.59999999999854,28983.44,2023-08-16 20:30:00+00:00,2023-08-16 20:25:00+00:00,True,CLEAN_CAUSAL_LEAVE,2023-08-16 20:30:00+00:00,2023-08-16 20:35:00+00:00,,2023-08-16 20:35:00+00:00,L2_ARRIVAL,False,
development,BEAR,00-04,2023-08-17 00:00:00+00:00,2023-08-17 04:00:00+00:00,29132.4,28705.1,427.3000000000029,28769.195,2023-08-17 00:05:00+00:00,2023-08-17 00:00:00+00:00,True,CLEAN_CAUSAL_LEAVE,2023-08-17 00:05:00+00:00,2023-08-17 00:10:00+00:00,2023-08-17 00:10:00+00:00,2023-08-17 00:20:00+00:00,L2_ARRIVAL,True,10.0
development,BEAR,08-12,2023-08-17 08:00:00+00:00,2023-08-17 12:00:00+00:00,28694.9,28590.2,104.70000000000073,28605.905000000002,2023-08-17 08:20:00+00:00,2023-08-17 08:15:00+00:00,False,LOW_BREAK_BEFORE_LEAVE,2023-08-17 08:20:00+00:00,,,2023-08-17 08:20:00+00:00,L2_BREAK,False,
development,BEAR,12-16,2023-08-17 12:00:00+00:00,2023-08-17 16:00:00+00:00,28627.8,28469.2,158.59999999999854,28492.99,2023-08-17 12:15:00+00:00,2023-08-17 12:10:00+00:00,False,LOW_BREAK_BEFORE_LEAVE,2023-08-17 12:15:00+00:00,,,2023-08-17 12:15:00+00:00,L2_BREAK,False,
development,BEAR,12-16,2023-08-18 12:00:00+00:00,2023-08-18 16:00:00+00:00,26595.2,26365.0,230.20000000000073,26399.53,2023-08-18 12:15:00+00:00,2023-08-18 12:10:00+00:00,False,LOW_BREAK_BEFORE_LEAVE,2023-08-18 12:20:00+00:00,,,2023-08-18 12:20:00+00:00,L2_BREAK,False,
development,BEAR,00-04,2023-08-19 00:00:00+00:00,2023-08-19 04:00:00+00:00,26235.0,25989.5,245.5,26026.325,2023-08-19 02:05:00+00:00,2023-08-19 02:00:00+00:00,True,CLEAN_CAUSAL_LEAVE,2023-08-19 02:05:00+00:00,2023-08-19 02:10:00+00:00,2023-08-19 02:15:00+00:00,2023-08-19 02:45:00+00:00,L2_ARRIVAL,True,30.0
development,BEAR,04-08,2023-08-19 04:00:00+00:00,2023-08-19 08:00:00+00:00,26147.6,25910.0,237.59999999999854,25945.64,2023-08-19 04:25:00+00:00,2023-08-19 04:20:00+00:00,True,CLEAN_CAUSAL_LEAVE,2023-08-19 04:25:00+00:00,2023-08-19 04:30:00+00:00,2023-08-19 04:30:00+00:00,2023-08-19 05:30:00+00:00,L2_ARRIVAL,True,60.0
development,BEAR,04-08,2023-08-21 04:00:00+00:00,2023-08-21 08:00:00+00:00,26183.2,26052.5,130.70000000000073,26072.105,2023-08-21 04:05:00+00:00,2023-08-21 04:00:00+00:00,False,LOW_BREAK_BEFORE_LEAVE,2023-08-21 04:05:00+00:00,,,2023-08-21 04:05:00+00:00,L2_BREAK,False,
development,BEAR,08-12,2023-08-21 08:00:00+00:00,2023-08-21 12:00:00+00:00,26174.4,25985.0,189.40000000000146,26013.41,2023-08-21 08:20:00+00:00,2023-08-21 08:15:00+00:00,True,CLEAN_CAUSAL_LEAVE,2023-08-21 08:20:00+00:00,2023-08-21 08:25:00+00:00,2023-08-21 08:50:00+00:00,2023-08-21 10:05:00+00:00,L2_ARRIVAL,True,75.0
development,BEAR,16-20,2023-08-22 16:00:00+00:00,2023-08-22 20:00:00+00:00,26087.2,25900.0,187.20000000000073,25928.08,2023-08-22 16:10:00+00:00,2023-08-22 16:05:00+00:00,False,LOW_BREAK_BEFORE_LEAVE,2023-08-22 16:10:00+00:00,,,2023-08-22 16:10:00+00:00,L2_BREAK,False,
development,BEAR,12-16,2023-08-23 12:00:00+00:00,2023-08-23 16:00:00+00:00,26085.6,25887.4,198.1999999999971,25917.13,2023-08-23 12:30:00+00:00,2023-08-23 12:25:00+00:00,False,LOW_BREAK_BEFORE_LEAVE,2023-08-23 12:40:00+00:00,,,2023-08-23 12:40:00+00:00,L2_BREAK,False,
development,BEAR,04-08,2023-08-25 04:00:00+00:00,2023-08-25 08:00:00+00:00,26177.0,26000.0,177.0,26026.55,2023-08-25 05:05:00+00:00,2023-08-25 05:00:00+00:00,True,CLEAN_CAUSAL_LEAVE,2023-08-25 05:05:00+00:00,2023-08-25 05:10:00+00:00,2023-08-25 05:15:00+00:00,2023-08-25 06:35:00+00:00,L2_ARRIVAL,True,80.0
development,BEAR,08-12,2023-08-26 08:00:00+00:00,2023-08-26 12:00:00+00:00,26079.2,26033.7,45.5,26040.525,2023-08-26 08:05:00+00:00,2023-08-26 08:00:00+00:00,True,CLEAN_CAUSAL_LEAVE,2023-08-26 08:05:00+00:00,2023-08-26 08:10:00+00:00,2023-08-26 08:15:00+00:00,2023-08-26 08:30:00+00:00,L2_ARRIVAL,True,15.0
development,BEAR,12-16,2023-08-26 12:00:00+00:00,2023-08-26 16:00:00+00:00,26048.7,25985.0,63.70000000000073,25994.555,2023-08-26 12:45:00+00:00,2023-08-26 12:40:00+00:00,True,CLEAN_CAUSAL_LEAVE,2023-08-26 12:45:00+00:00,2023-08-26 12:50:00+00:00,,2023-08-26 14:35:00+00:00,OPPOSITE_HIGH_BREAK,False,
development,BEAR,00-04,2023-08-27 00:00:00+00:00,2023-08-27 04:00:00+00:00,26038.7,25975.5,63.20000000000073,25984.98,2023-08-27 01:10:00+00:00,2023-08-27 01:05:00+00:00,True,CLEAN_CAUSAL_LEAVE,2023-08-27 01:10:00+00:00,2023-08-27 01:15:00+00:00,2023-08-27 01:15:00+00:00,2023-08-27 01:35:00+00:00,L2_ARRIVAL,True,20.0
development,SIDEWAYS,16-20,2023-08-27 16:00:00+00:00,2023-08-27 20:00:00+00:00,26173.6,26040.2,133.39999999999782,26060.21,2023-08-27 18:00:00+00:00,2023-08-27 17:55:00+00:00,True,CLEAN_CAUSAL_LEAVE,2023-08-27 18:05:00+00:00,2023-08-27 18:10:00+00:00,2023-08-27 18:10:00+00:00,2023-08-27 20:00:00+00:00,BLOCK_END,False,
development,SIDEWAYS,00-04,2023-08-28 00:00:00+00:00,2023-08-28 04:00:00+00:00,26123.8,26025.2,98.59999999999854,26039.99,2023-08-28 00:35:00+00:00,2023-08-28 00:30:00+00:00,False,LOW_BREAK_BEFORE_LEAVE,2023-08-28 00:35:00+00:00,,,2023-08-28 00:35:00+00:00,L2_BREAK,False,
development,BULL,00-04,2023-08-30 00:00:00+00:00,2023-08-30 04:00:00+00:00,27875.0,27517.5,357.5,27571.125,2023-08-30 01:15:00+00:00,2023-08-30 01:10:00+00:00,False,LOW_BREAK_BEFORE_LEAVE,2023-08-30 01:30:00+00:00,,,2023-08-30 01:30:00+00:00,L2_BREAK,False,
development,BULL,12-16,2023-08-31 12:00:00+00:00,2023-08-31 16:00:00+00:00,27674.3,27175.8,498.5,27250.575,2023-08-31 12:05:00+00:00,2023-08-31 12:00:00+00:00,True,CLEAN_CAUSAL_LEAVE,2023-08-31 12:10:00+00:00,2023-08-31 12:15:00+00:00,,2023-08-31 12:15:00+00:00,L2_ARRIVAL,False,
development,SIDEWAYS,16-20,2023-08-31 16:00:00+00:00,2023-08-31 20:00:00+00:00,27305.1,26733.8,571.2999999999993,26819.495,2023-08-31 16:20:00+00:00,2023-08-31 16:15:00+00:00,True,CLEAN_CAUSAL_LEAVE,2023-08-31 16:20:00+00:00,2023-08-31 16:25:00+00:00,,2023-08-31 16:25:00+00:00,L2_ARRIVAL,False,
development,BEAR,16-20,2023-09-02 16:00:00+00:00,2023-09-02 20:00:00+00:00,25975.0,25771.1,203.90000000000146,25801.684999999998,2023-09-02 18:10:00+00:00,2023-09-02 18:05:00+00:00,False,LOW_BREAK_BEFORE_LEAVE,2023-09-02 18:15:00+00:00,,,2023-09-02 18:15:00+00:00,L2_BREAK,False,
development,BEAR,16-20,2023-09-03 16:00:00+00:00,2023-09-03 20:00:00+00:00,26115.0,25802.8,312.2000000000007,25849.63,2023-09-03 16:40:00+00:00,2023-09-03 16:35:00+00:00,True,CLEAN_CAUSAL_LEAVE,2023-09-03 16:45:00+00:00,2023-09-03 16:50:00+00:00,2023-09-03 17:00:00+00:00,2023-09-03 20:00:00+00:00,BLOCK_END,False,
development,BEAR,00-04,2023-09-04 00:00:00+00:00,2023-09-04 04:00:00+00:00,26135.2,25915.0,220.20000000000073,25948.03,2023-09-04 00:20:00+00:00,2023-09-04 00:15:00+00:00,True,CLEAN_CAUSAL_LEAVE,2023-09-04 00:20:00+00:00,2023-09-04 00:25:00+00:00,,2023-09-04 00:30:00+00:00,L2_ARRIVAL,False,
development,BEAR,12-16,2023-09-04 12:00:00+00:00,2023-09-04 16:00:00+00:00,26000.0,25845.2,154.79999999999927,25868.420000000002,2023-09-04 12:15:00+00:00,2023-09-04 12:10:00+00:00,False,LOW_BREAK_BEFORE_LEAVE,2023-09-04 12:15:00+00:00,,,2023-09-04 12:15:00+00:00,L2_BREAK,False,
development,BEAR,20-00,2023-09-04 20:00:00+00:00,2023-09-05 00:00:00+00:00,25936.9,25794.9,142.0,25816.2,2023-09-04 20:35:00+00:00,2023-09-04 20:30:00+00:00,True,CLEAN_CAUSAL_LEAVE,2023-09-04 20:40:00+00:00,2023-09-04 20:45:00+00:00,2023-09-04 20:45:00+00:00,2023-09-04 21:05:00+00:00,L2_ARRIVAL,True,20.0
development,BEAR,20-00,2023-09-05 20:00:00+00:00,2023-09-06 00:00:00+00:00,25837.7,25668.0,169.70000000000073,25693.455,2023-09-05 20:05:00+00:00,2023-09-05 20:00:00+00:00,True,CLEAN_CAUSAL_LEAVE,2023-09-05 20:10:00+00:00,2023-09-05 20:15:00+00:00,2023-09-05 20:15:00+00:00,2023-09-05 20:35:00+00:00,L2_ARRIVAL,True,20.0
development,BEAR,04-08,2023-09-06 04:00:00+00:00,2023-09-06 08:00:00+00:00,25858.5,25758.1,100.40000000000146,25773.16,2023-09-06 04:10:00+00:00,2023-09-06 04:05:00+00:00,False,LOW_BREAK_BEFORE_LEAVE,2023-09-06 04:15:00+00:00,,,2023-09-06 04:15:00+00:00,L2_BREAK,False,
development,BEAR,08-12,2023-09-06 08:00:00+00:00,2023-09-06 12:00:00+00:00,25780.9,25711.0,69.90000000000146,25721.485,2023-09-06 08:15:00+00:00,2023-09-06 08:10:00+00:00,True,CLEAN_CAUSAL_LEAVE,2023-09-06 08:15:00+00:00,2023-09-06 08:20:00+00:00,,2023-09-06 09:10:00+00:00,L2_ARRIVAL,False,
development,BEAR,12-16,2023-09-06 12:00:00+00:00,2023-09-06 16:00:00+00:00,25766.6,25701.0,65.59999999999854,25710.84,2023-09-06 12:40:00+00:00,2023-09-06 12:35:00+00:00,False,LOW_BREAK_BEFORE_LEAVE,2023-09-06 12:45:00+00:00,,,2023-09-06 12:45:00+00:00,L2_BREAK,False,
development,BEAR,16-20,2023-09-06 16:00:00+00:00,2023-09-06 20:00:00+00:00,25769.3,25530.0,239.29999999999927,25565.895,2023-09-06 17:05:00+00:00,2023-09-06 17:00:00+00:00,False,LOW_BREAK_BEFORE_LEAVE,2023-09-06 17:05:00+00:00,,,2023-09-06 17:05:00+00:00,L2_BREAK,False,
development,BEAR,08-12,2023-09-07 08:00:00+00:00,2023-09-07 12:00:00+00:00,25838.0,25735.2,102.79999999999927,25750.62,2023-09-07 08:10:00+00:00,2023-09-07 08:05:00+00:00,False,LOW_BREAK_BEFORE_LEAVE,2023-09-07 08:10:00+00:00,,,2023-09-07 08:10:00+00:00,L2_BREAK,False,
development,BEAR,12-16,2023-09-07 12:00:00+00:00,2023-09-07 16:00:00+00:00,25751.0,25680.0,71.0,25690.65,2023-09-07 12:25:00+00:00,2023-09-07 12:20:00+00:00,True,CLEAN_CAUSAL_LEAVE,2023-09-07 12:25:00+00:00,2023-09-07 12:30:00+00:00,,2023-09-07 12:30:00+00:00,L2_ARRIVAL,False,
development,BULL,00-04,2023-09-10 00:00:00+00:00,2023-09-10 04:00:00+00:00,25908.5,25843.7,64.79999999999927,25853.420000000002,2023-09-10 01:10:00+00:00,2023-09-10 01:05:00+00:00,True,CLEAN_CAUSAL_LEAVE,2023-09-10 01:10:00+00:00,2023-09-10 01:15:00+00:00,,2023-09-10 01:20:00+00:00,L2_ARRIVAL,False,
development,BEAR,12-16,2023-09-10 12:00:00+00:00,2023-09-10 16:00:00+00:00,25856.1,25780.0,76.09999999999854,25791.415,2023-09-10 12:05:00+00:00,2023-09-10 12:00:00+00:00,True,CLEAN_CAUSAL_LEAVE,2023-09-10 12:05:00+00:00,2023-09-10 12:10:00+00:00,2023-09-10 12:15:00+00:00,2023-09-10 13:10:00+00:00,L2_ARRIVAL,True,55.0
development,BEAR,00-04,2023-09-11 00:00:00+00:00,2023-09-11 04:00:00+00:00,26037.3,25758.0,279.2999999999993,25799.895,2023-09-11 00:35:00+00:00,2023-09-11 00:30:00+00:00,False,LOW_BREAK_BEFORE_LEAVE,2023-09-11 00:35:00+00:00,,,2023-09-11 00:35:00+00:00,L2_BREAK,False,
development,BEAR,20-00,2023-09-11 20:00:00+00:00,2023-09-12 00:00:00+00:00,25240.6,24975.0,265.59999999999854,25014.84,2023-09-11 20:05:00+00:00,2023-09-11 20:00:00+00:00,True,CLEAN_CAUSAL_LEAVE,2023-09-11 20:05:00+00:00,2023-09-11 20:10:00+00:00,,2023-09-12 00:00:00+00:00,BLOCK_END,False,
development,BULL,00-04,2023-09-13 00:00:00+00:00,2023-09-13 04:00:00+00:00,26150.0,25762.0,388.0,25820.2,2023-09-13 00:10:00+00:00,2023-09-13 00:05:00+00:00,True,CLEAN_CAUSAL_LEAVE,2023-09-13 00:10:00+00:00,2023-09-13 00:15:00+00:00,,2023-09-13 04:00:00+00:00,BLOCK_END,False,
development,BULL,00-04,2023-09-15 00:00:00+00:00,2023-09-15 04:00:00+00:00,26713.2,26461.0,252.20000000000073,26498.83,2023-09-15 00:25:00+00:00,2023-09-15 00:20:00+00:00,True,CLEAN_CAUSAL_LEAVE,2023-09-15 00:25:00+00:00,2023-09-15 00:30:00+00:00,2023-09-15 00:30:00+00:00,2023-09-15 00:55:00+00:00,L2_ARRIVAL,True,25.0
development,BULL,08-12,2023-09-15 08:00:00+00:00,2023-09-15 12:00:00+00:00,26647.0,26535.0,112.0,26551.8,2023-09-15 08:10:00+00:00,2023-09-15 08:05:00+00:00,False,LOW_BREAK_BEFORE_LEAVE,2023-09-15 08:10:00+00:00,,,2023-09-15 08:10:00+00:00,L2_BREAK,False,
development,BULL,04-08,2023-09-16 04:00:00+00:00,2023-09-16 08:00:00+00:00,26763.5,26558.3,205.20000000000073,26589.079999999998,2023-09-16 04:30:00+00:00,2023-09-16 04:25:00+00:00,True,CLEAN_CAUSAL_LEAVE,2023-09-16 04:30:00+00:00,2023-09-16 04:35:00+00:00,2023-09-16 04:35:00+00:00,2023-09-16 04:55:00+00:00,L2_ARRIVAL,True,20.0
development,BULL,00-04,2023-09-17 00:00:00+00:00,2023-09-17 04:00:00+00:00,26570.0,26492.0,78.0,26503.7,2023-09-17 00:15:00+00:00,2023-09-17 00:10:00+00:00,True,CLEAN_CAUSAL_LEAVE,2023-09-17 00:20:00+00:00,2023-09-17 00:25:00+00:00,,2023-09-17 00:25:00+00:00,L2_ARRIVAL,False,
development,BULL,04-08,2023-09-20 04:00:00+00:00,2023-09-20 08:00:00+00:00,27381.0,27070.2,310.7999999999993,27116.82,2023-09-20 04:05:00+00:00,2023-09-20 04:00:00+00:00,True,CLEAN_CAUSAL_LEAVE,2023-09-20 04:05:00+00:00,2023-09-20 04:10:00+00:00,,2023-09-20 04:20:00+00:00,L2_ARRIVAL,False,
development,BULL,08-12,2023-09-21 08:00:00+00:00,2023-09-21 12:00:00+00:00,27092.4,26966.1,126.30000000000291,26985.045,2023-09-21 08:05:00+00:00,2023-09-21 08:00:00+00:00,False,LOW_BREAK_BEFORE_LEAVE,2023-09-21 08:05:00+00:00,,,2023-09-21 08:05:00+00:00,L2_BREAK,False,
development,BEAR,20-00,2023-09-21 20:00:00+00:00,2023-09-22 00:00:00+00:00,26685.7,26530.8,154.90000000000146,26554.035,2023-09-21 20:30:00+00:00,2023-09-21 20:25:00+00:00,False,LOW_BREAK_BEFORE_LEAVE,2023-09-21 20:30:00+00:00,,,2023-09-21 20:30:00+00:00,L2_BREAK,False,
development,BEAR,00-04,2023-09-22 00:00:00+00:00,2023-09-22 04:00:00+00:00,26611.2,26484.0,127.20000000000073,26503.08,2023-09-22 00:30:00+00:00,2023-09-22 00:25:00+00:00,False,HIGH_BREAK_BEFORE_LEAVE,2023-09-22 00:30:00+00:00,,,2023-09-22 00:30:00+00:00,OPPOSITE_HIGH_BREAK,False,
development,BEAR,12-16,2023-09-22 12:00:00+00:00,2023-09-22 16:00:00+00:00,26737.7,26573.0,164.70000000000073,26597.705,2023-09-22 13:00:00+00:00,2023-09-22 12:55:00+00:00,False,LOW_BREAK_BEFORE_LEAVE,2023-09-22 13:00:00+00:00,,,2023-09-22 13:00:00+00:00,L2_BREAK,False,
development,BEAR,16-20,2023-09-22 16:00:00+00:00,2023-09-22 20:00:00+00:00,26688.2,26540.6,147.60000000000218,26562.739999999998,2023-09-22 17:30:00+00:00,2023-09-22 17:25:00+00:00,True,CLEAN_CAUSAL_LEAVE,2023-09-22 17:30:00+00:00,2023-09-22 17:35:00+00:00,,2023-09-22 17:35:00+00:00,L2_ARRIVAL,False,
development,BEAR,20-00,2023-09-22 20:00:00+00:00,2023-09-23 00:00:00+00:00,26632.5,26514.0,118.5,26531.775,2023-09-22 20:35:00+00:00,2023-09-22 20:30:00+00:00,False,LOW_BREAK_BEFORE_LEAVE,2023-09-22 20:35:00+00:00,,,2023-09-22 20:35:00+00:00,L2_BREAK,False,
development,BEAR,12-16,2023-09-23 12:00:00+00:00,2023-09-23 16:00:00+00:00,26583.7,26540.9,42.79999999999927,26547.32,2023-09-23 15:25:00+00:00,2023-09-23 15:20:00+00:00,False,LOW_BREAK_BEFORE_LEAVE,2023-09-23 15:25:00+00:00,,,2023-09-23 15:25:00+00:00,L2_BREAK,False,
development,BEAR,20-00,2023-09-23 20:00:00+00:00,2023-09-24 00:00:00+00:00,26620.6,26545.4,75.19999999999709,26556.68,2023-09-23 21:45:00+00:00,2023-09-23 21:40:00+00:00,True,CLEAN_CAUSAL_LEAVE,2023-09-23 21:45:00+00:00,2023-09-23 21:50:00+00:00,2023-09-23 21:50:00+00:00,2023-09-23 22:55:00+00:00,L2_ARRIVAL,True,65.0
development,BEAR,16-20,2023-09-24 16:00:00+00:00,2023-09-24 20:00:00+00:00,26618.7,26547.4,71.29999999999927,26558.095,2023-09-24 16:35:00+00:00,2023-09-24 16:30:00+00:00,True,CLEAN_CAUSAL_LEAVE,2023-09-24 16:35:00+00:00,2023-09-24 16:40:00+00:00,2023-09-24 16:40:00+00:00,2023-09-24 17:45:00+00:00,OPPOSITE_HIGH_BREAK,False,
development,BEAR,00-04,2023-09-25 00:00:00+00:00,2023-09-25 04:00:00+00:00,26512.0,26081.0,431.0,26145.65,2023-09-25 00:25:00+00:00,2023-09-25 00:20:00+00:00,True,CLEAN_CAUSAL_LEAVE,2023-09-25 00:25:00+00:00,2023-09-25 00:30:00+00:00,,2023-09-25 00:35:00+00:00,L2_ARRIVAL,False,
development,BEAR,12-16,2023-09-25 12:00:00+00:00,2023-09-25 16:00:00+00:00,26223.0,26010.0,213.0,26041.95,2023-09-25 12:20:00+00:00,2023-09-25 12:15:00+00:00,True,CLEAN_CAUSAL_LEAVE,2023-09-25 12:25:00+00:00,2023-09-25 12:30:00+00:00,2023-09-25 12:30:00+00:00,2023-09-25 15:20:00+00:00,OPPOSITE_HIGH_BREAK,False,
development,BEAR,00-04,2023-09-26 00:00:00+00:00,2023-09-26 04:00:00+00:00,26440.0,26247.6,192.40000000000146,26276.46,2023-09-26 00:35:00+00:00,2023-09-26 00:30:00+00:00,True,CLEAN_CAUSAL_LEAVE,2023-09-26 00:35:00+00:00,2023-09-26 00:40:00+00:00,2023-09-26 00:45:00+00:00,2023-09-26 01:00:00+00:00,L2_ARRIVAL,True,15.0
development,BEAR,12-16,2023-09-26 12:00:00+00:00,2023-09-26 16:00:00+00:00,26322.4,26170.1,152.3000000000029,26192.945,2023-09-26 13:35:00+00:00,2023-09-26 13:30:00+00:00,True,CLEAN_CAUSAL_LEAVE,2023-09-26 13:35:00+00:00,2023-09-26 13:40:00+00:00,2023-09-26 13:50:00+00:00,2023-09-26 13:55:00+00:00,L2_ARRIVAL,True,5.0
development,BEAR,20-00,2023-09-26 20:00:00+00:00,2023-09-27 00:00:00+00:00,26289.9,26100.8,189.10000000000218,26129.165,2023-09-26 21:25:00+00:00,2023-09-26 21:20:00+00:00,True,CLEAN_CAUSAL_LEAVE,2023-09-26 21:25:00+00:00,2023-09-26 21:30:00+00:00,,2023-09-27 00:00:00+00:00,BLOCK_END,False,
development,BEAR,08-12,2023-09-27 08:00:00+00:00,2023-09-27 12:00:00+00:00,26280.1,26220.9,59.19999999999709,26229.780000000002,2023-09-27 08:20:00+00:00,2023-09-27 08:15:00+00:00,False,LOW_BREAK_BEFORE_LEAVE,2023-09-27 08:20:00+00:00,,,2023-09-27 08:20:00+00:00,L2_BREAK,False,
development,BULL,00-04,2023-09-29 00:00:00+00:00,2023-09-29 04:00:00+00:00,27157.2,26880.0,277.2000000000007,26921.58,2023-09-29 02:45:00+00:00,2023-09-29 02:40:00+00:00,True,CLEAN_CAUSAL_LEAVE,2023-09-29 02:45:00+00:00,2023-09-29 02:50:00+00:00,,2023-09-29 02:50:00+00:00,L2_ARRIVAL,False,
development,BULL,12-16,2023-09-29 12:00:00+00:00,2023-09-29 16:00:00+00:00,27168.0,26943.0,225.0,26976.75,2023-09-29 12:05:00+00:00,2023-09-29 12:00:00+00:00,False,LOW_BREAK_BEFORE_LEAVE,2023-09-29 12:05:00+00:00,,,2023-09-29 12:05:00+00:00,L2_BREAK,False,
development,BULL,12-16,2023-09-30 12:00:00+00:00,2023-09-30 16:00:00+00:00,26987.6,26906.0,81.59999999999854,26918.239999999998,2023-09-30 13:05:00+00:00,2023-09-30 13:00:00+00:00,False,LOW_BREAK_BEFORE_LEAVE,2023-09-30 13:05:00+00:00,,,2023-09-30 13:05:00+00:00,L2_BREAK,False,
development,BULL,12-16,2023-10-01 12:00:00+00:00,2023-10-01 16:00:00+00:00,27279.5,27070.5,209.0,27101.85,2023-10-01 14:45:00+00:00,2023-10-01 14:40:00+00:00,True,CLEAN_CAUSAL_LEAVE,2023-10-01 14:45:00+00:00,2023-10-01 14:50:00+00:00,2023-10-01 14:50:00+00:00,2023-10-01 16:00:00+00:00,BLOCK_END,False,
development,BULL,16-20,2023-10-01 16:00:00+00:00,2023-10-01 20:00:00+00:00,27219.7,27067.4,152.29999999999927,27090.245000000003,2023-10-01 16:45:00+00:00,2023-10-01 16:40:00+00:00,True,CLEAN_CAUSAL_LEAVE,2023-10-01 16:45:00+00:00,2023-10-01 16:50:00+00:00,2023-10-01 17:35:00+00:00,2023-10-01 17:40:00+00:00,L2_ARRIVAL,True,5.0
development,BULL,20-00,2023-10-01 20:00:00+00:00,2023-10-02 00:00:00+00:00,27142.5,27021.4,121.09999999999854,27039.565000000002,2023-10-01 20:05:00+00:00,2023-10-01 20:00:00+00:00,True,CLEAN_CAUSAL_LEAVE,2023-10-01 20:05:00+00:00,2023-10-01 20:10:00+00:00,,2023-10-01 21:40:00+00:00,OPPOSITE_HIGH_BREAK,False,
development,BULL,12-16,2023-10-03 12:00:00+00:00,2023-10-03 16:00:00+00:00,27630.0,27458.3,171.70000000000073,27484.055,2023-10-03 12:10:00+00:00,2023-10-03 12:05:00+00:00,False,LOW_BREAK_BEFORE_LEAVE,2023-10-03 12:15:00+00:00,,,2023-10-03 12:15:00+00:00,L2_BREAK,False,
development,SIDEWAYS,20-00,2023-10-03 20:00:00+00:00,2023-10-04 00:00:00+00:00,27479.5,27230.0,249.5,27267.425,2023-10-03 20:10:00+00:00,2023-10-03 20:05:00+00:00,True,CLEAN_CAUSAL_LEAVE,2023-10-03 20:10:00+00:00,2023-10-03 20:15:00+00:00,2023-10-03 22:20:00+00:00,2023-10-04 00:00:00+00:00,BLOCK_END,False,
development,BULL,12-16,2023-10-04 12:00:00+00:00,2023-10-04 16:00:00+00:00,27627.6,27420.5,207.09999999999854,27451.565,2023-10-04 13:50:00+00:00,2023-10-04 13:45:00+00:00,True,CLEAN_CAUSAL_LEAVE,2023-10-04 13:50:00+00:00,2023-10-04 13:55:00+00:00,,2023-10-04 13:55:00+00:00,L2_ARRIVAL,False,
development,BULL,04-08,2023-10-05 04:00:00+00:00,2023-10-05 08:00:00+00:00,27890.0,27631.0,259.0,27669.85,2023-10-05 04:05:00+00:00,2023-10-05 04:00:00+00:00,True,CLEAN_CAUSAL_LEAVE,2023-10-05 04:05:00+00:00,2023-10-05 04:10:00+00:00,2023-10-05 04:40:00+00:00,2023-10-05 05:55:00+00:00,L2_ARRIVAL,True,75.0
development,BULL,16-20,2023-10-05 16:00:00+00:00,2023-10-05 20:00:00+00:00,28110.0,27380.0,730.0,27489.5,2023-10-05 16:10:00+00:00,2023-10-05 16:05:00+00:00,True,CLEAN_CAUSAL_LEAVE,2023-10-05 16:15:00+00:00,2023-10-05 16:20:00+00:00,2023-10-05 16:20:00+00:00,2023-10-05 16:40:00+00:00,L2_ARRIVAL,True,20.0
development,BULL,04-08,2023-10-08 04:00:00+00:00,2023-10-08 08:00:00+00:00,28082.0,27924.9,157.09999999999854,27948.465,2023-10-08 04:50:00+00:00,2023-10-08 04:45:00+00:00,False,LOW_BREAK_BEFORE_LEAVE,2023-10-08 04:50:00+00:00,,,2023-10-08 04:50:00+00:00,L2_BREAK,False,
development,BULL,08-12,2023-10-08 08:00:00+00:00,2023-10-08 12:00:00+00:00,28061.5,27864.6,196.90000000000146,27894.135,2023-10-08 08:15:00+00:00,2023-10-08 08:10:00+00:00,True,CLEAN_CAUSAL_LEAVE,2023-10-08 08:15:00+00:00,2023-10-08 08:20:00+00:00,2023-10-08 08:45:00+00:00,2023-10-08 09:40:00+00:00,L2_ARRIVAL,True,55.0
development,BULL,00-04,2023-10-09 00:00:00+00:00,2023-10-09 04:00:00+00:00,27968.7,27780.4,188.29999999999927,27808.645,2023-10-09 01:05:00+00:00,2023-10-09 01:00:00+00:00,True,CLEAN_CAUSAL_LEAVE,2023-10-09 01:05:00+00:00,2023-10-09 01:10:00+00:00,2023-10-09 01:10:00+00:00,2023-10-09 04:00:00+00:00,BLOCK_END,False,
development,SIDEWAYS,08-12,2023-10-09 08:00:00+00:00,2023-10-09 12:00:00+00:00,27934.0,27800.0,134.0,27820.1,2023-10-09 08:05:00+00:00,2023-10-09 08:00:00+00:00,True,CLEAN_CAUSAL_LEAVE,2023-10-09 08:05:00+00:00,2023-10-09 08:10:00+00:00,2023-10-09 08:10:00+00:00,2023-10-09 08:30:00+00:00,L2_ARRIVAL,True,20.0
development,BEAR,12-16,2023-10-09 12:00:00+00:00,2023-10-09 16:00:00+00:00,27834.8,27392.0,442.7999999999993,27458.42,2023-10-09 12:20:00+00:00,2023-10-09 12:15:00+00:00,True,CLEAN_CAUSAL_LEAVE,2023-10-09 12:20:00+00:00,2023-10-09 12:25:00+00:00,2023-10-09 12:25:00+00:00,2023-10-09 13:00:00+00:00,L2_ARRIVAL,True,35.0
development,BEAR,16-20,2023-10-09 16:00:00+00:00,2023-10-09 20:00:00+00:00,27567.2,27358.2,209.0,27389.55,2023-10-09 16:05:00+00:00,2023-10-09 16:00:00+00:00,True,CLEAN_CAUSAL_LEAVE,2023-10-09 16:05:00+00:00,2023-10-09 16:10:00+00:00,,2023-10-09 16:25:00+00:00,L2_ARRIVAL,False,
development,BEAR,12-16,2023-10-10 12:00:00+00:00,2023-10-10 16:00:00+00:00,27727.3,27486.5,240.79999999999927,27522.62,2023-10-10 12:05:00+00:00,2023-10-10 12:00:00+00:00,False,LOW_BREAK_BEFORE_LEAVE,2023-10-10 12:05:00+00:00,,,2023-10-10 12:05:00+00:00,L2_BREAK,False,
development,BEAR,04-08,2023-10-11 04:00:00+00:00,2023-10-11 08:00:00+00:00,27467.6,27000.0,467.59999999999854,27070.14,2023-10-11 04:05:00+00:00,2023-10-11 04:00:00+00:00,True,CLEAN_CAUSAL_LEAVE,2023-10-11 04:05:00+00:00,2023-10-11 04:10:00+00:00,2023-10-11 04:10:00+00:00,2023-10-11 08:00:00+00:00,BLOCK_END,False,
development,BEAR,16-20,2023-10-11 16:00:00+00:00,2023-10-11 20:00:00+00:00,27252.6,26700.0,552.5999999999985,26782.89,2023-10-11 16:15:00+00:00,2023-10-11 16:10:00+00:00,False,LOW_BREAK_BEFORE_LEAVE,2023-10-11 16:15:00+00:00,,,2023-10-11 16:15:00+00:00,L2_BREAK,False,
development,BEAR,08-12,2023-10-12 08:00:00+00:00,2023-10-12 12:00:00+00:00,26909.9,26768.8,141.10000000000218,26789.965,2023-10-12 08:10:00+00:00,2023-10-12 08:05:00+00:00,True,CLEAN_CAUSAL_LEAVE,2023-10-12 08:25:00+00:00,2023-10-12 08:30:00+00:00,2023-10-12 08:30:00+00:00,2023-10-12 09:20:00+00:00,L2_ARRIVAL,True,50.0
development,BEAR,16-20,2023-10-12 16:00:00+00:00,2023-10-12 20:00:00+00:00,26853.9,26606.2,247.70000000000073,26643.355,2023-10-12 16:30:00+00:00,2023-10-12 16:25:00+00:00,True,CLEAN_CAUSAL_LEAVE,2023-10-12 16:30:00+00:00,2023-10-12 16:35:00+00:00,2023-10-12 17:00:00+00:00,2023-10-12 17:05:00+00:00,L2_ARRIVAL,True,5.0
development,BEAR,08-12,2023-10-13 08:00:00+00:00,2023-10-13 12:00:00+00:00,26929.0,26765.3,163.70000000000073,26789.855,2023-10-13 09:40:00+00:00,2023-10-13 09:35:00+00:00,False,LOW_BREAK_BEFORE_LEAVE,2023-10-13 09:40:00+00:00,,,2023-10-13 09:40:00+00:00,L2_BREAK,False,
development,BEAR,04-08,2023-10-14 04:00:00+00:00,2023-10-14 08:00:00+00:00,26986.4,26828.5,157.90000000000146,26852.185,2023-10-14 07:05:00+00:00,2023-10-14 07:00:00+00:00,True,CLEAN_CAUSAL_LEAVE,2023-10-14 07:05:00+00:00,2023-10-14 07:10:00+00:00,2023-10-14 07:15:00+00:00,2023-10-14 08:00:00+00:00,BLOCK_END,False,
development,BEAR,12-16,2023-10-15 12:00:00+00:00,2023-10-15 16:00:00+00:00,26909.6,26830.1,79.5,26842.024999999998,2023-10-15 12:05:00+00:00,2023-10-15 12:00:00+00:00,False,LOW_BREAK_BEFORE_LEAVE,2023-10-15 12:05:00+00:00,,,2023-10-15 12:05:00+00:00,L2_BREAK,False,
development,BULL,00-04,2023-10-17 00:00:00+00:00,2023-10-17 04:00:00+00:00,28633.3,28220.7,412.59999999999854,28282.59,2023-10-17 01:00:00+00:00,2023-10-17 00:55:00+00:00,True,CLEAN_CAUSAL_LEAVE,2023-10-17 01:00:00+00:00,2023-10-17 01:05:00+00:00,2023-10-17 01:05:00+00:00,2023-10-17 04:00:00+00:00,BLOCK_END,False,
development,BULL,12-16,2023-10-17 12:00:00+00:00,2023-10-17 16:00:00+00:00,28605.0,28339.0,266.0,28378.9,2023-10-17 12:35:00+00:00,2023-10-17 12:30:00+00:00,False,LOW_BREAK_BEFORE_LEAVE,2023-10-17 12:35:00+00:00,,,2023-10-17 12:35:00+00:00,L2_BREAK,False,
development,BULL,00-04,2023-10-18 00:00:00+00:00,2023-10-18 04:00:00+00:00,28544.3,28360.0,184.29999999999927,28387.645,2023-10-18 00:15:00+00:00,2023-10-18 00:10:00+00:00,True,CLEAN_CAUSAL_LEAVE,2023-10-18 00:15:00+00:00,2023-10-18 00:20:00+00:00,2023-10-18 00:30:00+00:00,2023-10-18 00:35:00+00:00,L2_ARRIVAL,True,5.0
development,BULL,12-16,2023-10-18 12:00:00+00:00,2023-10-18 16:00:00+00:00,28584.9,28204.8,380.1000000000022,28261.815,2023-10-18 14:35:00+00:00,2023-10-18 14:30:00+00:00,False,LOW_BREAK_BEFORE_LEAVE,2023-10-18 14:40:00+00:00,,,2023-10-18 14:40:00+00:00,L2_BREAK,False,
development,BULL,20-00,2023-10-18 20:00:00+00:00,2023-10-19 00:00:00+00:00,28423.4,28215.4,208.0,28246.600000000002,2023-10-18 20:05:00+00:00,2023-10-18 20:00:00+00:00,True,CLEAN_CAUSAL_LEAVE,2023-10-18 20:05:00+00:00,2023-10-18 20:10:00+00:00,2023-10-18 20:10:00+00:00,2023-10-18 20:35:00+00:00,L2_ARRIVAL,True,25.0
development,BULL,00-04,2023-10-20 00:00:00+00:00,2023-10-20 04:00:00+00:00,28883.7,28579.1,304.6000000000022,28624.789999999997,2023-10-20 01:10:00+00:00,2023-10-20 01:05:00+00:00,False,LOW_BREAK_BEFORE_LEAVE,2023-10-20 01:10:00+00:00,,,2023-10-20 01:10:00+00:00,L2_BREAK,False,
development,BULL,16-20,2023-10-20 16:00:00+00:00,2023-10-20 20:00:00+00:00,29900.0,29358.5,541.5,29439.725,2023-10-20 17:10:00+00:00,2023-10-20 17:05:00+00:00,True,CLEAN_CAUSAL_LEAVE,2023-10-20 17:15:00+00:00,2023-10-20 17:20:00+00:00,2023-10-20 17:20:00+00:00,2023-10-20 20:00:00+00:00,BLOCK_END,False,
development,BULL,12-16,2023-10-22 12:00:00+00:00,2023-10-22 16:00:00+00:00,29981.8,29761.8,220.0,29794.8,2023-10-22 14:55:00+00:00,2023-10-22 14:50:00+00:00,True,CLEAN_CAUSAL_LEAVE,2023-10-22 14:55:00+00:00,2023-10-22 15:00:00+00:00,2023-10-22 15:05:00+00:00,2023-10-22 16:00:00+00:00,BLOCK_END,False,
development,BULL,12-16,2023-10-24 12:00:00+00:00,2023-10-24 16:00:00+00:00,34888.0,33966.0,922.0,34104.3,2023-10-24 15:20:00+00:00,2023-10-24 15:15:00+00:00,False,LOW_BREAK_BEFORE_LEAVE,2023-10-24 15:20:00+00:00,,,2023-10-24 15:20:00+00:00,L2_BREAK,False,
development,BULL,04-08,2023-10-25 04:00:00+00:00,2023-10-25 08:00:00+00:00,34388.0,33768.6,619.4000000000015,33861.51,2023-10-25 07:45:00+00:00,2023-10-25 07:40:00+00:00,True,CLEAN_CAUSAL_LEAVE,2023-10-25 07:50:00+00:00,2023-10-25 07:55:00+00:00,2023-10-25 07:55:00+00:00,2023-10-25 08:00:00+00:00,BLOCK_END,False,
development,BULL,04-08,2023-10-26 04:00:00+00:00,2023-10-26 08:00:00+00:00,34828.7,34407.2,421.5,34470.424999999996,2023-10-26 06:10:00+00:00,2023-10-26 06:05:00+00:00,True,CLEAN_CAUSAL_LEAVE,2023-10-26 06:10:00+00:00,2023-10-26 06:15:00+00:00,2023-10-26 06:15:00+00:00,2023-10-26 08:00:00+00:00,BLOCK_END,False,
development,BULL,08-12,2023-10-26 08:00:00+00:00,2023-10-26 12:00:00+00:00,34809.4,34401.7,407.70000000000437,34462.854999999996,2023-10-26 09:30:00+00:00,2023-10-26 09:25:00+00:00,True,CLEAN_CAUSAL_LEAVE,2023-10-26 09:30:00+00:00,2023-10-26 09:35:00+00:00,2023-10-26 09:35:00+00:00,2023-10-26 10:00:00+00:00,L2_ARRIVAL,True,25.0
development,BULL,12-16,2023-10-27 12:00:00+00:00,2023-10-27 16:00:00+00:00,34185.3,33950.0,235.3000000000029,33985.295,2023-10-27 12:30:00+00:00,2023-10-27 12:25:00+00:00,True,CLEAN_CAUSAL_LEAVE,2023-10-27 12:35:00+00:00,2023-10-27 12:40:00+00:00,,2023-10-27 13:05:00+00:00,OPPOSITE_HIGH_BREAK,False,
development,BULL,20-00,2023-10-28 20:00:00+00:00,2023-10-29 00:00:00+00:00,34230.7,34082.0,148.6999999999971,34104.305,2023-10-28 22:35:00+00:00,2023-10-28 22:30:00+00:00,True,CLEAN_CAUSAL_LEAVE,2023-10-28 22:35:00+00:00,2023-10-28 22:40:00+00:00,2023-10-28 22:40:00+00:00,2023-10-28 23:05:00+00:00,L2_ARRIVAL,True,25.0
development,BULL,00-04,2023-10-29 00:00:00+00:00,2023-10-29 04:00:00+00:00,34200.0,34063.0,137.0,34083.55,2023-10-29 00:05:00+00:00,2023-10-29 00:00:00+00:00,True,CLEAN_CAUSAL_LEAVE,2023-10-29 00:10:00+00:00,2023-10-29 00:15:00+00:00,2023-10-29 00:15:00+00:00,2023-10-29 00:30:00+00:00,L2_ARRIVAL,True,15.0
development,BULL,04-08,2023-10-30 04:00:00+00:00,2023-10-30 08:00:00+00:00,34578.8,34179.0,399.8000000000029,34238.97,2023-10-30 07:25:00+00:00,2023-10-30 07:20:00+00:00,True,CLEAN_CAUSAL_LEAVE,2023-10-30 07:25:00+00:00,2023-10-30 07:30:00+00:00,,2023-10-30 07:35:00+00:00,L2_ARRIVAL,False,
development,SIDEWAYS,04-08,2023-10-31 04:00:00+00:00,2023-10-31 08:00:00+00:00,34620.7,34206.1,414.59999999999854,34268.29,2023-10-31 04:10:00+00:00,2023-10-31 04:05:00+00:00,True,CLEAN_CAUSAL_LEAVE,2023-10-31 04:15:00+00:00,2023-10-31 04:20:00+00:00,2023-10-31 04:20:00+00:00,2023-10-31 05:05:00+00:00,L2_ARRIVAL,True,45.0
development,SIDEWAYS,08-12,2023-10-31 08:00:00+00:00,2023-10-31 12:00:00+00:00,34360.0,34080.0,280.0,34122.0,2023-10-31 08:05:00+00:00,2023-10-31 08:00:00+00:00,True,CLEAN_CAUSAL_LEAVE,2023-10-31 08:10:00+00:00,2023-10-31 08:15:00+00:00,,2023-10-31 08:45:00+00:00,OPPOSITE_HIGH_BREAK,False,
development,BULL,00-04,2023-11-01 00:00:00+00:00,2023-11-01 04:00:00+00:00,34744.7,34439.5,305.1999999999971,34485.28,2023-11-01 02:05:00+00:00,2023-11-01 02:00:00+00:00,True,CLEAN_CAUSAL_LEAVE,2023-11-01 02:05:00+00:00,2023-11-01 02:10:00+00:00,2023-11-01 02:10:00+00:00,2023-11-01 03:20:00+00:00,L2_ARRIVAL,True,70.0
development,BULL,04-08,2023-11-01 04:00:00+00:00,2023-11-01 08:00:00+00:00,34684.0,34406.4,277.59999999999854,34448.04,2023-11-01 04:05:00+00:00,2023-11-01 04:00:00+00:00,True,CLEAN_CAUSAL_LEAVE,2023-11-01 04:10:00+00:00,2023-11-01 04:15:00+00:00,2023-11-01 04:15:00+00:00,2023-11-01 05:15:00+00:00,L2_ARRIVAL,True,60.0
development,BULL,00-04,2023-11-03 00:00:00+00:00,2023-11-03 04:00:00+00:00,35099.0,34705.0,394.0,34764.1,2023-11-03 00:35:00+00:00,2023-11-03 00:30:00+00:00,False,LOW_BREAK_BEFORE_LEAVE,2023-11-03 00:45:00+00:00,,,2023-11-03 00:45:00+00:00,L2_BREAK,False,
development,SIDEWAYS,04-08,2023-11-03 04:00:00+00:00,2023-11-03 08:00:00+00:00,34944.9,34364.1,580.8000000000029,34451.22,2023-11-03 04:50:00+00:00,2023-11-03 04:45:00+00:00,True,CLEAN_CAUSAL_LEAVE,2023-11-03 05:00:00+00:00,2023-11-03 05:05:00+00:00,,2023-11-03 05:05:00+00:00,L2_ARRIVAL,False,
development,SIDEWAYS,08-12,2023-11-03 08:00:00+00:00,2023-11-03 12:00:00+00:00,34700.0,34300.1,399.90000000000146,34360.085,2023-11-03 08:50:00+00:00,2023-11-03 08:45:00+00:00,True,CLEAN_CAUSAL_LEAVE,2023-11-03 08:50:00+00:00,2023-11-03 08:55:00+00:00,2023-11-03 09:00:00+00:00,2023-11-03 09:20:00+00:00,L2_ARRIVAL,True,20.0
development,BULL,12-16,2023-11-04 12:00:00+00:00,2023-11-04 16:00:00+00:00,34880.0,34668.7,211.3000000000029,34700.395,2023-11-04 13:55:00+00:00,2023-11-04 13:50:00+00:00,True,CLEAN_CAUSAL_LEAVE,2023-11-04 13:55:00+00:00,2023-11-04 14:00:00+00:00,2023-11-04 14:05:00+00:00,2023-11-04 15:10:00+00:00,L2_ARRIVAL,True,65.0
development,BULL,20-00,2023-11-05 20:00:00+00:00,2023-11-06 00:00:00+00:00,35298.0,34878.0,420.0,34941.0,2023-11-05 21:30:00+00:00,2023-11-05 21:25:00+00:00,False,LOW_BREAK_BEFORE_LEAVE,2023-11-05 21:30:00+00:00,,,2023-11-05 21:30:00+00:00,L2_BREAK,False,
development,BULL,16-20,2023-11-06 16:00:00+00:00,2023-11-06 20:00:00+00:00,35281.5,34911.0,370.5,34966.575,2023-11-06 17:10:00+00:00,2023-11-06 17:05:00+00:00,True,CLEAN_CAUSAL_LEAVE,2023-11-06 17:10:00+00:00,2023-11-06 17:15:00+00:00,2023-11-06 17:25:00+00:00,2023-11-06 18:10:00+00:00,L2_ARRIVAL,True,45.0
development,BEAR,12-16,2023-11-07 12:00:00+00:00,2023-11-07 16:00:00+00:00,34988.0,34552.2,435.8000000000029,34617.57,2023-11-07 12:15:00+00:00,2023-11-07 12:10:00+00:00,True,CLEAN_CAUSAL_LEAVE,2023-11-07 12:15:00+00:00,2023-11-07 12:20:00+00:00,,2023-11-07 16:00:00+00:00,BLOCK_END,False,
development,BULL,04-08,2023-11-08 04:00:00+00:00,2023-11-08 08:00:00+00:00,35436.1,35241.1,195.0,35270.35,2023-11-08 05:25:00+00:00,2023-11-08 05:20:00+00:00,True,CLEAN_CAUSAL_LEAVE,2023-11-08 05:25:00+00:00,2023-11-08 05:30:00+00:00,2023-11-08 05:35:00+00:00,2023-11-08 06:00:00+00:00,L2_ARRIVAL,True,25.0
development,BULL,08-12,2023-11-10 08:00:00+00:00,2023-11-10 12:00:00+00:00,36836.8,36465.4,371.40000000000146,36521.11,2023-11-10 08:05:00+00:00,2023-11-10 08:00:00+00:00,False,LOW_BREAK_BEFORE_LEAVE,2023-11-10 08:10:00+00:00,,,2023-11-10 08:10:00+00:00,L2_BREAK,False,
development,BULL,20-00,2023-11-10 20:00:00+00:00,2023-11-11 00:00:00+00:00,37448.0,37118.4,329.59999999999854,37167.840000000004,2023-11-10 20:20:00+00:00,2023-11-10 20:15:00+00:00,True,CLEAN_CAUSAL_LEAVE,2023-11-10 20:25:00+00:00,2023-11-10 20:30:00+00:00,2023-11-10 20:30:00+00:00,2023-11-10 23:10:00+00:00,OPPOSITE_HIGH_BREAK,False,
development,BULL,00-04,2023-11-11 00:00:00+00:00,2023-11-11 04:00:00+00:00,37570.0,37080.0,490.0,37153.5,2023-11-11 01:40:00+00:00,2023-11-11 01:35:00+00:00,True,CLEAN_CAUSAL_LEAVE,2023-11-11 01:40:00+00:00,2023-11-11 01:45:00+00:00,2023-11-11 01:45:00+00:00,2023-11-11 01:50:00+00:00,L2_ARRIVAL,True,5.0
development,BULL,08-12,2023-11-11 08:00:00+00:00,2023-11-11 12:00:00+00:00,37159.7,36942.0,217.6999999999971,36974.655,2023-11-11 11:20:00+00:00,2023-11-11 11:15:00+00:00,True,CLEAN_CAUSAL_LEAVE,2023-11-11 11:20:00+00:00,2023-11-11 11:25:00+00:00,,2023-11-11 12:00:00+00:00,BLOCK_END,False,
development,BULL,08-12,2023-11-13 08:00:00+00:00,2023-11-13 12:00:00+00:00,37069.9,36760.0,309.90000000000146,36806.485,2023-11-13 11:50:00+00:00,2023-11-13 11:45:00+00:00,False,LEAVE_AT_BLOCK_END,2023-11-13 11:55:00+00:00,2023-11-13 12:00:00+00:00,,2023-11-13 12:00:00+00:00,BLOCK_END,False,
development,SIDEWAYS,12-16,2023-11-13 12:00:00+00:00,2023-11-13 16:00:00+00:00,37065.9,36710.0,355.90000000000146,36763.385,2023-11-13 12:25:00+00:00,2023-11-13 12:20:00+00:00,True,CLEAN_CAUSAL_LEAVE,2023-11-13 12:25:00+00:00,2023-11-13 12:30:00+00:00,,2023-11-13 14:40:00+00:00,L2_ARRIVAL,False,
development,BEAR,12-16,2023-11-14 12:00:00+00:00,2023-11-14 16:00:00+00:00,36779.9,36258.2,521.7000000000044,36336.454999999994,2023-11-14 12:05:00+00:00,2023-11-14 12:00:00+00:00,True,CLEAN_CAUSAL_LEAVE,2023-11-14 12:05:00+00:00,2023-11-14 12:10:00+00:00,2023-11-14 12:15:00+00:00,2023-11-14 12:40:00+00:00,L2_ARRIVAL,True,25.0
development,BEAR,16-20,2023-11-14 16:00:00+00:00,2023-11-14 20:00:00+00:00,36720.0,35665.2,1054.800000000003,35823.42,2023-11-14 18:45:00+00:00,2023-11-14 18:40:00+00:00,False,LOW_BREAK_BEFORE_LEAVE,2023-11-14 18:50:00+00:00,,,2023-11-14 18:50:00+00:00,L2_BREAK,False,
development,BULL,04-08,2023-11-16 04:00:00+00:00,2023-11-16 08:00:00+00:00,37956.5,37353.8,602.6999999999971,37444.205,2023-11-16 04:30:00+00:00,2023-11-16 04:25:00+00:00,True,CLEAN_CAUSAL_LEAVE,2023-11-16 04:30:00+00:00,2023-11-16 04:35:00+00:00,2023-11-16 05:00:00+00:00,2023-11-16 05:20:00+00:00,L2_ARRIVAL,True,20.0
development,BULL,08-12,2023-11-16 08:00:00+00:00,2023-11-16 12:00:00+00:00,37645.9,37351.0,294.90000000000146,37395.235,2023-11-16 08:25:00+00:00,2023-11-16 08:20:00+00:00,False,LOW_BREAK_BEFORE_LEAVE,2023-11-16 08:25:00+00:00,,,2023-11-16 08:25:00+00:00,L2_BREAK,False,
development,SIDEWAYS,16-20,2023-11-16 16:00:00+00:00,2023-11-16 20:00:00+00:00,37352.5,36251.0,1101.5,36416.225,2023-11-16 18:10:00+00:00,2023-11-16 18:05:00+00:00,True,CLEAN_CAUSAL_LEAVE,2023-11-16 18:10:00+00:00,2023-11-16 18:15:00+00:00,,2023-11-16 18:15:00+00:00,L2_ARRIVAL,False,
development,BEAR,08-12,2023-11-17 08:00:00+00:00,2023-11-17 12:00:00+00:00,36537.1,36143.8,393.29999999999563,36202.795000000006,2023-11-17 10:30:00+00:00,2023-11-17 10:25:00+00:00,True,CLEAN_CAUSAL_LEAVE,2023-11-17 10:30:00+00:00,2023-11-17 10:35:00+00:00,2023-11-17 10:45:00+00:00,2023-11-17 12:00:00+00:00,BLOCK_END,False,
development,BEAR,12-16,2023-11-18 12:00:00+00:00,2023-11-18 16:00:00+00:00,36550.0,36389.3,160.6999999999971,36413.405,2023-11-18 13:25:00+00:00,2023-11-18 13:20:00+00:00,True,CLEAN_CAUSAL_LEAVE,2023-11-18 13:25:00+00:00,2023-11-18 13:30:00+00:00,2023-11-18 13:35:00+00:00,2023-11-18 15:00:00+00:00,OPPOSITE_HIGH_BREAK,False,
development,BULL,00-04,2023-11-19 00:00:00+00:00,2023-11-19 04:00:00+00:00,36720.0,36450.0,270.0,36490.5,2023-11-19 01:10:00+00:00,2023-11-19 01:05:00+00:00,True,CLEAN_CAUSAL_LEAVE,2023-11-19 01:15:00+00:00,2023-11-19 01:20:00+00:00,,2023-11-19 01:25:00+00:00,L2_ARRIVAL,False,
development,BULL,12-16,2023-11-20 12:00:00+00:00,2023-11-20 16:00:00+00:00,37445.5,37070.1,375.40000000000146,37126.409999999996,2023-11-20 13:10:00+00:00,2023-11-20 13:05:00+00:00,True,CLEAN_CAUSAL_LEAVE,2023-11-20 13:10:00+00:00,2023-11-20 13:15:00+00:00,2023-11-20 13:40:00+00:00,2023-11-20 14:10:00+00:00,L2_ARRIVAL,True,30.0
development,BULL,12-16,2023-11-21 12:00:00+00:00,2023-11-21 16:00:00+00:00,37439.5,37156.0,283.5,37198.525,2023-11-21 12:10:00+00:00,2023-11-21 12:05:00+00:00,True,CLEAN_CAUSAL_LEAVE,2023-11-21 12:10:00+00:00,2023-11-21 12:15:00+00:00,2023-11-21 12:15:00+00:00,2023-11-21 12:50:00+00:00,L2_ARRIVAL,True,35.0
development,SIDEWAYS,20-00,2023-11-21 20:00:00+00:00,2023-11-22 00:00:00+00:00,37531.0,36600.0,931.0,36739.65,2023-11-21 22:30:00+00:00,2023-11-21 22:25:00+00:00,False,LOW_BREAK_BEFORE_LEAVE,2023-11-21 22:30:00+00:00,,,2023-11-21 22:30:00+00:00,L2_BREAK,False,
development,BEAR,00-04,2023-11-22 00:00:00+00:00,2023-11-22 04:00:00+00:00,37190.0,35720.0,1470.0,35940.5,2023-11-22 00:05:00+00:00,2023-11-22 00:00:00+00:00,True,CLEAN_CAUSAL_LEAVE,2023-11-22 00:05:00+00:00,2023-11-22 00:10:00+00:00,2023-11-22 00:10:00+00:00,2023-11-22 04:00:00+00:00,BLOCK_END,False,
development,BULL,12-16,2023-11-23 12:00:00+00:00,2023-11-23 16:00:00+00:00,37650.0,37135.8,514.1999999999971,37212.93,2023-11-23 14:35:00+00:00,2023-11-23 14:30:00+00:00,True,CLEAN_CAUSAL_LEAVE,2023-11-23 14:35:00+00:00,2023-11-23 14:40:00+00:00,2023-11-23 14:40:00+00:00,2023-11-23 14:50:00+00:00,L2_ARRIVAL,True,10.0
development,BULL,16-20,2023-11-24 16:00:00+00:00,2023-11-24 20:00:00+00:00,38425.0,37600.0,825.0,37723.75,2023-11-24 16:55:00+00:00,2023-11-24 16:50:00+00:00,True,CLEAN_CAUSAL_LEAVE,2023-11-24 17:00:00+00:00,2023-11-24 17:05:00+00:00,2023-11-24 17:05:00+00:00,2023-11-24 18:40:00+00:00,L2_ARRIVAL,True,95.0
development,BULL,08-12,2023-11-25 08:00:00+00:00,2023-11-25 12:00:00+00:00,37830.5,37708.1,122.40000000000146,37726.46,2023-11-25 09:35:00+00:00,2023-11-25 09:30:00+00:00,True,CLEAN_CAUSAL_LEAVE,2023-11-25 09:40:00+00:00,2023-11-25 09:45:00+00:00,2023-11-25 10:00:00+00:00,2023-11-25 10:10:00+00:00,L2_ARRIVAL,True,10.0
development,BULL,00-04,2023-11-26 00:00:00+00:00,2023-11-26 04:00:00+00:00,37886.5,37693.2,193.3000000000029,37722.195,2023-11-26 01:25:00+00:00,2023-11-26 01:20:00+00:00,False,LOW_BREAK_BEFORE_LEAVE,2023-11-26 01:25:00+00:00,,,2023-11-26 01:25:00+00:00,L2_BREAK,False,
development,SIDEWAYS,16-20,2023-11-26 16:00:00+00:00,2023-11-26 20:00:00+00:00,37669.8,37248.0,421.8000000000029,37311.270000000004,2023-11-26 16:30:00+00:00,2023-11-26 16:25:00+00:00,True,CLEAN_CAUSAL_LEAVE,2023-11-26 16:30:00+00:00,2023-11-26 16:35:00+00:00,,2023-11-26 16:35:00+00:00,L2_ARRIVAL,False,
development,BEAR,04-08,2023-11-27 04:00:00+00:00,2023-11-27 08:00:00+00:00,37560.0,37174.2,385.8000000000029,37232.07,2023-11-27 07:30:00+00:00,2023-11-27 07:25:00+00:00,False,LOW_BREAK_BEFORE_LEAVE,2023-11-27 07:30:00+00:00,,,2023-11-27 07:30:00+00:00,L2_BREAK,False,
development,BEAR,12-16,2023-11-27 12:00:00+00:00,2023-11-27 16:00:00+00:00,37457.0,36829.8,627.1999999999971,36923.880000000005,2023-11-27 13:20:00+00:00,2023-11-27 13:15:00+00:00,True,CLEAN_CAUSAL_LEAVE,2023-11-27 13:20:00+00:00,2023-11-27 13:25:00+00:00,2023-11-27 13:25:00+00:00,2023-11-27 13:45:00+00:00,L2_ARRIVAL,True,20.0
development,BEAR,16-20,2023-11-27 16:00:00+00:00,2023-11-27 20:00:00+00:00,37094.9,36725.1,369.8000000000029,36780.57,2023-11-27 16:05:00+00:00,2023-11-27 16:00:00+00:00,True,CLEAN_CAUSAL_LEAVE,2023-11-27 16:05:00+00:00,2023-11-27 16:10:00+00:00,,2023-11-27 17:05:00+00:00,OPPOSITE_HIGH_BREAK,False,
development,BULL,00-04,2023-12-02 00:00:00+00:00,2023-12-02 04:00:00+00:00,38888.0,38622.3,265.6999999999971,38662.155,2023-12-02 00:15:00+00:00,2023-12-02 00:10:00+00:00,True,CLEAN_CAUSAL_LEAVE,2023-12-02 00:20:00+00:00,2023-12-02 00:25:00+00:00,,2023-12-02 00:25:00+00:00,L2_ARRIVAL,False,
development,BULL,08-12,2023-12-02 08:00:00+00:00,2023-12-02 12:00:00+00:00,38815.5,38680.0,135.5,38700.325,2023-12-02 08:05:00+00:00,2023-12-02 08:00:00+00:00,True,CLEAN_CAUSAL_LEAVE,2023-12-02 08:05:00+00:00,2023-12-02 08:10:00+00:00,,2023-12-02 08:10:00+00:00,L2_ARRIVAL,False,
development,BULL,00-04,2023-12-03 00:00:00+00:00,2023-12-03 04:00:00+00:00,39725.0,39270.8,454.1999999999971,39338.93,2023-12-03 03:15:00+00:00,2023-12-03 03:10:00+00:00,True,CLEAN_CAUSAL_LEAVE,2023-12-03 03:15:00+00:00,2023-12-03 03:20:00+00:00,2023-12-03 03:20:00+00:00,2023-12-03 04:00:00+00:00,BLOCK_END,False,
development,BULL,04-08,2023-12-05 04:00:00+00:00,2023-12-05 08:00:00+00:00,41993.1,41630.0,363.09999999999854,41684.465,2023-12-05 07:05:00+00:00,2023-12-05 07:00:00+00:00,False,LOW_BREAK_BEFORE_LEAVE,2023-12-05 07:05:00+00:00,,,2023-12-05 07:05:00+00:00,L2_BREAK,False,
development,BULL,04-08,2023-12-06 04:00:00+00:00,2023-12-06 08:00:00+00:00,44160.1,43569.2,590.9000000000015,43657.835,2023-12-06 05:50:00+00:00,2023-12-06 05:45:00+00:00,True,CLEAN_CAUSAL_LEAVE,2023-12-06 05:50:00+00:00,2023-12-06 05:55:00+00:00,2023-12-06 05:55:00+00:00,2023-12-06 06:05:00+00:00,L2_ARRIVAL,True,10.0
development,BULL,20-00,2023-12-06 20:00:00+00:00,2023-12-07 00:00:00+00:00,44173.7,43750.0,423.6999999999971,43813.555,2023-12-06 21:00:00+00:00,2023-12-06 20:55:00+00:00,True,CLEAN_CAUSAL_LEAVE,2023-12-06 21:05:00+00:00,2023-12-06 21:10:00+00:00,2023-12-06 21:10:00+00:00,2023-12-06 21:30:00+00:00,L2_ARRIVAL,True,20.0
development,BULL,08-12,2023-12-07 08:00:00+00:00,2023-12-07 12:00:00+00:00,44066.7,43835.7,231.0,43870.35,2023-12-07 08:05:00+00:00,2023-12-07 08:00:00+00:00,False,LOW_BREAK_BEFORE_LEAVE,2023-12-07 08:10:00+00:00,,,2023-12-07 08:10:00+00:00,L2_BREAK,False,
development,BULL,08-12,2023-12-08 08:00:00+00:00,2023-12-08 12:00:00+00:00,43586.5,43108.8,477.6999999999971,43180.455,2023-12-08 10:25:00+00:00,2023-12-08 10:20:00+00:00,True,CLEAN_CAUSAL_LEAVE,2023-12-08 10:25:00+00:00,2023-12-08 10:30:00+00:00,,2023-12-08 11:35:00+00:00,OPPOSITE_HIGH_BREAK,False,
development,BULL,08-12,2023-12-09 08:00:00+00:00,2023-12-09 12:00:00+00:00,44389.2,44150.0,239.1999999999971,44185.88,2023-12-09 08:15:00+00:00,2023-12-09 08:10:00+00:00,True,CLEAN_CAUSAL_LEAVE,2023-12-09 08:20:00+00:00,2023-12-09 08:25:00+00:00,,2023-12-09 08:25:00+00:00,L2_ARRIVAL,False,
development,BULL,20-00,2023-12-09 20:00:00+00:00,2023-12-10 00:00:00+00:00,44131.0,43903.6,227.40000000000146,43937.71,2023-12-09 20:25:00+00:00,2023-12-09 20:20:00+00:00,False,LOW_BREAK_BEFORE_LEAVE,2023-12-09 20:30:00+00:00,,,2023-12-09 20:30:00+00:00,L2_BREAK,False,
development,BEAR,16-20,2023-12-11 16:00:00+00:00,2023-12-11 20:00:00+00:00,42398.3,41682.2,716.1000000000058,41789.615,2023-12-11 16:10:00+00:00,2023-12-11 16:05:00+00:00,False,LOW_BREAK_BEFORE_LEAVE,2023-12-11 16:10:00+00:00,,,2023-12-11 16:10:00+00:00,L2_BREAK,False,
development,BEAR,16-20,2023-12-12 16:00:00+00:00,2023-12-12 20:00:00+00:00,42085.9,41171.2,914.7000000000044,41308.405,2023-12-12 16:15:00+00:00,2023-12-12 16:10:00+00:00,True,CLEAN_CAUSAL_LEAVE,2023-12-12 16:15:00+00:00,2023-12-12 16:20:00+00:00,2023-12-12 16:20:00+00:00,2023-12-12 17:20:00+00:00,L2_ARRIVAL,True,60.0
development,BULL,00-04,2023-12-15 00:00:00+00:00,2023-12-15 04:00:00+00:00,43193.9,42851.3,342.59999999999854,42902.69,2023-12-15 02:15:00+00:00,2023-12-15 02:10:00+00:00,True,CLEAN_CAUSAL_LEAVE,2023-12-15 02:15:00+00:00,2023-12-15 02:20:00+00:00,2023-12-15 02:20:00+00:00,2023-12-15 03:15:00+00:00,L2_ARRIVAL,True,55.0
development,BULL,12-16,2023-12-15 12:00:00+00:00,2023-12-15 16:00:00+00:00,43054.0,42645.9,408.09999999999854,42707.115,2023-12-15 12:20:00+00:00,2023-12-15 12:15:00+00:00,True,CLEAN_CAUSAL_LEAVE,2023-12-15 12:20:00+00:00,2023-12-15 12:25:00+00:00,2023-12-15 12:25:00+00:00,2023-12-15 12:50:00+00:00,L2_ARRIVAL,True,25.0
development,BEAR,08-12,2023-12-16 08:00:00+00:00,2023-12-16 12:00:00+00:00,42380.9,42162.1,218.8000000000029,42194.92,2023-12-16 08:35:00+00:00,2023-12-16 08:30:00+00:00,True,CLEAN_CAUSAL_LEAVE,2023-12-16 08:35:00+00:00,2023-12-16 08:40:00+00:00,,2023-12-16 08:40:00+00:00,L2_ARRIVAL,False,
development,BEAR,20-00,2023-12-16 20:00:00+00:00,2023-12-17 00:00:00+00:00,42756.7,42340.0,416.6999999999971,42402.505,2023-12-16 20:05:00+00:00,2023-12-16 20:00:00+00:00,True,CLEAN_CAUSAL_LEAVE,2023-12-16 20:05:00+00:00,2023-12-16 20:10:00+00:00,2023-12-16 20:10:00+00:00,2023-12-16 20:45:00+00:00,L2_ARRIVAL,True,35.0
development,BEAR,00-04,2023-12-17 00:00:00+00:00,2023-12-17 04:00:00+00:00,42434.3,42117.1,317.20000000000437,42164.68,2023-12-17 01:40:00+00:00,2023-12-17 01:35:00+00:00,False,LOW_BREAK_BEFORE_LEAVE,2023-12-17 01:40:00+00:00,,,2023-12-17 01:40:00+00:00,L2_BREAK,False,
development,BEAR,04-08,2023-12-17 04:00:00+00:00,2023-12-17 08:00:00+00:00,42322.2,41880.0,442.1999999999971,41946.33,2023-12-17 05:45:00+00:00,2023-12-17 05:40:00+00:00,True,CLEAN_CAUSAL_LEAVE,2023-12-17 05:45:00+00:00,2023-12-17 05:50:00+00:00,,2023-12-17 05:50:00+00:00,L2_ARRIVAL,False,
development,BEAR,12-16,2023-12-17 12:00:00+00:00,2023-12-17 16:00:00+00:00,42036.6,41671.2,365.40000000000146,41726.009999999995,2023-12-17 14:40:00+00:00,2023-12-17 14:35:00+00:00,True,CLEAN_CAUSAL_LEAVE,2023-12-17 14:45:00+00:00,2023-12-17 14:50:00+00:00,,2023-12-17 14:50:00+00:00,L2_ARRIVAL,False,
development,BEAR,08-12,2023-12-18 08:00:00+00:00,2023-12-18 12:00:00+00:00,41338.7,41022.5,316.1999999999971,41069.93,2023-12-18 09:20:00+00:00,2023-12-18 09:15:00+00:00,False,LOW_BREAK_BEFORE_LEAVE,2023-12-18 09:20:00+00:00,,,2023-12-18 09:20:00+00:00,L2_BREAK,False,
development,BULL,12-16,2023-12-19 12:00:00+00:00,2023-12-19 16:00:00+00:00,43297.1,42962.0,335.09999999999854,43012.265,2023-12-19 12:25:00+00:00,2023-12-19 12:20:00+00:00,False,LOW_BREAK_BEFORE_LEAVE,2023-12-19 12:30:00+00:00,,,2023-12-19 12:30:00+00:00,L2_BREAK,False,
development,BULL,08-12,2023-12-24 08:00:00+00:00,2023-12-24 12:00:00+00:00,43994.8,43454.1,540.7000000000044,43535.205,2023-12-24 10:45:00+00:00,2023-12-24 10:40:00+00:00,True,CLEAN_CAUSAL_LEAVE,2023-12-24 10:45:00+00:00,2023-12-24 10:50:00+00:00,,2023-12-24 12:00:00+00:00,BLOCK_END,False,
development,BULL,16-20,2023-12-24 16:00:00+00:00,2023-12-24 20:00:00+00:00,43908.3,43582.9,325.40000000000146,43631.71,2023-12-24 16:10:00+00:00,2023-12-24 16:05:00+00:00,True,CLEAN_CAUSAL_LEAVE,2023-12-24 16:15:00+00:00,2023-12-24 16:20:00+00:00,2023-12-24 16:20:00+00:00,2023-12-24 20:00:00+00:00,BLOCK_END,False,
development,BULL,20-00,2023-12-24 20:00:00+00:00,2023-12-25 00:00:00+00:00,43750.6,43568.3,182.29999999999563,43595.645000000004,2023-12-24 20:25:00+00:00,2023-12-24 20:20:00+00:00,True,CLEAN_CAUSAL_LEAVE,2023-12-24 20:25:00+00:00,2023-12-24 20:30:00+00:00,,2023-12-24 20:30:00+00:00,L2_ARRIVAL,False,
development,SIDEWAYS,20-00,2023-12-25 20:00:00+00:00,2023-12-26 00:00:00+00:00,43761.9,43383.2,378.70000000000437,43440.005,2023-12-25 20:40:00+00:00,2023-12-25 20:35:00+00:00,False,LOW_BREAK_BEFORE_LEAVE,2023-12-25 20:40:00+00:00,,,2023-12-25 20:40:00+00:00,L2_BREAK,False,
development,BEAR,04-08,2023-12-26 04:00:00+00:00,2023-12-26 08:00:00+00:00,43635.1,43400.0,235.09999999999854,43435.265,2023-12-26 04:20:00+00:00,2023-12-26 04:15:00+00:00,True,CLEAN_CAUSAL_LEAVE,2023-12-26 04:20:00+00:00,2023-12-26 04:25:00+00:00,2023-12-26 04:30:00+00:00,2023-12-26 05:05:00+00:00,L2_ARRIVAL,True,35.0
development,BEAR,16-20,2023-12-26 16:00:00+00:00,2023-12-26 20:00:00+00:00,42870.0,42253.7,616.3000000000029,42346.145,2023-12-26 16:20:00+00:00,2023-12-26 16:15:00+00:00,False,LOW_BREAK_BEFORE_LEAVE,2023-12-26 16:20:00+00:00,,,2023-12-26 16:20:00+00:00,L2_BREAK,False,
development,BULL,04-08,2023-12-28 04:00:00+00:00,2023-12-28 08:00:00+00:00,43850.0,43333.1,516.9000000000015,43410.635,2023-12-28 05:05:00+00:00,2023-12-28 05:00:00+00:00,False,LOW_BREAK_BEFORE_LEAVE,2023-12-28 05:05:00+00:00,,,2023-12-28 05:05:00+00:00,L2_BREAK,False,
development,BULL,12-16,2023-12-28 12:00:00+00:00,2023-12-28 16:00:00+00:00,43233.0,42900.0,333.0,42949.95,2023-12-28 12:40:00+00:00,2023-12-28 12:35:00+00:00,True,CLEAN_CAUSAL_LEAVE,2023-12-28 12:40:00+00:00,2023-12-28 12:45:00+00:00,2023-12-28 12:45:00+00:00,2023-12-28 12:50:00+00:00,L2_ARRIVAL,True,5.0
development,BEAR,00-04,2023-12-29 00:00:00+00:00,2023-12-29 04:00:00+00:00,42788.7,42369.7,419.0,42432.549999999996,2023-12-29 01:05:00+00:00,2023-12-29 01:00:00+00:00,True,CLEAN_CAUSAL_LEAVE,2023-12-29 01:10:00+00:00,2023-12-29 01:15:00+00:00,2023-12-29 01:20:00+00:00,2023-12-29 01:25:00+00:00,L2_ARRIVAL,True,5.0
development,BEAR,16-20,2023-12-29 16:00:00+00:00,2023-12-29 20:00:00+00:00,43171.9,42160.0,1011.9000000000015,42311.785,2023-12-29 16:20:00+00:00,2023-12-29 16:15:00+00:00,True,CLEAN_CAUSAL_LEAVE,2023-12-29 16:30:00+00:00,2023-12-29 16:35:00+00:00,2023-12-29 16:40:00+00:00,2023-12-29 16:50:00+00:00,L2_ARRIVAL,True,10.0
development,BEAR,20-00,2023-12-29 20:00:00+00:00,2023-12-30 00:00:00+00:00,42389.0,41680.0,709.0,41786.35,2023-12-29 22:25:00+00:00,2023-12-29 22:20:00+00:00,True,CLEAN_CAUSAL_LEAVE,2023-12-29 22:35:00+00:00,2023-12-29 22:40:00+00:00,2023-12-29 22:45:00+00:00,2023-12-30 00:00:00+00:00,BLOCK_END,False,
development,BEAR,08-12,2023-12-30 08:00:00+00:00,2023-12-30 12:00:00+00:00,42205.2,41960.0,245.1999999999971,41996.78,2023-12-30 08:05:00+00:00,2023-12-30 08:00:00+00:00,True,CLEAN_CAUSAL_LEAVE,2023-12-30 08:10:00+00:00,2023-12-30 08:15:00+00:00,,2023-12-30 08:15:00+00:00,L2_ARRIVAL,False,
development,BEAR,20-00,2023-12-30 20:00:00+00:00,2023-12-31 00:00:00+00:00,42654.6,42278.7,375.90000000000146,42335.085,2023-12-30 20:35:00+00:00,2023-12-30 20:30:00+00:00,False,LOW_BREAK_BEFORE_LEAVE,2023-12-30 20:40:00+00:00,,,2023-12-30 20:40:00+00:00,L2_BREAK,False,
development,SIDEWAYS,12-16,2023-12-31 12:00:00+00:00,2023-12-31 16:00:00+00:00,42951.0,42400.2,550.8000000000029,42482.82,2023-12-31 13:00:00+00:00,2023-12-31 12:55:00+00:00,True,CLEAN_CAUSAL_LEAVE,2023-12-31 13:00:00+00:00,2023-12-31 13:05:00+00:00,2023-12-31 13:05:00+00:00,2023-12-31 15:30:00+00:00,L2_ARRIVAL,True,145.0
development,BEAR,04-08,2024-01-01 04:00:00+00:00,2024-01-01 08:00:00+00:00,42832.0,42270.0,562.0,42354.3,2024-01-01 04:25:00+00:00,2024-01-01 04:20:00+00:00,True,CLEAN_CAUSAL_LEAVE,2024-01-01 04:25:00+00:00,2024-01-01 04:30:00+00:00,2024-01-01 04:30:00+00:00,2024-01-01 05:50:00+00:00,L2_ARRIVAL,True,80.0
development,BULL,16-20,2024-01-02 16:00:00+00:00,2024-01-02 20:00:00+00:00,45850.0,44868.1,981.9000000000015,45015.385,2024-01-02 19:30:00+00:00,2024-01-02 19:25:00+00:00,True,CLEAN_CAUSAL_LEAVE,2024-01-02 19:35:00+00:00,2024-01-02 19:40:00+00:00,2024-01-02 19:40:00+00:00,2024-01-02 20:00:00+00:00,BLOCK_END,False,
development,BULL,20-00,2024-01-02 20:00:00+00:00,2024-01-03 00:00:00+00:00,45449.2,44783.3,665.8999999999942,44883.185000000005,2024-01-02 20:55:00+00:00,2024-01-02 20:50:00+00:00,True,CLEAN_CAUSAL_LEAVE,2024-01-02 20:55:00+00:00,2024-01-02 21:00:00+00:00,,2024-01-02 21:00:00+00:00,L2_ARRIVAL,False,
development,BEAR,08-12,2024-01-04 08:00:00+00:00,2024-01-04 12:00:00+00:00,43290.0,42765.0,525.0,42843.75,2024-01-04 08:20:00+00:00,2024-01-04 08:15:00+00:00,True,CLEAN_CAUSAL_LEAVE,2024-01-04 08:20:00+00:00,2024-01-04 08:25:00+00:00,2024-01-04 08:35:00+00:00,2024-01-04 10:25:00+00:00,L2_ARRIVAL,True,110.0
development,BULL,00-04,2024-01-05 00:00:00+00:00,2024-01-05 04:00:00+00:00,44840.8,43887.2,953.6000000000058,44030.24,2024-01-05 01:20:00+00:00,2024-01-05 01:15:00+00:00,True,CLEAN_CAUSAL_LEAVE,2024-01-05 01:20:00+00:00,2024-01-05 01:25:00+00:00,,2024-01-05 01:25:00+00:00,L2_ARRIVAL,False,
development,BULL,12-16,2024-01-05 12:00:00+00:00,2024-01-05 16:00:00+00:00,44332.4,43459.0,873.4000000000015,43590.01,2024-01-05 14:45:00+00:00,2024-01-05 14:40:00+00:00,True,CLEAN_CAUSAL_LEAVE,2024-01-05 14:45:00+00:00,2024-01-05 14:50:00+00:00,,2024-01-05 14:55:00+00:00,L2_ARRIVAL,False,
development,BULL,04-08,2024-01-06 04:00:00+00:00,2024-01-06 08:00:00+00:00,44214.6,43809.5,405.09999999999854,43870.265,2024-01-06 05:10:00+00:00,2024-01-06 05:05:00+00:00,True,CLEAN_CAUSAL_LEAVE,2024-01-06 05:10:00+00:00,2024-01-06 05:15:00+00:00,,2024-01-06 05:15:00+00:00,L2_ARRIVAL,False,
development,SIDEWAYS,12-16,2024-01-06 12:00:00+00:00,2024-01-06 16:00:00+00:00,43777.5,43550.0,227.5,43584.125,2024-01-06 12:55:00+00:00,2024-01-06 12:50:00+00:00,True,CLEAN_CAUSAL_LEAVE,2024-01-06 12:55:00+00:00,2024-01-06 13:00:00+00:00,,2024-01-06 13:05:00+00:00,L2_ARRIVAL,False,
development,BULL,00-04,2024-01-08 00:00:00+00:00,2024-01-08 04:00:00+00:00,44262.9,43557.5,705.4000000000015,43663.31,2024-01-08 02:20:00+00:00,2024-01-08 02:15:00+00:00,True,CLEAN_CAUSAL_LEAVE,2024-01-08 02:20:00+00:00,2024-01-08 02:25:00+00:00,2024-01-08 02:25:00+00:00,2024-01-08 02:35:00+00:00,L2_ARRIVAL,True,10.0
development,BULL,00-04,2024-01-09 00:00:00+00:00,2024-01-09 04:00:00+00:00,47240.3,46666.1,574.2000000000044,46752.229999999996,2024-01-09 00:35:00+00:00,2024-01-09 00:30:00+00:00,False,LOW_BREAK_BEFORE_LEAVE,2024-01-09 00:35:00+00:00,,,2024-01-09 00:35:00+00:00,L2_BREAK,False,
development,BULL,08-12,2024-01-10 08:00:00+00:00,2024-01-10 12:00:00+00:00,46200.0,45728.9,471.09999999999854,45799.565,2024-01-10 08:30:00+00:00,2024-01-10 08:25:00+00:00,False,LOW_BREAK_BEFORE_LEAVE,2024-01-10 08:35:00+00:00,,,2024-01-10 08:35:00+00:00,L2_BREAK,False,
development,SIDEWAYS,12-16,2024-01-10 12:00:00+00:00,2024-01-10 16:00:00+00:00,45876.7,44800.0,1076.699999999997,44961.505,2024-01-10 12:50:00+00:00,2024-01-10 12:45:00+00:00,False,LOW_BREAK_BEFORE_LEAVE,2024-01-10 12:50:00+00:00,,,2024-01-10 12:50:00+00:00,L2_BREAK,False,
development,BULL,20-00,2024-01-10 20:00:00+00:00,2024-01-11 00:00:00+00:00,46768.0,45189.4,1578.5999999999985,45426.19,2024-01-10 20:15:00+00:00,2024-01-10 20:10:00+00:00,True,CLEAN_CAUSAL_LEAVE,2024-01-10 20:15:00+00:00,2024-01-10 20:20:00+00:00,2024-01-10 20:20:00+00:00,2024-01-10 20:40:00+00:00,L2_ARRIVAL,True,20.0
development,BULL,00-04,2024-01-12 00:00:00+00:00,2024-01-12 04:00:00+00:00,46973.8,46080.6,893.2000000000044,46214.58,2024-01-12 00:35:00+00:00,2024-01-12 00:30:00+00:00,True,CLEAN_CAUSAL_LEAVE,2024-01-12 00:35:00+00:00,2024-01-12 00:40:00+00:00,2024-01-12 01:05:00+00:00,2024-01-12 01:20:00+00:00,L2_ARRIVAL,True,15.0
development,SIDEWAYS,04-08,2024-01-12 04:00:00+00:00,2024-01-12 08:00:00+00:00,46536.2,45900.9,635.2999999999956,45996.195,2024-01-12 04:50:00+00:00,2024-01-12 04:45:00+00:00,False,LOW_BREAK_BEFORE_LEAVE,2024-01-12 04:50:00+00:00,,,2024-01-12 04:50:00+00:00,L2_BREAK,False,
development,SIDEWAYS,08-12,2024-01-12 08:00:00+00:00,2024-01-12 12:00:00+00:00,46380.0,45714.2,665.8000000000029,45814.07,2024-01-12 08:35:00+00:00,2024-01-12 08:30:00+00:00,False,LOW_BREAK_BEFORE_LEAVE,2024-01-12 08:35:00+00:00,,,2024-01-12 08:35:00+00:00,L2_BREAK,False,
development,BEAR,16-20,2024-01-12 16:00:00+00:00,2024-01-12 20:00:00+00:00,46120.0,44360.8,1759.199999999997,44624.68,2024-01-12 16:05:00+00:00,2024-01-12 16:00:00+00:00,True,CLEAN_CAUSAL_LEAVE,2024-01-12 16:05:00+00:00,2024-01-12 16:10:00+00:00,2024-01-12 16:10:00+00:00,2024-01-12 16:15:00+00:00,L2_ARRIVAL,True,5.0
development,BEAR,20-00,2024-01-12 20:00:00+00:00,2024-01-13 00:00:00+00:00,44719.7,43221.1,1498.5999999999985,43445.89,2024-01-12 21:45:00+00:00,2024-01-12 21:40:00+00:00,True,CLEAN_CAUSAL_LEAVE,2024-01-12 21:45:00+00:00,2024-01-12 21:50:00+00:00,2024-01-12 21:50:00+00:00,2024-01-12 22:00:00+00:00,L2_ARRIVAL,True,10.0
development,BEAR,12-16,2024-01-13 12:00:00+00:00,2024-01-13 16:00:00+00:00,43255.0,42513.0,742.0,42624.3,2024-01-13 12:20:00+00:00,2024-01-13 12:15:00+00:00,True,CLEAN_CAUSAL_LEAVE,2024-01-13 12:20:00+00:00,2024-01-13 12:25:00+00:00,2024-01-13 12:25:00+00:00,2024-01-13 16:00:00+00:00,BLOCK_END,False,
development,BEAR,20-00,2024-01-13 20:00:00+00:00,2024-01-14 00:00:00+00:00,43193.9,42711.5,482.40000000000146,42783.86,2024-01-13 20:05:00+00:00,2024-01-13 20:00:00+00:00,True,CLEAN_CAUSAL_LEAVE,2024-01-13 20:05:00+00:00,2024-01-13 20:10:00+00:00,2024-01-13 20:10:00+00:00,2024-01-14 00:00:00+00:00,BLOCK_END,False,
development,BEAR,04-08,2024-01-14 04:00:00+00:00,2024-01-14 08:00:00+00:00,42896.9,42651.0,245.90000000000146,42687.885,2024-01-14 04:10:00+00:00,2024-01-14 04:05:00+00:00,False,LOW_BREAK_BEFORE_LEAVE,2024-01-14 04:15:00+00:00,,,2024-01-14 04:15:00+00:00,L2_BREAK,False,
development,BEAR,12-16,2024-01-14 12:00:00+00:00,2024-01-14 16:00:00+00:00,43096.1,42759.2,336.90000000000146,42809.735,2024-01-14 12:10:00+00:00,2024-01-14 12:05:00+00:00,True,CLEAN_CAUSAL_LEAVE,2024-01-14 12:10:00+00:00,2024-01-14 12:15:00+00:00,2024-01-14 12:15:00+00:00,2024-01-14 12:20:00+00:00,L2_ARRIVAL,True,5.0
development,SIDEWAYS,00-04,2024-01-17 00:00:00+00:00,2024-01-17 04:00:00+00:00,43589.0,43061.7,527.3000000000029,43140.795,2024-01-17 00:20:00+00:00,2024-01-17 00:15:00+00:00,True,CLEAN_CAUSAL_LEAVE,2024-01-17 00:45:00+00:00,2024-01-17 00:50:00+00:00,,2024-01-17 00:55:00+00:00,L2_ARRIVAL,False,
development,BEAR,08-12,2024-01-17 08:00:00+00:00,2024-01-17 12:00:00+00:00,42933.0,42616.0,317.0,42663.55,2024-01-17 08:05:00+00:00,2024-01-17 08:00:00+00:00,False,LOW_BREAK_BEFORE_LEAVE,2024-01-17 08:05:00+00:00,,,2024-01-17 08:05:00+00:00,L2_BREAK,False,
development,BEAR,12-16,2024-01-17 12:00:00+00:00,2024-01-17 16:00:00+00:00,42855.8,42555.8,300.0,42600.8,2024-01-17 12:40:00+00:00,2024-01-17 12:35:00+00:00,True,CLEAN_CAUSAL_LEAVE,2024-01-17 12:40:00+00:00,2024-01-17 12:45:00+00:00,2024-01-17 13:20:00+00:00,2024-01-17 13:45:00+00:00,L2_ARRIVAL,True,25.0
development,BEAR,16-20,2024-01-17 16:00:00+00:00,2024-01-17 20:00:00+00:00,42934.9,42355.5,579.4000000000015,42442.41,2024-01-17 16:40:00+00:00,2024-01-17 16:35:00+00:00,False,LOW_BREAK_BEFORE_LEAVE,2024-01-17 16:40:00+00:00,,,2024-01-17 16:40:00+00:00,L2_BREAK,False,
development,BEAR,12-16,2024-01-18 12:00:00+00:00,2024-01-18 16:00:00+00:00,42932.3,42382.5,549.8000000000029,42464.97,2024-01-18 12:25:00+00:00,2024-01-18 12:20:00+00:00,True,CLEAN_CAUSAL_LEAVE,2024-01-18 12:30:00+00:00,2024-01-18 12:35:00+00:00,2024-01-18 12:35:00+00:00,2024-01-18 13:05:00+00:00,L2_ARRIVAL,True,30.0
development,BEAR,16-20,2024-01-19 16:00:00+00:00,2024-01-19 20:00:00+00:00,41493.0,40718.5,774.5,40834.675,2024-01-19 16:25:00+00:00,2024-01-19 16:20:00+00:00,False,LOW_BREAK_BEFORE_LEAVE,2024-01-19 16:25:00+00:00,,,2024-01-19 16:25:00+00:00,L2_BREAK,False,
development,BEAR,00-04,2024-01-20 00:00:00+00:00,2024-01-20 04:00:00+00:00,42197.0,41530.1,666.9000000000015,41630.135,2024-01-20 00:35:00+00:00,2024-01-20 00:30:00+00:00,False,LOW_BREAK_BEFORE_LEAVE,2024-01-20 00:35:00+00:00,,,2024-01-20 00:35:00+00:00,L2_BREAK,False,
development,BEAR,16-20,2024-01-21 16:00:00+00:00,2024-01-21 20:00:00+00:00,41880.9,41600.0,280.90000000000146,41642.135,2024-01-21 16:10:00+00:00,2024-01-21 16:05:00+00:00,True,CLEAN_CAUSAL_LEAVE,2024-01-21 16:15:00+00:00,2024-01-21 16:20:00+00:00,,2024-01-21 16:20:00+00:00,L2_ARRIVAL,False,
development,BEAR,04-08,2024-01-22 04:00:00+00:00,2024-01-22 08:00:00+00:00,41692.3,41050.5,641.8000000000029,41146.770000000004,2024-01-22 04:15:00+00:00,2024-01-22 04:10:00+00:00,False,LOW_BREAK_BEFORE_LEAVE,2024-01-22 04:15:00+00:00,,,2024-01-22 04:15:00+00:00,L2_BREAK,False,
development,BEAR,08-12,2024-01-22 08:00:00+00:00,2024-01-22 12:00:00+00:00,41334.9,40666.0,668.9000000000015,40766.335,2024-01-22 10:00:00+00:00,2024-01-22 09:55:00+00:00,True,CLEAN_CAUSAL_LEAVE,2024-01-22 10:00:00+00:00,2024-01-22 10:05:00+00:00,2024-01-22 10:05:00+00:00,2024-01-22 10:20:00+00:00,L2_ARRIVAL,True,15.0
development,BEAR,08-12,2024-01-23 08:00:00+00:00,2024-01-23 12:00:00+00:00,40172.7,39656.8,515.8999999999942,39734.185000000005,2024-01-23 08:15:00+00:00,2024-01-23 08:10:00+00:00,False,LOW_BREAK_BEFORE_LEAVE,2024-01-23 08:20:00+00:00,,,2024-01-23 08:20:00+00:00,L2_BREAK,False,
development,BEAR,04-08,2024-01-24 04:00:00+00:00,2024-01-24 08:00:00+00:00,40247.0,39563.8,683.1999999999971,39666.28,2024-01-24 04:10:00+00:00,2024-01-24 04:05:00+00:00,True,CLEAN_CAUSAL_LEAVE,2024-01-24 04:15:00+00:00,2024-01-24 04:20:00+00:00,2024-01-24 04:25:00+00:00,2024-01-24 08:00:00+00:00,BLOCK_END,False,
development,BEAR,12-16,2024-01-24 12:00:00+00:00,2024-01-24 16:00:00+00:00,40560.6,39844.7,715.9000000000015,39952.085,2024-01-24 14:15:00+00:00,2024-01-24 14:10:00+00:00,False,LOW_BREAK_BEFORE_LEAVE,2024-01-24 14:15:00+00:00,,,2024-01-24 14:15:00+00:00,L2_BREAK,False,
development,BEAR,04-08,2024-01-25 04:00:00+00:00,2024-01-25 08:00:00+00:00,40170.0,39901.0,269.0,39941.35,2024-01-25 04:50:00+00:00,2024-01-25 04:45:00+00:00,True,CLEAN_CAUSAL_LEAVE,2024-01-25 04:50:00+00:00,2024-01-25 04:55:00+00:00,2024-01-25 04:55:00+00:00,2024-01-25 05:00:00+00:00,L2_ARRIVAL,True,5.0
development,BULL,04-08,2024-01-27 04:00:00+00:00,2024-01-27 08:00:00+00:00,41924.0,41681.8,242.1999999999971,41718.130000000005,2024-01-27 07:00:00+00:00,2024-01-27 06:55:00+00:00,True,CLEAN_CAUSAL_LEAVE,2024-01-27 07:05:00+00:00,2024-01-27 07:10:00+00:00,,2024-01-27 07:15:00+00:00,L2_ARRIVAL,False,
development,BULL,16-20,2024-01-28 16:00:00+00:00,2024-01-28 20:00:00+00:00,42525.0,42130.0,395.0,42189.25,2024-01-28 16:40:00+00:00,2024-01-28 16:35:00+00:00,True,CLEAN_CAUSAL_LEAVE,2024-01-28 16:40:00+00:00,2024-01-28 16:45:00+00:00,2024-01-28 17:05:00+00:00,2024-01-28 17:30:00+00:00,L2_ARRIVAL,True,25.0
development,BULL,08-12,2024-01-29 08:00:00+00:00,2024-01-29 12:00:00+00:00,42326.9,41966.2,360.70000000000437,42020.305,2024-01-29 08:15:00+00:00,2024-01-29 08:10:00+00:00,True,CLEAN_CAUSAL_LEAVE,2024-01-29 08:20:00+00:00,2024-01-29 08:25:00+00:00,2024-01-29 08:25:00+00:00,2024-01-29 08:30:00+00:00,L2_ARRIVAL,True,5.0
development,BULL,12-16,2024-01-29 12:00:00+00:00,2024-01-29 16:00:00+00:00,42368.7,41932.9,435.79999999999563,41998.270000000004,2024-01-29 13:35:00+00:00,2024-01-29 13:30:00+00:00,True,CLEAN_CAUSAL_LEAVE,2024-01-29 13:35:00+00:00,2024-01-29 13:40:00+00:00,2024-01-29 13:40:00+00:00,2024-01-29 13:45:00+00:00,L2_ARRIVAL,True,5.0
development,BULL,08-12,2024-01-30 08:00:00+00:00,2024-01-30 12:00:00+00:00,43554.1,43238.0,316.09999999999854,43285.415,2024-01-30 08:05:00+00:00,2024-01-30 08:00:00+00:00,True,CLEAN_CAUSAL_LEAVE,2024-01-30 08:10:00+00:00,2024-01-30 08:15:00+00:00,2024-01-30 10:00:00+00:00,2024-01-30 12:00:00+00:00,BLOCK_END,False,
development,BULL,00-04,2024-01-31 00:00:00+00:00,2024-01-31 04:00:00+00:00,43750.0,42665.6,1084.4000000000015,42828.26,2024-01-31 02:25:00+00:00,2024-01-31 02:20:00+00:00,True,CLEAN_CAUSAL_LEAVE,2024-01-31 02:25:00+00:00,2024-01-31 02:30:00+00:00,2024-01-31 02:30:00+00:00,2024-01-31 04:00:00+00:00,BLOCK_END,False,
development,SIDEWAYS,00-04,2024-02-01 00:00:00+00:00,2024-02-01 04:00:00+00:00,43348.9,42257.6,1091.300000000003,42421.295,2024-02-01 00:45:00+00:00,2024-02-01 00:40:00+00:00,True,CLEAN_CAUSAL_LEAVE,2024-02-01 00:45:00+00:00,2024-02-01 00:50:00+00:00,2024-02-01 00:50:00+00:00,2024-02-01 01:10:00+00:00,L2_ARRIVAL,True,20.0
development,BULL,08-12,2024-02-02 08:00:00+00:00,2024-02-02 12:00:00+00:00,43262.9,42926.4,336.5,42976.875,2024-02-02 10:10:00+00:00,2024-02-02 10:05:00+00:00,True,CLEAN_CAUSAL_LEAVE,2024-02-02 10:15:00+00:00,2024-02-02 10:20:00+00:00,,2024-02-02 12:00:00+00:00,BLOCK_END,False,
development,BULL,12-16,2024-02-03 12:00:00+00:00,2024-02-03 16:00:00+00:00,43110.3,42950.6,159.70000000000437,42974.555,2024-02-03 15:05:00+00:00,2024-02-03 15:00:00+00:00,False,LOW_BREAK_BEFORE_LEAVE,2024-02-03 15:05:00+00:00,,,2024-02-03 15:05:00+00:00,L2_BREAK,False,
development,BULL,00-04,2024-02-04 00:00:00+00:00,2024-02-04 04:00:00+00:00,43088.0,42925.9,162.09999999999854,42950.215000000004,2024-02-04 00:15:00+00:00,2024-02-04 00:10:00+00:00,True,CLEAN_CAUSAL_LEAVE,2024-02-04 00:15:00+00:00,2024-02-04 00:20:00+00:00,,2024-02-04 00:20:00+00:00,L2_ARRIVAL,False,
development,BULL,04-08,2024-02-04 04:00:00+00:00,2024-02-04 08:00:00+00:00,43055.0,42871.5,183.5,42899.025,2024-02-04 05:20:00+00:00,2024-02-04 05:15:00+00:00,True,CLEAN_CAUSAL_LEAVE,2024-02-04 05:20:00+00:00,2024-02-04 05:25:00+00:00,2024-02-04 05:30:00+00:00,2024-02-04 05:35:00+00:00,L2_ARRIVAL,True,5.0
development,BEAR,20-00,2024-02-04 20:00:00+00:00,2024-02-05 00:00:00+00:00,42960.0,42550.0,410.0,42611.5,2024-02-04 20:30:00+00:00,2024-02-04 20:25:00+00:00,True,CLEAN_CAUSAL_LEAVE,2024-02-04 20:30:00+00:00,2024-02-04 20:35:00+00:00,2024-02-04 20:35:00+00:00,2024-02-04 22:35:00+00:00,L2_ARRIVAL,True,120.0
development,BEAR,16-20,2024-02-05 16:00:00+00:00,2024-02-05 20:00:00+00:00,43580.0,42580.0,1000.0,42730.0,2024-02-05 16:10:00+00:00,2024-02-05 16:05:00+00:00,True,CLEAN_CAUSAL_LEAVE,2024-02-05 16:15:00+00:00,2024-02-05 16:20:00+00:00,,2024-02-05 16:20:00+00:00,L2_ARRIVAL,False,
development,BEAR,12-16,2024-02-06 12:00:00+00:00,2024-02-06 16:00:00+00:00,43110.0,42650.7,459.3000000000029,42719.595,2024-02-06 12:55:00+00:00,2024-02-06 12:50:00+00:00,True,CLEAN_CAUSAL_LEAVE,2024-02-06 13:00:00+00:00,2024-02-06 13:05:00+00:00,2024-02-06 13:05:00+00:00,2024-02-06 15:25:00+00:00,OPPOSITE_HIGH_BREAK,False,
development,BULL,00-04,2024-02-07 00:00:00+00:00,2024-02-07 04:00:00+00:00,43312.3,43000.2,312.1000000000058,43047.015,2024-02-07 02:40:00+00:00,2024-02-07 02:35:00+00:00,True,CLEAN_CAUSAL_LEAVE,2024-02-07 02:45:00+00:00,2024-02-07 02:50:00+00:00,2024-02-07 02:50:00+00:00,2024-02-07 03:05:00+00:00,L2_ARRIVAL,True,15.0
development,BULL,20-00,2024-02-09 20:00:00+00:00,2024-02-10 00:00:00+00:00,48230.3,47110.3,1120.0,47278.3,2024-02-09 22:45:00+00:00,2024-02-09 22:40:00+00:00,True,CLEAN_CAUSAL_LEAVE,2024-02-09 22:45:00+00:00,2024-02-09 22:50:00+00:00,,2024-02-09 23:30:00+00:00,L2_ARRIVAL,False,
development,BULL,12-16,2024-02-13 12:00:00+00:00,2024-02-13 16:00:00+00:00,50290.0,49651.0,639.0,49746.85,2024-02-13 13:35:00+00:00,2024-02-13 13:30:00+00:00,False,LOW_BREAK_BEFORE_LEAVE,2024-02-13 13:35:00+00:00,,,2024-02-13 13:35:00+00:00,L2_BREAK,False,
development,BULL,16-20,2024-02-13 16:00:00+00:00,2024-02-13 20:00:00+00:00,50009.3,48356.0,1653.300000000003,48603.995,2024-02-13 17:15:00+00:00,2024-02-13 17:10:00+00:00,True,CLEAN_CAUSAL_LEAVE,2024-02-13 17:15:00+00:00,2024-02-13 17:20:00+00:00,2024-02-13 17:20:00+00:00,2024-02-13 20:00:00+00:00,BLOCK_END,False,
development,BULL,04-08,2024-02-14 04:00:00+00:00,2024-02-14 08:00:00+00:00,49717.3,49320.9,396.40000000000146,49380.36,2024-02-14 04:40:00+00:00,2024-02-14 04:35:00+00:00,True,CLEAN_CAUSAL_LEAVE,2024-02-14 04:45:00+00:00,2024-02-14 04:50:00+00:00,2024-02-14 04:55:00+00:00,2024-02-14 07:25:00+00:00,OPPOSITE_HIGH_BREAK,False,
development,BULL,16-20,2024-02-14 16:00:00+00:00,2024-02-14 20:00:00+00:00,52100.0,51302.0,798.0,51421.7,2024-02-14 16:25:00+00:00,2024-02-14 16:20:00+00:00,True,CLEAN_CAUSAL_LEAVE,2024-02-14 16:25:00+00:00,2024-02-14 16:30:00+00:00,2024-02-14 18:25:00+00:00,2024-02-14 19:15:00+00:00,L2_ARRIVAL,True,50.0
development,BULL,04-08,2024-02-15 04:00:00+00:00,2024-02-15 08:00:00+00:00,52568.3,51732.6,835.7000000000044,51857.955,2024-02-15 07:45:00+00:00,2024-02-15 07:40:00+00:00,True,CLEAN_CAUSAL_LEAVE,2024-02-15 07:45:00+00:00,2024-02-15 07:50:00+00:00,,2024-02-15 08:00:00+00:00,BLOCK_END,False,
development,BULL,16-20,2024-02-15 16:00:00+00:00,2024-02-15 20:00:00+00:00,52859.0,51750.0,1109.0,51916.35,2024-02-15 19:35:00+00:00,2024-02-15 19:30:00+00:00,True,CLEAN_CAUSAL_LEAVE,2024-02-15 19:35:00+00:00,2024-02-15 19:40:00+00:00,2024-02-15 19:40:00+00:00,2024-02-15 20:00:00+00:00,BLOCK_END,False,
development,BULL,20-00,2024-02-15 20:00:00+00:00,2024-02-16 00:00:00+00:00,52419.1,51658.0,761.0999999999985,51772.165,2024-02-15 20:20:00+00:00,2024-02-15 20:15:00+00:00,True,CLEAN_CAUSAL_LEAVE,2024-02-15 20:20:00+00:00,2024-02-15 20:25:00+00:00,2024-02-15 20:25:00+00:00,2024-02-15 21:00:00+00:00,L2_ARRIVAL,True,35.0
development,BULL,08-12,2024-02-16 08:00:00+00:00,2024-02-16 12:00:00+00:00,52372.6,51758.0,614.5999999999985,51850.19,2024-02-16 08:05:00+00:00,2024-02-16 08:00:00+00:00,True,CLEAN_CAUSAL_LEAVE,2024-02-16 08:05:00+00:00,2024-02-16 08:10:00+00:00,2024-02-16 08:10:00+00:00,2024-02-16 09:05:00+00:00,L2_ARRIVAL,True,55.0
development,BULL,04-08,2024-02-17 04:00:00+00:00,2024-02-17 08:00:00+00:00,52192.8,51870.0,322.8000000000029,51918.42,2024-02-17 05:30:00+00:00,2024-02-17 05:25:00+00:00,False,LOW_BREAK_BEFORE_LEAVE,2024-02-17 05:30:00+00:00,,,2024-02-17 05:30:00+00:00,L2_BREAK,False,
development,BULL,00-04,2024-02-18 00:00:00+00:00,2024-02-18 04:00:00+00:00,52109.0,51331.0,778.0,51447.7,2024-02-18 02:40:00+00:00,2024-02-18 02:35:00+00:00,True,CLEAN_CAUSAL_LEAVE,2024-02-18 02:40:00+00:00,2024-02-18 02:45:00+00:00,,2024-02-18 02:45:00+00:00,L2_ARRIVAL,False,
development,BULL,04-08,2024-02-21 04:00:00+00:00,2024-02-21 08:00:00+00:00,52402.3,52021.0,381.3000000000029,52078.195,2024-02-21 04:05:00+00:00,2024-02-21 04:00:00+00:00,True,CLEAN_CAUSAL_LEAVE,2024-02-21 04:05:00+00:00,2024-02-21 04:10:00+00:00,,2024-02-21 04:15:00+00:00,L2_ARRIVAL,False,
development,SIDEWAYS,08-12,2024-02-21 08:00:00+00:00,2024-02-21 12:00:00+00:00,52155.1,51510.0,645.0999999999985,51606.765,2024-02-21 09:15:00+00:00,2024-02-21 09:10:00+00:00,False,LOW_BREAK_BEFORE_LEAVE,2024-02-21 09:15:00+00:00,,,2024-02-21 09:15:00+00:00,L2_BREAK,False,
development,BEAR,12-16,2024-02-21 12:00:00+00:00,2024-02-21 16:00:00+00:00,51835.6,50826.2,1009.4000000000015,50977.61,2024-02-21 12:10:00+00:00,2024-02-21 12:05:00+00:00,True,CLEAN_CAUSAL_LEAVE,2024-02-21 12:10:00+00:00,2024-02-21 12:15:00+00:00,2024-02-21 13:30:00+00:00,2024-02-21 14:35:00+00:00,L2_ARRIVAL,True,65.0
development,BEAR,08-12,2024-02-23 08:00:00+00:00,2024-02-23 12:00:00+00:00,51352.6,50900.2,452.40000000000146,50968.06,2024-02-23 08:40:00+00:00,2024-02-23 08:35:00+00:00,True,CLEAN_CAUSAL_LEAVE,2024-02-23 08:40:00+00:00,2024-02-23 08:45:00+00:00,2024-02-23 08:45:00+00:00,2024-02-23 08:50:00+00:00,L2_ARRIVAL,True,5.0
development,BEAR,16-20,2024-02-23 16:00:00+00:00,2024-02-23 20:00:00+00:00,51372.3,50804.4,567.9000000000015,50889.585,2024-02-23 16:10:00+00:00,2024-02-23 16:05:00+00:00,False,LOW_BREAK_BEFORE_LEAVE,2024-02-23 16:10:00+00:00,,,2024-02-23 16:10:00+00:00,L2_BREAK,False,
development,BEAR,20-00,2024-02-23 20:00:00+00:00,2024-02-24 00:00:00+00:00,51228.6,50652.9,575.6999999999971,50739.255000000005,2024-02-23 23:20:00+00:00,2024-02-23 23:15:00+00:00,True,CLEAN_CAUSAL_LEAVE,2024-02-23 23:20:00+00:00,2024-02-23 23:25:00+00:00,2024-02-23 23:55:00+00:00,2024-02-24 00:00:00+00:00,BLOCK_END,False,
development,SIDEWAYS,00-04,2024-02-25 00:00:00+00:00,2024-02-25 04:00:00+00:00,51712.5,51474.4,238.09999999999854,51510.115,2024-02-25 00:45:00+00:00,2024-02-25 00:40:00+00:00,True,CLEAN_CAUSAL_LEAVE,2024-02-25 00:45:00+00:00,2024-02-25 00:50:00+00:00,2024-02-25 00:50:00+00:00,2024-02-25 01:10:00+00:00,L2_ARRIVAL,True,20.0
development,BULL,04-08,2024-02-26 04:00:00+00:00,2024-02-26 08:00:00+00:00,51846.1,51431.0,415.09999999999854,51493.265,2024-02-26 07:35:00+00:00,2024-02-26 07:30:00+00:00,False,LOW_BREAK_BEFORE_LEAVE,2024-02-26 07:35:00+00:00,,,2024-02-26 07:35:00+00:00,L2_BREAK,False,
development,SIDEWAYS,08-12,2024-02-26 08:00:00+00:00,2024-02-26 12:00:00+00:00,51645.0,51320.0,325.0,51368.75,2024-02-26 08:20:00+00:00,2024-02-26 08:15:00+00:00,True,CLEAN_CAUSAL_LEAVE,2024-02-26 08:20:00+00:00,2024-02-26 08:25:00+00:00,2024-02-26 08:25:00+00:00,2024-02-26 08:40:00+00:00,L2_ARRIVAL,True,15.0
development,BULL,12-16,2024-02-29 12:00:00+00:00,2024-02-29 16:00:00+00:00,63460.8,62151.1,1309.7000000000044,62347.555,2024-02-29 13:30:00+00:00,2024-02-29 13:25:00+00:00,True,CLEAN_CAUSAL_LEAVE,2024-02-29 13:30:00+00:00,2024-02-29 13:35:00+00:00,,2024-02-29 16:00:00+00:00,BLOCK_END,False,
development,BULL,00-04,2024-03-02 00:00:00+00:00,2024-03-02 04:00:00+00:00,63199.0,62270.5,928.5,62409.775,2024-03-02 00:20:00+00:00,2024-03-02 00:15:00+00:00,True,CLEAN_CAUSAL_LEAVE,2024-03-02 00:20:00+00:00,2024-03-02 00:25:00+00:00,2024-03-02 00:30:00+00:00,2024-03-02 00:35:00+00:00,L2_ARRIVAL,True,5.0
development,BULL,04-08,2024-03-02 04:00:00+00:00,2024-03-02 08:00:00+00:00,62513.1,62004.0,509.09999999999854,62080.365,2024-03-02 05:15:00+00:00,2024-03-02 05:10:00+00:00,False,LOW_BREAK_BEFORE_LEAVE,2024-03-02 05:15:00+00:00,,,2024-03-02 05:15:00+00:00,L2_BREAK,False,
development,BULL,08-12,2024-03-02 08:00:00+00:00,2024-03-02 12:00:00+00:00,62380.0,61820.0,560.0,61904.0,2024-03-02 09:35:00+00:00,2024-03-02 09:30:00+00:00,False,LOW_BREAK_BEFORE_LEAVE,2024-03-02 09:35:00+00:00,,,2024-03-02 09:35:00+00:00,L2_BREAK,False,
development,BULL,00-04,2024-03-03 00:00:00+00:00,2024-03-03 04:00:00+00:00,62276.6,61720.0,556.5999999999985,61803.49,2024-03-03 02:35:00+00:00,2024-03-03 02:30:00+00:00,True,CLEAN_CAUSAL_LEAVE,2024-03-03 02:35:00+00:00,2024-03-03 02:40:00+00:00,,2024-03-03 04:00:00+00:00,BLOCK_END,False,
development,BULL,16-20,2024-03-05 16:00:00+00:00,2024-03-05 20:00:00+00:00,69350.0,66484.0,2866.0,66913.9,2024-03-05 16:05:00+00:00,2024-03-05 16:00:00+00:00,False,LOW_BREAK_BEFORE_LEAVE,2024-03-05 16:05:00+00:00,,,2024-03-05 16:05:00+00:00,L2_BREAK,False,
development,BULL,20-00,2024-03-06 20:00:00+00:00,2024-03-07 00:00:00+00:00,67570.0,66275.0,1295.0,66469.25,2024-03-06 22:10:00+00:00,2024-03-06 22:05:00+00:00,True,CLEAN_CAUSAL_LEAVE,2024-03-06 22:10:00+00:00,2024-03-06 22:15:00+00:00,,2024-03-06 22:15:00+00:00,L2_ARRIVAL,False,
development,BULL,20-00,2024-03-07 20:00:00+00:00,2024-03-08 00:00:00+00:00,68101.3,67068.5,1032.800000000003,67223.42,2024-03-07 22:45:00+00:00,2024-03-07 22:40:00+00:00,True,CLEAN_CAUSAL_LEAVE,2024-03-07 22:45:00+00:00,2024-03-07 22:50:00+00:00,2024-03-07 22:50:00+00:00,2024-03-07 23:15:00+00:00,L2_ARRIVAL,True,25.0
development,BULL,00-04,2024-03-08 00:00:00+00:00,2024-03-08 04:00:00+00:00,67974.8,66852.1,1122.699999999997,67020.505,2024-03-08 00:05:00+00:00,2024-03-08 00:00:00+00:00,True,CLEAN_CAUSAL_LEAVE,2024-03-08 00:10:00+00:00,2024-03-08 00:15:00+00:00,,2024-03-08 00:15:00+00:00,L2_ARRIVAL,False,
development,BULL,08-12,2024-03-09 08:00:00+00:00,2024-03-09 12:00:00+00:00,68608.7,68179.3,429.3999999999942,68243.71,2024-03-09 10:10:00+00:00,2024-03-09 10:05:00+00:00,True,CLEAN_CAUSAL_LEAVE,2024-03-09 10:10:00+00:00,2024-03-09 10:15:00+00:00,2024-03-09 10:15:00+00:00,2024-03-09 10:20:00+00:00,L2_ARRIVAL,True,5.0
development,BULL,16-20,2024-03-09 16:00:00+00:00,2024-03-09 20:00:00+00:00,68580.0,68125.4,454.6000000000058,68193.59,2024-03-09 16:35:00+00:00,2024-03-09 16:30:00+00:00,True,CLEAN_CAUSAL_LEAVE,2024-03-09 16:50:00+00:00,2024-03-09 16:55:00+00:00,2024-03-09 16:55:00+00:00,2024-03-09 17:10:00+00:00,L2_ARRIVAL,True,15.0
development,BULL,12-16,2024-03-10 12:00:00+00:00,2024-03-10 16:00:00+00:00,69999.8,69227.3,772.5,69343.175,2024-03-10 14:00:00+00:00,2024-03-10 13:55:00+00:00,True,CLEAN_CAUSAL_LEAVE,2024-03-10 14:00:00+00:00,2024-03-10 14:05:00+00:00,2024-03-10 14:10:00+00:00,2024-03-10 14:30:00+00:00,L2_ARRIVAL,True,20.0
development,BULL,20-00,2024-03-10 20:00:00+00:00,2024-03-11 00:00:00+00:00,69845.9,69168.9,677.0,69270.45,2024-03-10 22:00:00+00:00,2024-03-10 21:55:00+00:00,False,LOW_BREAK_BEFORE_LEAVE,2024-03-10 22:00:00+00:00,,,2024-03-10 22:00:00+00:00,L2_BREAK,False,
development,BULL,16-20,2024-03-12 16:00:00+00:00,2024-03-12 20:00:00+00:00,73370.0,70777.7,2592.300000000003,71166.545,2024-03-12 16:25:00+00:00,2024-03-12 16:20:00+00:00,False,LOW_BREAK_BEFORE_LEAVE,2024-03-12 16:25:00+00:00,,,2024-03-12 16:25:00+00:00,L2_BREAK,False,
development,BULL,00-04,2024-03-14 00:00:00+00:00,2024-03-14 04:00:00+00:00,73485.1,72883.2,601.9000000000087,72973.485,2024-03-14 00:55:00+00:00,2024-03-14 00:50:00+00:00,False,LOW_BREAK_BEFORE_LEAVE,2024-03-14 01:00:00+00:00,,,2024-03-14 01:00:00+00:00,L2_BREAK,False,
development,BULL,08-12,2024-03-14 08:00:00+00:00,2024-03-14 12:00:00+00:00,73881.4,72720.0,1161.3999999999942,72894.20999999999,2024-03-14 11:20:00+00:00,2024-03-14 11:15:00+00:00,True,CLEAN_CAUSAL_LEAVE,2024-03-14 11:20:00+00:00,2024-03-14 11:25:00+00:00,2024-03-14 11:25:00+00:00,2024-03-14 11:35:00+00:00,L2_ARRIVAL,True,10.0
development,SIDEWAYS,16-20,2024-03-14 16:00:00+00:00,2024-03-14 20:00:00+00:00,73115.5,70563.0,2552.5,70945.875,2024-03-14 16:15:00+00:00,2024-03-14 16:10:00+00:00,False,LOW_BREAK_BEFORE_LEAVE,2024-03-14 16:25:00+00:00,,,2024-03-14 16:25:00+00:00,L2_BREAK,False,
development,BEAR,20-00,2024-03-15 20:00:00+00:00,2024-03-16 00:00:00+00:00,70715.9,67568.0,3147.899999999994,68040.185,2024-03-15 20:50:00+00:00,2024-03-15 20:45:00+00:00,True,CLEAN_CAUSAL_LEAVE,2024-03-15 20:50:00+00:00,2024-03-15 20:55:00+00:00,2024-03-15 21:00:00+00:00,2024-03-16 00:00:00+00:00,BLOCK_END,False,
development,BEAR,04-08,2024-03-16 04:00:00+00:00,2024-03-16 08:00:00+00:00,70097.6,68967.1,1130.5,69136.675,2024-03-16 04:35:00+00:00,2024-03-16 04:30:00+00:00,False,LOW_BREAK_BEFORE_LEAVE,2024-03-16 04:35:00+00:00,,,2024-03-16 04:35:00+00:00,L2_BREAK,False,
development,BEAR,12-16,2024-03-16 12:00:00+00:00,2024-03-16 16:00:00+00:00,69490.2,67739.6,1750.5999999999913,68002.19,2024-03-16 13:55:00+00:00,2024-03-16 13:50:00+00:00,False,LOW_BREAK_BEFORE_LEAVE,2024-03-16 14:00:00+00:00,,,2024-03-16 14:00:00+00:00,L2_BREAK,False,
development,BEAR,16-20,2024-03-16 16:00:00+00:00,2024-03-16 20:00:00+00:00,68557.6,67576.0,981.6000000000058,67723.24,2024-03-16 17:50:00+00:00,2024-03-16 17:45:00+00:00,False,LOW_BREAK_BEFORE_LEAVE,2024-03-16 17:55:00+00:00,,,2024-03-16 17:55:00+00:00,L2_BREAK,False,
development,BEAR,16-20,2024-03-18 16:00:00+00:00,2024-03-18 20:00:00+00:00,68685.3,66658.0,2027.300000000003,66962.095,2024-03-18 17:10:00+00:00,2024-03-18 17:05:00+00:00,True,CLEAN_CAUSAL_LEAVE,2024-03-18 17:10:00+00:00,2024-03-18 17:15:00+00:00,2024-03-18 17:20:00+00:00,2024-03-18 20:00:00+00:00,BLOCK_END,False,
development,BEAR,08-12,2024-03-19 08:00:00+00:00,2024-03-19 12:00:00+00:00,66044.0,63625.0,2419.0,63987.85,2024-03-19 08:35:00+00:00,2024-03-19 08:30:00+00:00,True,CLEAN_CAUSAL_LEAVE,2024-03-19 08:35:00+00:00,2024-03-19 08:40:00+00:00,,2024-03-19 08:40:00+00:00,L2_ARRIVAL,False,
development,BEAR,16-20,2024-03-20 16:00:00+00:00,2024-03-20 20:00:00+00:00,64450.0,63113.6,1336.4000000000015,63314.06,2024-03-20 16:25:00+00:00,2024-03-20 16:20:00+00:00,False,LOW_BREAK_BEFORE_LEAVE,2024-03-20 16:25:00+00:00,,,2024-03-20 16:25:00+00:00,L2_BREAK,False,
development,SIDEWAYS,04-08,2024-03-21 04:00:00+00:00,2024-03-21 08:00:00+00:00,68293.9,66400.4,1893.5,66684.42499999999,2024-03-21 05:15:00+00:00,2024-03-21 05:10:00+00:00,False,LOW_BREAK_BEFORE_LEAVE,2024-03-21 05:15:00+00:00,,,2024-03-21 05:15:00+00:00,L2_BREAK,False,
development,BULL,16-20,2024-03-21 16:00:00+00:00,2024-03-21 20:00:00+00:00,67774.3,66105.8,1668.5,66356.075,2024-03-21 17:35:00+00:00,2024-03-21 17:30:00+00:00,True,CLEAN_CAUSAL_LEAVE,2024-03-21 17:35:00+00:00,2024-03-21 17:40:00+00:00,,2024-03-21 17:40:00+00:00,L2_ARRIVAL,False,
development,BULL,08-12,2024-03-22 08:00:00+00:00,2024-03-22 12:00:00+00:00,66691.9,65801.4,890.5,65934.97499999999,2024-03-22 09:35:00+00:00,2024-03-22 09:30:00+00:00,False,LOW_BREAK_BEFORE_LEAVE,2024-03-22 09:35:00+00:00,,,2024-03-22 09:35:00+00:00,L2_BREAK,False,
development,BEAR,12-16,2024-03-22 12:00:00+00:00,2024-03-22 16:00:00+00:00,66413.0,64102.0,2311.0,64448.65,2024-03-22 12:05:00+00:00,2024-03-22 12:00:00+00:00,True,CLEAN_CAUSAL_LEAVE,2024-03-22 12:05:00+00:00,2024-03-22 12:10:00+00:00,2024-03-22 12:25:00+00:00,2024-03-22 13:15:00+00:00,L2_ARRIVAL,True,50.0
development,BULL,08-12,2024-03-26 08:00:00+00:00,2024-03-26 12:00:00+00:00,71649.0,70302.4,1346.6000000000058,70504.39,2024-03-26 08:05:00+00:00,2024-03-26 08:00:00+00:00,True,CLEAN_CAUSAL_LEAVE,2024-03-26 08:05:00+00:00,2024-03-26 08:10:00+00:00,,2024-03-26 12:00:00+00:00,BLOCK_END,False,
development,BULL,12-16,2024-03-26 12:00:00+00:00,2024-03-26 16:00:00+00:00,71340.8,70295.9,1044.9000000000087,70452.635,2024-03-26 13:45:00+00:00,2024-03-26 13:40:00+00:00,True,CLEAN_CAUSAL_LEAVE,2024-03-26 13:45:00+00:00,2024-03-26 13:50:00+00:00,2024-03-26 13:55:00+00:00,2024-03-26 14:00:00+00:00,L2_ARRIVAL,True,5.0
development,BULL,20-00,2024-03-26 20:00:00+00:00,2024-03-27 00:00:00+00:00,70580.0,69465.2,1114.800000000003,69632.42,2024-03-26 20:05:00+00:00,2024-03-26 20:00:00+00:00,True,CLEAN_CAUSAL_LEAVE,2024-03-26 20:05:00+00:00,2024-03-26 20:10:00+00:00,2024-03-26 20:15:00+00:00,2024-03-27 00:00:00+00:00,BLOCK_END,False,
development,BULL,08-12,2024-03-27 08:00:00+00:00,2024-03-27 12:00:00+00:00,70650.0,69690.1,959.8999999999942,69834.085,2024-03-27 08:55:00+00:00,2024-03-27 08:50:00+00:00,False,LOW_BREAK_BEFORE_LEAVE,2024-03-27 08:55:00+00:00,,,2024-03-27 08:55:00+00:00,L2_BREAK,False,
development,BULL,16-20,2024-03-27 16:00:00+00:00,2024-03-27 20:00:00+00:00,71888.0,68551.0,3337.0,69051.55,2024-03-27 16:15:00+00:00,2024-03-27 16:10:00+00:00,True,CLEAN_CAUSAL_LEAVE,2024-03-27 16:15:00+00:00,2024-03-27 16:20:00+00:00,2024-03-27 16:20:00+00:00,2024-03-27 18:10:00+00:00,L2_ARRIVAL,True,110.0
development,BULL,16-20,2024-03-30 16:00:00+00:00,2024-03-30 20:00:00+00:00,70328.0,69961.3,366.6999999999971,70016.30500000001,2024-03-30 16:20:00+00:00,2024-03-30 16:15:00+00:00,True,CLEAN_CAUSAL_LEAVE,2024-03-30 16:20:00+00:00,2024-03-30 16:25:00+00:00,2024-03-30 16:40:00+00:00,2024-03-30 18:15:00+00:00,L2_ARRIVAL,True,95.0
development,BULL,20-00,2024-03-30 20:00:00+00:00,2024-03-31 00:00:00+00:00,70373.8,69712.3,661.5,69811.52500000001,2024-03-30 21:40:00+00:00,2024-03-30 21:35:00+00:00,True,CLEAN_CAUSAL_LEAVE,2024-03-30 21:40:00+00:00,2024-03-30 21:45:00+00:00,,2024-03-30 21:50:00+00:00,L2_ARRIVAL,False,
development,BULL,04-08,2024-04-01 04:00:00+00:00,2024-04-01 08:00:00+00:00,71388.0,70588.0,800.0,70708.0,2024-04-01 04:30:00+00:00,2024-04-01 04:25:00+00:00,True,CLEAN_CAUSAL_LEAVE,2024-04-01 04:30:00+00:00,2024-04-01 04:35:00+00:00,,2024-04-01 04:35:00+00:00,L2_ARRIVAL,False,
development,BEAR,16-20,2024-04-01 16:00:00+00:00,2024-04-01 20:00:00+00:00,70145.0,68210.0,1935.0,68500.25,2024-04-01 16:05:00+00:00,2024-04-01 16:00:00+00:00,True,CLEAN_CAUSAL_LEAVE,2024-04-01 16:05:00+00:00,2024-04-01 16:10:00+00:00,2024-04-01 16:10:00+00:00,2024-04-01 20:00:00+00:00,BLOCK_END,False,
development,BEAR,00-04,2024-04-02 00:00:00+00:00,2024-04-02 04:00:00+00:00,69949.0,69361.0,588.0,69449.2,2024-04-02 00:25:00+00:00,2024-04-02 00:20:00+00:00,True,CLEAN_CAUSAL_LEAVE,2024-04-02 00:25:00+00:00,2024-04-02 00:30:00+00:00,,2024-04-02 00:30:00+00:00,L2_ARRIVAL,False,
development,BEAR,12-16,2024-04-02 12:00:00+00:00,2024-04-02 16:00:00+00:00,66748.0,65108.0,1640.0,65354.0,2024-04-02 13:05:00+00:00,2024-04-02 13:00:00+00:00,True,CLEAN_CAUSAL_LEAVE,2024-04-02 13:10:00+00:00,2024-04-02 13:15:00+00:00,,2024-04-02 13:15:00+00:00,L2_ARRIVAL,False,
development,BEAR,16-20,2024-04-02 16:00:00+00:00,2024-04-02 20:00:00+00:00,66289.0,64650.0,1639.0,64895.85,2024-04-02 16:05:00+00:00,2024-04-02 16:00:00+00:00,True,CLEAN_CAUSAL_LEAVE,2024-04-02 16:05:00+00:00,2024-04-02 16:10:00+00:00,2024-04-02 16:20:00+00:00,2024-04-02 20:00:00+00:00,BLOCK_END,False,
development,BEAR,12-16,2024-04-05 12:00:00+00:00,2024-04-05 16:00:00+00:00,67700.0,66388.4,1311.6000000000058,66585.14,2024-04-05 12:05:00+00:00,2024-04-05 12:00:00+00:00,True,CLEAN_CAUSAL_LEAVE,2024-04-05 12:10:00+00:00,2024-04-05 12:15:00+00:00,2024-04-05 12:20:00+00:00,2024-04-05 12:30:00+00:00,L2_ARRIVAL,True,10.0
development,BULL,12-16,2024-04-06 12:00:00+00:00,2024-04-06 16:00:00+00:00,68129.0,67610.0,519.0,67687.85,2024-04-06 12:50:00+00:00,2024-04-06 12:45:00+00:00,True,CLEAN_CAUSAL_LEAVE,2024-04-06 12:50:00+00:00,2024-04-06 12:55:00+00:00,2024-04-06 13:00:00+00:00,2024-04-06 13:05:00+00:00,L2_ARRIVAL,True,5.0
development,SIDEWAYS,16-20,2024-04-09 16:00:00+00:00,2024-04-09 20:00:00+00:00,71048.3,68538.0,2510.300000000003,68914.545,2024-04-09 17:10:00+00:00,2024-04-09 17:05:00+00:00,False,LOW_BREAK_BEFORE_LEAVE,2024-04-09 17:10:00+00:00,,,2024-04-09 17:10:00+00:00,L2_BREAK,False,
development,BULL,08-12,2024-04-11 08:00:00+00:00,2024-04-11 12:00:00+00:00,71387.4,70421.0,966.3999999999942,70565.95999999999,2024-04-11 11:05:00+00:00,2024-04-11 11:00:00+00:00,True,CLEAN_CAUSAL_LEAVE,2024-04-11 11:05:00+00:00,2024-04-11 11:10:00+00:00,2024-04-11 11:10:00+00:00,2024-04-11 11:35:00+00:00,L2_ARRIVAL,True,25.0
development,BEAR,16-20,2024-04-13 16:00:00+00:00,2024-04-13 20:00:00+00:00,67954.0,67175.0,779.0,67291.85,2024-04-13 17:05:00+00:00,2024-04-13 17:00:00+00:00,False,LOW_BREAK_BEFORE_LEAVE,2024-04-13 17:10:00+00:00,,,2024-04-13 17:10:00+00:00,L2_BREAK,False,
development,BEAR,20-00,2024-04-13 20:00:00+00:00,2024-04-14 00:00:00+00:00,67770.0,63530.0,4240.0,64166.0,2024-04-13 20:05:00+00:00,2024-04-13 20:00:00+00:00,False,LOW_BREAK_BEFORE_LEAVE,2024-04-13 20:05:00+00:00,,,2024-04-13 20:05:00+00:00,L2_BREAK,False,
development,BEAR,12-16,2024-04-14 12:00:00+00:00,2024-04-14 16:00:00+00:00,64891.6,63850.0,1041.5999999999985,64006.24,2024-04-14 14:30:00+00:00,2024-04-14 14:25:00+00:00,True,CLEAN_CAUSAL_LEAVE,2024-04-14 14:30:00+00:00,2024-04-14 14:35:00+00:00,,2024-04-14 14:35:00+00:00,L2_ARRIVAL,False,
development,BEAR,16-20,2024-04-14 16:00:00+00:00,2024-04-14 20:00:00+00:00,64846.1,63428.6,1417.5,63641.225,2024-04-14 17:20:00+00:00,2024-04-14 17:15:00+00:00,False,LOW_BREAK_BEFORE_LEAVE,2024-04-14 17:20:00+00:00,,,2024-04-14 17:20:00+00:00,L2_BREAK,False,
development,BEAR,12-16,2024-04-15 12:00:00+00:00,2024-04-15 16:00:00+00:00,66874.9,65801.0,1073.8999999999942,65962.08499999999,2024-04-15 12:05:00+00:00,2024-04-15 12:00:00+00:00,True,CLEAN_CAUSAL_LEAVE,2024-04-15 12:05:00+00:00,2024-04-15 12:10:00+00:00,2024-04-15 12:20:00+00:00,2024-04-15 13:35:00+00:00,L2_ARRIVAL,True,75.0
development,BEAR,08-12,2024-04-16 08:00:00+00:00,2024-04-16 12:00:00+00:00,63786.3,61651.8,2134.5,61971.975000000006,2024-04-16 10:35:00+00:00,2024-04-16 10:30:00+00:00,True,CLEAN_CAUSAL_LEAVE,2024-04-16 10:35:00+00:00,2024-04-16 10:40:00+00:00,,2024-04-16 12:00:00+00:00,BLOCK_END,False,
development,BEAR,16-20,2024-04-16 16:00:00+00:00,2024-04-16 20:00:00+00:00,63399.7,61704.7,1695.0,61958.95,2024-04-16 16:05:00+00:00,2024-04-16 16:00:00+00:00,True,CLEAN_CAUSAL_LEAVE,2024-04-16 16:15:00+00:00,2024-04-16 16:20:00+00:00,,2024-04-16 16:20:00+00:00,L2_ARRIVAL,False,
development,BEAR,08-12,2024-04-17 08:00:00+00:00,2024-04-17 12:00:00+00:00,64483.3,63170.5,1312.800000000003,63367.42,2024-04-17 08:50:00+00:00,2024-04-17 08:45:00+00:00,True,CLEAN_CAUSAL_LEAVE,2024-04-17 08:50:00+00:00,2024-04-17 08:55:00+00:00,2024-04-17 09:00:00+00:00,2024-04-17 10:00:00+00:00,L2_ARRIVAL,True,60.0
development,BEAR,16-20,2024-04-17 16:00:00+00:00,2024-04-17 20:00:00+00:00,62957.2,59713.2,3244.0,60199.799999999996,2024-04-17 16:10:00+00:00,2024-04-17 16:05:00+00:00,True,CLEAN_CAUSAL_LEAVE,2024-04-17 16:10:00+00:00,2024-04-17 16:15:00+00:00,2024-04-17 16:40:00+00:00,2024-04-17 20:00:00+00:00,BLOCK_END,False,
development,BULL,12-16,2024-04-22 12:00:00+00:00,2024-04-22 16:00:00+00:00,66180.0,65664.6,515.3999999999942,65741.91,2024-04-22 12:20:00+00:00,2024-04-22 12:15:00+00:00,True,CLEAN_CAUSAL_LEAVE,2024-04-22 12:20:00+00:00,2024-04-22 12:25:00+00:00,,2024-04-22 13:05:00+00:00,OPPOSITE_HIGH_BREAK,False,
development,BULL,04-08,2024-04-23 04:00:00+00:00,2024-04-23 08:00:00+00:00,67158.9,66383.5,775.3999999999942,66499.81,2024-04-23 04:05:00+00:00,2024-04-23 04:00:00+00:00,True,CLEAN_CAUSAL_LEAVE,2024-04-23 04:05:00+00:00,2024-04-23 04:10:00+00:00,2024-04-23 04:10:00+00:00,2024-04-23 04:20:00+00:00,L2_ARRIVAL,True,10.0
development,BULL,12-16,2024-04-23 12:00:00+00:00,2024-04-23 16:00:00+00:00,66297.0,65812.0,485.0,65884.75,2024-04-23 12:50:00+00:00,2024-04-23 12:45:00+00:00,True,CLEAN_CAUSAL_LEAVE,2024-04-23 12:50:00+00:00,2024-04-23 12:55:00+00:00,,2024-04-23 13:35:00+00:00,OPPOSITE_HIGH_BREAK,False,
development,BULL,08-12,2024-04-24 08:00:00+00:00,2024-04-24 12:00:00+00:00,67068.2,66520.8,547.3999999999942,66602.91,2024-04-24 08:20:00+00:00,2024-04-24 08:15:00+00:00,True,CLEAN_CAUSAL_LEAVE,2024-04-24 08:25:00+00:00,2024-04-24 08:30:00+00:00,2024-04-24 08:35:00+00:00,2024-04-24 08:40:00+00:00,L2_ARRIVAL,True,5.0
development,SIDEWAYS,16-20,2024-04-24 16:00:00+00:00,2024-04-24 20:00:00+00:00,66711.9,64489.7,2222.199999999997,64823.03,2024-04-24 16:25:00+00:00,2024-04-24 16:20:00+00:00,False,LOW_BREAK_BEFORE_LEAVE,2024-04-24 16:25:00+00:00,,,2024-04-24 16:25:00+00:00,L2_BREAK,False,
development,BEAR,20-00,2024-04-24 20:00:00+00:00,2024-04-25 00:00:00+00:00,65122.0,63695.0,1427.0,63909.05,2024-04-24 20:25:00+00:00,2024-04-24 20:20:00+00:00,True,CLEAN_CAUSAL_LEAVE,2024-04-24 20:30:00+00:00,2024-04-24 20:35:00+00:00,2024-04-24 20:35:00+00:00,2024-04-25 00:00:00+00:00,BLOCK_END,False,
development,BEAR,04-08,2024-04-25 04:00:00+00:00,2024-04-25 08:00:00+00:00,64713.6,63823.2,890.4000000000015,63956.759999999995,2024-04-25 07:50:00+00:00,2024-04-25 07:45:00+00:00,True,CLEAN_CAUSAL_LEAVE,2024-04-25 07:50:00+00:00,2024-04-25 07:55:00+00:00,2024-04-25 07:55:00+00:00,2024-04-25 08:00:00+00:00,BLOCK_END,False,
development,BEAR,16-20,2024-04-26 16:00:00+00:00,2024-04-26 20:00:00+00:00,64783.1,63325.0,1458.0999999999985,63543.715,2024-04-26 16:10:00+00:00,2024-04-26 16:05:00+00:00,True,CLEAN_CAUSAL_LEAVE,2024-04-26 16:10:00+00:00,2024-04-26 16:15:00+00:00,2024-04-26 16:15:00+00:00,2024-04-26 20:00:00+00:00,BLOCK_END,False,
development,BEAR,00-04,2024-04-29 00:00:00+00:00,2024-04-29 04:00:00+00:00,63716.9,62700.0,1016.9000000000015,62852.535,2024-04-29 02:45:00+00:00,2024-04-29 02:40:00+00:00,False,LOW_BREAK_BEFORE_LEAVE,2024-04-29 02:55:00+00:00,,,2024-04-29 02:55:00+00:00,L2_BREAK,False,
development,BEAR,04-08,2024-04-29 04:00:00+00:00,2024-04-29 08:00:00+00:00,63337.8,62056.1,1281.7000000000044,62248.354999999996,2024-04-29 05:35:00+00:00,2024-04-29 05:30:00+00:00,True,CLEAN_CAUSAL_LEAVE,2024-04-29 05:40:00+00:00,2024-04-29 05:45:00+00:00,2024-04-29 06:20:00+00:00,2024-04-29 06:35:00+00:00,L2_ARRIVAL,True,15.0
development,SIDEWAYS,04-08,2024-04-30 04:00:00+00:00,2024-04-30 08:00:00+00:00,64700.0,63075.9,1624.0999999999985,63319.515,2024-04-30 05:40:00+00:00,2024-04-30 05:35:00+00:00,True,CLEAN_CAUSAL_LEAVE,2024-04-30 05:45:00+00:00,2024-04-30 05:50:00+00:00,2024-04-30 05:55:00+00:00,2024-04-30 08:00:00+00:00,BLOCK_END,False,
development,BEAR,12-16,2024-04-30 12:00:00+00:00,2024-04-30 16:00:00+00:00,63220.4,61000.0,2220.4000000000015,61333.06,2024-04-30 12:15:00+00:00,2024-04-30 12:10:00+00:00,True,CLEAN_CAUSAL_LEAVE,2024-04-30 12:20:00+00:00,2024-04-30 12:25:00+00:00,,2024-04-30 13:50:00+00:00,L2_ARRIVAL,False,
development,BEAR,16-20,2024-04-30 16:00:00+00:00,2024-04-30 20:00:00+00:00,61576.1,60517.6,1058.5,60676.375,2024-04-30 16:15:00+00:00,2024-04-30 16:10:00+00:00,False,LOW_BREAK_BEFORE_LEAVE,2024-04-30 16:15:00+00:00,,,2024-04-30 16:15:00+00:00,L2_BREAK,False,
development,BEAR,08-12,2024-05-01 08:00:00+00:00,2024-05-01 12:00:00+00:00,60331.8,57030.0,3301.800000000003,57525.270000000004,2024-05-01 08:10:00+00:00,2024-05-01 08:05:00+00:00,True,CLEAN_CAUSAL_LEAVE,2024-05-01 08:10:00+00:00,2024-05-01 08:15:00+00:00,,2024-05-01 08:15:00+00:00,L2_ARRIVAL,False,
development,BEAR,16-20,2024-05-01 16:00:00+00:00,2024-05-01 20:00:00+00:00,58257.8,56651.2,1606.6000000000058,56892.189999999995,2024-05-01 17:20:00+00:00,2024-05-01 17:15:00+00:00,True,CLEAN_CAUSAL_LEAVE,2024-05-01 17:20:00+00:00,2024-05-01 17:25:00+00:00,,2024-05-01 18:30:00+00:00,OPPOSITE_HIGH_BREAK,False,
development,BULL,16-20,2024-05-04 16:00:00+00:00,2024-05-04 20:00:00+00:00,64137.8,63424.0,713.8000000000029,63531.07,2024-05-04 16:10:00+00:00,2024-05-04 16:05:00+00:00,True,CLEAN_CAUSAL_LEAVE,2024-05-04 16:15:00+00:00,2024-05-04 16:20:00+00:00,2024-05-04 16:20:00+00:00,2024-05-04 16:35:00+00:00,L2_ARRIVAL,True,15.0
development,BULL,20-00,2024-05-05 20:00:00+00:00,2024-05-06 00:00:00+00:00,64531.9,63756.0,775.9000000000015,63872.385,2024-05-05 20:10:00+00:00,2024-05-05 20:05:00+00:00,True,CLEAN_CAUSAL_LEAVE,2024-05-05 20:10:00+00:00,2024-05-05 20:15:00+00:00,,2024-05-05 20:15:00+00:00,L2_ARRIVAL,False,
development,BULL,12-16,2024-05-06 12:00:00+00:00,2024-05-06 16:00:00+00:00,65500.0,63779.1,1720.9000000000015,64037.235,2024-05-06 12:30:00+00:00,2024-05-06 12:25:00+00:00,False,LOW_BREAK_BEFORE_LEAVE,2024-05-06 12:30:00+00:00,,,2024-05-06 12:30:00+00:00,L2_BREAK,False,
development,BULL,16-20,2024-05-06 16:00:00+00:00,2024-05-06 20:00:00+00:00,64295.1,62900.0,1395.0999999999985,63109.265,2024-05-06 19:20:00+00:00,2024-05-06 19:15:00+00:00,True,CLEAN_CAUSAL_LEAVE,2024-05-06 19:20:00+00:00,2024-05-06 19:25:00+00:00,,2024-05-06 19:30:00+00:00,L2_ARRIVAL,False,
development,BULL,16-20,2024-05-07 16:00:00+00:00,2024-05-07 20:00:00+00:00,64320.0,63001.0,1319.0,63198.85,2024-05-07 18:35:00+00:00,2024-05-07 18:30:00+00:00,False,LOW_BREAK_BEFORE_LEAVE,2024-05-07 18:35:00+00:00,,,2024-05-07 18:35:00+00:00,L2_BREAK,False,
development,SIDEWAYS,20-00,2024-05-07 20:00:00+00:00,2024-05-08 00:00:00+00:00,63875.0,62758.1,1116.9000000000015,62925.635,2024-05-07 22:20:00+00:00,2024-05-07 22:15:00+00:00,True,CLEAN_CAUSAL_LEAVE,2024-05-07 22:20:00+00:00,2024-05-07 22:25:00+00:00,2024-05-07 22:25:00+00:00,2024-05-07 23:00:00+00:00,L2_ARRIVAL,True,35.0
development,BEAR,00-04,2024-05-08 00:00:00+00:00,2024-05-08 04:00:00+00:00,63177.3,62203.6,973.7000000000044,62349.655,2024-05-08 00:35:00+00:00,2024-05-08 00:30:00+00:00,True,CLEAN_CAUSAL_LEAVE,2024-05-08 00:35:00+00:00,2024-05-08 00:40:00+00:00,,2024-05-08 04:00:00+00:00,BLOCK_END,False,
development,BEAR,08-12,2024-05-08 08:00:00+00:00,2024-05-08 12:00:00+00:00,62994.9,62036.1,958.8000000000029,62179.92,2024-05-08 08:15:00+00:00,2024-05-08 08:10:00+00:00,True,CLEAN_CAUSAL_LEAVE,2024-05-08 08:15:00+00:00,2024-05-08 08:20:00+00:00,2024-05-08 08:45:00+00:00,2024-05-08 12:00:00+00:00,BLOCK_END,False,
development,BEAR,04-08,2024-05-09 04:00:00+00:00,2024-05-09 08:00:00+00:00,61779.0,61113.0,666.0,61212.9,2024-05-09 07:55:00+00:00,2024-05-09 07:50:00+00:00,False,LEAVE_AT_BLOCK_END,2024-05-09 07:55:00+00:00,2024-05-09 08:00:00+00:00,,2024-05-09 08:00:00+00:00,BLOCK_END,False,
development,BEAR,16-20,2024-05-10 16:00:00+00:00,2024-05-10 20:00:00+00:00,63446.5,60645.3,2801.199999999997,61065.48,2024-05-10 16:10:00+00:00,2024-05-10 16:05:00+00:00,True,CLEAN_CAUSAL_LEAVE,2024-05-10 16:10:00+00:00,2024-05-10 16:15:00+00:00,2024-05-10 16:15:00+00:00,2024-05-10 17:15:00+00:00,L2_ARRIVAL,True,60.0
development,BEAR,08-12,2024-05-11 08:00:00+00:00,2024-05-11 12:00:00+00:00,61055.5,60680.4,375.09999999999854,60736.665,2024-05-11 09:30:00+00:00,2024-05-11 09:25:00+00:00,True,CLEAN_CAUSAL_LEAVE,2024-05-11 09:30:00+00:00,2024-05-11 09:35:00+00:00,2024-05-11 09:35:00+00:00,2024-05-11 10:35:00+00:00,L2_ARRIVAL,True,60.0
development,BULL,00-04,2024-05-14 00:00:00+00:00,2024-05-14 04:00:00+00:00,63162.1,62683.5,478.59999999999854,62755.29,2024-05-14 01:45:00+00:00,2024-05-14 01:40:00+00:00,False,LOW_BREAK_BEFORE_LEAVE,2024-05-14 01:50:00+00:00,,,2024-05-14 01:50:00+00:00,L2_BREAK,False,
development,BULL,04-08,2024-05-16 04:00:00+00:00,2024-05-16 08:00:00+00:00,66644.0,65735.9,908.1000000000058,65872.11499999999,2024-05-16 05:30:00+00:00,2024-05-16 05:25:00+00:00,True,CLEAN_CAUSAL_LEAVE,2024-05-16 05:35:00+00:00,2024-05-16 05:40:00+00:00,,2024-05-16 06:00:00+00:00,L2_ARRIVAL,False,
development,BULL,12-16,2024-05-18 12:00:00+00:00,2024-05-18 16:00:00+00:00,67340.5,66808.4,532.1000000000058,66888.215,2024-05-18 13:05:00+00:00,2024-05-18 13:00:00+00:00,True,CLEAN_CAUSAL_LEAVE,2024-05-18 13:05:00+00:00,2024-05-18 13:10:00+00:00,2024-05-18 13:35:00+00:00,2024-05-18 13:50:00+00:00,L2_ARRIVAL,True,15.0
development,BULL,12-16,2024-05-19 12:00:00+00:00,2024-05-19 16:00:00+00:00,67750.0,66921.9,828.1000000000058,67046.11499999999,2024-05-19 12:25:00+00:00,2024-05-19 12:20:00+00:00,False,LOW_BREAK_BEFORE_LEAVE,2024-05-19 12:25:00+00:00,,,2024-05-19 12:25:00+00:00,L2_BREAK,False,
development,BULL,12-16,2024-05-20 12:00:00+00:00,2024-05-20 16:00:00+00:00,67341.4,66720.9,620.5,66813.97499999999,2024-05-20 14:40:00+00:00,2024-05-20 14:35:00+00:00,True,CLEAN_CAUSAL_LEAVE,2024-05-20 14:40:00+00:00,2024-05-20 14:45:00+00:00,2024-05-20 14:45:00+00:00,2024-05-20 15:50:00+00:00,OPPOSITE_HIGH_BREAK,False,
development,BULL,12-16,2024-05-21 12:00:00+00:00,2024-05-21 16:00:00+00:00,71498.6,70900.2,598.4000000000087,70989.95999999999,2024-05-21 13:20:00+00:00,2024-05-21 13:15:00+00:00,True,CLEAN_CAUSAL_LEAVE,2024-05-21 13:20:00+00:00,2024-05-21 13:25:00+00:00,,2024-05-21 13:25:00+00:00,L2_ARRIVAL,False,
development,BULL,16-20,2024-05-21 16:00:00+00:00,2024-05-21 20:00:00+00:00,71487.6,69722.0,1765.6000000000058,69986.84,2024-05-21 17:05:00+00:00,2024-05-21 17:00:00+00:00,True,CLEAN_CAUSAL_LEAVE,2024-05-21 17:05:00+00:00,2024-05-21 17:10:00+00:00,,2024-05-21 17:10:00+00:00,L2_ARRIVAL,False,
development,BULL,12-16,2024-05-22 12:00:00+00:00,2024-05-22 16:00:00+00:00,70321.8,69680.0,641.8000000000029,69776.27,2024-05-22 12:05:00+00:00,2024-05-22 12:00:00+00:00,True,CLEAN_CAUSAL_LEAVE,2024-05-22 12:05:00+00:00,2024-05-22 12:10:00+00:00,2024-05-22 12:40:00+00:00,2024-05-22 12:45:00+00:00,L2_ARRIVAL,True,5.0
development,BEAR,08-12,2024-05-24 08:00:00+00:00,2024-05-24 12:00:00+00:00,67944.2,66850.0,1094.199999999997,67014.13,2024-05-24 08:25:00+00:00,2024-05-24 08:20:00+00:00,False,LOW_BREAK_BEFORE_LEAVE,2024-05-24 08:25:00+00:00,,,2024-05-24 08:25:00+00:00,L2_BREAK,False,
development,BEAR,00-04,2024-05-25 00:00:00+00:00,2024-05-25 04:00:00+00:00,69222.2,68535.6,686.5999999999913,68638.59000000001,2024-05-25 00:05:00+00:00,2024-05-25 00:00:00+00:00,True,CLEAN_CAUSAL_LEAVE,2024-05-25 00:05:00+00:00,2024-05-25 00:10:00+00:00,2024-05-25 00:10:00+00:00,2024-05-25 00:55:00+00:00,L2_ARRIVAL,True,45.0
development,BULL,12-16,2024-05-26 12:00:00+00:00,2024-05-26 16:00:00+00:00,69590.3,68980.6,609.6999999999971,69072.05500000001,2024-05-26 12:40:00+00:00,2024-05-26 12:35:00+00:00,True,CLEAN_CAUSAL_LEAVE,2024-05-26 12:40:00+00:00,2024-05-26 12:45:00+00:00,,2024-05-26 13:05:00+00:00,L2_ARRIVAL,False,
development,BEAR,12-16,2024-05-28 12:00:00+00:00,2024-05-28 16:00:00+00:00,68921.6,67602.8,1318.800000000003,67800.62000000001,2024-05-28 14:05:00+00:00,2024-05-28 14:00:00+00:00,True,CLEAN_CAUSAL_LEAVE,2024-05-28 14:05:00+00:00,2024-05-28 14:10:00+00:00,2024-05-28 14:40:00+00:00,2024-05-28 16:00:00+00:00,BLOCK_END,False,
development,SIDEWAYS,04-08,2024-05-29 04:00:00+00:00,2024-05-29 08:00:00+00:00,68983.0,68302.8,680.1999999999971,68404.83,2024-05-29 07:10:00+00:00,2024-05-29 07:05:00+00:00,True,CLEAN_CAUSAL_LEAVE,2024-05-29 07:10:00+00:00,2024-05-29 07:15:00+00:00,2024-05-29 07:15:00+00:00,2024-05-29 07:25:00+00:00,L2_ARRIVAL,True,10.0
development,BEAR,12-16,2024-05-29 12:00:00+00:00,2024-05-29 16:00:00+00:00,68085.2,67631.0,454.1999999999971,67699.13,2024-05-29 12:40:00+00:00,2024-05-29 12:35:00+00:00,True,CLEAN_CAUSAL_LEAVE,2024-05-29 12:40:00+00:00,2024-05-29 12:45:00+00:00,,2024-05-29 13:10:00+00:00,OPPOSITE_HIGH_BREAK,False,
development,BEAR,08-12,2024-05-30 08:00:00+00:00,2024-05-30 12:00:00+00:00,68479.0,67555.0,924.0,67693.6,2024-05-30 08:05:00+00:00,2024-05-30 08:00:00+00:00,False,LOW_BREAK_BEFORE_LEAVE,2024-05-30 08:05:00+00:00,,,2024-05-30 08:05:00+00:00,L2_BREAK,False,
development,BULL,04-08,2024-05-31 04:00:00+00:00,2024-05-31 08:00:00+00:00,68782.0,68316.0,466.0,68385.9,2024-05-31 06:15:00+00:00,2024-05-31 06:10:00+00:00,True,CLEAN_CAUSAL_LEAVE,2024-05-31 06:15:00+00:00,2024-05-31 06:20:00+00:00,2024-05-31 06:20:00+00:00,2024-05-31 06:50:00+00:00,L2_ARRIVAL,True,30.0
development,BEAR,16-20,2024-05-31 16:00:00+00:00,2024-05-31 20:00:00+00:00,69080.0,67234.0,1846.0,67510.9,2024-05-31 16:05:00+00:00,2024-05-31 16:00:00+00:00,False,LOW_BREAK_BEFORE_LEAVE,2024-05-31 16:05:00+00:00,,,2024-05-31 16:05:00+00:00,L2_BREAK,False,
development,BEAR,16-20,2024-06-01 16:00:00+00:00,2024-06-01 20:00:00+00:00,67936.0,67681.4,254.60000000000582,67719.59,2024-06-01 16:20:00+00:00,2024-06-01 16:15:00+00:00,True,CLEAN_CAUSAL_LEAVE,2024-06-01 16:20:00+00:00,2024-06-01 16:25:00+00:00,2024-06-01 16:30:00+00:00,2024-06-01 17:05:00+00:00,L2_ARRIVAL,True,35.0
development,BEAR,08-12,2024-06-02 08:00:00+00:00,2024-06-02 12:00:00+00:00,67910.0,67738.0,172.0,67763.8,2024-06-02 08:05:00+00:00,2024-06-02 08:00:00+00:00,True,CLEAN_CAUSAL_LEAVE,2024-06-02 08:05:00+00:00,2024-06-02 08:10:00+00:00,2024-06-02 08:20:00+00:00,2024-06-02 09:15:00+00:00,L2_ARRIVAL,True,55.0
development,BULL,08-12,2024-06-05 08:00:00+00:00,2024-06-05 12:00:00+00:00,71430.0,70872.4,557.6000000000058,70956.04,2024-06-05 09:50:00+00:00,2024-06-05 09:45:00+00:00,True,CLEAN_CAUSAL_LEAVE,2024-06-05 09:50:00+00:00,2024-06-05 09:55:00+00:00,,2024-06-05 10:00:00+00:00,L2_ARRIVAL,False,
development,BULL,12-16,2024-06-05 12:00:00+00:00,2024-06-05 16:00:00+00:00,71282.2,70737.4,544.8000000000029,70819.12,2024-06-05 12:30:00+00:00,2024-06-05 12:25:00+00:00,True,CLEAN_CAUSAL_LEAVE,2024-06-05 12:40:00+00:00,2024-06-05 12:45:00+00:00,2024-06-05 13:35:00+00:00,2024-06-05 13:40:00+00:00,L2_ARRIVAL,True,5.0
development,BEAR,20-00,2024-06-08 20:00:00+00:00,2024-06-09 00:00:00+00:00,69533.0,69334.5,198.5,69364.275,2024-06-08 22:25:00+00:00,2024-06-08 22:20:00+00:00,False,LOW_BREAK_BEFORE_LEAVE,2024-06-08 22:25:00+00:00,,,2024-06-08 22:25:00+00:00,L2_BREAK,False,
development,BEAR,04-08,2024-06-10 04:00:00+00:00,2024-06-10 08:00:00+00:00,69833.0,69450.1,382.8999999999942,69507.535,2024-06-10 06:50:00+00:00,2024-06-10 06:45:00+00:00,False,LOW_BREAK_BEFORE_LEAVE,2024-06-10 07:00:00+00:00,,,2024-06-10 07:00:00+00:00,L2_BREAK,False,
development,BEAR,08-12,2024-06-10 08:00:00+00:00,2024-06-10 12:00:00+00:00,69712.1,69265.0,447.1000000000058,69332.065,2024-06-10 09:35:00+00:00,2024-06-10 09:30:00+00:00,True,CLEAN_CAUSAL_LEAVE,2024-06-10 09:35:00+00:00,2024-06-10 09:40:00+00:00,,2024-06-10 12:00:00+00:00,BLOCK_END,False,
development,BEAR,20-00,2024-06-10 20:00:00+00:00,2024-06-11 00:00:00+00:00,70166.1,69420.0,746.1000000000058,69531.91500000001,2024-06-10 20:05:00+00:00,2024-06-10 20:00:00+00:00,False,LOW_BREAK_BEFORE_LEAVE,2024-06-10 20:05:00+00:00,,,2024-06-10 20:05:00+00:00,L2_BREAK,False,
development,BEAR,04-08,2024-06-11 04:00:00+00:00,2024-06-11 08:00:00+00:00,69600.0,67881.9,1718.1000000000058,68139.61499999999,2024-06-11 04:30:00+00:00,2024-06-11 04:25:00+00:00,False,LOW_BREAK_BEFORE_LEAVE,2024-06-11 04:30:00+00:00,,,2024-06-11 04:30:00+00:00,L2_BREAK,False,
development,BEAR,08-12,2024-06-11 08:00:00+00:00,2024-06-11 12:00:00+00:00,68472.2,67300.0,1172.199999999997,67475.83,2024-06-11 08:20:00+00:00,2024-06-11 08:15:00+00:00,True,CLEAN_CAUSAL_LEAVE,2024-06-11 08:20:00+00:00,2024-06-11 08:25:00+00:00,2024-06-11 08:25:00+00:00,2024-06-11 09:30:00+00:00,L2_ARRIVAL,True,65.0
development,BEAR,12-16,2024-06-11 12:00:00+00:00,2024-06-11 16:00:00+00:00,67690.8,66689.5,1001.3000000000029,66839.695,2024-06-11 13:50:00+00:00,2024-06-11 13:45:00+00:00,True,CLEAN_CAUSAL_LEAVE,2024-06-11 13:50:00+00:00,2024-06-11 13:55:00+00:00,,2024-06-11 13:55:00+00:00,L2_ARRIVAL,False,
development,BEAR,00-04,2024-06-12 00:00:00+00:00,2024-06-12 04:00:00+00:00,67605.0,67180.4,424.6000000000058,67244.09,2024-06-12 01:05:00+00:00,2024-06-12 01:00:00+00:00,True,CLEAN_CAUSAL_LEAVE,2024-06-12 01:05:00+00:00,2024-06-12 01:10:00+00:00,,2024-06-12 01:10:00+00:00,L2_ARRIVAL,False,
development,BEAR,16-20,2024-06-13 16:00:00+00:00,2024-06-13 20:00:00+00:00,68607.7,66337.0,2270.699999999997,66677.605,2024-06-13 16:05:00+00:00,2024-06-13 16:00:00+00:00,True,CLEAN_CAUSAL_LEAVE,2024-06-13 16:05:00+00:00,2024-06-13 16:10:00+00:00,2024-06-13 16:10:00+00:00,2024-06-13 20:00:00+00:00,BLOCK_END,False,
development,BEAR,08-12,2024-06-15 08:00:00+00:00,2024-06-15 12:00:00+00:00,66421.5,66060.0,361.5,66114.225,2024-06-15 09:35:00+00:00,2024-06-15 09:30:00+00:00,True,CLEAN_CAUSAL_LEAVE,2024-06-15 09:35:00+00:00,2024-06-15 09:40:00+00:00,,2024-06-15 12:00:00+00:00,BLOCK_END,False,
development,BEAR,20-00,2024-06-16 20:00:00+00:00,2024-06-17 00:00:00+00:00,66733.3,66496.0,237.3000000000029,66531.595,2024-06-16 20:15:00+00:00,2024-06-16 20:10:00+00:00,True,CLEAN_CAUSAL_LEAVE,2024-06-16 20:20:00+00:00,2024-06-16 20:25:00+00:00,2024-06-16 20:40:00+00:00,2024-06-16 20:50:00+00:00,L2_ARRIVAL,True,10.0
development,BEAR,12-16,2024-06-17 12:00:00+00:00,2024-06-17 16:00:00+00:00,66295.8,65511.6,784.2000000000044,65629.23,2024-06-17 12:50:00+00:00,2024-06-17 12:45:00+00:00,True,CLEAN_CAUSAL_LEAVE,2024-06-17 12:50:00+00:00,2024-06-17 12:55:00+00:00,,2024-06-17 13:05:00+00:00,L2_ARRIVAL,False,
development,BEAR,12-16,2024-06-18 12:00:00+00:00,2024-06-18 16:00:00+00:00,65724.6,65080.9,643.7000000000044,65177.455,2024-06-18 12:20:00+00:00,2024-06-18 12:15:00+00:00,False,LOW_BREAK_BEFORE_LEAVE,2024-06-18 12:25:00+00:00,,,2024-06-18 12:25:00+00:00,L2_BREAK,False,
development,BEAR,08-12,2024-06-19 08:00:00+00:00,2024-06-19 12:00:00+00:00,65711.9,65143.0,568.8999999999942,65228.335,2024-06-19 08:35:00+00:00,2024-06-19 08:30:00+00:00,True,CLEAN_CAUSAL_LEAVE,2024-06-19 08:35:00+00:00,2024-06-19 08:40:00+00:00,,2024-06-19 08:40:00+00:00,L2_ARRIVAL,False,
development,BEAR,12-16,2024-06-19 12:00:00+00:00,2024-06-19 16:00:00+00:00,65519.6,64955.9,563.6999999999971,65040.455,2024-06-19 14:05:00+00:00,2024-06-19 14:00:00+00:00,True,CLEAN_CAUSAL_LEAVE,2024-06-19 14:05:00+00:00,2024-06-19 14:10:00+00:00,,2024-06-19 14:10:00+00:00,L2_ARRIVAL,False,
development,BEAR,04-08,2024-06-21 04:00:00+00:00,2024-06-21 08:00:00+00:00,65055.5,64306.5,749.0,64418.85,2024-06-21 04:05:00+00:00,2024-06-21 04:00:00+00:00,True,CLEAN_CAUSAL_LEAVE,2024-06-21 04:05:00+00:00,2024-06-21 04:10:00+00:00,2024-06-21 07:45:00+00:00,2024-06-21 07:50:00+00:00,L2_ARRIVAL,True,5.0
development,BEAR,08-12,2024-06-21 08:00:00+00:00,2024-06-21 12:00:00+00:00,64715.9,64167.1,548.8000000000029,64249.42,2024-06-21 08:10:00+00:00,2024-06-21 08:05:00+00:00,True,CLEAN_CAUSAL_LEAVE,2024-06-21 08:10:00+00:00,2024-06-21 08:15:00+00:00,2024-06-21 08:15:00+00:00,2024-06-21 08:35:00+00:00,L2_ARRIVAL,True,20.0
development,BEAR,12-16,2024-06-21 12:00:00+00:00,2024-06-21 16:00:00+00:00,64350.0,63485.0,865.0,63614.75,2024-06-21 13:35:00+00:00,2024-06-21 13:30:00+00:00,True,CLEAN_CAUSAL_LEAVE,2024-06-21 13:35:00+00:00,2024-06-21 13:40:00+00:00,2024-06-21 13:45:00+00:00,2024-06-21 13:50:00+00:00,L2_ARRIVAL,True,5.0
development,BEAR,16-20,2024-06-22 16:00:00+00:00,2024-06-22 20:00:00+00:00,64390.3,64222.0,168.3000000000029,64247.245,2024-06-22 19:30:00+00:00,2024-06-22 19:25:00+00:00,False,LOW_BREAK_BEFORE_LEAVE,2024-06-22 19:30:00+00:00,,,2024-06-22 19:30:00+00:00,L2_BREAK,False,
development,BEAR,16-20,2024-06-23 16:00:00+00:00,2024-06-23 20:00:00+00:00,64409.1,64034.2,374.90000000000146,64090.435,2024-06-23 16:10:00+00:00,2024-06-23 16:05:00+00:00,True,CLEAN_CAUSAL_LEAVE,2024-06-23 16:10:00+00:00,2024-06-23 16:15:00+00:00,2024-06-23 16:20:00+00:00,2024-06-23 16:50:00+00:00,L2_ARRIVAL,True,30.0
development,BEAR,04-08,2024-06-24 04:00:00+00:00,2024-06-24 08:00:00+00:00,63357.0,62638.0,719.0,62745.85,2024-06-24 04:15:00+00:00,2024-06-24 04:10:00+00:00,True,CLEAN_CAUSAL_LEAVE,2024-06-24 04:15:00+00:00,2024-06-24 04:20:00+00:00,2024-06-24 04:20:00+00:00,2024-06-24 05:15:00+00:00,L2_ARRIVAL,True,55.0
development,BEAR,16-20,2024-06-24 16:00:00+00:00,2024-06-24 20:00:00+00:00,61677.0,60650.0,1027.0,60804.05,2024-06-24 16:10:00+00:00,2024-06-24 16:05:00+00:00,True,CLEAN_CAUSAL_LEAVE,2024-06-24 16:10:00+00:00,2024-06-24 16:15:00+00:00,2024-06-24 16:15:00+00:00,2024-06-24 16:35:00+00:00,L2_ARRIVAL,True,20.0
development,BEAR,00-04,2024-06-26 00:00:00+00:00,2024-06-26 04:00:00+00:00,62141.4,61641.4,500.0,61716.4,2024-06-26 00:45:00+00:00,2024-06-26 00:40:00+00:00,True,CLEAN_CAUSAL_LEAVE,2024-06-26 00:45:00+00:00,2024-06-26 00:50:00+00:00,2024-06-26 00:50:00+00:00,2024-06-26 02:05:00+00:00,OPPOSITE_HIGH_BREAK,False,
development,BEAR,16-20,2024-06-26 16:00:00+00:00,2024-06-26 20:00:00+00:00,61959.4,61140.2,819.2000000000044,61263.079999999994,2024-06-26 16:55:00+00:00,2024-06-26 16:50:00+00:00,True,CLEAN_CAUSAL_LEAVE,2024-06-26 16:55:00+00:00,2024-06-26 17:00:00+00:00,,2024-06-26 17:00:00+00:00,L2_ARRIVAL,False,
development,BEAR,20-00,2024-06-26 20:00:00+00:00,2024-06-27 00:00:00+00:00,61532.5,60700.0,832.5,60824.875,2024-06-26 20:30:00+00:00,2024-06-26 20:25:00+00:00,True,CLEAN_CAUSAL_LEAVE,2024-06-26 20:30:00+00:00,2024-06-26 20:35:00+00:00,2024-06-26 20:40:00+00:00,2024-06-27 00:00:00+00:00,BLOCK_END,False,
development,BEAR,04-08,2024-06-27 04:00:00+00:00,2024-06-27 08:00:00+00:00,61327.9,60752.2,575.7000000000044,60838.555,2024-06-27 06:05:00+00:00,2024-06-27 06:00:00+00:00,False,LOW_BREAK_BEFORE_LEAVE,2024-06-27 06:10:00+00:00,,,2024-06-27 06:10:00+00:00,L2_BREAK,False,
development,BEAR,20-00,2024-06-27 20:00:00+00:00,2024-06-28 00:00:00+00:00,61997.2,61396.4,600.7999999999956,61486.520000000004,2024-06-27 20:05:00+00:00,2024-06-27 20:00:00+00:00,True,CLEAN_CAUSAL_LEAVE,2024-06-27 20:05:00+00:00,2024-06-27 20:10:00+00:00,2024-06-27 20:10:00+00:00,2024-06-27 20:25:00+00:00,L2_ARRIVAL,True,15.0
development,BEAR,08-12,2024-06-28 08:00:00+00:00,2024-06-28 12:00:00+00:00,61812.9,61186.4,626.5,61280.375,2024-06-28 08:15:00+00:00,2024-06-28 08:10:00+00:00,True,CLEAN_CAUSAL_LEAVE,2024-06-28 08:15:00+00:00,2024-06-28 08:20:00+00:00,,2024-06-28 12:00:00+00:00,BLOCK_END,False,
development,BEAR,16-20,2024-06-28 16:00:00+00:00,2024-06-28 20:00:00+00:00,61868.1,60721.2,1146.9000000000015,60893.235,2024-06-28 16:45:00+00:00,2024-06-28 16:40:00+00:00,True,CLEAN_CAUSAL_LEAVE,2024-06-28 16:55:00+00:00,2024-06-28 17:00:00+00:00,2024-06-28 17:00:00+00:00,2024-06-28 17:50:00+00:00,L2_ARRIVAL,True,50.0
development,BEAR,20-00,2024-06-28 20:00:00+00:00,2024-06-29 00:00:00+00:00,61106.0,60077.2,1028.800000000003,60231.52,2024-06-28 20:05:00+00:00,2024-06-28 20:00:00+00:00,True,CLEAN_CAUSAL_LEAVE,2024-06-28 20:05:00+00:00,2024-06-28 20:10:00+00:00,2024-06-28 20:10:00+00:00,2024-06-29 00:00:00+00:00,BLOCK_END,False,
development,BEAR,16-20,2024-06-29 16:00:00+00:00,2024-06-29 20:00:00+00:00,61188.6,60951.1,237.5,60986.725,2024-06-29 16:20:00+00:00,2024-06-29 16:15:00+00:00,False,LOW_BREAK_BEFORE_LEAVE,2024-06-29 16:25:00+00:00,,,2024-06-29 16:25:00+00:00,L2_BREAK,False,
development,BEAR,20-00,2024-06-29 20:00:00+00:00,2024-06-30 00:00:00+00:00,61130.0,60918.6,211.40000000000146,60950.31,2024-06-29 22:25:00+00:00,2024-06-29 22:20:00+00:00,True,CLEAN_CAUSAL_LEAVE,2024-06-29 22:25:00+00:00,2024-06-29 22:30:00+00:00,2024-06-29 22:30:00+00:00,2024-06-29 22:35:00+00:00,L2_ARRIVAL,True,5.0
development,BEAR,00-04,2024-06-30 00:00:00+00:00,2024-06-30 04:00:00+00:00,61097.0,60883.1,213.90000000000146,60915.185,2024-06-30 02:25:00+00:00,2024-06-30 02:20:00+00:00,True,CLEAN_CAUSAL_LEAVE,2024-06-30 02:35:00+00:00,2024-06-30 02:40:00+00:00,,2024-06-30 02:40:00+00:00,L2_ARRIVAL,False,
development,BULL,12-16,2024-07-01 12:00:00+00:00,2024-07-01 16:00:00+00:00,63302.7,62580.0,722.6999999999971,62688.405,2024-07-01 13:55:00+00:00,2024-07-01 13:50:00+00:00,True,CLEAN_CAUSAL_LEAVE,2024-07-01 13:55:00+00:00,2024-07-01 14:00:00+00:00,2024-07-01 14:00:00+00:00,2024-07-01 16:00:00+00:00,BLOCK_END,False,
development,BULL,00-04,2024-07-02 00:00:00+00:00,2024-07-02 04:00:00+00:00,63421.6,62780.0,641.5999999999985,62876.24,2024-07-02 00:20:00+00:00,2024-07-02 00:15:00+00:00,True,CLEAN_CAUSAL_LEAVE,2024-07-02 00:20:00+00:00,2024-07-02 00:25:00+00:00,2024-07-02 00:25:00+00:00,2024-07-02 04:00:00+00:00,BLOCK_END,False,
development,BEAR,16-20,2024-07-03 16:00:00+00:00,2024-07-03 20:00:00+00:00,60700.0,59756.5,943.5,59898.025,2024-07-03 19:55:00+00:00,2024-07-03 19:50:00+00:00,False,LOW_BREAK_BEFORE_LEAVE,2024-07-03 19:55:00+00:00,,,2024-07-03 19:55:00+00:00,L2_BREAK,False,
development,BEAR,12-16,2024-07-04 12:00:00+00:00,2024-07-04 16:00:00+00:00,58484.5,56917.5,1567.0,57152.55,2024-07-04 13:25:00+00:00,2024-07-04 13:20:00+00:00,False,LOW_BREAK_BEFORE_LEAVE,2024-07-04 13:30:00+00:00,,,2024-07-04 13:30:00+00:00,L2_BREAK,False,
development,SIDEWAYS,04-08,2024-07-07 04:00:00+00:00,2024-07-07 08:00:00+00:00,58443.0,57820.0,623.0,57913.45,2024-07-07 04:10:00+00:00,2024-07-07 04:05:00+00:00,False,LOW_BREAK_BEFORE_LEAVE,2024-07-07 04:15:00+00:00,,,2024-07-07 04:15:00+00:00,L2_BREAK,False,
development,BEAR,00-04,2024-07-08 00:00:00+00:00,2024-07-08 04:00:00+00:00,57301.8,55688.0,1613.800000000003,55930.07,2024-07-08 00:05:00+00:00,2024-07-08 00:00:00+00:00,False,LOW_BREAK_BEFORE_LEAVE,2024-07-08 00:05:00+00:00,,,2024-07-08 00:05:00+00:00,L2_BREAK,False,
development,SIDEWAYS,08-12,2024-07-09 08:00:00+00:00,2024-07-09 12:00:00+00:00,57744.8,57000.0,744.8000000000029,57111.72,2024-07-09 08:10:00+00:00,2024-07-09 08:05:00+00:00,True,CLEAN_CAUSAL_LEAVE,2024-07-09 08:10:00+00:00,2024-07-09 08:15:00+00:00,,2024-07-09 08:40:00+00:00,OPPOSITE_HIGH_BREAK,False,
development,SIDEWAYS,12-16,2024-07-09 12:00:00+00:00,2024-07-09 16:00:00+00:00,57899.9,57000.0,899.9000000000015,57134.985,2024-07-09 13:55:00+00:00,2024-07-09 13:50:00+00:00,True,CLEAN_CAUSAL_LEAVE,2024-07-09 13:55:00+00:00,2024-07-09 14:00:00+00:00,2024-07-09 14:00:00+00:00,2024-07-09 15:00:00+00:00,L2_ARRIVAL,True,60.0
development,BULL,16-20,2024-07-10 16:00:00+00:00,2024-07-10 20:00:00+00:00,58544.5,57416.5,1128.0,57585.7,2024-07-10 17:30:00+00:00,2024-07-10 17:25:00+00:00,True,CLEAN_CAUSAL_LEAVE,2024-07-10 17:30:00+00:00,2024-07-10 17:35:00+00:00,2024-07-10 17:40:00+00:00,2024-07-10 19:10:00+00:00,L2_ARRIVAL,True,90.0
development,SIDEWAYS,20-00,2024-07-11 20:00:00+00:00,2024-07-12 00:00:00+00:00,57969.6,57152.0,817.5999999999985,57274.64,2024-07-11 22:55:00+00:00,2024-07-11 22:50:00+00:00,True,CLEAN_CAUSAL_LEAVE,2024-07-11 22:55:00+00:00,2024-07-11 23:00:00+00:00,2024-07-11 23:00:00+00:00,2024-07-11 23:15:00+00:00,L2_ARRIVAL,True,15.0
development,BULL,04-08,2024-07-13 04:00:00+00:00,2024-07-13 08:00:00+00:00,57962.8,57730.2,232.60000000000582,57765.09,2024-07-13 05:05:00+00:00,2024-07-13 05:00:00+00:00,True,CLEAN_CAUSAL_LEAVE,2024-07-13 05:05:00+00:00,2024-07-13 05:10:00+00:00,,2024-07-13 05:50:00+00:00,OPPOSITE_HIGH_BREAK,False,
development,BULL,20-00,2024-07-14 20:00:00+00:00,2024-07-15 00:00:00+00:00,60154.6,59858.0,296.59999999999854,59902.49,2024-07-14 20:10:00+00:00,2024-07-14 20:05:00+00:00,True,CLEAN_CAUSAL_LEAVE,2024-07-14 20:10:00+00:00,2024-07-14 20:15:00+00:00,2024-07-14 20:15:00+00:00,2024-07-14 20:35:00+00:00,OPPOSITE_HIGH_BREAK,False,
development,BULL,20-00,2024-07-16 20:00:00+00:00,2024-07-17 00:00:00+00:00,65177.0,64070.4,1106.5999999999985,64236.39,2024-07-16 22:10:00+00:00,2024-07-16 22:05:00+00:00,True,CLEAN_CAUSAL_LEAVE,2024-07-16 22:10:00+00:00,2024-07-16 22:15:00+00:00,,2024-07-16 23:25:00+00:00,OPPOSITE_HIGH_BREAK,False,
development,BULL,12-16,2024-07-17 12:00:00+00:00,2024-07-17 16:00:00+00:00,65479.5,64531.0,948.5,64673.275,2024-07-17 13:35:00+00:00,2024-07-17 13:30:00+00:00,True,CLEAN_CAUSAL_LEAVE,2024-07-17 13:35:00+00:00,2024-07-17 13:40:00+00:00,2024-07-17 13:40:00+00:00,2024-07-17 16:00:00+00:00,BLOCK_END,False,
development,BULL,00-04,2024-07-18 00:00:00+00:00,2024-07-18 04:00:00+00:00,64654.4,64020.0,634.4000000000015,64115.16,2024-07-18 00:10:00+00:00,2024-07-18 00:05:00+00:00,False,LOW_BREAK_BEFORE_LEAVE,2024-07-18 00:10:00+00:00,,,2024-07-18 00:10:00+00:00,L2_BREAK,False,
development,SIDEWAYS,16-20,2024-07-18 16:00:00+00:00,2024-07-18 20:00:00+00:00,65098.9,63359.1,1739.800000000003,63620.07,2024-07-18 16:05:00+00:00,2024-07-18 16:00:00+00:00,True,CLEAN_CAUSAL_LEAVE,2024-07-18 16:05:00+00:00,2024-07-18 16:10:00+00:00,2024-07-18 16:10:00+00:00,2024-07-18 18:40:00+00:00,L2_ARRIVAL,True,150.0
development,BULL,04-08,2024-07-22 04:00:00+00:00,2024-07-22 08:00:00+00:00,68459.7,67700.0,759.6999999999971,67813.955,2024-07-22 05:25:00+00:00,2024-07-22 05:20:00+00:00,True,CLEAN_CAUSAL_LEAVE,2024-07-22 05:25:00+00:00,2024-07-22 05:30:00+00:00,,2024-07-22 05:30:00+00:00,L2_ARRIVAL,False,
development,BULL,00-04,2024-07-23 00:00:00+00:00,2024-07-23 04:00:00+00:00,68221.5,67202.1,1019.3999999999942,67355.01000000001,2024-07-23 01:30:00+00:00,2024-07-23 01:25:00+00:00,True,CLEAN_CAUSAL_LEAVE,2024-07-23 01:35:00+00:00,2024-07-23 01:40:00+00:00,2024-07-23 01:50:00+00:00,2024-07-23 04:00:00+00:00,BLOCK_END,False,
development,BEAR,20-00,2024-07-24 20:00:00+00:00,2024-07-25 00:00:00+00:00,66687.9,65537.0,1150.8999999999942,65709.635,2024-07-24 21:15:00+00:00,2024-07-24 21:10:00+00:00,True,CLEAN_CAUSAL_LEAVE,2024-07-24 21:15:00+00:00,2024-07-24 21:20:00+00:00,2024-07-24 21:20:00+00:00,2024-07-24 21:30:00+00:00,L2_ARRIVAL,True,10.0
development,BEAR,04-08,2024-07-25 04:00:00+00:00,2024-07-25 08:00:00+00:00,65606.3,63823.3,1783.0,64090.75,2024-07-25 04:10:00+00:00,2024-07-25 04:05:00+00:00,True,CLEAN_CAUSAL_LEAVE,2024-07-25 04:10:00+00:00,2024-07-25 04:15:00+00:00,2024-07-25 04:15:00+00:00,2024-07-25 08:00:00+00:00,BLOCK_END,False,
development,BEAR,12-16,2024-07-25 12:00:00+00:00,2024-07-25 16:00:00+00:00,64474.2,63857.2,617.0,63949.75,2024-07-25 14:00:00+00:00,2024-07-25 13:55:00+00:00,False,LOW_BREAK_BEFORE_LEAVE,2024-07-25 14:00:00+00:00,,,2024-07-25 14:00:00+00:00,L2_BREAK,False,
development,BULL,16-20,2024-07-27 16:00:00+00:00,2024-07-27 20:00:00+00:00,69381.7,68162.9,1218.800000000003,68345.72,2024-07-27 19:05:00+00:00,2024-07-27 19:00:00+00:00,True,CLEAN_CAUSAL_LEAVE,2024-07-27 19:10:00+00:00,2024-07-27 19:15:00+00:00,2024-07-27 19:15:00+00:00,2024-07-27 19:40:00+00:00,L2_ARRIVAL,True,25.0
development,BULL,20-00,2024-07-27 20:00:00+00:00,2024-07-28 00:00:00+00:00,68976.4,67538.4,1438.0,67754.09999999999,2024-07-27 20:15:00+00:00,2024-07-27 20:10:00+00:00,False,LOW_BREAK_BEFORE_LEAVE,2024-07-27 20:20:00+00:00,,,2024-07-27 20:20:00+00:00,L2_BREAK,False,
development,SIDEWAYS,00-04,2024-07-30 00:00:00+00:00,2024-07-30 04:00:00+00:00,67521.0,66547.1,973.8999999999942,66693.185,2024-07-30 00:20:00+00:00,2024-07-30 00:15:00+00:00,False,LOW_BREAK_BEFORE_LEAVE,2024-07-30 00:20:00+00:00,,,2024-07-30 00:20:00+00:00,L2_BREAK,False,
development,BEAR,00-04,2024-08-01 00:00:00+00:00,2024-08-01 04:00:00+00:00,65399.0,64500.4,898.5999999999985,64635.19,2024-08-01 00:30:00+00:00,2024-08-01 00:25:00+00:00,True,CLEAN_CAUSAL_LEAVE,2024-08-01 00:30:00+00:00,2024-08-01 00:35:00+00:00,2024-08-01 00:40:00+00:00,2024-08-01 00:45:00+00:00,L2_ARRIVAL,True,5.0
development,BEAR,04-08,2024-08-01 04:00:00+00:00,2024-08-01 08:00:00+00:00,64824.4,63722.0,1102.4000000000015,63887.36,2024-08-01 04:45:00+00:00,2024-08-01 04:40:00+00:00,False,LOW_BREAK_BEFORE_LEAVE,2024-08-01 04:45:00+00:00,,,2024-08-01 04:45:00+00:00,L2_BREAK,False,
development,BEAR,20-00,2024-08-02 20:00:00+00:00,2024-08-03 00:00:00+00:00,63600.0,62478.0,1122.0,62646.3,2024-08-02 20:30:00+00:00,2024-08-02 20:25:00+00:00,False,LOW_BREAK_BEFORE_LEAVE,2024-08-02 20:30:00+00:00,,,2024-08-02 20:30:00+00:00,L2_BREAK,False,
development,BEAR,16-20,2024-08-03 16:00:00+00:00,2024-08-03 20:00:00+00:00,62166.0,60800.0,1366.0,61004.9,2024-08-03 16:05:00+00:00,2024-08-03 16:00:00+00:00,True,CLEAN_CAUSAL_LEAVE,2024-08-03 16:10:00+00:00,2024-08-03 16:15:00+00:00,,2024-08-03 16:15:00+00:00,L2_ARRIVAL,False,
development,BEAR,20-00,2024-08-03 20:00:00+00:00,2024-08-04 00:00:00+00:00,61262.5,59888.0,1374.5,60094.175,2024-08-03 21:10:00+00:00,2024-08-03 21:05:00+00:00,True,CLEAN_CAUSAL_LEAVE,2024-08-03 21:10:00+00:00,2024-08-03 21:15:00+00:00,,2024-08-04 00:00:00+00:00,BLOCK_END,False,
development,BEAR,04-08,2024-08-04 04:00:00+00:00,2024-08-04 08:00:00+00:00,61089.5,60290.9,798.5999999999985,60410.69,2024-08-04 07:50:00+00:00,2024-08-04 07:45:00+00:00,False,LOW_BREAK_BEFORE_LEAVE,2024-08-04 07:50:00+00:00,,,2024-08-04 07:50:00+00:00,L2_BREAK,False,
development,BEAR,16-20,2024-08-04 16:00:00+00:00,2024-08-04 20:00:00+00:00,61064.6,58926.1,2138.5,59246.875,2024-08-04 16:05:00+00:00,2024-08-04 16:00:00+00:00,True,CLEAN_CAUSAL_LEAVE,2024-08-04 16:05:00+00:00,2024-08-04 16:10:00+00:00,2024-08-04 16:10:00+00:00,2024-08-04 16:25:00+00:00,L2_ARRIVAL,True,15.0
development,BEAR,04-08,2024-08-05 04:00:00+00:00,2024-08-05 08:00:00+00:00,58286.9,52222.0,6064.9000000000015,53131.735,2024-08-05 05:15:00+00:00,2024-08-05 05:10:00+00:00,True,CLEAN_CAUSAL_LEAVE,2024-08-05 05:15:00+00:00,2024-08-05 05:20:00+00:00,2024-08-05 05:20:00+00:00,2024-08-05 06:05:00+00:00,L2_ARRIVAL,True,45.0
development,BEAR,20-00,2024-08-06 20:00:00+00:00,2024-08-07 00:00:00+00:00,56999.9,56205.1,794.8000000000029,56324.32,2024-08-06 20:55:00+00:00,2024-08-06 20:50:00+00:00,True,CLEAN_CAUSAL_LEAVE,2024-08-06 20:55:00+00:00,2024-08-06 21:00:00+00:00,2024-08-06 21:05:00+00:00,2024-08-06 21:10:00+00:00,L2_ARRIVAL,True,5.0
development,BEAR,12-16,2024-08-07 12:00:00+00:00,2024-08-07 16:00:00+00:00,57699.0,56838.0,861.0,56967.15,2024-08-07 12:10:00+00:00,2024-08-07 12:05:00+00:00,True,CLEAN_CAUSAL_LEAVE,2024-08-07 12:15:00+00:00,2024-08-07 12:20:00+00:00,2024-08-07 12:20:00+00:00,2024-08-07 13:45:00+00:00,L2_ARRIVAL,True,85.0
development,BEAR,20-00,2024-08-07 20:00:00+00:00,2024-08-08 00:00:00+00:00,56279.8,54650.0,1629.800000000003,54894.47,2024-08-07 20:15:00+00:00,2024-08-07 20:10:00+00:00,True,CLEAN_CAUSAL_LEAVE,2024-08-07 20:15:00+00:00,2024-08-07 20:20:00+00:00,,2024-08-07 20:50:00+00:00,L2_ARRIVAL,False,
development,BULL,04-08,2024-08-09 04:00:00+00:00,2024-08-09 08:00:00+00:00,61726.0,60728.7,997.3000000000029,60878.295,2024-08-09 04:55:00+00:00,2024-08-09 04:50:00+00:00,False,LOW_BREAK_BEFORE_LEAVE,2024-08-09 04:55:00+00:00,,,2024-08-09 04:55:00+00:00,L2_BREAK,False,
development,BULL,12-16,2024-08-10 12:00:00+00:00,2024-08-10 16:00:00+00:00,61082.0,60582.4,499.59999999999854,60657.340000000004,2024-08-10 13:10:00+00:00,2024-08-10 13:05:00+00:00,False,LOW_BREAK_BEFORE_LEAVE,2024-08-10 13:10:00+00:00,,,2024-08-10 13:10:00+00:00,L2_BREAK,False,
development,BULL,16-20,2024-08-10 16:00:00+00:00,2024-08-10 20:00:00+00:00,60926.0,60375.0,551.0,60457.65,2024-08-10 16:10:00+00:00,2024-08-10 16:05:00+00:00,True,CLEAN_CAUSAL_LEAVE,2024-08-10 16:10:00+00:00,2024-08-10 16:15:00+00:00,,2024-08-10 18:10:00+00:00,OPPOSITE_HIGH_BREAK,False,
development,BULL,04-08,2024-08-11 04:00:00+00:00,2024-08-11 08:00:00+00:00,61350.0,60857.0,493.0,60930.95,2024-08-11 04:50:00+00:00,2024-08-11 04:45:00+00:00,True,CLEAN_CAUSAL_LEAVE,2024-08-11 04:50:00+00:00,2024-08-11 04:55:00+00:00,,2024-08-11 04:55:00+00:00,L2_ARRIVAL,False,
development,SIDEWAYS,00-04,2024-08-12 00:00:00+00:00,2024-08-12 04:00:00+00:00,59657.5,58255.4,1402.0999999999985,58465.715000000004,2024-08-12 00:35:00+00:00,2024-08-12 00:30:00+00:00,True,CLEAN_CAUSAL_LEAVE,2024-08-12 00:45:00+00:00,2024-08-12 00:50:00+00:00,2024-08-12 00:50:00+00:00,2024-08-12 01:05:00+00:00,L2_ARRIVAL,True,15.0
development,SIDEWAYS,12-16,2024-08-12 12:00:00+00:00,2024-08-12 16:00:00+00:00,59937.8,58086.1,1851.7000000000044,58363.854999999996,2024-08-12 14:00:00+00:00,2024-08-12 13:55:00+00:00,False,LOW_BREAK_BEFORE_LEAVE,2024-08-12 14:00:00+00:00,,,2024-08-12 14:00:00+00:00,L2_BREAK,False,
development,BEAR,04-08,2024-08-13 04:00:00+00:00,2024-08-13 08:00:00+00:00,59895.0,58840.2,1054.800000000003,58998.42,2024-08-13 04:05:00+00:00,2024-08-13 04:00:00+00:00,True,CLEAN_CAUSAL_LEAVE,2024-08-13 04:15:00+00:00,2024-08-13 04:20:00+00:00,2024-08-13 04:20:00+00:00,2024-08-13 08:00:00+00:00,BLOCK_END,False,
development,BEAR,08-12,2024-08-13 08:00:00+00:00,2024-08-13 12:00:00+00:00,59442.5,58803.0,639.5,58898.925,2024-08-13 09:20:00+00:00,2024-08-13 09:15:00+00:00,False,LOW_BREAK_BEFORE_LEAVE,2024-08-13 09:20:00+00:00,,,2024-08-13 09:20:00+00:00,L2_BREAK,False,
development,SIDEWAYS,16-20,2024-08-14 16:00:00+00:00,2024-08-14 20:00:00+00:00,61839.7,58773.3,3066.399999999994,59233.26,2024-08-14 16:50:00+00:00,2024-08-14 16:45:00+00:00,True,CLEAN_CAUSAL_LEAVE,2024-08-14 16:50:00+00:00,2024-08-14 16:55:00+00:00,2024-08-14 17:05:00+00:00,2024-08-14 18:45:00+00:00,L2_ARRIVAL,True,100.0
development,SIDEWAYS,20-00,2024-08-14 20:00:00+00:00,2024-08-15 00:00:00+00:00,59436.2,58500.0,936.1999999999971,58640.43,2024-08-14 22:05:00+00:00,2024-08-14 22:00:00+00:00,True,CLEAN_CAUSAL_LEAVE,2024-08-14 22:05:00+00:00,2024-08-14 22:10:00+00:00,2024-08-14 22:10:00+00:00,2024-08-15 00:00:00+00:00,BLOCK_END,False,
development,BEAR,04-08,2024-08-15 04:00:00+00:00,2024-08-15 08:00:00+00:00,59021.0,57971.2,1049.800000000003,58128.67,2024-08-15 06:25:00+00:00,2024-08-15 06:20:00+00:00,True,CLEAN_CAUSAL_LEAVE,2024-08-15 06:25:00+00:00,2024-08-15 06:30:00+00:00,2024-08-15 06:30:00+00:00,2024-08-15 06:45:00+00:00,L2_ARRIVAL,True,15.0
development,BULL,04-08,2024-08-18 04:00:00+00:00,2024-08-18 08:00:00+00:00,60249.8,59258.5,991.3000000000029,59407.195,2024-08-18 04:05:00+00:00,2024-08-18 04:00:00+00:00,True,CLEAN_CAUSAL_LEAVE,2024-08-18 04:05:00+00:00,2024-08-18 04:10:00+00:00,2024-08-18 04:10:00+00:00,2024-08-18 08:00:00+00:00,BLOCK_END,False,
development,BULL,20-00,2024-08-18 20:00:00+00:00,2024-08-19 00:00:00+00:00,59916.0,59327.8,588.1999999999971,59416.03,2024-08-18 22:00:00+00:00,2024-08-18 21:55:00+00:00,True,CLEAN_CAUSAL_LEAVE,2024-08-18 22:00:00+00:00,2024-08-18 22:05:00+00:00,2024-08-18 22:05:00+00:00,2024-08-18 22:35:00+00:00,L2_ARRIVAL,True,30.0
development,SIDEWAYS,16-20,2024-08-20 16:00:00+00:00,2024-08-20 20:00:00+00:00,60920.5,58663.4,2257.0999999999985,59001.965000000004,2024-08-20 16:10:00+00:00,2024-08-20 16:05:00+00:00,True,CLEAN_CAUSAL_LEAVE,2024-08-20 16:15:00+00:00,2024-08-20 16:20:00+00:00,2024-08-20 16:30:00+00:00,2024-08-20 17:00:00+00:00,L2_ARRIVAL,True,30.0
development,SIDEWAYS,00-04,2024-08-21 00:00:00+00:00,2024-08-21 04:00:00+00:00,59689.5,58831.1,858.4000000000015,58959.86,2024-08-21 01:25:00+00:00,2024-08-21 01:20:00+00:00,True,CLEAN_CAUSAL_LEAVE,2024-08-21 01:25:00+00:00,2024-08-21 01:30:00+00:00,2024-08-21 01:30:00+00:00,2024-08-21 04:00:00+00:00,BLOCK_END,False,
development,BULL,12-16,2024-08-22 12:00:00+00:00,2024-08-22 16:00:00+00:00,61392.0,60761.2,630.8000000000029,60855.82,2024-08-22 12:40:00+00:00,2024-08-22 12:35:00+00:00,True,CLEAN_CAUSAL_LEAVE,2024-08-22 12:40:00+00:00,2024-08-22 12:45:00+00:00,,2024-08-22 12:45:00+00:00,L2_ARRIVAL,False,
development,BULL,12-16,2024-08-24 12:00:00+00:00,2024-08-24 16:00:00+00:00,64472.5,63836.6,635.9000000000015,63931.985,2024-08-24 15:45:00+00:00,2024-08-24 15:40:00+00:00,True,CLEAN_CAUSAL_LEAVE,2024-08-24 15:45:00+00:00,2024-08-24 15:50:00+00:00,2024-08-24 15:50:00+00:00,2024-08-24 16:00:00+00:00,BLOCK_END,False,
development,BULL,20-00,2024-08-24 20:00:00+00:00,2024-08-25 00:00:00+00:00,64414.2,63897.6,516.5999999999985,63975.09,2024-08-24 21:30:00+00:00,2024-08-24 21:25:00+00:00,False,LOW_BREAK_BEFORE_LEAVE,2024-08-24 21:35:00+00:00,,,2024-08-24 21:35:00+00:00,L2_BREAK,False,
development,BULL,04-08,2024-08-25 04:00:00+00:00,2024-08-25 08:00:00+00:00,64549.0,63962.9,586.0999999999985,64050.815,2024-08-25 04:20:00+00:00,2024-08-25 04:15:00+00:00,True,CLEAN_CAUSAL_LEAVE,2024-08-25 04:20:00+00:00,2024-08-25 04:25:00+00:00,2024-08-25 04:25:00+00:00,2024-08-25 06:40:00+00:00,L2_ARRIVAL,True,135.0
development,BULL,08-12,2024-08-25 08:00:00+00:00,2024-08-25 12:00:00+00:00,64164.3,63751.0,413.3000000000029,63812.995,2024-08-25 10:10:00+00:00,2024-08-25 10:05:00+00:00,True,CLEAN_CAUSAL_LEAVE,2024-08-25 10:10:00+00:00,2024-08-25 10:15:00+00:00,2024-08-25 10:35:00+00:00,2024-08-25 12:00:00+00:00,BLOCK_END,False,
development,BULL,00-04,2024-08-26 00:00:00+00:00,2024-08-26 04:00:00+00:00,65175.4,64098.6,1076.800000000003,64260.119999999995,2024-08-26 00:15:00+00:00,2024-08-26 00:10:00+00:00,True,CLEAN_CAUSAL_LEAVE,2024-08-26 00:20:00+00:00,2024-08-26 00:25:00+00:00,2024-08-26 00:25:00+00:00,2024-08-26 00:40:00+00:00,L2_ARRIVAL,True,15.0
development,BULL,08-12,2024-08-26 08:00:00+00:00,2024-08-26 12:00:00+00:00,64183.2,63541.9,641.2999999999956,63638.095,2024-08-26 09:30:00+00:00,2024-08-26 09:25:00+00:00,False,LOW_BREAK_BEFORE_LEAVE,2024-08-26 09:30:00+00:00,,,2024-08-26 09:30:00+00:00,L2_BREAK,False,
development,BULL,12-16,2024-08-26 12:00:00+00:00,2024-08-26 16:00:00+00:00,64022.2,63074.5,947.6999999999971,63216.655,2024-08-26 15:20:00+00:00,2024-08-26 15:15:00+00:00,True,CLEAN_CAUSAL_LEAVE,2024-08-26 15:20:00+00:00,2024-08-26 15:25:00+00:00,,2024-08-26 16:00:00+00:00,BLOCK_END,False,
development,SIDEWAYS,00-04,2024-08-27 00:00:00+00:00,2024-08-27 04:00:00+00:00,63536.1,62750.2,785.9000000000015,62868.085,2024-08-27 00:05:00+00:00,2024-08-27 00:00:00+00:00,True,CLEAN_CAUSAL_LEAVE,2024-08-27 00:05:00+00:00,2024-08-27 00:10:00+00:00,2024-08-27 00:10:00+00:00,2024-08-27 00:50:00+00:00,L2_ARRIVAL,True,40.0
development,BEAR,12-16,2024-08-27 12:00:00+00:00,2024-08-27 16:00:00+00:00,62987.1,62200.2,786.9000000000015,62318.235,2024-08-27 12:45:00+00:00,2024-08-27 12:40:00+00:00,True,CLEAN_CAUSAL_LEAVE,2024-08-27 12:50:00+00:00,2024-08-27 12:55:00+00:00,2024-08-27 13:00:00+00:00,2024-08-27 13:20:00+00:00,L2_ARRIVAL,True,20.0
development,BEAR,12-16,2024-08-28 12:00:00+00:00,2024-08-28 16:00:00+00:00,60197.8,58510.0,1687.800000000003,58763.17,2024-08-28 15:25:00+00:00,2024-08-28 15:20:00+00:00,True,CLEAN_CAUSAL_LEAVE,2024-08-28 15:25:00+00:00,2024-08-28 15:30:00+00:00,,2024-08-28 15:30:00+00:00,L2_ARRIVAL,False,
development,SIDEWAYS,16-20,2024-08-29 16:00:00+00:00,2024-08-29 20:00:00+00:00,61144.9,59956.3,1188.5999999999985,60134.590000000004,2024-08-29 18:15:00+00:00,2024-08-29 18:10:00+00:00,False,LOW_BREAK_BEFORE_LEAVE,2024-08-29 18:15:00+00:00,,,2024-08-29 18:15:00+00:00,L2_BREAK,False,
development,BEAR,16-20,2024-08-30 16:00:00+00:00,2024-08-30 20:00:00+00:00,59914.9,57901.2,2013.7000000000044,58203.255,2024-08-30 16:30:00+00:00,2024-08-30 16:25:00+00:00,False,LOW_BREAK_BEFORE_LEAVE,2024-08-30 16:30:00+00:00,,,2024-08-30 16:30:00+00:00,L2_BREAK,False,
development,BEAR,16-20,2024-08-31 16:00:00+00:00,2024-08-31 20:00:00+00:00,59215.8,58860.0,355.8000000000029,58913.37,2024-08-31 17:00:00+00:00,2024-08-31 16:55:00+00:00,True,CLEAN_CAUSAL_LEAVE,2024-08-31 17:00:00+00:00,2024-08-31 17:05:00+00:00,2024-08-31 17:05:00+00:00,2024-08-31 17:10:00+00:00,L2_ARRIVAL,True,5.0
development,BEAR,04-08,2024-09-01 04:00:00+00:00,2024-09-01 08:00:00+00:00,59052.7,58250.0,802.6999999999971,58370.405,2024-09-01 05:15:00+00:00,2024-09-01 05:10:00+00:00,True,CLEAN_CAUSAL_LEAVE,2024-09-01 05:15:00+00:00,2024-09-01 05:20:00+00:00,,2024-09-01 05:20:00+00:00,L2_ARRIVAL,False,
development,BEAR,12-16,2024-09-01 12:00:00+00:00,2024-09-01 16:00:00+00:00,58469.9,57800.0,669.9000000000015,57900.485,2024-09-01 13:45:00+00:00,2024-09-01 13:40:00+00:00,False,LOW_BREAK_BEFORE_LEAVE,2024-09-01 13:45:00+00:00,,,2024-09-01 13:45:00+00:00,L2_BREAK,False,
development,BEAR,00-04,2024-09-02 00:00:00+00:00,2024-09-02 04:00:00+00:00,58626.3,57161.1,1465.2000000000044,57380.88,2024-09-02 00:55:00+00:00,2024-09-02 00:50:00+00:00,True,CLEAN_CAUSAL_LEAVE,2024-09-02 00:55:00+00:00,2024-09-02 01:00:00+00:00,2024-09-02 01:00:00+00:00,2024-09-02 04:00:00+00:00,BLOCK_END,False,
development,SIDEWAYS,04-08,2024-09-03 04:00:00+00:00,2024-09-03 08:00:00+00:00,59790.0,59000.0,790.0,59118.5,2024-09-03 05:00:00+00:00,2024-09-03 04:55:00+00:00,False,LOW_BREAK_BEFORE_LEAVE,2024-09-03 05:00:00+00:00,,,2024-09-03 05:00:00+00:00,L2_BREAK,False,
development,BEAR,12-16,2024-09-04 12:00:00+00:00,2024-09-04 16:00:00+00:00,56871.5,56411.6,459.90000000000146,56480.585,2024-09-04 13:35:00+00:00,2024-09-04 13:30:00+00:00,False,LOW_BREAK_BEFORE_LEAVE,2024-09-04 13:35:00+00:00,,,2024-09-04 13:35:00+00:00,L2_BREAK,False,
development,BEAR,12-16,2024-09-05 12:00:00+00:00,2024-09-05 16:00:00+00:00,57217.5,56591.0,626.5,56684.975,2024-09-05 12:05:00+00:00,2024-09-05 12:00:00+00:00,True,CLEAN_CAUSAL_LEAVE,2024-09-05 12:05:00+00:00,2024-09-05 12:10:00+00:00,2024-09-05 12:10:00+00:00,2024-09-05 12:15:00+00:00,L2_ARRIVAL,True,5.0
development,BEAR,16-20,2024-09-05 16:00:00+00:00,2024-09-05 20:00:00+00:00,57300.0,55779.1,1520.9000000000015,56007.235,2024-09-05 19:50:00+00:00,2024-09-05 19:45:00+00:00,True,CLEAN_CAUSAL_LEAVE,2024-09-05 19:50:00+00:00,2024-09-05 19:55:00+00:00,2024-09-05 19:55:00+00:00,2024-09-05 20:00:00+00:00,BLOCK_END,False,
development,BEAR,20-00,2024-09-05 20:00:00+00:00,2024-09-06 00:00:00+00:00,56688.9,55760.0,928.9000000000015,55899.335,2024-09-05 21:40:00+00:00,2024-09-05 21:35:00+00:00,True,CLEAN_CAUSAL_LEAVE,2024-09-05 21:40:00+00:00,2024-09-05 21:45:00+00:00,2024-09-05 22:15:00+00:00,2024-09-05 22:20:00+00:00,L2_ARRIVAL,True,5.0
development,BEAR,16-20,2024-09-06 16:00:00+00:00,2024-09-06 20:00:00+00:00,57000.0,53780.9,3219.0999999999985,54263.765,2024-09-06 16:20:00+00:00,2024-09-06 16:15:00+00:00,True,CLEAN_CAUSAL_LEAVE,2024-09-06 16:20:00+00:00,2024-09-06 16:25:00+00:00,,2024-09-06 16:45:00+00:00,L2_ARRIVAL,False,
development,BEAR,12-16,2024-09-08 12:00:00+00:00,2024-09-08 16:00:00+00:00,54700.0,54322.9,377.09999999999854,54379.465000000004,2024-09-08 12:35:00+00:00,2024-09-08 12:30:00+00:00,True,CLEAN_CAUSAL_LEAVE,2024-09-08 12:35:00+00:00,2024-09-08 12:40:00+00:00,,2024-09-08 12:45:00+00:00,L2_ARRIVAL,False,
development,BEAR,16-20,2024-09-08 16:00:00+00:00,2024-09-08 20:00:00+00:00,54544.0,53610.0,934.0,53750.1,2024-09-08 16:05:00+00:00,2024-09-08 16:00:00+00:00,True,CLEAN_CAUSAL_LEAVE,2024-09-08 16:05:00+00:00,2024-09-08 16:10:00+00:00,2024-09-08 16:10:00+00:00,2024-09-08 20:00:00+00:00,BLOCK_END,False,
development,BULL,04-08,2024-09-10 04:00:00+00:00,2024-09-10 08:00:00+00:00,57041.9,56493.0,548.9000000000015,56575.335,2024-09-10 04:05:00+00:00,2024-09-10 04:00:00+00:00,True,CLEAN_CAUSAL_LEAVE,2024-09-10 04:05:00+00:00,2024-09-10 04:10:00+00:00,2024-09-10 04:10:00+00:00,2024-09-10 04:35:00+00:00,L2_ARRIVAL,True,25.0
development,BULL,00-04,2024-09-11 00:00:00+00:00,2024-09-11 04:00:00+00:00,57945.4,57416.3,529.0999999999985,57495.665,2024-09-11 00:30:00+00:00,2024-09-11 00:25:00+00:00,True,CLEAN_CAUSAL_LEAVE,2024-09-11 00:30:00+00:00,2024-09-11 00:35:00+00:00,,2024-09-11 01:20:00+00:00,L2_ARRIVAL,False,
development,BULL,04-08,2024-09-11 04:00:00+00:00,2024-09-11 08:00:00+00:00,57729.0,56643.0,1086.0,56805.9,2024-09-11 04:10:00+00:00,2024-09-11 04:05:00+00:00,False,LOW_BREAK_BEFORE_LEAVE,2024-09-11 04:10:00+00:00,,,2024-09-11 04:10:00+00:00,L2_BREAK,False,
development,BULL,12-16,2024-09-12 12:00:00+00:00,2024-09-12 16:00:00+00:00,58317.5,57867.0,450.5,57934.575,2024-09-12 12:35:00+00:00,2024-09-12 12:30:00+00:00,False,LOW_BREAK_BEFORE_LEAVE,2024-09-12 12:35:00+00:00,,,2024-09-12 12:35:00+00:00,L2_BREAK,False,
development,BULL,04-08,2024-09-13 04:00:00+00:00,2024-09-13 08:00:00+00:00,58226.8,57800.8,426.0,57864.700000000004,2024-09-13 04:05:00+00:00,2024-09-13 04:00:00+00:00,True,CLEAN_CAUSAL_LEAVE,2024-09-13 04:05:00+00:00,2024-09-13 04:10:00+00:00,2024-09-13 04:35:00+00:00,2024-09-13 05:25:00+00:00,L2_ARRIVAL,True,50.0
development,BULL,12-16,2024-09-13 12:00:00+00:00,2024-09-13 16:00:00+00:00,58321.9,57792.5,529.4000000000015,57871.91,2024-09-13 12:10:00+00:00,2024-09-13 12:05:00+00:00,False,LOW_BREAK_BEFORE_LEAVE,2024-09-13 12:15:00+00:00,,,2024-09-13 12:15:00+00:00,L2_BREAK,False,
development,BULL,08-12,2024-09-14 08:00:00+00:00,2024-09-14 12:00:00+00:00,60318.8,59866.0,452.8000000000029,59933.92,2024-09-14 09:50:00+00:00,2024-09-14 09:45:00+00:00,True,CLEAN_CAUSAL_LEAVE,2024-09-14 09:50:00+00:00,2024-09-14 09:55:00+00:00,2024-09-14 10:10:00+00:00,2024-09-14 10:45:00+00:00,L2_ARRIVAL,True,35.0
development,BULL,20-00,2024-09-15 20:00:00+00:00,2024-09-16 00:00:00+00:00,60323.1,59663.0,660.0999999999985,59762.015,2024-09-15 20:30:00+00:00,2024-09-15 20:25:00+00:00,True,CLEAN_CAUSAL_LEAVE,2024-09-15 20:30:00+00:00,2024-09-15 20:35:00+00:00,2024-09-15 20:35:00+00:00,2024-09-15 21:00:00+00:00,L2_ARRIVAL,True,25.0
development,BEAR,12-16,2024-09-16 12:00:00+00:00,2024-09-16 16:00:00+00:00,59159.1,58463.6,695.5,58567.924999999996,2024-09-16 12:45:00+00:00,2024-09-16 12:40:00+00:00,True,CLEAN_CAUSAL_LEAVE,2024-09-16 12:45:00+00:00,2024-09-16 12:50:00+00:00,,2024-09-16 12:50:00+00:00,L2_ARRIVAL,False,
development,BEAR,16-20,2024-09-16 16:00:00+00:00,2024-09-16 20:00:00+00:00,58766.0,57550.0,1216.0,57732.4,2024-09-16 17:15:00+00:00,2024-09-16 17:10:00+00:00,True,CLEAN_CAUSAL_LEAVE,2024-09-16 17:25:00+00:00,2024-09-16 17:30:00+00:00,,2024-09-16 17:30:00+00:00,L2_ARRIVAL,False,
development,BULL,08-12,2024-09-18 08:00:00+00:00,2024-09-18 12:00:00+00:00,60664.9,60166.7,498.20000000000437,60241.43,2024-09-18 08:15:00+00:00,2024-09-18 08:10:00+00:00,True,CLEAN_CAUSAL_LEAVE,2024-09-18 08:20:00+00:00,2024-09-18 08:25:00+00:00,,2024-09-18 08:25:00+00:00,L2_ARRIVAL,False,
development,BULL,12-16,2024-09-18 12:00:00+00:00,2024-09-18 16:00:00+00:00,60403.7,59360.1,1043.5999999999985,59516.64,2024-09-18 14:00:00+00:00,2024-09-18 13:55:00+00:00,True,CLEAN_CAUSAL_LEAVE,2024-09-18 14:00:00+00:00,2024-09-18 14:05:00+00:00,,2024-09-18 14:05:00+00:00,L2_ARRIVAL,False,
development,BULL,00-04,2024-09-20 00:00:00+00:00,2024-09-20 04:00:00+00:00,63229.5,62623.4,606.0999999999985,62714.315,2024-09-20 01:10:00+00:00,2024-09-20 01:05:00+00:00,True,CLEAN_CAUSAL_LEAVE,2024-09-20 01:15:00+00:00,2024-09-20 01:20:00+00:00,2024-09-20 01:20:00+00:00,2024-09-20 03:15:00+00:00,OPPOSITE_HIGH_BREAK,False,
development,BULL,08-12,2024-09-20 08:00:00+00:00,2024-09-20 12:00:00+00:00,64126.7,63363.7,763.0,63478.149999999994,2024-09-20 08:10:00+00:00,2024-09-20 08:05:00+00:00,True,CLEAN_CAUSAL_LEAVE,2024-09-20 08:20:00+00:00,2024-09-20 08:25:00+00:00,,2024-09-20 08:25:00+00:00,L2_ARRIVAL,False,
development,BULL,04-08,2024-09-21 04:00:00+00:00,2024-09-21 08:00:00+00:00,63282.0,62790.0,492.0,62863.8,2024-09-21 04:40:00+00:00,2024-09-21 04:35:00+00:00,True,CLEAN_CAUSAL_LEAVE,2024-09-21 04:40:00+00:00,2024-09-21 04:45:00+00:00,2024-09-21 04:55:00+00:00,2024-09-21 05:05:00+00:00,L2_ARRIVAL,True,10.0
development,BULL,08-12,2024-09-23 08:00:00+00:00,2024-09-23 12:00:00+00:00,64427.9,63356.8,1071.0999999999985,63517.465000000004,2024-09-23 08:20:00+00:00,2024-09-23 08:15:00+00:00,True,CLEAN_CAUSAL_LEAVE,2024-09-23 08:20:00+00:00,2024-09-23 08:25:00+00:00,2024-09-23 08:25:00+00:00,2024-09-23 08:40:00+00:00,L2_ARRIVAL,True,15.0
development,BULL,20-00,2024-09-23 20:00:00+00:00,2024-09-24 00:00:00+00:00,63790.0,63077.6,712.4000000000015,63184.46,2024-09-23 21:25:00+00:00,2024-09-23 21:20:00+00:00,True,CLEAN_CAUSAL_LEAVE,2024-09-23 21:25:00+00:00,2024-09-23 21:30:00+00:00,2024-09-23 21:45:00+00:00,2024-09-24 00:00:00+00:00,BLOCK_END,False,
development,BULL,00-04,2024-09-24 00:00:00+00:00,2024-09-24 04:00:00+00:00,63467.1,63050.0,417.09999999999854,63112.565,2024-09-24 00:45:00+00:00,2024-09-24 00:40:00+00:00,False,LOW_BREAK_BEFORE_LEAVE,2024-09-24 00:45:00+00:00,,,2024-09-24 00:45:00+00:00,L2_BREAK,False,
development,BULL,12-16,2024-09-25 12:00:00+00:00,2024-09-25 16:00:00+00:00,63888.3,63376.0,512.3000000000029,63452.845,2024-09-25 13:45:00+00:00,2024-09-25 13:40:00+00:00,True,CLEAN_CAUSAL_LEAVE,2024-09-25 13:45:00+00:00,2024-09-25 13:50:00+00:00,,2024-09-25 14:55:00+00:00,OPPOSITE_HIGH_BREAK,False,
development,BULL,20-00,2024-09-26 20:00:00+00:00,2024-09-27 00:00:00+00:00,65800.0,64656.1,1143.9000000000015,64827.685,2024-09-26 20:10:00+00:00,2024-09-26 20:05:00+00:00,True,CLEAN_CAUSAL_LEAVE,2024-09-26 20:15:00+00:00,2024-09-26 20:20:00+00:00,,2024-09-26 20:20:00+00:00,L2_ARRIVAL,False,
development,BULL,12-16,2024-09-27 12:00:00+00:00,2024-09-27 16:00:00+00:00,65968.1,65307.0,661.1000000000058,65406.165,2024-09-27 12:20:00+00:00,2024-09-27 12:15:00+00:00,True,CLEAN_CAUSAL_LEAVE,2024-09-27 12:20:00+00:00,2024-09-27 12:25:00+00:00,2024-09-27 12:25:00+00:00,2024-09-27 14:10:00+00:00,OPPOSITE_HIGH_BREAK,False,
development,BULL,12-16,2024-09-28 12:00:00+00:00,2024-09-28 16:00:00+00:00,65790.1,65392.7,397.40000000000873,65452.31,2024-09-28 12:45:00+00:00,2024-09-28 12:40:00+00:00,True,CLEAN_CAUSAL_LEAVE,2024-09-28 12:45:00+00:00,2024-09-28 12:50:00+00:00,2024-09-28 13:00:00+00:00,2024-09-28 13:15:00+00:00,L2_ARRIVAL,True,15.0
development,BULL,00-04,2024-09-30 00:00:00+00:00,2024-09-30 04:00:00+00:00,66059.3,65491.4,567.9000000000015,65576.585,2024-09-30 00:05:00+00:00,2024-09-30 00:00:00+00:00,False,LOW_BREAK_BEFORE_LEAVE,2024-09-30 00:10:00+00:00,,,2024-09-30 00:10:00+00:00,L2_BREAK,False,
development,BEAR,16-20,2024-09-30 16:00:00+00:00,2024-09-30 20:00:00+00:00,64130.8,63490.2,640.6000000000058,63586.29,2024-09-30 16:45:00+00:00,2024-09-30 16:40:00+00:00,False,LOW_BREAK_BEFORE_LEAVE,2024-09-30 16:50:00+00:00,,,2024-09-30 16:50:00+00:00,L2_BREAK,False,
development,BEAR,12-16,2024-10-01 12:00:00+00:00,2024-10-01 16:00:00+00:00,64075.5,63683.1,392.40000000000146,63741.96,2024-10-01 12:05:00+00:00,2024-10-01 12:00:00+00:00,True,CLEAN_CAUSAL_LEAVE,2024-10-01 12:05:00+00:00,2024-10-01 12:10:00+00:00,2024-10-01 12:10:00+00:00,2024-10-01 12:20:00+00:00,L2_ARRIVAL,True,10.0
development,BEAR,08-12,2024-10-02 08:00:00+00:00,2024-10-02 12:00:00+00:00,61926.7,61325.0,601.6999999999971,61415.255,2024-10-02 09:45:00+00:00,2024-10-02 09:40:00+00:00,False,LOW_BREAK_BEFORE_LEAVE,2024-10-02 09:45:00+00:00,,,2024-10-02 09:45:00+00:00,L2_BREAK,False,
development,BEAR,12-16,2024-10-03 12:00:00+00:00,2024-10-03 16:00:00+00:00,61047.3,60101.5,945.8000000000029,60243.37,2024-10-03 13:20:00+00:00,2024-10-03 13:15:00+00:00,True,CLEAN_CAUSAL_LEAVE,2024-10-03 13:25:00+00:00,2024-10-03 13:30:00+00:00,2024-10-03 13:35:00+00:00,2024-10-03 13:40:00+00:00,L2_ARRIVAL,True,5.0
development,BEAR,00-04,2024-10-04 00:00:00+00:00,2024-10-04 04:00:00+00:00,61073.7,60580.0,493.6999999999971,60654.055,2024-10-04 00:25:00+00:00,2024-10-04 00:20:00+00:00,True,CLEAN_CAUSAL_LEAVE,2024-10-04 00:30:00+00:00,2024-10-04 00:35:00+00:00,,2024-10-04 00:35:00+00:00,L2_ARRIVAL,False,
development,SIDEWAYS,00-04,2024-10-05 00:00:00+00:00,2024-10-05 04:00:00+00:00,62457.1,61934.0,523.0999999999985,62012.465,2024-10-05 02:45:00+00:00,2024-10-05 02:40:00+00:00,False,LOW_BREAK_BEFORE_LEAVE,2024-10-05 02:45:00+00:00,,,2024-10-05 02:45:00+00:00,L2_BREAK,False,
development,BULL,16-20,2024-10-05 16:00:00+00:00,2024-10-05 20:00:00+00:00,62344.0,62058.9,285.09999999999854,62101.665,2024-10-05 16:20:00+00:00,2024-10-05 16:15:00+00:00,True,CLEAN_CAUSAL_LEAVE,2024-10-05 16:20:00+00:00,2024-10-05 16:25:00+00:00,2024-10-05 16:30:00+00:00,2024-10-05 16:35:00+00:00,L2_ARRIVAL,True,5.0
development,BULL,16-20,2024-10-07 16:00:00+00:00,2024-10-07 20:00:00+00:00,64448.2,62800.0,1648.199999999997,63047.229999999996,2024-10-07 18:50:00+00:00,2024-10-07 18:45:00+00:00,True,CLEAN_CAUSAL_LEAVE,2024-10-07 19:00:00+00:00,2024-10-07 19:05:00+00:00,,2024-10-07 20:00:00+00:00,BLOCK_END,False,
development,BULL,20-00,2024-10-07 20:00:00+00:00,2024-10-08 00:00:00+00:00,63885.0,62700.0,1185.0,62877.75,2024-10-07 22:55:00+00:00,2024-10-07 22:50:00+00:00,False,LOW_BREAK_BEFORE_LEAVE,2024-10-07 22:55:00+00:00,,,2024-10-07 22:55:00+00:00,L2_BREAK,False,
development,BEAR,00-04,2024-10-09 00:00:00+00:00,2024-10-09 04:00:00+00:00,62544.6,62000.0,544.5999999999985,62081.69,2024-10-09 00:40:00+00:00,2024-10-09 00:35:00+00:00,True,CLEAN_CAUSAL_LEAVE,2024-10-09 00:50:00+00:00,2024-10-09 00:55:00+00:00,2024-10-09 00:55:00+00:00,2024-10-09 04:00:00+00:00,BLOCK_END,False,
development,BEAR,12-16,2024-10-09 12:00:00+00:00,2024-10-09 16:00:00+00:00,62261.7,62025.0,236.6999999999971,62060.505,2024-10-09 12:10:00+00:00,2024-10-09 12:05:00+00:00,True,CLEAN_CAUSAL_LEAVE,2024-10-09 12:10:00+00:00,2024-10-09 12:15:00+00:00,2024-10-09 12:20:00+00:00,2024-10-09 12:30:00+00:00,L2_ARRIVAL,True,10.0
development,BEAR,08-12,2024-10-10 08:00:00+00:00,2024-10-10 12:00:00+00:00,61128.1,60782.5,345.59999999999854,60834.34,2024-10-10 09:00:00+00:00,2024-10-10 08:55:00+00:00,True,CLEAN_CAUSAL_LEAVE,2024-10-10 09:00:00+00:00,2024-10-10 09:05:00+00:00,,2024-10-10 09:05:00+00:00,L2_ARRIVAL,False,
development,BEAR,12-16,2024-10-10 12:00:00+00:00,2024-10-10 16:00:00+00:00,61297.0,60600.0,697.0,60704.55,2024-10-10 13:50:00+00:00,2024-10-10 13:45:00+00:00,True,CLEAN_CAUSAL_LEAVE,2024-10-10 13:50:00+00:00,2024-10-10 13:55:00+00:00,2024-10-10 14:20:00+00:00,2024-10-10 14:30:00+00:00,L2_ARRIVAL,True,10.0
development,BULL,00-04,2024-10-13 00:00:00+00:00,2024-10-13 04:00:00+00:00,63345.2,62966.2,379.0,63023.049999999996,2024-10-13 01:15:00+00:00,2024-10-13 01:10:00+00:00,False,LOW_BREAK_BEFORE_LEAVE,2024-10-13 01:15:00+00:00,,,2024-10-13 01:15:00+00:00,L2_BREAK,False,
development,BULL,12-16,2024-10-13 12:00:00+00:00,2024-10-13 16:00:00+00:00,62938.1,62486.1,452.0,62553.9,2024-10-13 14:40:00+00:00,2024-10-13 14:35:00+00:00,False,LOW_BREAK_BEFORE_LEAVE,2024-10-13 14:40:00+00:00,,,2024-10-13 14:40:00+00:00,L2_BREAK,False,
development,BULL,00-04,2024-10-14 00:00:00+00:00,2024-10-14 04:00:00+00:00,63118.3,62574.1,544.2000000000044,62655.729999999996,2024-10-14 00:20:00+00:00,2024-10-14 00:15:00+00:00,True,CLEAN_CAUSAL_LEAVE,2024-10-14 00:20:00+00:00,2024-10-14 00:25:00+00:00,2024-10-14 00:25:00+00:00,2024-10-14 00:30:00+00:00,L2_ARRIVAL,True,5.0
development,BULL,00-04,2024-10-15 00:00:00+00:00,2024-10-15 04:00:00+00:00,66533.0,65710.0,823.0,65833.45,2024-10-15 01:45:00+00:00,2024-10-15 01:40:00+00:00,True,CLEAN_CAUSAL_LEAVE,2024-10-15 01:45:00+00:00,2024-10-15 01:50:00+00:00,2024-10-15 01:55:00+00:00,2024-10-15 02:05:00+00:00,L2_ARRIVAL,True,10.0
development,BULL,04-08,2024-10-15 04:00:00+00:00,2024-10-15 08:00:00+00:00,66312.4,65300.0,1012.3999999999942,65451.86,2024-10-15 04:10:00+00:00,2024-10-15 04:05:00+00:00,True,CLEAN_CAUSAL_LEAVE,2024-10-15 04:10:00+00:00,2024-10-15 04:15:00+00:00,2024-10-15 05:10:00+00:00,2024-10-15 05:30:00+00:00,L2_ARRIVAL,True,20.0
development,BULL,12-16,2024-10-17 12:00:00+00:00,2024-10-17 16:00:00+00:00,67516.7,66766.0,750.6999999999971,66878.605,2024-10-17 13:40:00+00:00,2024-10-17 13:35:00+00:00,True,CLEAN_CAUSAL_LEAVE,2024-10-17 13:40:00+00:00,2024-10-17 13:45:00+00:00,2024-10-17 14:00:00+00:00,2024-10-17 14:05:00+00:00,L2_ARRIVAL,True,5.0
development,BULL,12-16,2024-10-18 12:00:00+00:00,2024-10-18 16:00:00+00:00,68044.8,67656.6,388.1999999999971,67714.83,2024-10-18 12:35:00+00:00,2024-10-18 12:30:00+00:00,True,CLEAN_CAUSAL_LEAVE,2024-10-18 12:35:00+00:00,2024-10-18 12:40:00+00:00,2024-10-18 12:40:00+00:00,2024-10-18 12:45:00+00:00,L2_ARRIVAL,True,5.0
development,BULL,04-08,2024-10-19 04:00:00+00:00,2024-10-19 08:00:00+00:00,68684.9,68278.8,406.09999999999127,68339.715,2024-10-19 07:20:00+00:00,2024-10-19 07:15:00+00:00,True,CLEAN_CAUSAL_LEAVE,2024-10-19 07:20:00+00:00,2024-10-19 07:25:00+00:00,2024-10-19 07:30:00+00:00,2024-10-19 08:00:00+00:00,BLOCK_END,False,
development,BULL,08-12,2024-10-19 08:00:00+00:00,2024-10-19 12:00:00+00:00,68544.6,68270.8,273.8000000000029,68311.87000000001,2024-10-19 10:05:00+00:00,2024-10-19 10:00:00+00:00,True,CLEAN_CAUSAL_LEAVE,2024-10-19 10:05:00+00:00,2024-10-19 10:10:00+00:00,2024-10-19 10:10:00+00:00,2024-10-19 10:25:00+00:00,L2_ARRIVAL,True,15.0
development,BULL,16-20,2024-10-19 16:00:00+00:00,2024-10-19 20:00:00+00:00,68347.2,68063.5,283.6999999999971,68106.055,2024-10-19 16:55:00+00:00,2024-10-19 16:50:00+00:00,False,LOW_BREAK_BEFORE_LEAVE,2024-10-19 16:55:00+00:00,,,2024-10-19 16:55:00+00:00,L2_BREAK,False,
development,BULL,12-16,2024-10-20 12:00:00+00:00,2024-10-20 16:00:00+00:00,68498.0,68330.0,168.0,68355.2,2024-10-20 12:40:00+00:00,2024-10-20 12:35:00+00:00,True,CLEAN_CAUSAL_LEAVE,2024-10-20 12:40:00+00:00,2024-10-20 12:45:00+00:00,2024-10-20 12:45:00+00:00,2024-10-20 12:50:00+00:00,L2_ARRIVAL,True,5.0
development,BULL,04-08,2024-10-21 04:00:00+00:00,2024-10-21 08:00:00+00:00,69566.0,68590.0,976.0,68736.4,2024-10-21 07:40:00+00:00,2024-10-21 07:35:00+00:00,False,LOW_BREAK_BEFORE_LEAVE,2024-10-21 07:45:00+00:00,,,2024-10-21 07:45:00+00:00,L2_BREAK,False,
development,BULL,08-12,2024-10-21 08:00:00+00:00,2024-10-21 12:00:00+00:00,69200.0,68468.0,732.0,68577.8,2024-10-21 08:35:00+00:00,2024-10-21 08:30:00+00:00,True,CLEAN_CAUSAL_LEAVE,2024-10-21 08:35:00+00:00,2024-10-21 08:40:00+00:00,,2024-10-21 08:45:00+00:00,L2_ARRIVAL,False,
development,BULL,12-16,2024-10-21 12:00:00+00:00,2024-10-21 16:00:00+00:00,68675.0,68136.0,539.0,68216.85,2024-10-21 12:40:00+00:00,2024-10-21 12:35:00+00:00,False,LOW_BREAK_BEFORE_LEAVE,2024-10-21 12:40:00+00:00,,,2024-10-21 12:40:00+00:00,L2_BREAK,False,
development,BEAR,00-04,2024-10-22 00:00:00+00:00,2024-10-22 04:00:00+00:00,67928.4,67341.4,587.0,67429.45,2024-10-22 00:05:00+00:00,2024-10-22 00:00:00+00:00,False,LOW_BREAK_BEFORE_LEAVE,2024-10-22 00:05:00+00:00,,,2024-10-22 00:05:00+00:00,L2_BREAK,False,
development,BEAR,12-16,2024-10-22 12:00:00+00:00,2024-10-22 16:00:00+00:00,67524.6,66740.0,784.6000000000058,66857.69,2024-10-22 13:55:00+00:00,2024-10-22 13:50:00+00:00,True,CLEAN_CAUSAL_LEAVE,2024-10-22 13:55:00+00:00,2024-10-22 14:00:00+00:00,2024-10-22 14:00:00+00:00,2024-10-22 14:50:00+00:00,OPPOSITE_HIGH_BREAK,False,
development,BEAR,04-08,2024-10-23 04:00:00+00:00,2024-10-23 08:00:00+00:00,67449.0,66856.7,592.3000000000029,66945.545,2024-10-23 07:15:00+00:00,2024-10-23 07:10:00+00:00,True,CLEAN_CAUSAL_LEAVE,2024-10-23 07:20:00+00:00,2024-10-23 07:25:00+00:00,2024-10-23 07:25:00+00:00,2024-10-23 07:30:00+00:00,L2_ARRIVAL,True,5.0
development,BEAR,12-16,2024-10-23 12:00:00+00:00,2024-10-23 16:00:00+00:00,67046.8,66150.0,896.8000000000029,66284.52,2024-10-23 12:35:00+00:00,2024-10-23 12:30:00+00:00,True,CLEAN_CAUSAL_LEAVE,2024-10-23 12:35:00+00:00,2024-10-23 12:40:00+00:00,2024-10-23 15:10:00+00:00,2024-10-23 15:20:00+00:00,L2_ARRIVAL,True,10.0
development,BEAR,16-20,2024-10-23 16:00:00+00:00,2024-10-23 20:00:00+00:00,66921.7,65900.0,1021.6999999999971,66053.255,2024-10-23 16:25:00+00:00,2024-10-23 16:20:00+00:00,False,LOW_BREAK_BEFORE_LEAVE,2024-10-23 16:25:00+00:00,,,2024-10-23 16:25:00+00:00,L2_BREAK,False,
development,BEAR,08-12,2024-10-24 08:00:00+00:00,2024-10-24 12:00:00+00:00,67457.0,67050.0,407.0,67111.05,2024-10-24 08:05:00+00:00,2024-10-24 08:00:00+00:00,True,CLEAN_CAUSAL_LEAVE,2024-10-24 08:05:00+00:00,2024-10-24 08:10:00+00:00,2024-10-24 08:20:00+00:00,2024-10-24 08:40:00+00:00,L2_ARRIVAL,True,20.0
development,BULL,00-04,2024-10-25 00:00:00+00:00,2024-10-25 04:00:00+00:00,68842.5,67890.0,952.5,68032.875,2024-10-25 00:55:00+00:00,2024-10-25 00:50:00+00:00,True,CLEAN_CAUSAL_LEAVE,2024-10-25 00:55:00+00:00,2024-10-25 01:00:00+00:00,,2024-10-25 01:05:00+00:00,L2_ARRIVAL,False,
development,BULL,16-20,2024-10-25 16:00:00+00:00,2024-10-25 20:00:00+00:00,68748.0,67397.1,1350.8999999999942,67599.735,2024-10-25 16:10:00+00:00,2024-10-25 16:05:00+00:00,True,CLEAN_CAUSAL_LEAVE,2024-10-25 16:10:00+00:00,2024-10-25 16:15:00+00:00,2024-10-25 16:25:00+00:00,2024-10-25 17:20:00+00:00,L2_ARRIVAL,True,55.0
development,BEAR,08-12,2024-10-27 08:00:00+00:00,2024-10-27 12:00:00+00:00,67291.8,67081.6,210.1999999999971,67113.13,2024-10-27 09:35:00+00:00,2024-10-27 09:30:00+00:00,True,CLEAN_CAUSAL_LEAVE,2024-10-27 09:40:00+00:00,2024-10-27 09:45:00+00:00,,2024-10-27 09:45:00+00:00,L2_ARRIVAL,False,
development,BULL,04-08,2024-10-28 04:00:00+00:00,2024-10-28 08:00:00+00:00,68094.6,67651.0,443.6000000000058,67717.54000000001,2024-10-28 04:05:00+00:00,2024-10-28 04:00:00+00:00,True,CLEAN_CAUSAL_LEAVE,2024-10-28 04:05:00+00:00,2024-10-28 04:10:00+00:00,2024-10-28 04:15:00+00:00,2024-10-28 04:25:00+00:00,L2_ARRIVAL,True,10.0
development,SIDEWAYS,16-20,2024-10-31 16:00:00+00:00,2024-10-31 20:00:00+00:00,72270.0,70453.1,1816.8999999999942,70725.63500000001,2024-10-31 16:05:00+00:00,2024-10-31 16:00:00+00:00,True,CLEAN_CAUSAL_LEAVE,2024-10-31 16:05:00+00:00,2024-10-31 16:10:00+00:00,2024-10-31 16:15:00+00:00,2024-10-31 16:45:00+00:00,L2_ARRIVAL,True,30.0
development,SIDEWAYS,00-04,2024-11-01 00:00:00+00:00,2024-11-01 04:00:00+00:00,70669.7,69705.0,964.6999999999971,69849.705,2024-11-01 01:35:00+00:00,2024-11-01 01:30:00+00:00,True,CLEAN_CAUSAL_LEAVE,2024-11-01 01:35:00+00:00,2024-11-01 01:40:00+00:00,2024-11-01 01:40:00+00:00,2024-11-01 01:50:00+00:00,L2_ARRIVAL,True,10.0
development,BEAR,16-20,2024-11-01 16:00:00+00:00,2024-11-01 20:00:00+00:00,71650.0,69036.0,2614.0,69428.1,2024-11-01 19:05:00+00:00,2024-11-01 19:00:00+00:00,True,CLEAN_CAUSAL_LEAVE,2024-11-01 19:05:00+00:00,2024-11-01 19:10:00+00:00,,2024-11-01 19:10:00+00:00,L2_ARRIVAL,False,
development,BEAR,04-08,2024-11-02 04:00:00+00:00,2024-11-02 08:00:00+00:00,69913.1,69480.8,432.3000000000029,69545.645,2024-11-02 04:45:00+00:00,2024-11-02 04:40:00+00:00,True,CLEAN_CAUSAL_LEAVE,2024-11-02 04:50:00+00:00,2024-11-02 04:55:00+00:00,2024-11-02 05:00:00+00:00,2024-11-02 05:05:00+00:00,L2_ARRIVAL,True,5.0
development,BEAR,12-16,2024-11-02 12:00:00+00:00,2024-11-02 16:00:00+00:00,69846.2,69413.0,433.1999999999971,69477.98,2024-11-02 13:00:00+00:00,2024-11-02 12:55:00+00:00,True,CLEAN_CAUSAL_LEAVE,2024-11-02 13:05:00+00:00,2024-11-02 13:10:00+00:00,2024-11-02 13:35:00+00:00,2024-11-02 13:55:00+00:00,L2_ARRIVAL,True,20.0
development,BEAR,00-04,2024-11-03 00:00:00+00:00,2024-11-03 04:00:00+00:00,69570.0,69150.1,419.8999999999942,69213.085,2024-11-03 01:05:00+00:00,2024-11-03 01:00:00+00:00,False,LOW_BREAK_BEFORE_LEAVE,2024-11-03 01:10:00+00:00,,,2024-11-03 01:10:00+00:00,L2_BREAK,False,
development,BEAR,08-12,2024-11-03 08:00:00+00:00,2024-11-03 12:00:00+00:00,68772.8,68287.6,485.1999999999971,68360.38,2024-11-03 08:15:00+00:00,2024-11-03 08:10:00+00:00,True,CLEAN_CAUSAL_LEAVE,2024-11-03 08:15:00+00:00,2024-11-03 08:20:00+00:00,2024-11-03 08:25:00+00:00,2024-11-03 09:35:00+00:00,L2_ARRIVAL,True,70.0
development,BEAR,12-16,2024-11-03 12:00:00+00:00,2024-11-03 16:00:00+00:00,68605.5,68183.8,421.6999999999971,68247.05500000001,2024-11-03 13:45:00+00:00,2024-11-03 13:40:00+00:00,False,LOW_BREAK_BEFORE_LEAVE,2024-11-03 13:45:00+00:00,,,2024-11-03 13:45:00+00:00,L2_BREAK,False,
development,BEAR,08-12,2024-11-04 08:00:00+00:00,2024-11-04 12:00:00+00:00,69397.2,68600.9,796.3000000000029,68720.345,2024-11-04 08:05:00+00:00,2024-11-04 08:00:00+00:00,False,LOW_BREAK_BEFORE_LEAVE,2024-11-04 08:05:00+00:00,,,2024-11-04 08:05:00+00:00,L2_BREAK,False,
development,BULL,00-04,2024-11-09 00:00:00+00:00,2024-11-09 04:00:00+00:00,77080.4,76278.5,801.8999999999942,76398.785,2024-11-09 01:35:00+00:00,2024-11-09 01:30:00+00:00,True,CLEAN_CAUSAL_LEAVE,2024-11-09 01:40:00+00:00,2024-11-09 01:45:00+00:00,,2024-11-09 01:50:00+00:00,L2_ARRIVAL,False,
development,BULL,20-00,2024-11-10 20:00:00+00:00,2024-11-11 00:00:00+00:00,81199.0,79386.0,1813.0,79657.95,2024-11-10 20:20:00+00:00,2024-11-10 20:15:00+00:00,True,CLEAN_CAUSAL_LEAVE,2024-11-10 20:20:00+00:00,2024-11-10 20:25:00+00:00,,2024-11-10 20:35:00+00:00,L2_ARRIVAL,False,
development,BULL,08-12,2024-11-12 08:00:00+00:00,2024-11-12 12:00:00+00:00,90070.1,87769.0,2301.100000000006,88114.16500000001,2024-11-12 09:50:00+00:00,2024-11-12 09:45:00+00:00,True,CLEAN_CAUSAL_LEAVE,2024-11-12 09:50:00+00:00,2024-11-12 09:55:00+00:00,2024-11-12 09:55:00+00:00,2024-11-12 10:00:00+00:00,L2_ARRIVAL,True,5.0
development,BULL,12-16,2024-11-12 12:00:00+00:00,2024-11-12 16:00:00+00:00,89590.2,85500.0,4090.199999999997,86113.53,2024-11-12 13:40:00+00:00,2024-11-12 13:35:00+00:00,False,LOW_BREAK_BEFORE_LEAVE,2024-11-12 13:45:00+00:00,,,2024-11-12 13:45:00+00:00,L2_BREAK,False,
development,BULL,04-08,2024-11-13 04:00:00+00:00,2024-11-13 08:00:00+00:00,88619.0,87061.6,1557.3999999999942,87295.21,2024-11-13 04:35:00+00:00,2024-11-13 04:30:00+00:00,False,LOW_BREAK_BEFORE_LEAVE,2024-11-13 04:35:00+00:00,,,2024-11-13 04:35:00+00:00,L2_BREAK,False,
development,BULL,04-08,2024-11-14 04:00:00+00:00,2024-11-14 08:00:00+00:00,90642.5,89531.7,1110.800000000003,89698.31999999999,2024-11-14 04:40:00+00:00,2024-11-14 04:35:00+00:00,True,CLEAN_CAUSAL_LEAVE,2024-11-14 04:40:00+00:00,2024-11-14 04:45:00+00:00,2024-11-14 05:35:00+00:00,2024-11-14 06:55:00+00:00,L2_ARRIVAL,True,80.0
development,BULL,16-20,2024-11-14 16:00:00+00:00,2024-11-14 20:00:00+00:00,91846.1,87855.0,3991.100000000006,88453.66500000001,2024-11-14 16:05:00+00:00,2024-11-14 16:00:00+00:00,True,CLEAN_CAUSAL_LEAVE,2024-11-14 16:05:00+00:00,2024-11-14 16:10:00+00:00,,2024-11-14 16:10:00+00:00,L2_ARRIVAL,False,
development,BULL,08-12,2024-11-16 08:00:00+00:00,2024-11-16 12:00:00+00:00,91849.8,91107.4,742.4000000000087,91218.76,2024-11-16 08:15:00+00:00,2024-11-16 08:10:00+00:00,True,CLEAN_CAUSAL_LEAVE,2024-11-16 08:20:00+00:00,2024-11-16 08:25:00+00:00,2024-11-16 11:20:00+00:00,2024-11-16 11:40:00+00:00,L2_ARRIVAL,True,20.0
development,BULL,16-20,2024-11-17 16:00:00+00:00,2024-11-17 20:00:00+00:00,91250.0,89935.7,1314.300000000003,90132.845,2024-11-17 18:35:00+00:00,2024-11-17 18:30:00+00:00,True,CLEAN_CAUSAL_LEAVE,2024-11-17 18:35:00+00:00,2024-11-17 18:40:00+00:00,2024-11-17 18:40:00+00:00,2024-11-17 19:00:00+00:00,L2_ARRIVAL,True,20.0
development,BULL,20-00,2024-11-17 20:00:00+00:00,2024-11-18 00:00:00+00:00,90701.0,89713.7,987.3000000000029,89861.795,2024-11-17 20:30:00+00:00,2024-11-17 20:25:00+00:00,False,LOW_BREAK_BEFORE_LEAVE,2024-11-17 20:30:00+00:00,,,2024-11-17 20:30:00+00:00,L2_BREAK,False,
development,BULL,08-12,2024-11-19 08:00:00+00:00,2024-11-19 12:00:00+00:00,92123.7,91292.5,831.1999999999971,91417.18,2024-11-19 09:30:00+00:00,2024-11-19 09:25:00+00:00,True,CLEAN_CAUSAL_LEAVE,2024-11-19 09:35:00+00:00,2024-11-19 09:40:00+00:00,2024-11-19 09:40:00+00:00,2024-11-19 12:00:00+00:00,BLOCK_END,False,
development,BULL,20-00,2024-11-19 20:00:00+00:00,2024-11-20 00:00:00+00:00,93985.9,92105.9,1880.0,92387.9,2024-11-19 21:20:00+00:00,2024-11-19 21:15:00+00:00,False,LOW_BREAK_BEFORE_LEAVE,2024-11-19 21:20:00+00:00,,,2024-11-19 21:20:00+00:00,L2_BREAK,False,
development,BULL,16-20,2024-11-20 16:00:00+00:00,2024-11-20 20:00:00+00:00,94849.0,93328.6,1520.3999999999942,93556.66,2024-11-20 16:35:00+00:00,2024-11-20 16:30:00+00:00,True,CLEAN_CAUSAL_LEAVE,2024-11-20 16:35:00+00:00,2024-11-20 16:40:00+00:00,2024-11-20 16:40:00+00:00,2024-11-20 18:45:00+00:00,L2_ARRIVAL,True,125.0
development,BULL,12-16,2024-11-22 12:00:00+00:00,2024-11-22 16:00:00+00:00,99340.0,98300.0,1040.0,98456.0,2024-11-22 13:15:00+00:00,2024-11-22 13:10:00+00:00,False,LOW_BREAK_BEFORE_LEAVE,2024-11-22 13:15:00+00:00,,,2024-11-22 13:15:00+00:00,L2_BREAK,False,
development,BULL,20-00,2024-11-23 20:00:00+00:00,2024-11-24 00:00:00+00:00,98504.4,97368.0,1136.3999999999942,97538.45999999999,2024-11-23 20:10:00+00:00,2024-11-23 20:05:00+00:00,False,LOW_BREAK_BEFORE_LEAVE,2024-11-23 20:10:00+00:00,,,2024-11-23 20:10:00+00:00,L2_BREAK,False,
development,SIDEWAYS,12-16,2024-11-24 12:00:00+00:00,2024-11-24 16:00:00+00:00,98578.9,97286.0,1292.8999999999942,97479.935,2024-11-24 12:05:00+00:00,2024-11-24 12:00:00+00:00,True,CLEAN_CAUSAL_LEAVE,2024-11-24 12:05:00+00:00,2024-11-24 12:10:00+00:00,,2024-11-24 12:20:00+00:00,L2_ARRIVAL,False,
development,SIDEWAYS,16-20,2024-11-24 16:00:00+00:00,2024-11-24 20:00:00+00:00,97680.0,95976.0,1704.0,96231.6,2024-11-24 16:05:00+00:00,2024-11-24 16:00:00+00:00,True,CLEAN_CAUSAL_LEAVE,2024-11-24 16:05:00+00:00,2024-11-24 16:10:00+00:00,2024-11-24 16:10:00+00:00,2024-11-24 17:15:00+00:00,L2_ARRIVAL,True,65.0
development,BEAR,16-20,2024-11-25 16:00:00+00:00,2024-11-25 20:00:00+00:00,98390.0,94665.4,3724.600000000006,95224.09,2024-11-25 19:25:00+00:00,2024-11-25 19:20:00+00:00,True,CLEAN_CAUSAL_LEAVE,2024-11-25 19:25:00+00:00,2024-11-25 19:30:00+00:00,2024-11-25 19:30:00+00:00,2024-11-25 19:35:00+00:00,L2_ARRIVAL,True,5.0
development,SIDEWAYS,00-04,2024-11-28 00:00:00+00:00,2024-11-28 04:00:00+00:00,97250.0,95776.6,1473.3999999999942,95997.61,2024-11-28 00:05:00+00:00,2024-11-28 00:00:00+00:00,True,CLEAN_CAUSAL_LEAVE,2024-11-28 00:05:00+00:00,2024-11-28 00:10:00+00:00,2024-11-28 00:10:00+00:00,2024-11-28 02:55:00+00:00,L2_ARRIVAL,True,165.0
development,BULL,16-20,2024-11-28 16:00:00+00:00,2024-11-28 20:00:00+00:00,96284.0,94950.0,1334.0,95150.1,2024-11-28 16:55:00+00:00,2024-11-28 16:50:00+00:00,True,CLEAN_CAUSAL_LEAVE,2024-11-28 17:00:00+00:00,2024-11-28 17:05:00+00:00,2024-11-28 17:10:00+00:00,2024-11-28 17:40:00+00:00,L2_ARRIVAL,True,30.0
development,BULL,00-04,2024-11-30 00:00:00+00:00,2024-11-30 04:00:00+00:00,97687.4,97036.9,650.5,97134.47499999999,2024-11-30 00:45:00+00:00,2024-11-30 00:40:00+00:00,False,LOW_BREAK_BEFORE_LEAVE,2024-11-30 00:55:00+00:00,,,2024-11-30 00:55:00+00:00,L2_BREAK,False,
development,BEAR,12-16,2024-12-02 12:00:00+00:00,2024-12-02 16:00:00+00:00,96177.9,94887.0,1290.8999999999942,95080.635,2024-12-02 12:55:00+00:00,2024-12-02 12:50:00+00:00,True,CLEAN_CAUSAL_LEAVE,2024-12-02 12:55:00+00:00,2024-12-02 13:00:00+00:00,2024-12-02 13:00:00+00:00,2024-12-02 14:30:00+00:00,OPPOSITE_HIGH_BREAK,False,
development,BEAR,04-08,2024-12-03 04:00:00+00:00,2024-12-03 08:00:00+00:00,96375.0,95463.6,911.3999999999942,95600.31,2024-12-03 07:20:00+00:00,2024-12-03 07:15:00+00:00,True,CLEAN_CAUSAL_LEAVE,2024-12-03 07:20:00+00:00,2024-12-03 07:25:00+00:00,2024-12-03 07:30:00+00:00,2024-12-03 07:35:00+00:00,L2_ARRIVAL,True,5.0
development,BEAR,08-12,2024-12-03 08:00:00+00:00,2024-12-03 12:00:00+00:00,96324.9,95336.3,988.5999999999913,95484.59,2024-12-03 09:20:00+00:00,2024-12-03 09:15:00+00:00,False,LOW_BREAK_BEFORE_LEAVE,2024-12-03 09:20:00+00:00,,,2024-12-03 09:20:00+00:00,L2_BREAK,False,
development,SIDEWAYS,12-16,2024-12-04 12:00:00+00:00,2024-12-04 16:00:00+00:00,97041.1,96239.7,801.4000000000087,96359.91,2024-12-04 12:05:00+00:00,2024-12-04 12:00:00+00:00,True,CLEAN_CAUSAL_LEAVE,2024-12-04 12:05:00+00:00,2024-12-04 12:10:00+00:00,,2024-12-04 12:10:00+00:00,L2_ARRIVAL,False,
development,BULL,04-08,2024-12-07 04:00:00+00:00,2024-12-07 08:00:00+00:00,100499.0,99361.0,1138.0,99531.7,2024-12-07 04:05:00+00:00,2024-12-07 04:00:00+00:00,True,CLEAN_CAUSAL_LEAVE,2024-12-07 04:05:00+00:00,2024-12-07 04:10:00+00:00,2024-12-07 04:10:00+00:00,2024-12-07 04:20:00+00:00,L2_ARRIVAL,True,10.0
development,BULL,08-12,2024-12-08 08:00:00+00:00,2024-12-08 12:00:00+00:00,100100.0,99388.5,711.5,99495.225,2024-12-08 08:20:00+00:00,2024-12-08 08:15:00+00:00,True,CLEAN_CAUSAL_LEAVE,2024-12-08 08:25:00+00:00,2024-12-08 08:30:00+00:00,2024-12-08 08:30:00+00:00,2024-12-08 08:35:00+00:00,L2_ARRIVAL,True,5.0
development,SIDEWAYS,04-08,2024-12-09 04:00:00+00:00,2024-12-09 08:00:00+00:00,101300.0,98500.1,2799.899999999994,98920.085,2024-12-09 07:15:00+00:00,2024-12-09 07:10:00+00:00,False,LOW_BREAK_BEFORE_LEAVE,2024-12-09 07:15:00+00:00,,,2024-12-09 07:15:00+00:00,L2_BREAK,False,
development,BULL,08-12,2024-12-09 08:00:00+00:00,2024-12-09 12:00:00+00:00,99798.1,98374.3,1423.800000000003,98587.87000000001,2024-12-09 10:05:00+00:00,2024-12-09 10:00:00+00:00,True,CLEAN_CAUSAL_LEAVE,2024-12-09 10:10:00+00:00,2024-12-09 10:15:00+00:00,2024-12-09 10:15:00+00:00,2024-12-09 10:20:00+00:00,L2_ARRIVAL,True,5.0
development,BEAR,12-16,2024-12-09 12:00:00+00:00,2024-12-09 16:00:00+00:00,99757.5,98112.0,1645.5,98358.825,2024-12-09 12:05:00+00:00,2024-12-09 12:00:00+00:00,True,CLEAN_CAUSAL_LEAVE,2024-12-09 12:05:00+00:00,2024-12-09 12:10:00+00:00,2024-12-09 12:10:00+00:00,2024-12-09 14:45:00+00:00,OPPOSITE_HIGH_BREAK,False,
development,BEAR,16-20,2024-12-09 16:00:00+00:00,2024-12-09 20:00:00+00:00,100481.3,97555.0,2926.300000000003,97993.945,2024-12-09 16:05:00+00:00,2024-12-09 16:00:00+00:00,True,CLEAN_CAUSAL_LEAVE,2024-12-09 16:05:00+00:00,2024-12-09 16:10:00+00:00,2024-12-09 16:10:00+00:00,2024-12-09 17:55:00+00:00,L2_ARRIVAL,True,105.0
development,BEAR,20-00,2024-12-09 20:00:00+00:00,2024-12-10 00:00:00+00:00,98448.5,97029.5,1419.0,97242.35,2024-12-09 20:05:00+00:00,2024-12-09 20:00:00+00:00,False,LOW_BREAK_BEFORE_LEAVE,2024-12-09 20:05:00+00:00,,,2024-12-09 20:05:00+00:00,L2_BREAK,False,
development,BEAR,12-16,2024-12-10 12:00:00+00:00,2024-12-10 16:00:00+00:00,97948.0,96961.1,986.8999999999942,97109.13500000001,2024-12-10 12:50:00+00:00,2024-12-10 12:45:00+00:00,True,CLEAN_CAUSAL_LEAVE,2024-12-10 12:55:00+00:00,2024-12-10 13:00:00+00:00,,2024-12-10 14:15:00+00:00,OPPOSITE_HIGH_BREAK,False,
development,BEAR,16-20,2024-12-10 16:00:00+00:00,2024-12-10 20:00:00+00:00,98320.6,95639.5,2681.100000000006,96041.66500000001,2024-12-10 16:05:00+00:00,2024-12-10 16:00:00+00:00,False,LOW_BREAK_BEFORE_LEAVE,2024-12-10 16:05:00+00:00,,,2024-12-10 16:05:00+00:00,L2_BREAK,False,
development,BULL,08-12,2024-12-14 08:00:00+00:00,2024-12-14 12:00:00+00:00,102113.6,101557.8,555.8000000000029,101641.17,2024-12-14 08:35:00+00:00,2024-12-14 08:30:00+00:00,True,CLEAN_CAUSAL_LEAVE,2024-12-14 08:35:00+00:00,2024-12-14 08:40:00+00:00,2024-12-14 09:05:00+00:00,2024-12-14 09:10:00+00:00,L2_ARRIVAL,True,5.0
development,BULL,12-16,2024-12-14 12:00:00+00:00,2024-12-14 16:00:00+00:00,101840.2,101298.4,541.8000000000029,101379.67,2024-12-14 12:45:00+00:00,2024-12-14 12:40:00+00:00,True,CLEAN_CAUSAL_LEAVE,2024-12-14 12:45:00+00:00,2024-12-14 12:50:00+00:00,,2024-12-14 12:50:00+00:00,L2_ARRIVAL,False,
development,BULL,12-16,2024-12-16 12:00:00+00:00,2024-12-16 16:00:00+00:00,104991.7,103585.2,1406.5,103796.175,2024-12-16 12:05:00+00:00,2024-12-16 12:00:00+00:00,True,CLEAN_CAUSAL_LEAVE,2024-12-16 12:05:00+00:00,2024-12-16 12:10:00+00:00,2024-12-16 12:25:00+00:00,2024-12-16 12:40:00+00:00,L2_ARRIVAL,True,15.0
development,BEAR,12-16,2024-12-20 12:00:00+00:00,2024-12-20 16:00:00+00:00,97867.5,92613.7,5253.800000000003,93401.77,2024-12-20 12:05:00+00:00,2024-12-20 12:00:00+00:00,False,LOW_BREAK_BEFORE_LEAVE,2024-12-20 12:05:00+00:00,,,2024-12-20 12:05:00+00:00,L2_BREAK,False,
development,BEAR,12-16,2024-12-21 12:00:00+00:00,2024-12-21 16:00:00+00:00,99137.5,97757.8,1379.699999999997,97964.755,2024-12-21 12:10:00+00:00,2024-12-21 12:05:00+00:00,True,CLEAN_CAUSAL_LEAVE,2024-12-21 12:15:00+00:00,2024-12-21 12:20:00+00:00,2024-12-21 12:25:00+00:00,2024-12-21 12:30:00+00:00,L2_ARRIVAL,True,5.0
development,BEAR,16-20,2024-12-22 16:00:00+00:00,2024-12-22 20:00:00+00:00,97266.6,95085.0,2181.600000000006,95412.24,2024-12-22 19:50:00+00:00,2024-12-22 19:45:00+00:00,False,LOW_BREAK_BEFORE_LEAVE,2024-12-22 19:50:00+00:00,,,2024-12-22 19:50:00+00:00,L2_BREAK,False,
development,BEAR,00-04,2024-12-23 00:00:00+00:00,2024-12-23 04:00:00+00:00,95787.7,94200.0,1587.699999999997,94438.155,2024-12-23 01:10:00+00:00,2024-12-23 01:05:00+00:00,False,LOW_BREAK_BEFORE_LEAVE,2024-12-23 01:15:00+00:00,,,2024-12-23 01:15:00+00:00,L2_BREAK,False,
development,BEAR,12-16,2024-12-23 12:00:00+00:00,2024-12-23 16:00:00+00:00,96499.0,94974.2,1524.800000000003,95202.92,2024-12-23 13:45:00+00:00,2024-12-23 13:40:00+00:00,True,CLEAN_CAUSAL_LEAVE,2024-12-23 13:45:00+00:00,2024-12-23 13:50:00+00:00,,2024-12-23 13:50:00+00:00,L2_ARRIVAL,False,
development,BEAR,16-20,2024-12-23 16:00:00+00:00,2024-12-23 20:00:00+00:00,96377.2,93060.3,3316.899999999994,93557.835,2024-12-23 16:15:00+00:00,2024-12-23 16:10:00+00:00,False,LOW_BREAK_BEFORE_LEAVE,2024-12-23 16:15:00+00:00,,,2024-12-23 16:15:00+00:00,L2_BREAK,False,
development,BEAR,20-00,2024-12-23 20:00:00+00:00,2024-12-24 00:00:00+00:00,94249.3,92634.7,1614.6000000000058,92876.89,2024-12-23 20:10:00+00:00,2024-12-23 20:05:00+00:00,False,LOW_BREAK_BEFORE_LEAVE,2024-12-23 20:10:00+00:00,,,2024-12-23 20:10:00+00:00,L2_BREAK,False,
development,SIDEWAYS,20-00,2024-12-24 20:00:00+00:00,2024-12-25 00:00:00+00:00,99450.0,97522.5,1927.5,97811.625,2024-12-24 20:05:00+00:00,2024-12-24 20:00:00+00:00,True,CLEAN_CAUSAL_LEAVE,2024-12-24 20:20:00+00:00,2024-12-24 20:25:00+00:00,2024-12-24 20:25:00+00:00,2024-12-24 20:50:00+00:00,L2_ARRIVAL,True,25.0
development,BULL,12-16,2024-12-25 12:00:00+00:00,2024-12-25 16:00:00+00:00,99323.3,97709.9,1613.4000000000087,97951.90999999999,2024-12-25 12:05:00+00:00,2024-12-25 12:00:00+00:00,True,CLEAN_CAUSAL_LEAVE,2024-12-25 12:10:00+00:00,2024-12-25 12:15:00+00:00,,2024-12-25 16:00:00+00:00,BLOCK_END,False,
development,BEAR,20-00,2024-12-26 20:00:00+00:00,2024-12-27 00:00:00+00:00,96580.0,95400.0,1180.0,95577.0,2024-12-26 20:55:00+00:00,2024-12-26 20:50:00+00:00,True,CLEAN_CAUSAL_LEAVE,2024-12-26 20:55:00+00:00,2024-12-26 21:00:00+00:00,2024-12-26 21:00:00+00:00,2024-12-26 21:05:00+00:00,L2_ARRIVAL,True,5.0
development,BEAR,16-20,2024-12-27 16:00:00+00:00,2024-12-27 20:00:00+00:00,96999.0,93982.4,3016.600000000006,94434.89,2024-12-27 17:05:00+00:00,2024-12-27 17:00:00+00:00,True,CLEAN_CAUSAL_LEAVE,2024-12-27 17:05:00+00:00,2024-12-27 17:10:00+00:00,,2024-12-27 17:15:00+00:00,L2_ARRIVAL,False,
development,BEAR,00-04,2024-12-29 00:00:00+00:00,2024-12-29 04:00:00+00:00,95700.0,94836.0,864.0,94965.6,2024-12-29 01:25:00+00:00,2024-12-29 01:20:00+00:00,True,CLEAN_CAUSAL_LEAVE,2024-12-29 01:25:00+00:00,2024-12-29 01:30:00+00:00,2024-12-29 01:30:00+00:00,2024-12-29 01:55:00+00:00,L2_ARRIVAL,True,25.0
development,BEAR,12-16,2024-12-29 12:00:00+00:00,2024-12-29 16:00:00+00:00,95286.4,94968.4,318.0,95016.09999999999,2024-12-29 12:05:00+00:00,2024-12-29 12:00:00+00:00,True,CLEAN_CAUSAL_LEAVE,2024-12-29 12:05:00+00:00,2024-12-29 12:10:00+00:00,,2024-12-29 12:25:00+00:00,L2_ARRIVAL,False,
development,BEAR,16-20,2024-12-29 16:00:00+00:00,2024-12-29 20:00:00+00:00,95195.0,93925.4,1269.6000000000058,94115.84,2024-12-29 16:25:00+00:00,2024-12-29 16:20:00+00:00,False,LOW_BREAK_BEFORE_LEAVE,2024-12-29 16:30:00+00:00,,,2024-12-29 16:30:00+00:00,L2_BREAK,False,
development,BEAR,20-00,2024-12-29 20:00:00+00:00,2024-12-30 00:00:00+00:00,94537.7,93333.0,1204.699999999997,93513.705,2024-12-29 20:40:00+00:00,2024-12-29 20:35:00+00:00,True,CLEAN_CAUSAL_LEAVE,2024-12-29 20:40:00+00:00,2024-12-29 20:45:00+00:00,2024-12-29 21:45:00+00:00,2024-12-29 21:50:00+00:00,L2_ARRIVAL,True,5.0
reference_validation,BULL,00-04,2025-01-03 00:00:00+00:00,2025-01-03 04:00:00+00:00,97822.4,96642.7,1179.699999999997,96819.655,2025-01-03 01:20:00+00:00,2025-01-03 01:15:00+00:00,True,CLEAN_CAUSAL_LEAVE,2025-01-03 01:20:00+00:00,2025-01-03 01:25:00+00:00,2025-01-03 01:25:00+00:00,2025-01-03 04:00:00+00:00,BLOCK_END,False,
reference_validation,BULL,04-08,2025-01-03 04:00:00+00:00,2025-01-03 08:00:00+00:00,97325.7,96622.0,703.6999999999971,96727.555,2025-01-03 05:10:00+00:00,2025-01-03 05:05:00+00:00,True,CLEAN_CAUSAL_LEAVE,2025-01-03 05:10:00+00:00,2025-01-03 05:15:00+00:00,2025-01-03 05:15:00+00:00,2025-01-03 05:20:00+00:00,L2_ARRIVAL,True,5.0
reference_validation,BULL,00-04,2025-01-04 00:00:00+00:00,2025-01-04 04:00:00+00:00,98705.0,98028.5,676.5,98129.975,2025-01-04 00:15:00+00:00,2025-01-04 00:10:00+00:00,True,CLEAN_CAUSAL_LEAVE,2025-01-04 00:15:00+00:00,2025-01-04 00:20:00+00:00,,2025-01-04 00:30:00+00:00,L2_ARRIVAL,False,
reference_validation,BULL,00-04,2025-01-05 00:00:00+00:00,2025-01-05 04:00:00+00:00,98760.9,98076.4,684.5,98179.075,2025-01-05 01:35:00+00:00,2025-01-05 01:30:00+00:00,False,LOW_BREAK_BEFORE_LEAVE,2025-01-05 01:35:00+00:00,,,2025-01-05 01:35:00+00:00,L2_BREAK,False,
reference_validation,BULL,12-16,2025-01-05 12:00:00+00:00,2025-01-05 16:00:00+00:00,98225.4,97533.6,691.7999999999884,97637.37000000001,2025-01-05 12:15:00+00:00,2025-01-05 12:10:00+00:00,True,CLEAN_CAUSAL_LEAVE,2025-01-05 12:15:00+00:00,2025-01-05 12:20:00+00:00,2025-01-05 12:25:00+00:00,2025-01-05 14:15:00+00:00,L2_ARRIVAL,True,110.0
reference_validation,BULL,08-12,2025-01-06 08:00:00+00:00,2025-01-06 12:00:00+00:00,99886.7,99005.0,881.6999999999971,99137.255,2025-01-06 08:45:00+00:00,2025-01-06 08:40:00+00:00,False,LOW_BREAK_BEFORE_LEAVE,2025-01-06 08:45:00+00:00,,,2025-01-06 08:45:00+00:00,L2_BREAK,False,
reference_validation,SIDEWAYS,16-20,2025-01-07 16:00:00+00:00,2025-01-07 20:00:00+00:00,100914.2,97100.0,3814.199999999997,97672.13,2025-01-07 17:40:00+00:00,2025-01-07 17:35:00+00:00,True,CLEAN_CAUSAL_LEAVE,2025-01-07 17:40:00+00:00,2025-01-07 17:45:00+00:00,,2025-01-07 17:45:00+00:00,L2_ARRIVAL,False,
reference_validation,SIDEWAYS,20-00,2025-01-07 20:00:00+00:00,2025-01-08 00:00:00+00:00,98307.9,96295.9,2012.0,96597.7,2025-01-07 20:05:00+00:00,2025-01-07 20:00:00+00:00,True,CLEAN_CAUSAL_LEAVE,2025-01-07 20:05:00+00:00,2025-01-07 20:10:00+00:00,,2025-01-07 20:10:00+00:00,L2_ARRIVAL,False,
reference_validation,BEAR,04-08,2025-01-08 04:00:00+00:00,2025-01-08 08:00:00+00:00,97242.2,96200.0,1042.199999999997,96356.33,2025-01-08 04:30:00+00:00,2025-01-08 04:25:00+00:00,True,CLEAN_CAUSAL_LEAVE,2025-01-08 04:30:00+00:00,2025-01-08 04:35:00+00:00,,2025-01-08 04:35:00+00:00,L2_ARRIVAL,False,
reference_validation,BEAR,04-08,2025-01-09 04:00:00+00:00,2025-01-09 08:00:00+00:00,95358.7,93405.3,1953.3999999999942,93698.31,2025-01-09 07:40:00+00:00,2025-01-09 07:35:00+00:00,True,CLEAN_CAUSAL_LEAVE,2025-01-09 07:40:00+00:00,2025-01-09 07:45:00+00:00,,2025-01-09 07:45:00+00:00,L2_ARRIVAL,False,
reference_validation,BEAR,12-16,2025-01-09 12:00:00+00:00,2025-01-09 16:00:00+00:00,93832.8,92700.0,1132.800000000003,92869.92,2025-01-09 13:25:00+00:00,2025-01-09 13:20:00+00:00,True,CLEAN_CAUSAL_LEAVE,2025-01-09 13:25:00+00:00,2025-01-09 13:30:00+00:00,,2025-01-09 13:30:00+00:00,L2_ARRIVAL,False,
reference_validation,BEAR,20-00,2025-01-09 20:00:00+00:00,2025-01-10 00:00:00+00:00,94644.8,91853.0,2791.800000000003,92271.77,2025-01-09 20:05:00+00:00,2025-01-09 20:00:00+00:00,True,CLEAN_CAUSAL_LEAVE,2025-01-09 20:05:00+00:00,2025-01-09 20:10:00+00:00,,2025-01-09 20:10:00+00:00,L2_ARRIVAL,False,
reference_validation,BEAR,16-20,2025-01-11 16:00:00+00:00,2025-01-11 20:00:00+00:00,94613.6,94262.1,351.5,94314.82500000001,2025-01-11 16:10:00+00:00,2025-01-11 16:05:00+00:00,True,CLEAN_CAUSAL_LEAVE,2025-01-11 16:10:00+00:00,2025-01-11 16:15:00+00:00,2025-01-11 16:20:00+00:00,2025-01-11 16:35:00+00:00,OPPOSITE_HIGH_BREAK,False,
reference_validation,BEAR,04-08,2025-01-12 04:00:00+00:00,2025-01-12 08:00:00+00:00,94665.7,94260.0,405.6999999999971,94320.855,2025-01-12 07:15:00+00:00,2025-01-12 07:10:00+00:00,True,CLEAN_CAUSAL_LEAVE,2025-01-12 07:15:00+00:00,2025-01-12 07:20:00+00:00,2025-01-12 07:20:00+00:00,2025-01-12 07:45:00+00:00,L2_ARRIVAL,True,25.0
reference_validation,BEAR,08-12,2025-01-12 08:00:00+00:00,2025-01-12 12:00:00+00:00,94614.5,94227.2,387.3000000000029,94285.295,2025-01-12 08:35:00+00:00,2025-01-12 08:30:00+00:00,False,LOW_BREAK_BEFORE_LEAVE,2025-01-12 08:35:00+00:00,,,2025-01-12 08:35:00+00:00,L2_BREAK,False,
reference_validation,BULL,08-12,2025-01-15 08:00:00+00:00,2025-01-15 12:00:00+00:00,97688.0,96689.2,998.8000000000029,96839.02,2025-01-15 10:05:00+00:00,2025-01-15 10:00:00+00:00,True,CLEAN_CAUSAL_LEAVE,2025-01-15 10:05:00+00:00,2025-01-15 10:10:00+00:00,2025-01-15 10:15:00+00:00,2025-01-15 11:10:00+00:00,L2_ARRIVAL,True,55.0
reference_validation,BULL,04-08,2025-01-18 04:00:00+00:00,2025-01-18 08:00:00+00:00,104620.0,103001.1,1618.8999999999942,103243.935,2025-01-18 04:20:00+00:00,2025-01-18 04:15:00+00:00,False,LOW_BREAK_BEFORE_LEAVE,2025-01-18 04:20:00+00:00,,,2025-01-18 04:20:00+00:00,L2_BREAK,False,
reference_validation,BULL,08-12,2025-01-19 08:00:00+00:00,2025-01-19 12:00:00+00:00,105629.4,104214.6,1414.7999999999884,104426.82,2025-01-19 09:10:00+00:00,2025-01-19 09:05:00+00:00,False,LOW_BREAK_BEFORE_LEAVE,2025-01-19 09:10:00+00:00,,,2025-01-19 09:10:00+00:00,L2_BREAK,False,
reference_validation,SIDEWAYS,00-04,2025-01-20 00:00:00+00:00,2025-01-20 04:00:00+00:00,106450.0,99600.0,6850.0,100627.5,2025-01-20 00:45:00+00:00,2025-01-20 00:40:00+00:00,True,CLEAN_CAUSAL_LEAVE,2025-01-20 00:45:00+00:00,2025-01-20 00:50:00+00:00,,2025-01-20 01:05:00+00:00,L2_ARRIVAL,False,
reference_validation,BULL,12-16,2025-01-20 12:00:00+00:00,2025-01-20 16:00:00+00:00,109300.8,107140.0,2160.800000000003,107464.12,2025-01-20 12:15:00+00:00,2025-01-20 12:10:00+00:00,False,LOW_BREAK_BEFORE_LEAVE,2025-01-20 12:15:00+00:00,,,2025-01-20 12:15:00+00:00,L2_BREAK,False,
reference_validation,BULL,16-20,2025-01-20 16:00:00+00:00,2025-01-20 20:00:00+00:00,108756.6,104500.0,4256.600000000006,105138.49,2025-01-20 16:15:00+00:00,2025-01-20 16:10:00+00:00,True,CLEAN_CAUSAL_LEAVE,2025-01-20 16:25:00+00:00,2025-01-20 16:30:00+00:00,2025-01-20 17:00:00+00:00,2025-01-20 17:05:00+00:00,L2_ARRIVAL,True,5.0
reference_validation,SIDEWAYS,00-04,2025-01-21 00:00:00+00:00,2025-01-21 04:00:00+00:00,104313.2,101714.4,2598.800000000003,102104.22,2025-01-21 00:10:00+00:00,2025-01-21 00:05:00+00:00,True,CLEAN_CAUSAL_LEAVE,2025-01-21 00:10:00+00:00,2025-01-21 00:15:00+00:00,2025-01-21 00:15:00+00:00,2025-01-21 00:30:00+00:00,L2_ARRIVAL,True,15.0
reference_validation,SIDEWAYS,00-04,2025-01-23 00:00:00+00:00,2025-01-23 04:00:00+00:00,104804.5,103556.7,1247.800000000003,103743.87,2025-01-23 00:05:00+00:00,2025-01-23 00:00:00+00:00,True,CLEAN_CAUSAL_LEAVE,2025-01-23 00:05:00+00:00,2025-01-23 00:10:00+00:00,,2025-01-23 00:10:00+00:00,L2_ARRIVAL,False,
reference_validation,BEAR,08-12,2025-01-23 08:00:00+00:00,2025-01-23 12:00:00+00:00,102955.0,101550.4,1404.6000000000058,101761.09,2025-01-23 10:05:00+00:00,2025-01-23 10:00:00+00:00,True,CLEAN_CAUSAL_LEAVE,2025-01-23 10:05:00+00:00,2025-01-23 10:10:00+00:00,2025-01-23 10:10:00+00:00,2025-01-23 10:40:00+00:00,L2_ARRIVAL,True,30.0
reference_validation,BEAR,20-00,2025-01-23 20:00:00+00:00,2025-01-24 00:00:00+00:00,106840.2,103342.0,3498.199999999997,103866.73,2025-01-23 20:05:00+00:00,2025-01-23 20:00:00+00:00,True,CLEAN_CAUSAL_LEAVE,2025-01-23 20:05:00+00:00,2025-01-23 20:10:00+00:00,,2025-01-23 20:10:00+00:00,L2_ARRIVAL,False,
reference_validation,BULL,04-08,2025-01-25 04:00:00+00:00,2025-01-25 08:00:00+00:00,105234.5,104310.0,924.5,104448.675,2025-01-25 06:00:00+00:00,2025-01-25 05:55:00+00:00,True,CLEAN_CAUSAL_LEAVE,2025-01-25 06:10:00+00:00,2025-01-25 06:15:00+00:00,,2025-01-25 06:15:00+00:00,L2_ARRIVAL,False,
reference_validation,SIDEWAYS,08-12,2025-01-25 08:00:00+00:00,2025-01-25 12:00:00+00:00,105153.9,104128.2,1025.699999999997,104282.055,2025-01-25 08:40:00+00:00,2025-01-25 08:35:00+00:00,True,CLEAN_CAUSAL_LEAVE,2025-01-25 08:40:00+00:00,2025-01-25 08:45:00+00:00,2025-01-25 08:45:00+00:00,2025-01-25 10:00:00+00:00,L2_ARRIVAL,True,75.0
reference_validation,BULL,08-12,2025-01-26 08:00:00+00:00,2025-01-26 12:00:00+00:00,105496.9,104905.3,591.5999999999913,104994.04000000001,2025-01-26 08:05:00+00:00,2025-01-26 08:00:00+00:00,True,CLEAN_CAUSAL_LEAVE,2025-01-26 08:05:00+00:00,2025-01-26 08:10:00+00:00,2025-01-26 08:20:00+00:00,2025-01-26 08:30:00+00:00,L2_ARRIVAL,True,10.0
reference_validation,BEAR,00-04,2025-01-27 00:00:00+00:00,2025-01-27 04:00:00+00:00,105175.0,102450.3,2724.699999999997,102859.005,2025-01-27 00:05:00+00:00,2025-01-27 00:00:00+00:00,True,CLEAN_CAUSAL_LEAVE,2025-01-27 00:05:00+00:00,2025-01-27 00:10:00+00:00,2025-01-27 00:10:00+00:00,2025-01-27 00:30:00+00:00,L2_ARRIVAL,True,20.0
reference_validation,BEAR,04-08,2025-01-27 04:00:00+00:00,2025-01-27 08:00:00+00:00,103216.5,100632.5,2584.0,101020.1,2025-01-27 04:25:00+00:00,2025-01-27 04:20:00+00:00,True,CLEAN_CAUSAL_LEAVE,2025-01-27 04:25:00+00:00,2025-01-27 04:30:00+00:00,,2025-01-27 04:35:00+00:00,L2_ARRIVAL,False,
reference_validation,BEAR,12-16,2025-02-02 12:00:00+00:00,2025-02-02 16:00:00+00:00,100071.0,98550.0,1521.0,98778.15,2025-02-02 12:35:00+00:00,2025-02-02 12:30:00+00:00,False,LOW_BREAK_BEFORE_LEAVE,2025-02-02 12:35:00+00:00,,,2025-02-02 12:35:00+00:00,L2_BREAK,False,
reference_validation,BEAR,16-20,2025-02-02 16:00:00+00:00,2025-02-02 20:00:00+00:00,99384.5,98100.0,1284.5,98292.675,2025-02-02 17:00:00+00:00,2025-02-02 16:55:00+00:00,True,CLEAN_CAUSAL_LEAVE,2025-02-02 17:00:00+00:00,2025-02-02 17:05:00+00:00,,2025-02-02 17:05:00+00:00,L2_ARRIVAL,False,
reference_validation,BEAR,00-04,2025-02-03 00:00:00+00:00,2025-02-03 04:00:00+00:00,98594.9,96029.6,2565.2999999999884,96414.395,2025-02-03 00:25:00+00:00,2025-02-03 00:20:00+00:00,True,CLEAN_CAUSAL_LEAVE,2025-02-03 00:25:00+00:00,2025-02-03 00:30:00+00:00,,2025-02-03 00:40:00+00:00,L2_ARRIVAL,False,
reference_validation,BEAR,12-16,2025-02-03 12:00:00+00:00,2025-02-03 16:00:00+00:00,95891.9,94716.5,1175.3999999999942,94892.81,2025-02-03 13:05:00+00:00,2025-02-03 13:00:00+00:00,True,CLEAN_CAUSAL_LEAVE,2025-02-03 13:05:00+00:00,2025-02-03 13:10:00+00:00,,2025-02-03 13:10:00+00:00,L2_ARRIVAL,False,
reference_validation,BEAR,20-00,2025-02-04 20:00:00+00:00,2025-02-05 00:00:00+00:00,100743.6,98724.1,2019.5,99027.02500000001,2025-02-04 20:10:00+00:00,2025-02-04 20:05:00+00:00,False,LOW_BREAK_BEFORE_LEAVE,2025-02-04 20:10:00+00:00,,,2025-02-04 20:10:00+00:00,L2_BREAK,False,
reference_validation,BEAR,08-12,2025-02-05 08:00:00+00:00,2025-02-05 12:00:00+00:00,98300.0,97320.0,980.0,97467.0,2025-02-05 09:35:00+00:00,2025-02-05 09:30:00+00:00,True,CLEAN_CAUSAL_LEAVE,2025-02-05 09:35:00+00:00,2025-02-05 09:40:00+00:00,,2025-02-05 09:40:00+00:00,L2_ARRIVAL,False,
reference_validation,BEAR,16-20,2025-02-05 16:00:00+00:00,2025-02-05 20:00:00+00:00,99124.2,97709.9,1414.300000000003,97922.045,2025-02-05 16:10:00+00:00,2025-02-05 16:05:00+00:00,False,LOW_BREAK_BEFORE_LEAVE,2025-02-05 16:10:00+00:00,,,2025-02-05 16:10:00+00:00,L2_BREAK,False,
reference_validation,BEAR,20-00,2025-02-05 20:00:00+00:00,2025-02-06 00:00:00+00:00,98262.3,96442.1,1820.199999999997,96715.13,2025-02-05 22:25:00+00:00,2025-02-05 22:20:00+00:00,True,CLEAN_CAUSAL_LEAVE,2025-02-05 22:25:00+00:00,2025-02-05 22:30:00+00:00,2025-02-05 22:30:00+00:00,2025-02-05 22:35:00+00:00,L2_ARRIVAL,True,5.0
reference_validation,SIDEWAYS,12-16,2025-02-06 12:00:00+00:00,2025-02-06 16:00:00+00:00,99093.0,97880.0,1213.0,98061.95,2025-02-06 14:45:00+00:00,2025-02-06 14:40:00+00:00,True,CLEAN_CAUSAL_LEAVE,2025-02-06 14:45:00+00:00,2025-02-06 14:50:00+00:00,,2025-02-06 14:50:00+00:00,L2_ARRIVAL,False,
reference_validation,BEAR,16-20,2025-02-06 16:00:00+00:00,2025-02-06 20:00:00+00:00,99019.9,96866.9,2153.0,97189.84999999999,2025-02-06 16:25:00+00:00,2025-02-06 16:20:00+00:00,True,CLEAN_CAUSAL_LEAVE,2025-02-06 16:25:00+00:00,2025-02-06 16:30:00+00:00,,2025-02-06 16:30:00+00:00,L2_ARRIVAL,False,
reference_validation,SIDEWAYS,16-20,2025-02-07 16:00:00+00:00,2025-02-07 20:00:00+00:00,100112.4,97150.0,2962.399999999994,97594.36,2025-02-07 17:25:00+00:00,2025-02-07 17:20:00+00:00,True,CLEAN_CAUSAL_LEAVE,2025-02-07 17:25:00+00:00,2025-02-07 17:30:00+00:00,2025-02-07 17:35:00+00:00,2025-02-07 19:35:00+00:00,L2_ARRIVAL,True,120.0
reference_validation,BEAR,00-04,2025-02-09 00:00:00+00:00,2025-02-09 04:00:00+00:00,96673.5,96311.6,361.8999999999942,96365.88500000001,2025-02-09 00:25:00+00:00,2025-02-09 00:20:00+00:00,True,CLEAN_CAUSAL_LEAVE,2025-02-09 00:30:00+00:00,2025-02-09 00:35:00+00:00,,2025-02-09 01:20:00+00:00,OPPOSITE_HIGH_BREAK,False,
reference_validation,BEAR,12-16,2025-02-09 12:00:00+00:00,2025-02-09 16:00:00+00:00,97279.3,96498.5,780.8000000000029,96615.62,2025-02-09 12:05:00+00:00,2025-02-09 12:00:00+00:00,True,CLEAN_CAUSAL_LEAVE,2025-02-09 12:10:00+00:00,2025-02-09 12:15:00+00:00,2025-02-09 12:15:00+00:00,2025-02-09 12:30:00+00:00,L2_ARRIVAL,True,15.0
reference_validation,BULL,12-16,2025-02-11 12:00:00+00:00,2025-02-11 16:00:00+00:00,98306.9,97834.3,472.59999999999127,97905.19,2025-02-11 12:05:00+00:00,2025-02-11 12:00:00+00:00,True,CLEAN_CAUSAL_LEAVE,2025-02-11 12:05:00+00:00,2025-02-11 12:10:00+00:00,,2025-02-11 12:10:00+00:00,L2_ARRIVAL,False,
reference_validation,SIDEWAYS,16-20,2025-02-11 16:00:00+00:00,2025-02-11 20:00:00+00:00,98112.2,96529.3,1582.8999999999942,96766.735,2025-02-11 16:30:00+00:00,2025-02-11 16:25:00+00:00,False,LOW_BREAK_BEFORE_LEAVE,2025-02-11 16:30:00+00:00,,,2025-02-11 16:30:00+00:00,L2_BREAK,False,
reference_validation,BEAR,08-12,2025-02-13 08:00:00+00:00,2025-02-13 12:00:00+00:00,97519.3,95706.8,1812.5,95978.675,2025-02-13 08:50:00+00:00,2025-02-13 08:45:00+00:00,True,CLEAN_CAUSAL_LEAVE,2025-02-13 08:50:00+00:00,2025-02-13 08:55:00+00:00,2025-02-13 09:00:00+00:00,2025-02-13 11:50:00+00:00,L2_ARRIVAL,True,170.0
reference_validation,BEAR,16-20,2025-02-13 16:00:00+00:00,2025-02-13 20:00:00+00:00,96432.4,95288.5,1143.8999999999942,95460.08499999999,2025-02-13 16:35:00+00:00,2025-02-13 16:30:00+00:00,True,CLEAN_CAUSAL_LEAVE,2025-02-13 16:35:00+00:00,2025-02-13 16:40:00+00:00,2025-02-13 16:40:00+00:00,2025-02-13 16:55:00+00:00,L2_ARRIVAL,True,15.0
reference_validation,SIDEWAYS,16-20,2025-02-16 16:00:00+00:00,2025-02-16 20:00:00+00:00,97295.7,96629.5,666.1999999999971,96729.43,2025-02-16 18:35:00+00:00,2025-02-16 18:30:00+00:00,True,CLEAN_CAUSAL_LEAVE,2025-02-16 18:35:00+00:00,2025-02-16 18:40:00+00:00,2025-02-16 19:05:00+00:00,2025-02-16 20:00:00+00:00,BLOCK_END,False,
reference_validation,BEAR,00-04,2025-02-17 00:00:00+00:00,2025-02-17 04:00:00+00:00,97247.6,96002.0,1245.6000000000058,96188.84,2025-02-17 00:05:00+00:00,2025-02-17 00:00:00+00:00,True,CLEAN_CAUSAL_LEAVE,2025-02-17 00:05:00+00:00,2025-02-17 00:10:00+00:00,2025-02-17 00:10:00+00:00,2025-02-17 04:00:00+00:00,BLOCK_END,False,
reference_validation,BEAR,04-08,2025-02-17 04:00:00+00:00,2025-02-17 08:00:00+00:00,96605.7,96000.0,605.6999999999971,96090.855,2025-02-17 04:25:00+00:00,2025-02-17 04:20:00+00:00,True,CLEAN_CAUSAL_LEAVE,2025-02-17 04:25:00+00:00,2025-02-17 04:30:00+00:00,2025-02-17 04:40:00+00:00,2025-02-17 04:55:00+00:00,L2_ARRIVAL,True,15.0
reference_validation,BEAR,16-20,2025-02-17 16:00:00+00:00,2025-02-17 20:00:00+00:00,97000.0,95491.7,1508.300000000003,95717.94499999999,2025-02-17 16:15:00+00:00,2025-02-17 16:10:00+00:00,True,CLEAN_CAUSAL_LEAVE,2025-02-17 16:15:00+00:00,2025-02-17 16:20:00+00:00,,2025-02-17 16:20:00+00:00,L2_ARRIVAL,False,
reference_validation,BEAR,04-08,2025-02-19 04:00:00+00:00,2025-02-19 08:00:00+00:00,95929.0,95020.0,909.0,95156.35,2025-02-19 05:30:00+00:00,2025-02-19 05:25:00+00:00,True,CLEAN_CAUSAL_LEAVE,2025-02-19 05:30:00+00:00,2025-02-19 05:35:00+00:00,,2025-02-19 08:00:00+00:00,BLOCK_END,False,
reference_validation,BEAR,16-20,2025-02-19 16:00:00+00:00,2025-02-19 20:00:00+00:00,96676.0,95494.4,1181.6000000000058,95671.64,2025-02-19 19:15:00+00:00,2025-02-19 19:10:00+00:00,True,CLEAN_CAUSAL_LEAVE,2025-02-19 19:15:00+00:00,2025-02-19 19:20:00+00:00,,2025-02-19 20:00:00+00:00,BLOCK_END,False,
reference_validation,SIDEWAYS,20-00,2025-02-21 20:00:00+00:00,2025-02-22 00:00:00+00:00,98720.0,95201.2,3518.800000000003,95729.02,2025-02-21 20:05:00+00:00,2025-02-21 20:00:00+00:00,True,CLEAN_CAUSAL_LEAVE,2025-02-21 20:05:00+00:00,2025-02-21 20:10:00+00:00,,2025-02-21 20:20:00+00:00,L2_ARRIVAL,False,
reference_validation,BEAR,16-20,2025-02-22 16:00:00+00:00,2025-02-22 20:00:00+00:00,96988.0,96444.2,543.8000000000029,96525.77,2025-02-22 17:00:00+00:00,2025-02-22 16:55:00+00:00,True,CLEAN_CAUSAL_LEAVE,2025-02-22 17:05:00+00:00,2025-02-22 17:10:00+00:00,2025-02-22 17:15:00+00:00,2025-02-22 18:50:00+00:00,L2_ARRIVAL,True,95.0
reference_validation,BEAR,08-12,2025-02-23 08:00:00+00:00,2025-02-23 12:00:00+00:00,96504.1,96102.2,401.90000000000873,96162.485,2025-02-23 10:40:00+00:00,2025-02-23 10:35:00+00:00,False,LOW_BREAK_BEFORE_LEAVE,2025-02-23 10:40:00+00:00,,,2025-02-23 10:40:00+00:00,L2_BREAK,False,
reference_validation,BEAR,12-16,2025-02-23 12:00:00+00:00,2025-02-23 16:00:00+00:00,96459.4,96030.0,429.3999999999942,96094.41,2025-02-23 12:05:00+00:00,2025-02-23 12:00:00+00:00,True,CLEAN_CAUSAL_LEAVE,2025-02-23 12:05:00+00:00,2025-02-23 12:10:00+00:00,,2025-02-23 12:10:00+00:00,L2_ARRIVAL,False,
reference_validation,BEAR,04-08,2025-02-24 04:00:00+00:00,2025-02-24 08:00:00+00:00,96470.0,95263.0,1207.0,95444.05,2025-02-24 04:30:00+00:00,2025-02-24 04:25:00+00:00,False,LOW_BREAK_BEFORE_LEAVE,2025-02-24 04:30:00+00:00,,,2025-02-24 04:30:00+00:00,L2_BREAK,False,
reference_validation,BEAR,20-00,2025-02-24 20:00:00+00:00,2025-02-25 00:00:00+00:00,95182.3,93612.9,1569.4000000000087,93848.31,2025-02-24 21:10:00+00:00,2025-02-24 21:05:00+00:00,True,CLEAN_CAUSAL_LEAVE,2025-02-24 21:10:00+00:00,2025-02-24 21:15:00+00:00,2025-02-24 21:15:00+00:00,2025-02-24 22:00:00+00:00,L2_ARRIVAL,True,45.0
reference_validation,BEAR,04-08,2025-02-25 04:00:00+00:00,2025-02-25 08:00:00+00:00,92500.0,90850.0,1650.0,91097.5,2025-02-25 07:10:00+00:00,2025-02-25 07:05:00+00:00,False,LOW_BREAK_BEFORE_LEAVE,2025-02-25 07:10:00+00:00,,,2025-02-25 07:10:00+00:00,L2_BREAK,False,
reference_validation,BEAR,08-12,2025-02-25 08:00:00+00:00,2025-02-25 12:00:00+00:00,92287.0,88131.6,4155.399999999994,88754.91,2025-02-25 10:05:00+00:00,2025-02-25 10:00:00+00:00,True,CLEAN_CAUSAL_LEAVE,2025-02-25 10:05:00+00:00,2025-02-25 10:10:00+00:00,,2025-02-25 10:10:00+00:00,L2_ARRIVAL,False,
reference_validation,BEAR,12-16,2025-02-25 12:00:00+00:00,2025-02-25 16:00:00+00:00,89952.0,86800.0,3152.0,87272.8,2025-02-25 15:05:00+00:00,2025-02-25 15:00:00+00:00,False,LOW_BREAK_BEFORE_LEAVE,2025-02-25 15:10:00+00:00,,,2025-02-25 15:10:00+00:00,L2_BREAK,False,
reference_validation,BEAR,08-12,2025-02-26 08:00:00+00:00,2025-02-26 12:00:00+00:00,89214.8,88366.0,848.8000000000029,88493.32,2025-02-26 08:10:00+00:00,2025-02-26 08:05:00+00:00,False,LOW_BREAK_BEFORE_LEAVE,2025-02-26 08:10:00+00:00,,,2025-02-26 08:10:00+00:00,L2_BREAK,False,
reference_validation,BEAR,12-16,2025-02-27 12:00:00+00:00,2025-02-27 16:00:00+00:00,87066.0,85827.1,1238.8999999999942,86012.935,2025-02-27 13:55:00+00:00,2025-02-27 13:50:00+00:00,True,CLEAN_CAUSAL_LEAVE,2025-02-27 13:55:00+00:00,2025-02-27 14:00:00+00:00,2025-02-27 14:05:00+00:00,2025-02-27 14:15:00+00:00,L2_ARRIVAL,True,10.0
reference_validation,BEAR,04-08,2025-02-28 04:00:00+00:00,2025-02-28 08:00:00+00:00,84858.6,79500.0,5358.600000000006,80303.79000000001,2025-02-28 04:10:00+00:00,2025-02-28 04:05:00+00:00,True,CLEAN_CAUSAL_LEAVE,2025-02-28 04:10:00+00:00,2025-02-28 04:15:00+00:00,2025-02-28 04:15:00+00:00,2025-02-28 05:30:00+00:00,L2_ARRIVAL,True,75.0
reference_validation,BEAR,12-16,2025-03-01 12:00:00+00:00,2025-03-01 16:00:00+00:00,85452.4,84343.0,1109.3999999999942,84509.41,2025-03-01 13:20:00+00:00,2025-03-01 13:15:00+00:00,True,CLEAN_CAUSAL_LEAVE,2025-03-01 13:20:00+00:00,2025-03-01 13:25:00+00:00,,2025-03-01 13:25:00+00:00,L2_ARRIVAL,False,
reference_validation,BULL,12-16,2025-03-02 12:00:00+00:00,2025-03-02 16:00:00+00:00,86219.5,85605.0,614.5,85697.175,2025-03-02 13:25:00+00:00,2025-03-02 13:20:00+00:00,True,CLEAN_CAUSAL_LEAVE,2025-03-02 13:25:00+00:00,2025-03-02 13:30:00+00:00,,2025-03-02 13:30:00+00:00,L2_ARRIVAL,False,
reference_validation,BULL,08-12,2025-03-03 08:00:00+00:00,2025-03-03 12:00:00+00:00,93304.9,91150.0,2154.899999999994,91473.235,2025-03-03 09:00:00+00:00,2025-03-03 08:55:00+00:00,True,CLEAN_CAUSAL_LEAVE,2025-03-03 09:05:00+00:00,2025-03-03 09:10:00+00:00,2025-03-03 09:20:00+00:00,2025-03-03 12:00:00+00:00,BLOCK_END,False,
reference_validation,SIDEWAYS,20-00,2025-03-03 20:00:00+00:00,2025-03-04 00:00:00+00:00,90959.1,85495.5,5463.600000000006,86315.04000000001,2025-03-03 20:05:00+00:00,2025-03-03 20:00:00+00:00,True,CLEAN_CAUSAL_LEAVE,2025-03-03 20:05:00+00:00,2025-03-03 20:10:00+00:00,,2025-03-03 20:10:00+00:00,L2_ARRIVAL,False,
reference_validation,BEAR,08-12,2025-03-04 08:00:00+00:00,2025-03-04 12:00:00+00:00,84566.0,83100.3,1465.699999999997,83320.155,2025-03-04 08:05:00+00:00,2025-03-04 08:00:00+00:00,False,LOW_BREAK_BEFORE_LEAVE,2025-03-04 08:05:00+00:00,,,2025-03-04 08:05:00+00:00,L2_BREAK,False,
reference_validation,SIDEWAYS,00-04,2025-03-05 00:00:00+00:00,2025-03-05 04:00:00+00:00,88931.0,86544.0,2387.0,86902.05,2025-03-05 00:45:00+00:00,2025-03-05 00:40:00+00:00,False,LOW_BREAK_BEFORE_LEAVE,2025-03-05 00:45:00+00:00,,,2025-03-05 00:45:00+00:00,L2_BREAK,False,
reference_validation,BULL,16-20,2025-03-05 16:00:00+00:00,2025-03-05 20:00:00+00:00,90897.1,87890.0,3007.100000000006,88341.065,2025-03-05 16:15:00+00:00,2025-03-05 16:10:00+00:00,False,LOW_BREAK_BEFORE_LEAVE,2025-03-05 16:30:00+00:00,,,2025-03-05 16:30:00+00:00,L2_BREAK,False,
reference_validation,BULL,12-16,2025-03-06 12:00:00+00:00,2025-03-06 16:00:00+00:00,91642.3,90572.4,1069.9000000000087,90732.885,2025-03-06 12:25:00+00:00,2025-03-06 12:20:00+00:00,True,CLEAN_CAUSAL_LEAVE,2025-03-06 12:25:00+00:00,2025-03-06 12:30:00+00:00,2025-03-06 12:30:00+00:00,2025-03-06 12:35:00+00:00,L2_ARRIVAL,True,5.0
reference_validation,BEAR,20-00,2025-03-07 20:00:00+00:00,2025-03-08 00:00:00+00:00,88990.0,86530.0,2460.0,86899.0,2025-03-07 21:00:00+00:00,2025-03-07 20:55:00+00:00,True,CLEAN_CAUSAL_LEAVE,2025-03-07 21:00:00+00:00,2025-03-07 21:05:00+00:00,,2025-03-07 21:05:00+00:00,L2_ARRIVAL,False,
reference_validation,BEAR,16-20,2025-03-08 16:00:00+00:00,2025-03-08 20:00:00+00:00,86587.0,85774.8,812.1999999999971,85896.63,2025-03-08 17:10:00+00:00,2025-03-08 17:05:00+00:00,False,LOW_BREAK_BEFORE_LEAVE,2025-03-08 17:10:00+00:00,,,2025-03-08 17:10:00+00:00,L2_BREAK,False,
reference_validation,BEAR,04-08,2025-03-09 04:00:00+00:00,2025-03-09 08:00:00+00:00,86470.6,85902.0,568.6000000000058,85987.29000000001,2025-03-09 04:25:00+00:00,2025-03-09 04:20:00+00:00,True,CLEAN_CAUSAL_LEAVE,2025-03-09 04:25:00+00:00,2025-03-09 04:30:00+00:00,2025-03-09 04:30:00+00:00,2025-03-09 06:00:00+00:00,L2_ARRIVAL,True,90.0
reference_validation,BEAR,16-20,2025-03-09 16:00:00+00:00,2025-03-09 20:00:00+00:00,85028.1,82619.3,2408.800000000003,82980.62000000001,2025-03-09 16:10:00+00:00,2025-03-09 16:05:00+00:00,True,CLEAN_CAUSAL_LEAVE,2025-03-09 16:10:00+00:00,2025-03-09 16:15:00+00:00,2025-03-09 16:30:00+00:00,2025-03-09 16:35:00+00:00,L2_ARRIVAL,True,5.0
reference_validation,BEAR,16-20,2025-03-10 16:00:00+00:00,2025-03-10 20:00:00+00:00,83728.2,79142.8,4585.399999999994,79830.61,2025-03-10 16:50:00+00:00,2025-03-10 16:45:00+00:00,False,LOW_BREAK_BEFORE_LEAVE,2025-03-10 16:55:00+00:00,,,2025-03-10 16:55:00+00:00,L2_BREAK,False,
reference_validation,BEAR,00-04,2025-03-11 00:00:00+00:00,2025-03-11 04:00:00+00:00,79844.4,78363.6,1480.7999999999884,78585.72,2025-03-11 00:20:00+00:00,2025-03-11 00:15:00+00:00,False,LOW_BREAK_BEFORE_LEAVE,2025-03-11 00:20:00+00:00,,,2025-03-11 00:20:00+00:00,L2_BREAK,False,
reference_validation,BEAR,16-20,2025-03-13 16:00:00+00:00,2025-03-13 20:00:00+00:00,84030.0,80914.4,3115.600000000006,81381.73999999999,2025-03-13 16:10:00+00:00,2025-03-13 16:05:00+00:00,True,CLEAN_CAUSAL_LEAVE,2025-03-13 16:20:00+00:00,2025-03-13 16:25:00+00:00,,2025-03-13 16:25:00+00:00,L2_ARRIVAL,False,
reference_validation,BULL,04-08,2025-03-15 04:00:00+00:00,2025-03-15 08:00:00+00:00,84625.0,83915.4,709.6000000000058,84021.84,2025-03-15 07:30:00+00:00,2025-03-15 07:25:00+00:00,False,LOW_BREAK_BEFORE_LEAVE,2025-03-15 07:30:00+00:00,,,2025-03-15 07:30:00+00:00,L2_BREAK,False,
reference_validation,BULL,00-04,2025-03-16 00:00:00+00:00,2025-03-16 04:00:00+00:00,84433.1,84191.2,241.90000000000873,84227.485,2025-03-16 00:40:00+00:00,2025-03-16 00:35:00+00:00,True,CLEAN_CAUSAL_LEAVE,2025-03-16 00:40:00+00:00,2025-03-16 00:45:00+00:00,2025-03-16 00:45:00+00:00,2025-03-16 00:55:00+00:00,L2_ARRIVAL,True,10.0
reference_validation,BULL,08-12,2025-03-16 08:00:00+00:00,2025-03-16 12:00:00+00:00,84382.2,83924.4,457.8000000000029,83993.06999999999,2025-03-16 09:30:00+00:00,2025-03-16 09:25:00+00:00,True,CLEAN_CAUSAL_LEAVE,2025-03-16 09:35:00+00:00,2025-03-16 09:40:00+00:00,,2025-03-16 09:40:00+00:00,L2_ARRIVAL,False,
reference_validation,BULL,00-04,2025-03-18 00:00:00+00:00,2025-03-18 04:00:00+00:00,84464.1,83700.0,764.1000000000058,83814.615,2025-03-18 00:35:00+00:00,2025-03-18 00:30:00+00:00,True,CLEAN_CAUSAL_LEAVE,2025-03-18 00:35:00+00:00,2025-03-18 00:40:00+00:00,,2025-03-18 00:45:00+00:00,L2_ARRIVAL,False,
reference_validation,BULL,16-20,2025-03-20 16:00:00+00:00,2025-03-20 20:00:00+00:00,86490.0,84520.0,1970.0,84815.5,2025-03-20 16:10:00+00:00,2025-03-20 16:05:00+00:00,False,LOW_BREAK_BEFORE_LEAVE,2025-03-20 16:10:00+00:00,,,2025-03-20 16:10:00+00:00,L2_BREAK,False,
reference_validation,SIDEWAYS,08-12,2025-03-22 08:00:00+00:00,2025-03-22 12:00:00+00:00,84389.0,84110.6,278.3999999999942,84152.36,2025-03-22 08:35:00+00:00,2025-03-22 08:30:00+00:00,True,CLEAN_CAUSAL_LEAVE,2025-03-22 08:35:00+00:00,2025-03-22 08:40:00+00:00,2025-03-22 08:45:00+00:00,2025-03-22 09:35:00+00:00,OPPOSITE_HIGH_BREAK,False,
reference_validation,BEAR,20-00,2025-03-22 20:00:00+00:00,2025-03-23 00:00:00+00:00,84292.0,84021.1,270.8999999999942,84061.735,2025-03-22 20:55:00+00:00,2025-03-22 20:50:00+00:00,False,LOW_BREAK_BEFORE_LEAVE,2025-03-22 20:55:00+00:00,,,2025-03-22 20:55:00+00:00,L2_BREAK,False,
reference_validation,BULL,00-04,2025-03-25 00:00:00+00:00,2025-03-25 04:00:00+00:00,88438.5,87010.0,1428.5,87224.275,2025-03-25 01:30:00+00:00,2025-03-25 01:25:00+00:00,False,LOW_BREAK_BEFORE_LEAVE,2025-03-25 01:30:00+00:00,,,2025-03-25 01:30:00+00:00,L2_BREAK,False,
reference_validation,BULL,04-08,2025-03-25 04:00:00+00:00,2025-03-25 08:00:00+00:00,87644.0,86278.5,1365.5,86483.325,2025-03-25 04:05:00+00:00,2025-03-25 04:00:00+00:00,True,CLEAN_CAUSAL_LEAVE,2025-03-25 04:05:00+00:00,2025-03-25 04:10:00+00:00,2025-03-25 04:10:00+00:00,2025-03-25 08:00:00+00:00,BLOCK_END,False,
reference_validation,BULL,12-16,2025-03-26 12:00:00+00:00,2025-03-26 16:00:00+00:00,88235.0,87781.8,453.1999999999971,87849.78,2025-03-26 12:15:00+00:00,2025-03-26 12:10:00+00:00,False,LOW_BREAK_BEFORE_LEAVE,2025-03-26 12:20:00+00:00,,,2025-03-26 12:20:00+00:00,L2_BREAK,False,
reference_validation,SIDEWAYS,16-20,2025-03-26 16:00:00+00:00,2025-03-26 20:00:00+00:00,87975.0,86387.7,1587.300000000003,86625.795,2025-03-26 17:00:00+00:00,2025-03-26 16:55:00+00:00,True,CLEAN_CAUSAL_LEAVE,2025-03-26 17:00:00+00:00,2025-03-26 17:05:00+00:00,2025-03-26 17:05:00+00:00,2025-03-26 18:45:00+00:00,L2_ARRIVAL,True,100.0
reference_validation,SIDEWAYS,12-16,2025-03-27 12:00:00+00:00,2025-03-27 16:00:00+00:00,87562.4,86741.5,820.8999999999942,86864.635,2025-03-27 12:05:00+00:00,2025-03-27 12:00:00+00:00,True,CLEAN_CAUSAL_LEAVE,2025-03-27 12:05:00+00:00,2025-03-27 12:10:00+00:00,2025-03-27 12:20:00+00:00,2025-03-27 12:50:00+00:00,L2_ARRIVAL,True,30.0
reference_validation,BULL,00-04,2025-03-28 00:00:00+00:00,2025-03-28 04:00:00+00:00,87695.9,86892.0,803.8999999999942,87012.58499999999,2025-03-28 00:35:00+00:00,2025-03-28 00:30:00+00:00,True,CLEAN_CAUSAL_LEAVE,2025-03-28 00:35:00+00:00,2025-03-28 00:40:00+00:00,2025-03-28 02:35:00+00:00,2025-03-28 03:05:00+00:00,L2_ARRIVAL,True,30.0
reference_validation,SIDEWAYS,04-08,2025-03-28 04:00:00+00:00,2025-03-28 08:00:00+00:00,87470.0,86694.5,775.5,86810.825,2025-03-28 04:20:00+00:00,2025-03-28 04:15:00+00:00,False,LOW_BREAK_BEFORE_LEAVE,2025-03-28 04:20:00+00:00,,,2025-03-28 04:20:00+00:00,L2_BREAK,False,
reference_validation,BEAR,16-20,2025-03-29 16:00:00+00:00,2025-03-29 20:00:00+00:00,82839.9,82104.0,735.8999999999942,82214.385,2025-03-29 17:05:00+00:00,2025-03-29 17:00:00+00:00,False,LOW_BREAK_BEFORE_LEAVE,2025-03-29 17:05:00+00:00,,,2025-03-29 17:05:00+00:00,L2_BREAK,False,
reference_validation,BEAR,12-16,2025-03-30 12:00:00+00:00,2025-03-30 16:00:00+00:00,83490.0,82924.1,565.8999999999942,83008.985,2025-03-30 13:10:00+00:00,2025-03-30 13:05:00+00:00,True,CLEAN_CAUSAL_LEAVE,2025-03-30 13:10:00+00:00,2025-03-30 13:15:00+00:00,2025-03-30 13:15:00+00:00,2025-03-30 13:25:00+00:00,L2_ARRIVAL,True,10.0
reference_validation,BEAR,08-12,2025-03-31 08:00:00+00:00,2025-03-31 12:00:00+00:00,82275.5,81358.1,917.3999999999942,81495.71,2025-03-31 09:40:00+00:00,2025-03-31 09:35:00+00:00,True,CLEAN_CAUSAL_LEAVE,2025-03-31 09:40:00+00:00,2025-03-31 09:45:00+00:00,,2025-03-31 09:45:00+00:00,L2_ARRIVAL,False,
reference_validation,BEAR,20-00,2025-03-31 20:00:00+00:00,2025-04-01 00:00:00+00:00,83655.4,82350.0,1305.3999999999942,82545.81,2025-03-31 20:10:00+00:00,2025-03-31 20:05:00+00:00,True,CLEAN_CAUSAL_LEAVE,2025-03-31 20:10:00+00:00,2025-03-31 20:15:00+00:00,2025-03-31 20:15:00+00:00,2025-03-31 20:50:00+00:00,L2_ARRIVAL,True,35.0
reference_validation,SIDEWAYS,12-16,2025-04-01 12:00:00+00:00,2025-04-01 16:00:00+00:00,84474.8,83401.0,1073.800000000003,83562.07,2025-04-01 13:40:00+00:00,2025-04-01 13:35:00+00:00,True,CLEAN_CAUSAL_LEAVE,2025-04-01 13:40:00+00:00,2025-04-01 13:45:00+00:00,2025-04-01 13:55:00+00:00,2025-04-01 14:00:00+00:00,L2_ARRIVAL,True,5.0
reference_validation,BULL,04-08,2025-04-02 04:00:00+00:00,2025-04-02 08:00:00+00:00,85217.9,84479.2,738.6999999999971,84590.00499999999,2025-04-02 04:05:00+00:00,2025-04-02 04:00:00+00:00,True,CLEAN_CAUSAL_LEAVE,2025-04-02 04:05:00+00:00,2025-04-02 04:10:00+00:00,2025-04-02 04:10:00+00:00,2025-04-02 04:30:00+00:00,L2_ARRIVAL,True,20.0
reference_validation,SIDEWAYS,00-04,2025-04-05 00:00:00+00:00,2025-04-05 04:00:00+00:00,84422.9,83449.7,973.1999999999971,83595.68,2025-04-05 00:45:00+00:00,2025-04-05 00:40:00+00:00,True,CLEAN_CAUSAL_LEAVE,2025-04-05 00:45:00+00:00,2025-04-05 00:50:00+00:00,2025-04-05 00:50:00+00:00,2025-04-05 04:00:00+00:00,BLOCK_END,False,
reference_validation,SIDEWAYS,04-08,2025-04-05 04:00:00+00:00,2025-04-05 08:00:00+00:00,84244.5,83323.7,920.8000000000029,83461.81999999999,2025-04-05 06:50:00+00:00,2025-04-05 06:45:00+00:00,True,CLEAN_CAUSAL_LEAVE,2025-04-05 06:50:00+00:00,2025-04-05 06:55:00+00:00,2025-04-05 07:00:00+00:00,2025-04-05 08:00:00+00:00,BLOCK_END,False,
reference_validation,BEAR,12-16,2025-04-06 12:00:00+00:00,2025-04-06 16:00:00+00:00,83143.9,82625.0,518.8999999999942,82702.83499999999,2025-04-06 12:40:00+00:00,2025-04-06 12:35:00+00:00,True,CLEAN_CAUSAL_LEAVE,2025-04-06 12:40:00+00:00,2025-04-06 12:45:00+00:00,2025-04-06 12:45:00+00:00,2025-04-06 13:00:00+00:00,L2_ARRIVAL,True,15.0
reference_validation,BEAR,20-00,2025-04-06 20:00:00+00:00,2025-04-07 00:00:00+00:00,82524.9,78635.0,3889.899999999994,79218.485,2025-04-06 20:40:00+00:00,2025-04-06 20:35:00+00:00,True,CLEAN_CAUSAL_LEAVE,2025-04-06 20:40:00+00:00,2025-04-06 20:45:00+00:00,2025-04-06 21:10:00+00:00,2025-04-06 22:00:00+00:00,L2_ARRIVAL,True,50.0
reference_validation,BEAR,04-08,2025-04-07 04:00:00+00:00,2025-04-07 08:00:00+00:00,79311.5,77311.0,2000.5,77611.075,2025-04-07 04:15:00+00:00,2025-04-07 04:10:00+00:00,False,LOW_BREAK_BEFORE_LEAVE,2025-04-07 04:15:00+00:00,,,2025-04-07 04:15:00+00:00,L2_BREAK,False,
reference_validation,BEAR,20-00,2025-04-08 20:00:00+00:00,2025-04-09 00:00:00+00:00,78500.0,76311.0,2189.0,76639.35,2025-04-08 22:40:00+00:00,2025-04-08 22:35:00+00:00,True,CLEAN_CAUSAL_LEAVE,2025-04-08 22:45:00+00:00,2025-04-08 22:50:00+00:00,2025-04-08 22:55:00+00:00,2025-04-08 23:25:00+00:00,L2_ARRIVAL,True,30.0
reference_validation,SIDEWAYS,16-20,2025-04-10 16:00:00+00:00,2025-04-10 20:00:00+00:00,82488.0,78559.0,3929.0,79148.35,2025-04-10 16:05:00+00:00,2025-04-10 16:00:00+00:00,True,CLEAN_CAUSAL_LEAVE,2025-04-10 16:10:00+00:00,2025-04-10 16:15:00+00:00,,2025-04-10 16:20:00+00:00,L2_ARRIVAL,False,
reference_validation,SIDEWAYS,00-04,2025-04-11 00:00:00+00:00,2025-04-11 04:00:00+00:00,79999.9,79335.2,664.6999999999971,79434.905,2025-04-11 00:35:00+00:00,2025-04-11 00:30:00+00:00,False,LOW_BREAK_BEFORE_LEAVE,2025-04-11 00:45:00+00:00,,,2025-04-11 00:45:00+00:00,L2_BREAK,False,
reference_validation,BULL,00-04,2025-04-12 00:00:00+00:00,2025-04-12 04:00:00+00:00,84300.0,83115.1,1184.8999999999942,83292.835,2025-04-12 01:35:00+00:00,2025-04-12 01:30:00+00:00,True,CLEAN_CAUSAL_LEAVE,2025-04-12 01:35:00+00:00,2025-04-12 01:40:00+00:00,2025-04-12 01:45:00+00:00,2025-04-12 02:45:00+00:00,L2_ARRIVAL,True,60.0
reference_validation,BULL,04-08,2025-04-13 04:00:00+00:00,2025-04-13 08:00:00+00:00,86100.0,84689.5,1410.5,84901.075,2025-04-13 04:35:00+00:00,2025-04-13 04:30:00+00:00,True,CLEAN_CAUSAL_LEAVE,2025-04-13 04:45:00+00:00,2025-04-13 04:50:00+00:00,,2025-04-13 04:50:00+00:00,L2_ARRIVAL,False,
reference_validation,SIDEWAYS,00-04,2025-04-16 00:00:00+00:00,2025-04-16 04:00:00+00:00,84197.9,83560.0,637.8999999999942,83655.685,2025-04-16 00:05:00+00:00,2025-04-16 00:00:00+00:00,False,LOW_BREAK_BEFORE_LEAVE,2025-04-16 00:05:00+00:00,,,2025-04-16 00:05:00+00:00,L2_BREAK,False,
reference_validation,SIDEWAYS,00-04,2025-04-17 00:00:00+00:00,2025-04-17 04:00:00+00:00,84642.8,83986.7,656.1000000000058,84085.11499999999,2025-04-17 00:05:00+00:00,2025-04-17 00:00:00+00:00,False,LOW_BREAK_BEFORE_LEAVE,2025-04-17 00:10:00+00:00,,,2025-04-17 00:10:00+00:00,L2_BREAK,False,
reference_validation,SIDEWAYS,16-20,2025-04-18 16:00:00+00:00,2025-04-18 20:00:00+00:00,84730.0,84300.5,429.5,84364.925,2025-04-18 16:05:00+00:00,2025-04-18 16:00:00+00:00,True,CLEAN_CAUSAL_LEAVE,2025-04-18 16:05:00+00:00,2025-04-18 16:10:00+00:00,2025-04-18 17:25:00+00:00,2025-04-18 20:00:00+00:00,BLOCK_END,False,
reference_validation,BULL,00-04,2025-04-24 00:00:00+00:00,2025-04-24 04:00:00+00:00,93869.9,93181.8,688.0999999999913,93285.015,2025-04-24 01:15:00+00:00,2025-04-24 01:10:00+00:00,False,LOW_BREAK_BEFORE_LEAVE,2025-04-24 01:15:00+00:00,,,2025-04-24 01:15:00+00:00,L2_BREAK,False,
reference_validation,BULL,08-12,2025-04-24 08:00:00+00:00,2025-04-24 12:00:00+00:00,92869.9,92055.1,814.7999999999884,92177.32,2025-04-24 08:15:00+00:00,2025-04-24 08:10:00+00:00,False,LOW_BREAK_BEFORE_LEAVE,2025-04-24 08:15:00+00:00,,,2025-04-24 08:15:00+00:00,L2_BREAK,False,
reference_validation,BULL,04-08,2025-04-26 04:00:00+00:00,2025-04-26 08:00:00+00:00,95157.1,94500.5,656.6000000000058,94598.99,2025-04-26 04:40:00+00:00,2025-04-26 04:35:00+00:00,True,CLEAN_CAUSAL_LEAVE,2025-04-26 04:40:00+00:00,2025-04-26 04:45:00+00:00,2025-04-26 04:45:00+00:00,2025-04-26 04:55:00+00:00,L2_ARRIVAL,True,10.0
reference_validation,BULL,04-08,2025-04-27 04:00:00+00:00,2025-04-27 08:00:00+00:00,95280.5,94000.0,1280.5,94192.075,2025-04-27 04:55:00+00:00,2025-04-27 04:50:00+00:00,False,LOW_BREAK_BEFORE_LEAVE,2025-04-27 04:55:00+00:00,,,2025-04-27 04:55:00+00:00,L2_BREAK,False,
reference_validation,BULL,12-16,2025-04-27 12:00:00+00:00,2025-04-27 16:00:00+00:00,94295.4,93840.0,455.3999999999942,93908.31,2025-04-27 12:05:00+00:00,2025-04-27 12:00:00+00:00,False,LOW_BREAK_BEFORE_LEAVE,2025-04-27 12:05:00+00:00,,,2025-04-27 12:05:00+00:00,L2_BREAK,False,
reference_validation,BULL,04-08,2025-04-29 04:00:00+00:00,2025-04-29 08:00:00+00:00,95415.7,94380.0,1035.699999999997,94535.355,2025-04-29 04:50:00+00:00,2025-04-29 04:45:00+00:00,False,LOW_BREAK_BEFORE_LEAVE,2025-04-29 04:50:00+00:00,,,2025-04-29 04:50:00+00:00,L2_BREAK,False,
reference_validation,BULL,12-16,2025-04-29 12:00:00+00:00,2025-04-29 16:00:00+00:00,95264.9,94700.1,564.7999999999884,94784.82,2025-04-29 13:10:00+00:00,2025-04-29 13:05:00+00:00,True,CLEAN_CAUSAL_LEAVE,2025-04-29 13:10:00+00:00,2025-04-29 13:15:00+00:00,,2025-04-29 13:15:00+00:00,L2_ARRIVAL,False,
reference_validation,BULL,08-12,2025-05-03 08:00:00+00:00,2025-05-03 12:00:00+00:00,96557.7,96064.1,493.59999999999127,96138.14,2025-05-03 10:35:00+00:00,2025-05-03 10:30:00+00:00,False,LOW_BREAK_BEFORE_LEAVE,2025-05-03 10:35:00+00:00,,,2025-05-03 10:35:00+00:00,L2_BREAK,False,
reference_validation,BULL,16-20,2025-05-03 16:00:00+00:00,2025-05-03 20:00:00+00:00,96456.0,95834.4,621.6000000000058,95927.64,2025-05-03 17:25:00+00:00,2025-05-03 17:20:00+00:00,True,CLEAN_CAUSAL_LEAVE,2025-05-03 17:25:00+00:00,2025-05-03 17:30:00+00:00,2025-05-03 17:35:00+00:00,2025-05-03 20:00:00+00:00,BLOCK_END,False,
reference_validation,BEAR,08-12,2025-05-06 08:00:00+00:00,2025-05-06 12:00:00+00:00,94600.0,94267.0,333.0,94316.95,2025-05-06 08:05:00+00:00,2025-05-06 08:00:00+00:00,True,CLEAN_CAUSAL_LEAVE,2025-05-06 08:05:00+00:00,2025-05-06 08:10:00+00:00,,2025-05-06 08:10:00+00:00,L2_ARRIVAL,False,
reference_validation,BULL,16-20,2025-05-07 16:00:00+00:00,2025-05-07 20:00:00+00:00,97446.8,96655.2,791.6000000000058,96773.94,2025-05-07 16:15:00+00:00,2025-05-07 16:10:00+00:00,False,LOW_BREAK_BEFORE_LEAVE,2025-05-07 16:20:00+00:00,,,2025-05-07 16:20:00+00:00,L2_BREAK,False,
reference_validation,BULL,12-16,2025-05-08 12:00:00+00:00,2025-05-08 16:00:00+00:00,99863.3,99165.2,698.1000000000058,99269.915,2025-05-08 13:45:00+00:00,2025-05-08 13:40:00+00:00,False,LOW_BREAK_BEFORE_LEAVE,2025-05-08 13:45:00+00:00,,,2025-05-08 13:45:00+00:00,L2_BREAK,False,
reference_validation,BULL,12-16,2025-05-09 12:00:00+00:00,2025-05-09 16:00:00+00:00,103920.0,102376.5,1543.5,102608.025,2025-05-09 14:45:00+00:00,2025-05-09 14:40:00+00:00,True,CLEAN_CAUSAL_LEAVE,2025-05-09 14:45:00+00:00,2025-05-09 14:50:00+00:00,,2025-05-09 16:00:00+00:00,BLOCK_END,False,
reference_validation,BULL,16-20,2025-05-09 16:00:00+00:00,2025-05-09 20:00:00+00:00,103746.8,102358.0,1388.800000000003,102566.32,2025-05-09 17:00:00+00:00,2025-05-09 16:55:00+00:00,True,CLEAN_CAUSAL_LEAVE,2025-05-09 17:05:00+00:00,2025-05-09 17:10:00+00:00,,2025-05-09 20:00:00+00:00,BLOCK_END,False,
reference_validation,BULL,16-20,2025-05-10 16:00:00+00:00,2025-05-10 20:00:00+00:00,103781.1,103038.7,742.4000000000087,103150.06,2025-05-10 18:35:00+00:00,2025-05-10 18:30:00+00:00,True,CLEAN_CAUSAL_LEAVE,2025-05-10 18:45:00+00:00,2025-05-10 18:50:00+00:00,2025-05-10 18:50:00+00:00,2025-05-10 20:00:00+00:00,BLOCK_END,False,
reference_validation,BULL,16-20,2025-05-11 16:00:00+00:00,2025-05-11 20:00:00+00:00,104873.5,103726.6,1146.8999999999942,103898.63500000001,2025-05-11 16:20:00+00:00,2025-05-11 16:15:00+00:00,True,CLEAN_CAUSAL_LEAVE,2025-05-11 16:20:00+00:00,2025-05-11 16:25:00+00:00,2025-05-11 16:35:00+00:00,2025-05-11 20:00:00+00:00,BLOCK_END,False,
reference_validation,BULL,20-00,2025-05-11 20:00:00+00:00,2025-05-12 00:00:00+00:00,104800.0,103691.9,1108.1000000000058,103858.11499999999,2025-05-11 22:40:00+00:00,2025-05-11 22:35:00+00:00,False,LOW_BREAK_BEFORE_LEAVE,2025-05-11 22:40:00+00:00,,,2025-05-11 22:40:00+00:00,L2_BREAK,False,
reference_validation,BULL,08-12,2025-05-12 08:00:00+00:00,2025-05-12 12:00:00+00:00,105863.1,103696.3,2166.800000000003,104021.32,2025-05-12 11:55:00+00:00,2025-05-12 11:50:00+00:00,False,NO_CAUSAL_LEAVE,,,,2025-05-12 12:00:00+00:00,BLOCK_END,False,
reference_validation,SIDEWAYS,00-04,2025-05-13 00:00:00+00:00,2025-05-13 04:00:00+00:00,103080.9,101728.3,1352.5999999999913,101931.19,2025-05-13 02:25:00+00:00,2025-05-13 02:20:00+00:00,True,CLEAN_CAUSAL_LEAVE,2025-05-13 02:25:00+00:00,2025-05-13 02:30:00+00:00,2025-05-13 02:40:00+00:00,2025-05-13 03:25:00+00:00,L2_ARRIVAL,True,45.0
reference_validation,BULL,00-04,2025-05-14 00:00:00+00:00,2025-05-14 04:00:00+00:00,104889.2,103795.5,1093.699999999997,103959.555,2025-05-14 00:30:00+00:00,2025-05-14 00:25:00+00:00,True,CLEAN_CAUSAL_LEAVE,2025-05-14 00:35:00+00:00,2025-05-14 00:40:00+00:00,,2025-05-14 00:40:00+00:00,L2_ARRIVAL,False,
reference_validation,SIDEWAYS,04-08,2025-05-15 04:00:00+00:00,2025-05-15 08:00:00+00:00,103820.0,102663.5,1156.5,102836.975,2025-05-15 04:10:00+00:00,2025-05-15 04:05:00+00:00,True,CLEAN_CAUSAL_LEAVE,2025-05-15 04:10:00+00:00,2025-05-15 04:15:00+00:00,2025-05-15 04:20:00+00:00,2025-05-15 05:05:00+00:00,L2_ARRIVAL,True,45.0
reference_validation,BEAR,08-12,2025-05-15 08:00:00+00:00,2025-05-15 12:00:00+00:00,102926.2,101677.0,1249.199999999997,101864.38,2025-05-15 09:35:00+00:00,2025-05-15 09:30:00+00:00,False,LOW_BREAK_BEFORE_LEAVE,2025-05-15 09:35:00+00:00,,,2025-05-15 09:35:00+00:00,L2_BREAK,False,
reference_validation,BULL,20-00,2025-05-16 20:00:00+00:00,2025-05-17 00:00:00+00:00,104524.2,103533.2,991.0,103681.84999999999,2025-05-16 20:40:00+00:00,2025-05-16 20:35:00+00:00,True,CLEAN_CAUSAL_LEAVE,2025-05-16 20:40:00+00:00,2025-05-16 20:45:00+00:00,,2025-05-16 20:45:00+00:00,L2_ARRIVAL,False,
reference_validation,SIDEWAYS,00-04,2025-05-17 00:00:00+00:00,2025-05-17 04:00:00+00:00,103991.7,103361.6,630.0999999999913,103456.115,2025-05-17 00:10:00+00:00,2025-05-17 00:05:00+00:00,True,CLEAN_CAUSAL_LEAVE,2025-05-17 00:10:00+00:00,2025-05-17 00:15:00+00:00,,2025-05-17 00:15:00+00:00,L2_ARRIVAL,False,
reference_validation,SIDEWAYS,12-16,2025-05-19 12:00:00+00:00,2025-05-19 16:00:00+00:00,103359.5,102732.8,626.6999999999971,102826.80500000001,2025-05-19 12:05:00+00:00,2025-05-19 12:00:00+00:00,False,LOW_BREAK_BEFORE_LEAVE,2025-05-19 12:05:00+00:00,,,2025-05-19 12:05:00+00:00,L2_BREAK,False,
reference_validation,BULL,08-12,2025-05-20 08:00:00+00:00,2025-05-20 12:00:00+00:00,106371.3,104868.5,1502.800000000003,105093.92,2025-05-20 08:15:00+00:00,2025-05-20 08:10:00+00:00,True,CLEAN_CAUSAL_LEAVE,2025-05-20 08:15:00+00:00,2025-05-20 08:20:00+00:00,,2025-05-20 08:25:00+00:00,L2_ARRIVAL,False,
reference_validation,BULL,08-12,2025-05-21 08:00:00+00:00,2025-05-21 12:00:00+00:00,107950.0,106400.0,1550.0,106632.5,2025-05-21 08:05:00+00:00,2025-05-21 08:00:00+00:00,True,CLEAN_CAUSAL_LEAVE,2025-05-21 08:05:00+00:00,2025-05-21 08:10:00+00:00,2025-05-21 08:10:00+00:00,2025-05-21 08:20:00+00:00,L2_ARRIVAL,True,10.0
reference_validation,BULL,04-08,2025-05-23 04:00:00+00:00,2025-05-23 08:00:00+00:00,111770.4,110958.5,811.8999999999942,111080.285,2025-05-23 04:10:00+00:00,2025-05-23 04:05:00+00:00,False,LOW_BREAK_BEFORE_LEAVE,2025-05-23 04:15:00+00:00,,,2025-05-23 04:15:00+00:00,L2_BREAK,False,
reference_validation,BULL,20-00,2025-05-24 20:00:00+00:00,2025-05-25 00:00:00+00:00,109165.8,108647.1,518.6999999999971,108724.905,2025-05-24 21:25:00+00:00,2025-05-24 21:20:00+00:00,True,CLEAN_CAUSAL_LEAVE,2025-05-24 21:25:00+00:00,2025-05-24 21:30:00+00:00,2025-05-24 21:35:00+00:00,2025-05-24 22:00:00+00:00,L2_ARRIVAL,True,25.0
reference_validation,BEAR,00-04,2025-05-25 00:00:00+00:00,2025-05-25 04:00:00+00:00,109084.8,107394.7,1690.1000000000058,107648.215,2025-05-25 00:45:00+00:00,2025-05-25 00:40:00+00:00,False,LOW_BREAK_BEFORE_LEAVE,2025-05-25 00:50:00+00:00,,,2025-05-25 00:50:00+00:00,L2_BREAK,False,
reference_validation,BEAR,08-12,2025-05-25 08:00:00+00:00,2025-05-25 12:00:00+00:00,108250.1,107387.8,862.3000000000029,107517.145,2025-05-25 08:15:00+00:00,2025-05-25 08:10:00+00:00,True,CLEAN_CAUSAL_LEAVE,2025-05-25 08:15:00+00:00,2025-05-25 08:20:00+00:00,2025-05-25 08:20:00+00:00,2025-05-25 08:25:00+00:00,L2_ARRIVAL,True,5.0
reference_validation,BULL,12-16,2025-05-26 12:00:00+00:00,2025-05-26 16:00:00+00:00,110138.8,109500.0,638.8000000000029,109595.82,2025-05-26 14:00:00+00:00,2025-05-26 13:55:00+00:00,True,CLEAN_CAUSAL_LEAVE,2025-05-26 14:10:00+00:00,2025-05-26 14:15:00+00:00,2025-05-26 14:15:00+00:00,2025-05-26 14:20:00+00:00,L2_ARRIVAL,True,5.0
reference_validation,BULL,16-20,2025-05-26 16:00:00+00:00,2025-05-26 20:00:00+00:00,110400.0,109412.9,987.1000000000058,109560.965,2025-05-26 16:25:00+00:00,2025-05-26 16:20:00+00:00,False,LOW_BREAK_BEFORE_LEAVE,2025-05-26 16:25:00+00:00,,,2025-05-26 16:25:00+00:00,L2_BREAK,False,
reference_validation,BULL,00-04,2025-05-27 00:00:00+00:00,2025-05-27 04:00:00+00:00,109863.2,108894.0,969.1999999999971,109039.38,2025-05-27 01:10:00+00:00,2025-05-27 01:05:00+00:00,False,LOW_BREAK_BEFORE_LEAVE,2025-05-27 01:10:00+00:00,,,2025-05-27 01:10:00+00:00,L2_BREAK,False,
reference_validation,SIDEWAYS,00-04,2025-05-28 00:00:00+00:00,2025-05-28 04:00:00+00:00,109857.6,108533.5,1324.1000000000058,108732.115,2025-05-28 02:20:00+00:00,2025-05-28 02:15:00+00:00,False,LOW_BREAK_BEFORE_LEAVE,2025-05-28 02:20:00+00:00,,,2025-05-28 02:20:00+00:00,L2_BREAK,False,
reference_validation,SIDEWAYS,08-12,2025-05-28 08:00:00+00:00,2025-05-28 12:00:00+00:00,109040.7,108568.7,472.0,108639.5,2025-05-28 08:35:00+00:00,2025-05-28 08:30:00+00:00,True,CLEAN_CAUSAL_LEAVE,2025-05-28 08:35:00+00:00,2025-05-28 08:40:00+00:00,2025-05-28 09:15:00+00:00,2025-05-28 09:20:00+00:00,L2_ARRIVAL,True,5.0
reference_validation,BEAR,20-00,2025-05-28 20:00:00+00:00,2025-05-29 00:00:00+00:00,107793.0,106881.5,911.5,107018.225,2025-05-28 20:05:00+00:00,2025-05-28 20:00:00+00:00,True,CLEAN_CAUSAL_LEAVE,2025-05-28 20:05:00+00:00,2025-05-28 20:10:00+00:00,2025-05-28 20:10:00+00:00,2025-05-28 20:20:00+00:00,L2_ARRIVAL,True,10.0
reference_validation,BEAR,04-08,2025-05-29 04:00:00+00:00,2025-05-29 08:00:00+00:00,108450.0,107378.6,1071.3999999999942,107539.31,2025-05-29 04:40:00+00:00,2025-05-29 04:35:00+00:00,False,LOW_BREAK_BEFORE_LEAVE,2025-05-29 04:40:00+00:00,,,2025-05-29 04:40:00+00:00,L2_BREAK,False,
reference_validation,BEAR,08-12,2025-05-30 08:00:00+00:00,2025-05-30 12:00:00+00:00,106266.0,104680.4,1585.6000000000058,104918.23999999999,2025-05-30 09:45:00+00:00,2025-05-30 09:40:00+00:00,True,CLEAN_CAUSAL_LEAVE,2025-05-30 09:45:00+00:00,2025-05-30 09:50:00+00:00,,2025-05-30 12:00:00+00:00,BLOCK_END,False,
reference_validation,BEAR,20-00,2025-05-30 20:00:00+00:00,2025-05-31 00:00:00+00:00,105531.5,103650.2,1881.300000000003,103932.395,2025-05-30 23:20:00+00:00,2025-05-30 23:15:00+00:00,True,CLEAN_CAUSAL_LEAVE,2025-05-30 23:20:00+00:00,2025-05-30 23:25:00+00:00,2025-05-30 23:25:00+00:00,2025-05-30 23:30:00+00:00,L2_ARRIVAL,True,5.0
reference_validation,BEAR,00-04,2025-05-31 00:00:00+00:00,2025-05-31 04:00:00+00:00,104849.9,103555.0,1294.8999999999942,103749.235,2025-05-31 00:20:00+00:00,2025-05-31 00:15:00+00:00,True,CLEAN_CAUSAL_LEAVE,2025-05-31 00:25:00+00:00,2025-05-31 00:30:00+00:00,2025-05-31 01:00:00+00:00,2025-05-31 01:30:00+00:00,L2_ARRIVAL,True,30.0
reference_validation,BEAR,00-04,2025-06-01 00:00:00+00:00,2025-06-01 04:00:00+00:00,104859.3,104423.0,436.3000000000029,104488.445,2025-06-01 00:15:00+00:00,2025-06-01 00:10:00+00:00,False,LOW_BREAK_BEFORE_LEAVE,2025-06-01 00:20:00+00:00,,,2025-06-01 00:20:00+00:00,L2_BREAK,False,
reference_validation,BEAR,12-16,2025-06-02 12:00:00+00:00,2025-06-02 16:00:00+00:00,105900.0,103867.8,2032.199999999997,104172.63,2025-06-02 12:10:00+00:00,2025-06-02 12:05:00+00:00,False,LOW_BREAK_BEFORE_LEAVE,2025-06-02 12:15:00+00:00,,,2025-06-02 12:15:00+00:00,L2_BREAK,False,
reference_validation,SIDEWAYS,04-08,2025-06-03 04:00:00+00:00,2025-06-03 08:00:00+00:00,106470.8,105280.0,1190.800000000003,105458.62,2025-06-03 04:15:00+00:00,2025-06-03 04:10:00+00:00,True,CLEAN_CAUSAL_LEAVE,2025-06-03 04:20:00+00:00,2025-06-03 04:25:00+00:00,,2025-06-03 04:25:00+00:00,L2_ARRIVAL,False,
reference_validation,BULL,00-04,2025-06-04 00:00:00+00:00,2025-06-04 04:00:00+00:00,106208.0,105200.4,1007.6000000000058,105351.54,2025-06-04 00:35:00+00:00,2025-06-04 00:30:00+00:00,False,LOW_BREAK_BEFORE_LEAVE,2025-06-04 00:35:00+00:00,,,2025-06-04 00:35:00+00:00,L2_BREAK,False,
reference_validation,BEAR,04-08,2025-06-05 04:00:00+00:00,2025-06-05 08:00:00+00:00,105225.6,104594.8,630.8000000000029,104689.42,2025-06-05 05:50:00+00:00,2025-06-05 05:45:00+00:00,False,LOW_BREAK_BEFORE_LEAVE,2025-06-05 05:50:00+00:00,,,2025-06-05 05:50:00+00:00,L2_BREAK,False,
reference_validation,BEAR,20-00,2025-06-05 20:00:00+00:00,2025-06-06 00:00:00+00:00,104547.9,101500.0,3047.899999999994,101957.185,2025-06-05 20:15:00+00:00,2025-06-05 20:10:00+00:00,False,LOW_BREAK_BEFORE_LEAVE,2025-06-05 20:15:00+00:00,,,2025-06-05 20:15:00+00:00,L2_BREAK,False,
reference_validation,BULL,08-12,2025-06-08 08:00:00+00:00,2025-06-08 12:00:00+00:00,105617.2,105358.2,259.0,105397.05,2025-06-08 08:20:00+00:00,2025-06-08 08:15:00+00:00,True,CLEAN_CAUSAL_LEAVE,2025-06-08 08:20:00+00:00,2025-06-08 08:25:00+00:00,2025-06-08 08:25:00+00:00,2025-06-08 08:55:00+00:00,L2_ARRIVAL,True,30.0
reference_validation,BULL,00-04,2025-06-09 00:00:00+00:00,2025-06-09 04:00:00+00:00,106482.6,105511.0,971.6000000000058,105656.74,2025-06-09 01:10:00+00:00,2025-06-09 01:05:00+00:00,True,CLEAN_CAUSAL_LEAVE,2025-06-09 01:10:00+00:00,2025-06-09 01:15:00+00:00,,2025-06-09 01:15:00+00:00,L2_ARRIVAL,False,
reference_validation,BULL,04-08,2025-06-10 04:00:00+00:00,2025-06-10 08:00:00+00:00,110280.0,109340.0,940.0,109481.0,2025-06-10 04:20:00+00:00,2025-06-10 04:15:00+00:00,True,CLEAN_CAUSAL_LEAVE,2025-06-10 04:35:00+00:00,2025-06-10 04:40:00+00:00,2025-06-10 04:40:00+00:00,2025-06-10 05:30:00+00:00,L2_ARRIVAL,True,50.0
reference_validation,BULL,08-12,2025-06-10 08:00:00+00:00,2025-06-10 12:00:00+00:00,109690.8,109041.1,649.6999999999971,109138.55500000001,2025-06-10 08:55:00+00:00,2025-06-10 08:50:00+00:00,True,CLEAN_CAUSAL_LEAVE,2025-06-10 09:10:00+00:00,2025-06-10 09:15:00+00:00,2025-06-10 09:15:00+00:00,2025-06-10 11:25:00+00:00,OPPOSITE_HIGH_BREAK,False,
reference_validation,BULL,12-16,2025-06-11 12:00:00+00:00,2025-06-11 16:00:00+00:00,109629.3,109133.8,495.5,109208.125,2025-06-11 12:05:00+00:00,2025-06-11 12:00:00+00:00,True,CLEAN_CAUSAL_LEAVE,2025-06-11 12:10:00+00:00,2025-06-11 12:15:00+00:00,,2025-06-11 12:15:00+00:00,L2_ARRIVAL,False,
reference_validation,BULL,20-00,2025-06-11 20:00:00+00:00,2025-06-12 00:00:00+00:00,109776.5,108331.7,1444.800000000003,108548.42,2025-06-11 22:00:00+00:00,2025-06-11 21:55:00+00:00,True,CLEAN_CAUSAL_LEAVE,2025-06-11 22:05:00+00:00,2025-06-11 22:10:00+00:00,2025-06-11 22:10:00+00:00,2025-06-11 22:20:00+00:00,L2_ARRIVAL,True,10.0
reference_validation,SIDEWAYS,08-12,2025-06-12 08:00:00+00:00,2025-06-12 12:00:00+00:00,107951.0,107300.0,651.0,107397.65,2025-06-12 10:15:00+00:00,2025-06-12 10:10:00+00:00,False,LOW_BREAK_BEFORE_LEAVE,2025-06-12 10:20:00+00:00,,,2025-06-12 10:20:00+00:00,L2_BREAK,False,
reference_validation,BEAR,12-16,2025-06-13 12:00:00+00:00,2025-06-13 16:00:00+00:00,105459.7,104360.0,1099.699999999997,104524.955,2025-06-13 14:15:00+00:00,2025-06-13 14:10:00+00:00,False,LOW_BREAK_BEFORE_LEAVE,2025-06-13 14:20:00+00:00,,,2025-06-13 14:20:00+00:00,L2_BREAK,False,
reference_validation,BEAR,16-20,2025-06-14 16:00:00+00:00,2025-06-14 20:00:00+00:00,105084.2,104570.0,514.1999999999971,104647.13,2025-06-14 16:35:00+00:00,2025-06-14 16:30:00+00:00,True,CLEAN_CAUSAL_LEAVE,2025-06-14 16:40:00+00:00,2025-06-14 16:45:00+00:00,,2025-06-14 16:45:00+00:00,L2_ARRIVAL,False,
reference_validation,BEAR,20-00,2025-06-14 20:00:00+00:00,2025-06-15 00:00:00+00:00,105011.0,104290.0,721.0,104398.15,2025-06-14 20:15:00+00:00,2025-06-14 20:10:00+00:00,True,CLEAN_CAUSAL_LEAVE,2025-06-14 20:20:00+00:00,2025-06-14 20:25:00+00:00,,2025-06-14 21:25:00+00:00,OPPOSITE_HIGH_BREAK,False,
reference_validation,BEAR,08-12,2025-06-15 08:00:00+00:00,2025-06-15 12:00:00+00:00,106099.4,105137.0,962.3999999999942,105281.36,2025-06-15 08:50:00+00:00,2025-06-15 08:45:00+00:00,False,LOW_BREAK_BEFORE_LEAVE,2025-06-15 08:50:00+00:00,,,2025-06-15 08:50:00+00:00,L2_BREAK,False,
reference_validation,BULL,12-16,2025-06-16 12:00:00+00:00,2025-06-16 16:00:00+00:00,107199.9,106540.0,659.8999999999942,106638.985,2025-06-16 13:10:00+00:00,2025-06-16 13:05:00+00:00,True,CLEAN_CAUSAL_LEAVE,2025-06-16 13:10:00+00:00,2025-06-16 13:15:00+00:00,2025-06-16 13:15:00+00:00,2025-06-16 13:35:00+00:00,L2_ARRIVAL,True,20.0
reference_validation,BEAR,16-20,2025-06-17 16:00:00+00:00,2025-06-17 20:00:00+00:00,105816.5,104068.0,1748.5,104330.275,2025-06-17 16:30:00+00:00,2025-06-17 16:25:00+00:00,True,CLEAN_CAUSAL_LEAVE,2025-06-17 16:35:00+00:00,2025-06-17 16:40:00+00:00,2025-06-17 16:40:00+00:00,2025-06-17 16:45:00+00:00,L2_ARRIVAL,True,5.0
reference_validation,BEAR,08-12,2025-06-18 08:00:00+00:00,2025-06-18 12:00:00+00:00,105500.0,104660.0,840.0,104786.0,2025-06-18 09:40:00+00:00,2025-06-18 09:35:00+00:00,False,LOW_BREAK_BEFORE_LEAVE,2025-06-18 09:40:00+00:00,,,2025-06-18 09:40:00+00:00,L2_BREAK,False,
reference_validation,BULL,12-16,2025-06-20 12:00:00+00:00,2025-06-20 16:00:00+00:00,106486.2,105715.0,771.1999999999971,105830.68,2025-06-20 13:40:00+00:00,2025-06-20 13:35:00+00:00,True,CLEAN_CAUSAL_LEAVE,2025-06-20 13:40:00+00:00,2025-06-20 13:45:00+00:00,,2025-06-20 13:45:00+00:00,L2_ARRIVAL,False,
reference_validation,BEAR,12-16,2025-06-21 12:00:00+00:00,2025-06-21 16:00:00+00:00,103940.6,103401.9,538.7000000000116,103482.705,2025-06-21 14:20:00+00:00,2025-06-21 14:15:00+00:00,True,CLEAN_CAUSAL_LEAVE,2025-06-21 14:20:00+00:00,2025-06-21 14:25:00+00:00,,2025-06-21 14:25:00+00:00,L2_ARRIVAL,False,
reference_validation,BEAR,16-20,2025-06-22 16:00:00+00:00,2025-06-22 20:00:00+00:00,102789.7,98786.9,4002.800000000003,99387.31999999999,2025-06-22 16:05:00+00:00,2025-06-22 16:00:00+00:00,True,CLEAN_CAUSAL_LEAVE,2025-06-22 16:05:00+00:00,2025-06-22 16:10:00+00:00,,2025-06-22 16:15:00+00:00,L2_ARRIVAL,False,
reference_validation,BEAR,12-16,2025-06-23 12:00:00+00:00,2025-06-23 16:00:00+00:00,102028.9,101071.1,957.7999999999884,101214.77,2025-06-23 12:20:00+00:00,2025-06-23 12:15:00+00:00,True,CLEAN_CAUSAL_LEAVE,2025-06-23 12:25:00+00:00,2025-06-23 12:30:00+00:00,2025-06-23 12:30:00+00:00,2025-06-23 13:25:00+00:00,L2_ARRIVAL,True,55.0
reference_validation,BEAR,16-20,2025-06-23 16:00:00+00:00,2025-06-23 20:00:00+00:00,102596.5,100749.8,1846.699999999997,101026.80500000001,2025-06-23 16:20:00+00:00,2025-06-23 16:15:00+00:00,False,LOW_BREAK_BEFORE_LEAVE,2025-06-23 16:20:00+00:00,,,2025-06-23 16:20:00+00:00,L2_BREAK,False,
reference_validation,BULL,04-08,2025-06-24 04:00:00+00:00,2025-06-24 08:00:00+00:00,105454.1,104658.0,796.1000000000058,104777.41500000001,2025-06-24 04:20:00+00:00,2025-06-24 04:15:00+00:00,True,CLEAN_CAUSAL_LEAVE,2025-06-24 04:20:00+00:00,2025-06-24 04:25:00+00:00,2025-06-24 04:35:00+00:00,2025-06-24 06:30:00+00:00,OPPOSITE_HIGH_BREAK,False,
reference_validation,BULL,08-12,2025-06-24 08:00:00+00:00,2025-06-24 12:00:00+00:00,105775.9,104651.4,1124.5,104820.075,2025-06-24 08:15:00+00:00,2025-06-24 08:10:00+00:00,True,CLEAN_CAUSAL_LEAVE,2025-06-24 08:20:00+00:00,2025-06-24 08:25:00+00:00,2025-06-24 08:25:00+00:00,2025-06-24 12:00:00+00:00,BLOCK_END,False,
reference_validation,BULL,08-12,2025-06-27 08:00:00+00:00,2025-06-27 12:00:00+00:00,107686.0,106801.0,885.0,106933.75,2025-06-27 08:10:00+00:00,2025-06-27 08:05:00+00:00,False,LOW_BREAK_BEFORE_LEAVE,2025-06-27 08:15:00+00:00,,,2025-06-27 08:15:00+00:00,L2_BREAK,False,
reference_validation,BULL,16-20,2025-06-29 16:00:00+00:00,2025-06-29 20:00:00+00:00,108499.0,107580.6,918.3999999999942,107718.36,2025-06-29 16:10:00+00:00,2025-06-29 16:05:00+00:00,True,CLEAN_CAUSAL_LEAVE,2025-06-29 16:15:00+00:00,2025-06-29 16:20:00+00:00,,2025-06-29 16:20:00+00:00,L2_ARRIVAL,False,
reference_validation,BULL,20-00,2025-06-29 20:00:00+00:00,2025-06-30 00:00:00+00:00,107735.7,107233.1,502.59999999999127,107308.49,2025-06-29 21:05:00+00:00,2025-06-29 21:00:00+00:00,True,CLEAN_CAUSAL_LEAVE,2025-06-29 21:05:00+00:00,2025-06-29 21:10:00+00:00,,2025-06-29 22:10:00+00:00,OPPOSITE_HIGH_BREAK,False,
reference_validation,BULL,08-12,2025-06-30 08:00:00+00:00,2025-06-30 12:00:00+00:00,108500.0,107427.5,1072.5,107588.375,2025-06-30 09:00:00+00:00,2025-06-30 08:55:00+00:00,False,LOW_BREAK_BEFORE_LEAVE,2025-06-30 09:00:00+00:00,,,2025-06-30 09:00:00+00:00,L2_BREAK,False,
reference_validation,BEAR,08-12,2025-07-01 08:00:00+00:00,2025-07-01 12:00:00+00:00,107164.5,106557.4,607.1000000000058,106648.465,2025-07-01 09:25:00+00:00,2025-07-01 09:20:00+00:00,True,CLEAN_CAUSAL_LEAVE,2025-07-01 09:25:00+00:00,2025-07-01 09:30:00+00:00,,2025-07-01 09:30:00+00:00,L2_ARRIVAL,False,
reference_validation,BEAR,00-04,2025-07-02 00:00:00+00:00,2025-07-02 04:00:00+00:00,106066.1,105182.6,883.5,105315.125,2025-07-02 01:20:00+00:00,2025-07-02 01:15:00+00:00,True,CLEAN_CAUSAL_LEAVE,2025-07-02 01:20:00+00:00,2025-07-02 01:25:00+00:00,,2025-07-02 03:20:00+00:00,OPPOSITE_HIGH_BREAK,False,
reference_validation,BULL,00-04,2025-07-03 00:00:00+00:00,2025-07-03 04:00:00+00:00,109621.9,108682.5,939.3999999999942,108823.41,2025-07-03 00:25:00+00:00,2025-07-03 00:20:00+00:00,True,CLEAN_CAUSAL_LEAVE,2025-07-03 00:25:00+00:00,2025-07-03 00:30:00+00:00,2025-07-03 00:30:00+00:00,2025-07-03 02:20:00+00:00,L2_ARRIVAL,True,110.0
reference_validation,BULL,12-16,2025-07-03 12:00:00+00:00,2025-07-03 16:00:00+00:00,110265.1,109234.9,1030.2000000000116,109389.43,2025-07-03 12:35:00+00:00,2025-07-03 12:30:00+00:00,False,LOW_BREAK_BEFORE_LEAVE,2025-07-03 12:35:00+00:00,,,2025-07-03 12:35:00+00:00,L2_BREAK,False,
reference_validation,BULL,00-04,2025-07-04 00:00:00+00:00,2025-07-04 04:00:00+00:00,109963.1,109488.8,474.3000000000029,109559.945,2025-07-04 00:20:00+00:00,2025-07-04 00:15:00+00:00,False,LOW_BREAK_BEFORE_LEAVE,2025-07-04 00:20:00+00:00,,,2025-07-04 00:20:00+00:00,L2_BREAK,False,
reference_validation,BULL,08-12,2025-07-04 08:00:00+00:00,2025-07-04 12:00:00+00:00,109283.2,108661.0,622.1999999999971,108754.33,2025-07-04 08:05:00+00:00,2025-07-04 08:00:00+00:00,False,LOW_BREAK_BEFORE_LEAVE,2025-07-04 08:05:00+00:00,,,2025-07-04 08:05:00+00:00,L2_BREAK,False,
reference_validation,BEAR,08-12,2025-07-05 08:00:00+00:00,2025-07-05 12:00:00+00:00,108368.1,107946.1,422.0,108009.40000000001,2025-07-05 08:35:00+00:00,2025-07-05 08:30:00+00:00,False,LOW_BREAK_BEFORE_LEAVE,2025-07-05 08:35:00+00:00,,,2025-07-05 08:35:00+00:00,L2_BREAK,False,
reference_validation,BEAR,16-20,2025-07-05 16:00:00+00:00,2025-07-05 20:00:00+00:00,108194.4,107908.8,285.59999999999127,107951.64,2025-07-05 16:30:00+00:00,2025-07-05 16:25:00+00:00,False,LOW_BREAK_BEFORE_LEAVE,2025-07-05 16:30:00+00:00,,,2025-07-05 16:30:00+00:00,L2_BREAK,False,
reference_validation,BULL,04-08,2025-07-07 04:00:00+00:00,2025-07-07 08:00:00+00:00,109667.3,108622.6,1044.699999999997,108779.30500000001,2025-07-07 07:10:00+00:00,2025-07-07 07:05:00+00:00,True,CLEAN_CAUSAL_LEAVE,2025-07-07 07:10:00+00:00,2025-07-07 07:15:00+00:00,,2025-07-07 08:00:00+00:00,BLOCK_END,False,
reference_validation,BULL,08-12,2025-07-07 08:00:00+00:00,2025-07-07 12:00:00+00:00,109409.7,108611.0,798.6999999999971,108730.805,2025-07-07 11:20:00+00:00,2025-07-07 11:15:00+00:00,True,CLEAN_CAUSAL_LEAVE,2025-07-07 11:25:00+00:00,2025-07-07 11:30:00+00:00,,2025-07-07 11:35:00+00:00,L2_ARRIVAL,False,
reference_validation,BULL,12-16,2025-07-07 12:00:00+00:00,2025-07-07 16:00:00+00:00,109041.2,108525.0,516.1999999999971,108602.43,2025-07-07 12:05:00+00:00,2025-07-07 12:00:00+00:00,False,LOW_BREAK_BEFORE_LEAVE,2025-07-07 12:05:00+00:00,,,2025-07-07 12:05:00+00:00,L2_BREAK,False,
reference_validation,SIDEWAYS,16-20,2025-07-07 16:00:00+00:00,2025-07-07 20:00:00+00:00,108612.2,107903.2,709.0,108009.55,2025-07-07 16:25:00+00:00,2025-07-07 16:20:00+00:00,True,CLEAN_CAUSAL_LEAVE,2025-07-07 16:25:00+00:00,2025-07-07 16:30:00+00:00,2025-07-07 16:45:00+00:00,2025-07-07 16:50:00+00:00,L2_ARRIVAL,True,5.0
reference_validation,SIDEWAYS,04-08,2025-07-09 04:00:00+00:00,2025-07-09 08:00:00+00:00,109107.4,108284.2,823.1999999999971,108407.68,2025-07-09 04:30:00+00:00,2025-07-09 04:25:00+00:00,True,CLEAN_CAUSAL_LEAVE,2025-07-09 04:30:00+00:00,2025-07-09 04:35:00+00:00,2025-07-09 04:35:00+00:00,2025-07-09 08:00:00+00:00,BLOCK_END,False,
reference_validation,BULL,08-12,2025-07-10 08:00:00+00:00,2025-07-10 12:00:00+00:00,111399.7,110894.2,505.5,110970.025,2025-07-10 10:45:00+00:00,2025-07-10 10:40:00+00:00,False,LOW_BREAK_BEFORE_LEAVE,2025-07-10 10:45:00+00:00,,,2025-07-10 10:45:00+00:00,L2_BREAK,False,
reference_validation,BULL,12-16,2025-07-10 12:00:00+00:00,2025-07-10 16:00:00+00:00,111370.3,110800.0,570.3000000000029,110885.545,2025-07-10 12:10:00+00:00,2025-07-10 12:05:00+00:00,False,LOW_BREAK_BEFORE_LEAVE,2025-07-10 12:10:00+00:00,,,2025-07-10 12:10:00+00:00,L2_BREAK,False,
reference_validation,BULL,16-20,2025-07-11 16:00:00+00:00,2025-07-11 20:00:00+00:00,118226.0,116725.1,1500.8999999999942,116950.235,2025-07-11 16:10:00+00:00,2025-07-11 16:05:00+00:00,False,LOW_BREAK_BEFORE_LEAVE,2025-07-11 16:15:00+00:00,,,2025-07-11 16:15:00+00:00,L2_BREAK,False,
reference_validation,BULL,00-04,2025-07-12 00:00:00+00:00,2025-07-12 04:00:00+00:00,118072.7,117130.0,942.6999999999971,117271.405,2025-07-12 00:40:00+00:00,2025-07-12 00:35:00+00:00,True,CLEAN_CAUSAL_LEAVE,2025-07-12 00:40:00+00:00,2025-07-12 00:45:00+00:00,2025-07-12 00:45:00+00:00,2025-07-12 04:00:00+00:00,BLOCK_END,False,
reference_validation,BULL,20-00,2025-07-13 20:00:00+00:00,2025-07-14 00:00:00+00:00,119454.9,118325.4,1129.5,118494.825,2025-07-13 22:15:00+00:00,2025-07-13 22:10:00+00:00,False,LOW_BREAK_BEFORE_LEAVE,2025-07-13 22:15:00+00:00,,,2025-07-13 22:15:00+00:00,L2_BREAK,False,
reference_validation,BULL,16-20,2025-07-14 16:00:00+00:00,2025-07-14 20:00:00+00:00,122113.9,119590.9,2523.0,119969.34999999999,2025-07-14 16:10:00+00:00,2025-07-14 16:05:00+00:00,False,LOW_BREAK_BEFORE_LEAVE,2025-07-14 16:10:00+00:00,,,2025-07-14 16:10:00+00:00,L2_BREAK,False,
reference_validation,SIDEWAYS,16-20,2025-07-18 16:00:00+00:00,2025-07-18 20:00:00+00:00,119519.8,117230.7,2289.100000000006,117574.065,2025-07-18 19:00:00+00:00,2025-07-18 18:55:00+00:00,True,CLEAN_CAUSAL_LEAVE,2025-07-18 19:10:00+00:00,2025-07-18 19:15:00+00:00,2025-07-18 19:15:00+00:00,2025-07-18 20:00:00+00:00,BLOCK_END,False,
reference_validation,BEAR,20-00,2025-07-18 20:00:00+00:00,2025-07-19 00:00:00+00:00,118053.5,117109.4,944.1000000000058,117251.015,2025-07-18 20:10:00+00:00,2025-07-18 20:05:00+00:00,False,LOW_BREAK_BEFORE_LEAVE,2025-07-18 20:15:00+00:00,,,2025-07-18 20:15:00+00:00,L2_BREAK,False,
reference_validation,BEAR,16-20,2025-07-19 16:00:00+00:00,2025-07-19 20:00:00+00:00,118301.4,117615.3,686.0999999999913,117718.215,2025-07-19 19:15:00+00:00,2025-07-19 19:10:00+00:00,True,CLEAN_CAUSAL_LEAVE,2025-07-19 19:15:00+00:00,2025-07-19 19:20:00+00:00,,2025-07-19 20:00:00+00:00,BLOCK_END,False,
reference_validation,BEAR,20-00,2025-07-19 20:00:00+00:00,2025-07-20 00:00:00+00:00,118149.8,117562.1,587.6999999999971,117650.255,2025-07-19 21:15:00+00:00,2025-07-19 21:10:00+00:00,False,LOW_BREAK_BEFORE_LEAVE,2025-07-19 21:15:00+00:00,,,2025-07-19 21:15:00+00:00,L2_BREAK,False,
reference_validation,BEAR,20-00,2025-07-20 20:00:00+00:00,2025-07-21 00:00:00+00:00,118856.6,117912.8,943.8000000000029,118054.37000000001,2025-07-20 20:05:00+00:00,2025-07-20 20:00:00+00:00,True,CLEAN_CAUSAL_LEAVE,2025-07-20 20:15:00+00:00,2025-07-20 20:20:00+00:00,2025-07-20 20:20:00+00:00,2025-07-20 21:00:00+00:00,L2_ARRIVAL,True,40.0
reference_validation,BEAR,20-00,2025-07-21 20:00:00+00:00,2025-07-22 00:00:00+00:00,118381.0,116600.0,1781.0,116867.15,2025-07-21 20:05:00+00:00,2025-07-21 20:00:00+00:00,True,CLEAN_CAUSAL_LEAVE,2025-07-21 20:05:00+00:00,2025-07-21 20:10:00+00:00,2025-07-21 20:10:00+00:00,2025-07-22 00:00:00+00:00,BLOCK_END,False,
reference_validation,BEAR,00-04,2025-07-22 00:00:00+00:00,2025-07-22 04:00:00+00:00,117596.6,116566.9,1029.7000000000116,116721.355,2025-07-22 01:20:00+00:00,2025-07-22 01:15:00+00:00,True,CLEAN_CAUSAL_LEAVE,2025-07-22 01:20:00+00:00,2025-07-22 01:25:00+00:00,,2025-07-22 01:40:00+00:00,OPPOSITE_HIGH_BREAK,False,
reference_validation,BULL,00-04,2025-07-23 00:00:00+00:00,2025-07-23 04:00:00+00:00,120264.8,119207.5,1057.300000000003,119366.095,2025-07-23 02:05:00+00:00,2025-07-23 02:00:00+00:00,False,LOW_BREAK_BEFORE_LEAVE,2025-07-23 02:10:00+00:00,,,2025-07-23 02:10:00+00:00,L2_BREAK,False,
reference_validation,BULL,04-08,2025-07-23 04:00:00+00:00,2025-07-23 08:00:00+00:00,120146.5,118522.0,1624.5,118765.675,2025-07-23 06:15:00+00:00,2025-07-23 06:10:00+00:00,False,LOW_BREAK_BEFORE_LEAVE,2025-07-23 06:15:00+00:00,,,2025-07-23 06:15:00+00:00,L2_BREAK,False,
reference_validation,SIDEWAYS,08-12,2025-07-23 08:00:00+00:00,2025-07-23 12:00:00+00:00,118997.7,118236.1,761.5999999999913,118350.34000000001,2025-07-23 08:05:00+00:00,2025-07-23 08:00:00+00:00,True,CLEAN_CAUSAL_LEAVE,2025-07-23 08:10:00+00:00,2025-07-23 08:15:00+00:00,2025-07-23 08:25:00+00:00,2025-07-23 08:40:00+00:00,L2_ARRIVAL,True,15.0
reference_validation,BULL,16-20,2025-07-23 16:00:00+00:00,2025-07-23 20:00:00+00:00,118687.1,117259.7,1427.4000000000087,117473.81,2025-07-23 17:25:00+00:00,2025-07-23 17:20:00+00:00,True,CLEAN_CAUSAL_LEAVE,2025-07-23 17:25:00+00:00,2025-07-23 17:30:00+00:00,2025-07-23 17:30:00+00:00,2025-07-23 20:00:00+00:00,BLOCK_END,False,
reference_validation,BEAR,08-12,2025-07-26 08:00:00+00:00,2025-07-26 12:00:00+00:00,117515.9,117288.0,227.89999999999418,117322.185,2025-07-26 08:05:00+00:00,2025-07-26 08:00:00+00:00,True,CLEAN_CAUSAL_LEAVE,2025-07-26 08:05:00+00:00,2025-07-26 08:10:00+00:00,2025-07-26 08:15:00+00:00,2025-07-26 08:45:00+00:00,OPPOSITE_HIGH_BREAK,False,
reference_validation,BULL,08-12,2025-07-27 08:00:00+00:00,2025-07-27 12:00:00+00:00,118432.1,118041.6,390.5,118100.175,2025-07-27 08:10:00+00:00,2025-07-27 08:05:00+00:00,True,CLEAN_CAUSAL_LEAVE,2025-07-27 08:10:00+00:00,2025-07-27 08:15:00+00:00,,2025-07-27 08:15:00+00:00,L2_ARRIVAL,False,
reference_validation,BULL,12-16,2025-07-28 12:00:00+00:00,2025-07-28 16:00:00+00:00,119091.2,118471.3,619.8999999999942,118564.285,2025-07-28 13:25:00+00:00,2025-07-28 13:20:00+00:00,False,LOW_BREAK_BEFORE_LEAVE,2025-07-28 13:30:00+00:00,,,2025-07-28 13:30:00+00:00,L2_BREAK,False,
reference_validation,SIDEWAYS,16-20,2025-07-28 16:00:00+00:00,2025-07-28 20:00:00+00:00,119085.0,117900.0,1185.0,118077.75,2025-07-28 17:05:00+00:00,2025-07-28 17:00:00+00:00,True,CLEAN_CAUSAL_LEAVE,2025-07-28 17:05:00+00:00,2025-07-28 17:10:00+00:00,,2025-07-28 17:10:00+00:00,L2_ARRIVAL,False,
reference_validation,BULL,08-12,2025-07-29 08:00:00+00:00,2025-07-29 12:00:00+00:00,119258.7,118377.1,881.5999999999913,118509.34000000001,2025-07-29 10:50:00+00:00,2025-07-29 10:45:00+00:00,False,LOW_BREAK_BEFORE_LEAVE,2025-07-29 10:55:00+00:00,,,2025-07-29 10:55:00+00:00,L2_BREAK,False,
reference_validation,BEAR,16-20,2025-07-30 16:00:00+00:00,2025-07-30 20:00:00+00:00,118763.5,117300.6,1462.8999999999942,117520.035,2025-07-30 18:05:00+00:00,2025-07-30 18:00:00+00:00,True,CLEAN_CAUSAL_LEAVE,2025-07-30 18:05:00+00:00,2025-07-30 18:10:00+00:00,2025-07-30 18:25:00+00:00,2025-07-30 18:40:00+00:00,L2_ARRIVAL,True,15.0
reference_validation,BEAR,08-12,2025-08-01 08:00:00+00:00,2025-08-01 12:00:00+00:00,115873.4,114579.5,1293.8999999999942,114773.58499999999,2025-08-01 08:10:00+00:00,2025-08-01 08:05:00+00:00,True,CLEAN_CAUSAL_LEAVE,2025-08-01 08:10:00+00:00,2025-08-01 08:15:00+00:00,,2025-08-01 08:15:00+00:00,L2_ARRIVAL,False,
reference_validation,BEAR,20-00,2025-08-01 20:00:00+00:00,2025-08-02 00:00:00+00:00,115656.8,113173.7,2483.100000000006,113546.165,2025-08-01 20:10:00+00:00,2025-08-01 20:05:00+00:00,True,CLEAN_CAUSAL_LEAVE,2025-08-01 20:10:00+00:00,2025-08-01 20:15:00+00:00,,2025-08-01 20:15:00+00:00,L2_ARRIVAL,False,
reference_validation,BEAR,16-20,2025-08-02 16:00:00+00:00,2025-08-02 20:00:00+00:00,113740.5,112769.2,971.3000000000029,112914.895,2025-08-02 16:05:00+00:00,2025-08-02 16:00:00+00:00,False,LOW_BREAK_BEFORE_LEAVE,2025-08-02 16:05:00+00:00,,,2025-08-02 16:05:00+00:00,L2_BREAK,False,
reference_validation,BEAR,00-04,2025-08-03 00:00:00+00:00,2025-08-03 04:00:00+00:00,113022.5,112007.9,1014.6000000000058,112160.09,2025-08-03 00:40:00+00:00,2025-08-03 00:35:00+00:00,True,CLEAN_CAUSAL_LEAVE,2025-08-03 00:40:00+00:00,2025-08-03 00:45:00+00:00,,2025-08-03 01:25:00+00:00,OPPOSITE_HIGH_BREAK,False,
reference_validation,SIDEWAYS,12-16,2025-08-06 12:00:00+00:00,2025-08-06 16:00:00+00:00,114372.7,113663.3,709.3999999999942,113769.71,2025-08-06 13:40:00+00:00,2025-08-06 13:35:00+00:00,True,CLEAN_CAUSAL_LEAVE,2025-08-06 13:40:00+00:00,2025-08-06 13:45:00+00:00,,2025-08-06 14:50:00+00:00,OPPOSITE_HIGH_BREAK,False,
reference_validation,BULL,16-20,2025-08-07 16:00:00+00:00,2025-08-07 20:00:00+00:00,116747.6,115950.1,797.5,116069.725,2025-08-07 16:50:00+00:00,2025-08-07 16:45:00+00:00,True,CLEAN_CAUSAL_LEAVE,2025-08-07 16:50:00+00:00,2025-08-07 16:55:00+00:00,2025-08-07 17:05:00+00:00,2025-08-07 19:35:00+00:00,OPPOSITE_HIGH_BREAK,False,
reference_validation,BULL,04-08,2025-08-08 04:00:00+00:00,2025-08-08 08:00:00+00:00,117591.8,116639.9,951.9000000000087,116782.685,2025-08-08 04:05:00+00:00,2025-08-08 04:00:00+00:00,True,CLEAN_CAUSAL_LEAVE,2025-08-08 04:10:00+00:00,2025-08-08 04:15:00+00:00,2025-08-08 04:15:00+00:00,2025-08-08 05:00:00+00:00,L2_ARRIVAL,True,45.0
reference_validation,BULL,08-12,2025-08-08 08:00:00+00:00,2025-08-08 12:00:00+00:00,116917.1,116342.0,575.1000000000058,116428.265,2025-08-08 10:55:00+00:00,2025-08-08 10:50:00+00:00,True,CLEAN_CAUSAL_LEAVE,2025-08-08 10:55:00+00:00,2025-08-08 11:00:00+00:00,,2025-08-08 12:00:00+00:00,BLOCK_END,False,
reference_validation,BULL,12-16,2025-08-09 12:00:00+00:00,2025-08-09 16:00:00+00:00,117906.7,116700.0,1206.699999999997,116881.005,2025-08-09 14:05:00+00:00,2025-08-09 14:00:00+00:00,True,CLEAN_CAUSAL_LEAVE,2025-08-09 14:05:00+00:00,2025-08-09 14:10:00+00:00,2025-08-09 14:10:00+00:00,2025-08-09 15:20:00+00:00,L2_ARRIVAL,True,70.0
reference_validation,BULL,16-20,2025-08-09 16:00:00+00:00,2025-08-09 20:00:00+00:00,117200.0,116600.0,600.0,116690.0,2025-08-09 16:35:00+00:00,2025-08-09 16:30:00+00:00,True,CLEAN_CAUSAL_LEAVE,2025-08-09 16:35:00+00:00,2025-08-09 16:40:00+00:00,2025-08-09 16:40:00+00:00,2025-08-09 16:45:00+00:00,L2_ARRIVAL,True,5.0
reference_validation,BULL,20-00,2025-08-09 20:00:00+00:00,2025-08-10 00:00:00+00:00,116900.9,116458.1,442.79999999998836,116524.52,2025-08-09 20:15:00+00:00,2025-08-09 20:10:00+00:00,True,CLEAN_CAUSAL_LEAVE,2025-08-09 20:15:00+00:00,2025-08-09 20:20:00+00:00,2025-08-09 20:20:00+00:00,2025-08-09 21:25:00+00:00,L2_ARRIVAL,True,65.0
reference_validation,BULL,20-00,2025-08-11 20:00:00+00:00,2025-08-12 00:00:00+00:00,120799.0,118499.0,2300.0,118844.0,2025-08-11 21:40:00+00:00,2025-08-11 21:35:00+00:00,True,CLEAN_CAUSAL_LEAVE,2025-08-11 21:40:00+00:00,2025-08-11 21:45:00+00:00,,2025-08-11 21:45:00+00:00,L2_ARRIVAL,False,
reference_validation,BULL,04-08,2025-08-13 04:00:00+00:00,2025-08-13 08:00:00+00:00,120146.6,119028.0,1118.6000000000058,119195.79000000001,2025-08-13 05:50:00+00:00,2025-08-13 05:45:00+00:00,False,LOW_BREAK_BEFORE_LEAVE,2025-08-13 05:50:00+00:00,,,2025-08-13 05:50:00+00:00,L2_BREAK,False,
reference_validation,SIDEWAYS,16-20,2025-08-14 16:00:00+00:00,2025-08-14 20:00:00+00:00,121154.7,117410.0,3744.699999999997,117971.705,2025-08-14 16:30:00+00:00,2025-08-14 16:25:00+00:00,True,CLEAN_CAUSAL_LEAVE,2025-08-14 16:35:00+00:00,2025-08-14 16:40:00+00:00,2025-08-14 17:25:00+00:00,2025-08-14 18:20:00+00:00,L2_ARRIVAL,True,55.0
reference_validation,BEAR,08-12,2025-08-15 08:00:00+00:00,2025-08-15 12:00:00+00:00,119184.0,118569.7,614.3000000000029,118661.845,2025-08-15 10:00:00+00:00,2025-08-15 09:55:00+00:00,True,CLEAN_CAUSAL_LEAVE,2025-08-15 10:00:00+00:00,2025-08-15 10:05:00+00:00,,2025-08-15 12:00:00+00:00,BLOCK_END,False,
reference_validation,BEAR,12-16,2025-08-15 12:00:00+00:00,2025-08-15 16:00:00+00:00,119114.9,118550.0,564.8999999999942,118634.735,2025-08-15 12:35:00+00:00,2025-08-15 12:30:00+00:00,True,CLEAN_CAUSAL_LEAVE,2025-08-15 12:35:00+00:00,2025-08-15 12:40:00+00:00,,2025-08-15 12:40:00+00:00,L2_ARRIVAL,False,
reference_validation,BEAR,16-20,2025-08-15 16:00:00+00:00,2025-08-15 20:00:00+00:00,119068.8,116750.0,2318.800000000003,117097.82,2025-08-15 16:10:00+00:00,2025-08-15 16:05:00+00:00,True,CLEAN_CAUSAL_LEAVE,2025-08-15 16:10:00+00:00,2025-08-15 16:15:00+00:00,,2025-08-15 16:15:00+00:00,L2_ARRIVAL,False,
reference_validation,BEAR,08-12,2025-08-16 08:00:00+00:00,2025-08-16 12:00:00+00:00,117857.1,117226.8,630.3000000000029,117321.345,2025-08-16 10:05:00+00:00,2025-08-16 10:00:00+00:00,True,CLEAN_CAUSAL_LEAVE,2025-08-16 10:05:00+00:00,2025-08-16 10:10:00+00:00,2025-08-16 10:10:00+00:00,2025-08-16 10:15:00+00:00,L2_ARRIVAL,True,5.0
reference_validation,BEAR,00-04,2025-08-17 00:00:00+00:00,2025-08-17 04:00:00+00:00,117673.9,117137.4,536.5,117217.875,2025-08-17 01:10:00+00:00,2025-08-17 01:05:00+00:00,True,CLEAN_CAUSAL_LEAVE,2025-08-17 01:10:00+00:00,2025-08-17 01:15:00+00:00,2025-08-17 01:20:00+00:00,2025-08-17 03:50:00+00:00,OPPOSITE_HIGH_BREAK,False,
reference_validation,BEAR,16-20,2025-08-17 16:00:00+00:00,2025-08-17 20:00:00+00:00,118558.0,118010.0,548.0,118092.2,2025-08-17 16:15:00+00:00,2025-08-17 16:10:00+00:00,False,LOW_BREAK_BEFORE_LEAVE,2025-08-17 16:15:00+00:00,,,2025-08-17 16:15:00+00:00,L2_BREAK,False,
reference_validation,BEAR,04-08,2025-08-18 04:00:00+00:00,2025-08-18 08:00:00+00:00,117499.4,114950.3,2549.0999999999913,115332.66500000001,2025-08-18 05:50:00+00:00,2025-08-18 05:45:00+00:00,True,CLEAN_CAUSAL_LEAVE,2025-08-18 05:50:00+00:00,2025-08-18 05:55:00+00:00,2025-08-18 06:15:00+00:00,2025-08-18 06:20:00+00:00,L2_ARRIVAL,True,5.0
reference_validation,BEAR,08-12,2025-08-18 08:00:00+00:00,2025-08-18 12:00:00+00:00,115684.5,114815.2,869.3000000000029,114945.595,2025-08-18 09:15:00+00:00,2025-08-18 09:10:00+00:00,False,LOW_BREAK_BEFORE_LEAVE,2025-08-18 09:15:00+00:00,,,2025-08-18 09:15:00+00:00,L2_BREAK,False,
reference_validation,BEAR,00-04,2025-08-19 00:00:00+00:00,2025-08-19 04:00:00+00:00,116938.7,115929.9,1008.8000000000029,116081.22,2025-08-19 00:25:00+00:00,2025-08-19 00:20:00+00:00,False,LOW_BREAK_BEFORE_LEAVE,2025-08-19 00:25:00+00:00,,,2025-08-19 00:25:00+00:00,L2_BREAK,False,
reference_validation,BEAR,20-00,2025-08-19 20:00:00+00:00,2025-08-20 00:00:00+00:00,113844.0,112714.4,1129.6000000000058,112883.84,2025-08-19 23:55:00+00:00,2025-08-19 23:50:00+00:00,False,NO_CAUSAL_LEAVE,,,,2025-08-20 00:00:00+00:00,BLOCK_END,False,
reference_validation,BEAR,08-12,2025-08-20 08:00:00+00:00,2025-08-20 12:00:00+00:00,113805.5,113360.9,444.6000000000058,113427.59,2025-08-20 08:05:00+00:00,2025-08-20 08:00:00+00:00,True,CLEAN_CAUSAL_LEAVE,2025-08-20 08:05:00+00:00,2025-08-20 08:10:00+00:00,,2025-08-20 08:30:00+00:00,OPPOSITE_HIGH_BREAK,False,
reference_validation,BEAR,16-20,2025-08-21 16:00:00+00:00,2025-08-21 20:00:00+00:00,113936.0,112545.4,1390.6000000000058,112753.98999999999,2025-08-21 16:40:00+00:00,2025-08-21 16:35:00+00:00,False,LOW_BREAK_BEFORE_LEAVE,2025-08-21 16:45:00+00:00,,,2025-08-21 16:45:00+00:00,L2_BREAK,False,
reference_validation,BEAR,08-12,2025-08-22 08:00:00+00:00,2025-08-22 12:00:00+00:00,113350.2,112655.5,694.6999999999971,112759.705,2025-08-22 10:20:00+00:00,2025-08-22 10:15:00+00:00,False,LOW_BREAK_BEFORE_LEAVE,2025-08-22 10:20:00+00:00,,,2025-08-22 10:20:00+00:00,L2_BREAK,False,
reference_validation,BULL,08-12,2025-08-23 08:00:00+00:00,2025-08-23 12:00:00+00:00,116015.3,115504.6,510.6999999999971,115581.205,2025-08-23 11:05:00+00:00,2025-08-23 11:00:00+00:00,True,CLEAN_CAUSAL_LEAVE,2025-08-23 11:05:00+00:00,2025-08-23 11:10:00+00:00,,2025-08-23 11:10:00+00:00,L2_ARRIVAL,False,
reference_validation,BULL,12-16,2025-08-23 12:00:00+00:00,2025-08-23 16:00:00+00:00,115840.4,115180.0,660.3999999999942,115279.06,2025-08-23 12:05:00+00:00,2025-08-23 12:00:00+00:00,True,CLEAN_CAUSAL_LEAVE,2025-08-23 12:05:00+00:00,2025-08-23 12:10:00+00:00,,2025-08-23 12:50:00+00:00,L2_ARRIVAL,False,
reference_validation,BULL,04-08,2025-08-24 04:00:00+00:00,2025-08-24 08:00:00+00:00,115640.0,114902.0,738.0,115012.7,2025-08-24 05:40:00+00:00,2025-08-24 05:35:00+00:00,True,CLEAN_CAUSAL_LEAVE,2025-08-24 05:40:00+00:00,2025-08-24 05:45:00+00:00,,2025-08-24 05:45:00+00:00,L2_ARRIVAL,False,
reference_validation,SIDEWAYS,12-16,2025-08-24 12:00:00+00:00,2025-08-24 16:00:00+00:00,115033.4,114574.1,459.29999999998836,114642.99500000001,2025-08-24 12:45:00+00:00,2025-08-24 12:40:00+00:00,True,CLEAN_CAUSAL_LEAVE,2025-08-24 12:45:00+00:00,2025-08-24 12:50:00+00:00,2025-08-24 12:50:00+00:00,2025-08-24 13:40:00+00:00,L2_ARRIVAL,True,50.0
reference_validation,BEAR,04-08,2025-08-25 04:00:00+00:00,2025-08-25 08:00:00+00:00,113621.3,112100.2,1521.1000000000058,112328.36499999999,2025-08-25 06:35:00+00:00,2025-08-25 06:30:00+00:00,False,LOW_BREAK_BEFORE_LEAVE,2025-08-25 06:35:00+00:00,,,2025-08-25 06:35:00+00:00,L2_BREAK,False,
reference_validation,BEAR,20-00,2025-08-25 20:00:00+00:00,2025-08-26 00:00:00+00:00,112897.7,110601.7,2296.0,110946.09999999999,2025-08-25 20:05:00+00:00,2025-08-25 20:00:00+00:00,False,LOW_BREAK_BEFORE_LEAVE,2025-08-25 20:05:00+00:00,,,2025-08-25 20:05:00+00:00,L2_BREAK,False,
reference_validation,BEAR,08-12,2025-08-27 08:00:00+00:00,2025-08-27 12:00:00+00:00,111700.4,110586.5,1113.8999999999942,110753.58499999999,2025-08-27 08:20:00+00:00,2025-08-27 08:15:00+00:00,False,LOW_BREAK_BEFORE_LEAVE,2025-08-27 08:25:00+00:00,,,2025-08-27 08:25:00+00:00,L2_BREAK,False,
reference_validation,SIDEWAYS,20-00,2025-08-27 20:00:00+00:00,2025-08-28 00:00:00+00:00,112550.0,111489.8,1060.199999999997,111648.83,2025-08-27 20:25:00+00:00,2025-08-27 20:20:00+00:00,True,CLEAN_CAUSAL_LEAVE,2025-08-27 20:25:00+00:00,2025-08-27 20:30:00+00:00,2025-08-27 21:20:00+00:00,2025-08-27 21:50:00+00:00,L2_ARRIVAL,True,30.0
reference_validation,BULL,12-16,2025-08-28 12:00:00+00:00,2025-08-28 16:00:00+00:00,113301.6,112780.3,521.3000000000029,112858.49500000001,2025-08-28 12:20:00+00:00,2025-08-28 12:15:00+00:00,True,CLEAN_CAUSAL_LEAVE,2025-08-28 12:20:00+00:00,2025-08-28 12:25:00+00:00,2025-08-28 12:25:00+00:00,2025-08-28 12:30:00+00:00,L2_ARRIVAL,True,5.0
reference_validation,SIDEWAYS,20-00,2025-08-28 20:00:00+00:00,2025-08-29 00:00:00+00:00,113153.1,111853.6,1299.5,112048.52500000001,2025-08-28 20:05:00+00:00,2025-08-28 20:00:00+00:00,False,LOW_BREAK_BEFORE_LEAVE,2025-08-28 20:05:00+00:00,,,2025-08-28 20:05:00+00:00,L2_BREAK,False,
reference_validation,SIDEWAYS,04-08,2025-08-29 04:00:00+00:00,2025-08-29 08:00:00+00:00,112585.7,111238.5,1347.199999999997,111440.58,2025-08-29 05:30:00+00:00,2025-08-29 05:25:00+00:00,False,LOW_BREAK_BEFORE_LEAVE,2025-08-29 05:30:00+00:00,,,2025-08-29 05:30:00+00:00,L2_BREAK,False,
reference_validation,BEAR,16-20,2025-08-29 16:00:00+00:00,2025-08-29 20:00:00+00:00,111489.5,108034.1,3455.399999999994,108552.41,2025-08-29 19:05:00+00:00,2025-08-29 19:00:00+00:00,True,CLEAN_CAUSAL_LEAVE,2025-08-29 19:10:00+00:00,2025-08-29 19:15:00+00:00,2025-08-29 19:15:00+00:00,2025-08-29 20:00:00+00:00,BLOCK_END,False,
reference_validation,BEAR,12-16,2025-08-30 12:00:00+00:00,2025-08-30 16:00:00+00:00,108742.9,108359.6,383.29999999998836,108417.095,2025-08-30 12:35:00+00:00,2025-08-30 12:30:00+00:00,True,CLEAN_CAUSAL_LEAVE,2025-08-30 12:45:00+00:00,2025-08-30 12:50:00+00:00,,2025-08-30 13:05:00+00:00,L2_ARRIVAL,False,
reference_validation,BEAR,20-00,2025-08-30 20:00:00+00:00,2025-08-31 00:00:00+00:00,108851.0,108562.0,289.0,108605.35,2025-08-30 20:40:00+00:00,2025-08-30 20:35:00+00:00,False,LOW_BREAK_BEFORE_LEAVE,2025-08-30 20:45:00+00:00,,,2025-08-30 20:45:00+00:00,L2_BREAK,False,
reference_validation,BEAR,04-08,2025-08-31 04:00:00+00:00,2025-08-31 08:00:00+00:00,109439.9,108750.0,689.8999999999942,108853.485,2025-08-31 04:35:00+00:00,2025-08-31 04:30:00+00:00,False,LOW_BREAK_BEFORE_LEAVE,2025-08-31 04:40:00+00:00,,,2025-08-31 04:40:00+00:00,L2_BREAK,False,
reference_validation,BEAR,08-12,2025-08-31 08:00:00+00:00,2025-08-31 12:00:00+00:00,109190.4,108455.0,735.3999999999942,108565.31,2025-08-31 10:00:00+00:00,2025-08-31 09:55:00+00:00,False,LOW_BREAK_BEFORE_LEAVE,2025-08-31 10:00:00+00:00,,,2025-08-31 10:00:00+00:00,L2_BREAK,False,
reference_validation,BEAR,12-16,2025-08-31 12:00:00+00:00,2025-08-31 16:00:00+00:00,109067.2,108251.3,815.8999999999942,108373.685,2025-08-31 13:05:00+00:00,2025-08-31 13:00:00+00:00,False,LOW_BREAK_BEFORE_LEAVE,2025-08-31 13:05:00+00:00,,,2025-08-31 13:05:00+00:00,L2_BREAK,False,
reference_validation,BEAR,04-08,2025-09-01 04:00:00+00:00,2025-09-01 08:00:00+00:00,108447.6,107355.0,1092.6000000000058,107518.89,2025-09-01 04:25:00+00:00,2025-09-01 04:20:00+00:00,False,LOW_BREAK_BEFORE_LEAVE,2025-09-01 04:30:00+00:00,,,2025-09-01 04:30:00+00:00,L2_BREAK,False,
reference_validation,SIDEWAYS,20-00,2025-09-01 20:00:00+00:00,2025-09-02 00:00:00+00:00,109298.6,108350.0,948.6000000000058,108492.29000000001,2025-09-01 20:50:00+00:00,2025-09-01 20:45:00+00:00,True,CLEAN_CAUSAL_LEAVE,2025-09-01 20:50:00+00:00,2025-09-01 20:55:00+00:00,2025-09-01 21:00:00+00:00,2025-09-01 21:15:00+00:00,L2_ARRIVAL,True,15.0
reference_validation,BULL,04-08,2025-09-03 04:00:00+00:00,2025-09-03 08:00:00+00:00,111732.9,110842.7,890.1999999999971,110976.23,2025-09-03 04:20:00+00:00,2025-09-03 04:15:00+00:00,True,CLEAN_CAUSAL_LEAVE,2025-09-03 04:20:00+00:00,2025-09-03 04:25:00+00:00,2025-09-03 04:25:00+00:00,2025-09-03 05:10:00+00:00,L2_ARRIVAL,True,45.0
reference_validation,BULL,20-00,2025-09-03 20:00:00+00:00,2025-09-04 00:00:00+00:00,112541.2,111626.0,915.1999999999971,111763.28,2025-09-03 23:35:00+00:00,2025-09-03 23:30:00+00:00,False,LOW_BREAK_BEFORE_LEAVE,2025-09-03 23:35:00+00:00,,,2025-09-03 23:35:00+00:00,L2_BREAK,False,
reference_validation,BULL,00-04,2025-09-04 00:00:00+00:00,2025-09-04 04:00:00+00:00,112207.1,111550.9,656.2000000000116,111649.33,2025-09-04 02:25:00+00:00,2025-09-04 02:20:00+00:00,False,LOW_BREAK_BEFORE_LEAVE,2025-09-04 02:25:00+00:00,,,2025-09-04 02:25:00+00:00,L2_BREAK,False,
reference_validation,BULL,04-08,2025-09-04 04:00:00+00:00,2025-09-04 08:00:00+00:00,112136.8,111081.1,1055.699999999997,111239.455,2025-09-04 04:10:00+00:00,2025-09-04 04:05:00+00:00,True,CLEAN_CAUSAL_LEAVE,2025-09-04 04:10:00+00:00,2025-09-04 04:15:00+00:00,2025-09-04 04:15:00+00:00,2025-09-04 04:30:00+00:00,L2_ARRIVAL,True,15.0
reference_validation,BULL,12-16,2025-09-04 12:00:00+00:00,2025-09-04 16:00:00+00:00,111111.0,110366.0,745.0,110477.75,2025-09-04 13:50:00+00:00,2025-09-04 13:45:00+00:00,True,CLEAN_CAUSAL_LEAVE,2025-09-04 13:55:00+00:00,2025-09-04 14:00:00+00:00,,2025-09-04 14:00:00+00:00,L2_ARRIVAL,False,
reference_validation,SIDEWAYS,16-20,2025-09-05 16:00:00+00:00,2025-09-05 20:00:00+00:00,113344.3,110240.0,3104.300000000003,110705.645,2025-09-05 17:45:00+00:00,2025-09-05 17:40:00+00:00,True,CLEAN_CAUSAL_LEAVE,2025-09-05 17:45:00+00:00,2025-09-05 17:50:00+00:00,2025-09-05 18:05:00+00:00,2025-09-05 20:00:00+00:00,BLOCK_END,False,
reference_validation,SIDEWAYS,08-12,2025-09-06 08:00:00+00:00,2025-09-06 12:00:00+00:00,111034.0,110653.1,380.8999999999942,110710.235,2025-09-06 09:30:00+00:00,2025-09-06 09:25:00+00:00,True,CLEAN_CAUSAL_LEAVE,2025-09-06 09:30:00+00:00,2025-09-06 09:35:00+00:00,2025-09-06 09:50:00+00:00,2025-09-06 09:55:00+00:00,L2_ARRIVAL,True,5.0
reference_validation,BULL,00-04,2025-09-08 00:00:00+00:00,2025-09-08 04:00:00+00:00,111559.5,110947.6,611.8999999999942,111039.38500000001,2025-09-08 00:25:00+00:00,2025-09-08 00:20:00+00:00,True,CLEAN_CAUSAL_LEAVE,2025-09-08 00:30:00+00:00,2025-09-08 00:35:00+00:00,2025-09-08 00:35:00+00:00,2025-09-08 00:45:00+00:00,L2_ARRIVAL,True,10.0
reference_validation,BULL,20-00,2025-09-08 20:00:00+00:00,2025-09-09 00:00:00+00:00,112635.0,111927.0,708.0,112033.2,2025-09-08 20:20:00+00:00,2025-09-08 20:15:00+00:00,True,CLEAN_CAUSAL_LEAVE,2025-09-08 20:20:00+00:00,2025-09-08 20:25:00+00:00,,2025-09-08 20:30:00+00:00,L2_ARRIVAL,False,
reference_validation,BULL,12-16,2025-09-09 12:00:00+00:00,2025-09-09 16:00:00+00:00,113134.3,112350.0,784.3000000000029,112467.645,2025-09-09 12:05:00+00:00,2025-09-09 12:00:00+00:00,True,CLEAN_CAUSAL_LEAVE,2025-09-09 12:05:00+00:00,2025-09-09 12:10:00+00:00,2025-09-09 13:00:00+00:00,2025-09-09 14:00:00+00:00,L2_ARRIVAL,True,60.0
reference_validation,BULL,16-20,2025-09-13 16:00:00+00:00,2025-09-13 20:00:00+00:00,116013.7,115546.1,467.59999999999127,115616.24,2025-09-13 16:20:00+00:00,2025-09-13 16:15:00+00:00,False,LOW_BREAK_BEFORE_LEAVE,2025-09-13 16:20:00+00:00,,,2025-09-13 16:20:00+00:00,L2_BREAK,False,
reference_validation,BULL,04-08,2025-09-14 04:00:00+00:00,2025-09-14 08:00:00+00:00,116075.8,115580.0,495.8000000000029,115654.37,2025-09-14 04:10:00+00:00,2025-09-14 04:05:00+00:00,False,LOW_BREAK_BEFORE_LEAVE,2025-09-14 04:15:00+00:00,,,2025-09-14 04:15:00+00:00,L2_BREAK,False,
reference_validation,BULL,08-12,2025-09-15 08:00:00+00:00,2025-09-15 12:00:00+00:00,116759.9,115341.8,1418.0999999999913,115554.515,2025-09-15 08:40:00+00:00,2025-09-15 08:35:00+00:00,False,LOW_BREAK_BEFORE_LEAVE,2025-09-15 08:40:00+00:00,,,2025-09-15 08:40:00+00:00,L2_BREAK,False,
reference_validation,SIDEWAYS,12-16,2025-09-15 12:00:00+00:00,2025-09-15 16:00:00+00:00,115769.6,114588.0,1181.6000000000058,114765.24,2025-09-15 13:05:00+00:00,2025-09-15 13:00:00+00:00,True,CLEAN_CAUSAL_LEAVE,2025-09-15 13:05:00+00:00,2025-09-15 13:10:00+00:00,2025-09-15 13:15:00+00:00,2025-09-15 13:40:00+00:00,L2_ARRIVAL,True,25.0
reference_validation,BULL,04-08,2025-09-16 04:00:00+00:00,2025-09-16 08:00:00+00:00,115490.8,114890.0,600.8000000000029,114980.12,2025-09-16 04:20:00+00:00,2025-09-16 04:15:00+00:00,True,CLEAN_CAUSAL_LEAVE,2025-09-16 04:20:00+00:00,2025-09-16 04:25:00+00:00,,2025-09-16 05:00:00+00:00,OPPOSITE_HIGH_BREAK,False,
reference_validation,BULL,00-04,2025-09-17 00:00:00+00:00,2025-09-17 04:00:00+00:00,116910.8,116543.7,367.1000000000058,116598.765,2025-09-17 00:55:00+00:00,2025-09-17 00:50:00+00:00,False,LOW_BREAK_BEFORE_LEAVE,2025-09-17 00:55:00+00:00,,,2025-09-17 00:55:00+00:00,L2_BREAK,False,
reference_validation,BULL,04-08,2025-09-17 04:00:00+00:00,2025-09-17 08:00:00+00:00,117081.9,116317.0,764.8999999999942,116431.735,2025-09-17 04:05:00+00:00,2025-09-17 04:00:00+00:00,True,CLEAN_CAUSAL_LEAVE,2025-09-17 04:05:00+00:00,2025-09-17 04:10:00+00:00,,2025-09-17 04:15:00+00:00,L2_ARRIVAL,False,
reference_validation,BULL,12-16,2025-09-17 12:00:00+00:00,2025-09-17 16:00:00+00:00,117156.6,116197.0,959.6000000000058,116340.94,2025-09-17 12:05:00+00:00,2025-09-17 12:00:00+00:00,False,LOW_BREAK_BEFORE_LEAVE,2025-09-17 12:05:00+00:00,,,2025-09-17 12:05:00+00:00,L2_BREAK,False,
reference_validation,SIDEWAYS,16-20,2025-09-17 16:00:00+00:00,2025-09-17 20:00:00+00:00,116493.0,115340.0,1153.0,115512.95,2025-09-17 16:50:00+00:00,2025-09-17 16:45:00+00:00,True,CLEAN_CAUSAL_LEAVE,2025-09-17 16:50:00+00:00,2025-09-17 16:55:00+00:00,2025-09-17 17:55:00+00:00,2025-09-17 18:15:00+00:00,L2_ARRIVAL,True,20.0
reference_validation,BULL,12-16,2025-09-18 12:00:00+00:00,2025-09-18 16:00:00+00:00,117381.9,116955.0,426.8999999999942,117019.035,2025-09-18 12:15:00+00:00,2025-09-18 12:10:00+00:00,True,CLEAN_CAUSAL_LEAVE,2025-09-18 12:15:00+00:00,2025-09-18 12:20:00+00:00,2025-09-18 12:30:00+00:00,2025-09-18 13:30:00+00:00,OPPOSITE_HIGH_BREAK,False,
reference_validation,SIDEWAYS,16-20,2025-09-19 16:00:00+00:00,2025-09-19 20:00:00+00:00,116488.0,115408.4,1079.6000000000058,115570.34,2025-09-19 18:15:00+00:00,2025-09-19 18:10:00+00:00,False,LOW_BREAK_BEFORE_LEAVE,2025-09-19 18:15:00+00:00,,,2025-09-19 18:15:00+00:00,L2_BREAK,False,
reference_validation,SIDEWAYS,20-00,2025-09-19 20:00:00+00:00,2025-09-20 00:00:00+00:00,116093.0,115057.0,1036.0,115212.4,2025-09-19 20:05:00+00:00,2025-09-19 20:00:00+00:00,True,CLEAN_CAUSAL_LEAVE,2025-09-19 20:05:00+00:00,2025-09-19 20:10:00+00:00,2025-09-19 20:10:00+00:00,2025-09-20 00:00:00+00:00,BLOCK_END,False,
reference_validation,SIDEWAYS,20-00,2025-09-20 20:00:00+00:00,2025-09-21 00:00:00+00:00,116017.9,115636.6,381.29999999998836,115693.795,2025-09-20 20:05:00+00:00,2025-09-20 20:00:00+00:00,True,CLEAN_CAUSAL_LEAVE,2025-09-20 20:05:00+00:00,2025-09-20 20:10:00+00:00,,2025-09-20 20:15:00+00:00,L2_ARRIVAL,False,
reference_validation,SIDEWAYS,20-00,2025-09-21 20:00:00+00:00,2025-09-22 00:00:00+00:00,115620.0,115158.0,462.0,115227.3,2025-09-21 22:20:00+00:00,2025-09-21 22:15:00+00:00,True,CLEAN_CAUSAL_LEAVE,2025-09-21 22:25:00+00:00,2025-09-21 22:30:00+00:00,2025-09-21 22:30:00+00:00,2025-09-21 23:15:00+00:00,L2_ARRIVAL,True,45.0
reference_validation,SIDEWAYS,00-04,2025-09-22 00:00:00+00:00,2025-09-22 04:00:00+00:00,115510.7,115137.6,373.09999999999127,115193.565,2025-09-22 00:05:00+00:00,2025-09-22 00:00:00+00:00,True,CLEAN_CAUSAL_LEAVE,2025-09-22 00:05:00+00:00,2025-09-22 00:10:00+00:00,,2025-09-22 00:15:00+00:00,L2_ARRIVAL,False,
reference_validation,BEAR,16-20,2025-09-22 16:00:00+00:00,2025-09-22 20:00:00+00:00,113413.5,112333.0,1080.5,112495.075,2025-09-22 17:10:00+00:00,2025-09-22 17:05:00+00:00,False,LOW_BREAK_BEFORE_LEAVE,2025-09-22 17:10:00+00:00,,,2025-09-22 17:10:00+00:00,L2_BREAK,False,
reference_validation,BEAR,20-00,2025-09-23 20:00:00+00:00,2025-09-24 00:00:00+00:00,112927.8,111482.0,1445.800000000003,111698.87,2025-09-23 20:40:00+00:00,2025-09-23 20:35:00+00:00,True,CLEAN_CAUSAL_LEAVE,2025-09-23 20:40:00+00:00,2025-09-23 20:45:00+00:00,2025-09-23 20:45:00+00:00,2025-09-24 00:00:00+00:00,BLOCK_END,False,
reference_validation,BEAR,08-12,2025-09-25 08:00:00+00:00,2025-09-25 12:00:00+00:00,112574.6,111389.0,1185.6000000000058,111566.84,2025-09-25 11:25:00+00:00,2025-09-25 11:20:00+00:00,True,CLEAN_CAUSAL_LEAVE,2025-09-25 11:25:00+00:00,2025-09-25 11:30:00+00:00,,2025-09-25 11:35:00+00:00,L2_ARRIVAL,False,
reference_validation,BEAR,12-16,2025-09-28 12:00:00+00:00,2025-09-28 16:00:00+00:00,109544.8,109188.0,356.8000000000029,109241.52,2025-09-28 12:45:00+00:00,2025-09-28 12:40:00+00:00,False,LOW_BREAK_BEFORE_LEAVE,2025-09-28 12:45:00+00:00,,,2025-09-28 12:45:00+00:00,L2_BREAK,False,
reference_validation,BULL,04-08,2025-09-29 04:00:00+00:00,2025-09-29 08:00:00+00:00,112269.3,111517.3,752.0,111630.1,2025-09-29 05:25:00+00:00,2025-09-29 05:20:00+00:00,True,CLEAN_CAUSAL_LEAVE,2025-09-29 05:25:00+00:00,2025-09-29 05:30:00+00:00,2025-09-29 05:35:00+00:00,2025-09-29 07:15:00+00:00,L2_ARRIVAL,True,100.0
reference_validation,BULL,04-08,2025-09-30 04:00:00+00:00,2025-09-30 08:00:00+00:00,114800.0,113985.1,814.8999999999942,114107.335,2025-09-30 05:20:00+00:00,2025-09-30 05:15:00+00:00,False,LOW_BREAK_BEFORE_LEAVE,2025-09-30 05:20:00+00:00,,,2025-09-30 05:20:00+00:00,L2_BREAK,False,
reference_validation,BULL,16-20,2025-09-30 16:00:00+00:00,2025-09-30 20:00:00+00:00,113623.8,112800.1,823.6999999999971,112923.655,2025-09-30 16:45:00+00:00,2025-09-30 16:40:00+00:00,False,LOW_BREAK_BEFORE_LEAVE,2025-09-30 16:50:00+00:00,,,2025-09-30 16:50:00+00:00,L2_BREAK,False,
reference_validation,BULL,04-08,2025-10-02 04:00:00+00:00,2025-10-02 08:00:00+00:00,119457.0,118335.0,1122.0,118503.3,2025-10-02 05:45:00+00:00,2025-10-02 05:40:00+00:00,False,LOW_BREAK_BEFORE_LEAVE,2025-10-02 05:45:00+00:00,,,2025-10-02 05:45:00+00:00,L2_BREAK,False,
reference_validation,BULL,00-04,2025-10-03 00:00:00+00:00,2025-10-03 04:00:00+00:00,120880.9,120018.0,862.8999999999942,120147.435,2025-10-03 01:20:00+00:00,2025-10-03 01:15:00+00:00,False,LOW_BREAK_BEFORE_LEAVE,2025-10-03 01:20:00+00:00,,,2025-10-03 01:20:00+00:00,L2_BREAK,False,
reference_validation,BULL,04-08,2025-10-03 04:00:00+00:00,2025-10-03 08:00:00+00:00,120505.5,119766.0,739.5,119876.925,2025-10-03 05:55:00+00:00,2025-10-03 05:50:00+00:00,True,CLEAN_CAUSAL_LEAVE,2025-10-03 05:55:00+00:00,2025-10-03 06:00:00+00:00,,2025-10-03 06:00:00+00:00,L2_ARRIVAL,False,
reference_validation,BULL,00-04,2025-10-04 00:00:00+00:00,2025-10-04 04:00:00+00:00,122694.1,121944.7,749.4000000000087,122057.11,2025-10-04 00:40:00+00:00,2025-10-04 00:35:00+00:00,True,CLEAN_CAUSAL_LEAVE,2025-10-04 00:40:00+00:00,2025-10-04 00:45:00+00:00,2025-10-04 00:55:00+00:00,2025-10-04 01:25:00+00:00,L2_ARRIVAL,True,30.0
reference_validation,BULL,08-12,2025-10-04 08:00:00+00:00,2025-10-04 12:00:00+00:00,122781.1,122168.4,612.7000000000116,122260.305,2025-10-04 08:50:00+00:00,2025-10-04 08:45:00+00:00,True,CLEAN_CAUSAL_LEAVE,2025-10-04 08:50:00+00:00,2025-10-04 08:55:00+00:00,2025-10-04 09:00:00+00:00,2025-10-04 09:50:00+00:00,L2_ARRIVAL,True,50.0
reference_validation,BULL,12-16,2025-10-04 12:00:00+00:00,2025-10-04 16:00:00+00:00,122497.4,121908.3,589.0999999999913,121996.66500000001,2025-10-04 12:55:00+00:00,2025-10-04 12:50:00+00:00,True,CLEAN_CAUSAL_LEAVE,2025-10-04 12:55:00+00:00,2025-10-04 13:00:00+00:00,2025-10-04 13:00:00+00:00,2025-10-04 15:00:00+00:00,L2_ARRIVAL,True,120.0
reference_validation,BULL,16-20,2025-10-04 16:00:00+00:00,2025-10-04 20:00:00+00:00,122480.9,121638.5,842.3999999999942,121764.86,2025-10-04 16:15:00+00:00,2025-10-04 16:10:00+00:00,False,LOW_BREAK_BEFORE_LEAVE,2025-10-04 16:15:00+00:00,,,2025-10-04 16:15:00+00:00,L2_BREAK,False,
reference_validation,BULL,16-20,2025-10-05 16:00:00+00:00,2025-10-05 20:00:00+00:00,123413.3,122600.0,813.3000000000029,122721.995,2025-10-05 16:55:00+00:00,2025-10-05 16:50:00+00:00,True,CLEAN_CAUSAL_LEAVE,2025-10-05 16:55:00+00:00,2025-10-05 17:00:00+00:00,,2025-10-05 19:10:00+00:00,L2_ARRIVAL,False,
reference_validation,BULL,00-04,2025-10-07 00:00:00+00:00,2025-10-07 04:00:00+00:00,125500.0,124463.0,1037.0,124618.55,2025-10-07 01:25:00+00:00,2025-10-07 01:20:00+00:00,True,CLEAN_CAUSAL_LEAVE,2025-10-07 01:30:00+00:00,2025-10-07 01:35:00+00:00,2025-10-07 01:35:00+00:00,2025-10-07 02:15:00+00:00,L2_ARRIVAL,True,40.0
reference_validation,BULL,08-12,2025-10-07 08:00:00+00:00,2025-10-07 12:00:00+00:00,124631.9,123503.9,1128.0,123673.09999999999,2025-10-07 08:05:00+00:00,2025-10-07 08:00:00+00:00,False,LOW_BREAK_BEFORE_LEAVE,2025-10-07 08:15:00+00:00,,,2025-10-07 08:15:00+00:00,L2_BREAK,False,
reference_validation,SIDEWAYS,00-04,2025-10-08 00:00:00+00:00,2025-10-08 04:00:00+00:00,122255.4,121218.0,1037.3999999999942,121373.61,2025-10-08 03:50:00+00:00,2025-10-08 03:45:00+00:00,False,LEAVE_AT_BLOCK_END,2025-10-08 03:55:00+00:00,2025-10-08 04:00:00+00:00,,2025-10-08 04:00:00+00:00,BLOCK_END,False,
reference_validation,SIDEWAYS,04-08,2025-10-08 04:00:00+00:00,2025-10-08 08:00:00+00:00,122196.9,121137.0,1059.8999999999942,121295.985,2025-10-08 04:15:00+00:00,2025-10-08 04:10:00+00:00,True,CLEAN_CAUSAL_LEAVE,2025-10-08 04:15:00+00:00,2025-10-08 04:20:00+00:00,2025-10-08 05:25:00+00:00,2025-10-08 05:50:00+00:00,L2_ARRIVAL,True,25.0
reference_validation,SIDEWAYS,08-12,2025-10-09 08:00:00+00:00,2025-10-09 12:00:00+00:00,122221.0,121657.3,563.6999999999971,121741.855,2025-10-09 08:10:00+00:00,2025-10-09 08:05:00+00:00,True,CLEAN_CAUSAL_LEAVE,2025-10-09 08:10:00+00:00,2025-10-09 08:15:00+00:00,,2025-10-09 08:15:00+00:00,L2_ARRIVAL,False,
reference_validation,SIDEWAYS,16-20,2025-10-09 16:00:00+00:00,2025-10-09 20:00:00+00:00,123740.1,120595.5,3144.600000000006,121067.19,2025-10-09 16:45:00+00:00,2025-10-09 16:40:00+00:00,False,LOW_BREAK_BEFORE_LEAVE,2025-10-09 16:50:00+00:00,,,2025-10-09 16:50:00+00:00,L2_BREAK,False,
reference_validation,BEAR,04-08,2025-10-10 04:00:00+00:00,2025-10-10 08:00:00+00:00,121835.5,120850.0,985.5,120997.825,2025-10-10 08:00:00+00:00,2025-10-10 07:55:00+00:00,False,NO_CAUSAL_LEAVE,,,,2025-10-10 08:00:00+00:00,BLOCK_END,False,
reference_validation,BEAR,16-20,2025-10-10 16:00:00+00:00,2025-10-10 20:00:00+00:00,122497.0,118424.4,4072.600000000006,119035.29,2025-10-10 16:55:00+00:00,2025-10-10 16:50:00+00:00,False,LOW_BREAK_BEFORE_LEAVE,2025-10-10 16:55:00+00:00,,,2025-10-10 16:55:00+00:00,L2_BREAK,False,
reference_validation,BEAR,04-08,2025-10-11 04:00:00+00:00,2025-10-11 08:00:00+00:00,113300.1,110987.0,2313.100000000006,111333.965,2025-10-11 07:10:00+00:00,2025-10-11 07:05:00+00:00,True,CLEAN_CAUSAL_LEAVE,2025-10-11 07:10:00+00:00,2025-10-11 07:15:00+00:00,,2025-10-11 07:15:00+00:00,L2_ARRIVAL,False,
reference_validation,BEAR,16-20,2025-10-11 16:00:00+00:00,2025-10-11 20:00:00+00:00,112466.2,111740.8,725.3999999999942,111849.61,2025-10-11 16:30:00+00:00,2025-10-11 16:25:00+00:00,False,LOW_BREAK_BEFORE_LEAVE,2025-10-11 16:30:00+00:00,,,2025-10-11 16:30:00+00:00,L2_BREAK,False,
reference_validation,BEAR,04-08,2025-10-13 04:00:00+00:00,2025-10-13 08:00:00+00:00,115912.0,114566.1,1345.8999999999942,114767.985,2025-10-13 04:25:00+00:00,2025-10-13 04:20:00+00:00,True,CLEAN_CAUSAL_LEAVE,2025-10-13 04:25:00+00:00,2025-10-13 04:30:00+00:00,2025-10-13 04:30:00+00:00,2025-10-13 04:35:00+00:00,L2_ARRIVAL,True,5.0
reference_validation,SIDEWAYS,08-12,2025-10-13 08:00:00+00:00,2025-10-13 12:00:00+00:00,115500.0,114357.2,1142.800000000003,114528.62,2025-10-13 11:10:00+00:00,2025-10-13 11:05:00+00:00,False,LOW_BREAK_BEFORE_LEAVE,2025-10-13 11:20:00+00:00,,,2025-10-13 11:20:00+00:00,L2_BREAK,False,
reference_validation,SIDEWAYS,00-04,2025-10-14 00:00:00+00:00,2025-10-14 04:00:00+00:00,115817.4,114930.1,887.2999999999884,115063.195,2025-10-14 00:50:00+00:00,2025-10-14 00:45:00+00:00,False,LOW_BREAK_BEFORE_LEAVE,2025-10-14 00:50:00+00:00,,,2025-10-14 00:50:00+00:00,L2_BREAK,False,
reference_validation,SIDEWAYS,04-08,2025-10-14 04:00:00+00:00,2025-10-14 08:00:00+00:00,115360.2,113210.6,2149.5999999999913,113533.04000000001,2025-10-14 04:10:00+00:00,2025-10-14 04:05:00+00:00,True,CLEAN_CAUSAL_LEAVE,2025-10-14 04:15:00+00:00,2025-10-14 04:20:00+00:00,,2025-10-14 04:30:00+00:00,L2_ARRIVAL,False,
reference_validation,SIDEWAYS,12-16,2025-10-14 12:00:00+00:00,2025-10-14 16:00:00+00:00,112100.1,109969.2,2130.9000000000087,110288.83499999999,2025-10-14 13:40:00+00:00,2025-10-14 13:35:00+00:00,True,CLEAN_CAUSAL_LEAVE,2025-10-14 13:40:00+00:00,2025-10-14 13:45:00+00:00,,2025-10-14 15:45:00+00:00,OPPOSITE_HIGH_BREAK,False,
reference_validation,BEAR,04-08,2025-10-15 04:00:00+00:00,2025-10-15 08:00:00+00:00,113576.1,111758.5,1817.6000000000058,112031.14,2025-10-15 04:05:00+00:00,2025-10-15 04:00:00+00:00,True,CLEAN_CAUSAL_LEAVE,2025-10-15 04:05:00+00:00,2025-10-15 04:10:00+00:00,2025-10-15 04:15:00+00:00,2025-10-15 08:00:00+00:00,BLOCK_END,False,
reference_validation,BEAR,16-20,2025-10-15 16:00:00+00:00,2025-10-15 20:00:00+00:00,112183.4,110320.4,1863.0,110599.84999999999,2025-10-15 17:10:00+00:00,2025-10-15 17:05:00+00:00,False,LOW_BREAK_BEFORE_LEAVE,2025-10-15 17:10:00+00:00,,,2025-10-15 17:10:00+00:00,L2_BREAK,False,
reference_validation,BEAR,16-20,2025-10-16 16:00:00+00:00,2025-10-16 20:00:00+00:00,111960.0,108250.0,3710.0,108806.5,2025-10-16 16:05:00+00:00,2025-10-16 16:00:00+00:00,True,CLEAN_CAUSAL_LEAVE,2025-10-16 16:05:00+00:00,2025-10-16 16:10:00+00:00,,2025-10-16 16:15:00+00:00,L2_ARRIVAL,False,
reference_validation,BEAR,04-08,2025-10-17 04:00:00+00:00,2025-10-17 08:00:00+00:00,109199.8,107885.6,1314.199999999997,108082.73000000001,2025-10-17 06:25:00+00:00,2025-10-17 06:20:00+00:00,False,LOW_BREAK_BEFORE_LEAVE,2025-10-17 06:25:00+00:00,,,2025-10-17 06:25:00+00:00,L2_BREAK,False,
reference_validation,BEAR,00-04,2025-10-18 00:00:00+00:00,2025-10-18 04:00:00+00:00,107370.0,106296.3,1073.699999999997,106457.355,2025-10-18 00:20:00+00:00,2025-10-18 00:15:00+00:00,True,CLEAN_CAUSAL_LEAVE,2025-10-18 00:20:00+00:00,2025-10-18 00:25:00+00:00,2025-10-18 02:50:00+00:00,2025-10-18 04:00:00+00:00,BLOCK_END,False,
reference_validation,BEAR,16-20,2025-10-18 16:00:00+00:00,2025-10-18 20:00:00+00:00,107248.0,106669.0,579.0,106755.85,2025-10-18 16:25:00+00:00,2025-10-18 16:20:00+00:00,True,CLEAN_CAUSAL_LEAVE,2025-10-18 16:25:00+00:00,2025-10-18 16:30:00+00:00,,2025-10-18 16:30:00+00:00,L2_ARRIVAL,False,
reference_validation,BEAR,04-08,2025-10-19 04:00:00+00:00,2025-10-19 08:00:00+00:00,107333.0,106666.9,666.1000000000058,106766.815,2025-10-19 06:35:00+00:00,2025-10-19 06:30:00+00:00,False,LOW_BREAK_BEFORE_LEAVE,2025-10-19 06:35:00+00:00,,,2025-10-19 06:35:00+00:00,L2_BREAK,False,
reference_validation,BEAR,08-12,2025-10-19 08:00:00+00:00,2025-10-19 12:00:00+00:00,107241.5,106503.3,738.1999999999971,106614.03,2025-10-19 08:30:00+00:00,2025-10-19 08:25:00+00:00,True,CLEAN_CAUSAL_LEAVE,2025-10-19 08:30:00+00:00,2025-10-19 08:35:00+00:00,,2025-10-19 08:35:00+00:00,L2_ARRIVAL,False,
reference_validation,BULL,12-16,2025-10-20 12:00:00+00:00,2025-10-20 16:00:00+00:00,111650.0,110552.3,1097.699999999997,110716.955,2025-10-20 13:15:00+00:00,2025-10-20 13:10:00+00:00,True,CLEAN_CAUSAL_LEAVE,2025-10-20 13:25:00+00:00,2025-10-20 13:30:00+00:00,2025-10-20 13:30:00+00:00,2025-10-20 16:00:00+00:00,BLOCK_END,False,
reference_validation,BULL,16-20,2025-10-20 16:00:00+00:00,2025-10-20 20:00:00+00:00,111649.0,110522.9,1126.1000000000058,110691.815,2025-10-20 16:05:00+00:00,2025-10-20 16:00:00+00:00,True,CLEAN_CAUSAL_LEAVE,2025-10-20 16:05:00+00:00,2025-10-20 16:10:00+00:00,2025-10-20 16:30:00+00:00,2025-10-20 16:35:00+00:00,L2_ARRIVAL,True,5.0
reference_validation,BULL,20-00,2025-10-27 20:00:00+00:00,2025-10-28 00:00:00+00:00,115744.8,114712.4,1032.4000000000087,114867.26,2025-10-27 20:05:00+00:00,2025-10-27 20:00:00+00:00,False,LOW_BREAK_BEFORE_LEAVE,2025-10-27 20:20:00+00:00,,,2025-10-27 20:20:00+00:00,L2_BREAK,False,
reference_validation,BULL,00-04,2025-10-28 00:00:00+00:00,2025-10-28 04:00:00+00:00,114894.8,113792.4,1102.4000000000087,113957.76,2025-10-28 00:50:00+00:00,2025-10-28 00:45:00+00:00,True,CLEAN_CAUSAL_LEAVE,2025-10-28 00:50:00+00:00,2025-10-28 00:55:00+00:00,2025-10-28 00:55:00+00:00,2025-10-28 02:45:00+00:00,L2_ARRIVAL,True,110.0
reference_validation,BULL,04-08,2025-10-28 04:00:00+00:00,2025-10-28 08:00:00+00:00,114500.1,113477.5,1022.6000000000058,113630.89,2025-10-28 06:00:00+00:00,2025-10-28 05:55:00+00:00,True,CLEAN_CAUSAL_LEAVE,2025-10-28 06:00:00+00:00,2025-10-28 06:05:00+00:00,2025-10-28 06:05:00+00:00,2025-10-28 08:00:00+00:00,BLOCK_END,False,
reference_validation,SIDEWAYS,00-04,2025-10-29 00:00:00+00:00,2025-10-29 04:00:00+00:00,113647.4,112121.4,1526.0,112350.29999999999,2025-10-29 01:25:00+00:00,2025-10-29 01:20:00+00:00,True,CLEAN_CAUSAL_LEAVE,2025-10-29 01:30:00+00:00,2025-10-29 01:35:00+00:00,2025-10-29 01:50:00+00:00,2025-10-29 04:00:00+00:00,BLOCK_END,False,
reference_validation,SIDEWAYS,00-04,2025-10-30 00:00:00+00:00,2025-10-30 04:00:00+00:00,111744.0,109686.4,2057.600000000006,109995.04,2025-10-30 00:10:00+00:00,2025-10-30 00:05:00+00:00,True,CLEAN_CAUSAL_LEAVE,2025-10-30 00:10:00+00:00,2025-10-30 00:15:00+00:00,,2025-10-30 04:00:00+00:00,BLOCK_END,False,
reference_validation,BEAR,12-16,2025-10-30 12:00:00+00:00,2025-10-30 16:00:00+00:00,111400.0,109638.6,1761.3999999999942,109902.81,2025-10-30 12:05:00+00:00,2025-10-30 12:00:00+00:00,False,LOW_BREAK_BEFORE_LEAVE,2025-10-30 12:05:00+00:00,,,2025-10-30 12:05:00+00:00,L2_BREAK,False,
reference_validation,BEAR,16-20,2025-10-30 16:00:00+00:00,2025-10-30 20:00:00+00:00,109736.3,107254.1,2482.199999999997,107626.43000000001,2025-10-30 17:20:00+00:00,2025-10-30 17:15:00+00:00,False,LOW_BREAK_BEFORE_LEAVE,2025-10-30 17:20:00+00:00,,,2025-10-30 17:20:00+00:00,L2_BREAK,False,
reference_validation,BEAR,08-12,2025-11-03 08:00:00+00:00,2025-11-03 12:00:00+00:00,108088.8,106946.7,1142.1000000000058,107118.015,2025-11-03 08:50:00+00:00,2025-11-03 08:45:00+00:00,True,CLEAN_CAUSAL_LEAVE,2025-11-03 08:50:00+00:00,2025-11-03 08:55:00+00:00,2025-11-03 09:50:00+00:00,2025-11-03 10:55:00+00:00,L2_ARRIVAL,True,65.0
reference_validation,BEAR,12-16,2025-11-04 12:00:00+00:00,2025-11-04 16:00:00+00:00,104656.0,103550.0,1106.0,103715.9,2025-11-04 13:30:00+00:00,2025-11-04 13:25:00+00:00,True,CLEAN_CAUSAL_LEAVE,2025-11-04 13:30:00+00:00,2025-11-04 13:35:00+00:00,2025-11-04 14:00:00+00:00,2025-11-04 14:30:00+00:00,L2_ARRIVAL,True,30.0
reference_validation,BEAR,20-00,2025-11-04 20:00:00+00:00,2025-11-05 00:00:00+00:00,103474.1,99980.0,3494.100000000006,100504.115,2025-11-04 20:20:00+00:00,2025-11-04 20:15:00+00:00,True,CLEAN_CAUSAL_LEAVE,2025-11-04 20:25:00+00:00,2025-11-04 20:30:00+00:00,,2025-11-04 20:30:00+00:00,L2_ARRIVAL,False,
reference_validation,BEAR,08-12,2025-11-07 08:00:00+00:00,2025-11-07 12:00:00+00:00,102480.4,101530.0,950.3999999999942,101672.56,2025-11-07 08:40:00+00:00,2025-11-07 08:35:00+00:00,False,LOW_BREAK_BEFORE_LEAVE,2025-11-07 08:45:00+00:00,,,2025-11-07 08:45:00+00:00,L2_BREAK,False,
reference_validation,BEAR,12-16,2025-11-07 12:00:00+00:00,2025-11-07 16:00:00+00:00,102024.7,99750.0,2274.699999999997,100091.205,2025-11-07 12:35:00+00:00,2025-11-07 12:30:00+00:00,False,LOW_BREAK_BEFORE_LEAVE,2025-11-07 12:45:00+00:00,,,2025-11-07 12:45:00+00:00,L2_BREAK,False,
reference_validation,BEAR,04-08,2025-11-08 04:00:00+00:00,2025-11-08 08:00:00+00:00,103373.8,102488.0,885.8000000000029,102620.87,2025-11-08 04:25:00+00:00,2025-11-08 04:20:00+00:00,False,LOW_BREAK_BEFORE_LEAVE,2025-11-08 04:25:00+00:00,,,2025-11-08 04:25:00+00:00,L2_BREAK,False,
reference_validation,BEAR,08-12,2025-11-08 08:00:00+00:00,2025-11-08 12:00:00+00:00,102794.0,101853.8,940.1999999999971,101994.83,2025-11-08 11:50:00+00:00,2025-11-08 11:45:00+00:00,False,LOW_BREAK_BEFORE_LEAVE,2025-11-08 11:50:00+00:00,,,2025-11-08 11:50:00+00:00,L2_BREAK,False,
reference_validation,BEAR,12-16,2025-11-08 12:00:00+00:00,2025-11-08 16:00:00+00:00,102654.1,101647.7,1006.4000000000087,101798.66,2025-11-08 14:10:00+00:00,2025-11-08 14:05:00+00:00,False,LOW_BREAK_BEFORE_LEAVE,2025-11-08 14:10:00+00:00,,,2025-11-08 14:10:00+00:00,L2_BREAK,False,
reference_validation,SIDEWAYS,20-00,2025-11-11 20:00:00+00:00,2025-11-12 00:00:00+00:00,103694.8,102777.0,917.8000000000029,102914.67,2025-11-11 20:10:00+00:00,2025-11-11 20:05:00+00:00,True,CLEAN_CAUSAL_LEAVE,2025-11-11 20:15:00+00:00,2025-11-11 20:20:00+00:00,2025-11-11 20:25:00+00:00,2025-11-11 20:30:00+00:00,L2_ARRIVAL,True,5.0
reference_validation,BEAR,12-16,2025-11-13 12:00:00+00:00,2025-11-13 16:00:00+00:00,103765.4,102509.1,1256.2999999999884,102697.545,2025-11-13 13:30:00+00:00,2025-11-13 13:25:00+00:00,False,LOW_BREAK_BEFORE_LEAVE,2025-11-13 13:30:00+00:00,,,2025-11-13 13:30:00+00:00,L2_BREAK,False,
reference_validation,BEAR,16-20,2025-11-13 16:00:00+00:00,2025-11-13 20:00:00+00:00,103456.0,101135.0,2321.0,101483.15,2025-11-13 16:05:00+00:00,2025-11-13 16:00:00+00:00,False,LOW_BREAK_BEFORE_LEAVE,2025-11-13 16:15:00+00:00,,,2025-11-13 16:15:00+00:00,L2_BREAK,False,
reference_validation,BEAR,20-00,2025-11-13 20:00:00+00:00,2025-11-14 00:00:00+00:00,101495.7,98100.0,3395.699999999997,98609.355,2025-11-13 20:10:00+00:00,2025-11-13 20:05:00+00:00,True,CLEAN_CAUSAL_LEAVE,2025-11-13 20:10:00+00:00,2025-11-13 20:15:00+00:00,,2025-11-13 20:15:00+00:00,L2_ARRIVAL,False,
reference_validation,BEAR,08-12,2025-11-14 08:00:00+00:00,2025-11-14 12:00:00+00:00,99152.0,95840.9,3311.100000000006,96337.565,2025-11-14 11:45:00+00:00,2025-11-14 11:40:00+00:00,True,CLEAN_CAUSAL_LEAVE,2025-11-14 11:45:00+00:00,2025-11-14 11:50:00+00:00,,2025-11-14 11:50:00+00:00,L2_ARRIVAL,False,
reference_validation,BEAR,12-16,2025-11-15 12:00:00+00:00,2025-11-15 16:00:00+00:00,96310.4,95587.3,723.0999999999913,95695.765,2025-11-15 12:05:00+00:00,2025-11-15 12:00:00+00:00,False,LOW_BREAK_BEFORE_LEAVE,2025-11-15 12:05:00+00:00,,,2025-11-15 12:05:00+00:00,L2_BREAK,False,
reference_validation,BEAR,00-04,2025-11-16 00:00:00+00:00,2025-11-16 04:00:00+00:00,95979.1,95072.1,907.0,95208.15000000001,2025-11-16 01:05:00+00:00,2025-11-16 01:00:00+00:00,True,CLEAN_CAUSAL_LEAVE,2025-11-16 01:10:00+00:00,2025-11-16 01:15:00+00:00,2025-11-16 01:15:00+00:00,2025-11-16 01:30:00+00:00,L2_ARRIVAL,True,15.0
reference_validation,BEAR,12-16,2025-11-16 12:00:00+00:00,2025-11-16 16:00:00+00:00,96600.0,95443.6,1156.3999999999942,95617.06,2025-11-16 12:40:00+00:00,2025-11-16 12:35:00+00:00,True,CLEAN_CAUSAL_LEAVE,2025-11-16 12:40:00+00:00,2025-11-16 12:45:00+00:00,2025-11-16 13:05:00+00:00,2025-11-16 13:25:00+00:00,L2_ARRIVAL,True,20.0
reference_validation,BEAR,16-20,2025-11-16 16:00:00+00:00,2025-11-16 20:00:00+00:00,95870.0,94300.0,1570.0,94535.5,2025-11-16 16:20:00+00:00,2025-11-16 16:15:00+00:00,False,LOW_BREAK_BEFORE_LEAVE,2025-11-16 16:20:00+00:00,,,2025-11-16 16:20:00+00:00,L2_BREAK,False,
reference_validation,BEAR,20-00,2025-11-16 20:00:00+00:00,2025-11-17 00:00:00+00:00,95544.8,93677.4,1867.4000000000087,93957.51,2025-11-16 21:10:00+00:00,2025-11-16 21:05:00+00:00,False,LOW_BREAK_BEFORE_LEAVE,2025-11-16 21:15:00+00:00,,,2025-11-16 21:15:00+00:00,L2_BREAK,False,
reference_validation,BEAR,12-16,2025-11-17 12:00:00+00:00,2025-11-17 16:00:00+00:00,95980.1,95268.9,711.2000000000116,95375.58,2025-11-17 12:15:00+00:00,2025-11-17 12:10:00+00:00,True,CLEAN_CAUSAL_LEAVE,2025-11-17 12:15:00+00:00,2025-11-17 12:20:00+00:00,2025-11-17 12:20:00+00:00,2025-11-17 12:50:00+00:00,L2_ARRIVAL,True,30.0
reference_validation,BEAR,20-00,2025-11-17 20:00:00+00:00,2025-11-18 00:00:00+00:00,94388.0,91550.2,2837.800000000003,91975.87,2025-11-17 20:05:00+00:00,2025-11-17 20:00:00+00:00,False,LOW_BREAK_BEFORE_LEAVE,2025-11-17 20:05:00+00:00,,,2025-11-17 20:05:00+00:00,L2_BREAK,False,
reference_validation,BEAR,00-04,2025-11-18 00:00:00+00:00,2025-11-18 04:00:00+00:00,92370.9,91250.0,1120.8999999999942,91418.135,2025-11-18 00:50:00+00:00,2025-11-18 00:45:00+00:00,True,CLEAN_CAUSAL_LEAVE,2025-11-18 00:50:00+00:00,2025-11-18 00:55:00+00:00,,2025-11-18 02:00:00+00:00,L2_ARRIVAL,False,
reference_validation,BEAR,04-08,2025-11-18 04:00:00+00:00,2025-11-18 08:00:00+00:00,92335.4,89666.1,2669.2999999999884,90066.49500000001,2025-11-18 04:50:00+00:00,2025-11-18 04:45:00+00:00,False,LOW_BREAK_BEFORE_LEAVE,2025-11-18 04:50:00+00:00,,,2025-11-18 04:50:00+00:00,L2_BREAK,False,
reference_validation,BEAR,20-00,2025-11-18 20:00:00+00:00,2025-11-19 00:00:00+00:00,93799.1,92532.0,1267.1000000000058,92722.065,2025-11-18 21:50:00+00:00,2025-11-18 21:45:00+00:00,False,LOW_BREAK_BEFORE_LEAVE,2025-11-18 21:50:00+00:00,,,2025-11-18 21:50:00+00:00,L2_BREAK,False,
reference_validation,BEAR,04-08,2025-11-19 04:00:00+00:00,2025-11-19 08:00:00+00:00,92944.8,91600.0,1344.800000000003,91801.72,2025-11-19 04:20:00+00:00,2025-11-19 04:15:00+00:00,True,CLEAN_CAUSAL_LEAVE,2025-11-19 04:20:00+00:00,2025-11-19 04:25:00+00:00,,2025-11-19 04:30:00+00:00,L2_ARRIVAL,False,
reference_validation,BEAR,12-16,2025-11-19 12:00:00+00:00,2025-11-19 16:00:00+00:00,91920.0,91038.9,881.1000000000058,91171.065,2025-11-19 14:30:00+00:00,2025-11-19 14:25:00+00:00,True,CLEAN_CAUSAL_LEAVE,2025-11-19 14:30:00+00:00,2025-11-19 14:35:00+00:00,,2025-11-19 15:05:00+00:00,OPPOSITE_HIGH_BREAK,False,
reference_validation,BEAR,20-00,2025-11-19 20:00:00+00:00,2025-11-20 00:00:00+00:00,90202.5,88600.0,1602.5,88840.375,2025-11-19 20:10:00+00:00,2025-11-19 20:05:00+00:00,True,CLEAN_CAUSAL_LEAVE,2025-11-19 20:15:00+00:00,2025-11-19 20:20:00+00:00,,2025-11-19 21:20:00+00:00,OPPOSITE_HIGH_BREAK,False,
reference_validation,BEAR,00-04,2025-11-21 00:00:00+00:00,2025-11-21 04:00:00+00:00,88214.1,86291.7,1922.4000000000087,86580.06,2025-11-21 02:20:00+00:00,2025-11-21 02:15:00+00:00,True,CLEAN_CAUSAL_LEAVE,2025-11-21 02:25:00+00:00,2025-11-21 02:30:00+00:00,,2025-11-21 02:30:00+00:00,L2_ARRIVAL,False,
reference_validation,BEAR,04-08,2025-11-21 04:00:00+00:00,2025-11-21 08:00:00+00:00,87465.4,85288.0,2177.399999999994,85614.61,2025-11-21 07:25:00+00:00,2025-11-21 07:20:00+00:00,False,LOW_BREAK_BEFORE_LEAVE,2025-11-21 07:25:00+00:00,,,2025-11-21 07:25:00+00:00,L2_BREAK,False,
reference_validation,BEAR,08-12,2025-11-22 08:00:00+00:00,2025-11-22 12:00:00+00:00,84764.3,83792.0,972.3000000000029,83937.845,2025-11-22 10:25:00+00:00,2025-11-22 10:20:00+00:00,False,LOW_BREAK_BEFORE_LEAVE,2025-11-22 10:25:00+00:00,,,2025-11-22 10:25:00+00:00,L2_BREAK,False,
reference_validation,BULL,12-16,2025-11-27 12:00:00+00:00,2025-11-27 16:00:00+00:00,91931.9,91177.2,754.6999999999971,91290.405,2025-11-27 12:25:00+00:00,2025-11-27 12:20:00+00:00,True,CLEAN_CAUSAL_LEAVE,2025-11-27 12:25:00+00:00,2025-11-27 12:30:00+00:00,2025-11-27 12:30:00+00:00,2025-11-27 12:35:00+00:00,L2_ARRIVAL,True,5.0
reference_validation,BULL,00-04,2025-11-28 00:00:00+00:00,2025-11-28 04:00:00+00:00,91562.8,91058.4,504.40000000000873,91134.06,2025-11-28 00:20:00+00:00,2025-11-28 00:15:00+00:00,True,CLEAN_CAUSAL_LEAVE,2025-11-28 00:20:00+00:00,2025-11-28 00:25:00+00:00,2025-11-28 00:45:00+00:00,2025-11-28 01:00:00+00:00,L2_ARRIVAL,True,15.0
reference_validation,BULL,16-20,2025-11-28 16:00:00+00:00,2025-11-28 20:00:00+00:00,93080.0,91314.4,1765.6000000000058,91579.23999999999,2025-11-28 16:25:00+00:00,2025-11-28 16:20:00+00:00,False,LOW_BREAK_BEFORE_LEAVE,2025-11-28 16:25:00+00:00,,,2025-11-28 16:25:00+00:00,L2_BREAK,False,
reference_validation,BULL,20-00,2025-11-30 20:00:00+00:00,2025-12-01 00:00:00+00:00,91818.8,91088.1,730.6999999999971,91197.705,2025-11-30 21:15:00+00:00,2025-11-30 21:10:00+00:00,False,LOW_BREAK_BEFORE_LEAVE,2025-11-30 21:15:00+00:00,,,2025-11-30 21:15:00+00:00,L2_BREAK,False,
reference_validation,BEAR,12-16,2025-12-01 12:00:00+00:00,2025-12-01 16:00:00+00:00,86886.0,86090.0,796.0,86209.4,2025-12-01 12:05:00+00:00,2025-12-01 12:00:00+00:00,False,LOW_BREAK_BEFORE_LEAVE,2025-12-01 12:05:00+00:00,,,2025-12-01 12:05:00+00:00,L2_BREAK,False,
reference_validation,BULL,00-04,2025-12-04 00:00:00+00:00,2025-12-04 04:00:00+00:00,94185.0,92784.3,1400.699999999997,92994.405,2025-12-04 00:30:00+00:00,2025-12-04 00:25:00+00:00,False,LOW_BREAK_BEFORE_LEAVE,2025-12-04 00:30:00+00:00,,,2025-12-04 00:30:00+00:00,L2_BREAK,False,
reference_validation,BULL,16-20,2025-12-04 16:00:00+00:00,2025-12-04 20:00:00+00:00,93256.3,91762.0,1494.300000000003,91986.145,2025-12-04 17:45:00+00:00,2025-12-04 17:40:00+00:00,True,CLEAN_CAUSAL_LEAVE,2025-12-04 17:45:00+00:00,2025-12-04 17:50:00+00:00,2025-12-04 18:40:00+00:00,2025-12-04 19:10:00+00:00,L2_ARRIVAL,True,30.0
reference_validation,BULL,04-08,2025-12-05 04:00:00+00:00,2025-12-05 08:00:00+00:00,92665.5,91917.7,747.8000000000029,92029.87,2025-12-05 04:35:00+00:00,2025-12-05 04:30:00+00:00,False,LOW_BREAK_BEFORE_LEAVE,2025-12-05 04:40:00+00:00,,,2025-12-05 04:40:00+00:00,L2_BREAK,False,
reference_validation,SIDEWAYS,12-16,2025-12-05 12:00:00+00:00,2025-12-05 16:00:00+00:00,92227.6,90940.4,1287.2000000000116,91133.48,2025-12-05 13:20:00+00:00,2025-12-05 13:15:00+00:00,False,LOW_BREAK_BEFORE_LEAVE,2025-12-05 13:20:00+00:00,,,2025-12-05 13:20:00+00:00,L2_BREAK,False,
reference_validation,BEAR,16-20,2025-12-06 16:00:00+00:00,2025-12-06 20:00:00+00:00,90257.3,89424.2,833.1000000000058,89549.165,2025-12-06 19:10:00+00:00,2025-12-06 19:05:00+00:00,True,CLEAN_CAUSAL_LEAVE,2025-12-06 19:15:00+00:00,2025-12-06 19:20:00+00:00,,2025-12-06 19:25:00+00:00,L2_ARRIVAL,False,
reference_validation,BEAR,08-12,2025-12-07 08:00:00+00:00,2025-12-07 12:00:00+00:00,89750.0,89155.0,595.0,89244.25,2025-12-07 08:15:00+00:00,2025-12-07 08:10:00+00:00,True,CLEAN_CAUSAL_LEAVE,2025-12-07 08:20:00+00:00,2025-12-07 08:25:00+00:00,2025-12-07 08:55:00+00:00,2025-12-07 09:20:00+00:00,L2_ARRIVAL,True,25.0
reference_validation,SIDEWAYS,20-00,2025-12-07 20:00:00+00:00,2025-12-08 00:00:00+00:00,91722.0,89065.2,2656.800000000003,89463.72,2025-12-07 22:10:00+00:00,2025-12-07 22:05:00+00:00,True,CLEAN_CAUSAL_LEAVE,2025-12-07 22:10:00+00:00,2025-12-07 22:15:00+00:00,2025-12-07 22:15:00+00:00,2025-12-08 00:00:00+00:00,BLOCK_END,False,
reference_validation,BULL,12-16,2025-12-08 12:00:00+00:00,2025-12-08 16:00:00+00:00,92262.6,91433.6,829.0,91557.95000000001,2025-12-08 13:45:00+00:00,2025-12-08 13:40:00+00:00,True,CLEAN_CAUSAL_LEAVE,2025-12-08 13:45:00+00:00,2025-12-08 13:50:00+00:00,2025-12-08 13:50:00+00:00,2025-12-08 13:55:00+00:00,L2_ARRIVAL,True,5.0
reference_validation,BULL,00-04,2025-12-09 00:00:00+00:00,2025-12-09 04:00:00+00:00,91338.2,90073.7,1264.5,90263.375,2025-12-09 01:35:00+00:00,2025-12-09 01:30:00+00:00,False,LOW_BREAK_BEFORE_LEAVE,2025-12-09 01:40:00+00:00,,,2025-12-09 01:40:00+00:00,L2_BREAK,False,
reference_validation,SIDEWAYS,04-08,2025-12-09 04:00:00+00:00,2025-12-09 08:00:00+00:00,90810.8,89774.1,1036.699999999997,89929.60500000001,2025-12-09 04:40:00+00:00,2025-12-09 04:35:00+00:00,True,CLEAN_CAUSAL_LEAVE,2025-12-09 04:40:00+00:00,2025-12-09 04:45:00+00:00,,2025-12-09 05:05:00+00:00,L2_ARRIVAL,False,
reference_validation,BULL,12-16,2025-12-10 12:00:00+00:00,2025-12-10 16:00:00+00:00,93278.9,91721.0,1557.8999999999942,91954.685,2025-12-10 14:55:00+00:00,2025-12-10 14:50:00+00:00,True,CLEAN_CAUSAL_LEAVE,2025-12-10 15:05:00+00:00,2025-12-10 15:10:00+00:00,2025-12-10 15:10:00+00:00,2025-12-10 15:30:00+00:00,L2_ARRIVAL,True,20.0
reference_validation,BULL,12-16,2025-12-12 12:00:00+00:00,2025-12-12 16:00:00+00:00,92600.0,92050.0,550.0,92132.5,2025-12-12 12:45:00+00:00,2025-12-12 12:40:00+00:00,True,CLEAN_CAUSAL_LEAVE,2025-12-12 12:45:00+00:00,2025-12-12 12:50:00+00:00,2025-12-12 14:15:00+00:00,2025-12-12 14:30:00+00:00,L2_ARRIVAL,True,15.0
reference_validation,BEAR,04-08,2025-12-14 04:00:00+00:00,2025-12-14 08:00:00+00:00,90440.0,90071.6,368.3999999999942,90126.86,2025-12-14 05:15:00+00:00,2025-12-14 05:10:00+00:00,False,LOW_BREAK_BEFORE_LEAVE,2025-12-14 05:15:00+00:00,,,2025-12-14 05:15:00+00:00,L2_BREAK,False,
reference_validation,BEAR,08-12,2025-12-14 08:00:00+00:00,2025-12-14 12:00:00+00:00,90300.0,90005.8,294.1999999999971,90049.93000000001,2025-12-14 09:35:00+00:00,2025-12-14 09:30:00+00:00,False,LOW_BREAK_BEFORE_LEAVE,2025-12-14 09:35:00+00:00,,,2025-12-14 09:35:00+00:00,L2_BREAK,False,
reference_validation,BEAR,20-00,2025-12-14 20:00:00+00:00,2025-12-15 00:00:00+00:00,89372.8,88432.0,940.8000000000029,88573.12,2025-12-14 20:15:00+00:00,2025-12-14 20:10:00+00:00,True,CLEAN_CAUSAL_LEAVE,2025-12-14 20:15:00+00:00,2025-12-14 20:20:00+00:00,2025-12-14 20:30:00+00:00,2025-12-14 21:05:00+00:00,L2_ARRIVAL,True,35.0
reference_validation,BEAR,04-08,2025-12-16 04:00:00+00:00,2025-12-16 08:00:00+00:00,86478.6,85340.1,1138.5,85510.875,2025-12-16 04:50:00+00:00,2025-12-16 04:45:00+00:00,True,CLEAN_CAUSAL_LEAVE,2025-12-16 04:50:00+00:00,2025-12-16 04:55:00+00:00,,2025-12-16 06:50:00+00:00,OPPOSITE_HIGH_BREAK,False,
reference_validation,BEAR,20-00,2025-12-18 20:00:00+00:00,2025-12-19 00:00:00+00:00,88500.0,84429.9,4070.100000000006,85040.415,2025-12-18 20:05:00+00:00,2025-12-18 20:00:00+00:00,True,CLEAN_CAUSAL_LEAVE,2025-12-18 20:05:00+00:00,2025-12-18 20:10:00+00:00,2025-12-18 20:10:00+00:00,2025-12-19 00:00:00+00:00,BLOCK_END,False,
reference_validation,SIDEWAYS,12-16,2025-12-19 12:00:00+00:00,2025-12-19 16:00:00+00:00,88345.1,87700.0,645.1000000000058,87796.765,2025-12-19 14:35:00+00:00,2025-12-19 14:30:00+00:00,False,LOW_BREAK_BEFORE_LEAVE,2025-12-19 14:35:00+00:00,,,2025-12-19 14:35:00+00:00,L2_BREAK,False,
reference_validation,BULL,16-20,2025-12-19 16:00:00+00:00,2025-12-19 20:00:00+00:00,89374.6,87488.0,1886.6000000000058,87770.99,2025-12-19 17:30:00+00:00,2025-12-19 17:25:00+00:00,False,LOW_BREAK_BEFORE_LEAVE,2025-12-19 17:30:00+00:00,,,2025-12-19 17:30:00+00:00,L2_BREAK,False,
reference_validation,BULL,08-12,2025-12-20 08:00:00+00:00,2025-12-20 12:00:00+00:00,88551.8,88065.9,485.90000000000873,88138.78499999999,2025-12-20 11:15:00+00:00,2025-12-20 11:10:00+00:00,True,CLEAN_CAUSAL_LEAVE,2025-12-20 11:15:00+00:00,2025-12-20 11:20:00+00:00,2025-12-20 11:20:00+00:00,2025-12-20 12:00:00+00:00,BLOCK_END,False,
reference_validation,BULL,16-20,2025-12-22 16:00:00+00:00,2025-12-22 20:00:00+00:00,90599.0,89109.1,1489.8999999999942,89332.585,2025-12-22 17:15:00+00:00,2025-12-22 17:10:00+00:00,True,CLEAN_CAUSAL_LEAVE,2025-12-22 17:20:00+00:00,2025-12-22 17:25:00+00:00,2025-12-22 17:25:00+00:00,2025-12-22 18:55:00+00:00,L2_ARRIVAL,True,90.0
reference_validation,SIDEWAYS,20-00,2025-12-22 20:00:00+00:00,2025-12-23 00:00:00+00:00,90088.0,87906.7,2181.300000000003,88233.895,2025-12-22 20:20:00+00:00,2025-12-22 20:15:00+00:00,True,CLEAN_CAUSAL_LEAVE,2025-12-22 20:20:00+00:00,2025-12-22 20:25:00+00:00,,2025-12-22 20:25:00+00:00,L2_ARRIVAL,False,
reference_validation,BEAR,08-12,2025-12-24 08:00:00+00:00,2025-12-24 12:00:00+00:00,87430.0,86738.8,691.1999999999971,86842.48,2025-12-24 09:00:00+00:00,2025-12-24 08:55:00+00:00,True,CLEAN_CAUSAL_LEAVE,2025-12-24 09:00:00+00:00,2025-12-24 09:05:00+00:00,2025-12-24 09:15:00+00:00,2025-12-24 09:35:00+00:00,L2_ARRIVAL,True,20.0
reference_validation,BEAR,00-04,2025-12-25 00:00:00+00:00,2025-12-25 04:00:00+00:00,88033.3,87484.6,548.6999999999971,87566.905,2025-12-25 00:40:00+00:00,2025-12-25 00:35:00+00:00,True,CLEAN_CAUSAL_LEAVE,2025-12-25 00:40:00+00:00,2025-12-25 00:45:00+00:00,2025-12-25 00:45:00+00:00,2025-12-25 00:55:00+00:00,L2_ARRIVAL,True,10.0
reference_validation,BEAR,00-04,2025-12-26 00:00:00+00:00,2025-12-26 04:00:00+00:00,88139.2,86902.1,1237.0999999999913,87087.66500000001,2025-12-26 00:45:00+00:00,2025-12-26 00:40:00+00:00,True,CLEAN_CAUSAL_LEAVE,2025-12-26 00:50:00+00:00,2025-12-26 00:55:00+00:00,2025-12-26 01:00:00+00:00,2025-12-26 02:10:00+00:00,OPPOSITE_HIGH_BREAK,False,
reference_validation,BEAR,00-04,2025-12-27 00:00:00+00:00,2025-12-27 04:00:00+00:00,87750.0,87266.6,483.3999999999942,87339.11,2025-12-27 00:15:00+00:00,2025-12-27 00:10:00+00:00,True,CLEAN_CAUSAL_LEAVE,2025-12-27 00:15:00+00:00,2025-12-27 00:20:00+00:00,,2025-12-27 00:20:00+00:00,L2_ARRIVAL,False,
reference_validation,BEAR,08-12,2025-12-27 08:00:00+00:00,2025-12-27 12:00:00+00:00,87669.7,87374.5,295.1999999999971,87418.78,2025-12-27 10:40:00+00:00,2025-12-27 10:35:00+00:00,True,CLEAN_CAUSAL_LEAVE,2025-12-27 10:45:00+00:00,2025-12-27 10:50:00+00:00,2025-12-27 11:05:00+00:00,2025-12-27 12:00:00+00:00,BLOCK_END,False,
reference_validation,BEAR,12-16,2025-12-27 12:00:00+00:00,2025-12-27 16:00:00+00:00,87634.9,87324.6,310.29999999998836,87371.145,2025-12-27 13:35:00+00:00,2025-12-27 13:30:00+00:00,True,CLEAN_CAUSAL_LEAVE,2025-12-27 13:35:00+00:00,2025-12-27 13:40:00+00:00,2025-12-27 14:00:00+00:00,2025-12-27 16:00:00+00:00,BLOCK_END,False,
reference_validation,SIDEWAYS,04-08,2025-12-28 04:00:00+00:00,2025-12-28 08:00:00+00:00,87921.7,87674.4,247.3000000000029,87711.495,2025-12-28 04:05:00+00:00,2025-12-28 04:00:00+00:00,True,CLEAN_CAUSAL_LEAVE,2025-12-28 04:05:00+00:00,2025-12-28 04:10:00+00:00,2025-12-28 04:35:00+00:00,2025-12-28 04:45:00+00:00,L2_ARRIVAL,True,10.0
reference_validation,BEAR,20-00,2025-12-28 20:00:00+00:00,2025-12-29 00:00:00+00:00,87902.7,87448.4,454.3000000000029,87516.545,2025-12-28 20:10:00+00:00,2025-12-28 20:05:00+00:00,True,CLEAN_CAUSAL_LEAVE,2025-12-28 20:10:00+00:00,2025-12-28 20:15:00+00:00,2025-12-28 20:15:00+00:00,2025-12-28 21:05:00+00:00,L2_ARRIVAL,True,50.0
reference_validation,BULL,08-12,2025-12-29 08:00:00+00:00,2025-12-29 12:00:00+00:00,90373.4,89448.1,925.2999999999884,89586.895,2025-12-29 08:05:00+00:00,2025-12-29 08:00:00+00:00,True,CLEAN_CAUSAL_LEAVE,2025-12-29 08:05:00+00:00,2025-12-29 08:10:00+00:00,2025-12-29 08:10:00+00:00,2025-12-29 08:50:00+00:00,L2_ARRIVAL,True,40.0
reference_validation,SIDEWAYS,12-16,2025-12-29 12:00:00+00:00,2025-12-29 16:00:00+00:00,89791.5,87520.1,2271.399999999994,87860.81,2025-12-29 12:05:00+00:00,2025-12-29 12:00:00+00:00,False,LOW_BREAK_BEFORE_LEAVE,2025-12-29 12:05:00+00:00,,,2025-12-29 12:05:00+00:00,L2_BREAK,False,
reference_validation,SIDEWAYS,20-00,2025-12-29 20:00:00+00:00,2025-12-30 00:00:00+00:00,87968.1,87259.6,708.5,87365.875,2025-12-29 20:05:00+00:00,2025-12-29 20:00:00+00:00,True,CLEAN_CAUSAL_LEAVE,2025-12-29 20:05:00+00:00,2025-12-29 20:10:00+00:00,2025-12-29 20:10:00+00:00,2025-12-29 20:35:00+00:00,L2_ARRIVAL,True,25.0
reference_validation,SIDEWAYS,16-20,2025-12-31 16:00:00+00:00,2025-12-31 20:00:00+00:00,89192.8,87729.2,1463.6000000000058,87948.73999999999,2025-12-31 16:25:00+00:00,2025-12-31 16:20:00+00:00,True,CLEAN_CAUSAL_LEAVE,2025-12-31 16:30:00+00:00,2025-12-31 16:35:00+00:00,,2025-12-31 16:35:00+00:00,L2_ARRIVAL,False,
reference_validation,BULL,12-16,2026-01-02 12:00:00+00:00,2026-01-02 16:00:00+00:00,89900.0,88780.0,1120.0,88948.0,2026-01-02 14:20:00+00:00,2026-01-02 14:15:00+00:00,False,LOW_BREAK_BEFORE_LEAVE,2026-01-02 14:30:00+00:00,,,2026-01-02 14:30:00+00:00,L2_BREAK,False,
reference_validation,BULL,08-12,2026-01-04 08:00:00+00:00,2026-01-04 12:00:00+00:00,91779.7,91142.3,637.3999999999942,91237.91,2026-01-04 08:30:00+00:00,2026-01-04 08:25:00+00:00,True,CLEAN_CAUSAL_LEAVE,2026-01-04 08:30:00+00:00,2026-01-04 08:35:00+00:00,2026-01-04 08:40:00+00:00,2026-01-04 12:00:00+00:00,BLOCK_END,False,
reference_validation,BULL,00-04,2026-01-06 00:00:00+00:00,2026-01-06 04:00:00+00:00,94760.3,93757.9,1002.4000000000087,93908.26,2026-01-06 00:10:00+00:00,2026-01-06 00:05:00+00:00,False,LOW_BREAK_BEFORE_LEAVE,2026-01-06 00:10:00+00:00,,,2026-01-06 00:10:00+00:00,L2_BREAK,False,
reference_validation,BEAR,12-16,2026-01-08 12:00:00+00:00,2026-01-08 16:00:00+00:00,90741.2,89733.6,1007.5999999999913,89884.74,2026-01-08 14:10:00+00:00,2026-01-08 14:05:00+00:00,True,CLEAN_CAUSAL_LEAVE,2026-01-08 14:10:00+00:00,2026-01-08 14:15:00+00:00,,2026-01-08 14:20:00+00:00,L2_ARRIVAL,False,
reference_validation,BEAR,20-00,2026-01-09 20:00:00+00:00,2026-01-10 00:00:00+00:00,91749.9,90145.0,1604.8999999999942,90385.735,2026-01-09 21:10:00+00:00,2026-01-09 21:05:00+00:00,True,CLEAN_CAUSAL_LEAVE,2026-01-09 21:10:00+00:00,2026-01-09 21:15:00+00:00,2026-01-09 21:15:00+00:00,2026-01-10 00:00:00+00:00,BLOCK_END,False,
reference_validation,BEAR,04-08,2026-01-10 04:00:00+00:00,2026-01-10 08:00:00+00:00,90748.6,90474.4,274.20000000001164,90515.53,2026-01-10 04:20:00+00:00,2026-01-10 04:15:00+00:00,True,CLEAN_CAUSAL_LEAVE,2026-01-10 04:20:00+00:00,2026-01-10 04:25:00+00:00,,2026-01-10 04:35:00+00:00,L2_ARRIVAL,False,
reference_validation,BEAR,12-16,2026-01-10 12:00:00+00:00,2026-01-10 16:00:00+00:00,90800.0,90570.0,230.0,90604.5,2026-01-10 14:15:00+00:00,2026-01-10 14:10:00+00:00,True,CLEAN_CAUSAL_LEAVE,2026-01-10 14:20:00+00:00,2026-01-10 14:25:00+00:00,,2026-01-10 14:30:00+00:00,L2_ARRIVAL,False,
reference_validation,BEAR,16-20,2026-01-10 16:00:00+00:00,2026-01-10 20:00:00+00:00,90758.7,90494.0,264.6999999999971,90533.705,2026-01-10 18:10:00+00:00,2026-01-10 18:05:00+00:00,True,CLEAN_CAUSAL_LEAVE,2026-01-10 18:15:00+00:00,2026-01-10 18:20:00+00:00,2026-01-10 18:25:00+00:00,2026-01-10 20:00:00+00:00,BLOCK_END,False,
reference_validation,BULL,12-16,2026-01-13 12:00:00+00:00,2026-01-13 16:00:00+00:00,92676.6,91850.6,826.0,91974.5,2026-01-13 13:35:00+00:00,2026-01-13 13:30:00+00:00,True,CLEAN_CAUSAL_LEAVE,2026-01-13 13:35:00+00:00,2026-01-13 13:40:00+00:00,,2026-01-13 14:00:00+00:00,L2_ARRIVAL,False,
reference_validation,BULL,12-16,2026-01-14 12:00:00+00:00,2026-01-14 16:00:00+00:00,95288.0,94700.0,588.0,94788.2,2026-01-14 12:05:00+00:00,2026-01-14 12:00:00+00:00,True,CLEAN_CAUSAL_LEAVE,2026-01-14 12:05:00+00:00,2026-01-14 12:10:00+00:00,,2026-01-14 14:10:00+00:00,OPPOSITE_HIGH_BREAK,False,
reference_validation,BULL,00-04,2026-01-15 00:00:00+00:00,2026-01-15 04:00:00+00:00,97932.1,96666.6,1265.5,96856.425,2026-01-15 00:25:00+00:00,2026-01-15 00:20:00+00:00,False,LOW_BREAK_BEFORE_LEAVE,2026-01-15 00:30:00+00:00,,,2026-01-15 00:30:00+00:00,L2_BREAK,False,
reference_validation,BULL,16-20,2026-01-15 16:00:00+00:00,2026-01-15 20:00:00+00:00,97100.0,95403.7,1696.300000000003,95658.145,2026-01-15 19:35:00+00:00,2026-01-15 19:30:00+00:00,False,LOW_BREAK_BEFORE_LEAVE,2026-01-15 19:35:00+00:00,,,2026-01-15 19:35:00+00:00,L2_BREAK,False,
reference_validation,BULL,12-16,2026-01-16 12:00:00+00:00,2026-01-16 16:00:00+00:00,95805.0,95210.5,594.5,95299.675,2026-01-16 14:40:00+00:00,2026-01-16 14:35:00+00:00,False,LOW_BREAK_BEFORE_LEAVE,2026-01-16 14:40:00+00:00,,,2026-01-16 14:40:00+00:00,L2_BREAK,False,
reference_validation,BULL,04-08,2026-01-17 04:00:00+00:00,2026-01-17 08:00:00+00:00,95536.9,95136.2,400.6999999999971,95196.305,2026-01-17 06:05:00+00:00,2026-01-17 06:00:00+00:00,True,CLEAN_CAUSAL_LEAVE,2026-01-17 06:05:00+00:00,2026-01-17 06:10:00+00:00,2026-01-17 06:10:00+00:00,2026-01-17 07:00:00+00:00,L2_ARRIVAL,True,50.0
reference_validation,SIDEWAYS,08-12,2026-01-17 08:00:00+00:00,2026-01-17 12:00:00+00:00,95346.1,94999.9,346.20000000001164,95051.83,2026-01-17 08:05:00+00:00,2026-01-17 08:00:00+00:00,True,CLEAN_CAUSAL_LEAVE,2026-01-17 08:05:00+00:00,2026-01-17 08:10:00+00:00,2026-01-17 11:05:00+00:00,2026-01-17 12:00:00+00:00,BLOCK_END,False,
reference_validation,SIDEWAYS,08-12,2026-01-18 08:00:00+00:00,2026-01-18 12:00:00+00:00,95236.5,94980.0,256.5,95018.475,2026-01-18 08:05:00+00:00,2026-01-18 08:00:00+00:00,True,CLEAN_CAUSAL_LEAVE,2026-01-18 08:10:00+00:00,2026-01-18 08:15:00+00:00,2026-01-18 08:20:00+00:00,2026-01-18 09:45:00+00:00,OPPOSITE_HIGH_BREAK,False,
reference_validation,BULL,12-16,2026-01-18 12:00:00+00:00,2026-01-18 16:00:00+00:00,95257.4,94980.0,277.3999999999942,95021.61,2026-01-18 13:10:00+00:00,2026-01-18 13:05:00+00:00,True,CLEAN_CAUSAL_LEAVE,2026-01-18 13:10:00+00:00,2026-01-18 13:15:00+00:00,,2026-01-18 13:15:00+00:00,L2_ARRIVAL,False,
reference_validation,BEAR,04-08,2026-01-20 04:00:00+00:00,2026-01-20 08:00:00+00:00,92845.0,92200.0,645.0,92296.75,2026-01-20 04:25:00+00:00,2026-01-20 04:20:00+00:00,True,CLEAN_CAUSAL_LEAVE,2026-01-20 04:30:00+00:00,2026-01-20 04:35:00+00:00,2026-01-20 04:35:00+00:00,2026-01-20 04:40:00+00:00,L2_ARRIVAL,True,5.0
reference_validation,BEAR,16-20,2026-01-21 16:00:00+00:00,2026-01-21 20:00:00+00:00,90599.5,88109.7,2489.800000000003,88483.17,2026-01-21 16:45:00+00:00,2026-01-21 16:40:00+00:00,True,CLEAN_CAUSAL_LEAVE,2026-01-21 16:50:00+00:00,2026-01-21 16:55:00+00:00,,2026-01-21 16:55:00+00:00,L2_ARRIVAL,False,
reference_validation,BEAR,16-20,2026-01-24 16:00:00+00:00,2026-01-24 20:00:00+00:00,89554.9,89131.2,423.6999999999971,89194.75499999999,2026-01-24 16:20:00+00:00,2026-01-24 16:15:00+00:00,True,CLEAN_CAUSAL_LEAVE,2026-01-24 16:20:00+00:00,2026-01-24 16:25:00+00:00,2026-01-24 16:25:00+00:00,2026-01-24 20:00:00+00:00,BLOCK_END,False,
reference_validation,BEAR,20-00,2026-01-25 20:00:00+00:00,2026-01-26 00:00:00+00:00,88410.0,86100.0,2310.0,86446.5,2026-01-25 23:05:00+00:00,2026-01-25 23:00:00+00:00,True,CLEAN_CAUSAL_LEAVE,2026-01-25 23:05:00+00:00,2026-01-25 23:10:00+00:00,2026-01-25 23:15:00+00:00,2026-01-26 00:00:00+00:00,BLOCK_END,False,
reference_validation,BEAR,12-16,2026-01-26 12:00:00+00:00,2026-01-26 16:00:00+00:00,88367.5,87556.9,810.6000000000058,87678.48999999999,2026-01-26 14:35:00+00:00,2026-01-26 14:30:00+00:00,True,CLEAN_CAUSAL_LEAVE,2026-01-26 14:35:00+00:00,2026-01-26 14:40:00+00:00,,2026-01-26 15:10:00+00:00,OPPOSITE_HIGH_BREAK,False,
reference_validation,BEAR,16-20,2026-01-26 16:00:00+00:00,2026-01-26 20:00:00+00:00,88834.1,87278.5,1555.6000000000058,87511.84,2026-01-26 16:10:00+00:00,2026-01-26 16:05:00+00:00,True,CLEAN_CAUSAL_LEAVE,2026-01-26 16:20:00+00:00,2026-01-26 16:25:00+00:00,2026-01-26 16:35:00+00:00,2026-01-26 17:15:00+00:00,L2_ARRIVAL,True,40.0
reference_validation,BULL,20-00,2026-01-28 20:00:00+00:00,2026-01-29 00:00:00+00:00,90592.7,88974.0,1618.699999999997,89216.805,2026-01-28 20:55:00+00:00,2026-01-28 20:50:00+00:00,True,CLEAN_CAUSAL_LEAVE,2026-01-28 20:55:00+00:00,2026-01-28 21:00:00+00:00,,2026-01-28 21:00:00+00:00,L2_ARRIVAL,False,
reference_validation,BEAR,16-20,2026-01-29 16:00:00+00:00,2026-01-29 20:00:00+00:00,88133.2,84335.4,3797.800000000003,84905.06999999999,2026-01-29 16:35:00+00:00,2026-01-29 16:30:00+00:00,True,CLEAN_CAUSAL_LEAVE,2026-01-29 16:35:00+00:00,2026-01-29 16:40:00+00:00,2026-01-29 16:45:00+00:00,2026-01-29 17:50:00+00:00,L2_ARRIVAL,True,65.0
reference_validation,BEAR,00-04,2026-01-30 00:00:00+00:00,2026-01-30 04:00:00+00:00,84699.9,83785.6,914.2999999999884,83922.74500000001,2026-01-30 01:25:00+00:00,2026-01-30 01:20:00+00:00,False,LOW_BREAK_BEFORE_LEAVE,2026-01-30 01:25:00+00:00,,,2026-01-30 01:25:00+00:00,L2_BREAK,False,
reference_validation,BEAR,04-08,2026-02-01 04:00:00+00:00,2026-02-01 08:00:00+00:00,79396.8,78245.7,1151.1000000000058,78418.36499999999,2026-02-01 06:55:00+00:00,2026-02-01 06:50:00+00:00,True,CLEAN_CAUSAL_LEAVE,2026-02-01 06:55:00+00:00,2026-02-01 07:00:00+00:00,,2026-02-01 07:00:00+00:00,L2_ARRIVAL,False,
reference_validation,BEAR,12-16,2026-02-01 12:00:00+00:00,2026-02-01 16:00:00+00:00,79194.0,78099.8,1094.199999999997,78263.93000000001,2026-02-01 14:15:00+00:00,2026-02-01 14:10:00+00:00,False,LOW_BREAK_BEFORE_LEAVE,2026-02-01 14:15:00+00:00,,,2026-02-01 14:15:00+00:00,L2_BREAK,False,
reference_validation,BEAR,20-00,2026-02-01 20:00:00+00:00,2026-02-02 00:00:00+00:00,78421.6,76950.9,1470.7000000000116,77171.50499999999,2026-02-01 20:05:00+00:00,2026-02-01 20:00:00+00:00,True,CLEAN_CAUSAL_LEAVE,2026-02-01 20:10:00+00:00,2026-02-01 20:15:00+00:00,2026-02-01 20:15:00+00:00,2026-02-01 20:25:00+00:00,L2_ARRIVAL,True,10.0
reference_validation,BEAR,20-00,2026-02-02 20:00:00+00:00,2026-02-03 00:00:00+00:00,79248.0,78234.9,1013.1000000000058,78386.86499999999,2026-02-02 20:05:00+00:00,2026-02-02 20:00:00+00:00,True,CLEAN_CAUSAL_LEAVE,2026-02-02 20:05:00+00:00,2026-02-02 20:10:00+00:00,2026-02-02 20:10:00+00:00,2026-02-02 20:30:00+00:00,L2_ARRIVAL,True,20.0
reference_validation,BEAR,08-12,2026-02-04 08:00:00+00:00,2026-02-04 12:00:00+00:00,76809.4,76072.0,737.3999999999942,76182.61,2026-02-04 08:30:00+00:00,2026-02-04 08:25:00+00:00,True,CLEAN_CAUSAL_LEAVE,2026-02-04 08:35:00+00:00,2026-02-04 08:40:00+00:00,2026-02-04 09:15:00+00:00,2026-02-04 09:30:00+00:00,L2_ARRIVAL,True,15.0
reference_validation,BEAR,20-00,2026-02-04 20:00:00+00:00,2026-02-05 00:00:00+00:00,74211.8,72101.0,2110.800000000003,72417.62,2026-02-04 22:10:00+00:00,2026-02-04 22:05:00+00:00,True,CLEAN_CAUSAL_LEAVE,2026-02-04 22:15:00+00:00,2026-02-04 22:20:00+00:00,2026-02-04 22:55:00+00:00,2026-02-05 00:00:00+00:00,BLOCK_END,False,
reference_validation,BEAR,00-04,2026-02-05 00:00:00+00:00,2026-02-05 04:00:00+00:00,74141.1,71838.0,2303.100000000006,72183.465,2026-02-05 02:20:00+00:00,2026-02-05 02:15:00+00:00,True,CLEAN_CAUSAL_LEAVE,2026-02-05 02:20:00+00:00,2026-02-05 02:25:00+00:00,2026-02-05 02:25:00+00:00,2026-02-05 02:45:00+00:00,L2_ARRIVAL,True,20.0
reference_validation,BEAR,12-16,2026-02-05 12:00:00+00:00,2026-02-05 16:00:00+00:00,71944.4,69862.0,2082.399999999994,70174.36,2026-02-05 12:15:00+00:00,2026-02-05 12:10:00+00:00,False,LOW_BREAK_BEFORE_LEAVE,2026-02-05 12:15:00+00:00,,,2026-02-05 12:15:00+00:00,L2_BREAK,False,
reference_validation,BEAR,16-20,2026-02-05 16:00:00+00:00,2026-02-05 20:00:00+00:00,70848.6,66666.0,4182.600000000006,67293.39,2026-02-05 17:25:00+00:00,2026-02-05 17:20:00+00:00,True,CLEAN_CAUSAL_LEAVE,2026-02-05 17:25:00+00:00,2026-02-05 17:30:00+00:00,,2026-02-05 17:30:00+00:00,L2_ARRIVAL,False,
reference_validation,BEAR,20-00,2026-02-05 20:00:00+00:00,2026-02-06 00:00:00+00:00,68667.4,65160.0,3507.399999999994,65686.11,2026-02-05 20:05:00+00:00,2026-02-05 20:00:00+00:00,False,LOW_BREAK_BEFORE_LEAVE,2026-02-05 20:10:00+00:00,,,2026-02-05 20:10:00+00:00,L2_BREAK,False,
reference_validation,BEAR,00-04,2026-02-06 00:00:00+00:00,2026-02-06 04:00:00+00:00,65678.1,62233.3,3444.800000000003,62750.020000000004,2026-02-06 00:05:00+00:00,2026-02-06 00:00:00+00:00,False,LOW_BREAK_BEFORE_LEAVE,2026-02-06 00:05:00+00:00,,,2026-02-06 00:05:00+00:00,L2_BREAK,False,
reference_validation,SIDEWAYS,00-04,2026-02-07 00:00:00+00:00,2026-02-07 04:00:00+00:00,71714.4,69764.7,1949.699999999997,70057.155,2026-02-07 00:35:00+00:00,2026-02-07 00:30:00+00:00,False,LOW_BREAK_BEFORE_LEAVE,2026-02-07 00:35:00+00:00,,,2026-02-07 00:35:00+00:00,L2_BREAK,False,
reference_validation,BEAR,12-16,2026-02-09 12:00:00+00:00,2026-02-09 16:00:00+00:00,70583.3,68373.9,2209.4000000000087,68705.31,2026-02-09 14:10:00+00:00,2026-02-09 14:05:00+00:00,True,CLEAN_CAUSAL_LEAVE,2026-02-09 14:20:00+00:00,2026-02-09 14:25:00+00:00,2026-02-09 14:30:00+00:00,2026-02-09 16:00:00+00:00,BLOCK_END,False,
reference_validation,BEAR,12-16,2026-02-10 12:00:00+00:00,2026-02-10 16:00:00+00:00,69376.3,68406.4,969.9000000000087,68551.885,2026-02-10 12:50:00+00:00,2026-02-10 12:45:00+00:00,True,CLEAN_CAUSAL_LEAVE,2026-02-10 12:50:00+00:00,2026-02-10 12:55:00+00:00,2026-02-10 13:00:00+00:00,2026-02-10 13:05:00+00:00,L2_ARRIVAL,True,5.0
reference_validation,BEAR,04-08,2026-02-11 04:00:00+00:00,2026-02-11 08:00:00+00:00,69262.7,67951.8,1310.8999999999942,68148.435,2026-02-11 04:20:00+00:00,2026-02-11 04:15:00+00:00,False,LOW_BREAK_BEFORE_LEAVE,2026-02-11 04:20:00+00:00,,,2026-02-11 04:20:00+00:00,L2_BREAK,False,
reference_validation,BEAR,16-20,2026-02-12 16:00:00+00:00,2026-02-12 20:00:00+00:00,68385.0,66958.0,1427.0,67172.05,2026-02-12 16:05:00+00:00,2026-02-12 16:00:00+00:00,False,LOW_BREAK_BEFORE_LEAVE,2026-02-12 16:05:00+00:00,,,2026-02-12 16:05:00+00:00,L2_BREAK,False,
reference_validation,BULL,04-08,2026-02-14 04:00:00+00:00,2026-02-14 08:00:00+00:00,69118.1,68736.2,381.90000000000873,68793.485,2026-02-14 05:05:00+00:00,2026-02-14 05:00:00+00:00,True,CLEAN_CAUSAL_LEAVE,2026-02-14 05:05:00+00:00,2026-02-14 05:10:00+00:00,2026-02-14 05:10:00+00:00,2026-02-14 05:50:00+00:00,L2_ARRIVAL,True,40.0
reference_validation,BULL,12-16,2026-02-14 12:00:00+00:00,2026-02-14 16:00:00+00:00,70557.7,69174.5,1383.199999999997,69381.98,2026-02-14 13:25:00+00:00,2026-02-14 13:20:00+00:00,True,CLEAN_CAUSAL_LEAVE,2026-02-14 13:25:00+00:00,2026-02-14 13:30:00+00:00,2026-02-14 13:30:00+00:00,2026-02-14 16:00:00+00:00,BLOCK_END,False,
reference_validation,BULL,00-04,2026-02-15 00:00:00+00:00,2026-02-15 04:00:00+00:00,70230.6,69600.0,630.6000000000058,69694.59,2026-02-15 00:20:00+00:00,2026-02-15 00:15:00+00:00,True,CLEAN_CAUSAL_LEAVE,2026-02-15 00:20:00+00:00,2026-02-15 00:25:00+00:00,2026-02-15 00:30:00+00:00,2026-02-15 00:35:00+00:00,L2_ARRIVAL,True,5.0
reference_validation,BULL,12-16,2026-02-15 12:00:00+00:00,2026-02-15 16:00:00+00:00,70938.5,70114.8,823.6999999999971,70238.355,2026-02-15 12:20:00+00:00,2026-02-15 12:15:00+00:00,True,CLEAN_CAUSAL_LEAVE,2026-02-15 12:25:00+00:00,2026-02-15 12:30:00+00:00,,2026-02-15 12:35:00+00:00,L2_ARRIVAL,False,
reference_validation,BEAR,12-16,2026-02-18 12:00:00+00:00,2026-02-18 16:00:00+00:00,68438.0,67037.2,1400.800000000003,67247.31999999999,2026-02-18 14:00:00+00:00,2026-02-18 13:55:00+00:00,True,CLEAN_CAUSAL_LEAVE,2026-02-18 14:00:00+00:00,2026-02-18 14:05:00+00:00,2026-02-18 14:05:00+00:00,2026-02-18 14:15:00+00:00,L2_ARRIVAL,True,10.0
reference_validation,BEAR,16-20,2026-02-18 16:00:00+00:00,2026-02-18 20:00:00+00:00,68336.0,66666.2,1669.800000000003,66916.67,2026-02-18 18:25:00+00:00,2026-02-18 18:20:00+00:00,True,CLEAN_CAUSAL_LEAVE,2026-02-18 18:25:00+00:00,2026-02-18 18:30:00+00:00,,2026-02-18 18:30:00+00:00,L2_ARRIVAL,False,
reference_validation,BEAR,08-12,2026-02-19 08:00:00+00:00,2026-02-19 12:00:00+00:00,67299.4,66651.8,647.5999999999913,66748.94,2026-02-19 11:40:00+00:00,2026-02-19 11:35:00+00:00,False,LOW_BREAK_BEFORE_LEAVE,2026-02-19 11:40:00+00:00,,,2026-02-19 11:40:00+00:00,L2_BREAK,False,
reference_validation,BEAR,12-16,2026-02-20 12:00:00+00:00,2026-02-20 16:00:00+00:00,68283.7,67250.0,1033.699999999997,67405.055,2026-02-20 12:05:00+00:00,2026-02-20 12:00:00+00:00,True,CLEAN_CAUSAL_LEAVE,2026-02-20 12:05:00+00:00,2026-02-20 12:10:00+00:00,2026-02-20 12:10:00+00:00,2026-02-20 12:25:00+00:00,L2_ARRIVAL,True,15.0
reference_validation,BULL,20-00,2026-02-21 20:00:00+00:00,2026-02-22 00:00:00+00:00,68632.5,68066.0,566.5,68150.975,2026-02-21 22:45:00+00:00,2026-02-21 22:40:00+00:00,False,LOW_BREAK_BEFORE_LEAVE,2026-02-21 22:50:00+00:00,,,2026-02-21 22:50:00+00:00,L2_BREAK,False,
reference_validation,BULL,12-16,2026-02-22 12:00:00+00:00,2026-02-22 16:00:00+00:00,68220.0,67877.0,343.0,67928.45,2026-02-22 12:40:00+00:00,2026-02-22 12:35:00+00:00,False,LOW_BREAK_BEFORE_LEAVE,2026-02-22 12:40:00+00:00,,,2026-02-22 12:40:00+00:00,L2_BREAK,False,
reference_validation,BEAR,12-16,2026-02-23 12:00:00+00:00,2026-02-23 16:00:00+00:00,66574.5,65534.6,1039.9000000000015,65690.58499999999,2026-02-23 14:45:00+00:00,2026-02-23 14:40:00+00:00,True,CLEAN_CAUSAL_LEAVE,2026-02-23 14:45:00+00:00,2026-02-23 14:50:00+00:00,2026-02-23 14:50:00+00:00,2026-02-23 16:00:00+00:00,BLOCK_END,False,
reference_validation,BEAR,12-16,2026-02-24 12:00:00+00:00,2026-02-24 16:00:00+00:00,63432.4,62900.0,532.4000000000015,62979.86,2026-02-24 13:05:00+00:00,2026-02-24 13:00:00+00:00,True,CLEAN_CAUSAL_LEAVE,2026-02-24 13:10:00+00:00,2026-02-24 13:15:00+00:00,2026-02-24 13:15:00+00:00,2026-02-24 13:20:00+00:00,L2_ARRIVAL,True,5.0
reference_validation,BULL,08-12,2026-02-26 08:00:00+00:00,2026-02-26 12:00:00+00:00,68850.0,67780.0,1070.0,67940.5,2026-02-26 08:05:00+00:00,2026-02-26 08:00:00+00:00,True,CLEAN_CAUSAL_LEAVE,2026-02-26 08:05:00+00:00,2026-02-26 08:10:00+00:00,2026-02-26 08:10:00+00:00,2026-02-26 12:00:00+00:00,BLOCK_END,False,
reference_validation,BULL,12-16,2026-02-26 12:00:00+00:00,2026-02-26 16:00:00+00:00,68689.7,67750.0,939.6999999999971,67890.955,2026-02-26 14:05:00+00:00,2026-02-26 14:00:00+00:00,False,LOW_BREAK_BEFORE_LEAVE,2026-02-26 14:05:00+00:00,,,2026-02-26 14:05:00+00:00,L2_BREAK,False,
reference_validation,BULL,16-20,2026-02-26 16:00:00+00:00,2026-02-26 20:00:00+00:00,68270.9,66730.7,1540.199999999997,66961.73,2026-02-26 16:50:00+00:00,2026-02-26 16:45:00+00:00,False,LOW_BREAK_BEFORE_LEAVE,2026-02-26 16:50:00+00:00,,,2026-02-26 16:50:00+00:00,L2_BREAK,False,
reference_validation,BULL,08-12,2026-02-27 08:00:00+00:00,2026-02-27 12:00:00+00:00,68188.8,67417.4,771.4000000000087,67533.11,2026-02-27 09:50:00+00:00,2026-02-27 09:45:00+00:00,False,LOW_BREAK_BEFORE_LEAVE,2026-02-27 09:50:00+00:00,,,2026-02-27 09:50:00+00:00,L2_BREAK,False,
reference_validation,SIDEWAYS,12-16,2026-02-27 12:00:00+00:00,2026-02-27 16:00:00+00:00,68127.8,65923.0,2204.800000000003,66253.72,2026-02-27 12:15:00+00:00,2026-02-27 12:10:00+00:00,False,LOW_BREAK_BEFORE_LEAVE,2026-02-27 12:15:00+00:00,,,2026-02-27 12:15:00+00:00,L2_BREAK,False,
reference_validation,BEAR,04-08,2026-02-28 04:00:00+00:00,2026-02-28 08:00:00+00:00,65994.7,65681.9,312.8000000000029,65728.81999999999,2026-02-28 04:15:00+00:00,2026-02-28 04:10:00+00:00,True,CLEAN_CAUSAL_LEAVE,2026-02-28 04:20:00+00:00,2026-02-28 04:25:00+00:00,,2026-02-28 04:25:00+00:00,L2_ARRIVAL,False,
reference_validation,SIDEWAYS,00-04,2026-03-01 00:00:00+00:00,2026-03-01 04:00:00+00:00,67735.0,66150.0,1585.0,66387.75,2026-03-01 01:15:00+00:00,2026-03-01 01:10:00+00:00,True,CLEAN_CAUSAL_LEAVE,2026-03-01 01:20:00+00:00,2026-03-01 01:25:00+00:00,2026-03-01 01:25:00+00:00,2026-03-01 02:00:00+00:00,OPPOSITE_HIGH_BREAK,False,
reference_validation,BULL,12-16,2026-03-01 12:00:00+00:00,2026-03-01 16:00:00+00:00,67275.5,66160.4,1115.1000000000058,66327.665,2026-03-01 13:25:00+00:00,2026-03-01 13:20:00+00:00,True,CLEAN_CAUSAL_LEAVE,2026-03-01 13:25:00+00:00,2026-03-01 13:30:00+00:00,2026-03-01 13:40:00+00:00,2026-03-01 16:00:00+00:00,BLOCK_END,False,
reference_validation,BULL,00-04,2026-03-03 00:00:00+00:00,2026-03-03 04:00:00+00:00,69500.0,68529.5,970.5,68675.075,2026-03-03 02:05:00+00:00,2026-03-03 02:00:00+00:00,True,CLEAN_CAUSAL_LEAVE,2026-03-03 02:10:00+00:00,2026-03-03 02:15:00+00:00,,2026-03-03 02:15:00+00:00,L2_ARRIVAL,False,
reference_validation,BULL,04-08,2026-03-03 04:00:00+00:00,2026-03-03 08:00:00+00:00,69221.6,68142.1,1079.5,68304.02500000001,2026-03-03 04:45:00+00:00,2026-03-03 04:40:00+00:00,False,LOW_BREAK_BEFORE_LEAVE,2026-03-03 04:45:00+00:00,,,2026-03-03 04:45:00+00:00,L2_BREAK,False,
reference_validation,BULL,20-00,2026-03-04 20:00:00+00:00,2026-03-05 00:00:00+00:00,74046.5,72467.2,1579.300000000003,72704.095,2026-03-04 23:25:00+00:00,2026-03-04 23:20:00+00:00,True,CLEAN_CAUSAL_LEAVE,2026-03-04 23:25:00+00:00,2026-03-04 23:30:00+00:00,,2026-03-04 23:30:00+00:00,L2_ARRIVAL,False,
reference_validation,BULL,04-08,2026-03-05 04:00:00+00:00,2026-03-05 08:00:00+00:00,73295.7,72300.0,995.6999999999971,72449.355,2026-03-05 06:00:00+00:00,2026-03-05 05:55:00+00:00,False,LOW_BREAK_BEFORE_LEAVE,2026-03-05 06:05:00+00:00,,,2026-03-05 06:05:00+00:00,L2_BREAK,False,
reference_validation,BULL,08-12,2026-03-05 08:00:00+00:00,2026-03-05 12:00:00+00:00,73060.0,71740.0,1320.0,71938.0,2026-03-05 08:30:00+00:00,2026-03-05 08:25:00+00:00,True,CLEAN_CAUSAL_LEAVE,2026-03-05 08:30:00+00:00,2026-03-05 08:35:00+00:00,2026-03-05 08:40:00+00:00,2026-03-05 10:25:00+00:00,OPPOSITE_HIGH_BREAK,False,
reference_validation,BULL,12-16,2026-03-05 12:00:00+00:00,2026-03-05 16:00:00+00:00,73539.1,71716.3,1822.800000000003,71989.72,2026-03-05 15:15:00+00:00,2026-03-05 15:10:00+00:00,False,LOW_BREAK_BEFORE_LEAVE,2026-03-05 15:15:00+00:00,,,2026-03-05 15:15:00+00:00,L2_BREAK,False,
reference_validation,BULL,00-04,2026-03-06 00:00:00+00:00,2026-03-06 04:00:00+00:00,71530.4,70737.9,792.5,70856.775,2026-03-06 01:15:00+00:00,2026-03-06 01:10:00+00:00,True,CLEAN_CAUSAL_LEAVE,2026-03-06 01:20:00+00:00,2026-03-06 01:25:00+00:00,,2026-03-06 01:25:00+00:00,L2_ARRIVAL,False,
reference_validation,BULL,04-08,2026-03-06 04:00:00+00:00,2026-03-06 08:00:00+00:00,71387.5,70339.6,1047.8999999999942,70496.785,2026-03-06 04:45:00+00:00,2026-03-06 04:40:00+00:00,True,CLEAN_CAUSAL_LEAVE,2026-03-06 04:45:00+00:00,2026-03-06 04:50:00+00:00,2026-03-06 04:50:00+00:00,2026-03-06 05:20:00+00:00,L2_ARRIVAL,True,30.0
reference_validation,BEAR,16-20,2026-03-07 16:00:00+00:00,2026-03-07 20:00:00+00:00,68061.1,67568.4,492.70000000001164,67642.305,2026-03-07 18:05:00+00:00,2026-03-07 18:00:00+00:00,True,CLEAN_CAUSAL_LEAVE,2026-03-07 18:15:00+00:00,2026-03-07 18:20:00+00:00,,2026-03-07 18:20:00+00:00,L2_ARRIVAL,False,
reference_validation,BEAR,16-20,2026-03-08 16:00:00+00:00,2026-03-08 20:00:00+00:00,67623.0,66730.0,893.0,66863.95,2026-03-08 18:20:00+00:00,2026-03-08 18:15:00+00:00,True,CLEAN_CAUSAL_LEAVE,2026-03-08 18:20:00+00:00,2026-03-08 18:25:00+00:00,2026-03-08 18:35:00+00:00,2026-03-08 18:45:00+00:00,L2_ARRIVAL,True,10.0
reference_validation,BULL,12-16,2026-03-10 12:00:00+00:00,2026-03-10 16:00:00+00:00,71272.4,70332.2,940.1999999999971,70473.23,2026-03-10 12:15:00+00:00,2026-03-10 12:10:00+00:00,True,CLEAN_CAUSAL_LEAVE,2026-03-10 12:15:00+00:00,2026-03-10 12:20:00+00:00,2026-03-10 12:20:00+00:00,2026-03-10 12:25:00+00:00,L2_ARRIVAL,True,5.0
reference_validation,BULL,20-00,2026-03-10 20:00:00+00:00,2026-03-11 00:00:00+00:00,71665.8,69688.0,1977.800000000003,69984.67,2026-03-10 21:40:00+00:00,2026-03-10 21:35:00+00:00,False,LOW_BREAK_BEFORE_LEAVE,2026-03-10 21:45:00+00:00,,,2026-03-10 21:45:00+00:00,L2_BREAK,False,
reference_validation,BULL,08-12,2026-03-11 08:00:00+00:00,2026-03-11 12:00:00+00:00,70249.1,69329.7,919.4000000000087,69467.61,2026-03-11 09:40:00+00:00,2026-03-11 09:35:00+00:00,True,CLEAN_CAUSAL_LEAVE,2026-03-11 09:40:00+00:00,2026-03-11 09:45:00+00:00,2026-03-11 09:55:00+00:00,2026-03-11 11:50:00+00:00,L2_ARRIVAL,True,115.0
reference_validation,BULL,20-00,2026-03-11 20:00:00+00:00,2026-03-12 00:00:00+00:00,71286.0,70093.2,1192.800000000003,70272.12,2026-03-11 23:50:00+00:00,2026-03-11 23:45:00+00:00,True,CLEAN_CAUSAL_LEAVE,2026-03-11 23:50:00+00:00,2026-03-11 23:55:00+00:00,,2026-03-11 23:55:00+00:00,L2_ARRIVAL,False,
reference_validation,SIDEWAYS,04-08,2026-03-12 04:00:00+00:00,2026-03-12 08:00:00+00:00,70314.1,69180.0,1134.1000000000058,69350.115,2026-03-12 05:30:00+00:00,2026-03-12 05:25:00+00:00,True,CLEAN_CAUSAL_LEAVE,2026-03-12 05:30:00+00:00,2026-03-12 05:35:00+00:00,2026-03-12 05:35:00+00:00,2026-03-12 08:00:00+00:00,BLOCK_END,False,
reference_validation,BULL,00-04,2026-03-14 00:00:00+00:00,2026-03-14 04:00:00+00:00,71452.1,70510.8,941.3000000000029,70651.99500000001,2026-03-14 01:40:00+00:00,2026-03-14 01:35:00+00:00,True,CLEAN_CAUSAL_LEAVE,2026-03-14 01:40:00+00:00,2026-03-14 01:45:00+00:00,,2026-03-14 04:00:00+00:00,BLOCK_END,False,
reference_validation,BULL,08-12,2026-03-16 08:00:00+00:00,2026-03-16 12:00:00+00:00,74444.0,73345.9,1098.1000000000058,73510.61499999999,2026-03-16 08:20:00+00:00,2026-03-16 08:15:00+00:00,True,CLEAN_CAUSAL_LEAVE,2026-03-16 08:20:00+00:00,2026-03-16 08:25:00+00:00,,2026-03-16 08:25:00+00:00,L2_ARRIVAL,False,
reference_validation,BULL,12-16,2026-03-17 12:00:00+00:00,2026-03-17 16:00:00+00:00,74418.5,73512.0,906.5,73647.975,2026-03-17 13:55:00+00:00,2026-03-17 13:50:00+00:00,True,CLEAN_CAUSAL_LEAVE,2026-03-17 14:10:00+00:00,2026-03-17 14:15:00+00:00,,2026-03-17 14:15:00+00:00,L2_ARRIVAL,False,
reference_validation,BULL,00-04,2026-03-18 00:00:00+00:00,2026-03-18 04:00:00+00:00,74777.0,73829.5,947.5,73971.625,2026-03-18 00:05:00+00:00,2026-03-18 00:00:00+00:00,True,CLEAN_CAUSAL_LEAVE,2026-03-18 00:05:00+00:00,2026-03-18 00:10:00+00:00,2026-03-18 00:10:00+00:00,2026-03-18 00:15:00+00:00,L2_ARRIVAL,True,5.0
reference_validation,SIDEWAYS,12-16,2026-03-18 12:00:00+00:00,2026-03-18 16:00:00+00:00,74246.2,72731.6,1514.5999999999913,72958.79000000001,2026-03-18 12:10:00+00:00,2026-03-18 12:05:00+00:00,False,LOW_BREAK_BEFORE_LEAVE,2026-03-18 12:10:00+00:00,,,2026-03-18 12:10:00+00:00,L2_BREAK,False,
reference_validation,BEAR,16-20,2026-03-20 16:00:00+00:00,2026-03-20 20:00:00+00:00,70647.5,69450.0,1197.5,69629.625,2026-03-20 17:40:00+00:00,2026-03-20 17:35:00+00:00,True,CLEAN_CAUSAL_LEAVE,2026-03-20 17:40:00+00:00,2026-03-20 17:45:00+00:00,2026-03-20 17:45:00+00:00,2026-03-20 20:00:00+00:00,BLOCK_END,False,
reference_validation,BEAR,08-12,2026-03-21 08:00:00+00:00,2026-03-21 12:00:00+00:00,70849.2,70582.7,266.5,70622.675,2026-03-21 08:20:00+00:00,2026-03-21 08:15:00+00:00,False,LOW_BREAK_BEFORE_LEAVE,2026-03-21 08:20:00+00:00,,,2026-03-21 08:20:00+00:00,L2_BREAK,False,
reference_validation,BEAR,20-00,2026-03-22 20:00:00+00:00,2026-03-23 00:00:00+00:00,68852.3,68108.0,744.3000000000029,68219.645,2026-03-22 20:55:00+00:00,2026-03-22 20:50:00+00:00,True,CLEAN_CAUSAL_LEAVE,2026-03-22 20:55:00+00:00,2026-03-22 21:00:00+00:00,,2026-03-22 21:00:00+00:00,L2_ARRIVAL,False,
reference_validation,BULL,04-08,2026-03-24 04:00:00+00:00,2026-03-24 08:00:00+00:00,71080.0,70232.0,848.0,70359.2,2026-03-24 04:55:00+00:00,2026-03-24 04:50:00+00:00,True,CLEAN_CAUSAL_LEAVE,2026-03-24 04:55:00+00:00,2026-03-24 05:00:00+00:00,,2026-03-24 05:00:00+00:00,L2_ARRIVAL,False,
reference_validation,BULL,12-16,2026-03-25 12:00:00+00:00,2026-03-25 16:00:00+00:00,71999.9,70752.5,1247.3999999999942,70939.61,2026-03-25 15:15:00+00:00,2026-03-25 15:10:00+00:00,False,LOW_BREAK_BEFORE_LEAVE,2026-03-25 15:15:00+00:00,,,2026-03-25 15:15:00+00:00,L2_BREAK,False,
reference_validation,BULL,20-00,2026-03-25 20:00:00+00:00,2026-03-26 00:00:00+00:00,71742.2,70623.4,1118.800000000003,70791.22,2026-03-25 20:30:00+00:00,2026-03-25 20:25:00+00:00,True,CLEAN_CAUSAL_LEAVE,2026-03-25 20:30:00+00:00,2026-03-25 20:35:00+00:00,2026-03-25 20:35:00+00:00,2026-03-26 00:00:00+00:00,BLOCK_END,False,
reference_validation,BEAR,12-16,2026-03-26 12:00:00+00:00,2026-03-26 16:00:00+00:00,70131.5,69127.2,1004.3000000000029,69277.845,2026-03-26 15:10:00+00:00,2026-03-26 15:05:00+00:00,False,LOW_BREAK_BEFORE_LEAVE,2026-03-26 15:10:00+00:00,,,2026-03-26 15:10:00+00:00,L2_BREAK,False,
reference_validation,BEAR,04-08,2026-03-27 04:00:00+00:00,2026-03-27 08:00:00+00:00,69142.7,68458.5,684.1999999999971,68561.13,2026-03-27 04:05:00+00:00,2026-03-27 04:00:00+00:00,False,LOW_BREAK_BEFORE_LEAVE,2026-03-27 04:05:00+00:00,,,2026-03-27 04:05:00+00:00,L2_BREAK,False,
reference_validation,BEAR,12-16,2026-03-27 12:00:00+00:00,2026-03-27 16:00:00+00:00,68619.9,66175.4,2444.5,66542.075,2026-03-27 13:40:00+00:00,2026-03-27 13:35:00+00:00,True,CLEAN_CAUSAL_LEAVE,2026-03-27 13:40:00+00:00,2026-03-27 13:45:00+00:00,,2026-03-27 13:55:00+00:00,L2_ARRIVAL,False,
reference_validation,BEAR,20-00,2026-03-28 20:00:00+00:00,2026-03-29 00:00:00+00:00,67065.0,66644.0,421.0,66707.15,2026-03-28 21:55:00+00:00,2026-03-28 21:50:00+00:00,True,CLEAN_CAUSAL_LEAVE,2026-03-28 21:55:00+00:00,2026-03-28 22:00:00+00:00,,2026-03-28 22:00:00+00:00,L2_ARRIVAL,False,
reference_validation,BEAR,08-12,2026-03-29 08:00:00+00:00,2026-03-29 12:00:00+00:00,66907.5,66521.4,386.1000000000058,66579.315,2026-03-29 09:35:00+00:00,2026-03-29 09:30:00+00:00,True,CLEAN_CAUSAL_LEAVE,2026-03-29 09:40:00+00:00,2026-03-29 09:45:00+00:00,2026-03-29 09:45:00+00:00,2026-03-29 10:00:00+00:00,L2_ARRIVAL,True,15.0
reference_validation,BEAR,12-16,2026-03-29 12:00:00+00:00,2026-03-29 16:00:00+00:00,66986.8,66375.5,611.3000000000029,66467.195,2026-03-29 15:30:00+00:00,2026-03-29 15:25:00+00:00,False,LOW_BREAK_BEFORE_LEAVE,2026-03-29 15:35:00+00:00,,,2026-03-29 15:35:00+00:00,L2_BREAK,False,
reference_validation,BULL,00-04,2026-04-01 00:00:00+00:00,2026-04-01 04:00:00+00:00,68382.9,67794.8,588.0999999999913,67883.015,2026-04-01 01:40:00+00:00,2026-04-01 01:35:00+00:00,True,CLEAN_CAUSAL_LEAVE,2026-04-01 01:40:00+00:00,2026-04-01 01:45:00+00:00,2026-04-01 01:45:00+00:00,2026-04-01 01:55:00+00:00,L2_ARRIVAL,True,10.0
reference_validation,SIDEWAYS,04-08,2026-04-02 04:00:00+00:00,2026-04-02 08:00:00+00:00,68639.1,66455.9,2183.2000000000116,66783.37999999999,2026-04-02 04:20:00+00:00,2026-04-02 04:15:00+00:00,False,LOW_BREAK_BEFORE_LEAVE,2026-04-02 04:20:00+00:00,,,2026-04-02 04:20:00+00:00,L2_BREAK,False,
reference_validation,BEAR,08-12,2026-04-02 08:00:00+00:00,2026-04-02 12:00:00+00:00,66898.5,66171.8,726.6999999999971,66280.80500000001,2026-04-02 11:20:00+00:00,2026-04-02 11:15:00+00:00,True,CLEAN_CAUSAL_LEAVE,2026-04-02 11:20:00+00:00,2026-04-02 11:25:00+00:00,2026-04-02 11:45:00+00:00,2026-04-02 11:55:00+00:00,L2_ARRIVAL,True,10.0
reference_validation,BEAR,12-16,2026-04-02 12:00:00+00:00,2026-04-02 16:00:00+00:00,66887.9,66065.1,822.7999999999884,66188.52,2026-04-02 12:05:00+00:00,2026-04-02 12:00:00+00:00,False,LOW_BREAK_BEFORE_LEAVE,2026-04-02 12:15:00+00:00,,,2026-04-02 12:15:00+00:00,L2_BREAK,False,
reference_validation,BEAR,00-04,2026-04-03 00:00:00+00:00,2026-04-03 04:00:00+00:00,67078.9,66681.3,397.59999999999127,66740.94,2026-04-03 00:55:00+00:00,2026-04-03 00:50:00+00:00,True,CLEAN_CAUSAL_LEAVE,2026-04-03 00:55:00+00:00,2026-04-03 01:00:00+00:00,2026-04-03 01:00:00+00:00,2026-04-03 01:35:00+00:00,L2_ARRIVAL,True,35.0
reference_validation,BEAR,00-04,2026-04-04 00:00:00+00:00,2026-04-04 04:00:00+00:00,66946.3,66791.8,154.5,66814.975,2026-04-04 02:15:00+00:00,2026-04-04 02:10:00+00:00,False,LOW_BREAK_BEFORE_LEAVE,2026-04-04 02:20:00+00:00,,,2026-04-04 02:20:00+00:00,L2_BREAK,False,
reference_validation,BULL,00-04,2026-04-05 00:00:00+00:00,2026-04-05 04:00:00+00:00,67452.7,67150.6,302.09999999999127,67195.91500000001,2026-04-05 01:00:00+00:00,2026-04-05 00:55:00+00:00,False,LOW_BREAK_BEFORE_LEAVE,2026-04-05 01:00:00+00:00,,,2026-04-05 01:00:00+00:00,L2_BREAK,False,
reference_validation,SIDEWAYS,04-08,2026-04-05 04:00:00+00:00,2026-04-05 08:00:00+00:00,67279.2,66900.0,379.1999999999971,66956.88,2026-04-05 06:00:00+00:00,2026-04-05 05:55:00+00:00,False,LOW_BREAK_BEFORE_LEAVE,2026-04-05 06:05:00+00:00,,,2026-04-05 06:05:00+00:00,L2_BREAK,False,
reference_validation,BULL,00-04,2026-04-09 00:00:00+00:00,2026-04-09 04:00:00+00:00,71726.7,70850.9,875.8000000000029,70982.26999999999,2026-04-09 00:25:00+00:00,2026-04-09 00:20:00+00:00,True,CLEAN_CAUSAL_LEAVE,2026-04-09 00:25:00+00:00,2026-04-09 00:30:00+00:00,,2026-04-09 00:30:00+00:00,L2_ARRIVAL,False,
reference_validation,BULL,12-16,2026-04-09 12:00:00+00:00,2026-04-09 16:00:00+00:00,71533.0,70831.9,701.1000000000058,70937.065,2026-04-09 13:40:00+00:00,2026-04-09 13:35:00+00:00,False,LOW_BREAK_BEFORE_LEAVE,2026-04-09 13:50:00+00:00,,,2026-04-09 13:50:00+00:00,L2_BREAK,False,
reference_validation,BULL,00-04,2026-04-11 00:00:00+00:00,2026-04-11 04:00:00+00:00,73450.0,72669.1,780.8999999999942,72786.235,2026-04-11 01:20:00+00:00,2026-04-11 01:15:00+00:00,True,CLEAN_CAUSAL_LEAVE,2026-04-11 01:20:00+00:00,2026-04-11 01:25:00+00:00,2026-04-11 01:25:00+00:00,2026-04-11 04:00:00+00:00,BLOCK_END,False,
reference_validation,BULL,04-08,2026-04-11 04:00:00+00:00,2026-04-11 08:00:00+00:00,73066.2,72615.0,451.1999999999971,72682.68,2026-04-11 06:05:00+00:00,2026-04-11 06:00:00+00:00,True,CLEAN_CAUSAL_LEAVE,2026-04-11 06:10:00+00:00,2026-04-11 06:15:00+00:00,2026-04-11 06:15:00+00:00,2026-04-11 06:25:00+00:00,L2_ARRIVAL,True,10.0
reference_validation,SIDEWAYS,12-16,2026-04-12 12:00:00+00:00,2026-04-12 16:00:00+00:00,71750.0,71309.7,440.3000000000029,71375.745,2026-04-12 12:15:00+00:00,2026-04-12 12:10:00+00:00,True,CLEAN_CAUSAL_LEAVE,2026-04-12 12:15:00+00:00,2026-04-12 12:20:00+00:00,2026-04-12 12:20:00+00:00,2026-04-12 12:30:00+00:00,L2_ARRIVAL,True,10.0
reference_validation,BEAR,08-12,2026-04-13 08:00:00+00:00,2026-04-13 12:00:00+00:00,71114.9,70627.9,487.0,70700.95,2026-04-13 08:20:00+00:00,2026-04-13 08:15:00+00:00,True,CLEAN_CAUSAL_LEAVE,2026-04-13 08:20:00+00:00,2026-04-13 08:25:00+00:00,2026-04-13 08:30:00+00:00,2026-04-13 08:40:00+00:00,L2_ARRIVAL,True,10.0
reference_validation,BULL,12-16,2026-04-14 12:00:00+00:00,2026-04-14 16:00:00+00:00,74873.5,74267.2,606.3000000000029,74358.145,2026-04-14 12:05:00+00:00,2026-04-14 12:00:00+00:00,True,CLEAN_CAUSAL_LEAVE,2026-04-14 12:05:00+00:00,2026-04-14 12:10:00+00:00,,2026-04-14 12:10:00+00:00,L2_ARRIVAL,False,
reference_validation,BULL,16-20,2026-04-14 16:00:00+00:00,2026-04-14 20:00:00+00:00,76009.0,74234.0,1775.0,74500.25,2026-04-14 17:40:00+00:00,2026-04-14 17:35:00+00:00,True,CLEAN_CAUSAL_LEAVE,2026-04-14 17:40:00+00:00,2026-04-14 17:45:00+00:00,2026-04-14 17:45:00+00:00,2026-04-14 18:35:00+00:00,L2_ARRIVAL,True,50.0
reference_validation,BULL,20-00,2026-04-14 20:00:00+00:00,2026-04-15 00:00:00+00:00,75684.9,73789.7,1895.199999999997,74073.98,2026-04-14 22:35:00+00:00,2026-04-14 22:30:00+00:00,True,CLEAN_CAUSAL_LEAVE,2026-04-14 22:35:00+00:00,2026-04-14 22:40:00+00:00,2026-04-14 22:55:00+00:00,2026-04-15 00:00:00+00:00,BLOCK_END,False,
reference_validation,BULL,04-08,2026-04-18 04:00:00+00:00,2026-04-18 08:00:00+00:00,77380.0,76903.2,476.8000000000029,76974.72,2026-04-18 04:30:00+00:00,2026-04-18 04:25:00+00:00,False,LOW_BREAK_BEFORE_LEAVE,2026-04-18 04:30:00+00:00,,,2026-04-18 04:30:00+00:00,L2_BREAK,False,
reference_validation,BULL,16-20,2026-04-18 16:00:00+00:00,2026-04-18 20:00:00+00:00,76342.7,75738.0,604.6999999999971,75828.705,2026-04-18 16:20:00+00:00,2026-04-18 16:15:00+00:00,True,CLEAN_CAUSAL_LEAVE,2026-04-18 16:20:00+00:00,2026-04-18 16:25:00+00:00,2026-04-18 16:50:00+00:00,2026-04-18 17:10:00+00:00,L2_ARRIVAL,True,20.0
reference_validation,BULL,00-04,2026-04-19 00:00:00+00:00,2026-04-19 04:00:00+00:00,75843.3,75551.0,292.3000000000029,75594.845,2026-04-19 00:25:00+00:00,2026-04-19 00:20:00+00:00,False,LOW_BREAK_BEFORE_LEAVE,2026-04-19 00:30:00+00:00,,,2026-04-19 00:30:00+00:00,L2_BREAK,False,
reference_validation,SIDEWAYS,04-08,2026-04-19 04:00:00+00:00,2026-04-19 08:00:00+00:00,75804.0,75314.0,490.0,75387.5,2026-04-19 06:20:00+00:00,2026-04-19 06:15:00+00:00,True,CLEAN_CAUSAL_LEAVE,2026-04-19 06:20:00+00:00,2026-04-19 06:25:00+00:00,2026-04-19 06:25:00+00:00,2026-04-19 07:00:00+00:00,L2_ARRIVAL,True,35.0
reference_validation,BULL,16-20,2026-04-19 16:00:00+00:00,2026-04-19 20:00:00+00:00,76200.0,75342.3,857.6999999999971,75470.955,2026-04-19 16:55:00+00:00,2026-04-19 16:50:00+00:00,False,LOW_BREAK_BEFORE_LEAVE,2026-04-19 17:00:00+00:00,,,2026-04-19 17:00:00+00:00,L2_BREAK,False,
reference_validation,BEAR,00-04,2026-04-20 00:00:00+00:00,2026-04-20 04:00:00+00:00,74920.2,73700.2,1220.0,73883.2,2026-04-20 00:05:00+00:00,2026-04-20 00:00:00+00:00,True,CLEAN_CAUSAL_LEAVE,2026-04-20 00:05:00+00:00,2026-04-20 00:10:00+00:00,,2026-04-20 04:00:00+00:00,BLOCK_END,False,
reference_validation,BULL,20-00,2026-04-22 20:00:00+00:00,2026-04-23 00:00:00+00:00,79444.0,78586.7,857.3000000000029,78715.295,2026-04-22 20:20:00+00:00,2026-04-22 20:15:00+00:00,False,LOW_BREAK_BEFORE_LEAVE,2026-04-22 20:20:00+00:00,,,2026-04-22 20:20:00+00:00,L2_BREAK,False,
reference_validation,BULL,04-08,2026-04-24 04:00:00+00:00,2026-04-24 08:00:00+00:00,78546.0,77500.0,1046.0,77656.9,2026-04-24 04:40:00+00:00,2026-04-24 04:35:00+00:00,True,CLEAN_CAUSAL_LEAVE,2026-04-24 04:40:00+00:00,2026-04-24 04:45:00+00:00,2026-04-24 04:45:00+00:00,2026-04-24 05:15:00+00:00,L2_ARRIVAL,True,30.0
reference_validation,SIDEWAYS,16-20,2026-04-25 16:00:00+00:00,2026-04-25 20:00:00+00:00,77719.1,77263.0,456.1000000000058,77331.41500000001,2026-04-25 16:05:00+00:00,2026-04-25 16:00:00+00:00,True,CLEAN_CAUSAL_LEAVE,2026-04-25 16:05:00+00:00,2026-04-25 16:10:00+00:00,2026-04-25 16:10:00+00:00,2026-04-25 16:35:00+00:00,L2_ARRIVAL,True,25.0
reference_validation,BULL,20-00,2026-04-26 20:00:00+00:00,2026-04-27 00:00:00+00:00,78477.9,77815.0,662.8999999999942,77914.435,2026-04-26 21:50:00+00:00,2026-04-26 21:45:00+00:00,False,HIGH_BREAK_BEFORE_LEAVE,2026-04-26 21:50:00+00:00,,,2026-04-26 21:50:00+00:00,OPPOSITE_HIGH_BREAK,False,
reference_validation,BULL,04-08,2026-04-27 04:00:00+00:00,2026-04-27 08:00:00+00:00,79455.0,78319.1,1135.8999999999942,78489.485,2026-04-27 05:15:00+00:00,2026-04-27 05:10:00+00:00,False,LOW_BREAK_BEFORE_LEAVE,2026-04-27 05:15:00+00:00,,,2026-04-27 05:15:00+00:00,L2_BREAK,False,
reference_validation,BEAR,16-20,2026-04-27 16:00:00+00:00,2026-04-27 20:00:00+00:00,78232.0,76524.0,1708.0,76780.2,2026-04-27 17:00:00+00:00,2026-04-27 16:55:00+00:00,True,CLEAN_CAUSAL_LEAVE,2026-04-27 17:00:00+00:00,2026-04-27 17:05:00+00:00,2026-04-27 17:20:00+00:00,2026-04-27 19:30:00+00:00,L2_ARRIVAL,True,130.0
reference_validation,BEAR,08-12,2026-04-28 08:00:00+00:00,2026-04-28 12:00:00+00:00,77132.4,76324.1,808.2999999999884,76445.345,2026-04-28 11:20:00+00:00,2026-04-28 11:15:00+00:00,True,CLEAN_CAUSAL_LEAVE,2026-04-28 11:20:00+00:00,2026-04-28 11:25:00+00:00,,2026-04-28 11:25:00+00:00,L2_ARRIVAL,False,
reference_validation,BEAR,16-20,2026-04-29 16:00:00+00:00,2026-04-29 20:00:00+00:00,77563.6,75675.2,1888.4000000000087,75958.45999999999,2026-04-29 16:25:00+00:00,2026-04-29 16:20:00+00:00,True,CLEAN_CAUSAL_LEAVE,2026-04-29 16:25:00+00:00,2026-04-29 16:30:00+00:00,,2026-04-29 16:50:00+00:00,L2_ARRIVAL,False,
reference_validation,BULL,20-00,2026-05-01 20:00:00+00:00,2026-05-02 00:00:00+00:00,78642.0,78081.5,560.5,78165.575,2026-05-01 20:25:00+00:00,2026-05-01 20:20:00+00:00,True,CLEAN_CAUSAL_LEAVE,2026-05-01 20:25:00+00:00,2026-05-01 20:30:00+00:00,,2026-05-01 20:30:00+00:00,L2_ARRIVAL,False,
reference_validation,BULL,04-08,2026-05-02 04:00:00+00:00,2026-05-02 08:00:00+00:00,78503.9,78123.0,380.8999999999942,78180.135,2026-05-02 04:45:00+00:00,2026-05-02 04:40:00+00:00,False,LOW_BREAK_BEFORE_LEAVE,2026-05-02 05:00:00+00:00,,,2026-05-02 05:00:00+00:00,L2_BREAK,False,
reference_validation,BULL,16-20,2026-05-03 16:00:00+00:00,2026-05-03 20:00:00+00:00,78850.0,78522.9,327.1000000000058,78571.965,2026-05-03 17:05:00+00:00,2026-05-03 17:00:00+00:00,True,CLEAN_CAUSAL_LEAVE,2026-05-03 17:05:00+00:00,2026-05-03 17:10:00+00:00,,2026-05-03 20:00:00+00:00,BLOCK_END,False,
reference_validation,BULL,00-04,2026-05-04 00:00:00+00:00,2026-05-04 04:00:00+00:00,79428.9,78440.0,988.8999999999942,78588.33499999999,2026-05-04 00:05:00+00:00,2026-05-04 00:00:00+00:00,False,LOW_BREAK_BEFORE_LEAVE,2026-05-04 00:05:00+00:00,,,2026-05-04 00:05:00+00:00,L2_BREAK,False,
reference_validation,BULL,00-04,2026-05-06 00:00:00+00:00,2026-05-06 04:00:00+00:00,81745.4,80716.8,1028.5999999999913,80871.09,2026-05-06 00:50:00+00:00,2026-05-06 00:45:00+00:00,True,CLEAN_CAUSAL_LEAVE,2026-05-06 00:50:00+00:00,2026-05-06 00:55:00+00:00,,2026-05-06 04:00:00+00:00,BLOCK_END,False,
reference_validation,BULL,12-16,2026-05-06 12:00:00+00:00,2026-05-06 16:00:00+00:00,82828.7,81280.0,1548.699999999997,81512.305,2026-05-06 14:10:00+00:00,2026-05-06 14:05:00+00:00,True,CLEAN_CAUSAL_LEAVE,2026-05-06 14:20:00+00:00,2026-05-06 14:25:00+00:00,2026-05-06 14:55:00+00:00,2026-05-06 15:10:00+00:00,L2_ARRIVAL,True,15.0
reference_validation,BULL,00-04,2026-05-07 00:00:00+00:00,2026-05-07 04:00:00+00:00,81655.0,80929.8,725.1999999999971,81038.58,2026-05-07 00:45:00+00:00,2026-05-07 00:40:00+00:00,True,CLEAN_CAUSAL_LEAVE,2026-05-07 00:50:00+00:00,2026-05-07 00:55:00+00:00,2026-05-07 00:55:00+00:00,2026-05-07 01:00:00+00:00,L2_ARRIVAL,True,5.0
reference_validation,BULL,12-16,2026-05-07 12:00:00+00:00,2026-05-07 16:00:00+00:00,81564.6,80521.8,1042.800000000003,80678.22,2026-05-07 13:45:00+00:00,2026-05-07 13:40:00+00:00,False,LOW_BREAK_BEFORE_LEAVE,2026-05-07 13:45:00+00:00,,,2026-05-07 13:45:00+00:00,L2_BREAK,False,
reference_validation,SIDEWAYS,16-20,2026-05-07 16:00:00+00:00,2026-05-07 20:00:00+00:00,81158.7,79605.0,1553.699999999997,79838.055,2026-05-07 17:30:00+00:00,2026-05-07 17:25:00+00:00,True,CLEAN_CAUSAL_LEAVE,2026-05-07 17:30:00+00:00,2026-05-07 17:35:00+00:00,2026-05-07 17:40:00+00:00,2026-05-07 20:00:00+00:00,BLOCK_END,False,
reference_validation,BEAR,00-04,2026-05-08 00:00:00+00:00,2026-05-08 04:00:00+00:00,80331.6,79531.1,800.5,79651.175,2026-05-08 02:05:00+00:00,2026-05-08 02:00:00+00:00,False,LOW_BREAK_BEFORE_LEAVE,2026-05-08 02:15:00+00:00,,,2026-05-08 02:15:00+00:00,L2_BREAK,False,
reference_validation,BULL,00-04,2026-05-10 00:00:00+00:00,2026-05-10 04:00:00+00:00,80900.0,80569.0,331.0,80618.65,2026-05-10 01:05:00+00:00,2026-05-10 01:00:00+00:00,True,CLEAN_CAUSAL_LEAVE,2026-05-10 01:10:00+00:00,2026-05-10 01:15:00+00:00,2026-05-10 01:15:00+00:00,2026-05-10 01:20:00+00:00,L2_ARRIVAL,True,5.0
reference_validation,SIDEWAYS,08-12,2026-05-11 08:00:00+00:00,2026-05-11 12:00:00+00:00,81033.3,80597.8,435.5,80663.125,2026-05-11 08:35:00+00:00,2026-05-11 08:30:00+00:00,True,CLEAN_CAUSAL_LEAVE,2026-05-11 08:35:00+00:00,2026-05-11 08:40:00+00:00,,2026-05-11 10:05:00+00:00,OPPOSITE_HIGH_BREAK,False,
reference_validation,SIDEWAYS,08-12,2026-05-12 08:00:00+00:00,2026-05-12 12:00:00+00:00,81270.2,80756.0,514.1999999999971,80833.13,2026-05-12 08:05:00+00:00,2026-05-12 08:00:00+00:00,True,CLEAN_CAUSAL_LEAVE,2026-05-12 08:05:00+00:00,2026-05-12 08:10:00+00:00,,2026-05-12 08:10:00+00:00,L2_ARRIVAL,False,
reference_validation,BEAR,16-20,2026-05-12 16:00:00+00:00,2026-05-12 20:00:00+00:00,80968.6,80143.0,825.6000000000058,80266.84,2026-05-12 16:05:00+00:00,2026-05-12 16:00:00+00:00,True,CLEAN_CAUSAL_LEAVE,2026-05-12 16:05:00+00:00,2026-05-12 16:10:00+00:00,2026-05-12 16:15:00+00:00,2026-05-12 16:45:00+00:00,L2_ARRIVAL,True,30.0
reference_validation,BEAR,00-04,2026-05-13 00:00:00+00:00,2026-05-13 04:00:00+00:00,80848.6,80393.9,454.70000000001164,80462.105,2026-05-13 00:05:00+00:00,2026-05-13 00:00:00+00:00,True,CLEAN_CAUSAL_LEAVE,2026-05-13 00:05:00+00:00,2026-05-13 00:10:00+00:00,,2026-05-13 00:10:00+00:00,L2_ARRIVAL,False,
reference_validation,BEAR,12-16,2026-05-13 12:00:00+00:00,2026-05-13 16:00:00+00:00,81270.2,80444.0,826.1999999999971,80567.93,2026-05-13 12:05:00+00:00,2026-05-13 12:00:00+00:00,True,CLEAN_CAUSAL_LEAVE,2026-05-13 12:05:00+00:00,2026-05-13 12:10:00+00:00,,2026-05-13 12:10:00+00:00,L2_ARRIVAL,False,
reference_validation,BEAR,00-04,2026-05-14 00:00:00+00:00,2026-05-14 04:00:00+00:00,79729.1,79188.0,541.1000000000058,79269.16500000001,2026-05-14 02:55:00+00:00,2026-05-14 02:50:00+00:00,True,CLEAN_CAUSAL_LEAVE,2026-05-14 02:55:00+00:00,2026-05-14 03:00:00+00:00,,2026-05-14 03:05:00+00:00,L2_ARRIVAL,False,
reference_validation,SIDEWAYS,20-00,2026-05-14 20:00:00+00:00,2026-05-15 00:00:00+00:00,81999.0,81020.5,978.5,81167.275,2026-05-14 23:55:00+00:00,2026-05-14 23:50:00+00:00,False,NO_CAUSAL_LEAVE,,,,2026-05-15 00:00:00+00:00,BLOCK_END,False,
reference_validation,BULL,12-16,2026-05-15 12:00:00+00:00,2026-05-15 16:00:00+00:00,80793.0,80323.0,470.0,80393.5,2026-05-15 12:20:00+00:00,2026-05-15 12:15:00+00:00,True,CLEAN_CAUSAL_LEAVE,2026-05-15 12:20:00+00:00,2026-05-15 12:25:00+00:00,2026-05-15 12:30:00+00:00,2026-05-15 12:50:00+00:00,L2_ARRIVAL,True,20.0
reference_validation,BEAR,20-00,2026-05-15 20:00:00+00:00,2026-05-16 00:00:00+00:00,79532.1,79012.5,519.6000000000058,79090.44,2026-05-15 20:50:00+00:00,2026-05-15 20:45:00+00:00,True,CLEAN_CAUSAL_LEAVE,2026-05-15 20:55:00+00:00,2026-05-15 21:00:00+00:00,2026-05-15 21:00:00+00:00,2026-05-15 21:45:00+00:00,L2_ARRIVAL,True,45.0
reference_validation,BEAR,00-04,2026-05-17 00:00:00+00:00,2026-05-17 04:00:00+00:00,78287.8,78085.2,202.60000000000582,78115.59,2026-05-17 00:45:00+00:00,2026-05-17 00:40:00+00:00,False,LOW_BREAK_BEFORE_LEAVE,2026-05-17 00:45:00+00:00,,,2026-05-17 00:45:00+00:00,L2_BREAK,False,
reference_validation,BEAR,04-08,2026-05-18 04:00:00+00:00,2026-05-18 08:00:00+00:00,77452.7,76668.8,783.8999999999942,76786.38500000001,2026-05-18 06:10:00+00:00,2026-05-18 06:05:00+00:00,True,CLEAN_CAUSAL_LEAVE,2026-05-18 06:15:00+00:00,2026-05-18 06:20:00+00:00,,2026-05-18 06:20:00+00:00,L2_ARRIVAL,False,
reference_validation,BULL,00-04,2026-05-22 00:00:00+00:00,2026-05-22 04:00:00+00:00,77777.2,77490.8,286.3999999999942,77533.76000000001,2026-05-22 00:05:00+00:00,2026-05-22 00:00:00+00:00,True,CLEAN_CAUSAL_LEAVE,2026-05-22 00:05:00+00:00,2026-05-22 00:10:00+00:00,,2026-05-22 00:10:00+00:00,L2_ARRIVAL,False,
reference_validation,SIDEWAYS,08-12,2026-05-22 08:00:00+00:00,2026-05-22 12:00:00+00:00,77862.7,77237.1,625.5999999999913,77330.94,2026-05-22 08:40:00+00:00,2026-05-22 08:35:00+00:00,True,CLEAN_CAUSAL_LEAVE,2026-05-22 08:45:00+00:00,2026-05-22 08:50:00+00:00,,2026-05-22 08:55:00+00:00,L2_ARRIVAL,False,
reference_validation,BEAR,00-04,2026-05-23 00:00:00+00:00,2026-05-23 04:00:00+00:00,76054.1,75322.0,732.1000000000058,75431.815,2026-05-23 00:35:00+00:00,2026-05-23 00:30:00+00:00,False,LOW_BREAK_BEFORE_LEAVE,2026-05-23 00:35:00+00:00,,,2026-05-23 00:35:00+00:00,L2_BREAK,False,
reference_validation,BEAR,04-08,2026-05-23 04:00:00+00:00,2026-05-23 08:00:00+00:00,75633.7,75184.9,448.8000000000029,75252.22,2026-05-23 07:30:00+00:00,2026-05-23 07:25:00+00:00,True,CLEAN_CAUSAL_LEAVE,2026-05-23 07:35:00+00:00,2026-05-23 07:40:00+00:00,2026-05-23 07:40:00+00:00,2026-05-23 07:45:00+00:00,L2_ARRIVAL,True,5.0
reference_validation,SIDEWAYS,12-16,2026-05-24 12:00:00+00:00,2026-05-24 16:00:00+00:00,77600.0,76691.4,908.6000000000058,76827.69,2026-05-24 14:00:00+00:00,2026-05-24 13:55:00+00:00,True,CLEAN_CAUSAL_LEAVE,2026-05-24 14:05:00+00:00,2026-05-24 14:10:00+00:00,,2026-05-24 14:10:00+00:00,L2_ARRIVAL,False,
reference_validation,SIDEWAYS,20-00,2026-05-24 20:00:00+00:00,2026-05-25 00:00:00+00:00,76777.0,76343.7,433.3000000000029,76408.69499999999,2026-05-24 21:35:00+00:00,2026-05-24 21:30:00+00:00,False,LOW_BREAK_BEFORE_LEAVE,2026-05-24 21:35:00+00:00,,,2026-05-24 21:35:00+00:00,L2_BREAK,False,
reference_validation,SIDEWAYS,08-12,2026-05-26 08:00:00+00:00,2026-05-26 12:00:00+00:00,77045.9,76556.9,489.0,76630.25,2026-05-26 10:10:00+00:00,2026-05-26 10:05:00+00:00,True,CLEAN_CAUSAL_LEAVE,2026-05-26 10:10:00+00:00,2026-05-26 10:15:00+00:00,,2026-05-26 10:25:00+00:00,OPPOSITE_HIGH_BREAK,False,
reference_validation,SIDEWAYS,16-20,2026-05-26 16:00:00+00:00,2026-05-26 20:00:00+00:00,78077.1,76234.7,1842.4000000000087,76511.06,2026-05-26 16:15:00+00:00,2026-05-26 16:10:00+00:00,True,CLEAN_CAUSAL_LEAVE,2026-05-26 16:15:00+00:00,2026-05-26 16:20:00+00:00,2026-05-26 16:20:00+00:00,2026-05-26 17:20:00+00:00,L2_ARRIVAL,True,60.0
reference_validation,BEAR,20-00,2026-05-26 20:00:00+00:00,2026-05-27 00:00:00+00:00,76678.7,75711.0,967.6999999999971,75856.155,2026-05-26 22:15:00+00:00,2026-05-26 22:10:00+00:00,True,CLEAN_CAUSAL_LEAVE,2026-05-26 22:15:00+00:00,2026-05-26 22:20:00+00:00,,2026-05-26 22:45:00+00:00,L2_ARRIVAL,False,
reference_validation,BEAR,16-20,2026-05-27 16:00:00+00:00,2026-05-27 20:00:00+00:00,76155.5,74735.7,1419.800000000003,74948.67,2026-05-27 18:00:00+00:00,2026-05-27 17:55:00+00:00,True,CLEAN_CAUSAL_LEAVE,2026-05-27 18:00:00+00:00,2026-05-27 18:05:00+00:00,,2026-05-27 18:10:00+00:00,L2_ARRIVAL,False,
reference_validation,BEAR,00-04,2026-05-28 00:00:00+00:00,2026-05-28 04:00:00+00:00,75391.0,74210.0,1181.0,74387.15,2026-05-28 01:20:00+00:00,2026-05-28 01:15:00+00:00,True,CLEAN_CAUSAL_LEAVE,2026-05-28 01:20:00+00:00,2026-05-28 01:25:00+00:00,,2026-05-28 01:25:00+00:00,L2_ARRIVAL,False,
reference_validation,BEAR,04-08,2026-05-28 04:00:00+00:00,2026-05-28 08:00:00+00:00,74565.3,73036.0,1529.300000000003,73265.395,2026-05-28 04:05:00+00:00,2026-05-28 04:00:00+00:00,False,LOW_BREAK_BEFORE_LEAVE,2026-05-28 04:15:00+00:00,,,2026-05-28 04:15:00+00:00,L2_BREAK,False,
reference_validation,BEAR,12-16,2026-05-29 12:00:00+00:00,2026-05-29 16:00:00+00:00,73866.8,73305.1,561.6999999999971,73389.35500000001,2026-05-29 12:15:00+00:00,2026-05-29 12:10:00+00:00,False,LOW_BREAK_BEFORE_LEAVE,2026-05-29 12:20:00+00:00,,,2026-05-29 12:20:00+00:00,L2_BREAK,False,
reference_validation,BEAR,20-00,2026-05-30 20:00:00+00:00,2026-05-31 00:00:00+00:00,74108.8,73772.5,336.3000000000029,73822.945,2026-05-30 22:45:00+00:00,2026-05-30 22:40:00+00:00,True,CLEAN_CAUSAL_LEAVE,2026-05-30 22:45:00+00:00,2026-05-30 22:50:00+00:00,2026-05-30 23:10:00+00:00,2026-05-30 23:35:00+00:00,L2_ARRIVAL,True,25.0
reference_validation,BEAR,08-12,2026-05-31 08:00:00+00:00,2026-05-31 12:00:00+00:00,74194.6,73793.2,401.40000000000873,73853.41,2026-05-31 10:00:00+00:00,2026-05-31 09:55:00+00:00,True,CLEAN_CAUSAL_LEAVE,2026-05-31 10:05:00+00:00,2026-05-31 10:10:00+00:00,,2026-05-31 10:15:00+00:00,L2_ARRIVAL,False,
reference_validation,BEAR,16-20,2026-05-31 16:00:00+00:00,2026-05-31 20:00:00+00:00,73997.8,73388.0,609.8000000000029,73479.47,2026-05-31 16:35:00+00:00,2026-05-31 16:30:00+00:00,True,CLEAN_CAUSAL_LEAVE,2026-05-31 16:40:00+00:00,2026-05-31 16:45:00+00:00,2026-05-31 16:50:00+00:00,2026-05-31 20:00:00+00:00,BLOCK_END,False,
reference_validation,BEAR,04-08,2026-06-01 04:00:00+00:00,2026-06-01 08:00:00+00:00,74070.5,73171.0,899.5,73305.925,2026-06-01 06:25:00+00:00,2026-06-01 06:20:00+00:00,False,LOW_BREAK_BEFORE_LEAVE,2026-06-01 06:25:00+00:00,,,2026-06-01 06:25:00+00:00,L2_BREAK,False,
reference_validation,BEAR,08-12,2026-06-01 08:00:00+00:00,2026-06-01 12:00:00+00:00,73815.9,72668.0,1147.8999999999942,72840.185,2026-06-01 08:30:00+00:00,2026-06-01 08:25:00+00:00,True,CLEAN_CAUSAL_LEAVE,2026-06-01 08:35:00+00:00,2026-06-01 08:40:00+00:00,,2026-06-01 08:40:00+00:00,L2_ARRIVAL,False,
reference_validation,BEAR,12-16,2026-06-01 12:00:00+00:00,2026-06-01 16:00:00+00:00,73084.0,72188.0,896.0,72322.4,2026-06-01 12:05:00+00:00,2026-06-01 12:00:00+00:00,False,LOW_BREAK_BEFORE_LEAVE,2026-06-01 12:05:00+00:00,,,2026-06-01 12:05:00+00:00,L2_BREAK,False,
reference_validation,BEAR,00-04,2026-06-02 00:00:00+00:00,2026-06-02 04:00:00+00:00,71670.0,70806.0,864.0,70935.6,2026-06-02 01:40:00+00:00,2026-06-02 01:35:00+00:00,False,LOW_BREAK_BEFORE_LEAVE,2026-06-02 01:50:00+00:00,,,2026-06-02 01:50:00+00:00,L2_BREAK,False,
reference_validation,BEAR,04-08,2026-06-02 04:00:00+00:00,2026-06-02 08:00:00+00:00,71397.0,70038.0,1359.0,70241.85,2026-06-02 06:50:00+00:00,2026-06-02 06:45:00+00:00,True,CLEAN_CAUSAL_LEAVE,2026-06-02 06:50:00+00:00,2026-06-02 06:55:00+00:00,,2026-06-02 06:55:00+00:00,L2_ARRIVAL,False,
reference_validation,BEAR,12-16,2026-06-02 12:00:00+00:00,2026-06-02 16:00:00+00:00,70146.2,69277.8,868.3999999999942,69408.06,2026-06-02 12:10:00+00:00,2026-06-02 12:05:00+00:00,True,CLEAN_CAUSAL_LEAVE,2026-06-02 12:10:00+00:00,2026-06-02 12:15:00+00:00,,2026-06-02 12:15:00+00:00,L2_ARRIVAL,False,
reference_validation,BEAR,20-00,2026-06-02 20:00:00+00:00,2026-06-03 00:00:00+00:00,68121.9,66388.0,1733.8999999999942,66648.08499999999,2026-06-02 22:55:00+00:00,2026-06-02 22:50:00+00:00,False,LOW_BREAK_BEFORE_LEAVE,2026-06-02 22:55:00+00:00,,,2026-06-02 22:55:00+00:00,L2_BREAK,False,
reference_validation,BEAR,12-16,2026-06-03 12:00:00+00:00,2026-06-03 16:00:00+00:00,67448.0,66620.0,828.0,66744.2,2026-06-03 13:50:00+00:00,2026-06-03 13:45:00+00:00,True,CLEAN_CAUSAL_LEAVE,2026-06-03 13:50:00+00:00,2026-06-03 13:55:00+00:00,2026-06-03 13:55:00+00:00,2026-06-03 14:20:00+00:00,L2_ARRIVAL,True,25.0
reference_validation,BEAR,16-20,2026-06-03 16:00:00+00:00,2026-06-03 20:00:00+00:00,67220.2,66036.2,1184.0,66213.8,2026-06-03 16:05:00+00:00,2026-06-03 16:00:00+00:00,False,LOW_BREAK_BEFORE_LEAVE,2026-06-03 16:15:00+00:00,,,2026-06-03 16:15:00+00:00,L2_BREAK,False,
reference_validation,BEAR,08-12,2026-06-04 08:00:00+00:00,2026-06-04 12:00:00+00:00,64739.8,63450.0,1289.800000000003,63643.47,2026-06-04 08:05:00+00:00,2026-06-04 08:00:00+00:00,False,LOW_BREAK_BEFORE_LEAVE,2026-06-04 08:05:00+00:00,,,2026-06-04 08:05:00+00:00,L2_BREAK,False,
reference_validation,BEAR,16-20,2026-06-05 16:00:00+00:00,2026-06-05 20:00:00+00:00,62437.5,60005.8,2431.699999999997,60370.555,2026-06-05 16:10:00+00:00,2026-06-05 16:05:00+00:00,True,CLEAN_CAUSAL_LEAVE,2026-06-05 16:15:00+00:00,2026-06-05 16:20:00+00:00,2026-06-05 18:20:00+00:00,2026-06-05 18:35:00+00:00,L2_ARRIVAL,True,15.0
reference_validation,SIDEWAYS,04-08,2026-06-08 04:00:00+00:00,2026-06-08 08:00:00+00:00,63849.5,62676.8,1172.699999999997,62852.705,2026-06-08 04:45:00+00:00,2026-06-08 04:40:00+00:00,True,CLEAN_CAUSAL_LEAVE,2026-06-08 04:50:00+00:00,2026-06-08 04:55:00+00:00,,2026-06-08 04:55:00+00:00,L2_ARRIVAL,False,
reference_validation,BULL,20-00,2026-06-08 20:00:00+00:00,2026-06-09 00:00:00+00:00,64029.5,63209.6,819.9000000000015,63332.585,2026-06-08 20:15:00+00:00,2026-06-08 20:10:00+00:00,False,LOW_BREAK_BEFORE_LEAVE,2026-06-08 20:15:00+00:00,,,2026-06-08 20:15:00+00:00,L2_BREAK,False,
reference_validation,BULL,08-12,2026-06-09 08:00:00+00:00,2026-06-09 12:00:00+00:00,63499.9,62715.4,784.5,62833.075000000004,2026-06-09 08:10:00+00:00,2026-06-09 08:05:00+00:00,True,CLEAN_CAUSAL_LEAVE,2026-06-09 08:10:00+00:00,2026-06-09 08:15:00+00:00,2026-06-09 08:30:00+00:00,2026-06-09 09:05:00+00:00,L2_ARRIVAL,True,35.0
reference_validation,SIDEWAYS,12-16,2026-06-09 12:00:00+00:00,2026-06-09 16:00:00+00:00,63183.0,62457.5,725.5,62566.325,2026-06-09 12:50:00+00:00,2026-06-09 12:45:00+00:00,True,CLEAN_CAUSAL_LEAVE,2026-06-09 12:50:00+00:00,2026-06-09 12:55:00+00:00,2026-06-09 12:55:00+00:00,2026-06-09 13:15:00+00:00,L2_ARRIVAL,True,20.0
reference_validation,BEAR,00-04,2026-06-10 00:00:00+00:00,2026-06-10 04:00:00+00:00,62253.2,61519.0,734.1999999999971,61629.13,2026-06-10 00:40:00+00:00,2026-06-10 00:35:00+00:00,False,LOW_BREAK_BEFORE_LEAVE,2026-06-10 00:40:00+00:00,,,2026-06-10 00:40:00+00:00,L2_BREAK,False,
reference_validation,BEAR,04-08,2026-06-10 04:00:00+00:00,2026-06-10 08:00:00+00:00,61947.4,61201.0,746.4000000000015,61312.96,2026-06-10 04:40:00+00:00,2026-06-10 04:35:00+00:00,False,LOW_BREAK_BEFORE_LEAVE,2026-06-10 04:40:00+00:00,,,2026-06-10 04:40:00+00:00,L2_BREAK,False,
reference_validation,BULL,12-16,2026-06-11 12:00:00+00:00,2026-06-11 16:00:00+00:00,63235.9,62691.7,544.2000000000044,62773.329999999994,2026-06-11 12:25:00+00:00,2026-06-11 12:20:00+00:00,False,LOW_BREAK_BEFORE_LEAVE,2026-06-11 12:25:00+00:00,,,2026-06-11 12:25:00+00:00,L2_BREAK,False,
reference_validation,BULL,12-16,2026-06-12 12:00:00+00:00,2026-06-12 16:00:00+00:00,63929.9,63063.9,866.0,63193.8,2026-06-12 13:45:00+00:00,2026-06-12 13:40:00+00:00,True,CLEAN_CAUSAL_LEAVE,2026-06-12 13:45:00+00:00,2026-06-12 13:50:00+00:00,2026-06-12 13:50:00+00:00,2026-06-12 14:55:00+00:00,OPPOSITE_HIGH_BREAK,False,
reference_validation,BULL,16-20,2026-06-13 16:00:00+00:00,2026-06-13 20:00:00+00:00,64323.0,63882.6,440.40000000000146,63948.659999999996,2026-06-13 16:50:00+00:00,2026-06-13 16:45:00+00:00,True,CLEAN_CAUSAL_LEAVE,2026-06-13 16:55:00+00:00,2026-06-13 17:00:00+00:00,2026-06-13 17:00:00+00:00,2026-06-13 20:00:00+00:00,BLOCK_END,False,
reference_validation,BULL,04-08,2026-06-14 04:00:00+00:00,2026-06-14 08:00:00+00:00,64682.2,64338.8,343.3999999999942,64390.310000000005,2026-06-14 04:50:00+00:00,2026-06-14 04:45:00+00:00,False,LOW_BREAK_BEFORE_LEAVE,2026-06-14 04:50:00+00:00,,,2026-06-14 04:50:00+00:00,L2_BREAK,False,
reference_validation,BULL,12-16,2026-06-14 12:00:00+00:00,2026-06-14 16:00:00+00:00,64640.6,64281.1,359.5,64335.025,2026-06-14 12:50:00+00:00,2026-06-14 12:45:00+00:00,False,LOW_BREAK_BEFORE_LEAVE,2026-06-14 12:50:00+00:00,,,2026-06-14 12:50:00+00:00,L2_BREAK,False,
reference_validation,BULL,20-00,2026-06-15 20:00:00+00:00,2026-06-16 00:00:00+00:00,67254.5,66302.4,952.1000000000058,66445.215,2026-06-15 21:35:00+00:00,2026-06-15 21:30:00+00:00,True,CLEAN_CAUSAL_LEAVE,2026-06-15 21:35:00+00:00,2026-06-15 21:40:00+00:00,2026-06-15 22:10:00+00:00,2026-06-15 22:20:00+00:00,L2_ARRIVAL,True,10.0
reference_validation,BULL,00-04,2026-06-17 00:00:00+00:00,2026-06-17 04:00:00+00:00,65908.4,65561.3,347.09999999999127,65613.365,2026-06-17 01:20:00+00:00,2026-06-17 01:15:00+00:00,False,LOW_BREAK_BEFORE_LEAVE,2026-06-17 01:20:00+00:00,,,2026-06-17 01:20:00+00:00,L2_BREAK,False,
reference_validation,BULL,04-08,2026-06-17 04:00:00+00:00,2026-06-17 08:00:00+00:00,66092.5,65427.9,664.5999999999985,65527.590000000004,2026-06-17 07:50:00+00:00,2026-06-17 07:45:00+00:00,False,LOW_BREAK_BEFORE_LEAVE,2026-06-17 07:50:00+00:00,,,2026-06-17 07:50:00+00:00,L2_BREAK,False,
reference_validation,BEAR,00-04,2026-06-19 00:00:00+00:00,2026-06-19 04:00:00+00:00,63266.8,62710.5,556.3000000000029,62793.945,2026-06-19 03:15:00+00:00,2026-06-19 03:10:00+00:00,False,LOW_BREAK_BEFORE_LEAVE,2026-06-19 03:15:00+00:00,,,2026-06-19 03:15:00+00:00,L2_BREAK,False,
reference_validation,BEAR,08-12,2026-06-19 08:00:00+00:00,2026-06-19 12:00:00+00:00,62896.8,62375.7,521.1000000000058,62453.865,2026-06-19 09:15:00+00:00,2026-06-19 09:10:00+00:00,True,CLEAN_CAUSAL_LEAVE,2026-06-19 09:15:00+00:00,2026-06-19 09:20:00+00:00,,2026-06-19 09:20:00+00:00,L2_ARRIVAL,False,
reference_validation,BEAR,08-12,2026-06-20 08:00:00+00:00,2026-06-20 12:00:00+00:00,63894.0,63367.6,526.4000000000015,63446.56,2026-06-20 08:50:00+00:00,2026-06-20 08:45:00+00:00,True,CLEAN_CAUSAL_LEAVE,2026-06-20 08:55:00+00:00,2026-06-20 09:00:00+00:00,2026-06-20 09:00:00+00:00,2026-06-20 12:00:00+00:00,BLOCK_END,False,
reference_validation,BULL,16-20,2026-06-21 16:00:00+00:00,2026-06-21 20:00:00+00:00,64337.3,63916.0,421.3000000000029,63979.195,2026-06-21 18:10:00+00:00,2026-06-21 18:05:00+00:00,True,CLEAN_CAUSAL_LEAVE,2026-06-21 18:10:00+00:00,2026-06-21 18:15:00+00:00,2026-06-21 18:15:00+00:00,2026-06-21 20:00:00+00:00,BLOCK_END,False,
reference_validation,BULL,16-20,2026-06-22 16:00:00+00:00,2026-06-22 20:00:00+00:00,65597.2,64545.7,1051.5,64703.424999999996,2026-06-22 16:45:00+00:00,2026-06-22 16:40:00+00:00,True,CLEAN_CAUSAL_LEAVE,2026-06-22 16:50:00+00:00,2026-06-22 16:55:00+00:00,2026-06-22 16:55:00+00:00,2026-06-22 17:20:00+00:00,L2_ARRIVAL,True,25.0
reference_validation,BULL,20-00,2026-06-22 20:00:00+00:00,2026-06-23 00:00:00+00:00,64835.6,64240.0,595.5999999999985,64329.34,2026-06-22 21:25:00+00:00,2026-06-22 21:20:00+00:00,True,CLEAN_CAUSAL_LEAVE,2026-06-22 21:30:00+00:00,2026-06-22 21:35:00+00:00,,2026-06-22 21:35:00+00:00,L2_ARRIVAL,False,
reference_validation,SIDEWAYS,04-08,2026-06-23 04:00:00+00:00,2026-06-23 08:00:00+00:00,64247.2,63803.2,444.0,63869.799999999996,2026-06-23 04:40:00+00:00,2026-06-23 04:35:00+00:00,False,LOW_BREAK_BEFORE_LEAVE,2026-06-23 04:40:00+00:00,,,2026-06-23 04:40:00+00:00,L2_BREAK,False,
reference_validation,BEAR,08-12,2026-06-24 08:00:00+00:00,2026-06-24 12:00:00+00:00,63053.5,62500.0,553.5,62583.025,2026-06-24 10:25:00+00:00,2026-06-24 10:20:00+00:00,True,CLEAN_CAUSAL_LEAVE,2026-06-24 10:25:00+00:00,2026-06-24 10:30:00+00:00,,2026-06-24 10:30:00+00:00,L2_ARRIVAL,False,
reference_validation,BEAR,16-20,2026-06-24 16:00:00+00:00,2026-06-24 20:00:00+00:00,62939.3,60238.0,2701.300000000003,60643.195,2026-06-24 16:10:00+00:00,2026-06-24 16:05:00+00:00,True,CLEAN_CAUSAL_LEAVE,2026-06-24 16:10:00+00:00,2026-06-24 16:15:00+00:00,2026-06-24 16:20:00+00:00,2026-06-24 16:40:00+00:00,L2_ARRIVAL,True,20.0
reference_validation,BEAR,08-12,2026-06-26 08:00:00+00:00,2026-06-26 12:00:00+00:00,60734.0,59666.2,1067.800000000003,59826.369999999995,2026-06-26 09:55:00+00:00,2026-06-26 09:50:00+00:00,True,CLEAN_CAUSAL_LEAVE,2026-06-26 10:15:00+00:00,2026-06-26 10:20:00+00:00,,2026-06-26 10:35:00+00:00,L2_ARRIVAL,False,
reference_validation,SIDEWAYS,16-20,2026-06-27 16:00:00+00:00,2026-06-27 20:00:00+00:00,60924.7,60222.6,702.0999999999985,60327.915,2026-06-27 19:30:00+00:00,2026-06-27 19:25:00+00:00,False,LOW_BREAK_BEFORE_LEAVE,2026-06-27 19:30:00+00:00,,,2026-06-27 19:30:00+00:00,L2_BREAK,False,
reference_validation,BEAR,20-00,2026-06-27 20:00:00+00:00,2026-06-28 00:00:00+00:00,60850.0,60050.0,800.0,60170.0,2026-06-27 22:10:00+00:00,2026-06-27 22:05:00+00:00,True,CLEAN_CAUSAL_LEAVE,2026-06-27 22:10:00+00:00,2026-06-27 22:15:00+00:00,,2026-06-27 22:15:00+00:00,L2_ARRIVAL,False,
reference_validation,BEAR,16-20,2026-06-28 16:00:00+00:00,2026-06-28 20:00:00+00:00,60435.8,59781.8,654.0,59879.9,2026-06-28 16:10:00+00:00,2026-06-28 16:05:00+00:00,True,CLEAN_CAUSAL_LEAVE,2026-06-28 16:10:00+00:00,2026-06-28 16:15:00+00:00,,2026-06-28 16:15:00+00:00,L2_ARRIVAL,False,
reference_validation,BEAR,20-00,2026-06-28 20:00:00+00:00,2026-06-29 00:00:00+00:00,59915.7,59224.6,691.0999999999985,59328.265,2026-06-28 22:25:00+00:00,2026-06-28 22:20:00+00:00,True,CLEAN_CAUSAL_LEAVE,2026-06-28 22:25:00+00:00,2026-06-28 22:30:00+00:00,,2026-06-28 22:30:00+00:00,L2_ARRIVAL,False,
reference_validation,BEAR,00-04,2026-06-29 00:00:00+00:00,2026-06-29 04:00:00+00:00,59883.2,58888.0,995.1999999999971,59037.28,2026-06-29 02:15:00+00:00,2026-06-29 02:10:00+00:00,True,CLEAN_CAUSAL_LEAVE,2026-06-29 02:15:00+00:00,2026-06-29 02:20:00+00:00,,2026-06-29 03:00:00+00:00,OPPOSITE_HIGH_BREAK,False,
reference_validation,SIDEWAYS,00-04,2026-06-30 00:00:00+00:00,2026-06-30 04:00:00+00:00,60565.6,60134.0,431.59999999999854,60198.74,2026-06-30 00:15:00+00:00,2026-06-30 00:10:00+00:00,False,LOW_BREAK_BEFORE_LEAVE,2026-06-30 00:15:00+00:00,,,2026-06-30 00:15:00+00:00,L2_BREAK,False,
reference_validation,BEAR,08-12,2026-07-01 08:00:00+00:00,2026-07-01 12:00:00+00:00,59444.5,58500.1,944.4000000000015,58641.76,2026-07-01 08:35:00+00:00,2026-07-01 08:30:00+00:00,True,CLEAN_CAUSAL_LEAVE,2026-07-01 08:35:00+00:00,2026-07-01 08:40:00+00:00,2026-07-01 08:40:00+00:00,2026-07-01 12:00:00+00:00,BLOCK_END,False,
reference_validation,BEAR,12-16,2026-07-01 12:00:00+00:00,2026-07-01 16:00:00+00:00,59069.7,58450.7,619.0,58543.549999999996,2026-07-01 12:10:00+00:00,2026-07-01 12:05:00+00:00,False,LOW_BREAK_BEFORE_LEAVE,2026-07-01 12:10:00+00:00,,,2026-07-01 12:10:00+00:00,L2_BREAK,False,
reference_validation,BULL,00-04,2026-07-05 00:00:00+00:00,2026-07-05 04:00:00+00:00,63430.0,62902.7,527.3000000000029,62981.795,2026-07-05 01:00:00+00:00,2026-07-05 00:55:00+00:00,True,CLEAN_CAUSAL_LEAVE,2026-07-05 01:00:00+00:00,2026-07-05 01:05:00+00:00,,2026-07-05 01:05:00+00:00,L2_ARRIVAL,False,
reference_validation,BULL,04-08,2026-07-07 04:00:00+00:00,2026-07-07 08:00:00+00:00,64298.1,63122.0,1176.0999999999985,63298.415,2026-07-07 04:05:00+00:00,2026-07-07 04:00:00+00:00,True,CLEAN_CAUSAL_LEAVE,2026-07-07 04:05:00+00:00,2026-07-07 04:10:00+00:00,,2026-07-07 04:40:00+00:00,L2_ARRIVAL,False,
reference_validation,SIDEWAYS,04-08,2026-07-08 04:00:00+00:00,2026-07-08 08:00:00+00:00,63740.2,62466.9,1273.2999999999956,62657.895000000004,2026-07-08 06:25:00+00:00,2026-07-08 06:20:00+00:00,True,CLEAN_CAUSAL_LEAVE,2026-07-08 06:25:00+00:00,2026-07-08 06:30:00+00:00,,2026-07-08 06:35:00+00:00,L2_ARRIVAL,False,
reference_validation,BEAR,12-16,2026-07-08 12:00:00+00:00,2026-07-08 16:00:00+00:00,62921.8,61708.2,1213.6000000000058,61890.24,2026-07-08 13:50:00+00:00,2026-07-08 13:45:00+00:00,False,LOW_BREAK_BEFORE_LEAVE,2026-07-08 13:50:00+00:00,,,2026-07-08 13:50:00+00:00,L2_BREAK,False,
reference_validation,SIDEWAYS,12-16,2026-07-09 12:00:00+00:00,2026-07-09 16:00:00+00:00,63083.9,62583.4,500.5,62658.475,2026-07-09 12:30:00+00:00,2026-07-09 12:25:00+00:00,True,CLEAN_CAUSAL_LEAVE,2026-07-09 12:30:00+00:00,2026-07-09 12:35:00+00:00,,2026-07-09 12:40:00+00:00,L2_ARRIVAL,False,
reference_validation,BULL,20-00,2026-07-10 20:00:00+00:00,2026-07-11 00:00:00+00:00,64208.1,63718.1,490.0,63791.6,2026-07-10 20:25:00+00:00,2026-07-10 20:20:00+00:00,False,LOW_BREAK_BEFORE_LEAVE,2026-07-10 20:25:00+00:00,,,2026-07-10 20:25:00+00:00,L2_BREAK,False,
reference_validation,BULL,00-04,2026-07-12 00:00:00+00:00,2026-07-12 04:00:00+00:00,64438.9,63776.0,662.9000000000015,63875.435,2026-07-12 00:05:00+00:00,2026-07-12 00:00:00+00:00,False,LOW_BREAK_BEFORE_LEAVE,2026-07-12 00:05:00+00:00,,,2026-07-12 00:05:00+00:00,L2_BREAK,False,
reference_validation,BEAR,04-08,2026-07-13 04:00:00+00:00,2026-07-13 08:00:00+00:00,64411.8,62705.0,1706.800000000003,62961.020000000004,2026-07-13 04:05:00+00:00,2026-07-13 04:00:00+00:00,True,CLEAN_CAUSAL_LEAVE,2026-07-13 04:10:00+00:00,2026-07-13 04:15:00+00:00,,2026-07-13 04:30:00+00:00,L2_ARRIVAL,False,
reference_validation,BEAR,12-16,2026-07-13 12:00:00+00:00,2026-07-13 16:00:00+00:00,63260.0,62834.4,425.59999999999854,62898.24,2026-07-13 12:10:00+00:00,2026-07-13 12:05:00+00:00,False,LOW_BREAK_BEFORE_LEAVE,2026-07-13 12:10:00+00:00,,,2026-07-13 12:10:00+00:00,L2_BREAK,False,
reference_validation,BEAR,16-20,2026-07-13 16:00:00+00:00,2026-07-13 20:00:00+00:00,62970.7,62061.3,909.3999999999942,62197.71,2026-07-13 17:40:00+00:00,2026-07-13 17:35:00+00:00,False,LOW_BREAK_BEFORE_LEAVE,2026-07-13 17:45:00+00:00,,,2026-07-13 17:45:00+00:00,L2_BREAK,False,
reference_validation,BEAR,08-12,2026-07-14 08:00:00+00:00,2026-07-14 12:00:00+00:00,62848.0,62489.7,358.3000000000029,62543.445,2026-07-14 08:05:00+00:00,2026-07-14 08:00:00+00:00,True,CLEAN_CAUSAL_LEAVE,2026-07-14 08:05:00+00:00,2026-07-14 08:10:00+00:00,2026-07-14 08:15:00+00:00,2026-07-14 10:45:00+00:00,OPPOSITE_HIGH_BREAK,False,
reference_validation,BULL,20-00,2026-07-15 20:00:00+00:00,2026-07-16 00:00:00+00:00,65438.0,64708.0,730.0,64817.5,2026-07-15 23:45:00+00:00,2026-07-15 23:40:00+00:00,True,CLEAN_CAUSAL_LEAVE,2026-07-15 23:50:00+00:00,2026-07-15 23:55:00+00:00,,2026-07-16 00:00:00+00:00,BLOCK_END,False,
reference_validation,BULL,12-16,2026-07-16 12:00:00+00:00,2026-07-16 16:00:00+00:00,64340.0,63843.1,496.90000000000146,63917.635,2026-07-16 12:50:00+00:00,2026-07-16 12:45:00+00:00,True,CLEAN_CAUSAL_LEAVE,2026-07-16 12:50:00+00:00,2026-07-16 12:55:00+00:00,,2026-07-16 13:55:00+00:00,OPPOSITE_HIGH_BREAK,False,
reference_validation,BEAR,08-12,2026-07-17 08:00:00+00:00,2026-07-17 12:00:00+00:00,63560.0,62655.0,905.0,62790.75,2026-07-17 08:40:00+00:00,2026-07-17 08:35:00+00:00,True,CLEAN_CAUSAL_LEAVE,2026-07-17 08:40:00+00:00,2026-07-17 08:45:00+00:00,2026-07-17 08:45:00+00:00,2026-07-17 12:00:00+00:00,BLOCK_END,False,
reference_validation,SIDEWAYS,00-04,2026-07-18 00:00:00+00:00,2026-07-18 04:00:00+00:00,64188.2,63860.0,328.1999999999971,63909.229999999996,2026-07-18 00:10:00+00:00,2026-07-18 00:05:00+00:00,True,CLEAN_CAUSAL_LEAVE,2026-07-18 00:10:00+00:00,2026-07-18 00:15:00+00:00,2026-07-18 00:35:00+00:00,2026-07-18 04:00:00+00:00,BLOCK_END,False,
reference_validation,BULL,04-08,2026-07-19 04:00:00+00:00,2026-07-19 08:00:00+00:00,64948.8,64594.6,354.20000000000437,64647.729999999996,2026-07-19 04:15:00+00:00,2026-07-19 04:10:00+00:00,True,CLEAN_CAUSAL_LEAVE,2026-07-19 04:15:00+00:00,2026-07-19 04:20:00+00:00,2026-07-19 04:20:00+00:00,2026-07-19 08:00:00+00:00,BLOCK_END,False,
reference_validation,BULL,04-08,2026-07-20 04:00:00+00:00,2026-07-20 08:00:00+00:00,65084.6,64380.0,704.5999999999985,64485.69,2026-07-20 05:10:00+00:00,2026-07-20 05:05:00+00:00,False,LOW_BREAK_BEFORE_LEAVE,2026-07-20 05:10:00+00:00,,,2026-07-20 05:10:00+00:00,L2_BREAK,False,
reference_validation,BULL,16-20,2026-07-21 16:00:00+00:00,2026-07-21 20:00:00+00:00,66924.1,66236.0,688.1000000000058,66339.215,2026-07-21 17:50:00+00:00,2026-07-21 17:45:00+00:00,False,LOW_BREAK_BEFORE_LEAVE,2026-07-21 17:50:00+00:00,,,2026-07-21 17:50:00+00:00,L2_BREAK,False,
reference_validation,BULL,04-08,2026-07-22 04:00:00+00:00,2026-07-22 08:00:00+00:00,66711.0,66141.7,569.3000000000029,66227.095,2026-07-22 05:20:00+00:00,2026-07-22 05:15:00+00:00,False,LOW_BREAK_BEFORE_LEAVE,2026-07-22 05:20:00+00:00,,,2026-07-22 05:20:00+00:00,L2_BREAK,False,
reference_validation,BULL,12-16,2026-07-22 12:00:00+00:00,2026-07-22 16:00:00+00:00,66140.5,65813.4,327.1000000000058,65862.465,2026-07-22 12:25:00+00:00,2026-07-22 12:20:00+00:00,True,CLEAN_CAUSAL_LEAVE,2026-07-22 12:25:00+00:00,2026-07-22 12:30:00+00:00,,2026-07-22 12:30:00+00:00,L2_ARRIVAL,False,
reference_validation,SIDEWAYS,04-08,2026-07-23 04:00:00+00:00,2026-07-23 08:00:00+00:00,66284.1,65548.0,736.1000000000058,65658.41500000001,2026-07-23 05:05:00+00:00,2026-07-23 05:00:00+00:00,True,CLEAN_CAUSAL_LEAVE,2026-07-23 05:05:00+00:00,2026-07-23 05:10:00+00:00,2026-07-23 05:20:00+00:00,2026-07-23 07:10:00+00:00,L2_ARRIVAL,True,110.0
reference_validation,SIDEWAYS,12-16,2026-07-23 12:00:00+00:00,2026-07-23 16:00:00+00:00,65756.6,65383.6,373.0000000000073,65439.55,2026-07-23 12:20:00+00:00,2026-07-23 12:15:00+00:00,False,LOW_BREAK_BEFORE_LEAVE,2026-07-23 12:30:00+00:00,,,2026-07-23 12:30:00+00:00,L2_BREAK,False,
reference_validation,BEAR,16-20,2026-07-23 16:00:00+00:00,2026-07-23 20:00:00+00:00,65557.8,64696.2,861.6000000000058,64825.439999999995,2026-07-23 16:45:00+00:00,2026-07-23 16:40:00+00:00,True,CLEAN_CAUSAL_LEAVE,2026-07-23 16:45:00+00:00,2026-07-23 16:50:00+00:00,2026-07-23 17:20:00+00:00,2026-07-23 17:55:00+00:00,L2_ARRIVAL,True,35.0
reference_validation,BEAR,00-04,2026-07-24 00:00:00+00:00,2026-07-24 04:00:00+00:00,65193.5,64809.7,383.8000000000029,64867.27,2026-07-24 00:35:00+00:00,2026-07-24 00:30:00+00:00,False,LOW_BREAK_BEFORE_LEAVE,2026-07-24 00:35:00+00:00,,,2026-07-24 00:35:00+00:00,L2_BREAK,False,
reference_validation,BULL,08-12,2026-07-27 08:00:00+00:00,2026-07-27 12:00:00+00:00,65722.5,65190.0,532.5,65269.875,2026-07-27 08:05:00+00:00,2026-07-27 08:00:00+00:00,False,LOW_BREAK_BEFORE_LEAVE,2026-07-27 08:05:00+00:00,,,2026-07-27 08:05:00+00:00,L2_BREAK,False,
reference_validation,BULL,12-16,2026-07-27 12:00:00+00:00,2026-07-27 16:00:00+00:00,65412.8,65061.1,351.70000000000437,65113.854999999996,2026-07-27 12:15:00+00:00,2026-07-27 12:10:00+00:00,False,LOW_BREAK_BEFORE_LEAVE,2026-07-27 12:15:00+00:00,,,2026-07-27 12:15:00+00:00,L2_BREAK,False,
reference_validation,BEAR,00-04,2026-07-28 00:00:00+00:00,2026-07-28 04:00:00+00:00,65030.8,63567.0,1463.800000000003,63786.57,2026-07-28 00:15:00+00:00,2026-07-28 00:10:00+00:00,True,CLEAN_CAUSAL_LEAVE,2026-07-28 00:15:00+00:00,2026-07-28 00:20:00+00:00,,2026-07-28 00:20:00+00:00,L2_ARRIVAL,False,
reference_validation,SIDEWAYS,12-16,2026-07-29 12:00:00+00:00,2026-07-29 16:00:00+00:00,64715.9,64251.0,464.90000000000146,64320.735,2026-07-29 12:20:00+00:00,2026-07-29 12:15:00+00:00,True,CLEAN_CAUSAL_LEAVE,2026-07-29 12:20:00+00:00,2026-07-29 12:25:00+00:00,2026-07-29 12:25:00+00:00,2026-07-29 12:30:00+00:00,L2_ARRIVAL,True,5.0
