partition,side,signal_ts,entry_ts,swing_level_ts,swing_level,prior_touches,touch_bucket,entry_px,stop_px,target_px,risk_pct,resolved,exit_ts,exit_px,gross_return,net_pnl_usd,exit_reason,hold_minutes
external,SHORT,2020-01-02 00:00:00+00:00,2020-01-02 04:00:00+00:00,2020-01-01 08:00:00+00:00,7174.0,1,1,7126.94,7209.59,6961.6399999999985,0.011596842403612287,True,2020-01-02 17:00:00+00:00,6961.6399999999985,0.023193684807224613,11.196842403612306,TP_2R,780.0
external,LONG,2020-01-03 04:00:00+00:00,2020-01-03 08:00:00+00:00,2020-01-02 08:00:00+00:00,7175.0,0,0,7198.02,6945.84,7702.380000000001,0.035034634524494276,True,2020-01-06 22:35:00+00:00,7702.380000000001,0.07006926904898858,34.634634524494295,TP_2R,5195.0
external,LONG,2020-01-07 16:00:00+00:00,2020-01-07 20:00:00+00:00,2020-01-07 08:00:00+00:00,7969.0,0,0,8077.71,7733.0,8767.130000000001,0.042674223263771544,True,2020-01-10 06:15:00+00:00,7733.0,-0.04267422326377157,-21.737111631885785,SL,3495.0
external,LONG,2020-01-10 12:00:00+00:00,2020-01-10 16:00:00+00:00,2020-01-09 20:00:00+00:00,8006.83,0,0,8068.26,7808.32,8588.140000000001,0.03221760329984414,True,2020-01-14 04:00:00+00:00,8588.140000000001,0.06443520659968827,31.817603299844137,TP_2R,5040.0
external,LONG,2020-01-14 12:00:00+00:00,2020-01-14 16:00:00+00:00,2020-01-14 04:00:00+00:00,8598.27,0,0,8686.0,8479.54,9098.919999999998,0.023769283905134598,True,2020-01-19 01:00:00+00:00,9098.919999999998,0.047538567810269106,23.369283905134555,TP_2R,6300.0
external,SHORT,2020-01-19 08:00:00+00:00,2020-01-19 12:00:00+00:00,2020-01-19 00:00:00+00:00,8898.88,0,0,8703.44,9135.0,7840.3200000000015,0.04958499168145003,True,2020-01-28 01:00:00+00:00,9135.0,-0.04958499168145014,-25.19249584072507,SL,12300.0
external,LONG,2020-01-28 20:00:00+00:00,2020-01-29 00:00:00+00:00,2020-01-28 12:00:00+00:00,9207.81,0,0,9399.72,9017.46,10164.24,0.040667168809283706,True,2020-02-09 07:40:00+00:00,10164.24,0.08133433761856734,40.267168809283675,TP_2R,16300.0
external,SHORT,2020-02-10 04:00:00+00:00,2020-02-10 08:00:00+00:00,2020-02-09 20:00:00+00:00,10070.0,0,0,9985.69,10125.0,9707.070000000002,0.01395096382923959,True,2020-02-11 15:40:00+00:00,10125.0,-0.01395096382923966,-7.37548191461983,SL,1900.0
external,SHORT,2020-02-13 08:00:00+00:00,2020-02-13 12:00:00+00:00,2020-02-12 08:00:00+00:00,10235.52,0,0,10165.04,10380.0,9735.120000000003,0.021146990075789088,True,2020-02-13 13:35:00+00:00,10380.0,-0.02114699007578902,-10.97349503789451,SL,95.0
external,LONG,2020-02-14 16:00:00+00:00,2020-02-14 20:00:00+00:00,2020-02-14 00:00:00+00:00,10299.0,1,1,10352.09,10255.0,10546.27,0.009378782448761568,True,2020-02-15 01:55:00+00:00,10255.0,-0.009378782448761558,-5.08939122438078,SL,355.0
external,SHORT,2020-02-15 12:00:00+00:00,2020-02-15 16:00:00+00:00,2020-02-15 04:00:00+00:00,10203.98,0,0,9983.03,10271.0,9407.090000000002,0.028845951579830907,True,2020-02-19 17:30:00+00:00,10271.0,-0.028845951579830942,-14.822975789915471,SL,5850.0
external,SHORT,2020-02-19 20:00:00+00:00,2020-02-20 00:00:00+00:00,2020-02-19 08:00:00+00:00,10026.08,0,0,9593.31,10160.23,8459.47,0.05909534873781835,True,2020-02-28 12:20:00+00:00,8459.47,0.11819069747563671,58.69534873781836,TP_2R,12260.0
external,SHORT,2020-02-29 20:00:00+00:00,2020-03-01 00:00:00+00:00,2020-02-29 12:00:00+00:00,8580.0,0,0,8532.5,8679.89,8237.720000000001,0.017273952534427123,True,2020-03-01 12:00:00+00:00,8679.89,-0.017273952534427206,-9.036976267213603,SL,720.0
external,LONG,2020-03-02 12:00:00+00:00,2020-03-02 16:00:00+00:00,2020-03-01 12:00:00+00:00,8762.24,1,1,8829.52,8722.0,9044.560000000001,0.012177332403120491,True,2020-03-03 14:35:00+00:00,8722.0,-0.012177332403120467,-6.488666201560234,SL,1355.0
external,LONG,2020-03-05 00:00:00+00:00,2020-03-05 04:00:00+00:00,2020-03-04 04:00:00+00:00,8853.88,0,0,8878.53,8755.98,9123.630000000003,0.01380296062523876,True,2020-03-05 11:05:00+00:00,9123.630000000003,0.02760592125047756,13.40296062523878,TP_2R,425.0
external,SHORT,2020-03-07 16:00:00+00:00,2020-03-07 20:00:00+00:00,2020-03-07 04:00:00+00:00,9056.1,0,0,8897.31,9204.0,8283.929999999998,0.03446996901310627,True,2020-03-08 16:15:00+00:00,8283.929999999998,0.06893993802621257,34.06996901310628,TP_2R,1215.0
external,LONG,2020-03-10 08:00:00+00:00,2020-03-10 12:00:00+00:00,2020-03-10 00:00:00+00:00,7975.0,0,0,8068.62,7878.6,8448.66,0.02355049562378691,True,2020-03-10 15:30:00+00:00,7878.6,-0.02355049562378686,-12.17524781189343,SL,210.0
external,SHORT,2020-03-12 04:00:00+00:00,2020-03-12 08:00:00+00:00,2020-03-11 16:00:00+00:00,7593.29,1,1,7397.35,7666.26,6859.530000000001,0.03635220720933846,True,2020-03-12 10:35:00+00:00,6859.530000000001,0.07270441441867692,35.95220720933846,TP_2R,155.0
external,SHORT,2020-03-12 20:00:00+00:00,2020-03-13 00:00:00+00:00,2020-03-12 08:00:00+00:00,5199.17,0,0,4762.28,6060.0,2166.8399999999992,0.27249972702151076,True,2020-03-19 16:20:00+00:00,6060.0,-0.2724997270215108,-136.6498635107554,SL,9620.0
external,LONG,2020-03-20 08:00:00+00:00,2020-03-20 12:00:00+00:00,2020-03-19 20:00:00+00:00,6400.0,0,0,6656.63,6300.0,7369.89,0.05357515739946491,True,2020-03-20 18:25:00+00:00,6300.0,-0.053575157399464945,-27.18757869973247,SL,385.0
external,LONG,2020-03-22 00:00:00+00:00,2020-03-22 04:00:00+00:00,2020-03-21 12:00:00+00:00,6269.7,1,1,6347.92,6100.57,6842.620000000001,0.03896551941423338,True,2020-03-22 12:00:00+00:00,6100.57,-0.03896551941423343,-19.882759707116712,SL,480.0
external,SHORT,2020-03-22 16:00:00+00:00,2020-03-22 20:00:00+00:00,2020-03-21 16:00:00+00:00,6035.0,1,1,5908.1,6134.87,5454.560000000001,0.03838289805521225,True,2020-03-22 21:50:00+00:00,6134.87,-0.03838289805521233,-19.591449027606167,SL,110.0
external,LONG,2020-03-23 12:00:00+00:00,2020-03-23 16:00:00+00:00,2020-03-23 04:00:00+00:00,5988.0,0,0,6229.48,5836.95,7014.539999999999,0.06301167994760394,True,2020-04-02 17:00:00+00:00,7014.539999999999,0.12602335989520785,62.611679947603925,TP_2R,14460.0
external,LONG,2020-04-06 04:00:00+00:00,2020-04-06 08:00:00+00:00,2020-04-05 16:00:00+00:00,6853.15,1,1,7024.45,6839.9,7393.55,0.0262725195566913,True,2020-04-07 00:10:00+00:00,7393.55,0.0525450391133826,25.8725195566913,TP_2R,970.0
external,SHORT,2020-04-07 20:00:00+00:00,2020-04-08 00:00:00+00:00,2020-04-07 12:00:00+00:00,7253.05,0,0,7192.9,7289.05,7000.5999999999985,0.013367348357408076,True,2020-04-08 03:00:00+00:00,7289.05,-0.01336734835740816,-7.08367417870408,SL,180.0
external,SHORT,2020-04-09 08:00:00+00:00,2020-04-09 12:00:00+00:00,2020-04-08 12:00:00+00:00,7192.0,0,0,7180.0,7345.0,6850.0,0.02298050139275766,True,2020-04-09 14:00:00+00:00,7345.0,-0.022980501392757757,-11.89025069637888,SL,120.0
external,SHORT,2020-04-10 04:00:00+00:00,2020-04-10 08:00:00+00:00,2020-04-09 12:00:00+00:00,7105.98,0,0,6919.58,7173.03,6412.68,0.03662794562675767,True,2020-04-12 17:05:00+00:00,7173.03,-0.03662794562675775,-18.713972813378874,SL,3425.0
external,SHORT,2020-04-13 00:00:00+00:00,2020-04-13 04:00:00+00:00,2020-04-12 04:00:00+00:00,6775.66,0,0,6671.01,6900.99,6211.050000000001,0.03447453983729593,True,2020-04-14 04:05:00+00:00,6900.99,-0.03447453983729587,-17.637269918647934,SL,1445.0
external,SHORT,2020-04-15 08:00:00+00:00,2020-04-15 12:00:00+00:00,2020-04-15 00:00:00+00:00,6805.0,0,0,6779.29,6878.02,6581.829999999999,0.014563471986004503,True,2020-04-16 00:00:00+00:00,6581.829999999999,0.02912694397200899,14.163471986004494,TP_2R,720.0
external,LONG,2020-04-16 08:00:00+00:00,2020-04-16 12:00:00+00:00,2020-04-15 04:00:00+00:00,6929.0,1,1,7019.97,6864.59,7330.7300000000005,0.02213399772363701,True,2020-04-20 17:45:00+00:00,6864.59,-0.022133997723637,-11.466998861818501,SL,6105.0
external,LONG,2020-04-22 08:00:00+00:00,2020-04-22 12:00:00+00:00,2020-04-21 16:00:00+00:00,6940.0,1,1,6948.99,6915.0,7016.969999999999,0.004891358312502937,True,2020-04-22 13:20:00+00:00,7016.969999999999,0.00978271662500596,4.49135831250298,TP_2R,80.0
external,LONG,2020-04-23 12:00:00+00:00,2020-04-23 16:00:00+00:00,2020-04-23 00:00:00+00:00,7178.0,0,0,7528.15,7101.77,8380.909999999998,0.05663808505409685,True,2020-04-29 13:25:00+00:00,8380.909999999998,0.11327617010819369,56.23808505409684,TP_2R,8485.0
external,LONG,2020-04-30 00:00:00+00:00,2020-04-30 04:00:00+00:00,2020-04-29 16:00:00+00:00,8988.66,0,0,9306.03,8710.0,10498.090000000002,0.0640477195968636,True,2020-04-30 09:55:00+00:00,8710.0,-0.06404771959686362,-32.423859798431806,SL,355.0
external,LONG,2020-05-01 08:00:00+00:00,2020-05-01 12:00:00+00:00,2020-04-30 20:00:00+00:00,8896.22,0,0,9004.86,8755.0,9504.580000000002,0.027747238713317093,True,2020-05-01 14:00:00+00:00,8755.0,-0.02774723871331708,-14.273619356658541,SL,120.0
external,LONG,2020-05-02 12:00:00+00:00,2020-05-02 16:00:00+00:00,2020-05-01 20:00:00+00:00,8899.0,0,0,8942.78,8839.99,9148.360000000002,0.011494188608016842,True,2020-05-02 18:05:00+00:00,8839.99,-0.011494188608016875,-6.147094304008438,SL,125.0
external,LONG,2020-05-03 00:00:00+00:00,2020-05-03 04:00:00+00:00,2020-05-02 16:00:00+00:00,9020.0,0,0,9139.25,8941.0,9535.75,0.021692151981836584,True,2020-05-03 06:10:00+00:00,8941.0,-0.021692151981836605,-11.246075990918303,SL,130.0
external,SHORT,2020-05-03 12:00:00+00:00,2020-05-03 16:00:00+00:00,2020-05-03 04:00:00+00:00,8906.61,0,0,8817.73,9076.83,8299.529999999999,0.02938397977710821,True,2020-05-05 04:50:00+00:00,9076.83,-0.02938397977710827,-15.091989888554137,SL,2210.0
external,LONG,2020-05-06 08:00:00+00:00,2020-05-06 12:00:00+00:00,2020-05-06 00:00:00+00:00,9071.98,0,0,9321.83,8994.6,9976.289999999999,0.03510362235741261,True,2020-05-07 23:25:00+00:00,9976.289999999999,0.0702072447148252,34.703622357412605,TP_2R,2125.0
external,SHORT,2020-05-09 04:00:00+00:00,2020-05-09 08:00:00+00:00,2020-05-08 12:00:00+00:00,9800.0,1,1,9608.49,9888.0,9049.47,0.02908989862090716,True,2020-05-10 00:15:00+00:00,9049.47,0.058179797241814324,28.689898620907165,TP_2R,975.0
external,LONG,2020-05-11 08:00:00+00:00,2020-05-11 12:00:00+00:00,2020-05-10 20:00:00+00:00,8837.4,0,0,8924.0,8472.01,9827.98,0.050648812191842196,True,2020-05-11 16:35:00+00:00,8472.01,-0.05064881219184225,-25.724406095921125,SL,275.0
external,LONG,2020-05-13 08:00:00+00:00,2020-05-13 12:00:00+00:00,2020-05-13 00:00:00+00:00,8971.0,0,0,9034.05,8828.0,9446.149999999998,0.022808153596670298,True,2020-05-14 05:50:00+00:00,9446.149999999998,0.045616307193340644,22.408153596670324,TP_2R,1070.0
external,SHORT,2020-05-16 16:00:00+00:00,2020-05-16 20:00:00+00:00,2020-05-16 08:00:00+00:00,9326.0,0,0,9325.59,9410.0,9156.77,0.009051438032338956,True,2020-05-16 21:05:00+00:00,9410.0,-0.009051438032338988,-4.925719016169494,SL,65.0
external,LONG,2020-05-17 00:00:00+00:00,2020-05-17 04:00:00+00:00,2020-05-16 12:00:00+00:00,9529.53,0,0,9539.0,9317.16,9982.68,0.02325610651011638,True,2020-05-20 15:50:00+00:00,9317.16,-0.023256106510116337,-12.028053255058168,SL,5030.0
external,SHORT,2020-05-21 12:00:00+00:00,2020-05-21 16:00:00+00:00,2020-05-20 12:00:00+00:00,9281.42,1,1,9081.89,9390.0,8465.669999999998,0.03392575774425814,True,2020-05-28 12:40:00+00:00,9390.0,-0.03392575774425821,-17.362878872129105,SL,9880.0
external,LONG,2020-05-30 20:00:00+00:00,2020-05-31 00:00:00+00:00,2020-05-30 04:00:00+00:00,9596.0,0,0,9694.38,9390.0,10303.139999999998,0.03139757261423621,True,2020-05-31 23:05:00+00:00,9390.0,-0.03139757261423626,-16.09878630711813,SL,1385.0
external,LONG,2020-06-01 20:00:00+00:00,2020-06-02 00:00:00+00:00,2020-06-01 04:00:00+00:00,9615.0,0,0,10232.41,9555.0,11587.23,0.06620239024824062,True,2020-06-02 14:45:00+00:00,9555.0,-0.0662023902482406,-33.501195124120294,SL,885.0
external,LONG,2020-06-03 08:00:00+00:00,2020-06-03 12:00:00+00:00,2020-06-02 20:00:00+00:00,9548.97,0,0,9614.16,9486.34,9869.8,0.013294973247792809,True,2020-06-03 14:10:00+00:00,9486.34,-0.01329497324779283,-7.047486623896415,SL,130.0
external,LONG,2020-06-03 20:00:00+00:00,2020-06-04 00:00:00+00:00,2020-06-03 12:00:00+00:00,9644.0,0,0,9663.58,9556.59,9877.56,0.01107146626819458,True,2020-06-04 09:15:00+00:00,9556.59,-0.011071466268194552,-5.935733134097276,SL,555.0
external,LONG,2020-06-04 12:00:00+00:00,2020-06-04 16:00:00+00:00,2020-06-03 20:00:00+00:00,9694.75,0,0,9828.11,9602.0,10280.330000000002,0.023006458006676826,True,2020-06-05 11:50:00+00:00,9602.0,-0.023006458006676778,-11.903229003338389,SL,1190.0
external,SHORT,2020-06-07 08:00:00+00:00,2020-06-07 12:00:00+00:00,2020-06-07 00:00:00+00:00,9622.46,0,0,9573.65,9678.09,9364.769999999999,0.010909109900612673,True,2020-06-07 19:40:00+00:00,9678.09,-0.010909109900612668,-5.854554950306334,SL,460.0
external,LONG,2020-06-09 20:00:00+00:00,2020-06-10 00:00:00+00:00,2020-06-09 12:00:00+00:00,9750.0,0,0,9771.66,9688.0,9938.98,0.008561493134226923,True,2020-06-10 18:35:00+00:00,9938.98,0.017122986268453877,8.161493134226939,TP_2R,1115.0
external,SHORT,2020-06-11 12:00:00+00:00,2020-06-11 16:00:00+00:00,2020-06-11 04:00:00+00:00,9755.0,0,0,9525.02,9796.88,8981.300000000003,0.028541672353443747,True,2020-06-15 05:50:00+00:00,8981.300000000003,0.05708334470688747,28.141672353443738,TP_2R,5150.0
external,LONG,2020-06-16 00:00:00+00:00,2020-06-16 04:00:00+00:00,2020-06-13 16:00:00+00:00,9497.85,0,0,9559.87,9370.0,9939.610000000002,0.01986114873947039,True,2020-06-17 14:30:00+00:00,9370.0,-0.019861148739470424,-10.330574369735212,SL,2070.0
external,SHORT,2020-06-19 00:00:00+00:00,2020-06-19 04:00:00+00:00,2020-06-18 08:00:00+00:00,9373.3,1,1,9268.73,9382.21,9041.77,0.01224331704559304,True,2020-06-19 09:15:00+00:00,9382.21,-0.012243317045593116,-6.521658522796558,SL,315.0
external,SHORT,2020-06-20 12:00:00+00:00,2020-06-20 16:00:00+00:00,2020-06-19 20:00:00+00:00,9257.0,1,1,9256.39,9330.0,9109.169999999998,0.007952344272443209,True,2020-06-20 21:05:00+00:00,9330.0,-0.00795234427244318,-4.37617213622159,SL,305.0
external,LONG,2020-06-22 04:00:00+00:00,2020-06-22 08:00:00+00:00,2020-06-21 12:00:00+00:00,9386.79,1,1,9416.74,9370.0,9510.22,0.0049635011691944115,True,2020-06-22 16:05:00+00:00,9510.22,0.009927002338388835,4.563501169194417,TP_2R,485.0
external,SHORT,2020-06-24 04:00:00+00:00,2020-06-24 08:00:00+00:00,2020-06-23 20:00:00+00:00,9592.74,0,0,9518.88,9678.0,9200.639999999998,0.016716252332207235,True,2020-06-25 03:05:00+00:00,9200.639999999998,0.0334325046644145,16.31625233220725,TP_2R,1145.0
external,SHORT,2020-06-26 04:00:00+00:00,2020-06-26 08:00:00+00:00,2020-06-25 12:00:00+00:00,9157.74,0,0,9143.66,9270.0,8890.98,0.01381722417500215,True,2020-06-27 19:50:00+00:00,8890.98,0.02763444835000428,13.41722417500214,TP_2R,2150.0
external,LONG,2020-06-29 16:00:00+00:00,2020-06-29 20:00:00+00:00,2020-06-29 08:00:00+00:00,9136.66,0,0,9157.23,9101.0,9269.689999999999,0.006140503187099108,True,2020-06-30 13:00:00+00:00,9101.0,-0.006140503187099133,-3.4702515935495666,SL,1020.0
external,LONG,2020-07-01 12:00:00+00:00,2020-07-01 16:00:00+00:00,2020-06-30 12:00:00+00:00,9188.0,1,1,9263.75,9137.19,9516.869999999999,0.013661854000809553,True,2020-07-02 15:00:00+00:00,9137.19,-0.013661854000809548,-7.230927000404774,SL,1380.0
external,LONG,2020-07-04 16:00:00+00:00,2020-07-04 20:00:00+00:00,2020-07-03 08:00:00+00:00,9124.52,0,0,9131.33,9062.0,9269.99,0.00759254128369032,True,2020-07-05 06:55:00+00:00,9062.0,-0.007592541283690357,-4.196270641845179,SL,655.0
external,SHORT,2020-07-05 08:00:00+00:00,2020-07-05 12:00:00+00:00,2020-07-04 12:00:00+00:00,9042.84,1,1,9035.33,9076.02,8953.949999999999,0.004503432636107426,True,2020-07-05 21:15:00+00:00,8953.949999999999,0.009006865272214837,4.103432636107418,TP_2R,555.0
external,LONG,2020-07-06 04:00:00+00:00,2020-07-06 08:00:00+00:00,2020-07-04 16:00:00+00:00,9194.0,0,0,9199.72,9080.14,9438.88,0.012998221685007798,True,2020-07-08 13:50:00+00:00,9438.88,0.0259964433700155,12.598221685007749,TP_2R,3230.0
external,SHORT,2020-07-09 12:00:00+00:00,2020-07-09 16:00:00+00:00,2020-07-09 00:00:00+00:00,9360.0,1,1,9210.99,9435.0,8762.97,0.0243198613829784,True,2020-07-21 13:25:00+00:00,9435.0,-0.02431986138297848,-12.55993069148924,SL,17125.0
external,LONG,2020-07-22 20:00:00+00:00,2020-07-23 00:00:00+00:00,2020-07-21 20:00:00+00:00,9389.94,0,0,9518.25,9357.47,9839.810000000001,0.01689176056523002,True,2020-07-26 09:50:00+00:00,9839.810000000001,0.033783521130460015,16.49176056523001,TP_2R,4910.0
external,LONG,2020-07-27 16:00:00+00:00,2020-07-27 20:00:00+00:00,2020-07-27 00:00:00+00:00,10360.0,1,1,10806.52,10304.1,11811.36,0.04649230279497933,True,2020-08-01 19:25:00+00:00,11811.36,0.09298460558995858,46.09230279497929,TP_2R,7165.0
external,SHORT,2020-08-02 04:00:00+00:00,2020-08-02 08:00:00+00:00,2020-08-01 12:00:00+00:00,11505.0,0,0,11327.7,12154.25,9674.600000000002,0.0729671513193322,True,2020-08-17 13:20:00+00:00,12154.25,-0.07296715131933218,-36.883575659666086,SL,21920.0
external,SHORT,2020-08-18 08:00:00+00:00,2020-08-18 12:00:00+00:00,2020-08-17 20:00:00+00:00,12224.88,1,1,12188.0,12321.0,11922.0,0.010912372825730227,True,2020-08-18 14:15:00+00:00,11922.0,0.02182474565146042,10.512372825730209,TP_2R,135.0
external,LONG,2020-08-20 12:00:00+00:00,2020-08-20 16:00:00+00:00,2020-08-20 00:00:00+00:00,11833.97,0,0,11861.0,11743.08,12096.84,0.009941826152938206,True,2020-08-21 10:45:00+00:00,11743.08,-0.00994182615293826,-5.37091307646913,SL,1125.0
external,LONG,2020-08-22 20:00:00+00:00,2020-08-23 00:00:00+00:00,2020-08-22 12:00:00+00:00,11645.66,0,0,11670.48,11577.7,11856.039999999997,0.007949972923135882,True,2020-08-23 05:30:00+00:00,11577.7,-0.007949972923135928,-4.374986461567964,SL,330.0
external,SHORT,2020-08-23 08:00:00+00:00,2020-08-23 12:00:00+00:00,2020-08-22 16:00:00+00:00,11560.0,0,0,11532.84,11624.0,11350.52,0.007904384349388343,True,2020-08-23 13:25:00+00:00,11624.0,-0.00790438434938845,-4.352192174694225,SL,85.0
external,LONG,2020-08-24 04:00:00+00:00,2020-08-24 08:00:00+00:00,2020-08-23 20:00:00+00:00,11724.0,0,0,11762.14,11645.71,11995.0,0.00989870890841295,True,2020-08-25 06:20:00+00:00,11645.71,-0.009898708908412934,-5.349354454206468,SL,1340.0
external,LONG,2020-08-26 12:00:00+00:00,2020-08-26 16:00:00+00:00,2020-08-26 00:00:00+00:00,11408.95,1,1,11484.57,11255.95,11941.809999999998,0.01990670961124352,True,2020-08-27 17:00:00+00:00,11255.95,-0.019906709611243523,-10.35335480562176,SL,1500.0
external,LONG,2020-08-29 04:00:00+00:00,2020-08-29 08:00:00+00:00,2020-08-28 16:00:00+00:00,11544.88,0,0,11558.99,11482.62,11711.729999999998,0.006606978637406813,True,2020-08-29 10:45:00+00:00,11482.62,-0.00660697863740678,-3.7034893187033897,SL,165.0
external,LONG,2020-08-30 00:00:00+00:00,2020-08-30 04:00:00+00:00,2020-08-29 16:00:00+00:00,11549.99,0,0,11616.24,11457.88,11932.960000000001,0.013632638444109332,True,2020-09-01 07:05:00+00:00,11932.960000000001,0.02726527688821867,13.232638444109336,TP_2R,3065.0
external,SHORT,2020-09-02 04:00:00+00:00,2020-09-02 08:00:00+00:00,2020-09-01 12:00:00+00:00,11812.0,0,0,11737.66,11910.3,11392.380000000001,0.014708212710199429,True,2020-09-02 11:10:00+00:00,11392.380000000001,0.029416425420398906,14.308212710199452,TP_2R,190.0
external,SHORT,2020-09-03 12:00:00+00:00,2020-09-03 16:00:00+00:00,2020-09-02 08:00:00+00:00,11156.0,0,0,10683.82,11263.76,9523.939999999999,0.05428208262587731,True,2020-10-10 02:05:00+00:00,11263.76,-0.054282082625877415,-27.541041312938706,SL,52445.0
external,LONG,2020-10-11 12:00:00+00:00,2020-10-11 16:00:00+00:00,2020-10-11 00:00:00+00:00,11399.86,1,1,11404.7,11333.03,11548.04,0.006284251229756159,True,2020-10-11 19:35:00+00:00,11333.03,-0.006284251229756177,-3.5421256148780884,SL,215.0
external,SHORT,2020-10-12 08:00:00+00:00,2020-10-12 12:00:00+00:00,2020-10-11 20:00:00+00:00,11278.0,0,0,11246.31,11394.64,10949.65,0.01318921495139294,True,2020-10-12 13:35:00+00:00,11394.64,-0.013189214951393025,-6.994607475696513,SL,95.0
external,SHORT,2020-10-13 12:00:00+00:00,2020-10-13 16:00:00+00:00,2020-10-13 00:00:00+00:00,11412.0,1,1,11384.53,11508.73,11136.130000000003,0.01090954128101897,True,2020-10-14 13:40:00+00:00,11508.73,-0.010909541281018953,-5.854770640509477,SL,1300.0
external,LONG,2020-10-15 16:00:00+00:00,2020-10-15 20:00:00+00:00,2020-10-14 20:00:00+00:00,11433.18,0,0,11518.48,11362.0,11831.439999999999,0.013585125815211692,True,2020-10-16 04:10:00+00:00,11362.0,-0.013585125815211652,-7.192562907605826,SL,490.0
external,LONG,2020-10-18 04:00:00+00:00,2020-10-18 08:00:00+00:00,2020-10-17 12:00:00+00:00,11424.09,0,0,11452.45,11360.52,11636.310000000001,0.008027103370894462,True,2020-10-19 13:00:00+00:00,11636.310000000001,0.016054206741789034,7.627103370894517,TP_2R,1740.0
external,LONG,2020-10-20 12:00:00+00:00,2020-10-20 16:00:00+00:00,2020-10-19 16:00:00+00:00,11830.0,1,1,11920.76,11760.0,12242.28,0.013485717353591567,True,2020-10-21 04:20:00+00:00,12242.28,0.026971434707183217,13.085717353591608,TP_2R,740.0
external,LONG,2020-10-22 16:00:00+00:00,2020-10-22 20:00:00+00:00,2020-10-22 08:00:00+00:00,13031.37,0,0,13072.18,12915.02,13386.5,0.012022478270648037,True,2020-10-23 00:00:00+00:00,12915.02,-0.012022478270648063,-6.411239135324031,SL,240.0
external,LONG,2020-10-24 12:00:00+00:00,2020-10-24 16:00:00+00:00,2020-10-24 00:00:00+00:00,13015.02,0,0,13103.87,12927.68,13456.250000000002,0.013445646209860178,True,2020-10-25 05:45:00+00:00,12927.68,-0.013445646209860218,-7.122823104930109,SL,825.0
external,LONG,2020-10-26 00:00:00+00:00,2020-10-26 04:00:00+00:00,2020-10-25 16:00:00+00:00,13047.0,0,0,13086.22,12964.11,13330.439999999997,0.0093311896024978,True,2020-10-26 08:25:00+00:00,12964.11,-0.009331189602497791,-5.065594801248896,SL,265.0
external,LONG,2020-10-27 08:00:00+00:00,2020-10-27 12:00:00+00:00,2020-10-26 12:00:00+00:00,13240.0,0,0,13448.85,13080.06,14186.430000000002,0.027421675459240073,True,2020-10-28 14:00:00+00:00,13080.06,-0.027421675459240125,-14.110837729620062,SL,1560.0
external,LONG,2020-10-29 12:00:00+00:00,2020-10-29 16:00:00+00:00,2020-10-29 04:00:00+00:00,13338.25,0,0,13428.88,12965.0,14356.639999999998,0.034543461554500395,True,2020-11-05 02:20:00+00:00,14356.639999999998,0.06908692310900078,34.14346155450039,TP_2R,9260.0
external,SHORT,2020-11-07 16:00:00+00:00,2020-11-07 20:00:00+00:00,2020-11-06 20:00:00+00:00,15177.0,0,0,14654.73,15421.58,13121.029999999999,0.05232781497850867,True,2020-11-08 15:10:00+00:00,15421.58,-0.05232781497850869,-26.563907489254344,SL,1150.0
external,LONG,2020-11-09 08:00:00+00:00,2020-11-09 12:00:00+00:00,2020-11-09 00:00:00+00:00,15598.0,0,0,15807.89,15133.0,17157.67,0.0426932373643794,True,2020-11-09 14:55:00+00:00,15133.0,-0.042693237364379355,-21.746618682189677,SL,175.0
external,SHORT,2020-11-10 12:00:00+00:00,2020-11-10 16:00:00+00:00,2020-11-10 00:00:00+00:00,15181.5,1,1,15167.88,15397.0,14709.639999999998,0.015105604738434166,True,2020-11-11 00:25:00+00:00,15397.0,-0.015105604738434142,-7.952802369217071,SL,505.0
external,LONG,2020-11-11 08:00:00+00:00,2020-11-11 12:00:00+00:00,2020-11-11 00:00:00+00:00,15520.0,0,0,15576.66,15365.49,15999.0,0.01355682155224548,True,2020-11-11 18:05:00+00:00,15999.0,0.027113643104490937,13.156821552245468,TP_2R,365.0
external,LONG,2020-11-12 12:00:00+00:00,2020-11-12 16:00:00+00:00,2020-11-11 16:00:00+00:00,16000.0,1,1,16123.99,15747.0,16877.97,0.02338068927107991,True,2020-11-14 10:00:00+00:00,15747.0,-0.023380689271079946,-12.090344635539973,SL,2520.0
external,LONG,2020-11-16 04:00:00+00:00,2020-11-16 08:00:00+00:00,2020-11-15 08:00:00+00:00,16161.23,0,0,16232.93,15977.16,16744.47,0.015756243635622186,True,2020-11-16 17:30:00+00:00,16744.47,0.03151248727124445,15.356243635622224,TP_2R,570.0
external,LONG,2020-11-17 08:00:00+00:00,2020-11-17 12:00:00+00:00,2020-11-16 20:00:00+00:00,16882.0,0,0,17002.0,16629.49,17747.019999999997,0.02190977532055043,True,2020-11-17 16:55:00+00:00,17747.019999999997,0.04381955064110077,21.509775320550386,TP_2R,295.0
external,LONG,2020-11-18 00:00:00+00:00,2020-11-18 04:00:00+00:00,2020-11-17 16:00:00+00:00,17890.1,0,0,18071.58,17611.7,18991.340000000004,0.025447691900763573,True,2020-11-18 05:35:00+00:00,17611.7,-0.02544769190076357,-13.123845950381785,SL,95.0
external,LONG,2020-11-20 04:00:00+00:00,2020-11-20 08:00:00+00:00,2020-11-19 12:00:00+00:00,18200.0,0,0,18221.69,17955.02,18755.029999999995,0.014634756710272114,True,2020-11-20 15:50:00+00:00,18755.029999999995,0.02926951342054429,14.234756710272146,TP_2R,470.0
external,SHORT,2020-11-22 08:00:00+00:00,2020-11-22 12:00:00+00:00,2020-11-21 12:00:00+00:00,18302.08,0,0,17924.92,18531.71,16711.339999999997,0.033851754986912126,True,2020-11-22 16:50:00+00:00,18531.71,-0.033851754986912175,-17.325877493456087,SL,290.0
external,LONG,2020-11-24 08:00:00+00:00,2020-11-24 12:00:00+00:00,2020-11-24 00:00:00+00:00,18560.0,0,0,19089.69,18381.99,20505.089999999993,0.037072367335456845,True,2020-11-26 02:50:00+00:00,18381.99,-0.037072367335456824,-18.93618366772841,SL,2330.0
external,SHORT,2020-11-26 12:00:00+00:00,2020-11-26 16:00:00+00:00,2020-11-26 00:00:00+00:00,17100.0,1,1,16919.0,17415.43,15926.14,0.029341568650629486,True,2020-11-27 00:55:00+00:00,17415.43,-0.029341568650629535,-15.070784325314767,SL,535.0
external,LONG,2020-11-28 12:00:00+00:00,2020-11-28 16:00:00+00:00,2020-11-28 00:00:00+00:00,17197.94,1,1,17519.42,17079.61,18399.039999999994,0.025104141575462983,True,2020-11-30 00:25:00+00:00,18399.039999999994,0.05020828315092607,24.704141575463037,TP_2R,1945.0
external,LONG,2020-11-30 12:00:00+00:00,2020-11-30 16:00:00+00:00,2020-11-30 04:00:00+00:00,18691.0,0,0,19340.45,18601.0,20819.350000000002,0.03823333996882186,True,2020-12-01 12:25:00+00:00,18601.0,-0.03823333996882183,-19.516669984410914,SL,1225.0
external,LONG,2020-12-03 08:00:00+00:00,2020-12-03 12:00:00+00:00,2020-12-03 00:00:00+00:00,19314.43,0,0,19420.01,19100.0,20060.029999999995,0.016478364326279873,True,2020-12-04 10:10:00+00:00,19100.0,-0.016478364326279915,-8.639182163139958,SL,1330.0
external,SHORT,2020-12-04 20:00:00+00:00,2020-12-05 00:00:00+00:00,2020-12-04 12:00:00+00:00,18669.13,0,0,18662.72,19049.0,17890.160000000003,0.02069794756605676,True,2020-12-05 08:15:00+00:00,19049.0,-0.020697947566056696,-10.74897378302835,SL,495.0
external,LONG,2020-12-06 04:00:00+00:00,2020-12-06 08:00:00+00:00,2020-12-05 16:00:00+00:00,19186.07,1,1,19238.17,19112.0,19490.509999999995,0.006558316097632896,True,2020-12-06 08:30:00+00:00,19112.0,-0.00655831609763291,-3.679158048816455,SL,30.0
external,LONG,2020-12-06 20:00:00+00:00,2020-12-07 00:00:00+00:00,2020-12-06 00:00:00+00:00,19355.0,0,0,19375.0,19050.12,20024.760000000002,0.016768000000000054,True,2020-12-07 18:15:00+00:00,19050.12,-0.016768000000000005,-8.784000000000002,SL,1095.0
external,SHORT,2020-12-08 08:00:00+00:00,2020-12-08 12:00:00+00:00,2020-12-07 16:00:00+00:00,18908.66,0,0,18765.93,19177.31,17943.17,0.021921642039589885,True,2020-12-09 07:50:00+00:00,17943.17,0.04384328407917981,21.521642039589906,TP_2R,1190.0
external,LONG,2020-12-09 20:00:00+00:00,2020-12-10 00:00:00+00:00,2020-12-09 12:00:00+00:00,18515.0,0,0,18537.97,18200.0,19213.910000000003,0.0182312302803382,True,2020-12-10 10:15:00+00:00,18200.0,-0.01823123028033824,-9.51561514016912,SL,615.0
external,SHORT,2020-12-10 12:00:00+00:00,2020-12-10 16:00:00+00:00,2020-12-09 16:00:00+00:00,18158.0,1,1,18131.28,18289.57,17814.699999999997,0.008730216509810719,True,2020-12-10 18:45:00+00:00,18289.57,-0.008730216509810651,-4.765108254905326,SL,165.0
external,SHORT,2020-12-11 04:00:00+00:00,2020-12-11 08:00:00+00:00,2020-12-10 12:00:00+00:00,17916.0,1,1,17810.0,18042.64,17344.72,0.013062324536777059,True,2020-12-11 14:55:00+00:00,18042.64,-0.013062324536777137,-6.931162268388569,SL,415.0
external,LONG,2020-12-12 00:00:00+00:00,2020-12-12 04:00:00+00:00,2020-12-11 12:00:00+00:00,18134.0,1,1,18271.8,18012.21,18790.98,0.014207138869733696,True,2020-12-12 19:25:00+00:00,18790.98,0.028414277739467364,13.807138869733683,TP_2R,925.0
external,LONG,2020-12-13 04:00:00+00:00,2020-12-13 08:00:00+00:00,2020-12-12 20:00:00+00:00,18950.0,0,0,19243.58,18760.0,20210.740000000005,0.025129419785715635,True,2020-12-16 13:40:00+00:00,20210.740000000005,0.05025883957143118,24.729419785715592,TP_2R,4660.0
external,LONG,2020-12-19 12:00:00+00:00,2020-12-19 16:00:00+00:00,2020-12-19 00:00:00+00:00,23256.86,0,0,23569.03,22908.19,24890.71,0.028038489492355018,True,2020-12-21 10:15:00+00:00,22908.19,-0.02803848949235499,-14.419244746177496,SL,2535.0
external,LONG,2020-12-22 12:00:00+00:00,2020-12-22 16:00:00+00:00,2020-12-21 16:00:00+00:00,23330.0,0,0,23364.45,23075.0,23943.350000000002,0.01238847907825781,True,2020-12-23 00:50:00+00:00,23943.350000000002,0.024776958156515594,11.988479078257797,TP_2R,530.0
external,LONG,2020-12-24 20:00:00+00:00,2020-12-25 00:00:00+00:00,2020-12-24 08:00:00+00:00,23496.0,0,0,23738.75,23277.0,24662.25,0.01945131904586383,True,2020-12-25 11:35:00+00:00,24662.25,0.03890263809172767,19.051319045863835,TP_2R,695.0
external,LONG,2020-12-25 20:00:00+00:00,2020-12-26 00:00:00+00:00,2020-12-25 08:00:00+00:00,24718.0,0,0,24729.99,24227.1,25735.770000000008,0.020335228603004005,True,2020-12-26 16:00:00+00:00,25735.770000000008,0.040670457206007926,19.935228603003964,TP_2R,960.0
external,SHORT,2020-12-29 00:00:00+00:00,2020-12-29 04:00:00+00:00,2020-12-28 08:00:00+00:00,26600.0,1,1,26478.0,27139.79,25154.42,0.02499395724752628,True,2020-12-29 21:00:00+00:00,27139.79,-0.024993957247526177,-12.896978623763088,SL,1020.0
external,LONG,2020-12-30 16:00:00+00:00,2020-12-30 20:00:00+00:00,2020-12-30 04:00:00+00:00,28656.9,0,0,28806.79,27921.27,30577.83,0.03073997484620815,True,2020-12-31 13:10:00+00:00,27921.27,-0.030739974846208162,-15.769987423104082,SL,1030.0
external,LONG,2021-01-02 04:00:00+00:00,2021-01-02 08:00:00+00:00,2021-01-01 12:00:00+00:00,29668.86,0,0,29778.77,29230.0,30876.31,0.018428229238480986,True,2021-01-02 12:45:00+00:00,30876.31,0.03685645847696195,18.028229238480975,TP_2R,285.0
external,LONG,2021-01-03 04:00:00+00:00,2021-01-03 08:00:00+00:00,2021-01-02 16:00:00+00:00,33480.0,0,0,34476.0,32472.0,38484.0,0.058127392969021925,True,2021-01-03 18:35:00+00:00,32472.0,-0.05812739296902192,-29.463696484510958,SL,635.0
external,SHORT,2021-01-04 04:00:00+00:00,2021-01-04 08:00:00+00:00,2021-01-03 16:00:00+00:00,32400.0,0,0,32187.38,33653.56,29255.020000000008,0.04555139312364028,True,2021-01-04 10:15:00+00:00,29255.020000000008,0.09110278624728052,45.15139312364026,TP_2R,135.0
external,LONG,2021-01-05 16:00:00+00:00,2021-01-05 20:00:00+00:00,2021-01-05 00:00:00+00:00,32900.0,0,0,33747.0,31802.25,37636.5,0.05762734465285803,True,2021-01-07 03:25:00+00:00,37636.5,0.11525468930571603,57.227344652858015,TP_2R,1885.0
external,LONG,2021-01-07 08:00:00+00:00,2021-01-07 12:00:00+00:00,2021-01-07 00:00:00+00:00,37795.42,0,0,37919.72,36337.36,41084.44,0.041729211080672554,True,2021-01-08 10:45:00+00:00,41084.44,0.08345842216134503,41.329211080672515,TP_2R,1365.0
external,SHORT,2021-01-10 08:00:00+00:00,2021-01-10 12:00:00+00:00,2021-01-09 16:00:00+00:00,39850.0,0,0,39233.99,41226.26,35249.44999999999,0.05077918406973148,True,2021-01-11 03:20:00+00:00,35249.44999999999,0.10155836813946295,50.37918406973148,TP_2R,920.0
external,SHORT,2021-01-11 12:00:00+00:00,2021-01-11 16:00:00+00:00,2021-01-11 04:00:00+00:00,32600.0,0,0,31618.49,35146.14,24563.190000000006,0.11156921155943872,True,2021-01-11 23:15:00+00:00,35146.14,-0.11156921155943866,-56.18460577971933,SL,435.0
external,LONG,2021-01-12 04:00:00+00:00,2021-01-12 08:00:00+00:00,2021-01-11 20:00:00+00:00,35619.0,0,0,36447.1,34543.79,40253.719999999994,0.05222116437247402,True,2021-01-12 13:25:00+00:00,34543.79,-0.05222116437247404,-26.510582186237016,SL,325.0
external,LONG,2021-01-13 16:00:00+00:00,2021-01-13 20:00:00+00:00,2021-01-13 08:00:00+00:00,35325.39,0,0,36035.42,34421.39,39263.479999999996,0.04479009818672847,True,2021-01-14 14:05:00+00:00,39263.479999999996,0.08958019637345704,44.39009818672852,TP_2R,1085.0
external,SHORT,2021-01-15 08:00:00+00:00,2021-01-15 12:00:00+00:00,2021-01-14 20:00:00+00:00,38385.0,1,1,38163.34,38850.0,36790.01999999999,0.01799265997158539,True,2021-01-15 14:45:00+00:00,36790.01999999999,0.03598531994317078,17.59265997158539,TP_2R,165.0
external,LONG,2021-01-16 08:00:00+00:00,2021-01-16 12:00:00+00:00,2021-01-16 00:00:00+00:00,37687.0,0,0,37750.0,36405.59,40438.82000000001,0.03561350993377493,True,2021-01-16 18:55:00+00:00,36405.59,-0.03561350993377488,-18.206754966887438,SL,415.0
external,SHORT,2021-01-17 04:00:00+00:00,2021-01-17 08:00:00+00:00,2021-01-16 20:00:00+00:00,35366.0,0,0,34787.76,36431.22,31500.840000000004,0.04724247838895057,True,2021-01-17 21:10:00+00:00,36431.22,-0.04724247838895046,-24.02123919447523,SL,790.0
external,SHORT,2021-01-19 20:00:00+00:00,2021-01-20 00:00:00+00:00,2021-01-19 04:00:00+00:00,36210.0,1,1,35891.74,36843.99,33987.24,0.02653117402499851,True,2021-01-20 16:00:00+00:00,33987.24,0.05306234804999699,26.131174024998494,TP_2R,960.0
external,SHORT,2021-01-21 08:00:00+00:00,2021-01-21 12:00:00+00:00,2021-01-20 16:00:00+00:00,33403.0,0,0,32247.14,34728.2,27285.020000000004,0.07693891613333764,True,2021-01-25 14:05:00+00:00,34728.2,-0.07693891613333759,-38.86945806666879,SL,5885.0
external,SHORT,2021-01-25 20:00:00+00:00,2021-01-26 00:00:00+00:00,2021-01-25 08:00:00+00:00,32800.0,0,0,32253.68,33500.57,29759.9,0.0386588445101458,True,2021-01-27 14:35:00+00:00,29759.9,0.07731768902029157,38.258844510145785,TP_2R,2315.0
external,LONG,2021-01-28 12:00:00+00:00,2021-01-28 16:00:00+00:00,2021-01-28 04:00:00+00:00,31908.04,0,0,31937.9,31180.46,33452.780000000006,0.02371602390889828,True,2021-01-28 22:55:00+00:00,33452.780000000006,0.04743204781779653,23.316023908898266,TP_2R,415.0
external,LONG,2021-01-29 08:00:00+00:00,2021-01-29 12:00:00+00:00,2021-01-29 00:00:00+00:00,34380.0,0,0,37069.44,32040.54,47127.240000000005,0.13566161236857102,True,2021-02-08 23:25:00+00:00,47127.240000000005,0.271323224737142,135.26161236857098,TP_2R,15085.0
external,SHORT,2021-02-10 12:00:00+00:00,2021-02-10 16:00:00+00:00,2021-02-10 04:00:00+00:00,45690.0,0,0,44397.24,46685.95,39819.82,0.051550727027175544,True,2021-02-11 12:00:00+00:00,46685.95,-0.05155072702717556,-26.175363513587776,SL,1200.0
external,LONG,2021-02-14 04:00:00+00:00,2021-02-14 08:00:00+00:00,2021-02-13 00:00:00+00:00,48290.0,0,0,48823.84,47312.2,51847.119999999995,0.030961104247433213,True,2021-02-15 02:15:00+00:00,47312.2,-0.030961104247433258,-15.88055212371663,SL,1095.0
external,LONG,2021-02-16 00:00:00+00:00,2021-02-16 04:00:00+00:00,2021-02-15 16:00:00+00:00,48872.9,0,0,49716.61,47101.02,54947.79000000001,0.05260998286085885,True,2021-02-19 16:40:00+00:00,54947.79000000001,0.10521996572171766,52.20998286085883,TP_2R,5080.0
external,LONG,2021-02-20 16:00:00+00:00,2021-02-20 20:00:00+00:00,2021-02-20 00:00:00+00:00,56766.66,1,1,57063.18,56228.42,58732.700000000004,0.014628697524393173,True,2021-02-20 22:00:00+00:00,56228.42,-0.01462869752439322,-7.71434876219661,SL,120.0
external,LONG,2021-02-21 16:00:00+00:00,2021-02-21 20:00:00+00:00,2021-02-21 08:00:00+00:00,58011.57,0,0,58181.37,57100.0,60344.11000000001,0.01858619004674525,True,2021-02-21 22:35:00+00:00,57100.0,-0.01858619004674522,-9.693095023372612,SL,155.0
external,SHORT,2021-02-22 08:00:00+00:00,2021-02-22 12:00:00+00:00,2021-02-21 08:00:00+00:00,55917.51,1,1,54606.16,56699.0,50420.48000000001,0.03832607896251991,True,2021-02-22 14:10:00+00:00,50420.48000000001,0.07665215792503988,37.92607896251994,TP_2R,130.0
external,SHORT,2021-02-23 08:00:00+00:00,2021-02-23 12:00:00+00:00,2021-02-22 12:00:00+00:00,47751.42,0,0,46386.41,50061.62,39035.990000000005,0.07923031767278388,True,2021-02-24 01:55:00+00:00,50061.62,-0.07923031767278399,-40.015158836392,SL,835.0
external,SHORT,2021-02-25 20:00:00+00:00,2021-02-26 00:00:00+00:00,2021-02-25 08:00:00+00:00,48578.67,0,0,47087.97,49587.0,42089.91,0.053071516992556675,True,2021-03-01 23:15:00+00:00,49587.0,-0.05307151699255663,-26.935758496278314,SL,5715.0
external,SHORT,2021-03-02 16:00:00+00:00,2021-03-02 20:00:00+00:00,2021-03-02 08:00:00+00:00,48287.11,0,0,47494.92,48740.0,45004.759999999995,0.02621501415309262,True,2021-03-03 00:30:00+00:00,48740.0,-0.026215014153092575,-13.507507076546288,SL,270.0
external,LONG,2021-03-03 04:00:00+00:00,2021-03-03 08:00:00+00:00,2021-03-02 12:00:00+00:00,49714.72,0,0,49763.58,48670.66,51949.42,0.021962246285335545,True,2021-03-03 12:30:00+00:00,51949.42,0.04392449257067099,21.562246285335497,TP_2R,270.0
external,SHORT,2021-03-04 00:00:00+00:00,2021-03-04 04:00:00+00:00,2021-03-03 16:00:00+00:00,50288.0,0,0,49609.62,51800.0,45228.86000000001,0.04415232368238251,True,2021-03-08 01:05:00+00:00,51800.0,-0.04415232368238242,-22.47616184119121,SL,5585.0
external,SHORT,2021-03-08 04:00:00+00:00,2021-03-08 08:00:00+00:00,2021-03-07 20:00:00+00:00,49800.0,0,0,49787.39,50930.0,47502.17,0.022949787084641324,True,2021-03-08 13:20:00+00:00,50930.0,-0.02294978708464135,-11.874893542320676,SL,320.0
external,LONG,2021-03-08 20:00:00+00:00,2021-03-09 00:00:00+00:00,2021-03-08 00:00:00+00:00,51870.36,0,0,52429.43,51301.0,54686.29,0.021522835552475018,True,2021-03-09 13:45:00+00:00,54686.29,0.043045671104950056,21.12283555247503,TP_2R,825.0
external,LONG,2021-03-09 20:00:00+00:00,2021-03-10 00:00:00+00:00,2021-03-09 12:00:00+00:00,54844.78,0,0,54917.78,53924.67,56904.0,0.018083578760831203,True,2021-03-10 02:05:00+00:00,53924.67,-0.01808357876083122,-9.44178938041561,SL,125.0
external,LONG,2021-03-10 12:00:00+00:00,2021-03-10 16:00:00+00:00,2021-03-10 00:00:00+00:00,55890.0,0,0,56374.82,54899.75,59324.96,0.02616540505140415,True,2021-03-11 08:00:00+00:00,54899.75,-0.02616540505140419,-13.482702525702095,SL,960.0
external,LONG,2021-03-11 20:00:00+00:00,2021-03-12 00:00:00+00:00,2021-03-10 16:00:00+00:00,57500.92,1,1,57842.64,56610.0,60307.92,0.021310230653372658,True,2021-03-12 04:10:00+00:00,56610.0,-0.021310230653372675,-11.055115326686337,SL,250.0
external,LONG,2021-03-13 08:00:00+00:00,2021-03-13 12:00:00+00:00,2021-03-12 16:00:00+00:00,57840.0,0,0,59914.58,57213.42,65316.90000000001,0.04508351723403558,True,2021-03-15 07:25:00+00:00,57213.42,-0.045083517234035586,-22.94175861701779,SL,2605.0
external,SHORT,2021-03-16 00:00:00+00:00,2021-03-16 04:00:00+00:00,2021-03-15 08:00:00+00:00,54517.28,0,0,54330.15,56115.0,50760.450000000004,0.032851924760008915,True,2021-03-16 08:15:00+00:00,56115.0,-0.03285192476000898,-16.825962380004487,SL,255.0
external,LONG,2021-03-16 20:00:00+00:00,2021-03-17 00:00:00+00:00,2021-03-16 08:00:00+00:00,56446.64,0,0,56953.23,55732.15,59395.39000000001,0.021440048264163448,True,2021-03-17 02:35:00+00:00,55732.15,-0.021440048264163458,-11.12002413208173,SL,155.0
external,LONG,2021-03-17 16:00:00+00:00,2021-03-17 20:00:00+00:00,2021-03-17 00:00:00+00:00,57238.0,0,0,57897.1,54775.66,64139.97999999999,0.05391358116382332,True,2021-03-22 20:40:00+00:00,54775.66,-0.053913581163823276,-27.356790581911635,SL,7240.0
external,LONG,2021-03-24 08:00:00+00:00,2021-03-24 12:00:00+00:00,2021-03-23 16:00:00+00:00,55890.68,0,0,56589.25,55484.69,58798.369999999995,0.01951890155815809,True,2021-03-24 18:55:00+00:00,55484.69,-0.019518901558158053,-10.159450779079027,SL,415.0
external,SHORT,2021-03-24 20:00:00+00:00,2021-03-25 00:00:00+00:00,2021-03-24 00:00:00+00:00,53600.0,0,0,52307.89,54795.84,47331.990000000005,0.04756357023768302,True,2021-03-26 23:25:00+00:00,54795.84,-0.047563570237683095,-24.181785118841546,SL,2845.0
external,LONG,2021-03-27 16:00:00+00:00,2021-03-27 20:00:00+00:00,2021-03-27 00:00:00+00:00,55555.55,0,0,55784.29,54964.15,57424.57,0.014701988678174436,True,2021-03-28 19:10:00+00:00,54964.15,-0.014701988678174405,-7.750994339087203,SL,1390.0
external,LONG,2021-03-29 08:00:00+00:00,2021-03-29 12:00:00+00:00,2021-03-28 16:00:00+00:00,56510.0,0,0,57892.33,55942.99,61791.01000000001,0.0336718180111252,True,2021-04-07 11:30:00+00:00,55942.99,-0.033671818011125176,-17.235909005562586,SL,12930.0
external,LONG,2021-04-08 12:00:00+00:00,2021-04-08 16:00:00+00:00,2021-04-08 04:00:00+00:00,57415.03,0,0,57795.23,56401.0,60583.69000000001,0.024123617122035902,True,2021-04-10 04:15:00+00:00,60583.69000000001,0.048247234244071846,23.723617122035925,TP_2R,2175.0
external,LONG,2021-04-12 00:00:00+00:00,2021-04-12 04:00:00+00:00,2021-04-11 16:00:00+00:00,60328.72,0,0,60449.94,59672.67,62004.48000000001,0.01285807727848868,True,2021-04-12 10:35:00+00:00,59672.67,-0.012858077278488644,-6.829038639244322,SL,395.0
external,LONG,2021-04-13 08:00:00+00:00,2021-04-13 12:00:00+00:00,2021-04-12 04:00:00+00:00,61449.91,1,1,63069.52,61126.47,66955.62,0.030808067034599214,True,2021-04-16 07:15:00+00:00,61126.47,-0.030808067034599262,-15.804033517299631,SL,4035.0
external,SHORT,2021-04-17 08:00:00+00:00,2021-04-17 12:00:00+00:00,2021-04-17 00:00:00+00:00,61201.19,0,0,60973.99,62550.0,57821.969999999994,0.02584725060636514,True,2021-04-18 03:15:00+00:00,57821.969999999994,0.05169450121273034,25.44725060636517,TP_2R,915.0
external,SHORT,2021-04-21 20:00:00+00:00,2021-04-22 00:00:00+00:00,2021-04-21 08:00:00+00:00,54257.88,0,0,53794.72,55465.14,50453.880000000005,0.031051746342391932,True,2021-04-22 12:35:00+00:00,55465.14,-0.03105174634239183,-15.925873171195915,SL,755.0
external,SHORT,2021-04-22 16:00:00+00:00,2021-04-22 20:00:00+00:00,2021-04-22 08:00:00+00:00,53080.29,0,0,52944.7,55191.43,48451.23999999999,0.042435409021110766,True,2021-04-23 05:15:00+00:00,48451.23999999999,0.08487081804222152,42.03540902111076,TP_2R,555.0
external,SHORT,2021-04-24 08:00:00+00:00,2021-04-24 12:00:00+00:00,2021-04-24 00:00:00+00:00,49344.23,0,0,49113.76,50258.39,46824.50000000001,0.02330568867054767,True,2021-04-24 15:45:00+00:00,50258.39,-0.02330568867054761,-12.052844335273805,SL,225.0
external,SHORT,2021-04-25 20:00:00+00:00,2021-04-26 00:00:00+00:00,2021-04-25 04:00:00+00:00,49113.17,0,0,49063.94,49622.83,47946.16,0.011391054203963224,True,2021-04-26 00:10:00+00:00,49622.83,-0.011391054203963247,-6.095527101981624,SL,10.0
external,LONG,2021-04-27 04:00:00+00:00,2021-04-27 08:00:00+00:00,2021-04-26 16:00:00+00:00,54364.89,0,0,54524.37,53225.14,57122.83000000001,0.023828427545334374,True,2021-04-29 16:45:00+00:00,53225.14,-0.02382842754533432,-12.31421377266716,SL,3405.0
external,LONG,2021-04-30 12:00:00+00:00,2021-04-30 16:00:00+00:00,2021-04-29 08:00:00+00:00,54746.31,1,1,57139.14,54234.17,62949.08,0.05084028216035455,True,2021-05-04 15:10:00+00:00,54234.17,-0.05084028216035452,-25.820141080177258,SL,5710.0
external,LONG,2021-05-05 12:00:00+00:00,2021-05-05 16:00:00+00:00,2021-05-05 00:00:00+00:00,55462.8,1,1,57596.09,55115.49,62557.28999999999,0.043068895822615715,True,2021-05-10 20:00:00+00:00,55115.49,-0.04306889582261575,-21.934447911307874,SL,7440.0
external,LONG,2021-05-11 16:00:00+00:00,2021-05-11 20:00:00+00:00,2021-05-11 08:00:00+00:00,56262.61,0,0,56657.11,55800.0,58371.33,0.015128021884631965,True,2021-05-12 15:05:00+00:00,55800.0,-0.015128021884631915,-7.964010942315958,SL,1145.0
external,SHORT,2021-05-12 16:00:00+00:00,2021-05-12 20:00:00+00:00,2021-05-11 12:00:00+00:00,54821.0,0,0,54468.97,55719.49,51967.93000000001,0.02295839264080075,True,2021-05-12 22:10:00+00:00,51967.93000000001,0.04591678528160148,22.55839264080074,TP_2R,130.0
external,LONG,2021-05-14 08:00:00+00:00,2021-05-14 12:00:00+00:00,2021-05-14 00:00:00+00:00,50414.05,0,0,50568.99,49941.05,51824.86999999999,0.012417491431013257,True,2021-05-14 20:25:00+00:00,49941.05,-0.012417491431013228,-6.608745715506615,SL,505.0
external,SHORT,2021-05-15 04:00:00+00:00,2021-05-15 08:00:00+00:00,2021-05-14 20:00:00+00:00,49064.71,0,0,48510.01,49900.0,45730.030000000006,0.02865367374692353,True,2021-05-16 18:30:00+00:00,45730.030000000006,0.05730734749384703,28.253673746923514,TP_2R,2070.0
external,SHORT,2021-05-19 00:00:00+00:00,2021-05-19 04:00:00+00:00,2021-05-17 16:00:00+00:00,42151.0,0,0,40638.04,43615.93,34682.26,0.07327838645761457,True,2021-05-19 12:50:00+00:00,34682.26,0.14655677291522917,72.87838645761458,TP_2R,530.0
external,LONG,2021-05-20 12:00:00+00:00,2021-05-20 16:00:00+00:00,2021-05-20 04:00:00+00:00,40800.0,0,0,41445.8,40070.5,44196.40000000001,0.033183096960367586,True,2021-05-20 16:05:00+00:00,40070.5,-0.033183096960367586,-16.99154848018379,SL,5.0
external,SHORT,2021-05-21 12:00:00+00:00,2021-05-21 16:00:00+00:00,2021-05-21 04:00:00+00:00,39208.22,0,0,36818.53,41740.26,26975.069999999992,0.13367535314419135,True,2021-07-26 01:00:00+00:00,41740.26,-0.13367535314419143,-67.23767657209572,SL,94140.0
external,SHORT,2021-07-26 20:00:00+00:00,2021-07-27 00:00:00+00:00,2021-07-26 08:00:00+00:00,37666.0,0,0,37218.09,39521.95,32610.369999999995,0.0619016182721897,True,2021-07-27 23:55:00+00:00,39521.95,-0.06190161827218965,-31.350809136094824,SL,1435.0
external,LONG,2021-07-28 08:00:00+00:00,2021-07-28 12:00:00+00:00,2021-07-28 00:00:00+00:00,40388.0,0,0,40729.89,39350.0,43489.67,0.03387905049583977,True,2021-07-28 14:50:00+00:00,39350.0,-0.033879050495839724,-17.33952524791986,SL,170.0
external,SHORT,2021-07-30 08:00:00+00:00,2021-07-30 12:00:00+00:00,2021-07-29 16:00:00+00:00,39365.33,0,0,38637.33,39768.08,36375.83,0.029265738600467474,True,2021-07-30 19:55:00+00:00,39768.08,-0.02926573860046755,-15.032869300233775,SL,475.0
external,LONG,2021-07-30 20:00:00+00:00,2021-07-31 00:00:00+00:00,2021-07-29 20:00:00+00:00,40400.0,0,0,42202.6,39707.44,47192.91999999999,0.05912337154582884,True,2021-08-01 23:25:00+00:00,39707.44,-0.05912337154582881,-29.9616857729144,SL,2845.0
external,SHORT,2021-08-02 16:00:00+00:00,2021-08-02 20:00:00+00:00,2021-08-02 00:00:00+00:00,39229.12,1,1,39174.29,39960.0,37602.87,0.020056777034121082,True,2021-08-03 18:05:00+00:00,37602.87,0.04011355406824213,19.656777034121067,TP_2R,1325.0
external,LONG,2021-08-04 12:00:00+00:00,2021-08-04 16:00:00+00:00,2021-08-03 20:00:00+00:00,38642.3,0,0,39289.95,38143.22,41583.40999999999,0.029186344090537046,True,2021-08-05 09:15:00+00:00,38143.22,-0.029186344090536998,-14.9931720452685,SL,1035.0
external,LONG,2021-08-05 16:00:00+00:00,2021-08-05 20:00:00+00:00,2021-08-04 20:00:00+00:00,39975.32,0,0,40694.19,38704.0,44674.57000000001,0.04890599862044194,True,2021-08-07 23:50:00+00:00,44674.57000000001,0.09781199724088396,48.505998620441986,TP_2R,3110.0
external,LONG,2021-08-09 08:00:00+00:00,2021-08-09 12:00:00+00:00,2021-08-08 20:00:00+00:00,44587.24,0,0,45930.82,43590.7,50611.060000000005,0.05094879647260821,True,2021-09-03 10:40:00+00:00,50611.060000000005,0.10189759294521639,50.548796472608196,TP_2R,35920.0
external,LONG,2021-09-05 16:00:00+00:00,2021-09-05 20:00:00+00:00,2021-09-05 00:00:00+00:00,50341.16,1,1,50723.0,50146.49,51876.020000000004,0.011365849811722534,True,2021-09-05 21:00:00+00:00,51876.020000000004,0.022731699623445012,10.965849811722505,TP_2R,60.0
external,LONG,2021-09-06 20:00:00+00:00,2021-09-07 00:00:00+00:00,2021-09-06 08:00:00+00:00,52244.0,0,0,52683.98,51669.48,54712.98,0.019256328014702,True,2021-09-07 08:25:00+00:00,51669.48,-0.019256328014702007,-10.028164007351004,SL,505.0
external,LONG,2021-09-09 12:00:00+00:00,2021-09-09 16:00:00+00:00,2021-09-08 20:00:00+00:00,46808.99,0,0,46989.15,45623.27,49720.91000000001,0.02906798697146053,True,2021-09-10 08:30:00+00:00,45623.27,-0.029067986971460513,-14.933993485730257,SL,990.0
external,SHORT,2021-09-10 12:00:00+00:00,2021-09-10 16:00:00+00:00,2021-09-09 20:00:00+00:00,46053.22,1,1,45441.5,46538.5,43247.5,0.024140928446464135,True,2021-09-13 13:45:00+00:00,46538.5,-0.024140928446464205,-12.470464223232103,SL,4185.0
external,LONG,2021-09-14 04:00:00+00:00,2021-09-14 08:00:00+00:00,2021-09-13 20:00:00+00:00,45547.0,0,0,45729.41,45062.36,47063.51000000001,0.01458689276769595,True,2021-09-14 22:20:00+00:00,47063.51000000001,0.02917378553539196,14.18689276769598,TP_2R,860.0
external,LONG,2021-09-15 08:00:00+00:00,2021-09-15 12:00:00+00:00,2021-09-15 00:00:00+00:00,47478.76,0,0,47538.1,47010.78,48592.74,0.011092576270402051,True,2021-09-17 18:10:00+00:00,47010.78,-0.011092576270402055,-5.946288135201028,SL,3250.0
external,LONG,2021-09-18 00:00:00+00:00,2021-09-18 04:00:00+00:00,2021-09-17 16:00:00+00:00,47740.0,0,0,47918.43,47044.32,49666.65,0.018241624360397463,True,2021-09-19 22:20:00+00:00,47044.32,-0.018241624360397446,-9.520812180198723,SL,2540.0
external,SHORT,2021-09-20 00:00:00+00:00,2021-09-20 04:00:00+00:00,2021-09-19 12:00:00+00:00,47050.0,1,1,45552.92,47345.0,41968.759999999995,0.039340617462063944,True,2021-09-21 00:10:00+00:00,41968.759999999995,0.07868123492412793,38.94061746206397,TP_2R,1210.0
external,LONG,2021-09-22 12:00:00+00:00,2021-09-22 16:00:00+00:00,2021-09-22 04:00:00+00:00,42730.24,0,0,43198.06,41868.86,45856.45999999999,0.030769900314967784,True,2021-09-24 11:00:00+00:00,41868.86,-0.030769900314967735,-15.784950157483868,SL,2580.0
external,SHORT,2021-09-26 04:00:00+00:00,2021-09-26 08:00:00+00:00,2021-09-25 08:00:00+00:00,41630.26,0,0,41214.97,42288.12,39068.67,0.026037869249935192,True,2021-09-26 09:20:00+00:00,42288.12,-0.02603786924993523,-13.418934624967616,SL,80.0
external,LONG,2021-09-27 00:00:00+00:00,2021-09-27 04:00:00+00:00,2021-09-26 08:00:00+00:00,43755.0,1,1,44028.89,42914.04,46258.59,0.02532087454396417,True,2021-09-27 16:45:00+00:00,42914.04,-0.025320874543964145,-13.060437271982073,SL,765.0
external,SHORT,2021-09-27 20:00:00+00:00,2021-09-28 00:00:00+00:00,2021-09-26 20:00:00+00:00,42650.0,0,0,42122.69,43398.57,39570.93000000001,0.030289613507589314,True,2021-09-30 02:55:00+00:00,43398.57,-0.030289613507589408,-15.544806753794704,SL,3055.0
external,LONG,2021-10-01 04:00:00+00:00,2021-10-01 08:00:00+00:00,2021-09-30 16:00:00+00:00,44100.0,0,0,44753.98,43437.0,47387.94000000001,0.029427103466552095,True,2021-10-01 10:25:00+00:00,47387.94000000001,0.05885420693310417,29.027103466552084,TP_2R,145.0
external,LONG,2021-10-01 16:00:00+00:00,2021-10-01 20:00:00+00:00,2021-10-01 08:00:00+00:00,47925.41,0,0,48009.51,47210.92,49606.69000000001,0.01663399605619811,True,2021-10-03 00:45:00+00:00,47210.92,-0.016633996056198086,-8.716998028099043,SL,1725.0
external,LONG,2021-10-03 16:00:00+00:00,2021-10-03 20:00:00+00:00,2021-10-03 04:00:00+00:00,48080.0,1,1,48774.38,47809.0,50705.13999999999,0.019792768252512846,True,2021-10-03 21:05:00+00:00,47809.0,-0.01979276825251286,-10.29638412625643,SL,65.0
external,SHORT,2021-10-04 00:00:00+00:00,2021-10-04 04:00:00+00:00,2021-10-03 08:00:00+00:00,47601.26,0,0,47457.3,48268.98,45833.94,0.017103375033977918,True,2021-10-04 14:00:00+00:00,48268.98,-0.017103375033977963,-8.951687516988981,SL,600.0
external,LONG,2021-10-04 16:00:00+00:00,2021-10-04 20:00:00+00:00,2021-10-03 16:00:00+00:00,49304.12,0,0,49368.39,47680.61,52743.95,0.03418746286844677,True,2021-10-06 12:55:00+00:00,52743.95,0.06837492573689352,33.78746286844676,TP_2R,2455.0
external,SHORT,2021-10-07 12:00:00+00:00,2021-10-07 16:00:00+00:00,2021-10-07 00:00:00+00:00,54145.42,1,1,53959.28,54752.23,52373.37999999999,0.014695340634641611,True,2021-10-08 07:45:00+00:00,54752.23,-0.014695340634641507,-7.747670317320754,SL,945.0
external,SHORT,2021-10-08 20:00:00+00:00,2021-10-09 00:00:00+00:00,2021-10-08 12:00:00+00:00,54000.0,0,0,53974.99,54798.53,52327.909999999996,0.015257807365967106,True,2021-10-09 06:00:00+00:00,54798.53,-0.015257807365967047,-8.028903682983524,SL,360.0
external,LONG,2021-10-10 04:00:00+00:00,2021-10-10 08:00:00+00:00,2021-10-09 12:00:00+00:00,55589.0,0,0,55699.0,54871.85,57353.3,0.014850356379827312,True,2021-10-10 09:15:00+00:00,54871.85,-0.014850356379827345,-7.825178189913673,SL,75.0
external,LONG,2021-10-11 00:00:00+00:00,2021-10-11 04:00:00+00:00,2021-10-10 04:00:00+00:00,56165.51,1,1,56538.24,54458.0,60698.719999999994,0.03679350471468511,True,2021-10-12 20:05:00+00:00,54458.0,-0.03679350471468512,-18.79675235734256,SL,2405.0
external,LONG,2021-10-13 16:00:00+00:00,2021-10-13 20:00:00+00:00,2021-10-13 00:00:00+00:00,56624.1,0,0,57260.94,56080.0,59622.82000000001,0.02062383188260623,True,2021-10-15 04:25:00+00:00,59622.82000000001,0.04124766376521238,20.22383188260619,TP_2R,1945.0
external,LONG,2021-10-15 16:00:00+00:00,2021-10-15 20:00:00+00:00,2021-10-15 04:00:00+00:00,60100.0,1,1,61507.6,60040.55,64441.69999999999,0.02385152403930564,True,2021-10-17 20:00:00+00:00,60040.55,-0.023851524039305683,-12.325762019652842,SL,2880.0
external,LONG,2021-10-19 00:00:00+00:00,2021-10-19 04:00:00+00:00,2021-10-18 16:00:00+00:00,62428.0,0,0,62634.83,61694.65,64515.19,0.01501049815254548,True,2021-10-19 14:25:00+00:00,61694.65,-0.015010498152545515,-7.905249076272758,SL,625.0
external,LONG,2021-10-19 16:00:00+00:00,2021-10-19 20:00:00+00:00,2021-10-19 00:00:00+00:00,63088.0,1,1,64219.99,62350.0,67959.97,0.029118503444176776,True,2021-10-21 15:25:00+00:00,62350.0,-0.02911850344417677,-14.959251722088384,SL,2605.0
external,SHORT,2021-10-22 12:00:00+00:00,2021-10-22 16:00:00+00:00,2021-10-21 20:00:00+00:00,62020.82,0,0,60744.55,63776.96,54679.73000000001,0.04992069247364572,True,2021-10-25 16:45:00+00:00,63776.96,-0.04992069247364572,-25.36034623682286,SL,4365.0
external,SHORT,2021-10-26 04:00:00+00:00,2021-10-26 08:00:00+00:00,2021-10-25 20:00:00+00:00,62595.27,0,0,62495.36,62883.64,61718.8,0.006212941248758289,True,2021-10-26 08:05:00+00:00,62883.64,-0.006212941248758375,-3.506470624379187,SL,5.0
external,SHORT,2021-10-26 16:00:00+00:00,2021-10-26 20:00:00+00:00,2021-10-26 04:00:00+00:00,62244.87,1,1,62085.47,62799.73,60656.95,0.011504463121564546,True,2021-10-26 21:55:00+00:00,60656.95,0.023008926243129113,11.104463121564557,TP_2R,115.0
external,SHORT,2021-10-27 08:00:00+00:00,2021-10-27 12:00:00+00:00,2021-10-26 20:00:00+00:00,59838.05,0,0,58615.66,60018.86,55809.26000000001,0.02393899514225374,True,2021-10-28 08:40:00+00:00,60018.86,-0.023938995142253727,-12.369497571126864,SL,1240.0
external,SHORT,2021-10-31 08:00:00+00:00,2021-10-31 12:00:00+00:00,2021-10-30 12:00:00+00:00,60631.23,0,0,60523.94,61435.83,58700.16,0.01506660009245927,True,2021-10-31 21:35:00+00:00,61435.83,-0.015066600092459304,-7.933300046229652,SL,575.0
external,SHORT,2021-11-01 00:00:00+00:00,2021-11-01 04:00:00+00:00,2021-10-31 12:00:00+00:00,60008.0,0,0,59931.23,61794.6,56204.49000000001,0.031091803054934718,True,2021-11-01 07:10:00+00:00,61794.6,-0.031091803054934752,-15.945901527467376,SL,190.0
external,LONG,2021-11-02 08:00:00+00:00,2021-11-02 12:00:00+00:00,2021-11-01 08:00:00+00:00,62543.58,0,0,62989.66,61417.81,66133.36000000002,0.024954095640459174,True,2021-11-03 18:00:00+00:00,61417.81,-0.02495409564045914,-12.87704782022957,SL,1800.0
external,SHORT,2021-11-05 12:00:00+00:00,2021-11-05 16:00:00+00:00,2021-11-05 00:00:00+00:00,60863.62,0,0,60832.8,62000.0,58498.40000000001,0.019187017530016653,True,2021-11-07 01:00:00+00:00,62000.0,-0.019187017530016615,-9.993508765008308,SL,1980.0
external,LONG,2021-11-07 20:00:00+00:00,2021-11-08 00:00:00+00:00,2021-11-07 08:00:00+00:00,62400.0,1,1,63316.4,62194.0,65561.20000000001,0.01772684486167883,True,2021-11-08 01:00:00+00:00,65561.20000000001,0.03545368972335772,17.32684486167886,TP_2R,60.0
external,LONG,2021-11-10 12:00:00+00:00,2021-11-10 16:00:00+00:00,2021-11-09 20:00:00+00:00,67846.22,0,0,68398.96,65850.0,73496.88000000002,0.0372660636945358,True,2021-11-10 20:50:00+00:00,65850.0,-0.03726606369453578,-19.03303184726789,SL,290.0
external,SHORT,2021-11-12 08:00:00+00:00,2021-11-12 12:00:00+00:00,2021-11-12 00:00:00+00:00,64105.0,0,0,63810.23,65000.0,61430.69000000001,0.018645442901553507,True,2021-11-13 16:00:00+00:00,65000.0,-0.018645442901553455,-9.722721450776728,SL,1680.0
external,LONG,2021-11-14 20:00:00+00:00,2021-11-15 00:00:00+00:00,2021-11-14 00:00:00+00:00,65400.0,0,0,65568.38,64087.6,68529.94000000002,0.022583751497291926,True,2021-11-15 16:25:00+00:00,64087.6,-0.02258375149729197,-11.691875748645986,SL,985.0
external,SHORT,2021-11-16 00:00:00+00:00,2021-11-16 04:00:00+00:00,2021-11-14 16:00:00+00:00,63640.0,1,1,60943.68,63655.77,55519.50000000001,0.04450157916292545,True,2021-11-23 09:35:00+00:00,55519.50000000001,0.08900315832585093,44.10157916292547,TP_2R,10415.0
external,LONG,2021-11-23 16:00:00+00:00,2021-11-23 20:00:00+00:00,2021-11-23 00:00:00+00:00,57280.0,1,1,57815.12,56916.93,59611.50000000001,0.015535555404883744,True,2021-11-24 02:00:00+00:00,56916.93,-0.015535555404883716,-8.167777702441859,SL,360.0
external,LONG,2021-11-25 00:00:00+00:00,2021-11-25 04:00:00+00:00,2021-11-24 08:00:00+00:00,57499.02,1,1,57779.29,57146.46,59044.950000000004,0.010952540261398188,True,2021-11-25 05:20:00+00:00,57146.46,-0.010952540261398136,-5.876270130699068,SL,80.0
external,LONG,2021-11-25 12:00:00+00:00,2021-11-25 16:00:00+00:00,2021-11-25 00:00:00+00:00,58369.34,1,1,59087.68,57960.0,61343.04,0.019084858298718112,True,2021-11-26 03:55:00+00:00,57960.0,-0.019084858298718088,-9.942429149359045,SL,715.0
external,SHORT,2021-11-26 04:00:00+00:00,2021-11-26 08:00:00+00:00,2021-11-25 04:00:00+00:00,57029.0,0,0,57014.61,58068.0,54907.83,0.018475790678915447,True,2021-11-26 08:35:00+00:00,54907.83,0.03695158135783094,18.075790678915475,TP_2R,35.0
external,LONG,2021-11-27 12:00:00+00:00,2021-11-27 16:00:00+00:00,2021-11-27 00:00:00+00:00,54657.0,1,1,54917.68,54504.23,55744.579999999994,0.007528540899761189,True,2021-11-27 20:40:00+00:00,54504.23,-0.0075285408997611825,-4.164270449880592,SL,280.0
external,LONG,2021-11-28 20:00:00+00:00,2021-11-29 00:00:00+00:00,2021-11-28 08:00:00+00:00,54973.32,0,0,57315.72,54642.3,62662.56,0.046643747997931424,True,2021-12-03 17:00:00+00:00,54642.3,-0.04664374799793147,-23.721873998965734,SL,6780.0
external,SHORT,2021-12-04 04:00:00+00:00,2021-12-04 08:00:00+00:00,2021-12-03 20:00:00+00:00,50604.0,0,0,47241.92,52618.39,36488.979999999996,0.11380718649877061,False,,,,,CENSORED,
development,LONG,2022-01-01 20:00:00+00:00,2022-01-02 00:00:00+00:00,2022-01-01 04:00:00+00:00,47566.66,1,1,47704.35,47202.47,48708.10999999999,0.010520633862530302,True,2022-01-02 04:40:00+00:00,47202.47,-0.010520633862530326,-5.6603169312651636,SL,280.0
development,SHORT,2022-01-03 12:00:00+00:00,2022-01-03 16:00:00+00:00,2022-01-03 00:00:00+00:00,46717.26,0,0,46689.99,47575.22,44919.52999999999,0.01895973847927582,True,2022-01-05 19:45:00+00:00,44919.52999999999,0.03791947695855169,18.559738479275847,TP_2R,3105.0
development,SHORT,2022-01-07 00:00:00+00:00,2022-01-07 04:00:00+00:00,2022-01-06 08:00:00+00:00,42385.83,0,0,41789.97,43135.0,39099.91,0.03218547416999818,True,2022-01-12 11:35:00+00:00,43135.0,-0.032185474169998285,-16.492737084999142,SL,7655.0
development,LONG,2022-01-12 12:00:00+00:00,2022-01-12 16:00:00+00:00,2022-01-11 16:00:00+00:00,43118.0,1,1,43550.0,42848.38,44953.240000000005,0.016110677382319232,True,2022-01-13 15:50:00+00:00,42848.38,-0.016110677382319194,-8.455338691159598,SL,1430.0
development,SHORT,2022-01-14 08:00:00+00:00,2022-01-14 12:00:00+00:00,2022-01-13 20:00:00+00:00,42301.16,0,0,41983.12,42687.35,40574.66000000001,0.01677412255211132,True,2022-01-14 14:45:00+00:00,42687.35,-0.016774122552111415,-8.787061276055708,SL,165.0
development,LONG,2022-01-15 16:00:00+00:00,2022-01-15 20:00:00+00:00,2022-01-14 20:00:00+00:00,43450.0,0,0,43496.85,43200.34,44089.87,0.006816815470545615,True,2022-01-15 21:45:00+00:00,43200.34,-0.006816815470545579,-3.808407735272789,SL,105.0
development,SHORT,2022-01-17 16:00:00+00:00,2022-01-17 20:00:00+00:00,2022-01-17 04:00:00+00:00,42222.0,0,0,42221.14,42527.0,41609.42,0.007244238312845191,True,2022-01-17 21:40:00+00:00,41609.42,0.014488476625690416,6.844238312845208,TP_2R,100.0
development,LONG,2022-01-20 12:00:00+00:00,2022-01-20 16:00:00+00:00,2022-01-19 12:00:00+00:00,42545.0,0,0,43275.75,41923.0,45981.25,0.03125884588944155,True,2022-01-20 21:40:00+00:00,41923.0,-0.0312588458894415,-16.02942294472075,SL,340.0
development,SHORT,2022-01-21 16:00:00+00:00,2022-01-21 20:00:00+00:00,2022-01-21 00:00:00+00:00,38200.0,1,1,37967.04,39045.0,35811.12,0.028391994740701386,True,2022-01-21 22:45:00+00:00,35811.12,0.05678398948140273,27.991994740701365,TP_2R,165.0
development,SHORT,2022-01-22 04:00:00+00:00,2022-01-22 08:00:00+00:00,2022-01-21 20:00:00+00:00,35380.92,0,0,35377.17,36411.75,33308.009999999995,0.02924428381354421,True,2022-01-23 23:10:00+00:00,36411.75,-0.02924428381354427,-15.022141906772136,SL,2350.0
development,SHORT,2022-01-24 08:00:00+00:00,2022-01-24 12:00:00+00:00,2022-01-23 16:00:00+00:00,34588.8,0,0,33690.0,35580.0,29910.0,0.05609973285841496,True,2022-01-24 18:05:00+00:00,35580.0,-0.056099732858414963,-28.449866429207482,SL,365.0
development,LONG,2022-01-26 08:00:00+00:00,2022-01-26 12:00:00+00:00,2022-01-25 16:00:00+00:00,37561.03,1,1,38045.92,37311.81,39514.14,0.01929536728248392,True,2022-01-26 20:00:00+00:00,37311.81,-0.019295367282483933,-10.047683641241967,SL,480.0
development,SHORT,2022-01-27 00:00:00+00:00,2022-01-27 04:00:00+00:00,2022-01-25 20:00:00+00:00,36404.17,1,1,35730.42,37067.62,33056.01999999999,0.037424693020681105,True,2022-01-27 14:30:00+00:00,37067.62,-0.03742469302068119,-19.112346510340593,SL,630.0
development,LONG,2022-01-28 00:00:00+00:00,2022-01-28 04:00:00+00:00,2022-01-27 12:00:00+00:00,37200.0,1,1,37342.54,36601.16,38825.299999999996,0.019853496843010607,True,2022-01-28 08:15:00+00:00,36601.16,-0.019853496843010632,-10.326748421505316,SL,255.0
development,LONG,2022-01-28 20:00:00+00:00,2022-01-29 00:00:00+00:00,2022-01-28 04:00:00+00:00,37488.99,0,0,37696.22,37118.98,38850.7,0.015312941191450971,True,2022-01-31 00:40:00+00:00,37118.98,-0.01531294119145099,-8.056470595725495,SL,2920.0
development,LONG,2022-01-31 16:00:00+00:00,2022-01-31 20:00:00+00:00,2022-01-30 20:00:00+00:00,38240.0,0,0,38400.01,37650.17,39899.69000000001,0.019527078248156804,True,2022-02-02 14:45:00+00:00,37650.17,-0.019527078248156804,-10.163539124078403,SL,2565.0
development,LONG,2022-02-03 20:00:00+00:00,2022-02-04 00:00:00+00:00,2022-02-03 08:00:00+00:00,37084.63,1,1,37287.33,36256.0,39349.990000000005,0.02765899301451731,True,2022-02-04 15:15:00+00:00,39349.990000000005,0.055317986029034705,27.258993014517355,TP_2R,915.0
development,LONG,2022-02-07 00:00:00+00:00,2022-02-07 04:00:00+00:00,2022-02-06 12:00:00+00:00,42400.0,1,1,42784.68,41609.76,45134.52,0.027461231450135848,True,2022-02-08 06:10:00+00:00,45134.52,0.05492246290027181,27.061231450135907,TP_2R,1570.0
development,SHORT,2022-02-08 12:00:00+00:00,2022-02-08 16:00:00+00:00,2022-02-08 00:00:00+00:00,43550.0,1,1,43406.53,43978.64,42262.31,0.013180274949414306,True,2022-02-08 20:30:00+00:00,43978.64,-0.013180274949414317,-6.990137474707159,SL,270.0
development,LONG,2022-02-09 16:00:00+00:00,2022-02-09 20:00:00+00:00,2022-02-08 20:00:00+00:00,44395.0,1,1,44455.13,43600.0,46165.38999999999,0.01923580023272899,True,2022-02-10 03:05:00+00:00,43600.0,-0.019235800232728972,-10.017900116364487,SL,425.0
development,LONG,2022-02-10 12:00:00+00:00,2022-02-10 16:00:00+00:00,2022-02-09 20:00:00+00:00,44826.0,1,1,44936.81,43136.96,48536.509999999995,0.040052909852746524,True,2022-02-11 00:20:00+00:00,43136.96,-0.040052909852746565,-20.42645492637328,SL,500.0
development,SHORT,2022-02-11 20:00:00+00:00,2022-02-12 00:00:00+00:00,2022-02-11 00:00:00+00:00,42555.0,1,1,42365.99,42859.36,41379.24999999999,0.011645425965497388,True,2022-02-12 18:00:00+00:00,42859.36,-0.011645425965497447,-6.222712982748724,SL,1080.0
development,LONG,2022-02-15 00:00:00+00:00,2022-02-15 04:00:00+00:00,2022-02-14 16:00:00+00:00,42888.0,0,0,43535.1,42406.23,45792.83999999999,0.025930111565150772,True,2022-02-17 13:20:00+00:00,42406.23,-0.025930111565150793,-13.365055782575396,SL,3440.0
development,SHORT,2022-02-18 12:00:00+00:00,2022-02-18 16:00:00+00:00,2022-02-17 20:00:00+00:00,40020.1,0,0,39805.2,40782.9,37849.79999999999,0.024562117512284938,True,2022-02-21 11:35:00+00:00,37849.79999999999,0.04912423502456986,24.162117512284933,TP_2R,4055.0
development,SHORT,2022-02-21 20:00:00+00:00,2022-02-22 00:00:00+00:00,2022-02-21 12:00:00+00:00,37171.2,0,0,36986.4,38450.0,34059.200000000004,0.03957130188393568,True,2022-02-22 23:40:00+00:00,38450.0,-0.03957130188393565,-20.185650941967822,SL,1420.0
development,LONG,2022-02-23 08:00:00+00:00,2022-02-23 12:00:00+00:00,2022-02-22 20:00:00+00:00,38450.0,0,0,38757.3,38052.8,40166.3,0.018177220807434984,True,2022-02-23 17:50:00+00:00,38052.8,-0.018177220807435,-9.488610403717502,SL,350.0
development,SHORT,2022-02-23 20:00:00+00:00,2022-02-24 00:00:00+00:00,2022-02-23 00:00:00+00:00,37500.4,0,0,37227.9,37775.0,36133.700000000004,0.014695967271857895,True,2022-02-24 02:55:00+00:00,36133.700000000004,0.029391934543715803,14.2959672718579,TP_2R,175.0
development,SHORT,2022-02-27 16:00:00+00:00,2022-02-27 20:00:00+00:00,2022-02-27 00:00:00+00:00,38162.0,0,0,37574.7,39447.7,33828.7,0.049847370704223855,True,2022-02-28 14:35:00+00:00,39447.7,-0.04984737070422396,-25.32368535211198,SL,1115.0
development,SHORT,2022-03-03 00:00:00+00:00,2022-03-03 04:00:00+00:00,2022-03-02 12:00:00+00:00,43321.0,0,0,43312.8,44048.7,41841.000000000015,0.0169903585083392,True,2022-03-03 14:00:00+00:00,44048.7,-0.0169903585083393,-8.89517925416965,SL,600.0
development,SHORT,2022-03-04 12:00:00+00:00,2022-03-04 16:00:00+00:00,2022-03-04 00:00:00+00:00,41050.0,1,1,40694.6,41825.8,38432.19999999999,0.027797299887454465,True,2022-03-06 10:00:00+00:00,38432.19999999999,0.05559459977490888,27.39729988745444,TP_2R,2520.0
development,SHORT,2022-03-07 00:00:00+00:00,2022-03-07 04:00:00+00:00,2022-03-06 08:00:00+00:00,38056.0,0,0,37848.9,38547.6,36451.50000000001,0.018460245872403084,True,2022-03-07 12:20:00+00:00,38547.6,-0.018460245872403025,-9.630122936201513,SL,500.0
development,SHORT,2022-03-07 16:00:00+00:00,2022-03-07 20:00:00+00:00,2022-03-07 08:00:00+00:00,37630.6,0,0,37290.0,39550.0,32770.0,0.06060606060606061,True,2022-03-09 03:10:00+00:00,39550.0,-0.06060606060606055,-30.703030303030275,SL,1870.0
development,LONG,2022-03-11 08:00:00+00:00,2022-03-11 12:00:00+00:00,2022-03-10 20:00:00+00:00,39662.5,0,0,39878.3,38780.0,42074.90000000001,0.027541294388176096,True,2022-03-11 16:05:00+00:00,38780.0,-0.027541294388176096,-14.17064719408805,SL,245.0
development,SHORT,2022-03-13 20:00:00+00:00,2022-03-14 00:00:00+00:00,2022-03-13 12:00:00+00:00,38333.0,0,0,37743.0,38843.4,35542.2,0.029155075113266076,True,2022-03-14 04:15:00+00:00,38843.4,-0.029155075113266093,-14.977537556633047,SL,255.0
development,LONG,2022-03-14 20:00:00+00:00,2022-03-15 00:00:00+00:00,2022-03-14 08:00:00+00:00,39287.4,0,0,39651.6,38579.9,41794.99999999999,0.027027913123303906,True,2022-03-15 07:10:00+00:00,38579.9,-0.02702791312330388,-13.913956561651942,SL,430.0
development,SHORT,2022-03-18 00:00:00+00:00,2022-03-18 04:00:00+00:00,2022-03-17 16:00:00+00:00,40530.0,0,0,40500.5,40914.0,39673.5,0.010209750496907446,True,2022-03-18 15:40:00+00:00,40914.0,-0.010209750496907422,-5.504875248453711,SL,700.0
development,LONG,2022-03-18 16:00:00+00:00,2022-03-18 20:00:00+00:00,2022-03-17 20:00:00+00:00,41071.5,1,1,42020.3,40874.2,44312.500000000015,0.02727491236378621,True,2022-03-21 02:30:00+00:00,40874.2,-0.027274912363786208,-14.037456181893104,SL,3270.0
development,LONG,2022-03-22 00:00:00+00:00,2022-03-22 04:00:00+00:00,2022-03-21 12:00:00+00:00,41544.4,0,0,42230.0,40852.0,44986.0,0.032630831162680556,True,2022-03-25 13:45:00+00:00,44986.0,0.06526166232536101,32.23083116268051,TP_2R,4905.0
development,LONG,2022-03-27 00:00:00+00:00,2022-03-27 04:00:00+00:00,2022-03-26 08:00:00+00:00,44569.7,1,1,44691.0,44456.5,45160.0,0.005247141482625137,True,2022-03-27 12:20:00+00:00,44456.5,-0.005247141482625173,-3.0235707413125863,SL,500.0
development,LONG,2022-03-27 20:00:00+00:00,2022-03-28 00:00:00+00:00,2022-03-27 00:00:00+00:00,44987.4,1,1,46820.9,44700.0,51062.700000000004,0.04529814676778963,True,2022-04-01 02:25:00+00:00,44700.0,-0.04529814676778965,-23.04907338389482,SL,5905.0
development,SHORT,2022-04-04 12:00:00+00:00,2022-04-04 16:00:00+00:00,2022-04-04 00:00:00+00:00,45735.0,0,0,45627.0,46350.0,44181.0,0.01584588072851601,True,2022-04-04 20:40:00+00:00,46350.0,-0.015845880728516004,-8.322940364258002,SL,280.0
development,SHORT,2022-04-06 12:00:00+00:00,2022-04-06 16:00:00+00:00,2022-04-06 00:00:00+00:00,44349.7,0,0,44159.4,44977.0,42524.200000000004,0.018514744312649142,True,2022-04-08 18:10:00+00:00,42524.200000000004,0.03702948862529831,18.114744312649158,TP_2R,3010.0
development,LONG,2022-04-09 20:00:00+00:00,2022-04-10 00:00:00+00:00,2022-04-09 04:00:00+00:00,42630.0,0,0,42727.8,42365.0,43453.40000000001,0.008490959047739478,True,2022-04-10 22:15:00+00:00,42365.0,-0.008490959047739444,-4.645479523869723,SL,1335.0
development,SHORT,2022-04-11 08:00:00+00:00,2022-04-11 12:00:00+00:00,2022-04-11 00:00:00+00:00,41650.0,0,0,41055.1,42338.5,38488.299999999996,0.03126042805887701,True,2022-04-18 05:05:00+00:00,38488.299999999996,0.06252085611775404,30.860428058877023,TP_2R,9665.0
development,LONG,2022-04-18 16:00:00+00:00,2022-04-18 20:00:00+00:00,2022-04-17 12:00:00+00:00,40574.1,0,0,40670.4,39022.1,43967.00000000001,0.04052824658719862,True,2022-04-24 16:50:00+00:00,39022.1,-0.04052824658719867,-20.66412329359933,SL,8450.0
development,SHORT,2022-04-25 04:00:00+00:00,2022-04-25 08:00:00+00:00,2022-04-24 16:00:00+00:00,38884.1,1,1,38437.2,39231.0,36849.59999999999,0.020651868502388388,True,2022-04-25 13:35:00+00:00,39231.0,-0.020651868502388426,-10.725934251194213,SL,335.0
development,LONG,2022-04-25 16:00:00+00:00,2022-04-25 20:00:00+00:00,2022-04-24 12:00:00+00:00,39930.6,0,0,40204.0,38900.0,42812.0,0.03243458362352005,True,2022-04-26 15:40:00+00:00,38900.0,-0.03243458362352003,-16.617291811760012,SL,1180.0
development,SHORT,2022-04-26 20:00:00+00:00,2022-04-27 00:00:00+00:00,2022-04-25 04:00:00+00:00,38111.0,1,1,38093.7,38439.0,37403.09999999999,0.009064490978823347,True,2022-04-27 03:10:00+00:00,38439.0,-0.009064490978823336,-4.9322454894116685,SL,190.0
development,LONG,2022-04-28 16:00:00+00:00,2022-04-28 20:00:00+00:00,2022-04-28 00:00:00+00:00,39690.0,1,1,39974.7,39301.1,41321.899999999994,0.016850658041211032,True,2022-04-29 03:10:00+00:00,39301.1,-0.016850658041210997,-8.8253290206055,SL,430.0
development,SHORT,2022-04-29 08:00:00+00:00,2022-04-29 12:00:00+00:00,2022-04-29 00:00:00+00:00,39249.6,0,0,38737.8,39619.5,36974.40000000001,0.022760714341031163,True,2022-05-04 18:50:00+00:00,39619.5,-0.022760714341031107,-11.780357170515554,SL,7610.0
development,SHORT,2022-05-05 12:00:00+00:00,2022-05-05 16:00:00+00:00,2022-05-04 16:00:00+00:00,38600.0,0,0,36886.5,39550.0,31559.5,0.07220798937280577,True,2022-05-09 17:00:00+00:00,31559.5,0.14441597874561152,71.80798937280575,TP_2R,5820.0
development,SHORT,2022-05-11 16:00:00+00:00,2022-05-11 20:00:00+00:00,2022-05-11 04:00:00+00:00,30188.0,1,1,29360.5,31129.9,25821.699999999997,0.060264641269733195,True,2022-05-15 20:20:00+00:00,31129.9,-0.06026464126973319,-30.532320634866593,SL,5780.0
development,LONG,2022-05-17 00:00:00+00:00,2022-05-17 04:00:00+00:00,2022-05-16 12:00:00+00:00,30288.0,0,0,30341.6,29750.1,31524.6,0.019494687162179978,True,2022-05-17 18:15:00+00:00,29750.1,-0.019494687162179947,-10.147343581089974,SL,855.0
development,SHORT,2022-05-18 12:00:00+00:00,2022-05-18 16:00:00+00:00,2022-05-18 04:00:00+00:00,29633.4,0,0,28971.9,29890.0,27135.700000000004,0.03168932655435089,True,2022-05-19 14:20:00+00:00,29890.0,-0.03168932655435097,-16.244663277175484,SL,1340.0
development,SHORT,2022-05-20 12:00:00+00:00,2022-05-20 16:00:00+00:00,2022-05-20 04:00:00+00:00,29839.3,0,0,29141.4,30448.9,26526.4,0.04486743945040389,True,2022-05-22 22:20:00+00:00,30448.9,-0.044867439450403834,-22.833719725201917,SL,3260.0
development,SHORT,2022-05-23 16:00:00+00:00,2022-05-23 20:00:00+00:00,2022-05-22 04:00:00+00:00,29223.6,0,0,29062.6,30531.8,26124.199999999997,0.050552944333955005,True,2022-05-30 06:05:00+00:00,30531.8,-0.05055294433395496,-25.67647216697748,SL,9245.0
development,LONG,2022-05-30 20:00:00+00:00,2022-05-31 00:00:00+00:00,2022-05-30 12:00:00+00:00,30964.6,0,0,31726.5,30533.0,34113.5,0.03761839471734985,True,2022-06-01 16:20:00+00:00,30533.0,-0.037618394717349846,-19.20919735867492,SL,2420.0
development,SHORT,2022-06-03 12:00:00+00:00,2022-06-03 16:00:00+00:00,2022-06-02 12:00:00+00:00,29579.9,0,0,29486.8,29880.0,28700.399999999998,0.013334780308477038,True,2022-06-04 14:30:00+00:00,29880.0,-0.013334780308477123,-7.067390154238562,SL,1350.0
development,LONG,2022-06-05 16:00:00+00:00,2022-06-05 20:00:00+00:00,2022-06-04 20:00:00+00:00,29968.7,1,1,30036.3,29746.4,30616.099999999995,0.009651654830987766,True,2022-06-06 01:25:00+00:00,30616.099999999995,0.019303309661975465,9.251654830987732,TP_2R,325.0
development,SHORT,2022-06-07 00:00:00+00:00,2022-06-07 04:00:00+00:00,2022-06-06 16:00:00+00:00,31053.0,0,0,29547.5,31373.9,25894.699999999997,0.06181233606904142,True,2022-06-07 19:45:00+00:00,31373.9,-0.06181233606904146,-31.30616803452073,SL,945.0
development,SHORT,2022-06-09 16:00:00+00:00,2022-06-09 20:00:00+00:00,2022-06-09 00:00:00+00:00,30055.3,1,1,30003.8,30456.2,29098.999999999996,0.015078090108586295,True,2022-06-10 16:25:00+00:00,29098.999999999996,0.03015618021717259,14.678090108586295,TP_2R,1225.0
development,SHORT,2022-06-11 08:00:00+00:00,2022-06-11 12:00:00+00:00,2022-06-10 16:00:00+00:00,28805.0,0,0,28723.9,29329.8,27512.100000000006,0.021093932230651053,True,2022-06-12 02:40:00+00:00,27512.100000000006,0.04218786446130207,20.693932230651036,TP_2R,880.0
development,SHORT,2022-06-12 20:00:00+00:00,2022-06-13 00:00:00+00:00,2022-06-12 12:00:00+00:00,26850.0,0,0,26564.7,27545.4,24603.3,0.03691741295779741,True,2022-06-13 07:55:00+00:00,24603.3,0.07383482591559476,36.51741295779738,TP_2R,475.0
development,SHORT,2022-06-13 20:00:00+00:00,2022-06-14 00:00:00+00:00,2022-06-13 12:00:00+00:00,22559.7,0,0,22471.4,23780.0,19854.200000000004,0.05823402191229734,True,2022-06-18 06:50:00+00:00,19854.200000000004,0.11646804382459464,57.83402191229732,TP_2R,6170.0
development,SHORT,2022-06-18 16:00:00+00:00,2022-06-18 20:00:00+00:00,2022-06-18 08:00:00+00:00,18690.0,0,0,18059.5,19090.0,15998.5,0.05706138043688917,True,2022-06-18 22:25:00+00:00,19090.0,-0.05706138043688913,-28.930690218444564,SL,145.0
development,LONG,2022-06-19 08:00:00+00:00,2022-06-19 12:00:00+00:00,2022-06-18 20:00:00+00:00,19500.0,0,0,19685.4,18255.5,22545.200000000004,0.07263758927936446,True,2022-07-08 01:25:00+00:00,22545.200000000004,0.14527517855872896,72.23758927936447,TP_2R,26725.0
development,SHORT,2022-07-10 00:00:00+00:00,2022-07-10 04:00:00+00:00,2022-07-09 08:00:00+00:00,21309.6,0,0,21288.6,21594.2,20677.399999999994,0.014355100852099349,True,2022-07-10 16:10:00+00:00,20677.399999999994,0.02871020170419869,13.955100852099344,TP_2R,730.0
development,SHORT,2022-07-11 00:00:00+00:00,2022-07-11 04:00:00+00:00,2022-07-10 16:00:00+00:00,20600.0,0,0,20540.0,20853.9,19912.199999999997,0.015282375851996176,True,2022-07-11 23:00:00+00:00,19912.199999999997,0.03056475170399231,14.882375851996155,TP_2R,1140.0
development,SHORT,2022-07-12 16:00:00+00:00,2022-07-12 20:00:00+00:00,2022-07-12 08:00:00+00:00,19552.4,0,0,19383.7,19993.0,18165.100000000002,0.03143362722287279,True,2022-07-13 12:25:00+00:00,19993.0,-0.031433627222872795,-16.116813611436395,SL,985.0
development,LONG,2022-07-13 20:00:00+00:00,2022-07-14 00:00:00+00:00,2022-07-13 12:00:00+00:00,20150.0,0,0,20220.1,19575.5,21509.299999999996,0.031879169737043765,True,2022-07-16 17:15:00+00:00,21509.299999999996,0.06375833947408749,31.479169737043748,TP_2R,3915.0
development,SHORT,2022-07-17 20:00:00+00:00,2022-07-18 00:00:00+00:00,2022-07-16 20:00:00+00:00,20900.0,1,1,20794.4,21070.0,20243.200000000004,0.013253568268379878,True,2022-07-18 02:40:00+00:00,21070.0,-0.013253568268379867,-7.026784134189934,SL,160.0
development,LONG,2022-07-18 04:00:00+00:00,2022-07-18 08:00:00+00:00,2022-07-17 04:00:00+00:00,21674.1,0,0,22243.3,21158.7,24412.499999999996,0.04876075042821877,True,2022-07-26 00:10:00+00:00,21158.7,-0.04876075042821881,-24.780375214109405,SL,11050.0
development,SHORT,2022-07-26 12:00:00+00:00,2022-07-26 16:00:00+00:00,2022-07-26 00:00:00+00:00,20820.8,0,0,20737.6,21181.6,19849.6,0.02141038500115732,True,2022-07-26 23:40:00+00:00,21181.6,-0.021410385001157328,-11.105192500578665,SL,460.0
development,LONG,2022-07-27 04:00:00+00:00,2022-07-27 08:00:00+00:00,2022-07-26 20:00:00+00:00,21294.0,0,0,21335.0,21054.4,21896.199999999997,0.013152097492383339,True,2022-07-27 18:00:00+00:00,21896.199999999997,0.02630419498476666,12.75209749238333,TP_2R,600.0
development,LONG,2022-07-28 00:00:00+00:00,2022-07-28 04:00:00+00:00,2022-07-27 16:00:00+00:00,23100.0,0,0,23126.8,22691.0,23998.399999999998,0.01884393863396576,True,2022-07-28 12:30:00+00:00,22691.0,-0.018843938633965718,-9.821969316982859,SL,510.0
development,LONG,2022-07-30 12:00:00+00:00,2022-07-30 16:00:00+00:00,2022-07-29 20:00:00+00:00,24129.9,0,0,24522.8,23911.0,25746.399999999998,0.02494821146035523,True,2022-07-30 19:55:00+00:00,23911.0,-0.024948211460355196,-12.874105730177599,SL,235.0
development,SHORT,2022-07-31 20:00:00+00:00,2022-08-01 00:00:00+00:00,2022-07-31 08:00:00+00:00,23555.0,1,1,23290.1,23887.0,22096.299999999996,0.02562891529018774,True,2022-08-08 08:25:00+00:00,23887.0,-0.025628915290187848,-13.214457645093924,SL,10585.0
development,SHORT,2022-08-09 08:00:00+00:00,2022-08-09 12:00:00+00:00,2022-08-09 00:00:00+00:00,23617.6,0,0,23257.7,23878.1,22016.900000000005,0.026675036654527223,True,2022-08-10 12:45:00+00:00,23878.1,-0.026675036654527196,-13.737518327263599,SL,1485.0
development,LONG,2022-08-11 00:00:00+00:00,2022-08-11 04:00:00+00:00,2022-08-10 12:00:00+00:00,24179.0,1,1,24313.6,23907.6,25125.6,0.016698473282442748,True,2022-08-11 22:55:00+00:00,23907.6,-0.016698473282442783,-8.749236641221392,SL,1135.0
development,SHORT,2022-08-12 08:00:00+00:00,2022-08-12 12:00:00+00:00,2022-08-12 00:00:00+00:00,23750.0,0,0,23663.2,24149.5,22690.600000000002,0.02055089759626759,True,2022-08-12 18:40:00+00:00,24149.5,-0.020550897596267603,-10.675448798133802,SL,400.0
development,SHORT,2022-08-14 16:00:00+00:00,2022-08-14 20:00:00+00:00,2022-08-13 20:00:00+00:00,24309.7,0,0,24273.9,24548.8,23724.100000000006,0.011324921005689147,True,2022-08-15 01:45:00+00:00,24548.8,-0.01132492100568916,-6.06246050284458,SL,345.0
development,SHORT,2022-08-15 04:00:00+00:00,2022-08-15 08:00:00+00:00,2022-08-14 16:00:00+00:00,24138.0,0,0,24010.7,24975.7,22080.7,0.04019041510659831,True,2022-08-19 06:35:00+00:00,22080.7,0.08038083021319664,39.790415106598324,TP_2R,5675.0
development,SHORT,2022-08-19 20:00:00+00:00,2022-08-20 00:00:00+00:00,2022-08-19 04:00:00+00:00,21220.0,1,1,20825.0,21370.9,19733.199999999997,0.026213685474189747,True,2022-08-21 08:10:00+00:00,21370.9,-0.026213685474189674,-13.506842737094837,SL,1930.0
development,SHORT,2022-08-22 04:00:00+00:00,2022-08-22 08:00:00+00:00,2022-08-21 20:00:00+00:00,21259.7,0,0,21089.2,21477.9,20311.8,0.018431234944900742,True,2022-08-22 16:00:00+00:00,21477.9,-0.018431234944900732,-9.615617472450365,SL,480.0
development,LONG,2022-08-23 12:00:00+00:00,2022-08-23 16:00:00+00:00,2022-08-23 00:00:00+00:00,21460.0,1,1,21460.7,21319.6,21742.900000000005,0.006574808836617733,True,2022-08-24 01:20:00+00:00,21319.6,-0.006574808836617763,-3.687404418308881,SL,560.0
development,LONG,2022-08-24 16:00:00+00:00,2022-08-24 20:00:00+00:00,2022-08-23 20:00:00+00:00,21662.0,0,0,21695.9,21596.1,21895.500000000007,0.004599947455510161,True,2022-08-24 21:55:00+00:00,21596.1,-0.004599947455510178,-2.699973727755089,SL,115.0
development,SHORT,2022-08-26 08:00:00+00:00,2022-08-26 12:00:00+00:00,2022-08-25 16:00:00+00:00,21385.5,1,1,21179.6,21459.1,20620.6,0.013196660937883626,True,2022-08-26 12:30:00+00:00,21459.1,-0.01319666093788352,-6.99833046894176,SL,30.0
development,SHORT,2022-08-28 20:00:00+00:00,2022-08-29 00:00:00+00:00,2022-08-28 12:00:00+00:00,19793.8,0,0,19547.5,20035.0,18572.5,0.02493925054354777,True,2022-08-29 12:35:00+00:00,20035.0,-0.02493925054354773,-12.869625271773865,SL,755.0
development,SHORT,2022-08-30 12:00:00+00:00,2022-08-30 16:00:00+00:00,2022-08-29 20:00:00+00:00,20069.3,0,0,19743.7,20440.0,18351.100000000002,0.035266945911860456,True,2022-08-31 03:20:00+00:00,20440.0,-0.035266945911860414,-18.033472955930208,SL,680.0
development,SHORT,2022-09-01 12:00:00+00:00,2022-09-01 16:00:00+00:00,2022-09-01 04:00:00+00:00,19790.4,0,0,19775.7,20084.1,19158.900000000005,0.015594896767244537,True,2022-09-01 20:55:00+00:00,20084.1,-0.01559489676724457,-8.197448383622286,SL,295.0
development,LONG,2022-09-02 12:00:00+00:00,2022-09-02 16:00:00+00:00,2022-09-02 04:00:00+00:00,20290.0,0,0,20344.8,20013.0,21008.399999999998,0.01630883567299749,True,2022-09-02 17:20:00+00:00,20013.0,-0.016308835672997457,-8.554417836498729,SL,80.0
development,SHORT,2022-09-04 04:00:00+00:00,2022-09-04 08:00:00+00:00,2022-09-03 16:00:00+00:00,19628.7,0,0,19618.4,19801.7,19251.800000000003,0.009343269583656121,True,2022-09-04 09:05:00+00:00,19801.7,-0.009343269583656166,-5.0716347918280835,SL,65.0
development,LONG,2022-09-04 16:00:00+00:00,2022-09-04 20:00:00+00:00,2022-09-04 00:00:00+00:00,19847.9,1,1,19872.8,19713.0,20192.399999999998,0.008041141660963693,True,2022-09-05 05:20:00+00:00,19713.0,-0.008041141660963702,-4.420570830481852,SL,560.0
development,SHORT,2022-09-06 16:00:00+00:00,2022-09-06 20:00:00+00:00,2022-09-06 00:00:00+00:00,19665.0,1,1,18813.1,19847.1,16745.1,0.05496170221813524,True,2022-09-09 03:30:00+00:00,19847.1,-0.05496170221813523,-27.880851109067613,SL,3330.0
development,LONG,2022-09-12 04:00:00+00:00,2022-09-12 08:00:00+00:00,2022-09-11 16:00:00+00:00,21883.4,1,1,22180.8,21617.1,23308.2,0.025413871456394753,True,2022-09-13 12:40:00+00:00,21617.1,-0.025413871456394732,-13.106935728197366,SL,1720.0
development,SHORT,2022-09-14 16:00:00+00:00,2022-09-14 20:00:00+00:00,2022-09-14 08:00:00+00:00,20050.0,0,0,19935.1,20228.9,19347.499999999993,0.014737824239657837,True,2022-09-14 22:05:00+00:00,20228.9,-0.01473782423965786,-7.76891211982893,SL,125.0
development,LONG,2022-09-17 20:00:00+00:00,2022-09-18 00:00:00+00:00,2022-09-17 00:00:00+00:00,20068.8,1,1,20102.0,19930.0,20446.0,0.008556362550989951,True,2022-09-18 09:45:00+00:00,19930.0,-0.008556362550989904,-4.6781812754949526,SL,585.0
development,SHORT,2022-09-18 16:00:00+00:00,2022-09-18 20:00:00+00:00,2022-09-17 12:00:00+00:00,19739.4,1,1,19715.5,19869.9,19406.699999999997,0.007831401689026475,True,2022-09-18 21:10:00+00:00,19406.699999999997,0.015662803378052925,7.431401689026462,TP_2R,70.0
development,SHORT,2022-09-20 16:00:00+00:00,2022-09-20 20:00:00+00:00,2022-09-20 00:00:00+00:00,19148.4,1,1,18985.3,19316.7,18322.499999999996,0.01745561039330437,True,2022-09-21 13:30:00+00:00,19316.7,-0.017455610393304344,-9.127805196652172,SL,1050.0
development,SHORT,2022-09-21 20:00:00+00:00,2022-09-22 00:00:00+00:00,2022-09-21 04:00:00+00:00,18784.2,1,1,18447.5,19063.9,17214.699999999997,0.03341374169941735,True,2022-09-22 08:25:00+00:00,19063.9,-0.033413741699417354,-17.106870849708677,SL,505.0
development,SHORT,2022-09-23 12:00:00+00:00,2022-09-23 16:00:00+00:00,2022-09-22 16:00:00+00:00,18767.6,0,0,18704.4,19063.2,17986.800000000003,0.019182652210175104,True,2022-09-23 22:25:00+00:00,19063.2,-0.01918265221017501,-9.991326105087506,SL,385.0
development,SHORT,2022-09-24 20:00:00+00:00,2022-09-25 00:00:00+00:00,2022-09-24 04:00:00+00:00,18914.4,0,0,18910.9,19140.8,18451.100000000006,0.012157009978372145,True,2022-09-25 11:45:00+00:00,19140.8,-0.012157009978372102,-6.478504989186051,SL,705.0
development,SHORT,2022-09-25 20:00:00+00:00,2022-09-26 00:00:00+00:00,2022-09-25 12:00:00+00:00,18834.0,0,0,18799.7,18943.0,18513.100000000002,0.007622462060564757,True,2022-09-26 08:05:00+00:00,18943.0,-0.007622462060564716,-4.211231030282359,SL,485.0
development,LONG,2022-09-27 00:00:00+00:00,2022-09-27 04:00:00+00:00,2022-09-26 08:00:00+00:00,19311.5,0,0,20092.0,19182.0,21912.0,0.04529165837149114,True,2022-09-27 16:40:00+00:00,19182.0,-0.045291658371491184,-23.04582918574559,SL,760.0
development,SHORT,2022-09-28 00:00:00+00:00,2022-09-28 04:00:00+00:00,2022-09-27 16:00:00+00:00,18801.5,0,0,18736.0,19228.3,17751.4,0.026275619128949577,True,2022-09-28 14:25:00+00:00,19228.3,-0.02627561912894949,-13.537809564474745,SL,625.0
development,LONG,2022-09-30 12:00:00+00:00,2022-09-30 16:00:00+00:00,2022-09-30 00:00:00+00:00,19698.6,0,0,19749.5,19066.0,21116.5,0.034608471100534194,True,2022-10-02 10:15:00+00:00,19066.0,-0.03460847110053422,-17.70423555026711,SL,2535.0
development,LONG,2022-10-03 12:00:00+00:00,2022-10-03 16:00:00+00:00,2022-10-03 04:00:00+00:00,19309.9,0,0,19330.0,19126.8,19736.4,0.010512157268494606,True,2022-10-04 06:30:00+00:00,19736.4,0.021024314536989275,10.112157268494636,TP_2R,870.0
development,LONG,2022-10-04 20:00:00+00:00,2022-10-05 00:00:00+00:00,2022-10-04 12:00:00+00:00,20300.0,0,0,20332.9,20142.3,20714.100000000006,0.00937397026494018,True,2022-10-05 00:20:00+00:00,20142.3,-0.009373970264940135,-5.086985132470067,SL,20.0
development,SHORT,2022-10-07 12:00:00+00:00,2022-10-07 16:00:00+00:00,2022-10-07 04:00:00+00:00,19800.0,0,0,19574.1,20067.0,18588.299999999996,0.025181234386255382,True,2022-10-13 10:30:00+00:00,18588.299999999996,0.050362468772510716,24.78123438625536,TP_2R,8310.0
development,LONG,2022-10-13 16:00:00+00:00,2022-10-13 20:00:00+00:00,2022-10-12 20:00:00+00:00,19240.0,0,0,19360.9,18892.8,20297.100000000006,0.02417759504981701,True,2022-10-20 00:45:00+00:00,18892.8,-0.02417759504981698,-12.48879752490849,SL,8925.0
development,LONG,2022-10-21 12:00:00+00:00,2022-10-21 16:00:00+00:00,2022-10-21 00:00:00+00:00,19126.8,0,0,19158.6,18600.0,20275.799999999996,0.029156618959631633,True,2022-10-25 18:25:00+00:00,20275.799999999996,0.05831323791926324,28.75661895963162,TP_2R,5905.0
development,LONG,2022-10-26 08:00:00+00:00,2022-10-26 12:00:00+00:00,2022-10-25 16:00:00+00:00,20415.0,0,0,20596.0,20270.0,21248.0,0.01582831617789862,True,2022-10-27 20:20:00+00:00,20270.0,-0.015828316177898594,-8.314158088949297,SL,1940.0
development,LONG,2022-10-29 00:00:00+00:00,2022-10-29 04:00:00+00:00,2022-10-28 16:00:00+00:00,20740.0,0,0,20745.2,20547.8,21140.000000000004,0.00951545417735194,True,2022-10-30 16:55:00+00:00,20547.8,-0.00951545417735189,-5.157727088675945,SL,2215.0
development,SHORT,2022-10-31 12:00:00+00:00,2022-10-31 16:00:00+00:00,2022-10-31 00:00:00+00:00,20416.0,0,0,20390.5,20746.3,19678.9,0.01744930237120224,True,2022-11-02 18:05:00+00:00,20746.3,-0.017449302371202347,-9.124651185601174,SL,3005.0
development,LONG,2022-11-04 04:00:00+00:00,2022-11-04 08:00:00+00:00,2022-11-03 04:00:00+00:00,20400.0,0,0,20603.3,20296.0,21217.899999999998,0.014915086418195108,True,2022-11-04 14:20:00+00:00,21217.899999999998,0.029830172836390112,14.515086418195056,TP_2R,380.0
development,LONG,2022-11-05 00:00:00+00:00,2022-11-05 04:00:00+00:00,2022-11-04 12:00:00+00:00,21297.0,0,0,21436.4,21071.1,22167.000000000007,0.017041107648672487,True,2022-11-06 22:15:00+00:00,21071.1,-0.017041107648672504,-8.920553824336253,SL,2535.0
development,SHORT,2022-11-08 00:00:00+00:00,2022-11-08 04:00:00+00:00,2022-11-07 08:00:00+00:00,20563.2,1,1,20140.6,20664.4,19092.999999999993,0.026007169597728117,True,2022-11-08 16:40:00+00:00,20664.4,-0.026007169597728197,-13.403584798864099,SL,760.0
development,SHORT,2022-11-09 16:00:00+00:00,2022-11-09 20:00:00+00:00,2022-11-08 16:00:00+00:00,16830.0,0,0,16764.5,17308.0,15677.5,0.032419696382236275,True,2022-11-09 21:50:00+00:00,15677.5,0.06483939276447259,32.0196963822363,TP_2R,110.0
development,SHORT,2022-11-11 12:00:00+00:00,2022-11-11 16:00:00+00:00,2022-11-11 00:00:00+00:00,16880.0,0,0,16864.7,17550.0,15494.100000000002,0.040635172875888644,True,2022-11-21 21:50:00+00:00,15494.100000000002,0.08127034575177727,40.23517287588864,TP_2R,14750.0
development,LONG,2022-11-22 12:00:00+00:00,2022-11-22 16:00:00+00:00,2022-11-22 00:00:00+00:00,15960.0,0,0,16232.8,15680.0,17338.399999999998,0.03405450692425209,True,2022-12-01 13:30:00+00:00,17338.399999999998,0.0681090138485041,33.65450692425205,TP_2R,12810.0
development,SHORT,2022-12-03 20:00:00+00:00,2022-12-04 00:00:00+00:00,2022-12-03 08:00:00+00:00,16881.4,0,0,16879.5,16949.0,16740.5,0.0041174205397079295,True,2022-12-04 00:20:00+00:00,16949.0,-0.004117420539707872,-2.458710269853936,SL,20.0
development,LONG,2022-12-04 04:00:00+00:00,2022-12-04 08:00:00+00:00,2022-12-03 16:00:00+00:00,16975.0,1,1,16987.9,16951.8,17060.100000000006,0.002125041941617397,True,2022-12-04 11:20:00+00:00,16951.8,-0.002125041941617445,-1.4625209708087223,SL,200.0
development,LONG,2022-12-04 16:00:00+00:00,2022-12-04 20:00:00+00:00,2022-12-04 04:00:00+00:00,17075.9,0,0,17077.6,16965.1,17302.6,0.0065875767086710085,True,2022-12-05 02:45:00+00:00,17302.6,0.0131751534173421,6.18757670867105,TP_2R,405.0
development,LONG,2022-12-06 20:00:00+00:00,2022-12-07 00:00:00+00:00,2022-12-06 08:00:00+00:00,17034.7,0,0,17078.7,16946.3,17343.500000000004,0.007752346490072514,True,2022-12-07 06:50:00+00:00,16946.3,-0.007752346490072504,-4.276173245036252,SL,410.0
development,LONG,2022-12-08 12:00:00+00:00,2022-12-08 16:00:00+00:00,2022-12-08 00:00:00+00:00,16880.0,0,0,16907.7,16792.8,17137.500000000004,0.006795720293120972,True,2022-12-08 18:35:00+00:00,17137.500000000004,0.013591440586241843,6.395720293120921,TP_2R,155.0
development,LONG,2022-12-10 12:00:00+00:00,2022-12-10 16:00:00+00:00,2022-12-10 04:00:00+00:00,17170.2,0,0,17200.3,17132.0,17336.899999999998,0.003970860973355074,True,2022-12-10 21:45:00+00:00,17132.0,-0.003970860973355084,-2.3854304866775418,SL,345.0
development,SHORT,2022-12-11 20:00:00+00:00,2022-12-12 00:00:00+00:00,2022-12-11 12:00:00+00:00,17121.0,0,0,17077.3,17169.7,16892.499999999996,0.005410691385640673,True,2022-12-12 02:50:00+00:00,16892.499999999996,0.010821382771281307,5.010691385640653,TP_2R,170.0
development,LONG,2022-12-12 20:00:00+00:00,2022-12-13 00:00:00+00:00,2022-12-12 12:00:00+00:00,17050.0,0,0,17200.0,17035.6,17528.800000000003,0.009558139534883806,True,2022-12-13 13:15:00+00:00,17528.800000000003,0.01911627906976765,9.158139534883825,TP_2R,795.0
development,LONG,2022-12-14 12:00:00+00:00,2022-12-14 16:00:00+00:00,2022-12-14 00:00:00+00:00,17844.9,1,1,18054.8,17814.0,18536.399999999998,0.013337173494029249,True,2022-12-14 18:55:00+00:00,17814.0,-0.013337173494029297,-7.068586747014649,SL,175.0
development,SHORT,2022-12-15 00:00:00+00:00,2022-12-15 04:00:00+00:00,2022-12-14 04:00:00+00:00,17734.8,1,1,17724.9,17849.5,17475.700000000004,0.0070296588415166535,True,2022-12-15 13:10:00+00:00,17475.700000000004,0.014059317683033257,6.629658841516628,TP_2R,550.0
development,SHORT,2022-12-16 08:00:00+00:00,2022-12-16 12:00:00+00:00,2022-12-15 20:00:00+00:00,17258.0,0,0,17018.7,17510.5,16035.100000000002,0.02889762437789016,True,2023-01-11 18:10:00+00:00,17510.5,-0.02889762437789023,-14.848812188945116,SL,37810.0
development,LONG,2023-01-12 16:00:00+00:00,2023-01-12 20:00:00+00:00,2023-01-12 00:00:00+00:00,18400.0,0,0,18877.3,18045.7,20540.499999999996,0.04405291010896678,True,2023-01-14 00:35:00+00:00,20540.499999999996,0.08810582021793345,43.65291010896673,TP_2R,1715.0
development,LONG,2023-01-16 00:00:00+00:00,2023-01-16 04:00:00+00:00,2023-01-15 16:00:00+00:00,21073.8,0,0,21084.3,20780.2,21692.499999999996,0.01442305412083866,True,2023-01-16 08:05:00+00:00,20780.2,-0.014423054120838663,-7.611527060419332,SL,245.0
development,SHORT,2023-01-18 12:00:00+00:00,2023-01-18 16:00:00+00:00,2023-01-18 00:00:00+00:00,21103.6,0,0,21035.5,21672.0,19762.5,0.030258372750825983,True,2023-01-20 20:05:00+00:00,21672.0,-0.03025837275082588,-15.52918637541294,SL,3125.0
development,LONG,2023-01-21 08:00:00+00:00,2023-01-21 12:00:00+00:00,2023-01-21 00:00:00+00:00,22812.4,0,0,22903.5,22555.0,23600.5,0.015216015019538499,True,2023-01-22 20:05:00+00:00,22555.0,-0.015216015019538509,-8.008007509769255,SL,1925.0
development,LONG,2023-01-23 08:00:00+00:00,2023-01-23 12:00:00+00:00,2023-01-23 00:00:00+00:00,22825.9,0,0,22906.4,22661.9,23395.4,0.010673872804107148,True,2023-01-23 14:55:00+00:00,22661.9,-0.010673872804107143,-5.736936402053572,SL,175.0
development,SHORT,2023-01-24 20:00:00+00:00,2023-01-25 00:00:00+00:00,2023-01-24 12:00:00+00:00,22677.9,0,0,22627.5,23073.6,21735.300000000003,0.019714948624461322,True,2023-01-25 21:30:00+00:00,23073.6,-0.019714948624461215,-10.257474312230608,SL,1290.0
development,SHORT,2023-01-27 00:00:00+00:00,2023-01-27 04:00:00+00:00,2023-01-26 16:00:00+00:00,22850.0,0,0,22762.2,23068.7,22149.2,0.01346530651694476,True,2023-01-27 05:50:00+00:00,23068.7,-0.013465306516944775,-7.132653258472388,SL,110.0
development,LONG,2023-01-27 16:00:00+00:00,2023-01-27 20:00:00+00:00,2023-01-27 04:00:00+00:00,23098.0,1,1,23246.8,22919.0,23902.399999999998,0.014100865495466013,True,2023-01-28 09:15:00+00:00,22919.0,-0.014100865495465964,-7.450432747732982,SL,795.0
development,LONG,2023-01-29 00:00:00+00:00,2023-01-29 04:00:00+00:00,2023-01-28 16:00:00+00:00,23050.6,0,0,23190.0,22961.5,23647.0,0.009853385079775765,True,2023-01-29 11:00:00+00:00,23647.0,0.019706770159551468,9.453385079775734,TP_2R,420.0
development,LONG,2023-01-29 12:00:00+00:00,2023-01-29 16:00:00+00:00,2023-01-29 00:00:00+00:00,23520.0,1,1,23522.7,23351.6,23864.900000000005,0.007273824858540992,True,2023-01-29 19:25:00+00:00,23864.900000000005,0.014547649717082,6.873824858541,TP_2R,205.0
development,SHORT,2023-01-30 08:00:00+00:00,2023-01-30 12:00:00+00:00,2023-01-30 00:00:00+00:00,23568.0,0,0,23075.2,23678.6,21868.400000000005,0.026149285813340636,True,2023-02-01 21:05:00+00:00,23678.6,-0.026149285813340528,-13.474642906670264,SL,3425.0
development,SHORT,2023-02-02 20:00:00+00:00,2023-02-03 00:00:00+00:00,2023-02-02 12:00:00+00:00,23520.0,0,0,23493.0,23933.5,22612.0,0.01875026603669178,True,2023-02-06 05:25:00+00:00,22612.0,0.03750053207338355,18.350266036691778,TP_2R,4645.0
development,LONG,2023-02-07 16:00:00+00:00,2023-02-07 20:00:00+00:00,2023-02-07 08:00:00+00:00,23061.0,0,0,23086.1,22762.0,23734.299999999996,0.01403875059018191,True,2023-02-08 16:15:00+00:00,22762.0,-0.014038750590181892,-7.419375295090946,SL,1215.0
development,SHORT,2023-02-09 00:00:00+00:00,2023-02-09 04:00:00+00:00,2023-02-08 16:00:00+00:00,22662.9,0,0,22511.6,23007.8,21519.199999999997,0.02204196947351591,True,2023-02-10 15:45:00+00:00,21519.199999999997,0.044083938947031776,21.64196947351589,TP_2R,2145.0
development,LONG,2023-02-11 20:00:00+00:00,2023-02-12 00:00:00+00:00,2023-02-11 12:00:00+00:00,21770.0,0,0,21851.2,21635.5,22282.600000000002,0.009871311415391408,True,2023-02-12 22:05:00+00:00,21635.5,-0.009871311415391437,-5.335655707695719,SL,1325.0
development,SHORT,2023-02-13 08:00:00+00:00,2023-02-13 12:00:00+00:00,2023-02-13 00:00:00+00:00,21606.0,0,0,21595.9,21865.1,21057.500000000007,0.012465329067091304,True,2023-02-14 09:50:00+00:00,21865.1,-0.012465329067091302,-6.632664533545651,SL,1310.0
development,LONG,2023-02-14 12:00:00+00:00,2023-02-14 16:00:00+00:00,2023-02-13 20:00:00+00:00,21840.0,1,1,22033.4,21485.2,23129.800000000003,0.02488040883386135,True,2023-02-15 19:10:00+00:00,23129.800000000003,0.04976081766772267,24.480408833861336,TP_2R,1630.0
development,LONG,2023-02-16 12:00:00+00:00,2023-02-16 16:00:00+00:00,2023-02-16 00:00:00+00:00,24934.1,0,0,25090.2,24312.0,26646.600000000002,0.03101609393308944,True,2023-02-16 22:30:00+00:00,24312.0,-0.03101609393308946,-15.908046966544731,SL,390.0
development,LONG,2023-02-19 12:00:00+00:00,2023-02-19 16:00:00+00:00,2023-02-19 04:00:00+00:00,24867.6,0,0,24929.7,24655.7,25477.7,0.010990906428878004,True,2023-02-19 16:50:00+00:00,24655.7,-0.010990906428878011,-5.895453214439006,SL,50.0
development,SHORT,2023-02-21 08:00:00+00:00,2023-02-21 12:00:00+00:00,2023-02-20 16:00:00+00:00,24585.1,0,0,24572.6,25347.6,23022.6,0.031539194061678454,True,2023-02-24 16:00:00+00:00,23022.6,0.06307838812335687,31.139194061678435,TP_2R,4560.0
development,LONG,2023-02-26 00:00:00+00:00,2023-02-26 04:00:00+00:00,2023-02-25 08:00:00+00:00,23147.6,1,1,23201.8,23050.0,23505.399999999998,0.006542595833081885,True,2023-02-26 18:50:00+00:00,23505.399999999998,0.013085191666163842,6.142595833081921,TP_2R,890.0
development,SHORT,2023-02-27 16:00:00+00:00,2023-02-27 20:00:00+00:00,2023-02-27 08:00:00+00:00,23320.0,0,0,23262.5,23603.9,22579.699999999997,0.01467598065556159,True,2023-03-01 04:45:00+00:00,23603.9,-0.014675980655561638,-7.737990327780819,SL,1965.0
development,SHORT,2023-03-03 00:00:00+00:00,2023-03-03 04:00:00+00:00,2023-03-02 12:00:00+00:00,23183.0,0,0,22306.4,23468.5,19982.200000000004,0.05209715597317355,True,2023-03-10 01:00:00+00:00,19982.200000000004,0.1041943119463471,51.69715597317355,TP_2R,9900.0
development,SHORT,2023-03-10 08:00:00+00:00,2023-03-10 12:00:00+00:00,2023-03-10 00:00:00+00:00,19752.0,0,0,19749.9,19967.6,19314.500000000007,0.011022840621977685,True,2023-03-10 12:55:00+00:00,19967.6,-0.01102284062197767,-5.911420310988835,SL,55.0
development,LONG,2023-03-11 00:00:00+00:00,2023-03-11 04:00:00+00:00,2023-03-10 16:00:00+00:00,20298.0,0,0,20381.3,20124.8,20894.3,0.012585065722009882,True,2023-03-11 07:15:00+00:00,20124.8,-0.012585065722009903,-6.692532861004952,SL,195.0
development,LONG,2023-03-12 16:00:00+00:00,2023-03-12 20:00:00+00:00,2023-03-12 08:00:00+00:00,20488.5,0,0,20770.6,20332.5,21646.799999999996,0.021092313173427756,True,2023-03-12 22:20:00+00:00,21646.799999999996,0.04218462634685549,20.69231317342775,TP_2R,140.0
development,LONG,2023-03-13 12:00:00+00:00,2023-03-13 16:00:00+00:00,2023-03-13 00:00:00+00:00,22598.0,0,0,24009.0,21945.0,28137.0,0.08596776208921654,True,2023-03-19 16:45:00+00:00,28137.0,0.17193552417843305,85.56776208921652,TP_2R,8685.0
development,LONG,2023-03-22 12:00:00+00:00,2023-03-22 16:00:00+00:00,2023-03-22 00:00:00+00:00,28286.3,0,0,28586.1,28090.4,29577.499999999993,0.017340595604157166,True,2023-03-22 18:35:00+00:00,28090.4,-0.017340595604157127,-9.070297802078564,SL,155.0
development,SHORT,2023-03-25 16:00:00+00:00,2023-03-25 20:00:00+00:00,2023-03-25 08:00:00+00:00,27302.0,0,0,27179.4,27721.0,26096.200000000004,0.019926856369161885,True,2023-03-26 08:35:00+00:00,27721.0,-0.019926856369161916,-10.36342818458096,SL,755.0
development,SHORT,2023-03-27 12:00:00+00:00,2023-03-27 16:00:00+00:00,2023-03-27 04:00:00+00:00,27650.0,0,0,26887.3,27917.4,24827.099999999995,0.03831176800943204,True,2023-03-29 06:25:00+00:00,27917.4,-0.038311768009432035,-19.555884004716017,SL,2305.0
development,LONG,2023-03-30 04:00:00+00:00,2023-03-30 08:00:00+00:00,2023-03-29 08:00:00+00:00,28649.9,1,1,28706.5,28425.0,29269.5,0.009806141466218452,True,2023-03-30 13:50:00+00:00,28425.0,-0.009806141466218499,-5.30307073310925,SL,350.0
development,SHORT,2023-03-30 16:00:00+00:00,2023-03-30 20:00:00+00:00,2023-03-30 00:00:00+00:00,28066.0,0,0,27971.4,28285.1,27344.000000000007,0.011215026777351048,True,2023-03-31 00:55:00+00:00,28285.1,-0.011215026777350978,-6.0075133886754895,SL,295.0
development,LONG,2023-03-31 12:00:00+00:00,2023-03-31 16:00:00+00:00,2023-03-31 00:00:00+00:00,28367.9,0,0,28488.6,27860.2,29745.399999999994,0.022057945985411633,True,2023-04-02 19:40:00+00:00,27860.2,-0.022057945985411664,-11.428972992705832,SL,3100.0
development,SHORT,2023-04-03 00:00:00+00:00,2023-04-03 04:00:00+00:00,2023-04-02 16:00:00+00:00,27820.0,0,0,27738.1,28171.3,26871.699999999997,0.015617508048496499,True,2023-04-03 08:10:00+00:00,28171.3,-0.015617508048496598,-8.208754024248298,SL,250.0
development,LONG,2023-04-05 00:00:00+00:00,2023-04-05 04:00:00+00:00,2023-04-04 08:00:00+00:00,28450.0,0,0,28536.1,28085.8,29436.699999999997,0.015780011984819205,True,2023-04-05 14:10:00+00:00,28085.8,-0.015780011984819153,-8.290005992409577,SL,610.0
development,SHORT,2023-04-07 04:00:00+00:00,2023-04-07 08:00:00+00:00,2023-04-06 20:00:00+00:00,27873.5,0,0,27822.1,28052.2,27361.899999999994,0.008270403743786493,True,2023-04-08 03:25:00+00:00,28052.2,-0.008270403743786403,-4.535201871893202,SL,1165.0
development,LONG,2023-04-09 16:00:00+00:00,2023-04-09 20:00:00+00:00,2023-04-09 00:00:00+00:00,28078.1,0,0,28132.4,27860.3,28676.600000000006,0.009672121823946844,True,2023-04-10 16:45:00+00:00,28676.600000000006,0.019344243647893666,9.272121823946833,TP_2R,1245.0
development,SHORT,2023-04-12 00:00:00+00:00,2023-04-12 04:00:00+00:00,2023-04-11 12:00:00+00:00,29938.9,1,1,29914.8,30350.0,29044.399999999998,0.014547982938211211,True,2023-04-12 12:30:00+00:00,30350.0,-0.014547982938211135,-7.673991469105568,SL,510.0
development,SHORT,2023-04-12 16:00:00+00:00,2023-04-12 20:00:00+00:00,2023-04-12 00:00:00+00:00,29811.0,1,1,29789.5,30087.7,29193.1,0.010010238506856468,True,2023-04-13 02:40:00+00:00,30087.7,-0.010010238506856561,-5.405119253428281,SL,400.0
development,LONG,2023-04-13 12:00:00+00:00,2023-04-13 16:00:00+00:00,2023-04-13 00:00:00+00:00,30270.0,1,1,30422.6,30116.5,31034.799999999996,0.010061598942891093,True,2023-04-14 06:50:00+00:00,31034.799999999996,0.020123197885782096,9.661598942891048,TP_2R,890.0
development,SHORT,2023-04-17 00:00:00+00:00,2023-04-17 04:00:00+00:00,2023-04-16 12:00:00+00:00,30142.5,0,0,29966.5,30307.4,29284.699999999997,0.011376036574174544,True,2023-04-17 11:30:00+00:00,29284.699999999997,0.02275207314834904,10.97603657417452,TP_2R,450.0
development,SHORT,2023-04-19 08:00:00+00:00,2023-04-19 12:00:00+00:00,2023-04-18 16:00:00+00:00,29927.6,0,0,29300.0,30067.1,27765.800000000003,0.026180887372013604,True,2023-04-21 17:25:00+00:00,27765.800000000003,0.052361774744027256,25.78088737201363,TP_2R,3205.0
development,LONG,2023-04-22 12:00:00+00:00,2023-04-22 16:00:00+00:00,2023-04-22 04:00:00+00:00,27387.8,0,0,27477.1,27219.5,27992.299999999996,0.009375079611749368,True,2023-04-24 01:15:00+00:00,27992.299999999996,0.018750159223498652,8.975079611749326,TP_2R,1995.0
development,SHORT,2023-04-24 12:00:00+00:00,2023-04-24 16:00:00+00:00,2023-04-23 12:00:00+00:00,27279.7,1,1,27255.9,27700.0,26367.700000000004,0.016293719891839878,True,2023-04-25 18:15:00+00:00,27700.0,-0.01629371989183981,-8.546859945919904,SL,1575.0
development,LONG,2023-04-27 16:00:00+00:00,2023-04-27 20:00:00+00:00,2023-04-27 00:00:00+00:00,29480.0,1,1,29659.9,29001.0,30977.700000000004,0.02221517941732782,True,2023-04-28 13:40:00+00:00,29001.0,-0.02221517941732787,-11.507589708663934,SL,1060.0
development,LONG,2023-04-30 12:00:00+00:00,2023-04-30 16:00:00+00:00,2023-04-29 12:00:00+00:00,29385.0,0,0,29644.4,29169.9,30593.4,0.016006395811687873,True,2023-04-30 20:00:00+00:00,29169.9,-0.016006395811687835,-8.403197905843918,SL,240.0
development,SHORT,2023-05-01 00:00:00+00:00,2023-05-01 04:00:00+00:00,2023-04-30 08:00:00+00:00,29150.0,1,1,28545.6,29325.5,26985.799999999996,0.027321198363320493,True,2023-05-04 10:35:00+00:00,29325.5,-0.027321198363320587,-14.060599181660294,SL,4715.0
development,SHORT,2023-05-06 12:00:00+00:00,2023-05-06 16:00:00+00:00,2023-05-05 12:00:00+00:00,28618.3,0,0,28557.9,29266.7,27140.300000000003,0.024819752152644252,True,2023-05-10 17:15:00+00:00,27140.300000000003,0.04963950430528852,24.41975215264426,TP_2R,5835.0
development,SHORT,2023-05-12 00:00:00+00:00,2023-05-12 04:00:00+00:00,2023-05-11 16:00:00+00:00,26688.8,0,0,26574.7,27090.0,25544.100000000002,0.01939062341249381,True,2023-05-14 15:05:00+00:00,27090.0,-0.019390623412493868,-10.095311706246934,SL,3545.0
development,LONG,2023-05-15 00:00:00+00:00,2023-05-15 04:00:00+00:00,2023-05-14 12:00:00+00:00,27200.0,0,0,27216.4,26694.4,28260.4,0.019179612292588293,True,2023-05-17 11:20:00+00:00,26694.4,-0.019179612292588244,-9.989806146294123,SL,3320.0
development,LONG,2023-05-17 16:00:00+00:00,2023-05-17 20:00:00+00:00,2023-05-17 00:00:00+00:00,27238.5,0,0,27377.0,26730.0,28671.0,0.023632976586185486,True,2023-05-18 17:40:00+00:00,26730.0,-0.02363297658618546,-12.21648829309273,SL,1300.0
development,LONG,2023-05-21 00:00:00+00:00,2023-05-21 04:00:00+00:00,2023-05-20 16:00:00+00:00,27144.4,0,0,27166.4,27050.0,27399.200000000004,0.0042847046351375765,True,2023-05-21 06:40:00+00:00,27050.0,-0.004284704635137526,-2.542352317568763,SL,160.0
development,SHORT,2023-05-21 20:00:00+00:00,2023-05-22 00:00:00+00:00,2023-05-21 08:00:00+00:00,26750.0,0,0,26732.8,26915.0,26368.399999999998,0.006815597318649776,True,2023-05-22 13:30:00+00:00,26915.0,-0.006815597318649669,-3.8077986593248343,SL,810.0
development,LONG,2023-05-23 00:00:00+00:00,2023-05-23 04:00:00+00:00,2023-05-22 12:00:00+00:00,27097.8,0,0,27354.7,26782.6,28498.900000000005,0.02091413906933734,True,2023-05-24 03:35:00+00:00,26782.6,-0.020914139069337367,-10.857069534668684,SL,1415.0
development,SHORT,2023-05-24 12:00:00+00:00,2023-05-24 16:00:00+00:00,2023-05-24 04:00:00+00:00,26566.5,0,0,26306.9,26731.7,25457.300000000003,0.016147854745332944,True,2023-05-26 14:25:00+00:00,26731.7,-0.016147854745332868,-8.473927372666434,SL,2785.0
development,LONG,2023-05-27 20:00:00+00:00,2023-05-28 00:00:00+00:00,2023-05-27 04:00:00+00:00,26776.4,1,1,26841.6,26714.5,27095.799999999996,0.004735187172150638,True,2023-05-28 00:55:00+00:00,27095.799999999996,0.009470374344301202,4.335187172150601,TP_2R,55.0
development,LONG,2023-05-28 16:00:00+00:00,2023-05-28 20:00:00+00:00,2023-05-28 08:00:00+00:00,27387.0,0,0,27518.5,27200.1,28155.300000000003,0.011570398095826497,True,2023-05-28 22:00:00+00:00,28155.300000000003,0.02314079619165299,11.170398095826494,TP_2R,120.0
development,LONG,2023-05-30 08:00:00+00:00,2023-05-30 12:00:00+00:00,2023-05-30 00:00:00+00:00,27933.0,0,0,28005.8,27697.1,28623.2,0.011022716722964555,True,2023-05-30 14:40:00+00:00,27697.1,-0.01102271672296451,-5.911358361482256,SL,160.0
development,SHORT,2023-05-31 04:00:00+00:00,2023-05-31 08:00:00+00:00,2023-05-30 16:00:00+00:00,27530.0,0,0,27150.4,27668.7,26113.800000000003,0.01908995815899579,True,2023-06-05 15:55:00+00:00,26113.800000000003,0.03817991631799156,18.68995815899578,TP_2R,7675.0
development,LONG,2023-06-06 12:00:00+00:00,2023-06-06 16:00:00+00:00,2023-06-06 04:00:00+00:00,25809.9,0,0,26051.2,25321.6,27510.400000000005,0.02800638742169275,True,2023-06-10 18:20:00+00:00,25321.6,-0.028006387421692702,-14.40319371084635,SL,5900.0
development,LONG,2023-06-11 16:00:00+00:00,2023-06-11 20:00:00+00:00,2023-06-11 08:00:00+00:00,25839.0,0,0,26021.1,25726.7,26609.899999999994,0.011313895261921973,True,2023-06-11 22:40:00+00:00,25726.7,-0.011313895261921947,-6.056947630960973,SL,160.0
development,LONG,2023-06-13 08:00:00+00:00,2023-06-13 12:00:00+00:00,2023-06-13 00:00:00+00:00,26155.5,0,0,26178.1,26044.9,26444.499999999993,0.005088222598278603,True,2023-06-13 12:55:00+00:00,26044.9,-0.005088222598278569,-2.9441112991392844,SL,55.0
development,SHORT,2023-06-14 20:00:00+00:00,2023-06-15 00:00:00+00:00,2023-06-14 04:00:00+00:00,25820.0,1,1,25115.9,25872.9,23601.9,0.03014026970962617,True,2023-06-16 15:55:00+00:00,25872.9,-0.030140269709626244,-15.470134854813123,SL,2395.0
development,LONG,2023-06-17 04:00:00+00:00,2023-06-17 08:00:00+00:00,2023-06-16 16:00:00+00:00,26526.9,0,0,26587.7,26230.0,27303.100000000002,0.013453589441734363,True,2023-06-20 16:45:00+00:00,27303.100000000002,0.02690717888346872,13.053589441734358,TP_2R,4845.0
development,LONG,2023-06-21 12:00:00+00:00,2023-06-21 16:00:00+00:00,2023-06-21 00:00:00+00:00,29086.6,1,1,29836.9,28858.2,31794.300000000003,0.03280166505233455,True,2023-07-13 19:30:00+00:00,31794.300000000003,0.06560333010466901,32.40166505233451,TP_2R,31890.0
development,SHORT,2023-07-14 16:00:00+00:00,2023-07-14 20:00:00+00:00,2023-07-14 04:00:00+00:00,31068.5,1,1,30099.9,31272.7,27754.300000000003,0.03896358459662654,True,2023-08-17 16:00:00+00:00,27754.300000000003,0.07792716919325304,38.56358459662652,TP_2R,48720.0
development,SHORT,2023-08-18 12:00:00+00:00,2023-08-18 16:00:00+00:00,2023-08-18 04:00:00+00:00,26150.0,0,0,25993.1,26489.6,25000.1,0.019101223016877555,True,2023-08-23 17:10:00+00:00,26489.6,-0.019101223016877666,-9.950611508438834,SL,7270.0
development,SHORT,2023-08-25 12:00:00+00:00,2023-08-25 16:00:00+00:00,2023-08-25 04:00:00+00:00,25960.0,0,0,25917.3,26300.0,25151.899999999998,0.014766198639518805,True,2023-08-29 14:20:00+00:00,26300.0,-0.01476619863951889,-7.783099319759446,SL,5660.0
development,SHORT,2023-08-30 12:00:00+00:00,2023-08-30 16:00:00+00:00,2023-08-30 00:00:00+00:00,27265.0,0,0,27191.9,27450.0,26675.700000000004,0.009491797189604204,True,2023-08-31 11:40:00+00:00,27450.0,-0.009491797189604245,-5.145898594802123,SL,1180.0
development,SHORT,2023-08-31 12:00:00+00:00,2023-08-31 16:00:00+00:00,2023-08-30 12:00:00+00:00,26950.0,0,0,26909.4,27305.1,26118.000000000007,0.014704898659947716,True,2023-08-31 19:10:00+00:00,26118.000000000007,0.02940979731989546,14.30489865994773,TP_2R,190.0
development,LONG,2023-09-03 16:00:00+00:00,2023-09-03 20:00:00+00:00,2023-09-02 12:00:00+00:00,25975.0,1,1,25997.5,25777.0,26438.5,0.00848158476776613,True,2023-09-04 15:05:00+00:00,25777.0,-0.00848158476776617,-4.640792383883086,SL,1145.0
development,SHORT,2023-09-05 00:00:00+00:00,2023-09-05 04:00:00+00:00,2023-09-04 12:00:00+00:00,25707.5,1,1,25681.7,25833.1,25378.900000000005,0.005895248367514526,True,2023-09-05 15:15:00+00:00,25833.1,-0.005895248367514538,-3.347624183757269,SL,675.0
development,SHORT,2023-09-06 12:00:00+00:00,2023-09-06 16:00:00+00:00,2023-09-05 20:00:00+00:00,25660.0,0,0,25576.3,25769.3,25190.3,0.007546048490203822,True,2023-09-06 17:50:00+00:00,25769.3,-0.007546048490203905,-4.173024245101953,SL,110.0
development,LONG,2023-09-07 16:00:00+00:00,2023-09-07 20:00:00+00:00,2023-09-07 04:00:00+00:00,25838.0,0,0,25867.1,25760.0,26081.299999999996,0.004140394555245797,True,2023-09-07 21:00:00+00:00,26081.299999999996,0.008280789110491682,3.740394555245841,TP_2R,60.0
development,SHORT,2023-09-11 08:00:00+00:00,2023-09-11 12:00:00+00:00,2023-09-11 00:00:00+00:00,25639.8,0,0,25591.8,25817.9,25139.599999999995,0.00883486116646747,True,2023-09-11 14:40:00+00:00,25139.599999999995,0.017669722332934956,8.434861166467478,TP_2R,160.0
development,LONG,2023-09-12 08:00:00+00:00,2023-09-12 12:00:00+00:00,2023-09-11 04:00:00+00:00,25895.0,1,1,26087.2,25720.0,26821.600000000002,0.014075868625226192,True,2023-09-14 18:35:00+00:00,26821.600000000002,0.02815173725045228,13.675868625226139,TP_2R,3275.0
development,SHORT,2023-09-15 08:00:00+00:00,2023-09-15 12:00:00+00:00,2023-09-15 00:00:00+00:00,26428.6,0,0,26415.3,26691.5,25862.899999999998,0.010456061449235887,True,2023-09-15 22:40:00+00:00,26691.5,-0.010456061449235943,-5.628030724617972,SL,640.0
development,LONG,2023-09-18 00:00:00+00:00,2023-09-18 04:00:00+00:00,2023-09-17 08:00:00+00:00,26614.3,0,0,26646.2,26358.6,27221.400000000005,0.010793283845351389,True,2023-09-18 11:15:00+00:00,27221.400000000005,0.021586567690702774,10.393283845351386,TP_2R,435.0
development,LONG,2023-09-19 12:00:00+00:00,2023-09-19 16:00:00+00:00,2023-09-18 12:00:00+00:00,27397.0,1,1,27413.3,26868.0,28503.899999999998,0.019891804343147277,True,2023-09-20 19:15:00+00:00,26868.0,-0.0198918043431473,-10.34590217157365,SL,1635.0
development,SHORT,2023-09-21 08:00:00+00:00,2023-09-21 12:00:00+00:00,2023-09-20 16:00:00+00:00,26740.0,0,0,26722.8,27008.0,26152.399999999998,0.010672534315266392,True,2023-09-24 23:25:00+00:00,26152.399999999998,0.02134506863053276,10.272534315266379,TP_2R,5005.0
development,SHORT,2023-09-26 12:00:00+00:00,2023-09-26 16:00:00+00:00,2023-09-26 00:00:00+00:00,26221.0,1,1,26114.8,26296.6,25751.2,0.006961569684623251,True,2023-09-27 09:40:00+00:00,26296.6,-0.006961569684623248,-3.880784842311624,SL,1060.0
development,LONG,2023-09-28 12:00:00+00:00,2023-09-28 16:00:00+00:00,2023-09-28 00:00:00+00:00,26549.9,1,1,27012.3,26450.0,28136.899999999998,0.020816442879725137,True,2023-10-01 22:15:00+00:00,28136.899999999998,0.041632885759450344,20.416442879725174,TP_2R,4695.0
development,LONG,2023-10-04 08:00:00+00:00,2023-10-04 12:00:00+00:00,2023-10-04 00:00:00+00:00,27500.0,0,0,27560.0,27420.5,27839.0,0.005061683599419448,True,2023-10-04 13:45:00+00:00,27420.5,-0.0050616835994194975,-2.9308417997097487,SL,105.0
development,LONG,2023-10-04 20:00:00+00:00,2023-10-05 00:00:00+00:00,2023-10-04 08:00:00+00:00,27627.6,1,1,27759.7,27550.0,28179.100000000002,0.007554116218835244,True,2023-10-05 07:35:00+00:00,27550.0,-0.007554116218835283,-4.177058109417642,SL,455.0
development,SHORT,2023-10-05 16:00:00+00:00,2023-10-05 20:00:00+00:00,2023-10-05 04:00:00+00:00,27533.1,1,1,27457.1,27609.9,27151.499999999993,0.005565045106730242,True,2023-10-06 07:45:00+00:00,27609.9,-0.005565045106730171,-3.1825225533650854,SL,705.0
development,LONG,2023-10-08 00:00:00+00:00,2023-10-08 04:00:00+00:00,2023-10-07 08:00:00+00:00,28018.7,0,0,28050.0,27924.9,28300.199999999997,0.004459893048128291,True,2023-10-08 04:45:00+00:00,27924.9,-0.004459893048128327,-2.6299465240641635,SL,45.0
development,SHORT,2023-10-08 08:00:00+00:00,2023-10-08 12:00:00+00:00,2023-10-07 16:00:00+00:00,27831.8,0,0,27799.2,27927.0,27543.600000000002,0.004597254597254571,True,2023-10-08 13:45:00+00:00,27927.0,-0.004597254597254574,-2.698627298627287,SL,105.0
development,SHORT,2023-10-09 08:00:00+00:00,2023-10-09 12:00:00+00:00,2023-10-09 00:00:00+00:00,27780.3,0,0,27456.0,27834.8,26698.4,0.01379662004662002,True,2023-10-11 16:10:00+00:00,26698.4,0.027593240093240046,13.396620046620022,TP_2R,3130.0
development,LONG,2023-10-15 16:00:00+00:00,2023-10-15 20:00:00+00:00,2023-10-15 00:00:00+00:00,26896.3,1,1,27030.1,26880.0,27330.299999999996,0.005553068616098296,True,2023-10-15 20:40:00+00:00,27330.299999999996,0.011106137232196556,5.1530686160982775,TP_2R,40.0
development,LONG,2023-10-16 04:00:00+00:00,2023-10-16 08:00:00+00:00,2023-10-15 20:00:00+00:00,27456.1,0,0,27837.2,27176.5,29158.600000000002,0.02373442731309186,True,2023-10-16 13:25:00+00:00,29158.600000000002,0.047468854626183665,23.334427313091833,TP_2R,325.0
development,LONG,2023-10-16 16:00:00+00:00,2023-10-16 20:00:00+00:00,2023-10-16 04:00:00+00:00,28168.6,1,1,28457.9,28050.0,29273.700000000004,0.014333453979387146,True,2023-10-20 03:15:00+00:00,29273.700000000004,0.028666907958774246,13.933453979387123,TP_2R,4755.0
development,LONG,2023-10-21 08:00:00+00:00,2023-10-21 12:00:00+00:00,2023-10-20 20:00:00+00:00,29784.5,0,0,29794.6,29614.1,30155.6,0.006058144764487525,True,2023-10-21 17:55:00+00:00,30155.6,0.012116289528975033,5.658144764487516,TP_2R,355.0
development,LONG,2023-10-23 00:00:00+00:00,2023-10-23 04:00:00+00:00,2023-10-22 04:00:00+00:00,30229.7,0,0,30723.9,29869.4,32432.9,0.027812224359537688,True,2023-10-23 22:40:00+00:00,32432.9,0.05562444871907535,27.412224359537674,TP_2R,1120.0
development,LONG,2023-10-25 12:00:00+00:00,2023-10-25 16:00:00+00:00,2023-10-25 00:00:00+00:00,34388.0,1,1,34841.5,34191.8,36140.899999999994,0.018647302785471265,True,2023-10-26 10:45:00+00:00,34191.8,-0.01864730278547122,-9.72365139273561,SL,1125.0
development,SHORT,2023-10-27 16:00:00+00:00,2023-10-27 20:00:00+00:00,2023-10-27 00:00:00+00:00,33774.0,0,0,33705.6,34042.2,33032.4,0.009986471090857263,True,2023-10-28 02:50:00+00:00,34042.2,-0.009986471090857263,-5.393235545428632,SL,410.0
development,LONG,2023-10-29 16:00:00+00:00,2023-10-29 20:00:00+00:00,2023-10-28 08:00:00+00:00,34535.8,1,1,34571.6,34382.0,34950.799999999996,0.005484270325932226,True,2023-10-30 02:00:00+00:00,34382.0,-0.005484270325932239,-3.1421351629661194,SL,360.0
development,LONG,2023-10-31 20:00:00+00:00,2023-11-01 00:00:00+00:00,2023-10-31 08:00:00+00:00,34563.6,1,1,34651.4,34439.5,35075.200000000004,0.006115193036933615,True,2023-11-01 02:00:00+00:00,34439.5,-0.006115193036933642,-3.4575965184668207,SL,120.0
development,SHORT,2023-11-01 12:00:00+00:00,2023-11-01 16:00:00+00:00,2023-11-01 04:00:00+00:00,34330.4,0,0,34296.9,35249.0,32392.700000000004,0.027760526461575202,True,2023-11-01 20:55:00+00:00,35249.0,-0.02776052646157523,-14.280263230787616,SL,295.0
development,SHORT,2023-11-02 12:00:00+00:00,2023-11-02 16:00:00+00:00,2023-11-02 04:00:00+00:00,35050.0,0,0,34645.1,35468.0,32999.299999999996,0.023752276656727835,True,2023-11-07 18:15:00+00:00,35468.0,-0.023752276656727744,-12.276138328363873,SL,7335.0
development,LONG,2023-11-09 00:00:00+00:00,2023-11-09 04:00:00+00:00,2023-11-07 20:00:00+00:00,35921.7,1,1,36455.5,35538.8,38288.899999999994,0.02514572561067595,True,2023-11-09 14:10:00+00:00,38288.899999999994,0.050291451221351924,24.74572561067596,TP_2R,610.0
development,LONG,2023-11-10 08:00:00+00:00,2023-11-10 12:00:00+00:00,2023-11-10 00:00:00+00:00,36940.6,0,0,37098.9,36350.0,38596.700000000004,0.020186582351498332,True,2023-11-13 21:35:00+00:00,36350.0,-0.020186582351498283,-10.493291175749142,SL,4895.0
development,SHORT,2023-11-14 12:00:00+00:00,2023-11-14 16:00:00+00:00,2023-11-14 00:00:00+00:00,36220.4,0,0,36168.8,36720.0,35066.40000000001,0.015239654066488162,True,2023-11-14 18:50:00+00:00,35066.40000000001,0.03047930813297628,14.839654066488139,TP_2R,170.0
development,LONG,2023-11-15 16:00:00+00:00,2023-11-15 20:00:00+00:00,2023-11-14 08:00:00+00:00,36779.9,0,0,37527.4,36256.0,40070.200000000004,0.03387924556457419,True,2023-11-16 15:45:00+00:00,36256.0,-0.03387924556457422,-17.33962278228711,SL,1185.0
development,LONG,2023-11-19 16:00:00+00:00,2023-11-19 20:00:00+00:00,2023-11-19 08:00:00+00:00,36720.9,0,0,36962.0,36515.5,37855.0,0.01207997402737947,True,2023-11-21 14:55:00+00:00,36515.5,-0.012079974027379481,-6.439987013689741,SL,2575.0
development,SHORT,2023-11-21 20:00:00+00:00,2023-11-22 00:00:00+00:00,2023-11-21 12:00:00+00:00,36212.2,0,0,35737.0,37190.0,32831.0,0.04065814142205557,True,2023-11-22 18:30:00+00:00,37190.0,-0.04065814142205548,-20.729070711027738,SL,1110.0
development,LONG,2023-11-24 08:00:00+00:00,2023-11-24 12:00:00+00:00,2023-11-23 08:00:00+00:00,37650.0,0,0,37749.8,37427.3,38394.8,0.008543091619028444,True,2023-11-24 15:35:00+00:00,38394.8,0.017086183238056885,8.143091619028441,TP_2R,215.0
development,SHORT,2023-11-26 12:00:00+00:00,2023-11-26 16:00:00+00:00,2023-11-26 00:00:00+00:00,37650.0,0,0,37418.0,37669.8,36914.399999999994,0.006729381581057323,True,2023-11-26 22:00:00+00:00,37669.8,-0.006729381581057403,-3.7646907905287015,SL,360.0
development,SHORT,2023-11-27 08:00:00+00:00,2023-11-27 12:00:00+00:00,2023-11-26 16:00:00+00:00,37126.0,1,1,37023.3,37457.0,36155.90000000001,0.011714244813401211,True,2023-11-28 15:40:00+00:00,37457.0,-0.011714244813401109,-6.257122406700555,SL,1660.0
development,LONG,2023-12-01 00:00:00+00:00,2023-12-01 04:00:00+00:00,2023-11-30 12:00:00+00:00,37964.6,0,0,38030.1,37600.0,38890.299999999996,0.011309462767649797,True,2023-12-01 16:30:00+00:00,38890.299999999996,0.02261892553529954,10.909462767649769,TP_2R,750.0
development,LONG,2023-12-02 16:00:00+00:00,2023-12-02 20:00:00+00:00,2023-12-02 04:00:00+00:00,38815.5,1,1,39416.4,38688.1,40873.00000000001,0.018477080606042227,True,2023-12-04 01:45:00+00:00,40873.00000000001,0.0369541612120845,18.07708060604225,TP_2R,1785.0
development,LONG,2023-12-05 16:00:00+00:00,2023-12-05 20:00:00+00:00,2023-12-04 20:00:00+00:00,42440.0,1,1,43834.0,42124.6,47252.8,0.03899712551900355,True,2023-12-11 02:10:00+00:00,42124.6,-0.038997125519003584,-19.89856275950179,SL,7570.0
development,LONG,2023-12-13 12:00:00+00:00,2023-12-13 16:00:00+00:00,2023-12-12 20:00:00+00:00,41577.0,0,0,41960.0,41010.6,43858.8,0.022626310772164,True,2023-12-18 01:35:00+00:00,41010.6,-0.022626310772164038,-11.71315538608202,SL,6335.0
development,LONG,2023-12-18 20:00:00+00:00,2023-12-19 00:00:00+00:00,2023-12-18 12:00:00+00:00,41780.0,0,0,42671.8,41590.0,44835.40000000001,0.02535163738112765,True,2023-12-29 22:20:00+00:00,41590.0,-0.025351637381127667,-13.075818690563834,SL,15740.0
development,SHORT,2023-12-31 20:00:00+00:00,2024-01-01 00:00:00+00:00,2023-12-31 12:00:00+00:00,42381.0,0,0,42314.0,42724.5,41493.0,0.009701280899938554,True,2024-01-01 01:35:00+00:00,42724.5,-0.009701280899938602,-5.250640449969302,SL,95.0
development,LONG,2024-01-01 16:00:00+00:00,2024-01-01 20:00:00+00:00,2024-01-01 00:00:00+00:00,42832.0,1,1,43556.2,42693.1,45282.399999999994,0.019815778235934233,True,2024-01-02 00:55:00+00:00,45282.399999999994,0.039631556471868556,19.41577823593428,TP_2R,295.0
development,SHORT,2024-01-03 08:00:00+00:00,2024-01-03 12:00:00+00:00,2024-01-02 20:00:00+00:00,44598.0,0,0,43728.9,45582.3,40022.1,0.0423838697063041,True,2024-01-08 17:55:00+00:00,45582.3,-0.042383869706304145,-21.591934853152072,SL,7555.0
development,SHORT,2024-01-12 12:00:00+00:00,2024-01-12 16:00:00+00:00,2024-01-11 16:00:00+00:00,45600.0,1,1,44495.1,46120.0,41245.299999999996,0.036518627893858006,True,2024-01-18 19:50:00+00:00,41245.299999999996,0.07303725578771603,36.11862789385801,TP_2R,8870.0
development,LONG,2024-01-19 16:00:00+00:00,2024-01-19 20:00:00+00:00,2024-01-19 04:00:00+00:00,41578.3,0,0,41818.6,40300.0,44855.799999999996,0.03631398468624006,True,2024-01-22 18:45:00+00:00,40300.0,-0.03631398468624003,-18.556992343120015,SL,4245.0
development,SHORT,2024-01-23 08:00:00+00:00,2024-01-23 12:00:00+00:00,2024-01-22 16:00:00+00:00,39402.0,0,0,38850.2,39862.9,36824.79999999999,0.026066789874955712,True,2024-01-23 23:50:00+00:00,39862.9,-0.02606678987495581,-13.433394937477905,SL,710.0
development,LONG,2024-01-26 08:00:00+00:00,2024-01-26 12:00:00+00:00,2024-01-26 00:00:00+00:00,40250.0,0,0,41271.9,39944.7,43926.30000000001,0.03215747275991666,True,2024-02-07 20:15:00+00:00,43926.30000000001,0.0643149455198333,31.757472759916652,TP_2R,17775.0
development,LONG,2024-02-08 12:00:00+00:00,2024-02-08 16:00:00+00:00,2024-02-08 00:00:00+00:00,44795.1,1,1,45406.4,44580.4,47058.4,0.018191268191268192,True,2024-02-09 11:45:00+00:00,47058.4,0.0363825363825363,17.791268191268152,TP_2R,1185.0
development,LONG,2024-02-11 00:00:00+00:00,2024-02-11 04:00:00+00:00,2024-02-09 16:00:00+00:00,48230.3,0,0,48517.6,47539.4,50473.99999999999,0.020161755734001623,True,2024-02-14 08:55:00+00:00,50473.99999999999,0.04032351146800317,19.761755734001586,TP_2R,4615.0
development,LONG,2024-02-15 00:00:00+00:00,2024-02-15 04:00:00+00:00,2024-02-14 12:00:00+00:00,52100.0,0,0,52379.9,51732.6,53674.50000000001,0.01235779373385598,True,2024-02-15 07:40:00+00:00,51732.6,-0.012357793733855926,-6.5788968669279635,SL,220.0
development,SHORT,2024-02-17 12:00:00+00:00,2024-02-17 16:00:00+00:00,2024-02-16 08:00:00+00:00,51611.7,1,1,51013.4,51777.0,49486.200000000004,0.014968616089105971,True,2024-02-17 21:20:00+00:00,51777.0,-0.014968616089106046,-7.884308044553023,SL,320.0
development,LONG,2024-02-18 20:00:00+00:00,2024-02-19 00:00:00+00:00,2024-02-18 08:00:00+00:00,52107.3,0,0,52175.9,51616.5,53294.700000000004,0.010721425025730298,True,2024-02-20 00:40:00+00:00,51616.5,-0.010721425025730258,-5.76071251286513,SL,1480.0
development,SHORT,2024-02-23 04:00:00+00:00,2024-02-23 08:00:00+00:00,2024-02-22 12:00:00+00:00,50967.5,0,0,50952.3,51352.6,50151.70000000001,0.00785636762226623,True,2024-02-23 14:20:00+00:00,51352.6,-0.00785636762226627,-4.328183811133135,SL,380.0
development,LONG,2024-02-24 16:00:00+00:00,2024-02-24 20:00:00+00:00,2024-02-23 12:00:00+00:00,51372.3,0,0,51589.9,51117.1,52535.50000000001,0.009164584540772572,True,2024-02-26 09:20:00+00:00,51117.1,-0.009164584540772625,-4.982292270386313,SL,2240.0
development,LONG,2024-02-26 12:00:00+00:00,2024-02-26 16:00:00+00:00,2024-02-25 20:00:00+00:00,52050.0,0,0,52872.2,50990.0,56636.59999999999,0.03559904827111407,True,2024-02-27 02:05:00+00:00,56636.59999999999,0.07119809654222808,35.199048271114044,TP_2R,605.0
development,LONG,2024-02-28 04:00:00+00:00,2024-02-28 08:00:00+00:00,2024-02-27 16:00:00+00:00,57679.5,0,0,58299.9,56932.2,61035.30000000001,0.023459731491820814,True,2024-02-28 13:25:00+00:00,61035.30000000001,0.04691946298364158,23.05973149182079,TP_2R,325.0
development,LONG,2024-03-03 12:00:00+00:00,2024-03-03 16:00:00+00:00,2024-03-03 04:00:00+00:00,62181.2,0,0,62210.8,61885.6,62861.20000000001,0.005227388170542805,True,2024-03-03 16:45:00+00:00,62861.20000000001,0.010454776341085603,4.827388170542801,TP_2R,45.0
development,LONG,2024-03-04 08:00:00+00:00,2024-03-04 12:00:00+00:00,2024-03-04 00:00:00+00:00,64429.3,0,0,65313.9,64078.2,67785.30000000002,0.018919403067341016,True,2024-03-04 20:35:00+00:00,67785.30000000002,0.03783880613468216,18.51940306734108,TP_2R,515.0
development,SHORT,2024-03-05 16:00:00+00:00,2024-03-05 20:00:00+00:00,2024-03-05 04:00:00+00:00,65021.1,0,0,61497.3,67096.5,50298.90000000001,0.09104789966388763,True,2024-03-06 08:10:00+00:00,67096.5,-0.09104789966388771,-45.92394983194385,SL,730.0
development,LONG,2024-03-08 16:00:00+00:00,2024-03-08 20:00:00+00:00,2024-03-07 16:00:00+00:00,68101.3,1,1,68921.9,66120.0,74525.69999999998,0.04065326115501741,True,2024-03-15 09:05:00+00:00,66120.0,-0.04065326115501744,-20.72663057750872,SL,9425.0
development,SHORT,2024-03-16 16:00:00+00:00,2024-03-16 20:00:00+00:00,2024-03-15 20:00:00+00:00,67420.0,0,0,66969.1,68477.0,63953.30000000002,0.02251635455754959,True,2024-03-17 17:50:00+00:00,68477.0,-0.022516354557549523,-11.658177278774762,SL,1310.0
development,SHORT,2024-03-19 00:00:00+00:00,2024-03-19 04:00:00+00:00,2024-03-18 16:00:00+00:00,66601.6,0,0,65930.4,68178.6,61433.99999999997,0.034099595937534304,True,2024-03-20 04:30:00+00:00,61433.99999999997,0.06819919187506862,33.69959593753431,TP_2R,1470.0
development,LONG,2024-03-20 16:00:00+00:00,2024-03-20 20:00:00+00:00,2024-03-19 16:00:00+00:00,65802.8,0,0,65821.6,62057.7,73349.40000000002,0.05718335622348907,True,2024-04-13 20:05:00+00:00,62057.7,-0.057183356223489024,-28.99167811174451,SL,34565.0
development,LONG,2024-04-14 20:00:00+00:00,2024-04-15 00:00:00+00:00,2024-04-14 08:00:00+00:00,64891.6,0,0,65615.9,63300.0,70247.69999999998,0.035294798974029075,True,2024-04-15 18:15:00+00:00,63300.0,-0.035294798974029096,-18.047399487014545,SL,1095.0
development,SHORT,2024-04-16 12:00:00+00:00,2024-04-16 16:00:00+00:00,2024-04-15 16:00:00+00:00,62242.5,1,1,61749.2,63399.7,58448.2,0.02672909122709282,True,2024-04-16 21:10:00+00:00,63399.7,-0.02672909122709277,-13.764545613546387,SL,310.0
development,SHORT,2024-04-17 12:00:00+00:00,2024-04-17 16:00:00+00:00,2024-04-16 16:00:00+00:00,61680.0,0,0,60274.0,62957.2,54907.600000000006,0.04451670703786039,True,2024-04-18 11:25:00+00:00,62957.2,-0.04451670703786048,-22.65835351893024,SL,1165.0
development,LONG,2024-04-19 04:00:00+00:00,2024-04-19 08:00:00+00:00,2024-04-18 12:00:00+00:00,64100.0,0,0,64519.5,61701.3,70155.9,0.04367981772952359,True,2024-04-30 09:30:00+00:00,61701.3,-0.04367981772952356,-22.23990886476178,SL,15930.0
development,SHORT,2024-05-01 04:00:00+00:00,2024-05-01 08:00:00+00:00,2024-04-30 16:00:00+00:00,59150.0,0,0,57482.0,60331.8,51782.399999999994,0.049577258968024826,True,2024-05-03 12:35:00+00:00,60331.8,-0.049577258968024784,-25.18862948401239,SL,3155.0
development,LONG,2024-05-03 20:00:00+00:00,2024-05-04 00:00:00+00:00,2024-05-03 12:00:00+00:00,62239.6,0,0,62853.7,61931.1,64698.899999999994,0.014678531255916494,True,2024-05-06 08:15:00+00:00,64698.899999999994,0.0293570625118329,14.27853125591645,TP_2R,3375.0
development,SHORT,2024-05-06 16:00:00+00:00,2024-05-06 20:00:00+00:00,2024-05-05 20:00:00+00:00,63520.3,1,1,63199.9,63731.3,62137.1,0.008408241152280328,True,2024-05-07 01:20:00+00:00,63731.3,-0.008408241152280338,-4.604120576140169,SL,320.0
development,SHORT,2024-05-07 20:00:00+00:00,2024-05-08 00:00:00+00:00,2024-05-07 00:00:00+00:00,62805.6,1,1,62296.0,63177.3,60533.399999999994,0.014146975728778781,True,2024-05-09 22:45:00+00:00,63177.3,-0.014146975728778877,-7.473487864389439,SL,2805.0
development,LONG,2024-05-11 12:00:00+00:00,2024-05-11 16:00:00+00:00,2024-05-11 00:00:00+00:00,61079.4,0,0,61146.1,60602.6,62233.1,0.008888547266301531,True,2024-05-12 07:30:00+00:00,60602.6,-0.008888547266301505,-4.8442736331507525,SL,930.0
development,LONG,2024-05-13 04:00:00+00:00,2024-05-13 08:00:00+00:00,2024-05-12 16:00:00+00:00,61849.4,0,0,62296.5,60757.6,65374.3,0.02470283242236725,True,2024-05-15 18:35:00+00:00,65374.3,0.04940566484473452,24.30283242236726,TP_2R,3515.0
development,SHORT,2024-05-16 16:00:00+00:00,2024-05-16 20:00:00+00:00,2024-05-16 04:00:00+00:00,65633.0,1,1,65152.3,65809.6,63837.7,0.010088669164404063,True,2024-05-17 03:40:00+00:00,65809.6,-0.010088669164403985,-5.444334582201993,SL,460.0
development,LONG,2024-05-17 12:00:00+00:00,2024-05-17 16:00:00+00:00,2024-05-16 12:00:00+00:00,66800.0,0,0,67169.9,65773.8,69962.09999999998,0.02078460739110809,True,2024-05-20 19:30:00+00:00,69962.09999999998,0.0415692147822162,20.3846073911081,TP_2R,4530.0
development,LONG,2024-05-22 12:00:00+00:00,2024-05-22 16:00:00+00:00,2024-05-22 00:00:00+00:00,70423.2,0,0,70485.7,69466.7,72523.7,0.014456833088129933,True,2024-05-22 18:20:00+00:00,69466.7,-0.01445683308812995,-7.628416544064976,SL,140.0
development,SHORT,2024-05-22 20:00:00+00:00,2024-05-23 00:00:00+00:00,2024-05-22 04:00:00+00:00,69242.0,1,1,69219.2,69999.0,67659.59999999999,0.011265660394803796,True,2024-05-23 11:25:00+00:00,69999.0,-0.011265660394803811,-6.032830197401906,SL,685.0
development,SHORT,2024-05-23 12:00:00+00:00,2024-05-23 16:00:00+00:00,2024-05-22 20:00:00+00:00,68736.8,0,0,68102.9,70133.3,64042.09999999998,0.029813708373652353,True,2024-05-27 15:20:00+00:00,70133.3,-0.02981370837365227,-15.306854186826135,SL,5720.0
development,SHORT,2024-05-28 00:00:00+00:00,2024-05-28 04:00:00+00:00,2024-05-27 08:00:00+00:00,68268.7,0,0,68070.0,69628.0,64954.0,0.02288820332011165,True,2024-06-03 12:35:00+00:00,69628.0,-0.022888203320111655,-11.844101660055829,SL,9155.0
development,LONG,2024-06-04 12:00:00+00:00,2024-06-04 16:00:00+00:00,2024-06-03 12:00:00+00:00,70372.9,0,0,70492.1,68882.4,73711.50000000003,0.02283518294957891,True,2024-06-07 18:05:00+00:00,68882.4,-0.02283518294957887,-11.817591474789435,SL,4445.0
development,LONG,2024-06-09 12:00:00+00:00,2024-06-09 16:00:00+00:00,2024-06-09 04:00:00+00:00,69461.9,0,0,69530.1,69284.8,70020.70000000001,0.0035279684625795574,True,2024-06-10 07:55:00+00:00,69284.8,-0.0035279684625795227,-2.1639842312897613,SL,955.0
development,LONG,2024-06-10 12:00:00+00:00,2024-06-10 16:00:00+00:00,2024-06-09 16:00:00+00:00,69879.0,0,0,70090.9,69255.1,71762.49999999997,0.0119245151653066,True,2024-06-11 01:50:00+00:00,69255.1,-0.01192451516530657,-6.362257582653285,SL,590.0
development,LONG,2024-06-12 08:00:00+00:00,2024-06-12 12:00:00+00:00,2024-06-12 00:00:00+00:00,67624.2,0,0,67790.0,67346.6,68676.79999999999,0.0065407877268032774,True,2024-06-12 12:30:00+00:00,68676.79999999999,0.013081575453606664,6.140787726803332,TP_2R,30.0
development,SHORT,2024-06-13 12:00:00+00:00,2024-06-13 16:00:00+00:00,2024-06-13 00:00:00+00:00,66957.0,0,0,66464.3,68607.7,62177.500000000015,0.03224889151017906,True,2024-06-24 06:05:00+00:00,62177.500000000015,0.06449778302035813,31.848891510179065,TP_2R,15245.0
development,SHORT,2024-06-24 16:00:00+00:00,2024-06-24 20:00:00+00:00,2024-06-24 08:00:00+00:00,60500.0,0,0,59292.8,61018.6,55841.20000000001,0.029106400777160053,True,2024-06-25 03:05:00+00:00,61018.6,-0.02910640077715998,-14.95320038857999,SL,425.0
development,LONG,2024-06-25 12:00:00+00:00,2024-06-25 16:00:00+00:00,2024-06-25 00:00:00+00:00,61566.0,1,1,61775.9,60941.9,63443.9,0.013500410354199615,True,2024-06-26 17:05:00+00:00,60941.9,-0.013500410354199577,-7.150205177099789,SL,1505.0
development,LONG,2024-06-27 12:00:00+00:00,2024-06-27 16:00:00+00:00,2024-06-27 00:00:00+00:00,61327.9,1,1,61570.6,61137.7,62436.4,0.007030953084751513,True,2024-06-28 14:15:00+00:00,61137.7,-0.007030953084751546,-3.9154765423757727,SL,1335.0
development,LONG,2024-06-30 04:00:00+00:00,2024-06-30 08:00:00+00:00,2024-06-29 08:00:00+00:00,61232.0,0,0,61533.6,60705.0,63190.799999999996,0.01346581379929012,True,2024-07-01 01:05:00+00:00,63190.799999999996,0.026931627598580254,13.065813799290128,TP_2R,1025.0
development,SHORT,2024-07-02 12:00:00+00:00,2024-07-02 16:00:00+00:00,2024-07-01 12:00:00+00:00,62502.2,1,1,61945.0,63167.4,59500.2,0.019733634675922214,True,2024-07-03 21:00:00+00:00,59500.2,0.039467269351844414,19.33363467592221,TP_2R,1740.0
development,SHORT,2024-07-04 00:00:00+00:00,2024-07-04 04:00:00+00:00,2024-07-03 08:00:00+00:00,59515.1,1,1,59092.4,60500.0,56277.200000000004,0.023820322071873852,True,2024-07-05 02:50:00+00:00,56277.200000000004,0.04764064414374769,23.420322071873848,TP_2R,1370.0
development,LONG,2024-07-06 12:00:00+00:00,2024-07-06 16:00:00+00:00,2024-07-06 00:00:00+00:00,56975.0,0,0,57285.4,56475.7,58904.80000000001,0.014134491510926071,True,2024-07-07 21:20:00+00:00,56475.7,-0.01413449151092605,-7.467245755463026,SL,1760.0
development,LONG,2024-07-10 04:00:00+00:00,2024-07-10 08:00:00+00:00,2024-07-09 16:00:00+00:00,58290.6,0,0,58948.0,58153.3,60537.399999999994,0.01348137341385623,True,2024-07-10 12:30:00+00:00,58153.3,-0.013481373413856246,-7.140686706928124,SL,270.0
development,LONG,2024-07-11 08:00:00+00:00,2024-07-11 12:00:00+00:00,2024-07-11 00:00:00+00:00,58380.0,0,0,58754.0,58024.0,60214.0,0.012424685978826974,True,2024-07-11 14:15:00+00:00,58024.0,-0.012424685978826955,-6.612342989413477,SL,135.0
development,SHORT,2024-07-12 00:00:00+00:00,2024-07-12 04:00:00+00:00,2024-07-11 00:00:00+00:00,57030.0,0,0,56887.6,57554.4,55553.99999999999,0.011721359312046965,True,2024-07-12 13:15:00+00:00,57554.4,-0.011721359312046875,-6.260679656023438,SL,555.0
development,LONG,2024-07-13 08:00:00+00:00,2024-07-13 12:00:00+00:00,2024-07-12 16:00:00+00:00,58500.0,0,0,58514.0,57882.3,59777.399999999994,0.010795707010288086,True,2024-07-13 23:10:00+00:00,59777.399999999994,0.021591414020576183,10.39570701028809,TP_2R,670.0
development,LONG,2024-07-14 04:00:00+00:00,2024-07-14 08:00:00+00:00,2024-07-13 20:00:00+00:00,59850.0,0,0,60031.2,59387.4,61318.79999999999,0.010724423299883988,True,2024-07-14 21:55:00+00:00,61318.79999999999,0.02144884659976798,10.324423299883989,TP_2R,835.0
development,LONG,2024-07-16 16:00:00+00:00,2024-07-16 20:00:00+00:00,2024-07-16 04:00:00+00:00,64988.8,0,0,65125.2,64070.4,67234.79999999999,0.0161964953658491,True,2024-07-16 22:05:00+00:00,64070.4,-0.016196495365849106,-8.498247682924553,SL,125.0
development,SHORT,2024-07-17 20:00:00+00:00,2024-07-18 00:00:00+00:00,2024-07-16 20:00:00+00:00,64058.0,1,1,64055.8,64654.4,62858.600000000006,0.0093449773478748,True,2024-07-18 02:00:00+00:00,64654.4,-0.009344977347874872,-5.072488673937436,SL,120.0
development,SHORT,2024-07-18 12:00:00+00:00,2024-07-18 16:00:00+00:00,2024-07-18 00:00:00+00:00,63871.2,0,0,63500.1,65098.9,60302.49999999999,0.025177913105648698,True,2024-07-19 13:55:00+00:00,65098.9,-0.025177913105648653,-12.988956552824327,SL,1315.0
development,LONG,2024-07-21 20:00:00+00:00,2024-07-22 00:00:00+00:00,2024-07-20 16:00:00+00:00,67648.7,1,1,68138.0,67239.9,69934.20000000001,0.01318060406821459,True,2024-07-22 06:35:00+00:00,67239.9,-0.01318060406821464,-6.990302034107321,SL,395.0
development,SHORT,2024-07-23 16:00:00+00:00,2024-07-23 20:00:00+00:00,2024-07-23 04:00:00+00:00,66216.1,1,1,65516.2,66745.1,63058.39999999998,0.018757192877486922,True,2024-07-24 13:20:00+00:00,66745.1,-0.018757192877487006,-9.778596438743504,SL,1040.0
development,SHORT,2024-07-24 20:00:00+00:00,2024-07-25 00:00:00+00:00,2024-07-24 00:00:00+00:00,65450.8,0,0,65350.7,66059.7,63932.7,0.010849156933284572,True,2024-07-25 02:45:00+00:00,63932.7,0.021698313866569174,10.449156933284586,TP_2R,165.0
development,LONG,2024-07-26 12:00:00+00:00,2024-07-26 16:00:00+00:00,2024-07-26 00:00:00+00:00,67470.4,0,0,67527.9,66865.7,68852.29999999999,0.009806317092638704,True,2024-07-27 13:10:00+00:00,68852.29999999999,0.019612634185277367,9.406317092638682,TP_2R,1270.0
development,LONG,2024-07-29 00:00:00+00:00,2024-07-29 04:00:00+00:00,2024-07-28 16:00:00+00:00,68300.0,0,0,69323.1,68130.1,71709.1,0.01720927079141008,True,2024-07-29 14:55:00+00:00,68130.1,-0.017209270791410103,-9.004635395705051,SL,655.0
development,SHORT,2024-07-29 20:00:00+00:00,2024-07-30 00:00:00+00:00,2024-07-28 04:00:00+00:00,67037.0,1,1,66750.1,67521.0,65208.30000000002,0.011549046368469772,True,2024-07-31 19:50:00+00:00,65208.30000000002,0.023098092736939524,11.149046368469762,TP_2R,2630.0
development,SHORT,2024-08-01 12:00:00+00:00,2024-08-01 16:00:00+00:00,2024-08-01 04:00:00+00:00,63559.5,0,0,62892.6,64927.2,58823.4,0.03235038780397056,True,2024-08-01 21:40:00+00:00,64927.2,-0.03235038780397059,-16.575193901985294,SL,340.0
development,SHORT,2024-08-02 20:00:00+00:00,2024-08-03 00:00:00+00:00,2024-08-02 12:00:00+00:00,62350.0,0,0,61483.7,63181.0,58089.09999999999,0.027605690613935124,True,2024-08-04 17:20:00+00:00,58089.09999999999,0.05521138122787028,27.205690613935143,TP_2R,2480.0
development,SHORT,2024-08-05 00:00:00+00:00,2024-08-05 04:00:00+00:00,2024-08-04 16:00:00+00:00,57040.0,0,0,53864.0,58286.9,45018.2,0.08211235704737861,True,2024-08-08 12:30:00+00:00,58286.9,-0.08211235704737851,-41.45617852368925,SL,4830.0
development,LONG,2024-08-11 04:00:00+00:00,2024-08-11 08:00:00+00:00,2024-08-10 16:00:00+00:00,61200.0,1,1,61225.0,60838.5,61998.0,0.006312780726827277,True,2024-08-11 09:20:00+00:00,61998.0,0.012625561453654566,5.9127807268272825,TP_2R,80.0
development,SHORT,2024-08-11 12:00:00+00:00,2024-08-11 16:00:00+00:00,2024-08-10 16:00:00+00:00,60360.0,0,0,60099.9,60736.6,58826.50000000001,0.010594027610694811,True,2024-08-11 20:05:00+00:00,58826.50000000001,0.021188055221389668,10.194027610694834,TP_2R,245.0
development,LONG,2024-08-13 16:00:00+00:00,2024-08-13 20:00:00+00:00,2024-08-13 00:00:00+00:00,59895.0,0,0,60794.5,59402.6,63578.3,0.022895163213777586,True,2024-08-14 14:00:00+00:00,59402.6,-0.022895163213777603,-11.847581606888802,SL,1080.0
development,SHORT,2024-08-15 04:00:00+00:00,2024-08-15 08:00:00+00:00,2024-08-13 08:00:00+00:00,58360.0,1,1,58031.9,58622.0,56851.700000000004,0.01016854523115732,True,2024-08-15 11:25:00+00:00,58622.0,-0.010168545231157289,-5.484272615578645,SL,205.0
development,SHORT,2024-08-15 16:00:00+00:00,2024-08-15 20:00:00+00:00,2024-08-15 04:00:00+00:00,57679.6,0,0,57002.5,59820.0,51367.5,0.04942765668172448,True,2024-08-18 02:50:00+00:00,59820.0,-0.04942765668172444,-25.11382834086222,SL,3290.0
development,SHORT,2024-08-18 20:00:00+00:00,2024-08-19 00:00:00+00:00,2024-08-18 04:00:00+00:00,59214.0,0,0,58390.1,59847.5,55475.299999999996,0.024959710635878367,True,2024-08-20 00:25:00+00:00,59847.5,-0.02495971063587832,-12.879855317939159,SL,1465.0
development,LONG,2024-08-21 16:00:00+00:00,2024-08-21 20:00:00+00:00,2024-08-20 20:00:00+00:00,59689.5,1,1,61538.1,59339.9,65934.5,0.03572095986063913,True,2024-08-27 22:05:00+00:00,59339.9,-0.03572095986063917,-18.260479930319583,SL,8765.0
development,LONG,2024-08-29 12:00:00+00:00,2024-08-29 16:00:00+00:00,2024-08-28 08:00:00+00:00,60197.8,1,1,60750.9,59956.3,62340.1,0.013079641618478056,True,2024-08-29 18:10:00+00:00,59956.3,-0.013079641618478077,-6.939820809239039,SL,130.0
development,SHORT,2024-08-30 12:00:00+00:00,2024-08-30 16:00:00+00:00,2024-08-30 04:00:00+00:00,58650.0,0,0,58073.7,59914.9,54391.29999999999,0.03170454095399474,True,2024-09-06 14:55:00+00:00,54391.29999999999,0.06340908190798944,31.30454095399472,TP_2R,10015.0
development,SHORT,2024-09-08 12:00:00+00:00,2024-09-08 16:00:00+00:00,2024-09-07 20:00:00+00:00,53778.1,0,0,53663.4,54544.0,51902.200000000004,0.016409694503143644,True,2024-09-08 21:05:00+00:00,54544.0,-0.016409694503143557,-8.604847251571778,SL,305.0
development,LONG,2024-09-09 12:00:00+00:00,2024-09-09 16:00:00+00:00,2024-09-09 00:00:00+00:00,55351.4,1,1,55360.3,54755.0,56570.90000000001,0.010933828032001323,True,2024-09-09 17:05:00+00:00,56570.90000000001,0.02186765606400254,10.533828032001269,TP_2R,65.0
development,LONG,2024-09-12 00:00:00+00:00,2024-09-12 04:00:00+00:00,2024-09-11 16:00:00+00:00,57954.4,0,0,58197.9,57283.1,60027.50000000001,0.01571878023090185,True,2024-09-13 21:10:00+00:00,60027.50000000001,0.03143756046180379,15.318780230901895,TP_2R,2470.0
development,LONG,2024-09-15 12:00:00+00:00,2024-09-15 16:00:00+00:00,2024-09-15 00:00:00+00:00,60247.9,0,0,60304.6,59823.0,61267.799999999996,0.007986123778285547,True,2024-09-15 17:10:00+00:00,59823.0,-0.007986123778285559,-4.393061889142779,SL,70.0
development,SHORT,2024-09-15 20:00:00+00:00,2024-09-16 00:00:00+00:00,2024-09-14 16:00:00+00:00,59360.1,0,0,59100.5,59910.2,57481.100000000006,0.01370039170565388,True,2024-09-16 17:10:00+00:00,57481.100000000006,0.027400783411307805,13.300391705653903,TP_2R,1030.0
development,LONG,2024-09-17 04:00:00+00:00,2024-09-17 08:00:00+00:00,2024-09-16 20:00:00+00:00,58397.9,0,0,58668.1,57993.0,60018.299999999996,0.011507105224133705,True,2024-09-17 14:20:00+00:00,60018.299999999996,0.023014210448267347,11.107105224133674,TP_2R,380.0
development,LONG,2024-09-18 20:00:00+00:00,2024-09-19 00:00:00+00:00,2024-09-18 00:00:00+00:00,60747.7,1,1,61735.3,59430.0,66345.90000000001,0.037341682959344216,True,2024-09-27 14:30:00+00:00,66345.90000000001,0.07468336591868852,36.941682959344256,TP_2R,12390.0
development,SHORT,2024-09-30 00:00:00+00:00,2024-09-30 04:00:00+00:00,2024-09-29 04:00:00+00:00,65400.0,0,0,64539.9,65588.8,62442.1,0.01625196196461416,True,2024-10-01 14:35:00+00:00,62442.1,0.032503923929228296,15.851961964614146,TP_2R,2075.0
development,LONG,2024-10-04 12:00:00+00:00,2024-10-04 16:00:00+00:00,2024-10-03 04:00:00+00:00,61452.6,1,1,61843.2,60700.5,64128.59999999999,0.018477375038807777,True,2024-10-07 14:15:00+00:00,64128.59999999999,0.036954750077615506,18.077375038807755,TP_2R,4215.0
development,SHORT,2024-10-07 20:00:00+00:00,2024-10-08 00:00:00+00:00,2024-10-07 08:00:00+00:00,62621.9,0,0,62190.6,63379.9,59811.99999999999,0.019123468820046806,True,2024-10-10 17:50:00+00:00,59811.99999999999,0.03824693764009357,18.723468820046786,TP_2R,3950.0
development,LONG,2024-10-11 12:00:00+00:00,2024-10-11 16:00:00+00:00,2024-10-10 08:00:00+00:00,61297.0,0,0,62218.0,61091.8,64470.399999999994,0.018100871130540954,True,2024-10-14 04:00:00+00:00,64470.399999999994,0.03620174226108186,17.700871130540932,TP_2R,3600.0
development,LONG,2024-10-15 16:00:00+00:00,2024-10-15 20:00:00+00:00,2024-10-14 20:00:00+00:00,66533.0,1,1,66937.0,65952.6,68905.79999999999,0.014706365687138566,True,2024-10-18 18:35:00+00:00,68905.79999999999,0.029412731374277135,14.306365687138568,TP_2R,4235.0
development,SHORT,2024-10-19 08:00:00+00:00,2024-10-19 12:00:00+00:00,2024-10-18 20:00:00+00:00,68173.4,0,0,68071.6,68456.0,67302.80000000002,0.005646995222677213,True,2024-10-20 08:25:00+00:00,68456.0,-0.005646995222677198,-3.223497611338599,SL,1225.0
development,LONG,2024-10-20 12:00:00+00:00,2024-10-20 16:00:00+00:00,2024-10-20 00:00:00+00:00,68435.6,1,1,68605.0,68176.7,69461.6,0.006242985205160016,True,2024-10-21 00:20:00+00:00,69461.6,0.012485970410319958,5.842985205159978,TP_2R,500.0
development,SHORT,2024-10-21 12:00:00+00:00,2024-10-21 16:00:00+00:00,2024-10-20 12:00:00+00:00,68176.7,1,1,67354.2,68350.8,65360.999999999985,0.0147964046785502,True,2024-10-23 18:00:00+00:00,65360.999999999985,0.029592809357100403,14.396404678550201,TP_2R,3000.0
development,LONG,2024-10-24 12:00:00+00:00,2024-10-24 16:00:00+00:00,2024-10-24 00:00:00+00:00,67615.3,0,0,67672.7,67243.3,68531.49999999999,0.006345247049400928,True,2024-10-24 21:10:00+00:00,68531.49999999999,0.012690494098801963,5.945247049400981,TP_2R,310.0
development,SHORT,2024-10-25 16:00:00+00:00,2024-10-25 20:00:00+00:00,2024-10-25 04:00:00+00:00,67222.4,0,0,66825.7,67895.5,64686.09999999999,0.016008810981403904,True,2024-10-27 17:30:00+00:00,67895.5,-0.01600881098140383,-8.404405490701917,SL,2730.0
development,LONG,2024-10-28 04:00:00+00:00,2024-10-28 08:00:00+00:00,2024-10-27 20:00:00+00:00,68306.1,0,0,68395.3,67584.2,70017.50000000001,0.011859002007447965,True,2024-10-28 22:05:00+00:00,70017.50000000001,0.023718004014895877,11.459002007447937,TP_2R,845.0
development,LONG,2024-10-29 12:00:00+00:00,2024-10-29 16:00:00+00:00,2024-10-29 00:00:00+00:00,71607.0,0,0,72374.9,70900.0,75324.69999999998,0.020378611922088934,True,2024-10-31 14:00:00+00:00,70900.0,-0.020378611922088896,-10.589305961044449,SL,2760.0
development,SHORT,2024-11-03 00:00:00+00:00,2024-11-03 04:00:00+00:00,2024-11-02 12:00:00+00:00,69022.8,0,0,68367.6,69393.7,66315.40000000002,0.015008571311556808,True,2024-11-04 03:00:00+00:00,69393.7,-0.015008571311556862,-7.904285655778431,SL,1380.0
development,SHORT,2024-11-04 16:00:00+00:00,2024-11-04 20:00:00+00:00,2024-11-04 00:00:00+00:00,68220.0,1,1,67845.6,68808.6,65919.6,0.014193993420354451,True,2024-11-05 07:40:00+00:00,68808.6,-0.014193993420354545,-7.496996710177273,SL,700.0
development,LONG,2024-11-05 12:00:00+00:00,2024-11-05 16:00:00+00:00,2024-11-04 12:00:00+00:00,69243.8,0,0,69615.2,68642.1,71561.39999999998,0.013978269113641724,True,2024-11-06 02:15:00+00:00,71561.39999999998,0.0279565382272835,13.57826911364175,TP_2R,615.0
development,LONG,2024-11-06 16:00:00+00:00,2024-11-06 20:00:00+00:00,2024-11-06 00:00:00+00:00,75656.1,0,0,75817.9,74134.5,79184.69999999998,0.022203200035875358,True,2024-11-10 04:50:00+00:00,79184.69999999998,0.044406400071750785,21.803200035875392,TP_2R,4850.0
development,LONG,2024-11-11 08:00:00+00:00,2024-11-11 12:00:00+00:00,2024-11-11 00:00:00+00:00,81944.6,0,0,82168.7,81051.6,84402.89999999998,0.013595201092386655,True,2024-11-11 16:00:00+00:00,84402.89999999998,0.02719040218477331,13.195201092386656,TP_2R,240.0
development,LONG,2024-11-13 12:00:00+00:00,2024-11-13 16:00:00+00:00,2024-11-12 20:00:00+00:00,89920.0,0,0,92608.0,87551.0,102722.0,0.05460651347615757,True,2024-11-14 21:05:00+00:00,87551.0,-0.054606513476157525,-27.70325673807876,SL,1745.0
development,LONG,2024-11-18 04:00:00+00:00,2024-11-18 08:00:00+00:00,2024-11-17 08:00:00+00:00,91539.6,0,0,91795.9,90502.1,94383.49999999997,0.014094311401707358,True,2024-11-18 11:40:00+00:00,90502.1,-0.01409431140170736,-7.44715570085368,SL,220.0
development,LONG,2024-11-19 12:00:00+00:00,2024-11-19 16:00:00+00:00,2024-11-19 04:00:00+00:00,92123.7,0,0,92455.5,91015.6,95335.29999999999,0.015573978833060166,True,2024-11-21 03:25:00+00:00,95335.29999999999,0.03114795766612044,15.17397883306022,TP_2R,2125.0
development,LONG,2024-11-22 04:00:00+00:00,2024-11-22 08:00:00+00:00,2024-11-21 16:00:00+00:00,99100.0,1,1,99252.6,98550.0,100657.80000000002,0.007078907756572682,True,2024-11-22 09:25:00+00:00,98550.0,-0.0070789077565727165,-3.939453878286358,SL,85.0
development,SHORT,2024-11-23 16:00:00+00:00,2024-11-23 20:00:00+00:00,2024-11-23 00:00:00+00:00,98309.9,0,0,97562.5,98504.4,95678.70000000001,0.009654324151185079,True,2024-11-24 02:10:00+00:00,98504.4,-0.009654324151185056,-5.2271620755925285,SL,370.0
development,SHORT,2024-11-24 12:00:00+00:00,2024-11-24 16:00:00+00:00,2024-11-23 20:00:00+00:00,97173.5,0,0,95986.3,97680.0,92598.90000000001,0.017645226454191868,True,2024-11-24 22:20:00+00:00,97680.0,-0.017645226454191976,-9.222613227095989,SL,380.0
development,SHORT,2024-11-25 16:00:00+00:00,2024-11-25 20:00:00+00:00,2024-11-24 16:00:00+00:00,95822.1,1,1,94723.7,96562.7,91045.7,0.01941435986981083,True,2024-11-26 20:35:00+00:00,91045.7,0.03882871973962165,19.01435986981083,TP_2R,1475.0
development,LONG,2024-11-27 12:00:00+00:00,2024-11-27 16:00:00+00:00,2024-11-26 16:00:00+00:00,94745.2,0,0,95610.4,92903.4,101024.4,0.028312819525909316,True,2024-12-05 02:40:00+00:00,101024.4,0.05662563905181872,27.912819525909363,TP_2R,10720.0
development,LONG,2024-12-07 16:00:00+00:00,2024-12-07 20:00:00+00:00,2024-12-07 08:00:00+00:00,99895.3,0,0,100140.7,99528.0,101366.09999999999,0.006118391423267434,True,2024-12-08 05:25:00+00:00,99528.0,-0.006118391423267422,-3.459195711633711,SL,565.0
development,LONG,2024-12-08 20:00:00+00:00,2024-12-09 00:00:00+00:00,2024-12-08 12:00:00+00:00,100597.5,0,0,101200.1,99800.0,104000.30000000002,0.013834966566238628,True,2024-12-09 00:30:00+00:00,99800.0,-0.013834966566238616,-7.317483283119309,SL,30.0
development,SHORT,2024-12-09 08:00:00+00:00,2024-12-09 12:00:00+00:00,2024-12-08 08:00:00+00:00,98709.4,1,1,98157.5,99757.5,94957.5,0.016300333647454347,True,2024-12-09 14:45:00+00:00,99757.5,-0.016300333647454313,-8.550166823727157,SL,165.0
development,LONG,2024-12-11 12:00:00+00:00,2024-12-11 16:00:00+00:00,2024-12-10 12:00:00+00:00,98320.6,1,1,100352.7,98047.5,104963.09999999999,0.022970981348782813,True,2024-12-15 23:20:00+00:00,104963.09999999999,0.045941962697565675,22.570981348782837,TP_2R,6200.0
development,SHORT,2024-12-18 00:00:00+00:00,2024-12-18 04:00:00+00:00,2024-12-17 12:00:00+00:00,105674.0,1,1,104716.8,106484.6,101181.2,0.0168817228945117,True,2024-12-18 20:05:00+00:00,101181.2,0.03376344578902335,16.481722894511677,TP_2R,965.0
development,SHORT,2024-12-19 16:00:00+00:00,2024-12-19 20:00:00+00:00,2024-12-19 00:00:00+00:00,98744.0,0,0,97172.2,101162.5,89191.59999999999,0.041064213838937505,False,,,,,CENSORED,
reference_validation,LONG,2025-01-01 16:00:00+00:00,2025-01-01 20:00:00+00:00,2025-01-01 00:00:00+00:00,94449.2,1,1,94612.1,93729.2,96377.90000000002,0.009331787371805601,True,2025-01-02 09:15:00+00:00,96377.90000000002,0.018663574743611244,8.93178737180562,TP_2R,795.0
reference_validation,LONG,2025-01-03 16:00:00+00:00,2025-01-03 20:00:00+00:00,2025-01-02 20:00:00+00:00,97822.4,0,0,98545.6,97353.6,100929.6,0.012095923105648552,True,2025-01-05 14:15:00+00:00,97353.6,-0.012095923105648554,-6.447961552824277,SL,2535.0
reference_validation,LONG,2025-01-06 00:00:00+00:00,2025-01-06 04:00:00+00:00,2025-01-05 04:00:00+00:00,98496.3,1,1,99005.0,97872.6,101269.79999999999,0.011437806171405426,True,2025-01-06 15:15:00+00:00,101269.79999999999,0.02287561234281088,11.03780617140544,TP_2R,675.0
reference_validation,SHORT,2025-01-07 08:00:00+00:00,2025-01-07 12:00:00+00:00,2025-01-07 00:00:00+00:00,101459.4,0,0,100787.0,101973.1,98414.79999999999,0.011768382827150385,True,2025-01-07 15:10:00+00:00,98414.79999999999,0.02353676565430074,11.36838282715037,TP_2R,190.0
reference_validation,SHORT,2025-01-08 04:00:00+00:00,2025-01-08 08:00:00+00:00,2025-01-07 20:00:00+00:00,96153.0,0,0,95628.3,96616.3,93652.3,0.010331669599898775,True,2025-01-08 17:20:00+00:00,93652.3,0.02066333919979757,9.931669599898784,TP_2R,560.0
reference_validation,SHORT,2025-01-09 16:00:00+00:00,2025-01-09 20:00:00+00:00,2025-01-08 16:00:00+00:00,92500.0,1,1,91858.2,94644.8,86284.99999999999,0.030335887269726663,True,2025-01-10 07:40:00+00:00,94644.8,-0.03033588726972658,-15.56794363486329,SL,700.0
reference_validation,LONG,2025-01-10 08:00:00+00:00,2025-01-10 12:00:00+00:00,2025-01-09 16:00:00+00:00,94644.8,1,1,95030.5,94344.5,96402.5,0.007218735037698423,True,2025-01-10 13:30:00+00:00,94344.5,-0.007218735037698432,-4.009367518849216,SL,90.0
reference_validation,LONG,2025-01-10 16:00:00+00:00,2025-01-10 20:00:00+00:00,2025-01-10 08:00:00+00:00,95239.9,0,0,95276.0,93151.5,99525.0,0.022298375246651833,True,2025-01-13 08:20:00+00:00,93151.5,-0.02229837524665179,-11.549187623325896,SL,3620.0
reference_validation,LONG,2025-01-14 08:00:00+00:00,2025-01-14 12:00:00+00:00,2025-01-13 00:00:00+00:00,95934.5,0,0,96508.3,94823.3,99878.3,0.017459638186560118,True,2025-01-15 19:55:00+00:00,99878.3,0.03491927637312031,17.059638186560157,TP_2R,1915.0
reference_validation,LONG,2025-01-17 00:00:00+00:00,2025-01-17 04:00:00+00:00,2025-01-16 00:00:00+00:00,100850.0,0,0,101005.2,99902.0,103211.59999999999,0.010922209945626534,True,2025-01-17 14:55:00+00:00,103211.59999999999,0.021844419891253075,10.522209945626537,TP_2R,655.0
reference_validation,LONG,2025-01-19 04:00:00+00:00,2025-01-19 08:00:00+00:00,2025-01-18 12:00:00+00:00,104962.1,1,1,105151.8,104214.6,107026.2,0.008912828881673895,True,2025-01-19 09:05:00+00:00,104214.6,-0.008912828881673884,-4.856414440836943,SL,65.0
reference_validation,LONG,2025-01-19 16:00:00+00:00,2025-01-19 20:00:00+00:00,2025-01-19 04:00:00+00:00,105629.4,1,1,106247.9,104520.0,109703.69999999998,0.01626290966692042,True,2025-01-19 21:25:00+00:00,104520.0,-0.016262909666920455,-8.531454833460229,SL,85.0
reference_validation,LONG,2025-01-20 04:00:00+00:00,2025-01-20 08:00:00+00:00,2025-01-19 20:00:00+00:00,106450.0,0,0,107178.8,101519.5,118497.40000000001,0.052802419881543765,True,2025-01-20 17:05:00+00:00,101519.5,-0.05280241988154377,-26.801209940771884,SL,545.0
reference_validation,SHORT,2025-01-23 00:00:00+00:00,2025-01-23 04:00:00+00:00,2025-01-22 16:00:00+00:00,103211.6,0,0,102417.1,103777.4,99696.50000000003,0.0132819617036607,True,2025-01-23 14:30:00+00:00,103777.4,-0.013281961703660805,-7.040980851830403,SL,630.0
reference_validation,SHORT,2025-01-25 04:00:00+00:00,2025-01-25 08:00:00+00:00,2025-01-24 12:00:00+00:00,104623.0,1,1,104349.4,105153.9,102740.4,0.007709675379063033,True,2025-01-25 18:30:00+00:00,105153.9,-0.007709675379063086,-4.254837689531543,SL,630.0
reference_validation,SHORT,2025-01-26 20:00:00+00:00,2025-01-27 00:00:00+00:00,2025-01-26 08:00:00+00:00,104358.3,0,0,102560.0,105175.0,97330.0,0.02549726989079563,True,2025-01-30 03:50:00+00:00,105175.0,-0.025497269890795593,-13.148634945397797,SL,4550.0
reference_validation,LONG,2025-01-30 16:00:00+00:00,2025-01-30 20:00:00+00:00,2025-01-30 04:00:00+00:00,105564.5,1,1,105659.9,104704.1,107571.49999999997,0.009046005154273177,True,2025-01-30 23:55:00+00:00,104704.1,-0.009046005154273229,-4.923002577136614,SL,235.0
reference_validation,SHORT,2025-01-31 00:00:00+00:00,2025-01-31 04:00:00+00:00,2025-01-30 12:00:00+00:00,104607.2,0,0,104286.6,104982.2,102895.40000000002,0.006670080336303909,True,2025-01-31 13:05:00+00:00,104982.2,-0.006670080336304007,-3.7350401681520036,SL,545.0
reference_validation,SHORT,2025-01-31 16:00:00+00:00,2025-01-31 20:00:00+00:00,2025-01-31 08:00:00+00:00,103888.6,0,0,102275.7,105537.0,95753.09999999999,0.03188733980798961,True,2025-02-03 00:40:00+00:00,95753.09999999999,0.06377467961597927,31.487339807989635,TP_2R,3160.0
reference_validation,SHORT,2025-02-04 20:00:00+00:00,2025-02-05 00:00:00+00:00,2025-02-04 08:00:00+00:00,97792.8,0,0,97710.0,99400.0,94330.0,0.017296080237437315,True,2025-02-07 14:05:00+00:00,99400.0,-0.01729608023743734,-9.048040118718669,SL,3725.0
reference_validation,LONG,2025-02-09 00:00:00+00:00,2025-02-09 04:00:00+00:00,2025-02-08 16:00:00+00:00,96725.2,0,0,97278.3,96306.5,99221.90000000001,0.009989894971437647,True,2025-02-09 13:15:00+00:00,96306.5,-0.009989894971437652,-5.394947485718826,SL,555.0
reference_validation,SHORT,2025-02-09 16:00:00+00:00,2025-02-09 20:00:00+00:00,2025-02-09 00:00:00+00:00,96306.5,1,1,96011.4,96541.6,94950.99999999997,0.005522260898185129,True,2025-02-09 20:25:00+00:00,96541.6,-0.005522260898185083,-3.1611304490925414,SL,25.0
reference_validation,LONG,2025-02-10 04:00:00+00:00,2025-02-10 08:00:00+00:00,2025-02-09 04:00:00+00:00,97301.7,0,0,97386.3,96591.8,98975.3,0.008158231701995044,True,2025-02-11 14:00:00+00:00,96591.8,-0.008158231701995033,-4.479115850997517,SL,1800.0
reference_validation,SHORT,2025-02-11 16:00:00+00:00,2025-02-11 20:00:00+00:00,2025-02-10 12:00:00+00:00,96806.6,1,1,94988.0,97002.0,90960.0,0.02120267823303996,True,2025-02-12 16:55:00+00:00,97002.0,-0.021202678233039896,-11.001339116519949,SL,1255.0
reference_validation,LONG,2025-02-13 20:00:00+00:00,2025-02-14 00:00:00+00:00,2025-02-13 12:00:00+00:00,96432.4,0,0,96560.6,95544.9,98592.00000000003,0.01051878302330362,True,2025-02-14 17:50:00+00:00,98592.00000000003,0.021037566046607337,10.118783023303669,TP_2R,1070.0
reference_validation,SHORT,2025-02-16 04:00:00+00:00,2025-02-16 08:00:00+00:00,2025-02-15 16:00:00+00:00,97274.5,0,0,97207.4,97638.8,96344.59999999998,0.00443793373755505,True,2025-02-16 23:00:00+00:00,96344.59999999998,0.008875867475110155,4.037933737555077,TP_2R,900.0
reference_validation,SHORT,2025-02-17 12:00:00+00:00,2025-02-17 16:00:00+00:00,2025-02-17 04:00:00+00:00,95739.6,0,0,95605.5,97000.0,92816.5,0.014585980932059348,True,2025-02-20 02:50:00+00:00,97000.0,-0.014585980932059428,-7.692990466029714,SL,3530.0
reference_validation,LONG,2025-02-20 16:00:00+00:00,2025-02-20 20:00:00+00:00,2025-02-20 00:00:00+00:00,97339.8,1,1,98369.9,96838.1,101433.49999999997,0.015571836506898843,True,2025-02-21 17:50:00+00:00,96838.1,-0.015571836506898862,-8.185918253449431,SL,1310.0
reference_validation,SHORT,2025-02-23 08:00:00+00:00,2025-02-23 12:00:00+00:00,2025-02-22 16:00:00+00:00,96333.8,1,1,96064.2,96459.4,95273.8,0.004113915485685584,True,2025-02-23 17:15:00+00:00,95273.8,0.008227830971371142,3.7139154856855705,TP_2R,315.0
reference_validation,SHORT,2025-02-24 12:00:00+00:00,2025-02-24 16:00:00+00:00,2025-02-24 04:00:00+00:00,95018.0,0,0,94295.9,96055.1,90777.49999999997,0.018656166386873785,True,2025-02-25 07:10:00+00:00,90777.49999999997,0.03731233277374757,18.256166386873787,TP_2R,910.0
reference_validation,SHORT,2025-02-26 16:00:00+00:00,2025-02-26 20:00:00+00:00,2025-02-25 12:00:00+00:00,86020.4,1,1,83832.0,87784.7,75926.6,0.0471502528867258,True,2025-03-02 15:35:00+00:00,87784.7,-0.04715025288672581,-23.975126443362903,SL,5495.0
reference_validation,SHORT,2025-03-04 00:00:00+00:00,2025-03-04 04:00:00+00:00,2025-03-02 12:00:00+00:00,85015.0,0,0,83928.9,86773.5,78239.69999999998,0.03389297369559241,True,2025-03-04 18:55:00+00:00,86773.5,-0.03389297369559241,-17.346486847796204,SL,895.0
reference_validation,LONG,2025-03-05 08:00:00+00:00,2025-03-05 12:00:00+00:00,2025-03-04 20:00:00+00:00,88931.0,0,0,89777.6,87549.0,94234.80000000002,0.024823564007057503,True,2025-03-07 00:20:00+00:00,87549.0,-0.02482356400705754,-12.811782003528771,SL,2180.0
reference_validation,SHORT,2025-03-09 08:00:00+00:00,2025-03-09 12:00:00+00:00,2025-03-08 16:00:00+00:00,85605.5,0,0,84990.0,86092.8,82784.4,0.012975644193434556,True,2025-03-09 15:45:00+00:00,82784.4,0.02595128838686911,12.575644193434554,TP_2R,225.0
reference_validation,SHORT,2025-03-10 16:00:00+00:00,2025-03-10 20:00:00+00:00,2025-03-09 20:00:00+00:00,79933.4,1,1,79035.3,80217.6,76670.7,0.014959138511525898,True,2025-03-11 00:50:00+00:00,76670.7,0.02991827702305183,14.559138511525916,TP_2R,290.0
reference_validation,SHORT,2025-03-13 16:00:00+00:00,2025-03-13 20:00:00+00:00,2025-03-12 12:00:00+00:00,80578.5,0,0,80177.5,81243.8,78044.9,0.013299242306133304,True,2025-03-13 22:50:00+00:00,81243.8,-0.01329924230613333,-7.049621153066665,SL,170.0
reference_validation,LONG,2025-03-14 12:00:00+00:00,2025-03-14 16:00:00+00:00,2025-03-13 12:00:00+00:00,84030.0,0,0,84692.1,82594.3,88887.70000000001,0.02476972468506511,True,2025-03-16 11:35:00+00:00,82594.3,-0.02476972468506511,-12.784862342532554,SL,2615.0
reference_validation,LONG,2025-03-17 16:00:00+00:00,2025-03-17 20:00:00+00:00,2025-03-17 04:00:00+00:00,83842.8,1,1,84436.2,83054.9,87198.8,0.016359097164486358,True,2025-03-18 01:30:00+00:00,83054.9,-0.016359097164486358,-8.579548582243179,SL,330.0
reference_validation,SHORT,2025-03-18 12:00:00+00:00,2025-03-18 16:00:00+00:00,2025-03-18 04:00:00+00:00,82207.7,0,0,81567.5,82791.3,79119.9,0.01500352468814176,True,2025-03-19 00:15:00+00:00,82791.3,-0.0150035246881417,-7.901762344070851,SL,495.0
reference_validation,LONG,2025-03-19 08:00:00+00:00,2025-03-19 12:00:00+00:00,2025-03-18 08:00:00+00:00,83422.8,0,0,83848.5,83137.8,85269.9,0.00847600135959495,True,2025-03-19 18:50:00+00:00,85269.9,0.01695200271918984,8.07600135959492,TP_2R,410.0
reference_validation,SHORT,2025-03-21 12:00:00+00:00,2025-03-21 16:00:00+00:00,2025-03-21 04:00:00+00:00,83650.3,0,0,83525.9,84344.4,81888.9,0.00979935564896637,True,2025-03-21 18:35:00+00:00,84344.4,-0.00979935564896639,-5.2996778244831955,SL,155.0
reference_validation,SHORT,2025-03-22 20:00:00+00:00,2025-03-23 00:00:00+00:00,2025-03-22 12:00:00+00:00,83932.0,0,0,83804.9,84171.6,83071.49999999997,0.004375639133272776,True,2025-03-23 02:35:00+00:00,84171.6,-0.004375639133272768,-2.587819566636384,SL,155.0
reference_validation,LONG,2025-03-23 08:00:00+00:00,2025-03-23 12:00:00+00:00,2025-03-22 16:00:00+00:00,84292.0,0,0,84651.4,84216.8,85520.59999999998,0.00513399660253689,True,2025-03-23 22:15:00+00:00,85520.59999999998,0.010267993205073767,4.733996602536883,TP_2R,615.0
reference_validation,SHORT,2025-03-26 12:00:00+00:00,2025-03-26 16:00:00+00:00,2025-03-26 00:00:00+00:00,86980.0,0,0,86696.8,87975.0,84140.40000000001,0.014743335394155229,True,2025-03-28 14:50:00+00:00,84140.40000000001,0.029486670788310465,14.343335394155233,TP_2R,2810.0
reference_validation,SHORT,2025-03-29 08:00:00+00:00,2025-03-29 12:00:00+00:00,2025-03-28 16:00:00+00:00,83531.7,0,0,82255.1,83917.5,78930.30000000002,0.02021029699070324,True,2025-04-01 08:25:00+00:00,83917.5,-0.020210296990703203,-10.505148495351602,SL,4105.0
reference_validation,LONG,2025-04-01 12:00:00+00:00,2025-04-01 16:00:00+00:00,2025-03-31 12:00:00+00:00,83895.8,1,1,85245.5,82505.0,90726.5,0.03214832454499064,True,2025-04-02 23:00:00+00:00,82505.0,-0.032148324544990614,-16.474162272495306,SL,1860.0
reference_validation,SHORT,2025-04-03 12:00:00+00:00,2025-04-03 16:00:00+00:00,2025-04-03 00:00:00+00:00,82137.3,0,0,82001.7,83112.0,79781.09999999999,0.013539963195885,True,2025-04-03 23:45:00+00:00,83112.0,-0.013539963195885019,-7.16998159794251,SL,465.0
reference_validation,LONG,2025-04-04 04:00:00+00:00,2025-04-04 08:00:00+00:00,2025-04-03 08:00:00+00:00,83774.1,0,0,83968.1,82569.9,86764.50000000003,0.016651561724035813,True,2025-04-04 10:50:00+00:00,82569.9,-0.016651561724035813,-8.725780862017906,SL,170.0
reference_validation,SHORT,2025-04-05 12:00:00+00:00,2025-04-05 16:00:00+00:00,2025-04-05 04:00:00+00:00,83300.5,0,0,82576.5,83516.8,80695.9,0.01138701688737114,True,2025-04-05 23:50:00+00:00,83516.8,-0.011387016887371093,-6.093508443685547,SL,470.0
reference_validation,SHORT,2025-04-06 16:00:00+00:00,2025-04-06 20:00:00+00:00,2025-04-05 12:00:00+00:00,82333.8,1,1,79572.6,82524.9,73668.00000000003,0.03710196726008687,True,2025-04-09 18:15:00+00:00,82524.9,-0.037101967260086965,-18.95098363004348,SL,4215.0
reference_validation,SHORT,2025-04-10 12:00:00+00:00,2025-04-10 16:00:00+00:00,2025-04-10 04:00:00+00:00,81241.1,0,0,78731.7,82488.0,71219.09999999999,0.04771013454555158,True,2025-04-11 10:05:00+00:00,82488.0,-0.04771013454555151,-24.255067272775754,SL,1085.0
reference_validation,LONG,2025-04-11 16:00:00+00:00,2025-04-11 20:00:00+00:00,2025-04-10 12:00:00+00:00,82488.0,1,1,83809.5,81968.0,87492.5,0.021972449423991312,True,2025-04-21 02:20:00+00:00,87492.5,0.043944898847982694,21.572449423991348,TP_2R,13340.0
reference_validation,LONG,2025-04-22 04:00:00+00:00,2025-04-22 08:00:00+00:00,2025-04-21 12:00:00+00:00,88418.2,1,1,88434.9,87911.1,89482.49999999997,0.0059230009871667,True,2025-04-22 13:10:00+00:00,89482.49999999997,0.011846001974333387,5.523000987166693,TP_2R,310.0
reference_validation,LONG,2025-04-25 08:00:00+00:00,2025-04-25 12:00:00+00:00,2025-04-25 00:00:00+00:00,94409.5,0,0,94602.2,93493.9,96818.8,0.011715372369775786,True,2025-04-28 00:05:00+00:00,93493.9,-0.011715372369775823,-6.257686184887912,SL,3605.0
reference_validation,LONG,2025-04-28 04:00:00+00:00,2025-04-28 08:00:00+00:00,2025-04-27 20:00:00+00:00,94517.9,0,0,94641.6,93799.9,96325.00000000003,0.00889355209548456,True,2025-04-28 14:00:00+00:00,93799.9,-0.008893552095484591,-4.846776047742296,SL,360.0
reference_validation,SHORT,2025-04-29 20:00:00+00:00,2025-04-30 00:00:00+00:00,2025-04-29 12:00:00+00:00,94466.5,0,0,94200.1,95350.0,91900.30000000002,0.012206993410834957,True,2025-05-01 09:30:00+00:00,95350.0,-0.012206993410834865,-6.503496705417433,SL,2010.0
reference_validation,LONG,2025-05-02 12:00:00+00:00,2025-05-02 16:00:00+00:00,2025-05-02 04:00:00+00:00,97262.0,0,0,97270.1,96585.1,98640.1,0.007042246281231334,True,2025-05-02 21:55:00+00:00,96585.1,-0.00704224628123129,-3.921123140615645,SL,355.0
reference_validation,SHORT,2025-05-03 08:00:00+00:00,2025-05-03 12:00:00+00:00,2025-05-02 04:00:00+00:00,96283.1,1,1,95895.7,96377.8,94931.49999999999,0.005027336992169678,True,2025-05-03 14:05:00+00:00,96377.8,-0.005027336992169618,-2.9136684960848087,SL,125.0
reference_validation,SHORT,2025-05-03 20:00:00+00:00,2025-05-04 00:00:00+00:00,2025-05-03 08:00:00+00:00,95804.8,0,0,95803.3,96399.9,94610.10000000002,0.006227342899461618,True,2025-05-04 23:05:00+00:00,94610.10000000002,0.012454685798923282,5.827342899461641,TP_2R,1385.0
reference_validation,LONG,2025-05-06 20:00:00+00:00,2025-05-07 00:00:00+00:00,2025-05-05 20:00:00+00:00,95165.1,0,0,96798.9,94400.0,101596.69999999998,0.02478230641050667,True,2025-05-08 17:25:00+00:00,101596.69999999998,0.04956461282101343,24.382306410506718,TP_2R,2485.0
reference_validation,LONG,2025-05-10 04:00:00+00:00,2025-05-10 08:00:00+00:00,2025-05-09 20:00:00+00:00,103366.0,0,0,103721.7,102997.3,105170.49999999999,0.006984073728062635,True,2025-05-10 18:30:00+00:00,102997.3,-0.006984073728062645,-3.8920368640313225,SL,630.0
reference_validation,LONG,2025-05-10 20:00:00+00:00,2025-05-11 00:00:00+00:00,2025-05-10 04:00:00+00:00,104085.0,0,0,104788.8,103016.2,108334.00000000001,0.016915929946711917,True,2025-05-12 14:25:00+00:00,103016.2,-0.016915929946711872,-8.857964973355935,SL,2305.0
reference_validation,LONG,2025-05-13 08:00:00+00:00,2025-05-13 12:00:00+00:00,2025-05-12 20:00:00+00:00,103080.9,0,0,103685.5,102507.6,106041.29999999999,0.011360315569679407,True,2025-05-15 05:20:00+00:00,102507.6,-0.011360315569679424,-6.080157784839713,SL,2480.0
reference_validation,LONG,2025-05-18 04:00:00+00:00,2025-05-18 08:00:00+00:00,2025-05-17 20:00:00+00:00,103458.6,0,0,103893.0,103244.3,105190.4,0.006243924037230585,True,2025-05-18 14:35:00+00:00,105190.4,0.012487848074461239,5.843924037230619,TP_2R,395.0
reference_validation,SHORT,2025-05-19 00:00:00+00:00,2025-05-19 04:00:00+00:00,2025-05-18 12:00:00+00:00,103660.7,1,1,103569.5,107114.3,96479.9,0.034226292489584316,True,2025-05-20 19:55:00+00:00,107114.3,-0.03422629248958442,-17.51314624479221,SL,2395.0
reference_validation,LONG,2025-05-21 12:00:00+00:00,2025-05-21 16:00:00+00:00,2025-05-21 04:00:00+00:00,107950.0,0,0,108936.6,106277.8,114254.20000000001,0.02440685683232268,True,2025-05-21 17:50:00+00:00,106277.8,-0.024406856832322688,-12.603428416161345,SL,110.0
reference_validation,SHORT,2025-05-23 04:00:00+00:00,2025-05-23 08:00:00+00:00,2025-05-22 20:00:00+00:00,110704.1,0,0,110685.3,111143.3,109769.3,0.004137857511340711,True,2025-05-23 09:15:00+00:00,111143.3,-0.004137857511340659,-2.4689287556703294,SL,75.0
reference_validation,SHORT,2025-05-25 12:00:00+00:00,2025-05-25 16:00:00+00:00,2025-05-25 00:00:00+00:00,107142.0,1,1,106928.0,107698.4,105387.20000000001,0.007204848122100799,True,2025-05-25 19:55:00+00:00,107698.4,-0.00720484812210076,-4.00242406105038,SL,235.0
reference_validation,LONG,2025-05-25 20:00:00+00:00,2025-05-26 00:00:00+00:00,2025-05-25 04:00:00+00:00,108250.1,0,0,108956.0,107118.8,112630.4,0.016861852490913737,True,2025-05-28 15:10:00+00:00,107118.8,-0.016861852490913765,-8.830926245456883,SL,3790.0
reference_validation,LONG,2025-05-29 08:00:00+00:00,2025-05-29 12:00:00+00:00,2025-05-29 00:00:00+00:00,108450.0,0,0,108740.0,107638.6,110942.79999999999,0.010128747471031766,True,2025-05-29 13:40:00+00:00,107638.6,-0.010128747471031763,-5.464373735515881,SL,100.0
reference_validation,SHORT,2025-05-29 16:00:00+00:00,2025-05-29 20:00:00+00:00,2025-05-29 04:00:00+00:00,106877.4,1,1,105699.1,107121.1,102855.1,0.0134532838974031,True,2025-06-05 18:10:00+00:00,102855.1,0.026906567794806158,13.053283897403078,TP_2R,9970.0
reference_validation,LONG,2025-06-07 12:00:00+00:00,2025-06-07 16:00:00+00:00,2025-06-07 04:00:00+00:00,105293.0,0,0,105507.9,105094.4,106334.9,0.003919137808638026,True,2025-06-08 09:25:00+00:00,105094.4,-0.003919137808638062,-2.359568904319031,SL,1045.0
reference_validation,LONG,2025-06-08 12:00:00+00:00,2025-06-08 16:00:00+00:00,2025-06-07 20:00:00+00:00,105878.3,0,0,105917.6,105450.0,106852.80000000002,0.004414752600134499,True,2025-06-09 01:55:00+00:00,105450.0,-0.004414752600134464,-2.607376300067232,SL,595.0
reference_validation,LONG,2025-06-09 08:00:00+00:00,2025-06-09 12:00:00+00:00,2025-06-08 20:00:00+00:00,106482.6,0,0,107707.8,105429.2,112265.00000000001,0.0211553852181551,True,2025-06-13 00:00:00+00:00,105429.2,-0.021155385218155076,-10.977692609077538,SL,5040.0
reference_validation,SHORT,2025-06-14 16:00:00+00:00,2025-06-14 20:00:00+00:00,2025-06-14 04:00:00+00:00,104738.7,1,1,104584.2,105011.0,103730.59999999999,0.004080922357296828,True,2025-06-14 21:20:00+00:00,105011.0,-0.004080922357296846,-2.4404611786484227,SL,80.0
reference_validation,LONG,2025-06-16 00:00:00+00:00,2025-06-16 04:00:00+00:00,2025-06-15 12:00:00+00:00,105810.6,0,0,105865.6,104920.0,107756.80000000002,0.008932079920200762,True,2025-06-16 14:30:00+00:00,107756.80000000002,0.01786415984040146,8.532079920200731,TP_2R,630.0
reference_validation,SHORT,2025-06-17 08:00:00+00:00,2025-06-17 12:00:00+00:00,2025-06-17 00:00:00+00:00,106068.0,0,0,105592.9,106785.2,103208.29999999999,0.011291478877841247,True,2025-06-20 17:15:00+00:00,103208.29999999999,0.02258295775568253,10.891478877841266,TP_2R,4635.0
reference_validation,SHORT,2025-06-21 16:00:00+00:00,2025-06-21 20:00:00+00:00,2025-06-20 16:00:00+00:00,102255.3,0,0,102207.5,103600.0,99422.5,0.013624244796125529,True,2025-06-22 14:25:00+00:00,99422.5,0.027248489592251013,13.224244796125506,TP_2R,1105.0
reference_validation,LONG,2025-06-23 16:00:00+00:00,2025-06-23 20:00:00+00:00,2025-06-23 04:00:00+00:00,102155.1,1,1,103114.2,99547.6,110247.39999999998,0.03458883451551766,True,2025-07-03 09:40:00+00:00,110247.39999999998,0.06917766903103528,34.18883451551764,TP_2R,13780.0
reference_validation,LONG,2025-07-03 16:00:00+00:00,2025-07-03 20:00:00+00:00,2025-07-02 16:00:00+00:00,109690.4,1,1,109743.8,108966.0,111299.40000000001,0.0070874163278472485,True,2025-07-04 04:45:00+00:00,108966.0,-0.007087416327847262,-3.943708163923631,SL,525.0
reference_validation,LONG,2025-07-06 12:00:00+00:00,2025-07-06 16:00:00+00:00,2025-07-06 00:00:00+00:00,108211.0,0,0,108856.8,107984.7,110601.00000000001,0.008011442555724639,True,2025-07-07 13:15:00+00:00,107984.7,-0.008011442555724613,-4.405721277862307,SL,1275.0
reference_validation,LONG,2025-07-08 08:00:00+00:00,2025-07-08 12:00:00+00:00,2025-07-08 00:00:00+00:00,108475.0,0,0,108713.2,108172.4,109794.8,0.004974556907532875,True,2025-07-08 15:30:00+00:00,108172.4,-0.004974556907532901,-2.8872784537664504,SL,210.0
reference_validation,LONG,2025-07-09 16:00:00+00:00,2025-07-09 20:00:00+00:00,2025-07-09 00:00:00+00:00,109107.4,1,1,111718.8,108975.9,117204.60000000002,0.024551821179604586,True,2025-07-10 21:15:00+00:00,117204.60000000002,0.049103642359209276,24.15182117960464,TP_2R,1515.0
reference_validation,LONG,2025-07-11 04:00:00+00:00,2025-07-11 08:00:00+00:00,2025-07-10 20:00:00+00:00,117500.0,0,0,117522.7,116429.2,119709.7,0.009304585412009765,True,2025-07-14 02:25:00+00:00,119709.7,0.018609170824019472,8.904585412009736,TP_2R,3985.0
reference_validation,SHORT,2025-07-15 00:00:00+00:00,2025-07-15 04:00:00+00:00,2025-07-14 16:00:00+00:00,119200.0,0,0,117209.2,119919.4,111788.8,0.023122758281773077,True,2025-07-16 21:00:00+00:00,119919.4,-0.023122758281773015,-11.961379140886509,SL,2460.0
reference_validation,LONG,2025-07-18 00:00:00+00:00,2025-07-18 04:00:00+00:00,2025-07-17 08:00:00+00:00,119216.4,1,1,120212.8,119003.8,122630.8,0.010057165293546111,True,2025-07-18 08:30:00+00:00,119003.8,-0.010057165293546166,-5.4285826467730836,SL,270.0
reference_validation,SHORT,2025-07-18 16:00:00+00:00,2025-07-18 20:00:00+00:00,2025-07-17 12:00:00+00:00,117412.8,1,1,117361.7,118053.5,115978.09999999999,0.0058945976413089015,True,2025-07-19 01:40:00+00:00,118053.5,-0.005894597641308952,-3.347298820654476,SL,340.0
reference_validation,LONG,2025-07-20 12:00:00+00:00,2025-07-20 16:00:00+00:00,2025-07-19 08:00:00+00:00,118456.0,0,0,118669.4,117701.1,120605.99999999997,0.008159643513829078,True,2025-07-20 22:00:00+00:00,117701.1,-0.008159643513829029,-4.4798217569145145,SL,360.0
reference_validation,LONG,2025-07-21 04:00:00+00:00,2025-07-21 08:00:00+00:00,2025-07-20 16:00:00+00:00,118856.6,0,0,119352.3,118144.0,121768.90000000001,0.01012380993076801,True,2025-07-21 11:55:00+00:00,118144.0,-0.010123809930768002,-5.461904965384001,SL,235.0
reference_validation,LONG,2025-07-22 20:00:00+00:00,2025-07-23 00:00:00+00:00,2025-07-21 04:00:00+00:00,119720.6,1,1,119993.7,119207.5,121566.09999999999,0.006552010647225622,True,2025-07-23 02:00:00+00:00,119207.5,-0.006552010647225659,-3.6760053236128294,SL,120.0
reference_validation,LONG,2025-07-23 20:00:00+00:00,2025-07-24 00:00:00+00:00,2025-07-23 12:00:00+00:00,118687.1,0,0,118713.4,117319.0,121502.19999999998,0.011745936010593533,True,2025-07-24 07:00:00+00:00,117319.0,-0.011745936010593483,-6.272968005296741,SL,420.0
reference_validation,SHORT,2025-07-25 00:00:00+00:00,2025-07-25 04:00:00+00:00,2025-07-24 12:00:00+00:00,117773.1,0,0,115384.7,118410.8,109332.49999999999,0.026226180767467487,True,2025-07-27 06:45:00+00:00,118410.8,-0.026226180767467522,-13.513090383733761,SL,3045.0
reference_validation,LONG,2025-07-27 12:00:00+00:00,2025-07-27 16:00:00+00:00,2025-07-27 04:00:00+00:00,118432.1,0,0,118580.9,117850.0,120042.69999999998,0.006163724512126272,True,2025-07-28 17:10:00+00:00,117850.0,-0.006163724512126323,-3.4818622560631614,SL,1510.0
reference_validation,SHORT,2025-07-29 12:00:00+00:00,2025-07-29 16:00:00+00:00,2025-07-29 00:00:00+00:00,117406.3,0,0,117345.7,119050.0,113937.09999999999,0.014523753320317684,True,2025-08-01 14:00:00+00:00,113937.09999999999,0.02904750664063538,14.12375332031769,TP_2R,4200.0
reference_validation,SHORT,2025-08-01 16:00:00+00:00,2025-08-01 20:00:00+00:00,2025-08-01 00:00:00+00:00,114239.0,1,1,113278.4,115656.8,108521.59999999998,0.020996059266373896,True,2025-08-04 17:10:00+00:00,115656.8,-0.020996059266373823,-10.898029633186912,SL,4150.0
reference_validation,LONG,2025-08-04 20:00:00+00:00,2025-08-05 00:00:00+00:00,2025-08-04 00:00:00+00:00,114963.4,1,1,115002.1,114580.4,115845.50000000003,0.0036668895611472454,True,2025-08-05 02:25:00+00:00,114580.4,-0.0036668895611472463,-2.233444780573623,SL,145.0
reference_validation,SHORT,2025-08-05 04:00:00+00:00,2025-08-05 08:00:00+00:00,2025-08-04 12:00:00+00:00,114070.0,0,0,113924.7,114468.1,112837.89999999998,0.0047698172564861595,True,2025-08-05 08:30:00+00:00,114468.1,-0.004769817256486064,-2.784908628243032,SL,30.0
reference_validation,SHORT,2025-08-05 12:00:00+00:00,2025-08-05 16:00:00+00:00,2025-08-05 04:00:00+00:00,113650.0,0,0,112871.7,114860.1,108894.89999999998,0.017616461876626372,True,2025-08-06 14:55:00+00:00,114860.1,-0.017616461876626355,-9.208230938313177,SL,1375.0
reference_validation,LONG,2025-08-07 08:00:00+00:00,2025-08-07 12:00:00+00:00,2025-08-06 16:00:00+00:00,115674.2,0,0,116469.1,114750.0,119907.30000000002,0.014760138096714113,True,2025-08-11 01:55:00+00:00,119907.30000000002,0.02952027619342812,14.360138096714058,TP_2R,5155.0
reference_validation,LONG,2025-08-12 12:00:00+00:00,2025-08-12 16:00:00+00:00,2025-08-12 00:00:00+00:00,119246.4,0,0,119888.0,118234.8,123194.4,0.013789536901107676,True,2025-08-13 22:40:00+00:00,123194.4,0.027579073802215248,13.389536901107624,TP_2R,1840.0
reference_validation,SHORT,2025-08-14 12:00:00+00:00,2025-08-14 16:00:00+00:00,2025-08-13 04:00:00+00:00,118829.0,0,0,118185.9,121154.7,112248.29999999999,0.025119747787172606,True,2025-08-21 17:00:00+00:00,112248.29999999999,0.05023949557434526,24.719747787172633,TP_2R,10140.0
reference_validation,LONG,2025-08-22 12:00:00+00:00,2025-08-22 16:00:00+00:00,2025-08-22 00:00:00+00:00,113485.9,0,0,116319.4,111625.9,125706.4,0.04035010496959235,True,2025-08-24 19:35:00+00:00,111625.9,-0.04035010496959235,-20.575052484796174,SL,3095.0
reference_validation,SHORT,2025-08-25 20:00:00+00:00,2025-08-26 00:00:00+00:00,2025-08-25 12:00:00+00:00,110532.2,0,0,110064.1,111050.0,108092.30000000002,0.008957507488817826,True,2025-08-26 19:20:00+00:00,111050.0,-0.00895750748881774,-4.87875374440887,SL,1160.0
reference_validation,LONG,2025-08-28 04:00:00+00:00,2025-08-28 08:00:00+00:00,2025-08-27 12:00:00+00:00,112568.5,0,0,113079.3,111892.4,115453.10000000002,0.010496173923963173,True,2025-08-28 19:55:00+00:00,111892.4,-0.010496173923963181,-5.6480869619815905,SL,715.0
reference_validation,SHORT,2025-08-29 04:00:00+00:00,2025-08-29 08:00:00+00:00,2025-08-28 00:00:00+00:00,110811.0,0,0,109969.0,111797.2,106312.6,0.016624685138539017,True,2025-09-03 12:35:00+00:00,111797.2,-0.016624685138538986,-8.712342569269493,SL,7475.0
reference_validation,SHORT,2025-09-04 04:00:00+00:00,2025-09-04 08:00:00+00:00,2025-09-03 04:00:00+00:00,110486.9,0,0,110417.3,111283.7,108684.50000000001,0.007846596502540763,True,2025-09-04 22:55:00+00:00,111283.7,-0.007846596502540715,-4.323298251270358,SL,895.0
reference_validation,LONG,2025-09-05 04:00:00+00:00,2025-09-05 08:00:00+00:00,2025-09-04 20:00:00+00:00,111743.8,0,0,112900.0,111086.2,116527.6,0.01606554472984945,True,2025-09-05 14:15:00+00:00,111086.2,-0.016065544729849446,-8.432772364924723,SL,375.0
reference_validation,SHORT,2025-09-06 16:00:00+00:00,2025-09-06 20:00:00+00:00,2025-09-05 16:00:00+00:00,110153.3,0,0,109986.8,110359.1,109242.2,0.00338495164874333,True,2025-09-07 01:05:00+00:00,110359.1,-0.0033849516487434173,-2.0924758243717085,SL,305.0
reference_validation,LONG,2025-09-07 08:00:00+00:00,2025-09-07 12:00:00+00:00,2025-09-06 12:00:00+00:00,110956.5,0,0,111249.5,110666.4,112415.70000000001,0.005241371871334306,True,2025-09-08 02:20:00+00:00,110666.4,-0.005241371871334333,-3.0206859356671663,SL,860.0
reference_validation,LONG,2025-09-08 08:00:00+00:00,2025-09-08 12:00:00+00:00,2025-09-07 20:00:00+00:00,111559.5,1,1,112022.0,111201.0,113664.0,0.007328917534055811,True,2025-09-09 02:05:00+00:00,111201.0,-0.0073289175340558455,-4.064458767027923,SL,845.0
reference_validation,LONG,2025-09-09 04:00:00+00:00,2025-09-09 08:00:00+00:00,2025-09-08 12:00:00+00:00,112867.6,0,0,112950.2,111576.7,115697.2,0.012160226365247693,True,2025-09-09 14:30:00+00:00,111576.7,-0.012160226365247717,-6.4801131826238585,SL,390.0
reference_validation,LONG,2025-09-10 04:00:00+00:00,2025-09-10 08:00:00+00:00,2025-09-09 20:00:00+00:00,111692.3,0,0,112500.0,111316.8,114866.4,0.010517333333333307,True,2025-09-11 22:20:00+00:00,114866.4,0.021034666666666535,10.117333333333267,TP_2R,2300.0
reference_validation,LONG,2025-09-12 16:00:00+00:00,2025-09-12 20:00:00+00:00,2025-09-12 00:00:00+00:00,116280.0,0,0,116561.0,114989.9,119703.20000000001,0.013478779351584199,True,2025-09-15 00:10:00+00:00,114989.9,-0.013478779351584147,-7.139389675792074,SL,3130.0
reference_validation,LONG,2025-09-16 04:00:00+00:00,2025-09-16 08:00:00+00:00,2025-09-15 20:00:00+00:00,115550.0,0,0,115799.4,114867.0,117664.19999999998,0.008051855190959488,True,2025-09-16 13:45:00+00:00,114867.0,-0.008051855190959523,-4.425927595479761,SL,345.0
reference_validation,LONG,2025-09-16 16:00:00+00:00,2025-09-16 20:00:00+00:00,2025-09-16 04:00:00+00:00,115968.0,0,0,116757.1,115549.9,119171.50000000003,0.010339414048481948,True,2025-09-17 14:30:00+00:00,115549.9,-0.010339414048481932,-5.569707024240966,SL,1110.0
reference_validation,LONG,2025-09-18 00:00:00+00:00,2025-09-18 04:00:00+00:00,2025-09-17 04:00:00+00:00,117266.4,0,0,117531.3,116033.5,120526.90000000001,0.012743839300679929,True,2025-09-19 13:15:00+00:00,116033.5,-0.012743839300679904,-6.771919650339953,SL,1995.0
reference_validation,SHORT,2025-09-21 20:00:00+00:00,2025-09-22 00:00:00+00:00,2025-09-21 08:00:00+00:00,115277.0,1,1,115183.9,115510.7,114530.29999999999,0.0028372020742482495,True,2025-09-22 00:45:00+00:00,114530.29999999999,0.005674404148496515,2.4372020742482574,TP_2R,45.0
reference_validation,LONG,2025-09-23 04:00:00+00:00,2025-09-23 08:00:00+00:00,2025-09-22 20:00:00+00:00,112942.4,0,0,113048.1,111804.9,115534.50000000003,0.01099708884979059,True,2025-09-23 18:20:00+00:00,111804.9,-0.01099708884979056,-5.89854442489528,SL,620.0
reference_validation,LONG,2025-09-24 12:00:00+00:00,2025-09-24 16:00:00+00:00,2025-09-23 12:00:00+00:00,113254.8,0,0,113300.0,112760.0,114380.0,0.004766107678729038,True,2025-09-25 01:30:00+00:00,112760.0,-0.004766107678729092,-2.783053839364546,SL,570.0
reference_validation,SHORT,2025-09-25 16:00:00+00:00,2025-09-25 20:00:00+00:00,2025-09-24 04:00:00+00:00,110935.0,1,1,109320.5,111636.6,104688.29999999999,0.02118632827328823,True,2025-09-28 22:15:00+00:00,111636.6,-0.021186328273288257,-10.993164136644129,SL,4455.0
reference_validation,LONG,2025-09-29 12:00:00+00:00,2025-09-29 16:00:00+00:00,2025-09-28 20:00:00+00:00,112300.0,1,1,113752.0,111844.3,117567.4,0.01677069414164144,True,2025-10-01 15:25:00+00:00,117567.4,0.0335413882832829,16.37069414164145,TP_2R,2845.0
reference_validation,LONG,2025-10-02 12:00:00+00:00,2025-10-02 16:00:00+00:00,2025-10-02 00:00:00+00:00,119457.0,0,0,119875.1,118458.4,122708.50000000003,0.011818134041181292,True,2025-10-03 16:00:00+00:00,122708.50000000003,0.02363626808236252,11.41813404118126,TP_2R,1440.0
reference_validation,LONG,2025-10-05 00:00:00+00:00,2025-10-05 04:00:00+00:00,2025-10-04 04:00:00+00:00,122781.1,0,0,123735.7,122088.1,127030.89999999998,0.013315478071405353,True,2025-10-07 15:05:00+00:00,122088.1,-0.013315478071405318,-7.057739035702659,SL,3545.0
reference_validation,LONG,2025-10-08 08:00:00+00:00,2025-10-08 12:00:00+00:00,2025-10-07 20:00:00+00:00,122255.4,0,0,122825.8,121468.5,125540.40000000001,0.011050609888150558,True,2025-10-09 02:55:00+00:00,121468.5,-0.011050609888150542,-5.925304944075272,SL,895.0
reference_validation,SHORT,2025-10-09 12:00:00+00:00,2025-10-09 16:00:00+00:00,2025-10-09 00:00:00+00:00,121411.8,1,1,121079.4,123740.1,115757.99999999997,0.02197483634705831,True,2025-10-10 20:50:00+00:00,115757.99999999997,0.04394967269411665,21.574836347058326,TP_2R,1730.0
reference_validation,LONG,2025-10-12 12:00:00+00:00,2025-10-12 16:00:00+00:00,2025-10-12 04:00:00+00:00,112110.0,0,0,113119.0,111111.0,117135.0,0.017751217744145547,True,2025-10-14 09:50:00+00:00,111111.0,-0.017751217744145564,-9.275608872072782,SL,2510.0
reference_validation,SHORT,2025-10-16 12:00:00+00:00,2025-10-16 16:00:00+00:00,2025-10-16 00:00:00+00:00,110300.0,1,1,108473.9,111960.0,101501.69999999998,0.032137684733378316,True,2025-10-21 14:55:00+00:00,111960.0,-0.0321376847333783,-16.46884236668915,SL,7135.0
reference_validation,LONG,2025-10-23 04:00:00+00:00,2025-10-23 08:00:00+00:00,2025-10-22 12:00:00+00:00,109160.0,0,0,109228.6,108290.3,111105.20000000001,0.008590241017462487,True,2025-10-23 17:45:00+00:00,111105.20000000001,0.01718048203492506,8.19024101746253,TP_2R,585.0
reference_validation,LONG,2025-10-26 08:00:00+00:00,2025-10-26 12:00:00+00:00,2025-10-26 00:00:00+00:00,111866.7,0,0,113235.1,111650.3,116404.70000000001,0.013995660356196999,True,2025-10-29 15:30:00+00:00,111650.3,-0.013995660356197037,-7.397830178098519,SL,4530.0
reference_validation,SHORT,2025-10-30 12:00:00+00:00,2025-10-30 16:00:00+00:00,2025-10-30 04:00:00+00:00,107817.3,0,0,107670.5,109736.3,103538.9,0.019186313799973095,True,2025-10-31 01:05:00+00:00,109736.3,-0.019186313799973043,-9.993156899986522,SL,545.0
reference_validation,LONG,2025-11-02 04:00:00+00:00,2025-11-02 08:00:00+00:00,2025-11-01 20:00:00+00:00,110487.0,0,0,110844.0,109974.1,112583.79999999999,0.007847966511493578,True,2025-11-02 16:00:00+00:00,109974.1,-0.007847966511493554,-4.323983255746777,SL,480.0
reference_validation,SHORT,2025-11-03 00:00:00+00:00,2025-11-03 04:00:00+00:00,2025-11-01 20:00:00+00:00,109803.5,1,1,107886.0,110711.0,102236.0,0.02618504717943014,True,2025-11-04 16:50:00+00:00,102236.0,0.05237009435886031,25.785047179430155,TP_2R,2210.0
reference_validation,LONG,2025-11-05 12:00:00+00:00,2025-11-05 16:00:00+00:00,2025-11-05 04:00:00+00:00,102326.4,0,0,103668.2,101867.8,107268.99999999999,0.017366945697909236,True,2025-11-06 15:00:00+00:00,101867.8,-0.017366945697909197,-9.0834728489546,SL,1380.0
reference_validation,LONG,2025-11-07 16:00:00+00:00,2025-11-07 20:00:00+00:00,2025-11-07 04:00:00+00:00,102480.4,0,0,103350.0,100468.9,109112.20000000001,0.027877116594097782,True,2025-11-13 16:55:00+00:00,100468.9,-0.02787711659409775,-14.338558297048875,SL,8455.0
reference_validation,SHORT,2025-11-14 04:00:00+00:00,2025-11-14 08:00:00+00:00,2025-11-13 20:00:00+00:00,97959.0,0,0,97099.9,99152.0,92995.69999999998,0.021133904360354706,True,2025-11-16 23:00:00+00:00,92995.69999999998,0.042267808720709454,20.733904360354728,TP_2R,3780.0
reference_validation,SHORT,2025-11-17 16:00:00+00:00,2025-11-17 20:00:00+00:00,2025-11-16 20:00:00+00:00,92922.8,0,0,91656.2,94388.0,86192.59999999999,0.029804857718299504,True,2025-11-20 19:00:00+00:00,86192.59999999999,0.05960971543659899,29.404857718299496,TP_2R,4260.0
reference_validation,SHORT,2025-11-21 00:00:00+00:00,2025-11-21 04:00:00+00:00,2025-11-20 16:00:00+00:00,86066.6,0,0,85782.4,87465.4,82416.4,0.019619409109560938,True,2025-11-21 07:30:00+00:00,82416.4,0.039238818219121896,19.21940910956095,TP_2R,210.0
reference_validation,LONG,2025-11-23 00:00:00+00:00,2025-11-23 04:00:00+00:00,2025-11-22 00:00:00+00:00,85599.9,0,0,86261.0,84622.0,89539.0,0.019000475301700653,True,2025-11-26 17:45:00+00:00,89539.0,0.03800095060340136,18.600475301700683,TP_2R,5145.0
reference_validation,LONG,2025-11-28 12:00:00+00:00,2025-11-28 16:00:00+00:00,2025-11-27 16:00:00+00:00,91800.0,1,1,92299.8,91314.4,94270.60000000002,0.010676079471461571,True,2025-11-28 16:20:00+00:00,91314.4,-0.010676079471461541,-5.738039735730771,SL,20.0
reference_validation,LONG,2025-11-30 12:00:00+00:00,2025-11-30 16:00:00+00:00,2025-11-29 16:00:00+00:00,91130.0,1,1,91405.9,90960.0,92297.69999999998,0.004878240901298431,True,2025-11-30 21:10:00+00:00,90960.0,-0.004878240901298403,-2.8391204506492014,SL,310.0
reference_validation,SHORT,2025-12-01 00:00:00+00:00,2025-12-01 04:00:00+00:00,2025-11-29 16:00:00+00:00,90092.7,0,0,86319.1,90396.9,78163.50000000003,0.04724099301313369,True,2025-12-02 15:10:00+00:00,90396.9,-0.04724099301313367,-24.020496506566833,SL,2110.0
reference_validation,LONG,2025-12-03 00:00:00+00:00,2025-12-03 04:00:00+00:00,2025-12-02 16:00:00+00:00,92273.2,0,0,92589.2,90954.8,95857.99999999999,0.01765216677539059,True,2025-12-04 19:20:00+00:00,90954.8,-0.01765216677539061,-9.226083387695306,SL,2360.0
reference_validation,SHORT,2025-12-05 12:00:00+00:00,2025-12-05 16:00:00+00:00,2025-12-04 16:00:00+00:00,90822.5,0,0,90413.9,91445.2,88351.29999999999,0.011406431975614402,True,2025-12-05 16:35:00+00:00,88351.29999999999,0.022812863951228834,11.006431975614417,TP_2R,35.0
reference_validation,LONG,2025-12-07 16:00:00+00:00,2025-12-07 20:00:00+00:00,2025-12-07 04:00:00+00:00,89750.0,0,0,91379.8,89065.2,96009.00000000001,0.025329449178045978,True,2025-12-07 22:05:00+00:00,89065.2,-0.025329449178046026,-13.064724589023013,SL,125.0
reference_validation,LONG,2025-12-08 08:00:00+00:00,2025-12-08 12:00:00+00:00,2025-12-07 16:00:00+00:00,91722.0,1,1,91923.6,91433.6,92903.6,0.0053305136004247,True,2025-12-08 13:40:00+00:00,91433.6,-0.005330513600424691,-3.0652568002123455,SL,100.0
reference_validation,LONG,2025-12-09 12:00:00+00:00,2025-12-09 16:00:00+00:00,2025-12-08 20:00:00+00:00,91338.2,0,0,92676.9,89953.0,98124.69999999998,0.02939135858018551,True,2025-12-11 02:15:00+00:00,89953.0,-0.02939135858018549,-15.095679290092745,SL,2055.0
reference_validation,SHORT,2025-12-14 08:00:00+00:00,2025-12-14 12:00:00+00:00,2025-12-13 20:00:00+00:00,89711.9,0,0,89308.3,90250.0,87424.90000000001,0.010544372695482918,True,2025-12-15 15:00:00+00:00,87424.90000000001,0.021088745390965835,10.144372695482916,TP_2R,1620.0
reference_validation,SHORT,2025-12-17 16:00:00+00:00,2025-12-17 20:00:00+00:00,2025-12-17 04:00:00+00:00,86158.4,0,0,85982.7,87737.3,82473.49999999999,0.020406430595922273,True,2025-12-18 13:05:00+00:00,87737.3,-0.020406430595922176,-10.603215297961087,SL,1025.0
reference_validation,SHORT,2025-12-18 16:00:00+00:00,2025-12-18 20:00:00+00:00,2025-12-17 16:00:00+00:00,85261.3,0,0,84447.0,88500.0,76341.0,0.047994600163416105,True,2025-12-19 14:40:00+00:00,88500.0,-0.04799460016341617,-24.39730008170808,SL,1120.0
reference_validation,LONG,2025-12-21 08:00:00+00:00,2025-12-21 12:00:00+00:00,2025-12-20 20:00:00+00:00,88434.9,0,0,88570.7,88103.3,89505.49999999999,0.005277140182927246,True,2025-12-21 13:30:00+00:00,88103.3,-0.005277140182927242,-3.038570091463621,SL,90.0
reference_validation,LONG,2025-12-22 04:00:00+00:00,2025-12-22 08:00:00+00:00,2025-12-21 08:00:00+00:00,89050.0,1,1,89127.8,88665.3,90052.8,0.005189177787401911,True,2025-12-22 11:50:00+00:00,90052.8,0.010378355574803821,4.78917778740191,TP_2R,230.0
reference_validation,SHORT,2025-12-23 04:00:00+00:00,2025-12-23 08:00:00+00:00,2025-12-22 00:00:00+00:00,87845.0,1,1,87531.3,88342.0,85909.90000000001,0.00926182976832284,True,2025-12-23 20:45:00+00:00,88342.0,-0.009261829768322904,-5.030914884161453,SL,765.0
reference_validation,LONG,2025-12-25 12:00:00+00:00,2025-12-25 16:00:00+00:00,2025-12-24 20:00:00+00:00,88033.3,0,0,88339.0,87360.7,90295.6,0.01107438390744748,True,2025-12-25 22:45:00+00:00,87360.7,-0.011074383907447527,-5.937191953723763,SL,405.0
reference_validation,LONG,2025-12-26 00:00:00+00:00,2025-12-26 04:00:00+00:00,2025-12-25 12:00:00+00:00,88594.0,0,0,88796.2,86824.8,92738.99999999999,0.022201400510382135,True,2025-12-26 15:10:00+00:00,86824.8,-0.022201400510382108,-11.500700255191054,SL,670.0
reference_validation,LONG,2025-12-27 20:00:00+00:00,2025-12-28 00:00:00+00:00,2025-12-27 04:00:00+00:00,87669.7,0,0,87829.5,87455.5,88577.5,0.004258250360072641,True,2025-12-28 18:15:00+00:00,87455.5,-0.004258250360072657,-2.5291251800363286,SL,1095.0
reference_validation,LONG,2025-12-29 00:00:00+00:00,2025-12-29 04:00:00+00:00,2025-12-28 12:00:00+00:00,88078.3,0,0,90091.5,87778.5,94717.5,0.025673898203493115,True,2025-12-29 09:50:00+00:00,87778.5,-0.025673898203493084,-13.236949101746543,SL,350.0
reference_validation,SHORT,2025-12-29 16:00:00+00:00,2025-12-29 20:00:00+00:00,2025-12-28 20:00:00+00:00,87402.6,1,1,87328.9,87968.1,86050.49999999997,0.007319455529612897,True,2025-12-30 08:10:00+00:00,87968.1,-0.007319455529612995,-4.059727764806498,SL,730.0
reference_validation,LONG,2025-12-31 08:00:00+00:00,2025-12-31 12:00:00+00:00,2025-12-31 00:00:00+00:00,88780.0,0,0,88967.6,88339.9,90223.00000000003,0.0070553774632564166,True,2025-12-31 14:45:00+00:00,88339.9,-0.0070553774632564625,-3.927688731628231,SL,165.0
reference_validation,SHORT,2025-12-31 16:00:00+00:00,2025-12-31 20:00:00+00:00,2025-12-30 20:00:00+00:00,87833.2,1,1,87515.0,88024.3,86496.4,0.005819573787350773,True,2026-01-01 02:15:00+00:00,88024.3,-0.0058195737873507625,-3.309786893675381,SL,375.0
reference_validation,LONG,2026-01-01 16:00:00+00:00,2026-01-01 20:00:00+00:00,2026-01-01 00:00:00+00:00,88065.0,1,1,88354.8,87833.1,89398.2,0.005904602805959575,True,2026-01-02 09:45:00+00:00,89398.2,0.011809205611919227,5.504602805959613,TP_2R,825.0
reference_validation,LONG,2026-01-03 20:00:00+00:00,2026-01-04 00:00:00+00:00,2026-01-03 12:00:00+00:00,90200.0,0,0,90595.8,89972.9,91841.60000000002,0.006875594674366899,True,2026-01-05 00:00:00+00:00,91841.60000000002,0.013751189348733872,6.475594674366936,TP_2R,1440.0
reference_validation,LONG,2026-01-05 12:00:00+00:00,2026-01-05 16:00:00+00:00,2026-01-05 00:00:00+00:00,93382.5,0,0,93900.0,92370.9,96958.20000000001,0.016284345047923386,True,2026-01-06 16:40:00+00:00,92370.9,-0.01628434504792342,-8.54217252396171,SL,1480.0
reference_validation,SHORT,2026-01-07 16:00:00+00:00,2026-01-07 20:00:00+00:00,2026-01-06 16:00:00+00:00,91209.0,1,1,91143.6,91750.0,89930.80000000002,0.006653237309037542,True,2026-01-08 06:55:00+00:00,89930.80000000002,0.013306474618075104,6.2532373090375515,TP_2R,655.0
reference_validation,LONG,2026-01-11 12:00:00+00:00,2026-01-11 16:00:00+00:00,2026-01-11 04:00:00+00:00,90818.0,0,0,90834.0,90650.0,91202.0,0.0020256732060682124,True,2026-01-11 16:30:00+00:00,91202.0,0.004051346412136336,1.6256732060681682,TP_2R,30.0
reference_validation,LONG,2026-01-12 00:00:00+00:00,2026-01-12 04:00:00+00:00,2026-01-11 16:00:00+00:00,91252.5,0,0,91766.2,90642.0,94014.59999999999,0.012250697969404825,True,2026-01-12 08:35:00+00:00,90642.0,-0.012250697969404811,-6.525348984702406,SL,275.0
reference_validation,LONG,2026-01-13 12:00:00+00:00,2026-01-13 16:00:00+00:00,2026-01-12 16:00:00+00:00,92299.0,1,1,93407.9,91700.6,96822.49999999997,0.018277897265648713,True,2026-01-13 22:10:00+00:00,96822.49999999997,0.036555794531297536,17.87789726564877,TP_2R,370.0
reference_validation,LONG,2026-01-14 12:00:00+00:00,2026-01-14 16:00:00+00:00,2026-01-14 04:00:00+00:00,95755.0,0,0,96691.9,94643.0,100789.69999999998,0.021189985924363823,True,2026-01-16 15:25:00+00:00,94643.0,-0.02118998592436383,-10.994992962181916,SL,2845.0
reference_validation,SHORT,2026-01-18 20:00:00+00:00,2026-01-19 00:00:00+00:00,2026-01-18 12:00:00+00:00,94850.4,0,0,93614.0,95490.0,89862.0,0.020039737646078578,True,2026-01-20 15:10:00+00:00,89862.0,0.04007947529215716,19.639737646078583,TP_2R,2350.0
reference_validation,LONG,2026-01-21 12:00:00+00:00,2026-01-21 16:00:00+00:00,2026-01-21 04:00:00+00:00,90088.0,0,0,90237.2,88109.7,94492.2,0.023576751051672704,True,2026-01-21 16:40:00+00:00,88109.7,-0.023576751051672673,-12.188375525836337,SL,40.0
reference_validation,SHORT,2026-01-25 00:00:00+00:00,2026-01-25 04:00:00+00:00,2026-01-24 16:00:00+00:00,89116.9,0,0,88920.0,89281.6,88196.79999999999,0.004066576698155711,True,2026-01-25 08:40:00+00:00,88196.79999999999,0.008133153396311377,3.6665766981556884,TP_2R,280.0
reference_validation,SHORT,2026-01-25 16:00:00+00:00,2026-01-25 20:00:00+00:00,2026-01-25 08:00:00+00:00,88084.0,0,0,86459.4,88410.0,82558.19999999998,0.022560878285067972,True,2026-01-26 14:40:00+00:00,88410.0,-0.02256087828506792,-11.680439142533961,SL,1120.0
reference_validation,LONG,2026-01-27 20:00:00+00:00,2026-01-28 00:00:00+00:00,2026-01-27 04:00:00+00:00,88983.3,0,0,89197.8,88335.6,90922.2,0.009666157685503421,True,2026-01-29 02:30:00+00:00,88335.6,-0.009666157685503385,-5.233078842751693,SL,1590.0
reference_validation,SHORT,2026-01-29 12:00:00+00:00,2026-01-29 16:00:00+00:00,2026-01-29 00:00:00+00:00,87650.1,0,0,84897.9,88133.2,78427.29999999999,0.03810812752730048,True,2026-01-31 17:10:00+00:00,78427.29999999999,0.07621625505460095,37.708127527300476,TP_2R,2950.0
reference_validation,SHORT,2026-02-01 12:00:00+00:00,2026-02-01 16:00:00+00:00,2026-02-01 04:00:00+00:00,77899.9,0,0,77563.8,78732.0,75227.40000000001,0.015061149660021776,True,2026-02-02 03:20:00+00:00,75227.40000000001,0.03012229932004351,14.661149660021755,TP_2R,680.0
reference_validation,LONG,2026-02-02 12:00:00+00:00,2026-02-02 16:00:00+00:00,2026-02-02 00:00:00+00:00,78111.0,0,0,78800.5,77515.6,81370.29999999999,0.016305734100671876,True,2026-02-03 14:50:00+00:00,77515.6,-0.01630573410067193,-8.552867050335966,SL,1370.0
reference_validation,SHORT,2026-02-03 16:00:00+00:00,2026-02-03 20:00:00+00:00,2026-02-03 00:00:00+00:00,77566.5,1,1,74893.9,78101.5,68478.69999999998,0.042828588176073164,True,2026-02-05 15:10:00+00:00,68478.69999999998,0.08565717635214631,42.428588176073156,TP_2R,2590.0
reference_validation,LONG,2026-02-06 12:00:00+00:00,2026-02-06 16:00:00+00:00,2026-02-06 04:00:00+00:00,66783.0,0,0,68577.5,66072.0,73588.5,0.036535306769713095,True,2026-02-11 15:05:00+00:00,66072.0,-0.03653530676971306,-18.66765338485653,SL,7145.0
reference_validation,SHORT,2026-02-12 16:00:00+00:00,2026-02-12 20:00:00+00:00,2026-02-12 04:00:00+00:00,66640.0,0,0,65760.7,67221.9,62838.3,0.022219958120883707,True,2026-02-13 13:20:00+00:00,67221.9,-0.02221995812088373,-11.509979060441866,SL,1040.0
reference_validation,LONG,2026-02-14 08:00:00+00:00,2026-02-14 12:00:00+00:00,2026-02-13 16:00:00+00:00,69473.7,0,0,70464.8,69174.5,73045.40000000001,0.018311270308011985,True,2026-02-14 13:20:00+00:00,69174.5,-0.01831127030801194,-9.555635154005971,SL,80.0
reference_validation,LONG,2026-02-15 04:00:00+00:00,2026-02-15 08:00:00+00:00,2026-02-14 20:00:00+00:00,70230.6,0,0,70784.0,69925.9,72500.20000000001,0.012122796112115815,True,2026-02-15 12:45:00+00:00,69925.9,-0.012122796112115863,-6.4613980560579325,SL,285.0
reference_validation,SHORT,2026-02-16 12:00:00+00:00,2026-02-16 16:00:00+00:00,2026-02-15 16:00:00+00:00,68029.6,0,0,67505.5,70110.9,62294.70000000001,0.03859537371029018,True,2026-03-04 08:45:00+00:00,70110.9,-0.038595373710290204,-19.6976868551451,SL,22605.0
reference_validation,SHORT,2026-03-05 04:00:00+00:00,2026-03-05 08:00:00+00:00,2026-03-04 20:00:00+00:00,72273.0,0,0,72025.4,73060.0,69956.19999999998,0.014364377011443268,True,2026-03-05 10:25:00+00:00,73060.0,-0.014364377011443219,-7.58218850572161,SL,145.0
reference_validation,SHORT,2026-03-06 08:00:00+00:00,2026-03-06 12:00:00+00:00,2026-03-05 16:00:00+00:00,70612.8,1,1,70185.6,71035.3,68486.20000000001,0.01210647198285684,True,2026-03-06 14:35:00+00:00,68486.20000000001,0.024212943965713718,11.70647198285686,TP_2R,155.0
reference_validation,SHORT,2026-03-07 16:00:00+00:00,2026-03-07 20:00:00+00:00,2026-03-07 04:00:00+00:00,67411.0,0,0,67042.6,67913.6,65300.600000000006,0.012991739580505528,True,2026-03-08 10:15:00+00:00,67913.6,-0.01299173958050548,-6.89586979025274,SL,855.0
reference_validation,SHORT,2026-03-08 20:00:00+00:00,2026-03-09 00:00:00+00:00,2026-03-08 04:00:00+00:00,66508.0,0,0,65934.3,67496.4,62810.10000000002,0.023691765894230943,True,2026-03-09 03:15:00+00:00,67496.4,-0.023691765894230832,-12.245882947115417,SL,195.0
reference_validation,LONG,2026-03-09 12:00:00+00:00,2026-03-09 16:00:00+00:00,2026-03-08 08:00:00+00:00,68171.6,1,1,68832.4,67714.2,71068.79999999999,0.016245256594278234,True,2026-03-10 09:20:00+00:00,71068.79999999999,0.03249051318855645,15.845256594278224,TP_2R,1040.0
reference_validation,SHORT,2026-03-11 08:00:00+00:00,2026-03-11 12:00:00+00:00,2026-03-10 20:00:00+00:00,69388.0,1,1,69144.0,69750.0,67932.0,0.008764317945157932,True,2026-03-11 12:30:00+00:00,69750.0,-0.008764317945157973,-4.782158972578987,SL,30.0
reference_validation,LONG,2026-03-11 16:00:00+00:00,2026-03-11 20:00:00+00:00,2026-03-11 04:00:00+00:00,70249.1,1,1,70600.7,70093.2,71615.7,0.007188313996886716,True,2026-03-11 23:45:00+00:00,70093.2,-0.007188313996886686,-3.994156998443343,SL,225.0
reference_validation,LONG,2026-03-13 00:00:00+00:00,2026-03-13 04:00:00+00:00,2026-03-12 08:00:00+00:00,70756.5,0,0,71366.3,70342.7,73413.50000000001,0.014342904143832675,True,2026-03-13 13:50:00+00:00,73413.50000000001,0.028685808287665315,13.942904143832658,TP_2R,590.0
reference_validation,LONG,2026-03-14 20:00:00+00:00,2026-03-15 00:00:00+00:00,2026-03-14 12:00:00+00:00,70914.6,0,0,71174.4,70607.7,72307.79999999999,0.007962132452117575,True,2026-03-15 22:40:00+00:00,72307.79999999999,0.01592426490423504,7.56213245211752,TP_2R,1360.0
reference_validation,LONG,2026-03-16 20:00:00+00:00,2026-03-17 00:00:00+00:00,2026-03-16 12:00:00+00:00,74481.5,0,0,74846.4,73819.0,76901.19999999998,0.013726779110284453,True,2026-03-17 05:45:00+00:00,73819.0,-0.013726779110284415,-7.263389555142208,SL,345.0
reference_validation,SHORT,2026-03-18 08:00:00+00:00,2026-03-18 12:00:00+00:00,2026-03-18 00:00:00+00:00,73492.0,0,0,72906.4,74246.2,70226.79999999999,0.018376987479837202,True,2026-03-19 07:05:00+00:00,70226.79999999999,0.03675397495967436,17.976987479837184,TP_2R,1145.0
reference_validation,SHORT,2026-03-19 12:00:00+00:00,2026-03-19 16:00:00+00:00,2026-03-19 04:00:00+00:00,69421.1,0,0,69372.8,70144.6,67829.2,0.011125397850454398,True,2026-03-19 19:05:00+00:00,70144.6,-0.01112539785045441,-5.962698925227206,SL,185.0
reference_validation,SHORT,2026-03-21 20:00:00+00:00,2026-03-22 00:00:00+00:00,2026-03-20 16:00:00+00:00,69350.0,0,0,68881.5,70482.2,65680.1,0.023238460254204642,True,2026-03-23 11:05:00+00:00,70482.2,-0.023238460254204618,-12.01923012710231,SL,2105.0
reference_validation,SHORT,2026-03-24 12:00:00+00:00,2026-03-24 16:00:00+00:00,2026-03-24 04:00:00+00:00,70075.5,0,0,69837.6,71144.0,67224.80000000002,0.01870625565597893,True,2026-03-25 05:05:00+00:00,71144.0,-0.018706255655978943,-9.753127827989472,SL,785.0
reference_validation,LONG,2026-03-25 08:00:00+00:00,2026-03-25 12:00:00+00:00,2026-03-24 04:00:00+00:00,71377.5,0,0,71650.3,70752.5,73445.90000000001,0.012530303432086158,True,2026-03-25 15:10:00+00:00,70752.5,-0.012530303432086165,-6.665151716043082,SL,190.0
reference_validation,SHORT,2026-03-26 04:00:00+00:00,2026-03-26 08:00:00+00:00,2026-03-25 20:00:00+00:00,70603.0,0,0,70053.8,70882.0,68397.40000000001,0.011822342256951043,True,2026-03-26 17:55:00+00:00,68397.40000000001,0.023644684513902114,11.422342256951056,TP_2R,595.0
reference_validation,SHORT,2026-03-27 08:00:00+00:00,2026-03-27 12:00:00+00:00,2026-03-26 16:00:00+00:00,68115.8,0,0,66663.3,68619.9,62750.10000000002,0.029350482199350936,True,2026-04-01 05:25:00+00:00,68619.9,-0.02935048219935088,-15.07524109967544,SL,6805.0
reference_validation,SHORT,2026-04-02 00:00:00+00:00,2026-04-02 04:00:00+00:00,2026-04-01 12:00:00+00:00,67883.7,0,0,66538.4,68639.1,62336.99999999997,0.03157124307167007,True,2026-04-05 23:15:00+00:00,68639.1,-0.03157124307167014,-16.185621535835068,SL,5475.0
reference_validation,LONG,2026-04-06 08:00:00+00:00,2026-04-06 12:00:00+00:00,2026-04-06 00:00:00+00:00,69583.0,0,0,69583.5,69047.7,70655.1,0.0077001013171226354,True,2026-04-06 22:50:00+00:00,69047.7,-0.007700101317122621,-4.25005065856131,SL,650.0
reference_validation,SHORT,2026-04-07 12:00:00+00:00,2026-04-07 16:00:00+00:00,2026-04-06 20:00:00+00:00,68227.5,1,1,68138.5,68613.8,67187.9,0.0069754984333380236,True,2026-04-07 17:35:00+00:00,68613.8,-0.006975498433338112,-3.887749216669056,SL,95.0
reference_validation,LONG,2026-04-07 20:00:00+00:00,2026-04-08 00:00:00+00:00,2026-04-07 08:00:00+00:00,69219.0,0,0,71890.2,68975.9,77718.8,0.040538209658618325,True,2026-04-17 14:30:00+00:00,77718.8,0.08107641931723664,40.13820965861832,TP_2R,13830.0
reference_validation,SHORT,2026-04-18 08:00:00+00:00,2026-04-18 12:00:00+00:00,2026-04-17 20:00:00+00:00,76854.2,1,1,76002.0,77004.2,73997.6,0.013186495092234376,True,2026-04-19 22:00:00+00:00,73997.6,0.026372990184468703,12.786495092234352,TP_2R,2040.0
reference_validation,LONG,2026-04-20 12:00:00+00:00,2026-04-20 16:00:00+00:00,2026-04-20 04:00:00+00:00,75539.3,0,0,75668.1,74639.5,77725.30000000002,0.013593575099678805,True,2026-04-22 05:15:00+00:00,77725.30000000002,0.02718715019935769,13.193575099678844,TP_2R,2235.0
reference_validation,LONG,2026-04-22 12:00:00+00:00,2026-04-22 16:00:00+00:00,2026-04-22 04:00:00+00:00,78447.5,0,0,79234.3,78060.0,81582.90000000001,0.014820601683866745,True,2026-04-23 00:10:00+00:00,78060.0,-0.014820601683866785,-7.810300841933393,SL,490.0
reference_validation,LONG,2026-04-26 04:00:00+00:00,2026-04-26 08:00:00+00:00,2026-04-25 20:00:00+00:00,77615.7,0,0,78061.5,77338.4,79507.70000000001,0.00926320913638613,True,2026-04-27 15:00:00+00:00,77338.4,-0.009263209136386119,-5.03160456819306,SL,1860.0
reference_validation,SHORT,2026-04-28 08:00:00+00:00,2026-04-28 12:00:00+00:00,2026-04-27 16:00:00+00:00,76400.0,1,1,76198.9,76956.0,74684.69999999998,0.009935838968804088,True,2026-04-29 03:35:00+00:00,76956.0,-0.009935838968804012,-5.367919484402006,SL,935.0
reference_validation,LONG,2026-04-29 08:00:00+00:00,2026-04-29 12:00:00+00:00,2026-04-28 00:00:00+00:00,77450.0,0,0,77552.5,76918.5,78820.5,0.008175107185455015,True,2026-04-29 13:20:00+00:00,76918.5,-0.008175107185455,-4.4875535927275,SL,80.0
reference_validation,LONG,2026-05-01 00:00:00+00:00,2026-05-01 04:00:00+00:00,2026-04-30 12:00:00+00:00,76630.3,0,0,77082.6,76265.4,78717.00000000003,0.010601614372115258,True,2026-05-01 13:50:00+00:00,78717.00000000003,0.02120322874423053,10.201614372115264,TP_2R,590.0
reference_validation,LONG,2026-05-02 20:00:00+00:00,2026-05-03 00:00:00+00:00,2026-05-02 00:00:00+00:00,78503.9,1,1,78652.8,78376.0,79206.40000000001,0.003519264412710074,True,2026-05-03 01:00:00+00:00,78376.0,-0.0035192644127101103,-2.159632206355055,SL,60.0
reference_validation,LONG,2026-05-04 00:00:00+00:00,2026-05-04 04:00:00+00:00,2026-05-03 12:00:00+00:00,78850.0,1,1,80278.7,78235.4,84365.3,0.02545257957590249,True,2026-05-04 10:20:00+00:00,78235.4,-0.025452579575902523,-13.126289787951261,SL,380.0
reference_validation,LONG,2026-05-05 00:00:00+00:00,2026-05-05 04:00:00+00:00,2026-05-04 16:00:00+00:00,80771.7,0,0,80836.8,79761.2,82988.00000000001,0.013305821111177158,True,2026-05-07 15:25:00+00:00,79761.2,-0.013305821111177174,-7.052910555588587,SL,3565.0
reference_validation,LONG,2026-05-09 16:00:00+00:00,2026-05-09 20:00:00+00:00,2026-05-09 04:00:00+00:00,80641.8,0,0,80897.1,80440.0,81811.30000000002,0.005650387961991293,True,2026-05-10 20:45:00+00:00,80440.0,-0.005650387961991243,-3.2251939809956216,SL,1485.0
reference_validation,SHORT,2026-05-12 12:00:00+00:00,2026-05-12 16:00:00+00:00,2026-05-12 00:00:00+00:00,80661.2,1,1,80301.6,80968.6,78967.6,0.00830618567998645,True,2026-05-13 01:20:00+00:00,80968.6,-0.008306185679986422,-4.553092839993211,SL,560.0
reference_validation,SHORT,2026-05-13 12:00:00+00:00,2026-05-13 16:00:00+00:00,2026-05-13 00:00:00+00:00,80364.5,0,0,78794.7,80558.0,75268.09999999999,0.02237840870007758,True,2026-05-14 14:45:00+00:00,80558.0,-0.022378408700077568,-11.589204350038784,SL,1365.0
reference_validation,SHORT,2026-05-15 12:00:00+00:00,2026-05-15 16:00:00+00:00,2026-05-15 04:00:00+00:00,80266.8,0,0,79118.1,80596.7,76160.90000000002,0.018688517545289777,True,2026-05-18 15:00:00+00:00,76160.90000000002,0.03737703509057955,18.288517545289775,TP_2R,4260.0
reference_validation,LONG,2026-05-20 04:00:00+00:00,2026-05-20 08:00:00+00:00,2026-05-19 16:00:00+00:00,77042.3,0,0,77250.0,76650.0,78450.0,0.007766990291262136,True,2026-05-22 15:00:00+00:00,76650.0,-0.007766990291262155,-4.283495145631077,SL,3300.0
reference_validation,SHORT,2026-05-22 16:00:00+00:00,2026-05-22 20:00:00+00:00,2026-05-21 12:00:00+00:00,76696.7,1,1,75827.1,77070.1,73341.1,0.01639255622330275,True,2026-05-23 20:55:00+00:00,77070.1,-0.016392556223302712,-8.596278111651356,SL,1495.0
reference_validation,SHORT,2026-05-26 16:00:00+00:00,2026-05-26 20:00:00+00:00,2026-05-26 00:00:00+00:00,76434.0,1,1,76028.4,76678.7,74727.79999999999,0.008553382683313116,True,2026-05-27 17:55:00+00:00,74727.79999999999,0.017106765366626253,8.153382683313126,TP_2R,1315.0
reference_validation,SHORT,2026-05-31 12:00:00+00:00,2026-05-31 16:00:00+00:00,2026-05-30 20:00:00+00:00,73750.0,1,1,73613.4,73997.8,72844.59999999998,0.005221875365083107,True,2026-05-31 23:00:00+00:00,73997.8,-0.005221875365083006,-3.010937682541503,SL,420.0
reference_validation,SHORT,2026-06-01 04:00:00+00:00,2026-06-01 08:00:00+00:00,2026-05-31 16:00:00+00:00,73340.7,1,1,72776.1,73815.9,70696.50000000003,0.014287657623862618,True,2026-06-01 16:10:00+00:00,70696.50000000003,0.028575315247725275,13.887657623862637,TP_2R,490.0
reference_validation,SHORT,2026-06-02 04:00:00+00:00,2026-06-02 08:00:00+00:00,2026-06-01 16:00:00+00:00,70650.9,1,1,70079.5,71022.7,68193.1,0.013459000135560286,True,2026-06-02 14:20:00+00:00,68193.1,0.026918000271120568,13.059000135560284,TP_2R,380.0
reference_validation,SHORT,2026-06-03 20:00:00+00:00,2026-06-04 00:00:00+00:00,2026-06-03 00:00:00+00:00,65359.1,1,1,64117.7,65829.4,60694.3,0.026696216489362486,True,2026-06-05 13:55:00+00:00,60694.3,0.05339243297872498,26.296216489362493,TP_2R,2275.0
reference_validation,LONG,2026-06-07 00:00:00+00:00,2026-06-07 04:00:00+00:00,2026-06-06 08:00:00+00:00,61475.0,0,0,61671.1,60708.0,63597.299999999996,0.01561671512264251,True,2026-06-07 22:10:00+00:00,63597.299999999996,0.03123343024528502,15.21671512264251,TP_2R,1090.0
reference_validation,SHORT,2026-06-09 12:00:00+00:00,2026-06-09 16:00:00+00:00,2026-06-09 00:00:00+00:00,62381.2,0,0,61100.6,62868.2,57565.4,0.028929339482754647,True,2026-06-11 03:55:00+00:00,62868.2,-0.028929339482754557,-14.864669741377279,SL,2155.0
reference_validation,LONG,2026-06-11 08:00:00+00:00,2026-06-11 12:00:00+00:00,2026-06-10 12:00:00+00:00,62840.2,1,1,63078.0,62691.7,63850.600000000006,0.006124163733789957,True,2026-06-11 12:20:00+00:00,62691.7,-0.006124163733789989,-3.4620818668949944,SL,20.0
reference_validation,LONG,2026-06-11 16:00:00+00:00,2026-06-11 20:00:00+00:00,2026-06-11 08:00:00+00:00,63235.9,0,0,63567.7,62315.0,66073.09999999999,0.01970654908074379,True,2026-06-15 11:15:00+00:00,66073.09999999999,0.039413098161487525,19.306549080743764,TP_2R,5235.0
reference_validation,SHORT,2026-06-17 08:00:00+00:00,2026-06-17 12:00:00+00:00,2026-06-16 12:00:00+00:00,65328.8,1,1,64774.6,65549.8,63224.19999999999,0.01196765398782863,True,2026-06-17 15:45:00+00:00,65549.8,-0.01196765398782862,-6.38382699391431,SL,225.0
reference_validation,SHORT,2026-06-17 16:00:00+00:00,2026-06-17 20:00:00+00:00,2026-06-17 08:00:00+00:00,64525.0,0,0,64271.4,66419.2,59975.80000000001,0.03341766322189956,True,2026-06-24 16:45:00+00:00,59975.80000000001,0.06683532644379908,33.01766322189954,TP_2R,9885.0
reference_validation,LONG,2026-06-25 04:00:00+00:00,2026-06-25 08:00:00+00:00,2026-06-24 20:00:00+00:00,61256.0,0,0,61886.8,60756.4,64147.600000000006,0.01826560752858447,True,2026-06-25 13:35:00+00:00,60756.4,-0.018265607528584415,-9.532803764292208,SL,335.0
reference_validation,LONG,2026-06-26 04:00:00+00:00,2026-06-26 08:00:00+00:00,2026-06-25 20:00:00+00:00,60245.0,0,0,60491.0,59666.2,62140.600000000006,0.013635086211171958,True,2026-06-26 09:50:00+00:00,59666.2,-0.013635086211171932,-7.217543105585966,SL,110.0
reference_validation,LONG,2026-06-27 12:00:00+00:00,2026-06-27 16:00:00+00:00,2026-06-27 04:00:00+00:00,60557.8,0,0,60817.3,60222.6,62006.70000000001,0.009778467639964358,True,2026-06-27 19:25:00+00:00,60222.6,-0.009778467639964372,-5.2892338199821864,SL,205.0
reference_validation,SHORT,2026-06-28 16:00:00+00:00,2026-06-28 20:00:00+00:00,2026-06-28 04:00:00+00:00,59714.8,0,0,59451.3,59915.7,58522.500000000015,0.007811435578364042,True,2026-06-29 03:00:00+00:00,59915.7,-0.0078114355783640566,-4.305717789182029,SL,420.0
reference_validation,LONG,2026-06-29 16:00:00+00:00,2026-06-29 20:00:00+00:00,2026-06-29 04:00:00+00:00,60325.0,1,1,60409.3,59562.6,62102.70000000001,0.01401605381952786,True,2026-06-30 04:00:00+00:00,59562.6,-0.014016053819527863,-7.408026909763931,SL,480.0
reference_validation,SHORT,2026-06-30 12:00:00+00:00,2026-06-30 16:00:00+00:00,2026-06-29 12:00:00+00:00,58988.0,0,0,58356.2,59264.4,56539.79999999999,0.01556304214462224,True,2026-07-01 03:50:00+00:00,59264.4,-0.01556304214462223,-8.181521072311115,SL,710.0
reference_validation,LONG,2026-07-01 12:00:00+00:00,2026-07-01 16:00:00+00:00,2026-07-01 04:00:00+00:00,59444.5,0,0,60118.6,58294.1,63767.6,0.030348344771834342,True,2026-07-05 22:30:00+00:00,63767.6,0.06069668954366869,29.948344771834346,TP_2R,6150.0
reference_validation,LONG,2026-07-06 20:00:00+00:00,2026-07-07 00:00:00+00:00,2026-07-05 20:00:00+00:00,63990.7,0,0,64023.5,63560.0,64950.5,0.007239529235358892,True,2026-07-07 02:25:00+00:00,63560.0,-0.007239529235358866,-4.019764617679433,SL,145.0
reference_validation,SHORT,2026-07-08 08:00:00+00:00,2026-07-08 12:00:00+00:00,2026-07-07 12:00:00+00:00,62638.0,1,1,62270.0,62921.8,60966.399999999994,0.010467319736630848,True,2026-07-09 06:55:00+00:00,62921.8,-0.010467319736630953,-5.633659868315477,SL,1135.0
reference_validation,LONG,2026-07-10 00:00:00+00:00,2026-07-10 04:00:00+00:00,2026-07-09 16:00:00+00:00,63484.9,0,0,63917.3,62897.0,65957.90000000001,0.015962814449296245,True,2026-07-13 03:10:00+00:00,62897.0,-0.01596281444929626,-8.381407224648129,SL,4270.0
reference_validation,SHORT,2026-07-13 16:00:00+00:00,2026-07-13 20:00:00+00:00,2026-07-13 04:00:00+00:00,62434.9,1,1,62257.9,62614.5,61544.700000000004,0.005727787156328732,True,2026-07-14 00:55:00+00:00,62614.5,-0.005727787156328823,-3.2638935781644114,SL,295.0
reference_validation,LONG,2026-07-14 12:00:00+00:00,2026-07-14 16:00:00+00:00,2026-07-13 08:00:00+00:00,63260.0,0,0,64727.4,62756.5,68669.20000000001,0.030449237880712052,True,2026-07-17 05:45:00+00:00,62756.5,-0.030449237880712077,-15.624618940356038,SL,3705.0
reference_validation,LONG,2026-07-18 16:00:00+00:00,2026-07-18 20:00:00+00:00,2026-07-17 16:00:00+00:00,64356.7,0,0,64526.4,64054.5,65470.200000000004,0.007313285724912616,True,2026-07-20 05:10:00+00:00,64054.5,-0.007313285724912633,-4.056642862456316,SL,1990.0
reference_validation,LONG,2026-07-20 12:00:00+00:00,2026-07-20 16:00:00+00:00,2026-07-20 00:00:00+00:00,65084.6,0,0,65570.1,64034.3,68641.70000000001,0.023422261061062936,True,2026-07-24 13:50:00+00:00,64034.3,-0.023422261061062932,-12.111130530531467,SL,5630.0
reference_validation,LONG,2026-07-25 16:00:00+00:00,2026-07-25 20:00:00+00:00,2026-07-25 04:00:00+00:00,64181.0,1,1,64359.7,64092.2,64894.7,0.00415632763981187,True,2026-07-26 16:30:00+00:00,64894.7,0.00831265527962377,3.7563276398118854,TP_2R,1230.0
reference_validation,SHORT,2026-07-27 12:00:00+00:00,2026-07-27 16:00:00+00:00,2026-07-26 20:00:00+00:00,64606.3,0,0,64517.2,65689.6,62172.39999999998,0.018171898346487584,False,,,,,CENSORED,
august,SHORT,2026-08-01 16:00:00+00:00,2026-08-01 20:00:00+00:00,2026-08-01 08:00:00+00:00,62956.5,0,0,62502.1,63006.6,61493.1,0.00807172878991266,True,2026-08-02 01:15:00+00:00,63006.6,-0.00807172878991258,-4.43586439495629,SL,315.0
august,SHORT,2026-08-03 00:00:00+00:00,2026-08-03 04:00:00+00:00,2026-08-02 08:00:00+00:00,62961.1,0,0,62839.8,63575.6,61368.20000000001,0.011709139749012498,True,2026-08-03 14:25:00+00:00,63575.6,-0.011709139749012554,-6.254569874506277,SL,625.0
august,LONG,2026-08-03 16:00:00+00:00,2026-08-03 20:00:00+00:00,2026-08-02 20:00:00+00:00,63779.0,1,1,63836.9,63626.2,64258.30000000001,0.003300598869932662,True,2026-08-03 21:45:00+00:00,63626.2,-0.003300598869932614,-2.050299434966307,SL,105.0
august,LONG,2026-08-05 16:00:00+00:00,2026-08-05 20:00:00+00:00,2026-08-05 04:00:00+00:00,64500.0,1,1,64805.7,64352.5,65712.09999999999,0.006993212016844152,True,2026-08-06 13:00:00+00:00,64352.5,-0.006993212016844108,-3.896606008422054,SL,1020.0
august,LONG,2026-08-07 08:00:00+00:00,2026-08-07 12:00:00+00:00,2026-08-07 00:00:00+00:00,64524.8,0,0,64996.2,64268.9,66450.79999999999,0.01118988494711992,True,2026-08-10 15:35:00+00:00,64268.9,-0.011189884947119921,-5.994942473559961,SL,4535.0
august,SHORT,2026-08-11 12:00:00+00:00,2026-08-11 16:00:00+00:00,2026-08-11 04:00:00+00:00,63820.0,0,0,63585.3,64470.0,61815.90000000001,0.013913593236172465,True,2026-08-17 18:20:00+00:00,64470.0,-0.013913593236172472,-7.3567966180862365,SL,8780.0
august,LONG,2026-08-18 12:00:00+00:00,2026-08-18 16:00:00+00:00,2026-08-17 16:00:00+00:00,64600.8,0,0,64823.9,63979.2,66513.30000000002,0.013030687755596383,True,2026-08-19 15:05:00+00:00,66513.30000000002,0.02606137551119292,12.63068775559646,TP_2R,1385.0
august,LONG,2026-08-20 08:00:00+00:00,2026-08-20 12:00:00+00:00,2026-08-19 20:00:00+00:00,70048.2,0,0,71896.2,69771.8,76144.99999999999,0.029548154144447055,False,,,,,CENSORED,
