tf,i,entry_ts,week,side,ref_width,score,extension,body_ratio,entry,sl,tp,risk_frac,reason,exit_ts,net_ret,pnl
H1,51,2020-01-03 05:00:00+00:00,2020-W01,LONG,22.76000000000022,7.836977346928014,10.802724077328538,0.725463067540096,7204.86,7182.099999999999,7249.23458,0.0031589788004208574,SL,2020-01-03 05:00:00+00:00,-0.004658978800420819,-2.32948940021041
H1,311,2020-01-14 01:00:00+00:00,2020-W03,LONG,36.98999999999978,2.873895449314909,3.7404703974047417,0.7683246073298454,8277.33,8240.34,8339.15199,0.004468832340863513,TP,2020-01-14 01:00:00+00:00,0.005968832340863596,2.984416170431798
H1,849,2020-02-05 11:00:00+00:00,2020-W06,LONG,32.969999999999345,2.680417184669901,3.198362147406819,0.8380593132154032,9389.96,9356.99,9451.099879999998,0.003511197065802128,TP,2020-02-05 12:00:00+00:00,0.005011197065802055,2.5055985329010273
H1,998,2020-02-11 16:00:00+00:00,2020-W07,LONG,54.399999999999636,4.8735393660543815,5.4115808823529665,0.9005759078547407,10204.89,10150.49,10289.90467,0.005330777695790904,TP,2020-02-11 16:00:00+00:00,0.006830777695791048,3.4153888478955237
H1,1196,2020-02-19 22:00:00+00:00,2020-W08,SHORT,104.78000000000065,2.6018069983291476,4.170547814468382,0.6238525762258402,9620.31,9725.09,9486.669069999998,0.010891540917080703,TIME,2020-02-20 03:00:00+00:00,0.003302340049332998,1.651170024666499
H1,1535,2020-03-05 01:00:00+00:00,2020-W10,LONG,28.479999999999563,2.9556319352362705,3.498946629213524,0.8447204968944104,8867.5,8839.02,8922.5825,0.003211728221031809,TP,2020-03-05 02:00:00+00:00,0.004711728221031887,2.3558641105159435
H1,1665,2020-03-10 11:00:00+00:00,2020-W11,LONG,33.399999999999636,3.1622923215413654,3.893712574850347,0.8121535066472919,8042.05,8008.650000000001,8099.57615,0.004153169900709351,TP,2020-03-10 11:00:00+00:00,0.005653169900709467,2.826584950354733
H1,1809,2020-03-16 11:00:00+00:00,2020-W12,SHORT,113.34999999999945,3.0144017344253404,3.1849139832377764,0.9464625262378064,4431.15,4544.499999999999,4304.50655,0.025580266973584613,SL,2020-03-16 11:00:00+00:00,-0.02708026697358451,-13.540133486792255
H1,1979,2020-03-23 13:00:00+00:00,2020-W13,LONG,122.19999999999982,2.864300505525035,3.224549918166944,0.8882791639812171,6321.03,6198.83,6462.19309,0.019332292363744487,SL,2020-03-23 13:00:00+00:00,-0.020832292363744453,-10.416146181872227
H1,2307,2020-04-06 05:00:00+00:00,2020-W15,LONG,27.789999999999964,2.6759095221041176,3.24289312702411,0.8251611808618887,6938.1,6910.31,6986.7043,0.004005419351119177,SL,2020-04-06 05:00:00+00:00,-0.005505419351119199,-2.7527096755595997
H1,2620,2020-04-19 06:00:00+00:00,2020-W16,SHORT,20.0,3.96991074435841,4.805000000000018,0.8262041091276576,7118.58,7138.58,7077.22426,0.002809549095465669,SL,2020-04-19 06:00:00+00:00,-0.004309549095465602,-2.154774547732801
H1,2888,2020-04-30 10:00:00+00:00,2020-W18,SHORT,134.42000000000007,3.3357764626571482,3.3562713881862773,0.9938935434121122,8644.0,8778.42,8483.648,0.015550670985654798,SL,2020-04-30 10:00:00+00:00,-0.01705067098565477,-8.525335492827384
H1,3119,2020-05-10 01:00:00+00:00,2020-W19,SHORT,116.0,3.746397422203531,7.191034482758619,0.520981707317073,8694.82,8810.82,8552.73554,0.01334127676018595,TP,2020-05-10 03:00:00+00:00,0.01484127676018593,7.420638380092965
H1,3299,2020-05-17 13:00:00+00:00,2020-W20,LONG,40.69000000000051,5.642958729485334,5.809535512410824,0.9713270049611307,9767.32,9726.63,9837.31196,0.004165932927353717,SL,2020-05-17 13:00:00+00:00,-0.005665932927353677,-2.8329664636768386
H1,3374,2020-05-20 16:00:00+00:00,2020-W21,SHORT,36.45999999999913,7.076973897127242,9.640976412507094,0.7340515726131629,9410.02,9446.48,9345.329940000001,0.0038745932527241306,SL,2020-05-20 16:00:00+00:00,-0.005374593252724212,-2.687296626362106
H1,3478,2020-05-25 00:00:00+00:00,2020-W22,SHORT,48.79000000000087,5.344154234604976,6.12174625947926,0.8729787234042548,8711.37,8760.160000000002,8636.445889999999,0.0056007264069831576,SL,2020-05-25 00:00:00+00:00,-0.007100726406983058,-3.5503632034915293
H1,3670,2020-06-02 00:00:00+00:00,2020-W23,LONG,99.32999999999993,3.178039975969756,4.877479110037249,0.6515742875104771,10232.41,10133.08,10362.43723,0.00970739053654026,SL,2020-06-02 01:00:00+00:00,-0.011207390536540239,-5.603695268270119
H1,3903,2020-06-11 17:00:00+00:00,2020-W24,SHORT,120.30999999999949,3.0150498297424857,3.4908985121768894,0.8636887664380511,9091.28,9211.59,8943.696160000001,0.013233560070749056,SL,2020-06-11 17:00:00+00:00,-0.014733560070749161,-7.366780035374581
H1,4050,2020-06-17 20:00:00+00:00,2020-W25,SHORT,30.579999999999927,2.6582834689708505,2.969260954872449,0.8952677145498796,9290.84,9321.42,9232.38748,0.0032914139087531296,SL,2020-06-17 20:00:00+00:00,-0.004791413908753204,-2.3957069543766023
H1,4206,2020-06-24 08:00:00+00:00,2020-W26,SHORT,24.19000000000051,4.693485201125226,5.4568003307150565,0.8601167198122849,9518.88,9543.07,9466.133359999998,0.002541265358949846,SL,2020-06-24 08:00:00+00:00,-0.004041265358949829,-2.0206326794749145
H1,4456,2020-07-04 18:00:00+00:00,2020-W27,LONG,12.799999999999272,5.70001972039247,7.4359375000004455,0.7665502460708052,9169.97,9157.17,9210.27991,0.0013958606189550537,SL,2020-07-04 18:00:00+00:00,-0.002895860618955025,-1.4479303094775124
H1,4493,2020-07-06 07:00:00+00:00,2020-W28,LONG,29.780000000000655,3.250503693754126,3.6937541974478703,0.88,9222.0,9192.22,9279.446,0.0032292344393841524,SL,2020-07-06 07:00:00+00:00,-0.004729234439384165,-2.3646172196920827
H1,4854,2020-07-21 08:00:00+00:00,2020-W30,LONG,21.270000000000437,3.5281857599193884,5.45416078984475,0.6468796751442702,9315.0,9293.73,9364.215,0.002283413848631287,TP,2020-07-21 12:00:00+00:00,0.003783413848631291,1.8917069243156455
H1,5288,2020-08-08 10:00:00+00:00,2020-W32,LONG,45.06999999999971,2.7293969132708926,2.985799866873765,0.9141258741258721,11744.64,11699.57,11824.94392,0.0038374952318674486,TIME,2020-08-08 15:00:00+00:00,-0.0014472099613100351,-0.7236049806550175
H1,5337,2020-08-10 11:00:00+00:00,2020-W33,SHORT,37.56999999999971,3.412080924509074,7.3667820069204355,0.46317115414895244,11691.82,11729.39,11619.17454,0.003213357715052037,SL,2020-08-10 11:00:00+00:00,-0.004713357715051934,-2.356678857525967
H1,5926,2020-09-04 00:00:00+00:00,2020-W36,SHORT,102.84000000000015,3.3568243643626157,4.96966161026837,0.6754633670483132,10141.4,10244.24,10008.1358,0.010140611749857037,SL,2020-09-04 00:00:00+00:00,-0.011640611749857031,-5.820305874928516
H1,6021,2020-09-07 23:00:00+00:00,2020-W37,LONG,53.340000000000146,3.498659986017232,3.752718410198716,0.9323001631321357,10389.03,10335.69,10473.537090000002,0.005134261812700526,SL,2020-09-08 00:00:00+00:00,-0.006634261812700491,-3.3171309063502457
H1,6485,2020-09-27 07:00:00+00:00,2020-W39,SHORT,26.06999999999971,3.060194129358743,4.041426927502944,0.7572063492063505,10654.88,10680.949999999999,10596.84536,0.0024467661766251437,SL,2020-09-27 07:00:00+00:00,-0.003946766176625203,-1.9733830883126016
H1,6526,2020-09-29 00:00:00+00:00,2020-W40,SHORT,34.98999999999978,3.203276482905892,4.445555873106609,0.7205570179162776,10691.94,10726.93,10624.87418,0.003272558581510912,SL,2020-09-29 00:00:00+00:00,-0.004772558581510987,-2.3862792907554935
H1,6793,2020-10-10 03:00:00+00:00,2020-W41,LONG,32.98999999999978,7.03047905852963,9.18247953925439,0.7656405907004612,11390.92,11357.93,11458.08276,0.0028961664202715657,TP,2020-10-10 03:00:00+00:00,0.004396166420271465,2.1980832101357324
H1,6852,2020-10-12 14:00:00+00:00,2020-W42,LONG,51.81000000000131,2.8423393853095282,3.8581354950780615,0.7367132100299705,11492.0,11440.189999999999,11578.286000000002,0.0045083536373130275,TP,2020-10-12 15:00:00+00:00,0.006008353637313059,3.0041768186565294
H1,7351,2020-11-02 09:00:00+00:00,2020-W45,SHORT,44.92000000000007,5.600900271753617,5.885129118432773,0.9517038894203825,13443.63,13488.55,13358.37911,0.003341359439377614,SL,2020-11-02 09:00:00+00:00,-0.004841359439377633,-2.420679719688817
H1,7522,2020-11-09 12:00:00+00:00,2020-W46,LONG,85.54000000000087,2.9975854268384428,3.723871872807994,0.80496470588235,15807.89,15722.349999999999,15940.85367,0.00541122186452467,SL,2020-11-09 12:00:00+00:00,-0.006911221864524695,-3.455610932262348
H1,8121,2020-12-04 11:00:00+00:00,2020-W49,SHORT,102.46000000000276,2.606938832824866,3.3830763224671876,0.7705823293172691,18977.82,19080.280000000002,18818.426539999997,0.005398934124151392,TP,2020-12-04 11:00:00+00:00,0.006898934124151381,3.44946706207569
H1,8819,2021-01-02 13:00:00+00:00,2020-W53,LONG,163.47000000000116,3.8348402987807533,5.20046491711013,0.7374033591042382,30660.11,30496.64,30915.56033,0.0053316834153563425,TP,2021-01-02 13:00:00+00:00,0.006831683415356395,3.4158417076781973
H1,9463,2021-01-29 09:00:00+00:00,2021-W04,LONG,710.0,4.393454384234484,5.2504366197183066,0.8367788628729699,36388.39,35678.39,37207.55517,0.01951171788584216,SL,2021-01-29 09:00:00+00:00,-0.021011717885842163,-10.505858942921082
H1,9707,2021-02-08 13:00:00+00:00,2021-W06,LONG,200.0,16.725197348626093,19.68049999999999,0.8498359974912274,43505.9,43305.9,43836.4177,0.004597077637745685,SL,2021-02-08 13:00:00+00:00,-0.006097077637745639,-3.0485388188728195
H1,10497,2021-03-13 11:00:00+00:00,2021-W10,LONG,387.8999999999942,3.567657646035695,4.757514823408172,0.7498994282649252,59548.95,59161.05,60115.49684999999,0.006513968760154364,TP,2021-03-13 11:00:00+00:00,0.008013968760154424,4.006984380077212
H1,10601,2021-03-17 19:00:00+00:00,2021-W11,LONG,490.0,3.905071700128305,3.9064897959183678,0.9996369897621276,57614.0,57124.0,58276.842,0.008504877286770577,TP,2021-03-17 20:00:00+00:00,0.010004877286770521,5.00243864338526
H1,10925,2021-03-31 07:00:00+00:00,2021-W13,LONG,194.40000000000146,4.308979161998265,5.1330761316872175,0.8394535852290047,59774.87,59580.47,60148.59461000001,0.00325220280696556,SL,2021-03-31 07:00:00+00:00,-0.004752202806965587,-2.3761014034827936
H1,11053,2021-04-05 15:00:00+00:00,2021-W14,LONG,358.8099999999977,2.9657950310175853,3.0054067612385653,0.9868198439120249,59262.58,58903.770000000004,59799.17774,0.006054579466503106,SL,2021-04-05 17:00:00+00:00,-0.007554579466503118,-3.777289733251559
H1,11690,2021-05-02 04:00:00+00:00,2021-W17,SHORT,292.4099999999962,2.805808683846687,3.3055299066379815,0.8488226587247685,56510.0,56802.409999999996,56048.060000000005,0.0051744823924968365,SL,2021-05-02 04:00:00+00:00,-0.006674482392496848,-3.3372411962484243
H1,11718,2021-05-03 08:00:00+00:00,2021-W18,LONG,207.9800000000032,2.967494737792766,3.6036638138281876,0.8234660309892735,58847.37,58639.39,59231.89211000001,0.003534227612890826,SL,2021-05-03 09:00:00+00:00,-0.005034227612890794,-2.5171138064453973
H1,12715,2021-06-13 21:00:00+00:00,2021-W23,LONG,477.5199999999968,2.8240662871653384,3.12158653040713,0.9046894134301036,39220.62,38743.100000000006,39815.80186,0.01217522823453573,SL,2021-06-13 22:00:00+00:00,-0.013675228234535762,-6.837614117267881
H1,13053,2021-06-27 23:00:00+00:00,2021-W25,LONG,471.7000000000007,2.777620243044217,3.2732457070171628,0.8485828720677989,34391.43,33919.729999999996,34966.30429000001,0.013715626247585539,TP,2021-06-28 00:00:00+00:00,0.015215626247585825,7.607813123792912
H1,13234,2021-07-05 12:00:00+00:00,2021-W27,SHORT,273.0,3.024950711509531,3.3028937728937815,0.9158486223004578,33363.28,33636.28,32990.19016,0.008182648708400374,SL,2021-07-05 13:00:00+00:00,-0.009682648708400464,-4.841324354200232
H1,13611,2021-07-21 05:00:00+00:00,2021-W29,LONG,121.79999999999927,5.423650011728856,6.350574712643716,0.8540408163265297,30655.49,30533.690000000002,30869.25647,0.003973187184416209,SL,2021-07-21 05:00:00+00:00,-0.005473187184416193,-2.736593592208097
H1,13726,2021-07-26 00:00:00+00:00,2021-W30,LONG,229.1600000000035,2.7780873014159275,3.1447896666084505,0.8833936752317051,35370.67,35141.509999999995,35705.94201,0.00647881422658953,TP,2021-07-26 00:00:00+00:00,0.00797881422658936,3.9894071132946802
H1,14006,2021-08-06 16:00:00+00:00,2021-W31,LONG,311.5500000000029,3.290435303861484,4.097319852351099,0.8030701586485582,42211.53,41899.979999999996,42649.71459,0.007380684850797944,TP,2021-08-06 16:00:00+00:00,0.008880684850797906,4.440342425398953
H1,14072,2021-08-09 10:00:00+00:00,2021-W32,LONG,309.3000000000029,2.565363184141291,3.108018105399252,0.825401621594398,44861.71,44552.409999999996,45305.59513,0.006894520962308456,TP,2021-08-09 10:00:00+00:00,0.008394520962308473,4.1972604811542364
H1,14474,2021-08-26 04:00:00+00:00,2021-W34,SHORT,211.4800000000032,2.968732184599299,3.4024966899942632,0.8725158185544934,47945.44,48156.920000000006,47590.12368,0.004410846996085617,TP,2021-08-26 05:00:00+00:00,0.00591084699608563,2.9554234980428147
H1,14631,2021-09-01 17:00:00+00:00,2021-W35,LONG,243.4100000000035,3.2250813575214274,3.9234213877818753,0.8220073855856564,48518.26,48274.85,48907.224780000004,0.005016874059374831,TP,2021-09-01 17:00:00+00:00,0.0065168740593749015,3.2584370296874505
H1,14773,2021-09-07 15:00:00+00:00,2021-W36,SHORT,529.0,4.844216948502404,6.175198487712666,0.7844633590549951,47367.35,47896.35,46696.24795,0.01116803029935177,SL,2021-09-07 15:00:00+00:00,-0.01266803029935176,-6.3340151496758805
H1,15058,2021-09-19 12:00:00+00:00,2021-W37,SHORT,119.19999999999709,4.875907553719248,6.022147651006829,0.8096625716083291,47344.16,47463.36,47082.927520000005,0.002517733971835113,TP,2021-09-19 12:00:00+00:00,0.004017733971835193,2.0088669859175963
H1,15160,2021-09-23 18:00:00+00:00,2021-W38,LONG,303.3000000000029,2.692400427642666,3.0276623804813214,0.8892670612813317,44801.59,44498.28999999999,45239.29477,0.0067698490165193454,SL,2021-09-23 18:00:00+00:00,-0.008269849016519336,-4.134924508259668
H1,15345,2021-10-01 11:00:00+00:00,2021-W39,LONG,227.0,6.5689518201905415,9.27999999999999,0.7078611875205332,47086.56,46859.56,47454.81968,0.004820908556496801,TP,2021-10-01 11:00:00+00:00,0.006320908556496864,3.160454278248432
H1,15467,2021-10-06 13:00:00+00:00,2021-W40,LONG,380.40000000000146,2.9247819491555074,3.2546529968454125,0.8986463232763572,52706.47,52326.07,53244.98941,0.007217330244275541,TP,2021-10-06 13:00:00+00:00,0.008717330244275625,4.358665122137812
H1,15673,2021-10-15 03:00:00+00:00,2021-W41,LONG,439.6999999999971,3.27278826893181,4.044166477143536,0.8092615097396871,59116.13,58676.43,59733.178389999994,0.007437902311940871,TP,2021-10-15 04:00:00+00:00,0.00893790231194075,4.468951155970375
H1,15911,2021-10-25 01:00:00+00:00,2021-W43,LONG,197.0899999999965,3.4418892120022173,4.264802881932202,0.807045321270005,61866.19,61669.100000000006,62248.87857,0.003185746528111663,TP,2021-10-25 03:00:00+00:00,0.004685746528111658,2.3428732640558287
H1,16247,2021-11-08 01:00:00+00:00,2021-W45,LONG,600.8499999999985,2.8106511344447784,2.861962220188075,0.9820713616059108,65097.16,64496.310000000005,65893.30148000001,0.009230049360064226,TP,2021-11-08 06:00:00+00:00,0.010730049360064444,5.365024680032222
H1,16553,2021-11-20 19:00:00+00:00,2021-W46,LONG,329.8899999999994,3.740931577507557,4.518900239473766,0.8278411514442274,59451.03,59121.14,59959.273089999995,0.00554893666266168,TIME,2021-11-21 00:00:00+00:00,-0.002540352034270886,-1.270176017135443
H1,17282,2021-12-21 04:00:00+00:00,2021-W51,LONG,192.70999999999913,3.7110247039755215,4.47714181931402,0.8288825446552681,47927.52,47734.81,48264.012559999996,0.004020863170053429,TP,2021-12-21 04:00:00+00:00,0.00552086317005346,2.76043158502673
H1,17690,2022-01-07 04:00:00+00:00,2022-W01,SHORT,255.7199999999939,2.8922040339582162,3.800093852651436,0.761087527335737,41789.97,42045.689999999995,41408.880090000006,0.006119171657696664,TP,2022-01-07 04:00:00+00:00,0.007619171657696712,3.809585828848356
H1,18020,2022-01-20 22:00:00+00:00,2022-W03,SHORT,410.3000000000029,2.940055138609718,3.0351450158420445,0.9686704006773971,41319.67,41729.97,40785.41099,0.009929895374285489,TP,2022-01-20 22:00:00+00:00,0.011429895374285461,5.714947687142731
H1,18684,2022-02-17 14:00:00+00:00,2022-W07,SHORT,211.60000000000582,3.5475930222126566,4.223062381852429,0.8400522420548567,42242.3,42453.90000000001,41903.973099999996,0.005009196942401474,TP,2022-02-17 14:00:00+00:00,0.006509196942401542,3.254598471200771
H1,18930,2022-02-27 20:00:00+00:00,2022-W08,SHORT,386.09999999999854,2.72585604253055,3.069930069930089,0.8879212165873946,37574.7,37960.799999999996,37075.8759,0.010275531141965168,SL,2022-02-27 20:00:00+00:00,-0.01177553114196511,-5.887765570982555
H1,18949,2022-02-28 15:00:00+00:00,2022-W09,LONG,439.0,3.170564546689875,3.3337129840546695,0.9510610427036933,39793.5,39354.5,40351.8805,0.011031952454546598,TP,2022-02-28 15:00:00+00:00,0.01253195245454647,6.265976227273235
H1,19154,2022-03-09 04:00:00+00:00,2022-W10,LONG,393.40000000000146,3.733044779713137,4.317488561260787,0.8646333920159869,41198.4,40805.0,41715.395200000006,0.009548914520952304,TP,2022-03-09 04:00:00+00:00,0.011048914520952304,5.524457260476152
H1,19367,2022-03-18 01:00:00+00:00,2022-W11,SHORT,116.5,3.7710270716851975,4.771673819742502,0.7902943944078509,40310.1,40426.6,40072.6697,0.0028900945420626593,SL,2022-03-18 01:00:00+00:00,-0.004390094542062682,-2.195047271031341
H1,19465,2022-03-22 03:00:00+00:00,2022-W12,LONG,171.0,2.8403522727272854,3.7479532163742775,0.7578409090909107,41815.9,41644.9,42112.3477,0.004089353571249213,TP,2022-03-22 03:00:00+00:00,0.005589353571249069,2.7946767856245343
H1,19772,2022-04-03 22:00:00+00:00,2022-W13,LONG,116.59999999999854,3.9014393295602576,4.26243567753007,0.9153074966332402,46963.6,46847.0,47221.0908,0.002482773892972399,SL,2022-04-03 22:00:00+00:00,-0.003982773892972356,-1.991386946486178
H1,20115,2022-04-18 05:00:00+00:00,2022-W16,SHORT,149.0,4.9966639365832926,6.191946308724822,0.8069617673432818,38798.4,38947.4,38533.0048,0.0038403645511155098,SL,2022-04-18 05:00:00+00:00,-0.005340364551115582,-2.6701822755577913
H1,20532,2022-05-05 14:00:00+00:00,2022-W18,SHORT,105.5,3.6708864944259276,4.283412322274895,0.8570004982561057,38992.7,39098.2,38770.2219,0.0027056346444334456,TP,2022-05-05 14:00:00+00:00,0.004205634644433411,2.1028173222167053
H1,20675,2022-05-11 13:00:00+00:00,2022-W19,SHORT,443.7999999999993,3.877373495603208,4.851960342496627,0.7991354466858782,29294.6,29738.399999999998,28762.9162,0.015149549746369614,SL,2022-05-11 13:00:00+00:00,-0.01664954974636962,-8.32477487318481
H1,20936,2022-05-22 10:00:00+00:00,2022-W20,LONG,185.09999999999854,2.5719804785113087,2.9573203673690207,0.8696996466431097,30132.5,29947.4,30407.997499999998,0.006142868995270839,SL,2022-05-22 11:00:00+00:00,-0.007642868995270833,-3.821434497635417
H1,21031,2022-05-26 09:00:00+00:00,2022-W21,SHORT,176.0,2.6305451684750425,3.2329545454545454,0.8136659923578339,28991.0,29167.0,28728.027,0.006070849574005726,SL,2022-05-26 09:00:00+00:00,-0.007570849574005832,-3.785424787002916
H1,21311,2022-06-07 01:00:00+00:00,2022-W23,SHORT,113.79999999999927,9.128728967164777,9.7917398945519,0.9322887520984886,30192.8,30306.6,29988.4216,0.0037691105164144854,TP,2022-06-07 01:00:00+00:00,0.00526911051641449,2.6345552582072447
H1,21581,2022-06-18 07:00:00+00:00,2022-W24,SHORT,151.5,4.5929818606497586,6.344554455445549,0.7239250435793153,19419.3,19570.8,19209.5421,0.00780151704747339,SL,2022-06-18 07:00:00+00:00,-0.00930151704747345,-4.650758523736725
H1,21869,2022-06-30 07:00:00+00:00,2022-W26,SHORT,107.40000000000146,4.196859575852849,5.055865921787641,0.8300970873786411,19406.1,19513.5,19240.481699999997,0.005534342294433269,TP,2022-06-30 08:00:00+00:00,0.007034342294433284,3.517171147216642
H1,22263,2022-07-16 17:00:00+00:00,2022-W28,LONG,146.5,3.1439096772412287,3.442320819112623,0.9133110603129896,21454.3,21307.8,21665.1629,0.006828467952811325,SL,2022-07-16 17:00:00+00:00,-0.008328467952811334,-4.164233976405667
H1,22300,2022-07-18 06:00:00+00:00,2022-W29,LONG,160.79999999999927,3.166504306334436,3.310945273631865,0.9563747040919864,21852.0,21691.2,22078.356,0.007358594179022482,TP,2022-07-18 06:00:00+00:00,0.008858594179022518,4.429297089511259
H1,22537,2022-07-28 03:00:00+00:00,2022-W30,LONG,79.29999999999927,3.9537128582320054,6.083228247162747,0.649936628643852,23276.6,23197.3,23425.729799999997,0.0034068549530429392,SL,2022-07-28 03:00:00+00:00,-0.004906854953042937,-2.4534274765214685
H1,22687,2022-08-03 09:00:00+00:00,2022-W31,LONG,91.79999999999927,2.6104010040977137,2.6437908496732314,0.9873704663212506,23284.5,23192.7,23446.1535,0.0039425368807575545,TP,2022-08-03 11:00:00+00:00,0.005442536880757633,2.7212684403788163
H1,22859,2022-08-10 13:00:00+00:00,2022-W32,LONG,149.5,4.283247385195881,5.208695652173918,0.8223262926502934,23968.6,23819.1,24190.0058,0.006237327169713709,SL,2022-08-10 17:00:00+00:00,-0.007737327169713702,-3.868663584856851
H1,23069,2022-08-19 07:00:00+00:00,2022-W33,SHORT,62.400000000001455,7.857033298818224,13.823717948717603,0.5683733802994081,21898.9,21961.300000000003,21770.8033,0.0028494581919640462,SL,2022-08-19 07:00:00+00:00,-0.004349458191964027,-2.1747290959820136
H1,23570,2022-09-09 04:00:00+00:00,2022-W36,LONG,121.40000000000146,3.8088960706410364,4.05683690280061,0.9388832141641166,19936.0,19814.6,20117.208000000002,0.006089486356340362,TP,2022-09-09 04:00:00+00:00,0.0075894863563404375,3.7947431781702186
H1,23675,2022-09-13 13:00:00+00:00,2022-W37,SHORT,262.0,2.980583206106868,3.9954198473282414,0.746,21397.3,21659.3,21071.108099999998,0.012244535525510228,TP,2022-09-13 14:00:00+00:00,0.013744535525510306,6.872267762755153
H1,23809,2022-09-19 03:00:00+00:00,2022-W38,SHORT,104.60000000000218,5.0638100575496265,6.021988527724519,0.8408866995073883,18755.0,18859.600000000002,18594.135,0.0055771794188217635,SL,2022-09-19 04:00:00+00:00,-0.007077179418821742,-3.5385897094108714
H1,24251,2022-10-07 13:00:00+00:00,2022-W40,SHORT,55.79999999999927,3.842419074089742,6.172043010752795,0.6225522193211496,19608.8,19664.6,19494.1736,0.002845661131736734,SL,2022-10-07 13:00:00+00:00,-0.004345661131736676,-2.1728305658683382
H1,24393,2022-10-13 11:00:00+00:00,2022-W41,SHORT,52.79999999999927,3.747427261194882,5.484848484848533,0.6832325945824862,18682.4,18735.2,18573.5528,0.0028261893546867247,SL,2022-10-13 11:00:00+00:00,-0.004326189354686814,-2.163094677343407
H1,24640,2022-10-23 18:00:00+00:00,2022-W42,LONG,36.70000000000073,6.67719696895167,7.4032697547682655,0.90192539109507,19468.7,19432.0,19563.8061,0.0018850770724291158,SL,2022-10-23 18:00:00+00:00,-0.003385077072429131,-1.6925385362145655
H1,24750,2022-10-28 08:00:00+00:00,2022-W43,SHORT,55.0,2.7254956689123215,3.17999999999996,0.8570741097208665,20069.9,20124.9,19954.690300000002,0.0027404222243259807,SL,2022-10-28 08:00:00+00:00,-0.004240422224325911,-2.1202111121629557
H1,25133,2022-11-13 07:00:00+00:00,2022-W45,SHORT,35.60000000000218,4.132238665083041,4.334269662921062,0.9533875338753467,16675.1,16710.7,16589.474699999995,0.002134919730616439,SL,2022-11-13 07:00:00+00:00,-0.0036349197306164136,-1.8174598653082068
H1,25157,2022-11-14 07:00:00+00:00,2022-W46,LONG,192.10000000000036,2.8004351077446388,3.2821447162935815,0.8532332818362374,16627.9,16435.800000000003,16869.8837,0.011552871980226026,SL,2022-11-14 07:00:00+00:00,-0.01305287198022592,-6.52643599011296
H1,25369,2022-11-23 03:00:00+00:00,2022-W47,LONG,73.5,3.2048770713284163,3.7401360544217885,0.8568878310026823,16503.9,16430.4,16626.9117,0.004453492810790176,TP,2022-11-23 07:00:00+00:00,0.005953492810790108,2.976746405395054
H1,25486,2022-11-28 00:00:00+00:00,2022-W48,SHORT,38.29999999999927,2.79744513734558,3.318537859007953,0.8429752066115802,16422.5,16460.8,16334.9325,0.0023321662353478017,SL,2022-11-28 00:00:00+00:00,-0.00383216623534771,-1.916083117673855
H1,25745,2022-12-08 19:00:00+00:00,2022-W49,LONG,41.900000000001455,5.587546105445672,6.51551312649142,0.8575757575757575,17239.9,17198.0,17333.519700000004,0.0024304085290518767,SL,2022-12-08 19:00:00+00:00,-0.0039304085290518525,-1.9652042645259262
H1,25856,2022-12-13 10:00:00+00:00,2022-W50,LONG,31.299999999999272,6.203330127087946,8.070287539936244,0.7686628383921191,17430.7,17399.4,17514.2921,0.0017956823306005652,SL,2022-12-13 10:00:00+00:00,-0.0032956823306005676,-1.6478411653002838
H1,26182,2022-12-27 00:00:00+00:00,2022-W52,LONG,15.900000000001455,2.911562192613608,4.528301886792039,0.6429699842022306,16912.8,16896.899999999998,16979.4384,0.0009401163615723864,SL,2022-12-27 00:00:00+00:00,-0.0024401163615724295,-1.2200581807862148
H1,26494,2023-01-09 00:00:00+00:00,2023-W02,LONG,23.700000000000728,4.892428577609432,6.535864978902814,0.7485510477039768,17124.6,17100.899999999998,17199.6738,0.0013839739322378758,SL,2023-01-09 00:00:00+00:00,-0.002883973932237881,-1.4419869661189404
H1,26779,2023-01-20 21:00:00+00:00,2023-W03,LONG,182.09999999999854,3.5566780186834936,4.130697419000586,0.8610357181630662,22287.2,22105.100000000002,22536.1616,0.008170609138877856,TP,2023-01-20 22:00:00+00:00,0.009670609138877908,4.835304569438954
H1,27071,2023-02-02 01:00:00+00:00,2023-W05,LONG,111.70000000000073,2.8662535486440497,3.6230975828110843,0.7911058101891323,24194.4,24082.7,24378.683200000003,0.004616770823000394,SL,2023-02-02 01:00:00+00:00,-0.006116770823000382,-3.058385411500191
H1,27577,2023-02-23 03:00:00+00:00,2023-W08,LONG,80.89999999999782,3.105478306807778,3.9715698393078855,0.7819271553711268,24520.0,24439.100000000002,24674.46,0.003299347471451787,SL,2023-02-23 03:00:00+00:00,-0.004799347471451774,-2.3996737357258873
H1,27684,2023-02-27 14:00:00+00:00,2023-W09,LONG,60.900000000001455,3.247482926142259,4.36945812807869,0.7432232626909785,23696.2,23635.3,23828.1886,0.0025700323258582157,TP,2023-02-27 14:00:00+00:00,0.004070032325858288,2.0350161629291437
H1,28000,2023-03-12 18:00:00+00:00,2023-W10,LONG,80.40000000000146,3.4393091634915245,4.501243781094419,0.7640797367911722,20774.9,20694.5,20917.624700000004,0.003870054729505386,SL,2023-03-12 18:00:00+00:00,-0.005370054729505412,-2.685027364752706
H1,28104,2023-03-17 02:00:00+00:00,2023-W11,LONG,115.20000000000073,5.14533371293317,5.76302083333331,0.8928188638799572,25654.5,25539.3,25846.663500000002,0.004490440273636233,SL,2023-03-17 02:00:00+00:00,-0.005990440273636209,-2.9952201368181046
H1,28417,2023-03-30 03:00:00+00:00,2023-W13,LONG,136.09999999999854,3.0698100943876443,4.268185157972136,0.7192307692307676,28952.1,28816.0,29175.056299999997,0.004700867985396519,SL,2023-03-30 03:00:00+00:00,-0.006200867985396484,-3.100433992698242
H1,28676,2023-04-09 22:00:00+00:00,2023-W14,LONG,72.80000000000291,3.14275523213949,3.7541208791207192,0.8371481189160799,28423.2,28350.399999999998,28581.269600000003,0.0025612879619466814,SL,2023-04-09 22:00:00+00:00,-0.004061287961946656,-2.0306439809733283
H1,28847,2023-04-17 01:00:00+00:00,2023-W16,SHORT,102.59999999999854,3.227863890849697,3.8732943469786267,0.8333639537019955,29833.0,29935.6,29640.901,0.003439144571447677,SL,2023-04-17 01:00:00+00:00,-0.004939144571447672,-2.469572285723836
H1,29071,2023-04-26 09:00:00+00:00,2023-W17,LONG,94.09999999999854,2.6513787124559864,3.2879914984060172,0.8063824720171406,28703.5,28609.4,28883.710499999997,0.0032783458463253104,TP,2023-04-26 09:00:00+00:00,0.004778345846325362,2.389172923162681
H1,29184,2023-05-01 02:00:00+00:00,2023-W18,SHORT,127.29999999999927,4.684037354843445,5.576590730557781,0.839946408327322,28488.2,28615.5,28275.435400000002,0.004468516789407518,SL,2023-05-01 02:00:00+00:00,-0.005968516789407628,-2.984258394703814
H1,29368,2023-05-08 18:00:00+00:00,2023-W19,SHORT,99.59999999999854,2.6597038233189907,2.9668674698795616,0.8964686998394842,27525.0,27624.6,27342.825,0.0036185286103541706,TP,2023-05-08 18:00:00+00:00,0.005118528610354169,2.5592643051770843
H1,29608,2023-05-18 18:00:00+00:00,2023-W20,SHORT,138.70000000000073,2.759309543466625,3.5046863734678877,0.7873199623098622,26475.1,26613.8,26256.9747,0.00523888483896192,SL,2023-05-18 18:00:00+00:00,-0.006738884838961954,-3.3694424194809773
H1,29738,2023-05-24 04:00:00+00:00,2023-W21,SHORT,68.19999999999709,3.5825538649678226,4.793255131965036,0.7474156426760292,26770.0,26838.199999999997,26621.49,0.0025476279417257037,TP,2023-05-24 06:00:00+00:00,0.004047627941725808,2.023813970862904
H1,29907,2023-05-31 05:00:00+00:00,2023-W22,SHORT,102.40000000000146,2.974346597268801,3.296874999999939,0.9021714797403164,27243.4,27345.800000000003,27059.2698,0.0037587085312406473,TP,2023-05-31 05:00:00+00:00,0.005258708531240721,2.62935426562036
H1,30038,2023-06-05 16:00:00+00:00,2023-W23,SHORT,121.90000000000146,5.506179149133337,5.710418375717722,0.9642339294345111,25991.9,26113.800000000003,25792.0243,0.004689922629742399,TP,2023-06-05 16:00:00+00:00,0.00618992262974233,3.0949613148711648
H1,30259,2023-06-14 21:00:00+00:00,2023-W24,SHORT,150.3000000000029,5.2329130420507255,5.988023952095692,0.8738964780224882,24920.1,25070.4,24695.039699999994,0.006031275957961763,SL,2023-06-14 21:00:00+00:00,-0.007531275957961712,-3.7656379789808563
H1,30561,2023-06-27 11:00:00+00:00,2023-W26,LONG,74.59999999999854,2.867148457432639,3.3954423592493863,0.8444108761329305,30650.1,30575.5,30816.650299999998,0.002433923543479419,SL,2023-06-27 11:00:00+00:00,-0.003933923543479377,-1.9669617717396883
H1,30893,2023-07-11 07:00:00+00:00,2023-W28,LONG,45.79999999999927,2.7787136009269964,3.4847161572052636,0.7974002689376916,30621.9,30576.100000000002,30759.5657,0.0014956616016641446,SL,2023-07-11 07:00:00+00:00,-0.0029956616016641444,-1.4978308008320722
H1,31208,2023-07-24 10:00:00+00:00,2023-W30,SHORT,84.20000000000073,4.6455290889843015,6.82541567695957,0.6806221494562051,29162.0,29246.2,28990.314,0.002887319113915394,SL,2023-07-24 10:00:00+00:00,-0.004387319113915376,-2.193659556957688
H1,31409,2023-08-01 19:00:00+00:00,2023-W31,LONG,59.70000000000073,4.677637551625745,4.787269681741973,0.9770992366412213,29261.4,29201.7,29408.8842,0.002040230474276717,SL,2023-08-01 19:00:00+00:00,-0.0035402304742767053,-1.7701152371383526
H1,32077,2023-08-29 15:00:00+00:00,2023-W35,LONG,100.40000000000146,12.125065345101445,13.842629482071505,0.875922118756802,27484.8,27384.399999999998,27667.6544,0.0036529281639306617,SL,2023-08-29 15:00:00+00:00,-0.005152928163930702,-2.576464081965351
H1,32402,2023-09-12 04:00:00+00:00,2023-W37,LONG,88.79999999999927,5.021011473451194,6.524774774774845,0.7695302361796018,25788.2,25699.4,25954.3646,0.0034434353696651673,TP,2023-09-12 04:00:00+00:00,0.004943435369665185,2.4717176848325924
H1,32560,2023-09-18 18:00:00+00:00,2023-W38,SHORT,119.70000000000073,2.7747074616280516,3.586466165413506,0.7736605710619155,26747.8,26867.5,26547.8566,0.004475134403577144,SL,2023-09-18 19:00:00+00:00,-0.005975134403577163,-2.9875672017885817
H1,32710,2023-09-25 00:00:00+00:00,2023-W39,SHORT,46.400000000001455,3.009845786404563,4.864224137930819,0.6187720181177577,26232.4,26278.800000000003,26107.3028,0.0017688049892499906,TP,2023-09-25 00:00:00+00:00,0.0032688049892499195,1.6344024946249598
H1,33097,2023-10-11 03:00:00+00:00,2023-W41,SHORT,62.19999999999709,3.6640920907786687,4.749196141479345,0.7715183752417787,27109.9,27172.1,26966.370300000006,0.002294364789246625,TP,2023-10-11 04:00:00+00:00,0.0037943647892466083,1.8971823946233042
H1,33220,2023-10-16 06:00:00+00:00,2023-W42,LONG,87.20000000000073,5.223508781323602,7.336009174311874,0.7120368387234975,27903.4,27816.2,28074.310200000004,0.003125067196112328,SL,2023-10-16 06:00:00+00:00,-0.004625067196112274,-2.3125335980561372
H1,33405,2023-10-23 23:00:00+00:00,2023-W43,LONG,240.70000000000073,2.810239601136114,7.114665558786865,0.3949925091932632,33358.8,33118.100000000006,33699.5764,0.007215487367651136,SL,2023-10-23 23:00:00+00:00,-0.008715487367650985,-4.357743683825492
H1,33619,2023-11-01 21:00:00+00:00,2023-W44,LONG,232.5,2.8776753750866795,3.282580645161278,0.8766503206337205,35494.5,35262.0,35833.4835,0.00655031061150319,SL,2023-11-01 21:00:00+00:00,-0.00805031061150324,-4.02515530575162
H1,33953,2023-11-15 19:00:00+00:00,2023-W46,LONG,257.1999999999971,2.7807678307595247,3.501944012441736,0.7940640458214037,37413.8,37156.600000000006,37783.2414,0.006874468778899686,TP,2023-11-15 19:00:00+00:00,0.008374468778899637,4.187234389449818
H1,34788,2023-12-20 14:00:00+00:00,2023-W51,LONG,255.90000000000146,2.953933988313196,3.051191871824926,0.9681246255242678,43816.8,43560.9,44204.150400000006,0.005840225666867536,TP,2023-12-20 14:00:00+00:00,0.0073402256668675964,3.670112833433798
H1,34924,2023-12-26 06:00:00+00:00,2023-W52,SHORT,112.70000000000437,4.398654556702588,5.359361135758443,0.8207423320205313,42793.0,42905.700000000004,42551.920999999995,0.0026336083004230683,TP,2023-12-26 09:00:00+00:00,0.004133608300423032,2.066804150211516
H1,35122,2024-01-03 12:00:00+00:00,2024-W01,SHORT,359.90000000000146,3.1402389037775076,3.7013059183106227,0.8484137688383235,43728.9,44088.8,43237.8133,0.008230255048720674,TP,2024-01-03 12:00:00+00:00,0.009730255048720661,4.8651275243603305
H1,35313,2024-01-11 11:00:00+00:00,2024-W02,LONG,149.90000000000146,3.3616380351900643,3.444963308872558,0.9758124350793844,46870.4,46720.5,47160.9112,0.0031981805147812147,SL,2024-01-11 11:00:00+00:00,-0.004698180514781268,-2.349090257390634
H1,35715,2024-01-28 05:00:00+00:00,2024-W04,LONG,162.40000000000146,2.6428458333625837,2.9624384236452848,0.8921184022824542,42710.5,42548.1,43001.031500000005,0.003802343685978892,SL,2024-01-28 05:00:00+00:00,-0.00530234368597887,-2.6511718429894353
H1,35883,2024-02-04 05:00:00+00:00,2024-W05,SHORT,29.700000000004366,2.6762907439435906,3.340067340066751,0.80126849894293,42902.0,42931.700000000004,42743.594,0.0006922754183955145,SL,2024-02-04 05:00:00+00:00,-0.0021922754183955604,-1.0961377091977802
H1,36050,2024-02-11 04:00:00+00:00,2024-W06,LONG,151.90000000000146,4.577106618644322,4.905859117840619,0.9329877823028474,48517.6,48365.7,48815.0528,0.0031308226293139283,SL,2024-02-11 04:00:00+00:00,-0.004630822629313967,-2.3154113146569837
H1,36085,2024-02-12 15:00:00+00:00,2024-W07,LONG,162.09999999999854,4.522417411138044,4.688463911165989,0.9645840294019347,48813.9,48651.8,49122.4417,0.003320775434865859,TP,2024-02-12 15:00:00+00:00,0.004820775434865978,2.4103877174329886
H1,36432,2024-02-27 02:00:00+00:00,2024-W09,LONG,197.40000000000146,5.535696820500244,5.90172239108405,0.9379798732761856,55857.3,55659.9,56222.27190000001,0.003534005403053879,TP,2024-02-27 02:00:00+00:00,0.005034005403053822,2.517002701526911
H1,36841,2024-03-15 03:00:00+00:00,2024-W11,SHORT,464.70000000001164,3.6908300449554363,5.606843124596374,0.6582723937404852,69062.5,69527.20000000001,68390.61249999999,0.006728687782805599,TP,2024-03-15 03:00:00+00:00,0.008228687782805557,4.114343891402778
H1,37252,2024-04-01 06:00:00+00:00,2024-W14,SHORT,242.59999999999127,4.293459617155401,5.244847485573184,0.8186052366565983,69212.2,69454.79999999999,68761.96340000001,0.003505162384666161,SL,2024-04-01 06:00:00+00:00,-0.005005162384666249,-2.5025811923331247
H1,37422,2024-04-08 08:00:00+00:00,2024-W15,LONG,194.60000000000582,3.9027144411047043,4.611510791366738,0.8462984513472288,70745.4,70550.79999999999,71152.2362,0.002750708880012069,TP,2024-04-08 08:00:00+00:00,0.004250708880012168,2.1253544400060838
H1,37951,2024-04-30 09:00:00+00:00,2024-W18,SHORT,324.59999999999854,3.186823708888815,3.711337030191012,0.8586726785965861,61905.0,62229.6,61394.685000000005,0.0052435182941603835,TP,2024-04-30 10:00:00+00:00,0.006743518294160368,3.371759147080184
H1,38097,2024-05-06 11:00:00+00:00,2024-W19,SHORT,258.09999999999854,3.3132172075030786,4.230918248740822,0.783096484667161,63981.9,64240.0,63531.854300000006,0.004033953352432462,SL,2024-05-06 11:00:00+00:00,-0.005533953352432506,-2.7669766762162533
H1,38446,2024-05-21 00:00:00+00:00,2024-W21,LONG,450.6999999999971,3.012195272317276,3.3574439760372905,0.8971691840030334,71466.5,71015.8,72131.5995,0.006306451274373267,TP,2024-05-21 00:00:00+00:00,0.00780645127437324,3.90322563718662
H1,38915,2024-06-09 13:00:00+00:00,2024-W23,LONG,79.10000000000582,3.103238803038704,3.8268015170666856,0.8109223300970662,69734.8,69655.7,70023.10440000001,0.0011342973665946674,SL,2024-06-09 13:00:00+00:00,-0.00263429736659465,-1.317148683297325
H1,38952,2024-06-11 02:00:00+00:00,2024-W24,SHORT,150.0,3.099215159598992,4.724000000000038,0.6560574004231513,68741.4,68891.4,68385.1758,0.0021820911415828016,SL,2024-06-11 02:00:00+00:00,-0.0036820911415828537,-1.8410455707914268
H1,39259,2024-06-23 21:00:00+00:00,2024-W25,SHORT,96.40000000000146,2.7194722415440493,3.584024896265506,0.7587760465552831,63724.5,63820.9,63436.9265,0.0015127619675321337,SL,2024-06-23 21:00:00+00:00,-0.003012761967532139,-1.5063809837660695
H1,39429,2024-06-30 23:00:00+00:00,2024-W26,LONG,185.29999999999563,4.459224003345667,4.771721532649893,0.9345105268264289,62894.9,62709.600000000006,63268.884699999995,0.0029461848257966165,SL,2024-07-01 00:00:00+00:00,-0.004446184825796671,-2.223092412898336
H1,39498,2024-07-03 20:00:00+00:00,2024-W27,SHORT,213.1999999999971,2.6009628844929313,2.6702626641651532,0.9740475794376999,59661.2,59874.399999999994,59269.0164,0.00357351176308886,SL,2024-07-03 21:00:00+00:00,-0.005073511763088843,-2.5367558815444218
H1,39607,2024-07-08 09:00:00+00:00,2024-W28,LONG,341.09999999999854,5.069471159090595,5.6481970096746235,0.8975379489078114,57767.9,57426.8,58282.3037,0.005904663316478503,SL,2024-07-08 09:00:00+00:00,-0.007404663316478542,-3.702331658239271
H1,40238,2024-08-03 16:00:00+00:00,2024-W31,SHORT,276.90000000000146,3.1794011975637657,3.648970747562283,0.8713145205912609,60857.8,61134.700000000004,60398.3266,0.004549950869075147,SL,2024-08-03 16:00:00+00:00,-0.00604995086907517,-3.024975434537585
H1,40364,2024-08-08 22:00:00+00:00,2024-W32,LONG,383.5,3.483352543765811,3.9053455019556638,0.8919447823557396,61154.8,60771.3,61721.7644,0.006270971371012578,SL,2024-08-08 22:00:00+00:00,-0.007770971371012623,-3.885485685506312
H1,40452,2024-08-12 14:00:00+00:00,2024-W33,SHORT,410.0,2.6984718750000134,3.308048780487812,0.815729166666669,58133.7,58543.7,57549.298899999994,0.007052707809755788,SL,2024-08-12 14:00:00+00:00,-0.008552707809755753,-4.276353904877877
H1,40606,2024-08-19 00:00:00+00:00,2024-W34,SHORT,246.0,3.3687668716998704,3.7398373983739837,0.900778967867574,58390.1,58636.1,57968.9297,0.004213042964475142,SL,2024-08-19 00:00:00+00:00,-0.005713042964475111,-2.8565214822375555
H1,40820,2024-08-27 22:00:00+00:00,2024-W35,SHORT,259.8000000000029,3.432915279621891,5.525789068514174,0.6212534059945515,60379.6,60639.4,59938.661199999995,0.004302777759375731,TP,2024-08-27 22:00:00+00:00,0.005802777759375712,2.9013888796878557
H1,41954,2024-10-14 04:00:00+00:00,2024-W42,LONG,165.29999999999563,9.563325664538702,10.126436781609472,0.9443919782234328,64280.8,64115.50000000001,64638.9424,0.0025715299125087993,SL,2024-10-14 04:00:00+00:00,-0.004071529912508752,-2.035764956254376
H1,42603,2024-11-10 05:00:00+00:00,2024-W45,LONG,458.3999999999942,3.093890697023798,4.000218150087305,0.7734304932735415,79273.7,78815.3,79969.92109999999,0.005782497852377197,SL,2024-11-10 06:00:00+00:00,-0.007282497852377166,-3.641248926188583
H1,42797,2024-11-18 07:00:00+00:00,2024-W47,LONG,381.6000000000058,3.4169660225047553,3.47903563941296,0.9821589591652823,92212.5,91830.9,92870.7375,0.004138267588450653,SL,2024-11-18 07:00:00+00:00,-0.0056382675884507055,-2.819133794225353
H1,43164,2024-12-03 14:00:00+00:00,2024-W49,SHORT,313.8000000000029,2.7683474173570133,3.064372211599689,0.903397898883784,93775.0,94088.8,93179.875,0.0033463076512930197,SL,2024-12-03 14:00:00+00:00,-0.004846307651292956,-2.4231538256464784
H1,43588,2024-12-21 06:00:00+00:00,2024-W51,LONG,250.0,4.073301413793147,4.256400000000023,0.9569827586206947,98644.0,98394.0,99189.932,0.0025343660030006892,SL,2024-12-21 06:00:00+00:00,-0.0040343660030007205,-2.0171830015003605
H1,43668,2024-12-24 14:00:00+00:00,2024-W52,LONG,344.3999999999942,4.77161788928426,4.892276422764335,0.975336934577401,96069.1,95724.70000000001,96701.7073,0.003584919604742775,TP,2024-12-24 14:00:00+00:00,0.005084919604742723,2.5424598023713614
H1,43816,2024-12-30 18:00:00+00:00,2025-W01,LONG,437.3999999999942,2.7891687556743054,3.667809785093791,0.7604453118069705,93800.0,93362.6,94518.79999999999,0.0046631130063965265,TP,2024-12-30 18:00:00+00:00,0.0061631130063964385,3.081556503198219
H1,44309,2025-01-20 07:00:00+00:00,2025-W04,LONG,732.3999999999942,4.330956663005735,6.460950300382356,0.6703281191854132,107551.3,106818.90000000001,108606.3539,0.006809773568520271,TP,2025-01-20 07:00:00+00:00,0.008309773568520308,4.154886784260154
H1,44470,2025-01-27 00:00:00+00:00,2025-W05,SHORT,424.3000000000029,3.7186116574139216,3.9568701390525165,0.939786125582669,102560.0,102984.3,101828.02,0.004137090483619373,SL,2025-01-27 00:00:00+00:00,-0.005637090483619321,-2.8185452418096606
H1,45240,2025-02-28 02:00:00+00:00,2025-W09,SHORT,658.6000000000058,3.0602057910110823,3.9374430610385276,0.7772063604658024,81606.0,82264.6,80702.582,0.008070485013356932,SL,2025-02-28 02:00:00+00:00,-0.009570485013356831,-4.785242506678416
H1,45325,2025-03-03 15:00:00+00:00,2025-W10,SHORT,824.1000000000058,4.126956512795955,4.3616066011406005,0.9462009966044891,89239.9,90064.0,88148.08029999999,0.009234658487963409,SL,2025-03-03 15:00:00+00:00,-0.010734658487963454,-5.367329243981727
H1,45634,2025-03-16 12:00:00+00:00,2025-W11,SHORT,416.8000000000029,2.8158495758354913,2.9560940499040242,0.9525575060532712,82367.9,82784.7,81703.99629999998,0.00506022370365158,SL,2025-03-16 12:00:00+00:00,-0.006560223703651667,-3.2801118518258336
H1,46067,2025-04-03 13:00:00+00:00,2025-W14,SHORT,313.40000000000873,3.1256048601866295,3.497447351627188,0.8936817472698885,81912.3,82225.70000000001,81353.16309999999,0.0038260432193945077,SL,2025-04-03 13:00:00+00:00,-0.005326043219394614,-2.6630216096973074
H1,46216,2025-04-09 18:00:00+00:00,2025-W15,LONG,1227.8999999999942,2.622274796845175,3.1191465103021567,0.8407026692026568,82161.9,80934.0,83636.2857,0.01494488321229176,TIME,2025-04-09 23:00:00+00:00,0.0036861020740757713,1.8430510370378856
H1,46821,2025-05-04 23:00:00+00:00,2025-W18,SHORT,129.89999999999418,3.1762692820162655,4.689761354888676,0.6772773797338911,94961.0,95090.9,94546.217,0.0013679299923125723,TP,2025-05-04 23:00:00+00:00,0.0028679299923126136,1.4339649961563068
H1,46869,2025-05-06 23:00:00+00:00,2025-W19,LONG,350.1000000000058,4.0134829273840555,4.159097400742551,0.9649889244400724,96206.3,95856.2,96845.01890000001,0.0036390548228131194,TP,2025-05-06 23:00:00+00:00,0.00513905482281324,2.5695274114066198
H1,47148,2025-05-18 14:00:00+00:00,2025-W20,LONG,247.1999999999971,2.7902293257044346,3.237459546925616,0.8618576650182752,104708.1,104460.90000000001,105269.4243,0.0023608488741558398,TP,2025-05-18 14:00:00+00:00,0.003860848874155888,1.930424437077944
H1,47266,2025-05-23 12:00:00+00:00,2025-W21,SHORT,521.8999999999942,2.9358388391709362,3.333780417704595,0.8806335365039869,109033.2,109555.09999999999,108184.2004,0.0047866154529078685,TP,2025-05-23 12:00:00+00:00,0.0062866154529079305,3.143307726453965
H1,47684,2025-06-09 22:00:00+00:00,2025-W24,LONG,299.6999999999971,2.6925529477106815,4.181181181181241,0.6439694505058492,109935.9,109636.2,110565.4077,0.0027261340472038444,SL,2025-06-10 01:00:00+00:00,-0.004226134047203898,-2.1130670236019493
H1,47934,2025-06-20 08:00:00+00:00,2025-W25,LONG,184.5,5.172401956629447,5.583197831978351,0.9264228337036476,105763.6,105579.1,106265.39080000001,0.001744456504884478,TP,2025-06-20 08:00:00+00:00,0.00324445650488442,1.62222825244221
H1,48402,2025-07-09 20:00:00+00:00,2025-W28,LONG,452.6000000000058,4.155220918016315,4.820592134334898,0.8619731357109752,111718.8,111266.2,112506.55640000002,0.004051242942101113,SL,2025-07-09 20:00:00+00:00,-0.005551242942101129,-2.775621471050565
H1,48905,2025-07-30 19:00:00+00:00,2025-W31,SHORT,317.29999999998836,2.8806756732765133,3.5159155373465074,0.8193244811138395,116476.9,116794.19999999998,115810.16930000001,0.0027241453026307224,SL,2025-07-30 19:00:00+00:00,-0.0042241453026307645,-2.1120726513153825
H1,49089,2025-08-07 11:00:00+00:00,2025-W32,LONG,245.8000000000029,4.626340724194998,5.088283157038171,0.9092144798969749,116291.5,116045.7,116886.17450000001,0.0021136540503820392,SL,2025-08-07 12:00:00+00:00,-0.0036136540503819967,-1.8068270251909984
H1,49259,2025-08-14 13:00:00+00:00,2025-W33,SHORT,392.09999999999127,2.6570418555752418,4.680948737567074,0.5676289155339567,118822.2,119214.29999999999,118073.6334,0.003299888404691979,SL,2025-08-14 13:00:00+00:00,-0.004799888404691975,-2.3999442023459876
H1,49453,2025-08-22 15:00:00+00:00,2025-W34,LONG,743.6000000000058,3.7593860294477848,4.186256051640626,0.8980305989583347,115744.5,115000.9,116835.33350000001,0.006424495332391654,TP,2025-08-22 15:00:00+00:00,0.007924495332391647,3.9622476661958235
H1,49530,2025-08-25 20:00:00+00:00,2025-W35,SHORT,385.5,3.815873599126144,4.005447470817136,0.9526709879302655,110650.4,111035.9,109932.9488,0.0034839458330019595,SL,2025-08-25 20:00:00+00:00,-0.004983945833002044,-2.4919729165010223
H1,49773,2025-09-04 23:00:00+00:00,2025-W36,LONG,234.39999999999418,3.6286319096511157,4.07380546075093,0.8907229234707357,111454.9,111220.5,112023.6647,0.0021030928205040262,SL,2025-09-04 23:00:00+00:00,-0.0036030928205040267,-1.8015464102520133
H1,49907,2025-09-10 13:00:00+00:00,2025-W37,LONG,272.8000000000029,3.281763765074637,3.6975806451612403,0.8875435264324112,113388.0,113115.2,114000.964,0.0024058983313931183,TP,2025-09-10 13:00:00+00:00,0.003905898331393155,1.9529491656965776
H1,50349,2025-09-28 23:00:00+00:00,2025-W39,LONG,267.1000000000058,3.58785963254762,3.915013103706381,0.9164361746710269,111881.4,111614.29999999999,112484.1442,0.0023873494611258515,SL,2025-09-29 02:00:00+00:00,-0.003887349461125843,-1.9436747305629214
H1,50407,2025-10-01 09:00:00+00:00,2025-W40,LONG,354.20000000001164,3.1208290635505085,4.295313382269747,0.7265660932756872,116060.4,115706.19999999998,116762.78120000001,0.003051859204345424,TP,2025-10-01 12:00:00+00:00,0.004551859204345478,2.275929602172739
H1,50893,2025-10-21 15:00:00+00:00,2025-W43,LONG,1175.800000000003,2.6461677060127657,2.785082497023294,0.9501218397806884,112127.6,110951.8,113639.78280000002,0.010486267431033954,TP,2025-10-21 16:00:00+00:00,0.011986267431034094,5.993133715517047
H1,51060,2025-10-28 14:00:00+00:00,2025-W44,LONG,386.8000000000029,2.5910189837054043,2.5912616339192884,0.9999063582732411,115470.0,115083.2,116203.21,0.0033497878236771706,SL,2025-10-28 14:00:00+00:00,-0.004849787823677119,-2.4248939118385597
H1,51220,2025-11-04 06:00:00+00:00,2025-W45,SHORT,588.6000000000058,4.18495572496116,4.238702004756999,0.9873201089070378,104164.3,104752.90000000001,103263.2071,0.005650688383640132,SL,2025-11-04 06:00:00+00:00,-0.007150688383640023,-3.5753441918200117
H1,51540,2025-11-17 14:00:00+00:00,2025-W47,SHORT,320.3000000000029,3.06347065912215,4.088354667499182,0.7493162673668069,93913.6,94233.90000000001,93311.5592,0.003410581640997714,SL,2025-11-17 14:00:00+00:00,-0.004910581640997723,-2.4552908204988615
H1,51863,2025-12-01 01:00:00+00:00,2025-W49,SHORT,913.1999999999971,3.5323915729094413,3.6457512045554243,0.9689063720244162,86970.6,87883.8,85796.4882,0.010500100033804492,TP,2025-12-01 04:00:00+00:00,0.01200010003380453,6.000050016902265
H1,52070,2025-12-09 16:00:00+00:00,2025-W50,LONG,644.0,2.8941542495964745,3.229658385093159,0.8961177637098585,92676.9,92032.9,93598.9307,0.006948872912235952,TP,2025-12-09 16:00:00+00:00,0.008448872912235896,4.224436456117948
H1,52284,2025-12-18 14:00:00+00:00,2025-W51,LONG,328.6999999999971,3.472909396295711,4.281411621539444,0.8111598938125402,88804.0,88475.3,89399.112,0.0037014098464032822,SL,2025-12-18 14:00:00+00:00,-0.005201409846403325,-2.6007049232016626
H1,52386,2025-12-22 20:00:00+00:00,2025-W52,SHORT,386.8000000000029,2.564311429286083,2.820320579110615,0.9092269326683196,88011.0,88397.8,87360.167,0.0043949051823067905,SL,2025-12-22 20:00:00+00:00,-0.005894905182306896,-2.947452591153448
H1,52544,2025-12-29 10:00:00+00:00,2026-W01,SHORT,368.5,2.859389185247211,3.676526458616019,0.7777420392409174,88068.2,88436.7,87435.4954,0.004184257200669481,TP,2025-12-29 12:00:00+00:00,0.005684257200669398,2.8421286003346986
H1,52760,2026-01-07 10:00:00+00:00,2026-W02,SHORT,271.3999999999942,3.240040342289527,3.627855563743651,0.8931006996723071,91672.0,91943.4,91125.584,0.0029605550222531873,SL,2026-01-07 10:00:00+00:00,-0.004460555022253119,-2.23027751112656
H1,52933,2026-01-14 15:00:00+00:00,2026-W03,LONG,369.0,2.7082528697140424,3.347967479674781,0.8089244851258591,96449.0,96080.0,97107.347,0.003825856151955956,TP,2026-01-14 16:00:00+00:00,0.005325856151955856,2.662928075977928
H1,53038,2026-01-19 00:00:00+00:00,2026-W04,SHORT,134.5,12.51149976931519,12.947955390334572,0.9662915411845496,93614.0,93748.5,93198.658,0.00143675091332493,TP,2026-01-19 00:00:00+00:00,0.0029367509133249605,1.4683754566624803
H1,53293,2026-01-29 15:00:00+00:00,2026-W05,SHORT,225.59999999999127,3.893335984607542,4.11746453900729,0.9455663668074273,86978.8,87204.4,86492.2636,0.0025937354849686505,TP,2026-01-29 15:00:00+00:00,0.004093735484968665,2.0468677424843325
H1,53413,2026-02-03 15:00:00+00:00,2026-W06,SHORT,275.8000000000029,3.0924072788445067,3.573241479332812,0.8654347311063663,77164.5,77440.3,76657.2065,0.0035741824284483527,SL,2026-02-03 15:00:00+00:00,-0.005074182428448313,-2.537091214224157
H1,53674,2026-02-14 12:00:00+00:00,2026-W07,LONG,133.3000000000029,5.324587640416462,5.920480120029857,0.8993506493506493,70464.8,70331.5,70809.49440000001,0.0018917246625265794,SL,2026-02-14 12:00:00+00:00,-0.0033917246625266282,-1.695862331263314
H1,53928,2026-02-25 02:00:00+00:00,2026-W09,LONG,412.0,2.9300014760884525,3.816504854368918,0.7677185246428688,65860.4,65448.399999999994,66469.9812,0.00625565590248465,SL,2026-02-25 03:00:00+00:00,-0.007755655902484669,-3.8778279512423346
H1,54358,2026-03-15 00:00:00+00:00,2026-W11,LONG,110.80000000000291,3.308541188053709,3.6254512635377845,0.9125874125874116,71174.4,71063.59999999999,71498.7232,0.0015567395018434005,SL,2026-03-15 00:00:00+00:00,-0.0030567395018434294,-1.5283697509217147
H1,54526,2026-03-22 00:00:00+00:00,2026-W12,SHORT,128.1999999999971,8.205005290623372,10.492979719188982,0.781951886900011,68881.5,69009.7,68546.65550000001,0.0018611673671449821,SL,2026-03-22 00:00:00+00:00,-0.0033611673671449225,-1.6805836835724612
H1,54628,2026-03-26 06:00:00+00:00,2026-W13,SHORT,202.0,2.9729394584454902,3.4222772277227866,0.8687021128395581,69988.6,70190.6,69576.6342,0.0028861843214466353,TP,2026-03-26 09:00:00+00:00,0.0043861843214467195,2.1930921607233596
H1,55032,2026-04-12 02:00:00+00:00,2026-W15,SHORT,260.20000000001164,3.674694874739741,4.68370484242868,0.7845701209545628,71598.7,71858.90000000001,71123.70389999998,0.003634144195355665,SL,2026-04-12 02:00:00+00:00,-0.0051341441953555705,-2.5670720976777854
H1,55077,2026-04-13 23:00:00+00:00,2026-W16,LONG,302.6999999999971,3.7824251489679517,4.197224975223033,0.9011728395061692,74600.0,74297.3,75126.5,0.004057640750670203,SL,2026-04-14 00:00:00+00:00,-0.005557640750670166,-2.778820375335083
H1,55273,2026-04-22 03:00:00+00:00,2026-W17,LONG,301.3999999999942,3.587265282363704,3.9419376244194715,0.9100258867977394,77568.0,77266.6,78102.10399999999,0.003885622937293654,TP,2026-04-22 05:00:00+00:00,0.005385622937293557,2.692811468646778
H1,55396,2026-04-27 06:00:00+00:00,2026-W18,SHORT,298.1000000000058,3.0336335767368476,3.688024152968711,0.8225633702249197,77730.5,78028.6,77199.2085,0.0038350454454815783,TIME,2026-04-27 11:00:00+00:00,-0.0024494342632556663,-1.2247171316278331
H1,55560,2026-05-04 02:00:00+00:00,2026-W19,LONG,302.90000000000873,3.4093012914393555,4.01980851766245,0.848125296630271,79756.0,79453.09999999999,80298.168,0.0037978333918452373,TP,2026-05-04 02:00:00+00:00,0.005297833391845254,2.648916695922627
H1,55836,2026-05-15 14:00:00+00:00,2026-W20,SHORT,316.6999999999971,4.6462273404301015,4.901168298073923,0.9479836353009936,78727.8,79044.5,78174.91660000001,0.004022721325884848,SL,2026-05-15 14:00:00+00:00,-0.00552272132588477,-2.7613606629423852
H1,55941,2026-05-19 23:00:00+00:00,2026-W21,SHORT,73.5,2.7656225995364836,3.4489795918367347,0.8018669075579153,76676.0,76749.5,76372.472,0.0009585789556054046,SL,2026-05-19 23:00:00+00:00,-0.0024585789556054714,-1.2292894778027357
H1,56097,2026-05-26 11:00:00+00:00,2026-W22,LONG,173.1999999999971,2.565514286476592,3.5762124711317504,0.7173830713880077,77398.7,77225.5,77804.0961,0.0022377636833693215,SL,2026-05-26 11:00:00+00:00,-0.003737763683369365,-1.8688818416846824
H1,56564,2026-06-14 22:00:00+00:00,2026-W24,LONG,308.5,3.0631555469644645,3.9364667747163744,0.7781484570475429,65284.4,64975.9,65788.75319999999,0.0047254780621404195,SL,2026-06-14 22:00:00+00:00,-0.006225478062140409,-3.1127390310702046
H1,56796,2026-06-24 14:00:00+00:00,2026-W26,SHORT,395.90000000000146,2.8899227272560446,3.119979792876989,0.9262632834526134,61308.2,61704.1,60728.3754,0.006457537490906624,TP,2026-06-24 15:00:00+00:00,0.00795753749090661,3.9787687454533045
H1,57275,2026-07-14 13:00:00+00:00,2026-W29,LONG,215.3000000000029,4.526565121285343,4.826753367394255,0.9378074197582278,63935.2,63719.899999999994,64342.3056,0.00336747206546633,SL,2026-07-14 13:00:00+00:00,-0.004867472065466281,-2.4337360327331408
H1,57597,2026-07-27 23:00:00+00:00,2026-W31,SHORT,178.3000000000029,5.645556558045423,5.6461020751541255,0.9999033816425135,63755.5,63933.8,63385.9335,0.00279662146795183,TP,2026-07-28 01:00:00+00:00,0.004296621467951791,2.148310733975895
H1,57900,2026-08-09 14:00:00+00:00,2026-W32,LONG,44.19999999999709,5.065390394568808,6.027149321267398,0.8404288867865065,65195.0,65150.8,65434.784999999996,0.0006779661016948706,SL,2026-08-09 14:00:00+00:00,-0.0021779661016949046,-1.0889830508474523
H1,58064,2026-08-16 10:00:00+00:00,2026-W33,SHORT,15.0,3.8854954954954044,4.873333333333236,0.7972972972972945,62957.0,62972.0,62753.129,0.00023825785853836745,SL,2026-08-16 10:00:00+00:00,-0.00173825785853826,-0.86912892926913
H1,58139,2026-08-19 13:00:00+00:00,2026-W34,LONG,92.39999999999418,2.726101515525018,3.761904761905062,0.724659896531909,64857.3,64764.90000000001,65144.2719,0.001424666151689851,SL,2026-08-19 13:00:00+00:00,-0.0029246661516899018,-1.4623330758449509
H4,12,2020-01-03 08:00:00+00:00,2020-W01,LONG,99.36000000000058,1.6749797415908145,2.3673510466988614,0.7075333182742289,7198.02,7098.66,7318.974060000001,0.013803796043912155,TP,2020-01-03 08:00:00+00:00,0.015303796043912245,7.651898021956122
H4,34,2020-01-07 00:00:00+00:00,2020-W02,LONG,51.75,3.0728520501826706,3.8384541062802,0.8005441683294046,7757.74,7705.99,7832.76322,0.006670757205062299,TP,2020-01-07 00:00:00+00:00,0.008170757205062275,4.085378602531137
H4,77,2020-01-14 04:00:00+00:00,2020-W03,LONG,68.02000000000044,4.253596430984954,4.48162305204349,0.9491196340230884,8469.54,8401.52,8562.968620000001,0.008031132741565708,TP,2020-01-14 04:00:00+00:00,0.009531132741565753,4.765566370782876
H4,166,2020-01-29 00:00:00+00:00,2020-W05,LONG,147.27000000000044,2.140306624035694,2.354247300875929,0.9091256569517419,9399.72,9252.449999999999,9575.18916,0.015667487967726747,SL,2020-01-29 08:00:00+00:00,-0.01716748796772677,-8.583743983863384
H4,248,2020-02-11 16:00:00+00:00,2020-W07,LONG,80.78000000000065,4.224556166646253,4.7213419163158745,0.8947786967190738,10204.89,10124.109999999999,10316.284670000001,0.00791581290930139,TP,2020-02-11 16:00:00+00:00,0.009415812909301437,4.707906454650718
H4,298,2020-02-20 00:00:00+00:00,2020-W08,SHORT,186.0,1.7484879326755487,2.7223118279569913,0.6422805479957575,9593.31,9779.31,9378.530069999999,0.019388511368860176,TIME,2020-02-20 20:00:00+00:00,-0.0024047971972135916,-1.2023985986067958
H4,385,2020-03-05 12:00:00+00:00,2020-W10,LONG,80.0,1.7040755145925983,1.9561249999999972,0.871148579253678,9105.73,9025.73,9213.04719,0.008785676711257637,SL,2020-03-06 00:00:00+00:00,-0.010285676711257628,-5.142838355628814
H4,427,2020-03-12 12:00:00+00:00,2020-W11,SHORT,326.2600000000002,2.387512355462687,3.989517562680068,0.5984463830405624,6046.39,6372.650000000001,5701.99083,0.05395947003087796,TP,2020-03-12 20:00:00+00:00,0.05545947003087798,27.72973501543899
H4,450,2020-03-16 08:00:00+00:00,2020-W12,SHORT,186.26000000000022,1.8899008499023973,2.1001288521421646,0.899897569606107,4783.05,4969.31,4582.44085,0.03894167947230328,TP,2020-03-16 08:00:00+00:00,0.040441679472303316,20.220839736151657
H4,520,2020-03-28 00:00:00+00:00,2020-W13,SHORT,95.55000000000018,1.6041681210929108,2.4632129774986837,0.651250271798216,6353.64,6449.1900000000005,6239.02908,0.015038623529189594,TP,2020-03-28 00:00:00+00:00,0.01653862352918961,8.269311764594805
H4,550,2020-04-02 00:00:00+00:00,2020-W14,LONG,85.88000000000011,4.267238423865675,4.839659990684671,0.8817227722772286,6641.22,6555.34,6747.023660000001,0.012931358997292683,SL,2020-04-02 00:00:00+00:00,-0.014431358997292696,-7.215679498646348
H4,614,2020-04-12 16:00:00+00:00,2020-W15,LONG,49.55000000000018,2.6577948492958168,2.8883955600403506,0.9201630434782581,7014.29,6964.74,7084.88287,0.0070641504699691885,TP,2020-04-12 16:00:00+00:00,0.008564150469969225,4.282075234984612
H4,661,2020-04-20 12:00:00+00:00,2020-W17,SHORT,58.43000000000029,2.880980962640046,3.181927092247119,0.905420168067226,6964.2,7022.63,6884.877399999999,0.008390051980126977,SL,2020-04-20 12:00:00+00:00,-0.009890051980126989,-4.9450259900634945
H4,757,2020-05-06 12:00:00+00:00,2020-W19,LONG,89.63999999999942,2.50411805953977,3.028112449799222,0.8269567597153814,9321.83,9232.19,9439.43549,0.009616137603882437,SL,2020-05-06 12:00:00+00:00,-0.011116137603882468,-5.558068801941234
H4,824,2020-05-17 16:00:00+00:00,2020-W20,LONG,102.8700000000008,2.1618375092120328,2.609409934869235,0.8284775344508561,9818.43,9715.56,9950.755290000001,0.010477235158778011,SL,2020-05-17 16:00:00+00:00,-0.011977235158777964,-5.988617579388982
H4,842,2020-05-20 16:00:00+00:00,2020-W21,SHORT,96.97999999999956,1.9294797526997196,3.1036296143534865,0.621684927794339,9410.02,9507.0,9284.809940000001,0.010306035481327304,SL,2020-05-20 16:00:00+00:00,-0.011806035481327358,-5.903017740663679
H4,883,2020-05-27 12:00:00+00:00,2020-W22,LONG,57.97999999999956,3.9052439522123734,4.570369092790648,0.8544701473613038,9144.91,9086.93,9230.32473,0.006340138940678428,SL,2020-05-27 20:00:00+00:00,-0.007840138940678419,-3.9200694703392096
H4,916,2020-06-02 00:00:00+00:00,2020-W23,LONG,77.0,5.70528198805704,8.084155844155838,0.7057362695675241,10232.41,10155.41,10340.10723,0.007525108943054471,SL,2020-06-02 00:00:00+00:00,-0.00902510894305447,-4.512554471527235
H4,974,2020-06-11 16:00:00+00:00,2020-W24,SHORT,69.67000000000007,3.036675802269846,3.348787139371311,0.9067986933442238,9525.02,9594.69,9426.774940000001,0.007314420337175153,TP,2020-06-11 16:00:00+00:00,0.008814420337175112,4.407210168587556
H4,1142,2020-07-09 16:00:00+00:00,2020-W28,SHORT,54.32999999999993,1.8435674116538674,2.595435302779319,0.7103114493663877,9210.99,9265.32,9129.02703,0.005898388772542357,TP,2020-07-10 04:00:00+00:00,0.007398388772542454,3.699194386271227
H4,1212,2020-07-21 08:00:00+00:00,2020-W30,LONG,41.8799999999992,1.8883861238922741,2.8741642788921467,0.6570209426651691,9315.0,9273.12,9384.824999999999,0.004495974235104584,TP,2020-07-21 12:00:00+00:00,0.005995974235104619,2.9979871175523094
H4,1247,2020-07-27 04:00:00+00:00,2020-W31,LONG,97.19000000000051,2.6569721962118455,3.3957197242514363,0.7824474373536695,10277.22,10180.029999999999,10405.24166,0.009456837549454086,SL,2020-07-27 04:00:00+00:00,-0.010956837549454033,-5.478418774727016
H4,1331,2020-08-10 04:00:00+00:00,2020-W33,LONG,70.0,4.19692452563257,4.883142857142853,0.8594719934301097,12041.88,11971.88,12148.00564,0.005813045803479191,SL,2020-08-10 04:00:00+00:00,-0.007313045803479188,-3.6565229017395944
H4,1376,2020-08-17 16:00:00+00:00,2020-W34,LONG,117.06999999999971,3.3135492943060925,4.359870163150261,0.7600110026927636,12443.99,12326.92,12598.391969999999,0.009407754265311987,SL,2020-08-17 16:00:00+00:00,-0.01090775426531204,-5.45387713265602
H4,1507,2020-09-08 12:00:00+00:00,2020-W37,SHORT,97.10000000000036,1.7094246601742875,2.4725025746652833,0.6913742690058481,9987.14,10084.24,9860.07858,0.009722503139036838,SL,2020-09-08 12:00:00+00:00,-0.011222503139036886,-5.611251569518443
H4,1585,2020-09-21 12:00:00+00:00,2020-W39,SHORT,97.78000000000065,1.981583641405723,2.54070362037225,0.7799349855357753,10634.48,10732.26,10504.796559999999,0.009194619765141377,TP,2020-09-21 12:00:00+00:00,0.010694619765141357,5.347309882570679
H4,1688,2020-10-08 16:00:00+00:00,2020-W41,LONG,104.09000000000015,2.016239560484616,2.551638005572101,0.7901746078721524,10892.69,10788.6,11029.45807,0.0095559499076904,TP,2020-10-09 08:00:00+00:00,0.011055949907690378,5.527974953845189
H4,1754,2020-10-19 16:00:00+00:00,2020-W43,LONG,87.36999999999898,2.8215817264146015,3.1032390980886366,0.909237618252646,11801.12,11713.750000000002,11923.89336,0.007403534579768613,SL,2020-10-19 16:00:00+00:00,-0.008903534579768611,-4.451767289884305
H4,1801,2020-10-27 12:00:00+00:00,2020-W44,LONG,103.0,2.0358552068449476,2.8237864077669936,0.7209664304797296,13448.85,13345.85,13592.19655,0.007658647393643322,SL,2020-10-27 12:00:00+00:00,-0.009158647393643303,-4.5793236968216515
H4,1837,2020-11-02 12:00:00+00:00,2020-W45,SHORT,120.15999999999985,1.6389964032899837,1.8870672436751021,0.8685416000852225,13406.0,13526.16,13245.622,0.008963150827987458,SL,2020-11-02 12:00:00+00:00,-0.010463150827987487,-5.231575413993744
H4,2082,2020-12-13 08:00:00+00:00,2020-W50,LONG,158.44000000000233,2.077433000331256,2.3963014390305015,0.8669330855018584,19243.58,19085.14,19459.750740000003,0.008233395241426092,SL,2020-12-13 20:00:00+00:00,-0.009733395241426078,-4.866697620713039
H4,2131,2020-12-21 12:00:00+00:00,2020-W52,SHORT,436.2000000000007,1.8312308071451198,2.3975240715268167,0.7638008013737839,22663.01,23099.21,22158.820969999997,0.019247222676952478,SL,2020-12-21 12:00:00+00:00,-0.020747222676952448,-10.373611338476223
H4,2204,2021-01-02 16:00:00+00:00,2020-W53,LONG,458.90999999999985,3.538291218780697,3.8504499792987708,0.9189292778256212,31720.79,31261.88,32274.862370000003,0.014467168062333878,TP,2021-01-02 16:00:00+00:00,0.015967168062333947,7.9835840311669735
H4,2282,2021-01-15 16:00:00+00:00,2021-W02,SHORT,880.0,2.2080611271033246,2.5894204545454573,0.8527240615664806,35692.45,36572.45,34705.37265,0.02465507411231227,TP,2021-01-15 16:00:00+00:00,0.02615507411231227,13.077537056156135
H4,2426,2021-02-08 16:00:00+00:00,2021-W06,LONG,649.6200000000026,4.717112785632436,6.489655490902344,0.7268664403287997,43785.81,43136.189999999995,44566.78743,0.014836313408385106,SL,2021-02-08 16:00:00+00:00,-0.016336313408385095,-8.168156704192548
H4,2623,2021-03-13 12:00:00+00:00,2021-W10,LONG,1136.949999999997,1.706835535480042,2.160094990984656,0.7901668873839661,59914.58,58777.630000000005,61231.27374,0.01897618242504574,TP,2021-03-13 20:00:00+00:00,0.02047618242504573,10.238091212522866
H4,2649,2021-03-17 20:00:00+00:00,2021-W11,LONG,1316.9199999999983,1.5697862801058589,1.841607690672177,0.8523999373248139,57897.1,56580.18,59387.711299999995,0.02274587155487923,TP,2021-03-18 00:00:00+00:00,0.024245871554879284,12.122935777439642
H4,2837,2021-04-18 04:00:00+00:00,2021-W15,SHORT,995.1600000000035,2.62829393951339,5.2157843964789405,0.5039115384615385,54849.47,55844.630000000005,53689.761589999995,0.018143475224099766,SL,2021-04-18 04:00:00+00:00,-0.01964347522409987,-9.821737612049935
H4,2912,2021-04-30 16:00:00+00:00,2021-W17,LONG,750.0,2.8724874286548823,3.0509733333333378,0.9414987005201219,57139.14,56389.14,58060.55742,0.013125853836792083,SL,2021-04-30 16:00:00+00:00,-0.0146258538367921,-7.31292691839605
H4,3127,2021-06-05 12:00:00+00:00,2021-W22,SHORT,489.18999999999505,2.207504417618911,3.164884809583227,0.6974991351769324,35863.06,36352.24999999999,35266.28082,0.013640498050082593,SL,2021-06-05 12:00:00+00:00,-0.015140498050082605,-7.570249025041303
H4,3142,2021-06-08 00:00:00+00:00,2021-W23,SHORT,742.5299999999988,1.9835104351844424,2.4275652162202253,0.8170781250000004,33550.97,34293.5,32707.78709,0.02213140186408914,TP,2021-06-08 00:00:00+00:00,0.02363140186408913,11.815700932044566
H4,3217,2021-06-20 12:00:00+00:00,2021-W24,SHORT,566.4400000000023,2.29607631993083,2.637525598474673,0.8705418143652106,33856.01,34422.450000000004,33188.00197,0.016730855171652015,SL,2021-06-20 12:00:00+00:00,-0.01823085517165207,-9.115427585826035
H4,3229,2021-06-22 12:00:00+00:00,2021-W25,SHORT,625.4599999999991,1.7287498968099602,1.9464554088191124,0.8881528387330326,31236.72,31862.18,30517.549840000003,0.020023229071426164,SL,2021-06-22 12:00:00+00:00,-0.021523229071426175,-10.761614535713088
H4,3395,2021-07-20 04:00:00+00:00,2021-W29,SHORT,283.5,2.9958262613869313,3.857354497354502,0.7766530826869984,29582.94,29866.44,29210.691179999998,0.009583226007962698,SL,2021-07-20 04:00:00+00:00,-0.011083226007962686,-5.541613003981343
H4,3460,2021-07-31 00:00:00+00:00,2021-W30,LONG,1028.8799999999974,2.0297901135437373,2.258037866417858,0.8989176593233078,42202.6,41173.72,43358.087799999994,0.024379540597024768,SL,2021-07-31 12:00:00+00:00,-0.02587954059702474,-12.939770298512371
H4,3517,2021-08-09 12:00:00+00:00,2021-W32,LONG,630.989999999998,2.819457142017361,3.2784354744132282,0.860000803438715,45930.82,45299.83,46699.602459999995,0.013737834421418951,SL,2021-08-09 12:00:00+00:00,-0.01523783442141896,-7.61891721070948
H4,3584,2021-08-20 16:00:00+00:00,2021-W33,LONG,619.989999999998,2.1307267266802037,2.202600041936162,0.9673688759250276,48750.99,48131.0,49517.23297,0.0127174853269646,TIME,2021-08-21 12:00:00+00:00,0.0076877108546924994,3.8438554273462495
H4,3827,2021-09-30 04:00:00+00:00,2021-W39,LONG,660.5800000000017,2.6950206674826056,3.0569953677071573,0.8815913481425901,43566.97,42906.39,44358.25091,0.015162403995503972,SL,2021-09-30 08:00:00+00:00,-0.01666240399550395,-8.331201997751975
H4,3866,2021-10-06 16:00:00+00:00,2021-W40,LONG,1080.9599999999991,2.3449325509296495,3.259214031971585,0.7194779256369173,55014.04,53933.08,56260.04212,0.019648802378447378,SL,2021-10-07 08:00:00+00:00,-0.02114880237844735,-10.574401189223675
H4,3917,2021-10-15 04:00:00+00:00,2021-W41,LONG,665.8300000000017,1.8455964832788172,2.3204721926017102,0.7953538461538455,59445.05,58779.22,60289.21515,0.011200764403428069,TP,2021-10-15 12:00:00+00:00,0.012700764403428101,6.3503822017140505
H4,3950,2021-10-20 16:00:00+00:00,2021-W42,LONG,516.6600000000035,4.670969295138927,5.073123524174474,0.9207284768211931,66918.39,66401.73,67635.80517,0.007720747615117511,SL,2021-10-20 16:00:00+00:00,-0.00922074761511754,-4.61037380755877
H4,3997,2021-10-28 12:00:00+00:00,2021-W43,LONG,542.3000000000029,2.769652156926228,3.2203946155264407,0.8600350229046294,60996.41,60454.11,61721.699230000006,0.008890687173228766,TP,2021-10-28 12:00:00+00:00,0.01039068717322872,5.19534358661436
H4,4109,2021-11-16 04:00:00+00:00,2021-W46,SHORT,957.3199999999997,2.0846203942770383,2.515240462959094,0.8287956658523828,60943.68,61901.0,59803.52896,0.015708273606057258,TP,2021-11-16 08:00:00+00:00,0.0172082736060572,8.6041368030286
H4,4171,2021-11-26 12:00:00+00:00,2021-W47,SHORT,1387.8199999999997,2.0626543658650576,2.099573431713048,0.9824159206387614,53766.35,55154.17,52217.23095,0.02581205530968719,SL,2021-11-27 08:00:00+00:00,-0.027312055309687222,-13.65602765484361
H4,4286,2021-12-15 16:00:00+00:00,2021-W50,SHORT,693.3800000000047,1.799689142451776,2.08755660676684,0.8621031576427972,46621.85,47315.23,45788.60444999999,0.014872425697393062,SL,2021-12-15 16:00:00+00:00,-0.01637242569739311,-8.186212848696556
H4,4335,2021-12-23 20:00:00+00:00,2021-W51,LONG,539.9599999999991,3.4863431695158758,4.134287725016672,0.8432754083417879,51082.35,50542.39,51775.557049999996,0.010570382920911022,SL,2021-12-23 20:00:00+00:00,-0.012070382920911059,-6.035191460455529
H4,4383,2021-12-31 20:00:00+00:00,2021-W52,SHORT,330.1800000000003,5.959521934427166,6.3673753710097385,0.9359463809155176,45707.62,46037.8,45240.31714,0.007223740811707113,SL,2021-12-31 20:00:00+00:00,-0.008723740811707069,-4.3618704058535345
H4,4421,2022-01-07 04:00:00+00:00,2022-W01,SHORT,564.7799999999988,1.6904496830407756,2.1424802577994995,0.7890152905198782,41789.97,42354.75,41099.82009,0.013514726141224767,TP,2022-01-07 04:00:00+00:00,0.015014726141224845,7.507363070612422
H4,4502,2022-01-20 16:00:00+00:00,2022-W03,LONG,414.9100000000035,1.946894613054462,2.549540864283786,0.7636255767963074,43275.75,42860.84,43820.487250000006,0.009587586581399594,SL,2022-01-20 16:00:00+00:00,-0.011087586581399576,-5.543793290699788
H4,4580,2022-02-02 16:00:00+00:00,2022-W05,SHORT,374.6200000000026,1.5940647290280285,2.0977790828038807,0.7598820781916701,37419.53,37794.15,36932.65141,0.010011349688251098,TP,2022-02-02 20:00:00+00:00,0.011511349688251018,5.755674844125509
H4,4686,2022-02-20 08:00:00+00:00,2022-W07,SHORT,439.79999999999563,1.5992157397747777,2.0234197362437705,0.7903529411764683,38770.3,39210.1,38214.18910000001,0.011343734766045029,TP,2022-02-20 08:00:00+00:00,0.012843734766044891,6.4218673830224455
H4,4693,2022-02-21 12:00:00+00:00,2022-W08,SHORT,626.4000000000015,1.8083818462926047,2.129150702426555,0.8493442217272945,37550.0,38176.4,36810.95,0.016681757656458095,SL,2022-02-21 12:00:00+00:00,-0.018181757656458186,-9.090878828229092
H4,4736,2022-02-28 16:00:00+00:00,2022-W09,LONG,613.9000000000015,2.857301408474799,3.463430526144322,0.8249916915918915,40792.8,40178.9,41529.078400000006,0.01504922437292859,TP,2022-02-28 20:00:00+00:00,0.01654922437292866,8.274612186464331
H4,4787,2022-03-09 04:00:00+00:00,2022-W10,LONG,529.3000000000029,3.8770959089884007,4.36519931985639,0.8881830186659043,41198.4,40669.1,41851.29520000001,0.012847586314031684,TP,2022-03-09 04:00:00+00:00,0.014347586314031715,7.173793157015857
H4,4816,2022-03-14 00:00:00+00:00,2022-W11,SHORT,221.3000000000029,4.013443979204143,4.9028468142791946,0.8185946106892982,37743.0,37964.3,37408.471,0.005863338897279043,SL,2022-03-14 00:00:00+00:00,-0.00736333889727908,-3.68166944863954
H4,4865,2022-03-22 04:00:00+00:00,2022-W12,LONG,417.0,1.5981001606481806,2.1103117505995206,0.7572815533980582,42230.0,41813.0,42773.69,0.009874496803220459,TP,2022-03-22 04:00:00+00:00,0.011374496803220615,5.687248401610307
H4,4900,2022-03-28 00:00:00+00:00,2022-W13,LONG,446.90000000000146,3.2932085760896226,3.8505258447079824,0.8552620366425236,46820.9,46374.0,47408.2627,0.009544882733992757,TP,2022-03-28 00:00:00+00:00,0.01104488273399268,5.52244136699634
H4,4952,2022-04-05 16:00:00+00:00,2022-W14,SHORT,235.6999999999971,1.921924909416344,3.226559185405216,0.5956577266922113,45740.5,45976.2,45367.5785,0.0051529825865479625,SL,2022-04-05 16:00:00+00:00,-0.006652982586547949,-3.3264912932739747
H4,4987,2022-04-11 12:00:00+00:00,2022-W15,SHORT,264.6000000000058,3.359912479951449,3.8458049886620413,0.8736564880062639,41055.1,41319.700000000004,40667.33469999999,0.006444997089277722,TP,2022-04-11 12:00:00+00:00,0.007944997089277707,3.9724985446388534
H4,5078,2022-04-26 16:00:00+00:00,2022-W17,SHORT,599.0,2.5059372209496424,2.759766277128545,0.908025162028212,38547.0,39146.0,37832.359,0.015539471294782992,TP,2022-04-26 16:00:00+00:00,0.01703947129478306,8.51973564739153
H4,5132,2022-05-05 16:00:00+00:00,2022-W18,SHORT,226.0,7.266248886614165,11.166371681415923,0.6507260454805842,36886.5,37112.5,36549.8405,0.006126902796416033,SL,2022-05-05 16:00:00+00:00,-0.007626902796415922,-3.8134513982079614
H4,5210,2022-05-18 16:00:00+00:00,2022-W20,SHORT,314.2000000000007,1.9476418131518236,2.3936982813494487,0.8136538461538434,28971.9,29286.100000000002,28570.7843,0.010844991181109997,SL,2022-05-18 16:00:00+00:00,-0.01234499118110993,-6.172495590554965
H4,5294,2022-06-01 16:00:00+00:00,2022-W22,SHORT,272.5,1.8638791629637823,2.546055045871557,0.7320655403684508,30733.6,31006.1,30368.8992,0.008866517427180675,TP,2022-06-01 16:00:00+00:00,0.01036651742718059,5.183258713590295
H4,5321,2022-06-06 04:00:00+00:00,2022-W23,LONG,329.2000000000007,3.1589763641266373,3.375455650060748,0.9358666478316151,31235.0,30905.8,31657.905000000002,0.010539458940291364,TP,2022-06-06 12:00:00+00:00,0.012039458940291516,6.019729470145758
H4,5394,2022-06-18 08:00:00+00:00,2022-W24,SHORT,467.6000000000022,1.7755579495867153,2.258126603934972,0.7862969004893964,19245.0,19712.600000000002,18719.664999999997,0.024297220057157818,TP,2022-06-18 08:00:00+00:00,0.025797220057157844,12.898610028578922
H4,5466,2022-06-30 08:00:00+00:00,2022-W26,SHORT,232.59999999999854,1.7992958564755805,2.187876182287208,0.8223938223938224,19423.1,19655.699999999997,19132.2307,0.011975431316319155,TP,2022-06-30 08:00:00+00:00,0.013475431316319177,6.737715658159589
H4,5491,2022-07-04 12:00:00+00:00,2022-W27,LONG,107.80000000000291,5.2643902050296925,5.703153988868114,0.9230664673100469,19794.2,19686.399999999998,19961.382600000004,0.005446039749017536,SL,2022-07-04 12:00:00+00:00,-0.006946039749017583,-3.473019874508792
H4,5564,2022-07-16 16:00:00+00:00,2022-W28,LONG,145.70000000000073,1.5777338282586824,1.7501715854495452,0.901473799126632,20934.9,20789.2,21143.404700000003,0.006959670215764141,TP,2022-07-16 16:00:00+00:00,0.008459670215764272,4.229835107882136
H4,5631,2022-07-27 20:00:00+00:00,2022-W30,LONG,379.8999999999978,2.42357241057572,3.242958673335107,0.7473337327741159,22763.8,22383.9,23211.991399999995,0.01668877779632565,TP,2022-07-28 00:00:00+00:00,0.018188777796325495,9.094388898162748
H4,5681,2022-08-05 04:00:00+00:00,2022-W31,LONG,223.0,2.0288146093934336,2.2443946188340806,0.9039473684210503,23158.5,22935.5,23450.9755,0.009629293779821664,SL,2022-08-05 12:00:00+00:00,-0.01112929377982169,-5.564646889910845
H4,5700,2022-08-08 08:00:00+00:00,2022-W32,LONG,187.90000000000146,2.09970435178,2.4257583821181252,0.865586765466138,23796.8,23608.899999999998,24056.0904,0.007896019632891878,TP,2022-08-08 08:00:00+00:00,0.009396019632891996,4.698009816445998
H4,5824,2022-08-29 00:00:00+00:00,2022-W35,SHORT,198.0,1.569364901385769,1.9924242424242424,0.787666034155595,19547.5,19745.5,19290.8575,0.010129172528456324,SL,2022-08-29 00:00:00+00:00,-0.011629172528456242,-5.814586264228121
H4,5877,2022-09-06 20:00:00+00:00,2022-W36,SHORT,337.09999999999854,2.1595098738798004,2.484129338475245,0.869322639700115,18813.1,19150.199999999997,18419.5607,0.01791836539432622,SL,2022-09-07 16:00:00+00:00,-0.01941836539432623,-9.709182697163115
H4,5918,2022-09-13 16:00:00+00:00,2022-W37,SHORT,524.5,2.065204309890335,2.588369876072447,0.7978783592644976,20823.9,21348.4,20236.928300000003,0.025187404856919213,TP,2022-09-13 16:00:00+00:00,0.026687404856919172,13.343702428459586
H4,5999,2022-09-27 04:00:00+00:00,2022-W39,LONG,183.70000000000073,3.6211630235624312,4.607512248230801,0.7859258594381144,20092.0,19908.3,20335.976000000002,0.009142942464662589,TP,2022-09-27 04:00:00+00:00,0.010642942464662632,5.321471232331316
H4,6062,2022-10-07 16:00:00+00:00,2022-W40,SHORT,112.10000000000218,2.0084509937275925,2.957181088313948,0.679177545691908,19574.1,19686.2,19403.277699999995,0.005726955517750609,TP,2022-10-07 16:00:00+00:00,0.007226955517750712,3.613477758875356
H4,6117,2022-10-16 20:00:00+00:00,2022-W41,LONG,73.09999999999854,2.2694938440493515,2.7537619699043354,0.8241430700447188,19369.8,19296.7,19501.0094,0.003773916096190903,SL,2022-10-16 20:00:00+00:00,-0.005273916096190932,-2.636958048095466
H4,6159,2022-10-23 20:00:00+00:00,2022-W42,LONG,154.90000000000146,1.5760527433711093,1.8547449967720888,0.8497409326424913,19492.3,19337.399999999998,19705.676900000002,0.00794672768221305,SL,2022-10-24 00:00:00+00:00,-0.00944672768221305,-4.723363841106525
H4,6170,2022-10-25 16:00:00+00:00,2022-W43,LONG,87.0,3.994191002334779,4.888505747126429,0.8170576468448774,19740.3,19653.3,19886.5209,0.004407227853680035,TP,2022-10-25 16:00:00+00:00,0.005907227853680088,2.9536139268400436
H4,6244,2022-11-07 00:00:00+00:00,2022-W45,SHORT,127.5,1.624658990256848,1.9199999999999944,0.8461765574254442,20900.0,21027.5,20709.8,0.006100478468899521,SL,2022-11-07 00:00:00+00:00,-0.007600478468899606,-3.800239234449803
H4,6328,2022-11-21 00:00:00+00:00,2022-W47,SHORT,83.20000000000073,2.1937599445846363,2.9831730769230376,0.7353780313837395,16272.7,16355.900000000001,16140.6819,0.005112857731046521,TP,2022-11-21 00:00:00+00:00,0.00661285773104653,3.306428865523265
H4,6383,2022-11-30 04:00:00+00:00,2022-W48,LONG,106.10000000000218,1.8115525089988587,2.9670122525918265,0.610564552747088,16836.8,16730.699999999997,16993.4104,0.006301672526846086,SL,2022-11-30 16:00:00+00:00,-0.007801672526846102,-3.9008362634230513
H4,6426,2022-12-07 08:00:00+00:00,2022-W49,SHORT,119.0,1.7724396215178886,2.1478991596638535,0.8251968503937008,16755.4,16874.4,16586.133800000003,0.0071021879513470275,SL,2022-12-07 12:00:00+00:00,-0.008602187951347094,-4.301093975673547
H4,6460,2022-12-13 00:00:00+00:00,2022-W50,LONG,64.5,2.0360459368425596,2.505426356589125,0.812654473554123,17200.0,17135.5,17316.1,0.00375,SL,2022-12-13 00:00:00+00:00,-0.005250000000000031,-2.6250000000000155
H4,6518,2022-12-22 16:00:00+00:00,2022-W51,SHORT,67.70000000000073,1.9834901203069442,2.4032496307237663,0.8253367003366993,16631.5,16699.2,16513.9055,0.004070588942669076,SL,2022-12-22 20:00:00+00:00,-0.005570588942669095,-2.7852944713345478
H4,6593,2023-01-04 04:00:00+00:00,2023-W01,LONG,52.20000000000073,2.701313409278433,3.2126436781608887,0.8408381631743326,16855.9,16803.7,16958.6677,0.0030968384957196426,SL,2023-01-04 12:00:00+00:00,-0.004596838495719622,-2.2984192478598113
H4,6694,2023-01-21 00:00:00+00:00,2023-W03,LONG,398.90000000000146,2.62255732000462,2.8230132865379653,0.9289921986944749,22661.0,22262.1,23127.883,0.017602930144300845,TP,2023-01-21 08:00:00+00:00,0.019102930144300923,9.551465072150462
H4,6751,2023-01-30 12:00:00+00:00,2023-W05,SHORT,167.0,2.6564825484803696,3.142514970059876,0.8453364817001188,23075.2,23242.2,22838.9744,0.007237207044792677,SL,2023-01-30 12:00:00+00:00,-0.008737207044792581,-4.368603522396291
H4,6806,2023-02-08 16:00:00+00:00,2023-W06,SHORT,109.10000000000218,2.0148826157633715,2.3895508707606954,0.8432055749128909,22862.4,22971.500000000004,22684.712799999998,0.0047720274336903465,SL,2023-02-08 16:00:00+00:00,-0.0062720274336904285,-3.1360137168452145
H4,6847,2023-02-15 12:00:00+00:00,2023-W07,LONG,103.20000000000073,2.0595862830361877,2.6027131782945414,0.7913228012261252,22433.0,22329.8,22603.499,0.004600365532920284,TP,2023-02-15 12:00:00+00:00,0.006100365532920206,3.050182766460103
H4,6895,2023-02-23 12:00:00+00:00,2023-W08,SHORT,214.90000000000146,1.7392402038735482,2.4825500232666187,0.7005861664712804,23767.6,23982.5,23481.397199999996,0.009041720661741255,SL,2023-02-23 12:00:00+00:00,-0.010541720661741248,-5.270860330870624
H4,6941,2023-03-03 04:00:00+00:00,2023-W09,SHORT,187.79999999999927,4.12011433318375,5.675718849840285,0.7259193843436572,22306.4,22494.2,22051.680800000002,0.008419108417315177,SL,2023-03-03 12:00:00+00:00,-0.00991910841731508,-4.95955420865754
H4,6981,2023-03-09 20:00:00+00:00,2023-W10,SHORT,273.0,2.229395484480609,2.5802197802197857,0.8640331732867761,20845.6,21118.6,20510.063199999997,0.013096288905092682,TP,2023-03-09 20:00:00+00:00,0.014596288905092738,7.298144452546369
H4,7059,2023-03-22 20:00:00+00:00,2023-W12,SHORT,667.6999999999971,1.8381051166357898,2.1511157705556525,0.8544891640866873,26653.3,27320.999999999996,25905.6401,0.02505130696761741,SL,2023-03-22 20:00:00+00:00,-0.026551306967617483,-13.27565348380874
H4,7088,2023-03-27 16:00:00+00:00,2023-W13,SHORT,226.70000000000073,2.658641917607318,3.8500220555800464,0.6905523862529576,26887.3,27114.0,26579.9381,0.00843148995994394,SL,2023-03-27 16:00:00+00:00,-0.009931489959944027,-4.965744979972014
H4,7196,2023-04-14 16:00:00+00:00,2023-W15,SHORT,172.29999999999927,1.807924600153199,2.4393499709808535,0.7411501513357016,30226.7,30399.0,29963.7199,0.005700258380835463,TP,2023-04-14 16:00:00+00:00,0.0072002583808355464,3.600129190417773
H4,7239,2023-04-21 20:00:00+00:00,2023-W16,SHORT,345.59999999999854,1.664685778833165,1.969907407407424,0.8450578806767581,27273.6,27619.199999999997,26846.1792,0.01267159450897566,SL,2023-04-22 16:00:00+00:00,-0.014171594508975703,-7.085797254487852
H4,7328,2023-05-06 16:00:00+00:00,2023-W18,SHORT,251.20000000000073,1.6572509787442329,2.189888535031835,0.7567741244511064,28557.9,28809.100000000002,28221.0263,0.008796164984120006,SL,2023-05-06 16:00:00+00:00,-0.010296164984119947,-5.148082492059974
H4,7352,2023-05-10 16:00:00+00:00,2023-W19,LONG,212.0,1.5864829359566328,2.2235849056603842,0.7134798099762518,28141.2,27929.2,28437.6236,0.007533438517191875,SL,2023-05-10 16:00:00+00:00,-0.009033438517191903,-4.516719258595952
H4,7427,2023-05-23 04:00:00+00:00,2023-W21,LONG,137.90000000000146,2.2972604424502827,2.8912255257432404,0.7945628668520183,27354.7,27216.8,27574.6641,0.0050411812229708775,SL,2023-05-23 04:00:00+00:00,-0.006541181222970925,-3.2705906114854626
H4,7508,2023-06-05 16:00:00+00:00,2023-W23,SHORT,184.20000000000073,3.2571563972209328,3.5564603691639305,0.9158421742758349,25991.9,26176.100000000002,25729.7243,0.007086823202613149,TP,2023-06-05 16:00:00+00:00,0.008586823202613116,4.293411601306558
H4,7616,2023-06-23 16:00:00+00:00,2023-W25,LONG,295.7999999999993,2.429210734848099,3.506423258958767,0.6927887922947025,31232.9,30937.100000000002,31622.3987,0.009470782412135897,SL,2023-06-23 16:00:00+00:00,-0.010970782412135947,-5.485391206067973
H4,7676,2023-07-03 16:00:00+00:00,2023-W27,LONG,116.20000000000073,2.3306176379408448,3.2211703958691644,0.7235313105229185,31068.0,30951.8,31277.404000000002,0.0037401828247714923,SL,2023-07-03 16:00:00+00:00,-0.005240182824771509,-2.620091412385755
H4,7719,2023-07-10 20:00:00+00:00,2023-W28,LONG,228.70000000000073,1.7659555370672748,2.0323567993003837,0.8689200329760923,30824.5,30595.8,31145.6735,0.007419422861684723,SL,2023-07-10 20:00:00+00:00,-0.008919422861684732,-4.459711430842366
H4,7946,2023-08-17 16:00:00+00:00,2023-W33,SHORT,158.59999999999854,2.996368458507268,3.4571248423707712,0.8667226655466879,27920.9,28079.5,27678.537300000004,0.005680332654033306,TP,2023-08-17 20:00:00+00:00,0.00718033265403323,3.5901663270166146
H4,7988,2023-08-24 16:00:00+00:00,2023-W34,SHORT,173.29999999999927,2.2765962795185994,2.3525678015003026,0.9677069787602917,25987.3,26160.6,25736.0381,0.0066686419905107215,SL,2023-08-24 20:00:00+00:00,-0.008168641990510648,-4.084320995255324
H4,8018,2023-08-29 16:00:00+00:00,2023-W35,LONG,133.09999999999854,8.600579346134513,10.316303531179694,0.8336880860610949,27411.4,27278.300000000003,27626.7342,0.004855644002130447,TP,2023-08-29 16:00:00+00:00,0.006355644002130458,3.1778220010652287
H4,8143,2023-09-19 12:00:00+00:00,2023-W38,LONG,120.0,1.8543559593099377,3.0358333333333274,0.6108227151171918,27224.4,27104.4,27426.073200000003,0.004407810640454886,SL,2023-09-19 12:00:00+00:00,-0.005907810640454923,-2.9539053202274617
H4,8191,2023-09-27 12:00:00+00:00,2023-W39,LONG,59.19999999999709,6.652505675247665,8.03547297297338,0.8278922345483325,26755.7,26696.500000000004,26895.1671,0.002212612639549595,SL,2023-09-27 12:00:00+00:00,-0.003712612639549638,-1.856306319774819
H4,8218,2023-10-02 00:00:00+00:00,2023-W40,LONG,121.09999999999854,4.5682840392732045,6.927332782824208,0.6594578580950977,27981.4,27860.300000000003,28186.4442,0.004327874945499458,SL,2023-10-02 00:00:00+00:00,-0.005827874945499465,-2.913937472749733
H4,8263,2023-10-09 12:00:00+00:00,2023-W41,SHORT,134.0,2.0222004813331496,2.567910447761183,0.7874887082204103,27456.0,27590.0,27239.632,0.004880536130536131,SL,2023-10-09 16:00:00+00:00,-0.0063805361305361834,-3.190268065268092
H4,8304,2023-10-16 08:00:00+00:00,2023-W42,LONG,179.39999999999782,1.945839916836909,3.1348940914158767,0.6207035581090617,27837.2,27657.800000000003,28100.1116,0.006444613682410508,SL,2023-10-16 08:00:00+00:00,-0.00794461368241056,-3.97230684120528
H4,8422,2023-11-05 00:00:00+00:00,2023-W44,LONG,106.90000000000146,1.588732214071148,2.5977549111318363,0.6115789473684184,35069.7,34962.799999999996,35281.8091,0.0030482154110243733,SL,2023-11-05 00:00:00+00:00,-0.0045482154110244016,-2.274107705512201
H4,8485,2023-11-15 12:00:00+00:00,2023-W46,LONG,282.6000000000058,1.8847689747160223,2.01910828025473,0.9334660221779886,36254.5,35971.899999999994,36645.86350000001,0.0077948944268988905,TP,2023-11-15 16:00:00+00:00,0.00929489442689896,4.64744721344948
H4,8589,2023-12-02 20:00:00+00:00,2023-W48,LONG,171.5,1.6867163024015754,3.247230320699717,0.5194322963940913,39416.4,39244.9,39706.1492,0.0043509808100181645,TP,2023-12-02 20:00:00+00:00,0.00585098081001806,2.92549040500903
H4,8617,2023-12-07 12:00:00+00:00,2023-W49,SHORT,231.0,1.7217510259917803,2.7242424242424055,0.6320109439124487,43206.4,43437.4,42845.7808,0.0053464301584950375,SL,2023-12-07 12:00:00+00:00,-0.006846430158495119,-3.4232150792475595
H4,8654,2023-12-13 16:00:00+00:00,2023-W50,LONG,338.5,1.8183509383978196,1.9042836041358893,0.9548740190004086,41960.0,41621.5,42424.38,0.008067206863679694,TP,2023-12-13 16:00:00+00:00,0.00956720686367968,4.78360343183984
H4,8696,2023-12-20 16:00:00+00:00,2023-W51,LONG,343.59999999999854,2.24457849376628,3.032013969732268,0.7402929261452184,44078.9,43735.3,44554.7367,0.007795112854449601,SL,2023-12-20 16:00:00+00:00,-0.00929511285444956,-4.64755642722478
H4,8722,2023-12-25 00:00:00+00:00,2023-W52,SHORT,182.29999999999563,1.775018257505885,3.07131102578176,0.5779350390128849,43008.4,43190.7,42697.07480000001,0.004238706857264991,SL,2023-12-25 04:00:00+00:00,-0.005738706857264906,-2.8693534286324534
H4,8769,2024-01-01 20:00:00+00:00,2024-W01,LONG,273.0,2.008870565053198,2.449450549450539,0.8201310965448264,43556.2,43283.2,43959.868599999994,0.006267764405526653,TP,2024-01-01 20:00:00+00:00,0.007767764405526569,3.883882202763284
H4,8848,2024-01-15 00:00:00+00:00,2024-W03,SHORT,385.90000000000146,2.0806085418341578,2.327805130862898,0.8938070091214608,41734.9,42120.8,41223.7953,0.009246458000378615,SL,2024-01-15 00:00:00+00:00,-0.010746458000378599,-5.3732290001892995
H4,8917,2024-01-26 12:00:00+00:00,2024-W04,LONG,335.79999999999563,2.9429446178546717,3.1426444312091024,0.9364548494983258,41271.9,40936.100000000006,41731.515699999996,0.008136286432172873,SL,2024-01-26 12:00:00+00:00,-0.0096362864321729,-4.81814321608645
H4,9020,2024-02-12 16:00:00+00:00,2024-W07,LONG,612.0999999999985,2.4892707938524454,2.6177095245874966,0.9509346894570777,49925.5,49313.4,50687.3765,0.012260267799020511,SL,2024-02-13 12:00:00+00:00,-0.013760267799020563,-6.880133899510281
H4,9093,2024-02-24 20:00:00+00:00,2024-W08,LONG,150.89999999999418,1.9202807368862893,2.556660039761549,0.7510895883777287,51589.9,51439.00000000001,51895.56969999999,0.0029249911319850237,TP,2024-02-25 00:00:00+00:00,0.0044249911319849695,2.2124955659924845
H4,9104,2024-02-26 16:00:00+00:00,2024-W09,LONG,506.59999999999854,2.6241084839183864,2.8487958941966216,0.9211289897124769,52872.2,52365.6,53537.4166,0.009581594864598003,TP,2024-02-26 16:00:00+00:00,0.011081594864597978,5.540797432298989
H4,9156,2024-03-06 08:00:00+00:00,2024-W10,LONG,1356.699999999997,1.8444667623579964,1.8968084322252523,0.9724054000509419,66759.3,65402.600000000006,68316.2779,0.02032226221664992,SL,2024-03-06 12:00:00+00:00,-0.0218222622166499,-10.91113110832495
H4,9272,2024-03-25 16:00:00+00:00,2024-W13,LONG,604.1000000000058,3.7029953364129837,4.066048667439131,0.9107110217510493,69844.5,69240.4,70658.13350000001,0.008649213610234246,TP,2024-03-25 16:00:00+00:00,0.01014921361023441,5.074606805117205
H4,9317,2024-04-02 04:00:00+00:00,2024-W14,SHORT,588.0,3.2070405388895624,4.467517006802711,0.7178574886242594,66734.1,67322.1,65945.8977,0.008811087584907866,TP,2024-04-02 08:00:00+00:00,0.010311087584907898,5.155543792453949
H4,9380,2024-04-12 16:00:00+00:00,2024-W15,SHORT,486.0,2.17180642311814,2.425514403292157,0.8954003407154959,69374.0,69860.0,68679.878,0.007005506385677631,TP,2024-04-12 16:00:00+00:00,0.008505506385677654,4.252753192838827
H4,9452,2024-04-24 16:00:00+00:00,2024-W17,SHORT,549.6999999999971,2.5276815802540544,2.870656721848296,0.8805238052380522,64593.5,65143.2,63850.0195,0.008510144209556644,TP,2024-04-24 16:00:00+00:00,0.01001014420955665,5.005072104778325
H4,9487,2024-04-30 12:00:00+00:00,2024-W18,SHORT,641.3000000000029,2.5464179410837207,2.9123655075627455,0.8743469645108958,61182.3,61823.600000000006,60357.4531,0.010481789667926882,TP,2024-04-30 16:00:00+00:00,0.011981789667926903,5.990894833963451
H4,9548,2024-05-10 16:00:00+00:00,2024-W19,SHORT,540.3000000000029,2.9359308914671542,3.4516009624282513,0.8505997429672996,60893.7,61434.0,60170.71889999999,0.008872839062169041,TP,2024-05-10 16:00:00+00:00,0.010372839062169072,5.186419531084536
H4,9609,2024-05-20 20:00:00+00:00,2024-W21,LONG,783.5999999999913,3.0013312389039037,3.1859367023992187,0.9420561421209985,69996.5,69212.90000000001,70990.08949999999,0.011194845456558418,SL,2024-05-20 20:00:00+00:00,-0.012694845456558466,-6.347422728279233
H4,9650,2024-05-27 16:00:00+00:00,2024-W22,LONG,689.9000000000087,1.9017748367323999,2.1204522394549583,0.8968722809909798,70421.4,69731.49999999999,71322.56420000001,0.00979673792341545,SL,2024-05-27 16:00:00+00:00,-0.011296737923415399,-5.6483689617077
H4,9698,2024-06-04 16:00:00+00:00,2024-W23,LONG,651.1999999999971,1.7086499401893638,1.9123157248157379,0.8934978246617732,70492.1,69840.90000000001,71354.7763,0.009237914603196628,TP,2024-06-05 00:00:00+00:00,0.010737914603196565,5.368957301598282
H4,9746,2024-06-12 16:00:00+00:00,2024-W24,LONG,718.6999999999971,1.982322045004754,2.32739668846529,0.85173363648288,69738.0,69019.3,70665.914,0.01030571567868303,SL,2024-06-12 16:00:00+00:00,-0.011805715678682991,-5.902857839341496
H4,9814,2024-06-24 00:00:00+00:00,2024-W26,SHORT,278.40000000000146,2.3369249262833223,2.4895833333333153,0.9386811419380777,63194.9,63473.3,62726.9153,0.0044054187917063154,TP,2024-06-24 00:00:00+00:00,0.005905418791706309,2.9527093958531543
H4,9859,2024-07-01 12:00:00+00:00,2024-W27,SHORT,253.6999999999971,1.7964645455641912,2.136775719353586,0.8407361284073627,62657.9,62911.6,62216.2263,0.004048970680472807,SL,2024-07-01 12:00:00+00:00,-0.005548970680472718,-2.7744853402363594
H4,9948,2024-07-16 08:00:00+00:00,2024-W29,SHORT,531.0999999999985,2.282249373057305,2.868009790999814,0.7957606630979082,62881.8,63412.9,62162.0546,0.008446005044384839,SL,2024-07-16 08:00:00+00:00,-0.009946005044384863,-4.973002522192432
H4,10028,2024-07-29 16:00:00+00:00,2024-W31,SHORT,496.1999999999971,1.570526109497606,2.5751713018944185,0.6098724804607182,68067.3,68563.5,67366.8981,0.0072898440220193405,TP,2024-07-29 16:00:00+00:00,0.00878984402201938,4.394922011009689
H4,10067,2024-08-05 04:00:00+00:00,2024-W32,SHORT,1593.7999999999956,1.8205644441834095,2.5795582883674326,0.7057659648139294,53864.0,55457.799999999996,52108.60800000001,0.029589336105747727,TP,2024-08-05 04:00:00+00:00,0.031089336105747656,15.544668052873828
H4,10160,2024-08-20 16:00:00+00:00,2024-W34,SHORT,563.0,2.158614541223112,2.847246891651865,0.758140977360332,58783.7,59346.7,58044.3489,0.009577484915035971,SL,2024-08-20 16:00:00+00:00,-0.011077484915036072,-5.538742457518036
H4,10204,2024-08-28 00:00:00+00:00,2024-W35,SHORT,680.6999999999971,1.9990573016001143,3.0847656823857967,0.6480418636056721,59384.4,60065.1,58525.546800000004,0.01146260634105922,TP,2024-08-28 04:00:00+00:00,0.012962606341059226,6.481303170529613
H4,10250,2024-09-04 16:00:00+00:00,2024-W36,LONG,459.90000000000146,2.0943186096935626,2.6629702109154016,0.7864596461158445,58096.0,57636.1,58730.188,0.007916207656293058,SL,2024-09-04 16:00:00+00:00,-0.009416207656293083,-4.708103828146542
H4,10304,2024-09-13 16:00:00+00:00,2024-W37,LONG,529.4000000000015,2.0614517030668957,2.458632414053636,0.8384546186260133,59623.6,59094.2,60331.8708,0.008879034476281229,TP,2024-09-13 20:00:00+00:00,0.010379034476281137,5.189517238140568
H4,10328,2024-09-17 16:00:00+00:00,2024-W38,LONG,674.4000000000015,2.2256688941346447,2.7114472123368842,0.8208416833667335,61111.0,60436.6,61968.733,0.011035656428466257,SL,2024-09-17 16:00:00+00:00,-0.012535656428466267,-6.267828214233133
H4,10442,2024-10-06 16:00:00+00:00,2024-W40,LONG,249.8000000000029,1.900519253577113,2.2041633306645,0.862240663900417,62690.4,62440.6,63128.2712,0.003984661128338675,SL,2024-10-06 20:00:00+00:00,-0.005484661128338729,-2.7423305641693645
H4,10487,2024-10-14 04:00:00+00:00,2024-W42,LONG,544.2000000000044,1.5745062036977222,2.137633223079725,0.7365651818553344,64280.8,63736.6,65017.84240000001,0.008465980510510205,TP,2024-10-14 08:00:00+00:00,0.009965980510510177,4.982990255255088
H4,10568,2024-10-27 16:00:00+00:00,2024-W43,LONG,234.89999999999418,1.9477118397068576,2.187739463601562,0.8902850966085516,67759.9,67525.0,68198.07969999999,0.0034666521054487125,SL,2024-10-27 16:00:00+00:00,-0.004966652105448719,-2.48332605272436
H4,10592,2024-10-31 16:00:00+00:00,2024-W44,SHORT,570.3000000000029,2.2967520534380697,2.6500087673154398,0.8666960206945908,70638.6,71208.90000000001,69856.3842,0.008073489565195274,TP,2024-10-31 20:00:00+00:00,0.009573489565195272,4.786744782597636
H4,10625,2024-11-06 04:00:00+00:00,2024-W45,LONG,1088.7000000000116,3.2408863005182416,4.126021860935016,0.7854748253281939,74367.1,73278.4,75678.90130000001,0.014639538182879412,SL,2024-11-06 04:00:00+00:00,-0.016139538182879443,-8.06976909143972
H4,10670,2024-11-13 16:00:00+00:00,2024-W46,LONG,1021.9000000000087,4.0602232303349615,4.358352089245488,0.9315959672817212,92608.0,91586.09999999999,93907.724,0.011034683828611013,SL,2024-11-13 16:00:00+00:00,-0.012534683828611058,-6.267341914305529
H4,10754,2024-11-27 16:00:00+00:00,2024-W48,LONG,771.8000000000029,1.5761739617806614,2.1657165068670556,0.7277840644345314,95610.4,94838.59999999999,96669.0312,0.008072343594420722,TP,2024-11-27 16:00:00+00:00,0.009572343594420664,4.786171797210332
H4,10891,2024-12-20 12:00:00+00:00,2024-W51,SHORT,1892.8999999999942,1.8681385771745203,1.920333879232929,0.9728196733792678,92715.1,94608.0,90544.05470000001,0.02041630759175144,SL,2024-12-20 12:00:00+00:00,-0.021916307591751394,-10.958153795875697
H4,10916,2024-12-24 16:00:00+00:00,2024-W52,LONG,818.0,4.05550608926137,4.4321515892420535,0.9150197161814373,98243.5,97425.5,99356.2305,0.008326250591642196,TP,2024-12-24 16:00:00+00:00,0.009826250591642273,4.913125295821136
H4,10994,2025-01-06 16:00:00+00:00,2025-W02,LONG,937.3000000000029,2.0428807053354228,2.6720367011629063,0.7645406608548205,102104.5,101167.2,103348.1135,0.009179810880029803,SL,2025-01-07 08:00:00+00:00,-0.010679810880029837,-5.339905440014919
H4,11116,2025-01-27 00:00:00+00:00,2025-W05,SHORT,386.8999999999942,5.409005312276777,5.918842078056434,0.9138620765588882,102560.0,102946.9,101865.42000000001,0.003772425897035825,SL,2025-01-27 00:00:00+00:00,-0.005272425897035747,-2.6362129485178736
H4,11162,2025-02-03 16:00:00+00:00,2025-W06,LONG,1175.3999999999942,1.7144469313617527,2.4764335545346414,0.6923048382309304,98802.8,97627.40000000001,100274.6084,0.011896423987984087,TP,2025-02-03 16:00:00+00:00,0.013396423987984076,6.698211993992038
H4,11407,2025-03-16 12:00:00+00:00,2025-W11,SHORT,457.8000000000029,3.2402105773672303,3.399956312800328,0.9530153564527643,82367.9,82825.7,81662.99629999998,0.005557990430738223,SL,2025-03-16 12:00:00+00:00,-0.007057990430738124,-3.5289952153690622
H4,11468,2025-03-26 16:00:00+00:00,2025-W13,SHORT,453.1999999999971,1.8369108527979017,2.393865842895004,0.767340767340766,86696.8,87150.0,85983.5096,0.005227413237858803,TP,2025-03-26 16:00:00+00:00,0.006727413237858805,3.3637066189294025
H4,11512,2025-04-03 00:00:00+00:00,2025-W14,SHORT,1113.0,2.3153583442019454,3.285624438454622,0.7046935483870954,82485.1,83598.1,81124.6447,0.013493346070987365,SL,2025-04-03 00:00:00+00:00,-0.0149933460709874,-7.4966730354937
H4,11558,2025-04-10 16:00:00+00:00,2025-W15,SHORT,782.4000000000087,2.5970732807954446,3.283742331288303,0.7908882667345403,78731.7,79514.1,77713.10489999999,0.009937547391965482,SL,2025-04-10 16:00:00+00:00,-0.011437547391965395,-5.718773695982698
H4,11621,2025-04-21 04:00:00+00:00,2025-W17,LONG,694.5,2.19987127368142,2.735925125989929,0.8040685224839438,87166.6,86472.1,88122.59980000001,0.00796750131357653,TP,2025-04-21 12:00:00+00:00,0.0094675013135766,4.7337506567883
H4,11683,2025-05-01 12:00:00+00:00,2025-W18,LONG,486.0,1.5690253713179743,2.024074074074068,0.7751817936978121,96130.0,95644.0,96904.39,0.005055653802142931,TP,2025-05-01 12:00:00+00:00,0.006555653802143015,3.2778269010715073
H4,11704,2025-05-05 00:00:00+00:00,2025-W19,SHORT,389.8999999999942,2.0480436464010476,2.487560913054689,0.8233139681737801,94230.2,94620.09999999999,93557.6094,0.004137739281037228,SL,2025-05-05 00:00:00+00:00,-0.005637739281037333,-2.818869640518667
H4,11786,2025-05-18 16:00:00+00:00,2025-W20,LONG,311.70000000001164,3.8927552289021152,4.549566891241381,0.855632046293521,105484.2,105172.49999999999,106112.35260000001,0.0029549449111811216,SL,2025-05-18 16:00:00+00:00,-0.0044549449111810895,-2.227472455590545
H4,11804,2025-05-21 16:00:00+00:00,2025-W21,LONG,710.8000000000029,2.3881932581712677,3.0780810354530104,0.775870820379422,108936.6,108225.8,109974.20980000001,0.006524896132245755,SL,2025-05-21 16:00:00+00:00,-0.008024896132245716,-4.012448066122858
H4,11882,2025-06-03 16:00:00+00:00,2025-W23,LONG,482.8000000000029,1.888381226922111,2.5909279204639626,0.7288435976960543,106556.1,106073.3,107358.56830000001,0.004530946609344776,SL,2025-06-03 16:00:00+00:00,-0.006030946609344721,-3.0154733046723607
H4,11917,2025-06-09 12:00:00+00:00,2025-W24,LONG,420.6999999999971,4.490344488543268,4.806750653672477,0.9341746248294643,107707.8,107287.1,108451.6234,0.003905938102904312,SL,2025-06-09 12:00:00+00:00,-0.0054059381029042935,-2.702969051452147
H4,11982,2025-06-20 08:00:00+00:00,2025-W25,LONG,431.5,1.760512957932039,2.3024333719582852,0.7646314457450174,105763.6,105332.1,106512.39080000001,0.004079853560204077,SL,2025-06-20 12:00:00+00:00,-0.005579853560204127,-2.7899267801020637
H4,12037,2025-06-29 12:00:00+00:00,2025-W26,LONG,216.20000000001164,4.852490075784667,4.975485661424326,0.9752796824251224,108448.3,108232.09999999999,108989.84490000001,0.0019935766627970346,SL,2025-06-29 12:00:00+00:00,-0.003493576662796981,-1.7467883313984904
H4,12080,2025-07-06 16:00:00+00:00,2025-W27,LONG,343.8000000000029,1.717132478763308,2.2385107620709697,0.7670869883040875,108856.8,108513.0,109527.1704,0.0031582776638666844,SL,2025-07-06 16:00:00+00:00,-0.004658277663866671,-2.3291388319333355
H4,12131,2025-07-15 04:00:00+00:00,2025-W29,SHORT,925.0,2.122115060295433,2.481945945945949,0.8550206598019309,117209.2,118134.2,115932.57239999999,0.007891871969094577,SL,2025-07-15 12:00:00+00:00,-0.009391871969094577,-4.6959359845472886
H4,12191,2025-07-25 04:00:00+00:00,2025-W30,SHORT,841.8999999999942,3.0302563913255898,3.2395771469295798,0.9353863957824308,115384.7,116226.59999999999,114196.6459,0.007296461315928318,SL,2025-07-25 08:00:00+00:00,-0.008796461315928315,-4.398230657964158
H4,12271,2025-08-07 12:00:00+00:00,2025-W32,LONG,623.0,2.2176651637695817,2.623916532905316,0.8451736691921695,116469.1,115846.1,117441.50730000001,0.005349058248067513,SL,2025-08-07 16:00:00+00:00,-0.006849058248067528,-3.4245291240337643
H4,12320,2025-08-15 16:00:00+00:00,2025-W33,SHORT,564.8999999999942,1.7641445833639997,2.360063728093487,0.7474987062273593,117216.8,117781.7,116300.24960000001,0.0048192750527227685,SL,2025-08-15 16:00:00+00:00,-0.006319275052722726,-3.1596375263613634
H4,12335,2025-08-18 04:00:00+00:00,2025-W34,SHORT,622.8000000000029,2.707076876554238,3.303307642903008,0.8195049233062678,115264.8,115887.6,114296.2056,0.005403210693984659,SL,2025-08-18 12:00:00+00:00,-0.00690321069398475,-3.451605346992375
H4,12586,2025-09-29 00:00:00+00:00,2025-W40,LONG,397.8000000000029,3.962313027944296,4.448466566113607,0.8907143549481505,112119.7,111721.9,112853.8591,0.0035479937959163547,SL,2025-09-29 00:00:00+00:00,-0.005047993795916304,-2.523996897958152
H4,12696,2025-10-17 08:00:00+00:00,2025-W42,SHORT,1314.199999999997,1.6699471559953392,1.7556688479683518,0.951174339014895,105578.3,106892.5,103947.36510000001,0.012447633651990959,TP,2025-10-17 08:00:00+00:00,0.013947633651990867,6.973816825995433
H4,12719,2025-10-21 04:00:00+00:00,2025-W43,SHORT,860.3000000000029,1.5518466454428097,1.569220039521092,0.9889286437588546,109005.1,109865.40000000001,107817.7847,0.007892291278114536,TP,2025-10-21 04:00:00+00:00,0.00939229127811453,4.696145639057265
H4,12853,2025-11-12 12:00:00+00:00,2025-W46,LONG,663.3999999999942,1.891844598387049,2.0725052758516824,0.9128298105825607,104979.9,104316.5,105958.23969999999,0.006319304933611046,SL,2025-11-12 12:00:00+00:00,-0.007819304933610991,-3.909652466805496
H4,12965,2025-12-01 04:00:00+00:00,2025-W49,SHORT,1292.300000000003,2.8859494887350507,3.080399288090996,0.9368751317052632,86319.1,87611.40000000001,84767.84270000001,0.014971194092616847,TP,2025-12-01 12:00:00+00:00,0.016471194092616825,8.235597046308413
H4,13016,2025-12-09 16:00:00+00:00,2025-W50,LONG,716.8000000000029,2.3386389606594147,2.9186662946428332,0.8012697323266967,92676.9,91960.09999999999,93671.7307,0.007734397676227873,TP,2025-12-09 16:00:00+00:00,0.00923439767622797,4.617198838113985
H4,13052,2025-12-15 16:00:00+00:00,2025-W51,SHORT,415.0,4.844836989207502,6.092530120481913,0.7952093618577433,86996.5,87411.5,86320.5105,0.004770306851425057,TP,2025-12-15 16:00:00+00:00,0.006270306851424991,3.1351534257124953
H4,13133,2025-12-29 04:00:00+00:00,2026-W01,LONG,620.7999999999884,3.0417870427372082,3.331507731958844,0.913036164844412,90091.5,89470.70000000001,90982.57449999999,0.006890772159415576,SL,2025-12-29 04:00:00+00:00,-0.008390772159415581,-4.195386079707791
H4,13175,2026-01-05 04:00:00+00:00,2026-W02,LONG,481.8999999999942,1.84741318848291,2.6316663208134727,0.70199370409234,92835.3,92353.40000000001,93595.7059,0.005190913370237336,SL,2026-01-05 04:00:00+00:00,-0.00669091337023736,-3.34545668511868
H4,13232,2026-01-14 16:00:00+00:00,2026-W03,LONG,588.0,1.8737246489967474,2.3875850340135956,0.7847781847781836,96691.9,96103.9,97569.9757,0.0060811712253042915,TP,2026-01-14 16:00:00+00:00,0.007581171225304275,3.790585612652137
H4,13258,2026-01-19 00:00:00+00:00,2026-W04,SHORT,461.29999999998836,2.714051680048189,3.0578799046174754,0.8875599319482438,93614.0,94075.29999999999,92871.85800000001,0.004927681757002034,TP,2026-01-19 00:00:00+00:00,0.006427681757002092,3.213840878501046
H4,13322,2026-01-29 16:00:00+00:00,2026-W05,SHORT,750.1999999999971,2.860382210082522,3.7496667555318726,0.7628363789562388,84897.9,85648.09999999999,83893.0063,0.008836496544673039,TP,2026-01-29 16:00:00+00:00,0.010336496544673114,5.168248272336557
H4,13417,2026-02-14 12:00:00+00:00,2026-W07,LONG,629.0999999999913,1.6901776974625722,1.8226037195994622,0.9273423944476574,70464.8,69835.70000000001,71305.2944,0.008927861854429321,SL,2026-02-14 12:00:00+00:00,-0.010427861854429286,-5.213930927214643
H4,13469,2026-02-23 04:00:00+00:00,2026-W09,SHORT,403.8999999999942,4.7802259549874595,6.016588264421988,0.7945077417470072,64894.1,65297.99999999999,64295.517700000004,0.006223986464100653,SL,2026-02-23 04:00:00+00:00,-0.007723986464100717,-3.8619932320503585
H4,13630,2026-03-22 00:00:00+00:00,2026-W12,SHORT,457.1999999999971,2.1109088794896866,2.8029308836395628,0.7531077172865226,68881.5,69338.7,68217.65550000001,0.006637486117462557,SL,2026-03-22 00:00:00+00:00,-0.00813748611746251,-4.068743058731255
H4,13663,2026-03-27 12:00:00+00:00,2026-W13,SHORT,667.8000000000029,1.7953086216920677,2.3869421982629424,0.752137451421561,66663.3,67331.1,65795.5101,0.010017505884047187,TP,2026-03-27 12:00:00+00:00,0.011517505884047154,5.758752942023577
H4,13697,2026-04-02 04:00:00+00:00,2026-W14,SHORT,583.6000000000058,1.6870941184359611,2.37936943111719,0.7090509344082043,66538.4,67122.0,65755.18479999999,0.008770875163815268,TP,2026-04-02 12:00:00+00:00,0.010270875163815254,5.135437581907627
H4,13720,2026-04-06 00:00:00+00:00,2026-W15,LONG,407.8000000000029,3.3041766631761025,3.575036782736596,0.9242357111209476,68997.9,68590.09999999999,69612.6937,0.005910324806986922,TP,2026-04-06 08:00:00+00:00,0.007410324806987058,3.705162403493529
H4,13946,2026-05-13 16:00:00+00:00,2026-W20,SHORT,826.1999999999971,1.8418480789385239,1.9962478818688074,0.9226549947365551,78794.7,79620.9,77732.1159,0.010485476815064936,SL,2026-05-13 16:00:00+00:00,-0.011985476815064842,-5.992738407532421
H4,14066,2026-06-02 16:00:00+00:00,2026-W23,SHORT,868.3999999999942,2.006917656574425,2.3074619990787846,0.8697511193578282,67274.0,68142.4,66203.778,0.012908404435591672,TP,2026-06-02 20:00:00+00:00,0.014408404435591717,7.204202217795858
H4,14108,2026-06-09 16:00:00+00:00,2026-W24,SHORT,725.5,1.581301551924427,1.870158511371472,0.8455441302485033,61100.6,61826.1,60191.7982,0.011873860485821744,SL,2026-06-09 16:00:00+00:00,-0.01337386048582173,-6.686930242910865
H4,14140,2026-06-15 00:00:00+00:00,2026-W25,LONG,533.4000000000015,2.7216382127799026,2.8472065991751037,0.9558976905885296,65702.1,65168.700000000004,66432.6063,0.008118461966969115,TP,2026-06-15 12:00:00+00:00,0.009618461966969085,4.809230983484542
H4,14190,2026-06-23 08:00:00+00:00,2026-W26,SHORT,444.0,1.6622783241694434,2.1486486486486487,0.7736389684813761,62849.3,63293.3,62216.752100000005,0.00706451782279198,TP,2026-06-23 08:00:00+00:00,0.008564517822791941,4.282258911395971
H4,14318,2026-07-14 16:00:00+00:00,2026-W29,LONG,437.6999999999971,3.6572963955283986,4.184372858122029,0.8740369272851594,64727.4,64289.700000000004,65359.2822,0.006762205804651463,SL,2026-07-14 16:00:00+00:00,-0.008262205804651477,-4.131102902325739
H4,14413,2026-07-30 12:00:00+00:00,2026-W31,LONG,275.40000000000146,1.8909371349183774,2.216412490922288,0.8531521739130451,64766.9,64491.5,65236.6007,0.004252172019967012,SL,2026-07-31 00:00:00+00:00,-0.005752172019966971,-2.8760860099834855
