opportunity_id,partition,date_utc,variant,touch_bar_start,H,L,R,F90,h2_bar_start,session_end,confirmed,confirmation_bar_start,confirmation_kind,executed,entry_bar_start,entry_px,realized_entry_fraction,remaining_to_H_R,status,terminal,terminal_bar_start,strict_breakout,h2_after_entry,touch_to_confirmation_min,touch_to_entry_min
august|2026-08-13|2026-08-13 14:45:00+00:00,august,2026-08-13,BLIND_TOUCH,2026-08-13 14:45:00+00:00,1896.19,1874.43,21.75999999999999,1894.0140000000001,,2026-08-13 20:00:00+00:00,True,2026-08-13 14:45:00+00:00,BLIND_LIMIT,True,2026-08-13 14:45:00+00:00,1894.0140000000001,0.9,0.09999999999999998,EXECUTED,OPPOSITE_BREAK,2026-08-13 16:35:00+00:00,False,False,0.0,0.0
august|2026-08-13|2026-08-13 14:45:00+00:00,august,2026-08-13,EARLY_RECLAIM,2026-08-13 14:45:00+00:00,1896.19,1874.43,21.75999999999999,1894.0140000000001,,2026-08-13 20:00:00+00:00,False,,,False,,,,,OPPOSITE_BREAK_BEFORE_CONFIRMATION,,,False,False,,
august|2026-08-13|2026-08-13 14:45:00+00:00,august,2026-08-13,SAME_BAR_REJECTION,2026-08-13 14:45:00+00:00,1896.19,1874.43,21.75999999999999,1894.0140000000001,,2026-08-13 20:00:00+00:00,False,,,False,,,,,NO_SAME_BAR_RECLAIM,,,False,False,,
development|2022-01-03|2022-01-03 14:45:00+00:00,development,2022-01-03,BLIND_TOUCH,2022-01-03 14:45:00+00:00,3844.67,3790.01,54.659999999999854,3839.204,,2022-01-03 20:00:00+00:00,True,2022-01-03 14:45:00+00:00,BLIND_LIMIT,True,2022-01-03 14:45:00+00:00,3839.204,0.9,0.09999999999999998,EXECUTED,OPPOSITE_BREAK,2022-01-03 15:05:00+00:00,False,False,0.0,0.0
development|2022-01-03|2022-01-03 14:45:00+00:00,development,2022-01-03,EARLY_RECLAIM,2022-01-03 14:45:00+00:00,3844.67,3790.01,54.659999999999854,3839.204,,2022-01-03 20:00:00+00:00,False,,,False,,,,,OPPOSITE_BREAK_BEFORE_CONFIRMATION,,,False,False,,
development|2022-01-03|2022-01-03 14:45:00+00:00,development,2022-01-03,SAME_BAR_REJECTION,2022-01-03 14:45:00+00:00,3844.67,3790.01,54.659999999999854,3839.204,,2022-01-03 20:00:00+00:00,False,,,False,,,,,NO_SAME_BAR_RECLAIM,,,False,False,,
development|2022-01-25|2022-01-25 16:20:00+00:00,development,2022-01-25,BLIND_TOUCH,2022-01-25 16:20:00+00:00,2460.7,2371.63,89.06999999999971,2451.7929999999997,2022-01-25 17:20:00+00:00,2022-01-25 20:00:00+00:00,True,2022-01-25 16:20:00+00:00,BLIND_LIMIT,True,2022-01-25 16:20:00+00:00,2451.7929999999997,0.9,0.09999999999999998,EXECUTED,STRICT_BREAKOUT,2022-01-25 17:20:00+00:00,True,True,0.0,0.0
development|2022-01-25|2022-01-25 16:20:00+00:00,development,2022-01-25,EARLY_RECLAIM,2022-01-25 16:20:00+00:00,2460.7,2371.63,89.06999999999971,2451.7929999999997,2022-01-25 17:20:00+00:00,2022-01-25 20:00:00+00:00,True,2022-01-25 17:15:00+00:00,LATER_RECLAIM,True,2022-01-25 17:20:00+00:00,2452.46,0.9074884921971504,0.09251150780284956,EXECUTED,STRICT_BREAKOUT,2022-01-25 17:20:00+00:00,True,True,55.0,60.0
development|2022-01-25|2022-01-25 16:20:00+00:00,development,2022-01-25,SAME_BAR_REJECTION,2022-01-25 16:20:00+00:00,2460.7,2371.63,89.06999999999971,2451.7929999999997,2022-01-25 17:20:00+00:00,2022-01-25 20:00:00+00:00,False,,,False,,,,,NO_SAME_BAR_RECLAIM,,,False,False,,
development|2022-02-09|2022-02-09 14:55:00+00:00,development,2022-02-09,BLIND_TOUCH,2022-02-09 14:55:00+00:00,3208.26,3066.48,141.7800000000002,3194.0820000000003,2022-02-09 16:45:00+00:00,2022-02-09 20:00:00+00:00,True,2022-02-09 14:55:00+00:00,BLIND_LIMIT,True,2022-02-09 14:55:00+00:00,3194.0820000000003,0.9,0.09999999999999998,EXECUTED,STRICT_BREAKOUT,2022-02-09 16:45:00+00:00,True,True,0.0,0.0
development|2022-02-09|2022-02-09 14:55:00+00:00,development,2022-02-09,EARLY_RECLAIM,2022-02-09 14:55:00+00:00,3208.26,3066.48,141.7800000000002,3194.0820000000003,2022-02-09 16:45:00+00:00,2022-02-09 20:00:00+00:00,True,2022-02-09 15:05:00+00:00,LATER_RECLAIM,True,2022-02-09 15:10:00+00:00,3195.52,0.9101424742558879,0.0898575257441121,EXECUTED,STRICT_BREAKOUT,2022-02-09 16:45:00+00:00,True,True,10.0,15.0
development|2022-02-09|2022-02-09 14:55:00+00:00,development,2022-02-09,SAME_BAR_REJECTION,2022-02-09 14:55:00+00:00,3208.26,3066.48,141.7800000000002,3194.0820000000003,2022-02-09 16:45:00+00:00,2022-02-09 20:00:00+00:00,False,,,False,,,,,NO_SAME_BAR_RECLAIM,,,False,False,,
development|2022-02-14|2022-02-14 13:40:00+00:00,development,2022-02-14,BLIND_TOUCH,2022-02-14 13:40:00+00:00,2943.33,2845.07,98.25999999999976,2933.504,2022-02-14 14:05:00+00:00,2022-02-14 20:00:00+00:00,True,2022-02-14 13:40:00+00:00,BLIND_LIMIT,True,2022-02-14 13:40:00+00:00,2933.504,0.9,0.09999999999999998,EXECUTED,STRICT_BREAKOUT,2022-02-14 14:10:00+00:00,True,True,0.0,0.0
development|2022-02-14|2022-02-14 13:40:00+00:00,development,2022-02-14,EARLY_RECLAIM,2022-02-14 13:40:00+00:00,2943.33,2845.07,98.25999999999976,2933.504,2022-02-14 14:05:00+00:00,2022-02-14 20:00:00+00:00,True,2022-02-14 13:50:00+00:00,LATER_RECLAIM,True,2022-02-14 13:55:00+00:00,2937.43,0.9399552208426613,0.060044779157338746,EXECUTED,STRICT_BREAKOUT,2022-02-14 14:10:00+00:00,True,True,10.0,15.0
development|2022-02-14|2022-02-14 13:40:00+00:00,development,2022-02-14,SAME_BAR_REJECTION,2022-02-14 13:40:00+00:00,2943.33,2845.07,98.25999999999976,2933.504,2022-02-14 14:05:00+00:00,2022-02-14 20:00:00+00:00,False,,,False,,,,,NO_SAME_BAR_RECLAIM,,,False,False,,
development|2022-02-22|2022-02-22 14:35:00+00:00,development,2022-02-22,BLIND_TOUCH,2022-02-22 14:35:00+00:00,2622.62,2512.67,109.94999999999982,2611.625,2022-02-22 14:45:00+00:00,2022-02-22 20:00:00+00:00,True,2022-02-22 14:35:00+00:00,BLIND_LIMIT,True,2022-02-22 14:35:00+00:00,2611.625,0.9,0.09999999999999998,EXECUTED,STRICT_BREAKOUT,2022-02-22 14:50:00+00:00,True,True,0.0,0.0
development|2022-02-22|2022-02-22 14:35:00+00:00,development,2022-02-22,EARLY_RECLAIM,2022-02-22 14:35:00+00:00,2622.62,2512.67,109.94999999999982,2611.625,2022-02-22 14:45:00+00:00,2022-02-22 20:00:00+00:00,False,,,False,,,,,H2_BEFORE_CONFIRMATION,,,False,False,,
development|2022-02-22|2022-02-22 14:35:00+00:00,development,2022-02-22,SAME_BAR_REJECTION,2022-02-22 14:35:00+00:00,2622.62,2512.67,109.94999999999982,2611.625,2022-02-22 14:45:00+00:00,2022-02-22 20:00:00+00:00,False,,,False,,,,,NO_SAME_BAR_RECLAIM,,,False,False,,
development|2022-03-21|2022-03-21 15:00:00+00:00,development,2022-03-21,BLIND_TOUCH,2022-03-21 15:00:00+00:00,2938.5,2873.0,65.5,2931.95,2022-03-21 15:15:00+00:00,2022-03-21 20:00:00+00:00,True,2022-03-21 15:00:00+00:00,BLIND_LIMIT,True,2022-03-21 15:00:00+00:00,2931.95,0.9,0.09999999999999998,EXECUTED,STRICT_BREAKOUT,2022-03-21 15:20:00+00:00,True,True,0.0,0.0
development|2022-03-21|2022-03-21 15:00:00+00:00,development,2022-03-21,EARLY_RECLAIM,2022-03-21 15:00:00+00:00,2938.5,2873.0,65.5,2931.95,2022-03-21 15:15:00+00:00,2022-03-21 20:00:00+00:00,True,2022-03-21 15:10:00+00:00,LATER_RECLAIM,True,2022-03-21 15:15:00+00:00,2932.34,0.9059541984732846,0.09404580152671538,EXECUTED,STRICT_BREAKOUT,2022-03-21 15:20:00+00:00,True,True,10.0,15.0
development|2022-03-21|2022-03-21 15:00:00+00:00,development,2022-03-21,SAME_BAR_REJECTION,2022-03-21 15:00:00+00:00,2938.5,2873.0,65.5,2931.95,2022-03-21 15:15:00+00:00,2022-03-21 20:00:00+00:00,False,,,False,,,,,NO_SAME_BAR_RECLAIM,,,False,False,,
development|2022-04-18|2022-04-18 14:20:00+00:00,development,2022-04-18,BLIND_TOUCH,2022-04-18 14:20:00+00:00,2947.0,2887.0,60.0,2941.0,2022-04-18 17:10:00+00:00,2022-04-18 20:00:00+00:00,True,2022-04-18 14:20:00+00:00,BLIND_LIMIT,True,2022-04-18 14:20:00+00:00,2941.0,0.9,0.09999999999999998,EXECUTED,STRICT_BREAKOUT,2022-04-18 17:10:00+00:00,True,True,0.0,0.0
development|2022-04-18|2022-04-18 14:20:00+00:00,development,2022-04-18,EARLY_RECLAIM,2022-04-18 14:20:00+00:00,2947.0,2887.0,60.0,2941.0,2022-04-18 17:10:00+00:00,2022-04-18 20:00:00+00:00,True,2022-04-18 14:20:00+00:00,SAME_BAR,True,2022-04-18 14:25:00+00:00,2941.46,0.9076666666666673,0.09233333333333271,EXECUTED,STRICT_BREAKOUT,2022-04-18 17:10:00+00:00,True,True,0.0,5.0
development|2022-04-18|2022-04-18 14:20:00+00:00,development,2022-04-18,SAME_BAR_REJECTION,2022-04-18 14:20:00+00:00,2947.0,2887.0,60.0,2941.0,2022-04-18 17:10:00+00:00,2022-04-18 20:00:00+00:00,True,2022-04-18 14:20:00+00:00,SAME_BAR,True,2022-04-18 14:25:00+00:00,2941.46,0.9076666666666673,0.09233333333333271,EXECUTED,STRICT_BREAKOUT,2022-04-18 17:10:00+00:00,True,True,0.0,5.0
development|2022-05-19|2022-05-19 14:00:00+00:00,development,2022-05-19,BLIND_TOUCH,2022-05-19 14:00:00+00:00,1985.99,1912.39,73.59999999999991,1978.63,2022-05-19 14:20:00+00:00,2022-05-19 20:00:00+00:00,True,2022-05-19 14:00:00+00:00,BLIND_LIMIT,True,2022-05-19 14:00:00+00:00,1978.63,0.9,0.09999999999999998,EXECUTED,STRICT_BREAKOUT,2022-05-19 15:10:00+00:00,True,True,0.0,0.0
development|2022-05-19|2022-05-19 14:00:00+00:00,development,2022-05-19,EARLY_RECLAIM,2022-05-19 14:00:00+00:00,1985.99,1912.39,73.59999999999991,1978.63,2022-05-19 14:20:00+00:00,2022-05-19 20:00:00+00:00,True,2022-05-19 14:15:00+00:00,LATER_RECLAIM,True,2022-05-19 14:20:00+00:00,1978.79,0.9021739130434775,0.0978260869565225,EXECUTED,STRICT_BREAKOUT,2022-05-19 15:10:00+00:00,True,True,15.0,20.0
development|2022-05-19|2022-05-19 14:00:00+00:00,development,2022-05-19,SAME_BAR_REJECTION,2022-05-19 14:00:00+00:00,1985.99,1912.39,73.59999999999991,1978.63,2022-05-19 14:20:00+00:00,2022-05-19 20:00:00+00:00,False,,,False,,,,,NO_SAME_BAR_RECLAIM,,,False,False,,
development|2022-06-01|2022-06-01 13:55:00+00:00,development,2022-06-01,BLIND_TOUCH,2022-06-01 13:55:00+00:00,1967.86,1924.0,43.8599999999999,1963.474,,2022-06-01 20:00:00+00:00,True,2022-06-01 13:55:00+00:00,BLIND_LIMIT,True,2022-06-01 13:55:00+00:00,1963.474,0.9,0.09999999999999998,EXECUTED,OPPOSITE_BREAK,2022-06-01 14:25:00+00:00,False,False,0.0,0.0
development|2022-06-01|2022-06-01 13:55:00+00:00,development,2022-06-01,EARLY_RECLAIM,2022-06-01 13:55:00+00:00,1967.86,1924.0,43.8599999999999,1963.474,,2022-06-01 20:00:00+00:00,True,2022-06-01 14:00:00+00:00,LATER_RECLAIM,True,2022-06-01 14:05:00+00:00,1965.12,0.9375284997720015,0.06247150022799852,EXECUTED,OPPOSITE_BREAK,2022-06-01 14:25:00+00:00,False,False,5.0,10.0
development|2022-06-01|2022-06-01 13:55:00+00:00,development,2022-06-01,SAME_BAR_REJECTION,2022-06-01 13:55:00+00:00,1967.86,1924.0,43.8599999999999,1963.474,,2022-06-01 20:00:00+00:00,False,,,False,,,,,NO_SAME_BAR_RECLAIM,,,False,False,,
development|2022-06-28|2022-06-28 13:40:00+00:00,development,2022-06-28,BLIND_TOUCH,2022-06-28 13:40:00+00:00,1234.0,1203.32,30.680000000000064,1230.932,,2022-06-28 20:00:00+00:00,True,2022-06-28 13:40:00+00:00,BLIND_LIMIT,True,2022-06-28 13:40:00+00:00,1230.932,0.9,0.09999999999999998,EXECUTED,OPPOSITE_BREAK,2022-06-28 14:30:00+00:00,False,False,0.0,0.0
development|2022-06-28|2022-06-28 13:40:00+00:00,development,2022-06-28,EARLY_RECLAIM,2022-06-28 13:40:00+00:00,1234.0,1203.32,30.680000000000064,1230.932,,2022-06-28 20:00:00+00:00,True,2022-06-28 13:40:00+00:00,SAME_BAR,True,2022-06-28 13:45:00+00:00,1232.44,0.9491525423728833,0.05084745762711673,EXECUTED,OPPOSITE_BREAK,2022-06-28 14:30:00+00:00,False,False,0.0,5.0
development|2022-06-28|2022-06-28 13:40:00+00:00,development,2022-06-28,SAME_BAR_REJECTION,2022-06-28 13:40:00+00:00,1234.0,1203.32,30.680000000000064,1230.932,,2022-06-28 20:00:00+00:00,True,2022-06-28 13:40:00+00:00,SAME_BAR,True,2022-06-28 13:45:00+00:00,1232.44,0.9491525423728833,0.05084745762711673,EXECUTED,OPPOSITE_BREAK,2022-06-28 14:30:00+00:00,False,False,0.0,5.0
development|2022-07-15|2022-07-15 15:00:00+00:00,development,2022-07-15,BLIND_TOUCH,2022-07-15 15:00:00+00:00,1235.35,1202.75,32.59999999999991,1232.09,2022-07-15 15:05:00+00:00,2022-07-15 20:00:00+00:00,True,2022-07-15 15:00:00+00:00,BLIND_LIMIT,True,2022-07-15 15:00:00+00:00,1232.09,0.9,0.09999999999999998,EXECUTED,STRICT_BREAKOUT,2022-07-15 15:05:00+00:00,True,True,0.0,0.0
development|2022-07-15|2022-07-15 15:00:00+00:00,development,2022-07-15,EARLY_RECLAIM,2022-07-15 15:00:00+00:00,1235.35,1202.75,32.59999999999991,1232.09,2022-07-15 15:05:00+00:00,2022-07-15 20:00:00+00:00,False,,,False,,,,,H2_BEFORE_CONFIRMATION,,,False,False,,
development|2022-07-15|2022-07-15 15:00:00+00:00,development,2022-07-15,SAME_BAR_REJECTION,2022-07-15 15:00:00+00:00,1235.35,1202.75,32.59999999999991,1232.09,2022-07-15 15:05:00+00:00,2022-07-15 20:00:00+00:00,False,,,False,,,,,NO_SAME_BAR_RECLAIM,,,False,False,,
development|2022-07-19|2022-07-19 16:20:00+00:00,development,2022-07-19,BLIND_TOUCH,2022-07-19 16:20:00+00:00,1574.53,1505.2,69.32999999999993,1567.597,2022-07-19 16:25:00+00:00,2022-07-19 20:00:00+00:00,True,2022-07-19 16:20:00+00:00,BLIND_LIMIT,True,2022-07-19 16:20:00+00:00,1567.597,0.9,0.09999999999999998,EXECUTED,STRICT_BREAKOUT,2022-07-19 16:30:00+00:00,True,True,0.0,0.0
development|2022-07-19|2022-07-19 16:20:00+00:00,development,2022-07-19,EARLY_RECLAIM,2022-07-19 16:20:00+00:00,1574.53,1505.2,69.32999999999993,1567.597,2022-07-19 16:25:00+00:00,2022-07-19 20:00:00+00:00,False,,,False,,,,,H2_BEFORE_CONFIRMATION,,,False,False,,
development|2022-07-19|2022-07-19 16:20:00+00:00,development,2022-07-19,SAME_BAR_REJECTION,2022-07-19 16:20:00+00:00,1574.53,1505.2,69.32999999999993,1567.597,2022-07-19 16:25:00+00:00,2022-07-19 20:00:00+00:00,False,,,False,,,,,NO_SAME_BAR_RECLAIM,,,False,False,,
development|2022-07-20|2022-07-20 13:45:00+00:00,development,2022-07-20,BLIND_TOUCH,2022-07-20 13:45:00+00:00,1616.0,1525.59,90.41000000000008,1606.959,,2022-07-20 20:00:00+00:00,True,2022-07-20 13:45:00+00:00,BLIND_LIMIT,True,2022-07-20 13:45:00+00:00,1606.959,0.9,0.09999999999999998,EXECUTED,NO_BREAK_BY_END,,False,False,0.0,0.0
development|2022-07-20|2022-07-20 13:45:00+00:00,development,2022-07-20,EARLY_RECLAIM,2022-07-20 13:45:00+00:00,1616.0,1525.59,90.41000000000008,1606.959,,2022-07-20 20:00:00+00:00,False,,,False,,,,,SESSION_END_BEFORE_CONFIRMATION,,,False,False,,
development|2022-07-20|2022-07-20 13:45:00+00:00,development,2022-07-20,SAME_BAR_REJECTION,2022-07-20 13:45:00+00:00,1616.0,1525.59,90.41000000000008,1606.959,,2022-07-20 20:00:00+00:00,False,,,False,,,,,NO_SAME_BAR_RECLAIM,,,False,False,,
development|2022-07-28|2022-07-28 14:55:00+00:00,development,2022-07-28,BLIND_TOUCH,2022-07-28 14:55:00+00:00,1659.0,1595.0,64.0,1652.6,2022-07-28 15:15:00+00:00,2022-07-28 20:00:00+00:00,True,2022-07-28 14:55:00+00:00,BLIND_LIMIT,True,2022-07-28 14:55:00+00:00,1652.6,0.9,0.09999999999999998,EXECUTED,STRICT_BREAKOUT,2022-07-28 15:15:00+00:00,True,True,0.0,0.0
development|2022-07-28|2022-07-28 14:55:00+00:00,development,2022-07-28,EARLY_RECLAIM,2022-07-28 14:55:00+00:00,1659.0,1595.0,64.0,1652.6,2022-07-28 15:15:00+00:00,2022-07-28 20:00:00+00:00,True,2022-07-28 15:10:00+00:00,LATER_RECLAIM,True,2022-07-28 15:15:00+00:00,1657.31,0.9735937499999991,0.026406250000000853,EXECUTED,STRICT_BREAKOUT,2022-07-28 15:15:00+00:00,True,True,15.0,20.0
development|2022-07-28|2022-07-28 14:55:00+00:00,development,2022-07-28,SAME_BAR_REJECTION,2022-07-28 14:55:00+00:00,1659.0,1595.0,64.0,1652.6,2022-07-28 15:15:00+00:00,2022-07-28 20:00:00+00:00,False,,,False,,,,,NO_SAME_BAR_RECLAIM,,,False,False,,
development|2022-08-12|2022-08-12 15:40:00+00:00,development,2022-08-12,BLIND_TOUCH,2022-08-12 15:40:00+00:00,1903.13,1852.0,51.13000000000011,1898.017,2022-08-12 16:00:00+00:00,2022-08-12 20:00:00+00:00,True,2022-08-12 15:40:00+00:00,BLIND_LIMIT,True,2022-08-12 15:40:00+00:00,1898.017,0.9,0.09999999999999998,EXECUTED,STRICT_BREAKOUT,2022-08-12 16:00:00+00:00,True,True,0.0,0.0
development|2022-08-12|2022-08-12 15:40:00+00:00,development,2022-08-12,EARLY_RECLAIM,2022-08-12 15:40:00+00:00,1903.13,1852.0,51.13000000000011,1898.017,2022-08-12 16:00:00+00:00,2022-08-12 20:00:00+00:00,True,2022-08-12 15:50:00+00:00,LATER_RECLAIM,True,2022-08-12 15:55:00+00:00,1898.45,0.9084686094269498,0.09153139057305015,EXECUTED,STRICT_BREAKOUT,2022-08-12 16:00:00+00:00,True,True,10.0,15.0
development|2022-08-12|2022-08-12 15:40:00+00:00,development,2022-08-12,SAME_BAR_REJECTION,2022-08-12 15:40:00+00:00,1903.13,1852.0,51.13000000000011,1898.017,2022-08-12 16:00:00+00:00,2022-08-12 20:00:00+00:00,False,,,False,,,,,NO_SAME_BAR_RECLAIM,,,False,False,,
development|2022-08-22|2022-08-22 14:35:00+00:00,development,2022-08-22,BLIND_TOUCH,2022-08-22 14:35:00+00:00,1580.0,1528.0,52.0,1574.8,2022-08-22 15:40:00+00:00,2022-08-22 20:00:00+00:00,True,2022-08-22 14:35:00+00:00,BLIND_LIMIT,True,2022-08-22 14:35:00+00:00,1574.8,0.9,0.09999999999999998,EXECUTED,STRICT_BREAKOUT,2022-08-22 15:40:00+00:00,True,True,0.0,0.0
development|2022-08-22|2022-08-22 14:35:00+00:00,development,2022-08-22,EARLY_RECLAIM,2022-08-22 14:35:00+00:00,1580.0,1528.0,52.0,1574.8,2022-08-22 15:40:00+00:00,2022-08-22 20:00:00+00:00,True,2022-08-22 15:20:00+00:00,LATER_RECLAIM,True,2022-08-22 15:25:00+00:00,1574.84,0.9007692307692292,0.09923076923077079,EXECUTED,STRICT_BREAKOUT,2022-08-22 15:40:00+00:00,True,True,45.0,50.0
development|2022-08-22|2022-08-22 14:35:00+00:00,development,2022-08-22,SAME_BAR_REJECTION,2022-08-22 14:35:00+00:00,1580.0,1528.0,52.0,1574.8,2022-08-22 15:40:00+00:00,2022-08-22 20:00:00+00:00,False,,,False,,,,,NO_SAME_BAR_RECLAIM,,,False,False,,
development|2022-08-24|2022-08-24 14:35:00+00:00,development,2022-08-24,BLIND_TOUCH,2022-08-24 14:35:00+00:00,1660.25,1625.18,35.069999999999936,1656.743,2022-08-24 15:15:00+00:00,2022-08-24 20:00:00+00:00,True,2022-08-24 14:35:00+00:00,BLIND_LIMIT,True,2022-08-24 14:35:00+00:00,1656.743,0.9,0.09999999999999998,EXECUTED,STRICT_BREAKOUT,2022-08-24 15:20:00+00:00,True,True,0.0,0.0
development|2022-08-24|2022-08-24 14:35:00+00:00,development,2022-08-24,EARLY_RECLAIM,2022-08-24 14:35:00+00:00,1660.25,1625.18,35.069999999999936,1656.743,2022-08-24 15:15:00+00:00,2022-08-24 20:00:00+00:00,True,2022-08-24 15:10:00+00:00,LATER_RECLAIM,True,2022-08-24 15:15:00+00:00,1657.19,0.9127459366980339,0.08725406330196606,EXECUTED,STRICT_BREAKOUT,2022-08-24 15:20:00+00:00,True,True,35.0,40.0
development|2022-08-24|2022-08-24 14:35:00+00:00,development,2022-08-24,SAME_BAR_REJECTION,2022-08-24 14:35:00+00:00,1660.25,1625.18,35.069999999999936,1656.743,2022-08-24 15:15:00+00:00,2022-08-24 20:00:00+00:00,False,,,False,,,,,NO_SAME_BAR_RECLAIM,,,False,False,,
development|2022-09-02|2022-09-02 14:50:00+00:00,development,2022-09-02,BLIND_TOUCH,2022-09-02 14:50:00+00:00,1644.8,1581.33,63.47000000000003,1638.453,,2022-09-02 20:00:00+00:00,True,2022-09-02 14:50:00+00:00,BLIND_LIMIT,True,2022-09-02 14:50:00+00:00,1638.453,0.9,0.09999999999999998,EXECUTED,OPPOSITE_BREAK,2022-09-02 18:10:00+00:00,False,False,0.0,0.0
development|2022-09-02|2022-09-02 14:50:00+00:00,development,2022-09-02,EARLY_RECLAIM,2022-09-02 14:50:00+00:00,1644.8,1581.33,63.47000000000003,1638.453,,2022-09-02 20:00:00+00:00,True,2022-09-02 15:00:00+00:00,LATER_RECLAIM,True,2022-09-02 15:05:00+00:00,1642.52,0.9640775169371361,0.03592248306286394,EXECUTED,OPPOSITE_BREAK,2022-09-02 18:10:00+00:00,False,False,10.0,15.0
development|2022-09-02|2022-09-02 14:50:00+00:00,development,2022-09-02,SAME_BAR_REJECTION,2022-09-02 14:50:00+00:00,1644.8,1581.33,63.47000000000003,1638.453,,2022-09-02 20:00:00+00:00,False,,,False,,,,,NO_SAME_BAR_RECLAIM,,,False,False,,
development|2022-09-08|2022-09-08 13:55:00+00:00,development,2022-09-08,BLIND_TOUCH,2022-09-08 13:55:00+00:00,1646.6,1597.0,49.59999999999991,1641.6399999999999,2022-09-08 15:05:00+00:00,2022-09-08 20:00:00+00:00,True,2022-09-08 13:55:00+00:00,BLIND_LIMIT,True,2022-09-08 13:55:00+00:00,1641.6399999999999,0.9,0.09999999999999998,EXECUTED,STRICT_BREAKOUT,2022-09-08 19:55:00+00:00,True,True,0.0,0.0
development|2022-09-08|2022-09-08 13:55:00+00:00,development,2022-09-08,EARLY_RECLAIM,2022-09-08 13:55:00+00:00,1646.6,1597.0,49.59999999999991,1641.6399999999999,2022-09-08 15:05:00+00:00,2022-09-08 20:00:00+00:00,True,2022-09-08 14:55:00+00:00,LATER_RECLAIM,True,2022-09-08 15:00:00+00:00,1642.59,0.9191532258064516,0.08084677419354835,EXECUTED,STRICT_BREAKOUT,2022-09-08 19:55:00+00:00,True,True,60.0,65.0
development|2022-09-08|2022-09-08 13:55:00+00:00,development,2022-09-08,SAME_BAR_REJECTION,2022-09-08 13:55:00+00:00,1646.6,1597.0,49.59999999999991,1641.6399999999999,2022-09-08 15:05:00+00:00,2022-09-08 20:00:00+00:00,False,,,False,,,,,NO_SAME_BAR_RECLAIM,,,False,False,,
development|2022-09-20|2022-09-20 15:15:00+00:00,development,2022-09-20,BLIND_TOUCH,2022-09-20 15:15:00+00:00,1366.4,1328.76,37.6400000000001,1362.636,2022-09-20 15:50:00+00:00,2022-09-20 20:00:00+00:00,True,2022-09-20 15:15:00+00:00,BLIND_LIMIT,True,2022-09-20 15:15:00+00:00,1362.636,0.9,0.09999999999999998,EXECUTED,STRICT_BREAKOUT,2022-09-20 15:50:00+00:00,True,True,0.0,0.0
development|2022-09-20|2022-09-20 15:15:00+00:00,development,2022-09-20,EARLY_RECLAIM,2022-09-20 15:15:00+00:00,1366.4,1328.76,37.6400000000001,1362.636,2022-09-20 15:50:00+00:00,2022-09-20 20:00:00+00:00,False,,,False,,,,,H2_BEFORE_CONFIRMATION,,,False,False,,
development|2022-09-20|2022-09-20 15:15:00+00:00,development,2022-09-20,SAME_BAR_REJECTION,2022-09-20 15:15:00+00:00,1366.4,1328.76,37.6400000000001,1362.636,2022-09-20 15:50:00+00:00,2022-09-20 20:00:00+00:00,False,,,False,,,,,NO_SAME_BAR_RECLAIM,,,False,False,,
development|2022-09-26|2022-09-26 13:45:00+00:00,development,2022-09-26,BLIND_TOUCH,2022-09-26 13:45:00+00:00,1324.61,1288.16,36.44999999999982,1320.965,2022-09-26 13:50:00+00:00,2022-09-26 20:00:00+00:00,True,2022-09-26 13:45:00+00:00,BLIND_LIMIT,True,2022-09-26 13:45:00+00:00,1320.965,0.9,0.09999999999999998,EXECUTED,STRICT_BREAKOUT,2022-09-26 14:10:00+00:00,True,True,0.0,0.0
development|2022-09-26|2022-09-26 13:45:00+00:00,development,2022-09-26,EARLY_RECLAIM,2022-09-26 13:45:00+00:00,1324.61,1288.16,36.44999999999982,1320.965,2022-09-26 13:50:00+00:00,2022-09-26 20:00:00+00:00,True,2022-09-26 13:45:00+00:00,SAME_BAR,True,2022-09-26 13:50:00+00:00,1322.4,0.9393689986282628,0.06063100137173716,EXECUTED,STRICT_BREAKOUT,2022-09-26 14:10:00+00:00,True,True,0.0,5.0
development|2022-09-26|2022-09-26 13:45:00+00:00,development,2022-09-26,SAME_BAR_REJECTION,2022-09-26 13:45:00+00:00,1324.61,1288.16,36.44999999999982,1320.965,2022-09-26 13:50:00+00:00,2022-09-26 20:00:00+00:00,True,2022-09-26 13:45:00+00:00,SAME_BAR,True,2022-09-26 13:50:00+00:00,1322.4,0.9393689986282628,0.06063100137173716,EXECUTED,STRICT_BREAKOUT,2022-09-26 14:10:00+00:00,True,True,0.0,5.0
development|2022-10-04|2022-10-04 14:15:00+00:00,development,2022-10-04,BLIND_TOUCH,2022-10-04 14:15:00+00:00,1359.8,1341.51,18.289999999999964,1357.971,,2022-10-04 20:00:00+00:00,True,2022-10-04 14:15:00+00:00,BLIND_LIMIT,True,2022-10-04 14:15:00+00:00,1357.971,0.9,0.09999999999999998,EXECUTED,OPPOSITE_BREAK,2022-10-04 17:15:00+00:00,False,False,0.0,0.0
development|2022-10-04|2022-10-04 14:15:00+00:00,development,2022-10-04,EARLY_RECLAIM,2022-10-04 14:15:00+00:00,1359.8,1341.51,18.289999999999964,1357.971,,2022-10-04 20:00:00+00:00,False,,,False,,,,,OPPOSITE_BREAK_BEFORE_CONFIRMATION,,,False,False,,
development|2022-10-04|2022-10-04 14:15:00+00:00,development,2022-10-04,SAME_BAR_REJECTION,2022-10-04 14:15:00+00:00,1359.8,1341.51,18.289999999999964,1357.971,,2022-10-04 20:00:00+00:00,False,,,False,,,,,NO_SAME_BAR_RECLAIM,,,False,False,,
development|2022-11-22|2022-11-22 13:40:00+00:00,development,2022-11-22,BLIND_TOUCH,2022-11-22 13:40:00+00:00,1120.0,1071.52,48.48000000000002,1115.152,2022-11-22 13:50:00+00:00,2022-11-22 20:00:00+00:00,True,2022-11-22 13:40:00+00:00,BLIND_LIMIT,True,2022-11-22 13:40:00+00:00,1115.152,0.9,0.09999999999999998,EXECUTED,STRICT_BREAKOUT,2022-11-22 13:50:00+00:00,True,True,0.0,0.0
development|2022-11-22|2022-11-22 13:40:00+00:00,development,2022-11-22,EARLY_RECLAIM,2022-11-22 13:40:00+00:00,1120.0,1071.52,48.48000000000002,1115.152,2022-11-22 13:50:00+00:00,2022-11-22 20:00:00+00:00,True,2022-11-22 13:40:00+00:00,SAME_BAR,True,2022-11-22 13:45:00+00:00,1115.74,0.9121287128712874,0.08787128712871262,EXECUTED,STRICT_BREAKOUT,2022-11-22 13:50:00+00:00,True,True,0.0,5.0
development|2022-11-22|2022-11-22 13:40:00+00:00,development,2022-11-22,SAME_BAR_REJECTION,2022-11-22 13:40:00+00:00,1120.0,1071.52,48.48000000000002,1115.152,2022-11-22 13:50:00+00:00,2022-11-22 20:00:00+00:00,True,2022-11-22 13:40:00+00:00,SAME_BAR,True,2022-11-22 13:45:00+00:00,1115.74,0.9121287128712874,0.08787128712871262,EXECUTED,STRICT_BREAKOUT,2022-11-22 13:50:00+00:00,True,True,0.0,5.0
development|2022-12-07|2022-12-07 13:45:00+00:00,development,2022-12-07,BLIND_TOUCH,2022-12-07 13:45:00+00:00,1233.33,1217.02,16.309999999999945,1231.6989999999998,2022-12-07 13:50:00+00:00,2022-12-07 20:00:00+00:00,True,2022-12-07 13:45:00+00:00,BLIND_LIMIT,True,2022-12-07 13:45:00+00:00,1231.6989999999998,0.9,0.09999999999999998,EXECUTED,STRICT_BREAKOUT,2022-12-07 13:50:00+00:00,True,True,0.0,0.0
development|2022-12-07|2022-12-07 13:45:00+00:00,development,2022-12-07,EARLY_RECLAIM,2022-12-07 13:45:00+00:00,1233.33,1217.02,16.309999999999945,1231.6989999999998,2022-12-07 13:50:00+00:00,2022-12-07 20:00:00+00:00,False,,,False,,,,,H2_BEFORE_CONFIRMATION,,,False,False,,
development|2022-12-07|2022-12-07 13:45:00+00:00,development,2022-12-07,SAME_BAR_REJECTION,2022-12-07 13:45:00+00:00,1233.33,1217.02,16.309999999999945,1231.6989999999998,2022-12-07 13:50:00+00:00,2022-12-07 20:00:00+00:00,False,,,False,,,,,NO_SAME_BAR_RECLAIM,,,False,False,,
development|2022-12-29|2022-12-29 13:40:00+00:00,development,2022-12-29,BLIND_TOUCH,2022-12-29 13:40:00+00:00,1203.85,1189.58,14.269999999999982,1202.423,2022-12-29 14:30:00+00:00,2022-12-29 20:00:00+00:00,True,2022-12-29 13:40:00+00:00,BLIND_LIMIT,True,2022-12-29 13:40:00+00:00,1202.423,0.9,0.09999999999999998,EXECUTED,STRICT_BREAKOUT,2022-12-29 15:05:00+00:00,True,True,0.0,0.0
development|2022-12-29|2022-12-29 13:40:00+00:00,development,2022-12-29,EARLY_RECLAIM,2022-12-29 13:40:00+00:00,1203.85,1189.58,14.269999999999982,1202.423,2022-12-29 14:30:00+00:00,2022-12-29 20:00:00+00:00,True,2022-12-29 13:40:00+00:00,SAME_BAR,True,2022-12-29 13:45:00+00:00,1202.45,0.9018920812894278,0.09810791871057223,EXECUTED,STRICT_BREAKOUT,2022-12-29 15:05:00+00:00,True,True,0.0,5.0
development|2022-12-29|2022-12-29 13:40:00+00:00,development,2022-12-29,SAME_BAR_REJECTION,2022-12-29 13:40:00+00:00,1203.85,1189.58,14.269999999999982,1202.423,2022-12-29 14:30:00+00:00,2022-12-29 20:00:00+00:00,True,2022-12-29 13:40:00+00:00,SAME_BAR,True,2022-12-29 13:45:00+00:00,1202.45,0.9018920812894278,0.09810791871057223,EXECUTED,STRICT_BREAKOUT,2022-12-29 15:05:00+00:00,True,True,0.0,5.0
development|2023-01-09|2023-01-09 15:15:00+00:00,development,2023-01-09,BLIND_TOUCH,2023-01-09 15:15:00+00:00,1328.0,1307.5,20.5,1325.95,2023-01-09 15:40:00+00:00,2023-01-09 20:00:00+00:00,True,2023-01-09 15:15:00+00:00,BLIND_LIMIT,True,2023-01-09 15:15:00+00:00,1325.95,0.9,0.09999999999999998,EXECUTED,STRICT_BREAKOUT,2023-01-09 15:40:00+00:00,True,True,0.0,0.0
development|2023-01-09|2023-01-09 15:15:00+00:00,development,2023-01-09,EARLY_RECLAIM,2023-01-09 15:15:00+00:00,1328.0,1307.5,20.5,1325.95,2023-01-09 15:40:00+00:00,2023-01-09 20:00:00+00:00,True,2023-01-09 15:30:00+00:00,LATER_RECLAIM,True,2023-01-09 15:35:00+00:00,1326.25,0.9146341463414634,0.08536585365853655,EXECUTED,STRICT_BREAKOUT,2023-01-09 15:40:00+00:00,True,True,15.0,20.0
development|2023-01-09|2023-01-09 15:15:00+00:00,development,2023-01-09,SAME_BAR_REJECTION,2023-01-09 15:15:00+00:00,1328.0,1307.5,20.5,1325.95,2023-01-09 15:40:00+00:00,2023-01-09 20:00:00+00:00,False,,,False,,,,,NO_SAME_BAR_RECLAIM,,,False,False,,
development|2023-01-10|2023-01-10 14:15:00+00:00,development,2023-01-10,BLIND_TOUCH,2023-01-10 14:15:00+00:00,1336.27,1321.27,15.0,1334.77,2023-01-10 14:30:00+00:00,2023-01-10 20:00:00+00:00,True,2023-01-10 14:15:00+00:00,BLIND_LIMIT,True,2023-01-10 14:15:00+00:00,1334.77,0.9,0.09999999999999998,EXECUTED,STRICT_BREAKOUT,2023-01-10 15:10:00+00:00,True,True,0.0,0.0
development|2023-01-10|2023-01-10 14:15:00+00:00,development,2023-01-10,EARLY_RECLAIM,2023-01-10 14:15:00+00:00,1336.27,1321.27,15.0,1334.77,2023-01-10 14:30:00+00:00,2023-01-10 20:00:00+00:00,False,,,False,,,,,H2_BEFORE_CONFIRMATION,,,False,False,,
development|2023-01-10|2023-01-10 14:15:00+00:00,development,2023-01-10,SAME_BAR_REJECTION,2023-01-10 14:15:00+00:00,1336.27,1321.27,15.0,1334.77,2023-01-10 14:30:00+00:00,2023-01-10 20:00:00+00:00,False,,,False,,,,,NO_SAME_BAR_RECLAIM,,,False,False,,
development|2023-01-26|2023-01-26 14:25:00+00:00,development,2023-01-26,BLIND_TOUCH,2023-01-26 14:25:00+00:00,1618.59,1591.25,27.339999999999918,1615.856,2023-01-26 14:30:00+00:00,2023-01-26 20:00:00+00:00,True,2023-01-26 14:25:00+00:00,BLIND_LIMIT,True,2023-01-26 14:25:00+00:00,1615.856,0.9,0.09999999999999998,EXECUTED,OPPOSITE_BREAK,2023-01-26 15:55:00+00:00,False,True,0.0,0.0
development|2023-01-26|2023-01-26 14:25:00+00:00,development,2023-01-26,EARLY_RECLAIM,2023-01-26 14:25:00+00:00,1618.59,1591.25,27.339999999999918,1615.856,2023-01-26 14:30:00+00:00,2023-01-26 20:00:00+00:00,True,2023-01-26 14:25:00+00:00,SAME_BAR,True,2023-01-26 14:30:00+00:00,1617.16,0.947695683979523,0.052304316020477026,EXECUTED,OPPOSITE_BREAK,2023-01-26 15:55:00+00:00,False,True,0.0,5.0
development|2023-01-26|2023-01-26 14:25:00+00:00,development,2023-01-26,SAME_BAR_REJECTION,2023-01-26 14:25:00+00:00,1618.59,1591.25,27.339999999999918,1615.856,2023-01-26 14:30:00+00:00,2023-01-26 20:00:00+00:00,True,2023-01-26 14:25:00+00:00,SAME_BAR,True,2023-01-26 14:30:00+00:00,1617.16,0.947695683979523,0.052304316020477026,EXECUTED,OPPOSITE_BREAK,2023-01-26 15:55:00+00:00,False,True,0.0,5.0
development|2023-02-15|2023-02-15 18:55:00+00:00,development,2023-02-15,BLIND_TOUCH,2023-02-15 18:55:00+00:00,1595.0,1543.4,51.59999999999991,1589.84,2023-02-15 19:10:00+00:00,2023-02-15 20:00:00+00:00,True,2023-02-15 18:55:00+00:00,BLIND_LIMIT,True,2023-02-15 18:55:00+00:00,1589.84,0.9,0.09999999999999998,EXECUTED,STRICT_BREAKOUT,2023-02-15 19:10:00+00:00,True,True,0.0,0.0
development|2023-02-15|2023-02-15 18:55:00+00:00,development,2023-02-15,EARLY_RECLAIM,2023-02-15 18:55:00+00:00,1595.0,1543.4,51.59999999999991,1589.84,2023-02-15 19:10:00+00:00,2023-02-15 20:00:00+00:00,True,2023-02-15 18:55:00+00:00,SAME_BAR,True,2023-02-15 19:00:00+00:00,1590.75,0.9176356589147285,0.08236434108527146,EXECUTED,STRICT_BREAKOUT,2023-02-15 19:10:00+00:00,True,True,0.0,5.0
development|2023-02-15|2023-02-15 18:55:00+00:00,development,2023-02-15,SAME_BAR_REJECTION,2023-02-15 18:55:00+00:00,1595.0,1543.4,51.59999999999991,1589.84,2023-02-15 19:10:00+00:00,2023-02-15 20:00:00+00:00,True,2023-02-15 18:55:00+00:00,SAME_BAR,True,2023-02-15 19:00:00+00:00,1590.75,0.9176356589147285,0.08236434108527146,EXECUTED,STRICT_BREAKOUT,2023-02-15 19:10:00+00:00,True,True,0.0,5.0
development|2023-03-21|2023-03-21 13:40:00+00:00,development,2023-03-21,BLIND_TOUCH,2023-03-21 13:40:00+00:00,1819.9,1723.8,96.10000000000014,1810.29,2023-03-21 14:00:00+00:00,2023-03-21 20:00:00+00:00,True,2023-03-21 13:40:00+00:00,BLIND_LIMIT,True,2023-03-21 13:40:00+00:00,1810.29,0.9,0.09999999999999998,EXECUTED,NO_BREAK_BY_END,,False,True,0.0,0.0
development|2023-03-21|2023-03-21 13:40:00+00:00,development,2023-03-21,EARLY_RECLAIM,2023-03-21 13:40:00+00:00,1819.9,1723.8,96.10000000000014,1810.29,2023-03-21 14:00:00+00:00,2023-03-21 20:00:00+00:00,True,2023-03-21 13:50:00+00:00,LATER_RECLAIM,True,2023-03-21 13:55:00+00:00,1813.65,0.9349635796045787,0.06503642039542135,EXECUTED,NO_BREAK_BY_END,,False,True,10.0,15.0
development|2023-03-21|2023-03-21 13:40:00+00:00,development,2023-03-21,SAME_BAR_REJECTION,2023-03-21 13:40:00+00:00,1819.9,1723.8,96.10000000000014,1810.29,2023-03-21 14:00:00+00:00,2023-03-21 20:00:00+00:00,False,,,False,,,,,NO_SAME_BAR_RECLAIM,,,False,False,,
development|2023-03-22|2023-03-22 13:50:00+00:00,development,2023-03-22,BLIND_TOUCH,2023-03-22 13:50:00+00:00,1802.55,1780.02,22.529999999999973,1800.297,2023-03-22 14:30:00+00:00,2023-03-22 20:00:00+00:00,True,2023-03-22 13:50:00+00:00,BLIND_LIMIT,True,2023-03-22 13:50:00+00:00,1800.297,0.9,0.09999999999999998,EXECUTED,STRICT_BREAKOUT,2023-03-22 14:40:00+00:00,True,True,0.0,0.0
development|2023-03-22|2023-03-22 13:50:00+00:00,development,2023-03-22,EARLY_RECLAIM,2023-03-22 13:50:00+00:00,1802.55,1780.02,22.529999999999973,1800.297,2023-03-22 14:30:00+00:00,2023-03-22 20:00:00+00:00,True,2023-03-22 14:25:00+00:00,LATER_RECLAIM,True,2023-03-22 14:30:00+00:00,1801.69,0.961828672880608,0.03817132711939197,EXECUTED,STRICT_BREAKOUT,2023-03-22 14:40:00+00:00,True,True,35.0,40.0
development|2023-03-22|2023-03-22 13:50:00+00:00,development,2023-03-22,SAME_BAR_REJECTION,2023-03-22 13:50:00+00:00,1802.55,1780.02,22.529999999999973,1800.297,2023-03-22 14:30:00+00:00,2023-03-22 20:00:00+00:00,False,,,False,,,,,NO_SAME_BAR_RECLAIM,,,False,False,,
development|2023-04-20|2023-04-20 14:00:00+00:00,development,2023-04-20,BLIND_TOUCH,2023-04-20 14:00:00+00:00,1975.98,1935.17,40.809999999999945,1971.8990000000001,2023-04-20 14:10:00+00:00,2023-04-20 20:00:00+00:00,True,2023-04-20 14:00:00+00:00,BLIND_LIMIT,True,2023-04-20 14:00:00+00:00,1971.8990000000001,0.9,0.09999999999999998,EXECUTED,STRICT_BREAKOUT,2023-04-20 14:10:00+00:00,True,True,0.0,0.0
development|2023-04-20|2023-04-20 14:00:00+00:00,development,2023-04-20,EARLY_RECLAIM,2023-04-20 14:00:00+00:00,1975.98,1935.17,40.809999999999945,1971.8990000000001,2023-04-20 14:10:00+00:00,2023-04-20 20:00:00+00:00,False,,,False,,,,,H2_BEFORE_CONFIRMATION,,,False,False,,
development|2023-04-20|2023-04-20 14:00:00+00:00,development,2023-04-20,SAME_BAR_REJECTION,2023-04-20 14:00:00+00:00,1975.98,1935.17,40.809999999999945,1971.8990000000001,2023-04-20 14:10:00+00:00,2023-04-20 20:00:00+00:00,False,,,False,,,,,NO_SAME_BAR_RECLAIM,,,False,False,,
development|2023-04-27|2023-04-27 14:15:00+00:00,development,2023-04-27,BLIND_TOUCH,2023-04-27 14:15:00+00:00,1895.0,1858.55,36.450000000000045,1891.355,2023-04-27 15:20:00+00:00,2023-04-27 20:00:00+00:00,True,2023-04-27 14:15:00+00:00,BLIND_LIMIT,True,2023-04-27 14:15:00+00:00,1891.355,0.9,0.09999999999999998,EXECUTED,STRICT_BREAKOUT,2023-04-27 15:20:00+00:00,True,True,0.0,0.0
development|2023-04-27|2023-04-27 14:15:00+00:00,development,2023-04-27,EARLY_RECLAIM,2023-04-27 14:15:00+00:00,1895.0,1858.55,36.450000000000045,1891.355,2023-04-27 15:20:00+00:00,2023-04-27 20:00:00+00:00,False,,,False,,,,,H2_BEFORE_CONFIRMATION,,,False,False,,
development|2023-04-27|2023-04-27 14:15:00+00:00,development,2023-04-27,SAME_BAR_REJECTION,2023-04-27 14:15:00+00:00,1895.0,1858.55,36.450000000000045,1891.355,2023-04-27 15:20:00+00:00,2023-04-27 20:00:00+00:00,False,,,False,,,,,NO_SAME_BAR_RECLAIM,,,False,False,,
development|2023-05-09|2023-05-09 19:55:00+00:00,development,2023-05-09,BLIND_TOUCH,2023-05-09 19:55:00+00:00,1853.83,1833.03,20.799999999999955,1851.75,,2023-05-09 20:00:00+00:00,True,2023-05-09 19:55:00+00:00,BLIND_LIMIT,True,2023-05-09 19:55:00+00:00,1851.75,0.9,0.09999999999999998,EXECUTED,NO_BREAK_BY_END,,False,False,0.0,0.0
development|2023-05-09|2023-05-09 19:55:00+00:00,development,2023-05-09,EARLY_RECLAIM,2023-05-09 19:55:00+00:00,1853.83,1833.03,20.799999999999955,1851.75,,2023-05-09 20:00:00+00:00,True,2023-05-09 19:55:00+00:00,SAME_BAR,False,,,,,NO_NEXT_BAR,,,False,False,,
development|2023-05-09|2023-05-09 19:55:00+00:00,development,2023-05-09,SAME_BAR_REJECTION,2023-05-09 19:55:00+00:00,1853.83,1833.03,20.799999999999955,1851.75,,2023-05-09 20:00:00+00:00,True,2023-05-09 19:55:00+00:00,SAME_BAR,False,,,,,NO_NEXT_BAR,,,False,False,,
development|2023-05-12|2023-05-12 13:40:00+00:00,development,2023-05-12,BLIND_TOUCH,2023-05-12 13:40:00+00:00,1776.68,1754.26,22.420000000000073,1774.438,2023-05-12 14:10:00+00:00,2023-05-12 20:00:00+00:00,True,2023-05-12 13:40:00+00:00,BLIND_LIMIT,True,2023-05-12 13:40:00+00:00,1774.438,0.9,0.09999999999999998,EXECUTED,STRICT_BREAKOUT,2023-05-12 14:10:00+00:00,True,True,0.0,0.0
development|2023-05-12|2023-05-12 13:40:00+00:00,development,2023-05-12,EARLY_RECLAIM,2023-05-12 13:40:00+00:00,1776.68,1754.26,22.420000000000073,1774.438,2023-05-12 14:10:00+00:00,2023-05-12 20:00:00+00:00,True,2023-05-12 13:50:00+00:00,LATER_RECLAIM,True,2023-05-12 13:55:00+00:00,1774.62,0.9081177520071291,0.09188224799287092,EXECUTED,STRICT_BREAKOUT,2023-05-12 14:10:00+00:00,True,True,10.0,15.0
development|2023-05-12|2023-05-12 13:40:00+00:00,development,2023-05-12,SAME_BAR_REJECTION,2023-05-12 13:40:00+00:00,1776.68,1754.26,22.420000000000073,1774.438,2023-05-12 14:10:00+00:00,2023-05-12 20:00:00+00:00,False,,,False,,,,,NO_SAME_BAR_RECLAIM,,,False,False,,
development|2023-05-26|2023-05-26 13:55:00+00:00,development,2023-05-26,BLIND_TOUCH,2023-05-26 13:55:00+00:00,1826.0,1807.81,18.190000000000055,1824.181,2023-05-26 14:00:00+00:00,2023-05-26 20:00:00+00:00,True,2023-05-26 13:55:00+00:00,BLIND_LIMIT,True,2023-05-26 13:55:00+00:00,1824.181,0.9,0.09999999999999998,EXECUTED,STRICT_BREAKOUT,2023-05-26 14:20:00+00:00,True,True,0.0,0.0
development|2023-05-26|2023-05-26 13:55:00+00:00,development,2023-05-26,EARLY_RECLAIM,2023-05-26 13:55:00+00:00,1826.0,1807.81,18.190000000000055,1824.181,2023-05-26 14:00:00+00:00,2023-05-26 20:00:00+00:00,False,,,False,,,,,H2_BEFORE_CONFIRMATION,,,False,False,,
development|2023-05-26|2023-05-26 13:55:00+00:00,development,2023-05-26,SAME_BAR_REJECTION,2023-05-26 13:55:00+00:00,1826.0,1807.81,18.190000000000055,1824.181,2023-05-26 14:00:00+00:00,2023-05-26 20:00:00+00:00,False,,,False,,,,,NO_SAME_BAR_RECLAIM,,,False,False,,
development|2023-06-01|2023-06-01 16:30:00+00:00,development,2023-06-01,BLIND_TOUCH,2023-06-01 16:30:00+00:00,1866.01,1851.21,14.799999999999955,1864.53,2023-06-01 16:50:00+00:00,2023-06-01 20:00:00+00:00,True,2023-06-01 16:30:00+00:00,BLIND_LIMIT,True,2023-06-01 16:30:00+00:00,1864.53,0.9,0.09999999999999998,EXECUTED,STRICT_BREAKOUT,2023-06-01 16:50:00+00:00,True,True,0.0,0.0
development|2023-06-01|2023-06-01 16:30:00+00:00,development,2023-06-01,EARLY_RECLAIM,2023-06-01 16:30:00+00:00,1866.01,1851.21,14.799999999999955,1864.53,2023-06-01 16:50:00+00:00,2023-06-01 20:00:00+00:00,False,,,False,,,,,H2_BEFORE_CONFIRMATION,,,False,False,,
development|2023-06-01|2023-06-01 16:30:00+00:00,development,2023-06-01,SAME_BAR_REJECTION,2023-06-01 16:30:00+00:00,1866.01,1851.21,14.799999999999955,1864.53,2023-06-01 16:50:00+00:00,2023-06-01 20:00:00+00:00,False,,,False,,,,,NO_SAME_BAR_RECLAIM,,,False,False,,
development|2023-06-08|2023-06-08 14:45:00+00:00,development,2023-06-08,BLIND_TOUCH,2023-06-08 14:45:00+00:00,1857.0,1836.68,20.319999999999936,1854.968,2023-06-08 14:50:00+00:00,2023-06-08 20:00:00+00:00,True,2023-06-08 14:45:00+00:00,BLIND_LIMIT,True,2023-06-08 14:45:00+00:00,1854.968,0.9,0.09999999999999998,EXECUTED,STRICT_BREAKOUT,2023-06-08 15:40:00+00:00,True,True,0.0,0.0
development|2023-06-08|2023-06-08 14:45:00+00:00,development,2023-06-08,EARLY_RECLAIM,2023-06-08 14:45:00+00:00,1857.0,1836.68,20.319999999999936,1854.968,2023-06-08 14:50:00+00:00,2023-06-08 20:00:00+00:00,True,2023-06-08 14:45:00+00:00,SAME_BAR,True,2023-06-08 14:50:00+00:00,1855.19,0.9109251968503961,0.08907480314960392,EXECUTED,STRICT_BREAKOUT,2023-06-08 15:40:00+00:00,True,True,0.0,5.0
development|2023-06-08|2023-06-08 14:45:00+00:00,development,2023-06-08,SAME_BAR_REJECTION,2023-06-08 14:45:00+00:00,1857.0,1836.68,20.319999999999936,1854.968,2023-06-08 14:50:00+00:00,2023-06-08 20:00:00+00:00,True,2023-06-08 14:45:00+00:00,SAME_BAR,True,2023-06-08 14:50:00+00:00,1855.19,0.9109251968503961,0.08907480314960392,EXECUTED,STRICT_BREAKOUT,2023-06-08 15:40:00+00:00,True,True,0.0,5.0
development|2023-06-26|2023-06-26 13:50:00+00:00,development,2023-06-26,BLIND_TOUCH,2023-06-26 13:50:00+00:00,1893.65,1871.27,22.38000000000011,1891.412,2023-06-26 13:55:00+00:00,2023-06-26 20:00:00+00:00,True,2023-06-26 13:50:00+00:00,BLIND_LIMIT,True,2023-06-26 13:50:00+00:00,1891.412,0.9,0.09999999999999998,EXECUTED,STRICT_BREAKOUT,2023-06-26 13:55:00+00:00,True,True,0.0,0.0
development|2023-06-26|2023-06-26 13:50:00+00:00,development,2023-06-26,EARLY_RECLAIM,2023-06-26 13:50:00+00:00,1893.65,1871.27,22.38000000000011,1891.412,2023-06-26 13:55:00+00:00,2023-06-26 20:00:00+00:00,True,2023-06-26 13:50:00+00:00,SAME_BAR,True,2023-06-26 13:55:00+00:00,1892.82,0.9629133154602256,0.03708668453977437,EXECUTED,STRICT_BREAKOUT,2023-06-26 13:55:00+00:00,True,True,0.0,5.0
development|2023-06-26|2023-06-26 13:50:00+00:00,development,2023-06-26,SAME_BAR_REJECTION,2023-06-26 13:50:00+00:00,1893.65,1871.27,22.38000000000011,1891.412,2023-06-26 13:55:00+00:00,2023-06-26 20:00:00+00:00,True,2023-06-26 13:50:00+00:00,SAME_BAR,True,2023-06-26 13:55:00+00:00,1892.82,0.9629133154602256,0.03708668453977437,EXECUTED,STRICT_BREAKOUT,2023-06-26 13:55:00+00:00,True,True,0.0,5.0
development|2023-08-03|2023-08-03 13:45:00+00:00,development,2023-08-03,BLIND_TOUCH,2023-08-03 13:45:00+00:00,1838.5,1825.0,13.5,1837.15,2023-08-03 13:55:00+00:00,2023-08-03 20:00:00+00:00,True,2023-08-03 13:45:00+00:00,BLIND_LIMIT,True,2023-08-03 13:45:00+00:00,1837.15,0.9,0.09999999999999998,EXECUTED,STRICT_BREAKOUT,2023-08-03 13:55:00+00:00,True,True,0.0,0.0
development|2023-08-03|2023-08-03 13:45:00+00:00,development,2023-08-03,EARLY_RECLAIM,2023-08-03 13:45:00+00:00,1838.5,1825.0,13.5,1837.15,2023-08-03 13:55:00+00:00,2023-08-03 20:00:00+00:00,True,2023-08-03 13:50:00+00:00,LATER_RECLAIM,True,2023-08-03 13:55:00+00:00,1838.32,0.9866666666666619,0.013333333333338082,EXECUTED,STRICT_BREAKOUT,2023-08-03 13:55:00+00:00,True,True,5.0,10.0
development|2023-08-03|2023-08-03 13:45:00+00:00,development,2023-08-03,SAME_BAR_REJECTION,2023-08-03 13:45:00+00:00,1838.5,1825.0,13.5,1837.15,2023-08-03 13:55:00+00:00,2023-08-03 20:00:00+00:00,False,,,False,,,,,NO_SAME_BAR_RECLAIM,,,False,False,,
development|2023-09-14|2023-09-14 15:10:00+00:00,development,2023-09-14,BLIND_TOUCH,2023-09-14 15:10:00+00:00,1635.8,1615.85,19.950000000000045,1633.8049999999998,2023-09-14 17:05:00+00:00,2023-09-14 20:00:00+00:00,True,2023-09-14 15:10:00+00:00,BLIND_LIMIT,True,2023-09-14 15:10:00+00:00,1633.8049999999998,0.9,0.09999999999999998,EXECUTED,STRICT_BREAKOUT,2023-09-14 17:05:00+00:00,True,True,0.0,0.0
development|2023-09-14|2023-09-14 15:10:00+00:00,development,2023-09-14,EARLY_RECLAIM,2023-09-14 15:10:00+00:00,1635.8,1615.85,19.950000000000045,1633.8049999999998,2023-09-14 17:05:00+00:00,2023-09-14 20:00:00+00:00,True,2023-09-14 15:10:00+00:00,SAME_BAR,True,2023-09-14 15:15:00+00:00,1635.01,0.9604010025062676,0.03959899749373241,EXECUTED,STRICT_BREAKOUT,2023-09-14 17:05:00+00:00,True,True,0.0,5.0
development|2023-09-14|2023-09-14 15:10:00+00:00,development,2023-09-14,SAME_BAR_REJECTION,2023-09-14 15:10:00+00:00,1635.8,1615.85,19.950000000000045,1633.8049999999998,2023-09-14 17:05:00+00:00,2023-09-14 20:00:00+00:00,True,2023-09-14 15:10:00+00:00,SAME_BAR,True,2023-09-14 15:15:00+00:00,1635.01,0.9604010025062676,0.03959899749373241,EXECUTED,STRICT_BREAKOUT,2023-09-14 17:05:00+00:00,True,True,0.0,5.0
development|2023-10-05|2023-10-05 14:20:00+00:00,development,2023-10-05,BLIND_TOUCH,2023-10-05 14:20:00+00:00,1648.43,1630.5,17.930000000000064,1646.6370000000002,,2023-10-05 20:00:00+00:00,True,2023-10-05 14:20:00+00:00,BLIND_LIMIT,True,2023-10-05 14:20:00+00:00,1646.6370000000002,0.9,0.09999999999999998,EXECUTED,OPPOSITE_BREAK,2023-10-05 15:00:00+00:00,False,False,0.0,0.0
development|2023-10-05|2023-10-05 14:20:00+00:00,development,2023-10-05,EARLY_RECLAIM,2023-10-05 14:20:00+00:00,1648.43,1630.5,17.930000000000064,1646.6370000000002,,2023-10-05 20:00:00+00:00,False,,,False,,,,,OPPOSITE_BREAK_BEFORE_CONFIRMATION,,,False,False,,
development|2023-10-05|2023-10-05 14:20:00+00:00,development,2023-10-05,SAME_BAR_REJECTION,2023-10-05 14:20:00+00:00,1648.43,1630.5,17.930000000000064,1646.6370000000002,,2023-10-05 20:00:00+00:00,False,,,False,,,,,NO_SAME_BAR_RECLAIM,,,False,False,,
development|2023-10-19|2023-10-19 14:10:00+00:00,development,2023-10-19,BLIND_TOUCH,2023-10-19 14:10:00+00:00,1558.67,1540.53,18.1400000000001,1556.856,2023-10-19 14:50:00+00:00,2023-10-19 20:00:00+00:00,True,2023-10-19 14:10:00+00:00,BLIND_LIMIT,True,2023-10-19 14:10:00+00:00,1556.856,0.9,0.09999999999999998,EXECUTED,STRICT_BREAKOUT,2023-10-19 14:55:00+00:00,True,True,0.0,0.0
development|2023-10-19|2023-10-19 14:10:00+00:00,development,2023-10-19,EARLY_RECLAIM,2023-10-19 14:10:00+00:00,1558.67,1540.53,18.1400000000001,1556.856,2023-10-19 14:50:00+00:00,2023-10-19 20:00:00+00:00,True,2023-10-19 14:10:00+00:00,SAME_BAR,True,2023-10-19 14:15:00+00:00,1557.3,0.924476295479597,0.07552370452040302,EXECUTED,STRICT_BREAKOUT,2023-10-19 14:55:00+00:00,True,True,0.0,5.0
development|2023-10-19|2023-10-19 14:10:00+00:00,development,2023-10-19,SAME_BAR_REJECTION,2023-10-19 14:10:00+00:00,1558.67,1540.53,18.1400000000001,1556.856,2023-10-19 14:50:00+00:00,2023-10-19 20:00:00+00:00,True,2023-10-19 14:10:00+00:00,SAME_BAR,True,2023-10-19 14:15:00+00:00,1557.3,0.924476295479597,0.07552370452040302,EXECUTED,STRICT_BREAKOUT,2023-10-19 14:55:00+00:00,True,True,0.0,5.0
development|2023-10-23|2023-10-23 14:55:00+00:00,development,2023-10-23,BLIND_TOUCH,2023-10-23 14:55:00+00:00,1683.72,1661.2,22.519999999999982,1681.468,2023-10-23 15:50:00+00:00,2023-10-23 20:00:00+00:00,True,2023-10-23 14:55:00+00:00,BLIND_LIMIT,True,2023-10-23 14:55:00+00:00,1681.468,0.9,0.09999999999999998,EXECUTED,STRICT_BREAKOUT,2023-10-23 16:45:00+00:00,True,True,0.0,0.0
development|2023-10-23|2023-10-23 14:55:00+00:00,development,2023-10-23,EARLY_RECLAIM,2023-10-23 14:55:00+00:00,1683.72,1661.2,22.519999999999982,1681.468,2023-10-23 15:50:00+00:00,2023-10-23 20:00:00+00:00,True,2023-10-23 15:10:00+00:00,LATER_RECLAIM,True,2023-10-23 15:15:00+00:00,1681.85,0.9169626998223748,0.08303730017762523,EXECUTED,STRICT_BREAKOUT,2023-10-23 16:45:00+00:00,True,True,15.0,20.0
development|2023-10-23|2023-10-23 14:55:00+00:00,development,2023-10-23,SAME_BAR_REJECTION,2023-10-23 14:55:00+00:00,1683.72,1661.2,22.519999999999982,1681.468,2023-10-23 15:50:00+00:00,2023-10-23 20:00:00+00:00,False,,,False,,,,,NO_SAME_BAR_RECLAIM,,,False,False,,
development|2023-11-06|2023-11-06 14:40:00+00:00,development,2023-11-06,BLIND_TOUCH,2023-11-06 14:40:00+00:00,1912.7,1873.43,39.26999999999998,1908.7730000000001,2023-11-06 14:50:00+00:00,2023-11-06 20:00:00+00:00,True,2023-11-06 14:40:00+00:00,BLIND_LIMIT,True,2023-11-06 14:40:00+00:00,1908.7730000000001,0.9,0.09999999999999998,EXECUTED,STRICT_BREAKOUT,2023-11-06 14:55:00+00:00,True,True,0.0,0.0
development|2023-11-06|2023-11-06 14:40:00+00:00,development,2023-11-06,EARLY_RECLAIM,2023-11-06 14:40:00+00:00,1912.7,1873.43,39.26999999999998,1908.7730000000001,2023-11-06 14:50:00+00:00,2023-11-06 20:00:00+00:00,True,2023-11-06 14:45:00+00:00,LATER_RECLAIM,True,2023-11-06 14:50:00+00:00,1908.85,0.901960784313722,0.09803921568627805,EXECUTED,STRICT_BREAKOUT,2023-11-06 14:55:00+00:00,True,True,5.0,10.0
development|2023-11-06|2023-11-06 14:40:00+00:00,development,2023-11-06,SAME_BAR_REJECTION,2023-11-06 14:40:00+00:00,1912.7,1873.43,39.26999999999998,1908.7730000000001,2023-11-06 14:50:00+00:00,2023-11-06 20:00:00+00:00,False,,,False,,,,,NO_SAME_BAR_RECLAIM,,,False,False,,
development|2023-11-15|2023-11-15 16:10:00+00:00,development,2023-11-15,BLIND_TOUCH,2023-11-15 16:10:00+00:00,2024.68,1982.01,42.67000000000007,2020.413,2023-11-15 18:10:00+00:00,2023-11-15 20:00:00+00:00,True,2023-11-15 16:10:00+00:00,BLIND_LIMIT,True,2023-11-15 16:10:00+00:00,2020.413,0.9,0.09999999999999998,EXECUTED,STRICT_BREAKOUT,2023-11-15 18:10:00+00:00,True,True,0.0,0.0
development|2023-11-15|2023-11-15 16:10:00+00:00,development,2023-11-15,EARLY_RECLAIM,2023-11-15 16:10:00+00:00,2024.68,1982.01,42.67000000000007,2020.413,2023-11-15 18:10:00+00:00,2023-11-15 20:00:00+00:00,False,,,False,,,,,H2_BEFORE_CONFIRMATION,,,False,False,,
development|2023-11-15|2023-11-15 16:10:00+00:00,development,2023-11-15,SAME_BAR_REJECTION,2023-11-15 16:10:00+00:00,2024.68,1982.01,42.67000000000007,2020.413,2023-11-15 18:10:00+00:00,2023-11-15 20:00:00+00:00,False,,,False,,,,,NO_SAME_BAR_RECLAIM,,,False,False,,
development|2023-11-24|2023-11-24 16:05:00+00:00,development,2023-11-24,BLIND_TOUCH,2023-11-24 16:05:00+00:00,2129.96,2075.14,54.820000000000164,2124.478,,2023-11-24 20:00:00+00:00,True,2023-11-24 16:05:00+00:00,BLIND_LIMIT,True,2023-11-24 16:05:00+00:00,2124.478,0.9,0.09999999999999998,EXECUTED,NO_BREAK_BY_END,,False,False,0.0,0.0
development|2023-11-24|2023-11-24 16:05:00+00:00,development,2023-11-24,EARLY_RECLAIM,2023-11-24 16:05:00+00:00,2129.96,2075.14,54.820000000000164,2124.478,,2023-11-24 20:00:00+00:00,True,2023-11-24 16:05:00+00:00,SAME_BAR,True,2023-11-24 16:10:00+00:00,2124.99,0.909339657059463,0.09066034294053704,EXECUTED,NO_BREAK_BY_END,,False,False,0.0,5.0
development|2023-11-24|2023-11-24 16:05:00+00:00,development,2023-11-24,SAME_BAR_REJECTION,2023-11-24 16:05:00+00:00,2129.96,2075.14,54.820000000000164,2124.478,,2023-11-24 20:00:00+00:00,True,2023-11-24 16:05:00+00:00,SAME_BAR,True,2023-11-24 16:10:00+00:00,2124.99,0.909339657059463,0.09066034294053704,EXECUTED,NO_BREAK_BY_END,,False,False,0.0,5.0
development|2023-12-26|2023-12-26 14:00:00+00:00,development,2023-12-26,BLIND_TOUCH,2023-12-26 14:00:00+00:00,2251.21,2216.86,34.34999999999991,2247.775,2023-12-26 14:25:00+00:00,2023-12-26 20:00:00+00:00,True,2023-12-26 14:00:00+00:00,BLIND_LIMIT,True,2023-12-26 14:00:00+00:00,2247.775,0.9,0.09999999999999998,EXECUTED,OPPOSITE_BREAK,2023-12-26 17:20:00+00:00,False,True,0.0,0.0
development|2023-12-26|2023-12-26 14:00:00+00:00,development,2023-12-26,EARLY_RECLAIM,2023-12-26 14:00:00+00:00,2251.21,2216.86,34.34999999999991,2247.775,2023-12-26 14:25:00+00:00,2023-12-26 20:00:00+00:00,True,2023-12-26 14:20:00+00:00,LATER_RECLAIM,True,2023-12-26 14:25:00+00:00,2250.6,0.982241630276561,0.017758369723439027,EXECUTED,OPPOSITE_BREAK,2023-12-26 17:20:00+00:00,False,True,20.0,25.0
development|2023-12-26|2023-12-26 14:00:00+00:00,development,2023-12-26,SAME_BAR_REJECTION,2023-12-26 14:00:00+00:00,2251.21,2216.86,34.34999999999991,2247.775,2023-12-26 14:25:00+00:00,2023-12-26 20:00:00+00:00,False,,,False,,,,,NO_SAME_BAR_RECLAIM,,,False,False,,
development|2023-12-27|2023-12-27 13:40:00+00:00,development,2023-12-27,BLIND_TOUCH,2023-12-27 13:40:00+00:00,2299.44,2228.72,70.72000000000025,2292.368,2023-12-27 14:00:00+00:00,2023-12-27 20:00:00+00:00,True,2023-12-27 13:40:00+00:00,BLIND_LIMIT,True,2023-12-27 13:40:00+00:00,2292.368,0.9,0.09999999999999998,EXECUTED,STRICT_BREAKOUT,2023-12-27 14:10:00+00:00,True,True,0.0,0.0
development|2023-12-27|2023-12-27 13:40:00+00:00,development,2023-12-27,EARLY_RECLAIM,2023-12-27 13:40:00+00:00,2299.44,2228.72,70.72000000000025,2292.368,2023-12-27 14:00:00+00:00,2023-12-27 20:00:00+00:00,True,2023-12-27 13:40:00+00:00,SAME_BAR,True,2023-12-27 13:45:00+00:00,2293.03,0.9093608597285092,0.09063914027149078,EXECUTED,STRICT_BREAKOUT,2023-12-27 14:10:00+00:00,True,True,0.0,5.0
development|2023-12-27|2023-12-27 13:40:00+00:00,development,2023-12-27,SAME_BAR_REJECTION,2023-12-27 13:40:00+00:00,2299.44,2228.72,70.72000000000025,2292.368,2023-12-27 14:00:00+00:00,2023-12-27 20:00:00+00:00,True,2023-12-27 13:40:00+00:00,SAME_BAR,True,2023-12-27 13:45:00+00:00,2293.03,0.9093608597285092,0.09063914027149078,EXECUTED,STRICT_BREAKOUT,2023-12-27 14:10:00+00:00,True,True,0.0,5.0
development|2024-01-08|2024-01-08 15:55:00+00:00,development,2024-01-08,BLIND_TOUCH,2024-01-08 15:55:00+00:00,2274.95,2204.16,70.78999999999996,2267.8709999999996,2024-01-08 16:00:00+00:00,2024-01-08 20:00:00+00:00,True,2024-01-08 15:55:00+00:00,BLIND_LIMIT,True,2024-01-08 15:55:00+00:00,2267.8709999999996,0.9,0.09999999999999998,EXECUTED,STRICT_BREAKOUT,2024-01-08 16:00:00+00:00,True,True,0.0,0.0
development|2024-01-08|2024-01-08 15:55:00+00:00,development,2024-01-08,EARLY_RECLAIM,2024-01-08 15:55:00+00:00,2274.95,2204.16,70.78999999999996,2267.8709999999996,2024-01-08 16:00:00+00:00,2024-01-08 20:00:00+00:00,True,2024-01-08 15:55:00+00:00,SAME_BAR,True,2024-01-08 16:00:00+00:00,2269.94,0.9292272919903974,0.07077270800960256,EXECUTED,STRICT_BREAKOUT,2024-01-08 16:00:00+00:00,True,True,0.0,5.0
development|2024-01-08|2024-01-08 15:55:00+00:00,development,2024-01-08,SAME_BAR_REJECTION,2024-01-08 15:55:00+00:00,2274.95,2204.16,70.78999999999996,2267.8709999999996,2024-01-08 16:00:00+00:00,2024-01-08 20:00:00+00:00,True,2024-01-08 15:55:00+00:00,SAME_BAR,True,2024-01-08 16:00:00+00:00,2269.94,0.9292272919903974,0.07077270800960256,EXECUTED,STRICT_BREAKOUT,2024-01-08 16:00:00+00:00,True,True,0.0,5.0
development|2024-01-12|2024-01-12 13:55:00+00:00,development,2024-01-12,BLIND_TOUCH,2024-01-12 13:55:00+00:00,2686.0,2585.01,100.98999999999978,2675.901,2024-01-12 14:25:00+00:00,2024-01-12 20:00:00+00:00,True,2024-01-12 13:55:00+00:00,BLIND_LIMIT,True,2024-01-12 13:55:00+00:00,2675.901,0.9,0.09999999999999998,EXECUTED,STRICT_BREAKOUT,2024-01-12 14:25:00+00:00,True,True,0.0,0.0
development|2024-01-12|2024-01-12 13:55:00+00:00,development,2024-01-12,EARLY_RECLAIM,2024-01-12 13:55:00+00:00,2686.0,2585.01,100.98999999999978,2675.901,2024-01-12 14:25:00+00:00,2024-01-12 20:00:00+00:00,True,2024-01-12 14:10:00+00:00,LATER_RECLAIM,True,2024-01-12 14:15:00+00:00,2678.88,0.9294979700960501,0.07050202990394994,EXECUTED,STRICT_BREAKOUT,2024-01-12 14:25:00+00:00,True,True,15.0,20.0
development|2024-01-12|2024-01-12 13:55:00+00:00,development,2024-01-12,SAME_BAR_REJECTION,2024-01-12 13:55:00+00:00,2686.0,2585.01,100.98999999999978,2675.901,2024-01-12 14:25:00+00:00,2024-01-12 20:00:00+00:00,False,,,False,,,,,NO_SAME_BAR_RECLAIM,,,False,False,,
development|2024-01-15|2024-01-15 18:25:00+00:00,development,2024-01-15,BLIND_TOUCH,2024-01-15 18:25:00+00:00,2548.8,2507.93,40.870000000000346,2544.713,2024-01-15 18:30:00+00:00,2024-01-15 20:00:00+00:00,True,2024-01-15 18:25:00+00:00,BLIND_LIMIT,True,2024-01-15 18:25:00+00:00,2544.713,0.9,0.09999999999999998,EXECUTED,STRICT_BREAKOUT,2024-01-15 18:30:00+00:00,True,True,0.0,0.0
development|2024-01-15|2024-01-15 18:25:00+00:00,development,2024-01-15,EARLY_RECLAIM,2024-01-15 18:25:00+00:00,2548.8,2507.93,40.870000000000346,2544.713,2024-01-15 18:30:00+00:00,2024-01-15 20:00:00+00:00,True,2024-01-15 18:25:00+00:00,SAME_BAR,True,2024-01-15 18:30:00+00:00,2547.66,0.9721066797161655,0.02789332028383451,EXECUTED,STRICT_BREAKOUT,2024-01-15 18:30:00+00:00,True,True,0.0,5.0
development|2024-01-15|2024-01-15 18:25:00+00:00,development,2024-01-15,SAME_BAR_REJECTION,2024-01-15 18:25:00+00:00,2548.8,2507.93,40.870000000000346,2544.713,2024-01-15 18:30:00+00:00,2024-01-15 20:00:00+00:00,True,2024-01-15 18:25:00+00:00,SAME_BAR,True,2024-01-15 18:30:00+00:00,2547.66,0.9721066797161655,0.02789332028383451,EXECUTED,STRICT_BREAKOUT,2024-01-15 18:30:00+00:00,True,True,0.0,5.0
development|2024-02-06|2024-02-06 14:00:00+00:00,development,2024-02-06,BLIND_TOUCH,2024-02-06 14:00:00+00:00,2344.45,2308.16,36.289999999999964,2340.821,2024-02-06 14:35:00+00:00,2024-02-06 20:00:00+00:00,True,2024-02-06 14:00:00+00:00,BLIND_LIMIT,True,2024-02-06 14:00:00+00:00,2340.821,0.9,0.09999999999999998,EXECUTED,STRICT_BREAKOUT,2024-02-06 14:35:00+00:00,True,True,0.0,0.0
development|2024-02-06|2024-02-06 14:00:00+00:00,development,2024-02-06,EARLY_RECLAIM,2024-02-06 14:00:00+00:00,2344.45,2308.16,36.289999999999964,2340.821,2024-02-06 14:35:00+00:00,2024-02-06 20:00:00+00:00,False,,,False,,,,,H2_BEFORE_CONFIRMATION,,,False,False,,
development|2024-02-06|2024-02-06 14:00:00+00:00,development,2024-02-06,SAME_BAR_REJECTION,2024-02-06 14:00:00+00:00,2344.45,2308.16,36.289999999999964,2340.821,2024-02-06 14:35:00+00:00,2024-02-06 20:00:00+00:00,False,,,False,,,,,NO_SAME_BAR_RECLAIM,,,False,False,,
development|2024-02-07|2024-02-07 14:10:00+00:00,development,2024-02-07,BLIND_TOUCH,2024-02-07 14:10:00+00:00,2377.11,2352.06,25.050000000000182,2374.605,2024-02-07 14:45:00+00:00,2024-02-07 20:00:00+00:00,True,2024-02-07 14:10:00+00:00,BLIND_LIMIT,True,2024-02-07 14:10:00+00:00,2374.605,0.9,0.09999999999999998,EXECUTED,STRICT_BREAKOUT,2024-02-07 14:45:00+00:00,True,True,0.0,0.0
development|2024-02-07|2024-02-07 14:10:00+00:00,development,2024-02-07,EARLY_RECLAIM,2024-02-07 14:10:00+00:00,2377.11,2352.06,25.050000000000182,2374.605,2024-02-07 14:45:00+00:00,2024-02-07 20:00:00+00:00,False,,,False,,,,,H2_BEFORE_CONFIRMATION,,,False,False,,
development|2024-02-07|2024-02-07 14:10:00+00:00,development,2024-02-07,SAME_BAR_REJECTION,2024-02-07 14:10:00+00:00,2377.11,2352.06,25.050000000000182,2374.605,2024-02-07 14:45:00+00:00,2024-02-07 20:00:00+00:00,False,,,False,,,,,NO_SAME_BAR_RECLAIM,,,False,False,,
development|2024-03-19|2024-03-19 19:35:00+00:00,development,2024-03-19,BLIND_TOUCH,2024-03-19 19:35:00+00:00,3361.66,3205.03,156.62999999999965,3345.997,,2024-03-19 20:00:00+00:00,True,2024-03-19 19:35:00+00:00,BLIND_LIMIT,True,2024-03-19 19:35:00+00:00,3345.997,0.9,0.09999999999999998,EXECUTED,NO_BREAK_BY_END,,False,False,0.0,0.0
development|2024-03-19|2024-03-19 19:35:00+00:00,development,2024-03-19,EARLY_RECLAIM,2024-03-19 19:35:00+00:00,3361.66,3205.03,156.62999999999965,3345.997,,2024-03-19 20:00:00+00:00,False,,,False,,,,,SESSION_END_BEFORE_CONFIRMATION,,,False,False,,
development|2024-03-19|2024-03-19 19:35:00+00:00,development,2024-03-19,SAME_BAR_REJECTION,2024-03-19 19:35:00+00:00,3361.66,3205.03,156.62999999999965,3345.997,,2024-03-19 20:00:00+00:00,False,,,False,,,,,NO_SAME_BAR_RECLAIM,,,False,False,,
development|2024-03-28|2024-03-28 14:00:00+00:00,development,2024-03-28,BLIND_TOUCH,2024-03-28 14:00:00+00:00,3597.61,3554.95,42.66000000000031,3593.344,2024-03-28 14:05:00+00:00,2024-03-28 20:00:00+00:00,True,2024-03-28 14:00:00+00:00,BLIND_LIMIT,True,2024-03-28 14:00:00+00:00,3593.344,0.9,0.09999999999999998,EXECUTED,STRICT_BREAKOUT,2024-03-28 14:30:00+00:00,True,True,0.0,0.0
development|2024-03-28|2024-03-28 14:00:00+00:00,development,2024-03-28,EARLY_RECLAIM,2024-03-28 14:00:00+00:00,3597.61,3554.95,42.66000000000031,3593.344,2024-03-28 14:05:00+00:00,2024-03-28 20:00:00+00:00,False,,,False,,,,,H2_BEFORE_CONFIRMATION,,,False,False,,
development|2024-03-28|2024-03-28 14:00:00+00:00,development,2024-03-28,SAME_BAR_REJECTION,2024-03-28 14:00:00+00:00,3597.61,3554.95,42.66000000000031,3593.344,2024-03-28 14:05:00+00:00,2024-03-28 20:00:00+00:00,False,,,False,,,,,NO_SAME_BAR_RECLAIM,,,False,False,,
development|2024-04-04|2024-04-04 14:20:00+00:00,development,2024-04-04,BLIND_TOUCH,2024-04-04 14:20:00+00:00,3383.0,3320.91,62.090000000000146,3376.791,2024-04-04 14:40:00+00:00,2024-04-04 20:00:00+00:00,True,2024-04-04 14:20:00+00:00,BLIND_LIMIT,True,2024-04-04 14:20:00+00:00,3376.791,0.9,0.09999999999999998,EXECUTED,STRICT_BREAKOUT,2024-04-04 14:40:00+00:00,True,True,0.0,0.0
development|2024-04-04|2024-04-04 14:20:00+00:00,development,2024-04-04,EARLY_RECLAIM,2024-04-04 14:20:00+00:00,3383.0,3320.91,62.090000000000146,3376.791,2024-04-04 14:40:00+00:00,2024-04-04 20:00:00+00:00,True,2024-04-04 14:35:00+00:00,LATER_RECLAIM,True,2024-04-04 14:40:00+00:00,3378.96,0.9349331615397012,0.06506683846029881,EXECUTED,STRICT_BREAKOUT,2024-04-04 14:40:00+00:00,True,True,15.0,20.0
development|2024-04-04|2024-04-04 14:20:00+00:00,development,2024-04-04,SAME_BAR_REJECTION,2024-04-04 14:20:00+00:00,3383.0,3320.91,62.090000000000146,3376.791,2024-04-04 14:40:00+00:00,2024-04-04 20:00:00+00:00,False,,,False,,,,,NO_SAME_BAR_RECLAIM,,,False,False,,
development|2024-05-21|2024-05-21 14:15:00+00:00,development,2024-05-21,BLIND_TOUCH,2024-05-21 14:15:00+00:00,3830.53,3651.59,178.94000000000005,3812.6360000000004,2024-05-21 14:35:00+00:00,2024-05-21 20:00:00+00:00,True,2024-05-21 14:15:00+00:00,BLIND_LIMIT,True,2024-05-21 14:15:00+00:00,3812.6360000000004,0.9,0.09999999999999998,EXECUTED,NO_BREAK_BY_END,,False,True,0.0,0.0
development|2024-05-21|2024-05-21 14:15:00+00:00,development,2024-05-21,EARLY_RECLAIM,2024-05-21 14:15:00+00:00,3830.53,3651.59,178.94000000000005,3812.6360000000004,2024-05-21 14:35:00+00:00,2024-05-21 20:00:00+00:00,True,2024-05-21 14:30:00+00:00,LATER_RECLAIM,True,2024-05-21 14:35:00+00:00,3821.63,0.9502626578741473,0.04973734212585268,EXECUTED,NO_BREAK_BY_END,,False,True,15.0,20.0
development|2024-05-21|2024-05-21 14:15:00+00:00,development,2024-05-21,SAME_BAR_REJECTION,2024-05-21 14:15:00+00:00,3830.53,3651.59,178.94000000000005,3812.6360000000004,2024-05-21 14:35:00+00:00,2024-05-21 20:00:00+00:00,False,,,False,,,,,NO_SAME_BAR_RECLAIM,,,False,False,,
development|2024-05-22|2024-05-22 16:20:00+00:00,development,2024-05-22,BLIND_TOUCH,2024-05-22 16:20:00+00:00,3782.34,3655.0,127.34000000000015,3769.606,2024-05-22 17:15:00+00:00,2024-05-22 20:00:00+00:00,True,2024-05-22 16:20:00+00:00,BLIND_LIMIT,True,2024-05-22 16:20:00+00:00,3769.606,0.9,0.09999999999999998,EXECUTED,NO_BREAK_BY_END,,False,True,0.0,0.0
development|2024-05-22|2024-05-22 16:20:00+00:00,development,2024-05-22,EARLY_RECLAIM,2024-05-22 16:20:00+00:00,3782.34,3655.0,127.34000000000015,3769.606,2024-05-22 17:15:00+00:00,2024-05-22 20:00:00+00:00,False,,,False,,,,,H2_BEFORE_CONFIRMATION,,,False,False,,
development|2024-05-22|2024-05-22 16:20:00+00:00,development,2024-05-22,SAME_BAR_REJECTION,2024-05-22 16:20:00+00:00,3782.34,3655.0,127.34000000000015,3769.606,2024-05-22 17:15:00+00:00,2024-05-22 20:00:00+00:00,False,,,False,,,,,NO_SAME_BAR_RECLAIM,,,False,False,,
development|2024-07-05|2024-07-05 15:15:00+00:00,development,2024-07-05,BLIND_TOUCH,2024-07-05 15:15:00+00:00,2998.76,2821.84,176.92000000000007,2981.068,2024-07-05 15:30:00+00:00,2024-07-05 20:00:00+00:00,True,2024-07-05 15:15:00+00:00,BLIND_LIMIT,True,2024-07-05 15:15:00+00:00,2981.068,0.9,0.09999999999999998,EXECUTED,NO_BREAK_BY_END,,False,True,0.0,0.0
development|2024-07-05|2024-07-05 15:15:00+00:00,development,2024-07-05,EARLY_RECLAIM,2024-07-05 15:15:00+00:00,2998.76,2821.84,176.92000000000007,2981.068,2024-07-05 15:30:00+00:00,2024-07-05 20:00:00+00:00,True,2024-07-05 15:15:00+00:00,SAME_BAR,True,2024-07-05 15:20:00+00:00,2983.5,0.91374632602306,0.08625367397693995,EXECUTED,NO_BREAK_BY_END,,False,True,0.0,5.0
development|2024-07-05|2024-07-05 15:15:00+00:00,development,2024-07-05,SAME_BAR_REJECTION,2024-07-05 15:15:00+00:00,2998.76,2821.84,176.92000000000007,2981.068,2024-07-05 15:30:00+00:00,2024-07-05 20:00:00+00:00,True,2024-07-05 15:15:00+00:00,SAME_BAR,True,2024-07-05 15:20:00+00:00,2983.5,0.91374632602306,0.08625367397693995,EXECUTED,NO_BREAK_BY_END,,False,True,0.0,5.0
development|2024-08-12|2024-08-12 14:20:00+00:00,development,2024-08-12,BLIND_TOUCH,2024-08-12 14:20:00+00:00,2698.85,2556.62,142.23000000000002,2684.627,2024-08-12 14:35:00+00:00,2024-08-12 20:00:00+00:00,True,2024-08-12 14:20:00+00:00,BLIND_LIMIT,True,2024-08-12 14:20:00+00:00,2684.627,0.9,0.09999999999999998,EXECUTED,STRICT_BREAKOUT,2024-08-12 14:35:00+00:00,True,True,0.0,0.0
development|2024-08-12|2024-08-12 14:20:00+00:00,development,2024-08-12,EARLY_RECLAIM,2024-08-12 14:20:00+00:00,2698.85,2556.62,142.23000000000002,2684.627,2024-08-12 14:35:00+00:00,2024-08-12 20:00:00+00:00,False,,,False,,,,,H2_BEFORE_CONFIRMATION,,,False,False,,
development|2024-08-12|2024-08-12 14:20:00+00:00,development,2024-08-12,SAME_BAR_REJECTION,2024-08-12 14:20:00+00:00,2698.85,2556.62,142.23000000000002,2684.627,2024-08-12 14:35:00+00:00,2024-08-12 20:00:00+00:00,False,,,False,,,,,NO_SAME_BAR_RECLAIM,,,False,False,,
development|2024-08-15|2024-08-15 13:55:00+00:00,development,2024-08-15,BLIND_TOUCH,2024-08-15 13:55:00+00:00,2666.65,2604.29,62.36000000000013,2660.414,2024-08-15 14:00:00+00:00,2024-08-15 20:00:00+00:00,True,2024-08-15 13:55:00+00:00,BLIND_LIMIT,True,2024-08-15 13:55:00+00:00,2660.414,0.9,0.09999999999999998,EXECUTED,STRICT_BREAKOUT,2024-08-15 15:45:00+00:00,True,True,0.0,0.0
development|2024-08-15|2024-08-15 13:55:00+00:00,development,2024-08-15,EARLY_RECLAIM,2024-08-15 13:55:00+00:00,2666.65,2604.29,62.36000000000013,2660.414,2024-08-15 14:00:00+00:00,2024-08-15 20:00:00+00:00,True,2024-08-15 13:55:00+00:00,SAME_BAR,True,2024-08-15 14:00:00+00:00,2661.34,0.9148492623476598,0.08515073765234016,EXECUTED,STRICT_BREAKOUT,2024-08-15 15:45:00+00:00,True,True,0.0,5.0
development|2024-08-15|2024-08-15 13:55:00+00:00,development,2024-08-15,SAME_BAR_REJECTION,2024-08-15 13:55:00+00:00,2666.65,2604.29,62.36000000000013,2660.414,2024-08-15 14:00:00+00:00,2024-08-15 20:00:00+00:00,True,2024-08-15 13:55:00+00:00,SAME_BAR,True,2024-08-15 14:00:00+00:00,2661.34,0.9148492623476598,0.08515073765234016,EXECUTED,STRICT_BREAKOUT,2024-08-15 15:45:00+00:00,True,True,0.0,5.0
development|2024-11-21|2024-11-21 14:30:00+00:00,development,2024-11-21,BLIND_TOUCH,2024-11-21 14:30:00+00:00,3370.0,3120.14,249.86000000000013,3345.014,2024-11-21 18:55:00+00:00,2024-11-21 20:00:00+00:00,True,2024-11-21 14:30:00+00:00,BLIND_LIMIT,True,2024-11-21 14:30:00+00:00,3345.014,0.9,0.09999999999999998,EXECUTED,STRICT_BREAKOUT,2024-11-21 18:55:00+00:00,True,True,0.0,0.0
development|2024-11-21|2024-11-21 14:30:00+00:00,development,2024-11-21,EARLY_RECLAIM,2024-11-21 14:30:00+00:00,3370.0,3120.14,249.86000000000013,3345.014,2024-11-21 18:55:00+00:00,2024-11-21 20:00:00+00:00,True,2024-11-21 14:45:00+00:00,LATER_RECLAIM,True,2024-11-21 14:50:00+00:00,3360.0,0.9599775874489714,0.04002241255102856,EXECUTED,STRICT_BREAKOUT,2024-11-21 18:55:00+00:00,True,True,15.0,20.0
development|2024-11-21|2024-11-21 14:30:00+00:00,development,2024-11-21,SAME_BAR_REJECTION,2024-11-21 14:30:00+00:00,3370.0,3120.14,249.86000000000013,3345.014,2024-11-21 18:55:00+00:00,2024-11-21 20:00:00+00:00,False,,,False,,,,,NO_SAME_BAR_RECLAIM,,,False,False,,
development|2024-11-29|2024-11-29 14:10:00+00:00,development,2024-11-29,BLIND_TOUCH,2024-11-29 14:10:00+00:00,3618.0,3547.58,70.42000000000007,3610.958,2024-11-29 14:35:00+00:00,2024-11-29 20:00:00+00:00,True,2024-11-29 14:10:00+00:00,BLIND_LIMIT,True,2024-11-29 14:10:00+00:00,3610.958,0.9,0.09999999999999998,EXECUTED,STRICT_BREAKOUT,2024-11-29 14:40:00+00:00,True,True,0.0,0.0
development|2024-11-29|2024-11-29 14:10:00+00:00,development,2024-11-29,EARLY_RECLAIM,2024-11-29 14:10:00+00:00,3618.0,3547.58,70.42000000000007,3610.958,2024-11-29 14:35:00+00:00,2024-11-29 20:00:00+00:00,False,,,False,,,,,H2_BEFORE_CONFIRMATION,,,False,False,,
development|2024-11-29|2024-11-29 14:10:00+00:00,development,2024-11-29,SAME_BAR_REJECTION,2024-11-29 14:10:00+00:00,3618.0,3547.58,70.42000000000007,3610.958,2024-11-29 14:35:00+00:00,2024-11-29 20:00:00+00:00,False,,,False,,,,,NO_SAME_BAR_RECLAIM,,,False,False,,
development|2024-12-13|2024-12-13 14:00:00+00:00,development,2024-12-13,BLIND_TOUCH,2024-12-13 14:00:00+00:00,3931.47,3870.85,60.61999999999989,3925.408,2024-12-13 14:05:00+00:00,2024-12-13 20:00:00+00:00,True,2024-12-13 14:00:00+00:00,BLIND_LIMIT,True,2024-12-13 14:00:00+00:00,3925.408,0.9,0.09999999999999998,EXECUTED,STRICT_BREAKOUT,2024-12-13 14:30:00+00:00,True,True,0.0,0.0
development|2024-12-13|2024-12-13 14:00:00+00:00,development,2024-12-13,EARLY_RECLAIM,2024-12-13 14:00:00+00:00,3931.47,3870.85,60.61999999999989,3925.408,2024-12-13 14:05:00+00:00,2024-12-13 20:00:00+00:00,False,,,False,,,,,H2_BEFORE_CONFIRMATION,,,False,False,,
development|2024-12-13|2024-12-13 14:00:00+00:00,development,2024-12-13,SAME_BAR_REJECTION,2024-12-13 14:00:00+00:00,3931.47,3870.85,60.61999999999989,3925.408,2024-12-13 14:05:00+00:00,2024-12-13 20:00:00+00:00,False,,,False,,,,,NO_SAME_BAR_RECLAIM,,,False,False,,
external|2020-01-24|2020-01-24 14:20:00+00:00,external,2020-01-24,BLIND_TOUCH,2020-01-24 14:20:00+00:00,162.15,155.72,6.430000000000007,161.507,2020-01-24 14:30:00+00:00,2020-01-24 20:00:00+00:00,True,2020-01-24 14:20:00+00:00,BLIND_LIMIT,True,2020-01-24 14:20:00+00:00,161.507,0.9,0.09999999999999998,EXECUTED,STRICT_BREAKOUT,2020-01-24 14:30:00+00:00,True,True,0.0,0.0
external|2020-01-24|2020-01-24 14:20:00+00:00,external,2020-01-24,EARLY_RECLAIM,2020-01-24 14:20:00+00:00,162.15,155.72,6.430000000000007,161.507,2020-01-24 14:30:00+00:00,2020-01-24 20:00:00+00:00,True,2020-01-24 14:20:00+00:00,SAME_BAR,True,2020-01-24 14:25:00+00:00,161.7,0.9300155520995309,0.0699844479004691,EXECUTED,STRICT_BREAKOUT,2020-01-24 14:30:00+00:00,True,True,0.0,5.0
external|2020-01-24|2020-01-24 14:20:00+00:00,external,2020-01-24,SAME_BAR_REJECTION,2020-01-24 14:20:00+00:00,162.15,155.72,6.430000000000007,161.507,2020-01-24 14:30:00+00:00,2020-01-24 20:00:00+00:00,True,2020-01-24 14:20:00+00:00,SAME_BAR,True,2020-01-24 14:25:00+00:00,161.7,0.9300155520995309,0.0699844479004691,EXECUTED,STRICT_BREAKOUT,2020-01-24 14:30:00+00:00,True,True,0.0,5.0
external|2020-02-04|2020-02-04 15:25:00+00:00,external,2020-02-04,BLIND_TOUCH,2020-02-04 15:25:00+00:00,188.6,184.71,3.8899999999999864,188.21099999999998,2020-02-04 15:40:00+00:00,2020-02-04 20:00:00+00:00,True,2020-02-04 15:25:00+00:00,BLIND_LIMIT,True,2020-02-04 15:25:00+00:00,188.21099999999998,0.9,0.09999999999999998,EXECUTED,STRICT_BREAKOUT,2020-02-04 16:00:00+00:00,True,True,0.0,0.0
external|2020-02-04|2020-02-04 15:25:00+00:00,external,2020-02-04,EARLY_RECLAIM,2020-02-04 15:25:00+00:00,188.6,184.71,3.8899999999999864,188.21099999999998,2020-02-04 15:40:00+00:00,2020-02-04 20:00:00+00:00,False,,,False,,,,,H2_BEFORE_CONFIRMATION,,,False,False,,
external|2020-02-04|2020-02-04 15:25:00+00:00,external,2020-02-04,SAME_BAR_REJECTION,2020-02-04 15:25:00+00:00,188.6,184.71,3.8899999999999864,188.21099999999998,2020-02-04 15:40:00+00:00,2020-02-04 20:00:00+00:00,False,,,False,,,,,NO_SAME_BAR_RECLAIM,,,False,False,,
external|2020-02-19|2020-02-19 16:25:00+00:00,external,2020-02-19,BLIND_TOUCH,2020-02-19 16:25:00+00:00,283.46,274.54,8.919999999999959,282.568,2020-02-19 17:05:00+00:00,2020-02-19 20:00:00+00:00,True,2020-02-19 16:25:00+00:00,BLIND_LIMIT,True,2020-02-19 16:25:00+00:00,282.568,0.9,0.09999999999999998,EXECUTED,STRICT_BREAKOUT,2020-02-19 17:20:00+00:00,True,True,0.0,0.0
external|2020-02-19|2020-02-19 16:25:00+00:00,external,2020-02-19,EARLY_RECLAIM,2020-02-19 16:25:00+00:00,283.46,274.54,8.919999999999959,282.568,2020-02-19 17:05:00+00:00,2020-02-19 20:00:00+00:00,True,2020-02-19 16:40:00+00:00,LATER_RECLAIM,True,2020-02-19 16:45:00+00:00,282.64,0.9080717488789241,0.09192825112107594,EXECUTED,STRICT_BREAKOUT,2020-02-19 17:20:00+00:00,True,True,15.0,20.0
external|2020-02-19|2020-02-19 16:25:00+00:00,external,2020-02-19,SAME_BAR_REJECTION,2020-02-19 16:25:00+00:00,283.46,274.54,8.919999999999959,282.568,2020-02-19 17:05:00+00:00,2020-02-19 20:00:00+00:00,False,,,False,,,,,NO_SAME_BAR_RECLAIM,,,False,False,,
external|2020-03-02|2020-03-02 13:45:00+00:00,external,2020-03-02,BLIND_TOUCH,2020-03-02 13:45:00+00:00,228.0,219.83,8.169999999999987,227.183,2020-03-02 14:00:00+00:00,2020-03-02 20:00:00+00:00,True,2020-03-02 13:45:00+00:00,BLIND_LIMIT,True,2020-03-02 13:45:00+00:00,227.183,0.9,0.09999999999999998,EXECUTED,STRICT_BREAKOUT,2020-03-02 14:20:00+00:00,True,True,0.0,0.0
external|2020-03-02|2020-03-02 13:45:00+00:00,external,2020-03-02,EARLY_RECLAIM,2020-03-02 13:45:00+00:00,228.0,219.83,8.169999999999987,227.183,2020-03-02 14:00:00+00:00,2020-03-02 20:00:00+00:00,True,2020-03-02 13:55:00+00:00,LATER_RECLAIM,True,2020-03-02 14:00:00+00:00,227.39,0.9253365973072197,0.07466340269278027,EXECUTED,STRICT_BREAKOUT,2020-03-02 14:20:00+00:00,True,True,10.0,15.0
external|2020-03-02|2020-03-02 13:45:00+00:00,external,2020-03-02,SAME_BAR_REJECTION,2020-03-02 13:45:00+00:00,228.0,219.83,8.169999999999987,227.183,2020-03-02 14:00:00+00:00,2020-03-02 20:00:00+00:00,False,,,False,,,,,NO_SAME_BAR_RECLAIM,,,False,False,,
external|2020-03-31|2020-03-31 16:05:00+00:00,external,2020-03-31,BLIND_TOUCH,2020-03-31 16:05:00+00:00,133.26,131.0,2.259999999999991,133.034,2020-03-31 19:50:00+00:00,2020-03-31 20:00:00+00:00,True,2020-03-31 16:05:00+00:00,BLIND_LIMIT,True,2020-03-31 16:05:00+00:00,133.034,0.9,0.09999999999999998,EXECUTED,NO_BREAK_BY_END,,False,True,0.0,0.0
external|2020-03-31|2020-03-31 16:05:00+00:00,external,2020-03-31,EARLY_RECLAIM,2020-03-31 16:05:00+00:00,133.26,131.0,2.259999999999991,133.034,2020-03-31 19:50:00+00:00,2020-03-31 20:00:00+00:00,False,,,False,,,,,H2_BEFORE_CONFIRMATION,,,False,False,,
external|2020-03-31|2020-03-31 16:05:00+00:00,external,2020-03-31,SAME_BAR_REJECTION,2020-03-31 16:05:00+00:00,133.26,131.0,2.259999999999991,133.034,2020-03-31 19:50:00+00:00,2020-03-31 20:00:00+00:00,False,,,False,,,,,NO_SAME_BAR_RECLAIM,,,False,False,,
external|2020-04-06|2020-04-06 15:35:00+00:00,external,2020-04-06,BLIND_TOUCH,2020-04-06 15:35:00+00:00,158.4,149.06,9.340000000000003,157.466,2020-04-06 15:40:00+00:00,2020-04-06 20:00:00+00:00,True,2020-04-06 15:35:00+00:00,BLIND_LIMIT,True,2020-04-06 15:35:00+00:00,157.466,0.9,0.09999999999999998,EXECUTED,STRICT_BREAKOUT,2020-04-06 15:40:00+00:00,True,True,0.0,0.0
external|2020-04-06|2020-04-06 15:35:00+00:00,external,2020-04-06,EARLY_RECLAIM,2020-04-06 15:35:00+00:00,158.4,149.06,9.340000000000003,157.466,2020-04-06 15:40:00+00:00,2020-04-06 20:00:00+00:00,True,2020-04-06 15:35:00+00:00,SAME_BAR,True,2020-04-06 15:40:00+00:00,157.68,0.922912205567452,0.07708779443254798,EXECUTED,STRICT_BREAKOUT,2020-04-06 15:40:00+00:00,True,True,0.0,5.0
external|2020-04-06|2020-04-06 15:35:00+00:00,external,2020-04-06,SAME_BAR_REJECTION,2020-04-06 15:35:00+00:00,158.4,149.06,9.340000000000003,157.466,2020-04-06 15:40:00+00:00,2020-04-06 20:00:00+00:00,True,2020-04-06 15:35:00+00:00,SAME_BAR,True,2020-04-06 15:40:00+00:00,157.68,0.922912205567452,0.07708779443254798,EXECUTED,STRICT_BREAKOUT,2020-04-06 15:40:00+00:00,True,True,0.0,5.0
external|2020-04-21|2020-04-21 14:40:00+00:00,external,2020-04-21,BLIND_TOUCH,2020-04-21 14:40:00+00:00,173.36,167.92,5.440000000000026,172.816,,2020-04-21 20:00:00+00:00,True,2020-04-21 14:40:00+00:00,BLIND_LIMIT,True,2020-04-21 14:40:00+00:00,172.816,0.9,0.09999999999999998,EXECUTED,NO_BREAK_BY_END,,False,False,0.0,0.0
external|2020-04-21|2020-04-21 14:40:00+00:00,external,2020-04-21,EARLY_RECLAIM,2020-04-21 14:40:00+00:00,173.36,167.92,5.440000000000026,172.816,,2020-04-21 20:00:00+00:00,True,2020-04-21 17:50:00+00:00,LATER_RECLAIM,True,2020-04-21 17:55:00+00:00,172.85,0.9062499999999969,0.09375000000000311,EXECUTED,NO_BREAK_BY_END,,False,False,190.0,195.0
external|2020-04-21|2020-04-21 14:40:00+00:00,external,2020-04-21,SAME_BAR_REJECTION,2020-04-21 14:40:00+00:00,173.36,167.92,5.440000000000026,172.816,,2020-04-21 20:00:00+00:00,False,,,False,,,,,NO_SAME_BAR_RECLAIM,,,False,False,,
external|2020-06-01|2020-06-01 16:15:00+00:00,external,2020-06-01,BLIND_TOUCH,2020-06-01 16:15:00+00:00,240.7,234.72,5.97999999999999,240.10199999999998,,2020-06-01 20:00:00+00:00,True,2020-06-01 16:15:00+00:00,BLIND_LIMIT,True,2020-06-01 16:15:00+00:00,240.10199999999998,0.9,0.09999999999999998,EXECUTED,NO_BREAK_BY_END,,False,False,0.0,0.0
external|2020-06-01|2020-06-01 16:15:00+00:00,external,2020-06-01,EARLY_RECLAIM,2020-06-01 16:15:00+00:00,240.7,234.72,5.97999999999999,240.10199999999998,,2020-06-01 20:00:00+00:00,False,,,False,,,,,SESSION_END_BEFORE_CONFIRMATION,,,False,False,,
external|2020-06-01|2020-06-01 16:15:00+00:00,external,2020-06-01,SAME_BAR_REJECTION,2020-06-01 16:15:00+00:00,240.7,234.72,5.97999999999999,240.10199999999998,,2020-06-01 20:00:00+00:00,False,,,False,,,,,NO_SAME_BAR_RECLAIM,,,False,False,,
external|2020-06-10|2020-06-10 16:10:00+00:00,external,2020-06-10,BLIND_TOUCH,2020-06-10 16:10:00+00:00,243.96,242.5,1.460000000000008,243.81400000000002,2020-06-10 18:10:00+00:00,2020-06-10 20:00:00+00:00,True,2020-06-10 16:10:00+00:00,BLIND_LIMIT,True,2020-06-10 16:10:00+00:00,243.81400000000002,0.9,0.09999999999999998,EXECUTED,STRICT_BREAKOUT,2020-06-10 18:10:00+00:00,True,True,0.0,0.0
external|2020-06-10|2020-06-10 16:10:00+00:00,external,2020-06-10,EARLY_RECLAIM,2020-06-10 16:10:00+00:00,243.96,242.5,1.460000000000008,243.81400000000002,2020-06-10 18:10:00+00:00,2020-06-10 20:00:00+00:00,False,,,False,,,,,H2_BEFORE_CONFIRMATION,,,False,False,,
external|2020-06-10|2020-06-10 16:10:00+00:00,external,2020-06-10,SAME_BAR_REJECTION,2020-06-10 16:10:00+00:00,243.96,242.5,1.460000000000008,243.81400000000002,2020-06-10 18:10:00+00:00,2020-06-10 20:00:00+00:00,False,,,False,,,,,NO_SAME_BAR_RECLAIM,,,False,False,,
external|2020-06-23|2020-06-23 15:50:00+00:00,external,2020-06-23,BLIND_TOUCH,2020-06-23 15:50:00+00:00,244.2,241.41,2.789999999999992,243.921,2020-06-23 15:55:00+00:00,2020-06-23 20:00:00+00:00,True,2020-06-23 15:50:00+00:00,BLIND_LIMIT,True,2020-06-23 15:50:00+00:00,243.921,0.9,0.09999999999999998,EXECUTED,STRICT_BREAKOUT,2020-06-23 15:55:00+00:00,True,True,0.0,0.0
external|2020-06-23|2020-06-23 15:50:00+00:00,external,2020-06-23,EARLY_RECLAIM,2020-06-23 15:50:00+00:00,244.2,241.41,2.789999999999992,243.921,2020-06-23 15:55:00+00:00,2020-06-23 20:00:00+00:00,True,2020-06-23 15:50:00+00:00,SAME_BAR,True,2020-06-23 15:55:00+00:00,244.09,0.9605734767025141,0.03942652329748586,EXECUTED,STRICT_BREAKOUT,2020-06-23 15:55:00+00:00,True,True,0.0,5.0
external|2020-06-23|2020-06-23 15:50:00+00:00,external,2020-06-23,SAME_BAR_REJECTION,2020-06-23 15:50:00+00:00,244.2,241.41,2.789999999999992,243.921,2020-06-23 15:55:00+00:00,2020-06-23 20:00:00+00:00,True,2020-06-23 15:50:00+00:00,SAME_BAR,True,2020-06-23 15:55:00+00:00,244.09,0.9605734767025141,0.03942652329748586,EXECUTED,STRICT_BREAKOUT,2020-06-23 15:55:00+00:00,True,True,0.0,5.0
external|2020-07-01|2020-07-01 13:50:00+00:00,external,2020-07-01,BLIND_TOUCH,2020-07-01 13:50:00+00:00,229.13,225.49,3.6399999999999864,228.766,2020-07-01 14:30:00+00:00,2020-07-01 20:00:00+00:00,True,2020-07-01 13:50:00+00:00,BLIND_LIMIT,True,2020-07-01 13:50:00+00:00,228.766,0.9,0.09999999999999998,EXECUTED,STRICT_BREAKOUT,2020-07-01 15:55:00+00:00,True,True,0.0,0.0
external|2020-07-01|2020-07-01 13:50:00+00:00,external,2020-07-01,EARLY_RECLAIM,2020-07-01 13:50:00+00:00,229.13,225.49,3.6399999999999864,228.766,2020-07-01 14:30:00+00:00,2020-07-01 20:00:00+00:00,True,2020-07-01 14:10:00+00:00,LATER_RECLAIM,True,2020-07-01 14:15:00+00:00,228.81,0.9120879120879136,0.08791208791208638,EXECUTED,STRICT_BREAKOUT,2020-07-01 15:55:00+00:00,True,True,20.0,25.0
external|2020-07-01|2020-07-01 13:50:00+00:00,external,2020-07-01,SAME_BAR_REJECTION,2020-07-01 13:50:00+00:00,229.13,225.49,3.6399999999999864,228.766,2020-07-01 14:30:00+00:00,2020-07-01 20:00:00+00:00,False,,,False,,,,,NO_SAME_BAR_RECLAIM,,,False,False,,
external|2020-07-14|2020-07-14 17:55:00+00:00,external,2020-07-14,BLIND_TOUCH,2020-07-14 17:55:00+00:00,241.55,237.73,3.8200000000000216,241.168,2020-07-14 19:50:00+00:00,2020-07-14 20:00:00+00:00,True,2020-07-14 17:55:00+00:00,BLIND_LIMIT,True,2020-07-14 17:55:00+00:00,241.168,0.9,0.09999999999999998,EXECUTED,NO_BREAK_BY_END,,False,True,0.0,0.0
external|2020-07-14|2020-07-14 17:55:00+00:00,external,2020-07-14,EARLY_RECLAIM,2020-07-14 17:55:00+00:00,241.55,237.73,3.8200000000000216,241.168,2020-07-14 19:50:00+00:00,2020-07-14 20:00:00+00:00,True,2020-07-14 18:30:00+00:00,LATER_RECLAIM,True,2020-07-14 18:35:00+00:00,241.26,0.9240837696335029,0.07591623036649708,EXECUTED,NO_BREAK_BY_END,,False,True,35.0,40.0
external|2020-07-14|2020-07-14 17:55:00+00:00,external,2020-07-14,SAME_BAR_REJECTION,2020-07-14 17:55:00+00:00,241.55,237.73,3.8200000000000216,241.168,2020-07-14 19:50:00+00:00,2020-07-14 20:00:00+00:00,False,,,False,,,,,NO_SAME_BAR_RECLAIM,,,False,False,,
external|2020-07-16|2020-07-16 15:40:00+00:00,external,2020-07-16,BLIND_TOUCH,2020-07-16 15:40:00+00:00,233.29,230.17,3.1200000000000045,232.97799999999998,2020-07-16 16:05:00+00:00,2020-07-16 20:00:00+00:00,True,2020-07-16 15:40:00+00:00,BLIND_LIMIT,True,2020-07-16 15:40:00+00:00,232.97799999999998,0.9,0.09999999999999998,EXECUTED,STRICT_BREAKOUT,2020-07-16 16:05:00+00:00,True,True,0.0,0.0
external|2020-07-16|2020-07-16 15:40:00+00:00,external,2020-07-16,EARLY_RECLAIM,2020-07-16 15:40:00+00:00,233.29,230.17,3.1200000000000045,232.97799999999998,2020-07-16 16:05:00+00:00,2020-07-16 20:00:00+00:00,True,2020-07-16 15:55:00+00:00,LATER_RECLAIM,True,2020-07-16 16:00:00+00:00,233.09,0.9358974358974397,0.06410256410256032,EXECUTED,STRICT_BREAKOUT,2020-07-16 16:05:00+00:00,True,True,15.0,20.0
external|2020-07-16|2020-07-16 15:40:00+00:00,external,2020-07-16,SAME_BAR_REJECTION,2020-07-16 15:40:00+00:00,233.29,230.17,3.1200000000000045,232.97799999999998,2020-07-16 16:05:00+00:00,2020-07-16 20:00:00+00:00,False,,,False,,,,,NO_SAME_BAR_RECLAIM,,,False,False,,
external|2020-08-05|2020-08-05 19:35:00+00:00,external,2020-08-05,BLIND_TOUCH,2020-08-05 19:35:00+00:00,402.11,389.5,12.610000000000014,400.849,,2020-08-05 20:00:00+00:00,True,2020-08-05 19:35:00+00:00,BLIND_LIMIT,True,2020-08-05 19:35:00+00:00,400.849,0.9,0.09999999999999998,EXECUTED,NO_BREAK_BY_END,,False,False,0.0,0.0
external|2020-08-05|2020-08-05 19:35:00+00:00,external,2020-08-05,EARLY_RECLAIM,2020-08-05 19:35:00+00:00,402.11,389.5,12.610000000000014,400.849,,2020-08-05 20:00:00+00:00,True,2020-08-05 19:35:00+00:00,SAME_BAR,True,2020-08-05 19:40:00+00:00,400.9,0.9040444091990456,0.0959555908009544,EXECUTED,NO_BREAK_BY_END,,False,False,0.0,5.0
external|2020-08-05|2020-08-05 19:35:00+00:00,external,2020-08-05,SAME_BAR_REJECTION,2020-08-05 19:35:00+00:00,402.11,389.5,12.610000000000014,400.849,,2020-08-05 20:00:00+00:00,True,2020-08-05 19:35:00+00:00,SAME_BAR,True,2020-08-05 19:40:00+00:00,400.9,0.9040444091990456,0.0959555908009544,EXECUTED,NO_BREAK_BY_END,,False,False,0.0,5.0
external|2020-08-17|2020-08-17 14:55:00+00:00,external,2020-08-17,BLIND_TOUCH,2020-08-17 14:55:00+00:00,433.22,422.6,10.620000000000005,432.158,2020-08-17 15:45:00+00:00,2020-08-17 20:00:00+00:00,True,2020-08-17 14:55:00+00:00,BLIND_LIMIT,True,2020-08-17 14:55:00+00:00,432.158,0.9,0.09999999999999998,EXECUTED,STRICT_BREAKOUT,2020-08-17 15:45:00+00:00,True,True,0.0,0.0
external|2020-08-17|2020-08-17 14:55:00+00:00,external,2020-08-17,EARLY_RECLAIM,2020-08-17 14:55:00+00:00,433.22,422.6,10.620000000000005,432.158,2020-08-17 15:45:00+00:00,2020-08-17 20:00:00+00:00,True,2020-08-17 15:40:00+00:00,LATER_RECLAIM,True,2020-08-17 15:45:00+00:00,432.41,0.9237288135593219,0.0762711864406781,EXECUTED,STRICT_BREAKOUT,2020-08-17 15:45:00+00:00,True,True,45.0,50.0
external|2020-08-17|2020-08-17 14:55:00+00:00,external,2020-08-17,SAME_BAR_REJECTION,2020-08-17 14:55:00+00:00,433.22,422.6,10.620000000000005,432.158,2020-08-17 15:45:00+00:00,2020-08-17 20:00:00+00:00,False,,,False,,,,,NO_SAME_BAR_RECLAIM,,,False,False,,
external|2020-08-20|2020-08-20 13:45:00+00:00,external,2020-08-20,BLIND_TOUCH,2020-08-20 13:45:00+00:00,412.23,403.5,8.730000000000018,411.357,2020-08-20 13:55:00+00:00,2020-08-20 20:00:00+00:00,True,2020-08-20 13:45:00+00:00,BLIND_LIMIT,True,2020-08-20 13:45:00+00:00,411.357,0.9,0.09999999999999998,EXECUTED,STRICT_BREAKOUT,2020-08-20 13:55:00+00:00,True,True,0.0,0.0
external|2020-08-20|2020-08-20 13:45:00+00:00,external,2020-08-20,EARLY_RECLAIM,2020-08-20 13:45:00+00:00,412.23,403.5,8.730000000000018,411.357,2020-08-20 13:55:00+00:00,2020-08-20 20:00:00+00:00,True,2020-08-20 13:50:00+00:00,LATER_RECLAIM,True,2020-08-20 13:55:00+00:00,412.08,0.9828178694158037,0.017182130584196265,EXECUTED,STRICT_BREAKOUT,2020-08-20 13:55:00+00:00,True,True,5.0,10.0
external|2020-08-20|2020-08-20 13:45:00+00:00,external,2020-08-20,SAME_BAR_REJECTION,2020-08-20 13:45:00+00:00,412.23,403.5,8.730000000000018,411.357,2020-08-20 13:55:00+00:00,2020-08-20 20:00:00+00:00,False,,,False,,,,,NO_SAME_BAR_RECLAIM,,,False,False,,
external|2020-09-14|2020-09-14 13:40:00+00:00,external,2020-09-14,BLIND_TOUCH,2020-09-14 13:40:00+00:00,375.95,361.42,14.529999999999973,374.497,2020-09-14 14:00:00+00:00,2020-09-14 20:00:00+00:00,True,2020-09-14 13:40:00+00:00,BLIND_LIMIT,True,2020-09-14 13:40:00+00:00,374.497,0.9,0.09999999999999998,EXECUTED,STRICT_BREAKOUT,2020-09-14 15:15:00+00:00,True,True,0.0,0.0
external|2020-09-14|2020-09-14 13:40:00+00:00,external,2020-09-14,EARLY_RECLAIM,2020-09-14 13:40:00+00:00,375.95,361.42,14.529999999999973,374.497,2020-09-14 14:00:00+00:00,2020-09-14 20:00:00+00:00,True,2020-09-14 13:40:00+00:00,SAME_BAR,True,2020-09-14 13:45:00+00:00,374.58,0.9057123193392975,0.09428768066070248,EXECUTED,STRICT_BREAKOUT,2020-09-14 15:15:00+00:00,True,True,0.0,5.0
external|2020-09-14|2020-09-14 13:40:00+00:00,external,2020-09-14,SAME_BAR_REJECTION,2020-09-14 13:40:00+00:00,375.95,361.42,14.529999999999973,374.497,2020-09-14 14:00:00+00:00,2020-09-14 20:00:00+00:00,True,2020-09-14 13:40:00+00:00,SAME_BAR,True,2020-09-14 13:45:00+00:00,374.58,0.9057123193392975,0.09428768066070248,EXECUTED,STRICT_BREAKOUT,2020-09-14 15:15:00+00:00,True,True,0.0,5.0
external|2020-09-16|2020-09-16 15:45:00+00:00,external,2020-09-16,BLIND_TOUCH,2020-09-16 15:45:00+00:00,370.6,360.75,9.850000000000023,369.615,2020-09-16 16:00:00+00:00,2020-09-16 20:00:00+00:00,True,2020-09-16 15:45:00+00:00,BLIND_LIMIT,True,2020-09-16 15:45:00+00:00,369.615,0.9,0.09999999999999998,EXECUTED,STRICT_BREAKOUT,2020-09-16 16:00:00+00:00,True,True,0.0,0.0
external|2020-09-16|2020-09-16 15:45:00+00:00,external,2020-09-16,EARLY_RECLAIM,2020-09-16 15:45:00+00:00,370.6,360.75,9.850000000000023,369.615,2020-09-16 16:00:00+00:00,2020-09-16 20:00:00+00:00,True,2020-09-16 15:45:00+00:00,SAME_BAR,True,2020-09-16 15:50:00+00:00,370.13,0.9522842639593883,0.047715736040611745,EXECUTED,STRICT_BREAKOUT,2020-09-16 16:00:00+00:00,True,True,0.0,5.0
external|2020-09-16|2020-09-16 15:45:00+00:00,external,2020-09-16,SAME_BAR_REJECTION,2020-09-16 15:45:00+00:00,370.6,360.75,9.850000000000023,369.615,2020-09-16 16:00:00+00:00,2020-09-16 20:00:00+00:00,True,2020-09-16 15:45:00+00:00,SAME_BAR,True,2020-09-16 15:50:00+00:00,370.13,0.9522842639593883,0.047715736040611745,EXECUTED,STRICT_BREAKOUT,2020-09-16 16:00:00+00:00,True,True,0.0,5.0
external|2020-09-25|2020-09-25 17:10:00+00:00,external,2020-09-25,BLIND_TOUCH,2020-09-25 17:10:00+00:00,348.67,337.5,11.170000000000016,347.553,2020-09-25 17:40:00+00:00,2020-09-25 20:00:00+00:00,True,2020-09-25 17:10:00+00:00,BLIND_LIMIT,True,2020-09-25 17:10:00+00:00,347.553,0.9,0.09999999999999998,EXECUTED,STRICT_BREAKOUT,2020-09-25 17:40:00+00:00,True,True,0.0,0.0
external|2020-09-25|2020-09-25 17:10:00+00:00,external,2020-09-25,EARLY_RECLAIM,2020-09-25 17:10:00+00:00,348.67,337.5,11.170000000000016,347.553,2020-09-25 17:40:00+00:00,2020-09-25 20:00:00+00:00,True,2020-09-25 17:10:00+00:00,SAME_BAR,True,2020-09-25 17:15:00+00:00,347.61,0.9051029543419874,0.0948970456580126,EXECUTED,STRICT_BREAKOUT,2020-09-25 17:40:00+00:00,True,True,0.0,5.0
external|2020-09-25|2020-09-25 17:10:00+00:00,external,2020-09-25,SAME_BAR_REJECTION,2020-09-25 17:10:00+00:00,348.67,337.5,11.170000000000016,347.553,2020-09-25 17:40:00+00:00,2020-09-25 20:00:00+00:00,True,2020-09-25 17:10:00+00:00,SAME_BAR,True,2020-09-25 17:15:00+00:00,347.61,0.9051029543419874,0.0948970456580126,EXECUTED,STRICT_BREAKOUT,2020-09-25 17:40:00+00:00,True,True,0.0,5.0
external|2020-09-30|2020-09-30 13:55:00+00:00,external,2020-09-30,BLIND_TOUCH,2020-09-30 13:55:00+00:00,356.1,351.02,5.080000000000041,355.59200000000004,2020-09-30 14:00:00+00:00,2020-09-30 20:00:00+00:00,True,2020-09-30 13:55:00+00:00,BLIND_LIMIT,True,2020-09-30 13:55:00+00:00,355.59200000000004,0.9,0.09999999999999998,EXECUTED,STRICT_BREAKOUT,2020-09-30 14:05:00+00:00,True,True,0.0,0.0
external|2020-09-30|2020-09-30 13:55:00+00:00,external,2020-09-30,EARLY_RECLAIM,2020-09-30 13:55:00+00:00,356.1,351.02,5.080000000000041,355.59200000000004,2020-09-30 14:00:00+00:00,2020-09-30 20:00:00+00:00,False,,,False,,,,,H2_BEFORE_CONFIRMATION,,,False,False,,
external|2020-09-30|2020-09-30 13:55:00+00:00,external,2020-09-30,SAME_BAR_REJECTION,2020-09-30 13:55:00+00:00,356.1,351.02,5.080000000000041,355.59200000000004,2020-09-30 14:00:00+00:00,2020-09-30 20:00:00+00:00,False,,,False,,,,,NO_SAME_BAR_RECLAIM,,,False,False,,
external|2020-10-02|2020-10-02 14:00:00+00:00,external,2020-10-02,BLIND_TOUCH,2020-10-02 14:00:00+00:00,343.4,334.01,9.389999999999986,342.46099999999996,2020-10-02 14:05:00+00:00,2020-10-02 20:00:00+00:00,True,2020-10-02 14:00:00+00:00,BLIND_LIMIT,True,2020-10-02 14:00:00+00:00,342.46099999999996,0.9,0.09999999999999998,EXECUTED,STRICT_BREAKOUT,2020-10-02 14:55:00+00:00,True,True,0.0,0.0
external|2020-10-02|2020-10-02 14:00:00+00:00,external,2020-10-02,EARLY_RECLAIM,2020-10-02 14:00:00+00:00,343.4,334.01,9.389999999999986,342.46099999999996,2020-10-02 14:05:00+00:00,2020-10-02 20:00:00+00:00,False,,,False,,,,,H2_BEFORE_CONFIRMATION,,,False,False,,
external|2020-10-02|2020-10-02 14:00:00+00:00,external,2020-10-02,SAME_BAR_REJECTION,2020-10-02 14:00:00+00:00,343.4,334.01,9.389999999999986,342.46099999999996,2020-10-02 14:05:00+00:00,2020-10-02 20:00:00+00:00,False,,,False,,,,,NO_SAME_BAR_RECLAIM,,,False,False,,
external|2020-10-05|2020-10-05 16:55:00+00:00,external,2020-10-05,BLIND_TOUCH,2020-10-05 16:55:00+00:00,354.2,349.5,4.699999999999989,353.73,,2020-10-05 20:00:00+00:00,True,2020-10-05 16:55:00+00:00,BLIND_LIMIT,True,2020-10-05 16:55:00+00:00,353.73,0.9,0.09999999999999998,EXECUTED,NO_BREAK_BY_END,,False,False,0.0,0.0
external|2020-10-05|2020-10-05 16:55:00+00:00,external,2020-10-05,EARLY_RECLAIM,2020-10-05 16:55:00+00:00,354.2,349.5,4.699999999999989,353.73,,2020-10-05 20:00:00+00:00,True,2020-10-05 16:55:00+00:00,SAME_BAR,True,2020-10-05 17:00:00+00:00,353.79,0.9127659574468151,0.0872340425531849,EXECUTED,NO_BREAK_BY_END,,False,False,0.0,5.0
external|2020-10-05|2020-10-05 16:55:00+00:00,external,2020-10-05,SAME_BAR_REJECTION,2020-10-05 16:55:00+00:00,354.2,349.5,4.699999999999989,353.73,,2020-10-05 20:00:00+00:00,True,2020-10-05 16:55:00+00:00,SAME_BAR,True,2020-10-05 17:00:00+00:00,353.79,0.9127659574468151,0.0872340425531849,EXECUTED,NO_BREAK_BY_END,,False,False,0.0,5.0
external|2020-10-30|2020-10-30 18:30:00+00:00,external,2020-10-30,BLIND_TOUCH,2020-10-30 18:30:00+00:00,384.0,373.03,10.970000000000027,382.903,2020-10-30 19:00:00+00:00,2020-10-30 20:00:00+00:00,True,2020-10-30 18:30:00+00:00,BLIND_LIMIT,True,2020-10-30 18:30:00+00:00,382.903,0.9,0.09999999999999998,EXECUTED,NO_BREAK_BY_END,,False,True,0.0,0.0
external|2020-10-30|2020-10-30 18:30:00+00:00,external,2020-10-30,EARLY_RECLAIM,2020-10-30 18:30:00+00:00,384.0,373.03,10.970000000000027,382.903,2020-10-30 19:00:00+00:00,2020-10-30 20:00:00+00:00,False,,,False,,,,,H2_BEFORE_CONFIRMATION,,,False,False,,
external|2020-10-30|2020-10-30 18:30:00+00:00,external,2020-10-30,SAME_BAR_REJECTION,2020-10-30 18:30:00+00:00,384.0,373.03,10.970000000000027,382.903,2020-10-30 19:00:00+00:00,2020-10-30 20:00:00+00:00,False,,,False,,,,,NO_SAME_BAR_RECLAIM,,,False,False,,
external|2020-11-04|2020-11-04 13:55:00+00:00,external,2020-11-04,BLIND_TOUCH,2020-11-04 13:55:00+00:00,384.29,376.65,7.640000000000043,383.526,2020-11-04 16:00:00+00:00,2020-11-04 20:00:00+00:00,True,2020-11-04 13:55:00+00:00,BLIND_LIMIT,True,2020-11-04 13:55:00+00:00,383.526,0.9,0.09999999999999998,EXECUTED,STRICT_BREAKOUT,2020-11-04 16:00:00+00:00,True,True,0.0,0.0
external|2020-11-04|2020-11-04 13:55:00+00:00,external,2020-11-04,EARLY_RECLAIM,2020-11-04 13:55:00+00:00,384.29,376.65,7.640000000000043,383.526,2020-11-04 16:00:00+00:00,2020-11-04 20:00:00+00:00,True,2020-11-04 15:50:00+00:00,LATER_RECLAIM,True,2020-11-04 15:55:00+00:00,383.56,0.9044502617801029,0.0955497382198971,EXECUTED,STRICT_BREAKOUT,2020-11-04 16:00:00+00:00,True,True,115.0,120.0
external|2020-11-04|2020-11-04 13:55:00+00:00,external,2020-11-04,SAME_BAR_REJECTION,2020-11-04 13:55:00+00:00,384.29,376.65,7.640000000000043,383.526,2020-11-04 16:00:00+00:00,2020-11-04 20:00:00+00:00,False,,,False,,,,,NO_SAME_BAR_RECLAIM,,,False,False,,
external|2020-11-05|2020-11-05 14:05:00+00:00,external,2020-11-05,BLIND_TOUCH,2020-11-05 14:05:00+00:00,411.49,395.89,15.600000000000023,409.93,2020-11-05 14:10:00+00:00,2020-11-05 20:00:00+00:00,True,2020-11-05 14:05:00+00:00,BLIND_LIMIT,True,2020-11-05 14:05:00+00:00,409.93,0.9,0.09999999999999998,EXECUTED,STRICT_BREAKOUT,2020-11-05 14:10:00+00:00,True,True,0.0,0.0
external|2020-11-05|2020-11-05 14:05:00+00:00,external,2020-11-05,EARLY_RECLAIM,2020-11-05 14:05:00+00:00,411.49,395.89,15.600000000000023,409.93,2020-11-05 14:10:00+00:00,2020-11-05 20:00:00+00:00,False,,,False,,,,,H2_BEFORE_CONFIRMATION,,,False,False,,
external|2020-11-05|2020-11-05 14:05:00+00:00,external,2020-11-05,SAME_BAR_REJECTION,2020-11-05 14:05:00+00:00,411.49,395.89,15.600000000000023,409.93,2020-11-05 14:10:00+00:00,2020-11-05 20:00:00+00:00,False,,,False,,,,,NO_SAME_BAR_RECLAIM,,,False,False,,
external|2020-11-19|2020-11-19 13:40:00+00:00,external,2020-11-19,BLIND_TOUCH,2020-11-19 13:40:00+00:00,477.0,465.15,11.850000000000023,475.815,2020-11-19 13:50:00+00:00,2020-11-19 20:00:00+00:00,True,2020-11-19 13:40:00+00:00,BLIND_LIMIT,True,2020-11-19 13:40:00+00:00,475.815,0.9,0.09999999999999998,EXECUTED,STRICT_BREAKOUT,2020-11-19 14:55:00+00:00,True,True,0.0,0.0
external|2020-11-19|2020-11-19 13:40:00+00:00,external,2020-11-19,EARLY_RECLAIM,2020-11-19 13:40:00+00:00,477.0,465.15,11.850000000000023,475.815,2020-11-19 13:50:00+00:00,2020-11-19 20:00:00+00:00,True,2020-11-19 13:40:00+00:00,SAME_BAR,True,2020-11-19 13:45:00+00:00,475.89,0.9063291139240497,0.09367088607595031,EXECUTED,STRICT_BREAKOUT,2020-11-19 14:55:00+00:00,True,True,0.0,5.0
external|2020-11-19|2020-11-19 13:40:00+00:00,external,2020-11-19,SAME_BAR_REJECTION,2020-11-19 13:40:00+00:00,477.0,465.15,11.850000000000023,475.815,2020-11-19 13:50:00+00:00,2020-11-19 20:00:00+00:00,True,2020-11-19 13:40:00+00:00,SAME_BAR,True,2020-11-19 13:45:00+00:00,475.89,0.9063291139240497,0.09367088607595031,EXECUTED,STRICT_BREAKOUT,2020-11-19 14:55:00+00:00,True,True,0.0,5.0
external|2020-11-20|2020-11-20 14:25:00+00:00,external,2020-11-20,BLIND_TOUCH,2020-11-20 14:25:00+00:00,511.21,490.62,20.589999999999975,509.15099999999995,2020-11-20 17:35:00+00:00,2020-11-20 20:00:00+00:00,True,2020-11-20 14:25:00+00:00,BLIND_LIMIT,True,2020-11-20 14:25:00+00:00,509.15099999999995,0.9,0.09999999999999998,EXECUTED,STRICT_BREAKOUT,2020-11-20 17:35:00+00:00,True,True,0.0,0.0
external|2020-11-20|2020-11-20 14:25:00+00:00,external,2020-11-20,EARLY_RECLAIM,2020-11-20 14:25:00+00:00,511.21,490.62,20.589999999999975,509.15099999999995,2020-11-20 17:35:00+00:00,2020-11-20 20:00:00+00:00,True,2020-11-20 16:05:00+00:00,LATER_RECLAIM,True,2020-11-20 16:10:00+00:00,509.69,0.9261777561923271,0.07382224380767288,EXECUTED,STRICT_BREAKOUT,2020-11-20 17:35:00+00:00,True,True,100.0,105.0
external|2020-11-20|2020-11-20 14:25:00+00:00,external,2020-11-20,SAME_BAR_REJECTION,2020-11-20 14:25:00+00:00,511.21,490.62,20.589999999999975,509.15099999999995,2020-11-20 17:35:00+00:00,2020-11-20 20:00:00+00:00,False,,,False,,,,,NO_SAME_BAR_RECLAIM,,,False,False,,
external|2020-12-30|2020-12-30 16:35:00+00:00,external,2020-12-30,BLIND_TOUCH,2020-12-30 16:35:00+00:00,738.46,717.52,20.940000000000055,736.366,2020-12-30 17:35:00+00:00,2020-12-30 20:00:00+00:00,True,2020-12-30 16:35:00+00:00,BLIND_LIMIT,True,2020-12-30 16:35:00+00:00,736.366,0.9,0.09999999999999998,EXECUTED,STRICT_BREAKOUT,2020-12-30 17:35:00+00:00,True,True,0.0,0.0
external|2020-12-30|2020-12-30 16:35:00+00:00,external,2020-12-30,EARLY_RECLAIM,2020-12-30 16:35:00+00:00,738.46,717.52,20.940000000000055,736.366,2020-12-30 17:35:00+00:00,2020-12-30 20:00:00+00:00,True,2020-12-30 17:00:00+00:00,LATER_RECLAIM,True,2020-12-30 17:05:00+00:00,736.99,0.9297994269340963,0.07020057306590366,EXECUTED,STRICT_BREAKOUT,2020-12-30 17:35:00+00:00,True,True,25.0,30.0
external|2020-12-30|2020-12-30 16:35:00+00:00,external,2020-12-30,SAME_BAR_REJECTION,2020-12-30 16:35:00+00:00,738.46,717.52,20.940000000000055,736.366,2020-12-30 17:35:00+00:00,2020-12-30 20:00:00+00:00,False,,,False,,,,,NO_SAME_BAR_RECLAIM,,,False,False,,
external|2021-01-29|2021-01-29 14:25:00+00:00,external,2021-01-29,BLIND_TOUCH,2021-01-29 14:25:00+00:00,1436.97,1295.92,141.04999999999995,1422.865,,2021-01-29 20:00:00+00:00,True,2021-01-29 14:25:00+00:00,BLIND_LIMIT,True,2021-01-29 14:25:00+00:00,1422.865,0.9,0.09999999999999998,EXECUTED,NO_BREAK_BY_END,,False,False,0.0,0.0
external|2021-01-29|2021-01-29 14:25:00+00:00,external,2021-01-29,EARLY_RECLAIM,2021-01-29 14:25:00+00:00,1436.97,1295.92,141.04999999999995,1422.865,,2021-01-29 20:00:00+00:00,False,,,False,,,,,SESSION_END_BEFORE_CONFIRMATION,,,False,False,,
external|2021-01-29|2021-01-29 14:25:00+00:00,external,2021-01-29,SAME_BAR_REJECTION,2021-01-29 14:25:00+00:00,1436.97,1295.92,141.04999999999995,1422.865,,2021-01-29 20:00:00+00:00,False,,,False,,,,,NO_SAME_BAR_RECLAIM,,,False,False,,
external|2021-02-03|2021-02-03 14:00:00+00:00,external,2021-02-03,BLIND_TOUCH,2021-02-03 14:00:00+00:00,1569.58,1515.5,54.07999999999993,1564.172,2021-02-03 15:15:00+00:00,2021-02-03 20:00:00+00:00,True,2021-02-03 14:00:00+00:00,BLIND_LIMIT,True,2021-02-03 14:00:00+00:00,1564.172,0.9,0.09999999999999998,EXECUTED,STRICT_BREAKOUT,2021-02-03 15:15:00+00:00,True,True,0.0,0.0
external|2021-02-03|2021-02-03 14:00:00+00:00,external,2021-02-03,EARLY_RECLAIM,2021-02-03 14:00:00+00:00,1569.58,1515.5,54.07999999999993,1564.172,2021-02-03 15:15:00+00:00,2021-02-03 20:00:00+00:00,False,,,False,,,,,H2_BEFORE_CONFIRMATION,,,False,False,,
external|2021-02-03|2021-02-03 14:00:00+00:00,external,2021-02-03,SAME_BAR_REJECTION,2021-02-03 14:00:00+00:00,1569.58,1515.5,54.07999999999993,1564.172,2021-02-03 15:15:00+00:00,2021-02-03 20:00:00+00:00,False,,,False,,,,,NO_SAME_BAR_RECLAIM,,,False,False,,
external|2021-02-08|2021-02-08 15:55:00+00:00,external,2021-02-08,BLIND_TOUCH,2021-02-08 15:55:00+00:00,1758.24,1627.11,131.1300000000001,1745.127,2021-02-08 16:00:00+00:00,2021-02-08 20:00:00+00:00,True,2021-02-08 15:55:00+00:00,BLIND_LIMIT,True,2021-02-08 15:55:00+00:00,1745.127,0.9,0.09999999999999998,EXECUTED,STRICT_BREAKOUT,2021-02-08 16:00:00+00:00,True,True,0.0,0.0
external|2021-02-08|2021-02-08 15:55:00+00:00,external,2021-02-08,EARLY_RECLAIM,2021-02-08 15:55:00+00:00,1758.24,1627.11,131.1300000000001,1745.127,2021-02-08 16:00:00+00:00,2021-02-08 20:00:00+00:00,False,,,False,,,,,H2_BEFORE_CONFIRMATION,,,False,False,,
external|2021-02-08|2021-02-08 15:55:00+00:00,external,2021-02-08,SAME_BAR_REJECTION,2021-02-08 15:55:00+00:00,1758.24,1627.11,131.1300000000001,1745.127,2021-02-08 16:00:00+00:00,2021-02-08 20:00:00+00:00,False,,,False,,,,,NO_SAME_BAR_RECLAIM,,,False,False,,
external|2021-02-23|2021-02-23 15:55:00+00:00,external,2021-02-23,BLIND_TOUCH,2021-02-23 15:55:00+00:00,1601.51,1348.17,253.33999999999992,1576.176,2021-02-23 16:00:00+00:00,2021-02-23 20:00:00+00:00,True,2021-02-23 15:55:00+00:00,BLIND_LIMIT,True,2021-02-23 15:55:00+00:00,1576.176,0.9,0.09999999999999998,EXECUTED,STRICT_BREAKOUT,2021-02-23 16:00:00+00:00,True,True,0.0,0.0
external|2021-02-23|2021-02-23 15:55:00+00:00,external,2021-02-23,EARLY_RECLAIM,2021-02-23 15:55:00+00:00,1601.51,1348.17,253.33999999999992,1576.176,2021-02-23 16:00:00+00:00,2021-02-23 20:00:00+00:00,False,,,False,,,,,H2_BEFORE_CONFIRMATION,,,False,False,,
external|2021-02-23|2021-02-23 15:55:00+00:00,external,2021-02-23,SAME_BAR_REJECTION,2021-02-23 15:55:00+00:00,1601.51,1348.17,253.33999999999992,1576.176,2021-02-23 16:00:00+00:00,2021-02-23 20:00:00+00:00,False,,,False,,,,,NO_SAME_BAR_RECLAIM,,,False,False,,
external|2021-03-01|2021-03-01 14:45:00+00:00,external,2021-03-01,BLIND_TOUCH,2021-03-01 14:45:00+00:00,1541.0,1438.85,102.15000000000009,1530.785,2021-03-01 15:10:00+00:00,2021-03-01 20:00:00+00:00,True,2021-03-01 14:45:00+00:00,BLIND_LIMIT,True,2021-03-01 14:45:00+00:00,1530.785,0.9,0.09999999999999998,EXECUTED,STRICT_BREAKOUT,2021-03-01 15:10:00+00:00,True,True,0.0,0.0
external|2021-03-01|2021-03-01 14:45:00+00:00,external,2021-03-01,EARLY_RECLAIM,2021-03-01 14:45:00+00:00,1541.0,1438.85,102.15000000000009,1530.785,2021-03-01 15:10:00+00:00,2021-03-01 20:00:00+00:00,True,2021-03-01 15:00:00+00:00,LATER_RECLAIM,True,2021-03-01 15:05:00+00:00,1533.07,0.9223690651003421,0.07763093489965789,EXECUTED,STRICT_BREAKOUT,2021-03-01 15:10:00+00:00,True,True,15.0,20.0
external|2021-03-01|2021-03-01 14:45:00+00:00,external,2021-03-01,SAME_BAR_REJECTION,2021-03-01 14:45:00+00:00,1541.0,1438.85,102.15000000000009,1530.785,2021-03-01 15:10:00+00:00,2021-03-01 20:00:00+00:00,False,,,False,,,,,NO_SAME_BAR_RECLAIM,,,False,False,,
external|2021-03-05|2021-03-05 13:45:00+00:00,external,2021-03-05,BLIND_TOUCH,2021-03-05 13:45:00+00:00,1497.8,1441.57,56.23000000000002,1492.177,2021-03-05 14:00:00+00:00,2021-03-05 20:00:00+00:00,True,2021-03-05 13:45:00+00:00,BLIND_LIMIT,True,2021-03-05 13:45:00+00:00,1492.177,0.9,0.09999999999999998,EXECUTED,STRICT_BREAKOUT,2021-03-05 14:00:00+00:00,True,True,0.0,0.0
external|2021-03-05|2021-03-05 13:45:00+00:00,external,2021-03-05,EARLY_RECLAIM,2021-03-05 13:45:00+00:00,1497.8,1441.57,56.23000000000002,1492.177,2021-03-05 14:00:00+00:00,2021-03-05 20:00:00+00:00,True,2021-03-05 13:45:00+00:00,SAME_BAR,True,2021-03-05 13:50:00+00:00,1492.47,0.9052107415970136,0.09478925840298635,EXECUTED,STRICT_BREAKOUT,2021-03-05 14:00:00+00:00,True,True,0.0,5.0
external|2021-03-05|2021-03-05 13:45:00+00:00,external,2021-03-05,SAME_BAR_REJECTION,2021-03-05 13:45:00+00:00,1497.8,1441.57,56.23000000000002,1492.177,2021-03-05 14:00:00+00:00,2021-03-05 20:00:00+00:00,True,2021-03-05 13:45:00+00:00,SAME_BAR,True,2021-03-05 13:50:00+00:00,1492.47,0.9052107415970136,0.09478925840298635,EXECUTED,STRICT_BREAKOUT,2021-03-05 14:00:00+00:00,True,True,0.0,5.0
external|2021-04-08|2021-04-08 13:55:00+00:00,external,2021-04-08,BLIND_TOUCH,2021-04-08 13:55:00+00:00,2039.1,1985.64,53.45999999999981,2033.754,2021-04-08 14:10:00+00:00,2021-04-08 20:00:00+00:00,True,2021-04-08 13:55:00+00:00,BLIND_LIMIT,True,2021-04-08 13:55:00+00:00,2033.754,0.9,0.09999999999999998,EXECUTED,STRICT_BREAKOUT,2021-04-08 14:15:00+00:00,True,True,0.0,0.0
external|2021-04-08|2021-04-08 13:55:00+00:00,external,2021-04-08,EARLY_RECLAIM,2021-04-08 13:55:00+00:00,2039.1,1985.64,53.45999999999981,2033.754,2021-04-08 14:10:00+00:00,2021-04-08 20:00:00+00:00,True,2021-04-08 14:05:00+00:00,LATER_RECLAIM,True,2021-04-08 14:10:00+00:00,2038.0,0.9794238683127588,0.02057613168724115,EXECUTED,STRICT_BREAKOUT,2021-04-08 14:15:00+00:00,True,True,10.0,15.0
external|2021-04-08|2021-04-08 13:55:00+00:00,external,2021-04-08,SAME_BAR_REJECTION,2021-04-08 13:55:00+00:00,2039.1,1985.64,53.45999999999981,2033.754,2021-04-08 14:10:00+00:00,2021-04-08 20:00:00+00:00,False,,,False,,,,,NO_SAME_BAR_RECLAIM,,,False,False,,
external|2021-04-26|2021-04-26 17:15:00+00:00,external,2021-04-26,BLIND_TOUCH,2021-04-26 17:15:00+00:00,2527.36,2423.41,103.95000000000027,2516.965,2021-04-26 17:20:00+00:00,2021-04-26 20:00:00+00:00,True,2021-04-26 17:15:00+00:00,BLIND_LIMIT,True,2021-04-26 17:15:00+00:00,2516.965,0.9,0.09999999999999998,EXECUTED,STRICT_BREAKOUT,2021-04-26 17:20:00+00:00,True,True,0.0,0.0
external|2021-04-26|2021-04-26 17:15:00+00:00,external,2021-04-26,EARLY_RECLAIM,2021-04-26 17:15:00+00:00,2527.36,2423.41,103.95000000000027,2516.965,2021-04-26 17:20:00+00:00,2021-04-26 20:00:00+00:00,True,2021-04-26 17:15:00+00:00,SAME_BAR,True,2021-04-26 17:20:00+00:00,2519.72,0.9265031265031235,0.0734968734968765,EXECUTED,STRICT_BREAKOUT,2021-04-26 17:20:00+00:00,True,True,0.0,5.0
external|2021-04-26|2021-04-26 17:15:00+00:00,external,2021-04-26,SAME_BAR_REJECTION,2021-04-26 17:15:00+00:00,2527.36,2423.41,103.95000000000027,2516.965,2021-04-26 17:20:00+00:00,2021-04-26 20:00:00+00:00,True,2021-04-26 17:15:00+00:00,SAME_BAR,True,2021-04-26 17:20:00+00:00,2519.72,0.9265031265031235,0.0734968734968765,EXECUTED,STRICT_BREAKOUT,2021-04-26 17:20:00+00:00,True,True,0.0,5.0
external|2021-04-28|2021-04-28 18:30:00+00:00,external,2021-04-28,BLIND_TOUCH,2021-04-28 18:30:00+00:00,2737.64,2580.0,157.63999999999987,2721.8759999999997,2021-04-28 19:25:00+00:00,2021-04-28 20:00:00+00:00,True,2021-04-28 18:30:00+00:00,BLIND_LIMIT,True,2021-04-28 18:30:00+00:00,2721.8759999999997,0.9,0.09999999999999998,EXECUTED,STRICT_BREAKOUT,2021-04-28 19:25:00+00:00,True,True,0.0,0.0
external|2021-04-28|2021-04-28 18:30:00+00:00,external,2021-04-28,EARLY_RECLAIM,2021-04-28 18:30:00+00:00,2737.64,2580.0,157.63999999999987,2721.8759999999997,2021-04-28 19:25:00+00:00,2021-04-28 20:00:00+00:00,True,2021-04-28 18:30:00+00:00,SAME_BAR,True,2021-04-28 18:35:00+00:00,2722.11,0.9014843948236504,0.09851560517634961,EXECUTED,STRICT_BREAKOUT,2021-04-28 19:25:00+00:00,True,True,0.0,5.0
external|2021-04-28|2021-04-28 18:30:00+00:00,external,2021-04-28,SAME_BAR_REJECTION,2021-04-28 18:30:00+00:00,2737.64,2580.0,157.63999999999987,2721.8759999999997,2021-04-28 19:25:00+00:00,2021-04-28 20:00:00+00:00,True,2021-04-28 18:30:00+00:00,SAME_BAR,True,2021-04-28 18:35:00+00:00,2722.11,0.9014843948236504,0.09851560517634961,EXECUTED,STRICT_BREAKOUT,2021-04-28 19:25:00+00:00,True,True,0.0,5.0
external|2021-05-04|2021-05-04 13:40:00+00:00,external,2021-05-04,BLIND_TOUCH,2021-05-04 13:40:00+00:00,3521.39,3279.0,242.38999999999987,3497.151,,2021-05-04 20:00:00+00:00,True,2021-05-04 13:40:00+00:00,BLIND_LIMIT,True,2021-05-04 13:40:00+00:00,3497.151,0.9,0.09999999999999998,EXECUTED,OPPOSITE_BREAK,2021-05-04 15:20:00+00:00,False,False,0.0,0.0
external|2021-05-04|2021-05-04 13:40:00+00:00,external,2021-05-04,EARLY_RECLAIM,2021-05-04 13:40:00+00:00,3521.39,3279.0,242.38999999999987,3497.151,,2021-05-04 20:00:00+00:00,True,2021-05-04 13:40:00+00:00,SAME_BAR,True,2021-05-04 13:45:00+00:00,3501.62,0.9184372292586328,0.0815627707413672,EXECUTED,OPPOSITE_BREAK,2021-05-04 15:20:00+00:00,False,False,0.0,5.0
external|2021-05-04|2021-05-04 13:40:00+00:00,external,2021-05-04,SAME_BAR_REJECTION,2021-05-04 13:40:00+00:00,3521.39,3279.0,242.38999999999987,3497.151,,2021-05-04 20:00:00+00:00,True,2021-05-04 13:40:00+00:00,SAME_BAR,True,2021-05-04 13:45:00+00:00,3501.62,0.9184372292586328,0.0815627707413672,EXECUTED,OPPOSITE_BREAK,2021-05-04 15:20:00+00:00,False,False,0.0,5.0
external|2021-05-24|2021-05-24 15:00:00+00:00,external,2021-05-24,BLIND_TOUCH,2021-05-24 15:00:00+00:00,2468.09,2222.29,245.80000000000018,2443.51,2021-05-24 15:20:00+00:00,2021-05-24 20:00:00+00:00,True,2021-05-24 15:00:00+00:00,BLIND_LIMIT,True,2021-05-24 15:00:00+00:00,2443.51,0.9,0.09999999999999998,EXECUTED,STRICT_BREAKOUT,2021-05-24 15:20:00+00:00,True,True,0.0,0.0
external|2021-05-24|2021-05-24 15:00:00+00:00,external,2021-05-24,EARLY_RECLAIM,2021-05-24 15:00:00+00:00,2468.09,2222.29,245.80000000000018,2443.51,2021-05-24 15:20:00+00:00,2021-05-24 20:00:00+00:00,True,2021-05-24 15:00:00+00:00,SAME_BAR,True,2021-05-24 15:05:00+00:00,2444.84,0.9054109031733117,0.09458909682668826,EXECUTED,STRICT_BREAKOUT,2021-05-24 15:20:00+00:00,True,True,0.0,5.0
external|2021-05-24|2021-05-24 15:00:00+00:00,external,2021-05-24,SAME_BAR_REJECTION,2021-05-24 15:00:00+00:00,2468.09,2222.29,245.80000000000018,2443.51,2021-05-24 15:20:00+00:00,2021-05-24 20:00:00+00:00,True,2021-05-24 15:00:00+00:00,SAME_BAR,True,2021-05-24 15:05:00+00:00,2444.84,0.9054109031733117,0.09458909682668826,EXECUTED,STRICT_BREAKOUT,2021-05-24 15:20:00+00:00,True,True,0.0,5.0
external|2021-05-27|2021-05-27 14:40:00+00:00,external,2021-05-27,BLIND_TOUCH,2021-05-27 14:40:00+00:00,2867.37,2684.0,183.3699999999999,2849.033,,2021-05-27 20:00:00+00:00,True,2021-05-27 14:40:00+00:00,BLIND_LIMIT,True,2021-05-27 14:40:00+00:00,2849.033,0.9,0.09999999999999998,EXECUTED,NO_BREAK_BY_END,,False,False,0.0,0.0
external|2021-05-27|2021-05-27 14:40:00+00:00,external,2021-05-27,EARLY_RECLAIM,2021-05-27 14:40:00+00:00,2867.37,2684.0,183.3699999999999,2849.033,,2021-05-27 20:00:00+00:00,True,2021-05-27 14:50:00+00:00,LATER_RECLAIM,True,2021-05-27 14:55:00+00:00,2852.63,0.9196160767846442,0.08038392321535581,EXECUTED,NO_BREAK_BY_END,,False,False,10.0,15.0
external|2021-05-27|2021-05-27 14:40:00+00:00,external,2021-05-27,SAME_BAR_REJECTION,2021-05-27 14:40:00+00:00,2867.37,2684.0,183.3699999999999,2849.033,,2021-05-27 20:00:00+00:00,False,,,False,,,,,NO_SAME_BAR_RECLAIM,,,False,False,,
external|2021-06-02|2021-06-02 13:40:00+00:00,external,2021-06-02,BLIND_TOUCH,2021-06-02 13:40:00+00:00,2749.44,2661.0,88.44000000000005,2740.596,2021-06-02 14:30:00+00:00,2021-06-02 20:00:00+00:00,True,2021-06-02 13:40:00+00:00,BLIND_LIMIT,True,2021-06-02 13:40:00+00:00,2740.596,0.9,0.09999999999999998,EXECUTED,STRICT_BREAKOUT,2021-06-02 14:30:00+00:00,True,True,0.0,0.0
external|2021-06-02|2021-06-02 13:40:00+00:00,external,2021-06-02,EARLY_RECLAIM,2021-06-02 13:40:00+00:00,2749.44,2661.0,88.44000000000005,2740.596,2021-06-02 14:30:00+00:00,2021-06-02 20:00:00+00:00,True,2021-06-02 13:40:00+00:00,SAME_BAR,True,2021-06-02 13:45:00+00:00,2746.68,0.9687924016282201,0.031207598371779888,EXECUTED,STRICT_BREAKOUT,2021-06-02 14:30:00+00:00,True,True,0.0,5.0
external|2021-06-02|2021-06-02 13:40:00+00:00,external,2021-06-02,SAME_BAR_REJECTION,2021-06-02 13:40:00+00:00,2749.44,2661.0,88.44000000000005,2740.596,2021-06-02 14:30:00+00:00,2021-06-02 20:00:00+00:00,True,2021-06-02 13:40:00+00:00,SAME_BAR,True,2021-06-02 13:45:00+00:00,2746.68,0.9687924016282201,0.031207598371779888,EXECUTED,STRICT_BREAKOUT,2021-06-02 14:30:00+00:00,True,True,0.0,5.0
external|2021-07-09|2021-07-09 13:45:00+00:00,external,2021-07-09,BLIND_TOUCH,2021-07-09 13:45:00+00:00,2143.0,2063.3,79.69999999999982,2135.03,2021-07-09 14:00:00+00:00,2021-07-09 20:00:00+00:00,True,2021-07-09 13:45:00+00:00,BLIND_LIMIT,True,2021-07-09 13:45:00+00:00,2135.03,0.9,0.09999999999999998,EXECUTED,STRICT_BREAKOUT,2021-07-09 14:15:00+00:00,True,True,0.0,0.0
external|2021-07-09|2021-07-09 13:45:00+00:00,external,2021-07-09,EARLY_RECLAIM,2021-07-09 13:45:00+00:00,2143.0,2063.3,79.69999999999982,2135.03,2021-07-09 14:00:00+00:00,2021-07-09 20:00:00+00:00,True,2021-07-09 13:45:00+00:00,SAME_BAR,True,2021-07-09 13:50:00+00:00,2135.68,0.9081555834378898,0.09184441656211018,EXECUTED,STRICT_BREAKOUT,2021-07-09 14:15:00+00:00,True,True,0.0,5.0
external|2021-07-09|2021-07-09 13:45:00+00:00,external,2021-07-09,SAME_BAR_REJECTION,2021-07-09 13:45:00+00:00,2143.0,2063.3,79.69999999999982,2135.03,2021-07-09 14:00:00+00:00,2021-07-09 20:00:00+00:00,True,2021-07-09 13:45:00+00:00,SAME_BAR,True,2021-07-09 13:50:00+00:00,2135.68,0.9081555834378898,0.09184441656211018,EXECUTED,STRICT_BREAKOUT,2021-07-09 14:15:00+00:00,True,True,0.0,5.0
external|2021-07-16|2021-07-16 14:25:00+00:00,external,2021-07-16,BLIND_TOUCH,2021-07-16 14:25:00+00:00,1913.62,1846.0,67.61999999999989,1906.858,2021-07-16 14:40:00+00:00,2021-07-16 20:00:00+00:00,True,2021-07-16 14:25:00+00:00,BLIND_LIMIT,True,2021-07-16 14:25:00+00:00,1906.858,0.9,0.09999999999999998,EXECUTED,STRICT_BREAKOUT,2021-07-16 15:30:00+00:00,True,True,0.0,0.0
external|2021-07-16|2021-07-16 14:25:00+00:00,external,2021-07-16,EARLY_RECLAIM,2021-07-16 14:25:00+00:00,1913.62,1846.0,67.61999999999989,1906.858,2021-07-16 14:40:00+00:00,2021-07-16 20:00:00+00:00,False,,,False,,,,,H2_BEFORE_CONFIRMATION,,,False,False,,
external|2021-07-16|2021-07-16 14:25:00+00:00,external,2021-07-16,SAME_BAR_REJECTION,2021-07-16 14:25:00+00:00,1913.62,1846.0,67.61999999999989,1906.858,2021-07-16 14:40:00+00:00,2021-07-16 20:00:00+00:00,False,,,False,,,,,NO_SAME_BAR_RECLAIM,,,False,False,,
external|2021-07-20|2021-07-20 14:20:00+00:00,external,2021-07-20,BLIND_TOUCH,2021-07-20 14:20:00+00:00,1763.03,1716.0,47.02999999999997,1758.327,2021-07-20 14:25:00+00:00,2021-07-20 20:00:00+00:00,True,2021-07-20 14:20:00+00:00,BLIND_LIMIT,True,2021-07-20 14:20:00+00:00,1758.327,0.9,0.09999999999999998,EXECUTED,STRICT_BREAKOUT,2021-07-20 14:55:00+00:00,True,True,0.0,0.0
external|2021-07-20|2021-07-20 14:20:00+00:00,external,2021-07-20,EARLY_RECLAIM,2021-07-20 14:20:00+00:00,1763.03,1716.0,47.02999999999997,1758.327,2021-07-20 14:25:00+00:00,2021-07-20 20:00:00+00:00,True,2021-07-20 14:20:00+00:00,SAME_BAR,True,2021-07-20 14:25:00+00:00,1760.36,0.9432277269827753,0.05677227301722465,EXECUTED,STRICT_BREAKOUT,2021-07-20 14:55:00+00:00,True,True,0.0,5.0
external|2021-07-20|2021-07-20 14:20:00+00:00,external,2021-07-20,SAME_BAR_REJECTION,2021-07-20 14:20:00+00:00,1763.03,1716.0,47.02999999999997,1758.327,2021-07-20 14:25:00+00:00,2021-07-20 20:00:00+00:00,True,2021-07-20 14:20:00+00:00,SAME_BAR,True,2021-07-20 14:25:00+00:00,1760.36,0.9432277269827753,0.05677227301722465,EXECUTED,STRICT_BREAKOUT,2021-07-20 14:55:00+00:00,True,True,0.0,5.0
external|2021-07-27|2021-07-27 13:50:00+00:00,external,2021-07-27,BLIND_TOUCH,2021-07-27 13:50:00+00:00,2317.36,2192.0,125.36000000000013,2304.824,,2021-07-27 20:00:00+00:00,True,2021-07-27 13:50:00+00:00,BLIND_LIMIT,True,2021-07-27 13:50:00+00:00,2304.824,0.9,0.09999999999999998,EXECUTED,NO_BREAK_BY_END,,False,False,0.0,0.0
external|2021-07-27|2021-07-27 13:50:00+00:00,external,2021-07-27,EARLY_RECLAIM,2021-07-27 13:50:00+00:00,2317.36,2192.0,125.36000000000013,2304.824,,2021-07-27 20:00:00+00:00,False,,,False,,,,,SESSION_END_BEFORE_CONFIRMATION,,,False,False,,
external|2021-07-27|2021-07-27 13:50:00+00:00,external,2021-07-27,SAME_BAR_REJECTION,2021-07-27 13:50:00+00:00,2317.36,2192.0,125.36000000000013,2304.824,,2021-07-27 20:00:00+00:00,False,,,False,,,,,NO_SAME_BAR_RECLAIM,,,False,False,,
external|2021-07-29|2021-07-29 15:25:00+00:00,external,2021-07-29,BLIND_TOUCH,2021-07-29 15:25:00+00:00,2328.0,2280.54,47.460000000000036,2323.254,2021-07-29 16:00:00+00:00,2021-07-29 20:00:00+00:00,True,2021-07-29 15:25:00+00:00,BLIND_LIMIT,True,2021-07-29 15:25:00+00:00,2323.254,0.9,0.09999999999999998,EXECUTED,STRICT_BREAKOUT,2021-07-29 16:15:00+00:00,True,True,0.0,0.0
external|2021-07-29|2021-07-29 15:25:00+00:00,external,2021-07-29,EARLY_RECLAIM,2021-07-29 15:25:00+00:00,2328.0,2280.54,47.460000000000036,2323.254,2021-07-29 16:00:00+00:00,2021-07-29 20:00:00+00:00,False,,,False,,,,,H2_BEFORE_CONFIRMATION,,,False,False,,
external|2021-07-29|2021-07-29 15:25:00+00:00,external,2021-07-29,SAME_BAR_REJECTION,2021-07-29 15:25:00+00:00,2328.0,2280.54,47.460000000000036,2323.254,2021-07-29 16:00:00+00:00,2021-07-29 20:00:00+00:00,False,,,False,,,,,NO_SAME_BAR_RECLAIM,,,False,False,,
external|2021-08-09|2021-08-09 14:15:00+00:00,external,2021-08-09,BLIND_TOUCH,2021-08-09 14:15:00+00:00,3155.92,2933.92,222.0,3133.7200000000003,2021-08-09 14:20:00+00:00,2021-08-09 20:00:00+00:00,True,2021-08-09 14:15:00+00:00,BLIND_LIMIT,True,2021-08-09 14:15:00+00:00,3133.7200000000003,0.9,0.09999999999999998,EXECUTED,STRICT_BREAKOUT,2021-08-09 15:35:00+00:00,True,True,0.0,0.0
external|2021-08-09|2021-08-09 14:15:00+00:00,external,2021-08-09,EARLY_RECLAIM,2021-08-09 14:15:00+00:00,3155.92,2933.92,222.0,3133.7200000000003,2021-08-09 14:20:00+00:00,2021-08-09 20:00:00+00:00,True,2021-08-09 14:15:00+00:00,SAME_BAR,True,2021-08-09 14:20:00+00:00,3146.03,0.9554504504504511,0.04454954954954893,EXECUTED,STRICT_BREAKOUT,2021-08-09 15:35:00+00:00,True,True,0.0,5.0
external|2021-08-09|2021-08-09 14:15:00+00:00,external,2021-08-09,SAME_BAR_REJECTION,2021-08-09 14:15:00+00:00,3155.92,2933.92,222.0,3133.7200000000003,2021-08-09 14:20:00+00:00,2021-08-09 20:00:00+00:00,True,2021-08-09 14:15:00+00:00,SAME_BAR,True,2021-08-09 14:20:00+00:00,3146.03,0.9554504504504511,0.04454954954954893,EXECUTED,STRICT_BREAKOUT,2021-08-09 15:35:00+00:00,True,True,0.0,5.0
external|2021-09-02|2021-09-02 13:55:00+00:00,external,2021-09-02,BLIND_TOUCH,2021-09-02 13:55:00+00:00,3800.0,3730.03,69.9699999999998,3793.003,2021-09-02 14:05:00+00:00,2021-09-02 20:00:00+00:00,True,2021-09-02 13:55:00+00:00,BLIND_LIMIT,True,2021-09-02 13:55:00+00:00,3793.003,0.9,0.09999999999999998,EXECUTED,STRICT_BREAKOUT,2021-09-02 14:05:00+00:00,True,True,0.0,0.0
external|2021-09-02|2021-09-02 13:55:00+00:00,external,2021-09-02,EARLY_RECLAIM,2021-09-02 13:55:00+00:00,3800.0,3730.03,69.9699999999998,3793.003,2021-09-02 14:05:00+00:00,2021-09-02 20:00:00+00:00,True,2021-09-02 13:55:00+00:00,SAME_BAR,True,2021-09-02 14:00:00+00:00,3795.83,0.9404030298699431,0.05959697013005694,EXECUTED,STRICT_BREAKOUT,2021-09-02 14:05:00+00:00,True,True,0.0,5.0
external|2021-09-02|2021-09-02 13:55:00+00:00,external,2021-09-02,SAME_BAR_REJECTION,2021-09-02 13:55:00+00:00,3800.0,3730.03,69.9699999999998,3793.003,2021-09-02 14:05:00+00:00,2021-09-02 20:00:00+00:00,True,2021-09-02 13:55:00+00:00,SAME_BAR,True,2021-09-02 14:00:00+00:00,3795.83,0.9404030298699431,0.05959697013005694,EXECUTED,STRICT_BREAKOUT,2021-09-02 14:05:00+00:00,True,True,0.0,5.0
external|2021-09-15|2021-09-15 14:30:00+00:00,external,2021-09-15,BLIND_TOUCH,2021-09-15 14:30:00+00:00,3445.0,3379.45,65.55000000000018,3438.445,2021-09-15 15:00:00+00:00,2021-09-15 20:00:00+00:00,True,2021-09-15 14:30:00+00:00,BLIND_LIMIT,True,2021-09-15 14:30:00+00:00,3438.445,0.9,0.09999999999999998,EXECUTED,STRICT_BREAKOUT,2021-09-15 15:00:00+00:00,True,True,0.0,0.0
external|2021-09-15|2021-09-15 14:30:00+00:00,external,2021-09-15,EARLY_RECLAIM,2021-09-15 14:30:00+00:00,3445.0,3379.45,65.55000000000018,3438.445,2021-09-15 15:00:00+00:00,2021-09-15 20:00:00+00:00,False,,,False,,,,,H2_BEFORE_CONFIRMATION,,,False,False,,
external|2021-09-15|2021-09-15 14:30:00+00:00,external,2021-09-15,SAME_BAR_REJECTION,2021-09-15 14:30:00+00:00,3445.0,3379.45,65.55000000000018,3438.445,2021-09-15 15:00:00+00:00,2021-09-15 20:00:00+00:00,False,,,False,,,,,NO_SAME_BAR_RECLAIM,,,False,False,,
external|2021-10-05|2021-10-05 19:25:00+00:00,external,2021-10-05,BLIND_TOUCH,2021-10-05 19:25:00+00:00,3475.79,3381.0,94.78999999999996,3466.311,2021-10-05 19:40:00+00:00,2021-10-05 20:00:00+00:00,True,2021-10-05 19:25:00+00:00,BLIND_LIMIT,True,2021-10-05 19:25:00+00:00,3466.311,0.9,0.09999999999999998,EXECUTED,STRICT_BREAKOUT,2021-10-05 19:50:00+00:00,True,True,0.0,0.0
external|2021-10-05|2021-10-05 19:25:00+00:00,external,2021-10-05,EARLY_RECLAIM,2021-10-05 19:25:00+00:00,3475.79,3381.0,94.78999999999996,3466.311,2021-10-05 19:40:00+00:00,2021-10-05 20:00:00+00:00,True,2021-10-05 19:30:00+00:00,LATER_RECLAIM,True,2021-10-05 19:35:00+00:00,3470.25,0.9415550163519362,0.05844498364806383,EXECUTED,STRICT_BREAKOUT,2021-10-05 19:50:00+00:00,True,True,5.0,10.0
external|2021-10-05|2021-10-05 19:25:00+00:00,external,2021-10-05,SAME_BAR_REJECTION,2021-10-05 19:25:00+00:00,3475.79,3381.0,94.78999999999996,3466.311,2021-10-05 19:40:00+00:00,2021-10-05 20:00:00+00:00,False,,,False,,,,,NO_SAME_BAR_RECLAIM,,,False,False,,
external|2021-10-06|2021-10-06 14:00:00+00:00,external,2021-10-06,BLIND_TOUCH,2021-10-06 14:00:00+00:00,3598.19,3339.67,258.52,3572.338,2021-10-06 14:55:00+00:00,2021-10-06 20:00:00+00:00,True,2021-10-06 14:00:00+00:00,BLIND_LIMIT,True,2021-10-06 14:00:00+00:00,3572.338,0.9,0.09999999999999998,EXECUTED,STRICT_BREAKOUT,2021-10-06 14:55:00+00:00,True,True,0.0,0.0
external|2021-10-06|2021-10-06 14:00:00+00:00,external,2021-10-06,EARLY_RECLAIM,2021-10-06 14:00:00+00:00,3598.19,3339.67,258.52,3572.338,2021-10-06 14:55:00+00:00,2021-10-06 20:00:00+00:00,True,2021-10-06 14:00:00+00:00,SAME_BAR,True,2021-10-06 14:05:00+00:00,3574.01,0.9064675847129822,0.09353241528701783,EXECUTED,STRICT_BREAKOUT,2021-10-06 14:55:00+00:00,True,True,0.0,5.0
external|2021-10-06|2021-10-06 14:00:00+00:00,external,2021-10-06,SAME_BAR_REJECTION,2021-10-06 14:00:00+00:00,3598.19,3339.67,258.52,3572.338,2021-10-06 14:55:00+00:00,2021-10-06 20:00:00+00:00,True,2021-10-06 14:00:00+00:00,SAME_BAR,True,2021-10-06 14:05:00+00:00,3574.01,0.9064675847129822,0.09353241528701783,EXECUTED,STRICT_BREAKOUT,2021-10-06 14:55:00+00:00,True,True,0.0,5.0
external|2021-10-25|2021-10-25 14:15:00+00:00,external,2021-10-25,BLIND_TOUCH,2021-10-25 14:15:00+00:00,4166.19,4110.0,56.1899999999996,4160.571,2021-10-25 15:40:00+00:00,2021-10-25 20:00:00+00:00,True,2021-10-25 14:15:00+00:00,BLIND_LIMIT,True,2021-10-25 14:15:00+00:00,4160.571,0.9,0.09999999999999998,EXECUTED,STRICT_BREAKOUT,2021-10-25 15:40:00+00:00,True,True,0.0,0.0
external|2021-10-25|2021-10-25 14:15:00+00:00,external,2021-10-25,EARLY_RECLAIM,2021-10-25 14:15:00+00:00,4166.19,4110.0,56.1899999999996,4160.571,2021-10-25 15:40:00+00:00,2021-10-25 20:00:00+00:00,False,,,False,,,,,H2_BEFORE_CONFIRMATION,,,False,False,,
external|2021-10-25|2021-10-25 14:15:00+00:00,external,2021-10-25,SAME_BAR_REJECTION,2021-10-25 14:15:00+00:00,4166.19,4110.0,56.1899999999996,4160.571,2021-10-25 15:40:00+00:00,2021-10-25 20:00:00+00:00,False,,,False,,,,,NO_SAME_BAR_RECLAIM,,,False,False,,
external|2021-10-28|2021-10-28 13:40:00+00:00,external,2021-10-28,BLIND_TOUCH,2021-10-28 13:40:00+00:00,4199.32,4011.59,187.72999999999956,4180.547,2021-10-28 17:00:00+00:00,2021-10-28 20:00:00+00:00,True,2021-10-28 13:40:00+00:00,BLIND_LIMIT,True,2021-10-28 13:40:00+00:00,4180.547,0.9,0.09999999999999998,EXECUTED,STRICT_BREAKOUT,2021-10-28 17:00:00+00:00,True,True,0.0,0.0
external|2021-10-28|2021-10-28 13:40:00+00:00,external,2021-10-28,EARLY_RECLAIM,2021-10-28 13:40:00+00:00,4199.32,4011.59,187.72999999999956,4180.547,2021-10-28 17:00:00+00:00,2021-10-28 20:00:00+00:00,True,2021-10-28 13:40:00+00:00,SAME_BAR,True,2021-10-28 13:45:00+00:00,4183.99,0.9183401693922124,0.08165983060778759,EXECUTED,STRICT_BREAKOUT,2021-10-28 17:00:00+00:00,True,True,0.0,5.0
external|2021-10-28|2021-10-28 13:40:00+00:00,external,2021-10-28,SAME_BAR_REJECTION,2021-10-28 13:40:00+00:00,4199.32,4011.59,187.72999999999956,4180.547,2021-10-28 17:00:00+00:00,2021-10-28 20:00:00+00:00,True,2021-10-28 13:40:00+00:00,SAME_BAR,True,2021-10-28 13:45:00+00:00,4183.99,0.9183401693922124,0.08165983060778759,EXECUTED,STRICT_BREAKOUT,2021-10-28 17:00:00+00:00,True,True,0.0,5.0
external|2021-11-16|2021-11-16 14:55:00+00:00,external,2021-11-16,BLIND_TOUCH,2021-11-16 14:55:00+00:00,4345.0,4077.0,268.0,4318.2,,2021-11-16 20:00:00+00:00,True,2021-11-16 14:55:00+00:00,BLIND_LIMIT,True,2021-11-16 14:55:00+00:00,4318.2,0.9,0.09999999999999998,EXECUTED,NO_BREAK_BY_END,,False,False,0.0,0.0
external|2021-11-16|2021-11-16 14:55:00+00:00,external,2021-11-16,EARLY_RECLAIM,2021-11-16 14:55:00+00:00,4345.0,4077.0,268.0,4318.2,,2021-11-16 20:00:00+00:00,True,2021-11-16 16:50:00+00:00,LATER_RECLAIM,True,2021-11-16 16:55:00+00:00,4318.48,0.9010447761194014,0.09895522388059863,EXECUTED,NO_BREAK_BY_END,,False,False,115.0,120.0
external|2021-11-16|2021-11-16 14:55:00+00:00,external,2021-11-16,SAME_BAR_REJECTION,2021-11-16 14:55:00+00:00,4345.0,4077.0,268.0,4318.2,,2021-11-16 20:00:00+00:00,False,,,False,,,,,NO_SAME_BAR_RECLAIM,,,False,False,,
external|2021-11-25|2021-11-25 13:40:00+00:00,external,2021-11-25,BLIND_TOUCH,2021-11-25 13:40:00+00:00,4472.53,4274.07,198.46000000000004,4452.683999999999,2021-11-25 14:15:00+00:00,2021-11-25 20:00:00+00:00,True,2021-11-25 13:40:00+00:00,BLIND_LIMIT,True,2021-11-25 13:40:00+00:00,4452.683999999999,0.9,0.09999999999999998,EXECUTED,STRICT_BREAKOUT,2021-11-25 14:25:00+00:00,True,True,0.0,0.0
external|2021-11-25|2021-11-25 13:40:00+00:00,external,2021-11-25,EARLY_RECLAIM,2021-11-25 13:40:00+00:00,4472.53,4274.07,198.46000000000004,4452.683999999999,2021-11-25 14:15:00+00:00,2021-11-25 20:00:00+00:00,True,2021-11-25 13:40:00+00:00,SAME_BAR,True,2021-11-25 13:45:00+00:00,4457.66,0.925073062581881,0.07492693741811896,EXECUTED,STRICT_BREAKOUT,2021-11-25 14:25:00+00:00,True,True,0.0,5.0
external|2021-11-25|2021-11-25 13:40:00+00:00,external,2021-11-25,SAME_BAR_REJECTION,2021-11-25 13:40:00+00:00,4472.53,4274.07,198.46000000000004,4452.683999999999,2021-11-25 14:15:00+00:00,2021-11-25 20:00:00+00:00,True,2021-11-25 13:40:00+00:00,SAME_BAR,True,2021-11-25 13:45:00+00:00,4457.66,0.925073062581881,0.07492693741811896,EXECUTED,STRICT_BREAKOUT,2021-11-25 14:25:00+00:00,True,True,0.0,5.0
external|2021-12-16|2021-12-16 14:00:00+00:00,external,2021-12-16,BLIND_TOUCH,2021-12-16 14:00:00+00:00,4083.9,4006.11,77.78999999999996,4076.121,2021-12-16 14:35:00+00:00,2021-12-16 20:00:00+00:00,True,2021-12-16 14:00:00+00:00,BLIND_LIMIT,True,2021-12-16 14:00:00+00:00,4076.121,0.9,0.09999999999999998,EXECUTED,STRICT_BREAKOUT,2021-12-16 15:45:00+00:00,True,True,0.0,0.0
external|2021-12-16|2021-12-16 14:00:00+00:00,external,2021-12-16,EARLY_RECLAIM,2021-12-16 14:00:00+00:00,4083.9,4006.11,77.78999999999996,4076.121,2021-12-16 14:35:00+00:00,2021-12-16 20:00:00+00:00,True,2021-12-16 14:30:00+00:00,LATER_RECLAIM,True,2021-12-16 14:35:00+00:00,4076.29,0.9021725157475237,0.09782748425247634,EXECUTED,STRICT_BREAKOUT,2021-12-16 15:45:00+00:00,True,True,30.0,35.0
external|2021-12-16|2021-12-16 14:00:00+00:00,external,2021-12-16,SAME_BAR_REJECTION,2021-12-16 14:00:00+00:00,4083.9,4006.11,77.78999999999996,4076.121,2021-12-16 14:35:00+00:00,2021-12-16 20:00:00+00:00,False,,,False,,,,,NO_SAME_BAR_RECLAIM,,,False,False,,
reference_validation|2025-01-01|2025-01-01 14:45:00+00:00,reference_validation,2025-01-01,BLIND_TOUCH,2025-01-01 14:45:00+00:00,3352.78,3312.62,40.16000000000031,3348.764,2025-01-01 15:45:00+00:00,2025-01-01 20:00:00+00:00,True,2025-01-01 14:45:00+00:00,BLIND_LIMIT,True,2025-01-01 14:45:00+00:00,3348.764,0.9,0.09999999999999998,EXECUTED,STRICT_BREAKOUT,2025-01-01 16:05:00+00:00,True,True,0.0,0.0
reference_validation|2025-01-01|2025-01-01 14:45:00+00:00,reference_validation,2025-01-01,EARLY_RECLAIM,2025-01-01 14:45:00+00:00,3352.78,3312.62,40.16000000000031,3348.764,2025-01-01 15:45:00+00:00,2025-01-01 20:00:00+00:00,False,,,False,,,,,H2_BEFORE_CONFIRMATION,,,False,False,,
reference_validation|2025-01-01|2025-01-01 14:45:00+00:00,reference_validation,2025-01-01,SAME_BAR_REJECTION,2025-01-01 14:45:00+00:00,3352.78,3312.62,40.16000000000031,3348.764,2025-01-01 15:45:00+00:00,2025-01-01 20:00:00+00:00,False,,,False,,,,,NO_SAME_BAR_RECLAIM,,,False,False,,
reference_validation|2025-01-30|2025-01-30 13:50:00+00:00,reference_validation,2025-01-30,BLIND_TOUCH,2025-01-30 13:50:00+00:00,3261.66,3180.0,81.65999999999985,3253.4939999999997,2025-01-30 13:55:00+00:00,2025-01-30 20:00:00+00:00,True,2025-01-30 13:50:00+00:00,BLIND_LIMIT,True,2025-01-30 13:50:00+00:00,3253.4939999999997,0.9,0.09999999999999998,EXECUTED,STRICT_BREAKOUT,2025-01-30 13:55:00+00:00,True,True,0.0,0.0
reference_validation|2025-01-30|2025-01-30 13:50:00+00:00,reference_validation,2025-01-30,EARLY_RECLAIM,2025-01-30 13:50:00+00:00,3261.66,3180.0,81.65999999999985,3253.4939999999997,2025-01-30 13:55:00+00:00,2025-01-30 20:00:00+00:00,True,2025-01-30 13:50:00+00:00,SAME_BAR,True,2025-01-30 13:55:00+00:00,3253.92,0.9052167523879525,0.09478324761204748,EXECUTED,STRICT_BREAKOUT,2025-01-30 13:55:00+00:00,True,True,0.0,5.0
reference_validation|2025-01-30|2025-01-30 13:50:00+00:00,reference_validation,2025-01-30,SAME_BAR_REJECTION,2025-01-30 13:50:00+00:00,3261.66,3180.0,81.65999999999985,3253.4939999999997,2025-01-30 13:55:00+00:00,2025-01-30 20:00:00+00:00,True,2025-01-30 13:50:00+00:00,SAME_BAR,True,2025-01-30 13:55:00+00:00,3253.92,0.9052167523879525,0.09478324761204748,EXECUTED,STRICT_BREAKOUT,2025-01-30 13:55:00+00:00,True,True,0.0,5.0
reference_validation|2025-02-04|2025-02-04 13:45:00+00:00,reference_validation,2025-02-04,BLIND_TOUCH,2025-02-04 13:45:00+00:00,2832.7,2675.28,157.41999999999962,2816.9579999999996,2025-02-04 14:30:00+00:00,2025-02-04 20:00:00+00:00,True,2025-02-04 13:45:00+00:00,BLIND_LIMIT,True,2025-02-04 13:45:00+00:00,2816.9579999999996,0.9,0.09999999999999998,EXECUTED,STRICT_BREAKOUT,2025-02-04 14:35:00+00:00,True,True,0.0,0.0
reference_validation|2025-02-04|2025-02-04 13:45:00+00:00,reference_validation,2025-02-04,EARLY_RECLAIM,2025-02-04 13:45:00+00:00,2832.7,2675.28,157.41999999999962,2816.9579999999996,2025-02-04 14:30:00+00:00,2025-02-04 20:00:00+00:00,True,2025-02-04 13:45:00+00:00,SAME_BAR,True,2025-02-04 13:50:00+00:00,2822.83,0.9373014864693183,0.06269851353068168,EXECUTED,STRICT_BREAKOUT,2025-02-04 14:35:00+00:00,True,True,0.0,5.0
reference_validation|2025-02-04|2025-02-04 13:45:00+00:00,reference_validation,2025-02-04,SAME_BAR_REJECTION,2025-02-04 13:45:00+00:00,2832.7,2675.28,157.41999999999962,2816.9579999999996,2025-02-04 14:30:00+00:00,2025-02-04 20:00:00+00:00,True,2025-02-04 13:45:00+00:00,SAME_BAR,True,2025-02-04 13:50:00+00:00,2822.83,0.9373014864693183,0.06269851353068168,EXECUTED,STRICT_BREAKOUT,2025-02-04 14:35:00+00:00,True,True,0.0,5.0
reference_validation|2025-02-20|2025-02-20 13:45:00+00:00,reference_validation,2025-02-20,BLIND_TOUCH,2025-02-20 13:45:00+00:00,2746.0,2723.72,22.2800000000002,2743.772,2025-02-20 14:00:00+00:00,2025-02-20 20:00:00+00:00,True,2025-02-20 13:45:00+00:00,BLIND_LIMIT,True,2025-02-20 13:45:00+00:00,2743.772,0.9,0.09999999999999998,EXECUTED,STRICT_BREAKOUT,2025-02-20 14:00:00+00:00,True,True,0.0,0.0
reference_validation|2025-02-20|2025-02-20 13:45:00+00:00,reference_validation,2025-02-20,EARLY_RECLAIM,2025-02-20 13:45:00+00:00,2746.0,2723.72,22.2800000000002,2743.772,2025-02-20 14:00:00+00:00,2025-02-20 20:00:00+00:00,True,2025-02-20 13:55:00+00:00,LATER_RECLAIM,True,2025-02-20 14:00:00+00:00,2744.61,0.9376122082585341,0.062387791741465914,EXECUTED,STRICT_BREAKOUT,2025-02-20 14:00:00+00:00,True,True,10.0,15.0
reference_validation|2025-02-20|2025-02-20 13:45:00+00:00,reference_validation,2025-02-20,SAME_BAR_REJECTION,2025-02-20 13:45:00+00:00,2746.0,2723.72,22.2800000000002,2743.772,2025-02-20 14:00:00+00:00,2025-02-20 20:00:00+00:00,False,,,False,,,,,NO_SAME_BAR_RECLAIM,,,False,False,,
reference_validation|2025-02-21|2025-02-21 13:50:00+00:00,reference_validation,2025-02-21,BLIND_TOUCH,2025-02-21 13:50:00+00:00,2843.75,2746.55,97.19999999999982,2834.03,,2025-02-21 20:00:00+00:00,True,2025-02-21 13:50:00+00:00,BLIND_LIMIT,True,2025-02-21 13:50:00+00:00,2834.03,0.9,0.09999999999999998,EXECUTED,OPPOSITE_BREAK,2025-02-21 15:35:00+00:00,False,False,0.0,0.0
reference_validation|2025-02-21|2025-02-21 13:50:00+00:00,reference_validation,2025-02-21,EARLY_RECLAIM,2025-02-21 13:50:00+00:00,2843.75,2746.55,97.19999999999982,2834.03,,2025-02-21 20:00:00+00:00,True,2025-02-21 13:50:00+00:00,SAME_BAR,True,2025-02-21 13:55:00+00:00,2835.62,0.9163580246913567,0.08364197530864326,EXECUTED,OPPOSITE_BREAK,2025-02-21 15:35:00+00:00,False,False,0.0,5.0
reference_validation|2025-02-21|2025-02-21 13:50:00+00:00,reference_validation,2025-02-21,SAME_BAR_REJECTION,2025-02-21 13:50:00+00:00,2843.75,2746.55,97.19999999999982,2834.03,,2025-02-21 20:00:00+00:00,True,2025-02-21 13:50:00+00:00,SAME_BAR,True,2025-02-21 13:55:00+00:00,2835.62,0.9163580246913567,0.08364197530864326,EXECUTED,OPPOSITE_BREAK,2025-02-21 15:35:00+00:00,False,False,0.0,5.0
reference_validation|2025-04-24|2025-04-24 13:40:00+00:00,reference_validation,2025-04-24,BLIND_TOUCH,2025-04-24 13:40:00+00:00,1759.88,1721.22,38.66000000000008,1756.0140000000001,2025-04-24 14:00:00+00:00,2025-04-24 20:00:00+00:00,True,2025-04-24 13:40:00+00:00,BLIND_LIMIT,True,2025-04-24 13:40:00+00:00,1756.0140000000001,0.9,0.09999999999999998,EXECUTED,STRICT_BREAKOUT,2025-04-24 14:00:00+00:00,True,True,0.0,0.0
reference_validation|2025-04-24|2025-04-24 13:40:00+00:00,reference_validation,2025-04-24,EARLY_RECLAIM,2025-04-24 13:40:00+00:00,1759.88,1721.22,38.66000000000008,1756.0140000000001,2025-04-24 14:00:00+00:00,2025-04-24 20:00:00+00:00,False,,,False,,,,,H2_BEFORE_CONFIRMATION,,,False,False,,
reference_validation|2025-04-24|2025-04-24 13:40:00+00:00,reference_validation,2025-04-24,SAME_BAR_REJECTION,2025-04-24 13:40:00+00:00,1759.88,1721.22,38.66000000000008,1756.0140000000001,2025-04-24 14:00:00+00:00,2025-04-24 20:00:00+00:00,False,,,False,,,,,NO_SAME_BAR_RECLAIM,,,False,False,,
reference_validation|2025-05-08|2025-05-08 13:50:00+00:00,reference_validation,2025-05-08,BLIND_TOUCH,2025-05-08 13:50:00+00:00,1976.56,1925.0,51.559999999999945,1971.404,2025-05-08 13:55:00+00:00,2025-05-08 20:00:00+00:00,True,2025-05-08 13:50:00+00:00,BLIND_LIMIT,True,2025-05-08 13:50:00+00:00,1971.404,0.9,0.09999999999999998,EXECUTED,STRICT_BREAKOUT,2025-05-08 14:00:00+00:00,True,True,0.0,0.0
reference_validation|2025-05-08|2025-05-08 13:50:00+00:00,reference_validation,2025-05-08,EARLY_RECLAIM,2025-05-08 13:50:00+00:00,1976.56,1925.0,51.559999999999945,1971.404,2025-05-08 13:55:00+00:00,2025-05-08 20:00:00+00:00,True,2025-05-08 13:50:00+00:00,SAME_BAR,True,2025-05-08 13:55:00+00:00,1972.27,0.9167959658650122,0.08320403413498778,EXECUTED,STRICT_BREAKOUT,2025-05-08 14:00:00+00:00,True,True,0.0,5.0
reference_validation|2025-05-08|2025-05-08 13:50:00+00:00,reference_validation,2025-05-08,SAME_BAR_REJECTION,2025-05-08 13:50:00+00:00,1976.56,1925.0,51.559999999999945,1971.404,2025-05-08 13:55:00+00:00,2025-05-08 20:00:00+00:00,True,2025-05-08 13:50:00+00:00,SAME_BAR,True,2025-05-08 13:55:00+00:00,1972.27,0.9167959658650122,0.08320403413498778,EXECUTED,STRICT_BREAKOUT,2025-05-08 14:00:00+00:00,True,True,0.0,5.0
reference_validation|2025-05-21|2025-05-21 14:45:00+00:00,reference_validation,2025-05-21,BLIND_TOUCH,2025-05-21 14:45:00+00:00,2561.48,2513.21,48.26999999999998,2556.6530000000002,2025-05-21 14:50:00+00:00,2025-05-21 20:00:00+00:00,True,2025-05-21 14:45:00+00:00,BLIND_LIMIT,True,2025-05-21 14:45:00+00:00,2556.6530000000002,0.9,0.09999999999999998,EXECUTED,STRICT_BREAKOUT,2025-05-21 14:50:00+00:00,True,True,0.0,0.0
reference_validation|2025-05-21|2025-05-21 14:45:00+00:00,reference_validation,2025-05-21,EARLY_RECLAIM,2025-05-21 14:45:00+00:00,2561.48,2513.21,48.26999999999998,2556.6530000000002,2025-05-21 14:50:00+00:00,2025-05-21 20:00:00+00:00,False,,,False,,,,,H2_BEFORE_CONFIRMATION,,,False,False,,
reference_validation|2025-05-21|2025-05-21 14:45:00+00:00,reference_validation,2025-05-21,SAME_BAR_REJECTION,2025-05-21 14:45:00+00:00,2561.48,2513.21,48.26999999999998,2556.6530000000002,2025-05-21 14:50:00+00:00,2025-05-21 20:00:00+00:00,False,,,False,,,,,NO_SAME_BAR_RECLAIM,,,False,False,,
reference_validation|2025-05-27|2025-05-27 17:00:00+00:00,reference_validation,2025-05-27,BLIND_TOUCH,2025-05-27 17:00:00+00:00,2683.76,2606.7,77.0600000000004,2676.054,2025-05-27 17:05:00+00:00,2025-05-27 20:00:00+00:00,True,2025-05-27 17:00:00+00:00,BLIND_LIMIT,True,2025-05-27 17:00:00+00:00,2676.054,0.9,0.09999999999999998,EXECUTED,STRICT_BREAKOUT,2025-05-27 17:05:00+00:00,True,True,0.0,0.0
reference_validation|2025-05-27|2025-05-27 17:00:00+00:00,reference_validation,2025-05-27,EARLY_RECLAIM,2025-05-27 17:00:00+00:00,2683.76,2606.7,77.0600000000004,2676.054,2025-05-27 17:05:00+00:00,2025-05-27 20:00:00+00:00,True,2025-05-27 17:00:00+00:00,SAME_BAR,True,2025-05-27 17:05:00+00:00,2678.34,0.9296651959512062,0.07033480404879378,EXECUTED,STRICT_BREAKOUT,2025-05-27 17:05:00+00:00,True,True,0.0,5.0
reference_validation|2025-05-27|2025-05-27 17:00:00+00:00,reference_validation,2025-05-27,SAME_BAR_REJECTION,2025-05-27 17:00:00+00:00,2683.76,2606.7,77.0600000000004,2676.054,2025-05-27 17:05:00+00:00,2025-05-27 20:00:00+00:00,True,2025-05-27 17:00:00+00:00,SAME_BAR,True,2025-05-27 17:05:00+00:00,2678.34,0.9296651959512062,0.07033480404879378,EXECUTED,STRICT_BREAKOUT,2025-05-27 17:05:00+00:00,True,True,0.0,5.0
reference_validation|2025-06-24|2025-06-24 16:00:00+00:00,reference_validation,2025-06-24,BLIND_TOUCH,2025-06-24 16:00:00+00:00,2450.0,2374.9,75.09999999999991,2442.49,2025-06-24 16:40:00+00:00,2025-06-24 20:00:00+00:00,True,2025-06-24 16:00:00+00:00,BLIND_LIMIT,True,2025-06-24 16:00:00+00:00,2442.49,0.9,0.09999999999999998,EXECUTED,STRICT_BREAKOUT,2025-06-24 16:40:00+00:00,True,True,0.0,0.0
reference_validation|2025-06-24|2025-06-24 16:00:00+00:00,reference_validation,2025-06-24,EARLY_RECLAIM,2025-06-24 16:00:00+00:00,2450.0,2374.9,75.09999999999991,2442.49,2025-06-24 16:40:00+00:00,2025-06-24 20:00:00+00:00,True,2025-06-24 16:00:00+00:00,SAME_BAR,True,2025-06-24 16:05:00+00:00,2442.88,0.9051930758988029,0.09480692410119707,EXECUTED,STRICT_BREAKOUT,2025-06-24 16:40:00+00:00,True,True,0.0,5.0
reference_validation|2025-06-24|2025-06-24 16:00:00+00:00,reference_validation,2025-06-24,SAME_BAR_REJECTION,2025-06-24 16:00:00+00:00,2450.0,2374.9,75.09999999999991,2442.49,2025-06-24 16:40:00+00:00,2025-06-24 20:00:00+00:00,True,2025-06-24 16:00:00+00:00,SAME_BAR,True,2025-06-24 16:05:00+00:00,2442.88,0.9051930758988029,0.09480692410119707,EXECUTED,STRICT_BREAKOUT,2025-06-24 16:40:00+00:00,True,True,0.0,5.0
reference_validation|2025-07-30|2025-07-30 16:20:00+00:00,reference_validation,2025-07-30,BLIND_TOUCH,2025-07-30 16:20:00+00:00,3824.26,3742.0,82.26000000000022,3816.034,,2025-07-30 20:00:00+00:00,True,2025-07-30 16:20:00+00:00,BLIND_LIMIT,True,2025-07-30 16:20:00+00:00,3816.034,0.9,0.09999999999999998,EXECUTED,OPPOSITE_BREAK,2025-07-30 18:55:00+00:00,False,False,0.0,0.0
reference_validation|2025-07-30|2025-07-30 16:20:00+00:00,reference_validation,2025-07-30,EARLY_RECLAIM,2025-07-30 16:20:00+00:00,3824.26,3742.0,82.26000000000022,3816.034,,2025-07-30 20:00:00+00:00,False,,,False,,,,,OPPOSITE_BREAK_BEFORE_CONFIRMATION,,,False,False,,
reference_validation|2025-07-30|2025-07-30 16:20:00+00:00,reference_validation,2025-07-30,SAME_BAR_REJECTION,2025-07-30 16:20:00+00:00,3824.26,3742.0,82.26000000000022,3816.034,,2025-07-30 20:00:00+00:00,False,,,False,,,,,NO_SAME_BAR_RECLAIM,,,False,False,,
reference_validation|2025-08-12|2025-08-12 14:30:00+00:00,reference_validation,2025-08-12,BLIND_TOUCH,2025-08-12 14:30:00+00:00,4428.39,4255.56,172.82999999999993,4411.107,2025-08-12 15:00:00+00:00,2025-08-12 20:00:00+00:00,True,2025-08-12 14:30:00+00:00,BLIND_LIMIT,True,2025-08-12 14:30:00+00:00,4411.107,0.9,0.09999999999999998,EXECUTED,STRICT_BREAKOUT,2025-08-12 15:25:00+00:00,True,True,0.0,0.0
reference_validation|2025-08-12|2025-08-12 14:30:00+00:00,reference_validation,2025-08-12,EARLY_RECLAIM,2025-08-12 14:30:00+00:00,4428.39,4255.56,172.82999999999993,4411.107,2025-08-12 15:00:00+00:00,2025-08-12 20:00:00+00:00,True,2025-08-12 14:50:00+00:00,LATER_RECLAIM,True,2025-08-12 14:55:00+00:00,4415.01,0.9225828849158125,0.07741711508418747,EXECUTED,STRICT_BREAKOUT,2025-08-12 15:25:00+00:00,True,True,20.0,25.0
reference_validation|2025-08-12|2025-08-12 14:30:00+00:00,reference_validation,2025-08-12,SAME_BAR_REJECTION,2025-08-12 14:30:00+00:00,4428.39,4255.56,172.82999999999993,4411.107,2025-08-12 15:00:00+00:00,2025-08-12 20:00:00+00:00,False,,,False,,,,,NO_SAME_BAR_RECLAIM,,,False,False,,
reference_validation|2025-08-18|2025-08-18 16:05:00+00:00,reference_validation,2025-08-18,BLIND_TOUCH,2025-08-18 16:05:00+00:00,4366.91,4224.1,142.8099999999995,4352.629,2025-08-18 17:30:00+00:00,2025-08-18 20:00:00+00:00,True,2025-08-18 16:05:00+00:00,BLIND_LIMIT,True,2025-08-18 16:05:00+00:00,4352.629,0.9,0.09999999999999998,EXECUTED,STRICT_BREAKOUT,2025-08-18 17:30:00+00:00,True,True,0.0,0.0
reference_validation|2025-08-18|2025-08-18 16:05:00+00:00,reference_validation,2025-08-18,EARLY_RECLAIM,2025-08-18 16:05:00+00:00,4366.91,4224.1,142.8099999999995,4352.629,2025-08-18 17:30:00+00:00,2025-08-18 20:00:00+00:00,False,,,False,,,,,H2_BEFORE_CONFIRMATION,,,False,False,,
reference_validation|2025-08-18|2025-08-18 16:05:00+00:00,reference_validation,2025-08-18,SAME_BAR_REJECTION,2025-08-18 16:05:00+00:00,4366.91,4224.1,142.8099999999995,4352.629,2025-08-18 17:30:00+00:00,2025-08-18 20:00:00+00:00,False,,,False,,,,,NO_SAME_BAR_RECLAIM,,,False,False,,
reference_validation|2025-08-19|2025-08-19 13:50:00+00:00,reference_validation,2025-08-19,BLIND_TOUCH,2025-08-19 13:50:00+00:00,4315.71,4216.31,99.39999999999964,4305.77,,2025-08-19 20:00:00+00:00,True,2025-08-19 13:50:00+00:00,BLIND_LIMIT,True,2025-08-19 13:50:00+00:00,4305.77,0.9,0.09999999999999998,EXECUTED,OPPOSITE_BREAK,2025-08-19 14:25:00+00:00,False,False,0.0,0.0
reference_validation|2025-08-19|2025-08-19 13:50:00+00:00,reference_validation,2025-08-19,EARLY_RECLAIM,2025-08-19 13:50:00+00:00,4315.71,4216.31,99.39999999999964,4305.77,,2025-08-19 20:00:00+00:00,False,,,False,,,,,OPPOSITE_BREAK_BEFORE_CONFIRMATION,,,False,False,,
reference_validation|2025-08-19|2025-08-19 13:50:00+00:00,reference_validation,2025-08-19,SAME_BAR_REJECTION,2025-08-19 13:50:00+00:00,4315.71,4216.31,99.39999999999964,4305.77,,2025-08-19 20:00:00+00:00,False,,,False,,,,,NO_SAME_BAR_RECLAIM,,,False,False,,
reference_validation|2025-10-03|2025-10-03 13:40:00+00:00,reference_validation,2025-10-03,BLIND_TOUCH,2025-10-03 13:40:00+00:00,4493.08,4426.0,67.07999999999993,4486.372,2025-10-03 15:20:00+00:00,2025-10-03 20:00:00+00:00,True,2025-10-03 13:40:00+00:00,BLIND_LIMIT,True,2025-10-03 13:40:00+00:00,4486.372,0.9,0.09999999999999998,EXECUTED,STRICT_BREAKOUT,2025-10-03 15:30:00+00:00,True,True,0.0,0.0
reference_validation|2025-10-03|2025-10-03 13:40:00+00:00,reference_validation,2025-10-03,EARLY_RECLAIM,2025-10-03 13:40:00+00:00,4493.08,4426.0,67.07999999999993,4486.372,2025-10-03 15:20:00+00:00,2025-10-03 20:00:00+00:00,False,,,False,,,,,H2_BEFORE_CONFIRMATION,,,False,False,,
reference_validation|2025-10-03|2025-10-03 13:40:00+00:00,reference_validation,2025-10-03,SAME_BAR_REJECTION,2025-10-03 13:40:00+00:00,4493.08,4426.0,67.07999999999993,4486.372,2025-10-03 15:20:00+00:00,2025-10-03 20:00:00+00:00,False,,,False,,,,,NO_SAME_BAR_RECLAIM,,,False,False,,
reference_validation|2025-10-14|2025-10-14 14:45:00+00:00,reference_validation,2025-10-14,BLIND_TOUCH,2025-10-14 14:45:00+00:00,4013.42,3885.09,128.32999999999993,4000.587,2025-10-14 15:40:00+00:00,2025-10-14 20:00:00+00:00,True,2025-10-14 14:45:00+00:00,BLIND_LIMIT,True,2025-10-14 14:45:00+00:00,4000.587,0.9,0.09999999999999998,EXECUTED,STRICT_BREAKOUT,2025-10-14 15:40:00+00:00,True,True,0.0,0.0
reference_validation|2025-10-14|2025-10-14 14:45:00+00:00,reference_validation,2025-10-14,EARLY_RECLAIM,2025-10-14 14:45:00+00:00,4013.42,3885.09,128.32999999999993,4000.587,2025-10-14 15:40:00+00:00,2025-10-14 20:00:00+00:00,False,,,False,,,,,H2_BEFORE_CONFIRMATION,,,False,False,,
reference_validation|2025-10-14|2025-10-14 14:45:00+00:00,reference_validation,2025-10-14,SAME_BAR_REJECTION,2025-10-14 14:45:00+00:00,4013.42,3885.09,128.32999999999993,4000.587,2025-10-14 15:40:00+00:00,2025-10-14 20:00:00+00:00,False,,,False,,,,,NO_SAME_BAR_RECLAIM,,,False,False,,
reference_validation|2025-11-03|2025-11-03 14:50:00+00:00,reference_validation,2025-11-03,BLIND_TOUCH,2025-11-03 14:50:00+00:00,3739.98,3650.13,89.84999999999991,3730.995,,2025-11-03 20:00:00+00:00,True,2025-11-03 14:50:00+00:00,BLIND_LIMIT,True,2025-11-03 14:50:00+00:00,3730.995,0.9,0.09999999999999998,EXECUTED,OPPOSITE_BREAK,2025-11-03 15:25:00+00:00,False,False,0.0,0.0
reference_validation|2025-11-03|2025-11-03 14:50:00+00:00,reference_validation,2025-11-03,EARLY_RECLAIM,2025-11-03 14:50:00+00:00,3739.98,3650.13,89.84999999999991,3730.995,,2025-11-03 20:00:00+00:00,True,2025-11-03 14:55:00+00:00,LATER_RECLAIM,True,2025-11-03 15:00:00+00:00,3732.83,0.9204229271007224,0.07957707289927762,EXECUTED,OPPOSITE_BREAK,2025-11-03 15:25:00+00:00,False,False,5.0,10.0
reference_validation|2025-11-03|2025-11-03 14:50:00+00:00,reference_validation,2025-11-03,SAME_BAR_REJECTION,2025-11-03 14:50:00+00:00,3739.98,3650.13,89.84999999999991,3730.995,,2025-11-03 20:00:00+00:00,False,,,False,,,,,NO_SAME_BAR_RECLAIM,,,False,False,,
reference_validation|2025-11-14|2025-11-14 15:25:00+00:00,reference_validation,2025-11-14,BLIND_TOUCH,2025-11-14 15:25:00+00:00,3217.8,3068.0,149.80000000000018,3202.82,2025-11-14 15:45:00+00:00,2025-11-14 20:00:00+00:00,True,2025-11-14 15:25:00+00:00,BLIND_LIMIT,True,2025-11-14 15:25:00+00:00,3202.82,0.9,0.09999999999999998,EXECUTED,STRICT_BREAKOUT,2025-11-14 15:45:00+00:00,True,True,0.0,0.0
reference_validation|2025-11-14|2025-11-14 15:25:00+00:00,reference_validation,2025-11-14,EARLY_RECLAIM,2025-11-14 15:25:00+00:00,3217.8,3068.0,149.80000000000018,3202.82,2025-11-14 15:45:00+00:00,2025-11-14 20:00:00+00:00,True,2025-11-14 15:35:00+00:00,LATER_RECLAIM,True,2025-11-14 15:40:00+00:00,3202.95,0.9008678237650177,0.09913217623498227,EXECUTED,STRICT_BREAKOUT,2025-11-14 15:45:00+00:00,True,True,10.0,15.0
reference_validation|2025-11-14|2025-11-14 15:25:00+00:00,reference_validation,2025-11-14,SAME_BAR_REJECTION,2025-11-14 15:25:00+00:00,3217.8,3068.0,149.80000000000018,3202.82,2025-11-14 15:45:00+00:00,2025-11-14 20:00:00+00:00,False,,,False,,,,,NO_SAME_BAR_RECLAIM,,,False,False,,
reference_validation|2025-11-21|2025-11-21 14:05:00+00:00,reference_validation,2025-11-21,BLIND_TOUCH,2025-11-21 14:05:00+00:00,2760.87,2620.0,140.8699999999999,2746.783,2025-11-21 14:30:00+00:00,2025-11-21 20:00:00+00:00,True,2025-11-21 14:05:00+00:00,BLIND_LIMIT,True,2025-11-21 14:05:00+00:00,2746.783,0.9,0.09999999999999998,EXECUTED,STRICT_BREAKOUT,2025-11-21 14:30:00+00:00,True,True,0.0,0.0
reference_validation|2025-11-21|2025-11-21 14:05:00+00:00,reference_validation,2025-11-21,EARLY_RECLAIM,2025-11-21 14:05:00+00:00,2760.87,2620.0,140.8699999999999,2746.783,2025-11-21 14:30:00+00:00,2025-11-21 20:00:00+00:00,False,,,False,,,,,H2_BEFORE_CONFIRMATION,,,False,False,,
reference_validation|2025-11-21|2025-11-21 14:05:00+00:00,reference_validation,2025-11-21,SAME_BAR_REJECTION,2025-11-21 14:05:00+00:00,2760.87,2620.0,140.8699999999999,2746.783,2025-11-21 14:30:00+00:00,2025-11-21 20:00:00+00:00,False,,,False,,,,,NO_SAME_BAR_RECLAIM,,,False,False,,
reference_validation|2025-11-24|2025-11-24 15:00:00+00:00,reference_validation,2025-11-24,BLIND_TOUCH,2025-11-24 15:00:00+00:00,2841.92,2786.01,55.909999999999854,2836.329,2025-11-24 15:30:00+00:00,2025-11-24 20:00:00+00:00,True,2025-11-24 15:00:00+00:00,BLIND_LIMIT,True,2025-11-24 15:00:00+00:00,2836.329,0.9,0.09999999999999998,EXECUTED,STRICT_BREAKOUT,2025-11-24 15:30:00+00:00,True,True,0.0,0.0
reference_validation|2025-11-24|2025-11-24 15:00:00+00:00,reference_validation,2025-11-24,EARLY_RECLAIM,2025-11-24 15:00:00+00:00,2841.92,2786.01,55.909999999999854,2836.329,2025-11-24 15:30:00+00:00,2025-11-24 20:00:00+00:00,False,,,False,,,,,H2_BEFORE_CONFIRMATION,,,False,False,,
reference_validation|2025-11-24|2025-11-24 15:00:00+00:00,reference_validation,2025-11-24,SAME_BAR_REJECTION,2025-11-24 15:00:00+00:00,2841.92,2786.01,55.909999999999854,2836.329,2025-11-24 15:30:00+00:00,2025-11-24 20:00:00+00:00,False,,,False,,,,,NO_SAME_BAR_RECLAIM,,,False,False,,
reference_validation|2025-11-28|2025-11-28 13:55:00+00:00,reference_validation,2025-11-28,BLIND_TOUCH,2025-11-28 13:55:00+00:00,3080.0,2999.7,80.30000000000018,3071.97,2025-11-28 14:20:00+00:00,2025-11-28 20:00:00+00:00,True,2025-11-28 13:55:00+00:00,BLIND_LIMIT,True,2025-11-28 13:55:00+00:00,3071.97,0.9,0.09999999999999998,EXECUTED,STRICT_BREAKOUT,2025-11-28 14:25:00+00:00,True,True,0.0,0.0
reference_validation|2025-11-28|2025-11-28 13:55:00+00:00,reference_validation,2025-11-28,EARLY_RECLAIM,2025-11-28 13:55:00+00:00,3080.0,2999.7,80.30000000000018,3071.97,2025-11-28 14:20:00+00:00,2025-11-28 20:00:00+00:00,True,2025-11-28 13:55:00+00:00,SAME_BAR,True,2025-11-28 14:00:00+00:00,3072.56,0.907347447073474,0.09265255292652597,EXECUTED,STRICT_BREAKOUT,2025-11-28 14:25:00+00:00,True,True,0.0,5.0
reference_validation|2025-11-28|2025-11-28 13:55:00+00:00,reference_validation,2025-11-28,SAME_BAR_REJECTION,2025-11-28 13:55:00+00:00,3080.0,2999.7,80.30000000000018,3071.97,2025-11-28 14:20:00+00:00,2025-11-28 20:00:00+00:00,True,2025-11-28 13:55:00+00:00,SAME_BAR,True,2025-11-28 14:00:00+00:00,3072.56,0.907347447073474,0.09265255292652597,EXECUTED,STRICT_BREAKOUT,2025-11-28 14:25:00+00:00,True,True,0.0,5.0
reference_validation|2026-02-02|2026-02-02 14:20:00+00:00,reference_validation,2026-02-02,BLIND_TOUCH,2026-02-02 14:20:00+00:00,2328.0,2227.56,100.44000000000005,2317.956,2026-02-02 14:30:00+00:00,2026-02-02 20:00:00+00:00,True,2026-02-02 14:20:00+00:00,BLIND_LIMIT,True,2026-02-02 14:20:00+00:00,2317.956,0.9,0.09999999999999998,EXECUTED,STRICT_BREAKOUT,2026-02-02 14:30:00+00:00,True,True,0.0,0.0
reference_validation|2026-02-02|2026-02-02 14:20:00+00:00,reference_validation,2026-02-02,EARLY_RECLAIM,2026-02-02 14:20:00+00:00,2328.0,2227.56,100.44000000000005,2317.956,2026-02-02 14:30:00+00:00,2026-02-02 20:00:00+00:00,True,2026-02-02 14:20:00+00:00,SAME_BAR,True,2026-02-02 14:25:00+00:00,2319.15,0.9118876941457597,0.08811230585424035,EXECUTED,STRICT_BREAKOUT,2026-02-02 14:30:00+00:00,True,True,0.0,5.0
reference_validation|2026-02-02|2026-02-02 14:20:00+00:00,reference_validation,2026-02-02,SAME_BAR_REJECTION,2026-02-02 14:20:00+00:00,2328.0,2227.56,100.44000000000005,2317.956,2026-02-02 14:30:00+00:00,2026-02-02 20:00:00+00:00,True,2026-02-02 14:20:00+00:00,SAME_BAR,True,2026-02-02 14:25:00+00:00,2319.15,0.9118876941457597,0.08811230585424035,EXECUTED,STRICT_BREAKOUT,2026-02-02 14:30:00+00:00,True,True,0.0,5.0
reference_validation|2026-02-11|2026-02-11 13:55:00+00:00,reference_validation,2026-02-11,BLIND_TOUCH,2026-02-11 13:55:00+00:00,1966.73,1930.39,36.33999999999992,1963.096,2026-02-11 14:00:00+00:00,2026-02-11 20:00:00+00:00,True,2026-02-11 13:55:00+00:00,BLIND_LIMIT,True,2026-02-11 13:55:00+00:00,1963.096,0.9,0.09999999999999998,EXECUTED,STRICT_BREAKOUT,2026-02-11 14:00:00+00:00,True,True,0.0,0.0
reference_validation|2026-02-11|2026-02-11 13:55:00+00:00,reference_validation,2026-02-11,EARLY_RECLAIM,2026-02-11 13:55:00+00:00,1966.73,1930.39,36.33999999999992,1963.096,2026-02-11 14:00:00+00:00,2026-02-11 20:00:00+00:00,False,,,False,,,,,H2_BEFORE_CONFIRMATION,,,False,False,,
reference_validation|2026-02-11|2026-02-11 13:55:00+00:00,reference_validation,2026-02-11,SAME_BAR_REJECTION,2026-02-11 13:55:00+00:00,1966.73,1930.39,36.33999999999992,1963.096,2026-02-11 14:00:00+00:00,2026-02-11 20:00:00+00:00,False,,,False,,,,,NO_SAME_BAR_RECLAIM,,,False,False,,
reference_validation|2026-03-12|2026-03-12 13:50:00+00:00,reference_validation,2026-03-12,BLIND_TOUCH,2026-03-12 13:50:00+00:00,2075.65,2036.75,38.90000000000009,2071.76,2026-03-12 14:00:00+00:00,2026-03-12 20:00:00+00:00,True,2026-03-12 13:50:00+00:00,BLIND_LIMIT,True,2026-03-12 13:50:00+00:00,2071.76,0.9,0.09999999999999998,EXECUTED,STRICT_BREAKOUT,2026-03-12 14:00:00+00:00,True,True,0.0,0.0
reference_validation|2026-03-12|2026-03-12 13:50:00+00:00,reference_validation,2026-03-12,EARLY_RECLAIM,2026-03-12 13:50:00+00:00,2075.65,2036.75,38.90000000000009,2071.76,2026-03-12 14:00:00+00:00,2026-03-12 20:00:00+00:00,False,,,False,,,,,H2_BEFORE_CONFIRMATION,,,False,False,,
reference_validation|2026-03-12|2026-03-12 13:50:00+00:00,reference_validation,2026-03-12,SAME_BAR_REJECTION,2026-03-12 13:50:00+00:00,2075.65,2036.75,38.90000000000009,2071.76,2026-03-12 14:00:00+00:00,2026-03-12 20:00:00+00:00,False,,,False,,,,,NO_SAME_BAR_RECLAIM,,,False,False,,
reference_validation|2026-03-13|2026-03-13 14:35:00+00:00,reference_validation,2026-03-13,BLIND_TOUCH,2026-03-13 14:35:00+00:00,2205.58,2090.09,115.48999999999978,2194.031,,2026-03-13 20:00:00+00:00,True,2026-03-13 14:35:00+00:00,BLIND_LIMIT,True,2026-03-13 14:35:00+00:00,2194.031,0.9,0.09999999999999998,EXECUTED,NO_BREAK_BY_END,,False,False,0.0,0.0
reference_validation|2026-03-13|2026-03-13 14:35:00+00:00,reference_validation,2026-03-13,EARLY_RECLAIM,2026-03-13 14:35:00+00:00,2205.58,2090.09,115.48999999999978,2194.031,,2026-03-13 20:00:00+00:00,False,,,False,,,,,SESSION_END_BEFORE_CONFIRMATION,,,False,False,,
reference_validation|2026-03-13|2026-03-13 14:35:00+00:00,reference_validation,2026-03-13,SAME_BAR_REJECTION,2026-03-13 14:35:00+00:00,2205.58,2090.09,115.48999999999978,2194.031,,2026-03-13 20:00:00+00:00,False,,,False,,,,,NO_SAME_BAR_RECLAIM,,,False,False,,
reference_validation|2026-03-16|2026-03-16 14:00:00+00:00,reference_validation,2026-03-16,BLIND_TOUCH,2026-03-16 14:00:00+00:00,2302.99,2233.0,69.98999999999978,2295.991,2026-03-16 14:10:00+00:00,2026-03-16 20:00:00+00:00,True,2026-03-16 14:00:00+00:00,BLIND_LIMIT,True,2026-03-16 14:00:00+00:00,2295.991,0.9,0.09999999999999998,EXECUTED,STRICT_BREAKOUT,2026-03-16 17:10:00+00:00,True,True,0.0,0.0
reference_validation|2026-03-16|2026-03-16 14:00:00+00:00,reference_validation,2026-03-16,EARLY_RECLAIM,2026-03-16 14:00:00+00:00,2302.99,2233.0,69.98999999999978,2295.991,2026-03-16 14:10:00+00:00,2026-03-16 20:00:00+00:00,True,2026-03-16 14:05:00+00:00,LATER_RECLAIM,True,2026-03-16 14:10:00+00:00,2298.45,0.9351335905129308,0.06486640948706923,EXECUTED,STRICT_BREAKOUT,2026-03-16 17:10:00+00:00,True,True,5.0,10.0
reference_validation|2026-03-16|2026-03-16 14:00:00+00:00,reference_validation,2026-03-16,SAME_BAR_REJECTION,2026-03-16 14:00:00+00:00,2302.99,2233.0,69.98999999999978,2295.991,2026-03-16 14:10:00+00:00,2026-03-16 20:00:00+00:00,False,,,False,,,,,NO_SAME_BAR_RECLAIM,,,False,False,,
reference_validation|2026-04-22|2026-04-22 13:40:00+00:00,reference_validation,2026-04-22,BLIND_TOUCH,2026-04-22 13:40:00+00:00,2414.99,2382.15,32.83999999999969,2411.7059999999997,2026-04-22 13:45:00+00:00,2026-04-22 20:00:00+00:00,True,2026-04-22 13:40:00+00:00,BLIND_LIMIT,True,2026-04-22 13:40:00+00:00,2411.7059999999997,0.9,0.09999999999999998,EXECUTED,STRICT_BREAKOUT,2026-04-22 13:55:00+00:00,True,True,0.0,0.0
reference_validation|2026-04-22|2026-04-22 13:40:00+00:00,reference_validation,2026-04-22,EARLY_RECLAIM,2026-04-22 13:40:00+00:00,2414.99,2382.15,32.83999999999969,2411.7059999999997,2026-04-22 13:45:00+00:00,2026-04-22 20:00:00+00:00,True,2026-04-22 13:40:00+00:00,SAME_BAR,True,2026-04-22 13:45:00+00:00,2412.43,0.9220462850182713,0.07795371498172865,EXECUTED,STRICT_BREAKOUT,2026-04-22 13:55:00+00:00,True,True,0.0,5.0
reference_validation|2026-04-22|2026-04-22 13:40:00+00:00,reference_validation,2026-04-22,SAME_BAR_REJECTION,2026-04-22 13:40:00+00:00,2414.99,2382.15,32.83999999999969,2411.7059999999997,2026-04-22 13:45:00+00:00,2026-04-22 20:00:00+00:00,True,2026-04-22 13:40:00+00:00,SAME_BAR,True,2026-04-22 13:45:00+00:00,2412.43,0.9220462850182713,0.07795371498172865,EXECUTED,STRICT_BREAKOUT,2026-04-22 13:55:00+00:00,True,True,0.0,5.0
reference_validation|2026-05-01|2026-05-01 13:45:00+00:00,reference_validation,2026-05-01,BLIND_TOUCH,2026-05-01 13:45:00+00:00,2314.68,2275.68,39.0,2310.7799999999997,2026-05-01 13:50:00+00:00,2026-05-01 20:00:00+00:00,True,2026-05-01 13:45:00+00:00,BLIND_LIMIT,True,2026-05-01 13:45:00+00:00,2310.7799999999997,0.9,0.09999999999999998,EXECUTED,STRICT_BREAKOUT,2026-05-01 13:50:00+00:00,True,True,0.0,0.0
reference_validation|2026-05-01|2026-05-01 13:45:00+00:00,reference_validation,2026-05-01,EARLY_RECLAIM,2026-05-01 13:45:00+00:00,2314.68,2275.68,39.0,2310.7799999999997,2026-05-01 13:50:00+00:00,2026-05-01 20:00:00+00:00,False,,,False,,,,,H2_BEFORE_CONFIRMATION,,,False,False,,
reference_validation|2026-05-01|2026-05-01 13:45:00+00:00,reference_validation,2026-05-01,SAME_BAR_REJECTION,2026-05-01 13:45:00+00:00,2314.68,2275.68,39.0,2310.7799999999997,2026-05-01 13:50:00+00:00,2026-05-01 20:00:00+00:00,False,,,False,,,,,NO_SAME_BAR_RECLAIM,,,False,False,,
reference_validation|2026-07-03|2026-07-03 14:00:00+00:00,reference_validation,2026-07-03,BLIND_TOUCH,2026-07-03 14:00:00+00:00,1748.67,1714.9,33.76999999999998,1745.2930000000001,2026-07-03 19:30:00+00:00,2026-07-03 20:00:00+00:00,True,2026-07-03 14:00:00+00:00,BLIND_LIMIT,True,2026-07-03 14:00:00+00:00,1745.2930000000001,0.9,0.09999999999999998,EXECUTED,STRICT_BREAKOUT,2026-07-03 19:35:00+00:00,True,True,0.0,0.0
reference_validation|2026-07-03|2026-07-03 14:00:00+00:00,reference_validation,2026-07-03,EARLY_RECLAIM,2026-07-03 14:00:00+00:00,1748.67,1714.9,33.76999999999998,1745.2930000000001,2026-07-03 19:30:00+00:00,2026-07-03 20:00:00+00:00,True,2026-07-03 19:25:00+00:00,LATER_RECLAIM,True,2026-07-03 19:30:00+00:00,1746.27,0.9289310038495678,0.07106899615043216,EXECUTED,STRICT_BREAKOUT,2026-07-03 19:35:00+00:00,True,True,325.0,330.0
reference_validation|2026-07-03|2026-07-03 14:00:00+00:00,reference_validation,2026-07-03,SAME_BAR_REJECTION,2026-07-03 14:00:00+00:00,1748.67,1714.9,33.76999999999998,1745.2930000000001,2026-07-03 19:30:00+00:00,2026-07-03 20:00:00+00:00,False,,,False,,,,,NO_SAME_BAR_RECLAIM,,,False,False,,
reference_validation|2026-07-10|2026-07-10 14:00:00+00:00,reference_validation,2026-07-10,BLIND_TOUCH,2026-07-10 14:00:00+00:00,1806.82,1771.66,35.159999999999854,1803.3039999999999,,2026-07-10 20:00:00+00:00,True,2026-07-10 14:00:00+00:00,BLIND_LIMIT,True,2026-07-10 14:00:00+00:00,1803.3039999999999,0.9,0.09999999999999998,EXECUTED,NO_BREAK_BY_END,,False,False,0.0,0.0
reference_validation|2026-07-10|2026-07-10 14:00:00+00:00,reference_validation,2026-07-10,EARLY_RECLAIM,2026-07-10 14:00:00+00:00,1806.82,1771.66,35.159999999999854,1803.3039999999999,,2026-07-10 20:00:00+00:00,False,,,False,,,,,SESSION_END_BEFORE_CONFIRMATION,,,False,False,,
reference_validation|2026-07-10|2026-07-10 14:00:00+00:00,reference_validation,2026-07-10,SAME_BAR_REJECTION,2026-07-10 14:00:00+00:00,1806.82,1771.66,35.159999999999854,1803.3039999999999,,2026-07-10 20:00:00+00:00,False,,,False,,,,,NO_SAME_BAR_RECLAIM,,,False,False,,
