character_rule,lookback_min,hold_min,trades,wr,net,exp,pf,dd,ls,H1_trades,H1_exp,H1_pf,H2_trades,H2_exp,H2_pf,min_half_exp,positive_anchors,dev_eligible
ALL,60,120,1039,0.3782483156881617,-1253.5964951637711,-1.2065413812933312,0.6222529513833628,1413.448504684382,39,516,-1.8474475043434258,0.48396651451251205,523,-0.5742133516683812,0.7958836103681485,-1.8474475043434258,0,False
ALL,60,240,1039,0.3994225216554379,-1487.3852151624392,-1.4315545862968615,0.6856692654267871,1692.292172599953,20,516,-2.4704999248486814,0.5477965520188016,523,-0.40651482589009535,0.8888546093692691,-2.4704999248486814,0,False
ALL,60,360,1039,0.4436958614051973,-1084.6787769287803,-1.0439641741374208,0.7952067081145505,1311.0853472230795,28,516,-2.3810255608753192,0.6299848608778432,523,0.27520155350455916,1.0728382802187846,-2.3810255608753192,0,False
ALL,60,480,1039,0.4590952839268527,-1413.2121077325119,-1.3601656474807622,0.7731373505950111,1462.7020507938873,21,516,-2.6127059281959046,0.6336993707325053,523,-0.12438976822834609,0.9744769851218186,-2.6127059281959046,0,False
ALL,120,120,1040,0.3778846153846154,-1264.155660686382,-1.215534289121521,0.6202793464185493,1424.0076702069919,39,516,-1.8474475043434258,0.48396651451251205,524,-0.5932686039030037,0.7902123924354291,-1.8474475043434258,0,False
ALL,120,240,1040,0.39903846153846156,-1504.1252544466467,-1.4462742831217756,0.6832521307172783,1709.0322118841607,20,516,-2.4704999248486814,0.5477965520188016,524,-0.43768567409299064,0.8811435065086238,-2.4704999248486814,0,False
ALL,120,360,1040,0.44326923076923075,-1100.3044759915456,-1.0579850730687939,0.792867576286932,1311.0853472230795,28,516,-2.3810255608753192,0.6299848608778432,524,0.24485632332083782,1.064421226563025,-2.3810255608753192,0,False
ALL,120,480,1040,0.45865384615384613,-1426.4486613605063,-1.3715852513081792,0.7714980243499263,1475.9386044218822,21,516,-2.6127059281959046,0.6336993707325053,524,-0.1494129817011824,0.9694426436568486,-2.6127059281959046,0,False
ALL,180,120,1040,0.3778846153846154,-1264.155660686382,-1.215534289121521,0.6202793464185493,1424.0076702069919,39,516,-1.8474475043434258,0.48396651451251205,524,-0.5932686039030037,0.7902123924354291,-1.8474475043434258,0,False
ALL,180,240,1040,0.39903846153846156,-1504.1252544466467,-1.4462742831217756,0.6832521307172783,1709.0322118841607,20,516,-2.4704999248486814,0.5477965520188016,524,-0.43768567409299064,0.8811435065086238,-2.4704999248486814,0,False
ALL,180,360,1040,0.44326923076923075,-1100.3044759915456,-1.0579850730687939,0.792867576286932,1311.0853472230795,28,516,-2.3810255608753192,0.6299848608778432,524,0.24485632332083782,1.064421226563025,-2.3810255608753192,0,False
ALL,180,480,1040,0.45865384615384613,-1426.4486613605063,-1.3715852513081792,0.7714980243499263,1475.9386044218822,21,516,-2.6127059281959046,0.6336993707325053,524,-0.1494129817011824,0.9694426436568486,-2.6127059281959046,0,False
ALL,240,120,1040,0.3778846153846154,-1264.155660686382,-1.215534289121521,0.6202793464185493,1424.0076702069919,39,516,-1.8474475043434258,0.48396651451251205,524,-0.5932686039030037,0.7902123924354291,-1.8474475043434258,0,False
ALL,240,240,1040,0.39903846153846156,-1504.1252544466467,-1.4462742831217756,0.6832521307172783,1709.0322118841607,20,516,-2.4704999248486814,0.5477965520188016,524,-0.43768567409299064,0.8811435065086238,-2.4704999248486814,0,False
ALL,240,360,1040,0.44326923076923075,-1100.3044759915456,-1.0579850730687939,0.792867576286932,1311.0853472230795,28,516,-2.3810255608753192,0.6299848608778432,524,0.24485632332083782,1.064421226563025,-2.3810255608753192,0,False
ALL,240,480,1040,0.45865384615384613,-1426.4486613605063,-1.3715852513081792,0.7714980243499263,1475.9386044218822,21,516,-2.6127059281959046,0.6336993707325053,524,-0.1494129817011824,0.9694426436568486,-2.6127059281959046,0,False
ALL,360,120,1040,0.3778846153846154,-1264.155660686382,-1.215534289121521,0.6202793464185493,1424.0076702069919,39,516,-1.8474475043434258,0.48396651451251205,524,-0.5932686039030037,0.7902123924354291,-1.8474475043434258,0,False
ALL,360,240,1040,0.39903846153846156,-1504.1252544466467,-1.4462742831217756,0.6832521307172783,1709.0322118841607,20,516,-2.4704999248486814,0.5477965520188016,524,-0.43768567409299064,0.8811435065086238,-2.4704999248486814,0,False
ALL,360,360,1040,0.44326923076923075,-1100.3044759915456,-1.0579850730687939,0.792867576286932,1311.0853472230795,28,516,-2.3810255608753192,0.6299848608778432,524,0.24485632332083782,1.064421226563025,-2.3810255608753192,0,False
ALL,360,480,1040,0.45865384615384613,-1426.4486613605063,-1.3715852513081792,0.7714980243499263,1475.9386044218822,21,516,-2.6127059281959046,0.6336993707325053,524,-0.1494129817011824,0.9694426436568486,-2.6127059281959046,0,False
DRIVE_UP,60,120,517,0.37524177949709864,-396.3767517577618,-0.766686173612692,0.7366379288224064,524.8349488736858,31,252,-0.9262114805583321,0.6835458892686579,265,-0.6149866364417432,0.7876591990762671,-0.9262114805583321,0,False
DRIVE_UP,60,240,517,0.3849129593810445,-571.4936595828372,-1.1054035968720255,0.7493713214318808,738.0890198252566,23,252,-1.6622311244536967,0.6660821658481401,265,-0.5758921366811531,0.8512259762860789,-1.6622311244536967,0,False
DRIVE_UP,60,360,517,0.4661508704061896,-46.51622079977088,-0.08997334777518545,0.9802025169847673,431.81616132110247,22,252,-0.7173315152561716,0.869924904300311,265,0.5066087586595631,1.1398617356299912,-0.7173315152561716,2,False
DRIVE_UP,60,480,517,0.48549323017408125,-280.32868530737517,-0.5422218284475342,0.9015555200428118,537.9746740945673,17,252,-1.232058841497802,0.805074821566619,265,0.1137741235851731,1.0240283973306525,-1.232058841497802,1,False
DRIVE_UP,120,120,502,0.3545816733067729,-475.6353247370685,-0.9474807265678655,0.6979140421220652,593.297148437171,32,240,-1.4389216194728505,0.5733716533218685,262,-0.4973058628381085,0.8296891377491988,-1.4389216194728505,0,False
DRIVE_UP,120,240,502,0.39243027888446214,-393.73695137389484,-0.7843365565217029,0.8243654616263394,642.6134691698937,26,240,-2.322077373087043,0.5788209441649689,262,0.624280985370212,1.1780533783003642,-2.322077373087043,0,False
DRIVE_UP,120,360,502,0.46215139442231074,-180.14915723365323,-0.35886286301524545,0.9304410748860273,627.6024199246008,25,240,-2.6150100830191705,0.6328089173388812,262,1.7078368804997996,1.5080770294872108,-2.6150100830191705,0,False
DRIVE_UP,120,480,502,0.48406374501992033,-314.9339593846789,-0.6273584848300376,0.8932250924571433,757.6689027150879,15,240,-3.156953761312867,0.5989558818999079,262,1.689828027978661,1.417567307250092,-3.156953761312867,0,False
DRIVE_UP,180,120,497,0.3561368209255533,-545.3243710952772,-1.0972321350005578,0.6525621792911043,628.2134153200278,30,240,-1.3794412349451022,0.56762560102923,257,-0.8336905630679088,0.7334652585641951,-1.3794412349451022,0,False
DRIVE_UP,180,240,497,0.39235412474849096,-520.3228965365465,-1.0469273572163913,0.77041283246306,588.2278522460782,27,240,-2.2322579655187393,0.5800812662020992,257,0.05999616804650119,1.0155666094870086,-2.2322579655187393,0,False
DRIVE_UP,180,360,497,0.44466800804828976,-307.6703155639444,-0.6190549608932483,0.8815487528675816,612.8294709508455,26,240,-2.537698480502304,0.6315266940948022,257,1.1726743959401107,1.3190705011848383,-2.537698480502304,1,False
DRIVE_UP,180,480,497,0.482897384305835,-181.51630748290404,-0.3652239587181168,0.9360790216810542,565.1345238299627,18,240,-2.3419428960816164,0.6753905327662166,257,1.480739251271143,1.3433999171456616,-2.3419428960816164,2,False
DRIVE_UP,240,120,510,0.3568627450980392,-596.0014773815108,-1.1686303478068838,0.6431430352390031,747.2720589194824,26,250,-1.1804113014645987,0.6272932369678906,260,-1.157302507751389,0.6574305982990691,-1.1804113014645987,0,False
DRIVE_UP,240,240,510,0.40588235294117647,-418.0723739420945,-0.8197497528276363,0.8154610921564451,540.1834747963813,24,250,-1.4178317389054127,0.7040323709046852,260,-0.24467092006054367,0.9404288443325894,-1.4178317389054127,0,False
DRIVE_UP,240,360,510,0.45098039215686275,-180.8647397901285,-0.3546367446865265,0.9298039296815448,401.5482903760113,24,250,-1.4946886278689189,0.753466544322324,260,0.7415669891426966,1.1817464456806883,-1.4946886278689189,0,False
DRIVE_UP,240,480,510,0.48823529411764705,-73.1216955907814,-0.1433758737074145,0.9739466391746271,443.81475735567756,13,250,-1.0108755806171958,0.8417503607970481,260,0.6907584598596828,1.1484704693930774,-1.0108755806171958,1,False
DRIVE_UP,360,120,506,0.34189723320158105,-633.6127951784381,-1.2521991999573876,0.6183670353897766,773.0864153221947,29,244,-1.2992111788151517,0.6054445778992746,262,-1.2084170517081723,0.6304847549069021,-1.2992111788151517,0,False
DRIVE_UP,360,240,506,0.40118577075098816,-358.4438563757586,-0.7083870679362819,0.8430988826703981,495.81779616366947,26,244,-1.1204832981208817,0.7794283676210616,262,-0.3246027924971892,0.9186181650366417,-1.1204832981208817,0,False
DRIVE_UP,360,360,506,0.4505928853754941,-259.4824391949171,-0.5128111446539864,0.9030189607862791,469.54313306501484,25,244,-1.6908812646692506,0.7473491845432307,262,0.5843228602457259,1.1468352700798798,-1.6908812646692506,0,False
DRIVE_UP,360,480,506,0.4743083003952569,-187.85263430197872,-0.3712502654189303,0.9360133053848019,425.73328719427883,16,244,-1.0890719398093252,0.8420779743604064,262,0.2972554160744147,1.0621496394427916,-1.0890719398093252,1,False
DRIVE_DOWN,60,120,522,0.38122605363984674,-857.2197434060093,-1.642183416486608,0.527324919201127,900.5181961108918,20,264,-2.726809163411015,0.3513232210188527,258,-0.5323338149825636,0.8048525685938109,-2.726809163411015,0,False
DRIVE_DOWN,60,240,522,0.41379310344827586,-915.8915555796023,-1.754581524098855,0.6264215088229598,954.6060840262803,16,264,-3.2420292343166213,0.45295822006247494,258,-0.23254200666672195,0.9323671793172151,-3.2420292343166213,0,False
DRIVE_DOWN,60,360,522,0.421455938697318,-1038.162556129009,-1.9888171573352664,0.6477047647566537,1101.1601877314356,21,264,-3.969097149875415,0.45727729329497135,258,0.03751585828721102,1.009525342284472,-3.969097149875415,0,False
DRIVE_DOWN,60,480,522,0.4329501915708812,-1132.8834224251366,-2.17027475560371,0.6650049612370063,1181.7630387248566,17,264,-3.9305963291350023,0.5029456042106286,258,-0.36901547106006144,0.9264328895765855,-3.9305963291350023,0,False
DRIVE_DOWN,120,120,538,0.3996282527881041,-788.5203359493134,-1.465651182061921,0.5506160392771594,835.9967362386767,20,276,-2.2026874042308835,0.41423618037720067,262,-0.6892313449678995,0.7480795249080799,-2.2026874042308835,0,False
DRIVE_DOWN,120,240,538,0.4052044609665427,-1110.3883030727518,-2.0639187789456352,0.5570591695631273,1230.3832921328462,18,276,-2.5995630133370624,0.5203532397728505,262,-1.4996523335561938,0.6113680410224467,-2.5995630133370624,0,False
DRIVE_DOWN,120,360,538,0.4256505576208178,-920.1553187578924,-1.7103258712971976,0.6619814827219034,1093.5145467781208,17,276,-2.177560759011101,0.6269890939281274,262,-1.218124233858124,0.7127305428996739,-2.177560759011101,0,False
DRIVE_DOWN,120,480,538,0.4349442379182156,-1111.5147019758276,-2.0660124572041405,0.6624713066406421,1310.6130794429143,13,276,-2.1394469428768073,0.6703440598332521,262,-1.9886539913810262,0.6530817971768624,-2.1394469428768073,0,False
DRIVE_DOWN,180,120,543,0.39779005524861877,-718.8312895911047,-1.3238145296337103,0.5914833406778679,802.8589906215577,19,276,-2.2544094777332724,0.4247439965075096,267,-0.36185121249708413,0.8574964848826676,-2.2544094777332724,0,False
DRIVE_DOWN,180,240,543,0.40515653775322286,-983.8023579101001,-1.8117907143832415,0.6036746839393949,1136.6263060776178,25,276,-2.677666846005153,0.5211057699093246,267,-0.9167277468639622,0.7393598294770289,-2.677666846005153,0,False
DRIVE_DOWN,180,360,543,0.4419889502762431,-792.6341604276013,-1.4597314188353614,0.708014964508302,1039.907186046553,26,276,-2.24478823946055,0.6284565638761123,267,-0.6482120087508969,0.8347132301180329,-2.24478823946055,0,False
DRIVE_DOWN,180,480,543,0.43646408839779005,-1244.9323538776025,-2.292693101063725,0.6341566767302841,1487.3022961917657,16,276,-2.848152043077895,0.5966594549462556,267,-1.718510823925481,0.6844194210969358,-2.848152043077895,0,False
DRIVE_DOWN,240,120,530,0.39811320754716983,-668.154183304871,-1.260668270386549,0.5972625552120308,700.1258627562557,22,266,-2.474361228853602,0.37645459722806085,264,-0.03778066829474587,0.98347255580236,-2.474361228853602,0,False
DRIVE_DOWN,240,240,530,0.39245283018867927,-1086.052880504552,-2.0491563783104754,0.5626317483036283,1177.5516935766693,25,266,-3.4598497236675425,0.4323960714531038,264,-0.6277759621552489,0.8076769442863815,-3.4598497236675425,0,False
DRIVE_DOWN,240,360,530,0.4358490566037736,-919.439736201417,-1.7347919550970132,0.6638881594644882,1117.4439132211783,26,266,-3.214048994152011,0.526278197696103,264,-0.24432842332190222,0.9307013739975273,-3.214048994152011,0,False
DRIVE_DOWN,240,480,530,0.43018867924528303,-1353.3269657697253,-2.5534471052258967,0.6061326656640991,1464.220364012081,16,266,-4.118185578175894,0.47423224308587514,264,-0.9768545529353684,0.8093232766316378,-4.118185578175894,0,False
DRIVE_DOWN,360,120,534,0.41198501872659177,-630.5428655079437,-1.1807918829736774,0.6221817598007082,666.3124684587674,20,272,-2.339247737537907,0.39046644968147376,262,0.021879843902164367,1.0091715509350565,-2.339247737537907,0,False
DRIVE_DOWN,360,240,534,0.3970037453183521,-1145.681398070888,-2.1454707829042845,0.5350565800588865,1238.5429115795316,25,272,-3.6815442517662658,0.3660302483041701,262,-0.5507685556887923,0.8368723454148829,-3.6815442517662658,0,False
DRIVE_DOWN,360,360,534,0.4363295880149813,-840.8220367966285,-1.574573102615409,0.6810818911066971,1028.9166021799333,26,272,-3.0001255912954683,0.5164082592303864,262,-0.09461021360405002,0.9738810557122567,-3.0001255912954683,0,False
DRIVE_DOWN,360,480,534,0.4438202247191011,-1238.5960270585276,-2.3194682154654074,0.6254399178777873,1348.864498581393,21,272,-3.979495241307395,0.45818603930313573,262,-0.5960813794767799,0.8806950563513539,-3.979495241307395,0,False
STR_B0_20,60,120,190,0.33157894736842103,-370.34200234165854,-1.9491684333771502,0.4308322937516991,375.16623579298,16,74,-3.578173456638546,0.16652931718514472,116,-0.9099755737103978,0.6829957654203667,-3.578173456638546,0,False
STR_B0_20,60,240,190,0.35789473684210527,-196.3960201839859,-1.0336632641262415,0.7526381646217639,283.7336299343374,13,74,-3.560393344332344,0.39251058221168666,116,0.5782162697983404,1.186179184076057,-3.560393344332344,2,False
STR_B0_20,60,360,190,0.4105263157894737,-162.82653713467425,-0.8569817743930224,0.8108336337183323,298.7705584014024,8,74,-3.685255958565574,0.41683875816690236,116,0.9472621017170532,1.2795140781255419,-3.685255958565574,2,False
STR_B0_20,60,480,190,0.4105263157894737,-119.60645986297025,-0.6295076834893172,0.8754409261665034,279.6538782643718,10,74,-3.2717363798583152,0.4889116098079717,116,1.0560520021253887,1.2517886362346977,-3.2717363798583152,2,False
STR_B0_20,120,120,189,0.2962962962962963,-496.0791320898404,-2.6247573126446584,0.297335125648018,496.07913208984064,25,68,-3.88426101888975,0.1898261911454069,121,-1.916937047977995,0.3895757501182018,-3.88426101888975,0,False
STR_B0_20,120,240,189,0.328042328042328,-679.4927094180287,-3.5951995207303105,0.3194635255789108,679.4927094180291,13,68,-6.164813374090457,0.1532739168226735,121,-2.151119008098161,0.4829187354816574,-6.164813374090457,0,False
STR_B0_20,120,360,189,0.3968253968253968,-611.256045732134,-3.2341589721276933,0.4100546856636461,650.3297232419527,11,68,-6.4624756184998,0.17251523225985946,121,-1.4198983774722935,0.6598258339903015,-6.4624756184998,0,False
STR_B0_20,120,480,189,0.3915343915343915,-711.978056064545,-3.767079661717169,0.42037018227801204,769.8738100076681,13,68,-6.49389095433175,0.16030841767657827,121,-2.23465678652881,0.6150672084362836,-6.49389095433175,0,False
STR_B0_20,180,120,199,0.3316582914572864,-434.12974814149914,-2.181556523324116,0.33780451514050225,436.89669449145015,16,77,-3.4022189461990413,0.1716679521943251,122,-1.4111384367555162,0.49264819909914437,-3.4022189461990413,0,False
STR_B0_20,180,240,199,0.2964824120603015,-529.732094618744,-2.6619703247173065,0.39935001328793635,537.7366616008392,15,77,-4.666258341081842,0.22850020222223205,122,-1.3969688717659194,0.5905213851222283,-4.666258341081842,0,False
STR_B0_20,180,360,199,0.36683417085427134,-437.53122472789573,-2.1986493704919385,0.5188128467022532,463.9545931371626,14,77,-3.4569372944204737,0.38288393557662187,122,-1.4044840414550768,0.6414875077606476,-3.4569372944204737,0,False
STR_B0_20,180,480,199,0.3969849246231156,-571.0159741251055,-2.8694270056537965,0.536565260107847,612.1026262039829,17,77,-3.658578430335018,0.4466086767475442,122,-2.3713560245025334,0.5998966849118452,-3.658578430335018,0,False
STR_B0_20,240,120,205,0.3024390243902439,-454.5377933302233,-2.2172575284401135,0.31597924252557114,456.7850753001122,20,83,-3.6521286055363866,0.15540885253758105,122,-1.2410747464811736,0.50455339964472,-3.6521286055363866,0,False
STR_B0_20,240,240,205,0.2926829268292683,-569.0024902011819,-2.7756219034203995,0.3712962860544832,573.6808541843633,15,83,-4.615115370388009,0.2550433271593582,122,-1.5241632332703043,0.5242396367829558,-4.615115370388009,0,False
STR_B0_20,240,360,205,0.35121951219512193,-498.4886008160629,-2.4316517112978677,0.488592585822619,533.4624312666108,13,83,-2.8920745758591475,0.5040540409488627,122,-2.118413205079947,0.4733428953078255,-2.8920745758591475,0,False
STR_B0_20,240,480,205,0.37073170731707317,-555.8753433145225,-2.7115870405586464,0.5636517667910356,613.0572509484697,14,83,-2.669030671548133,0.5980148436904248,122,-2.7405393243936675,0.5374534581774474,-2.7405393243936675,0,False
STR_B0_20,360,120,194,0.26288659793814434,-414.71642550077183,-2.137713533509133,0.28941545401440827,415.6200967288146,15,71,-2.8149871699716975,0.16196023530608922,123,-1.7467669628681404,0.3774870869371119,-2.8149871699716975,0,False
STR_B0_20,360,240,194,0.33505154639175255,-334.28826056301597,-1.7231353637268865,0.5090644137760851,338.30859240761026,17,71,-2.6511276756331377,0.4281738031853664,123,-1.1874650048216515,0.5847637965890901,-2.6511276756331377,0,False
STR_B0_20,360,360,194,0.3917525773195876,-147.78758816610852,-0.761791691577879,0.7757211424141968,221.7898072977023,12,71,-1.1339613554926133,0.7226913793851297,123,-0.5469620481799431,0.8174888011792293,-1.1339613554926133,1,False
STR_B0_20,360,480,194,0.4381443298969072,-144.85639413747185,-0.7466824440075869,0.8320650596062972,244.85502560028849,16,71,-1.3630690212079335,0.7238578495981544,123,-0.39088206204641157,0.9061169387158065,-1.3630690212079335,1,False
STR_B20_40,60,120,192,0.3802083333333333,-349.2020020739676,-1.8187604274685814,0.4240685348806227,349.2020020739678,16,75,-2.9004581431807726,0.32827218792987,117,-1.1253644558582019,0.5338911492180032,-2.9004581431807726,0,False
STR_B20_40,60,240,192,0.3854166666666667,-392.2006065820163,-2.0427114926146683,0.5188146706463729,392.45570746901774,17,75,-2.57028541912772,0.49970853510228247,117,-1.7045230781832243,0.5359452804543092,-2.57028541912772,0,False
STR_B20_40,60,360,192,0.4375,-284.29822492569804,-1.4807199214880107,0.674100642081959,328.16641137141676,7,75,-2.4571097131365187,0.608396834412343,117,-0.8548290294056338,0.7510597675251789,-2.4571097131365187,0,False
STR_B20_40,60,480,192,0.4375,-394.98926465403315,-2.0572357534064225,0.6522402063401329,440.00111472721903,9,75,-2.7240039697358833,0.6128266294089956,117,-1.629820230118307,0.6864386491656802,-2.7240039697358833,0,False
STR_B20_40,120,120,192,0.3541666666666667,-318.95677309862157,-1.6612331932219873,0.46664769505657877,321.2040550685106,14,73,-2.6682551585233356,0.315918352917535,119,-1.0434802229110767,0.6036405967254178,-2.6682551585233356,0,False
STR_B20_40,120,240,192,0.3541666666666667,-294.03376436747874,-1.5314258560806184,0.6212886731587384,317.4604667575664,12,73,-1.4157578814255267,0.6827544502038302,119,-1.6023818405329018,0.5768534330181286,-1.6023818405329018,0,False
STR_B20_40,120,360,192,0.40625,-43.60291230478262,-0.2270985015874095,0.9392991546689132,180.28617268828611,17,73,0.19584078610913727,1.0486335840670458,119,-0.4865486528634425,0.863562080795409,-0.4865486528634425,2,False
STR_B20_40,120,480,192,0.4270833333333333,-96.34316496688558,-0.5017873175358624,0.9001234668690844,237.22451526820947,12,73,0.12756884943823132,1.0252112029147198,119,-0.887862949377113,0.8224996536501737,-0.887862949377113,2,False
STR_B20_40,180,120,187,0.2994652406417112,-377.9968150759033,-2.0213733426518896,0.4154319586408307,377.9968150759033,24,72,-2.7491904488440166,0.3129814898575603,115,-1.5656965457316012,0.4977666641474408,-2.7491904488440166,0,False
STR_B20_40,180,240,187,0.33689839572192515,-356.4484680457609,-1.9061415403516624,0.5520138444154297,356.4484680457608,13,72,-1.4551587087907056,0.6869544111318445,115,-2.1884960088072183,0.4540441577883646,-2.1884960088072183,0,False
STR_B20_40,180,360,187,0.3850267379679144,-266.5154466451803,-1.4252162922202156,0.6867766243881538,370.89116388855626,15,72,-0.4734891450770693,0.8978248247578476,115,-2.021080245214186,0.5506324351218825,-2.021080245214186,0,False
STR_B20_40,180,480,187,0.37967914438502676,-427.1524915115883,-2.2842379225218625,0.6137356854962102,478.82495404640827,8,72,-0.5259651826015144,0.9019663963777943,115,-3.3850695509937325,0.4590019344988904,-3.3850695509937325,0,False
STR_B20_40,240,120,182,0.29120879120879123,-438.5586298297992,-2.409662801262633,0.32951268603416667,438.55862982979914,14,66,-2.9773895473061165,0.2614485841766113,116,-2.0866458595482373,0.3761856720106462,-2.9773895473061165,0,False
STR_B20_40,240,240,182,0.34065934065934067,-349.74346891173275,-1.921667411602927,0.5313037562544394,357.533908137149,11,66,-2.5034140099079347,0.49117984332637216,116,-1.5906736573949052,0.5622163898310955,-2.5034140099079347,0,False
STR_B20_40,240,360,182,0.3901098901098901,-328.07887376435633,-1.8026311745294303,0.5836276075859894,344.19960590171706,8,66,-2.429882565467438,0.5257146236414482,116,-1.4457467624440123,0.6271622596754654,-2.429882565467438,0,False
STR_B20_40,240,480,182,0.36813186813186816,-454.58829167361307,-2.4977378663385332,0.5630099720023515,459.74248196587376,10,66,-3.5948852788010677,0.45406976823766976,116,-1.8734988213167456,0.641180734632903,-3.5948852788010677,1,False
STR_B20_40,360,120,195,0.4205128205128205,-216.68648315798234,-1.1112127341434992,0.6067116744368356,217.27455189856684,10,78,-1.4629266655394546,0.5251808858524135,117,-0.8767367798795294,0.6697858033256329,-1.4629266655394546,0,False
STR_B20_40,360,240,195,0.40512820512820513,-356.990351921757,-1.8307197534449078,0.5431389629019326,360.5716558076719,10,78,-3.234578384671673,0.3609249504057799,117,-0.8948139992937306,0.7292042619236907,-3.234578384671673,0,False
STR_B20_40,360,360,195,0.38974358974358975,-422.1655750250996,-2.1649516667953828,0.5466710972659299,422.1655750250996,14,78,-2.9617617113054022,0.45831030969861386,117,-1.6337449704553701,0.62132467224765,-2.9617617113054022,0,False
STR_B20_40,360,480,195,0.39487179487179486,-566.4378744495747,-2.9048096125619214,0.5013299919737579,572.3230531611475,14,78,-2.764585081118989,0.5051642837482823,117,-2.9982926335238766,0.49894341427930045,-2.9982926335238766,0,False
STR_B40_60,60,120,173,0.3468208092485549,-158.15951565507436,-0.9142168534975397,0.6397353803680947,173.6600309728979,9,61,-1.4253406402430295,0.5179737774932858,112,-0.6358369339307998,0.7246540398831941,-1.4253406402430295,0,False
STR_B40_60,60,240,173,0.4508670520231214,-131.61123845838418,-0.7607586038056889,0.7733575484224805,212.74242205047983,13,61,-1.26677303118082,0.6580079661571917,112,-0.4851614603245903,0.8468269752094106,-1.26677303118082,1,False
STR_B40_60,60,360,173,0.44508670520231214,-16.564629512388052,-0.09574930353981533,0.9722876529061656,88.85001827679905,10,61,0.2310568557528188,1.0643137712821733,112,-0.2737419438688392,0.9190161780143061,-0.2737419438688392,2,False
STR_B40_60,60,480,173,0.5549132947976878,66.17319042978158,0.382503990923593,1.0980543251357895,101.42746930710581,7,61,0.3320593543367679,1.0827770667933894,112,0.4099783019217743,1.1067449147773871,0.3320593543367679,2,False
STR_B40_60,120,120,182,0.3516483516483517,-229.2459293740925,-1.2595930185389699,0.5637947588183058,229.2459293740925,12,67,-2.109948865111157,0.3749969668749762,115,-0.764168307927348,0.7064431493168688,-2.109948865111157,0,False
STR_B40_60,120,240,182,0.4065934065934066,21.62481869990023,0.11881768516428698,1.0343793613654435,138.01149909310615,9,67,-1.724963190790032,0.6343978833778126,115,1.1930204563724547,1.438483983547618,-1.724963190790032,2,False
STR_B40_60,120,360,182,0.4340659340659341,58.42313665464923,0.32100624535521555,1.0792002594399615,181.13096273256411,9,67,-0.7769738869490447,0.8295612393189451,115,0.9606990180890024,1.2556039948971098,-0.7769738869490447,3,False
STR_B40_60,120,480,182,0.489010989010989,-14.373750533625099,-0.07897665128365439,0.9847049050455188,261.01722222469056,9,67,-1.4484222119890044,0.7353722722700254,115,0.7188742406055497,1.1442660882409963,-1.4484222119890044,2,False
STR_B40_60,180,120,177,0.3163841807909605,-412.82079653559106,-2.3323208843818706,0.33579202691940535,412.820796535591,12,72,-3.2664690528375964,0.27872528419854753,105,-1.6917621402979433,0.3987722030815715,-3.2664690528375964,0,False
STR_B40_60,180,240,177,0.4519774011299435,-212.31294000604265,-1.1995081356273596,0.7144521424075392,232.66682792674436,8,72,-1.8261896719383697,0.6519039260032927,105,-0.7697836535855239,0.7790398828721767,-1.8261896719383697,0,False
STR_B40_60,180,360,177,0.4463276836158192,-158.61216965484496,-0.8961139528522314,0.7860489923323715,187.11010473323543,11,72,-0.9313633737677462,0.820876026064599,105,-0.8719429213673066,0.7505209623020644,-0.9313633737677462,0,False
STR_B40_60,180,480,177,0.4971751412429379,-60.986286592352414,-0.34455529148221703,0.9299669699412405,184.47503521010907,9,72,-0.8561219480237376,0.8547199536555824,105,0.00623327300339721,1.0014657249669723,-0.8561219480237376,1,False
STR_B40_60,240,120,179,0.3575418994413408,-322.0001527752538,-1.7988835350572838,0.45408203048033957,322.0001527752537,11,73,-2.1351011174187304,0.39046890823120367,106,-1.5673374641857218,0.5027658582752057,-2.1351011174187304,0,False
STR_B40_60,240,240,179,0.37988826815642457,-257.8380644009758,-1.4404361139719317,0.6417807104113216,269.1845596884283,12,73,-1.0794672690412317,0.7360432701056514,106,-1.689027865669489,0.5749755406849338,-1.689027865669489,1,False
STR_B40_60,240,360,179,0.41899441340782123,-107.91195819966104,-0.602860101674084,0.8505841080458051,183.36170406017342,12,73,-0.19701178150957552,0.9481309438354136,106,-0.8823594165043588,0.7897978000664979,-0.8823594165043588,2,False
STR_B40_60,240,480,179,0.4748603351955307,-135.0308117241583,-0.7543620766712754,0.8302797946563225,185.21063054231988,9,73,-0.05568853115760076,0.9857186348839962,106,-1.2355240466948436,0.7436839110527076,-1.2355240466948436,2,False
STR_B40_60,360,120,193,0.35233160621761656,-305.7449294830276,-1.5841706190830445,0.4997041402857146,305.74492948302753,15,84,-2.5976817803090233,0.37957756269001935,109,-0.8031161462116478,0.6625613052787397,-2.5976817803090233,0,False
STR_B40_60,360,240,193,0.39896373056994816,-208.06830389974476,-1.0780741134701801,0.7372063881174589,226.50869760945,12,84,-2.491014391684815,0.5225231192153986,109,0.010797293594308588,1.0033290622279494,-2.491014391684815,1,False
STR_B40_60,360,360,193,0.44041450777202074,-84.00181986360577,-0.4352425899668693,0.8977066403362771,243.5466127658912,15,84,-2.3794209322633337,0.5970817995051966,109,1.0630232885001303,1.3563834144022813,-2.3794209322633337,2,False
STR_B40_60,360,480,193,0.46632124352331605,-16.938726845592946,-0.08776542407042977,0.9807358784690724,249.0819717318157,15,84,-2.179046871775347,0.6298854988799241,109,1.5238643154452867,1.4317240097304134,-2.179046871775347,2,False
STR_B60_80,60,120,165,0.38181818181818183,-215.0124555009859,-1.303105790915066,0.6372479586742501,215.01245550098596,12,67,-2.861452879571481,0.33396474679555793,98,-0.2377052303030275,0.9235917810838731,-2.861452879571481,1,False
STR_B60_80,60,240,165,0.37575757575757573,-305.7426281956556,-1.8529856254282158,0.6302258962969274,305.74262819565524,10,67,-4.56186514837338,0.29459472332501896,98,-0.0009965638228476405,0.999751837992893,-4.56186514837338,1,False
STR_B60_80,60,360,165,0.44242424242424244,-176.44196087901253,-1.0693452174485607,0.7968243335989507,241.65401126202553,12,67,-3.6067762874929197,0.4428272356188108,98,0.6654290855409494,1.1500141330443392,-3.6067762874929197,1,False
STR_B60_80,60,480,165,0.4121212121212121,-326.8597964428827,-1.9809684632901983,0.6846387977712055,326.85979644288267,13,67,-4.771852433387374,0.34912936928101274,98,-0.0729151367951903,0.9868947077457145,-4.771852433387374,1,False
STR_B60_80,120,120,149,0.3959731543624161,-123.77017003431143,-0.8306722821094727,0.7163562877459017,143.50101159759902,7,70,-1.8712562723433361,0.4525912942972285,79,0.09136416493319095,1.0366252947516663,-1.8712562723433361,0,False
STR_B60_80,120,240,149,0.46308724832214765,-108.88969914344274,-0.7308033499559915,0.7921465407898686,142.17503642237884,15,70,-1.1251270007803402,0.7202716071368829,79,-0.38140264669391033,0.8756581698153695,-1.1251270007803402,2,False
STR_B60_80,120,360,149,0.48322147651006714,21.91152996735706,0.1470572481030675,1.0394014069665691,159.91729460335387,15,70,-0.14084473350423965,0.9676998359937665,79,0.40216026978042835,1.1266390898532699,-0.14084473350423965,3,False
STR_B60_80,120,480,149,0.46308724832214765,43.72457567330761,0.29345352800877594,1.0654846179679063,161.25918330986332,12,70,-0.6532654393772404,0.883469252515976,79,1.1323184358191702,1.3249401928236686,-0.6532654393772404,2,False
STR_B60_80,180,120,159,0.4591194968553459,42.09597519450081,0.2647545609717032,1.1001335607423595,122.81806293012187,8,70,-1.3925867233594216,0.580415795023224,89,1.5682814138164078,1.7421528825788806,-1.3925867233594216,3,False
STR_B60_80,180,240,159,0.4716981132075472,-74.89818385233914,-0.4710577600776047,0.8914343016552563,177.27829930365002,8,70,-2.030326891380614,0.580147068292137,89,0.7553336915090318,1.1913152780143537,-2.030326891380614,2,False
STR_B60_80,180,360,159,0.5094339622641509,98.03466745444183,0.6165702355625272,1.1317715705275537,173.18981797404172,10,70,-1.1900998177973123,0.764233285879596,89,2.0375466820253227,1.4642294642179616,-1.1900998177973123,3,False
STR_B60_80,180,480,159,0.5031446540880503,91.63677656191942,0.5763319280623863,1.1216706302795911,155.1571918069762,10,70,-1.148327903275499,0.7643473205026282,89,1.9328059527101613,1.4174762869867374,-1.148327903275499,2,False
STR_B60_80,240,120,146,0.4520547945205479,54.37493907364483,0.3724310895455126,1.142775118543568,121.5939242586302,8,60,-1.63432441015735,0.5663020412076789,86,1.7724930660823934,1.9850847782165386,-1.63432441015735,3,False
STR_B60_80,240,240,146,0.5273972602739726,49.135695648665376,0.3365458606072971,1.0808451840953932,218.66635024406648,7,60,-3.328143109276373,0.43917678213364647,86,2.893305607037764,1.9885283411207404,-3.328143109276373,3,False
STR_B60_80,240,360,146,0.5273972602739726,149.68038576386886,1.0252081216703346,1.2265382438283965,237.015319483331,7,60,-3.927332988254143,0.4497779978012394,86,4.480469361152529,2.6575376245161046,-3.927332988254143,4,False
STR_B60_80,240,480,146,0.5547945205479452,267.0021055316054,1.8287815447370235,1.3859074714061157,212.99741474220036,7,60,-3.062534968173994,0.5249170287354552,86,5.241327949093548,2.477387637636315,-3.062534968173994,4,False
STR_B60_80,360,120,134,0.3805970149253731,-138.79529547344708,-1.0357857871152767,0.7024670485469463,174.79289388230094,7,53,-3.1037224397561287,0.30547465439134197,81,0.3173085658472555,1.1119236481928214,-3.1037224397561287,1,False
STR_B60_80,360,240,134,0.373134328358209,-246.26955778378465,-1.8378325207745123,0.6596449514223847,268.4838147926511,10,53,-5.065732354578323,0.2572789314476081,81,0.27425008652921523,1.061351809263013,-5.065732354578323,1,False
STR_B60_80,360,360,134,0.4552238805970149,-175.86564156698478,-1.3124301609476476,0.7724251500493059,256.7915259766697,9,53,-4.845123131635277,0.3564100031631771,81,0.999084992712159,1.216505044149353,-4.845123131635277,1,False
STR_B60_80,360,480,134,0.4626865671641791,-190.80776691178795,-1.4239385590431937,0.7866464779714303,311.8268050601953,10,53,-5.8172557501908315,0.3084434720864546,81,1.4507010845472357,1.2619996447440154,-5.8172557501908315,1,False
STR_B80_100,60,120,159,0.34591194968553457,-227.57920881245312,-1.4313157786946737,0.6581519358870206,278.2792171510782,12,79,-3.2784719360209094,0.3064182109322758,80,0.3927509266649837,1.1074891739757504,-3.2784719360209094,0,False
STR_B80_100,60,240,159,0.42138364779874216,-384.98123079002215,-2.4212656024529697,0.5973490455036826,401.1191298621576,9,79,-4.546402993814246,0.38240117783613375,80,-0.3226924284837107,0.9310789106774995,-4.546402993814246,0,False
STR_B80_100,60,360,159,0.46540880503144655,-250.18436792679117,-1.5734865907345357,0.7376233626478225,380.9721734501091,15,79,-4.426511650395617,0.4029215940686854,80,1.243875655680781,1.2705139411693855,-4.426511650395617,1,False
STR_B80_100,60,480,159,0.4276729559748428,-302.3912046763758,-1.9018314759520492,0.7230921172632813,423.236291373164,8,79,-3.3765873944422466,0.5649854498844743,80,-0.44551000644297856,0.9255668000886869,-3.3765873944422466,0,False
STR_B80_100,120,120,168,0.39880952380952384,-162.80234530988432,-0.9690615792255018,0.767126263383616,307.42426694640625,11,78,-3.7014706740819068,0.2905484105733683,90,1.399026302983382,1.4309903841095406,-3.7014706740819068,1,False
STR_B80_100,120,240,168,0.4523809523809524,-366.88040926522154,-2.183811959912033,0.6544313574174749,513.0546266195057,13,78,-6.172248867304792,0.24925328967727667,90,1.2728333598283588,1.2724929749545897,-6.172248867304792,0,False
STR_B80_100,120,360,168,0.4880952380952381,-331.41712802641945,-1.9727210001572586,0.7041444093884436,592.7833918358251,20,78,-7.015099825878802,0.2616443225893535,90,2.397340648801413,1.5691049167795348,-7.015099825878802,0,False
STR_B80_100,120,480,168,0.47619047619047616,-311.9396929427269,-1.8567838865638504,0.7195325903862799,557.023878539866,12,78,-5.609907161254066,0.37138171536038805,90,1.3959229515010017,1.3019103188250734,-5.609907161254066,1,False
STR_B80_100,180,120,158,0.3987341772151899,-148.00296534825762,-0.9367276287864407,0.7616260521243124,246.05775132147096,11,65,-3.4984951976617604,0.2902598999874103,93,0.8537550806425462,1.2642381225768922,-3.4984951976617604,1,False
STR_B80_100,180,240,158,0.45569620253164556,-254.28007697138463,-1.609367575768257,0.7105225216154754,476.78051126924146,8,65,-7.0868094184170145,0.15194349486058378,93,2.218951991674423,1.6155736589592378,-7.0868094184170145,1,False
STR_B80_100,180,360,158,0.5126582278481012,-141.31724586785043,-0.894412948530699,0.8468842443875464,614.883345657289,19,65,-8.978547578283596,0.14685686443640333,93,4.755788674414874,2.851519474702944,-8.978547578283596,0,False
STR_B80_100,180,480,158,0.4810126582278481,-123.3921131673481,-0.7809627415654943,0.8702048047975661,643.091271479722,15,65,-8.477137240814704,0.20113086589967796,93,4.598083951458147,2.6388661863820984,-8.477137240814704,0,False
STR_B80_100,240,120,168,0.4107142857142857,-170.13271304511875,-1.0126947205066592,0.7482315898576386,285.7053051042705,12,74,-3.6003428499843797,0.29216515351793837,94,1.0243899771672913,1.3216660231730786,-3.6003428499843797,0,False
STR_B80_100,240,240,168,0.4880952380952381,-300.22343562904643,-1.7870442596967049,0.7029340491743737,408.84326959477835,10,74,-5.021011792930049,0.3438798661061561,94,0.758845074976353,1.1605341870208035,-5.021011792930049,0,False
STR_B80_100,240,360,168,0.5416666666666666,-121.14237242511823,-0.7210855501495133,0.8815559835213395,487.989657258599,16,74,-5.186619654038392,0.40869429067915425,94,2.794334914614072,1.7028964494027095,-5.186619654038392,1,False
STR_B80_100,240,480,168,0.5059523809523809,-212.41774765378653,-1.2643913550820627,0.8087965353171843,546.0578962224654,12,74,-4.946058802956016,0.47212939629037914,94,1.6339425932442408,1.3678078647945868,-4.946058802956016,1,False
STR_B80_100,360,120,164,0.3780487804878049,-254.9112162915214,-1.554336684704399,0.6613921336933274,366.11545647194055,20,70,-4.618666766121078,0.22247893188424253,94,0.7276112482654685,1.2029514373972698,-4.618666766121078,0,False
STR_B80_100,360,240,164,0.47560975609756095,-282.05528932596906,-1.719849325158348,0.7212302490086727,459.2364101367926,16,70,-4.000975251443222,0.4776167616715776,94,-0.021138528988760476,0.9958225148406078,-4.000975251443222,0,False
STR_B80_100,360,360,164,0.5365853658536586,-76.1207948195309,-0.4641511879239689,0.9226612152519159,486.90272245508515,30,70,-3.8007796978980317,0.529026423339529,94,2.0205721705673536,1.452926591398614,-3.8007796978980317,1,False
STR_B80_100,360,480,164,0.4878048780487805,-171.86932649004757,-1.047983698110046,0.8493102738061921,531.7097007272081,22,70,-2.983537965725252,0.6652416142953609,94,0.3933865011778736,1.071569774279528,-2.983537965725252,1,False
EFF_LOW,60,120,292,0.3561643835616438,-538.0924261033399,-1.8427822811758217,0.46807842054484583,542.3969951745989,16,114,-3.1847559784605797,0.27397080742179253,178,-0.9833159806676053,0.6578336339113697,-3.1847559784605797,0,False
EFF_LOW,60,240,292,0.3732876712328767,-508.72149377100175,-1.7421968964760335,0.6210577294763485,513.3998577541832,24,114,-3.819763759964716,0.370401111654749,178,-0.4116203659271023,0.8874251487853414,-3.819763759964716,0,False
EFF_LOW,60,360,292,0.410958904109589,-389.61724675535174,-1.3343056395731223,0.7333637015139347,471.49289544729714,9,114,-3.842479357216425,0.45048358851534287,178,0.272052808805173,1.0729200434585255,-3.842479357216425,0,False
EFF_LOW,60,480,292,0.4486301369863014,-302.69248261618463,-1.0366180911513172,0.8168281803074002,426.11598509687224,10,114,-3.3437385189237854,0.5295316184295165,178,0.44097589068048815,1.093192082832271,-3.3437385189237854,0,False
EFF_LOW,120,120,289,0.314878892733564,-773.5921174038481,-2.676789333577329,0.32603906364576873,773.592117403848,23,122,-3.249643049998569,0.28384644782490887,167,-2.258297397030076,0.3653456601029404,-3.249643049998569,0,False
EFF_LOW,120,240,289,0.314878892733564,-980.9595294624858,-3.3943236313580822,0.352308863334052,980.9595294624864,16,122,-4.453398508834241,0.291994003314185,167,-2.620628211884481,0.4142564523303835,-4.453398508834241,0,False
EFF_LOW,120,360,289,0.38408304498269896,-782.8725505874761,-2.7089015591262147,0.4999852565624496,810.1797405247756,14,122,-3.654868022873045,0.42314283940362124,167,-2.017836238305178,0.5749125660455633,-3.654868022873045,0,False
EFF_LOW,120,480,289,0.40484429065743943,-956.230030402801,-3.308754430459519,0.5100083788382338,995.4243128903358,15,122,-4.120310976875392,0.4267259382425697,167,-2.715880785772475,0.5779610236447831,-4.120310976875392,0,False
EFF_LOW,180,120,292,0.3116438356164384,-847.015869657002,-2.900739279647267,0.31514197911988556,849.7828160069522,20,132,-4.4257817098167855,0.16405134835426124,160,-1.6425792747574142,0.5114327510110644,-4.4257817098167855,0,False
EFF_LOW,180,240,292,0.3013698630136986,-917.003191498628,-3.1404218886939312,0.41610408396225745,924.2846836288116,19,132,-4.7440270331809264,0.3194900084964084,160,-1.817447644492161,0.5528220217825769,-4.7440270331809264,0,False
EFF_LOW,180,360,292,0.3561643835616438,-810.8107066082216,-2.7767489952336355,0.507300984998389,832.1110016462661,15,132,-4.197481594500853,0.4096067727624484,160,-1.604644600838181,0.636947487447166,-4.197481594500853,0,False
EFF_LOW,180,480,292,0.3767123287671233,-974.8418885963486,-3.338499618480646,0.5336706233712929,997.9374802572947,18,132,-4.317490672598043,0.4724199698799546,160,-2.530831998833792,0.59916578309684,-4.317490672598043,0,False
EFF_LOW,240,120,304,0.32894736842105265,-682.2567968944549,-2.2442657792580754,0.36416374565286314,684.5040788643432,23,130,-3.1585563160719743,0.23570327389153198,174,-1.5611751483051617,0.49297835307442883,-3.1585563160719743,0,False
EFF_LOW,240,240,304,0.3157894736842105,-843.1493023178455,-2.773517441835018,0.41242267340785166,848.2531014892539,18,130,-4.669406561232864,0.2600262387864637,174,-1.3570485595262831,0.6158225731630138,-4.669406561232864,0,False
EFF_LOW,240,360,304,0.35855263157894735,-775.3668182850603,-2.550548744358751,0.5044796389037115,812.1124822328693,15,130,-3.388260376427568,0.4487320510900919,174,-1.924672237640669,0.562650568342431,-3.388260376427568,0,False
EFF_LOW,240,480,304,0.3782894736842105,-853.7943580079669,-2.808534072394628,0.5671581773903769,914.872435783184,20,130,-3.930134808682311,0.45240477814714175,174,-1.9705565108003824,0.670155839431609,-3.930134808682311,0,False
EFF_LOW,360,120,305,0.33114754098360655,-615.4494843169176,-2.017867161694812,0.3888535257417956,616.7448281785215,15,133,-2.4104253283706085,0.3204058480939214,172,-1.7143192769978293,0.44917198911025,-2.4104253283706085,0,False
EFF_LOW,360,240,305,0.3639344262295082,-644.3659454746305,-2.112675231064362,0.49894907222037077,647.8328289781223,20,133,-3.5724374492364213,0.35834853218582713,172,-0.9839056088731768,0.689791758114521,-3.5724374492364213,0,False
EFF_LOW,360,360,305,0.39344262295081966,-530.6174547272553,-1.739729359761493,0.6235964331853215,584.6572594845263,15,133,-3.2003266727837256,0.47472190786204527,172,-0.6103139956222087,0.8248633332415091,-3.2003266727837256,0,False
EFF_LOW,360,480,305,0.4163934426229508,-670.2770128099161,-2.1976295501964462,0.6218125609631031,734.9912823506079,19,133,-3.95124802150551,0.43321031983799924,172,-0.8416338718004843,0.8287177870118134,-3.95124802150551,0,False
EFF_MID,60,120,298,0.3724832214765101,-534.7774755089558,-1.7945552869428048,0.49150099320340684,534.7774755089564,20,108,-3.388235644553378,0.24835230730841718,190,-0.8886738205115319,0.7010704028486038,-3.388235644553378,0,False
EFF_MID,60,240,298,0.3959731543624161,-504.9185682618031,-1.6943576116167889,0.6165936269621276,504.9185682618031,16,108,-2.318572357315279,0.571261645337135,190,-1.3395408087986997,0.6527201987114681,-2.318572357315279,0,False
EFF_MID,60,360,298,0.4563758389261745,-320.79417152204667,-1.076490508463244,0.7651836421217832,335.46487715259406,11,108,-1.4052859873089023,0.7478012791285518,190,-0.8895962362772905,0.778869039762266,-1.4052859873089023,0,False
EFF_MID,60,480,298,0.4463087248322148,-441.7782641675277,-1.482477396535328,0.7436508980454113,472.2469575176039,14,108,-1.8313399043972822,0.7216467436365581,190,-1.2841766025927432,0.7590885143870896,-1.8313399043972822,0,False
EFF_MID,120,120,294,0.3741496598639456,-258.88397794183936,-0.8805577481014945,0.6867906870940038,259.78764916988223,16,110,-2.3131930814904837,0.3838065757502255,184,-0.024090972705902658,0.9892828592548238,-2.3131930814904837,1,False
EFF_MID,120,240,294,0.43197278911564624,-142.6607816644875,-0.4852407539608418,0.872986849846615,348.91797029548906,16,110,-2.119752112010762,0.608093378076258,184,0.49191277530813216,1.1713505414749545,-2.119752112010762,1,False
EFF_MID,120,360,294,0.4557823129251701,17.364820048854455,0.05906401377161379,1.0140987333782097,339.47290607006977,14,110,-1.7345340073343563,0.7127558850497702,184,1.1313237003023568,1.3668602875722373,-1.7345340073343563,2,False
EFF_MID,120,480,294,0.47619047619047616,92.94949459372911,0.3161547435160854,1.0653412297976659,326.7416227880031,13,110,-1.4265553463431488,0.7785200841204091,184,1.3579922972362803,1.3499525157712151,-1.4265553463431488,3,False
EFF_MID,180,120,291,0.35738831615120276,-370.7387096376501,-1.2740161843218216,0.5730582132617609,370.73870963765035,16,110,-1.7065845837527123,0.513060493834852,181,-1.0111293117395128,0.6209627703347951,-1.7065845837527123,0,False
EFF_MID,180,240,291,0.4020618556701031,-563.633610671173,-1.936885260038395,0.543042908961201,563.6336106711731,15,110,-2.856799956829099,0.4513578718037701,181,-1.3778210796683545,0.6225294355449309,-2.856799956829099,0,False
EFF_MID,180,360,291,0.4261168384879725,-506.9191658598761,-1.7419902606868594,0.6341497396638368,529.0790013231804,19,110,-2.3383743073321743,0.6114210892448748,181,-1.379546917421751,0.654940938191838,-2.3383743073321743,0,False
EFF_MID,180,480,291,0.46048109965635736,-519.7546104891361,-1.7860983178320828,0.6716583217911202,543.239623936157,10,110,-1.902777378537669,0.6663325232254483,181,-1.7151883914364228,0.675154057309697,-1.902777378537669,1,False
EFF_MID,240,120,279,0.30824372759856633,-667.103426901667,-2.3910517093249712,0.3984195194512233,667.1034269016673,22,119,-3.765606556614297,0.27180951789139884,160,-1.3687265416535364,0.5562810271260852,-3.765606556614297,0,False
EFF_MID,240,240,279,0.3727598566308244,-544.6937455068835,-1.9523073315658905,0.5764000854221152,544.6937455068836,13,119,-3.1007456464839556,0.4866205453393513,160,-1.0981563348455796,0.6901822397080427,-3.1007456464839556,0,False
EFF_MID,240,360,279,0.4014336917562724,-576.9186369667848,-2.0678087346479743,0.6134076480705873,585.1333222677468,20,119,-3.775817456702714,0.46980775927261037,160,-0.7974772476197624,0.8021293365211973,-3.775817456702714,0,False
EFF_MID,240,480,279,0.41935483870967744,-710.4415616395797,-2.5463855255898915,0.5927408445153204,725.3173967124594,11,119,-3.4683230389407647,0.5328730292023519,160,-1.8606945000351796,0.654184178335494,-3.4683230389407647,0,False
EFF_MID,360,120,288,0.34375,-535.960483002576,-1.8609738993145,0.4736553505498934,535.9604830025756,12,121,-3.6224650838619117,0.2593127075002605,167,-0.5846838793729622,0.771059880865962,-3.6224650838619117,0,False
EFF_MID,360,240,288,0.3854166666666667,-678.9940299509459,-2.3576181595518957,0.5019610503269227,679.9729134802753,13,121,-4.802594817521855,0.2605396156795744,167,-0.5861081259329424,0.8305027951898601,-4.802594817521855,0,False
EFF_MID,360,360,288,0.40625,-695.2640843443268,-2.4141114039733567,0.5549694325223709,699.7783179833015,16,121,-4.546210041249473,0.35485168982552395,167,-0.8692974212762911,0.7954234115254807,-4.546210041249473,0,False
EFF_MID,360,480,288,0.4375,-727.7662773346831,-2.5269662407454274,0.5710388423735712,749.1495843525453,15,121,-4.033413083550806,0.41027414362173414,167,-1.4354688276948242,0.7241396859428593,-4.033413083550806,0,False
EFF_HIGH,60,120,289,0.34256055363321797,-247.42528277184385,-0.8561428469613974,0.7223640356499,310.26990451073164,16,134,-2.1715669425769053,0.4136548723689136,155,0.28106250021588053,1.1103159404564003,-2.1715669425769053,1,False
EFF_HIGH,60,240,289,0.42214532871972316,-397.29166217725924,-1.3747116338313468,0.6974817032015123,528.603486115652,10,134,-3.824370052563556,0.3464477446309343,155,0.7430575797823055,1.217655044359258,-3.824370052563556,0,False
EFF_HIGH,60,360,289,0.44982698961937717,-179.90430210116574,-0.6225062356441721,0.8642656485297521,475.71035257827015,15,134,-3.316661190368767,0.4286286509289044,155,1.7066341768274131,1.4830863492636888,-3.316661190368767,1,False
EFF_HIGH,60,480,289,0.44982698961937717,-333.202788422768,-1.1529508249922769,0.7812983960149557,585.9341736970966,12,134,-3.2361700417226658,0.4773530517946194,155,0.6480257881810927,1.1447659515447834,-3.2361700417226658,1,False
EFF_HIGH,120,120,297,0.38047138047138046,-298.3782545610628,-1.0046405877476863,0.6988033824525449,387.7834647658149,17,124,-2.9764025032080452,0.2856370732965176,173,0.4086454094608942,1.149148478146519,-2.9764025032080452,0,False
EFF_HIGH,120,240,297,0.44107744107744107,-304.0514523672981,-1.0237422638629565,0.7750569155592798,437.97501894271875,15,124,-3.4019122570208316,0.39517627440306363,173,0.6808420086895086,1.180037903109736,-3.4019122570208316,1,False
EFF_HIGH,120,360,297,0.47474747474747475,-140.43368890270787,-0.4728407033761208,0.8975731716728259,428.8312463330135,10,124,-3.20607655858192,0.46244432932481533,173,1.4862416437078048,1.4071535615306912,-3.20607655858192,2,False
EFF_HIGH,120,480,297,0.4612794612794613,-227.62955302540314,-0.7664294714660038,0.8520532128746658,461.0622168540442,11,124,-2.84692467053638,0.5386139709413009,173,0.7247925209312603,1.1621136403915677,-2.84692467053638,1,False
EFF_HIGH,180,120,297,0.4006734006734007,-113.09977061209803,-0.3808073084582425,0.8684718041181863,266.7096750264186,22,114,-2.1759132592365096,0.3780147204355256,183,0.7374554149773994,1.2926920251544032,-2.1759132592365096,2,False
EFF_HIGH,180,240,297,0.48484848484848486,52.9650386755296,0.1783334635539717,1.0446778972856317,274.00280571059676,11,114,-2.2619728652496596,0.5450742006038378,183,1.6985242913332825,1.5024262258930894,-2.2619728652496596,2,False
EFF_HIGH,180,360,297,0.531986531986532,411.7884530267682,1.3864931078342364,1.3621144789668969,254.23514164965235,13,114,-1.9557665664982178,0.6131510690701413,183,3.4685565115167485,2.131786580651104,-1.9557665664982178,4,False
EFF_HIGH,180,480,297,0.5050505050505051,403.68641025100976,1.3592135025286525,1.3257606218942646,325.480756827736,13,114,-2.047398298254122,0.6369934265111878,183,3.481365116131037,2.0685144052101956,-2.047398298254122,3,False
EFF_HIGH,240,120,297,0.43097643097643096,18.505873889371614,0.062309339694853916,1.0236315701014858,180.45302874553323,17,107,-1.5071224311693294,0.5121647280480596,190,0.9461472317078415,1.3972483857522868,-1.5071224311693294,3,False
EFF_HIGH,240,240,297,0.5016835016835017,-39.82871566954245,-0.13410341976276918,0.9686041894742744,300.72882176367716,10,107,-2.0776905175484246,0.5730802346951441,190,0.9604429984638893,1.244007559524836,-2.0776905175484246,1,False
EFF_HIGH,240,360,297,0.5555555555555556,446.3440358105155,1.502841871415877,1.4016232234444639,227.0245860922505,13,107,-1.3500000614788967,0.7275956337607467,190,3.109442328361881,2.016730697833035,-1.3500000614788967,4,False
EFF_HIGH,240,480,297,0.5454545454545454,473.32583081307166,1.5936896660372784,1.3958697777692992,221.63603831880607,13,107,-0.8314927071065793,0.8333654666647766,190,2.9594502656498722,1.8497238333980595,-0.8314927071065793,4,False
EFF_HIGH,360,120,287,0.397212543554007,-179.44438258725665,-0.6252417511751103,0.8090437729202715,308.73780250593427,25,102,-2.559576055303862,0.3779070071856767,185,0.4412560813715527,1.1569732803943082,-2.559576055303862,0,False
EFF_HIGH,360,240,287,0.4425087108013937,-104.31178806869514,-0.36345570755642903,0.9221590380009633,340.0005926813534,12,102,-1.3929050647152532,0.7336717577061617,185,0.20413258666086895,1.0468194159880237,-1.3929050647152532,0,False
EFF_HIGH,360,360,287,0.519163763066202,319.9401196302524,1.1147739359939108,1.2674116108999967,247.82159557264947,19,102,-0.57363990578458,0.8861180557373357,185,2.045683189298808,1.5543902862283863,-0.57363990578458,4,False
EFF_HIGH,360,480,287,0.4912891986062718,307.1332013101242,1.0701505272129763,1.212737506715625,281.9818777733076,14,102,0.009228270066911919,1.0015800329889124,185,1.6550914473691853,1.3610828449758907,0.009228270066911919,4,False
RV_LOW,60,120,367,0.31607629427792916,-630.2196431723839,-1.7172197361645338,0.4266223231235908,632.0346514140497,20,129,-2.9657771305670853,0.2371974928602434,238,-1.040480644240462,0.5856067874673377,-2.9657771305670853,0,False
RV_LOW,60,240,367,0.36239782016348776,-479.9812446541018,-1.307850802872212,0.676284076241314,482.7675920823652,16,129,-2.5818189557363,0.4980998465392697,238,-0.6173386527904161,0.8206322629933157,-2.5818189557363,0,False
RV_LOW,60,360,367,0.4223433242506812,-195.95225616113615,-0.5339298533000985,0.8661434538567255,331.5078076359768,13,129,-2.2295043007411146,0.5742968540256308,238,0.385099994262469,1.1162683891297973,-2.2295043007411146,1,False
RV_LOW,60,480,367,0.4141689373297003,-296.2271518204072,-0.8071584518267226,0.8318511729364749,368.76287049787413,16,129,-2.1995268993943125,0.576688752304524,238,-0.052471352094709545,0.9885577718226266,-2.1995268993943125,0,False
RV_LOW,120,120,342,0.3391812865497076,-514.991563455681,-1.5058232849581314,0.4583429124021183,515.895234683724,20,99,-2.7840674626647015,0.23991213902400685,243,-0.9850571384850844,0.5930145551226755,-2.7840674626647015,0,False
RV_LOW,120,240,342,0.391812865497076,-321.24444786691026,-0.9393112510728371,0.753306425733249,333.2002939562669,17,99,-1.893400902076299,0.6032736381980159,243,-0.5506080599232785,0.8387428463063079,-1.893400902076299,0,False
RV_LOW,120,360,342,0.4152046783625731,-182.19243180706144,-0.5327264087925773,0.8619824457575345,296.298068372961,15,99,-1.5731605573743208,0.6813170134709167,243,-0.10884582974075586,0.9681851875685924,-1.5731605573743208,0,False
RV_LOW,120,480,342,0.41228070175438597,-343.873259082039,-1.0054773657369562,0.7957916815325091,578.0960223082919,16,99,-1.1467492925630283,0.7442101366898993,243,-0.9479221362892972,0.8142528007083463,-1.1467492925630283,0,False
RV_LOW,180,120,358,0.33519553072625696,-578.8157148205664,-1.6168036726831465,0.43307160126686894,579.7193860486091,24,99,-2.7000134365761275,0.3095417201740606,259,-1.2027582416970264,0.508522020923807,-2.7000134365761275,0,False
RV_LOW,180,240,358,0.3994413407821229,-349.00941825528827,-0.9748866431711963,0.738630222452101,353.0297500998822,35,99,-1.3360996298486967,0.7140623629864528,259,-0.8368168142867461,0.7516528623158881,-1.3360996298486967,0,False
RV_LOW,180,360,358,0.4245810055865922,-203.55015768386247,-0.5685758594521297,0.8523282717802113,231.0517701284294,19,99,-1.2093831618339848,0.755758971153663,259,-0.32363407205520445,0.9056267247570284,-1.2093831618339848,1,False
RV_LOW,180,480,358,0.4134078212290503,-426.41858833078317,-1.1911133752256513,0.7632323901893587,551.3681513776701,19,99,-0.8650505705873438,0.8148790503609407,259,-1.315747420241838,0.7453805650992594,-1.315747420241838,0,False
RV_LOW,240,120,370,0.3216216216216216,-629.0674819941454,-1.7001823837679606,0.42048141824299423,629.9711532221879,25,106,-2.24184620230928,0.37876440788675647,264,-1.4826961535960674,0.4431814334632389,-2.24184620230928,0,False
RV_LOW,240,240,370,0.4027027027027027,-343.02578750573684,-0.927096722988478,0.7515491527013282,354.9121575622195,36,106,-1.055024329027103,0.7544479386444684,264,-0.8757318508669089,0.7501222531178238,-1.055024329027103,0,False
RV_LOW,240,360,370,0.4297297297297297,-194.4877587915027,-0.5256425913283856,0.8637707544531127,295.9191776349334,20,106,-0.8085705178223646,0.8171420301628736,264,-0.4120427420542881,0.8865623370371273,-0.8085705178223646,1,False
RV_LOW,240,480,370,0.4243243243243243,-454.1249555455174,-1.2273647447176146,0.7505518057565922,595.1163464282271,20,106,-0.5522586318660913,0.8709991139046533,264,-1.498430077907999,0.7105600096958643,-1.498430077907999,0,False
RV_LOW,360,120,372,0.3333333333333333,-523.4319042506138,-1.4070750114263813,0.49406236218238153,524.3355754786566,25,111,-2.2544693300160352,0.3636729752645506,261,-1.046688921911241,0.5740200471945478,-2.2544693300160352,0,False
RV_LOW,360,240,372,0.3897849462365591,-253.84110301767527,-0.6823685564991271,0.8060871492750421,384.0536268062251,37,111,-1.2762384109642493,0.704817032903307,261,-0.42980321609441996,0.8647037280870706,-1.2762384109642493,0,False
RV_LOW,360,360,372,0.41397849462365593,-75.48837779935074,-0.20292574677244823,0.9434676768127538,335.58397136713654,17,111,-0.9429702767476827,0.7831671436705815,261,0.1118058349411572,1.0342265611964672,-0.9429702767476827,2,False
RV_LOW,360,480,372,0.40860215053763443,-349.2950717937157,-0.9389652467573002,0.8009701914669639,575.7995283381983,21,111,-0.9221321665228398,0.7904645557046697,261,-0.9461241429489675,0.8050222655808795,-0.9461241429489675,0,False
RV_MID,60,120,260,0.3576923076923077,-408.1765409845576,-1.5699097730175293,0.49678582531819665,430.53984162599505,17,118,-1.9495906249524622,0.4371636404135808,142,-1.2544003326772333,0.5573464839977605,-1.9495906249524622,0,False
RV_MID,60,240,260,0.4230769230769231,-381.75604462049745,-1.4682924793096055,0.6215853373172037,426.634291833672,17,118,-2.288379938763143,0.4800828421975893,142,-0.7868113510313142,0.7717341848170501,-2.288379938763143,0,False
RV_MID,60,360,260,0.4346153846153846,-311.1302872065514,-1.1966549507944284,0.7210536298584026,344.99004837955164,15,118,-1.6454601612121187,0.6553471060164323,142,-0.8237041421374744,0.7881107937193242,-1.6454601612121187,0,False
RV_MID,60,480,260,0.48846153846153845,-310.25849725806086,-1.1933019125310034,0.7654439249495892,354.76023896292713,15,118,-1.7802765649680263,0.6892870230516416,142,-0.7055342436044627,0.845069167882749,-1.7802765649680263,0,False
RV_MID,120,120,278,0.3489208633093525,-360.50911791100214,-1.2967953881690724,0.5958116147515811,370.7054335085749,19,122,-2.327001821145736,0.3633741772046524,156,-0.4911211264821948,0.8282168096915186,-2.327001821145736,0,False
RV_MID,120,240,278,0.4316546762589928,-141.66124979063454,-0.5095728409735055,0.8682287774588427,331.7047597316743,19,122,-2.7188914732104443,0.4458902432341249,156,1.2182276278271775,1.3988923406211362,-2.7188914732104443,1,False
RV_MID,120,360,278,0.5071942446043165,233.36588552151522,0.839445631372357,1.219854673369361,320.9527014935069,16,122,-2.2233539478798847,0.5768185176895901,156,3.2347119689926993,2.200095257010654,-2.2233539478798847,4,False
RV_MID,120,480,278,0.5251798561151079,150.82523133627973,0.5425368033679127,1.11772185011579,385.1597624087386,13,122,-2.804022269091488,0.565873795475526,156,3.1597176164451373,1.9994206974130269,-2.804022269091488,4,False
RV_MID,180,120,260,0.36538461538461536,-256.7449376934114,-0.9874805295900437,0.659442681350094,303.18473269714906,13,109,-1.8134668079752063,0.3998469167598125,151,-0.3912387789676421,0.8608425702179804,-1.8134668079752063,0,False
RV_MID,180,240,260,0.43846153846153846,-17.468941048957404,-0.06718823480368233,0.9814605884772589,330.36449165498885,12,109,-2.7555464930484685,0.431255330376525,151,1.873414746313415,1.6830365443579416,-2.7555464930484685,2,False
RV_MID,180,360,260,0.46923076923076923,107.93491127914281,0.41513427415054927,1.1042335326766162,361.35944293359313,11,109,-2.617332510759656,0.5030675427592709,151,2.6041334765029496,1.8522232477820981,-2.617332510759656,2,False
RV_MID,180,480,260,0.5076923076923077,148.05553329622072,0.5694443588316181,1.1216080070016847,456.49890176248647,10,109,-3.5414292189211865,0.4594721589706938,151,3.5368961467458946,2.061063636411181,-3.5414292189211865,2,False
RV_MID,240,120,253,0.3794466403162055,-206.64788887198904,-0.816790074592842,0.7098926610503492,299.8576998298808,17,99,-2.4703308209055916,0.2507628215267833,154,0.24620040517963976,1.098250584752997,-2.4703308209055916,0,False
RV_MID,240,240,253,0.42292490118577075,-62.70028041343292,-0.24782719531001154,0.932443112439516,363.4259863232992,14,99,-3.5925192177060556,0.30206919943417504,154,1.9023319619445884,1.6999889485451927,-3.5925192177060556,2,False
RV_MID,240,360,253,0.4624505928853755,97.0648566812246,0.3836555600048403,1.0966417954714887,403.84091525843223,12,99,-3.24697370444691,0.405238775709129,154,2.7176315157238227,1.902151478698021,-3.24697370444691,3,False
RV_MID,240,480,253,0.49407114624505927,127.67775827321478,0.5046551710403746,1.1066823340792138,406.532674822378,14,99,-3.9791021752363913,0.3851723877075213,154,3.3870706079325816,1.9380017201495072,-3.9791021752363913,3,False
RV_MID,360,120,261,0.37547892720306514,-239.78818605428046,-0.9187286822003082,0.6732870819830757,258.2160432633075,21,90,-2.2302403606631342,0.29532562432326026,171,-0.22845937774618938,0.9130111598316568,-2.2302403606631342,0,False
RV_MID,360,240,261,0.4521072796934866,-132.07818768330992,-0.5060466961046357,0.865867789517439,352.84852937267374,15,90,-3.4943631827991104,0.3290929993271527,171,1.0667514547871932,1.3535650627798574,-3.4943631827991104,1,False
RV_MID,360,360,261,0.48659003831417624,67.04681294069294,0.2568843407689385,1.0638603113516842,399.36799294724347,14,90,-3.2928573330014888,0.42142635256005495,171,2.125169432227058,1.6758769552672836,-3.2928573330014888,2,False
RV_MID,360,480,261,0.5363984674329502,138.86407784465993,0.5320462752668963,1.1160921034953977,388.63122198322236,14,90,-3.8505076872562665,0.41050293033230034,171,2.838653623963298,1.7979937458820634,-3.8505076872562665,4,False
RV_HIGH,60,120,252,0.4166666666666667,-281.8990002271979,-1.1186468262984044,0.7300313076480648,426.05421224204895,16,109,-3.7371069529727676,0.28896658628273725,143,0.8772423611666691,1.2661691987593213,-3.7371069529727676,0,False
RV_HIGH,60,240,252,0.42063492063492064,-549.194434935465,-2.1793429957756545,0.6292066304647173,635.3153105441532,12,109,-5.460926533995511,0.32116401660713717,143,0.32200389699332654,1.0762009514401147,-5.460926533995511,0,False
RV_HIGH,60,360,252,0.46825396825396826,-383.23317701087643,-1.520766575439986,0.7564486047318597,693.5014718852402,20,109,-5.068585128833165,0.4108833005996059,143,1.1835146995240442,1.2662231258348529,-5.068585128833165,0,False
RV_HIGH,60,480,252,0.45634920634920634,-471.1878861280124,-1.8697931989206842,0.7403863330544596,691.5170654861361,16,109,-4.759688823256533,0.4833171553029138,143,0.3329943748737726,1.058726372502442,-4.759688823256533,0,False
RV_HIGH,120,120,260,0.38846153846153847,-455.3536685400672,-1.7513602636156431,0.5942749621498847,480.5296870562801,15,135,-3.4108496331703035,0.317450171939353,125,0.04088825550339064,1.0114162862525857,-3.4108496331703035,0,False
RV_HIGH,120,240,260,0.36538461538461536,-964.7660658367265,-3.7106387147566404,0.401573789099439,990.2535147688602,13,135,-5.03091126838753,0.31306584233567697,125,-2.2847443568352803,0.5419300415816712,-5.03091126838753,0,False
RV_HIGH,120,360,260,0.39615384615384613,-957.1148731557835,-3.6812110505991673,0.46437082975989047,1043.7611398230385,23,135,-4.498178192889222,0.4200521761585154,125,-2.7988865369259073,0.5270964962756691,-4.498178192889222,0,False
RV_HIGH,120,480,260,0.4115384615384615,-897.8620610887158,-3.453315619571984,0.5389679696566955,1077.011359811164,16,135,-4.125916960223362,0.5020841381692973,125,-2.726906171668495,0.5887487133997802,-4.125916960223362,0,False
RV_HIGH,180,120,262,0.37786259541984735,-495.2936973927724,-1.8904339595143984,0.5838428940169612,574.0398083284606,15,148,-3.7500837106165017,0.2760843484313385,114,0.5238481734953484,1.1410191331851396,-3.7500837106165017,0,False
RV_HIGH,180,240,262,0.3511450381679389,-1061.1934041900258,-4.0503565045420835,0.3800927060498957,1077.3313032621618,14,148,-5.17362188629892,0.28380319817544697,114,-2.5920821492788186,0.540256671674749,-5.17362188629892,0,False
RV_HIGH,180,360,262,0.42748091603053434,-810.32617303661,-3.092847988689351,0.5381477685467706,883.9102647274817,23,148,-4.251540244372174,0.4343810518059408,114,-1.5885808497327043,0.7179396309331133,-4.251540244372174,0,False
RV_HIGH,180,480,262,0.4351145038167939,-812.5470337999126,-3.101324556488216,0.571024239370493,974.5340176245352,19,148,-3.655147939679047,0.5391087692012286,114,-2.3823257783106455,0.623021457152843,-3.655147939679047,0,False
RV_HIGH,240,120,257,0.3852140077821012,-495.13897904061577,-1.92661081338761,0.5757924765765854,556.8105719043575,15,151,-3.5614778327625096,0.3054076491370068,106,0.40230352553323756,1.1085186003825278,-3.5614778327625096,0,False
RV_HIGH,240,240,257,0.36186770428015563,-1021.9456955751017,-3.9764423952338586,0.3919369941427112,1038.0835946472375,15,151,-4.839950257217032,0.3324434114272364,106,-2.7463510069370733,0.5031097661566348,-4.839950257217032,0,False
RV_HIGH,240,360,257,0.4280155642023346,-808.5185173310515,-3.145986448758955,0.5343687887374208,879.718515534107,23,151,-4.152895769748569,0.46291806252396916,106,-1.711615623575638,0.6810338268499514,-4.152895769748569,0,False
RV_HIGH,240,480,257,0.4357976653696498,-764.4628915621724,-2.974563780397558,0.596656986030537,888.9055710849187,16,151,-3.709583815210906,0.5540171975174975,106,-1.9275069383521273,0.6804237511910192,-3.709583815210906,0,False
RV_HIGH,360,120,247,0.3724696356275304,-567.634259601856,-2.2981144113435468,0.5255898287889595,588.0412925273326,16,155,-3.6710572475491237,0.29321190467010705,92,0.014995801828893528,1.0035245003676796,-3.6710572475491237,0,False
RV_HIGH,360,240,247,0.3481781376518219,-1041.7524727932862,-4.21762134734124,0.3856479665307989,1059.5992957812916,15,155,-4.788189162584469,0.33206511195220006,92,-3.256338615137973,0.4875002924079599,-4.788189162584469,0,False
RV_HIGH,360,360,247,0.4251012145748988,-897.4998545826718,-3.6336026501322745,0.49669398281275523,967.0769851450276,23,155,-4.085285626918206,0.46420303825618386,92,-2.872615026199455,0.5605446854125666,-4.085285626918206,0,False
RV_HIGH,360,480,247,0.41295546558704455,-880.4790948854192,-3.564692691843802,0.5511184147571756,1004.9046264643189,16,155,-3.636873058619072,0.5575693120028486,92,-3.4430844652115558,0.5391606848283792,-3.636873058619072,0,False
RANGE_LOW,60,120,342,0.347953216374269,-577.6913111332786,-1.6891558805066627,0.4243873334042807,577.6913111332786,24,126,-2.499847883304789,0.27070943430016803,216,-1.2162522122077553,0.5404836670947414,-2.499847883304789,0,False
RANGE_LOW,60,240,342,0.3888888888888889,-313.2631981134908,-0.9159742634897391,0.7542114659913631,360.0495943804343,16,126,-1.7583285583432233,0.6095351120471225,216,-0.4246009248252063,0.8703002970652082,-1.7583285583432233,1,False
RANGE_LOW,60,360,342,0.4239766081871345,-130.58687510054182,-0.38183296813023926,0.9010626824108557,300.4948716448009,12,126,-1.4461278708744032,0.6964396664401944,216,0.23900572513719,1.0717370906410217,-1.4461278708744032,1,False
RANGE_LOW,60,480,342,0.4269005847953216,-211.08607178232563,-0.6172107362056305,0.8683979878869491,281.89002064438154,16,126,-1.3195467008876638,0.7289637470048907,216,-0.20751475680777814,0.9547486837459098,-1.3195467008876638,0,False
RANGE_LOW,120,120,328,0.35060975609756095,-546.310718826927,-1.665581459838192,0.43027625702111644,549.0776651768779,26,98,-2.4989248359541727,0.29594325384935705,230,-1.310504716971383,0.5067412575381522,-2.4989248359541727,0,False
RANGE_LOW,120,240,328,0.39634146341463417,-291.9049681681202,-0.8899541712442689,0.7622331860546182,315.02417016918463,27,98,-1.0992017929851463,0.7228371793468392,230,-0.8007964889372863,0.7804822417530465,-1.0992017929851463,0,False
RANGE_LOW,120,360,328,0.45121951219512196,-120.4988007743466,-0.36737439260471527,0.9058160841533046,332.0223000870287,11,98,-0.8200180144915896,0.8121142801360476,230,-0.1745088493659605,0.9528732543787639,-0.8200180144915896,0,False
RANGE_LOW,120,480,328,0.4329268292682927,-149.88775155440206,-0.4569748523000063,0.9075468934260914,517.1881341236685,19,98,-0.536782962104593,0.8780888981720182,230,-0.4229696576876169,0.9182309598558687,-0.536782962104593,0,False
RANGE_LOW,180,120,328,0.3475609756097561,-493.98585582902,-1.5060544385031098,0.47027562098729864,496.233137798909,28,100,-2.168928268817609,0.3766657750727625,228,-1.2153203024002595,0.5259946328291026,-2.168928268817609,0,False
RANGE_LOW,180,240,328,0.3902439024390244,-259.3043949171051,-0.7905621796253205,0.7863278108889861,280.0374292279086,31,100,-1.136864513179493,0.7456381854091501,228,-0.6386751912243677,0.8100504918376281,-1.136864513179493,0,False
RANGE_LOW,180,360,328,0.43597560975609756,-157.6306562803074,-0.4805812691472786,0.875967948024282,388.89268582870966,14,100,-0.6435920923304836,0.86209507878861,228,-0.4090852940669255,0.8840187006585831,-0.6435920923304836,1,False
RANGE_LOW,180,480,328,0.42378048780487804,-206.3902167303537,-0.6292384656413222,0.8734288592812552,597.7347249833414,17,100,-0.41297988997836443,0.9128552332572902,228,-0.7240887181250759,0.857276192889467,-0.7240887181250759,0,False
RANGE_LOW,240,120,346,0.31213872832369943,-549.2178008714943,-1.5873346845996945,0.4239660145045319,550.1214720995368,31,99,-2.4877505808469076,0.28643841944703086,247,-1.226439244403443,0.5020004633299443,-2.4877505808469076,0,False
RANGE_LOW,240,240,346,0.35260115606936415,-454.82297968644554,-1.3145172823307674,0.6264832770383149,458.8433115310396,37,99,-2.084809272484534,0.5556338492311426,247,-1.00577676805861,0.670173467513934,-2.084809272484534,0,False
RANGE_LOW,240,360,346,0.3959537572254335,-409.14915669953643,-1.1825120135824752,0.6829855323177653,461.3674933975152,16,99,-1.6922405647273968,0.6473227089467662,247,-0.9782078574555636,0.703756478641912,-1.6922405647273968,0,False
RANGE_LOW,240,480,346,0.3901734104046243,-546.0758079568932,-1.5782537802222347,0.6712559960237781,671.5819313113841,22,99,-1.2049240044924527,0.7286733370892908,247,-1.727887981830528,0.6505893978213693,-1.727887981830528,0,False
RANGE_LOW,360,120,343,0.3119533527696793,-569.2383816614433,-1.659587118546482,0.4102051940434979,570.1420528894855,34,98,-2.3441082089079237,0.289759499020651,245,-1.3857786824019054,0.4709145263862914,-2.3441082089079237,0,False
RANGE_LOW,360,240,343,0.3673469387755102,-339.0944777918529,-0.9886136378771222,0.7310650572095053,408.8453781276052,38,98,-1.3435313867453051,0.6833985325882929,245,-0.8466465383298489,0.754524337135272,-1.3435313867453051,0,False
RANGE_LOW,360,360,343,0.40524781341107874,-118.26177214533942,-0.3447865077123598,0.905378043893868,382.9726623066761,17,98,-0.6196236755937666,0.8422598049583137,245,-0.23485164055979724,0.9334719301571067,-0.6196236755937666,1,False
RANGE_LOW,360,480,343,0.40233236151603496,-273.2699754653729,-0.7967054678290756,0.8265393357285923,546.3199011814972,22,98,-0.19644624112431125,0.9463610131646235,245,-1.0368091585109813,0.7911870843820169,-1.0368091585109813,0,False
RANGE_MID,60,120,275,0.33454545454545453,-506.7662667148636,-1.842786424417686,0.44259151622909165,509.53321306481456,18,116,-2.8551621882080926,0.32140169984562555,159,-1.104197816872483,0.5830582560858651,-2.8551621882080926,0,False
RANGE_MID,60,240,275,0.4,-594.5068653678484,-2.161843146792176,0.5053655741677583,598.9301284640288,13,116,-3.3731254736216987,0.3482588703597455,159,-1.2781403171555425,0.6621636653818557,-3.3731254736216987,0,False
RANGE_MID,60,360,275,0.43272727272727274,-390.2692108459871,-1.4191607667126804,0.6782953413653782,402.275424482984,20,116,-2.09332187080901,0.5890978512009593,159,-0.9273199612084397,0.7630176082815918,-2.09332187080901,0,False
RANGE_MID,60,480,275,0.4763636363636364,-352.8237668448819,-1.2829955157995705,0.7547737316796618,393.71139338583373,18,116,-2.43808051205156,0.5958295509058322,159,-0.4402919965213897,0.9052713383913248,-2.43808051205156,0,False
RANGE_MID,120,120,280,0.33214285714285713,-357.22943347685543,-1.2758194052744838,0.5665218620096537,357.22943347685555,14,116,-2.314036632051614,0.3764060240477908,164,-0.5414706351150509,0.7744139817487832,-2.314036632051614,0,False
RANGE_MID,120,240,280,0.38571428571428573,-291.079828398126,-1.0395708157075927,0.7228178569591726,291.0798283981261,17,116,-2.058248639607686,0.5490478917079934,164,-0.31904259880264896,0.8995119476630982,-2.058248639607686,0,False
RANGE_MID,120,360,280,0.41785714285714287,23.22783101547705,0.08295653934098947,1.023040779920302,192.9433556813589,17,116,-0.515053367043848,0.875462941232536,164,0.5059391560522156,1.1570371334191667,-0.515053367043848,2,False
RANGE_MID,120,480,280,0.4642857142857143,-73.32494349051089,-0.26187479818039605,0.9383383079907527,225.87746969716397,13,116,-0.6637837813109775,0.8585995397204248,164,0.02240228744855179,1.0056995844948895,-0.6637837813109775,2,False
RANGE_MID,180,120,283,0.3321554770318021,-484.01200996443725,-1.7102897878602024,0.44541337291800076,484.01200996443737,18,126,-2.350112381495429,0.36774997610150334,157,-1.1968015916943513,0.5353594108581887,-2.350112381495429,0,False
RANGE_MID,180,240,283,0.36395759717314485,-476.38294394880006,-1.6833319574162546,0.5720159090753031,479.96424783471497,13,126,-2.409971420266129,0.4547848432051872,157,-1.1001690764029788,0.6894177243794778,-2.409971420266129,0,False
RANGE_MID,180,360,283,0.4169611307420495,-86.83208948945368,-0.3068271713408257,0.9137717871584179,228.5208354330227,20,126,-0.9074464084641753,0.7587630281349206,157,0.17519845845243603,1.051602745087951,-0.9074464084641753,1,False
RANGE_MID,180,480,283,0.45229681978798586,-219.91481105348782,-0.7770841379981902,0.8248383440675254,257.46158672731104,16,126,-0.8455703578972977,0.8098722145176884,157,-0.7221206748944476,0.8369031501723175,-0.8455703578972977,0,False
RANGE_MID,240,120,259,0.3474903474903475,-465.23253794482633,-1.7962646252695997,0.43470225048698546,465.2325379448264,16,124,-1.9501044095219058,0.43983642967895015,135,-1.6549599345489634,0.4290382738380642,-1.9501044095219058,0,False
RANGE_MID,240,240,259,0.3938223938223938,-357.0912962640415,-1.3787308736063377,0.6648178119852662,358.0106705985587,12,124,-1.4864538039366741,0.6218207765213908,135,-1.2797853672288437,0.7010758309040572,-1.4864538039366741,0,False
RANGE_MID,240,360,259,0.44787644787644787,40.17781477096628,0.15512669795739875,1.0413162760817762,189.24356135913206,15,124,0.004527802744039128,1.0013067289655089,135,0.29345457207929954,1.0729870225301936,0.004527802744039128,3,False
RANGE_MID,240,480,259,0.4826254826254826,-32.77761423486004,-0.1265544951152897,0.9729781879591102,227.96994612205182,13,124,-0.6000838025376122,0.8687871252332241,135,0.30839094281336227,1.0644560977016562,-0.6000838025376122,1,False
RANGE_MID,360,120,272,0.3786764705882353,-286.9168144879254,-1.05484122973502,0.6261779386855857,286.91681448792554,19,126,-1.7769665502056942,0.4693975296604425,146,-0.4316371860411502,0.8176287024040654,-1.7769665502056942,0,False
RANGE_MID,360,240,272,0.4007352941176471,-286.80383980023845,-1.0544258816185237,0.7144509031634309,286.8038398002384,15,126,-2.0523639651749694,0.5103256416512109,146,-0.19319164512460524,0.9407801224884903,-2.0523639651749694,0,False
RANGE_MID,360,360,272,0.44485294117647056,-83.06220171165421,-0.305375741586964,0.9160663494730619,245.7811298888625,15,126,-0.707782149997352,0.8240446221072136,146,0.04190650128775443,1.0126731297304699,-0.707782149997352,1,False
RANGE_MID,360,480,272,0.4852941176470588,-79.59678729388776,-0.2926352474039991,0.9356147508497015,311.69350966293456,16,126,-0.7668484122861247,0.8417812594278239,146,0.11661720996002717,1.0272171217681516,-0.7668484122861247,1,False
RANGE_HIGH,60,120,262,0.3931297709923664,-235.83760653599734,-0.9001435363969365,0.7736047355278607,400.41885516775466,24,114,-3.278964511693281,0.33630811734878086,148,0.9321915391691665,1.2883320306142676,-3.278964511693281,0,False
RANGE_HIGH,60,240,262,0.40458015267175573,-503.16166072872505,-1.9204643539264314,0.663718655408431,601.6304160503167,16,114,-5.135899271738429,0.34365341805431837,148,0.5562895692530808,1.1362632766047047,-5.135899271738429,0,False
RANGE_HIGH,60,360,262,0.46564885496183206,-369.4596344320351,-1.4101512764581492,0.7719062556370486,660.7340349685543,19,114,-5.343935825591481,0.3818662055886376,148,1.6199260113877945,1.3780279747803497,-5.343935825591481,0,False
RANGE_HIGH,60,480,262,0.44656488549618323,-513.7636965792728,-1.9609301396155452,0.7232861503759924,655.6148135399948,12,114,-4.943311076431832,0.4567322594085592,148,0.33630923063483725,1.0607478805429216,-4.943311076431832,0,False
RANGE_HIGH,120,120,272,0.3897058823529412,-427.31419760296774,-1.5710080794226755,0.6384881460557272,525.9386524255065,13,142,-3.5680191423949306,0.28122538773345696,130,0.6103424662854794,1.1662962503998715,-3.5680191423949306,0,False
RANGE_HIGH,120,240,272,0.40808823529411764,-844.6869669280251,-3.1054667901765627,0.5064908926074795,870.5044985315022,14,142,-5.9989144532570995,0.2538810206575468,130,0.05506834949602469,1.0125618493850619,-5.9989144532570995,0,False
RANGE_HIGH,120,360,272,0.44485294117647056,-808.67044968246,-2.9730531238325737,0.5700627512586058,925.415929933042,23,142,-6.29674772439568,0.2955689152474553,130,0.6574440552440505,1.1397449323869386,-6.29674772439568,0,False
RANGE_HIGH,120,480,272,0.4485294117647059,-867.6973937895619,-3.1900639477557426,0.5872548145107199,995.856719293762,23,142,-6.218408714822054,0.3575494872551083,130,0.11782033627053771,1.0210447660868083,-6.218408714822054,0,False
RANGE_HIGH,180,120,269,0.3940520446096654,-352.85648411329305,-1.3117341416851043,0.6957470765098703,526.2545487168178,13,130,-3.8998047270107024,0.23977436296804647,139,1.1087635280438721,1.3126931679214715,-3.8998047270107024,0,False
RANGE_HIGH,180,240,269,0.43866171003717475,-691.9844246283662,-2.5724328053099117,0.583838756281986,797.1195190701982,12,130,-6.00755092306202,0.26037536592604166,139,0.6402675925877435,1.1466511135721238,-6.00755092306202,0,False
RANGE_HIGH,180,360,269,0.4646840148698885,-661.4786736715687,-2.4590285266601066,0.650109572091907,886.8264292307697,18,130,-6.581143662783956,0.3078694017526268,139,1.3961870682758677,1.2965516834703685,-6.581143662783956,0,False
RANGE_HIGH,180,480,269,0.4721189591078067,-664.6050610506335,-2.4706507845748455,0.6720454690261637,956.8551831569254,12,130,-6.652137171770456,0.34298472536289715,139,1.4400918797088196,1.281816760642208,-6.652137171770456,0,False
RANGE_HIGH,240,120,275,0.4218181818181818,-316.40401109042966,-1.1505600403288352,0.7337991135071189,555.8718834760215,14,133,-3.999107873511399,0.2469946131273607,142,1.5174460287787783,1.4468199554940364,-3.999107873511399,0,False
RANGE_HIGH,240,240,275,0.45454545454545453,-615.7574875437844,-2.239118136522852,0.6391449393683308,823.7459796775637,14,133,-6.072241207559608,0.2710789732480799,142,1.3510605145186159,1.3205874679402052,-6.072241207559608,0,False
RANGE_HIGH,240,360,275,0.48363636363636364,-536.9700775127594,-1.9526184636827615,0.7181766828214704,923.8332524062932,19,133,-6.520870409727047,0.3182225618767846,142,2.3260963871897036,1.5215936281224827,-6.520870409727047,0,False
RANGE_HIGH,240,480,275,0.48727272727272725,-512.0566666427217,-1.8620242423371698,0.748811464710277,944.4788919840933,12,133,-6.1572918681476585,0.39057156262325726,142,2.1610081114149073,1.4416666004649477,-6.1572918681476585,0,False
RANGE_HIGH,360,120,265,0.39245283018867927,-474.6991537573815,-1.7913175613486094,0.6148034913563595,592.7822934146214,15,132,-4.290615239868805,0.23233069924528402,133,0.6891884053030123,1.185329892951567,-4.290615239868805,0,False
RANGE_HIGH,360,240,265,0.43018867924528303,-801.7734459021801,-3.025560173215774,0.5349756351735471,824.1984338285944,15,132,-6.1216707178519565,0.27582556818418014,133,0.04727134476900931,1.0103352222612911,-6.1216707178519565,0,False
RANGE_HIGH,360,360,265,0.47547169811320755,-704.6174455843359,-2.658933756922022,0.634718081048582,944.7956648630735,22,132,-6.699564104193889,0.31178244155847246,133,1.3513159110470474,1.2790788401240902,-6.699564104193889,0,False
RANGE_HIGH,360,480,265,0.4679245283018868,-738.0433260752142,-2.785069155000808,0.6487147259490302,1017.3126783767894,16,132,-6.793507991248646,0.3506038928864838,133,1.1932310433805027,1.220388025531997,-6.793507991248646,0,False
EXT_LOW,60,120,300,0.35,-420.8868173018567,-1.4029560576728557,0.5703966135896353,423.653763651808,27,114,-2.898680781652403,0.347525386154113,186,-0.4862215494273266,0.8089035711148943,-2.898680781652403,0,False
EXT_LOW,60,240,300,0.38666666666666666,-456.27886442920476,-1.5209295480973493,0.6323789391994707,460.70212752538436,12,114,-2.669603470683204,0.509839775354231,186,-0.8169035955447279,0.755038712931523,-2.669603470683204,0,False
EXT_LOW,60,360,300,0.39666666666666667,-383.869534670826,-1.27956511556942,0.7223003957613533,390.23412929831767,13,114,-2.154798907099473,0.6366746612804061,186,-0.74313150140584,0.8042761411859037,-2.154798907099473,0,False
EXT_LOW,60,480,300,0.43333333333333335,-393.27111448857835,-1.3109037149619278,0.7608082311781291,399.5183397798472,9,114,-2.28337361119288,0.649564000131689,186,-0.7148737785623122,0.8524830715418806,-2.28337361119288,0,False
EXT_LOW,120,120,295,0.3423728813559322,-555.4372410323547,-1.8828381051944227,0.463032751529813,558.2041873823058,27,107,-2.806984601066562,0.3202603079740027,188,-1.3568611102033648,0.5694979266971021,-2.806984601066562,0,False
EXT_LOW,120,240,295,0.3423728813559322,-732.429657717834,-2.482812399043505,0.43685998789833047,736.852920814015,16,107,-3.3855086047790435,0.35724330304437746,188,-1.969043813864236,0.49774072672476827,-3.3855086047790435,0,False
EXT_LOW,120,360,295,0.4135593220338983,-594.0598941149681,-2.0137623529320954,0.5936150991569392,600.4244887424595,13,107,-3.0172098338144857,0.502908885263428,188,-1.4426512866852024,0.6661329156865369,-3.0172098338144857,1,False
EXT_LOW,120,480,295,0.43728813559322033,-627.8103281322411,-2.1281706038381056,0.6401424746931567,659.1569735592877,14,107,-3.623532629556522,0.46701450667819183,188,-1.2770868977111347,0.7639586881667589,-3.623532629556522,1,False
EXT_LOW,180,120,304,0.3125,-726.7742413376783,-2.390704741242363,0.36484666691685785,729.5411876876296,23,123,-3.277622737268041,0.24068382743592318,181,-1.7879925118989468,0.4723320702200345,-3.277622737268041,0,False
EXT_LOW,180,240,304,0.34868421052631576,-920.8747736902435,-3.02919333450738,0.3734437139410283,925.298036786424,16,123,-4.277126947027294,0.27382060752407,181,-2.1811500508612505,0.47028330626120446,-4.277126947027294,0,False
EXT_LOW,180,360,304,0.4342105263157895,-842.1421206115592,-2.770204344116971,0.48675502498970497,891.2424869047414,12,123,-3.9017388220907843,0.41261419579225617,181,-2.001261024830899,0.5602881693332727,-3.9017388220907843,0,False
EXT_LOW,180,480,304,0.4407894736842105,-917.042149589225,-3.0165860183856084,0.5367407872890189,988.1580438665139,13,123,-4.389190750808435,0.41021244772580706,181,-2.0838214764629144,0.6455753061405289,-4.389190750808435,0,False
EXT_LOW,240,120,308,0.30844155844155846,-770.6939486025927,-2.502253079878548,0.35280862804819446,773.4608949525439,25,123,-4.2992599457493785,0.16596093833485645,185,-1.3074863528401033,0.5655760148824436,-4.2992599457493785,0,False
EXT_LOW,240,240,308,0.32792207792207795,-1010.092675138256,-3.2795216725268053,0.3461577600795401,1014.5159382344373,18,123,-5.124681275735811,0.2531563544575377,185,-2.052739882285142,0.45815369539534323,-5.124681275735811,0,False
EXT_LOW,240,360,308,0.4155844155844156,-913.9583609887267,-2.967397275937424,0.4604960948336295,982.119496571254,14,123,-5.29431390393751,0.32937948828625474,185,-1.4203121665103402,0.6365880007366113,-5.29431390393751,0,False
EXT_LOW,240,480,308,0.42207792207792205,-916.0049346418339,-2.97404199559037,0.5454615267297637,996.2716487256814,16,123,-5.168842998950787,0.39119480722152983,185,-1.5147959230858765,0.7113795565788321,-5.168842998950787,0,False
EXT_LOW,360,120,295,0.3152542372881356,-757.826802282789,-2.5689044145179287,0.3300846558618543,760.0740842526776,20,123,-4.1455308362077865,0.15582985050413736,172,-1.4414331943559957,0.5297316637346136,-4.1455308362077865,0,False
EXT_LOW,360,240,295,0.3525423728813559,-747.7378459422023,-2.53470456251594,0.4539694411152939,752.416209925384,20,123,-4.432614900162123,0.2914905791587551,172,-1.177477983850356,0.6623929245205701,-4.432614900162123,0,False
EXT_LOW,360,360,295,0.39322033898305087,-777.6180737957818,-2.6359934704941757,0.5146570298753216,832.4836067263054,16,123,-4.41861538882288,0.37054151688095205,172,-1.361211517270742,0.683087398702294,-4.41861538882288,0,False
EXT_LOW,360,480,295,0.4271186440677966,-784.9911602429437,-2.6609869838743854,0.5950391078147507,848.0839157511567,18,123,-4.3938402310805085,0.4264087109337218,172,-1.4217954175583782,0.7545254734323041,-4.3938402310805085,0,False
EXT_MID,60,120,302,0.3741721854304636,-522.4351147854002,-1.7299175986271529,0.5251012497784268,522.4351147854,13,123,-2.4425103211453396,0.3712516365997692,179,-1.2402589122040408,0.6432358017311797,-2.4425103211453396,0,False
EXT_MID,60,240,302,0.40728476821192056,-305.1539891888245,-1.0104436728106772,0.7746830882410148,323.8045710457352,11,123,-2.2085521350759874,0.5796918442489519,179,-0.18716243896356463,0.9526817732566463,-2.2085521350759874,0,False
EXT_MID,60,360,302,0.4867549668874172,-107.77980567373334,-0.3568867737540839,0.9224918283613164,274.4585408272251,11,123,-1.450097049992521,0.7330514818832893,179,0.39431358366115477,1.0977037722384069,-1.450097049992521,1,False
EXT_MID,60,480,302,0.46357615894039733,-201.0309195469328,-0.6656652965130225,0.8740065547778307,336.2742080781188,12,123,-1.5284895828432468,0.7290749850374694,179,-0.07277486512409752,0.9855520864781304,-1.5284895828432468,0,False
EXT_MID,120,120,316,0.36075949367088606,-477.9539403858809,-1.5125124695755725,0.5628923976187389,477.9539403858814,20,133,-3.5102933537647285,0.2567700227755101,183,-0.06057335702279807,0.9761760353525479,-3.5102933537647285,0,False
EXT_MID,120,240,316,0.40189873417721517,-388.9210544398895,-1.2307628305059795,0.728375545804088,623.4890128325127,13,133,-4.21220933620481,0.37211925345828284,183,0.9360808047833346,1.317469534774169,-4.21220933620481,0,False
EXT_MID,120,360,316,0.4177215189873418,-271.83965223201784,-0.8602520640253729,0.8233913947887679,577.9367812449586,14,133,-3.8249812892039223,0.4743344092759142,183,1.2944418537273432,1.414527611896878,-3.8249812892039223,0,False
EXT_MID,120,480,316,0.4240506329113924,-294.07514327939435,-0.9306175420233999,0.8320374422133828,640.8726434521548,14,133,-3.693976796428577,0.5036559715951163,183,1.0777255226535867,1.2591632605105791,-3.693976796428577,1,False
EXT_MID,180,120,310,0.3548387096774194,-450.2106604437213,-1.4522924530442622,0.5666299368238081,450.21066044372157,22,119,-3.353023429108018,0.3042606141112849,191,-0.2680673946589908,0.8899745834141892,-3.353023429108018,0,False
EXT_MID,180,240,310,0.38387096774193546,-388.86325925188436,-1.2543976104899495,0.713060515305578,484.8887746794179,10,119,-3.3267296377201694,0.49249656623306703,191,0.0367411918157893,1.0122011862868872,-3.3267296377201694,1,False
EXT_MID,180,360,310,0.3741935483870968,-228.308361571783,-0.736478585715429,0.8440936754915159,442.1479488664101,18,119,-2.916865145080639,0.5811172672278175,191,0.6219821502241522,1.18686515371521,-2.916865145080639,1,False
EXT_MID,180,480,310,0.4161290322580645,-200.45291688188556,-0.6466223125222115,0.8789226651879407,467.2925276370527,18,119,-2.587597489637927,0.6363329592984466,191,0.5626763580367945,1.1328678512322736,-2.587597489637927,1,False
EXT_MID,240,120,297,0.3434343434343434,-425.4218120135523,-1.432396673446304,0.5629124136810403,425.4218120135524,19,115,-2.4914330129368656,0.3978324888413323,182,-0.763225360031938,0.7207923935986918,-2.4914330129368656,0,False
EXT_MID,240,240,297,0.3838383838383838,-479.7306891066043,-1.615254845476782,0.634365019462076,479.7306891066039,15,115,-3.432595739588789,0.4325601003725184,182,-0.46693504974666805,0.8621274963238421,-3.432595739588789,0,False
EXT_MID,240,360,297,0.367003367003367,-421.67546222959686,-1.4197827011097537,0.7089039285828249,421.6754622295968,24,115,-2.5110786016890967,0.589669587001512,182,-0.730227599095334,0.8215653712969786,-2.5110786016890967,0,False
EXT_MID,240,480,297,0.40404040404040403,-426.7474618568631,-1.4368601409321988,0.7409204575509173,441.17212858600413,23,115,-2.481762469274647,0.5987421183107576,182,-0.7766196587377956,0.8489741242558084,-2.481762469274647,0,False
EXT_MID,360,120,310,0.3225806451612903,-485.60665243893743,-1.566473072383669,0.5537196135145631,485.60665243893743,20,119,-2.9628325306592505,0.3590644817026535,191,-0.6964899544004532,0.7527434681946845,-2.9628325306592505,0,False
EXT_MID,360,240,310,0.3741935483870968,-703.5302041661661,-2.2694522715037615,0.5290483758951564,703.530204166166,16,119,-3.6939806929950567,0.4517786423703183,191,-1.3819188570667769,0.6185810243490646,-3.6939806929950567,0,False
EXT_MID,360,360,310,0.4064516129032258,-527.3408524055328,-1.7010995238888156,0.6593751041698093,527.3408524055327,16,119,-2.5885171617606533,0.6250722178193441,191,-1.1482058123351584,0.6981633322831111,-2.5885171617606533,0,False
EXT_MID,360,480,310,0.4064516129032258,-595.7124175954447,-1.9216529599853054,0.6729306787658795,595.7124175954447,16,119,-2.823060165456975,0.610616919798179,191,-1.3600432351102858,0.7290141088440119,-2.823060165456975,0,False
EXT_HIGH,60,120,277,0.34657039711191334,-376.9732522968828,-1.3609142682197934,0.5690047008242267,408.076651114983,18,119,-3.2697749819523154,0.22008290803694067,158,0.07677196554077692,1.0322816682885387,-3.2697749819523154,0,False
EXT_HIGH,60,240,277,0.3971119133574007,-649.498870592035,-2.3447612656752166,0.5283877445557178,665.6367696641706,27,119,-5.229729092414394,0.21482211156075695,158,-0.17190575059950944,0.9535374709847394,-5.229729092414394,0,False
EXT_HIGH,60,360,277,0.4332129963898917,-398.6663800340046,-1.4392288087870202,0.7110935313566571,641.5148733718843,22,119,-5.1280430277565445,0.26699041506957105,158,1.3390553181583806,1.386496950142075,-5.1280430277565445,0,False
EXT_HIGH,60,480,277,0.44765342960288806,-483.3715011709693,-1.745023469931297,0.708754226230442,661.5700910793162,13,119,-4.742091395439896,0.38242932828366283,158,0.5122618663694846,1.1085078281987704,-4.742091395439896,0,False
EXT_HIGH,120,120,269,0.3680297397769517,-297.4631684885146,-1.1058110352732886,0.6446847462269509,332.10470277826806,16,116,-2.1790106301443557,0.3882159618465942,153,-0.29214336857365614,0.8945853349790932,-2.1790106301443557,1,False
EXT_HIGH,120,240,269,0.44981412639405205,-306.3210513365479,-1.1387399677938583,0.7563031673014843,335.4363280878058,10,116,-2.3780276538185077,0.5432768476270725,153,-0.19914930387974475,0.9533384554675917,-2.3780276538185077,1,False
EXT_HIGH,120,360,269,0.49070631970260226,-40.041873094343714,-0.1488545468191216,0.9656994811173659,261.15438548534445,10,116,-1.7472600791308368,0.6377688558840002,153,1.063008471142702,1.267568404819253,-1.7472600791308368,2,False
EXT_HIGH,120,480,269,0.48698884758364314,-169.02461742283953,-0.6283443026871358,0.8807328028525475,422.9626775211709,12,116,-1.1517308718578168,0.7890107866725613,153,-0.23152834174727305,0.9548154638360664,-1.1517308718578168,2,False
EXT_HIGH,180,120,266,0.40977443609022557,-153.86944812535063,-0.5784565718998144,0.8032146163346646,239.169711183743,11,114,-1.910738743103098,0.4248710762984872,152,0.42075505650264844,1.1586277269774368,-1.910738743103098,0,False
EXT_HIGH,180,240,266,0.46616541353383456,-117.93373055214357,-0.44335988929377285,0.8987238710370052,292.4949279686225,8,114,-2.4241844640042727,0.5023267535784685,152,1.0422585417391022,1.2600603687071124,-2.4241844640042727,1,False
EXT_HIGH,180,360,266,0.518796992481203,164.50906274201253,0.6184551230902727,1.154729083554814,238.50305854854167,9,114,-1.8177658375411072,0.6098075844453503,152,2.4456208435638076,1.6985883442136471,-1.8177658375411072,2,False
EXT_HIGH,180,480,266,0.4924812030075188,26.584977636635582,0.09994352494975782,1.020809890216312,306.1003428361172,14,114,-1.4458168667254783,0.7198831316138155,152,1.2592638187061849,1.2777620974867077,-1.4458168667254783,2,False
EXT_HIGH,240,120,275,0.4254545454545455,-134.73858929060515,-0.48995850651129147,0.831763079308863,228.67414611361028,11,118,-1.7343884037852795,0.45181907673426036,157,0.4453454927137439,1.1635361742812937,-1.7343884037852795,0,False
EXT_HIGH,240,240,275,0.48727272727272725,62.15160075058892,0.22600582091123245,1.0548789351327235,209.38344993681744,14,118,-1.4681369771299055,0.6669395863161357,157,1.4993105990568012,1.3843911395794886,-1.4681369771299055,1,False
EXT_HIGH,240,360,275,0.5418181818181819,429.6924037769939,1.5625178319163415,1.4188972230279373,189.98491715252229,8,118,-0.7989108769736346,0.812195556966074,157,3.33734960038142,2.000304724685415,-0.7989108769736346,4,False
EXT_HIGH,240,480,275,0.5236363636363637,251.84230766422206,0.9157902096880802,1.2014369720340283,278.0061588563007,13,118,-0.7749772337756287,0.8462902480706294,157,2.186558097132142,1.523871306532351,-0.7749772337756287,4,False
EXT_HIGH,360,120,275,0.44,-87.42089518502384,-0.3178941643091776,0.8827630388692587,176.21379182758508,13,114,-1.3816161180663828,0.5213459116480342,161,0.4353002625748059,1.1682186941719643,-1.3816161180663828,2,False
EXT_HIGH,360,240,275,0.4690909090909091,23.59628661409692,0.08580467859671606,1.0209526442465138,243.02671703644634,15,114,-1.873062588449048,0.5628491522543019,161,1.4728287061943381,1.3718355515389973,-1.873062588449048,2,False
EXT_HIGH,360,360,275,0.5236363636363637,399.0175067599852,1.4509727518544917,1.39193897365508,250.89099157820323,12,114,-1.6028324367255855,0.6284327546756767,161,3.613294438178273,2.1053449027410713,-1.6028324367255855,4,False
EXT_HIGH,360,480,275,0.5163636363636364,289.7934890039134,1.053794505468776,1.2513742090784936,283.75640541597824,13,114,-1.195010336059409,0.7502748368088077,161,2.6461159460539507,1.7014916064129004,-1.195010336059409,3,False
EFF_LOW__RV_LOW,60,120,134,0.3358208955223881,-172.7665235872504,-1.2893024148302268,0.5655234326528216,174.58153182891624,15,43,-3.5741769485421444,0.15063216089235576,91,-0.2096364263729471,0.9119650363234002,-3.5741769485421444,1,False
EFF_LOW__RV_LOW,60,240,134,0.34328358208955223,-53.879206791447714,-0.4020836327719979,0.8979956950960482,194.30273049271023,14,43,-3.823338121165227,0.3635298299702709,91,1.214553103501726,1.409500972317597,-3.823338121165227,1,False
EFF_LOW__RV_LOW,60,360,134,0.41044776119402987,37.716068603457835,0.2814631985332674,1.0704872502908793,202.96662368431652,9,43,-3.9581236538779154,0.355102749608372,91,2.2847844584638266,1.7667641276429733,-3.9581236538779154,2,False
EFF_LOW__RV_LOW,60,480,134,0.40298507462686567,39.560665169432056,0.2952288445480004,1.0626929231192794,203.51299482128596,9,43,-3.2377660332558023,0.4143741294149654,91,1.964665984609138,1.4545900728616121,-3.2377660332558023,2,False
EFF_LOW__RV_LOW,120,120,129,0.3023255813953488,-256.30843464753747,-1.986887090290988,0.35223960847354446,257.5564969320177,15,26,-2.8196086950799346,0.15910762532741726,103,-1.776685520150089,0.40681747278324065,-2.8196086950799346,0,False
EFF_LOW__RV_LOW,120,240,129,0.3488372093023256,-325.8877281101076,-2.5262614582178884,0.4292390167721667,349.4081534081859,10,26,-4.271554821228318,0.2554728865792588,103,-2.0857019685259357,0.4906909893124613,-4.271554821228318,0,False
EFF_LOW__RV_LOW,120,360,129,0.3875968992248062,-291.52198818381027,-2.2598603735179092,0.5174356548301152,348.1312773114602,10,26,-5.074423846353268,0.20219323868289818,103,-1.5493880405691778,0.6362590164520376,-5.074423846353268,0,False
EFF_LOW__RV_LOW,120,480,129,0.3953488372093023,-369.77647627946067,-2.8664843122438812,0.5206133850694048,462.9560136813129,10,26,-4.025727270598378,0.3280518843255092,103,-2.5738598761543963,0.569339756993551,-4.025727270598378,0,False
EFF_LOW__RV_LOW,180,120,104,0.2980769230769231,-261.34219141312644,-2.5129056866646775,0.2438542605441937,265.35720004755774,16,23,-4.642280757387412,0.05625653172061941,81,-1.9082683209039006,0.3351465914565661,-4.642280757387412,0,False
EFF_LOW__RV_LOW,180,240,104,0.3173076923076923,-332.87179314947986,-3.2006903187449987,0.28677362833044084,337.29505624565996,15,23,-5.439756253585167,0.19191409104979354,81,-2.5649061644076667,0.3338645094609257,-5.439756253585167,0,False
EFF_LOW__RV_LOW,180,360,104,0.3076923076923077,-344.78339093376906,-3.3152249128247027,0.30035082724090445,378.9792826862742,19,23,-6.936433614265648,0.15432123293563252,81,-2.2869804667365314,0.39092834898884593,-6.936433614265648,0,False
EFF_LOW__RV_LOW,180,480,104,0.2980769230769231,-519.4137694515141,-4.99436316780302,0.27955425920326155,548.1910808387805,22,23,-5.109967268932553,0.29587675304178324,81,-4.961537311926732,0.2746368312681098,-5.109967268932553,0,False
EFF_LOW__RV_LOW,240,120,119,0.3445378151260504,-289.3418274793044,-2.431443928397516,0.27138299060840787,292.83717173367336,19,30,-2.895379366123028,0.19398981500616463,89,-2.275061196579928,0.3002083374206028,-2.895379366123028,0,False
EFF_LOW__RV_LOW,240,240,119,0.31092436974789917,-400.374378100111,-3.3644905722698404,0.29833675512706176,411.7523246878979,16,30,-4.284896831071347,0.26631956453802164,89,-3.054241271550232,0.3125241291824365,-4.284896831071347,0,False
EFF_LOW__RV_LOW,240,360,119,0.31092436974789917,-482.0879234543094,-4.051159020624449,0.3053529850577593,540.6666855799099,18,30,-4.039811780015153,0.38722243042910476,89,-4.05498393318938,0.2727225902894653,-4.05498393318938,0,False
EFF_LOW__RV_LOW,240,480,119,0.31932773109243695,-650.9057752062724,-5.46979643030481,0.2774196175928969,727.306431206392,21,30,-2.408899031776327,0.569352765086632,89,-6.501559598348119,0.21058534455336872,-6.501559598348119,0,False
EFF_LOW__RV_LOW,360,120,128,0.265625,-304.5911356221142,-2.3796182470477674,0.22975480341187002,306.30813633791064,13,30,-1.9463646439211613,0.3137922286574702,98,-2.512246901066116,0.20671365335897743,-2.512246901066116,0,False
EFF_LOW__RV_LOW,360,240,128,0.3359375,-261.23192718627695,-2.0408744311427887,0.47004777389124586,286.2105230185464,17,30,-1.0016188223664793,0.7808036887702987,98,-2.3590139032171686,0.350334224710856,-2.3590139032171686,0,False
EFF_LOW__RV_LOW,360,360,128,0.375,-148.77818579965552,-1.1623295765598087,0.6745298127650149,244.06026163943508,12,30,-0.1842792767541796,0.9558914275398677,98,-1.4617327295615314,0.5682411963180589,-1.4617327295615314,0,False
EFF_LOW__RV_LOW,360,480,128,0.375,-241.0284073237719,-1.8830344322169679,0.6015026340224614,342.683351300639,16,30,0.4128264951701753,1.1188535693866544,98,-2.5858490018252773,0.4938225506238528,-2.5858490018252773,0,False
EFF_LOW__RV_MID,60,120,96,0.2916666666666667,-291.6413928514819,-3.03793117553627,0.22447486020576965,292.073666579705,14,41,-2.4898162917997873,0.3332293545167544,55,-3.446525907048922,0.14979541018240636,-3.446525907048922,0,False
EFF_LOW__RV_MID,60,240,96,0.34375,-308.27178227044567,-3.211164398650476,0.34148184428442835,310.16379882536336,10,41,-3.0844385209655893,0.3860314141250044,55,-3.305632780197391,0.30647931207118867,-3.305632780197391,0,False
EFF_LOW__RV_MID,60,360,96,0.3854166666666667,-277.3696740870037,-2.889267438406289,0.43903663870749565,283.04242080497716,10,41,-2.902656651299445,0.5247354493785897,55,-2.879286388795026,0.35110485856094614,-2.902656651299445,0,False
EFF_LOW__RV_MID,60,480,96,0.4791666666666667,-199.9939436166693,-2.083270246006972,0.6261064273566675,212.4913189869037,8,41,-2.2309963496618863,0.6621940998468381,55,-1.9731471505551275,0.5891083168654074,-2.2309963496618863,0,False
EFF_LOW__RV_MID,120,120,65,0.2923076923076923,-198.35147924881807,-3.051561219212586,0.29833364116960337,198.35147924881812,10,30,-3.7010270903133398,0.2282892294669028,35,-2.49487618684051,0.3709344275410884,-3.7010270903133398,0,False
EFF_LOW__RV_MID,120,240,65,0.24615384615384617,-291.91163908411636,-4.49094829360179,0.28272911623622055,291.9116390841164,11,30,-5.189421302952846,0.24513985578203967,35,-3.8922571427294574,0.32134928884794833,-5.189421302952846,0,False
EFF_LOW__RV_MID,120,360,65,0.35384615384615387,-212.24391710689682,-3.2652910324137974,0.46872489279190677,212.2439171068968,10,30,-4.828915917154899,0.3319580881521641,35,-1.925041131207137,0.6311075379279011,-4.828915917154899,0,False
EFF_LOW__RV_MID,120,480,65,0.38461538461538464,-219.42449220261804,-3.375761418501816,0.5160175737902211,232.94588519840468,9,30,-4.688824581702246,0.35890831715118543,35,-2.2502787071871624,0.663360098452617,-4.688824581702246,0,False
EFF_LOW__RV_MID,180,120,78,0.3974358974358974,-83.60659622221212,-1.0718794387463093,0.6496879151732073,101.93178833257753,9,30,-1.8170877425031753,0.4414827360713705,48,-0.6061242488982684,0.793748719896664,-1.8170877425031753,0,False
EFF_LOW__RV_MID,180,240,78,0.2692307692307692,-157.3827097973281,-2.0177270486836933,0.5800683615910971,164.13451420507167,21,30,-3.9155814775779687,0.34702375635098626,48,-0.831568030624771,0.7951869152934085,-3.9155814775779687,0,False
EFF_LOW__RV_MID,180,360,78,0.32051282051282054,-139.34390729835093,-1.786460349978858,0.6474286593805777,172.02818508245525,11,30,-3.971341755314439,0.3513860922511486,48,-0.42090947164412,0.9044913729382794,-3.971341755314439,0,False
EFF_LOW__RV_MID,180,480,78,0.38461538461538464,-84.66102071499174,-1.085397701474253,0.8074397628999656,162.58874926037316,12,30,-4.877589525951524,0.35337962285472707,48,1.2847221888240419,1.2890212075792196,-4.877589525951524,1,False
EFF_LOW__RV_MID,240,120,86,0.29069767441860467,-170.0952706882869,-1.977851984747522,0.3586186653395161,181.1745516507884,16,30,-4.641380520971383,0.01349485498386406,56,-0.5509616974847392,0.7512895133293923,-4.641380520971383,0,False
EFF_LOW__RV_MID,240,240,86,0.27906976744186046,-186.11473574234626,-2.1641248342133284,0.44690562048514176,203.44289932454532,21,30,-6.781429977484844,0.009195260124879895,56,0.3094314925392697,1.1321083755914758,-6.781429977484844,0,False
EFF_LOW__RV_MID,240,360,86,0.32558139534883723,-158.215647049927,-1.8397168261619417,0.5382399785840529,200.12557987565395,21,30,-6.346330458023518,0.10209337708458005,56,0.5745404766210463,1.2463600702815851,-6.346330458023518,0,False
EFF_LOW__RV_MID,240,480,86,0.3953488372093023,-61.91983775207325,-0.7199981133962006,0.850947694685971,227.09915157122316,18,30,-7.083380559384076,0.13916745871716862,56,2.6889567683830173,1.8932995021742336,-7.083380559384076,0,False
EFF_LOW__RV_MID,360,120,84,0.3333333333333333,-141.0468069589459,-1.6791286542731654,0.4668440048116184,143.78578270747164,12,28,-3.721833071318305,0.08179450684992352,56,-0.6577764457505951,0.7561471294569964,-3.721833071318305,0,False
EFF_LOW__RV_MID,360,240,84,0.38095238095238093,-85.75760290518093,-1.0209238441092967,0.7037008896023242,138.76553789539594,10,28,-3.8631380704787444,0.2691251470777166,56,0.4001832690754269,1.158453273601965,-3.8631380704787444,0,False
EFF_LOW__RV_MID,360,360,84,0.40476190476190477,-46.500053200629694,-0.5535720619122583,0.8598364615606311,148.32938037422747,13,28,-4.101583693151102,0.3093412041457588,56,1.2204337537071634,1.4130228497471762,-4.101583693151102,2,False
EFF_LOW__RV_MID,360,480,84,0.4880952380952381,-3.517273497895926,-0.04187230354638007,0.9920021055549013,171.05673932263056,11,28,-5.310379219838292,0.2932304237398197,56,2.592381154599575,1.6328550141456022,-5.310379219838292,2,False
EFF_LOW__RV_HIGH,60,120,62,0.5,-73.68450966460753,-1.1884598333001215,0.6902730137246654,116.88026948941175,8,30,-3.5763368264467545,0.3537513108425194,32,1.0501748477748476,1.4675128984144614,-3.5763368264467545,1,False
EFF_LOW__RV_HIGH,60,240,62,0.4838709677419355,-146.5705047091084,-2.3640403985340064,0.5765606116831248,181.81306807990114,7,30,-4.819585002209456,0.36404737664172576,32,-0.06196733258827303,0.9833066317346874,-4.819585002209456,0,False
EFF_LOW__RV_HIGH,60,360,62,0.45161290322580644,-149.96364127180576,-2.4187684076097704,0.652622499461128,241.769735025336,7,30,-4.961146896754826,0.47374767178923655,32,-0.035288574036279996,0.9924152775581598,-4.961146896754826,0,False
EFF_LOW__RV_HIGH,60,480,62,0.5,-142.25920416894743,-2.2945032930475393,0.7076390306927396,229.7583326566971,7,30,-5.016380046372489,0.5012090962108412,32,0.257256163194603,1.0445284173360894,-5.016380046372489,1,False
EFF_LOW__RV_HIGH,120,120,95,0.3473684210526316,-318.93220350749243,-3.357181089552552,0.3206388196765336,327.44412875352083,11,66,-3.213875959368892,0.34234633305217516,29,-3.6833237996257115,0.2729857473847595,-3.6833237996257115,0,False
EFF_LOW__RV_HIGH,120,240,95,0.3157894736842105,-363.16016226826184,-3.8227385501922297,0.32322288057469445,383.84277682900574,12,66,-4.190478085412966,0.32867327755705733,29,-2.9858140907243462,0.30520525856237996,-4.190478085412966,0,False
EFF_LOW__RV_HIGH,120,360,95,0.4,-279.10664529676916,-2.937964687334412,0.503448271036611,328.74641966049893,10,66,-2.561990928343629,0.5672590034381465,29,-3.79362910434792,0.3579303476229524,-3.79362910434792,0,False
EFF_LOW__RV_HIGH,120,480,95,0.43157894736842106,-367.0290619207225,-3.8634638096918157,0.4950047220075711,432.34573661235385,11,66,-3.899155949881403,0.4870255496392757,29,-3.782233421674131,0.5127854910212157,-3.899155949881403,0,False
EFF_LOW__RV_HIGH,180,120,110,0.2636363636363636,-502.06708202166334,-4.56424620019694,0.23053506808958232,502.0670820216634,16,79,-5.353393620263418,0.1335616166570912,31,-2.5531930974468855,0.5184928514140559,-5.353393620263418,0,False
EFF_LOW__RV_HIGH,180,240,110,0.3090909090909091,-426.74868855182,-3.879533532289273,0.4146079816133806,429.6069175858234,16,79,-4.856072534431447,0.34476669664937326,31,-1.3909341397334096,0.6995419066858374,-4.856072534431447,0,False
EFF_LOW__RV_HIGH,180,360,110,0.42727272727272725,-326.6834083761017,-2.96984916705547,0.5688113940828063,340.52356777267033,15,79,-3.485941071981893,0.5135640491085053,31,-1.6546472157913588,0.7321426592194588,-3.485941071981893,0,False
EFF_LOW__RV_HIGH,180,480,110,0.44545454545454544,-370.7670984298429,-3.370609985725845,0.6012554717372595,384.42296569885866,16,79,-3.8740738711259146,0.5545226852332655,31,-2.087589116480501,0.7334804341449225,-3.8740738711259146,0,False
EFF_LOW__RV_HIGH,240,120,99,0.3434343434343434,-222.81969872686352,-2.250704027544076,0.4574564770640662,222.81969872686346,10,70,-2.635850349664634,0.36007242787471533,29,-1.3210404913910054,0.6869210171449773,-2.635850349664634,0,False
EFF_LOW__RV_HIGH,240,240,99,0.35353535353535354,-256.66018847538817,-2.592527156317052,0.5137667406649146,321.3827980686311,12,70,-3.9290435529083774,0.3746277871125783,29,0.6335469044206308,1.2086329704609773,-3.9290435529083774,0,False
EFF_LOW__RV_HIGH,240,360,99,0.4444444444444444,-135.06324778082384,-1.3642752301093317,0.7442528547074367,264.71835861240356,15,70,-1.8412797399203393,0.6688373600726218,29,-0.21288503401379621,0.9555560938931578,-1.8412797399203393,1,False
EFF_LOW__RV_HIGH,240,480,99,0.43434343434343436,-140.96874504962122,-1.4239267176729415,0.7852071928513866,291.30889074332566,16,70,-3.230701962769834,0.5637173049754687,29,2.937254908423004,1.6174887826457425,-3.230701962769834,1,False
EFF_LOW__RV_HIGH,360,120,93,0.41935483870967744,-169.81154173585756,-1.8259305562995436,0.5106904441035366,169.8115417358575,11,75,-2.1064573781165814,0.42161141402162505,18,-0.6570687987285527,0.8399509040374943,-2.1064573781165814,0,False
EFF_LOW__RV_HIGH,360,240,93,0.3870967741935484,-297.3764153831725,-3.1975958643351885,0.4095747755062273,337.880477158813,13,75,-4.49223666805393,0.2601773886526454,18,2.1967408178262318,1.8193159828614234,-4.49223666805393,0,False
EFF_LOW__RV_HIGH,360,360,93,0.40860215053763443,-335.33921572697005,-3.6057980185695704,0.4598535423196323,344.7553836502255,13,75,-4.070276343591723,0.41147207550751974,18,-1.6704716643106028,0.7055802732852189,-4.070276343591723,0,False
EFF_LOW__RV_HIGH,360,480,93,0.40860215053763443,-425.73133198824837,-4.577756257938154,0.4149813467440515,454.57303674385446,17,75,-5.189468847464879,0.3646555934020049,18,-2.0289538015767996,0.6827708903880493,-5.189468847464879,0,False
EFF_MID__RV_LOW,60,120,119,0.35294117647058826,-211.94926708171852,-1.7810862779976346,0.3816685957111929,212.77567251200608,12,37,-2.751161366033335,0.24143832124881354,82,-1.343369469981526,0.47188541444630244,-2.751161366033335,1,False
EFF_MID__RV_LOW,60,240,119,0.40336134453781514,-189.9580255311321,-1.5962859288330429,0.573546639926247,199.97169267137443,12,37,-1.3196748663959283,0.6958157739526396,82,-1.7210982374936923,0.504660423300193,-1.7210982374936923,1,False
EFF_MID__RV_LOW,60,360,119,0.453781512605042,-129.07297062269927,-1.084646811955456,0.7154925578843419,162.98426221113465,8,37,-0.8866080223581253,0.8017812154447241,82,-1.1740057779932762,0.6659377764250818,-1.1740057779932762,0,False
EFF_MID__RV_LOW,60,480,119,0.3949579831932773,-283.7797032318233,-2.3847033885027167,0.5607449250215635,338.1813991353325,5,37,-3.0054449099696354,0.5138123125962765,82,-2.104612701987156,0.586466966620751,-3.0054449099696354,0,False
EFF_MID__RV_LOW,120,120,120,0.4083333333333333,-83.14954196053718,-0.6929128496711432,0.6978041899479912,84.05321318857999,15,32,-1.4798262241704438,0.5036438300283275,88,-0.40676253167139714,0.8008584751910216,-1.4798262241704438,0,False
EFF_MID__RV_LOW,120,240,120,0.43333333333333335,21.733539619072538,0.1811128301589378,1.0558140021238132,108.30057013889481,15,32,0.15234955230438896,1.0384819860231378,88,0.1915722039242282,1.0641722415765367,0.15234955230438896,2,False
EFF_MID__RV_LOW,120,360,120,0.4583333333333333,83.73855570693297,0.6978212975577748,1.2093819070143506,116.20420751130598,8,32,-0.16042711173885538,0.966994992189627,88,1.0099116282110951,1.3636490808682036,-0.16042711173885538,3,False
EFF_MID__RV_LOW,120,480,120,0.43333333333333335,58.066052210584814,0.48388376842154013,1.1101754040537852,155.90563640881138,10,32,-0.06452763840651299,0.9860931556780138,88,0.6833060981771953,1.1588441356211931,-0.06452763840651299,3,False
EFF_MID__RV_LOW,180,120,145,0.3103448275862069,-279.4597236910705,-1.927308439248762,0.3708181134734476,279.4597236910705,15,33,-2.2448176545762366,0.3655892148492959,112,-1.8337566168754884,0.37268304111235967,-2.2448176545762366,0,False
EFF_MID__RV_LOW,180,240,145,0.3931034482758621,-256.4852348253615,-1.768863688450769,0.5544315508564248,256.48523482536166,15,33,-0.4633056776006469,0.8909585939752219,112,-2.153537030933394,0.44606398305398315,-2.153537030933394,0,False
EFF_MID__RV_LOW,180,360,145,0.42758620689655175,-270.86819024923483,-1.8680564844774816,0.585763116683631,328.8125829737592,11,33,0.7043411117882808,1.1514337538839248,112,-2.6259950619486436,0.412257751591854,-2.6259950619486436,0,False
EFF_MID__RV_LOW,180,480,145,0.43448275862068964,-326.97636593362074,-2.2550094202318673,0.5972004906397466,439.3712326482614,13,33,0.8104025193650951,1.1969771169325745,112,-3.1582111524345438,0.47673920497204453,-3.1582111524345438,0,False
EFF_MID__RV_LOW,240,120,129,0.21705426356589147,-325.1621851485352,-2.5206370941746914,0.25127801432971925,325.16218514853523,23,40,-3.070659998177726,0.24032882360591304,89,-2.273435789004788,0.2577720208058208,-3.070659998177726,0,False
EFF_MID__RV_LOW,240,240,129,0.4108527131782946,-165.4815163758732,-1.282802452526149,0.6305369725636618,181.07169447841648,17,40,-0.21335056313611886,0.9449258629363381,89,-1.763454987083466,0.4642373167323218,-1.763454987083466,0,False
EFF_MID__RV_LOW,240,360,129,0.4418604651162791,-103.9030017530066,-0.8054496259922993,0.7684100306609872,173.37196218567684,12,40,0.042966191864816136,1.011221223301501,89,-1.1867601059280817,0.6425545288463971,-1.1867601059280817,1,False
EFF_MID__RV_LOW,240,480,129,0.4108527131782946,-243.48430720498135,-1.8874752496510183,0.5883299035584112,303.5140380363249,12,40,-0.8279944139509297,0.8159943670713846,89,-2.3636464117634173,0.4887384295452505,-2.3636464117634173,0,False
EFF_MID__RV_LOW,360,120,123,0.37398373983739835,-170.27999013599148,-1.3843901637072478,0.524037227435673,170.27999013599157,10,43,-2.550853385423551,0.3428318402717228,80,-0.7574161820347347,0.6825098473386247,-2.550853385423551,0,False
EFF_MID__RV_LOW,360,240,123,0.45528455284552843,-107.37316809764793,-0.8729525861597393,0.7262981886275895,130.7730374288355,10,43,-1.0246889513387654,0.7159136214326832,80,-0.7913942898760128,0.7330883962639414,-1.0246889513387654,2,False
EFF_MID__RV_LOW,360,360,123,0.42276422764227645,-167.8483324562177,-1.3646205890749405,0.6772136805963643,243.2780800825974,11,43,-0.7565592251324339,0.8180783357907991,80,-1.6914535721940382,0.6033802034106637,-1.6914535721940382,1,False
EFF_MID__RV_LOW,360,480,123,0.4146341463414634,-304.2787992192798,-2.4738113757665023,0.5436531290662295,417.6448250976423,11,43,-0.530924390667879,0.8759501186496631,80,-3.5181131302570123,0.41696868855823677,-3.5181131302570123,0,False
EFF_MID__RV_MID,60,120,91,0.42857142857142855,-116.04689591993564,-1.2752406145047872,0.5424523801046154,122.3483819281515,7,38,-2.2924047356359587,0.38944801116645683,53,-0.5459531314296076,0.7392059247443292,-2.2924047356359587,1,False
EFF_MID__RV_MID,60,240,91,0.42857142857142855,-111.3274543028924,-1.2233786187131033,0.6418252829732077,125.78240957931135,9,38,-2.094564256193872,0.4692258777726169,53,-0.598754954104251,0.8027247185969708,-2.094564256193872,1,False
EFF_MID__RV_MID,60,360,91,0.43956043956043955,-75.21544647155186,-0.8265433678192512,0.7882788235777656,152.68725951298245,7,38,-0.07720607006390157,0.9787849791652617,53,-1.363804071870257,0.6668540601339975,-1.363804071870257,1,False
EFF_MID__RV_MID,60,480,91,0.4945054945054945,-89.1329082831978,-0.9794825086065693,0.801447248256403,150.80474586229286,6,38,-0.32120588094769775,0.9324568606868516,53,-1.4514544303242505,0.7131742531061426,-1.4514544303242505,1,False
EFF_MID__RV_MID,120,120,102,0.3235294117647059,-67.61719487484163,-0.6629136752435454,0.7572384704057823,96.0155113700273,9,40,-2.282666538162297,0.3774222919438,62,0.38208817180081023,1.1796366616670242,-2.282666538162297,1,False
EFF_MID__RV_MID,120,240,102,0.45098039215686275,50.90527094085215,0.4990712837338446,1.1614642073802222,126.33410689228641,9,40,-1.8603458773227295,0.5670293672111872,62,2.0212759037703445,1.873884230792378,-1.8603458773227295,2,False
EFF_MID__RV_MID,120,360,102,0.5098039215686274,211.16773008588552,2.070271863587113,1.6731227367905055,155.65472531703537,6,40,-0.9441297540095019,0.7962965105140563,62,4.015047100746221,2.939929320268032,-0.9441297540095019,3,False
EFF_MID__RV_MID,120,480,102,0.5686274509803921,261.5214074306231,2.5639353669668936,1.73138502949152,158.37038557032204,6,40,-0.4781553305473702,0.9146650458132362,62,4.526574526653515,3.103189881590022,-0.4781553305473702,3,False
EFF_MID__RV_MID,180,120,72,0.25,-154.4196791505093,-2.144717765979296,0.2715593537062438,154.41967915050932,13,28,-2.2789400765661276,0.3383147854307989,44,-2.0593035683331298,0.2158466728831446,-2.2789400765661276,0,False
EFF_MID__RV_MID,180,240,72,0.3472222222222222,-147.0306811541842,-2.042092793808114,0.4412880984597225,147.0306811541842,9,28,-2.791589190248898,0.3813259992890295,44,-1.5651405415276143,0.4966589078281637,-2.791589190248898,1,False
EFF_MID__RV_MID,180,360,72,0.3888888888888889,-110.73501903365667,-1.5379863754674536,0.5854890858166106,136.34848494801258,10,28,-2.807482019248635,0.45993811682230096,44,-0.730125511243066,0.73578757048585,-2.807482019248635,1,False
EFF_MID__RV_MID,180,480,72,0.4444444444444444,-104.24056962990628,-1.4477856893042538,0.7030512040257135,155.80961928877483,9,28,-2.7279619844061473,0.5577689549210625,44,-0.6331280469666845,0.8437747332204455,-2.7279619844061473,1,False
EFF_MID__RV_MID,240,120,77,0.4025974025974026,-40.64006629081554,-0.5277930687118901,0.8035595009508761,67.53529667627835,7,29,-1.360111035545702,0.5748886362816287,48,-0.024934297083128703,0.9895104631028215,-1.360111035545702,2,False
EFF_MID__RV_MID,240,240,77,0.33766233766233766,-19.711762876820245,-0.255996920478185,0.92386512214979,60.97492808045287,11,29,-0.8679473430888397,0.7528566257574576,48,0.11372312651575205,1.034755530107057,-0.8679473430888397,1,False
EFF_MID__RV_MID,240,360,77,0.4155844155844156,18.99445190873274,0.2466811936199057,1.0627416209264595,89.04751592095005,9,29,-0.5836061103840483,0.8446627077550396,48,0.7483131064556282,1.1853530209302123,-0.5836061103840483,3,False
EFF_MID__RV_MID,240,480,77,0.4805194805194805,52.21542018922792,0.6781223401198431,1.1511151919336107,85.3791318369683,6,29,-0.37353004902423204,0.9133536040797471,48,1.3134956585610553,1.2859106073063589,-0.37353004902423204,2,False
EFF_MID__RV_MID,360,120,94,0.32978723404255317,-105.78948005655582,-1.1254200006016577,0.5937717275966607,110.36848580161862,9,32,-1.9249383249018912,0.4149862396155802,62,-0.7127653816079886,0.715124517723067,-1.9249383249018912,0,False
EFF_MID__RV_MID,360,240,94,0.3617021276595745,-168.16106104779655,-1.7889474579552824,0.5965607614591241,168.1610610477967,10,32,-3.0523799754028698,0.3837646771957302,62,-1.1368532554016895,0.7271349693762218,-3.0523799754028698,0,False
EFF_MID__RV_MID,360,360,94,0.3829787234042553,-93.46392330342333,-0.9942970564193971,0.7714845242036412,130.84878393763918,9,32,-2.0530969137703394,0.5786902203850949,62,-0.4478197106898783,0.890285659239007,-2.0530969137703394,0,False
EFF_MID__RV_MID,360,480,94,0.46808510638297873,-18.27807662008042,-0.1944476236178768,0.9557167426957133,117.0167697690865,9,32,-1.360508792331758,0.7100285353830178,62,0.4073903989441263,1.0961800431314472,-1.360508792331758,2,False
EFF_MID__RV_HIGH,60,120,88,0.3409090909090909,-206.78131250730175,-2.349787642128429,0.5458094121251857,207.103612585523,9,33,-5.364396942859544,0.15689436656055358,55,-0.5410220616897594,0.8786977931776879,-5.364396942859544,0,False
EFF_MID__RV_HIGH,60,240,88,0.3522727272727273,-203.6330884277786,-2.314012368497484,0.6368055023907004,203.63308842777857,10,33,-3.696497054485869,0.5541088974244232,55,-1.4845215569044525,0.7156067743300414,-3.696497054485869,0,False
EFF_MID__RV_HIGH,60,360,88,0.4772727272727273,-116.50575442779555,-1.3239290275885858,0.7909162088827836,235.81072675725198,7,33,-3.516138155747958,0.6106344865377143,55,-0.008603550692962328,0.9981745149969456,-3.516138155747958,0,False
EFF_MID__RV_HIGH,60,480,88,0.4659090909090909,-68.86565265250657,-0.7825642346875746,0.8904086134094962,237.4397845345609,9,33,-2.2538613493944677,0.7529974783717229,55,0.10021403413656121,1.0168418956012137,-2.2538613493944677,0,False
EFF_MID__RV_HIGH,120,120,72,0.3888888888888889,-108.11724110646057,-1.5016283487008413,0.603774581756291,129.0859873188577,8,38,-3.047108901684399,0.32237853720407933,34,0.22567344581019477,1.0752313477787656,-3.047108901684399,1,False
EFF_MID__RV_HIGH,120,240,72,0.4027777777777778,-215.29959222441215,-2.9902721142279467,0.48558380142855373,232.77120161838772,9,38,-4.306160076368816,0.4479553166524184,34,-1.5195738035999158,0.5769191548907092,-4.306160076368816,1,False
EFF_MID__RV_HIGH,120,360,72,0.375,-277.5414657439641,-3.8547425797772794,0.464218547375377,285.7312730209974,9,38,-3.8921021860725196,0.5425361270792318,34,-3.8129877256826,0.334176022717292,-3.8921021860725196,1,False
EFF_MID__RV_HIGH,120,480,72,0.4166666666666667,-226.63796504747864,-3.1477495145483143,0.578678384864029,261.7297915932134,8,38,-3.5718418538642935,0.5959224125854107,34,-2.6737639588422195,0.5500066563252027,-3.5718418538642935,1,False
EFF_MID__RV_HIGH,180,120,74,0.5540540540540541,63.140693203929644,0.8532526108639141,1.2975406346681466,80.59507550992302,6,49,-1.017040805467979,0.7107904539052365,25,4.519027706874424,3.8318872380343034,-1.017040805467979,3,False
EFF_MID__RV_HIGH,180,240,74,0.47297297297297297,-160.1176946916273,-2.1637526309679362,0.5942830118642454,237.5061935662544,5,49,-4.5060083788451095,0.27896453640998964,25,2.427068634871323,1.6861154211594704,-4.5060083788451095,0,False
EFF_MID__RV_HIGH,180,360,74,0.4594594594594595,-125.31595657698458,-1.6934588726619537,0.7302416082938042,251.1354748594975,10,49,-4.119488448093687,0.4437865139480033,25,3.061559095184244,1.7530415861235324,-4.119488448093687,0,False
EFF_MID__RV_HIGH,180,480,74,0.527027027027027,-88.53767492560915,-1.196455066562286,0.7892814386818156,219.65869250865072,8,49,-3.2584869227514206,0.49916207337516216,25,2.845127371568421,1.7016495286135083,-3.2584869227514206,0,False
EFF_MID__RV_HIGH,240,120,73,0.3698630136986301,-301.30117546231634,-4.127413362497484,0.355844556557083,301.30117546231634,12,50,-5.716751205583338,0.2079954246397796,23,-0.6723310949195429,0.855266705515885,-5.716751205583338,0,False
EFF_MID__RV_HIGH,240,240,73,0.3424657534246575,-359.50046625419003,-4.924663921290274,0.3791710254013514,367.5499860230557,9,50,-6.705684729131392,0.2741883086357,23,-1.0528795564182791,0.7932381858397282,-6.705684729131392,0,False
EFF_MID__RV_HIGH,240,360,73,0.3150684931506849,-492.0100871225109,-6.739864207157684,0.3359526555600449,492.01008712251104,9,50,-8.682326956421564,0.2583724738601843,23,-2.5171191000622977,0.6278603098369856,-8.682326956421564,0,False
EFF_MID__RV_HIGH,240,480,73,0.3698630136986301,-519.1726746238263,-7.111954446901731,0.35702752475800625,522.4706600993396,9,50,-7.375565873084222,0.3625701900292118,23,-6.538886129113705,0.3430196449878912,-7.375565873084222,0,False
EFF_MID__RV_HIGH,360,120,71,0.30985915492957744,-259.89101281002866,-3.6604368001412486,0.35042061800237034,267.0335531772181,11,46,-5.805077242983002,0.16439983061355878,25,0.2857016146875773,1.0887048818465566,-5.805077242983002,0,False
EFF_MID__RV_HIGH,360,240,71,0.29577464788732394,-403.45980080550135,-5.682532405711287,0.27201781476214437,439.37618879968574,13,46,-9.551656278254036,0.06962714301588716,25,1.4366555197673756,1.4382270044598506,-9.551656278254036,0,False
EFF_MID__RV_HIGH,360,360,71,0.4084507042253521,-433.95182858468564,-6.111997585699798,0.31475607932985034,452.36109481784814,10,46,-9.823049284126967,0.12750474684164442,25,0.7163375394061967,1.1552038325268692,-9.823049284126967,0,False
EFF_MID__RV_HIGH,360,480,71,0.43661971830985913,-405.20940149532277,-5.707174668948208,0.3433161097001603,421.67695295631233,7,46,-9.166890281658963,0.14536370448698097,25,0.6587020584395819,1.1331737162677609,-9.166890281658963,0,False
EFF_HIGH__RV_LOW,60,120,114,0.2543859649122807,-245.50385250341506,-2.1535425658194303,0.31560427901892507,245.503852503415,11,49,-2.593932051277723,0.3181706898521204,65,-1.82155664601241,0.31282766945755397,-2.593932051277723,0,False
EFF_HIGH__RV_LOW,60,240,114,0.34210526315789475,-236.14401233152196,-2.0714387046624734,0.5361371873265616,236.14401233152185,11,49,-2.445370122923034,0.510448878846719,65,-1.789551943204512,0.5599246187213129,-2.445370122923034,0,False
EFF_HIGH__RV_LOW,60,360,114,0.40350877192982454,-104.59535414189472,-0.9175031065078484,0.7798684446454687,104.59535414189473,11,49,-1.7265763439102597,0.6563524883172079,65,-0.3075863583121845,0.912678685690721,-1.7265763439102597,1,False
EFF_HIGH__RV_LOW,60,480,114,0.4473684210526316,-52.00811375801586,-0.45621152419312155,0.892683966570637,116.94375413971466,11,49,-0.679868753530414,0.8365603468041561,65,-0.2876083820773168,0.9334234660576448,-0.679868753530414,1,False
EFF_HIGH__RV_LOW,120,120,93,0.3010752688172043,-175.53358684760633,-1.8874579230925412,0.37294931344765314,175.53358684760622,8,41,-3.7794735014212915,0.1392842316994189,52,-0.39567640941025733,0.7940441290195795,-3.7794735014212915,0,False
EFF_HIGH__RV_LOW,120,240,93,0.3978494623655914,-17.09025937587524,-0.18376622984812088,0.9500047238083785,104.25463683658663,9,41,-1.9819865762770192,0.5867228682677581,52,1.234061350990049,1.4419184927604827,-1.9819865762770192,2,False
EFF_HIGH__RV_LOW,120,360,93,0.3978494623655914,25.591000669815877,0.27517205021307395,1.0809778085538273,76.07603418427226,9,41,-0.45546847802998575,0.8887073213421309,52,0.8512540051739479,1.2986227775112835,-0.45546847802998575,2,False
EFF_HIGH__RV_LOW,120,480,93,0.40860215053763443,-32.16283501316313,-0.34583693562541,0.9165787970101931,125.15374271106498,8,41,-0.16571674388228158,0.9513242799867517,52,-0.48785477911518477,0.8968606163658258,-0.48785477911518477,1,False
EFF_HIGH__RV_LOW,180,120,109,0.4036697247706422,-38.013799716369434,-0.34875045611348104,0.8355663548811759,92.27352563217987,12,43,-2.010462562793263,0.45017197186237073,66,0.7338801588445586,1.654989640017695,-2.010462562793263,1,False
EFF_HIGH__RV_LOW,180,240,109,0.48623853211009177,240.34760971955305,2.205023942381221,1.8204100693521528,62.23738638703655,10,43,0.18906087995951712,1.0485190371843456,66,3.5184544224438463,2.851742534217452,0.18906087995951712,4,False
EFF_HIGH__RV_LOW,180,360,109,0.5321100917431193,412.10142349914145,3.7807470045792795,2.7785628084453227,48.22011073659337,8,43,0.38525077715191075,1.111878536362927,66,5.992964243660747,5.7292864761711355,0.38525077715191075,4,False
EFF_HIGH__RV_LOW,180,480,109,0.4954128440366973,419.97154705435173,3.8529499729757037,2.5654268751296345,73.74180070398543,8,43,0.11967343158729209,1.0321758501755867,66,6.285236204486335,4.828677892415065,0.11967343158729209,4,False
EFF_HIGH__RV_LOW,240,120,122,0.4098360655737705,-14.563469366305863,-0.11937269972381856,0.9426859560487976,57.795338031875396,10,36,-0.7763310148328829,0.7528271227431814,86,0.15563310660090615,1.0949055234467402,-0.7763310148328829,1,False
EFF_HIGH__RV_LOW,240,240,122,0.48360655737704916,222.83010697024739,1.826476286641372,1.6152917214155171,53.29104392788573,9,36,0.7013430161308949,1.201551769480143,86,2.29746230685506,1.8340872608932663,0.7013430161308949,3,False
EFF_HIGH__RV_LOW,240,360,122,0.5327868852459017,391.5031664158133,3.209042347670601,2.373716078507971,58.5324016156917,9,36,0.937978634352537,1.2867049359455467,86,4.159720181152582,3.139329077186832,0.937978634352537,4,False
EFF_HIGH__RV_LOW,240,480,122,0.5409836065573771,440.2651268657365,3.6087305480798073,2.341225913028277,81.95694529318689,9,36,1.3013147925978146,1.4420085648200398,86,4.574625515490873,2.7700125028502565,1.3013147925978146,4,False
EFF_HIGH__RV_LOW,360,120,121,0.36363636363636365,-48.560778492508156,-0.4013287478719682,0.827414244836647,122.9804269037846,19,38,-2.1623279142350644,0.41834295006844957,83,0.4049118343183649,1.2398737416831207,-2.1623279142350644,1,False
EFF_HIGH__RV_LOW,360,240,121,0.38016528925619836,114.7639922662496,0.9484627460020628,1.2707894267739623,167.45669071137812,13,38,-1.7776914220650095,0.6401616801148879,83,2.1965815217436138,1.7722544262045943,-1.7776914220650095,2,False
EFF_HIGH__RV_LOW,360,360,121,0.4462809917355372,241.13814045652248,1.9928771938555576,1.6731987073516987,151.95505793878215,13,38,-1.7528756772545457,0.6269652234587356,83,3.7078001950866892,2.713162075190845,-1.7528756772545457,4,False
EFF_HIGH__RV_LOW,360,480,121,0.4380165289256198,196.0121347493359,1.619934997928396,1.40550763904896,180.81148118109496,8,38,-2.4187293826426757,0.5410251731293011,83,3.468962063732019,2.016966360884403,-2.4187293826426757,3,False
EFF_HIGH__RV_MID,60,120,73,0.3561643835616438,-0.4882522131400735,-0.0066883864813708695,0.9973092250073096,94.98958691342884,11,39,-1.047637072472637,0.638298489528016,34,1.1873409886262585,1.58938873845454,-1.047637072472637,2,False
EFF_HIGH__RV_MID,60,240,73,0.5205479452054794,37.843191952840634,0.5183998897649402,1.164620371292214,124.86500510429953,5,39,-1.6403438892075544,0.6085745057438912,34,2.994605989174566,2.532353845586182,-1.6403438892075544,2,False
EFF_HIGH__RV_MID,60,360,73,0.4931506849315068,41.45483335200424,0.5678744294795102,1.1560404338875703,116.94002451987834,7,39,-1.8518345040339608,0.586516236074885,34,3.34342291203908,2.2491734708286644,-1.8518345040339608,2,False
EFF_HIGH__RV_MID,60,480,73,0.4931506849315068,-21.131645358193712,-0.28947459394785907,0.9376535975079822,159.64479791606107,5,39,-2.728101560360955,0.5263034554660482,34,2.5077739851730447,1.745764362514084,-2.728101560360955,2,False
EFF_HIGH__RV_MID,120,120,111,0.40540540540540543,-94.54044378734244,-0.8517157097958779,0.7141320375113973,183.2834071568985,6,52,-1.568398998920917,0.47518350318803887,59,-0.22006264141448767,0.9259399854866638,-1.568398998920917,0,False
EFF_HIGH__RV_MID,120,240,111,0.5225225225225225,99.34511835262965,0.8950010662399068,1.281585447939564,117.1856298088679,8,52,-1.954005491349609,0.539229046364211,59,3.4059898966577857,2.5190564927113903,-1.954005491349609,4,False
EFF_HIGH__RV_MID,120,360,111,0.5945945945945946,234.44207254252652,2.112090743626365,1.6732148868026309,92.48325380543868,7,52,-1.7041637301215171,0.6287990104209987,59,5.475569262861788,3.9499468329732337,-1.7041637301215171,4,False
EFF_HIGH__RV_MID,120,480,111,0.5675675675675675,108.72831610827464,0.9795343793538256,1.2312103961323535,200.38778628801893,7,52,-3.505764733773067,0.470755566398629,59,4.932679360414816,3.313342198904309,-3.505764733773067,4,False
EFF_HIGH__RV_MID,180,120,110,0.41818181818181815,-18.71866232068999,-0.17016965746081808,0.9382724724530513,117.23086100211,9,51,-1.5557828951049146,0.41366679498507036,59,1.0275638191467908,1.3610368815079898,-1.5557828951049146,1,False
EFF_HIGH__RV_MID,180,240,110,0.6181818181818182,286.9444499025548,2.6085859082050438,1.9429102033007124,123.97752771603814,8,51,-2.0533848252544082,0.5279861934913828,59,6.638425016788639,5.750104301028118,-2.0533848252544082,4,False
EFF_HIGH__RV_MID,180,360,110,0.6272727272727273,358.01383761115056,3.2546712510104596,1.9594564485802048,137.8588190771928,5,51,-1.7164606759687746,0.6424913417611849,59,7.551751391280643,4.473218135886363,-1.7164606759687746,4,False
EFF_HIGH__RV_MID,180,480,110,0.6363636363636364,336.9571236411187,3.0632465785556247,1.7895280210427296,179.40504800159368,7,51,-3.2020620298135585,0.4817816021040055,59,8.479021816298479,5.4804323898759915,-3.2020620298135585,4,False
EFF_HIGH__RV_MID,240,120,90,0.4444444444444444,4.087448107113357,0.0454160900790373,1.0170146226408214,107.0005051754462,10,40,-1.6469528902421686,0.28769817477549836,50,1.3993112743360019,1.473555417721393,-1.6469528902421686,3,False
EFF_HIGH__RV_MID,240,240,90,0.6333333333333333,143.12621820573355,1.5902913133970396,1.4301859596249995,131.7456424990017,7,40,-3.176150756969446,0.37234752757894346,50,5.403444969690228,3.0735717422734776,-3.176150756969446,3,False
EFF_HIGH__RV_MID,240,360,90,0.6333333333333333,236.28605182241884,2.6254005758046537,1.658177170523558,158.8518055825934,7,40,-2.853397644960029,0.47996745194797463,50,7.0084391524164,3.511584024145223,-2.853397644960029,3,False
EFF_HIGH__RV_MID,240,480,90,0.6,137.38217583606013,1.526468620400668,1.3152082458512646,180.00013859223316,7,40,-4.264933178629446,0.36544156605545386,50,6.15959005962476,2.844170994393684,-4.264933178629446,3,False
EFF_HIGH__RV_MID,360,120,83,0.46987951807228917,7.048100961221266,0.08491687905085862,1.0337274861939123,91.45025420004964,10,30,-1.1637426688636334,0.47146847290273786,53,0.791705302398684,1.2936001107705908,-1.1637426688636334,1,False
EFF_HIGH__RV_MID,360,240,83,0.6265060240963856,121.8404762696676,1.467957545417682,1.4375846940491461,108.64866126562325,4,30,-3.6216220421874414,0.33038352992695097,53,4.348851651609262,2.983836173754009,-3.6216220421874414,4,False
EFF_HIGH__RV_MID,360,360,83,0.6867469879518072,207.01078944474602,2.494105896924651,1.669639834695554,136.17515242465282,5,30,-3.8604571773750775,0.39044721239317387,53,6.091028391811289,3.7096308199480026,-3.8604571773750775,4,False
EFF_HIGH__RV_MID,360,480,83,0.6626506024096386,160.6594279626363,1.9356557585859795,1.4675418323955869,154.3187923429756,7,30,-5.143959744765853,0.3212167347401445,53,5.94298528878513,3.708800627616713,-5.143959744765853,4,False
EFF_HIGH__RV_HIGH,60,120,102,0.43137254901960786,-1.4331780552887126,-0.014050765247928554,0.9959170535954042,142.30938817169044,9,46,-2.674553347092696,0.37517831308517086,56,2.1713620698388447,1.7890106423695482,-2.674553347092696,2,False
EFF_HIGH__RV_HIGH,60,240,102,0.4411764705882353,-198.99084179857797,-1.9508906058684115,0.653518175741685,344.8069384133288,9,46,-7.144979116112898,0.12570608526956364,56,2.315682098975274,1.6536424953920872,-7.144979116112898,0,False
EFF_HIGH__RV_HIGH,60,360,102,0.47058823529411764,-116.76378131127527,-1.1447429540321103,0.8002665841116824,318.8865660693429,9,46,-6.252365500010598,0.19432783161138423,56,3.0508041373073618,1.7505772805910638,-6.252365500010598,2,False
EFF_HIGH__RV_HIGH,60,480,102,0.4215686274509804,-260.06302930655846,-2.5496375422211615,0.6284733038078616,386.0146066405359,11,46,-6.389940343777605,0.2674951237984637,56,0.6048969019144893,1.1134025084166814,-6.389940343777605,1,False
EFF_HIGH__RV_HIGH,120,120,93,0.43010752688172044,-28.304223926114055,-0.3043464938291834,0.9255139973472916,156.384865115531,9,31,-4.276088674052803,0.2684910936255819,62,1.6815245962826266,1.5244689955216586,-4.276088674052803,2,False
EFF_HIGH__RV_HIGH,120,240,93,0.3870967741935484,-386.3063113440526,-4.153831304774759,0.41204869045852843,402.44421041618807,18,31,-7.708625312678893,0.14748781382065365,62,-2.376434300822692,0.6088986920010494,-7.708625312678893,0,False
EFF_HIGH__RV_HIGH,120,360,93,0.40860215053763443,-400.4667621150502,-4.306094216290862,0.43340554117377905,431.74451518390555,12,31,-9.363315216084187,0.12843146298396632,62,-1.7774837163942003,0.7051486440799188,-9.363315216084187,0,False
EFF_HIGH__RV_HIGH,120,480,93,0.3870967741935484,-304.1950341205147,-3.2709143453818785,0.5544798097554066,396.27238494728067,12,31,-5.287887306165748,0.41682320708123927,62,-2.2624278649899443,0.6508054188320812,-5.287887306165748,0,False
EFF_HIGH__RV_HIGH,180,120,78,0.3717948717948718,-56.367308575038635,-0.722657802244085,0.8268089403491898,104.37285986333502,12,20,-4.112964685125059,0.22583514638227137,58,0.44641353668038863,1.118116259551244,-4.112964685125059,1,False
EFF_HIGH__RV_HIGH,180,240,78,0.2948717948717949,-474.32702094657833,-6.081115653161261,0.19360684801463346,490.4649200187138,17,20,-8.06359491943728,0.09096396762244165,58,-5.397502113066082,0.23793480766218517,-8.06359491943728,0,False
EFF_HIGH__RV_HIGH,180,360,78,0.3974358974358974,-358.32680808352376,-4.593933436968253,0.32687148398910576,389.60456115237923,8,20,-7.599183876196077,0.17135871973453654,58,-3.5576401820621073,0.4086188697459403,-7.599183876196077,0,False
EFF_HIGH__RV_HIGH,180,480,78,0.3333333333333333,-353.2422604444606,-4.528746928775136,0.350836104674528,445.3196112712266,16,20,-3.7622100019366016,0.5518846803397339,58,-4.793070006995321,0.26110918920512194,-4.793070006995321,0,False
EFF_HIGH__RV_HIGH,240,120,85,0.4470588235294118,28.98189514856412,0.34096347233604846,1.100363715330116,113.22883617228882,9,31,-2.175357031982184,0.4605552606692854,54,1.785517835926145,1.588781407153636,-2.175357031982184,3,False
EFF_HIGH__RV_HIGH,240,240,85,0.38823529411764707,-405.7850408455234,-4.773941657006158,0.29273498303445644,448.78854914849694,11,31,-3.887587215471478,0.3757387712518536,54,-5.282774762331623,0.2506422896441048,-5.282774762331623,0,False
EFF_HIGH__RV_HIGH,240,360,85,0.5058823529411764,-181.44518242771676,-2.1346492050319616,0.6117605429178329,263.18532116524807,7,31,-2.0671397295655516,0.6680111410504013,54,-2.1734046446515674,0.5721819935911532,-2.1734046446515674,1,False
EFF_HIGH__RV_HIGH,240,480,85,0.49411764705882355,-104.32147188872484,-1.2273114339849982,0.7582683010022179,252.76957600835993,10,31,1.1219443532662112,1.2186205123452862,54,-2.5759582748143965,0.4894771879377467,-2.5759582748143965,2,False
EFF_HIGH__RV_HIGH,360,120,83,0.37349397590361444,-137.93170505596976,-1.6618277717586718,0.6930559545944953,226.0960142222825,16,34,-4.235176965710368,0.32190387113425717,49,0.12376146486087147,1.025585929825897,-4.235176965710368,1,False
EFF_HIGH__RV_HIGH,360,240,83,0.3493975903614458,-340.9162566046123,-4.107424778368823,0.46549069650279523,385.38343165647075,13,34,1.0036652559746408,1.1859868916806389,49,-7.653895414443881,0.17452428250462723,-7.653895414443881,0,False
EFF_HIGH__RV_HIGH,360,360,83,0.4578313253012048,-128.20881027101606,-1.544684461096579,0.7576842302022087,267.13047371174923,7,34,3.6444623725558203,1.853207385221147,49,-5.145316957916611,0.34320966848225004,-5.145316957916611,1,False
EFF_HIGH__RV_HIGH,360,480,83,0.39759036144578314,-49.53836140184798,-0.5968477277331082,0.9196742883705704,344.623172082084,13,34,7.269758600888889,2.4700699701518976,49,-6.055309261878984,0.3385606256035637,-6.055309261878984,2,False
EFF_LOW__RANGE_LOW,60,120,166,0.3313253012048193,-310.6499547886469,-1.8713852698111257,0.4359716494069356,310.64995478864677,16,55,-2.803268322887431,0.24066823178951008,111,-1.409641414683227,0.5500154339634816,-2.803268322887431,0,False
EFF_LOW__RANGE_LOW,60,240,166,0.35542168674698793,-124.05482308128418,-0.7473182113330372,0.8173939295112784,184.00286042314258,13,55,-2.6925341399998386,0.4673155363654859,111,0.21652751908745035,1.059884009514828,-2.6925341399998386,2,False
EFF_LOW__RANGE_LOW,60,360,166,0.40963855421686746,-42.14178253966464,-0.25386615987749783,0.9381422411908381,201.70244257424002,7,55,-2.9059257168555117,0.45126158711579156,111,1.0602174043908879,1.3017476213227532,-2.9059257168555117,2,False
EFF_LOW__RANGE_LOW,60,480,166,0.40963855421686746,4.755433859018291,0.028647191921796936,1.0060667840523272,175.65901596630388,10,55,-2.2745459781414628,0.5499662437581236,111,1.1698690329441321,1.2566981386183274,-2.2745459781414628,2,False
EFF_LOW__RANGE_LOW,120,120,157,0.34394904458598724,-283.42439845283127,-1.8052509455594348,0.4098047621167158,289.26517622322774,12,45,-2.272042050515601,0.3136213480238451,112,-1.6177009480324038,0.4530553869882583,-2.272042050515601,0,False
EFF_LOW__RANGE_LOW,120,240,157,0.35668789808917195,-316.4872261916206,-2.0158422050421696,0.511406460729541,322.9952300993329,10,45,-2.53322539577415,0.43013300430105056,112,-1.8079650301944987,0.5477194061413976,-2.53322539577415,0,False
EFF_LOW__RANGE_LOW,120,360,157,0.445859872611465,-212.15050152827166,-1.3512770797979086,0.6797335554019597,276.90010409956716,8,45,-2.2745382334229975,0.4959983604434621,112,-0.9803239377163997,0.7609672126447068,-2.2745382334229975,0,False
EFF_LOW__RANGE_LOW,120,480,157,0.445859872611465,-231.97929351710587,-1.4775751179433496,0.7178256196816004,333.9836239242654,11,45,-1.348165912958615,0.6802860734617664,112,-1.5295698878032873,0.729090341248979,-1.5295698878032873,1,False
EFF_LOW__RANGE_LOW,180,120,140,0.36428571428571427,-256.8525031962271,-1.8346607371159076,0.4336546080703745,259.61944954617843,17,41,-3.1256377317022443,0.23019256087806825,99,-1.3000136989538897,0.5516484530036221,-3.1256377317022443,0,False
EFF_LOW__RANGE_LOW,180,240,140,0.32142857142857145,-336.85426179020493,-2.406101869930035,0.47900974097360416,351.0573927441921,17,41,-4.309608433278164,0.331085869575961,99,-1.6177809699575783,0.5811871043477046,-4.309608433278164,0,False
EFF_LOW__RANGE_LOW,180,360,140,0.37142857142857144,-258.28148165321204,-1.8448677260943718,0.5953071277232979,307.9252181750185,9,41,-4.503051971055348,0.3388835607714841,99,-0.7440035438378061,0.7948024621511198,-4.503051971055348,0,False
EFF_LOW__RANGE_LOW,180,480,140,0.37857142857142856,-310.32587615167887,-2.2166134010834204,0.6214545710415146,380.3939135647902,24,41,-3.484061353930609,0.4659013828629709,99,-1.6917107135406446,0.6967775062016771,-3.484061353930609,0,False
EFF_LOW__RANGE_LOW,240,120,161,0.35403726708074534,-281.02480450057385,-1.7454956801277879,0.378855409793637,283.27208647046285,18,43,-3.0612102313736798,0.14769552391998408,118,-1.2660403775551323,0.49866192563549466,-3.0612102313736798,0,False
EFF_LOW__RANGE_LOW,240,240,161,0.30434782608695654,-339.36567980288123,-2.107861365235287,0.4611291108009485,353.2536293378651,21,43,-5.18547198469402,0.17305285301327036,118,-0.9863591903477823,0.6768146488519478,-5.18547198469402,0,False
EFF_LOW__RANGE_LOW,240,360,161,0.32298136645962733,-402.28853927605076,-2.4986865793543527,0.4551270558080825,460.5868699338456,11,43,-4.769721686454037,0.2718819316081296,118,-1.6711059894790434,0.5681649378910284,-4.769721686454037,0,False
EFF_LOW__RANGE_LOW,240,480,161,0.36645962732919257,-410.24473984496854,-2.548103974192351,0.5606692962357049,487.13392135758187,14,43,-3.0889216850684256,0.41970481084431577,118,-2.3510263337883583,0.6064418839145951,-3.0889216850684256,0,False
EFF_LOW__RANGE_LOW,360,120,151,0.2847682119205298,-301.7146548807448,-1.9981102972234752,0.33687823472188605,303.0099987423485,13,40,-2.2347653038384325,0.2694506289823242,111,-1.912829213758626,0.3616820210367333,-2.2347653038384325,0,False
EFF_LOW__RANGE_LOW,360,240,151,0.31788079470198677,-265.5761894091615,-1.7587827113189503,0.5485058252478536,309.8306817634701,19,40,-1.8447545884049095,0.5996732149949865,111,-1.7278018547113971,0.5251544387412634,-1.8447545884049095,0,False
EFF_LOW__RANGE_LOW,360,360,151,0.36423841059602646,-118.13697173971426,-0.7823640512563858,0.7879402737868464,257.88340462199164,11,40,-1.6254141523290166,0.6612189794828517,111,-0.4785622130320147,0.8545362461368126,-1.6254141523290166,1,False
EFF_LOW__RANGE_LOW,360,480,151,0.3708609271523179,-251.61953010643472,-1.666354504016124,0.6702294105702764,372.5699162152539,18,40,-1.3937447373784648,0.6956484995504625,111,-1.764592257759425,0.6621993106484849,-1.764592257759425,0,False
EFF_LOW__RANGE_MID,60,120,91,0.37362637362637363,-172.1445735803451,-1.8916986107730231,0.4483376278805176,174.9115199302963,14,40,-4.256441374387253,0.17280120241000388,51,-0.03699840401676429,0.9822361889889488,-4.256441374387253,0,False
EFF_LOW__RANGE_MID,60,240,91,0.4065934065934066,-246.62253659113088,-2.710137764737702,0.43440196282169,251.0457996873109,9,40,-5.488536334570402,0.2129861826772263,51,-0.5310016315355834,0.8276007274430408,-5.488536334570402,0,False
EFF_LOW__RANGE_MID,60,360,91,0.43956043956043955,-172.9510604092231,-1.9005611033980558,0.6418265560851468,204.31467664620573,6,40,-4.555178888980857,0.4128873080775077,51,0.18149206176492397,1.053650701484393,-4.555178888980857,0,False
EFF_LOW__RANGE_MID,60,480,91,0.5274725274725275,-143.50583976137355,-1.576987250124984,0.7428176256124329,188.50838241021324,7,40,-4.045677549662689,0.5087475982622124,51,0.35924043578694076,1.0801542390082917,-4.045677549662689,0,False
EFF_LOW__RANGE_MID,120,120,70,0.22857142857142856,-231.7834544785324,-3.311192206836177,0.24039302536009252,234.50927379564513,11,33,-4.171356145651651,0.1715750017350101,37,-2.5440189641088624,0.3226767811406877,-4.171356145651651,0,False
EFF_LOW__RANGE_MID,120,240,70,0.24285714285714285,-332.1155494605064,-4.744507849435806,0.1996072263591103,332.1155494605064,14,33,-5.197380943729929,0.17106054491386902,37,-4.3405940085788846,0.2279993629151095,-5.197380943729929,0,False
EFF_LOW__RANGE_MID,120,360,70,0.2571428571428571,-233.10973263123373,-3.330139037589053,0.39546605056689565,246.7218098874434,15,33,-3.5072280892642045,0.41057763966701954,37,-3.1721947482571617,0.3797862215027174,-3.5072280892642045,0,False
EFF_LOW__RANGE_MID,120,480,70,0.32857142857142857,-273.0440580505099,-3.9006294007215696,0.40498299200064736,296.6738581200802,12,33,-4.06478134906406,0.4283886529376387,37,-3.7542236089566465,0.3804867222756896,-4.06478134906406,0,False
EFF_LOW__RANGE_MID,180,120,87,0.2413793103448276,-255.77462072580502,-2.9399381692621267,0.218672959949646,255.77462072580502,11,52,-3.4390854605360435,0.1702161452955028,35,-2.1983479079408808,0.31204782224291056,-3.4390854605360435,0,False
EFF_LOW__RANGE_MID,180,240,87,0.22988505747126436,-316.3285305578747,-3.635960121354882,0.22961323588407684,319.90983444378963,14,52,-4.111083040292964,0.1953220172848146,35,-2.9300632132183018,0.2924657729275523,-4.111083040292964,0,False
EFF_LOW__RANGE_MID,180,360,87,0.3563218390804598,-189.42200605834094,-2.1772644374521946,0.44585645055863377,189.4220060583409,13,52,-2.04696875920926,0.4938552140584233,35,-2.3708465879845537,0.36911126987973253,-2.3708465879845537,0,False
EFF_LOW__RANGE_MID,180,480,87,0.39080459770114945,-287.6403588694384,-3.3062110214877976,0.406616322868084,293.08425963082175,10,52,-2.463525298293594,0.5563005045978253,35,-4.558201238804901,0.1861584154841861,-4.558201238804901,0,False
EFF_LOW__RANGE_MID,240,120,84,0.2261904761904762,-282.4499512758492,-3.3624994199505855,0.19576705660015323,294.52682927615905,14,54,-3.6270835841040077,0.15991880271448972,30,-2.886247924474427,0.2665626460842384,-3.6270835841040077,0,False
EFF_LOW__RANGE_MID,240,240,84,0.2619047619047619,-361.24274211093376,-4.300508834653973,0.1895224334448396,365.45460185698784,13,54,-4.042211542583082,0.17564410247310386,30,-4.765443960381577,0.20983334275651852,-4.765443960381577,0,False
EFF_LOW__RANGE_MID,240,360,84,0.39285714285714285,-200.51920940954838,-2.3871334453517665,0.4875462168189084,200.51920940954838,11,54,-1.4297402761866378,0.6440106701935665,30,-4.110441149848998,0.29298977004773435,-4.110441149848998,0,False
EFF_LOW__RANGE_MID,240,480,84,0.38095238095238093,-281.04276060103825,-3.34574715001236,0.47079433157476475,281.0427606010383,11,54,-2.2530189686061814,0.6233144153704552,30,-5.31265787654348,0.2340544420688519,-5.31265787654348,0,False
EFF_LOW__RANGE_MID,360,120,94,0.35106382978723405,-144.88531157475617,-1.5413331018591083,0.4359887372760594,146.9425986761265,12,51,-2.2679542795803083,0.2603998119699631,43,-0.6795265887479174,0.7092406978881703,-2.2679542795803083,0,False
EFF_LOW__RANGE_MID,360,240,94,0.425531914893617,-106.48881498515308,-1.1328597338846074,0.645521539705635,138.60852343356228,6,51,-2.146921736281412,0.4606696604117768,43,0.06986496663253335,1.0308460176553726,-2.146921736281412,1,False
EFF_LOW__RANGE_MID,360,360,94,0.4787234042553192,-8.418053049666833,-0.0895537558475195,0.9712724212785474,107.16017134293632,9,51,0.3150224682642624,1.0998178519998885,43,-0.5693999751428889,0.814620008340964,-0.5693999751428889,2,False
EFF_LOW__RANGE_MID,360,480,94,0.5319148936170213,90.13188976379334,0.9588498911041845,1.2538721862379616,135.96521331651076,9,51,0.7732389715823171,1.1927381271953759,43,1.178993074723143,1.3370262622719018,0.7732389715823171,3,False
EFF_LOW__RANGE_HIGH,60,120,35,0.42857142857142855,-55.29789773434778,-1.5799399352670793,0.628334293777028,64.99529307181267,9,19,-2.032882568958277,0.576457534569752,16,-1.0420705577587834,0.7104827058472106,-2.032882568958277,0,False
EFF_LOW__RANGE_HIGH,60,240,35,0.37142857142857144,-138.0441340985867,-3.9441181171024775,0.39209410570853676,138.29923498558819,5,19,-3.5695914501668575,0.49640019991088524,16,-4.388868534088527,0.24007663996261208,-4.388868534088527,0,False
EFF_LOW__RANGE_HIGH,60,360,35,0.34285714285714286,-174.52440380646388,-4.986411537327539,0.4125584153899475,176.39604195339288,11,19,-5.053135617704473,0.5089952658638132,16,-4.90717669187993,0.22687679125054683,-5.053135617704473,0,False
EFF_LOW__RANGE_HIGH,60,480,35,0.42857142857142855,-163.94207671382935,-4.684059334680839,0.472287749234142,165.7901336507098,5,19,-4.961003177527556,0.5352813361603148,16,-4.355188521300363,0.35380137242121024,-4.961003177527556,0,False
EFF_LOW__RANGE_HIGH,120,120,62,0.3387096774193548,-258.38426447248435,-4.167488136652973,0.28716048335138605,288.6298830516088,10,44,-3.5581774322754285,0.3434781932087505,18,-5.656914302909197,0.17885689296469565,-5.656914302909197,0,False
EFF_LOW__RANGE_HIGH,120,240,62,0.2903225806451613,-332.35675381035884,-5.360592803392884,0.26446321091927133,346.1380585650949,13,44,-5.859225093746659,0.2847499361888335,18,-4.141713871416989,0.18447385644197584,-5.859225093746659,0,False
EFF_LOW__RANGE_HIGH,120,360,62,0.3709677419354839,-337.6123164279708,-5.445359942386626,0.34783310267486267,365.5484808358823,12,44,-5.177298894108133,0.39013752556969933,18,-6.1006202826229465,0.23821104483281486,-6.1006202826229465,0,False
EFF_LOW__RANGE_HIGH,120,480,62,0.3870967741935484,-451.2066788351853,-7.27752707798686,0.3270850130592053,484.35640541011617,17,44,-6.997106558557866,0.31951755853792846,18,-7.962999458813288,0.3427836952756342,-7.962999458813288,0,False
EFF_LOW__RANGE_HIGH,180,120,65,0.2923076923076923,-334.3887457349699,-5.14444224207646,0.26651501648939824,334.3887457349701,14,39,-7.10819473713204,0.12510928957167342,26,-2.1988134994930926,0.5887951785624804,-7.10819473713204,0,False
EFF_LOW__RANGE_HIGH,180,240,65,0.35384615384615387,-263.82039915054827,-4.058775371546896,0.4860462472136095,263.82039915054816,12,39,-6.044648833852394,0.39614189779717074,26,-1.0799651780886506,0.7715727126679256,-6.044648833852394,0,False
EFF_LOW__RANGE_HIGH,180,360,65,0.3230769230769231,-363.1072188966686,-5.586264906102594,0.4544718239555208,363.10721889666877,11,39,-6.7435913892810735,0.4141352687254557,26,-3.850275181334877,0.5380327716127734,-6.7435913892810735,0,False
EFF_LOW__RANGE_HIGH,180,480,65,0.35384615384615387,-376.87565357523135,-5.798086978080482,0.5204697711886618,376.87565357523124,12,39,-7.66561378873128,0.4295352265908292,26,-2.9967967621042866,0.7024543461308647,-7.66561378873128,0,False
EFF_LOW__RANGE_HIGH,240,120,59,0.4067796610169492,-118.78204111803178,-2.0132549342039288,0.559041433312402,118.78204111803178,6,33,-2.5187202302627907,0.44459447565180094,26,-1.3717028276676806,0.7021024878209885,-2.5187202302627907,0,False
EFF_LOW__RANGE_HIGH,240,240,59,0.423728813559322,-142.54088040403053,-2.415947125492043,0.6034706450682433,218.9971862481833,7,33,-5.023276797543724,0.4201999630806214,26,0.8933559198043219,1.3157357107158505,-5.023276797543724,1,False
EFF_LOW__RANGE_HIGH,240,360,59,0.4067796610169492,-172.55906959946114,-2.924729993211206,0.6034439195730961,219.27542654575572,11,33,-4.793025500120662,0.4735742325413858,26,-0.5534318498261259,0.8931632558956811,-4.793025500120662,1,False
EFF_LOW__RANGE_HIGH,240,480,59,0.4067796610169492,-162.5068575619602,-2.7543535179993253,0.6798978741802705,261.82253863031855,12,33,-7.770632374728008,0.3272139062816576,26,3.612461954002463,1.742340194584082,-7.770632374728008,1,False
EFF_LOW__RANGE_HIGH,360,120,60,0.4166666666666667,-168.84951786141664,-2.8141586310236106,0.4279503221547797,168.84951786141667,10,42,-2.750721149075188,0.40134201375724493,18,-2.9621794222365967,0.47820224480761986,-2.9621794222365967,0,False
EFF_LOW__RANGE_HIGH,360,240,60,0.38333333333333336,-272.30094108031574,-4.538349018005262,0.31479864812387076,292.27642385012217,15,42,-6.948833063378466,0.17356595876728242,18,1.086113754532206,1.4417303088669533,-6.948833063378466,0,False
EFF_LOW__RANGE_HIGH,360,360,60,0.3333333333333333,-404.06242993787424,-6.734373832297904,0.27791875722424675,404.0624299378741,15,42,-8.968881601632196,0.1765414341351765,18,-1.5205223705178892,0.7320087551581782,-8.968881601632196,0,False
EFF_LOW__RANGE_HIGH,360,480,60,0.35,-508.7893724672748,-8.47982287445458,0.2223892658348336,524.8969915749326,18,42,-12.123842497995058,0.055984157851415195,18,0.02288958047320576,1.0035858633388501,-12.123842497995058,0,False
EFF_MID__RANGE_LOW,60,120,127,0.4015748031496063,-154.39334603644178,-1.2156956380822188,0.5086918187565663,181.72947808913688,12,47,-2.3804324030520156,0.30808845072306085,80,-0.531412788662463,0.7213212054245675,-2.3804324030520156,0,False
EFF_MID__RANGE_LOW,60,240,127,0.4409448818897638,-80.14166974508065,-0.6310367696463043,0.7981609529281962,124.74232097424876,12,47,-0.8515263894921901,0.7822292759037428,80,-0.5014991179868465,0.8118890954493017,-0.8515263894921901,2,False
EFF_MID__RANGE_LOW,60,360,127,0.48031496062992124,0.08000881949743022,0.000629990704704175,1.0001919970066813,68.66550392104385,7,47,0.31577542952489984,1.0797058111596491,80,-0.1845179546021606,0.9359635893132834,-0.1845179546021606,2,False
EFF_MID__RANGE_LOW,60,480,127,0.4566929133858268,-151.81804699470726,-1.1954176928717106,0.7507603152393542,186.70265091410138,5,47,-0.7993218076562271,0.8430130360157998,80,-1.4281240254358074,0.691063966879818,-1.4281240254358074,1,False
EFF_MID__RANGE_LOW,120,120,124,0.3790322580645161,-150.05159780146158,-1.2100935306569482,0.5486695960058822,152.81854415141274,14,37,-2.6159799793026566,0.29132662296824996,87,-0.6121877996237158,0.728102883759444,-2.6159799793026566,0,False
EFF_MID__RANGE_LOW,120,240,124,0.4032258064516129,-38.96610059668283,-0.3142427467474422,0.9133827483403505,116.65134220862534,14,37,-0.7877036298143185,0.7978970753986466,87,-0.1128858194661271,0.9678689418045846,-0.7877036298143185,1,False
EFF_MID__RANGE_LOW,120,360,124,0.4435483870967742,52.93448680407729,0.4268910226135265,1.1170382587031131,101.9518455050206,9,37,-0.810152773665242,0.8307376546441348,87,0.9529901083872558,1.301285662365383,-0.810152773665242,1,False
EFF_MID__RANGE_LOW,120,480,124,0.41935483870967744,86.34621162875627,0.6963404163609376,1.1517609743074997,136.54725641196384,9,37,-0.8309862867797019,0.8340779338004771,87,1.3458931521793704,1.3052030733703543,-0.8309862867797019,3,False
EFF_MID__RANGE_LOW,180,120,138,0.34057971014492755,-189.1729748980236,-1.3708186586813305,0.49707611614434094,189.17297489802368,15,40,-1.2783950183647437,0.5857340594536703,98,-1.4085425935044267,0.45377067829040074,-1.4085425935044267,0,False
EFF_MID__RANGE_LOW,180,240,138,0.39855072463768115,-120.82762819888683,-0.8755625231803393,0.7403075362686093,124.12167172657317,12,40,-0.31095132686703475,0.9153803278129721,98,-1.1060160726959738,0.6594566917662457,-1.1060160726959738,1,False
EFF_MID__RANGE_LOW,180,360,138,0.43478260869565216,-126.87758114252841,-0.9194027619023798,0.7696092275267212,255.18986281817013,13,40,1.2409375817901427,1.3216204097154165,98,-1.8011743307564707,0.55467129385773,-1.8011743307564707,0,False
EFF_MID__RANGE_LOW,180,480,138,0.43478260869565216,-150.19097438783933,-1.0883403941147778,0.7855638855989592,339.7608874871586,9,40,1.2467540040874554,1.3266169925796398,98,-2.0414401484830367,0.6347334069851228,-2.0414401484830367,1,False
EFF_MID__RANGE_LOW,240,120,127,0.2755905511811024,-204.27685048872945,-1.608479137706531,0.4543122190695573,208.002258604894,25,40,-2.332503292140186,0.39883723914495056,87,-1.275594469001403,0.4935992996578915,-2.332503292140186,0,False
EFF_MID__RANGE_LOW,240,240,127,0.4015748031496063,-51.42849928540439,-0.4049488132709007,0.8635908667596401,119.32181580823527,19,40,0.14976055231527682,1.0404393102527607,87,-0.659987602046155,0.7491340732432827,-0.659987602046155,1,False
EFF_MID__RANGE_LOW,240,360,127,0.4566929133858268,2.9249307395220887,0.023030950704898336,1.0073545192928726,120.2829297370686,14,40,0.37496783022365443,1.0982440799794984,87,-0.1387791088439548,0.9507267700965248,-0.1387791088439548,2,False
EFF_MID__RANGE_LOW,240,480,127,0.4015748031496063,-132.99575596895744,-1.0472106769209246,0.7611013745053136,241.3692270335759,16,40,-0.49344393252864654,0.8931360264391787,87,-1.3018160766415126,0.695546209844111,-1.3018160766415126,0,False
EFF_MID__RANGE_LOW,360,120,127,0.33858267716535434,-182.6264307030911,-1.438003391362922,0.49454095031357403,182.62643070309116,17,40,-2.7706010378582584,0.2675486657930099,87,-0.8253148182616179,0.6580877552336692,-2.7706010378582584,0,False
EFF_MID__RANGE_LOW,360,240,127,0.4330708661417323,-123.00184699416069,-0.9685184802689818,0.7202028045546903,131.93047899391252,8,40,-1.6067661496656886,0.602672212522647,87,-0.6750712759486561,0.7886252836840234,-1.6067661496656886,0,False
EFF_MID__RANGE_LOW,360,360,127,0.4015748031496063,-142.96764445610805,-1.1257294839063625,0.7256914656360698,223.06169239340227,11,40,-0.40992170713311005,0.8899715572180963,87,-1.454836507710158,0.659910422315517,-1.454836507710158,1,False
EFF_MID__RANGE_LOW,360,480,127,0.4094488188976378,-197.47800840965778,-1.5549449481075415,0.6830422975220197,319.349783631636,11,40,0.49494532206193964,1.1548971776293406,87,-2.497423233242936,0.5612623951651569,-2.497423233242936,1,False
EFF_MID__RANGE_MID,60,120,91,0.3626373626373626,-174.7007336274532,-1.9197882816203646,0.44519450254588805,174.70073362745325,9,31,-2.228259010025995,0.4076411783320911,60,-1.7604117386107887,0.46728083993921077,-2.228259010025995,1,False
EFF_MID__RANGE_MID,60,240,91,0.4065934065934066,-169.62381072033804,-1.8639979200037147,0.5306636948673615,179.35064512312712,7,31,-1.438313914601296,0.5784002376038433,60,-2.0839346561282976,0.5109161098943172,-2.0839346561282976,1,False
EFF_MID__RANGE_MID,60,360,91,0.42857142857142855,-98.10000919257038,-1.078022079039235,0.7206923444891377,207.23371722776093,8,31,0.42133587335731154,1.1428761459721042,60,-1.8526903544441173,0.5721399705643754,-1.8526903544441173,2,False
EFF_MID__RANGE_MID,60,480,91,0.46153846153846156,-97.00698483945362,-1.0660108224115783,0.7873477048318804,195.8006415642966,9,31,-0.8757886974855658,0.8136935636036796,60,-1.1642922536233513,0.7749810763149566,-1.1642922536233513,2,False
EFF_MID__RANGE_MID,120,120,110,0.37272727272727274,27.874807690972872,0.2534073426452079,1.122793217270779,48.15270109260933,8,37,-0.3132552429512479,0.8707718216792055,73,0.5406198860297131,1.2874039236398538,-0.3132552429512479,3,False
EFF_MID__RANGE_MID,120,240,110,0.5,153.13461151856237,1.3921328319869306,1.5754847141081014,59.13928351207619,8,37,0.3639896080129961,1.1062565630682737,73,1.9132465208504315,2.002270863754701,0.3639896080129961,4,False
EFF_MID__RANGE_MID,120,360,110,0.5272727272727272,240.76918039464402,2.1888107308604003,1.7787961241186363,67.61792896817144,6,37,2.3279786745220763,1.778351836765651,73,2.1182735539359894,1.7790438239452457,2.1182735539359894,4,False
EFF_MID__RANGE_MID,120,480,110,0.5909090909090909,254.4530412559467,2.3132094659631517,1.7113130477766294,61.61362205258109,6,37,3.134117371694821,1.9185711551774363,73,1.8971328562087437,1.5982812813936065,1.8971328562087437,4,True
EFF_MID__RANGE_MID,180,120,96,0.28125,-217.7673957511641,-2.2684103724079594,0.2948666216009082,219.82468285253435,10,32,-1.9214337253777674,0.4455595755899175,64,-2.4418986959230544,0.2104374842730425,-2.4418986959230544,0,False
EFF_MID__RANGE_MID,180,240,96,0.3854166666666667,-222.17092951713886,-2.31428051580353,0.41831291418062616,222.3822603444168,9,32,-1.455015258381163,0.6269019464672396,64,-2.7439131445147122,0.3170844413278204,-2.7439131445147122,1,False
EFF_MID__RANGE_MID,180,360,96,0.40625,-131.33152046816124,-1.3680366715433463,0.6326016350585846,176.89062275990457,8,32,0.08783437512446846,1.0234606873208203,64,-2.0959721948772536,0.4355682058764022,-2.0959721948772536,1,False
EFF_MID__RANGE_MID,180,480,96,0.46875,-184.66967581383022,-1.9236424563940648,0.5975476646964498,230.93071146898254,7,32,0.4923678540315832,1.121538451573963,64,-3.1316476116068888,0.39122023464328787,-3.1316476116068888,1,False
EFF_MID__RANGE_MID,240,120,84,0.2976190476190476,-210.49840235884568,-2.5059333614148294,0.2847612056260138,227.72474807900704,10,37,-1.9149669971396361,0.43949813074042365,47,-2.9711622013761527,0.16825598706359324,-2.9711622013761527,0,False
EFF_MID__RANGE_MID,240,240,84,0.3333333333333333,-220.86867034241132,-2.6293889326477538,0.3800488168378526,221.10489605660314,13,37,-0.9068862143543441,0.7423598605855418,47,-3.9854017108787345,0.17128334127952227,-3.9854017108787345,0,False
EFF_MID__RANGE_MID,240,360,84,0.36904761904761907,-142.19981292173256,-1.6928549157349113,0.5813741574577197,155.70026033088948,11,37,-0.28237895884672626,0.9096845464684385,47,-2.8032296052000785,0.41181895992309975,-2.8032296052000785,1,False
EFF_MID__RANGE_MID,240,480,84,0.4642857142857143,-153.58217459026875,-1.828359221312723,0.6010748431299782,154.08297948085757,8,37,-0.981271943242859,0.752712172126779,47,-2.4952151636230426,0.5075968299681409,-2.4952151636230426,1,False
EFF_MID__RANGE_MID,360,120,98,0.35714285714285715,-129.82812970021442,-1.3247768336756574,0.5671288892780663,133.52044218123555,10,45,-1.8104468027776681,0.507080698208258,53,-0.912415539155083,0.6408412464670888,-1.8104468027776681,0,False
EFF_MID__RANGE_MID,360,240,98,0.3673469387755102,-192.64759450081945,-1.9657917806206067,0.5173162865641919,193.28073175249278,9,45,-2.5703454621861606,0.42313338406660705,53,-1.4524914849517407,0.6123980387739847,-2.5703454621861606,0,False
EFF_MID__RANGE_MID,360,360,98,0.4489795918367347,-99.95766482177328,-1.0199761716507478,0.7350547560302052,143.8516756421182,10,45,-1.7775007592590188,0.612212191043443,53,-0.37679491802108406,0.8832227453903403,-1.7775007592590188,1,False
EFF_MID__RANGE_MID,360,480,98,0.5,-128.20385521042343,-1.3082026041879942,0.7030320461273577,149.71435769103545,9,45,-1.9939034464205487,0.6190786096259687,53,-0.7260037758773339,0.8038431675429286,-1.9939034464205487,0,False
EFF_MID__RANGE_HIGH,60,120,80,0.3375,-205.68339584506086,-2.5710424480632605,0.5132244337738181,207.22757273915568,8,30,-6.165769911917137,0.11295438487861112,50,-0.41420596975093416,0.9032298727349375,-6.165769911917137,0,False
EFF_MID__RANGE_HIGH,60,240,80,0.3125,-255.1530877963844,-3.189413597454805,0.5431118640927378,255.15308779638445,15,30,-5.526544764375901,0.43705309662146025,50,-1.7871348973021468,0.661455015998217,-5.526544764375901,0,False
EFF_MID__RANGE_HIGH,60,360,80,0.45,-222.77417114897375,-2.784677139362172,0.6275952507259797,265.17890088502077,12,30,-5.989124796370281,0.4457428073221216,50,-0.8620085451573058,0.8427187381530625,-5.989124796370281,1,False
EFF_MID__RANGE_HIGH,60,480,80,0.4125,-192.9532323333668,-2.411915404167085,0.7067780735635234,257.4825356748054,13,30,-4.435571169767043,0.591217839042504,50,-1.197721944807111,0.8199045108675067,-4.435571169767043,1,False
EFF_MID__RANGE_HIGH,120,120,60,0.36666666666666664,-136.70718783135064,-2.2784531305225104,0.4881442152153049,155.004739931129,9,36,-4.0574871039044105,0.21749799816937185,24,0.3900978295503397,1.116430315631362,-4.0574871039044105,1,False
EFF_MID__RANGE_HIGH,120,240,60,0.36666666666666664,-256.829292586367,-4.280488209772783,0.3693336890524192,286.63243223090745,9,36,-6.041536486514856,0.32874936379746594,24,-1.6389157946596733,0.5273481960219695,-6.041536486514856,0,False
EFF_MID__RANGE_HIGH,120,360,60,0.35,-276.3388471498669,-4.605647452497782,0.41231877863832544,314.57020446057163,9,36,-6.8599527538467235,0.34403269248561175,24,-1.224189500474367,0.6865719372379592,-6.8599527538467235,1,False
EFF_MID__RANGE_HIGH,120,480,60,0.38333333333333336,-247.8497582909737,-4.130829304849562,0.5001411704778874,341.99406821044994,8,36,-6.726026062211273,0.3900259230458549,24,-0.23803416880699668,0.9422228712442817,-6.726026062211273,0,False
EFF_MID__RANGE_HIGH,180,120,57,0.5263157894736842,36.20166101153744,0.635116859851534,1.197412178203433,88.92574474405217,6,38,-1.9763848491084215,0.5032383492681614,19,5.858120277771446,4.457012490754239,-1.9763848491084215,2,False
EFF_MID__RANGE_HIGH,180,240,57,0.43859649122807015,-220.63505295514736,-3.8707904027218833,0.4287550015767177,255.2494539083223,7,38,-6.71709089232427,0.15197297987099662,19,1.8218105764828898,1.4060659521225058,-6.71709089232427,0,False
EFF_MID__RANGE_HIGH,180,360,57,0.43859649122807015,-248.71006424918647,-4.363334460512044,0.4790565454498586,323.09929803014944,8,38,-8.149194133740208,0.2014985326533958,19,3.2083848859442874,1.6802794645384098,-8.149194133740208,0,False
EFF_MID__RANGE_HIGH,180,480,57,0.5087719298245614,-184.8939602874666,-3.2437536892538,0.5636289428750885,278.67051069664257,8,38,-7.23503797714875,0.20301559298114663,19,4.7388148865361,2.1434278566713583,-7.23503797714875,0,False
EFF_MID__RANGE_HIGH,240,120,68,0.38235294117647056,-252.32817405409187,-3.7107084419719394,0.4268726404631422,286.6086528593689,11,42,-6.76079213469827,0.14922932912700618,26,1.2163498308936702,1.2969342288050831,-6.76079213469827,0,False
EFF_MID__RANGE_HIGH,240,240,68,0.36764705882352944,-272.39657587906765,-4.005831998221583,0.5070494887677294,345.36087172852035,9,42,-8.129151526025979,0.2246910611838665,26,2.6549149313085874,1.6151551329284044,-8.129151526025979,0,False
EFF_MID__RANGE_HIGH,240,360,68,0.3382352941176471,-437.6437547845744,-6.435937570361388,0.42028579557993856,469.607503574798,8,42,-10.806499263791434,0.2162699112362385,26,0.6242005497948366,1.0923104629458398,-10.806499263791434,0,False
EFF_MID__RANGE_HIGH,240,480,68,0.39705882352941174,-423.8636310803534,-6.233288692358138,0.47198696979605365,427.1616165558668,7,42,-8.492514819829031,0.35386548792098665,26,-2.5837695633666993,0.7320620241796391,-8.492514819829031,0,False
EFF_MID__RANGE_HIGH,360,120,63,0.3333333333333333,-223.50592259927038,-3.547713057131276,0.3739991377693799,246.02412750796597,9,36,-6.834003541887942,0.10597110481712213,27,0.8340075892109441,1.2751093168220073,-6.834003541887942,0,False
EFF_MID__RANGE_HIGH,360,240,63,0.31746031746031744,-363.3445884559658,-5.7673744199359644,0.30739636303757856,403.9206185026757,11,36,-11.14382725375388,0.05292895846848339,27,1.401229358487924,1.3745548699508134,-11.14382725375388,0,False
EFF_MID__RANGE_HIGH,360,360,63,0.3492063492063492,-452.3387750664453,-7.179980556610243,0.31857638760265883,453.7070125392057,10,36,-12.602972570533495,0.08778535418371246,27,0.050675461954094364,1.008220325614434,-12.602972570533495,0,False
EFF_MID__RANGE_HIGH,360,480,63,0.3968253968253968,-402.0844137146018,-6.382292281184156,0.3735314330625442,418.11514090320026,11,36,-11.614309469533342,0.09930598754814943,27,0.5937306366147576,1.090256728081399,-11.614309469533342,0,False
EFF_HIGH__RANGE_LOW,60,120,49,0.2653061224489796,-112.64801030818991,-2.298938985881427,0.18719446332978684,112.6480103081899,8,24,-2.0383646914229154,0.2715384544042969,25,-2.549090308561597,0.10790278724533252,-2.549090308561597,0,False
EFF_HIGH__RANGE_LOW,60,240,49,0.3673469387755102,-109.0667052871259,-2.2258511283086917,0.4494592310437763,124.06676693337619,8,24,-1.393261681046754,0.6833914899242892,25,-3.025136997680152,0.1823454754520565,-3.025136997680152,0,False
EFF_HIGH__RANGE_LOW,60,360,49,0.32653061224489793,-88.52510138037461,-1.8066347220484613,0.6010708015849114,90.27512404080413,10,24,-1.5511517704496651,0.6968102360546112,25,-2.051898355583305,0.4824721571778545,-2.051898355583305,0,False
EFF_HIGH__RANGE_LOW,60,480,49,0.40816326530612246,-64.02345864663663,-1.3066011968701352,0.6965723351785412,95.96422591486852,8,24,-0.14978043975926938,0.9626123790638789,25,-2.4171491236965665,0.4738607837464749,-2.4171491236965665,0,False
EFF_HIGH__RANGE_LOW,120,120,47,0.2978723404255319,-112.83472257263409,-2.400738778141151,0.22831220152240972,112.8347225726341,6,16,-2.8663426510067866,0.2637933218460638,31,-2.1604271018234047,0.20197555062835346,-2.8663426510067866,0,False
EFF_HIGH__RANGE_LOW,120,240,47,0.5106382978723404,63.54835862018321,1.3520927365996427,1.4885426079603985,40.667534013279855,6,16,2.213650087526386,1.7974998328276954,31,0.9074179748310007,1.3283692898519082,0.9074179748310007,2,False
EFF_HIGH__RANGE_LOW,120,360,47,0.48936170212765956,38.717213949847746,0.8237705095712287,1.2350821202660704,91.81728261826315,9,16,3.248006731842065,2.0932075863039312,31,-0.4274481857943646,0.886898466504812,-0.4274481857943646,2,False
EFF_HIGH__RANGE_LOW,120,480,47,0.425531914893617,-4.254669666052406,-0.09052488651175332,0.9815138848933631,132.40670519282688,9,16,2.4255767754835333,1.6876382809472805,31,-1.3891580023802885,0.7521023571676597,-1.3891580023802885,0,False
EFF_HIGH__RANGE_LOW,180,120,50,0.32,-47.96037773476937,-0.9592075546953873,0.5337367290925746,52.96258700583424,9,19,-1.97925679723048,0.3521486740426633,31,-0.3340160834642015,0.7689453702689223,-1.97925679723048,2,False
EFF_HIGH__RANGE_LOW,180,240,50,0.56,198.37749507198663,3.9675499014397326,2.9501468812693967,31.898474021544757,4,19,3.9708182905861475,3.106849555029499,31,3.9655466951887046,2.865014656369637,3.9655466951887046,3,False
EFF_HIGH__RANGE_LOW,180,360,50,0.62,227.52840651543312,4.550568130308663,3.7759409281378318,31.73989173944591,4,19,3.717285174137641,3.1341570429807515,31,5.061289942155418,4.2105495995817215,3.717285174137641,3,False
EFF_HIGH__RANGE_LOW,180,480,50,0.52,254.1266338091645,5.08253267618329,3.301006073050223,43.476486171864906,7,19,2.719914018411596,1.961269392658329,31,6.53058927288207,4.571713920336952,2.719914018411596,3,False
EFF_HIGH__RANGE_LOW,240,120,58,0.27586206896551724,-63.91614588219108,-1.102002515210191,0.49540737133272383,63.91614588219106,10,16,-1.3346959918230126,0.39861935206381804,42,-1.0133573812624495,0.5331104424700797,-1.3346959918230126,1,False
EFF_HIGH__RANGE_LOW,240,240,58,0.3793103448275862,-64.02880059815983,-1.1039448378993075,0.6963867774013808,74.61755587142275,9,16,0.6617972045789329,1.2267265609663442,42,-1.7766084731291132,0.5455320318381003,-1.7766084731291132,1,False
EFF_HIGH__RANGE_LOW,240,360,58,0.46551724137931033,-9.785548163007777,-0.16871634763806512,0.936708584645512,50.84193228879393,5,16,1.4104689625353228,1.5547784703660636,42,-0.7703107515136419,0.7160333664320442,-0.7703107515136419,1,False
EFF_HIGH__RANGE_LOW,240,480,58,0.43103448275862066,-2.835312142967281,-0.048884692120125535,0.9833802371413471,56.17081482892425,5,16,2.0796195821459595,2.277032736604799,42,-0.8597434632691096,0.7501838283297891,-0.8597434632691096,1,False
EFF_HIGH__RANGE_LOW,360,120,65,0.3230769230769231,-84.89729607760745,-1.3061122473478068,0.4296341402418468,99.44714296589105,10,18,-1.6393306002838264,0.4071961474309997,47,-1.1784967079255013,0.44090790982470823,-1.6393306002838264,0,False
EFF_HIGH__RANGE_LOW,360,240,65,0.35384615384615387,49.48355861146923,0.7612855170995266,1.2123281433549342,79.25467785690626,16,18,0.3552640900991137,1.0916270360937215,47,0.9167830848869186,1.2639256303217965,0.3552640900991137,3,False
EFF_HIGH__RANGE_LOW,360,360,65,0.5076923076923077,142.84284405048294,2.197582216161276,1.8326669070381685,62.101623082402114,6,18,1.149461898349774,1.470027288793052,47,2.598989997450787,1.957839595887546,1.149461898349774,4,False
EFF_HIGH__RANGE_LOW,360,480,65,0.46153846153846156,175.82756305071965,2.705039431549533,1.928613163744268,57.29597324324001,5,18,0.9277913879154733,1.3484680239009716,47,3.385687618473215,2.125214872593962,0.9277913879154733,4,False
EFF_HIGH__RANGE_MID,60,120,93,0.26881720430107525,-159.92095950706522,-1.7195802097533894,0.4333336284973949,163.99002467113434,11,45,-2.04144732324095,0.44534925627227334,48,-1.4178297908588018,0.4162638124529291,-2.04144732324095,0,False
EFF_HIGH__RANGE_MID,60,240,93,0.3870967741935484,-178.2605180563795,-1.9167797640470916,0.5592640258723276,212.3651042672774,7,45,-2.825630448992462,0.4103757668956584,48,-1.0647322469108058,0.7293189496387014,-2.825630448992462,0,False
EFF_HIGH__RANGE_MID,60,360,93,0.43010752688172044,-119.21814124419356,-1.2819154972493931,0.6854681940694919,168.40346544141778,9,45,-1.6373243006375005,0.6105615356126441,48,-0.9487197440730424,0.7601204387268282,-1.6373243006375005,1,False
EFF_HIGH__RANGE_MID,60,480,93,0.44086021505376344,-112.31094224405477,-1.2076445402586535,0.7354895123472476,184.63757771829393,9,45,-2.0853508397649088,0.5821974077547021,48,-0.384794884471539,0.9076462894057253,-2.0853508397649088,0,False
EFF_HIGH__RANGE_MID,120,120,100,0.36,-153.320786689296,-1.53320786689296,0.47485348831395796,156.79263347963703,7,46,-2.5909359243975327,0.3173913739252896,54,-0.6321802623520276,0.7091163457572018,-2.5909359243975327,0,False
EFF_HIGH__RANGE_MID,120,240,100,0.36,-112.09889045618202,-1.1209889045618202,0.6962926871353272,117.66976336019228,9,46,-1.7545844901714096,0.5877830680778134,54,-0.5812593316351338,0.8188853389470985,-1.7545844901714096,0,False
EFF_HIGH__RANGE_MID,120,360,100,0.41,15.568383252066695,0.15568383252066695,1.0496820567394305,91.97069949160247,9,46,-0.6552798823627048,0.8254847542488386,54,0.8465047748287243,1.3250304788727216,-0.6552798823627048,2,False
EFF_HIGH__RANGE_MID,120,480,100,0.42,-54.733926695947716,-0.5473392669594772,0.853079692431134,123.09994966018043,9,46,-1.2787712362101695,0.6796750395710838,54,0.0757324105503721,1.0216487453094045,-1.2787712362101695,1,False
EFF_HIGH__RANGE_MID,180,120,100,0.46,-10.469993487468141,-0.1046999348746814,0.9557393364030199,55.79583690846127,10,42,-1.3284723073443157,0.6068935698485093,58,0.7814800589826401,1.4790438555918373,-1.3284723073443157,1,False
EFF_HIGH__RANGE_MID,180,240,100,0.46,62.116516126213554,0.6211651612621355,1.1937911700614656,72.12939572863303,8,42,-1.0314188711928798,0.7398014418022106,58,1.8178639433847328,1.6844429947240556,-1.0314188711928798,3,False
EFF_HIGH__RANGE_MID,180,360,100,0.48,233.9214370370485,2.339214370370485,1.760197770023253,77.560358104656,10,42,-0.25491838075208495,0.9255772731479703,58,4.217724293597173,2.4930024981065473,-0.25491838075208495,3,False
EFF_HIGH__RANGE_MID,180,480,100,0.49,252.39522362978087,2.523952236297809,1.8092461190972962,74.53733040526555,10,42,0.13823045445706397,1.040880087183722,58,4.2515438714238645,2.4516194182454822,0.13823045445706397,3,False
EFF_HIGH__RANGE_MID,240,120,91,0.5054945054945055,27.715815689868574,0.30456940318536896,1.1561652434066976,45.89895786786897,7,33,0.7546468380323215,1.345283681707202,58,0.04849086266899966,1.0266956333217263,0.04849086266899966,3,False
EFF_HIGH__RANGE_MID,240,240,91,0.5714285714285714,225.02011618930342,2.472748529552785,1.8543520325956755,75.97058483934029,5,33,2.0458770164378643,1.7309721898867838,58,2.715623700807826,1.9209854366182277,2.0458770164378643,4,True
EFF_HIGH__RANGE_MID,240,360,91,0.5714285714285714,382.89683710224716,4.207657550574145,2.585687369833641,71.34960317726643,5,33,2.6731952706566102,1.9085207407443892,58,5.08071367535481,3.04111595878344,2.6731952706566102,4,True
EFF_HIGH__RANGE_MID,240,480,91,0.5934065934065934,401.84732095644694,4.415904625895021,2.3532466058111425,84.29206581619155,5,33,2.532111960304717,1.8588485252866838,58,5.487717694248126,2.5941653927492023,2.532111960304717,4,True
EFF_HIGH__RANGE_MID,360,120,80,0.4375,-12.203373212954801,-0.15254216516193503,0.9420859950113915,66.4739688656937,10,30,-0.8920670314108904,0.7331769240700459,50,0.2911727545874381,1.1318517783225162,-0.8920670314108904,1,False
EFF_HIGH__RANGE_MID,360,240,80,0.4125,12.332569685734079,0.15415712107167598,1.040452341328458,68.89520942208914,10,30,-1.114643508777229,0.731580521009033,50,0.9154374989810191,1.2538818234949742,-1.114643508777229,2,False
EFF_HIGH__RANGE_MID,360,360,80,0.4,25.313516159785912,0.3164189519973239,1.0792755900553248,89.92861574603162,15,30,-0.8419720871495976,0.8190802674808519,50,1.011453575485477,1.281436130098406,-0.8419720871495976,3,False
EFF_HIGH__RANGE_MID,360,480,80,0.4125,-41.5248218472577,-0.5190602730907212,0.9076241081956529,129.8442078177292,15,30,-1.5444144136608406,0.7283158510450655,50,0.09615221125135008,1.0172326746693214,-1.5444144136608406,1,False
EFF_HIGH__RANGE_HIGH,60,120,147,0.41496598639455784,25.14368704341132,0.17104549009123346,1.0534538973964491,181.49228583200218,12,65,-2.310832125620194,0.4299533669763858,82,2.138387502545414,1.8475557788193364,-2.310832125620194,2,False
EFF_HIGH__RANGE_HIGH,60,240,147,0.46258503401360546,-109.96443883375383,-0.748057407032339,0.8452756913801038,375.0803723749686,7,65,-5.413445176826673,0.2397797024567311,82,2.9501158251217046,1.9760151358711706,-5.413445176826673,1,False
EFF_HIGH__RANGE_HIGH,60,360,147,0.5034013605442177,27.838940523402528,0.18938054777824848,1.0384264058604586,366.9237067111283,15,65,-5.131159438306696,0.2840558582930731,82,4.406881756260216,2.397277236898454,-5.131159438306696,3,False
EFF_HIGH__RANGE_HIGH,60,480,147,0.46938775510204084,-156.86838753207655,-1.0671318879733098,0.8233364398940212,450.38178136545895,7,65,-5.172481034572214,0.3394144605919317,82,2.1871082892087492,1.4732121827428095,-5.172481034572214,2,False
EFF_HIGH__RANGE_HIGH,120,120,150,0.42,-32.22274529913271,-0.21481830199421809,0.9416747594037391,234.1436237106326,11,62,-3.290796378377458,0.27068271542407984,88,1.9523480700030644,1.6299914540974763,-3.290796378377458,2,False
EFF_HIGH__RANGE_HIGH,120,240,150,0.47333333333333333,-255.50092053129924,-1.7033394702086617,0.7002930815167795,400.39832569855565,19,62,-6.073300560050332,0.1764939392862236,88,1.3754967521797865,1.3062406552198422,-6.073300560050332,1,False
EFF_HIGH__RANGE_HIGH,120,360,150,0.5133333333333333,-194.71928610462234,-1.2981285740308157,0.7819509239000063,450.65647945380215,14,62,-6.764173006208817,0.19241078835622824,88,2.5529481850036864,1.6011604540527014,-6.764173006208817,1,False
EFF_HIGH__RANGE_HIGH,120,480,150,0.5,-168.64095666340302,-1.1242730444226867,0.8198076756874586,429.4467706454159,13,62,-5.3710388820738695,0.3657676687812638,88,1.867766523013374,1.4000638182260243,-5.3710388820738695,1,False
EFF_HIGH__RANGE_HIGH,180,120,147,0.3877551020408163,-54.66939938986053,-0.3719006761215002,0.8949626399707066,190.5603753497287,10,53,-2.917969726360787,0.22217795200658172,94,1.0636488947580978,1.3108457362608037,-2.917969726360787,1,False
EFF_HIGH__RANGE_HIGH,180,240,147,0.47619047619047616,-207.52897252267064,-1.411761717841297,0.7280907222725764,306.1287606416325,9,53,-5.471525689990509,0.20448485772314356,94,0.8772541387960251,1.2068286952863299,-5.471525689990509,1,False
EFF_HIGH__RANGE_HIGH,180,360,147,0.5374149659863946,-49.66139052571353,-0.33783258861029614,0.9335635193046088,314.15698796667994,9,53,-5.337344054675932,0.291715366034981,94,2.481040897575648,1.6699439715152644,-5.337344054675932,2,False
EFF_HIGH__RANGE_HIGH,180,480,147,0.5102040816326531,-102.83544718793553,-0.6995608652240513,0.8741120769036164,384.63236445592105,11,53,-5.4884424799620195,0.3495290032743484,94,2.000553236702675,1.5086805658228073,-5.4884424799620195,1,False
EFF_HIGH__RANGE_HIGH,240,120,148,0.44594594594594594,54.706204081694125,0.36963651406550085,1.114220321677201,183.46587339447316,9,58,-2.8415570676037354,0.26071561787374814,90,2.4390723778078973,1.857415666501861,-2.8415570676037354,3,False
EFF_HIGH__RANGE_HIGH,240,240,148,0.5067567567567568,-200.82003126068608,-1.3568921031127439,0.7471828985027347,316.55348126552934,8,58,-5.179579003334377,0.21289659818994972,90,1.1066172325856416,1.241351912091069,-5.179579003334377,0,False
EFF_HIGH__RANGE_HIGH,240,360,148,0.581081081081081,73.23274687127609,0.494815857238352,1.1023849589059482,306.13725399497156,7,58,-4.4005681708702635,0.349727569548782,90,3.649618897575015,2.017655677513057,-4.4005681708702635,3,False
EFF_HIGH__RANGE_HIGH,240,480,148,0.5608108108108109,74.31382199959202,0.5021204189161623,1.1020638562069525,305.747645769434,9,58,-3.5483332355999138,0.4987410921718903,90,3.112412774048745,1.882152751947426,-3.5483332355999138,3,False
EFF_HIGH__RANGE_HIGH,360,120,142,0.4084507042253521,-82.34371329669446,-0.579885304906299,0.8580653390126426,250.75701731259983,12,54,-3.7927184424733036,0.2403285502984618,88,1.3916259386007261,1.3943386535489122,-3.7927184424733036,0,False
EFF_HIGH__RANGE_HIGH,360,240,142,0.5,-166.12791636589844,-1.1699149039852004,0.7928951468645985,302.29836255376506,10,54,-2.130217869618944,0.6607668689338015,88,-0.5806380841644929,0.8896531678513314,-2.130217869618944,0,False
EFF_HIGH__RANGE_HIGH,360,360,142,0.5915492957746479,151.78375941998348,1.0688997142252359,1.2151208991134885,287.33999894423954,12,54,-0.998933739737688,0.8366144297151048,88,2.337797515520667,1.5479892889292133,-0.998933739737688,4,False
EFF_HIGH__RANGE_HIGH,360,480,142,0.5492957746478874,172.83046010666234,1.217115916244101,1.2147349749117904,314.8615550020988,16,54,0.5661753884105865,1.0810378361293402,88,1.616556694687394,1.332702082149714,0.5661753884105865,4,False
EFF_LOW__EXT_LOW,60,120,171,0.34502923976608185,-337.70180539688,-1.9748643590460817,0.4224961971419844,340.4687517468311,14,73,-3.165536594954172,0.30249668809287145,98,-1.087935040461484,0.5793500510500803,-3.165536594954172,0,False
EFF_LOW__EXT_LOW,60,240,171,0.38596491228070173,-220.57903179939137,-1.289935858475973,0.6752975438430109,225.00229489557134,15,73,-2.4223836397753455,0.5304393644643935,98,-0.4463778173039908,0.855499185059855,-2.4223836397753455,2,False
EFF_LOW__EXT_LOW,60,360,171,0.391812865497076,-208.74583254891758,-1.2207358628591671,0.7360648693016576,259.69500348898725,10,73,-2.050968770737943,0.6541458518130443,98,-0.6022970641331401,0.8351239660638249,-2.050968770737943,0,False
EFF_LOW__EXT_LOW,60,480,171,0.43859649122807015,-137.41403140582239,-0.8035908269346338,0.8501485273195217,262.2161615414536,8,73,-1.9446356881491702,0.6997678670628696,98,0.046371161521092094,1.010231096181391,-1.9446356881491702,2,False
EFF_LOW__EXT_LOW,120,120,168,0.34523809523809523,-410.9535438555196,-2.446152046759045,0.3612051961062318,410.9535438555197,15,70,-2.6820767162858425,0.3419356477724864,98,-2.277634425668477,0.3765604382553683,-2.6820767162858425,0,False
EFF_LOW__EXT_LOW,120,240,168,0.31547619047619047,-466.5036667152468,-2.776807539971707,0.3899999944403605,508.3870679173688,12,70,-3.305412847179779,0.33475788714682797,98,-2.3992323205373696,0.4360820451128927,-3.305412847179779,0,False
EFF_LOW__EXT_LOW,120,360,168,0.3869047619047619,-385.6011102595703,-2.2952447039260138,0.5332100365441859,431.4798345321177,8,70,-2.7844134188890166,0.4720791788658775,98,-1.9458384789524406,0.5826106108218367,-2.7844134188890166,1,False
EFF_LOW__EXT_LOW,120,480,168,0.39880952380952384,-502.48114488687304,-2.9909591957551966,0.5376022740874754,581.4858700821119,13,70,-3.487625492246948,0.4418434415730624,98,-2.6361975554039456,0.6021097389441652,-3.487625492246948,0,False
EFF_LOW__EXT_LOW,180,120,175,0.32,-499.5119595991291,-2.854354054852166,0.29747779204322183,502.27890594908035,18,82,-4.249062477792579,0.1219020104514974,93,-1.6246111443025555,0.5191830488185916,-4.249062477792579,0,False
EFF_LOW__EXT_LOW,180,240,175,0.32,-567.2377909642295,-3.2413588055098828,0.3654246637864443,591.3255255739507,23,82,-5.235415838159345,0.19710118453084086,93,-1.4831579810232598,0.6159900348981274,-5.235415838159345,0,False
EFF_LOW__EXT_LOW,180,360,175,0.4057142857142857,-576.8557428829885,-3.296318530759934,0.42729235807093174,615.7448056163278,10,82,-4.851127675813871,0.29331893527595265,93,-1.925411542647861,0.5970134418120928,-4.851127675813871,0,False
EFF_LOW__EXT_LOW,180,480,175,0.41714285714285715,-643.7892595330566,-3.6787957687603234,0.4970233976163452,711.1132289408189,11,82,-5.119907671163326,0.3578425912747399,93,-2.4081379623404717,0.6423411080242889,-5.119907671163326,0,False
EFF_LOW__EXT_LOW,240,120,176,0.3409090909090909,-383.8795156284941,-2.1811336115255346,0.3771665157343867,386.6464619784453,11,79,-3.2190298975022342,0.18621235854308354,97,-1.3358366363486358,0.5735525395502425,-3.2190298975022342,0,False
EFF_LOW__EXT_LOW,240,240,176,0.2840909090909091,-655.9000803254776,-3.726705001849304,0.26042397993548577,682.9265681263065,18,79,-5.5164080909885005,0.12805813806155125,97,-2.269111764302949,0.4313442858481871,-5.5164080909885005,0,False
EFF_LOW__EXT_LOW,240,360,176,0.375,-582.5951308603662,-3.310199607161172,0.39326538534679406,640.205184495917,14,79,-4.70563034871045,0.28555246033407405,97,-2.1737147764148497,0.520674063871492,-4.70563034871045,0,False
EFF_LOW__EXT_LOW,240,480,176,0.3806818181818182,-658.3748345687991,-3.7407661055045405,0.4570248717970286,746.3684612259998,14,79,-5.2851448018319935,0.30149880947982266,97,-2.4829731466399134,0.6082402762681727,-5.2851448018319935,0,False
EFF_LOW__EXT_LOW,360,120,191,0.3036649214659686,-490.18884805008526,-2.5664337594245303,0.29479224259276,491.48419191168887,14,83,-3.408296487943037,0.193024986631338,108,-1.919446662507528,0.39833472627421784,-3.408296487943037,0,False
EFF_LOW__EXT_LOW,360,240,191,0.35602094240837695,-519.0143750415112,-2.7173527489084357,0.3898981072736368,538.9631815751253,19,83,-4.426533054768226,0.24743598054412427,108,-1.4038160323680413,0.5817602013073349,-4.426533054768226,0,False
EFF_LOW__EXT_LOW,360,360,191,0.39790575916230364,-465.24667192158904,-2.4358464498512515,0.5100196913619719,524.9341714670214,11,83,-3.9633150417076735,0.3726829129254631,108,-1.2619585505541873,0.6794173989019373,-3.9633150417076735,0,False
EFF_LOW__EXT_LOW,360,480,191,0.42408376963350786,-521.884943713414,-2.732381904258712,0.564110557178592,604.9863207317953,13,83,-4.550350376252159,0.37113350807719137,108,-1.3352394674489334,0.7583342793305226,-4.550350376252159,0,False
EFF_LOW__EXT_MID,60,120,74,0.40540540540540543,-72.5878902535466,-0.9809174358587379,0.6994023424327268,86.4106560566314,13,22,-0.417678647651886,0.7840999454254056,52,-1.2192107693308674,0.6812801693226567,-1.2192107693308674,0,False
EFF_LOW__EXT_MID,60,240,74,0.4189189189189189,-67.58588080556405,-0.9133227135887033,0.8157795491888199,94.04367807375178,6,22,-2.3029712923038157,0.5250398937490715,52,-0.3253944687476948,0.934971659073029,-2.3029712923038157,2,False
EFF_LOW__EXT_MID,60,360,74,0.527027027027027,20.314536420938065,0.274520762445109,1.0612353415451228,81.95383466084513,5,22,-1.8792815001976173,0.628405404781158,52,1.1857447966401087,1.2796520501735904,-1.8792815001976173,2,False
EFF_LOW__EXT_MID,60,480,74,0.527027027027027,14.502238488172882,0.19597619578612002,1.0386507638560454,89.96670658036862,4,22,-0.8585943165947405,0.8104855308426532,52,0.6421406433318689,1.1211844126609076,-0.8585943165947405,3,False
EFF_LOW__EXT_MID,120,120,80,0.275,-243.34614578581562,-3.041826822322695,0.31113547489774585,245.40343288718597,14,35,-4.154566371678134,0.25333376156819826,45,-2.1763627283795763,0.3821500019701524,-4.154566371678134,0,False
EFF_LOW__EXT_MID,120,240,80,0.3125,-267.4144261469869,-3.3426803268373364,0.41547504491230236,268.15901597883527,8,35,-4.980244014099154,0.3652453694467217,45,-2.0690196811892565,0.4908975892328333,-4.980244014099154,0,False
EFF_LOW__EXT_MID,120,360,80,0.4,-208.32689398483558,-2.604086174810445,0.5756186373108269,231.4513679351731,7,35,-3.9457989646088363,0.5081389302594516,45,-1.5605317827450287,0.6657899040118544,-3.9457989646088363,1,False
EFF_LOW__EXT_MID,120,480,80,0.4375,-189.23423644293035,-2.3654279555366293,0.6220345263264936,206.01287940785394,6,35,-2.2597719038608983,0.6785814040605216,45,-2.4476048846177534,0.567380444700639,-2.4476048846177534,1,False
EFF_LOW__EXT_MID,180,120,89,0.3146067415730337,-256.1682286322853,-2.878294703733543,0.3618167993025671,256.1682286322852,8,36,-5.134571055535441,0.22057392208363932,53,-1.3457296345850838,0.5657552716421531,-5.134571055535441,0,False
EFF_LOW__EXT_MID,180,240,89,0.2808988764044944,-196.96778316613208,-2.2131211591700235,0.5888289035671919,219.3454797926266,12,36,-2.3392075886993453,0.6767730168238424,53,-2.1274775466595415,0.48397023821600654,-2.3392075886993453,1,False
EFF_LOW__EXT_MID,180,360,89,0.2808988764044944,-109.26276043983097,-1.2276714656160783,0.7671024771657806,214.0796919235308,12,36,-1.6077313917531513,0.7883201659987333,53,-0.9695175535229728,0.7374612292743792,-1.6077313917531513,1,False
EFF_LOW__EXT_MID,180,480,89,0.3258426966292135,-154.14626054219084,-1.7319804555302343,0.7382583156820096,220.81602823522385,11,36,-0.7825947842880517,0.9041254557734866,53,-2.3768461944871886,0.5730719273539443,-2.3768461944871886,2,False
EFF_LOW__EXT_MID,240,120,93,0.34408602150537637,-176.0900006764225,-1.893440867488414,0.41237372584233,176.0900006764225,9,36,-2.61227732538599,0.3732151534056412,57,-1.4394388940794192,0.4516406858151182,-2.61227732538599,0,False
EFF_LOW__EXT_MID,240,240,93,0.34408602150537637,-98.12984522182688,-1.0551596260411493,0.7206352479101628,163.35516820248415,11,36,-3.241024860798784,0.44446914706376833,57,0.32538683801630436,1.1313224422760935,-3.241024860798784,0,False
EFF_LOW__EXT_MID,240,360,93,0.34408602150537637,-64.40474373261948,-0.6925241261571987,0.8336165787564346,116.98100565136643,9,36,-0.6917284416755559,0.8579366572200072,57,-0.6930266637245519,0.8134885224484045,-0.6930266637245519,1,False
EFF_LOW__EXT_MID,240,480,93,0.3870967741935484,-35.4936100489272,-0.3816517209562065,0.9223488034052114,111.99653973997633,10,36,-1.0716951105980408,0.8009557911982761,57,0.05416515671232008,1.0117276722981607,-1.0716951105980408,2,False
EFF_LOW__EXT_MID,360,120,79,0.3291139240506329,-112.64336994523555,-1.4258654423447539,0.5102611127399206,124.02552188671251,15,27,-0.6726937559691165,0.7448096727357914,52,-1.8169353564244113,0.4051600723315015,-1.8169353564244113,0,False
EFF_LOW__EXT_MID,360,240,79,0.35443037974683544,-96.96132190021511,-1.227358505066014,0.6623402613090251,108.94169064227819,11,27,-2.9051804770869305,0.4808600861574286,52,-0.3561817119013075,0.8638740020941826,-2.9051804770869305,1,False
EFF_LOW__EXT_MID,360,360,79,0.4050632911392405,-13.530967415596765,-0.1712780685518578,0.9515363835469998,105.876341838491,8,27,-1.1383885401552452,0.7937696061981607,52,0.3308754455499013,1.132188612942462,-1.1383885401552452,2,False
EFF_LOW__EXT_MID,360,480,79,0.4430379746835443,-48.25531194515851,-0.6108267334830191,0.8638887341307574,137.16559087345894,8,27,-3.0757491451432166,0.5249728638143221,52,0.6690368264174678,1.1935931310259849,-3.0757491451432166,2,False
EFF_LOW__EXT_HIGH,60,120,47,0.3191489361702128,-127.80273045291325,-2.719207030913048,0.3105209751375514,129.8600175542836,10,19,-6.462583150763687,0.027047985613071698,28,-0.17905894958582855,0.9152508278095454,-6.462583150763687,0,False
EFF_LOW__EXT_HIGH,60,240,47,0.2553191489361702,-220.5565811660464,-4.69269321629886,0.25557027292539247,220.5565811660464,12,19,-10.944931289562811,0.001989273453377331,28,-0.4501030951554635,0.8566350016973213,-10.944931289562811,0,False
EFF_LOW__EXT_HIGH,60,360,47,0.2978723404255319,-201.18595062737216,-4.280552141007918,0.4058081652917619,246.9777334544551,7,19,-12.998828076550264,0.02372308282527447,28,1.6354208152529603,1.5348985008886669,-12.998828076550264,0,False
EFF_LOW__EXT_HIGH,60,480,47,0.3617021276595745,-179.78068969853518,-3.8251210574156422,0.5010139078696167,220.7799889075275,6,19,-11.596774260912516,0.07314513296821819,28,1.4485007592429509,1.330911170074448,-11.596774260912516,0,False
EFF_LOW__EXT_HIGH,120,120,41,0.2682926829268293,-119.2924277625128,-2.9095714088417757,0.21126908447954276,119.29242776251282,8,17,-3.723603467710693,0.13930393333732755,24,-2.332965367142959,0.27938785702810914,-3.723603467710693,0,False
EFF_LOW__EXT_HIGH,120,240,41,0.3170731707317073,-247.04143660025204,-6.025400892689074,0.15483036091643332,247.04143660025204,8,17,-8.095716369513084,0.05063567148571262,24,-4.558927429938733,0.2573541645320755,-8.095716369513084,0,False
EFF_LOW__EXT_HIGH,120,360,41,0.34146341463414637,-188.9445463430703,-4.608403569343178,0.24037388609732316,189.5878542288247,8,17,-6.640117394527706,0.08221262062594813,24,-3.1692729431708053,0.39508065541843523,-6.640117394527706,0,False
EFF_LOW__EXT_HIGH,120,480,41,0.36585365853658536,-264.5146490729976,-6.451576806658478,0.2736542303210499,273.1259089814822,8,17,-10.556008122728231,0.07207023583369648,24,-3.5442712911090712,0.5019234935333698,-10.556008122728231,0,False
EFF_LOW__EXT_HIGH,180,120,28,0.25,-91.33568142558757,-3.2619886223424133,0.2654771059550479,105.30305343211342,14,14,-3.6382503226820258,0.2152042059544921,14,-2.8857269220027995,0.32036661203976113,-3.6382503226820258,0,False
EFF_LOW__EXT_HIGH,180,240,28,0.25,-152.7976173682664,-5.457057763152371,0.22659283173866193,159.50733561692635,10,14,-8.049714032688538,0.09830951524900478,14,-2.8644014936162066,0.4474933601636455,-8.049714032688538,0,False
EFF_LOW__EXT_HIGH,180,360,28,0.2857142857142857,-124.69220328540217,-4.453292974478649,0.2633226265504235,128.3882850888037,8,14,-7.028340782447275,0.03670248171853062,14,-1.8782451665100222,0.6082161892577554,-7.028340782447275,0,False
EFF_LOW__EXT_HIGH,180,480,28,0.2857142857142857,-176.90636852110114,-6.3180845900393265,0.2015923869987299,187.12519041516478,11,14,-8.707351965227087,0.08060601338584478,14,-3.9288172148515663,0.3818690677506132,-8.707351965227087,0,False
EFF_LOW__EXT_HIGH,240,120,35,0.22857142857142856,-122.28728058953813,-3.493922302558232,0.2211005395990608,130.79798701498254,11,15,-4.1511316981856385,0.1665488536248416,20,-3.001015255837678,0.27062699928152656,-4.1511316981856385,0,False
EFF_LOW__EXT_HIGH,240,240,35,0.4,-89.119376770541,-2.5462679077297428,0.5472465427136657,104.29337781251412,5,15,-3.6366479188949636,0.5063500648275081,20,-1.7284828993558279,0.5995907212664472,-3.6366479188949636,0,False
EFF_LOW__EXT_HIGH,240,360,35,0.3142857142857143,-128.36694369207464,-3.667626962630704,0.4096776576533819,130.23858183900361,7,15,-2.921788499142545,0.5761637683556904,20,-4.227005810246821,0.2587268715373517,-4.227005810246821,0,False
EFF_LOW__EXT_HIGH,240,480,35,0.34285714285714286,-159.92591339024062,-4.569311811149732,0.472034006040602,161.33269237693133,7,15,-3.6540041201628943,0.6124930404244091,20,-5.25579257938986,0.34899368634984124,-5.25579257938986,0,False
EFF_LOW__EXT_HIGH,360,120,35,0.4857142857142857,-12.617266321596865,-0.36049332347419616,0.846009575457787,36.92791856440474,8,23,-0.8493577722979417,0.6093325276512933,12,0.5764968701046499,1.2166558823011966,-0.8493577722979417,0,False
EFF_LOW__EXT_HIGH,360,240,35,0.42857142857142855,-28.390248532904064,-0.8111499580829733,0.8083951327070146,56.624863976271264,6,23,-1.2735680139710472,0.710523887718986,12,0.07515131570250211,1.019195373957708,-1.2735680139710472,0,False
EFF_LOW__EXT_HIGH,360,360,35,0.34285714285714286,-51.83981539006942,-1.4811375825734119,0.713566779034663,101.06404507279738,9,23,-2.8674699319263874,0.5182358146560968,12,1.1759994203531254,1.3200906057764383,-2.8674699319263874,0,False
EFF_LOW__EXT_HIGH,360,480,35,0.3142857142857143,-100.1367571513436,-2.861050204324103,0.5459163778964825,114.55329597690579,8,23,-2.8170295092363804,0.5731397931076271,12,-2.945423203242237,0.48580211832201536,-2.945423203242237,0,False
EFF_MID__EXT_LOW,60,120,102,0.3627450980392157,-111.98822415033212,-1.0979237661797265,0.6891722255390117,142.01999686989242,11,31,-3.5420355967653285,0.31555474337900946,71,-0.030776347191646708,0.9890669542129817,-3.5420355967653285,0,False
EFF_MID__EXT_LOW,60,240,102,0.38235294117647056,-234.14389811990233,-2.295528412940219,0.5257406758463546,234.14389811990227,9,31,-4.126380974456701,0.4067801168233883,71,-1.4961420832640069,0.6179897715264646,-4.126380974456701,0,False
EFF_MID__EXT_LOW,60,360,102,0.4117647058823529,-215.48213928596465,-2.1125699929996533,0.6045343365604837,215.48213928596462,7,31,-3.5607625085722825,0.4965243414139464,71,-1.4802605847918855,0.6772543627624285,-3.5607625085722825,0,False
EFF_MID__EXT_LOW,60,480,102,0.4215686274509804,-281.4303640733536,-2.7591212164054273,0.5684215056141358,291.14537890901045,7,31,-3.89380839813173,0.501474612969588,71,-2.263694418750281,0.6079611181328246,-3.89380839813173,0,False
EFF_MID__EXT_LOW,120,120,109,0.3302752293577982,-173.96698304474634,-1.5960273673829939,0.4904582770774565,176.73392939469764,14,35,-2.8216227077891847,0.3079985522356184,74,-1.0163538955692555,0.6215014820238562,-2.8216227077891847,0,False
EFF_MID__EXT_LOW,120,240,109,0.3761467889908257,-234.43188163495455,-2.1507512076601336,0.49978384062588876,238.8551447311346,14,35,-3.5305201986840844,0.4000703243563645,74,-1.4981577659596155,0.5779676616926238,-3.5305201986840844,0,False
EFF_MID__EXT_LOW,120,360,109,0.44954128440366975,-185.07738241530086,-1.6979576368376226,0.6626176349434378,212.58323270142404,13,35,-3.477274372534507,0.548555022698456,74,-0.8563889104945019,0.7728408325418984,-3.477274372534507,1,False
EFF_MID__EXT_LOW,120,480,109,0.48623853211009177,-151.0129459399918,-1.385439871009099,0.741605906767237,202.05483293534428,13,35,-3.8445383093789474,0.5141099703075172,74,-0.2223527717801172,0.946490032722339,-3.8445383093789474,1,False
EFF_MID__EXT_LOW,180,120,112,0.32142857142857145,-188.16330689573655,-1.6800295258547906,0.47700275154095295,188.1633068957366,14,36,-1.340875265852561,0.6018089016172808,76,-1.8406815437505841,0.4135788924059777,-1.8406815437505841,0,False
EFF_MID__EXT_LOW,180,240,112,0.39285714285714285,-258.335426169543,-2.306566305085205,0.4358948523020083,258.33542616954304,9,36,-2.281184512114037,0.4903041632087422,76,-2.3185892596504956,0.4063617178868609,-2.3185892596504956,0,False
EFF_MID__EXT_LOW,180,360,112,0.49107142857142855,-158.28793139676762,-1.4132851017568537,0.6658503977064222,176.54424466974862,9,36,-1.763445828755564,0.69331675537708,76,-1.2474194942311487,0.6445322361614418,-1.763445828755564,0,False
EFF_MID__EXT_LOW,180,480,112,0.49107142857142855,-170.54320002533888,-1.5227071430833827,0.6892526553812411,193.30940161857842,9,36,-2.764108411999617,0.5434878852514957,76,-0.9346749630704307,0.7852893529176007,-2.764108411999617,0,False
EFF_MID__EXT_LOW,240,120,105,0.23809523809523808,-372.7871846832298,-3.550354139840284,0.2287711817891422,372.78718468322984,18,37,-6.663969963573974,0.1426227382653885,68,-1.856180823985186,0.35531199574801,-6.663969963573974,0,False
EFF_MID__EXT_LOW,240,240,105,0.3619047619047619,-275.7272821574936,-2.6259741157856533,0.4689326400116253,275.7272821574937,12,37,-4.166369725323017,0.46229338872910425,68,-1.7878176811844426,0.47711924391949695,-4.166369725323017,0,False
EFF_MID__EXT_LOW,240,360,105,0.4666666666666667,-285.00114305659486,-2.7142966005389986,0.5195904329055981,311.68842550078296,9,37,-6.277570167815807,0.3889883392997491,68,-0.7754565712854403,0.7525595195980516,-6.277570167815807,0,False
EFF_MID__EXT_LOW,240,480,105,0.4666666666666667,-230.82793449104216,-2.198361280867068,0.6423141985196321,273.7736320550939,7,37,-5.235419715035766,0.5000734362563223,68,-0.5458441916870411,0.8560555208693242,-5.235419715035766,0,False
EFF_MID__EXT_LOW,360,120,87,0.3333333333333333,-215.33471510806805,-2.4751116679088283,0.37093200214087924,216.2866532163534,12,35,-5.159521916205844,0.12718384271702762,52,-0.6682970777089131,0.7433618165341432,-5.159521916205844,0,False
EFF_MID__EXT_LOW,360,240,87,0.3333333333333333,-298.14978985299206,-3.427009078770024,0.33755844214213904,299.78670552090813,12,35,-6.293776209620512,0.13779968985171978,52,-1.497454279159118,0.5998348881800398,-6.293776209620512,0,False
EFF_MID__EXT_LOW,360,360,87,0.367816091954023,-422.9143688292205,-4.861084699186443,0.3026746464325828,426.9772831399904,6,35,-7.587808160597051,0.16374518584473066,52,-3.0257900616985323,0.4553902413940761,-7.587808160597051,0,False
EFF_MID__EXT_LOW,360,480,87,0.39080459770114945,-444.1765201284301,-5.105477242855518,0.36116811365077606,458.6546953936084,6,35,-7.1838304719080215,0.21256483157038758,52,-3.7065856463778717,0.4873696507177659,-7.1838304719080215,0,False
EFF_MID__EXT_MID,60,120,128,0.375,-349.13547180157195,-2.727620873449781,0.325395805381242,349.13547180157195,10,54,-3.8627791833997303,0.1898055441723703,74,-1.899262106729547,0.45961621459926016,-3.8627791833997303,0,False
EFF_MID__EXT_MID,60,240,128,0.3828125,-195.58381913568962,-1.5279985869975752,0.651418144081835,209.088768041243,11,54,-1.4021735906469173,0.7237036816210305,74,-1.6198168275777844,0.582405435851393,-1.6198168275777844,0,False
EFF_MID__EXT_MID,60,360,128,0.4765625,-119.76096673463083,-0.9356325526143033,0.7961094701713313,168.33616164794608,6,54,-1.0389269666897072,0.8117300807289913,74,-0.8602555477484682,0.7800248716368191,-1.0389269666897072,1,False
EFF_MID__EXT_MID,60,480,128,0.4375,-123.24169994078008,-0.9628257807873444,0.8301785633424817,216.86784201603527,7,54,-1.2408726832681187,0.8045139089973764,74,-0.7599266897878606,0.853151048215181,-1.2408726832681187,0,False
EFF_MID__EXT_MID,120,120,120,0.4166666666666667,-75.03577819141489,-0.6252981515951241,0.7730961412034022,128.16616762914288,8,49,-2.4602849771027406,0.3733345435918083,71,0.641101206853794,1.3290778219488206,-2.4602849771027406,0,False
EFF_MID__EXT_MID,120,240,120,0.4583333333333333,38.81745740628503,0.3234788117190419,1.091174745559472,168.15664922241533,6,49,-2.3723819774063464,0.5628469316236306,71,2.1840024549182537,1.9701803304032317,-2.3723819774063464,3,False
EFF_MID__EXT_MID,120,360,120,0.4166666666666667,92.99790887418744,0.774982573951562,1.2009971289238763,151.81228271341635,6,49,-1.7656967705213913,0.6878363894180585,71,2.528409163799093,1.967626033892172,-1.7656967705213913,3,False
EFF_MID__EXT_MID,120,480,120,0.44166666666666665,112.31555068780074,0.9359629223983394,1.1925411233662848,172.38303442854829,7,49,-1.7583783879166042,0.7203421580699139,71,2.7954379112072445,1.7211016945869573,-1.7583783879166042,2,False
EFF_MID__EXT_MID,180,120,110,0.37272727272727274,-93.43094455495164,-0.849372223226833,0.6970120040998123,113.39868476970028,12,44,-2.264826404910645,0.4344241862236343,66,0.09426389789570787,1.0470717271101766,-2.264826404910645,1,False
EFF_MID__EXT_MID,180,240,110,0.4,-150.41567290957215,-1.3674152082688378,0.6666865968217544,164.72550589799528,12,44,-3.348311027831216,0.43589836990424485,66,-0.046817995227252704,0.9837459157911235,-3.348311027831216,0,False
EFF_MID__EXT_MID,180,360,110,0.34545454545454546,-170.73867101272705,-1.5521697364793368,0.6819671317216592,180.35763829204612,10,44,-2.8631312142792096,0.5622959296021641,66,-0.6781954179460878,0.8202688476568227,-2.8631312142792096,1,False
EFF_MID__EXT_MID,180,480,110,0.4,-196.32775649462062,-1.7847977863147328,0.6799850920888303,206.7840677311363,10,44,-2.0475906742513024,0.6518524140980672,66,-1.6096025276903536,0.700509205402286,-2.0475906742513024,1,False
EFF_MID__EXT_MID,240,120,99,0.2828282828282828,-241.99711590183222,-2.444415312139719,0.40445203536071017,256.39308957862914,12,43,-3.470079609119043,0.31559027169645204,56,-1.6568516555305968,0.5073238761692386,-3.470079609119043,0,False
EFF_MID__EXT_MID,240,240,99,0.32323232323232326,-276.02814368522024,-2.7881630675274773,0.42329445915760033,282.1736431682534,10,43,-4.33880184476266,0.33079073732828473,56,-1.5974940064361751,0.5523431273343393,-4.33880184476266,0,False
EFF_MID__EXT_MID,240,360,99,0.2828282828282828,-378.1697243375884,-3.8198962054301857,0.37661337498235414,381.1742158051196,12,43,-5.2845620329349074,0.2986647800591632,56,-2.6952420878819177,0.4659723246723755,-5.2845620329349074,0,False
EFF_MID__EXT_MID,240,480,99,0.29292929292929293,-480.9411573061589,-4.857991487940999,0.3338851258215409,481.3824352563486,10,43,-4.750779380859193,0.33882021090986425,56,-4.94031507016453,0.3301935222022943,-4.94031507016453,0,False
EFF_MID__EXT_MID,360,120,121,0.2975206611570248,-239.49568740926765,-1.9793032017294847,0.46028708675768587,239.4956874092676,9,51,-4.1706291496378665,0.22197586694933244,70,-0.3827657253962348,0.8427226503712896,-4.1706291496378665,0,False
EFF_MID__EXT_MID,360,240,121,0.38016528925619836,-301.2801584330638,-2.4899186647360643,0.48745204135907105,301.87657471439775,11,51,-5.187044236758323,0.27649365252536595,70,-0.5248700336912754,0.8346298310555614,-5.187044236758323,0,False
EFF_MID__EXT_MID,360,360,121,0.39669421487603307,-243.4272380464744,-2.0117953557559867,0.607993932109666,261.6113323029457,11,51,-4.3417849126656805,0.42466137875355864,70,-0.3142315357217816,0.9068381465477757,-4.3417849126656805,0,False
EFF_MID__EXT_MID,360,480,121,0.39669421487603307,-299.0603740307352,-2.471573339096985,0.564213470981655,325.4928142446844,11,51,-4.324863078155712,0.41259359901487913,70,-1.1213193863541988,0.7474177092617089,-4.324863078155712,0,False
EFF_MID__EXT_HIGH,60,120,68,0.38235294117647056,-73.65377955705186,-1.0831438170154686,0.5763299278771336,78.16341799112651,8,23,-2.066794356889312,0.31060059263947937,45,-0.5803890966355041,0.751010113996446,-2.066794356889312,1,False
EFF_MID__EXT_HIGH,60,240,68,0.4411764705882353,-75.19085100621128,-1.1057478089148718,0.7131644669835054,77.21535916158375,6,23,-2.0335056733460375,0.5044203657104869,45,-0.6315604559833867,0.8305936800290828,-2.0335056733460375,1,False
EFF_MID__EXT_HIGH,60,360,68,0.4852941176470588,14.448934498548798,0.21248433086101173,1.0617770565790816,73.88155584130553,8,23,0.6397742320705836,1.1740156353240923,45,-0.005908285312769958,0.9982195391400369,-0.005908285312769958,2,False
EFF_MID__EXT_HIGH,60,480,68,0.5,-37.106200153393935,-0.545679414020499,0.8926130638960357,132.21945589897436,9,23,-0.437805410275843,0.9198610655313484,45,-0.6008150159344354,0.8770426049088391,-0.6008150159344354,2,False
EFF_MID__EXT_HIGH,120,120,65,0.36923076923076925,-9.881216705678082,-0.15201871854889357,0.9360190360364417,57.89634038847442,5,26,-1.3515569351268282,0.5486418362202466,39,0.6476734258363959,1.3298201215871979,-1.3515569351268282,2,False
EFF_MID__EXT_HIGH,120,240,65,0.47692307692307695,52.953642564182,0.8146714240643385,1.2314530081634705,58.78057030014062,5,26,0.2554689048334672,1.0539658770123181,39,1.1874731035515855,1.438113331602292,0.2554689048334672,2,False
EFF_MID__EXT_HIGH,120,360,65,0.5384615384615384,109.44429358996791,1.6837583629225832,1.4965559786872873,50.99740958875503,5,26,0.6701924610567983,1.1483100459040483,39,2.3594689641664397,1.894117079584987,0.6701924610567983,2,False
EFF_MID__EXT_HIGH,120,480,65,0.5230769230769231,131.64688984592033,2.025336766860313,1.5167429072776228,72.11813865661568,8,26,2.45378052840117,1.5166431792985933,39,1.7397075924997416,1.5168367170052715,1.7397075924997416,2,False
EFF_MID__EXT_HIGH,180,120,69,0.391304347826087,-89.14445818696197,-1.2919486693762605,0.5547563074040894,101.72955732650601,8,30,-1.3266810942012603,0.5482124022252086,39,-1.2652314195108758,0.5598980368264106,-1.3266810942012603,1,False
EFF_MID__EXT_HIGH,180,240,69,0.42028985507246375,-154.88251159205785,-2.244674081044317,0.5222913275092551,175.2935196938637,5,30,-2.8266555863507343,0.4364890801995988,39,-1.7969960000393799,0.596610858844788,-2.8266555863507343,0,False
EFF_MID__EXT_HIGH,180,360,69,0.4492753623188406,-177.89256345038152,-2.57815309348379,0.5256572314910253,203.5337426695827,9,30,-2.258645018101789,0.5945868729648637,39,-2.8239285360853295,0.47024092970192916,-2.8239285360853295,0,False
EFF_MID__EXT_HIGH,180,480,69,0.5072463768115942,-152.88365396917666,-2.2157051299880677,0.6365596522593129,203.33202197536284,11,30,-0.6567873046700051,0.8691071292577083,39,-3.4148726879250377,0.506967757036892,-3.4148726879250377,1,False
EFF_MID__EXT_HIGH,240,120,75,0.44,-52.31912631660505,-0.6975883508880674,0.761325014715853,86.32206112725999,6,39,-1.341714574172957,0.5233062984008461,36,0.00021505767056300632,1.0000707451403748,-1.341714574172957,2,False
EFF_MID__EXT_HIGH,240,240,75,0.4533333333333333,7.061680335830442,0.09415573781107256,1.0245159275821416,73.42383975995313,7,39,-0.7247326351242223,0.8155826007894633,36,0.9812848084909762,1.2621021887052064,-0.7247326351242223,2,False
EFF_MID__EXT_HIGH,240,360,75,0.4666666666666667,86.25223042739839,1.1500297390319785,1.2949459189369097,101.11123931554981,6,39,0.2611278532759754,1.071055091087533,36,2.113006781934315,1.5101524885274467,0.2611278532759754,2,False
EFF_MID__EXT_HIGH,240,480,75,0.52,1.3275301576213754,0.01770040210161834,1.0035203718518728,124.26904915236807,6,39,-0.37785637950467577,0.9212398364398627,36,0.4462202488417699,1.0845493588198842,-0.37785637950467577,2,False
EFF_MID__EXT_HIGH,360,120,80,0.425,-81.13008048524031,-1.014126006065504,0.6506253038301354,88.11314853880151,8,35,-1.2866548985301587,0.5960723677639559,45,-0.8021590897041058,0.7010030191577408,-1.2866548985301587,1,False
EFF_MID__EXT_HIGH,360,240,80,0.45,-79.56408166489001,-0.9945510208111251,0.7555254612094405,127.78766434356945,8,35,-2.7512157002500586,0.41548350457958877,45,0.3717437298636004,1.1040906626426472,-2.7512157002500586,1,False
EFF_MID__EXT_HIGH,360,360,80,0.4625,-28.92247746863174,-0.3615309683578968,0.9136191080302567,99.17728687124514,8,35,-1.8024885378382713,0.5800170036664671,45,0.7592138079046171,1.1850622734999876,-1.8024885378382713,3,False
EFF_MID__EXT_HIGH,360,480,80,0.55,15.470616824482235,0.19338271030602794,1.0491084915885305,86.69179548594626,8,35,-0.45831141734072645,0.8791861154051825,45,0.7002559206979477,1.1728972701709488,-0.45831141734072645,1,False
EFF_HIGH__EXT_LOW,60,120,27,0.3333333333333333,28.80321224535541,1.066785638716867,1.8310519175607747,14.340336784176186,8,10,1.0437665823005824,1.70871626623061,17,1.0803262601382106,1.9214483217162985,1.0437665823005824,0,False
EFF_HIGH__EXT_LOW,60,240,27,0.4074074074074074,-1.5559345099110677,-0.057627204070780286,0.9771640354387233,29.100098776963964,7,10,0.04170202538727121,1.014550227608811,17,-0.11605616257551633,0.9500195478036418,-0.11605616257551633,0,False
EFF_HIGH__EXT_LOW,60,360,27,0.37037037037037035,40.35843716405608,1.494756932002077,1.8671951100411122,23.963170028298386,7,10,1.4457282620270633,1.6033126086072023,17,1.5235973261050262,2.1472932090103813,1.4457282620270633,0,False
EFF_HIGH__EXT_LOW,60,480,27,0.4444444444444444,25.573280990597638,0.94715855520732,1.3406608712935177,37.22705459602115,7,10,0.23618739009848427,1.0848281368092256,17,1.3653768876242824,1.4914904445168218,0.23618739009848427,0,False
EFF_HIGH__EXT_LOW,120,120,18,0.3888888888888889,29.483285867911313,1.637960325995073,1.5937988740498217,13.845187401491701,5,2,-6.922593700745851,0.0,16,2.7080295793376887,2.210063180066352,-6.922593700745851,0,False
EFF_HIGH__EXT_LOW,120,240,18,0.3888888888888889,-31.494109367632745,-1.7496727426462637,0.5313102701071168,53.995904793167426,8,2,-3.6511572274150814,0.2552035097870755,16,-1.5119871820501611,0.578478696331154,-3.6511572274150814,0,False
EFF_HIGH__EXT_LOW,120,360,18,0.4444444444444444,-23.381401440096827,-1.298966746672046,0.7317951212016701,71.48545747162916,8,2,-3.113954928605527,0.4163831737503285,16,-1.0720932239303609,0.7757894048914638,-3.113954928605527,0,False
EFF_HIGH__EXT_LOW,120,480,18,0.5,25.683762694623752,1.426875705256875,1.3494711680393847,60.373278997566956,8,2,-4.5126830384991505,0.3120880956292152,16,2.1693205482263784,1.5749087899138432,-4.5126830384991505,0,False
EFF_HIGH__EXT_LOW,180,120,17,0.17647058823529413,-39.09897484281259,-2.2999396966360344,0.467640747326246,59.54019415394925,10,5,-1.2905927868570515,0.5003553255260252,12,-2.720500909043944,0.46066049029434264,-2.720500909043944,0,False
EFF_HIGH__EXT_LOW,180,240,17,0.35294117647058826,-95.30155655647098,-5.605973915086529,0.19166154807130634,95.30155655647097,4,5,-2.9319746638370896,0.4882162397793286,12,-6.720140269773793,0.09648638418683624,-6.720140269773793,0,False
EFF_HIGH__EXT_LOW,180,360,17,0.35294117647058826,-106.99844633180311,-6.294026254811947,0.33072545317953683,106.99844633180312,4,5,-3.7274711730457577,0.6045465292692089,12,-7.363424205547859,0.2162623787513504,-7.363424205547859,0,False
EFF_HIGH__EXT_LOW,180,480,17,0.35294117647058826,-102.70969003082955,-6.041746472401738,0.31876300697765164,102.70969003082952,4,5,-4.10602609641172,0.529187046765638,12,-6.848296629064244,0.2331398976675911,-6.848296629064244,0,False
EFF_HIGH__EXT_LOW,240,120,27,0.37037037037037035,-14.02724829086884,-0.5195277144766237,0.8460523192005808,33.95758029925673,6,7,-3.991246110322872,0.17724636072283317,20,0.695573724069563,1.2433803311969325,-3.991246110322872,0,False
EFF_HIGH__EXT_LOW,240,240,27,0.48148148148148145,-78.46531265528472,-2.906122690936471,0.4346990675479916,78.46531265528472,4,7,-5.769125412923076,0.29778116127551824,20,-1.9040717382411594,0.5315577484599343,-5.769125412923076,0,False
EFF_HIGH__EXT_LOW,240,360,27,0.48148148148148145,-46.362087071765714,-1.7171143359913228,0.6702824735237122,62.551261945597275,4,7,-6.740816632429022,0.33142789883062485,20,0.04118146776187226,1.0117603075260184,-6.740816632429022,0,False
EFF_HIGH__EXT_LOW,240,480,27,0.5185185185185185,-26.802165581992696,-0.9926727993330628,0.8296895924237989,68.24469674858142,4,7,-3.5043885814137012,0.5846712487493756,20,-0.11357227560483878,0.9768948521825053,-3.5043885814137012,0,False
EFF_HIGH__EXT_LOW,360,120,17,0.35294117647058826,-52.30323912463574,-3.076661124978573,0.44252506416231124,66.94005756257467,4,5,-9.285683457416203,0.0031233015989076095,12,-0.48956848646289397,0.87565937205965,-9.285683457416203,0,False
EFF_HIGH__EXT_LOW,360,240,17,0.4117647058823529,69.42631895230103,4.083901114841237,2.011627697510925,25.830204279438313,3,5,8.494555632507925,2.6443067078780076,12,2.246128399146784,1.6297832125408338,2.246128399146784,0,False
EFF_HIGH__EXT_LOW,360,360,17,0.47058823529411764,110.54296695502777,6.50252746794281,3.3926341393509927,21.465444376792597,3,5,10.207748251483897,3.3777164992027893,12,4.958685474800689,3.405579432930594,4.958685474800689,0,False
EFF_HIGH__EXT_LOW,360,480,17,0.6470588235294118,181.0703035989005,10.651194329347089,4.9487843332344,22.32927633177066,2,5,17.734159864561498,4.971055667247238,12,7.699958689674418,4.927645378568605,7.699958689674418,0,False
EFF_HIGH__EXT_MID,60,120,100,0.35,-100.71175273028157,-1.0071175273028157,0.7047252614559094,104.22079625660653,9,47,-1.7585056031691457,0.5351597706456966,53,-0.3407922524779579,0.8893772910629747,-1.7585056031691457,1,False
EFF_HIGH__EXT_MID,60,240,100,0.43,-41.984289247570764,-0.41984289247570766,0.9015315544452722,145.26917028872896,5,47,-3.090833410398488,0.45305092393647545,53,1.9487713403992102,1.6424229877430467,-3.090833410398488,2,False
EFF_HIGH__EXT_MID,60,360,100,0.47,-8.333375360040552,-0.08333375360040553,0.9823234402104297,103.72762968603004,10,47,-1.7216103817763455,0.687466141909202,53,1.3694775959141083,1.341508631592382,-1.7216103817763455,1,False
EFF_HIGH__EXT_MID,60,480,100,0.45,-92.29145809432553,-0.9229145809432553,0.8134172293727631,129.58717444386303,6,47,-2.172511038896949,0.593990663818153,53,0.18521812705341617,1.0403726076970523,-2.172511038896949,0,False
EFF_HIGH__EXT_MID,120,120,116,0.3620689655172414,-159.5720164086504,-1.3756208311090552,0.6103207735262606,209.80155843496487,9,49,-4.1001067176314265,0.16651748255895069,67,0.6169136232132758,1.2453698413399954,-4.1001067176314265,1,False
EFF_HIGH__EXT_MID,120,240,116,0.4051724137931034,-160.32408569918758,-1.382104187061962,0.7077554490132956,291.3102336518426,8,49,-5.503440496507313,0.23328664610561015,67,1.6320074422338924,1.5553994316354622,-5.503440496507313,1,False
EFF_HIGH__EXT_MID,120,360,116,0.43103448275862066,-156.51066712136975,-1.3492298889773253,0.7327539675112384,322.6243999334327,8,49,-5.797967468311514,0.3067887486468624,67,1.9043244600879765,1.7257240874831927,-5.797967468311514,1,False
EFF_HIGH__EXT_MID,120,480,116,0.39655172413793105,-217.1564575242647,-1.8720384269333166,0.6743496396321526,381.1432076734953,14,49,-6.65400727106032,0.2516226343763175,67,1.6252223695177754,1.4710417724939595,-6.65400727106032,0,False
EFF_HIGH__EXT_MID,180,120,111,0.36936936936936937,-100.61148725648435,-0.9064097951034626,0.6942756077457265,124.90218882320178,12,39,-2.9362273909874315,0.28498134090096705,72,0.1930747360003537,1.082286666956474,-2.9362273909874315,1,False
EFF_HIGH__EXT_MID,180,240,111,0.45045045045045046,-41.47980317618015,-0.3736919205061275,0.90237636113461,183.89820044960052,6,39,-4.213940217203852,0.3638799364300986,72,1.7064425735384734,1.7377356802231267,-4.213940217203852,2,False
EFF_HIGH__EXT_MID,180,360,111,0.4774774774774775,51.69306988077506,0.4657033322592348,1.1127707675156708,192.2576547404745,10,39,-4.185919198287111,0.38951242052956897,72,2.9853322029718385,2.1254781425275113,-4.185919198287111,3,False
EFF_HIGH__EXT_MID,180,480,111,0.5045045045045045,150.02110015492596,1.3515414428371708,1.3310578598319216,222.92595015333848,10,39,-4.862992291422722,0.3550885225544271,72,4.717747215561278,3.135331351344624,-4.862992291422722,3,False
EFF_HIGH__EXT_MID,240,120,105,0.4,-7.334695435297536,-0.06985424224092891,0.9725604049223661,44.02345021787884,11,36,-1.2016497106034736,0.5985185861690986,69,0.5206477412525723,1.2251570755253625,-1.2016497106034736,1,False
EFF_HIGH__EXT_MID,240,240,105,0.47619047619047616,-105.5727001995572,-1.0054542876148305,0.7810413729270232,172.58969433954206,7,36,-2.5417537705322255,0.5576322460076739,69,-0.20390673131010278,0.9488954903329387,-2.5417537705322255,0,False
EFF_HIGH__EXT_MID,240,360,105,0.4666666666666667,20.899005840610965,0.19903815086296156,1.0459465741554985,157.56168529357365,11,36,-1.0176568854923627,0.820822019338105,69,0.833835561135305,1.2297807331329418,-1.0176568854923627,3,False
EFF_HIGH__EXT_MID,240,480,105,0.5238095238095238,89.68730549822307,0.8541648142687911,1.1916116685507439,136.63220432642203,10,36,-1.1816151835586013,0.7959511133006606,69,1.9163109000917788,1.5093475291835332,-1.1816151835586013,3,False
EFF_HIGH__EXT_MID,360,120,110,0.34545454545454546,-133.46759508443424,-1.2133417734948566,0.6778997609172578,166.3793549720477,15,41,-2.9685915391647204,0.40783223807360147,69,-0.1703672750533441,0.9437085214938258,-2.9685915391647204,1,False
EFF_HIGH__EXT_MID,360,240,110,0.38181818181818183,-305.2887238328872,-2.775352034844429,0.5067097327313742,305.28872383288694,9,41,-2.356209110009515,0.6611617857735225,69,-3.0244079756883626,0.37478011440100945,-3.0244079756883626,0,False
EFF_HIGH__EXT_MID,360,360,110,0.41818181818181815,-270.38264694346174,-2.4580240631223793,0.5827302061208336,270.38264694346196,8,41,-1.3625858809603977,0.8057986637624212,69,-3.108936606146166,0.4046327735988284,-3.108936606146166,0,False
EFF_HIGH__EXT_MID,360,480,110,0.39090909090909093,-248.3967316195509,-2.258152105632281,0.6817799670888705,273.2740271827742,8,41,-0.788558921574927,0.8965222679177262,69,-3.1313886352895492,0.5384574676356104,-3.1313886352895492,0,False
EFF_HIGH__EXT_HIGH,60,120,162,0.3395061728395062,-175.51674228691772,-1.0834366807834428,0.6594877538689545,237.75130104201872,14,77,-2.8412710750566403,0.27973780839993156,85,0.5089544763816898,1.204349579271047,-2.8412710750566403,2,False
EFF_HIGH__EXT_HIGH,60,240,162,0.41975308641975306,-353.75143841977734,-2.18365085444307,0.5679493850039383,383.7513360807959,20,77,-4.774200480631953,0.2495595049648405,85,0.1630823363397995,1.0421453146670083,-4.774200480631953,1,False
EFF_HIGH__EXT_HIGH,60,360,162,0.4506172839506173,-211.9293639051813,-1.3082059500319834,0.737528992245783,409.2519472550526,17,77,-4.90875576865191,0.23636890302636168,85,1.953468591541363,1.5313952933736286,-4.90875576865191,1,False
EFF_HIGH__EXT_HIGH,60,480,162,0.4506172839506173,-266.48461131904,-1.6449667365372842,0.7206189822725207,433.8933308666535,17,77,-4.3363719566709795,0.39332466121183396,85,0.7931297569955936,1.1670940594643546,-4.3363719566709795,1,False
EFF_HIGH__EXT_HIGH,120,120,163,0.39263803680981596,-168.28952402032377,-1.0324510676093483,0.6833657327637257,210.1707386175604,11,73,-2.114020463457068,0.4104374339452744,90,-0.15517811319953145,0.9482232720594702,-2.114020463457068,1,False
EFF_HIGH__EXT_HIGH,120,240,163,0.4723926380368098,-112.23325730047785,-0.6885475908004776,0.8474863664168443,168.67752289953918,16,73,-1.9844687820122549,0.5687606834718992,90,0.36258848651574216,1.0815905680250293,-1.9844687820122549,2,False
EFF_HIGH__EXT_HIGH,120,360,163,0.50920245398773,39.458379658758716,0.24207594882674058,1.0565109143213705,175.62094665144735,11,73,-1.4688380473929152,0.6639280310702111,90,1.6298173013160175,1.3868346359281953,-1.4688380473929152,3,False
EFF_HIGH__EXT_HIGH,120,480,163,0.5030674846625767,-36.15685819576221,-0.22182121592492154,0.9547053090619148,251.1265409569976,11,73,-0.24584844914461965,0.9432661240388093,90,-0.20233246009116618,0.9622140228287079,-0.24584844914461965,2,False
EFF_HIGH__EXT_HIGH,180,120,169,0.4437869822485207,26.6106914871989,0.1574597129420053,1.058184129370872,145.74384284362353,10,70,-1.8155468481452435,0.4370184810577079,99,1.5525148571451108,1.6636064880171602,-1.8155468481452435,3,False
EFF_HIGH__EXT_HIGH,180,240,169,0.5207100591715976,189.7463984081807,1.1227597538945604,1.2952363470223311,155.48171058148458,7,70,-1.12659092640465,0.7181817786912902,99,2.713209729863699,1.740246463376005,-1.12659092640465,4,False
EFF_HIGH__EXT_HIGH,180,360,169,0.5857988165680473,467.0938294777962,2.763868813478084,1.9001362701630187,99.82646161443253,7,70,-0.5867026283195816,0.843129192461015,99,5.132959731920877,2.9764268017752573,-0.5867026283195816,3,False
EFF_HIGH__EXT_HIGH,180,480,169,0.5207100591715976,356.3750001269134,2.108727811401854,1.5609681022626638,161.3137990528029,7,70,-0.33166537362035997,0.9239512613611149,99,3.834258346266046,2.1502768420275578,-0.33166537362035997,3,False
EFF_HIGH__EXT_HIGH,240,120,165,0.46060606060606063,39.867817615538,0.24162313706386668,1.093877466453284,114.14926096741657,8,64,-1.4072498090802048,0.5231169805201897,101,1.2864535187789217,1.5509796667815643,-1.4072498090802048,2,False
EFF_HIGH__EXT_HIGH,240,240,165,0.5212121212121212,144.20929718529945,0.8739957405169664,1.2226693453458233,151.33726964633013,10,64,-1.4129042460634336,0.6472966470886744,101,2.323120484488705,1.5996921561559654,-1.4129042460634336,3,False
EFF_HIGH__EXT_HIGH,240,360,165,0.6242424242424243,471.8071170416702,2.8594370729798193,1.9145602365729422,131.22975490074117,5,64,-0.9473225355236516,0.7624603563525229,101,5.271641181338454,3.0427367830606746,-0.9473225355236516,4,False
EFF_HIGH__EXT_HIGH,240,480,165,0.5636363636363636,410.4406908968413,2.487519338768735,1.7197936861449181,176.2612759684693,7,64,-0.3422008278499751,0.9177857360148761,101,4.280609345339008,2.4229606271147746,-0.3422008278499751,4,False
EFF_HIGH__EXT_HIGH,360,120,160,0.4375,6.326451621813334,0.039540322636333336,1.0146606358121915,141.8348600145015,13,56,-1.659572986574275,0.4453701035840325,104,0.9544474891343531,1.376048215536319,-1.659572986574275,2,False
EFF_HIGH__EXT_HIGH,360,240,160,0.4875,131.550616811891,0.8221913550743187,1.2015940483683756,172.51550443680208,10,56,-1.5704378795197387,0.6047929049757352,104,2.110530173701888,1.5104248483930216,-1.5704378795197387,3,False
EFF_HIGH__EXT_HIGH,360,360,160,0.59375,479.7797996186863,2.998623747616789,1.9552582632993867,141.38937347094856,15,56,-0.9586426880012565,0.7376825342491333,104,5.129459520641892,2.7925611880828054,-0.9586426880012565,4,False
EFF_HIGH__EXT_HIGH,360,480,160,0.54375,374.4596293307748,2.3403726833173426,1.6066258179992912,208.63173068769117,8,56,-0.9892607141323299,0.7877156655780396,104,4.133252205021012,2.2063874060782975,-0.9892607141323299,4,False
RV_LOW__RANGE_LOW,60,120,268,0.35447761194029853,-366.5230683525101,-1.3676233893750378,0.4920569352631936,366.5230683525106,23,96,-2.7024431061424257,0.23090725044885618,172,-0.6226077335048678,0.7213105384670948,-2.7024431061424257,0,False
RV_LOW__RANGE_LOW,60,240,268,0.376865671641791,-209.3741765719877,-0.7812469275074168,0.7909605735034566,275.0328976675569,15,96,-2.2658984011649164,0.5585085658620641,172,0.04739575546421073,1.0160192020575458,-2.2658984011649164,1,False
RV_LOW__RANGE_LOW,60,360,268,0.417910447761194,-83.56140093809454,-0.3117962721570692,0.9213644215208593,315.440357004389,16,96,-2.3492528470608534,0.5727114804321636,172,0.8253887929055078,1.2654437201089788,-2.3492528470608534,1,False
RV_LOW__RANGE_LOW,60,480,268,0.4141791044776119,-195.83587231130355,-0.7307308668332222,0.8499066405709249,304.3016811790314,15,96,-2.2186404123868644,0.5869813652196012,172,0.09973027487113675,1.021739000619355,-2.2186404123868644,0,False
RV_LOW__RANGE_LOW,120,120,264,0.3333333333333333,-420.9601587789573,-1.5945460559808988,0.40206681033945385,423.7271051289085,24,69,-2.72940943583629,0.23083941594756197,195,-1.1929790138782224,0.493372056470554,-2.72940943583629,0,False
RV_LOW__RANGE_LOW,120,240,264,0.4053030303030303,-174.19690574506035,-0.6598367641858347,0.8077991942263183,209.02067944726264,27,69,-1.4623333021942166,0.6760298799511305,195,-0.3758764507367149,0.8767879431306469,-1.4623333021942166,0,False
RV_LOW__RANGE_LOW,120,360,264,0.4393939393939394,-131.1878158369774,-0.4969235448370356,0.8687980822721347,236.24946276901608,11,69,-1.751863209474088,0.6658700888097047,195,-0.052867971196232516,0.9838443674371842,-1.751863209474088,0,False
RV_LOW__RANGE_LOW,120,480,264,0.4128787878787879,-261.8583875796285,-0.9918878317410171,0.8041105317971958,455.0444880319955,17,69,-1.4378431279984816,0.7211392968410534,195,-0.8340882653729915,0.8342014205796688,-1.4378431279984816,0,False
RV_LOW__RANGE_LOW,180,120,254,0.31496062992125984,-425.7957566953279,-1.6763612468319995,0.3898582413403253,428.043038665217,27,70,-2.930104667809196,0.2357362644799389,184,-1.1993936410254578,0.4861631034057329,-2.930104667809196,0,False
RV_LOW__RANGE_LOW,180,240,254,0.4094488188976378,-166.10683146941983,-0.6539639034229128,0.8046337951781082,188.87829752574294,28,70,-1.1015113321014482,0.7533155170302074,184,-0.4837012946865137,0.8344673990975443,-1.1015113321014482,1,False
RV_LOW__RANGE_LOW,180,360,254,0.43700787401574803,-205.15986827969846,-0.8077160168492066,0.7883552929428368,279.4010451047659,13,70,-1.0072677229209215,0.8001484270573436,184,-0.7317996069306194,0.781607009355624,-1.0072677229209215,0,False
RV_LOW__RANGE_LOW,180,480,254,0.41338582677165353,-330.13325865810015,-1.299737238811418,0.7440456462634365,525.9234935267725,14,70,-0.7421303181330209,0.8465276276129907,184,-1.5118703064608083,0.7075813124126268,-1.5118703064608083,0,False
RV_LOW__RANGE_LOW,240,120,270,0.2814814814814815,-519.1407249718308,-1.9227434258215954,0.3252467852446928,520.0443961998737,29,79,-2.9058910395009026,0.21853582713628208,191,-1.5161012191165417,0.3911566426646354,-2.9058910395009026,0,False
RV_LOW__RANGE_LOW,240,240,270,0.3851851851851852,-371.88800071864387,-1.377362965624607,0.596162340396565,375.90833256323805,33,79,-1.8850993343640252,0.5913344396790358,191,-1.167356823580554,0.599323948340899,-1.8850993343640252,0,False
RV_LOW__RANGE_LOW,240,360,270,0.4074074074074074,-422.3884011366446,-1.5644014856912762,0.5992532548362421,481.16415141183097,14,79,-1.5645269070833585,0.6811933723544964,191,-1.5643496098275353,0.5515772541533716,-1.5645269070833585,0,False
RV_LOW__RANGE_LOW,240,480,270,0.3925925925925926,-661.7091652831238,-2.4507746862337916,0.5104802761602152,789.2715428494554,18,79,-1.2359163337574282,0.7350108050929592,191,-2.9532553660538583,0.4263446170926235,-2.9532553660538583,0,False
RV_LOW__RANGE_LOW,360,120,284,0.3028169014084507,-549.4203863907678,-1.934578825319605,0.33327124997509927,550.3240576188101,31,78,-2.3843140157927287,0.27256787596794324,206,-1.7642907434899757,0.3605755032313054,-2.3843140157927287,0,False
RV_LOW__RANGE_LOW,360,240,284,0.3732394366197183,-302.9248367599839,-1.066636749154873,0.7051928117474955,361.5636454881449,35,78,-0.6131542990185357,0.8411572051899554,206,-1.2383436962938745,0.6488395236318161,-1.2383436962938745,0,False
RV_LOW__RANGE_LOW,360,360,284,0.4154929577464789,-128.66377284236356,-0.4530414536702942,0.8750820440541487,340.0291034245907,15,78,0.26661002818729046,1.076102675576309,206,-0.7255308497134577,0.8024929729700707,-0.7255308497134577,0,False
RV_LOW__RANGE_LOW,360,480,284,0.4014084507042254,-276.94037566310124,-0.9751421678278213,0.7851178348312008,486.2506057766286,19,78,0.737356794007158,1.237574965657049,206,-1.6235641048332994,0.6804722280174056,-1.6235641048332994,0,False
RV_LOW__RANGE_MID,60,120,85,0.2,-265.0225957860181,-3.117912891600213,0.20843806425072667,266.83760402768405,13,29,-3.7414921637004954,0.24454066813998837,56,-2.794987911405424,0.18131626640124576,-3.7414921637004954,0,False
RV_LOW__RANGE_MID,60,240,85,0.32941176470588235,-293.73206046150995,-3.4556712995471757,0.3295999102703393,308.2394637997453,10,29,-3.7196904697600095,0.3070803645881017,56,-3.318947086401244,0.3420110538145691,-3.7196904697600095,0,False
RV_LOW__RANGE_MID,60,360,85,0.43529411764705883,-168.86486333841418,-1.9866454510401668,0.5345589759876966,173.10562151847134,13,29,-1.8949826656175972,0.5830491982866638,56,-2.034113679205426,0.5068926945398607,-2.034113679205426,0,False
RV_LOW__RANGE_MID,60,480,85,0.4117647058823529,-134.82088526257385,-1.5861280619126337,0.6543651532835929,163.43717914288598,13,29,-2.505224397233752,0.5029695630536917,56,-1.1101674596927684,0.7450990872685502,-2.505224397233752,0,False
RV_LOW__RANGE_MID,120,120,75,0.36,-106.13554417240141,-1.415140588965352,0.5423248207564919,106.13554417240144,8,28,-2.587494002092857,0.2960946821668587,47,-0.7167172790170512,0.7388217121626959,-2.587494002092857,1,False
RV_LOW__RANGE_MID,120,240,75,0.3466666666666667,-165.2206696063439,-2.2029422614179186,0.5590284698125845,187.30622145122976,8,28,-2.3338312093550115,0.5326783155253634,47,-2.124965866902204,0.5747184163469015,-2.3338312093550115,0,False
RV_LOW__RANGE_MID,120,360,75,0.3333333333333333,-62.74580717636794,-0.8366107623515725,0.7920540160213558,125.0378086900888,9,28,-0.5868089742951028,0.848569719543019,47,-0.9854288488532995,0.7603204363449885,-0.9854288488532995,1,False
RV_LOW__RANGE_MID,120,480,75,0.4,-100.17254620064895,-1.335633949341986,0.6963021461502598,145.41019254198596,8,28,0.047866550163819035,1.0189474812868584,47,-2.1598470128773584,0.6082206307892669,-2.1598470128773584,1,False
RV_LOW__RANGE_MID,180,120,97,0.4020618556701031,-126.27583621691787,-1.301812744504308,0.5685853978699792,129.27842204566062,12,25,-1.5407778337705247,0.5949120989771732,72,-1.2188387551757598,0.5559172731322031,-1.5407778337705247,0,False
RV_LOW__RANGE_MID,180,240,97,0.38144329896907214,-167.5381571011802,-1.7271974958884555,0.6136100446818559,198.63758316627636,11,25,-0.48075288682695344,0.8875475727374044,72,-2.159990762923699,0.523997336990868,-2.159990762923699,0,False
RV_LOW__RANGE_MID,180,360,97,0.4020618556701031,4.6599442507541395,0.04804066237890865,1.0128447474018145,111.72957804865206,12,25,-0.31925859155958597,0.9170014008933559,72,0.1755751255519972,1.0474125105053773,-0.31925859155958597,2,False
RV_LOW__RANGE_MID,180,480,97,0.4020618556701031,-100.61865594321961,-1.037305731373398,0.7823938958619442,183.0057063328976,12,25,0.5376044063503624,1.1784252950879337,72,-1.584149529194148,0.7053222337718427,-1.584149529194148,1,False
RV_LOW__RANGE_MID,240,120,97,0.4329896907216495,-104.613559538321,-1.0784903045187733,0.6449229090470119,167.23795850690806,9,25,0.5371614349774914,1.1996628814977248,72,-1.639480491843865,0.4808200637636802,-1.639480491843865,0,False
RV_LOW__RANGE_MID,240,240,97,0.4536082474226804,17.105693521681754,0.17634735589362632,1.0396616771495797,227.80953164249863,6,25,2.622948236357506,2.0485532942258535,72,-0.6731668387118879,0.8685623589182542,-0.6731668387118879,2,False
RV_LOW__RANGE_MID,240,360,97,0.4948453608247423,220.17770207347326,2.2698732172523015,1.631410535023741,147.60283318325153,8,25,2.513148380125649,2.12017773183908,72,2.185402674587946,1.5377255556228042,2.185402674587946,4,False
RV_LOW__RANGE_MID,240,480,97,0.5154639175257731,216.0197667660924,2.227007904805076,1.4983271805446003,167.8079622830021,8,25,2.974978331753223,2.4858158821285574,72,1.9672959510036365,1.3694129466709801,1.9672959510036365,4,False
RV_LOW__RANGE_MID,360,120,80,0.4625,28.50995571473178,0.3563744464341473,1.1571505885603333,90.34800233191913,10,30,-1.316210953797417,0.6500108267046157,50,1.359925686573086,1.9912501487528491,-1.316210953797417,3,False
RV_LOW__RANGE_MID,360,240,80,0.4375,44.67457518511647,0.5584321898139558,1.1833779889626155,110.32684573096805,10,30,-1.9252581876752912,0.5953782542252297,50,2.0486464163075047,2.0154368659022386,-1.9252581876752912,3,False
RV_LOW__RANGE_MID,360,360,80,0.3875,25.147231903097033,0.3143403987887129,1.0937395497004292,138.0706084082944,12,30,-2.9468327461150325,0.4872203465162237,50,2.2710442857309605,2.1845186681046167,-2.9468327461150325,3,False
RV_LOW__RANGE_MID,360,480,80,0.4125,-83.30426639607518,-1.0413033299509398,0.8002970193854474,173.65319695875817,10,30,-3.6941238319965906,0.4384677409834501,50,0.5503889712764505,1.1252128493512759,-3.6941238319965906,1,False
RV_LOW__RANGE_HIGH,60,120,14,0.2857142857142857,1.3260209661442977,0.09471578329602126,1.0310233723460356,20.258080466628336,4,4,-3.6618597265416915,0.2889999199326147,10,1.5973459872311067,1.721427362604608,-3.6618597265416915,0,False
RV_LOW__RANGE_HIGH,60,240,14,0.2857142857142857,23.124992379395948,1.6517851699568535,1.5380680764062349,27.03220799333046,6,4,-1.914343788777611,0.49634524139349784,10,3.07823675345064,2.1083079903925914,-1.914343788777611,0,False
RV_LOW__RANGE_HIGH,60,360,14,0.42857142857142855,56.47400811537259,4.033857722526614,2.4687587142091,21.497115077681848,4,4,-1.7808210437128844,0.5544838537364788,10,6.3597292290224114,3.831413167624018,-1.7808210437128844,0,False
RV_LOW__RANGE_HIGH,60,480,14,0.42857142857142855,34.42960575347021,2.459257553819301,1.5148859582422198,58.44480734280546,6,4,0.4755042717628861,1.2257961339653645,10,3.2527588666418668,1.5565522438226123,0.4755042717628861,0,False
RV_LOW__RANGE_HIGH,120,120,3,0.3333333333333333,12.104139495677755,4.034713165225918,1.815445244045637,14.84359567250151,2,2,-7.421797836250755,0.0,1,26.947735168179264,,-7.421797836250755,0,False
RV_LOW__RANGE_HIGH,120,240,3,0.3333333333333333,18.173127484493932,6.057709161497978,1.8572869840610258,21.198417592212365,2,2,-10.599208796106183,0.0,1,39.3715450767063,,-10.599208796106183,0,False
RV_LOW__RANGE_HIGH,120,360,3,0.3333333333333333,11.741191206283904,3.9137304020946346,1.6369422518059542,18.433682446082855,2,2,-9.216841223041428,0.0,1,30.17487365236676,,-9.216841223041428,0,False
RV_LOW__RANGE_HIGH,120,480,3,0.6666666666666666,18.157674698238456,6.052558232746152,2.048072332238405,17.324829727599496,1,2,-7.828633768215754,0.0962527319106324,1,33.814942234669964,,-7.828633768215754,0,False
RV_LOW__RANGE_HIGH,180,120,7,0.14285714285714285,-26.744121908320608,-3.820588844045801,0.12033049548515302,30.402465665864426,6,4,-5.918639407532433,0.0,3,-1.0231880927302912,0.5437565047133296,-5.918639407532433,0,False
RV_LOW__RANGE_HIGH,180,240,7,0.2857142857142857,-15.364429684688282,-2.1949185263840403,0.7015293235331931,51.47718317446495,5,4,-10.787311984311446,0.0,3,9.261606084185834,4.336339375981423,-10.787311984311446,0,False
RV_LOW__RANGE_HIGH,180,360,7,0.2857142857142857,-3.050233654918147,-0.4357476649883067,0.9340441536963849,46.24660020094324,5,4,-10.309681907027574,0.0,3,12.72949799106405,8.625692031454586,-10.309681907027574,0,False
RV_LOW__RANGE_HIGH,180,480,7,0.5714285714285714,4.333326270536642,0.6190466100766632,1.0888002960585628,48.79855656876262,3,4,-11.782748594398658,0.03417236714406106,3,17.154773549377094,,-11.782748594398658,0,False
RV_LOW__RANGE_HIGH,240,120,3,0.3333333333333333,-5.313197483993662,-1.7710658279978873,0.7528669629966442,21.49934119864968,2,2,-10.74967059932484,0.0,1,16.18614371465602,,-10.74967059932484,0,False
RV_LOW__RANGE_HIGH,240,240,3,0.3333333333333333,11.756519691225229,3.918839897075076,1.4127493300079454,28.48343737105258,2,2,-14.24171868552629,0.0,1,40.23995706227781,,-14.24171868552629,0,False
RV_LOW__RANGE_HIGH,240,360,3,0.3333333333333333,7.722940271668602,2.5743134238895338,1.309666275752277,24.93955873272653,2,2,-12.469779366363264,0.0,1,32.66249900439513,,-12.469779366363264,0,False
RV_LOW__RANGE_HIGH,240,480,3,0.3333333333333333,-8.435557028486098,-2.8118523428286992,0.7608730708429431,35.27648290479941,2,2,-17.638241452399704,0.0,1,26.84092587631331,,-17.638241452399704,0,False
RV_LOW__RANGE_HIGH,360,120,8,0.125,-2.521473574577822,-0.31518419682222776,0.9133693032625695,26.12846605385519,4,3,-8.261091262008199,0.0,5,4.452360042289355,6.1499374409029075,-8.261091262008199,0,False
RV_LOW__RANGE_HIGH,360,240,8,0.5,4.4091585571922,0.551144819649025,1.116362005200896,37.891737509850415,4,3,-12.026227554442377,0.0,5,8.097568244103865,23.33128319209917,-12.026227554442377,0,False
RV_LOW__RANGE_HIGH,360,360,8,0.625,28.02816313991577,3.503520392489471,1.756285371028987,37.06030053415049,3,3,-12.353433511383498,0.0,5,13.017692734813252,,-12.353433511383498,0,False
RV_LOW__RANGE_HIGH,360,480,8,0.625,10.949570265460743,1.3686962831825928,1.2232474598183052,49.046785456695815,3,3,-16.34892848556527,0.0,5,11.99927114443131,,-16.34892848556527,0,False
RV_MID__RANGE_LOW,60,120,70,0.3142857142857143,-208.2498517659292,-2.9749978823704173,0.23787918589386536,209.36241761338053,12,28,-1.829554816981819,0.4063919754027315,42,-3.738626592629482,0.16009222924319583,-3.738626592629482,0,False
RV_MID__RANGE_LOW,60,240,70,0.4142857142857143,-111.5388402280972,-1.5934120032585315,0.5818005023846049,156.989534343123,5,28,-0.05524387406801672,0.9774124499064535,42,-2.6188574227188743,0.4451309451240963,-2.6188574227188743,1,False
RV_MID__RANGE_LOW,60,360,70,0.42857142857142855,-62.57832839997547,-0.8939761199996495,0.7533656439238929,133.4886032420636,9,28,1.3600047926489325,1.5525850583159273,42,-2.3966300617653715,0.45535983396567176,-2.3966300617653715,1,False
RV_MID__RANGE_LOW,60,480,70,0.45714285714285713,-41.19365770755359,-0.5884808243936227,0.8605225015980559,126.35235381346621,7,28,1.6186549733982218,1.4827973482196437,42,-2.0599046895881856,0.5705724831772276,-2.0599046895881856,1,False
RV_MID__RANGE_LOW,120,120,56,0.42857142857142855,-117.49744885136306,-2.098168729488626,0.4995866394822413,122.09016433727928,6,23,-1.9625043125830823,0.45554956913166356,33,-2.1927227170288535,0.5236221016375519,-2.1927227170288535,0,False
RV_MID__RANGE_LOW,120,240,56,0.35714285714285715,-126.34557548185,-2.2561709907473215,0.5888071604686921,169.84706231356978,10,23,-0.4476009799723412,0.8471602540182188,33,-3.5166894831056412,0.516271820864499,-3.5166894831056412,0,False
RV_MID__RANGE_LOW,120,360,56,0.5,-10.55116797187295,-0.18841371378344554,0.9607888679366584,130.12364539244064,5,23,1.2747771044177074,1.5280512566395992,33,-1.2082133749539454,0.8133040480153013,-1.2082133749539454,1,False
RV_MID__RANGE_LOW,120,480,56,0.5,66.54342290271539,1.1882754089770606,1.243336945413614,91.39233240718804,4,23,1.2748593462958122,1.453016667076321,33,1.127929028421567,1.1783188876744264,1.127929028421567,2,False
RV_MID__RANGE_LOW,180,120,69,0.4782608695652174,-63.22183961546848,-0.9162585451517171,0.7139945887184818,116.73623144991436,7,28,-0.5383469798685303,0.7969078248680053,41,-1.1743444921743815,0.6720828424277064,-1.1743444921743815,0,False
RV_MID__RANGE_LOW,180,240,69,0.2898550724637681,-130.85718628994454,-1.8964809607238338,0.6359073504903848,186.8691148717336,26,28,-1.6230558722977053,0.6516434549937195,41,-2.0832102894050917,0.6269407969177827,-2.0832102894050917,0,False
RV_MID__RANGE_LOW,180,360,69,0.391304347826087,-4.644941079196336,-0.06731798665501935,0.9845952567293849,126.55415103968741,10,28,-0.6050130606415832,0.8512529751840747,41,0.2998884053358052,1.0655268146686885,-0.6050130606415832,2,False
RV_MID__RANGE_LOW,180,480,69,0.42028985507246375,82.18201015835119,1.1910436254833505,1.2411350806313755,106.85815391887641,11,28,-0.4894899862999325,0.8987830087764782,41,2.3387251164573004,1.4668252899847278,-0.4894899862999325,4,False
RV_MID__RANGE_LOW,240,120,75,0.4266666666666667,-22.86092641630358,-0.30481235221738107,0.8707341808138612,68.04299647594966,10,20,-0.8360957691636278,0.6746010919709187,55,-0.11161838241874589,0.9510691859237734,-0.8360957691636278,2,False
RV_MID__RANGE_LOW,240,240,75,0.22666666666666666,-93.35304181209247,-1.244707224161233,0.6854605504369283,148.6564463467708,26,20,-2.8736635280605443,0.42561517382899783,55,-0.6523594772887559,0.8176212830997951,-2.8736635280605443,1,False
RV_MID__RANGE_LOW,240,360,75,0.3466666666666667,2.0307386187959295,0.02707651491727906,1.0085819472476907,92.78386307775988,14,20,-2.1967095124213474,0.4969766696734302,55,0.8357259794040525,1.3078925660648468,-2.1967095124213474,3,False
RV_MID__RANGE_LOW,240,480,75,0.37333333333333335,107.72515464687324,1.4363353952916431,1.3482356150584502,129.65983843242321,14,20,-1.0825043038957998,0.6958712373499834,55,2.3522771040870762,1.543231989333302,-1.0825043038957998,3,False
RV_MID__RANGE_LOW,360,120,56,0.375,-5.9873535035735514,-0.10691702684952771,0.9529525427566642,50.64489983238807,6,20,-2.187305562057183,0.3546034739268937,36,1.0488543815991695,1.6348117721935818,-2.187305562057183,2,False
RV_MID__RANGE_LOW,360,240,56,0.32142857142857145,-49.45780961453593,-0.8831751716881416,0.7819529698234601,88.51016699366804,16,20,-4.192002028879704,0.2695770454034061,36,0.9550619711960601,1.3068776572566279,-4.192002028879704,0,False
RV_MID__RANGE_LOW,360,360,56,0.32142857142857145,-8.848285726867488,-0.15800510226549086,0.9597527388146708,84.09478188726084,12,20,-4.07593512033989,0.2701972043139849,36,2.0186226855536207,1.6719502028346533,-4.07593512033989,1,False
RV_MID__RANGE_LOW,360,480,56,0.39285714285714285,-11.379123559735973,-0.20319863499528523,0.9602646362165316,87.3510092440433,11,20,-3.8382780781370416,0.34290662300245195,36,1.816289944527913,1.3856543322585744,-3.8382780781370416,1,False
RV_MID__RANGE_MID,60,120,129,0.3875968992248062,-143.80219687813087,-1.1147457122335727,0.5835428945847848,154.4554945852677,10,63,-1.8654532246306736,0.45498316349780343,66,-0.3981612685817947,0.7973359802392823,-1.8654532246306736,1,False
RV_MID__RANGE_MID,60,240,129,0.4108527131782946,-279.7732800717679,-2.16878511683541,0.47762969598168825,301.5045246721526,10,63,-2.8372416235180435,0.4062206620211783,66,-1.5307129968201694,0.5692779766180346,-2.8372416235180435,0,False
RV_MID__RANGE_MID,60,360,129,0.4108527131782946,-275.44444591535256,-2.1352282629097097,0.5599739634910178,307.35236586228706,10,63,-1.988165321643812,0.6194870294911002,66,-2.2756065250271575,0.493969817001979,-2.2756065250271575,0,False
RV_MID__RANGE_MID,60,480,129,0.49612403100775193,-269.6544852545261,-2.0903448469343107,0.6465218612579174,319.6376139458406,10,63,-2.0042134552335598,0.6764204862375703,66,-2.172561175375937,0.615213636454493,-2.172561175375937,0,False
RV_MID__RANGE_MID,120,120,147,0.30612244897959184,-156.74473076557013,-1.066290685480069,0.6090156764484905,156.74473076557,11,60,-2.4785381796448926,0.3653685498373178,87,-0.0923268964008802,0.9517771451652048,-2.4785381796448926,0,False
RV_MID__RANGE_MID,120,240,147,0.41496598639455784,-52.41329880368662,-0.35655305308630353,0.8940105610081832,189.02552023303085,15,60,-2.460178866196884,0.5184808853592434,87,1.0942233697485795,1.5064712192138145,-2.460178866196884,1,False
RV_MID__RANGE_MID,120,360,147,0.46938775510204084,136.7862678199903,0.9305188287074169,1.276962820541265,169.44295886892098,10,60,-1.7222094754566197,0.6686765952574328,87,2.759986624682614,2.3193250886698413,-1.7222094754566197,3,False
RV_MID__RANGE_MID,120,480,147,0.5034013605442177,82.12263233997595,0.5586573628569793,1.1375956028179042,226.49518386784536,7,60,-2.4192138188657344,0.6260303137659349,87,2.612361626114023,2.0890060868286904,-2.4192138188657344,3,False
RV_MID__RANGE_MID,180,120,117,0.27350427350427353,-188.23253775235943,-1.6088251089945251,0.4213956168918268,190.96196549955948,11,48,-2.68806520833652,0.28259002795007915,69,-0.858049387713137,0.5930070147131025,-2.68806520833652,0,False
RV_MID__RANGE_MID,180,240,117,0.37606837606837606,-111.6381740165561,-0.9541724274919325,0.7138393367590342,161.192681120219,12,48,-2.893394419818822,0.3778046976502642,69,0.3948515671702512,1.1632304866593315,-2.893394419818822,1,False
RV_MID__RANGE_MID,180,360,117,0.39316239316239315,-104.34423181247323,-0.8918310411322498,0.7741099767413292,189.89064587859914,12,48,-2.7415700936050302,0.44796511411800555,69,0.3949439518922928,1.121905774985625,-2.7415700936050302,1,False
RV_MID__RANGE_MID,180,480,117,0.46153846153846156,-124.07633783484295,-1.0604815199559225,0.774969980973039,228.98425776414732,12,48,-3.4316643720632665,0.4553897405983576,69,0.5890369858578828,1.1632781292640484,-3.4316643720632665,1,False
RV_MID__RANGE_MID,240,120,99,0.26262626262626265,-245.6419076847971,-2.4812313907555263,0.21761965840756634,256.47285463895605,19,46,-3.6699843324586756,0.1221212511553017,53,-1.4494835545603415,0.3685659561448893,-3.6699843324586756,0,False
RV_MID__RANGE_MID,240,240,99,0.3939393939393939,-237.1332630127826,-2.395285484977602,0.3850297200533619,238.740732511725,10,46,-3.4857476421014058,0.3023481443536747,53,-1.4488466316248656,0.5070266545121337,-3.4857476421014058,0,False
RV_MID__RANGE_MID,240,360,99,0.37373737373737376,-264.945919149372,-2.676221405549212,0.44947819670985767,272.44948284898805,12,46,-3.2824461266598868,0.4166446381717133,53,-2.150064100434287,0.48768576066031916,-3.2824461266598868,0,False
RV_MID__RANGE_MID,240,480,99,0.43434343434343436,-322.7369946929383,-3.2599696433630134,0.42582083329538994,332.7616476255922,12,46,-4.916443308370157,0.3251476385177199,53,-1.8222755190171906,0.5744679047981576,-4.916443308370157,0,False
RV_MID__RANGE_MID,360,120,129,0.2868217054263566,-293.76223661834285,-2.27722664045227,0.2984945328692624,293.76223661834285,16,46,-2.691131501215859,0.24659534430442795,83,-2.0478335850893177,0.3320083062263885,-2.691131501215859,0,False
RV_MID__RANGE_MID,360,240,129,0.3643410852713178,-337.95883831529085,-2.619835955932487,0.42429674306623133,337.9588383152909,13,46,-3.152623124440691,0.36163066216320305,83,-2.324556320373724,0.46385647200816016,-3.152623124440691,0,False
RV_MID__RANGE_MID,360,360,129,0.3953488372093023,-289.4453857649647,-2.243762680348564,0.5312035740836709,289.4453857649646,14,46,-2.5884340369421737,0.514649045997412,83,-2.0527400007906587,0.5421179137732013,-2.5884340369421737,0,False
RV_MID__RANGE_MID,360,480,129,0.4728682170542636,-185.36767754266526,-1.436958740640816,0.7217695774321096,211.57338867756766,13,46,-2.9631725321899487,0.522723725774122,83,-0.5911053139991277,0.8711095137864787,-2.9631725321899487,1,False
RV_MID__RANGE_HIGH,60,120,61,0.3442622950819672,-56.124492340497575,-0.9200736449261897,0.7085795564123196,91.1408673565766,10,27,-2.270392804339526,0.42605063061228765,34,0.15223862872557758,1.060338553368317,-2.270392804339526,1,False
RV_MID__RANGE_HIGH,60,240,61,0.45901639344262296,9.556075679367646,0.1566569783502893,1.0462688417202162,117.46969449208272,6,27,-3.323547482167026,0.40118699547624637,34,2.9203487558199215,2.7518708692032456,-3.323547482167026,2,False
RV_MID__RANGE_HIGH,60,360,61,0.4918032786885246,26.89248710877667,0.44086044440617494,1.1141086020017406,125.71825426155353,7,27,-3.9625932575422214,0.3526609616903736,34,3.9377207371299003,2.901797949179344,-3.9625932575422214,2,False
RV_MID__RANGE_HIGH,60,480,61,0.5081967213114754,0.589645704018833,0.00966632301670218,1.002228908964872,153.6158016507131,6,27,-4.782575045987522,0.3274841311553284,34,3.815269763108292,2.7883688612397632,-4.782575045987522,2,False
RV_MID__RANGE_HIGH,120,120,75,0.37333333333333335,-86.26693829406898,-1.1502258439209196,0.6633286583981004,138.12672024175828,8,39,-2.3088290310685986,0.3003673079661894,36,0.10492760882239921,1.0296190506986218,-2.3088290310685986,0,False
RV_MID__RANGE_HIGH,120,240,75,0.52,37.09762449490208,0.49463499326536103,1.1357523919652233,173.79920522049736,6,39,-4.4563898774486495,0.22658736599186552,36,5.8582452698722065,5.3432946369633125,-4.4563898774486495,3,False
RV_MID__RANGE_HIGH,120,360,75,0.5866666666666667,107.13078567339794,1.4284104756453058,1.3589095695417996,197.23648651555598,6,39,-5.057345808091179,0.27903547381884636,36,8.454646449693165,13.215465020929116,-5.057345808091179,3,False
RV_MID__RANGE_HIGH,120,480,75,0.5866666666666667,2.159176093588478,0.028789014581179703,1.005254781805394,226.25965266202124,5,39,-5.801529555436442,0.3248642926712188,36,6.344967465433602,4.014822124578809,-5.801529555436442,2,False
RV_MID__RANGE_HIGH,180,120,74,0.40540540540540543,-5.290560325583479,-0.0714940584538308,0.9745062163476761,122.53930969093014,5,33,-1.6232435343280498,0.28852448073269005,41,1.1774750318839553,1.3650851209328012,-1.6232435343280498,2,False
RV_MID__RANGE_HIGH,180,240,74,0.6756756756756757,225.0264192575432,3.0408975575343677,2.1675773621281484,116.02607116664382,6,33,-3.5159415505043587,0.33482533795416586,41,8.318353424980172,19.63688761131186,-3.5159415505043587,3,False
RV_MID__RANGE_HIGH,180,360,74,0.6621621621621622,216.92408417081242,2.9314065428488165,1.7973425401477456,136.75351348179672,6,33,-4.144045863084748,0.383524496433939,41,8.626282869575832,8.041496761574738,-4.144045863084748,4,False
RV_MID__RANGE_HIGH,180,480,74,0.6621621621621622,189.94986097271243,2.5668900131447625,1.5839368405868144,207.59017538697444,6,33,-6.290611375362862,0.24862961002283263,41,9.69609844779724,9.1114545958519,-6.290611375362862,3,False
RV_MID__RANGE_HIGH,240,120,79,0.4810126582278481,61.854945229111685,0.78297399024192,1.279260085804607,80.84642350843454,9,33,-1.788532017978241,0.28651620841795256,46,2.6277500396172524,1.8710389819955675,-1.788532017978241,3,False
RV_MID__RANGE_HIGH,240,240,79,0.6455696202531646,267.7860244114421,3.3896965115372417,2.0898153276124285,137.8417404550239,6,33,-4.177022438031028,0.23291811226743087,46,8.817994888401437,7.143954791341107,-4.177022438031028,4,False
RV_MID__RANGE_HIGH,240,360,79,0.6835443037974683,359.9800372118006,4.556709331794944,2.2565395602443803,149.41935564419666,6,33,-3.8340510504685565,0.3488057656543777,46,10.576167866897023,6.277162961794811,-3.8340510504685565,4,False
RV_MID__RANGE_HIGH,240,480,79,0.6835443037974683,342.6895983192798,4.337843016699744,2.0532192337698874,153.95107644188982,6,33,-4.428019305619989,0.37663050814950866,46,10.626396421842161,6.373798431339593,-4.428019305619989,4,False
RV_MID__RANGE_HIGH,360,120,76,0.5263157894736842,59.961404067636,0.7889658429952106,1.3190797114351307,65.92864668316896,7,24,-1.382644673442038,0.37094336033464803,52,1.7912476198124023,1.689101133330124,-1.382644673442038,3,False
RV_MID__RANGE_HIGH,360,240,76,0.6973684210526315,255.33846024651683,3.359716582191011,2.4947081578613095,100.70055461035123,4,24,-3.567999256252253,0.32467437292507695,52,6.557123892241749,8.74452683905391,-3.567999256252253,4,False
RV_MID__RANGE_HIGH,360,360,76,0.7631578947368421,365.3404844325251,4.807111637270067,2.7182183089936762,132.72427991563424,4,24,-3.9904371609998432,0.38291102330745064,52,8.867518774933103,9.02905461879468,-3.9904371609998432,4,False
RV_MID__RANGE_HIGH,360,480,76,0.75,335.61087894706117,4.415932617724489,2.3780315438285244,159.00405745528244,6,24,-5.561424742066063,0.28026650296172356,52,9.020866783781667,9.074557175087941,-5.561424742066063,4,False
RV_HIGH__RANGE_LOW,60,120,4,0.5,-2.918391014839261,-0.7295977537098153,0.6675245862339327,8.27631295834751,1,2,-2.1593801156198027,0.4781782355289389,2,0.7001846082001723,3.7926290015196056,-2.1593801156198027,0,False
RV_HIGH__RANGE_LOW,60,240,4,0.75,7.649818686594167,1.9124546716485418,2.231889220616688,6.209826791701809,1,2,-1.238161682754852,0.6012250504605354,2,5.063071026051936,,-1.238161682754852,0,False
RV_HIGH__RANGE_LOW,60,360,4,0.75,15.552854237528244,3.888213559382061,5.412483241056331,3.524739559986397,1,2,2.6180136967484673,2.48550759691225,2,5.158413422015655,,2.6180136967484673,0,False
RV_HIGH__RANGE_LOW,60,480,4,0.75,25.943458236531473,6.485864559132868,7.703907432458869,3.869901023829605,1,2,0.7021280110716284,1.3628661336546595,2,12.269601107194108,,0.7021280110716284,0,False
RV_HIGH__RANGE_LOW,120,120,8,0.375,-7.8531111966066085,-0.9816388995758261,0.6088778170039758,20.078409095723515,5,6,-1.9046306102323494,0.43084217445155587,2,1.787336232393744,,-1.9046306102323494,0,False
RV_HIGH__RANGE_LOW,120,240,8,0.375,8.637513058790095,1.0796891323487618,1.6125601295385659,9.850295308262819,4,6,0.5790074463700705,1.3526843175256134,2,2.5817341902848363,2.21482438655408,0.5790074463700705,0,False
RV_HIGH__RANGE_LOW,120,360,8,0.5,21.24018303450368,2.65502287931296,3.0383318468861167,9.825987919254485,3,6,1.8661537719881658,2.0745220015621246,2,5.021630201287343,,1.8661537719881658,0,False
RV_HIGH__RANGE_LOW,120,480,8,0.625,45.427213122511155,5.678401640313894,5.1290257269189645,11.001920580526015,3,6,2.8807800968069057,2.571060293912341,2,14.07126627083486,,2.8807800968069057,0,False
RV_HIGH__RANGE_LOW,180,120,5,0.2,-4.968259518223557,-0.9936519036447115,0.6351933704167011,13.618884952552975,4,2,1.6441076506008572,1.6131972787549198,3,-2.7521582731417573,0.0,-2.7521582731417573,0,False
RV_HIGH__RANGE_LOW,180,240,5,0.8,37.65962284225922,7.531924568451844,10.601481108757156,3.9222722427596377,1,2,4.432453176743884,3.2601456005130807,3,9.598238829590484,,4.432453176743884,0,False
RV_HIGH__RANGE_LOW,180,360,5,1.0,52.174153078587466,10.434830615717493,,0.0,0,2,11.54494853469026,,3,9.694752003068983,,9.694752003068983,0,False
RV_HIGH__RANGE_LOW,180,480,5,1.0,41.56103176939528,8.312206353879056,,0.0,0,2,12.178426443936573,,3,5.734726293840712,,5.734726293840712,0,False
RV_HIGH__RANGE_LOW,240,120,1,0.0,-7.216149483360001,-7.216149483360001,0.0,7.216149483360001,1,0,,,1,-7.216149483360001,0.0,-inf,0,False
RV_HIGH__RANGE_LOW,240,240,1,1.0,10.418062844290823,10.418062844290823,,0.0,0,0,,,1,10.418062844290823,,-inf,0,False
RV_HIGH__RANGE_LOW,240,360,1,1.0,11.208505818312162,11.208505818312162,,0.0,0,0,,,1,11.208505818312162,,-inf,0,False
RV_HIGH__RANGE_LOW,240,480,1,1.0,7.908202679357215,7.908202679357215,,0.0,0,0,,,1,7.908202679357215,,-inf,0,False
RV_HIGH__RANGE_LOW,360,120,3,0.0,-13.830641767101932,-4.61021392236731,0.0,13.830641767101932,3,0,,,3,-4.61021392236731,0.0,-inf,0,False
RV_HIGH__RANGE_LOW,360,240,3,0.6666666666666666,13.288168582666964,4.429389527555655,3.0374358820262484,6.522005772005821,1,0,,,3,4.429389527555655,3.0374358820262484,-inf,0,False
RV_HIGH__RANGE_LOW,360,360,3,1.0,19.2502864238916,6.416762141297199,,0.0,0,0,,,3,6.416762141297199,,-inf,0,False
RV_HIGH__RANGE_LOW,360,480,3,0.6666666666666666,15.049523757464312,5.016507919154771,67.46344302863852,0.22643310475172918,1,0,,,3,5.016507919154771,67.46344302863852,-inf,0,False
RV_HIGH__RANGE_MID,60,120,61,0.4098360655737705,-97.9414740507146,-1.6055979352576164,0.5723797023060683,105.171987933092,7,24,-4.382166163878833,0.18347700103305598,37,0.19541929411830744,1.0721365362719109,-4.382166163878833,0,False
RV_HIGH__RANGE_MID,60,240,61,0.47540983606557374,-21.0015248345705,-0.3442872923700082,0.9079619225265817,104.66530903544007,5,24,-4.361054543143337,0.27142466233801,37,2.2611833567802586,1.9898051899138036,-4.361054543143337,2,False
RV_HIGH__RANGE_MID,60,360,61,0.47540983606557374,54.04009840777961,0.885903252586551,1.2408744297169005,87.53129618646808,7,24,-2.609017685307279,0.5182727956061376,37,3.1528789960852506,2.236206842651405,-2.609017685307279,2,False
RV_HIGH__RANGE_MID,60,480,61,0.5245901639344263,51.65160367221799,0.8467476011839015,1.1807008434577653,100.22958828220776,7,24,-3.4958493416036625,0.4864141861063858,37,3.663567239748808,2.106741494004416,-3.4958493416036625,2,False
RV_HIGH__RANGE_MID,120,120,58,0.3620689655172414,-94.34915853888398,-1.6267096299807584,0.5068026600322176,103.4521520016239,9,28,-1.6880759457390582,0.49284967961515164,30,-1.5694344019396782,0.5200584085944627,-1.6880759457390582,1,False
RV_HIGH__RANGE_MID,120,240,58,0.3620689655172414,-73.44585998809552,-1.266307930829233,0.5941109781349411,111.3777028713464,9,28,-0.9213870128835088,0.6894130351811637,30,-1.588234120911909,0.5132387543973144,-1.588234120911909,1,False
RV_HIGH__RANGE_MID,120,360,58,0.39655172413793105,-50.81262962814528,-0.8760798211749187,0.7608793093227885,149.3109786205739,21,28,2.143465329663347,2.010984446468985,30,-3.694321961957299,0.2762518079045367,-3.694321961957299,1,False
RV_HIGH__RANGE_MID,120,480,58,0.4482758620689655,-55.27502962983794,-0.9530177522385851,0.7894009818230273,160.14720132638672,15,28,2.3862016819744185,1.7799072955163233,30,-4.069622557504055,0.30944165570542487,-4.069622557504055,1,False
RV_HIGH__RANGE_MID,180,120,69,0.3333333333333333,-169.50363599515995,-2.456574434712463,0.33454988167450717,174.65390823238818,11,53,-2.4258034759246785,0.3352566470873827,16,-2.5585032356969992,0.33232034326086346,-2.5585032356969992,0,False
RV_HIGH__RANGE_MID,180,240,69,0.3188405797101449,-197.20661283106372,-2.8580668526241118,0.3184799474150792,207.08584704000722,16,53,-2.882163106255755,0.32663982594044066,16,-2.7782480124692936,0.2888663672387359,-2.882163106255755,0,False
RV_HIGH__RANGE_MID,180,360,69,0.4782608695652174,12.8521980722654,0.18626374017775943,1.0705047335123472,72.44781745504044,8,53,0.47619965689707516,1.1810251134133716,16,-0.7741489839549749,0.7110583089520999,-0.7741489839549749,3,False
RV_HIGH__RANGE_MID,180,480,69,0.5072463768115942,4.780182724574729,0.06927801050108302,1.019774840430325,104.33478344803137,9,53,0.8441115963248715,1.2450199067238545,16,-2.497358242540219,0.32437222590809556,-2.497358242540219,3,False
RV_HIGH__RANGE_MID,240,120,63,0.3492063492063492,-114.97707072170819,-1.8250328685985426,0.4637194186820579,114.97707072170819,12,53,-1.6306170445670667,0.4978943430198983,10,-2.8554367359653665,0.3245834362138395,-2.8554367359653665,0,False
RV_HIGH__RANGE_MID,240,240,63,0.30158730158730157,-137.0637267729407,-2.1756147106815984,0.44837661040776566,137.3531049338923,14,53,-1.6896148313286905,0.5408113154912564,10,-4.751414071252012,0.11116097885807617,-4.751414071252012,1,False
RV_HIGH__RANGE_MID,240,360,63,0.49206349206349204,84.94603184686497,1.3483497118549994,1.5962201643480698,35.50672830424445,5,53,1.674061506858008,1.7732989238638057,10,-0.3779228016609449,0.8637537852768447,-0.3779228016609449,4,False
RV_HIGH__RANGE_MID,240,480,63,0.5079365079365079,73.93961369198591,1.1736446617775542,1.3400588419512094,67.11360100717934,5,53,1.4598404221987304,1.4253038848518822,10,-0.3431928684546814,0.9033564750256821,-0.3431928684546814,2,False
RV_HIGH__RANGE_MID,360,120,63,0.4603174603174603,-21.66453358431432,-0.34388148546530667,0.8705394181905275,66.66968639220806,13,50,-1.2123881531213097,0.5814653206379733,13,2.996528774750089,2.730759000685651,-1.2123881531213097,2,False
RV_HIGH__RANGE_MID,360,240,63,0.42857142857142855,6.4804233299358796,0.1028638623799346,1.0373000931941039,82.65562196549195,11,50,-1.116389005150312,0.6471211797076003,13,4.792297968265499,5.005289251489396,-1.116389005150312,2,False
RV_HIGH__RANGE_MID,360,360,63,0.6190476190476191,181.23595215021348,2.876761145241484,2.7438602465256685,27.542015569757403,6,50,2.365847943662492,2.327498010097347,13,4.841811920545296,5.247564139497142,2.365847943662492,4,True
RV_HIGH__RANGE_MID,360,480,63,0.6031746031746031,189.0751566448527,3.0011929626167095,2.2367609500526946,43.68135259235297,6,50,3.0101350298516723,2.178216847676199,13,2.966800396328389,2.534256264287185,2.966800396328389,4,True
RV_HIGH__RANGE_HIGH,60,120,187,0.41711229946524064,-181.03913516164408,-0.9681237174419469,0.7754902198205977,317.1338439151265,15,83,-3.5886013218036155,0.3165510322543834,104,1.1232189860389992,1.3152340226786439,-3.5886013218036155,0,False
RV_HIGH__RANGE_HIGH,60,240,187,0.39572192513368987,-535.8427287874887,-2.865469137901009,0.5702050996890248,551.9806278596241,11,83,-5.880715178368204,0.32860059065239206,104,-0.4590708556050742,0.9081421041195247,-5.880715178368204,0,False
RV_HIGH__RANGE_HIGH,60,360,187,0.45989304812834225,-452.82612965618443,-2.421530105113286,0.6634880120315403,639.9144543504865,16,83,-5.965004602276352,0.3844361425608653,104,0.4064351185841613,1.0780811002229203,-5.965004602276352,0,False
RV_HIGH__RANGE_HIGH,60,480,187,0.42780748663101603,-548.7829480367618,-2.934668171319582,0.6402007525686552,648.9751986866954,16,83,-5.256746428417077,0.4786453789762053,104,-1.0814711007513902,0.836609709314177,-5.256746428417077,0,False
RV_HIGH__RANGE_HIGH,120,120,194,0.39690721649484534,-353.15139880457644,-1.8203680350751363,0.6123225984859232,433.3932220396316,19,101,-3.9779286171871617,0.2842730366627998,93,0.5227891562508249,1.1390734911431042,-3.9779286171871617,0,False
RV_HIGH__RANGE_HIGH,120,240,194,0.36597938144329895,-899.957718907421,-4.638957313955778,0.36493933656736016,918.6163650764148,14,101,-6.503447817324738,0.2667359027816861,93,-2.614080530727124,0.5336781926295031,-6.503447817324738,0,False
RV_HIGH__RANGE_HIGH,120,360,194,0.3917525773195876,-927.5424265621418,-4.781146528670834,0.4069346453949168,972.2741650117622,23,101,-6.717505028738096,0.30577206881570373,93,-2.678219555479507,0.5754520595368391,-6.717505028738096,0,False
RV_HIGH__RANGE_HIGH,120,480,194,0.3917525773195876,-888.014244581389,-4.5773930133061285,0.4695372847230612,1012.4966439587281,23,101,-6.347496210953257,0.3726971720282601,93,-2.6550228739259127,0.6213201746320757,-6.347496210953257,0,False
RV_HIGH__RANGE_HIGH,180,120,188,0.39893617021276595,-320.82180187938894,-1.7064989461669624,0.6519696054073084,449.0129544538624,13,93,-4.620785163961678,0.24330688604697848,95,1.1464338775689158,1.3077353384970691,-4.620785163961678,0,False
RV_HIGH__RANGE_HIGH,180,240,188,0.35106382978723405,-901.6464142012212,-4.795991564900112,0.3643990329250626,917.7843132733566,14,93,-6.686089256926591,0.25828638759922334,95,-2.9456854032320856,0.5177129669797855,-6.686089256926591,0,False
RV_HIGH__RANGE_HIGH,180,360,188,0.39361702127659576,-875.3525241874629,-4.656130447805654,0.44323983294996144,914.733043407966,18,93,-7.285553065075347,0.3036696517844553,95,-2.0820640961626915,0.6698923918286177,-7.285553065075347,0,False
RV_HIGH__RANGE_HIGH,180,480,188,0.39361702127659576,-858.8882482938825,-4.568554512201502,0.4802257421992575,963.5165996434163,12,93,-6.559749059845057,0.3844906442766935,95,-2.619279849771497,0.6237146918273787,-6.559749059845057,0,False
RV_HIGH__RANGE_HIGH,240,120,193,0.39896373056994816,-372.9457588355475,-1.9323614447437694,0.6055971279587563,482.63669731348995,14,98,-4.6057188712763715,0.25038408158360687,95,0.8254177952582827,1.2282989883714228,-4.6057188712763715,0,False
RV_HIGH__RANGE_HIGH,240,240,193,0.37823834196891193,-895.3000316464518,-4.638860267598195,0.37487088979064864,911.4379307185875,14,98,-6.543703089585217,0.28728157945673327,95,-2.673864514390531,0.5228953356991207,-6.543703089585217,0,False
RV_HIGH__RANGE_HIGH,240,360,193,0.40414507772020725,-904.6730549962288,-4.687425155420875,0.43242189688749416,939.1757196888707,19,98,-7.30420939893376,0.3201166387183562,95,-1.9880056200075826,0.6509512693027947,-7.30420939893376,0,False
RV_HIGH__RANGE_HIGH,240,480,193,0.40932642487046633,-846.3107079335155,-4.3850295747850545,0.4956087021189188,951.2374835402599,12,98,-6.5052928415650975,0.4064420698389065,95,-2.197810625896168,0.6542160082984493,-6.5052928415650975,0,False
RV_HIGH__RANGE_HIGH,360,120,181,0.34806629834254144,-532.1390842504397,-2.9399949406101644,0.47589542477146907,550.7946477238964,15,105,-4.841852054419512,0.2299768862739053,76,-0.3124291912683031,0.9331320665653414,-4.841852054419512,0,False
RV_HIGH__RANGE_HIGH,360,240,181,0.3149171270718232,-1061.521064705889,-5.864757263568448,0.29952650237404316,1077.6589637780246,15,105,-6.536665428029305,0.27976839450959945,76,-4.936463088984368,0.33300102648772184,-6.536665428029305,0,False
RV_HIGH__RANGE_HIGH,360,360,181,0.34806629834254144,-1097.9860931567769,-6.066221509153463,0.34615703722014385,1129.263846225632,22,105,-7.157253993861395,0.3122544693065367,76,-4.558873997385926,0.40931463144053365,-7.157253993861395,0,False
RV_HIGH__RANGE_HIGH,360,480,181,0.3425414364640884,-1084.6037752877362,-5.992286051313459,0.4002377406100847,1177.6261221602683,13,105,-6.802115005509903,0.37698234084770854,76,-4.8734434172262695,0.44050944075854,-6.802115005509903,0,False
DRIVE_UP__EFF_LOW,60,120,134,0.34328358208955223,-250.89261880419767,-1.8723329761507288,0.43272686069041216,250.89261880419767,13,57,-2.6923406145707953,0.3264862428530161,77,-1.265314334722887,0.5456223900795402,-2.6923406145707953,0,False
DRIVE_UP__EFF_LOW,60,240,134,0.3582089552238806,-288.66615879571907,-2.1542250656396944,0.523526185958296,288.9212596827204,10,57,-3.10388025489019,0.39320030390755656,77,-1.4512335619088081,0.6444346129170606,-3.10388025489019,0,False
DRIVE_UP__EFF_LOW,60,360,134,0.39552238805970147,-219.48861836352887,-1.637974763906932,0.6425004464995413,221.3602565104579,10,57,-3.036778559854957,0.48334124403976936,77,-0.6024966292441085,0.8336745988943112,-3.036778559854957,0,False
DRIVE_UP__EFF_LOW,60,480,134,0.40298507462686567,-255.73079435744165,-1.9084387638615048,0.655157258605863,276.6099850368116,10,57,-2.6917989945687517,0.5551790160901388,77,-1.3285487229483486,0.7420981307449294,-2.6917989945687517,0,False
DRIVE_UP__EFF_LOW,120,120,143,0.3006993006993007,-341.29814186859505,-2.386700292787378,0.34225020466579703,341.29814186859517,17,56,-3.6632000358258976,0.21930981397437968,87,-1.5650452857740782,0.4683804670107622,-3.6632000358258976,0,False
DRIVE_UP__EFF_LOW,120,240,143,0.32167832167832167,-415.5098419662023,-2.905663230532883,0.4300703778787361,453.2159070910084,11,56,-4.715943591091537,0.2695688885460549,87,-1.7404252972997278,0.5879777647074752,-4.715943591091537,0,False
DRIVE_UP__EFF_LOW,120,360,143,0.3916083916083916,-355.20537858586056,-2.4839536964046194,0.5368198170412981,420.8969523146338,10,56,-3.8461958862360626,0.389594974186587,87,-1.6071081489269088,0.6622945201481795,-3.8461958862360626,0,False
DRIVE_UP__EFF_LOW,120,480,143,0.40559440559440557,-532.3873888806202,-3.72298873343091,0.4672781970627111,609.4347141068923,11,56,-4.879394145913856,0.3534095898378254,87,-2.978635824246486,0.5507079164229904,-4.879394145913856,0,False
DRIVE_UP__EFF_LOW,180,120,145,0.30344827586206896,-386.2766580705211,-2.6639769522104904,0.35086990005115526,386.2766580705211,23,62,-4.390026043121588,0.1538628303895496,83,-1.3746390770720798,0.5826696680151509,-4.390026043121588,0,False
DRIVE_UP__EFF_LOW,180,240,145,0.30344827586206896,-430.7199775105721,-2.970482603521187,0.42780316870307056,433.57820654457544,14,62,-4.5516615217501775,0.2931361480794312,83,-1.7893610019525437,0.5798854940559628,-4.5516615217501775,0,False
DRIVE_UP__EFF_LOW,180,360,145,0.35172413793103446,-396.7419647504721,-2.7361514810377385,0.5219324852090502,396.7419647504721,12,62,-4.5505476753203515,0.35764056443562264,83,-1.3808193841037388,0.7066386486346059,-4.5505476753203515,0,False
DRIVE_UP__EFF_LOW,180,480,145,0.38620689655172413,-438.0126463711981,-3.0207768715255043,0.5608492056550535,441.62499721490934,12,62,-4.055098459037342,0.44637390278467337,83,-2.2481511073600355,0.6565384068791325,-4.055098459037342,0,False
DRIVE_UP__EFF_LOW,240,120,148,0.24324324324324326,-471.8844958866757,-3.1884087559910523,0.2206433716118241,471.8844958866756,12,67,-3.9448578132380683,0.1374117907846914,81,-2.5627039802435205,0.30591769692508597,-3.9448578132380683,0,False
DRIVE_UP__EFF_LOW,240,240,148,0.2972972972972973,-544.0894145194388,-3.6762798278340463,0.27698129656355486,544.7699505946667,17,67,-5.675129008290923,0.11301907657124678,81,-2.022910752641321,0.494025062154846,-5.675129008290923,0,False
DRIVE_UP__EFF_LOW,240,360,148,0.33783783783783783,-464.0016585318097,-3.1351463414311467,0.4355824427313568,465.87329667873854,16,67,-4.443629014690534,0.32921680165718287,81,-2.0528211672536285,0.5603949973990099,-4.443629014690534,0,False
DRIVE_UP__EFF_LOW,240,480,148,0.38513513513513514,-492.64443185772586,-3.328678593633283,0.49219119187484145,499.44288110871065,15,67,-4.355197056008022,0.4051048656610477,81,-2.4795830753726964,0.5812510864686848,-4.355197056008022,0,False
DRIVE_UP__EFF_LOW,360,120,132,0.32575757575757575,-300.00778530520824,-2.2727862523121836,0.33946374914883715,300.0077853052082,12,56,-2.328308092887442,0.30180298430317737,76,-2.231875422414625,0.36576092295571994,-2.328308092887442,0,False
DRIVE_UP__EFF_LOW,360,240,132,0.32575757575757575,-333.3402204117574,-2.5253047000890714,0.4494857487132155,349.24912596708015,16,56,-3.3248552989250024,0.39667159412807673,76,-1.936162153578385,0.5043827281291674,-3.3248552989250024,0,False
DRIVE_UP__EFF_LOW,360,360,132,0.3787878787878788,-253.10914195451738,-1.9174934996554347,0.6120117216469027,292.52356911979797,12,56,-2.9952086387510275,0.5257276405758731,76,-1.1233876076902618,0.7141715584437521,-2.9952086387510275,0,False
DRIVE_UP__EFF_LOW,360,480,132,0.4166666666666667,-321.30092817966505,-2.4340979407550383,0.6152369623284627,359.5261989450346,11,56,-3.4778139686753753,0.525265482117856,76,-1.6650440254453156,0.7021223952232041,-3.4778139686753753,0,False
DRIVE_UP__EFF_MID,60,120,158,0.35443037974683544,-253.05829621713542,-1.6016347861844014,0.5139740582831954,253.8847016474229,15,50,-1.9269398242810518,0.3911022252528588,108,-1.4510306018803962,0.5676171982696079,-1.9269398242810518,0,False
DRIVE_UP__EFF_MID,60,240,158,0.35443037974683544,-380.16590642477695,-2.406113331802386,0.4546549300790328,393.6413176007045,14,50,-3.159163235644785,0.3539950574566071,108,-2.057479117060534,0.5090365992890946,-3.159163235644785,0,False
DRIVE_UP__EFF_MID,60,360,158,0.45569620253164556,-119.0808940887676,-0.7536765448656176,0.8101776923503944,156.2927072513542,9,50,-1.1136053053953274,0.7378198681251464,108,-0.5870428594351966,0.8472105221230041,-1.1136053053953274,1,False
DRIVE_UP__EFF_MID,60,480,158,0.4936708860759494,-153.97728533094548,-0.9745397805756043,0.8069410981574525,232.4920366641761,9,50,-1.1397959637741695,0.755842882344453,108,-0.8980322883540458,0.8280826761985681,-1.1397959637741695,0,False
DRIVE_UP__EFF_MID,120,120,131,0.3053435114503817,-155.5757612832723,-1.1876012311700175,0.6268496758054782,155.5757612832722,12,43,-2.4558537708556263,0.3379981129970424,88,-0.5678869220054584,0.805855466653895,-2.4558537708556263,0,False
DRIVE_UP__EFF_MID,120,240,131,0.3511450381679389,-101.48320791850897,-0.7746809764771677,0.8239008985841283,199.81967674624417,12,43,-4.47300901511244,0.3631709221754072,88,1.032456587855977,1.3312800349977594,-4.47300901511244,0,False
DRIVE_UP__EFF_MID,120,360,131,0.45038167938931295,74.71623835282703,0.5703529645253972,1.1291391663113977,216.55197883999426,9,43,-4.464917605013263,0.4403062594602463,88,3.0307692655499694,2.13231485648071,-4.464917605013263,3,False
DRIVE_UP__EFF_MID,120,480,131,0.48091603053435117,184.94482591132066,1.4117925642085547,1.3358811999020446,165.30357340665051,9,43,-3.2514336259939602,0.5498936879953226,88,3.6904144526029654,2.353115025177194,-3.2514336259939602,4,False
DRIVE_UP__EFF_MID,180,120,112,0.25892857142857145,-195.19230469347735,-1.7427884347631906,0.4254748326357301,195.19230469347738,13,37,-1.4716602134868728,0.5156935158114843,75,-1.8765450239261747,0.38085171658266603,-1.8765450239261747,0,False
DRIVE_UP__EFF_MID,180,240,112,0.33035714285714285,-288.1473421409382,-2.572744126258377,0.4547135611186847,288.14734214093795,10,37,-3.325877032243805,0.382295004430838,75,-2.201198559305565,0.4985359440199813,-3.325877032243805,0,False
DRIVE_UP__EFF_MID,180,360,112,0.36607142857142855,-199.951250788476,-1.785279024897107,0.6254193754561754,221.1550964757999,22,37,-1.9658094126495194,0.6561317983488367,75,-1.69621736693925,0.6052621282277456,-1.9658094126495194,0,False
DRIVE_UP__EFF_MID,180,480,112,0.41964285714285715,-87.851374312074,-0.7843872706435179,0.8386934131707989,196.4467440817976,18,37,-1.1419478924130977,0.7790502933083826,75,-0.6079906972371918,0.8709676121069185,-1.1419478924130977,1,False
DRIVE_UP__EFF_MID,240,120,119,0.31932773109243695,-204.69360971579985,-1.7201143673596626,0.543623850277538,204.6936097157998,22,46,-2.6672506920678067,0.3620186956915072,73,-1.1232887380915173,0.6799425782078331,-2.6672506920678067,0,False
DRIVE_UP__EFF_MID,240,240,119,0.36134453781512604,-96.73748282722167,-0.8129200237581653,0.8125737620459681,226.89609551191626,26,46,0.4800804446934052,1.1195660058089345,73,-1.6276874422344976,0.6414974304836039,-1.6276874422344976,1,False
DRIVE_UP__EFF_MID,240,360,119,0.40336134453781514,-70.06619757431353,-0.5887915762547355,0.8814242050130092,269.7002961340564,17,46,0.09332039239137409,1.0188760442708493,73,-1.018615556497489,0.7954253707279998,-1.018615556497489,2,False
DRIVE_UP__EFF_MID,240,480,119,0.40336134453781514,-125.98019942946767,-1.0586571380627536,0.8163861970343692,297.07677445453913,17,46,0.1074624712335547,1.0183922410767532,73,-1.7934722343316598,0.6862948048170378,-1.7934722343316598,0,False
DRIVE_UP__EFF_MID,360,120,131,0.1984732824427481,-305.7110020869351,-2.333671771655993,0.38705473380322847,305.7110020869351,15,51,-4.286023358506209,0.17621877338627204,80,-1.0890476350389806,0.6267368933104251,-4.286023358506209,0,False
DRIVE_UP__EFF_MID,360,240,131,0.3282442748091603,-353.07425191490313,-2.695223297060329,0.47602001022759854,353.0742519149026,13,51,-4.5578781983925225,0.3326075840076173,80,-1.5077807974610553,0.6294616861261136,-4.5578781983925225,0,False
DRIVE_UP__EFF_MID,360,360,131,0.3511450381679389,-396.1544630976924,-3.0240798709747514,0.529039854321009,440.4092616259214,22,51,-5.429505846873553,0.3707464596163798,80,-1.4906208113392645,0.7027013093920302,-5.429505846873553,0,False
DRIVE_UP__EFF_MID,360,480,131,0.35877862595419846,-474.6630241222693,-3.623381863528773,0.4681699057030286,526.0391865196718,19,51,-4.883432034850991,0.3911147382369233,80,-2.8200998793108587,0.5333609888301343,-4.883432034850991,0,False
DRIVE_UP__EFF_HIGH,60,120,143,0.36363636363636365,37.95628214622108,0.2654285464770705,1.108294874623812,98.94045044297022,15,63,-0.8446471106898742,0.6671092009295184,80,1.1396131264960396,1.4782272805196692,-0.8446471106898742,3,False
DRIVE_UP__EFF_HIGH,60,240,143,0.40559440559440557,7.874758481993467,0.05506824113282145,1.0133580214729545,262.8472742246255,9,63,-2.7534373683653466,0.4752839951225939,80,2.266766408612629,1.7003649720267033,-2.7534373683653466,3,False
DRIVE_UP__EFF_HIGH,60,360,143,0.5034965034965035,132.43500545154043,0.9261189192415415,1.23011232667461,237.27995214990003,9,63,-1.771574362921292,0.6394074148976497,80,3.050552378944773,1.91743428533795,-1.771574362921292,3,False
DRIVE_UP__EFF_HIGH,60,480,143,0.5104895104895105,115.14882836319227,0.8052365619803655,1.183041041991856,293.0155182439644,9,63,-1.8140802094625144,0.6589706876058554,80,2.867948519491633,1.7804906771025768,-1.8140802094625144,3,False
DRIVE_UP__EFF_HIGH,120,120,142,0.38028169014084506,-39.5677196230296,-0.27864591283823664,0.9092455619491527,132.74422859631696,9,55,-1.7346649556049136,0.48282647136489193,87,0.6418258958073644,1.2220147076132595,-1.7346649556049136,2,False
DRIVE_UP__EFF_HIGH,120,240,142,0.4788732394366197,110.49247848822644,0.7781160456917355,1.2089220879205227,166.45518864257994,10,55,-2.0659992875003543,0.5491131761440593,87,2.576119991962597,1.8095302563185096,-2.0659992875003543,3,False
DRIVE_UP__EFF_HIGH,120,360,142,0.5492957746478874,166.53695477803075,1.1727954561833152,1.2905833606302668,245.92864371565904,11,55,-2.8004913000211,0.549627556089113,87,3.684643405507945,2.387042640207112,-2.8004913000211,3,False
DRIVE_UP__EFF_HIGH,120,480,142,0.5492957746478874,275.7773778490586,1.9420942102046381,1.4911256434109796,256.1035518404987,10,55,-1.8425892793042515,0.6813457270117373,87,4.334710209319454,2.548819417053612,-1.8425892793042515,3,False
DRIVE_UP__EFF_HIGH,180,120,147,0.3945578231292517,2.061960773698189,0.014026944038763192,1.0048888045308924,118.58314795384133,10,48,-0.8024059314436442,0.6752799151703763,99,0.40987318669690004,1.133848000281019,-0.8024059314436442,2,False
DRIVE_UP__EFF_HIGH,180,240,147,0.5170068027210885,275.1924139012499,1.8720572374234687,1.5237112226278533,99.8276836456277,9,48,-1.121530341597488,0.752692994364912,99,3.3234936393730234,2.069004076199737,-1.121530341597488,4,False
DRIVE_UP__EFF_HIGH,180,360,147,0.5850340136054422,440.65987103491887,2.997686197516455,1.8584545934049983,144.57169590878405,9,48,-2.136286669223829,0.6360181126664689,99,5.486885163208713,3.3454760433952506,-2.136286669223829,4,False
DRIVE_UP__EFF_HIGH,180,480,147,0.5918367346938775,569.544519767179,3.8744525154229867,2.2336634298306284,143.37340028854874,9,48,-0.9000273336078554,0.8273070281647181,99,6.189351836165214,3.897050916809796,-0.9000273336078554,4,False
DRIVE_UP__EFF_HIGH,240,120,151,0.37748344370860926,-26.32385325410567,-0.17433015400069982,0.9392190530572943,120.19885285055348,10,45,-0.3334289226477862,0.8636091966339048,106,-0.10678822391467238,0.9649640818960901,-0.3334289226477862,2,False
DRIVE_UP__EFF_HIGH,240,240,151,0.5099337748344371,197.02563190228747,1.304805509286672,1.3218437117321709,117.05485043924963,10,45,-0.48970851397858733,0.8895858897442126,106,2.066627500295509,1.530939606507019,-0.48970851397858733,4,False
DRIVE_UP__EFF_HIGH,240,360,151,0.5827814569536424,398.00759747692484,2.635811903820694,1.697237182693131,106.33390061722729,10,45,-0.7874948860452657,0.8592093949738844,106,4.089102522160017,2.3581935751872374,-0.7874948860452657,4,False
DRIVE_UP__EFF_HIGH,240,480,151,0.5960264900662252,584.8119790613837,3.8729270136515477,2.1708773418458667,84.71998997648689,10,45,1.6321128285881434,1.3931853191268446,106,4.82421605448035,2.6354859400233193,1.6321128285881434,4,True
DRIVE_UP__EFF_HIGH,360,120,153,0.3660130718954248,-115.786980379972,-0.7567776495423006,0.7782848705619025,151.9286059851148,12,47,-1.1899586327459737,0.6636401558927634,106,-0.5647068362350114,0.8318374122992213,-1.1899586327459737,0,False
DRIVE_UP__EFF_HIGH,360,240,153,0.5032679738562091,348.05446539671425,2.274865786906629,1.5883591113345918,130.07604516705953,12,47,3.5176512672794904,1.9784166303654926,106,1.7238193946658311,1.4323913502333905,1.7238193946658311,4,False
DRIVE_UP__EFF_HIGH,360,360,153,0.5947712418300654,549.7282778699483,3.5929952801957405,2.038489951755228,106.33390061722729,12,47,4.085288625403556,2.029253300763187,106,3.374714268641332,2.043516493726873,3.374714268641332,4,True
DRIVE_UP__EFF_HIGH,360,480,153,0.5882352941176471,775.345945676429,5.06762055997666,2.5273499437057394,99.71207890030075,12,47,7.347099795451481,3.120924083897319,106,4.05690806877556,2.247090326806387,4.05690806877556,4,True
DRIVE_UP__RV_LOW,60,120,183,0.3005464480874317,-287.16828200305764,-1.569225584716162,0.41829512609544434,288.4163442875376,16,62,-2.957312482794625,0.1788454109454987,121,-0.8579744468577756,0.6160397990772467,-2.957312482794625,0,False
DRIVE_UP__RV_LOW,60,240,183,0.34972677595628415,-290.34691405302414,-1.5865951587596947,0.6158906975413359,354.7530059073853,13,62,-3.154051276946209,0.3978627657356518,121,-0.7834358254740428,0.7801250595891197,-3.154051276946209,0,False
DRIVE_UP__RV_LOW,60,360,183,0.4207650273224044,-126.64709426191627,-0.6920606243820561,0.8270542462366192,252.7840166856402,13,62,-2.5903005479951555,0.48505965819418917,121,0.28059123730399504,1.0807570859180597,-2.5903005479951555,1,False
DRIVE_UP__RV_LOW,60,480,183,0.4426229508196721,-110.47405029870916,-0.6036833349656238,0.8654275303857961,328.8616528684165,13,62,-2.2830742286766967,0.5007965202695036,121,0.25683100726649666,1.0578304868823007,-2.2830742286766967,1,False
DRIVE_UP__RV_LOW,120,120,154,0.2792207792207792,-218.8609929412916,-1.421175278839556,0.478120368866373,219.28264979548428,19,33,-2.7936206642251395,0.15299646897400862,121,-1.046871991916215,0.5920779617462545,-2.7936206642251395,0,False
DRIVE_UP__RV_LOW,120,240,154,0.38961038961038963,41.94449245187565,0.2723668341030886,1.0714131723760667,153.33772242435884,13,33,-1.2850757125051344,0.7014133441905054,121,0.6971238922689675,1.1894179404812324,-1.2850757125051344,3,False
DRIVE_UP__RV_LOW,120,360,154,0.4675324675324675,174.5598071799646,1.1335052414283415,1.3115831859082714,124.60450757982377,12,33,-0.34900696235712925,0.9083479552395263,121,1.5378267515516517,1.428184152036769,-0.34900696235712925,3,False
DRIVE_UP__RV_LOW,120,480,154,0.461038961038961,180.03257128513388,1.1690426706826875,1.2912805492102426,186.90086063576604,12,33,-0.19484149993234415,0.9287856718924995,121,1.5410110808504234,1.3532921170625514,-0.19484149993234415,3,False
DRIVE_UP__RV_LOW,180,120,150,0.30666666666666664,-251.70508287603383,-1.6780338858402255,0.4366721762976477,251.7050828760339,21,37,-1.9794073003823152,0.42379677047334174,113,-1.5793540952379483,0.44179089299410995,-1.9794073003823152,0,False
DRIVE_UP__RV_LOW,180,240,150,0.4066666666666667,23.25432553337062,0.15502883688913746,1.039251822003689,135.08697383721164,22,37,1.1607587496522107,1.3387402937983506,113,-0.17428095755540843,0.9577071339980904,-0.17428095755540843,2,False
DRIVE_UP__RV_LOW,180,360,150,0.4666666666666667,169.523273730771,1.13015515820514,1.2903869712386093,153.45462581357282,17,37,1.4774431469408773,1.457651152353631,113,1.0164413919819342,1.247359257276036,1.0164413919819342,3,False
DRIVE_UP__RV_LOW,180,480,150,0.46,218.48314807483226,1.4565543204988818,1.333666373634772,171.72065576367888,17,37,2.10752863162283,1.8318059240414188,113,1.2434034398653768,1.2504318818895634,1.2434034398653768,4,False
DRIVE_UP__RV_LOW,240,120,169,0.28994082840236685,-316.28422155821556,-1.87150426957524,0.427376097258397,329.76729747713375,18,45,-2.4954514707488906,0.36358814090209196,124,-1.6450718175364154,0.45731940748928385,-2.4954514707488906,0,False
DRIVE_UP__RV_LOW,240,240,169,0.38461538461538464,-74.70547661903026,-0.4420442403492915,0.8969756165232514,231.13463460873444,16,45,-0.22984313355412997,0.9396777680795197,124,-0.5190527065249547,0.8837513643339774,-0.5190527065249547,1,False
DRIVE_UP__RV_LOW,240,360,169,0.4378698224852071,0.5713105177834166,0.0033805356081858967,1.0007374691696667,224.08254321780996,16,45,-0.5087993899379539,0.8807487848073298,124,0.18925228278218792,1.0402738441224075,-0.5087993899379539,1,False
DRIVE_UP__RV_LOW,240,480,169,0.42011834319526625,-39.95871788889542,-0.23644211768577172,0.9542089346100772,248.1580733636339,16,45,-0.5454828241019705,0.8756082315597613,124,-0.12429024842182904,0.9771774732982839,-0.5454828241019705,1,False
DRIVE_UP__RV_LOW,360,120,180,0.29444444444444445,-275.6889568360707,-1.5316053157559484,0.5094608328835833,301.00668804094977,21,55,-2.121668985034741,0.4156233705885943,125,-1.2719773012732793,0.5611767241188877,-2.121668985034741,0,False
DRIVE_UP__RV_LOW,360,240,180,0.3888888888888889,88.33629541438816,0.4907571967466009,1.1344218598570093,284.51189442036895,18,55,0.9159302579967935,1.279459789154778,125,0.30368104979651656,1.0795985829524104,0.30368104979651656,3,False
DRIVE_UP__RV_LOW,360,360,180,0.42777777777777776,124.79459523407766,0.693303306855987,1.1694170939577968,254.59725857280546,17,55,0.8717828159303457,1.240583242595769,125,0.6147723228632691,1.1430202350960876,0.6147723228632691,3,False
DRIVE_UP__RV_LOW,360,480,180,0.39444444444444443,-90.89466626103734,-0.5049703681168741,0.906435612692439,425.6361770366952,17,55,0.3755602416770631,1.0887226502260037,125,-0.892403836426206,0.8489812503855003,-0.892403836426206,0,False
DRIVE_UP__RV_MID,60,120,121,0.35537190082644626,-104.88962520995057,-0.8668564066938064,0.7007792040979055,144.22496980386978,13,53,-1.0069251195026168,0.649438721690669,68,-0.7576852040634097,0.7401909442968954,-1.0069251195026168,1,False
DRIVE_UP__RV_MID,60,240,121,0.4132231404958678,-37.862676909236214,-0.3129146852002993,0.9119849073183212,137.54476132899248,7,53,-0.5482251279347933,0.8370857663609532,68,-0.12951095777488503,0.9650293985300988,-0.5482251279347933,2,False
DRIVE_UP__RV_MID,60,360,121,0.5206611570247934,168.10814798709373,1.3893235370834192,1.453252056100179,95.0139263628887,5,53,1.9672680706963763,1.707249133619669,68,0.9388667682380264,1.2856894681988325,0.9388667682380264,4,False
DRIVE_UP__RV_MID,60,480,121,0.5289256198347108,66.07964294336486,0.5461127515980567,1.1338952723461184,168.17508689798808,7,53,1.1928285427537688,1.326976887290398,68,0.04205485555022201,1.0095270149721782,0.04205485555022201,3,False
DRIVE_UP__RV_MID,120,120,130,0.35384615384615387,-42.3341771770844,-0.3256475167468031,0.8873137903694007,126.5667954285432,18,49,-1.8709634040768026,0.4706545357698801,81,0.6091732052182584,1.2436786405578608,-1.8709634040768026,1,False
DRIVE_UP__RV_MID,120,240,130,0.43846153846153846,51.27780590953382,0.39444466084256785,1.1062042873861877,126.48918442870462,15,49,-1.9617915800805954,0.6067043826477584,81,1.819822139919543,1.618295829799689,-1.9617915800805954,2,False
DRIVE_UP__RV_MID,120,360,130,0.5076923076923077,192.75182092202067,1.4827063147847743,1.381395835231189,113.53707778444601,18,49,-1.9659895955471378,0.6602430467810426,81,3.568954458071981,2.303073886977565,-1.9659895955471378,3,False
DRIVE_UP__RV_MID,120,480,130,0.5384615384615384,116.4208302084181,0.8955448477570622,1.1998169920224313,166.9595725570589,7,49,-2.4771434643016286,0.6175260401912792,81,2.9358130859160236,1.896406906410096,-2.4771434643016286,3,False
DRIVE_UP__RV_MID,180,120,124,0.3467741935483871,-9.361093033333358,-0.07549268575268837,0.9697504012912163,107.02663661987165,10,43,-1.7340459157055903,0.3882530971499987,81,0.8049738437284817,1.347610102310721,-1.7340459157055903,1,False
DRIVE_UP__RV_MID,180,240,124,0.4435483870967742,87.49946266190149,0.7056408279185604,1.2123106112710624,127.45301672835377,12,43,-2.524455137323919,0.511889030740393,81,2.4203831304546912,2.033270678754363,-2.524455137323919,3,False
DRIVE_UP__RV_MID,180,360,124,0.4435483870967742,74.69016832121315,0.6023400671065576,1.1612977817568404,158.5060443585107,15,43,-2.7350508081442326,0.5427579731710145,81,2.3740413959433972,1.9341729065918982,-2.7350508081442326,3,False
DRIVE_UP__RV_MID,180,480,124,0.5080645161290323,133.2850315831944,1.0748792869612454,1.2521529351515441,171.16037340848646,9,43,-3.5537062455846735,0.449777445775924,81,3.5320296313992032,2.140430677772429,-3.5537062455846735,3,False
DRIVE_UP__RV_MID,240,120,123,0.3008130081300813,-68.93461698452302,-0.5604440405245774,0.8136688933501504,165.64567984120714,18,42,-2.54578090900455,0.21967705675474505,81,0.46898989127985286,1.163085695279228,-2.54578090900455,1,False
DRIVE_UP__RV_MID,240,240,123,0.45528455284552843,80.97484645534003,0.6583320850027644,1.1888478371652837,146.92877373253626,11,42,-1.9870887036062108,0.5667842687959079,81,2.0300317531703818,1.6963453725227873,-1.9870887036062108,3,False
DRIVE_UP__RV_MID,240,360,123,0.45528455284552843,101.15825638727787,0.8224248486770559,1.2047161516226512,189.76586832309357,10,42,-1.8242316318841454,0.6533405750787983,81,2.1947652460050864,1.6509036528594885,-1.8242316318841454,3,False
DRIVE_UP__RV_MID,240,480,123,0.5121951219512195,116.76075154147941,0.9492744027762553,1.229002379757994,181.1848924155402,10,42,-1.7288044456913745,0.6570211916601661,81,2.3379078797594706,1.6351230141374542,-1.7288044456913745,3,False
DRIVE_UP__RV_MID,360,120,134,0.31343283582089554,-91.78889691318648,-0.6849917680088543,0.7592248199262944,142.0826323046524,19,32,-2.112873142673646,0.2867312367796945,102,-0.2370289838002924,0.9155923143321193,-2.112873142673646,0,False
DRIVE_UP__RV_MID,360,240,134,0.44029850746268656,-94.03952278181467,-0.7017874834463781,0.8321861580735784,156.4631406441328,11,32,-3.525098709436123,0.46800972880180314,102,0.1839572149033455,1.053865847593856,-3.525098709436123,1,False
DRIVE_UP__RV_MID,360,360,134,0.5,17.225972075490347,0.12855203041410707,1.028868368820283,187.07441776829734,10,32,-3.811468422421336,0.5041518829364328,102,1.3646368783624816,1.396865310621978,-3.811468422421336,1,False
DRIVE_UP__RV_MID,360,480,134,0.5671641791044776,94.81021374701136,0.7075389085597863,1.1597406488534467,166.21726235939374,10,32,-4.260352773159618,0.41858672435270045,102,2.266093161648227,1.6437705099179811,-4.260352773159618,3,False
DRIVE_UP__RV_HIGH,60,120,131,0.42748091603053434,-73.93672566210387,-0.5644024859702585,0.8424288447797679,191.76546445523755,13,55,-1.20550489002081,0.6109377103191411,76,-0.10044679882841208,0.9744521970374203,-1.20550489002081,2,False
DRIVE_UP__RV_HIGH,60,240,131,0.366412213740458,-332.7477157762422,-2.540058899055284,0.5289421821170834,348.8856148483779,13,55,-5.158886901214327,0.21955058296130528,76,-0.6448544238086081,0.8570442128667977,-5.158886901214327,0,False
DRIVE_UP__RV_HIGH,60,360,131,0.4351145038167939,-247.59556072593352,-1.8900424482895688,0.6530425790957537,315.33015488560403,12,55,-5.164589123940883,0.2856161997419121,76,0.4796952775107241,1.1153695021989785,-5.164589123940883,0,False
DRIVE_UP__RV_HIGH,60,480,131,0.4580152671755725,-250.1648439698506,-1.9096552974797756,0.7069973127559052,343.1936002327532,12,55,-4.479612812059278,0.4356485469368981,76,-0.049817622455135824,0.990925479279387,-4.479612812059278,1,False
DRIVE_UP__RV_HIGH,120,120,132,0.36363636363636365,-275.2464526565209,-2.085200398913037,0.5227602154137051,293.9020161299774,13,72,-3.0872333054461047,0.31549139341889554,60,-0.8827609110733554,0.7898323389836345,-3.0872333054461047,0,False
DRIVE_UP__RV_HIGH,120,240,132,0.32575757575757575,-499.72286975789416,-3.785779316347683,0.3459438969668917,532.2121431241484,14,72,-5.993429217039749,0.18449812994814832,60,-1.1365994355172062,0.709658228625993,-5.993429217039749,0,False
DRIVE_UP__RV_HIGH,120,360,132,0.4166666666666667,-481.26381355698805,-3.6459379814923336,0.43576387776483,548.7066604458037,13,72,-6.299371225088269,0.27857033985221474,60,-0.4618180891772132,0.8764414629641254,-6.299371225088269,0,False
DRIVE_UP__RV_HIGH,120,480,132,0.4393939393939394,-368.1185866137928,-2.788777171316612,0.5958333709646502,533.3180913107085,14,72,-5.369310127806985,0.3993354368023155,60,0.307862376471834,1.0691295822326579,-5.369310127806985,1,False
DRIVE_UP__RV_HIGH,180,120,130,0.3230769230769231,-318.340826080933,-2.4487755852379465,0.469702172146089,336.99638955438957,11,67,-3.243977355109874,0.2844020006380726,63,-1.6030848141043088,0.6594686145811038,-3.243977355109874,0,False
DRIVE_UP__RV_HIGH,180,240,130,0.3153846153846154,-554.4286939455325,-4.264836107273327,0.3087596168722375,570.566593017668,20,67,-5.872991399558425,0.1573170345323267,63,-2.5545757170653647,0.5197713809198508,-5.872991399558425,0,False
DRIVE_UP__RV_HIGH,180,360,130,0.4076923076923077,-400.2467865560134,-3.078821435046257,0.5178697376956021,456.2397276577915,16,67,-5.887595163391764,0.29026756687930716,63,-0.09171286680579546,0.9789406921956225,-5.887595163391764,0,False
DRIVE_UP__RV_HIGH,180,480,130,0.4461538461538462,-308.08768057411964,-2.3699052351855356,0.6244289198656746,442.1152450433969,11,67,-3.911025064219113,0.49997308327273116,63,-0.7309365281180807,0.8445701731875345,-3.911025064219113,0,False
DRIVE_UP__RV_HIGH,240,120,126,0.35714285714285715,-317.68312031384255,-2.521294605665417,0.4375231810098617,336.33868378729915,16,71,-2.574439330694773,0.38093519405044757,55,-2.452689596991159,0.49951252941981045,-2.574439330694773,0,False
DRIVE_UP__RV_HIGH,240,240,126,0.3412698412698413,-450.07063528068284,-3.571989168894308,0.38086209322608144,472.5464964736493,12,71,-4.03360788263711,0.3619660147976002,55,-2.9760813747899633,0.41136348150116403,-4.03360788263711,0,False
DRIVE_UP__RV_HIGH,240,360,126,0.4444444444444444,-237.78982553425956,-1.8872208375734887,0.6674234690185293,314.107830803444,11,71,-3.230337672112077,0.5502406062884806,55,-0.15337910571458363,0.9588584675476927,-3.230337672112077,0,False
DRIVE_UP__RV_HIGH,240,480,126,0.48412698412698413,-110.61468587839373,-0.8778943323682042,0.8569426504267849,283.88989644467017,12,71,-1.6373709575450845,0.7835257286772341,55,0.1025209474055881,1.0238735316652081,-1.6373709575450845,0,False
DRIVE_UP__RV_HIGH,360,120,102,0.29411764705882354,-354.0279140228581,-3.4708619021848834,0.33446420390940823,372.68347749631454,20,67,-3.2924890370463693,0.3189117692299895,35,-3.8123185297357525,0.3586753237166886,-3.8123185297357525,0,False
DRIVE_UP__RV_HIGH,360,240,102,0.3333333333333333,-332.6567795625197,-3.2613409761031344,0.4908595480793383,359.7609721305105,12,67,-2.84906090721717,0.5597425075240267,35,-4.050562822256268,0.3549731628027727,-4.050562822256268,0,False
DRIVE_UP__RV_HIGH,360,360,102,0.4215686274509804,-241.5558944918295,-2.368195044037544,0.6496959726794722,301.49307544234756,10,67,-2.6658057003780273,0.6661448880539199,35,-1.7984832161857618,0.5927643005343946,-2.6658057003780273,0,False
DRIVE_UP__RV_HIGH,360,480,102,0.4411764705882353,-24.533554111479383,-0.2405250403086214,0.9633947494250678,221.9239255416124,9,67,0.25636641510249664,1.033365699343071,35,-1.191717254952762,0.7316347605633821,-1.191717254952762,2,False
DRIVE_UP__RANGE_LOW,60,120,177,0.327683615819209,-313.0655690609132,-1.7687320285927302,0.3682805614611103,318.228919595562,16,63,-2.924057772144371,0.18040491184050114,114,-1.1302625387352443,0.5242101775321175,-2.924057772144371,0,False
DRIVE_UP__RANGE_LOW,60,240,177,0.3502824858757062,-247.68607332111006,-1.3993563464469494,0.6229012539931372,265.4398344072181,13,63,-2.3960766800183197,0.48719844316898575,114,-0.8485372147364552,0.7331138193424417,-2.3960766800183197,0,False
DRIVE_UP__RANGE_LOW,60,360,177,0.4124293785310734,-112.39483969880114,-0.6349990943435092,0.8321090685350047,166.7527068757538,12,63,-1.6976570934798014,0.6378155942810894,114,-0.04774072639976945,0.9854539777347205,-1.6976570934798014,1,False
DRIVE_UP__RANGE_LOW,60,480,177,0.423728813559322,-93.79865831249947,-0.5299359226694885,0.8758425720627482,184.2527866892564,13,63,-1.0583743799180414,0.7530224785282535,114,-0.23790414366370918,0.9441386973309926,-1.0583743799180414,1,False
DRIVE_UP__RANGE_LOW,120,120,149,0.2953020134228188,-234.73746122890986,-1.5754192028785896,0.4166833728477558,235.24219513494415,16,30,-2.451772197049679,0.28725762461930954,119,-1.3544898766169706,0.461320591375346,-2.451772197049679,0,False
DRIVE_UP__RANGE_LOW,120,240,149,0.37583892617449666,-18.8458020587977,-0.1264818930120651,0.9654615428789587,137.59222093979733,19,30,-0.20171306927436347,0.9406191739448091,119,-0.10751605025686387,0.9711667936883364,-0.20171306927436347,2,False
DRIVE_UP__RANGE_LOW,120,360,149,0.47651006711409394,114.25526998768986,0.7668138925348312,1.2138644997518468,120.2961525518121,11,30,-0.08133018217188587,0.97596635523351,119,0.980631726494508,1.2696776394023341,-0.08133018217188587,3,False
DRIVE_UP__RANGE_LOW,120,480,149,0.44966442953020136,143.27946420992305,0.9616071423484769,1.2307951810443505,151.77414011578156,11,30,0.7145866980170956,1.2469486551704045,119,1.0238812039446235,1.2281691739470548,0.7145866980170956,3,False
DRIVE_UP__RANGE_LOW,180,120,147,0.30612244897959184,-184.75781810245178,-1.2568559054588557,0.5176794938336235,184.75781810245178,20,38,-2.3520726389908972,0.3679837585766055,109,-0.87503722771374,0.605287429174965,-2.3520726389908972,0,False
DRIVE_UP__RANGE_LOW,180,240,147,0.38095238095238093,0.692743128071811,0.004712538286202796,1.001221678346444,161.4968549762979,30,38,0.13723603241687235,1.0321746840913328,109,-0.04148831287861755,0.9888328836034724,-0.04148831287861755,3,False
DRIVE_UP__RANGE_LOW,180,360,147,0.4489795918367347,104.71302038702845,0.7123334720206017,1.1929982310524931,159.64624444189093,14,38,1.2357258421671886,1.3260872950036686,109,0.5298664071988557,1.144911588904791,0.5298664071988557,3,False
DRIVE_UP__RANGE_LOW,180,480,147,0.4557823129251701,191.46770042398896,1.3025013634284963,1.289311200980558,171.20951358482543,14,38,1.4075462345797216,1.358052045181246,109,1.2658802156877018,1.2692717142664105,1.2658802156877018,3,False
DRIVE_UP__RANGE_LOW,240,120,155,0.23870967741935484,-316.5498654060511,-2.0422571961680713,0.35536288748447287,317.8222563972148,16,41,-3.0915528693054704,0.2299546264809959,114,-1.6648789277590068,0.4185981421176591,-3.0915528693054704,0,False
DRIVE_UP__RANGE_LOW,240,240,155,0.3225806451612903,-249.01688524306516,-1.606560549955259,0.6181280211433051,272.35000302701764,19,41,-1.7645803411214915,0.6571734034446897,114,-1.5497288706761752,0.5994461306657982,-1.7645803411214915,0,False
DRIVE_UP__RANGE_LOW,240,360,155,0.36129032258064514,-267.1002165735741,-1.7232272037004779,0.6330874211037517,319.95149111347274,18,41,-1.757326200545612,0.6695357890906825,114,-1.7109635293965262,0.6175036864191346,-1.757326200545612,0,False
DRIVE_UP__RANGE_LOW,240,480,155,0.36129032258064514,-318.019780936418,-2.0517405221704386,0.6168067585630753,378.7506392679793,18,41,-1.5097105864397322,0.7133339501746344,114,-2.2466811130911313,0.5828610035761018,-2.2466811130911313,0,False
DRIVE_UP__RANGE_LOW,360,120,175,0.26285714285714284,-342.26257020416494,-1.955786115452371,0.35884474416374407,348.26489823198693,22,48,-2.19438310132791,0.3197079675315008,127,-1.8656077270899623,0.3748335118915605,-2.19438310132791,0,False
DRIVE_UP__RANGE_LOW,360,240,175,0.35428571428571426,-85.83391230917485,-0.49047949890957054,0.8753641561393627,305.4888590254002,20,48,0.7081149769999447,1.199317766122326,127,-0.9434915842926948,0.7687468361103021,-0.9434915842926948,1,False
DRIVE_UP__RANGE_LOW,360,360,175,0.4,2.077978408234287,0.011874162332767356,1.0027749635117125,282.193563003954,18,48,1.4401390498431688,1.4750948757042188,127,-0.5279424880648648,0.8888689719754098,-0.5279424880648648,2,False
DRIVE_UP__RANGE_LOW,360,480,175,0.37714285714285717,-209.43845441599527,-1.1967911680914016,0.7851228920967797,472.6501368224731,16,48,1.2515035590583186,1.3680311231069844,127,-2.1221309074865715,0.6678709942115156,-2.1221309074865715,0,False
DRIVE_UP__RANGE_MID,60,120,125,0.32,-177.59397346241977,-1.420751787699358,0.5294690328424811,198.48380580492142,15,50,-1.612158792805153,0.5234029312865824,75,-1.2931471176288283,0.5343944731242519,-1.612158792805153,1,False
DRIVE_UP__RANGE_MID,60,240,125,0.384,-238.82553884481086,-1.910604310758487,0.5789696281590632,322.9282586853543,12,50,-1.984725499703145,0.5203604623015748,75,-1.8611901847953811,0.6126211641036843,-1.984725499703145,0,False
DRIVE_UP__RANGE_MID,60,360,125,0.472,-8.704670760283555,-0.06963736608226845,0.9812547790133553,154.73356507342356,10,50,0.20826558626127206,1.0580868413242699,75,-0.254906000977962,0.9329421984690102,-0.254906000977962,3,False
DRIVE_UP__RANGE_MID,60,480,125,0.52,-78.18856858607674,-0.6255085486886139,0.8683293744383189,188.91182956829738,8,50,-0.554178205514362,0.869006446269637,75,-0.6730621108047814,0.8679547374220242,-0.6730621108047814,2,False
DRIVE_UP__RANGE_MID,120,120,133,0.3308270676691729,-106.64159080500504,-0.8018164722180829,0.7283354204406012,129.97014940717048,19,57,-2.232113665658293,0.39675740693853684,76,0.2709064228620748,1.1133513522808975,-2.232113665658293,2,False
DRIVE_UP__RANGE_MID,120,240,133,0.3684210526315789,-76.93532283948,-0.5784610739810526,0.8570747147323414,147.20201281463414,14,57,-2.0630392314183394,0.5808338856088826,76,0.5349725440969127,1.1577419044526234,-2.0630392314183394,2,False
DRIVE_UP__RANGE_MID,120,360,133,0.42857142857142855,167.2550041745079,1.2575564223647209,1.339968017748802,93.97385685484812,17,57,0.29384991187989323,1.067732048135813,76,1.9803363052283411,1.615104386412367,0.29384991187989323,2,False
DRIVE_UP__RANGE_MID,120,480,133,0.5263157894736842,138.69716040316015,1.0428357925049636,1.2577499855624825,89.18794286853327,8,57,0.2017186411689929,1.0449072657086411,76,1.673673656006942,1.4509499541167723,0.2017186411689929,3,False
DRIVE_UP__RANGE_MID,180,120,129,0.3178294573643411,-198.900853220032,-1.5418670792250542,0.511164890218853,208.32721775019326,17,57,-1.9525104556891035,0.4009560125045831,72,-1.216774406191015,0.6037692967536051,-1.9525104556891035,0,False
DRIVE_UP__RANGE_MID,180,240,129,0.3953488372093023,-123.57853870607394,-0.9579731682641391,0.7492767999646066,139.5164677749076,20,57,-1.338993345390075,0.6460147616260193,72,-0.6563321947061068,0.829572499534506,-1.338993345390075,0,False
DRIVE_UP__RANGE_MID,180,360,129,0.4263565891472868,97.06095872328456,0.75241053273864,1.218311507771147,116.2059169036259,22,57,0.13126662794968452,1.0386668821238958,72,1.2441494573632295,1.3567532971722631,0.13126662794968452,3,False
DRIVE_UP__RANGE_MID,180,480,129,0.4806201550387597,71.08563951799403,0.5510514691317366,1.1438891953704005,138.68719288039767,14,57,0.5472283623795672,1.1519421212158087,72,0.5540780953105372,1.1381637458455534,0.5472283623795672,3,False
DRIVE_UP__RANGE_MID,240,120,131,0.3435114503816794,-200.18403010856554,-1.5281223672409583,0.5206161480547168,212.41040816553465,9,59,-1.4327623567292374,0.5461962823869619,72,-1.6062645980769517,0.5000161421471061,-1.6062645980769517,0,False
DRIVE_UP__RANGE_MID,240,240,131,0.4732824427480916,66.76026195551177,0.5096203202710822,1.1419297247032343,230.6005526119937,10,59,0.8867949893714117,1.4137733670683499,72,0.2005466330916453,1.041983754267021,0.2005466330916453,3,False
DRIVE_UP__RANGE_MID,240,360,131,0.5267175572519084,372.54358360491744,2.843844149655858,1.8995850289720673,141.49195517635155,10,59,2.99527696574743,2.389718858789518,72,2.7197533698030423,1.6823909562470656,2.7197533698030423,4,False
DRIVE_UP__RANGE_MID,240,480,131,0.5725190839694656,405.6235911959652,3.0963632915722537,1.894125141309757,119.22720880024298,10,59,3.0630265973612674,2.187843940754652,72,3.123680860439589,1.7459185861169637,3.0630265973612674,4,True
DRIVE_UP__RANGE_MID,360,120,121,0.3140495867768595,-139.7927727281368,-1.1553121713069159,0.6478985449647344,155.07656585744778,17,47,-1.9093545614473877,0.49598938289067573,74,-0.676393355947427,0.7714188000132888,-1.9093545614473877,0,False
DRIVE_UP__RANGE_MID,360,240,121,0.4380165289256198,-4.0857556652877,-0.03376657574617934,0.9914967486676284,152.05183048612562,12,47,-0.6770855073274761,0.833238270438412,74,0.37482788079869805,1.0957566558587866,-0.6770855073274761,3,False
DRIVE_UP__RANGE_MID,360,360,121,0.49586776859504134,129.0258899504342,1.0663296690118529,1.2742142557571658,136.35217510163184,13,47,0.7003712100189904,1.1441043836196805,74,1.2987627443181302,1.3969755336115524,0.7003712100189904,3,False
DRIVE_UP__RANGE_MID,360,480,121,0.5454545454545454,196.70135129411565,1.625631002430708,1.3843184117553449,146.55281767325414,13,47,0.2549276563755598,1.0456132146647579,74,2.496212857357626,1.7414282023028274,0.2549276563755598,4,False
DRIVE_UP__RANGE_HIGH,60,120,133,0.42105263157894735,24.66490964822099,0.1854504484828646,1.0560023042484492,192.20188310615947,12,57,-0.6701683321525795,0.748754254046923,76,0.8271645339594474,1.2179874193029483,-0.6701683321525795,2,False
DRIVE_UP__RANGE_HIGH,60,240,133,0.39097744360902253,-174.44569457258163,-1.3116217637036214,0.7390114719395612,294.3914454112819,15,57,-4.529066398099746,0.2935042548181547,76,1.1014617120934724,1.276275043232752,-4.529066398099746,0,False
DRIVE_UP__RANGE_HIGH,60,360,133,0.48872180451127817,-85.03499654167132,-0.6393608762531678,0.8754955292835035,284.9668570958075,11,57,-4.278012464375025,0.3622445342064346,76,2.089627814838225,1.5282523600382152,-4.278012464375025,0,False
DRIVE_UP__RANGE_HIGH,60,480,133,0.48872180451127817,-122.57202442661864,-0.9215941686211928,0.8503283574580297,335.8298442754774,13,57,-4.040752594117737,0.46680337616375606,76,1.4177746505012152,1.2784451902236187,-4.040752594117737,0,False
DRIVE_UP__RANGE_HIGH,120,120,134,0.3656716417910448,-195.06257074098195,-1.4556908264252384,0.6618381111917313,224.64377606272583,15,67,-3.065131968019394,0.2982702422913164,67,0.15375031516891702,1.0362493397753803,-3.065131968019394,0,False
DRIVE_UP__RANGE_HIGH,120,240,134,0.41044776119402987,-310.71944649820716,-2.3188018395388594,0.5858571579270819,463.8277871685798,17,67,-6.662948676035884,0.16267845057643157,67,2.025344996958166,1.624986413699246,-6.662948676035884,0,False
DRIVE_UP__RANGE_HIGH,120,360,134,0.48507462686567165,-395.46245961720047,-2.9512123852029886,0.5568321182321101,606.9927407268032,13,67,-8.592761009820114,0.16451355095868683,67,2.690336239414136,1.8867377759317099,-8.592761009820114,0,False
DRIVE_UP__RANGE_HIGH,120,480,134,0.4626865671641791,-353.64180973332395,-2.6391179830845073,0.6287629607845899,639.4130427645617,14,67,-8.169189431907395,0.2273625140374345,67,2.89095346573838,1.793161982222908,-8.169189431907395,1,False
DRIVE_UP__RANGE_HIGH,180,120,128,0.3515625,-195.74833066781648,-1.5292838333423162,0.6545442405550483,214.40389414127296,11,52,-3.163012904344512,0.2706640425569509,76,-0.4114692058144983,0.9083271225011645,-3.163012904344512,0,False
DRIVE_UP__RANGE_HIGH,180,240,128,0.390625,-320.7891101722582,-2.506164923220767,0.5704003266070801,404.1241685549536,18,52,-7.461274413131116,0.11506691889503429,76,0.8841731488231556,1.217973972055788,-7.461274413131116,0,False
DRIVE_UP__RANGE_HIGH,180,360,128,0.4453125,-357.8073236143423,-2.795369715737049,0.5979001213573765,543.1281971249784,18,52,-9.843277770310058,0.1396747743254296,76,2.026883163707641,1.5223625601393738,-9.843277770310058,0,False
DRIVE_UP__RANGE_HIGH,180,480,128,0.4765625,-218.87284085807596,-1.7099440692037184,0.7418542667642631,513.6256128892076,11,52,-8.106697347354647,0.22057709486306745,76,2.6667818579521794,1.660140147251607,-8.106697347354647,1,False
DRIVE_UP__RANGE_HIGH,240,120,132,0.3712121212121212,-186.1680633419646,-1.4103641162270044,0.6781635744363282,221.9929080810762,13,58,-3.2882182784943232,0.26036582801967006,74,0.0614675244690017,1.0141876368132103,-3.2882182784943232,0,False
DRIVE_UP__RANGE_HIGH,240,240,132,0.3939393939393939,-261.54464215681963,-1.9813988042183306,0.6551218502859023,376.2978356876992,13,58,-6.209654079578685,0.24254091552384605,74,1.3326391143073528,1.3486069351100296,-6.209654079578685,0,False
DRIVE_UP__RANGE_HIGH,240,360,132,0.4621212121212121,-241.5036256605417,-1.8295729216707706,0.7130857198973548,470.1749430300565,9,58,-7.474804182121169,0.24963731496280783,74,2.5950677959795416,1.727528477261021,-7.474804182121169,0,False
DRIVE_UP__RANGE_HIGH,240,480,132,0.48484848484848486,-121.41646248535702,-0.9198216854951289,0.8607837986830356,451.04288773925344,12,58,-5.728108396372641,0.42521108665744045,74,2.8488354662737314,1.7167144795953313,-5.728108396372641,1,False
DRIVE_UP__RANGE_HIGH,360,120,120,0.3416666666666667,-239.45042483981356,-1.9954202069984464,0.5601030147076969,258.10598831326996,15,59,-3.5564482537763946,0.2650010547596522,61,-0.4855734076558403,0.8855704115081239,-3.5564482537763946,0,False
DRIVE_UP__RANGE_HIGH,360,240,120,0.4,-248.44033895548355,-2.070336157962363,0.6459630770679743,285.5280129020826,10,59,-4.330179243174384,0.45001702846648467,61,0.11541371134106737,1.0296791960534515,-4.330179243174384,0,False
DRIVE_UP__RANGE_HIGH,360,360,120,0.475,-230.6391955409299,-1.921993296174416,0.7129637604651851,412.73241260214616,11,59,-6.011390471695021,0.4150575837811591,61,2.03332528342748,1.6290247864054457,-6.011390471695021,0,False
DRIVE_UP__RANGE_HIGH,360,480,120,0.5,-7.880903503625682,-0.06567419586354735,0.989473936189883,342.6542436599798,11,59,-2.8907236664652993,0.6933544952654844,61,2.6667507019315897,1.8449812108117927,-2.8907236664652993,2,False
DRIVE_UP__EXT_LOW,60,120,145,0.3586206896551724,-214.7709576279888,-1.4811790181240607,0.5485484536538694,218.1950307155012,15,61,-1.9373995893748839,0.49934854327335415,84,-1.1498759842395345,0.5970044797679805,-1.9373995893748839,0,False
DRIVE_UP__EXT_LOW,60,240,145,0.3724137931034483,-211.62163939056447,-1.459459582003893,0.6385369917912957,218.07085178581767,10,61,-1.8917555829514527,0.6014136751636222,84,-1.145530343220546,0.6748541280602866,-1.8917555829514527,0,False
DRIVE_UP__EXT_LOW,60,360,145,0.4068965517241379,-136.4969001465553,-0.941357932045209,0.7810346747863546,160.93600256167258,14,61,-1.9808112129811517,0.6398826251734204,84,-0.1865168589845841,0.9455697961222992,-1.9808112129811517,0,False
DRIVE_UP__EXT_LOW,60,480,145,0.46206896551724136,-91.18687227842409,-0.628874981230511,0.8709222800920631,168.34482897263945,11,61,-1.515812573908923,0.7224765225546903,84,0.01521065154785954,1.0034229598729307,-1.515812573908923,1,False
DRIVE_UP__EXT_LOW,120,120,134,0.31343283582089554,-347.3495835714217,-2.5921610714285204,0.34720736118271295,347.34958357142165,15,49,-3.957935757845515,0.21962282515731157,85,-1.80483213455284,0.45901847939878265,-3.957935757845515,0,False
DRIVE_UP__EXT_LOW,120,240,134,0.35074626865671643,-232.40113547162446,-1.7343368318777945,0.5881600428295021,232.40113547162454,11,49,-3.450147687583671,0.40786870886736876,85,-0.745222338588524,0.7727926006768261,-3.450147687583671,1,False
DRIVE_UP__EXT_LOW,120,360,134,0.44029850746268656,-178.77117719500947,-1.3341132626493244,0.7333747066198412,189.65002905690133,9,49,-3.762326642744779,0.48810392406841335,85,0.06568033293511419,1.0179884411972975,-3.762326642744779,2,False
DRIVE_UP__EXT_LOW,120,480,134,0.4626865671641791,-144.18518117871395,-1.0760088147665219,0.8029879332910039,195.03247451389205,8,49,-3.9802545819161637,0.4792787282537002,85,0.5982034510020953,1.1423031507443642,-3.9802545819161637,2,False
DRIVE_UP__EXT_LOW,180,120,125,0.288,-370.98820613053783,-2.9679056490443028,0.27669877573606294,370.98820613053783,20,51,-3.609289365613193,0.2043291968705707,74,-2.5258709254630407,0.3361601505903474,-3.609289365613193,0,False
DRIVE_UP__EXT_LOW,180,240,125,0.352,-341.083750612548,-2.728670004900384,0.43701847798121035,341.08375061254804,10,51,-3.112624518540721,0.41945587377280696,74,-2.4640527049590717,0.4514653213892089,-3.112624518540721,0,False
DRIVE_UP__EXT_LOW,180,360,125,0.384,-353.199256115533,-2.825594048924264,0.5103999624218287,353.19925611553293,11,51,-2.867968541669886,0.5508403440364535,74,-2.796390006626605,0.4771241893606321,-2.867968541669886,0,False
DRIVE_UP__EXT_LOW,180,480,125,0.424,-254.68042598505087,-2.037443407880407,0.6768309655771352,304.3712992646581,10,51,-2.0986359313087686,0.6751060460796818,74,-1.995270182274374,0.6780699406806864,-2.0986359313087686,0,False
DRIVE_UP__EXT_LOW,240,120,140,0.2785714285714286,-454.90864226808674,-3.2493474447720483,0.2552691795065502,454.9086422680867,11,60,-4.254376913791962,0.16217020381822547,80,-2.495575343007112,0.34791388308844184,-4.254376913791962,0,False
DRIVE_UP__EXT_LOW,240,240,140,0.35,-404.3066440034278,-2.887904600024484,0.40805968268116977,404.3066440034276,10,60,-2.3970490732148493,0.5392842621110775,80,-3.256046245131711,0.29759683782933244,-3.256046245131711,0,False
DRIVE_UP__EXT_LOW,240,360,140,0.37857142857142856,-376.61889809113063,-2.690134986365219,0.5317434381621597,376.6188980911306,12,60,-1.6271870851195156,0.7256286878795389,80,-3.4873459122994968,0.3779042266261475,-3.4873459122994968,0,False
DRIVE_UP__EXT_LOW,240,480,140,0.39285714285714285,-365.99314613387077,-2.614236758099077,0.608033613520931,380.3959499436382,16,60,-1.1642456178810816,0.833656446111486,80,-3.701730113262574,0.42362367160253306,-3.701730113262574,0,False
DRIVE_UP__EXT_LOW,360,120,126,0.23015873015873015,-434.93135402677007,-3.451836143069604,0.18281416171765685,434.9313540267701,17,51,-4.943218304087677,0.09455743429051672,75,-2.4376962735773144,0.27963692348433633,-4.943218304087677,0,False
DRIVE_UP__EXT_LOW,360,240,126,0.3253968253968254,-310.8409875019427,-2.466991964301133,0.4745369504390096,310.84098750194266,14,51,-2.170843220439749,0.5961494694476654,75,-2.6683731101268746,0.3695024870228011,-2.6683731101268746,0,False
DRIVE_UP__EXT_LOW,360,360,126,0.3412698412698413,-368.50433568338605,-2.924637584788778,0.49704080262567535,387.47893900901573,14,51,-2.175533045765098,0.6545680758153786,75,-3.4340286713248807,0.37407432589057044,-3.4340286713248807,0,False
DRIVE_UP__EXT_LOW,360,480,126,0.38095238095238093,-403.344594979436,-3.2011475792018733,0.5521484932065779,457.4215240649755,12,51,-1.3291003704430755,0.8054326171128704,75,-4.474139681157855,0.3923620275860147,-4.474139681157855,0,False
DRIVE_UP__EXT_MID,60,120,147,0.32653061224489793,-264.21075469547674,-1.7973520727583452,0.5082548737718979,264.2107546954768,11,52,-1.8581176447541936,0.37304867758262705,95,-1.7640909175606176,0.562634840548729,-1.8581176447541936,0,False
DRIVE_UP__EXT_MID,60,240,147,0.38095238095238093,-299.67986487044413,-2.0386385365336337,0.579610345465951,299.9349657574456,10,52,-3.0944079732719243,0.3657712457080406,95,-1.4607436869505692,0.6977685994686231,-3.0944079732719243,0,False
DRIVE_UP__EXT_MID,60,360,147,0.48299319727891155,-109.4680524356379,-0.7446806288138633,0.8338844655187267,152.74856516050403,10,52,-1.2967111343106137,0.7197681311330886,95,-0.4425165626472211,0.8995167399482724,-1.2967111343106137,1,False
DRIVE_UP__EXT_MID,60,480,147,0.4965986394557823,-156.2713687870641,-1.0630705359664223,0.7992475737834523,211.05167999136685,10,52,-1.7947916783756541,0.6074756739574635,95,-0.6625494895950538,0.8835830242552416,-1.7947916783756541,1,False
DRIVE_UP__EXT_MID,120,120,149,0.31543624161073824,-193.18184676637804,-1.2965224615193158,0.6152606660392573,193.18184676637804,15,52,-2.9737028896609576,0.2944422055394306,97,-0.3974154278763737,0.8637581002385754,-2.9737028896609576,0,False
DRIVE_UP__EXT_MID,120,240,149,0.3691275167785235,-121.98601088995296,-0.8186980596641139,0.8175892043546611,272.7241492831478,14,52,-5.244695178522073,0.26757343003898976,97,1.5540014267339672,1.508586575097171,-5.244695178522073,1,False
DRIVE_UP__EXT_MID,120,360,149,0.436241610738255,-79.58399652998159,-0.5341207820804134,0.8916103121395171,297.4934624466372,13,52,-5.721028123973792,0.34664419786155737,97,2.2464893393469647,1.781294916333531,-5.721028123973792,1,False
DRIVE_UP__EXT_MID,120,480,149,0.5100671140939598,35.10811132521442,0.2356249082229156,1.0472159840226876,273.62404211228454,13,52,-5.122286493178537,0.37621027248338657,97,3.107907308974211,1.952312785593894,-5.122286493178537,2,False
DRIVE_UP__EXT_MID,180,120,151,0.31788079470198677,-220.57416257175078,-1.4607560435215283,0.5496866039005378,220.5741625717508,15,43,-3.134223883204733,0.2887773667587555,108,-0.7944679221661781,0.7143065653479251,-3.134223883204733,0,False
DRIVE_UP__EXT_MID,180,240,151,0.3708609271523179,-179.39247495685476,-1.1880296354758593,0.7185639512477058,216.88767223054307,14,43,-5.0438993541986745,0.3261933840152565,108,0.34717775253415056,1.1188308875502724,-5.0438993541986745,1,False
DRIVE_UP__EXT_MID,180,360,151,0.40397350993377484,-80.47765786807231,-0.532964621642863,0.8818922860738784,256.31459091662725,13,43,-5.960804439921565,0.3293134537980644,108,1.628119750449583,1.5876420292456654,-5.960804439921565,1,False
DRIVE_UP__EXT_MID,180,480,151,0.48344370860927155,54.57808141947591,0.36144424781109874,1.0786813450171395,224.72735085775432,13,43,-5.22621746180824,0.37066508037663615,108,2.5861614099743537,1.8298517403650847,-5.22621746180824,2,False
DRIVE_UP__EXT_MID,240,120,141,0.2695035460992908,-308.2257110927115,-2.1859979510121383,0.4123359594710303,308.2257110927115,19,45,-2.490065075441658,0.37924760994503076,96,-2.043466486435801,0.42969975724144494,-2.490065075441658,0,False
DRIVE_UP__EXT_MID,240,240,141,0.3475177304964539,-224.62640404013442,-1.5930950641144286,0.65753430550285,224.62640404013442,19,45,-3.5595910735664513,0.43812058093805856,96,-0.6713000596837931,0.826213477774032,-3.5595910735664513,1,False
DRIVE_UP__EXT_MID,240,360,141,0.375886524822695,-169.00401591605134,-1.198610041957811,0.7614986804928506,189.01943597572645,17,45,-4.023486281401424,0.4585466762129271,96,0.12555069528138288,1.0322081649939374,-4.023486281401424,1,False
DRIVE_UP__EXT_MID,240,480,141,0.45390070921985815,-42.98495390023268,-0.3048578290796644,0.9391661061978784,216.3103715565742,16,45,-2.6651092522445627,0.5932037927096554,96,0.8015100255288822,1.1868595090204366,-2.6651092522445627,2,False
DRIVE_UP__EXT_MID,360,120,149,0.2550335570469799,-341.33483374498604,-2.290837810369034,0.42465078148765456,341.334833744986,22,52,-2.5396306248616654,0.4069753686840596,97,-2.157464342805974,0.4352724884798656,-2.5396306248616654,0,False
DRIVE_UP__EXT_MID,360,240,149,0.3825503355704698,-197.1761220815518,-1.3233296783996764,0.7203516477444936,227.905192158492,14,52,-1.1281839141804575,0.8240974185024978,97,-1.4279439025171956,0.6272331850178792,-1.4279439025171956,0,False
DRIVE_UP__EXT_MID,360,360,149,0.44966442953020136,-99.0124438414932,-0.6645130459160618,0.8717905649714791,193.173226630051,14,52,-1.4159688869311127,0.8293971867104415,97,-0.26167073939252933,0.9254962405383834,-1.4159688869311127,1,False
DRIVE_UP__EXT_MID,360,480,149,0.46308724832214765,46.35877706740147,0.311132731995983,1.0598886106762622,171.4018496807145,14,52,-0.09285713192185881,0.988052791148431,97,0.5277046178076099,1.1383724357116864,-0.09285713192185881,1,False
DRIVE_UP__EXT_HIGH,60,120,143,0.3776223776223776,12.98707944835354,0.09081873740107371,1.0432311208372178,117.74363936469646,10,57,-1.5477137147186681,0.4336462754652725,86,1.1768228045036933,1.699702249496677,-1.5477137147186681,2,False
DRIVE_UP__EXT_HIGH,60,240,143,0.36363636363636365,-149.6558024774938,-1.0465440732691875,0.7481151673472887,321.1745486039357,14,57,-4.070869918382776,0.2826032997782617,86,0.9579509636084229,1.3043393879060619,-4.070869918382776,1,False
DRIVE_UP__EXT_HIGH,60,360,143,0.46853146853146854,39.83044558143726,0.2785345844855752,1.074526490483828,244.2894653406814,9,57,-2.668901141570844,0.4581855276236347,86,2.2320675657090154,1.7567138697120555,-2.668901141570844,2,False
DRIVE_UP__EXT_HIGH,60,480,143,0.45454545454545453,-47.101010259706584,-0.3293776941238223,0.9310746746103928,310.36909784720103,9,57,-2.4371168384436386,0.5944367162192661,86,1.067612203855591,1.2693794124270057,-2.4371168384436386,3,False
DRIVE_UP__EXT_HIGH,120,120,133,0.3609022556390977,4.089807562902763,0.030750432803780172,1.0121147036117992,96.21025175026685,12,53,-1.0863412134813666,0.586019420579671,80,0.77082364846769,1.3106418740678405,-1.0863412134813666,2,False
DRIVE_UP__EXT_HIGH,120,240,133,0.43609022556390975,-52.113425034907436,-0.39183026342035665,0.9133126949533436,211.04137567812,9,53,-2.420392520542128,0.5022768342640254,80,0.9520922319228173,1.2217840675879723,-2.420392520542128,2,False
DRIVE_UP__EXT_HIGH,120,360,133,0.518796992481203,144.40298826998824,1.085736753909686,1.281031371435565,163.8834610391707,6,53,-1.5010939661286606,0.6423023044097018,80,2.7995121059350914,1.768528087102952,-1.5010939661286606,2,False
DRIVE_UP__EXT_HIGH,120,480,133,0.45864661654135336,37.41188473325868,0.2812923664154788,1.0588149105446076,242.77312812047455,10,53,-1.0001652130466805,0.7877127100857674,80,1.1302580128091597,1.2340125206963177,-1.0001652130466805,2,False
DRIVE_UP__EXT_HIGH,180,120,128,0.3671875,12.155366711988401,0.09496380243740939,1.034351534281646,93.9378728473183,10,53,-0.8736442010900236,0.6489037443915375,75,0.7794467915967954,1.2633614937565416,-0.8736442010900236,3,False
DRIVE_UP__EXT_HIGH,180,240,128,0.4453125,76.80131981914246,0.6000103110870505,1.1363233479218033,158.80470865706724,10,53,-1.5747622313602159,0.6220075535129036,75,2.136849574416452,1.4678253016535765,-1.5747622313602159,3,False
DRIVE_UP__EXT_HIGH,180,360,128,0.5390625,277.643569479576,2.1690903865591875,1.5854876329771048,156.04246479433417,7,53,-1.034522221110309,0.7559274981407715,75,4.4329766293123,2.3322160162646446,-1.034522221110309,4,False
DRIVE_UP__EXT_HIGH,180,480,128,0.5,243.78284364948192,1.9045534660115775,1.467044162380226,201.93968492834358,9,53,-0.09644726675991228,0.9755419788860927,75,3.3185939838367644,1.7952653411556314,-0.09644726675991228,4,False
DRIVE_UP__EXT_HIGH,240,120,137,0.39416058394160586,60.232394504217034,0.4396525146293214,1.1712298019163931,88.12475136404424,9,53,-0.6544861060156164,0.7192456016248162,84,1.130001882417199,1.4159306270314762,-0.6544861060156164,3,False
DRIVE_UP__EXT_HIGH,240,240,137,0.48175182481751827,185.13178259918922,1.3513268802860527,1.3416279956978032,166.8932794629938,9,53,-1.4374015759481202,0.6468318966060914,84,3.1108817395766617,1.8010870344711154,-1.4374015759481202,4,False
DRIVE_UP__EXT_HIGH,240,360,137,0.583941605839416,409.56265537798373,2.98950843341594,1.86971856792942,166.6988382216073,7,53,-0.9467843025672535,0.7843932872192626,84,5.4731217073100975,2.9302509975851474,-0.9467843025672535,4,False
DRIVE_UP__EXT_HIGH,240,480,137,0.5547445255474452,375.16544780829366,2.738433925607983,1.7279310707568463,220.48224496741778,7,53,-0.44575845972560724,0.8978634361630294,84,4.747507692544652,2.4038164903398216,-0.44575845972560724,4,False
DRIVE_UP__EXT_HIGH,360,120,141,0.41134751773049644,54.76041999964084,0.38837177304709813,1.1566003527288824,92.19856239238426,9,51,-0.4065798867312954,0.8231418708270639,90,0.8388443802548546,1.324799871221506,-0.4065798867312954,3,False
DRIVE_UP__EXT_HIGH,360,240,141,0.46099290780141844,169.65710265354838,1.2032418627911232,1.295433809115599,161.31465146467787,9,51,-1.6457942650170918,0.6153768289720258,90,2.8176956685491112,1.7122658801218047,-1.6457942650170918,3,False
DRIVE_UP__EXT_HIGH,360,360,141,0.5460992907801419,367.9814523426178,2.609797534344807,1.7104763364210822,178.90817810926563,11,51,-1.3342225316118375,0.7008697701483264,90,4.844742238386905,2.5011651589497528,-1.3342225316118375,4,False
DRIVE_UP__EXT_HIGH,360,480,141,0.5319148936170213,336.3678112865291,2.385587314088859,1.600113175479793,212.71763543718185,11,51,-0.5075732526366377,0.8872304378318293,90,4.0250449685666405,2.09456382773268,-0.5075732526366377,4,False
DRIVE_UP__STR_B0_20,60,120,84,0.2976190476190476,-209.79594065320086,-2.4975707220619148,0.2900647555693148,210.2175975073934,12,35,-4.359307091118336,0.05210974016875403,49,-1.1677590298787566,0.5747312946614019,-4.359307091118336,0,False
DRIVE_UP__STR_B0_20,60,240,84,0.32142857142857145,-120.59077884992968,-1.4356045101182104,0.6408514971870971,158.31146954348725,8,35,-4.523184844099636,0.22197033246265302,49,0.769810014154236,1.285133896086663,-4.523184844099636,1,False
DRIVE_UP__STR_B0_20,60,360,84,0.36904761904761907,-95.88573488521789,-1.1414968438716415,0.7280739966039745,166.66518604222819,12,35,-4.664672599054298,0.26540596639217573,49,1.375057266973113,1.5168318031519776,-4.664672599054298,1,False
DRIVE_UP__STR_B0_20,60,480,84,0.34523809523809523,-80.798167945002,-0.9618829517262144,0.7901376462917382,180.78738339879703,12,35,-4.268895085913617,0.31165010620612904,49,1.400268572693359,1.4085373993062786,-4.268895085913617,2,False
DRIVE_UP__STR_B0_20,120,120,93,0.3118279569892473,-155.39767239394996,-1.6709427139134405,0.43183642629620206,155.39767239394996,16,24,-3.3218864278982623,0.2643345897386754,69,-1.0967014220926323,0.5417599832895872,-3.3218864278982623,0,False
DRIVE_UP__STR_B0_20,120,240,93,0.3763440860215054,-165.26417711962017,-1.7770341625765609,0.5823443711273727,169.9497722687811,12,24,-3.4946528990884906,0.3958514212351424,69,-1.1796015585724107,0.6831356402438751,-3.4946528990884906,0,False
DRIVE_UP__STR_B0_20,120,360,93,0.43010752688172044,-117.28955127000484,-1.2611779706452133,0.707984998914041,139.42475356033006,11,24,-4.162435687372465,0.3666163660858544,69,-0.25204485178356,0.9287057464153997,-4.162435687372465,1,False
DRIVE_UP__STR_B0_20,120,480,93,0.40860215053763443,-221.47210294994917,-2.3814204618274104,0.5751056588096435,238.6884998631884,11,24,-4.846535267039356,0.28215852584277634,69,-1.5239892252319511,0.7072543335318934,-4.846535267039356,0,False
DRIVE_UP__STR_B0_20,180,120,101,0.33663366336633666,-232.5777854262051,-2.302750350754506,0.3332001208935811,232.5777854262051,17,38,-3.3332318139319455,0.22676827660629065,63,-1.681190103123669,0.4274474438060485,-3.3332318139319455,0,False
DRIVE_UP__STR_B0_20,180,240,101,0.297029702970297,-229.79938156818417,-2.27524140166519,0.47059137477476454,233.38068545409914,14,38,-2.944577407002318,0.44322824494395335,63,-1.8715149222554923,0.4941828372941455,-2.944577407002318,0,False
DRIVE_UP__STR_B0_20,180,360,101,0.3564356435643564,-180.96629653538287,-1.7917455102513156,0.6060480723993694,182.59638800083556,11,38,-0.9383433855737251,0.7880272212276602,63,-2.3064959981520845,0.5009061561114906,-2.3064959981520845,0,False
DRIVE_UP__STR_B0_20,180,480,101,0.43564356435643564,-221.12708531439318,-2.189377082320725,0.6418168834042749,282.1141952689578,10,38,-0.7235320703571784,0.8634441710091705,63,-3.0735375657273085,0.5345555627346336,-3.0735375657273085,0,False
DRIVE_UP__STR_B0_20,240,120,99,0.24242424242424243,-275.6452964208595,-2.7842959234430253,0.24625255773871743,275.6452964208594,11,42,-3.8685141443153204,0.14882784231912627,57,-1.9853982870108076,0.35263541587647057,-3.8685141443153204,0,False
DRIVE_UP__STR_B0_20,240,240,99,0.2828282828282828,-341.24533014005533,-3.4469225266672257,0.2637574890914714,341.5004310270569,14,42,-4.385391176698135,0.16890220898061686,57,-2.7554193108549776,0.3506678166923728,-4.385391176698135,0,False
DRIVE_UP__STR_B0_20,240,360,99,0.35353535353535354,-267.3825221940294,-2.7008335575154483,0.47037122954808097,269.2541603409584,12,42,-2.5309530517884715,0.545275891671296,57,-2.8260086669984847,0.4057767265038264,-2.8260086669984847,0,False
DRIVE_UP__STR_B0_20,240,480,99,0.3838383838383838,-290.53245848239766,-2.9346712978019966,0.5235252111460079,291.9392374690884,11,42,-2.108470199512593,0.6707825184465134,57,-3.5434510544362925,0.40728534685940204,-3.5434510544362925,0,False
DRIVE_UP__STR_B0_20,360,120,89,0.2696629213483146,-191.1335165848222,-2.147567602076654,0.3120526455401336,191.13351658482233,9,30,-2.106463653766096,0.3001173176508232,59,-2.168467914776938,0.31779899028219877,-2.168467914776938,0,False
DRIVE_UP__STR_B0_20,360,240,89,0.30337078651685395,-174.62947040770493,-1.9621288809854487,0.4622029409767135,189.7599994814232,10,30,-1.9861343294711322,0.5282536745511643,59,-1.9499227207384902,0.420155337864731,-1.9861343294711322,0,False
DRIVE_UP__STR_B0_20,360,360,89,0.3707865168539326,-93.09017303584449,-1.045957000402747,0.7283871384426063,135.3152335859209,9,30,-0.5707066939304,0.8711651630811339,59,-1.287609698609025,0.6379644971343136,-1.287609698609025,2,False
DRIVE_UP__STR_B0_20,360,480,89,0.449438202247191,-131.5568688014609,-1.4781670651849539,0.7226873549847704,197.2033928788467,7,30,-1.183018933236149,0.7971547683748097,59,-1.6282423865148543,0.6791751202981431,-1.6282423865148543,1,False
DRIVE_UP__STR_B20_40,60,120,97,0.38144329896907214,-126.2192631569359,-1.3012295170818133,0.5325247038589805,137.40683134108804,10,38,-1.7380261453577264,0.5097427604581384,59,-1.019902875141395,0.5552103175272508,-1.7380261453577264,0,False
DRIVE_UP__STR_B20_40,60,240,97,0.3917525773195876,-222.42037858418897,-2.2929935936514325,0.4437469437134021,231.56173369616997,11,38,-1.5016042859975736,0.6257352439735413,59,-2.8027019612929016,0.3315926451936142,-2.8027019612929016,0,False
DRIVE_UP__STR_B20_40,60,360,97,0.4536082474226804,-136.17626528686986,-1.403879023575978,0.6575568222245871,181.29167619145824,6,38,-0.8564365294414465,0.8204774528589405,59,-1.756469104543982,0.5210591635816967,-1.756469104543982,1,False
DRIVE_UP__STR_B20_40,60,480,97,0.4536082474226804,-235.6141854855616,-2.429012221500635,0.5734444283269987,276.6700157209843,8,38,-1.1430132580690222,0.7950302265856095,59,-3.2572827403209956,0.43552552106184,-3.2572827403209956,1,False
DRIVE_UP__STR_B20_40,120,120,89,0.30337078651685395,-143.74394018841235,-1.615100451555195,0.4868358215569645,143.74394018841232,8,36,-2.907639947154756,0.32116816287980837,53,-0.7371490960536057,0.6897180382685092,-2.907639947154756,0,False
DRIVE_UP__STR_B20_40,120,240,89,0.3146067415730337,-135.08953170161357,-1.517859906759703,0.6591453681647922,154.64665787591105,13,36,-2.996929538589979,0.4513019059469504,53,-0.513208836082534,0.8637938772963465,-2.996929538589979,0,False
DRIVE_UP__STR_B20_40,120,360,89,0.43820224719101125,18.68571800502768,0.20995188769694023,1.0551635169306282,70.70014536229108,6,36,-0.4650079926969986,0.8801398348369128,53,0.6684152026815022,1.1779592179102298,-0.4650079926969986,3,False
DRIVE_UP__STR_B20_40,120,480,89,0.48314606741573035,67.86645188969129,0.7625444032549583,1.1771074115222406,102.15130491244817,7,36,-0.6009185094233076,0.8725601281087627,53,1.6886701552628374,1.4193142620230035,-0.6009185094233076,3,False
DRIVE_UP__STR_B20_40,180,120,79,0.26582278481012656,-141.49333386968422,-1.791054859109927,0.4891906014088153,141.4933338696842,21,26,-2.6230208525448053,0.3289936684909055,53,-1.3829205981796084,0.582037407610016,-2.6230208525448053,0,False
DRIVE_UP__STR_B20_40,180,240,79,0.34177215189873417,-154.59961209762935,-1.9569571151598653,0.5812766801309305,190.2939798465847,9,26,-2.024657745500694,0.5496042692909024,53,-1.9237454851813447,0.5959465793034987,-2.024657745500694,1,False
DRIVE_UP__STR_B20_40,180,360,79,0.379746835443038,-113.7400240892598,-1.4397471403703772,0.7209804645363342,187.80493687004937,9,26,-2.5821932178778053,0.5531314269572459,53,-0.8793018948006966,0.8189492283312928,-2.5821932178778053,1,False
DRIVE_UP__STR_B20_40,180,480,79,0.35443037974683544,-123.80620777636727,-1.5671671870426238,0.7255466089779017,199.74024406801848,12,26,-2.5643093901245706,0.5668039119311876,53,-1.0780030874175193,0.8077544736036344,-2.5643093901245706,2,False
DRIVE_UP__STR_B20_40,240,120,85,0.23529411764705882,-257.2542236045433,-3.0265202777005094,0.25338734146185843,269.1464462493678,11,29,-3.4418329143132818,0.22200849740736103,56,-2.811447662311752,0.2720022904914711,-3.4418329143132818,0,False
DRIVE_UP__STR_B20_40,240,240,85,0.29411764705882354,-200.65532958662988,-2.360650936313293,0.49070224944568613,232.38884013953088,14,29,-2.0638206633932388,0.5862748904110264,56,-2.514366613361178,0.4352482861139204,-2.514366613361178,0,False
DRIVE_UP__STR_B20_40,240,360,85,0.35294117647058826,-194.81753556682605,-2.291971006668542,0.526803221827856,218.61573911302173,12,29,-2.822307194155736,0.4560653115531022,56,-2.017332623862674,0.5675486999737359,-2.822307194155736,0,False
DRIVE_UP__STR_B20_40,240,480,85,0.3411764705882353,-222.72707446661434,-2.6203185231366395,0.548619846243342,245.76893684861727,12,29,-3.7450037537946517,0.4391038473569887,56,-2.0378922429744537,0.6193496362636286,-3.7450037537946517,1,False
DRIVE_UP__STR_B20_40,360,120,82,0.35365853658536583,-134.6545563188985,-1.6421287355963232,0.47321707196974805,134.65455631889853,10,31,-1.9020472486734041,0.4159039536519424,51,-1.4841390511769215,0.5106238896407731,-1.9020472486734041,1,False
DRIVE_UP__STR_B20_40,360,240,82,0.3780487804878049,-147.6250691906741,-1.8003057218374892,0.5982815015766361,157.90980884885747,8,31,-2.7162768611814427,0.5050003889984627,51,-1.2435389508637131,0.678677755085969,-2.7162768611814427,1,False
DRIVE_UP__STR_B20_40,360,360,82,0.3902439024390244,-232.34765352165007,-2.83350796977622,0.5364763052003578,250.72018279493003,16,31,-3.360737876160269,0.5264722111204493,51,-2.5130348894251315,0.5443022507242891,-3.360737876160269,1,False
DRIVE_UP__STR_B20_40,360,480,82,0.35365853658536583,-306.8229562008085,-3.7417433683025427,0.4754809370993805,338.30301140832785,16,31,-3.42286987725726,0.531523131376346,51,-3.93556843148693,0.4400701971503293,-3.93556843148693,0,False
DRIVE_UP__STR_B40_60,60,120,91,0.3076923076923077,-66.50426803736806,-0.73081613227877,0.7066878127072366,119.19935164125033,10,29,-1.1301943037443967,0.6271316499291016,62,-0.5440102133674282,0.7570579723926762,-1.1301943037443967,1,False
DRIVE_UP__STR_B40_60,60,240,91,0.4065934065934066,-87.52185966182127,-0.9617786776024315,0.748813296836466,216.69943368648902,11,29,-1.9951064418275346,0.5633269154486893,62,-0.4784479491745606,0.86262701650413,-1.9951064418275346,1,False
DRIVE_UP__STR_B40_60,60,360,91,0.4725274725274725,52.07184787955643,0.5722181085665542,1.1792683627842184,71.89165897355556,11,29,0.6086924263784332,1.185694666232973,62,0.555157540557772,1.1761421887505767,0.555157540557772,2,False
DRIVE_UP__STR_B40_60,60,480,91,0.6263736263736264,146.65900089312225,1.6116373724518929,1.4763564939247227,59.53453768975331,8,29,1.007433308283113,1.2993149833824211,62,1.8942489508534197,1.5585404045013456,1.007433308283113,3,True
DRIVE_UP__STR_B40_60,120,120,75,0.22666666666666666,-156.59267383176146,-2.0879023177568197,0.41732603305172983,160.60214790928782,16,23,-3.098800295575228,0.03143991367852323,52,-1.6407743660294463,0.5628243003100193,-3.098800295575228,1,False
DRIVE_UP__STR_B40_60,120,240,75,0.32,-30.7702118117591,-0.41026949082345465,0.9091760405407163,133.1839376424867,8,23,-4.181534925781908,0.3107735357258191,52,1.2577902207927838,1.328258633330152,-4.181534925781908,1,False
DRIVE_UP__STR_B40_60,120,360,75,0.37333333333333335,19.70116645906665,0.262682219454222,1.0526715163971012,128.03880268243373,8,23,-3.6528514650389274,0.3634362978280456,52,1.994552887595423,1.4284836214296357,-3.6528514650389274,2,False
DRIVE_UP__STR_B40_60,120,480,75,0.4533333333333333,4.686534910765477,0.062487132143539695,1.0112630797556506,160.81293032779422,5,23,-4.718002196123515,0.2737205461407527,52,2.1769343350308907,1.424471054662714,-4.718002196123515,2,False
DRIVE_UP__STR_B40_60,180,120,75,0.2,-246.52289271546283,-3.2869719028728377,0.1385493750289547,246.52289271546292,15,30,-4.02890604468427,0.156136717211724,45,-2.7923491416652166,0.1209263877586595,-4.02890604468427,0,False
DRIVE_UP__STR_B40_60,180,240,75,0.36,-170.22195660754784,-2.269626088100638,0.5368037528628891,219.6484224925607,9,30,-2.3370541445918636,0.5448967520951384,45,-2.22467405043982,0.5309623331595932,-2.3370541445918636,0,False
DRIVE_UP__STR_B40_60,180,360,75,0.4,-140.03438087326697,-1.8671250783102262,0.601542134751398,173.4205082428281,9,30,-2.3414002256583464,0.5947431971542471,45,-1.5509416467448116,0.6081583597477462,-2.3414002256583464,0,False
DRIVE_UP__STR_B40_60,180,480,75,0.4266666666666667,-81.16561651357556,-1.0822082201810075,0.788690393394686,119.03114969206365,9,30,-2.593597878521472,0.5799606798263105,45,-0.07461511462069761,0.9831160280382338,-2.593597878521472,2,False
DRIVE_UP__STR_B40_60,240,120,70,0.3,-137.91432265989607,-1.9702046094270866,0.4435259673262353,137.91432265989604,9,27,-2.3298894510835764,0.29946114277126085,43,-1.744355987921849,0.5253843697937449,-2.3298894510835764,0,False
DRIVE_UP__STR_B40_60,240,240,70,0.37142857142857144,-63.86781356875147,-0.9123973366964496,0.769790121560851,95.19783281061574,9,27,-0.5292048575098998,0.8395196968597746,43,-1.1530065678135852,0.7368360544019341,-1.1530065678135852,2,False
DRIVE_UP__STR_B40_60,240,360,70,0.37142857142857144,12.428753221399326,0.1775536174485618,1.0419719285742788,130.54590597307305,9,27,0.939758231142996,1.3386040661105656,43,-0.3010399771967803,0.941475626041753,-0.3010399771967803,3,False
DRIVE_UP__STR_B40_60,240,480,70,0.42857142857142855,-26.97866103572001,-0.3854094433674287,0.9156106390879495,135.14852647613247,5,27,0.5010596680210049,1.1772125760372676,43,-0.9420295830764447,0.8335442101112912,-0.9420295830764447,2,False
DRIVE_UP__STR_B40_60,360,120,92,0.1956521739130435,-282.63426769312895,-3.072111605360097,0.24290650599520633,282.63426769312895,22,44,-3.8939106569073583,0.2221216561172849,48,-2.3187958081084417,0.27281635556261963,-3.8939106569073583,0,False
DRIVE_UP__STR_B40_60,360,240,92,0.30434782608695654,-166.4727197600638,-1.8094860843485194,0.6353485867262191,210.70553598031668,15,44,-2.2961964554208,0.5801708770244016,48,-1.3633349108655957,0.6968595966856448,-2.2961964554208,1,False
DRIVE_UP__STR_B40_60,360,360,92,0.3695652173913043,-84.26183843003054,-0.9158895481525058,0.820035417179129,210.79599549171684,10,44,-2.423137353040728,0.5955309253184704,48,0.4657542729950312,1.1092606753593748,-2.423137353040728,1,False
DRIVE_UP__STR_B40_60,360,480,92,0.391304347826087,-138.8086065568044,-1.5087892017043956,0.7410296411075544,232.05335788628437,9,44,-2.958635934769971,0.5383991476128076,48,-0.17976302972761893,0.9660268142356141,-2.958635934769971,1,False
DRIVE_UP__STR_B60_80,60,120,84,0.35714285714285715,-83.25789075866395,-0.9911653661745708,0.7030539545546888,147.94031041188444,8,32,-0.7460357241005888,0.6806259043387382,52,-1.1420143766816364,0.7112068780204529,-1.1420143766816364,0,False
DRIVE_UP__STR_B60_80,60,240,84,0.32142857142857145,-121.25890645346341,-1.4435584101602787,0.6975316815348974,202.1090319571511,14,32,-1.4878375290081187,0.6282964933704224,52,-1.4163097216385307,0.7300385997305193,-1.4878375290081187,1,False
DRIVE_UP__STR_B60_80,60,360,84,0.44047619047619047,20.2591622819027,0.24118050335598454,1.0519635919745665,162.82087571955705,7,32,0.8782138598033064,1.2837525222601782,52,-0.15084002368852106,0.9730302235805327,-0.15084002368852106,3,False
DRIVE_UP__STR_B60_80,60,480,84,0.4523809523809524,-69.04168646940624,-0.8219248389215029,0.8548165471375311,200.58574227793386,7,32,-0.6949380286186182,0.8152577733320343,52,-0.9000705683386625,0.8682235192050985,-0.9000705683386625,1,False
DRIVE_UP__STR_B60_80,120,120,71,0.352112676056338,-48.570355664932436,-0.684089516407499,0.750533758847165,69.7187823596704,11,30,-1.54339735094281,0.46276022898256175,41,-0.0553276862597108,0.9790951285288895,-1.54339735094281,2,False
DRIVE_UP__STR_B60_80,120,240,71,0.4084507042253521,-37.65123685602762,-0.5302991106482764,0.8282009819899943,77.99178097359754,8,30,-1.5982209680003736,0.5987037395032218,41,0.2511071264386243,1.1032852142155964,-1.5982209680003736,1,False
DRIVE_UP__STR_B60_80,120,360,71,0.5211267605633803,86.76268626928608,1.2220096657645927,1.382433881732006,78.23695662884369,8,30,0.05392821644722622,1.0113628694581205,41,2.076703409167544,2.0077544565071,0.05392821644722622,3,False
DRIVE_UP__STR_B60_80,120,480,71,0.5211267605633803,57.572794383187954,0.8108844279322247,1.2032908184017501,87.19915196694788,5,30,-1.345173467005434,0.7713627797553944,41,2.3884877656914876,1.917780500195819,-1.345173467005434,3,False
DRIVE_UP__STR_B60_80,180,120,68,0.45588235294117646,61.82212623593417,0.9091489152343261,1.4028069508903804,51.014387105896695,7,27,-0.7190864598759573,0.7437073239640968,41,1.9814014793313417,2.0452075758419195,-0.7190864598759573,3,False
DRIVE_UP__STR_B60_80,180,240,68,0.5588235294117647,150.4475188650756,2.2124635127217003,1.7310448181063476,69.20145963572865,8,27,-1.7406044417015631,0.6558032622517641,41,4.815703385146776,3.8508114339415287,-1.7406044417015631,3,False
DRIVE_UP__STR_B60_80,180,360,68,0.5882352941176471,242.72942791240547,3.569550410476551,2.027048661023212,74.16199524370552,5,27,-1.4673929004235928,0.7436128078966175,41,6.886561859118108,4.451427119009172,-1.4673929004235928,3,False
DRIVE_UP__STR_B60_80,180,480,68,0.6029411764705882,276.7001967163314,4.0691205399460495,2.324411286356821,45.232022889405684,6,27,-1.169022531736717,0.7433680015536097,41,7.518629392029825,4.587322106189906,-1.169022531736717,4,False
DRIVE_UP__STR_B60_80,240,120,76,0.40789473684210525,30.02396656543513,0.39505219165046224,1.151396030840146,56.35709893967636,7,27,-1.6350853504472294,0.5612836924513639,49,1.5136994087247,1.7592846156602253,-1.6350853504472294,3,False
DRIVE_UP__STR_B60_80,240,240,76,0.5526315789473685,174.92175304964263,2.3016020138110873,1.61693275983228,91.59826418296237,6,27,-2.1545457819692793,0.6438762835480082,49,4.75703039107782,2.939468008572916,-2.1545457819692793,4,False
DRIVE_UP__STR_B60_80,240,360,76,0.5789473684210527,214.21781880918303,2.818655510647145,1.6153638722093322,127.34808482380177,5,27,-3.38466418821904,0.5792355546648869,49,6.236811263083616,3.334181511805087,-3.38466418821904,4,False
DRIVE_UP__STR_B60_80,240,480,76,0.618421052631579,298.4779608413043,3.927341590017162,1.9235475739548618,112.81945937011088,5,27,-1.753107492471273,0.7226773533281147,49,7.057384962000584,3.2675498532304825,-1.753107492471273,4,False
DRIVE_UP__STR_B60_80,360,120,70,0.3,-31.732067821923767,-0.453315254598911,0.8578711393053983,84.21532746280626,11,19,-1.7513348806478517,0.5381649579756719,51,0.030260684517361164,1.0102061438310401,-1.7513348806478517,2,False
DRIVE_UP__STR_B60_80,360,240,70,0.45714285714285713,33.28921354478165,0.4755601934968808,1.0943811699498234,115.95035635001543,9,19,-3.5049943275483195,0.5162606899867185,51,1.9585118778078379,1.4644834162090008,-3.5049943275483195,3,False
DRIVE_UP__STR_B60_80,360,360,70,0.4857142857142857,61.74066502866678,0.8820095004095254,1.1656589987446393,91.92054808390839,5,19,-4.837923583363601,0.476621519689205,51,3.01296496299167,1.7797365638736438,-4.837923583363601,2,False
DRIVE_UP__STR_B60_80,360,480,70,0.4714285714285714,116.74994394557869,1.6678563420796957,1.3301845757680069,77.15628772329573,6,19,-3.963768400756967,0.5376321170299724,51,3.765912618822765,2.0071000060305555,-3.963768400756967,3,False
DRIVE_UP__STR_B80_100,60,120,79,0.43037974683544306,19.78272973105672,0.250414300393123,1.08215263505833,117.34362598916402,9,36,-0.7709348479307867,0.6832049365523903,43,1.1054973082922104,1.3102958528396875,-0.7709348479307867,3,False
DRIVE_UP__STR_B80_100,60,240,79,0.4177215189873418,-109.16538318909924,-1.381840293532902,0.7321160174294623,207.86422534878318,9,36,-5.208460287926211,0.2504212277952014,43,1.8218415622382418,1.4978236005566514,-5.208460287926211,0,False
DRIVE_UP__STR_B80_100,60,360,79,0.5316455696202531,-46.40351699012743,-0.5873862910142712,0.879842038566184,221.6103759074008,9,36,-5.287017301070701,0.2659374546754153,43,3.347188508102741,2.134184509554851,-5.287017301070701,2,False
DRIVE_UP__STR_B80_100,60,480,79,0.46835443037974683,-55.76421231834736,-0.7058761052955362,0.8753721900547319,237.83876171675973,9,36,-3.8566975357244666,0.4790668327316094,43,1.9320209062263591,1.4591859383912418,-3.8566975357244666,1,False
DRIVE_UP__STR_B80_100,120,120,88,0.4431818181818182,-32.13698069584072,-0.36519296245273547,0.9094049382569441,139.43692208894373,14,41,-2.5408011467724,0.4351354093875631,47,1.5326780068473977,1.422966046018234,-2.5408011467724,1,False
DRIVE_UP__STR_B80_100,120,240,88,0.5,-37.72541390746437,-0.42869788531209513,0.9220934973679757,283.0114624841727,9,41,-5.71168595763713,0.2707515578283331,47,4.1798661777799575,2.204382781538455,-5.71168595763713,2,False
DRIVE_UP__STR_B80_100,120,360,88,0.5568181818181818,-121.81220491837841,-1.3842296013452093,0.7889859151086754,425.94108919326055,20,41,-8.838267480718065,0.22261387387155226,47,5.118228974277919,3.1645881011141186,-8.838267480718065,2,False
DRIVE_UP__STR_B80_100,120,480,88,0.5340909090909091,19.68113664606357,0.22364928006890422,1.0387589034467963,366.12128782186153,19,41,-5.550755150767379,0.4217151594766711,47,5.260895698458003,3.1644303002344576,-5.550755150767379,3,False
DRIVE_UP__STR_B80_100,180,120,81,0.37037037037037035,-20.63511621488223,-0.2547545211713856,0.9291230918475557,124.64936529159885,8,26,-1.1540254011188382,0.5606124453265187,55,0.17035534934922852,1.042043660052421,-1.1540254011188382,2,False
DRIVE_UP__STR_B80_100,180,240,81,0.43209876543209874,-39.5014743419747,-0.4876725227404284,0.9081510520224667,193.5888328975425,8,26,-6.825035916361805,0.14558107375363802,55,2.5081719906078592,1.6203213330002835,-6.825035916361805,2,False
DRIVE_UP__STR_B80_100,180,360,81,0.5185185185185185,35.97792908147491,0.4441719639688261,1.0852105363679303,276.03272993168144,15,26,-9.413652956262535,0.14464845272267068,55,5.1042346535327425,3.063022200639412,-9.413652956262535,2,False
DRIVE_UP__STR_B80_100,180,480,81,0.5555555555555556,193.07921197191158,2.3836939749618713,1.5642096961453078,225.4090317901958,14,26,-5.128141575516527,0.4253908613679977,55,5.9347435079152975,3.962715480315365,-5.128141575516527,4,False
DRIVE_UP__STR_B80_100,240,120,88,0.3977272727272727,-62.11208273671744,-0.7058191220081528,0.8121692477652106,149.33559394508535,9,33,-0.9896435946533237,0.6705362657185925,55,-0.5355244384210508,0.8728001618061418,-0.9896435946533237,1,False
DRIVE_UP__STR_B80_100,240,240,88,0.48863636363636365,-12.954545198578913,-0.1472107408929422,0.971983585204763,157.91707429083368,7,33,-1.9299494031202489,0.6722139591661572,55,0.9224324564434421,1.1892396599011086,-1.9299494031202489,2,False
DRIVE_UP__STR_B80_100,240,360,88,0.5795454545454546,99.49322710107485,1.1306048534213051,1.2351906358614408,165.9063359115848,7,33,-2.263887216958004,0.6970435005902912,55,3.1673000956488906,1.9873416117761762,-2.263887216958004,3,False
DRIVE_UP__STR_B80_100,240,480,88,0.5795454545454546,207.94758091761784,2.3630406922456575,1.5076242113344596,174.317086942309,8,33,0.5320089912243531,1.074256139930357,55,3.4616597128584403,2.0991313368367615,0.5320089912243531,4,False
DRIVE_UP__STR_B80_100,360,120,83,0.39759036144578314,-81.35135935334183,-0.9801368596788173,0.7643033637297221,116.19435260939726,10,30,-2.604523142216094,0.4204442347188975,53,-0.060672926167151545,0.9847115411032993,-2.604523142216094,0,False
DRIVE_UP__STR_B80_100,360,240,83,0.5421686746987951,117.07803888371497,1.4105787817315056,1.3168774532001328,121.54879251298989,7,30,1.9367357849003093,1.38440333189324,53,1.1127540629567119,1.2701286660217852,1.1127540629567119,3,False
DRIVE_UP__STR_B80_100,360,360,83,0.6506024096385542,248.42367277659682,2.9930562985132148,1.7350375531196216,138.35443706044157,7,30,2.2404916676646396,1.3572798463409925,53,3.4190362782388237,2.2093092327600337,2.2404916676646396,4,False
DRIVE_UP__STR_B80_100,360,480,83,0.6506024096385542,439.8204809879897,5.299041939614334,2.5364347286656086,98.32694370476307,9,30,8.286406309977286,2.8315190840268967,53,3.6080809752579475,2.2703634177294654,3.6080809752579475,4,True
DRIVE_DOWN__EFF_LOW,60,120,158,0.3670886075949367,-287.1998072991422,-1.8177202993616595,0.4955412788698889,292.02404075046366,16,57,-3.6771713423503645,0.23001256992819968,101,-0.7683271364868459,0.738815596929122,-3.6771713423503645,0,False
DRIVE_DOWN__EFF_LOW,60,240,158,0.3860759493670886,-220.05533497528273,-1.3927552846536881,0.7012711735244924,278.79641656098073,14,57,-4.535647265039241,0.35378549381616975,101,0.38095603100944575,1.1143203884577182,-4.535647265039241,1,False
DRIVE_DOWN__EFF_LOW,60,360,158,0.4240506329113924,-170.12862839182276,-1.0767634708343212,0.7992052166860927,291.00788627849016,10,57,-4.648180154577894,0.42666183063937274,101,0.9387885190011601,1.246174433838342,-4.648180154577894,1,False
DRIVE_DOWN__EFF_LOW,60,480,158,0.4873417721518987,-46.96168825874295,-0.29722587505533515,0.9484458146211718,265.29903462174923,8,57,-3.9956780432788186,0.5105188139418575,101,1.7900194080014822,1.4057060765509894,-3.9956780432788186,2,False
DRIVE_DOWN__EFF_LOW,120,120,146,0.3287671232876712,-432.293975535253,-2.960917640652418,0.3126646018788973,432.29397553525286,12,66,-2.8987462135390167,0.3421566577684894,80,-3.0122090680209737,0.28729755905621185,-3.0122090680209737,0,False
DRIVE_DOWN__EFF_LOW,120,240,146,0.3082191780821918,-565.4496874962834,-3.8729430650430374,0.280134642952175,566.0188742714437,9,66,-4.230632984494718,0.31197275681025977,80,-3.577848881495401,0.2461023351009168,-4.230632984494718,0,False
DRIVE_DOWN__EFF_LOW,120,360,146,0.3767123287671233,-427.66717200161577,-2.929227205490519,0.4646230976713305,427.66717200161577,10,66,-3.492529229716545,0.4513202550192726,80,-2.464503035504047,0.4793805224680238,-3.492529229716545,0,False
DRIVE_DOWN__EFF_LOW,120,480,146,0.4041095890410959,-423.84264152218094,-2.9030317912478147,0.5548577348878146,433.4201906872489,7,66,-3.476240409206391,0.4949318111767797,80,-2.4301346814319884,0.609532068871993,-3.476240409206391,0,False
DRIVE_DOWN__EFF_LOW,180,120,147,0.3197278911564626,-460.739211586481,-3.1342803509284423,0.28201077547368314,468.64462207495575,20,70,-4.457451014603961,0.17274067414906644,77,-1.9313979294052424,0.43780989640261353,-4.457451014603961,0,False
DRIVE_DOWN__EFF_LOW,180,240,147,0.29931972789115646,-486.2832139880559,-3.3080490747486793,0.4053348537642304,512.1364748558244,13,70,-4.914407914733876,0.3396853773565672,77,-1.8477228565803192,0.5205833249276155,-4.914407914733876,0,False
DRIVE_DOWN__EFF_LOW,180,360,147,0.36054421768707484,-414.0687418577495,-2.8167941622976156,0.4924161822123835,447.10659377549865,13,70,-3.8847659229178695,0.45532339224702617,77,-1.8459107435519304,0.5509261686631475,-3.8847659229178695,1,False
DRIVE_DOWN__EFF_LOW,180,480,147,0.3673469387755102,-536.8292422251503,-3.651899606973812,0.5088701517193286,592.9649286616715,13,70,-4.5498952046089505,0.4913116696373241,77,-2.8355399727600497,0.5324135962771104,-4.5498952046089505,0,False
DRIVE_DOWN__EFF_LOW,240,120,156,0.41025641025641024,-210.37230100777913,-1.3485403910755072,0.5500322679981546,213.13924735773037,13,63,-2.3223309143239064,0.36617670208224673,93,-0.6888758430685272,0.7293336403970068,-2.3223309143239064,0,False
DRIVE_DOWN__EFF_LOW,240,240,156,0.3333333333333333,-299.05988779840663,-1.917050562810299,0.5617747681100691,317.3957845740302,16,63,-3.5998287207107995,0.42093499810989304,93,-0.7771040687486696,0.7514652068363192,-3.5998287207107995,0,False
DRIVE_DOWN__EFF_LOW,240,360,156,0.3782051282051282,-311.3651597532506,-1.995930511238786,0.5807452185093375,352.55395300524344,14,63,-2.2658842055764787,0.5980839705524925,93,-1.8130586537842197,0.5648523378527759,-2.2658842055764787,0,False
DRIVE_DOWN__EFF_LOW,240,480,156,0.3717948717948718,-361.1499261502411,-2.315063629168212,0.6397127460489167,433.1005576492246,14,63,-3.4780844821613166,0.5048339193839719,93,-1.5272107932696575,0.7463184629830094,-3.4780844821613166,0,False
DRIVE_DOWN__EFF_LOW,360,120,173,0.3352601156069364,-315.4416990117094,-1.8233624220330023,0.429428992668101,320.8003155775917,15,77,-2.4701469541765486,0.33259590253210286,96,-1.3045873285428662,0.5324512283627914,-2.4701469541765486,0,False
DRIVE_DOWN__EFF_LOW,360,240,173,0.3930635838150289,-311.02572506287305,-1.7978365610570697,0.5429599835408949,335.9341331816033,12,77,-3.752497194917453,0.330963982668323,96,-0.23003584431488755,0.9111842676059843,-3.752497194917453,0,False
DRIVE_DOWN__EFF_LOW,360,360,173,0.4046242774566474,-277.50831277273784,-1.6040942934840337,0.6335753440288208,326.88820592498644,10,77,-3.3495034248075055,0.435220355127555,96,-0.20413071940166616,0.9348262491314563,-3.3495034248075055,0,False
DRIVE_DOWN__EFF_LOW,360,480,173,0.4161849710982659,-348.97608463025114,-2.0172028013309315,0.6276710426992262,417.79427362392306,12,77,-4.295563696291061,0.36015428641558156,96,-0.18976750016499322,0.9566600996330147,-4.295563696291061,0,False
DRIVE_DOWN__EFF_MID,60,120,140,0.39285714285714285,-281.7191792918204,-2.0122798520844314,0.4694656122491318,317.530941484554,10,58,-4.64797342065021,0.17961444659158254,82,-0.1480087913915638,0.9400376304070973,-4.64797342065021,0,False
DRIVE_DOWN__EFF_MID,60,240,140,0.44285714285714284,-124.7526618370262,-0.8910904416930443,0.7987266881694305,230.26834631218404,10,58,-1.593925048410533,0.7277246371882142,82,-0.3939635247465281,0.8847401719738175,-1.593925048410533,0,False
DRIVE_DOWN__EFF_MID,60,360,140,0.45714285714285713,-201.71327743327907,-1.440809124523422,0.7269794747733247,259.0162917307679,9,58,-1.6567348510275024,0.7532447862199636,82,-1.2880811716302922,0.6977063444038132,-1.6567348510275024,1,False
DRIVE_DOWN__EFF_MID,60,480,140,0.39285714285714285,-287.8009788365822,-2.0557212774041584,0.6891259134669444,319.54276666748746,11,58,-2.4274984738999654,0.7049181129796955,82,-1.7927569189071246,0.6723306186912212,-2.4274984738999654,0,False
DRIVE_DOWN__EFF_MID,120,120,163,0.4294478527607362,-103.30821665856709,-0.6337927402366079,0.7477995770599196,163.65414698977148,9,67,-2.2216347286143483,0.412641147800501,96,0.47438864748535686,1.291547099731095,-2.2216347286143483,1,False
DRIVE_DOWN__EFF_MID,120,240,163,0.49693251533742333,-41.177573745978506,-0.25262315181581907,0.9247089999932935,159.46504267744365,16,67,-0.60945290554252,0.8606101327813477,96,-0.003585719527392358,0.9986446013331426,-0.60945290554252,1,False
DRIVE_DOWN__EFF_MID,120,360,163,0.4601226993865031,-57.35141830397254,-0.35184919204891124,0.9121840642743444,191.67399381495068,8,67,0.01780173445956925,1.0037132033755791,96,-0.6098347345079548,0.8235969880088678,-0.6098347345079548,1,False
DRIVE_DOWN__EFF_MID,120,480,163,0.4723926380368098,-91.99533131759142,-0.5643885356907449,0.8944885093907182,231.47599920812627,9,67,-0.25536480865680683,0.9569998299126135,96,-0.7800613451831806,0.8420149812441469,-0.7800613451831806,2,False
DRIVE_DOWN__EFF_MID,180,120,179,0.41899441340782123,-175.54640494417282,-0.9807061728724739,0.6679116020777294,177.6036920455431,9,73,-1.8256558399148504,0.5119764609115275,106,-0.39880687387159186,0.8345630350036124,-1.8256558399148504,1,False
DRIVE_DOWN__EFF_MID,180,240,179,0.44692737430167595,-275.48626853023484,-1.5390294331298036,0.6092486271274951,275.48626853023484,11,73,-2.619048562440823,0.4881889672574019,106,-0.7952426742646675,0.7456834636817433,-2.619048562440823,0,False
DRIVE_DOWN__EFF_MID,180,360,179,0.46368715083798884,-306.9679150714001,-1.714904553471509,0.6396208794882078,355.56872468923024,12,73,-2.527208569020644,0.5904253180281154,106,-1.1554876371027658,0.6948317875016564,-2.527208569020644,0,False
DRIVE_DOWN__EFF_MID,180,480,179,0.4860335195530726,-431.9032361770621,-2.4128672412126377,0.5840465534870011,477.53483244230523,12,73,-2.2884032824638223,0.6169011864499385,106,-2.4985829863887083,0.5602596500813377,-2.4985829863887083,0,False
DRIVE_DOWN__EFF_MID,240,120,160,0.3,-462.40981718586715,-2.89006135741167,0.2998018255326583,465.09971583424135,12,73,-4.457721210986057,0.23080166688333445,87,-1.574668606711322,0.4227922383818197,-4.457721210986057,0,False
DRIVE_DOWN__EFF_MID,240,240,160,0.38125,-447.9562626796618,-2.799726641747886,0.41803615248638104,488.9699106035629,12,73,-5.357156608047772,0.26771745319713813,87,-0.6538371297951083,0.7586459991355518,-5.357156608047772,0,False
DRIVE_DOWN__EFF_MID,240,360,160,0.4,-506.85243939247124,-3.167827746202945,0.43771764984533507,544.791934444716,11,73,-6.213904320515425,0.2684256996453064,87,-0.6119244137338531,0.8107897915825625,-6.213904320515425,0,False
DRIVE_DOWN__EFF_MID,240,480,160,0.43125,-584.461362210112,-3.6528835138132,0.4477517281411988,624.3792378235978,16,73,-5.721557743982116,0.32061421468043505,87,-1.9170993896484774,0.6239705741448432,-5.721557743982116,0,False
DRIVE_DOWN__EFF_MID,360,120,157,0.46496815286624205,-230.24948091564082,-1.4665572032843364,0.5567963154922295,244.27561846377708,8,70,-3.1390154837639237,0.326858317265803,87,-0.12090111554214059,0.9455246534123574,-3.1390154837639237,0,False
DRIVE_DOWN__EFF_MID,360,240,157,0.43312101910828027,-325.91977803604277,-2.0759221530958136,0.5273124630890413,395.32292318625286,10,70,-4.980888354316083,0.20317387284764232,87,0.2614069743227936,1.0902691578341277,-4.980888354316083,0,False
DRIVE_DOWN__EFF_MID,360,360,157,0.45222929936305734,-299.10962124663433,-1.9051568232269702,0.5852154394641139,302.9107298176785,12,70,-3.9026659542947826,0.33789959033250755,87,-0.29796556834482113,0.9159747365773475,-3.9026659542947826,0,False
DRIVE_DOWN__EFF_MID,360,480,157,0.5031847133757962,-253.1032532124138,-1.6121226319262025,0.6852222583795232,267.80455198182193,8,70,-3.4141135618892413,0.42899834289001454,87,-0.16224487218582642,0.9633870968707829,-3.4141135618892413,1,False
DRIVE_DOWN__EFF_HIGH,60,120,146,0.3219178082191781,-285.38156491806495,-1.9546682528634587,0.4721957911811754,290.6681977283352,13,71,-3.348974680730186,0.2932281715193849,75,-0.634724834482956,0.7669523320748577,-3.348974680730186,0,False
DRIVE_DOWN__EFF_HIGH,60,240,146,0.4383561643835616,-405.1664206592527,-2.775112470268854,0.44019701785674953,405.1664206592525,11,71,-4.774634265302814,0.2525356462714352,75,-0.8822318376367063,0.7551478598636214,-4.774634265302814,0,False
DRIVE_DOWN__EFF_HIGH,60,360,146,0.3972602739726027,-312.3393075527062,-2.1393103257034674,0.5834872685184139,347.95896080262776,12,71,-4.687653727399623,0.2893231387850834,75,0.27312142790222826,1.0727489699671575,-4.687653727399623,0,False
DRIVE_DOWN__EFF_HIGH,60,480,146,0.3904109589041096,-448.35161678596023,-3.070901484835344,0.49874734757918043,513.1721761220824,9,71,-4.498024399925336,0.3542924437912842,75,-1.719891791883485,0.6774182902090284,-4.498024399925336,0,False
DRIVE_DOWN__EFF_HIGH,120,120,155,0.38064516129032255,-258.81053493803324,-1.6697453866969887,0.5333856395280726,355.3515339040259,12,69,-3.966193302022134,0.1761244404664075,86,0.17275352211039507,1.0667765140463639,-3.966193302022134,0,False
DRIVE_DOWN__EFF_HIGH,120,240,155,0.4064516129032258,-414.54393085552465,-2.6744769732614495,0.4961865821054177,414.54393085552454,12,69,-4.466770421131359,0.3080842126905986,86,-1.236474090668151,0.7182177402905217,-4.466770421131359,0,False
DRIVE_DOWN__EFF_HIGH,120,360,155,0.4064516129032258,-306.9706436807386,-1.9804557656821844,0.6153014034338626,343.247586805417,12,69,-3.5293691559854716,0.3874450829463081,86,-0.7377229292760589,0.8415450310473528,-3.5293691559854716,0,False
DRIVE_DOWN__EFF_HIGH,120,480,155,0.38064516129032255,-503.40693087446186,-3.2477866508029796,0.48477888609336134,543.1498417181016,11,69,-3.6474818664460478,0.4370842307686626,86,-2.9271009545312143,0.5250146792975322,-3.6474818664460478,0,False
DRIVE_DOWN__EFF_HIGH,180,120,150,0.4066666666666667,-115.16173138579627,-0.7677448759053085,0.7371444542962097,274.23246149066324,13,66,-3.174827679449503,0.2521790341184485,84,1.123534469736559,1.5976284088212571,-3.174827679449503,0,False
DRIVE_DOWN__EFF_HIGH,180,240,150,0.4533333333333333,-222.22737522572032,-1.4815158348381354,0.6633022787362842,222.22737522572035,9,66,-3.0913856097239654,0.4156335578471414,84,-0.2166181545706974,0.9414678469558538,-3.0913856097239654,0,False
DRIVE_DOWN__EFF_HIGH,180,360,150,0.48,-28.871418008150748,-0.1924761200543383,0.9537213128723668,199.4472794058319,12,66,-1.82447921906141,0.591285105350466,84,1.0898120291655042,1.2780472128758713,-1.82447921906141,3,False
DRIVE_DOWN__EFF_HIGH,180,480,150,0.42,-165.85810951616938,-1.1057207301077958,0.786689338508173,209.84659720670325,11,66,-2.881849908905953,0.51579161409048,84,0.28980933894789873,1.0632751561132927,-2.881849908905953,1,False
DRIVE_DOWN__EFF_HIGH,240,120,146,0.4863013698630137,44.82972714347727,0.30705292564025527,1.1280828117528812,169.03782355328335,13,62,-2.3589967518704493,0.336870989658125,84,2.2748514971362517,2.4761638816940494,-2.3589967518704493,3,False
DRIVE_DOWN__EFF_HIGH,240,240,146,0.4931506849315068,-236.85434757182998,-1.622290051861849,0.6391735062629232,240.14545153295703,8,62,-3.2302581007845963,0.37638442712796133,84,-0.4354564919426784,0.8908984302952867,-3.2302581007845963,0,False
DRIVE_DOWN__EFF_HIGH,240,360,146,0.5273972602739726,48.33643833359057,0.33107149543555187,1.0894266588585064,204.9468514657137,9,62,-1.7582699468742737,0.6086785333306449,84,1.873204464759471,1.6007093538346884,-1.7582699468742737,3,False
DRIVE_DOWN__EFF_HIGH,240,480,146,0.4931506849315068,-111.486148248312,-0.7636037551254247,0.8398637719702589,194.15882742119686,9,62,-2.6195934991430723,0.5321159846617356,84,0.606293436887601,1.145898316302561,-2.6195934991430723,1,False
DRIVE_DOWN__EFF_HIGH,360,120,134,0.43283582089552236,-63.65740220728466,-0.4750552403528706,0.8475204757175185,254.5568712884369,15,55,-3.7299763982169662,0.1904166137245189,79,1.7910291100588414,1.8623243117276844,-3.7299763982169662,1,False
DRIVE_DOWN__EFF_HIGH,360,240,134,0.373134328358209,-452.36625346540933,-3.3758675631746966,0.395632120460754,460.964277382282,11,55,-5.589198657510765,0.15660546509049286,79,-1.8349408519280692,0.6225073646850643,-5.589198657510765,0,False
DRIVE_DOWN__EFF_HIGH,360,360,134,0.43283582089552236,-229.78815823969597,-1.714837001788776,0.6555311659049218,286.3351975459347,18,55,-4.554906105163533,0.2344403248951444,79,0.26242629802909295,1.0610038398295816,-4.554906105163533,0,False
DRIVE_DOWN__EFF_HIGH,360,480,134,0.3805970149253731,-468.2127443663047,-3.494124957957498,0.49981427107777326,541.5690733083229,13,55,-6.261316487988992,0.20454266618493963,79,-1.5675992092013933,0.7538718918969729,-6.261316487988992,0,False
DRIVE_DOWN__RV_LOW,60,120,184,0.33152173913043476,-343.05136116932636,-1.8644095715724258,0.4334118721897996,344.86636941099226,24,67,-2.973610088207272,0.2840207832113954,117,-1.2292263697387957,0.5604589799972006,-2.973610088207272,0,False
DRIVE_DOWN__RV_LOW,60,240,184,0.375,-189.63433060107764,-1.0306213619623785,0.7390928988961547,192.4206780293416,12,67,-2.0522905390942956,0.5941763291514546,117,-0.44556294428854526,0.8656425785136839,-2.0522905390942956,1,False
DRIVE_DOWN__RV_LOW,60,360,184,0.42391304347826086,-69.30516189921988,-0.3766584885827168,0.9052695304626456,183.3804147715943,15,67,-1.8956331465657326,0.6508139722730042,117,0.49318170017678775,1.156850992267183,-1.8956331465657326,2,False
DRIVE_DOWN__RV_LOW,60,480,184,0.3858695652173913,-185.75310152169803,-1.0095277256614024,0.8025520841354552,195.01042657402948,12,67,-2.122214445431508,0.6323331947911576,117,-0.372348151092196,0.9213687668908606,-2.122214445431508,0,False
DRIVE_DOWN__RV_LOW,120,120,188,0.3882978723404255,-296.1305705143893,-1.5751626091190922,0.44273492011125765,298.8975168643405,17,66,-2.7792908618844825,0.27718914041470194,122,-0.9237489641804384,0.5940621626321114,-2.7792908618844825,0,False
DRIVE_DOWN__RV_LOW,120,240,188,0.39361702127659576,-363.18894031878585,-1.9318560655254566,0.4919374126252736,368.9132016885446,13,66,-2.1975634968618816,0.5610939663681462,122,-1.7881127010319815,0.4324849536847703,-2.1975634968618816,0,False
DRIVE_DOWN__RV_LOW,120,360,188,0.3723404255319149,-356.75223898702603,-1.8976182924841811,0.5304854280959702,374.591700661255,11,66,-2.185237354882917,0.602733754115871,122,-1.7420210947930619,0.46438085142097424,-2.185237354882917,0,False
DRIVE_DOWN__RV_LOW,120,480,188,0.3723404255319149,-523.9058303671729,-2.7867331402509197,0.5084669750028641,598.6781469609014,13,66,-1.6227031888783703,0.697073781514254,122,-3.4164542614852493,0.41485495581204895,-3.4164542614852493,0,False
DRIVE_DOWN__RV_LOW,180,120,208,0.3557692307692308,-327.11063194453254,-1.5726472689640987,0.43026954129010364,329.8775782944837,15,62,-3.130052582369208,0.25369333687518825,146,-0.9112833687509703,0.5764418042706245,-3.130052582369208,0,False
DRIVE_DOWN__RV_LOW,180,240,208,0.3942307692307692,-372.26374378865887,-1.7897295374454754,0.49888414382258417,392.6423860971604,21,62,-2.8261602756798836,0.47820996432056145,146,-1.349601415729494,0.5159395549729482,-2.8261602756798836,0,False
DRIVE_DOWN__RV_LOW,180,360,208,0.3942307692307692,-373.07343141463343,-1.793622266416507,0.5304962423548147,444.51845595313216,14,62,-2.8128117654576923,0.5296306067632207,146,-1.3608157668236747,0.5312534488082062,-2.8128117654576923,0,False
DRIVE_DOWN__RV_LOW,180,480,208,0.3798076923076923,-644.9017364056153,-3.100489117334689,0.4373593115077152,715.6338081040827,16,62,-2.639009126745028,0.556433470514394,146,-3.2964600722426285,0.380854793305255,-3.2964600722426285,0,False
DRIVE_DOWN__RV_LOW,240,120,201,0.3482587064676617,-312.78326043592983,-1.5561356240593525,0.4133386579534945,315.550206785881,17,61,-2.054760348542353,0.3917593036410834,140,-1.3388777083917596,0.42693398593328796,-2.054760348542353,0,False
DRIVE_DOWN__RV_LOW,240,240,201,0.417910447761194,-268.3203108867067,-1.3349269198343616,0.5906845748703214,287.50550847519935,22,61,-1.6637645551956899,0.6426065845647666,140,-1.1916476644269254,0.551002470049224,-1.6637645551956899,0,False
DRIVE_DOWN__RV_LOW,240,360,201,0.4228855721393035,-195.0590693092861,-0.9704431308919705,0.7012694266538666,303.4576534517056,13,61,-1.0297131531469301,0.7730092124661809,140,-0.9446183354808814,0.6485062207104849,-1.0297131531469301,0,False
DRIVE_DOWN__RV_LOW,240,480,201,0.42786069651741293,-414.16623765662183,-2.0605285455553326,0.5630636044271533,525.3312545378903,17,61,-0.5572571785773276,0.8674525682344408,140,-2.7155253554528924,0.450163363728601,-2.7155253554528924,0,False
DRIVE_DOWN__RV_LOW,360,120,192,0.3697916666666667,-247.74294741454315,-1.2903278511174123,0.4757492990997234,249.99022938443207,16,56,-2.3848982402655214,0.3100841044645231,136,-0.8396223967623081,0.5907000417206523,-2.3848982402655214,0,False
DRIVE_DOWN__RV_LOW,360,240,192,0.390625,-342.17739843206346,-1.782173950166997,0.4750995874770895,356.97245874290866,22,56,-3.429261210836702,0.3591266054225928,136,-1.103961548714766,0.5737584498273335,-3.429261210836702,0,False
DRIVE_DOWN__RV_LOW,360,360,192,0.4010416666666667,-200.28297303342845,-1.0431404845491066,0.665471330955235,294.49597696833405,14,56,-2.7253170641993174,0.46151653976030343,136,-0.3504795399872548,0.8488164907993136,-2.7253170641993174,0,False
DRIVE_DOWN__RV_LOW,360,480,192,0.421875,-258.4004055326784,-1.3458354454827,0.6702066788539919,412.8055346341754,15,56,-2.196651496004887,0.5188811683737611,136,-0.9954994246794467,0.7435068289767759,-2.196651496004887,0,False
DRIVE_DOWN__RV_MID,60,120,139,0.3597122302158273,-303.2869157746071,-2.1819202573712744,0.34153409516465083,306.6384248394762,13,65,-2.718225575550029,0.31117969444368315,74,-1.7108412616737192,0.37968339272898755,-2.718225575550029,0,False
DRIVE_DOWN__RV_MID,60,240,139,0.4316546762589928,-343.89336771126125,-2.4740530051169873,0.40569303813541807,350.89445982072283,13,65,-3.7072753999001056,0.2933716207350704,74,-1.3908171178074915,0.5668844056420455,-3.7072753999001056,0,False
DRIVE_DOWN__RV_MID,60,360,139,0.3597122302158273,-479.2384351936451,-3.4477585265729864,0.3562805850229305,503.5479746541532,11,65,-4.591223181075968,0.28251492532406736,74,-2.4433638976176644,0.44966793762303536,-4.591223181075968,0,False
DRIVE_DOWN__RV_MID,60,480,139,0.45323741007194246,-376.3381402014257,-2.707468634542631,0.5461596737904105,423.89779791535994,11,65,-4.2045007297257975,0.4338861875834092,74,-1.3925080103952545,0.7025915200972281,-4.2045007297257975,0,False
DRIVE_DOWN__RV_MID,120,120,148,0.34459459459459457,-318.1749407339177,-2.149830680634579,0.3836822016890357,318.1749407339177,12,73,-2.6331097997262525,0.2952527126274445,75,-1.6794390047186842,0.482730478294717,-2.6331097997262525,0,False
DRIVE_DOWN__RV_MID,120,240,148,0.42567567567567566,-192.93905570016835,-1.3036422682443807,0.6742171920601631,235.57697230772504,12,73,-3.2270818124345895,0.3349235009178285,75,0.5685055547674227,1.1791344870922544,-3.2270818124345895,0,False
DRIVE_DOWN__RV_MID,120,360,148,0.5067567567567568,40.61406459949458,0.2744193554019904,1.0730376874450716,222.15432738971887,10,73,-2.3961053624593993,0.5106425785337377,75,2.8737300807870767,2.0850792433364815,-2.3961053624593993,3,False
DRIVE_DOWN__RV_MID,120,480,148,0.5135135135135135,34.40440112786166,0.23246216978284906,1.0492502702703985,271.29269575433324,10,73,-3.0234340695668744,0.5310446603828732,75,3.40153450941658,2.119321564221685,-3.0234340695668744,2,False
DRIVE_DOWN__RV_MID,180,120,136,0.38235294117647056,-247.38384466007807,-1.8189988577946916,0.44337411697814816,249.40390542393405,8,66,-1.8652107226357133,0.4066580135252564,70,-1.7754276709445853,0.47552180573117964,-1.8652107226357133,0,False
DRIVE_DOWN__RV_MID,180,240,136,0.4338235294117647,-104.9684037108589,-0.7718264978739624,0.8019950703463613,221.8129207500604,11,66,-2.9061060126871903,0.3725976495022423,70,1.2404941875213666,1.3869280204600527,-2.9061060126871903,0,False
DRIVE_DOWN__RV_MID,180,360,136,0.49264705882352944,33.244742957929674,0.2444466393965417,1.0580742068164775,238.72919650986367,13,66,-2.5406372564030377,0.4708521082268997,70,2.870382884007573,1.7862152190349982,-2.5406372564030377,2,False
DRIVE_DOWN__RV_MID,180,480,136,0.5073529411764706,14.770501713026277,0.10860663024284027,1.021440900485424,309.0951991478233,13,66,-3.5334305500343697,0.46564150009992944,70,3.5425274002184954,1.9822012556441848,-3.5334305500343697,2,False
DRIVE_DOWN__RV_MID,240,120,130,0.45384615384615384,-137.71327188746602,-1.0593328606728156,0.5977502500878631,170.64769139478625,8,57,-2.414736019148464,0.2732531670528765,73,-0.001004367068541917,0.9995206848741129,-2.414736019148464,0,False
DRIVE_DOWN__RV_MID,240,240,130,0.3923076923076923,-143.67512686877296,-1.105193283605946,0.7122626237490479,272.20167700143867,10,57,-4.775468017569099,0.14116839619248997,73,1.7606376730502151,1.704706388156062,-4.775468017569099,0,False
DRIVE_DOWN__RV_MID,240,360,130,0.46923076923076923,-4.093399706053276,-0.03148769004656366,0.9919774780020206,259.3708129531247,11,57,-4.2953099684405265,0.23358630178877193,73,3.2977981985624205,2.26182780465337,-4.2953099684405265,3,False
DRIVE_DOWN__RV_MID,240,480,130,0.47692307692307695,10.917006731735341,0.08397697485950263,1.015892315002791,321.321328629365,11,57,-5.637216291743247,0.2510246808264462,73,4.551210073439733,2.2881367175009433,-5.637216291743247,3,False
DRIVE_DOWN__RV_MID,360,120,127,0.4409448818897638,-147.99928914109393,-1.1653487333944403,0.5804047018184482,191.27930328710315,11,58,-2.2949946878297482,0.29961223461348546,69,-0.21579126444881955,0.90846617657667,-2.2949946878297482,0,False
DRIVE_DOWN__RV_MID,360,240,127,0.4645669291338583,-38.03866490149525,-0.29951704646846655,0.9103509873861622,206.43157751071453,9,58,-3.4774056508614484,0.21435257143067643,69,2.3717516354850545,1.9765014438989454,-3.4774056508614484,1,False
DRIVE_DOWN__RV_MID,360,360,127,0.47244094488188976,49.820840865202605,0.3922900855527764,1.1099335507427144,229.9794750271001,9,58,-3.0067270767698493,0.3449981351168687,69,3.2494349466355628,2.199331057105909,-3.0067270767698493,3,False
DRIVE_DOWN__RV_MID,360,480,127,0.5039370078740157,44.05386409764864,0.34688081966652473,1.0731028591152885,248.77684872639082,8,58,-3.624386260550969,0.40513905316274723,69,3.6850473508638375,2.020156533930515,-3.624386260550969,3,False
DRIVE_DOWN__RV_HIGH,60,120,121,0.4049586776859504,-207.96227456509402,-1.7186964840090415,0.6383037763635789,383.85503876209145,19,54,-6.315590535609018,0.15263658619332857,67,1.9862629008625816,1.771521931047453,-6.315590535609018,0,False
DRIVE_DOWN__RV_HIGH,60,240,121,0.4793388429752066,-216.44671915922277,-1.7888158608200229,0.7206235563442889,442.1949397973403,12,54,-5.768559493309681,0.39313478978926836,67,1.418738708649253,1.3635674513043268,-5.768559493309681,0,False
DRIVE_DOWN__RV_HIGH,60,360,121,0.5041322314049587,-135.63761628494305,-1.1209720354127526,0.8422637423668257,469.00088945982475,14,54,-4.9708032819641925,0.5030897884223389,67,1.981877028971991,1.4153235152738315,-4.9708032819641925,1,False
DRIVE_DOWN__RV_HIGH,60,480,121,0.45454545454545453,-221.02304215816173,-1.8266367120509235,0.770045727581081,480.51964074055934,11,54,-5.044951427253734,0.5199853663051774,67,0.767228879306565,1.1305934405262275,-5.044951427253734,1,False
DRIVE_DOWN__RV_HIGH,120,120,128,0.4140625,-180.10721588354627,-1.4070876240902053,0.6698758474144146,278.8823837580548,10,63,-3.780696864855103,0.31926808067092416,65,0.893487486189618,1.2967936562158127,-3.780696864855103,0,False
DRIVE_DOWN__RV_HIGH,120,240,128,0.40625,-465.04319607883235,-3.6331499693658778,0.4516875771232208,471.53387492530896,17,63,-3.930890755642137,0.4611079033947598,65,-3.3445704380519654,0.440547055789339,-3.930890755642137,0,False
DRIVE_DOWN__RV_HIGH,120,360,128,0.375,-475.8510595987955,-3.7175864031155896,0.4904966487399851,496.6519322198159,13,63,-2.4396718703760283,0.6326455518037293,65,-4.956180488693933,0.375136807078438,-4.956180488693933,0,False
DRIVE_DOWN__RV_HIGH,120,480,128,0.3828125,-529.7434744749228,-4.138620894335334,0.4890077805016689,565.3796171147276,13,63,-2.7048961972706507,0.64128771943922,65,-5.52823098533649,0.3602036380564275,-5.52823098533649,0,False
DRIVE_DOWN__RV_HIGH,180,120,132,0.4318181818181818,-176.95287131183943,-1.340552055392723,0.7000059700199515,368.1387067853612,8,81,-4.1687148935664275,0.27062744256645016,51,3.1512359817066895,2.266447264323561,-4.1687148935664275,0,False
DRIVE_DOWN__RV_HIGH,180,240,132,0.38636363636363635,-506.76471024449324,-3.8391265927613123,0.4429811900339382,508.6679307732449,10,81,-4.595131054343528,0.3818871244898973,51,-2.6384136243660286,0.5625741347969571,-4.595131054343528,0,False
DRIVE_DOWN__RV_HIGH,180,360,132,0.44696969696969696,-410.0793864805967,-3.1066620187923992,0.5563595503711476,445.3811576123458,16,81,-2.8982602496275742,0.5782718205349541,51,-3.4376530639365335,0.523185837788614,-3.4376530639365335,0,False
DRIVE_DOWN__RV_HIGH,180,480,132,0.42424242424242425,-504.45935322579277,-3.8216617668620665,0.5302277604817712,534.796995423831,12,81,-3.4434964909854116,0.5706766084620704,51,-4.422277205019108,0.46827232797854385,-4.422277205019108,0,False
DRIVE_DOWN__RV_HIGH,240,120,131,0.4122137404580153,-177.45585872677322,-1.3546248757768948,0.705426415747029,357.36079252784606,9,80,-4.437474503347626,0.25885006000467026,51,3.4812176772752346,2.4383633577347372,-4.437474503347626,0,False
DRIVE_DOWN__RV_HIGH,240,240,131,0.3816793893129771,-571.8750602944187,-4.365458475529914,0.40037829388507373,571.8750602944185,14,80,-5.5555791146567115,0.31192813651850704,51,-2.4986025710172917,0.585996564115738,-5.5555791146567115,0,False
DRIVE_DOWN__RV_HIGH,240,360,131,0.4122137404580153,-570.728691796792,-4.3567075709678775,0.44122881245081175,574.778965220048,15,80,-4.971666081400956,0.39520566658882667,51,-3.3920667702885394,0.5244317745773515,-4.971666081400956,0,False
DRIVE_DOWN__RV_HIGH,240,480,131,0.3893129770992366,-653.8482056837786,-4.991207676975409,0.4172984191129994,654.7053502749053,13,80,-5.548672726389322,0.382582996594346,51,-4.116752697502604,0.4792085672385147,-5.548672726389322,0,False
DRIVE_DOWN__RV_HIGH,360,120,145,0.42758620689655175,-213.60634557899792,-1.4731472108896408,0.6785752794774084,354.7613148947269,11,88,-3.9592853169091753,0.27591302968161807,57,2.365101093140518,1.735145347596661,-3.9592853169091753,0,False
DRIVE_DOWN__RV_HIGH,360,240,145,0.3586206896551724,-709.0956932307665,-4.890315125729424,0.31969721895552294,709.0956932307665,12,88,-6.26457090246639,0.18637095365234493,57,-2.768657084451301,0.567354621962709,-6.26457090246639,0,False
DRIVE_DOWN__RV_HIGH,360,360,145,0.42758620689655175,-655.9439600908423,-4.5237514489023605,0.4002240705748717,665.5839097026799,15,88,-5.166026025534023,0.297179967295152,57,-3.5321696463833026,0.5493985289589584,-5.166026025534023,0,False
DRIVE_DOWN__RV_HIGH,360,480,145,0.3931034482758621,-855.9455407739399,-5.903072694992689,0.3371318487419766,856.3868187241291,13,88,-6.601044021566174,0.23500009330797186,57,-4.825502927651165,0.48292334866292297,-6.601044021566174,0,False
DRIVE_DOWN__RANGE_LOW,60,120,165,0.3696969696969697,-264.62574207236537,-1.6037923761961537,0.479118327498005,264.6257420723655,15,63,-2.075637994465208,0.3686992216632739,102,-1.3123583178535032,0.5551300439297465,-2.075637994465208,0,False
DRIVE_DOWN__RANGE_LOW,60,240,165,0.4303030303030303,-65.5771247923807,-0.3974371199538224,0.8938371342203223,153.175479754958,10,63,-1.120580436668127,0.741433049731686,102,0.04921022272265968,1.014562916203815,-1.120580436668127,2,False
DRIVE_DOWN__RANGE_LOW,60,360,165,0.43636363636363634,-18.19203540174061,-0.11025476001054915,0.9720313373602435,151.0228485841861,8,63,-1.1945986482690056,0.7532079065068341,102,0.5594870533255566,1.165178180885088,-1.1945986482690056,2,False
DRIVE_DOWN__RANGE_LOW,60,480,165,0.4303030303030303,-117.28741346982612,-0.7108328089080371,0.8617694620523115,151.5877492905937,9,63,-1.5807190218572853,0.7100525401513678,102,-0.17355014796879578,0.9649484950186346,-1.5807190218572853,2,False
DRIVE_DOWN__RANGE_LOW,120,120,179,0.39664804469273746,-311.5732575980171,-1.7406327240112687,0.4401058474036002,314.3402039479684,13,68,-2.5197274707649795,0.29960720154482384,111,-1.2633494557297167,0.5503225845063925,-2.5197274707649795,0,False
DRIVE_DOWN__RANGE_LOW,120,240,179,0.4134078212290503,-273.0591661093225,-1.5254702017280588,0.5996478308165546,286.05239355328905,8,68,-1.4951527005046097,0.6454397329341899,111,-1.5440430853604423,0.5664301124710641,-1.5440430853604423,0,False
DRIVE_DOWN__RANGE_LOW,120,360,179,0.4301675977653631,-234.75407076203646,-1.311475255653835,0.6849604775753637,261.0605035008892,8,68,-1.1459097052208707,0.7611193546973938,111,-1.4129028000632184,0.6256645979363739,-1.4129028000632184,1,False
DRIVE_DOWN__RANGE_LOW,120,480,179,0.41899441340782123,-293.16721576432514,-1.6378056746610343,0.7069564923971988,460.127804590335,13,68,-1.0888578121582793,0.7851920199659422,111,-1.974098058896956,0.6658313200262722,-1.974098058896956,0,False
DRIVE_DOWN__RANGE_LOW,180,120,181,0.3812154696132597,-309.22803772656823,-1.7084421973843549,0.4372284576861332,311.99498407651936,15,62,-2.0566784935501086,0.38261044676487327,119,-1.5270081607265664,0.47012282890510926,-2.0566784935501086,0,False
DRIVE_DOWN__RANGE_LOW,180,240,181,0.39779005524861877,-259.99713804517694,-1.4364482764926902,0.5978511037917,301.1121455687592,16,62,-1.917764847577266,0.5826040182560163,119,-1.185678298280559,0.6098607825910262,-1.917764847577266,0,False
DRIVE_DOWN__RANGE_LOW,180,360,181,0.425414364640884,-262.3436766673357,-1.449412578272573,0.6397995921616986,366.2418603009974,10,62,-1.7954321167000244,0.655034376948691,119,-1.2691334910246572,0.6276801361937434,-1.7954321167000244,0,False
DRIVE_DOWN__RANGE_LOW,180,480,181,0.39779005524861877,-397.85791715434266,-2.198110039526755,0.5893379857551542,526.645339970666,16,62,-1.5287862243849328,0.7079217521124596,119,-2.546833371785519,0.5296104420867429,-2.546833371785519,0,False
DRIVE_DOWN__RANGE_LOW,240,120,191,0.3717277486910995,-232.66793546544332,-1.2181567301855671,0.4968206242367746,235.43488181539462,18,58,-2.060924825212406,0.33793501807414744,133,-0.8506338015272465,0.5985995120062656,-2.060924825212406,0,False
DRIVE_DOWN__RANGE_LOW,240,240,191,0.3769633507853403,-205.80609444338035,-1.0775188190752898,0.6361165708847302,240.3488568539032,20,58,-2.311177999827375,0.4710843435475513,133,-0.5395321086721246,0.770112216030277,-2.311177999827375,0,False
DRIVE_DOWN__RANGE_LOW,240,360,191,0.42408376963350786,-142.04894012596236,-0.7437117284081799,0.7475428435968334,254.4877950960663,14,58,-1.6462317532007271,0.6284781496657117,133,-0.3501315672204527,0.8476516736054216,-1.6462317532007271,0,False
DRIVE_DOWN__RANGE_LOW,240,480,191,0.41361256544502617,-228.05602702047528,-1.1940106126726455,0.7256228791940713,406.6981546280367,16,58,-0.9894714207021346,0.7434781335172206,133,-1.283208155035725,0.7190469380847333,-1.283208155035725,0,False
DRIVE_DOWN__RANGE_LOW,360,120,168,0.3630952380952381,-226.97581145727835,-1.351046496769514,0.4737705641596553,229.22309342716744,15,50,-2.487844312184737,0.26225879848449946,118,-0.8693525071867925,0.6095215165092033,-2.487844312184737,0,False
DRIVE_DOWN__RANGE_LOW,360,240,168,0.38095238095238093,-253.260565482678,-1.5075033659683215,0.5573927854084888,274.0210486893434,20,50,-3.3131118959407444,0.32480256674059677,118,-0.7424150058105151,0.7319782449931481,-3.3131118959407444,0,False
DRIVE_DOWN__RANGE_LOW,360,360,168,0.4107142857142857,-120.33975055357375,-0.7163080390093676,0.759802559641587,184.84539086462738,10,50,-2.5969958920132243,0.45772951053559835,118,0.08059359361938523,1.036360648284043,-2.5969958920132243,0,False
DRIVE_DOWN__RANGE_LOW,360,480,168,0.42857142857142855,-63.83152104937763,-0.3799495300558192,0.8937400123495822,202.36653704656678,12,50,-1.586478049299636,0.5946393851405497,118,0.1312913679288488,1.038250570079274,-1.586478049299636,1,False
DRIVE_DOWN__RANGE_MID,60,120,150,0.3466666666666667,-329.17229325244386,-2.1944819550162924,0.3809221628313806,331.93923960239493,13,66,-3.796831427149714,0.21427840868672615,84,-0.935493084054318,0.6306969616781701,-3.796831427149714,0,False
DRIVE_DOWN__RANGE_MID,60,240,150,0.41333333333333333,-355.6813265230375,-2.371208843486917,0.43958155023686035,360.10458961921745,10,66,-4.42494363568121,0.2577624006435628,84,-0.7575600781914011,0.7361770496736731,-4.42494363568121,0,False
DRIVE_DOWN__RANGE_MID,60,360,150,0.4,-381.5645400857035,-2.543763600571357,0.49040570883275303,390.97903309471747,15,66,-3.8369487322258906,0.3848739334422382,84,-1.5276895685570806,0.6192964170965195,-3.8369487322258906,0,False
DRIVE_DOWN__RANGE_MID,60,480,150,0.44,-274.6351982588052,-1.830901321725368,0.6749682623828498,290.54365948199086,10,66,-3.8652792291251954,0.47747119811781175,84,-0.23246153733978953,0.9452617661502327,-3.8652792291251954,0,False
DRIVE_DOWN__RANGE_MID,120,120,147,0.3333333333333333,-250.58784267185047,-1.7046792018493229,0.41933267928960966,250.58784267185035,8,59,-2.393182548736686,0.3568547846627769,88,-1.2430690033680227,0.48403071855985064,-2.393182548736686,0,False
DRIVE_DOWN__RANGE_MID,120,240,147,0.4013605442176871,-214.14450555864607,-1.456765343936368,0.5816253657068595,214.1445055586461,11,59,-2.0536204407397673,0.5132225596980635,88,-1.0566011313068162,0.6463784733914635,-2.0536204407397673,0,False
DRIVE_DOWN__RANGE_MID,120,360,147,0.40816326530612246,-144.02717315903084,-0.9797766881566724,0.720956256219884,168.87692984307756,11,59,-1.2965361958345807,0.6709249084348639,88,-0.767403836418075,0.761952239779161,-1.2965361958345807,1,False
DRIVE_DOWN__RANGE_MID,120,480,147,0.40816326530612246,-212.02210389367107,-1.442327237371912,0.6743340758425309,217.77195424232227,12,59,-1.4999471386221357,0.6932592853235736,88,-1.403695712670058,0.6592732850346374,-1.4999471386221357,1,False
DRIVE_DOWN__RANGE_MID,180,120,154,0.34415584415584416,-285.1111567444052,-1.851371147690943,0.3879847990640564,287.1684438457755,15,69,-2.678566146291959,0.3459172597303569,85,-1.1798834429442366,0.4528369808340091,-2.678566146291959,0,False
DRIVE_DOWN__RANGE_MID,180,240,154,0.33766233766233766,-352.80440524272603,-2.290937696381338,0.4311416697900554,354.3140309799862,15,69,-3.294692438642001,0.3339925998400535,85,-1.4761250232520937,0.5500572485769464,-3.294692438642001,0,False
DRIVE_DOWN__RANGE_MID,180,360,154,0.4090909090909091,-183.89304821273822,-1.1941107026801183,0.6730236771679867,200.38201560556917,16,69,-1.7655136994147556,0.5656444132846943,85,-0.7302659170955306,0.7798393423777665,-1.7655136994147556,0,False
DRIVE_DOWN__RANGE_MID,180,480,154,0.42857142857142855,-291.00045057148185,-1.8896133153992327,0.6178417737977577,308.5645368765856,16,69,-1.9961432137781858,0.612105710172995,85,-1.8031361037739644,0.6228536898602095,-1.9961432137781858,0,False
DRIVE_DOWN__RANGE_MID,240,120,128,0.3515625,-265.0485078362608,-2.0706914674707875,0.3462059656270407,267.10579493763106,12,65,-2.4196918112875587,0.35910357912060514,63,-1.7106117476598337,0.3264230574181246,-2.4196918112875587,0,False
DRIVE_DOWN__RANGE_MID,240,240,128,0.3125,-423.8515582195532,-3.3113402985902596,0.2876316267395704,425.5455914321839,13,65,-3.6406334778624756,0.34437614628217433,63,-2.9715933675951174,0.20012256952354,-3.6406334778624756,0,False
DRIVE_DOWN__RANGE_MID,240,360,128,0.3671875,-332.36576883395117,-2.5966075690152435,0.40470055694470497,348.96350280183333,15,65,-2.7101522067513466,0.4176443495796827,63,-2.479458339604979,0.3893952116219245,-2.7101522067513466,0,False
DRIVE_DOWN__RANGE_MID,240,480,128,0.390625,-438.40120543082514,-3.4250094174283214,0.4226637649963232,457.4979017532143,15,65,-3.9250609347535184,0.38516731624911005,63,-2.9090832487594684,0.4678427276124764,-3.9250609347535184,0,False
DRIVE_DOWN__RANGE_MID,360,120,151,0.4304635761589404,-147.1240417597886,-0.974331402382706,0.6029022453391045,149.18132886115885,11,79,-1.6982040625049404,0.44998644577564445,72,-0.1800822336374767,0.897567747215137,-1.6982040625049404,0,False
DRIVE_DOWN__RANGE_MID,360,240,151,0.3708609271523179,-282.7180841349507,-1.8723051929466934,0.46035950762700445,283.41204404412787,11,79,-2.870567604653857,0.3276211705125599,72,-0.7769894912124442,0.7002425526106033,-2.870567604653857,0,False
DRIVE_DOWN__RANGE_MID,360,360,151,0.40397350993377484,-212.08809166208837,-1.4045568984244263,0.591421648928658,218.88604478891182,15,79,-1.5455442755766953,0.5614428053432986,72,-1.2498624151601312,0.6260999634321306,-1.5455442755766953,0,False
DRIVE_DOWN__RANGE_MID,360,480,151,0.4370860927152318,-276.29813858800344,-1.829788997271546,0.6186042186161218,284.0356921531292,15,79,-1.3747405037683933,0.6879303169789316,72,-2.329078316531949,0.554510773527323,-2.329078316531949,0,False
DRIVE_DOWN__RANGE_HIGH,60,120,129,0.3643410852713178,-260.50251618421834,-2.0193993502652585,0.5667538584351776,395.65221252218447,14,57,-5.887760691233981,0.18379744955796565,72,1.0430533780016473,1.3950433962042483,-5.887760691233981,0,False
DRIVE_DOWN__RANGE_HIGH,60,240,129,0.4186046511627907,-328.7159661561434,-2.5481857841561504,0.6029273356642563,428.77410026711357,14,57,-5.742732145377115,0.37844876729564253,72,-0.01916991485622077,0.9954176291510398,-5.742732145377115,0,False
DRIVE_DOWN__RANGE_HIGH,60,360,129,0.4418604651162791,-284.4246378903639,-2.204842154188867,0.6963816788012654,485.60801593586007,17,57,-6.409859186807934,0.39430362668487173,72,1.1241296633012279,1.2426370139304357,-6.409859186807934,0,False
DRIVE_DOWN__RANGE_HIGH,60,480,129,0.40310077519379844,-391.1916721526541,-3.0324935825787143,0.6230281040707228,470.6983150463462,13,57,-5.8458695587459255,0.44954563916329543,72,-0.8052376014463383,0.8659105862795963,-5.8458695587459255,0,False
DRIVE_DOWN__RANGE_HIGH,120,120,138,0.41304347826086957,-232.25162686198576,-1.6829828033477228,0.6162322420479882,375.5168794303915,9,75,-4.017265018170409,0.2691250152930994,63,1.0959245952507124,1.3578309210125186,-4.017265018170409,0,False
DRIVE_DOWN__RANGE_HIGH,120,240,138,0.4057971014492754,-533.967520429818,-3.869329858187087,0.44454889395713293,540.79482092321,10,75,-5.4057105475747225,0.33378303301601253,63,-2.040305227963713,0.6356281134533465,-5.4057105475747225,0,False
DRIVE_DOWN__RANGE_HIGH,120,360,138,0.4057971014492754,-413.20799006525954,-2.9942607975743445,0.5820059055901603,441.43493363729294,14,75,-4.245642522749852,0.4512100501392795,63,-1.5045206485558817,0.7678675259660646,-4.245642522749852,0,False
DRIVE_DOWN__RANGE_HIGH,120,480,138,0.43478260869565216,-514.055584056238,-3.7250404641756374,0.5528611915012854,552.2463988750299,13,75,-4.475711274225818,0.4960145475822827,63,-2.831384737925423,0.6311530966085775,-4.475711274225818,0,False
DRIVE_DOWN__RANGE_HIGH,180,120,141,0.4326241134751773,-157.10815344547655,-1.1142422230175641,0.7351109652149393,371.9061730266056,12,78,-4.390999275454829,0.22399102480590624,63,2.9426950800000022,2.221670248666381,-4.390999275454829,0,False
DRIVE_DOWN__RANGE_HIGH,180,240,141,0.48226950354609927,-371.195314456108,-2.6325908826674325,0.5947929079472619,451.2947124795425,12,78,-5.038401929682625,0.36355014895619076,63,0.34603231839899273,1.0730117047499832,-5.038401929682625,0,False
DRIVE_DOWN__RANGE_HIGH,180,360,141,0.48226950354609927,-303.67135005722645,-2.1536975181363576,0.6965362313801864,514.533579182125,13,78,-4.406387591099889,0.4639421028543327,63,0.6353473341042039,1.111332602910617,-4.406387591099889,0,False
DRIVE_DOWN__RANGE_HIGH,180,480,141,0.46808510638297873,-445.7322201925575,-3.1612214198053725,0.6218283195237341,519.8580016696937,9,78,-5.682430388047664,0.4283675944005593,63,-0.039724601981582876,0.9937941896482119,-5.682430388047664,0,False
DRIVE_DOWN__RANGE_HIGH,240,120,143,0.46853146853146854,-130.23594774846492,-0.9107408933459086,0.7865458907812037,354.0057820207133,9,75,-4.5488624936579365,0.23930706506817107,68,3.1018932246452997,2.3049000650145968,-4.5488624936579365,0,False
DRIVE_DOWN__RANGE_HIGH,240,240,143,0.5104895104895105,-354.2128453869647,-2.477012904803949,0.6263641647152144,463.12860505743106,8,75,-5.965975253198187,0.29253373323580945,68,1.3711073323955778,1.2954686516459235,-5.965975253198187,0,False
DRIVE_DOWN__RANGE_HIGH,240,360,143,0.5034965034965035,-295.4664518522178,-2.066198964001523,0.7222055853242385,520.4201232963163,14,75,-5.7831616257422604,0.375296114295415,68,2.033392207036055,1.3744055859293198,-5.7831616257422604,0,False
DRIVE_DOWN__RANGE_HIGH,240,480,143,0.48951048951048953,-390.6402041573647,-2.7317496794221308,0.6650866878205114,495.3885531406565,10,75,-6.4891937529870045,0.36442481454220543,68,1.412490107597952,1.2397365048507902,-6.4891937529870045,0,False
DRIVE_DOWN__RANGE_HIGH,360,120,145,0.43448275862068964,-235.24872891756797,-1.6224050270177102,0.6580800654240144,391.14166194678825,11,73,-4.883983077943491,0.21170896298042796,72,1.6844727190598183,1.5144744037031024,-4.883983077943491,0,False
DRIVE_DOWN__RANGE_HIGH,360,240,145,0.45517241379310347,-553.3331069466964,-3.816090392735837,0.4587995008185185,557.7568102288727,15,73,-7.5695884850571185,0.1515899328395311,72,-0.0104603824656501,0.9979705303789893,-7.5695884850571185,0,False
DRIVE_DOWN__RANGE_HIGH,360,360,145,0.47586206896551725,-473.97825004340615,-3.268815517540732,0.5788542437111984,572.4493708721782,14,73,-7.255759231829959,0.21951018196977093,72,0.7735024150025125,1.1246437095958481,-7.255759231829959,0,False
DRIVE_DOWN__RANGE_HIGH,360,480,145,0.4413793103448276,-730.1624225715885,-5.035602914286818,0.4600493506475807,762.9177855644257,16,73,-9.947813130457101,0.11944816332492583,72,-0.055167556225279926,0.9924711206311733,-9.947813130457101,0,False
DRIVE_DOWN__EXT_LOW,60,120,155,0.3419354838709677,-206.11585967386787,-1.3297797398314057,0.5910204501130054,212.26823415650605,17,53,-4.005061021820869,0.21498636256306075,102,0.06031739688860939,1.0263400091597652,-4.005061021820869,0,False
DRIVE_DOWN__EXT_LOW,60,240,155,0.4,-244.65722503864015,-1.5784337099267107,0.6268806274243593,265.36517852815564,10,53,-3.564862360336729,0.4298328179112405,102,-0.5462698033411127,0.8282038965994639,-3.564862360336729,1,False
DRIVE_DOWN__EXT_LOW,60,360,155,0.3870967741935484,-247.37263452427078,-1.595952480801747,0.6740581448790537,286.0088203698387,13,53,-2.355048894669617,0.6335142793002487,102,-1.201520030458638,0.7070636218859515,-2.355048894669617,0,False
DRIVE_DOWN__EXT_LOW,60,480,155,0.4064516129032258,-302.08424221015423,-1.9489305949042208,0.6778514543093002,310.97174684249876,10,53,-3.1667929182555463,0.5902589502259257,102,-1.3161197798295128,0.7457941721999471,-3.1667929182555463,0,False
DRIVE_DOWN__EXT_LOW,120,120,161,0.36645962732919257,-208.08765746093303,-1.2924699221175964,0.5857294869362958,210.85460381088436,16,58,-1.8346293134429625,0.44962177919019386,103,-0.9871762842838951,0.670900698354907,-1.8346293134429625,1,False
DRIVE_DOWN__EXT_LOW,120,240,161,0.33540372670807456,-500.0285222462096,-3.1057672189205565,0.32090655463814677,504.45178534238966,11,58,-3.330899724478583,0.30526606058721406,103,-2.978993575014095,0.33039798066456977,-3.330899724478583,0,False
DRIVE_DOWN__EXT_LOW,120,360,161,0.391304347826087,-415.2887169199586,-2.5794330243475687,0.47519491631313576,421.6533115474502,13,58,-2.3877145986837225,0.5213376780141767,103,-2.6873909727796383,0.448600977689305,-2.6873909727796383,1,False
DRIVE_DOWN__EXT_LOW,120,480,161,0.4161490683229814,-483.6251469535273,-3.0038829003324676,0.5224626824488936,502.078307555885,11,58,-3.3221640835975137,0.4539982359313728,103,-2.8246566029599167,0.559079261842738,-3.3221640835975137,1,False
DRIVE_DOWN__EXT_LOW,180,120,179,0.329608938547486,-355.78603520714046,-1.9876314816041367,0.4364592381238733,358.5529815570917,21,72,-3.0426922088568906,0.2687568692271167,107,-1.2776840763499473,0.587905223817961,-3.0426922088568906,0,False
DRIVE_DOWN__EXT_LOW,180,240,179,0.3463687150837989,-579.7910230776954,-3.2390559948474604,0.32885812628238625,610.8601068298356,13,72,-5.10198283387195,0.1855260492086048,107,-1.9854977480272433,0.48543420772214624,-5.10198283387195,0,False
DRIVE_DOWN__EXT_LOW,180,360,179,0.4692737430167598,-488.9428644960262,-2.731524382659364,0.4682024265015267,564.7416228610989,10,72,-4.633992770722255,0.3210114169148085,107,-1.451358738355363,0.6371827237010661,-4.633992770722255,0,False
DRIVE_DOWN__EXT_LOW,180,480,179,0.45251396648044695,-662.3617236041741,-3.7003448246043247,0.4440813825321205,770.8551521551424,13,72,-6.0116670812873645,0.2612799031759742,107,-2.145062558425083,0.6209636595840278,-6.0116670812873645,0,False
DRIVE_DOWN__EXT_LOW,240,120,168,0.3333333333333333,-315.785306334506,-1.8796744424672975,0.4555352497047666,318.5522526844572,19,63,-4.342005690470729,0.16946749192316884,105,-0.4022756936652391,0.831468625635972,-4.342005690470729,0,False
DRIVE_DOWN__EXT_LOW,240,240,168,0.30952380952380953,-605.7860311348281,-3.6058692329454054,0.29709955447440417,648.7416516827526,19,63,-7.7224262305176765,0.08520438394394052,105,-1.1359350344020427,0.638577918071814,-7.7224262305176765,0,False
DRIVE_DOWN__EXT_LOW,240,360,168,0.44642857142857145,-537.3394628975959,-3.1984491839142613,0.3960927509010048,648.3480315354171,12,63,-8.786815636145125,0.10018823433662412,105,0.15457068742425495,1.0591112425217541,-8.786815636145125,0,False
DRIVE_DOWN__EXT_LOW,240,480,168,0.44642857142857145,-550.011788507963,-3.2738796934997803,0.49143887087414223,665.0487292275958,9,63,-8.982745266636218,0.09358936465585888,105,0.15143965038208348,1.034782433130819,-8.982745266636218,0,False
DRIVE_DOWN__EXT_LOW,360,120,169,0.378698224852071,-322.8954482560189,-1.9106239541776264,0.46093984222176254,325.1427302259081,12,72,-3.580502213126197,0.20822707351360684,97,-0.6711266898034297,0.7618929985116442,-3.580502213126197,0,False
DRIVE_DOWN__EXT_LOW,360,240,169,0.3727810650887574,-436.8968584402595,-2.5851885114808253,0.43832781886259214,463.631994830782,13,72,-6.034703173298804,0.12289075733317374,97,-0.02472402023449068,0.9915099253750601,-6.034703173298804,0,False
DRIVE_DOWN__EXT_LOW,360,360,169,0.4319526627218935,-409.11373811239577,-2.4207913497774896,0.5295005799120911,454.5968840094407,13,72,-6.007465381822143,0.20229264344816475,97,0.24148215854431418,1.0715655704786062,-6.007465381822143,0,False
DRIVE_DOWN__EXT_LOW,360,480,169,0.46153846153846156,-381.6465652635077,-2.2582636997840693,0.632259782551265,472.6582295303056,14,72,-6.564697632365356,0.2040436506535428,97,0.9382645800700827,1.2049852080790644,-6.564697632365356,0,False
DRIVE_DOWN__EXT_MID,60,120,155,0.41935483870967744,-258.2243600899234,-1.6659636134833766,0.541183926462635,258.42104697936065,9,71,-2.8705162249811087,0.370396077962662,84,-0.6478298585269603,0.7724057802174635,-2.8705162249811087,0,False
DRIVE_DOWN__EXT_MID,60,240,155,0.432258064516129,-5.474124318380319,-0.03531693108632464,0.991466284943033,202.75868394446024,8,71,-1.5597563099183993,0.7179303117913616,84,1.2531973057836436,1.4229986554439467,-1.5597563099183993,2,False
DRIVE_DOWN__EXT_MID,60,360,155,0.49032258064516127,1.6882467619046224,0.010891914592933047,1.00230769387864,224.82650001328042,10,71,-1.562436030491945,0.740527451441885,84,1.3407286300813421,1.370415072140715,-1.562436030491945,1,False
DRIVE_DOWN__EXT_MID,60,480,155,0.432258064516129,-44.75955075986866,-0.2887712952249591,0.9452240137044041,254.4081137473925,11,71,-1.3334514283688075,0.7924557062143308,84,0.5942321506466272,1.1382814746072525,-1.3334514283688075,1,False
DRIVE_DOWN__EXT_MID,120,120,167,0.40119760479041916,-284.77209361950287,-1.7052221174820532,0.5184258200924596,329.9021147479772,13,81,-3.854771182572087,0.2365832368072292,86,0.3193531647539089,1.1506240905169036,-3.854771182572087,0,False
DRIVE_DOWN__EXT_MID,120,240,167,0.4311377245508982,-266.93504354993655,-1.598413434430758,0.6501920871927126,442.0831869999854,10,81,-3.549378918914716,0.4469975359998832,86,0.23912382421110975,1.0845579895951272,-3.549378918914716,0,False
DRIVE_DOWN__EXT_MID,120,360,167,0.40119760479041916,-192.25565570203625,-1.151231471269678,0.7611675561017182,404.77084397046025,12,81,-2.607766037252895,0.5877949695639373,86,0.22062085250521185,1.0648564426614995,-2.607766037252895,0,False
DRIVE_DOWN__EXT_MID,120,480,167,0.3473053892215569,-329.18325460460863,-1.9711572132012494,0.6731937306504594,466.1809678627188,14,81,-2.7770372380211943,0.6003441944857394,86,-1.2121306781964176,0.7654498538600626,-2.7770372380211943,0,False
DRIVE_DOWN__EXT_MID,180,120,159,0.389937106918239,-229.6364978719705,-1.4442547035972988,0.5817459699891632,279.3863941203594,11,76,-3.4768179090269804,0.31190091385613905,83,0.41688750860337354,1.2096763493643412,-3.4768179090269804,0,False
DRIVE_DOWN__EXT_MID,180,240,159,0.39622641509433965,-209.47078429502966,-1.3174263163209412,0.7081733171023784,347.3641650056179,11,76,-2.3551730876073305,0.6093313782943057,83,-0.3672003570707533,0.8826069695061178,-2.3551730876073305,1,False
DRIVE_DOWN__EXT_MID,180,360,159,0.34591194968553457,-147.83070370371064,-0.9297528534824568,0.8112001977981623,304.1520486284439,13,76,-1.194636333525904,0.7966494380832189,83,-0.6872089440450838,0.8305055683943565,-1.194636333525904,1,False
DRIVE_DOWN__EXT_MID,180,480,159,0.3522012578616352,-255.03099830136145,-1.603968542775858,0.7348723592197021,330.81506753446075,14,76,-1.0946940843310398,0.8300833786485212,83,-2.070292143279548,0.6361640861174307,-2.070292143279548,0,False
DRIVE_DOWN__EXT_MID,240,120,156,0.41025641025641024,-117.19610092084085,-0.7512570571848772,0.7388778479759275,189.39450972330988,9,70,-2.492312401326642,0.4091933025222043,86,0.6658810136281873,1.3730114265009217,-2.492312401326642,1,False
DRIVE_DOWN__EXT_MID,240,240,156,0.4166666666666667,-255.10428506646986,-1.635283878631217,0.611203844325637,287.7912743531005,7,70,-3.3509558820317213,0.42869927775921696,86,-0.23880666656103963,0.9163634318369319,-3.3509558820317213,0,False
DRIVE_DOWN__EXT_MID,240,360,156,0.358974358974359,-252.67144631354563,-1.6196887584201642,0.6585382697040919,252.67144631354566,9,70,-1.538816521874029,0.7083753776433473,86,-1.6855149974693437,0.6088667840517802,-1.6855149974693437,0,False
DRIVE_DOWN__EXT_MID,240,480,156,0.358974358974359,-383.76250795663043,-2.4600160766450667,0.5919904030627929,384.20378590682003,9,70,-2.363896680222558,0.6026628020740477,86,-2.538252794663388,0.5835103165286329,-2.538252794663388,0,False
DRIVE_DOWN__EXT_MID,360,120,161,0.38509316770186336,-144.27181869395136,-0.8960982527574619,0.7084561429742459,243.86529505612967,11,67,-3.2912877411290196,0.32647728750614985,94,0.8111112761882224,1.4553341710474779,-3.2912877411290196,0,False
DRIVE_DOWN__EXT_MID,360,240,161,0.36645962732919257,-506.35408208461433,-3.145056410463443,0.358039611115271,506.354082084614,13,67,-5.685345357149671,0.18663628572397603,94,-1.3344249271870883,0.6085481217805428,-5.685345357149671,0,False
DRIVE_DOWN__EXT_MID,360,360,161,0.36645962732919257,-428.3284085640397,-2.6604248979132903,0.44794929077518136,428.3284085640394,11,67,-3.4985546287925335,0.39895316341368897,94,-2.06303455781851,0.49746560773437226,-3.4985546287925335,0,False
DRIVE_DOWN__EXT_MID,360,480,161,0.35403726708074534,-642.0711946628462,-3.988019842626374,0.38691605035767135,644.9269280514322,15,67,-4.94202371387229,0.2779878453581765,94,-3.3080383599298164,0.4717747264901184,-4.94202371387229,0,False
DRIVE_DOWN__EXT_HIGH,60,120,134,0.31343283582089554,-389.9603317452363,-2.9101517294420622,0.3209188535251548,398.4018976436199,22,62,-4.852960340538088,0.12313491276525504,72,-1.2371776476649288,0.6145722763562737,-4.852960340538088,0,False
DRIVE_DOWN__EXT_HIGH,60,240,134,0.43283582089552236,-499.8430681145412,-3.7301721501085163,0.36166711075198404,503.26446777870615,17,62,-6.295131881443459,0.16809270177202315,72,-1.5214568259034278,0.6510018298495048,-6.295131881443459,0,False
DRIVE_DOWN__EXT_HIGH,60,360,134,0.39552238805970147,-438.4968256154418,-3.272364370264491,0.4813562289342933,479.79709399629576,15,62,-7.3888670198950095,0.1696926484788168,72,0.27240180025067723,1.0667712695367473,-7.3888670198950095,0,False
DRIVE_DOWN__EXT_HIGH,60,480,134,0.44029850746268656,-436.2704909112626,-3.255749932173601,0.5531415657371571,482.93473507886796,7,62,-6.861180907517101,0.2553040196980668,72,-0.15107325896114332,0.9731475115981127,-6.861180907517101,0,False
DRIVE_DOWN__EXT_HIGH,120,120,136,0.375,-301.5529760514174,-2.217301294495716,0.39639979024083705,329.7805763835224,12,63,-3.098240456860838,0.28784316773472207,73,-1.4570387297148573,0.5283386392826983,-3.098240456860838,0,False
DRIVE_DOWN__EXT_HIGH,120,240,136,0.4632352941176471,-254.20762630164043,-1.8691737228061795,0.612376301516648,257.87905809734394,9,63,-2.342387369114509,0.5737962362187377,73,-1.4607838636633745,0.6555273071890908,-2.342387369114509,1,False
DRIVE_DOWN__EXT_HIGH,120,360,136,0.4632352941176471,-184.44486136433196,-1.3562122159142056,0.7177807276033432,232.2943988502179,8,63,-1.9543522059421914,0.6347779003144147,73,-0.8400092108215599,0.8062110657450378,-1.9543522059421914,1,False
DRIVE_DOWN__EXT_HIGH,120,480,136,0.5147058823529411,-206.4365021560982,-1.5179154570301336,0.7357097198660901,321.93150428789284,7,63,-1.2792384895878206,0.7898559661360636,73,-1.7238969494803493,0.6834810577047231,-1.7238969494803493,1,False
DRIVE_DOWN__EXT_HIGH,180,120,138,0.4492753623188406,-166.02481483733905,-1.203078368386515,0.6121484662021582,225.37591642735163,9,61,-2.8118208861636376,0.30518377147196873,77,0.07137998985250514,1.0303317835464716,-2.8118208861636376,0,False
DRIVE_DOWN__EXT_HIGH,180,240,138,0.4855072463768116,-194.73505037128604,-1.4111235534151163,0.6760360290301366,197.9810469787629,7,61,-3.1622070595802563,0.4233236349573418,77,-0.023901555024550228,0.9930968869799389,-3.1622070595802563,1,False
DRIVE_DOWN__EXT_HIGH,180,360,138,0.5,-113.13450673756356,-0.8198152662142286,0.8079203909689536,163.46459162799573,7,61,-2.4982889796858996,0.502689949173309,77,0.5098846886139783,1.1389488254797446,-2.4982889796858996,2,False
DRIVE_DOWN__EXT_HIGH,180,480,138,0.4855072463768116,-217.19786601284636,-1.5738975798032344,0.7125289431244127,281.51639143294585,10,61,-2.6182199617775286,0.5790524279383569,77,-0.7465772512261968,0.8471664462909804,-2.6182199617775286,0,False
DRIVE_DOWN__EXT_HIGH,240,120,138,0.45652173913043476,-194.97098379482222,-1.4128332159045087,0.565884591969774,247.15754274097554,11,65,-2.614924123505159,0.3195425668794328,73,-0.34247829817790276,0.8745780908586509,-2.614924123505159,0,False
DRIVE_DOWN__EXT_HIGH,240,240,138,0.4927536231884058,-122.9801818486003,-0.8911607380333355,0.7917748387030887,142.24330941288844,8,65,-1.4931981504012073,0.681187121701868,73,-0.3551000283907097,0.9094184110466322,-1.4931981504012073,1,False
DRIVE_DOWN__EXT_HIGH,240,360,138,0.5,20.12974839901024,0.14586774202181332,1.0362791992413807,107.02886297113426,6,65,-0.6783371607203754,0.8362293346915995,73,0.8797488198059538,1.224844639125078,-0.6783371607203754,2,False
DRIVE_DOWN__EXT_HIGH,240,480,138,0.4927536231884058,-123.32314014407167,-0.8936459430729832,0.8321775366541962,197.98402647300546,11,65,-1.0434171572318,0.8134834135501339,73,-0.760288012657598,0.8504893028020932,-1.0434171572318,0,False
DRIVE_DOWN__EXT_HIGH,360,120,134,0.4701492537313433,-142.1813151846647,-1.0610545909303335,0.6409511091586021,202.8975683681632,9,63,-2.170931162480501,0.35429336149774093,71,-0.07623453448441044,0.9706124682598182,-2.170931162480501,1,False
DRIVE_DOWN__EXT_HIGH,360,240,134,0.47761194029850745,-146.06081603945148,-1.0900060898466528,0.735352921649406,149.48221570361636,7,63,-2.057041707417775,0.5204294808421359,71,-0.23193223200185448,0.9415392516066581,-2.057041707417775,1,False
DRIVE_DOWN__EXT_HIGH,360,360,134,0.5,31.03605441736734,0.23161234639826372,1.062056713819453,114.67754867451309,7,63,-1.8202785503890966,0.5660843067790081,71,2.052304268899724,1.6178527612303728,-1.8202785503890966,2,False
DRIVE_DOWN__EXT_HIGH,360,480,134,0.5,-46.57432228261578,-0.3475695692732521,0.9213709497805994,122.28004099056983,9,63,-1.7515070226397482,0.6507790581900481,71,0.8981777485026535,1.2307560643128161,-1.7515070226397482,1,False
DRIVE_DOWN__STR_B0_20,60,120,106,0.3584905660377358,-160.5460616884577,-1.5145854876269595,0.5479596638279084,165.37029513977913,9,39,-2.8771560923618114,0.2840425948951477,67,-0.7214473744230904,0.756406306746857,-2.8771560923618114,1,False
DRIVE_DOWN__STR_B0_20,60,240,106,0.3867924528301887,-75.80524133405628,-0.7151437861703422,0.834556424910674,125.42216039085017,9,39,-2.6963496906950306,0.543238000472101,67,0.43809547168731217,1.1287556427938614,-2.6963496906950306,2,False
DRIVE_DOWN__STR_B0_20,60,360,106,0.44339622641509435,-66.94080224945638,-0.6315170023533621,0.8682634301943393,135.50701743450216,8,39,-2.806292306844924,0.5539921938248263,67,0.6343969808581438,1.161766734136356,-2.806292306844924,1,False
DRIVE_DOWN__STR_B0_20,60,480,106,0.46226415094339623,-38.808291917968184,-0.3661159614902659,0.9325346915402029,130.24255025739515,7,39,-2.3768503616035557,0.6388248811967956,67,0.804311525142843,1.1691539000208686,-2.3768503616035557,1,False
DRIVE_DOWN__STR_B0_20,120,120,96,0.28125,-340.68145969589045,-3.5487652051655254,0.2122755013820451,340.6814596958904,14,44,-4.191010795794198,0.15272625096634296,52,-3.005326628479727,0.27260109756030243,-4.191010795794198,0,False
DRIVE_DOWN__STR_B0_20,120,240,96,0.28125,-514.2285322984085,-5.356547211441755,0.1468929784633822,525.0892020430616,12,44,-7.621264542273346,0.05874864010060834,52,-3.44024793150733,0.2742848260970558,-7.621264542273346,0,False
DRIVE_DOWN__STR_B0_20,120,360,96,0.3645833333333333,-493.9664944621291,-5.145484317313845,0.221446908062062,510.9049696816229,11,44,-7.717042853660164,0.0905156468881538,52,-2.9695501711746526,0.40864649045708157,-7.717042853660164,0,False
DRIVE_DOWN__STR_B0_20,120,480,96,0.375,-490.50595311459585,-5.109437011610374,0.30630526347355586,542.0943527376644,11,44,-7.392448601945782,0.10604400025563165,52,-3.177657973634257,0.5185925924450105,-7.392448601945782,0,False
DRIVE_DOWN__STR_B0_20,180,120,98,0.32653061224489793,-201.55196271529402,-2.0566526807683063,0.34303928495922364,204.3189090652452,10,39,-3.4694371776387745,0.11246323303903764,59,-1.1227781828369805,0.5707953401916265,-3.4694371776387745,0,False
DRIVE_DOWN__STR_B0_20,180,240,98,0.29591836734693877,-299.93271305055987,-3.060537888271019,0.3303030578405805,325.87948774135873,11,39,-6.343793610184969,0.065501976449466,59,-0.8902502076838328,0.7131577765917292,-6.343793610184969,0,False
DRIVE_DOWN__STR_B0_20,180,360,98,0.37755102040816324,-256.56492819251287,-2.618009471352172,0.4297456762329473,292.0780103505826,10,39,-5.91095187227115,0.12387225502330172,59,-0.44131873176166203,0.8606058887917736,-5.91095187227115,1,False
DRIVE_DOWN__STR_B0_20,180,480,98,0.35714285714285715,-349.8888888107122,-3.570294783782778,0.4308725556695534,407.0422513908009,10,39,-6.518367191339067,0.173875561217708,59,-1.6215689550591283,0.6884235383062185,-6.518367191339067,1,False
DRIVE_DOWN__STR_B0_20,240,120,106,0.3584905660377358,-178.8924969093638,-1.6876650651826774,0.40131482027239335,181.65944325931503,18,41,-3.430465370689674,0.16288566552076253,65,-0.5883602570936483,0.7076021274213067,-3.430465370689674,0,False
DRIVE_DOWN__STR_B0_20,240,240,106,0.3018867924528302,-227.75716006112648,-2.1486524534068536,0.4841812473598079,256.79839618288486,16,41,-4.85044259319227,0.3202922027631543,65,-0.4444463652345141,0.8060698264672103,-4.85044259319227,0,False
DRIVE_DOWN__STR_B0_20,240,360,106,0.3490566037735849,-231.1060786220334,-2.180246024736164,0.5081695866330563,282.8988061032336,13,41,-3.262003941980328,0.4655456699170497,65,-1.4979064153975388,0.5567299012512467,-3.262003941980328,0,False
DRIVE_DOWN__STR_B0_20,240,480,106,0.3584905660377358,-265.3428848321249,-2.5032347625672164,0.6004906236730458,352.8847329465536,13,41,-3.2432633502186867,0.528629321801411,65,-2.036447499587058,0.653548986966603,-3.2432633502186867,1,False
DRIVE_DOWN__STR_B0_20,360,120,105,0.2571428571428571,-223.5829089159496,-2.129361037294758,0.26884835446247357,225.83019088583865,13,41,-3.3334190110977477,0.07778559546774981,64,-1.3580113978272177,0.44851523842949115,-3.3334190110977477,0,False
DRIVE_DOWN__STR_B0_20,360,240,105,0.3619047619047619,-159.6587901553111,-1.520559906241058,0.5517824312789386,187.03619672647693,9,41,-3.1377081728248486,0.3658643645184576,64,-0.4845742979608165,0.7977515778145017,-3.1377081728248486,0,False
DRIVE_DOWN__STR_B0_20,360,360,105,0.4095238095238095,-54.69741513026403,-0.5209277631453717,0.8270243863151473,114.82933861690944,9,41,-1.5460989127332572,0.5973655929342689,64,0.1358225045593674,1.0547476998390117,-1.5460989127332572,2,False
DRIVE_DOWN__STR_B0_20,360,480,105,0.42857142857142855,-13.299525336010994,-0.12666214605724757,0.9657383597245801,106.73006827918638,9,41,-1.4948129880165557,0.6507850016876399,64,0.7498094870729346,1.2256390528450585,-1.4948129880165557,3,False
DRIVE_DOWN__STR_B20_40,60,120,95,0.37894736842105264,-222.9827389170317,-2.347186725442439,0.3369994735600872,222.9827389170317,12,37,-4.094307222026063,0.19901158439204758,58,-1.2326443396908164,0.5142967660153013,-4.094307222026063,0,False
DRIVE_DOWN__STR_B20_40,60,240,95,0.37894736842105264,-169.7802279978273,-1.7871602947139715,0.5911049879945389,170.01645371201917,11,37,-3.667849826126249,0.4171933258692784,58,-0.5874100763992426,0.8131733992678157,-3.667849826126249,0,False
DRIVE_DOWN__STR_B20_40,60,360,95,0.42105263157894735,-148.12195963882823,-1.5591785225139814,0.6879598900858387,162.87328436495613,7,37,-4.101044334228757,0.47550187419791573,58,0.06235656426958209,1.0195088883380574,-4.101044334228757,1,False
DRIVE_DOWN__STR_B20_40,60,480,95,0.42105263157894735,-159.37507916847156,-1.6776324122997006,0.7268383576363082,175.0953101999762,9,37,-4.347724160096444,0.4905513368541392,58,0.025701978536152303,1.0055689856283039,-4.347724160096444,1,False
DRIVE_DOWN__STR_B20_40,120,120,103,0.39805825242718446,-175.21283291020924,-1.7010954651476626,0.4488597640556363,182.489417694235,9,37,-2.4353402290441153,0.30971694422203766,66,-1.2894734005390456,0.5457966315900037,-2.4353402290441153,0,False
DRIVE_DOWN__STR_B20_40,120,240,103,0.3883495145631068,-158.9442326658652,-1.5431478899598563,0.5818138630016437,196.32406452702432,7,37,0.1226794066263727,1.0351473871730443,66,-2.477020768349106,0.3485012771791639,-2.477020768349106,1,False
DRIVE_DOWN__STR_B20_40,120,360,103,0.3786407766990291,-62.2886303098103,-0.6047439835903913,0.8359060943843059,116.92782927419094,11,37,0.838828787109702,1.2011503433160842,66,-1.4140196277707464,0.5857649556211125,-1.4140196277707464,2,False
DRIVE_DOWN__STR_B20_40,120,480,103,0.3786407766990291,-164.2096168565769,-1.594268124821135,0.7175757553434446,239.11509579598027,9,37,0.8363673607629717,1.1550152755244687,66,-2.95689710916374,0.48885432112419225,-2.95689710916374,1,False
DRIVE_DOWN__STR_B20_40,180,120,108,0.32407407407407407,-236.50348120621916,-2.189847048205733,0.36015735163695045,237.1360927532229,11,46,-2.8205036989261805,0.30425449330434373,62,-1.721940500897014,0.4170778670584034,-2.8205036989261805,0,False
DRIVE_DOWN__STR_B20_40,180,240,108,0.3333333333333333,-201.84885594813161,-1.868970888408626,0.5266784514453702,201.84885594813161,9,46,-1.1332679489111475,0.7606579554384765,62,-2.4148150048099812,0.2824247506759084,-2.4148150048099812,0,False
DRIVE_DOWN__STR_B20_40,180,360,108,0.3888888888888889,-152.77542255592053,-1.414587245888153,0.6553196774518605,220.0390900716239,10,46,0.7183870699842165,1.1801688477547416,62,-2.9971165770192663,0.2848140629078628,-2.9971165770192663,0,False
DRIVE_DOWN__STR_B20_40,180,480,108,0.39814814814814814,-303.346283735221,-2.8087618864372312,0.5367021861517142,398.3811293911604,12,46,0.6261424129549956,1.1239439737691006,62,-5.357239269857271,0.21360837804148566,-5.357239269857271,0,False
DRIVE_DOWN__STR_B20_40,240,120,97,0.3402061855670103,-181.30440622525595,-1.8691175899510921,0.41425437760742045,181.30440622525595,15,37,-2.6133663677599603,0.29817492405847856,60,-1.4101641769689575,0.5073710589456035,-2.6133663677599603,0,False
DRIVE_DOWN__STR_B20_40,240,240,97,0.38144329896907214,-149.08813932510284,-1.536991127062916,0.5767194838601228,162.12530552536114,9,37,-2.8479601463653994,0.414778577073932,60,-0.7285602318263842,0.7460893601781223,-2.8479601463653994,0,False
DRIVE_DOWN__STR_B20_40,240,360,97,0.422680412371134,-133.26133819753025,-1.3738282288405181,0.6458082600641472,156.17973574076527,8,37,-2.1223065051441767,0.5815609640863929,60,-0.9122666251199283,0.7097436336874189,-2.1223065051441767,1,False
DRIVE_DOWN__STR_B20_40,240,480,97,0.3917525773195876,-231.86121720699862,-2.3903218268762743,0.5759948583698085,244.43139603963633,6,37,-3.477224852454745,0.4660951969443995,60,-1.7200649611028842,0.6625797422822722,-3.477224852454745,1,False
DRIVE_DOWN__STR_B20_40,360,120,113,0.4690265486725664,-82.03192683908385,-0.7259462552131314,0.7222496530483747,104.1845866004825,9,47,-1.173293940493658,0.6043314581484108,66,-0.4073804793315442,0.827616732666922,-1.173293940493658,1,False
DRIVE_DOWN__STR_B20_40,360,240,113,0.4247787610619469,-209.36528273108289,-1.8527901126644504,0.4941819770340537,209.36528273108283,7,47,-3.576436836335442,0.251839397210592,66,-0.6253447185351076,0.7819024238966094,-3.576436836335442,0,False
DRIVE_DOWN__STR_B20_40,360,360,113,0.3893805309734513,-189.81792150344964,-1.6798046150747756,0.5585556668032537,189.8179215034496,8,47,-2.6986072195926165,0.38567397164324424,66,-0.9542936694332824,0.7182349972843919,-2.6986072195926165,0,False
DRIVE_DOWN__STR_B20_40,360,480,113,0.4247787610619469,-259.6149182487662,-2.2974771526439484,0.528775391631359,262.88614942336704,6,47,-2.3303972368575767,0.4766366435674392,66,-2.2740340623706072,0.5607123254527299,-2.3303972368575767,0,False
DRIVE_DOWN__STR_B40_60,60,120,82,0.3902439024390244,-91.65524761770631,-1.11774692216715,0.5682216769955464,97.03799568671738,5,32,-1.6928170076949152,0.41421382068240276,50,-0.7497020674293803,0.6871015724880313,-1.6928170076949152,1,False
DRIVE_DOWN__STR_B40_60,60,240,82,0.5,-44.08937879656291,-0.5376753511775965,0.8101775128579959,74.55988614134483,5,32,-0.6067208777822354,0.7922470529074557,50,-0.49348621415062743,0.8222487241653411,-0.6067208777822354,1,False
DRIVE_DOWN__STR_B40_60,60,360,82,0.4146341463414634,-68.63647739194447,-0.8370302120968838,0.7766219083366661,117.17667739584655,6,32,-0.11117538012664419,0.9713308338512079,50,-1.3015773045578367,0.6447155994289859,-1.3015773045578367,1,False
DRIVE_DOWN__STR_B40_60,60,480,82,0.47560975609756095,-80.48581046334071,-0.9815342739431794,0.7806842305657159,133.28575316344725,6,32,-0.2799982914271073,0.9390864358317651,50,-1.4305173027534661,0.6747245145584267,-1.4305173027534661,1,False
DRIVE_DOWN__STR_B40_60,120,120,107,0.4392523364485981,-72.65325554233105,-0.6790023882460846,0.7170797611518112,72.65325554233102,8,44,-1.59304925373221,0.5406657480209376,63,-0.04062045044625114,0.9754401822303028,-1.59304925373221,1,False
DRIVE_DOWN__STR_B40_60,120,240,107,0.4672897196261682,52.39503051165932,0.4896731823519563,1.1805378993382736,62.76850369859878,8,44,-0.4408461474988243,0.8901471523139378,63,1.1395596984382155,1.6317429552423768,-0.4408461474988243,2,False
DRIVE_DOWN__STR_B40_60,120,360,107,0.4766355140186916,38.72197019558263,0.361887571921333,1.1064887129142968,105.7405383551471,8,44,0.726325756143394,1.1842532947006532,63,0.10735931627417956,1.0355649038370607,0.10735931627417956,3,False
DRIVE_DOWN__STR_B40_60,120,480,107,0.514018691588785,-19.060285444390544,-0.17813350882607984,0.9636021392006029,157.9485724716442,8,44,0.2606764160813089,1.052780852464354,63,-0.48460393257092266,0.9003444886414336,-0.48460393257092266,2,False
DRIVE_DOWN__STR_B40_60,180,120,102,0.4019607843137255,-166.2979038201281,-1.6303716060796873,0.5041087790778018,166.29790382012814,8,42,-2.7218712015185442,0.37475768250799835,60,-0.8663218892724882,0.6591804759234635,-2.7218712015185442,1,False
DRIVE_DOWN__STR_B40_60,180,240,102,0.5196078431372549,-42.09098339849484,-0.41265669998524357,0.8880660603508963,119.22008727956137,6,42,-1.461286477185875,0.7256064326421022,60,0.3213841440551975,1.1265602451829477,-1.461286477185875,2,False
DRIVE_DOWN__STR_B40_60,180,360,102,0.4803921568627451,-18.577788781578,-0.18213518413311766,0.9523533077906011,102.28245510659727,7,42,0.07580580615411137,1.0158368538414895,60,-0.36269387733417785,0.8847780255678569,-0.36269387733417785,2,False
DRIVE_DOWN__STR_B40_60,180,480,102,0.5490196078431373,20.179329921223182,0.19783656785512924,1.0414603265930253,151.35076230663026,10,42,0.38493228804607343,1.0676309331009137,60,0.06686956372146817,1.0162000374334959,0.06686956372146817,2,False
DRIVE_DOWN__STR_B40_60,240,120,109,0.3944954128440367,-184.08583011535777,-1.6888608267464016,0.4617317385172556,186.77572876373176,8,46,-2.0207688346154518,0.4397262644052126,63,-1.4465152971912223,0.4824656175347051,-2.0207688346154518,0,False
DRIVE_DOWN__STR_B40_60,240,240,109,0.3853211009174312,-193.9702508322243,-1.7795435856167368,0.561494737288443,196.4252054099205,11,46,-1.402447380157448,0.6920669163995801,63,-2.0548836721425663,0.4440112183468871,-2.0548836721425663,1,False
DRIVE_DOWN__STR_B40_60,240,360,109,0.44954128440366975,-120.34071142106042,-1.104043224046426,0.7175795625277905,131.08791185076208,7,46,-0.8642463541534764,0.8035191428315628,63,-1.2791330020635001,0.6398706946305942,-1.2791330020635001,1,False
DRIVE_DOWN__STR_B40_60,240,480,109,0.5045871559633027,-108.05215068843829,-0.9913041347563146,0.7729594573033656,176.05040992347344,8,46,-0.3824755176319997,0.9155415313616951,63,-1.4358456647201,0.6619668019832253,-1.4358456647201,2,False
DRIVE_DOWN__STR_B40_60,360,120,101,0.49504950495049505,-23.110661789898586,-0.22881843356335232,0.9028201710267584,84.82744813421368,10,40,-1.1718300160508544,0.6434108016664439,61,0.3895498172481242,1.2234064148900028,-1.1718300160508544,1,False
DRIVE_DOWN__STR_B40_60,360,240,101,0.48514851485148514,-41.59558413968096,-0.41183746672951443,0.875919238191385,122.68421351193234,6,40,-2.70531412157523,0.452308065624224,61,1.0920816512021023,1.4839568341568143,-2.70531412157523,1,False
DRIVE_DOWN__STR_B40_60,360,360,101,0.504950495049505,0.2600185664247918,0.0025744412517306123,1.000736654913633,122.91823567792687,10,40,-2.3313328694081994,0.5988404309444147,61,1.5330054646352909,1.7759630828377586,-2.3313328694081994,2,False
DRIVE_DOWN__STR_B40_60,360,480,101,0.5346534653465347,121.86987971121152,1.206632472388233,1.3550088065494459,87.4791933548463,9,40,-1.321498902481261,0.7512835324494583,61,2.8644235378764247,2.3363052122092394,-1.321498902481261,3,False
DRIVE_DOWN__STR_B60_80,60,120,81,0.4074074074074074,-131.75456474232195,-1.626599564720024,0.5781763846420557,171.71867874082704,14,35,-4.795548564573439,0.21236463715217185,46,0.7845572829945305,1.3636370904685058,-4.795548564573439,1,False
DRIVE_DOWN__STR_B60_80,60,240,81,0.43209876543209874,-184.48372174219216,-2.277576811632002,0.5668769499045607,258.0341640127566,7,35,-7.372404686078763,0.15454562987099404,46,1.5989226580557507,1.609181008426453,-7.372404686078763,1,False
DRIVE_DOWN__STR_B60_80,60,360,81,0.4444444444444444,-196.7011231609152,-2.428408927912533,0.5889630229929971,280.46372042214364,14,35,-7.707338707878039,0.19397299179781802,46,1.5881680785829602,1.5077765608939324,-7.707338707878039,1,False
DRIVE_DOWN__STR_B60_80,60,480,81,0.37037037037037035,-257.81810997347645,-3.1829396293021786,0.5403605195900246,297.47609612115826,8,35,-8.499317032033094,0.1978245575727069,46,0.8621301336452569,1.2086416234407218,-8.499317032033094,0,False
DRIVE_DOWN__STR_B60_80,120,120,78,0.4358974358974359,-75.19981436937898,-0.9641001842228075,0.6888207691982765,94.64831663874203,6,40,-2.1171504633937306,0.4468669705891881,38,0.2496369517465851,1.107118143887786,-2.1171504633937306,0,False
DRIVE_DOWN__STR_B60_80,120,240,78,0.5128205128205128,-71.23846228741513,-0.9133136190694248,0.7662155961418913,116.01034526247894,11,40,-0.7703065253653152,0.8098894400643616,38,-1.0638474019158557,0.7165920439673035,-1.0638474019158557,2,False
DRIVE_DOWN__STR_B60_80,120,360,78,0.44871794871794873,-64.85115630192902,-0.8314250807939618,0.803028055379054,134.40098253240166,11,40,-0.28692444596783917,0.9295262349028456,38,-1.4045836437688284,0.6792146508615654,-1.4045836437688284,1,False
DRIVE_DOWN__STR_B60_80,120,480,78,0.41025641025641024,-13.848218709880326,-0.17754126551128624,0.9639841517879005,119.9938589795412,11,40,-0.1343344186560948,0.975113257800746,38,-0.2230221569378039,0.9497311259980205,-0.2230221569378039,2,False
DRIVE_DOWN__STR_B60_80,180,120,91,0.46153846153846156,-19.726151041433376,-0.21677089056520193,0.9260971314653467,116.35181383486707,6,43,-1.815482237639736,0.5014107584390249,48,1.2154080245224022,1.5286934334095839,-1.815482237639736,1,False
DRIVE_DOWN__STR_B60_80,180,240,91,0.4065934065934066,-225.34570271741475,-2.4763264034880743,0.5344964223464561,226.8379612115944,8,43,-2.2122456388535072,0.5290000066376648,48,-2.7128987551398733,0.5384312170615685,-2.7128987551398733,0,False
DRIVE_DOWN__STR_B60_80,180,360,91,0.45054945054945056,-144.6947604579636,-1.590052312724875,0.7149644028450562,202.04810841329152,9,43,-1.0159855566133698,0.7802607298641937,48,-2.104320448408098,0.6729278030892495,-2.104320448408098,1,False
DRIVE_DOWN__STR_B60_80,180,480,91,0.42857142857142855,-185.063420154412,-2.0336639577407913,0.6599544620289665,212.29935991904654,9,43,-1.1353336016835713,0.7761771814282524,48,-2.838418235042051,0.5822210902391532,-2.838418235042051,1,False
DRIVE_DOWN__STR_B60_80,240,120,70,0.5,24.350972508209722,0.3478710358315675,1.1334086781036985,81.39326135509852,7,33,-1.6337018226474482,0.5703267350760798,37,2.1152198015020414,2.371673143102295,-1.6337018226474482,2,False
DRIVE_DOWN__STR_B60_80,240,240,70,0.5,-125.78605740097727,-1.7969436771568181,0.6120595343475931,175.23430937197324,5,33,-4.288359104345813,0.26566732741718935,37,0.4251295416874198,1.119593571207061,-4.288359104345813,1,False
DRIVE_DOWN__STR_B60_80,240,360,70,0.4714285714285714,-64.5374330453142,-0.9219633292187743,0.7935550652164887,144.25404621333445,7,33,-4.371334733737409,0.31656868295339,37,2.1545030585951435,1.785075288018752,-4.371334733737409,2,False
DRIVE_DOWN__STR_B60_80,240,480,70,0.4857142857142857,-31.475855309698883,-0.4496550758528412,0.9146289711216467,136.4181957937153,7,33,-4.133884721021676,0.3687185181870855,37,2.836279472540985,1.6877065668573743,-4.133884721021676,2,False
DRIVE_DOWN__STR_B60_80,360,120,64,0.46875,-107.06322765152332,-1.6728629320550519,0.5598172157656068,144.97189604373034,6,34,-3.8594684286695764,0.20374167094686,30,0.8052899641080761,1.308043359699326,-3.8594684286695764,0,False
DRIVE_DOWN__STR_B60_80,360,240,64,0.28125,-279.5587713285663,-4.368105802008849,0.2461803511352932,279.55877132856625,13,34,-5.937909487330382,0.09798466437396883,30,-2.588994958644443,0.47176474678748836,-5.937909487330382,0,False
DRIVE_DOWN__STR_B60_80,360,360,64,0.421875,-237.60630659565155,-3.7125985405570554,0.4061092663315337,246.9979287520983,9,34,-4.849146408610626,0.2618910065780539,30,-2.4245109567630094,0.5884027156035754,-4.849146408610626,0,False
DRIVE_DOWN__STR_B60_80,360,480,64,0.453125,-307.5577108573666,-4.805589232146353,0.4312247820196168,327.0922817039015,8,34,-6.85302809252152,0.17650666533446216,30,-2.485158523721164,0.7107952344709675,-6.85302809252152,0,False
DRIVE_DOWN__STR_B80_100,60,120,80,0.2625,-247.36193854350986,-3.0920242317938733,0.41787256681672463,311.20546333161724,11,43,-5.37780531209636,0.1909261908257487,37,-0.4355759492801716,0.8841488602895302,-5.37780531209636,0,False
DRIVE_DOWN__STR_B80_100,60,240,80,0.425,-275.81584760092295,-3.447698095011537,0.49724292186833674,279.3669027311195,10,43,-3.992122468511203,0.4820203493372263,37,-2.8149886879713852,0.520469514814475,-3.992122468511203,0,False
DRIVE_DOWN__STR_B80_100,60,360,80,0.4,-203.78085093666377,-2.5472606367082973,0.6408159391251886,241.39941666514446,10,43,-3.706088314946707,0.5117430776007089,37,-1.2005149565933884,0.81565383206042,-3.706088314946707,1,False
DRIVE_DOWN__STR_B80_100,60,480,80,0.3875,-246.62699235802847,-3.082837404475356,0.6173847173266914,290.73266949865797,8,43,-2.9746347180199244,0.6310397160450093,37,-3.2085864725181548,0.6014943798687201,-3.2085864725181548,1,False
DRIVE_DOWN__STR_B80_100,120,120,80,0.35,-130.6653646140436,-1.633317057675545,0.6205660654305583,255.10552487078732,10,37,-4.987617988127576,0.17072454368198825,43,1.2529418824808538,1.4422074473066528,-4.987617988127576,0,False
DRIVE_DOWN__STR_B80_100,120,240,80,0.4,-329.1549953577571,-4.114437441971964,0.4299675037680399,332.5763950219218,12,37,-6.682602361801389,0.22768972212498081,43,-1.9046211156071082,0.6816754075617414,-6.682602361801389,0,False
DRIVE_DOWN__STR_B80_100,120,360,80,0.4125,-209.60492310804108,-2.6200615388505133,0.6139363986701812,250.9051914888947,13,37,-4.994832965110971,0.3278175382786458,43,-0.5766535674170957,0.907473774990353,-4.994832965110971,0,False
DRIVE_DOWN__STR_B80_100,120,480,80,0.4125,-331.62082958879046,-4.145260369859881,0.45134954359799556,379.65608960250654,10,37,-5.675453983685257,0.3059082513401762,43,-2.8285821440101384,0.5971057341742902,-5.675453983685257,0,False
DRIVE_DOWN__STR_B80_100,180,120,77,0.42857142857142855,-127.36784913337536,-1.6541279108230567,0.6137388982868219,249.13051265690035,8,39,-5.061475062023709,0.21703252979838034,38,1.8428862706723488,1.9020853849431896,-5.061475062023709,0,False
DRIVE_DOWN__STR_B80_100,180,240,77,0.4805194805194805,-214.7786026294099,-2.789332501680648,0.5209476845469522,295.9968672301318,8,39,-7.2613250864538195,0.15588219043781898,38,1.8003440984812924,1.6062180104033341,-7.2613250864538195,0,False
DRIVE_DOWN__STR_B80_100,180,360,77,0.5064935064935064,-177.29517494932537,-2.302534739601628,0.6459194607399211,344.19458271146044,16,39,-8.688477326297635,0.14844494080253684,38,4.251458967796906,2.571549277312301,-8.688477326297635,1,False
DRIVE_DOWN__STR_B80_100,180,480,77,0.4025974025974026,-316.4713251392598,-4.110017209600777,0.47987805243356146,417.682239689526,11,39,-10.709801017680157,0.08743925835188349,38,2.663445119743848,1.6713713096225373,-10.709801017680157,0,False
DRIVE_DOWN__STR_B80_100,240,120,80,0.425,-108.02063030840125,-1.3502578788550157,0.6869599830843233,262.1853098927555,9,41,-5.7016373725679115,0.15689524273580308,39,3.2242692812021314,2.8546588952043463,-5.7016373725679115,1,False
DRIVE_DOWN__STR_B80_100,240,240,80,0.4875,-287.26889043046754,-3.590861130380844,0.47601392908600726,307.86654237385534,9,41,-7.508940057898913,0.17238493773780197,39,0.5281449216253318,1.1168692854670226,-7.508940057898913,0,False
DRIVE_DOWN__STR_B80_100,240,360,80,0.5,-220.63559952619306,-2.7579449940774134,0.6321203714209483,342.27891567982715,14,41,-7.539062835103094,0.23202921795993037,39,2.268358377257276,1.4484782690856197,-7.539062835103094,2,False
DRIVE_DOWN__STR_B80_100,240,480,80,0.425,-420.3653285714044,-5.254566607142555,0.4005935857894337,463.5132707349756,8,41,-9.355235320223143,0.16057739323211417,39,-0.9436071908270659,0.849402212618765,-9.355235320223143,0,False
DRIVE_DOWN__STR_B80_100,360,120,81,0.35802469135802467,-173.55985693817956,-2.142714283187402,0.5742622647320701,304.2186543655158,18,40,-6.129274484049817,0.1274969529062939,41,1.7466127420442217,1.565330698913316,-6.129274484049817,0,False
DRIVE_DOWN__STR_B80_100,360,240,81,0.4074074074074074,-399.133328209684,-4.927571953205976,0.3785986609138746,402.55472787384883,14,40,-8.454258528700871,0.12160560489763285,41,-1.486902123454858,0.7630893051325054,-8.454258528700871,0,False
DRIVE_DOWN__STR_B80_100,360,360,81,0.41975308641975306,-324.5444675961278,-4.006721822174417,0.4978246032194453,363.48550697303074,23,40,-8.331733222070033,0.1154668561813987,41,0.21280149479691637,1.0323739113087678,-8.331733222070033,1,False
DRIVE_DOWN__STR_B80_100,360,480,81,0.32098765432098764,-611.6898074780373,-7.551726018247375,0.28397925122551704,644.4451704708746,18,40,-11.435996172502156,0.0629031433431797,41,-3.7621941604378297,0.578718769829171,-11.435996172502156,0,False
