clock,side,partition,reference_start,execution_start,H,L,k1,clean,leave_bar,eligible_start,terminal,terminal_bar
ALT_0330,LONG,external,2020-01-01 03:30:00+00:00,2020-01-01 09:00:00+00:00,130.67,129.75,2020-01-01 10:40:00+00:00,True,2020-01-01 10:50:00+00:00,2020-01-01 10:55:00+00:00,H2,2020-01-01 11:10:00+00:00
RAW_0530,LONG,external,2020-01-01 05:30:00+00:00,2020-01-01 11:00:00+00:00,130.68,129.75,2020-01-01 11:10:00+00:00,False,,,BREAK_DURING_K1,2020-01-01 11:20:00+00:00
LONDON,LONG,external,2020-01-01 08:00:00+00:00,2020-01-01 13:30:00+00:00,131.97,129.75,2020-01-01 14:20:00+00:00,False,,,BREAK_DURING_K1,2020-01-01 14:25:00+00:00
SHORT_2000,SHORT,external,2020-01-01 20:00:00+00:00,2020-01-02 01:30:00+00:00,132.25,129.54,2020-01-02 02:00:00+00:00,True,2020-01-02 02:05:00+00:00,2020-01-02 02:10:00+00:00,H2,2020-01-02 02:10:00+00:00
ALT_0330,LONG,external,2020-01-02 03:30:00+00:00,2020-01-02 09:00:00+00:00,130.22,128.67,2020-01-02 10:10:00+00:00,True,2020-01-02 10:15:00+00:00,2020-01-02 10:20:00+00:00,NO_H2,
RAW_0530,LONG,external,2020-01-06 05:30:00+00:00,2020-01-06 11:00:00+00:00,142.48,138.47,2020-01-06 11:00:00+00:00,True,2020-01-06 11:10:00+00:00,2020-01-06 11:15:00+00:00,H2,2020-01-06 11:15:00+00:00
RAW_0530,LONG,external,2020-01-07 05:30:00+00:00,2020-01-07 11:00:00+00:00,143.45,142.39,2020-01-07 11:15:00+00:00,True,2020-01-07 11:20:00+00:00,2020-01-07 11:25:00+00:00,H2,2020-01-07 11:25:00+00:00
SHORT_2000,SHORT,external,2020-01-09 20:00:00+00:00,2020-01-10 01:30:00+00:00,139.33,136.03,2020-01-10 05:30:00+00:00,False,,,BREAK_DURING_K1,2020-01-10 05:40:00+00:00
LONDON,LONG,external,2020-01-10 08:00:00+00:00,2020-01-10 13:30:00+00:00,139.99,135.3,2020-01-10 14:40:00+00:00,True,2020-01-10 14:45:00+00:00,2020-01-10 14:50:00+00:00,H2,2020-01-10 14:50:00+00:00
SHORT_2000,SHORT,external,2020-01-12 20:00:00+00:00,2020-01-13 01:30:00+00:00,147.0,144.3,2020-01-13 02:35:00+00:00,True,2020-01-13 02:45:00+00:00,2020-01-13 02:50:00+00:00,H2,2020-01-13 02:50:00+00:00
ALT_0330,LONG,external,2020-01-13 03:30:00+00:00,2020-01-13 09:00:00+00:00,144.07,142.32,2020-01-13 10:55:00+00:00,True,2020-01-13 11:05:00+00:00,2020-01-13 11:10:00+00:00,NO_H2,
RAW_2330,LONG,external,2020-01-13 23:30:00+00:00,2020-01-14 05:00:00+00:00,150.78,143.45,2020-01-14 09:15:00+00:00,True,2020-01-14 09:20:00+00:00,2020-01-14 09:25:00+00:00,H2,2020-01-14 09:25:00+00:00
ALT_0330,LONG,external,2020-01-14 03:30:00+00:00,2020-01-14 09:00:00+00:00,150.78,147.22,2020-01-14 09:15:00+00:00,True,2020-01-14 09:20:00+00:00,2020-01-14 09:25:00+00:00,H2,2020-01-14 09:25:00+00:00
LONDON,LONG,external,2020-01-14 08:00:00+00:00,2020-01-14 13:30:00+00:00,153.4,149.0,2020-01-14 13:50:00+00:00,False,,,BREAK_DURING_K1,2020-01-14 13:55:00+00:00
SHORT_2000,SHORT,external,2020-01-14 20:00:00+00:00,2020-01-15 01:30:00+00:00,172.18,160.48,2020-01-15 04:55:00+00:00,False,,,BREAK_DURING_K1,2020-01-15 05:05:00+00:00
ALT_0330,LONG,external,2020-01-16 03:30:00+00:00,2020-01-16 09:00:00+00:00,162.8,159.38,2020-01-16 11:05:00+00:00,True,2020-01-16 11:15:00+00:00,2020-01-16 11:20:00+00:00,H2,2020-01-16 11:30:00+00:00
RAW_0530,LONG,external,2020-01-16 05:30:00+00:00,2020-01-16 11:00:00+00:00,162.8,159.82,2020-01-16 11:05:00+00:00,True,2020-01-16 11:15:00+00:00,2020-01-16 11:20:00+00:00,H2,2020-01-16 11:30:00+00:00
ALT_0330,LONG,external,2020-01-21 03:30:00+00:00,2020-01-21 09:00:00+00:00,168.9,166.06,2020-01-21 13:35:00+00:00,False,,,BREAK_DURING_K1,2020-01-21 13:40:00+00:00
LONDON,LONG,external,2020-01-21 08:00:00+00:00,2020-01-21 13:30:00+00:00,168.81,166.06,2020-01-21 13:35:00+00:00,False,,,BREAK_DURING_K1,2020-01-21 13:40:00+00:00
LONDON,LONG,external,2020-01-24 08:00:00+00:00,2020-01-24 13:30:00+00:00,162.15,155.72,2020-01-24 14:10:00+00:00,True,2020-01-24 14:15:00+00:00,2020-01-24 14:20:00+00:00,H2,2020-01-24 14:30:00+00:00
ALT_0330,LONG,external,2020-01-27 03:30:00+00:00,2020-01-27 09:00:00+00:00,168.73,165.28,2020-01-27 11:45:00+00:00,False,,,BREAK_DURING_K1,2020-01-27 11:50:00+00:00
LONDON,LONG,external,2020-01-27 08:00:00+00:00,2020-01-27 13:30:00+00:00,170.3,165.28,2020-01-27 13:30:00+00:00,False,,,BREAK_DURING_K1,2020-01-27 13:35:00+00:00
RAW_2330,LONG,external,2020-01-29 23:30:00+00:00,2020-01-30 05:00:00+00:00,175.84,171.07,2020-01-30 07:25:00+00:00,False,,,BREAK_DURING_K1,2020-01-30 07:30:00+00:00
SHORT_2000,SHORT,external,2020-01-30 20:00:00+00:00,2020-01-31 01:30:00+00:00,187.4,181.79,2020-01-31 05:40:00+00:00,False,,,BREAK_DURING_K1,2020-01-31 05:45:00+00:00
LONDON,LONG,external,2020-02-04 08:00:00+00:00,2020-02-04 13:30:00+00:00,188.6,184.71,2020-02-04 15:15:00+00:00,True,2020-02-04 15:20:00+00:00,2020-02-04 15:25:00+00:00,H2,2020-02-04 15:40:00+00:00
LONDON,LONG,external,2020-02-05 08:00:00+00:00,2020-02-05 13:30:00+00:00,199.0,190.53,2020-02-05 15:45:00+00:00,False,,,BREAK_DURING_K1,2020-02-05 15:50:00+00:00
SHORT_2000,SHORT,external,2020-02-10 20:00:00+00:00,2020-02-11 01:30:00+00:00,225.48,218.97,2020-02-11 03:05:00+00:00,True,2020-02-11 03:10:00+00:00,2020-02-11 03:15:00+00:00,H2,2020-02-11 04:05:00+00:00
RAW_0530,LONG,external,2020-02-11 05:30:00+00:00,2020-02-11 11:00:00+00:00,222.85,218.64,2020-02-11 11:40:00+00:00,True,2020-02-11 11:45:00+00:00,2020-02-11 11:50:00+00:00,H2,2020-02-11 11:55:00+00:00
ALT_0330,LONG,external,2020-02-14 03:30:00+00:00,2020-02-14 09:00:00+00:00,269.1,260.53,2020-02-14 09:30:00+00:00,True,2020-02-14 09:35:00+00:00,2020-02-14 09:40:00+00:00,H2,2020-02-14 10:00:00+00:00
RAW_0530,LONG,external,2020-02-14 05:30:00+00:00,2020-02-14 11:00:00+00:00,273.72,260.53,2020-02-14 14:10:00+00:00,False,,,BREAK_DURING_K1,2020-02-14 14:15:00+00:00
LONDON,LONG,external,2020-02-14 08:00:00+00:00,2020-02-14 13:30:00+00:00,273.72,262.67,2020-02-14 14:10:00+00:00,False,,,BREAK_DURING_K1,2020-02-14 14:15:00+00:00
ALT_0330,LONG,external,2020-02-17 03:30:00+00:00,2020-02-17 09:00:00+00:00,254.0,242.32,2020-02-17 09:00:00+00:00,True,2020-02-17 09:05:00+00:00,2020-02-17 09:10:00+00:00,H2,2020-02-17 14:50:00+00:00
LONDON,LONG,external,2020-02-17 08:00:00+00:00,2020-02-17 13:30:00+00:00,254.0,243.0,2020-02-17 14:50:00+00:00,True,2020-02-17 14:55:00+00:00,2020-02-17 15:00:00+00:00,H2,2020-02-17 15:00:00+00:00
LONDON,LONG,external,2020-02-18 08:00:00+00:00,2020-02-18 13:30:00+00:00,269.17,258.78,2020-02-18 15:00:00+00:00,False,,,BREAK_DURING_K1,2020-02-18 15:05:00+00:00
SHORT_2000,SHORT,external,2020-02-18 20:00:00+00:00,2020-02-19 01:30:00+00:00,286.48,276.89,2020-02-19 06:55:00+00:00,False,,,BREAK_DURING_K1,2020-02-19 07:00:00+00:00
RAW_0530,LONG,external,2020-02-19 05:30:00+00:00,2020-02-19 11:00:00+00:00,283.46,274.54,2020-02-19 16:15:00+00:00,True,2020-02-19 16:20:00+00:00,2020-02-19 16:25:00+00:00,H2,2020-02-19 17:05:00+00:00
LONDON,LONG,external,2020-02-19 08:00:00+00:00,2020-02-19 13:30:00+00:00,283.46,274.54,2020-02-19 16:15:00+00:00,True,2020-02-19 16:20:00+00:00,2020-02-19 16:25:00+00:00,H2,2020-02-19 17:05:00+00:00
ALT_0330,LONG,external,2020-02-24 03:30:00+00:00,2020-02-24 09:00:00+00:00,269.27,263.88,2020-02-24 11:25:00+00:00,False,,,BREAK_DURING_K1,2020-02-24 11:35:00+00:00
RAW_0530,LONG,external,2020-02-24 05:30:00+00:00,2020-02-24 11:00:00+00:00,268.99,263.88,2020-02-24 11:20:00+00:00,False,,,BREAK_DURING_K1,2020-02-24 11:25:00+00:00
SHORT_2000,SHORT,external,2020-02-24 20:00:00+00:00,2020-02-25 01:30:00+00:00,266.84,259.83,2020-02-25 05:30:00+00:00,True,2020-02-25 05:35:00+00:00,2020-02-25 05:40:00+00:00,H2,2020-02-25 05:40:00+00:00
ALT_0330,LONG,external,2020-02-25 03:30:00+00:00,2020-02-25 09:00:00+00:00,263.33,255.55,2020-02-25 11:55:00+00:00,False,,,BREAK_DURING_K1,2020-02-25 12:00:00+00:00
RAW_2330,LONG,external,2020-02-26 23:30:00+00:00,2020-02-27 05:00:00+00:00,228.64,210.01,2020-02-27 08:15:00+00:00,False,,,BREAK_DURING_K1,2020-02-27 08:20:00+00:00
SHORT_2000,SHORT,external,2020-02-27 20:00:00+00:00,2020-02-28 01:30:00+00:00,235.2,222.83,2020-02-28 07:30:00+00:00,True,2020-02-28 07:35:00+00:00,2020-02-28 07:40:00+00:00,NO_H2,
ALT_0330,LONG,external,2020-03-02 03:30:00+00:00,2020-03-02 09:00:00+00:00,223.0,218.88,2020-03-02 09:35:00+00:00,True,2020-03-02 09:45:00+00:00,2020-03-02 09:50:00+00:00,H2,2020-03-02 09:55:00+00:00
LONDON,LONG,external,2020-03-02 08:00:00+00:00,2020-03-02 13:30:00+00:00,228.0,219.83,2020-03-02 13:35:00+00:00,True,2020-03-02 13:40:00+00:00,2020-03-02 13:45:00+00:00,H2,2020-03-02 14:00:00+00:00
ALT_0330,LONG,external,2020-03-03 03:30:00+00:00,2020-03-03 09:00:00+00:00,232.22,226.04,2020-03-03 12:00:00+00:00,True,2020-03-03 12:20:00+00:00,2020-03-03 12:25:00+00:00,OPPOSITE,2020-03-03 14:30:00+00:00
RAW_0530,LONG,external,2020-03-03 05:30:00+00:00,2020-03-03 11:00:00+00:00,230.94,226.04,2020-03-03 11:20:00+00:00,False,,,BREAK_DURING_K1,2020-03-03 11:25:00+00:00
ALT_0330,LONG,external,2020-03-05 03:30:00+00:00,2020-03-05 09:00:00+00:00,229.86,226.5,2020-03-05 09:20:00+00:00,False,,,BREAK_DURING_K1,2020-03-05 09:25:00+00:00
ALT_0330,LONG,external,2020-03-06 03:30:00+00:00,2020-03-06 09:00:00+00:00,237.53,228.89,2020-03-06 10:45:00+00:00,False,,,BREAK_DURING_K1,2020-03-06 10:50:00+00:00
RAW_2330,LONG,external,2020-03-08 23:30:00+00:00,2020-03-09 05:00:00+00:00,208.03,195.35,2020-03-09 06:15:00+00:00,True,2020-03-09 06:20:00+00:00,2020-03-09 06:25:00+00:00,H2,2020-03-09 08:05:00+00:00
ALT_0330,LONG,external,2020-03-10 03:30:00+00:00,2020-03-10 09:00:00+00:00,204.0,197.51,2020-03-10 10:45:00+00:00,True,2020-03-10 10:55:00+00:00,2020-03-10 11:00:00+00:00,H2,2020-03-10 11:00:00+00:00
RAW_0530,LONG,external,2020-03-10 05:30:00+00:00,2020-03-10 11:00:00+00:00,204.66,197.51,2020-03-10 11:00:00+00:00,True,2020-03-10 11:15:00+00:00,2020-03-10 11:20:00+00:00,H2,2020-03-10 11:25:00+00:00
SHORT_2000,SHORT,external,2020-03-10 20:00:00+00:00,2020-03-11 01:30:00+00:00,204.18,200.03,2020-03-11 05:05:00+00:00,True,2020-03-11 05:10:00+00:00,2020-03-11 05:15:00+00:00,H2,2020-03-11 05:15:00+00:00
SHORT_2000,SHORT,external,2020-03-12 20:00:00+00:00,2020-03-13 01:30:00+00:00,139.1,95.0,2020-03-13 01:55:00+00:00,False,,,BREAK_DURING_K1,2020-03-13 02:05:00+00:00
LONDON,LONG,external,2020-03-16 08:00:00+00:00,2020-03-16 13:30:00+00:00,111.98,100.11,2020-03-16 14:25:00+00:00,False,,,BREAK_DURING_K1,2020-03-16 14:30:00+00:00
SHORT_2000,SHORT,external,2020-03-17 20:00:00+00:00,2020-03-18 01:30:00+00:00,119.75,114.95,2020-03-18 06:00:00+00:00,True,2020-03-18 06:05:00+00:00,2020-03-18 06:10:00+00:00,H2,2020-03-18 06:25:00+00:00
RAW_2330,LONG,external,2020-03-19 23:30:00+00:00,2020-03-20 05:00:00+00:00,140.0,133.7,2020-03-20 07:55:00+00:00,False,,,BREAK_DURING_K1,2020-03-20 08:00:00+00:00
ALT_0330,LONG,external,2020-03-20 03:30:00+00:00,2020-03-20 09:00:00+00:00,152.64,133.7,2020-03-20 10:45:00+00:00,True,2020-03-20 10:50:00+00:00,2020-03-20 10:55:00+00:00,NO_H2,
RAW_2330,LONG,external,2020-03-23 23:30:00+00:00,2020-03-24 05:00:00+00:00,137.12,132.41,2020-03-24 07:05:00+00:00,True,2020-03-24 07:15:00+00:00,2020-03-24 07:20:00+00:00,H2,2020-03-24 08:05:00+00:00
RAW_2330,LONG,external,2020-03-24 23:30:00+00:00,2020-03-25 05:00:00+00:00,141.72,134.98,2020-03-25 09:15:00+00:00,True,2020-03-25 09:25:00+00:00,2020-03-25 09:30:00+00:00,H2,2020-03-25 09:35:00+00:00
ALT_0330,LONG,external,2020-03-25 03:30:00+00:00,2020-03-25 09:00:00+00:00,140.0,134.98,2020-03-25 09:00:00+00:00,True,2020-03-25 09:05:00+00:00,2020-03-25 09:10:00+00:00,H2,2020-03-25 09:15:00+00:00
ALT_0330,LONG,external,2020-03-30 03:30:00+00:00,2020-03-30 09:00:00+00:00,131.42,126.2,2020-03-30 10:45:00+00:00,True,2020-03-30 10:50:00+00:00,2020-03-30 10:55:00+00:00,H2,2020-03-30 11:05:00+00:00
SHORT_2000,SHORT,external,2020-03-30 20:00:00+00:00,2020-03-31 01:30:00+00:00,135.13,131.7,2020-03-31 03:00:00+00:00,True,2020-03-31 03:05:00+00:00,2020-03-31 03:10:00+00:00,H2,2020-03-31 03:10:00+00:00
ALT_0330,LONG,external,2020-03-31 03:30:00+00:00,2020-03-31 09:00:00+00:00,133.26,130.33,2020-03-31 15:15:00+00:00,True,2020-03-31 15:20:00+00:00,2020-03-31 15:25:00+00:00,NO_H2,
RAW_0530,LONG,external,2020-03-31 05:30:00+00:00,2020-03-31 11:00:00+00:00,133.26,130.8,2020-03-31 15:15:00+00:00,True,2020-03-31 15:20:00+00:00,2020-03-31 15:25:00+00:00,NO_H2,
LONDON,LONG,external,2020-03-31 08:00:00+00:00,2020-03-31 13:30:00+00:00,133.26,131.0,2020-03-31 15:15:00+00:00,True,2020-03-31 15:20:00+00:00,2020-03-31 15:25:00+00:00,H2,2020-03-31 19:50:00+00:00
RAW_0530,LONG,external,2020-04-01 05:30:00+00:00,2020-04-01 11:00:00+00:00,132.72,131.3,2020-04-01 12:00:00+00:00,True,2020-04-01 12:10:00+00:00,2020-04-01 12:15:00+00:00,OPPOSITE,2020-04-01 13:10:00+00:00
ALT_0330,LONG,external,2020-04-02 03:30:00+00:00,2020-04-02 09:00:00+00:00,137.85,135.4,2020-04-02 10:10:00+00:00,True,2020-04-02 10:15:00+00:00,2020-04-02 10:20:00+00:00,H2,2020-04-02 11:45:00+00:00
RAW_0530,LONG,external,2020-04-02 05:30:00+00:00,2020-04-02 11:00:00+00:00,137.97,135.62,2020-04-02 11:45:00+00:00,True,2020-04-02 11:50:00+00:00,2020-04-02 11:55:00+00:00,H2,2020-04-02 12:00:00+00:00
RAW_0530,LONG,external,2020-04-03 05:30:00+00:00,2020-04-03 11:00:00+00:00,146.47,141.0,2020-04-03 11:00:00+00:00,True,2020-04-03 11:05:00+00:00,2020-04-03 11:10:00+00:00,H2,2020-04-03 12:10:00+00:00
LONDON,LONG,external,2020-04-06 08:00:00+00:00,2020-04-06 13:30:00+00:00,158.4,149.06,2020-04-06 13:30:00+00:00,True,2020-04-06 13:35:00+00:00,2020-04-06 13:40:00+00:00,H2,2020-04-06 15:40:00+00:00
ALT_0330,LONG,external,2020-04-07 03:30:00+00:00,2020-04-07 09:00:00+00:00,174.27,168.38,2020-04-07 10:00:00+00:00,True,2020-04-07 10:10:00+00:00,2020-04-07 10:15:00+00:00,H2,2020-04-07 10:25:00+00:00
LONDON,LONG,external,2020-04-08 08:00:00+00:00,2020-04-08 13:30:00+00:00,171.05,165.99,2020-04-08 17:05:00+00:00,False,,,BREAK_DURING_K1,2020-04-08 17:10:00+00:00
SHORT_2000,SHORT,external,2020-04-08 20:00:00+00:00,2020-04-09 01:30:00+00:00,173.72,170.32,2020-04-09 01:50:00+00:00,True,2020-04-09 01:55:00+00:00,2020-04-09 02:00:00+00:00,H2,2020-04-09 03:30:00+00:00
SHORT_2000,SHORT,external,2020-04-09 20:00:00+00:00,2020-04-10 01:30:00+00:00,170.91,168.35,2020-04-10 02:05:00+00:00,True,2020-04-10 02:10:00+00:00,2020-04-10 02:15:00+00:00,H2,2020-04-10 02:20:00+00:00
RAW_0530,LONG,external,2020-04-13 05:30:00+00:00,2020-04-13 11:00:00+00:00,153.78,150.55,2020-04-13 11:20:00+00:00,False,,,BREAK_DURING_K1,2020-04-13 11:30:00+00:00
LONDON,LONG,external,2020-04-21 08:00:00+00:00,2020-04-21 13:30:00+00:00,173.36,167.92,2020-04-21 14:30:00+00:00,True,2020-04-21 14:35:00+00:00,2020-04-21 14:40:00+00:00,NO_H2,
LONDON,LONG,external,2020-04-22 08:00:00+00:00,2020-04-22 13:30:00+00:00,179.58,174.12,2020-04-22 13:30:00+00:00,False,,,BREAK_DURING_K1,2020-04-22 13:35:00+00:00
ALT_0330,LONG,external,2020-04-23 03:30:00+00:00,2020-04-23 09:00:00+00:00,184.14,178.0,2020-04-23 11:45:00+00:00,True,2020-04-23 11:50:00+00:00,2020-04-23 11:55:00+00:00,H2,2020-04-23 12:00:00+00:00
RAW_0530,LONG,external,2020-04-23 05:30:00+00:00,2020-04-23 11:00:00+00:00,183.45,178.0,2020-04-23 11:40:00+00:00,False,,,BREAK_DURING_K1,2020-04-23 11:45:00+00:00
RAW_2330,LONG,external,2020-04-23 23:30:00+00:00,2020-04-24 05:00:00+00:00,189.45,182.44,2020-04-24 07:55:00+00:00,True,2020-04-24 08:00:00+00:00,2020-04-24 08:05:00+00:00,H2,2020-04-24 09:20:00+00:00
ALT_0330,LONG,external,2020-04-24 03:30:00+00:00,2020-04-24 09:00:00+00:00,189.67,186.41,2020-04-24 09:25:00+00:00,True,2020-04-24 09:35:00+00:00,2020-04-24 09:40:00+00:00,OPPOSITE,2020-04-24 11:25:00+00:00
SHORT_2000,SHORT,external,2020-04-26 20:00:00+00:00,2020-04-27 01:30:00+00:00,199.0,194.09,2020-04-27 07:00:00+00:00,True,2020-04-27 07:10:00+00:00,2020-04-27 07:15:00+00:00,NO_H2,
SHORT_2000,SHORT,external,2020-04-27 20:00:00+00:00,2020-04-28 01:30:00+00:00,197.08,193.19,2020-04-28 02:05:00+00:00,False,,,BREAK_DURING_K1,2020-04-28 02:10:00+00:00
ALT_0330,LONG,external,2020-04-28 03:30:00+00:00,2020-04-28 09:00:00+00:00,195.72,192.28,2020-04-28 09:30:00+00:00,True,2020-04-28 09:35:00+00:00,2020-04-28 09:40:00+00:00,H2,2020-04-28 09:40:00+00:00
RAW_0530,LONG,external,2020-04-28 05:30:00+00:00,2020-04-28 11:00:00+00:00,197.25,193.53,2020-04-28 12:30:00+00:00,True,2020-04-28 12:35:00+00:00,2020-04-28 12:40:00+00:00,H2,2020-04-28 12:45:00+00:00
ALT_0330,LONG,external,2020-04-29 03:30:00+00:00,2020-04-29 09:00:00+00:00,207.4,197.55,2020-04-29 10:10:00+00:00,False,,,BREAK_DURING_K1,2020-04-29 10:20:00+00:00
RAW_0530,LONG,external,2020-04-29 05:30:00+00:00,2020-04-29 11:00:00+00:00,208.89,198.84,2020-04-29 11:05:00+00:00,True,2020-04-29 11:30:00+00:00,2020-04-29 11:35:00+00:00,H2,2020-04-29 12:30:00+00:00
ALT_0330,LONG,external,2020-05-04 03:30:00+00:00,2020-05-04 09:00:00+00:00,204.19,195.1,2020-05-04 13:45:00+00:00,False,,,BREAK_DURING_K1,2020-05-04 13:50:00+00:00
RAW_0530,LONG,external,2020-05-04 05:30:00+00:00,2020-05-04 11:00:00+00:00,202.5,195.33,2020-05-04 12:30:00+00:00,False,,,BREAK_DURING_K1,2020-05-04 12:35:00+00:00
RAW_2330,LONG,external,2020-05-05 23:30:00+00:00,2020-05-06 05:00:00+00:00,209.07,201.94,2020-05-06 08:00:00+00:00,True,2020-05-06 08:10:00+00:00,2020-05-06 08:15:00+00:00,H2,2020-05-06 10:20:00+00:00
ALT_0330,LONG,external,2020-05-06 03:30:00+00:00,2020-05-06 09:00:00+00:00,209.6,204.94,2020-05-06 10:30:00+00:00,True,2020-05-06 10:35:00+00:00,2020-05-06 10:40:00+00:00,H2,2020-05-06 11:00:00+00:00
ALT_0330,LONG,external,2020-05-07 03:30:00+00:00,2020-05-07 09:00:00+00:00,207.0,202.89,2020-05-07 12:40:00+00:00,False,,,BREAK_DURING_K1,2020-05-07 12:45:00+00:00
RAW_0530,LONG,external,2020-05-08 05:30:00+00:00,2020-05-08 11:00:00+00:00,212.05,207.01,2020-05-08 11:30:00+00:00,True,2020-05-08 11:35:00+00:00,2020-05-08 11:40:00+00:00,H2,2020-05-08 11:40:00+00:00
RAW_2330,LONG,external,2020-05-11 23:30:00+00:00,2020-05-12 05:00:00+00:00,189.34,184.01,2020-05-12 05:35:00+00:00,True,2020-05-12 05:40:00+00:00,2020-05-12 05:45:00+00:00,H2,2020-05-12 08:45:00+00:00
RAW_0530,LONG,external,2020-05-12 05:30:00+00:00,2020-05-12 11:00:00+00:00,190.96,186.66,2020-05-12 12:00:00+00:00,True,2020-05-12 12:05:00+00:00,2020-05-12 12:10:00+00:00,H2,2020-05-12 14:00:00+00:00
SHORT_2000,SHORT,external,2020-05-13 20:00:00+00:00,2020-05-14 01:30:00+00:00,200.95,196.63,2020-05-14 02:00:00+00:00,True,2020-05-14 02:05:00+00:00,2020-05-14 02:10:00+00:00,H2,2020-05-14 05:00:00+00:00
SHORT_2000,SHORT,external,2020-05-14 20:00:00+00:00,2020-05-15 01:30:00+00:00,205.14,201.84,2020-05-15 01:35:00+00:00,True,2020-05-15 01:45:00+00:00,2020-05-15 01:50:00+00:00,H2,2020-05-15 01:50:00+00:00
LONDON,LONG,external,2020-05-20 08:00:00+00:00,2020-05-20 13:30:00+00:00,214.49,212.63,2020-05-20 13:50:00+00:00,False,,,BREAK_DURING_K1,2020-05-20 13:55:00+00:00
SHORT_2000,SHORT,external,2020-05-20 20:00:00+00:00,2020-05-21 01:30:00+00:00,211.69,209.0,2020-05-21 03:55:00+00:00,True,2020-05-21 04:00:00+00:00,2020-05-21 04:05:00+00:00,H2,2020-05-21 04:35:00+00:00
RAW_2330,LONG,external,2020-05-21 23:30:00+00:00,2020-05-22 05:00:00+00:00,199.85,195.95,2020-05-22 06:10:00+00:00,True,2020-05-22 06:20:00+00:00,2020-05-22 06:25:00+00:00,H2,2020-05-22 06:45:00+00:00
RAW_0530,LONG,external,2020-05-22 05:30:00+00:00,2020-05-22 11:00:00+00:00,204.2,197.1,2020-05-22 12:20:00+00:00,True,2020-05-22 12:25:00+00:00,2020-05-22 12:30:00+00:00,H2,2020-05-22 15:15:00+00:00
LONDON,LONG,external,2020-05-22 08:00:00+00:00,2020-05-22 13:30:00+00:00,204.4,200.7,2020-05-22 15:20:00+00:00,False,,,BREAK_DURING_K1,2020-05-22 15:25:00+00:00
RAW_2330,LONG,external,2020-05-24 23:30:00+00:00,2020-05-25 05:00:00+00:00,204.56,197.72,2020-05-25 09:20:00+00:00,False,,,BREAK_DURING_K1,2020-05-25 09:25:00+00:00
ALT_0330,LONG,external,2020-05-25 03:30:00+00:00,2020-05-25 09:00:00+00:00,204.47,201.24,2020-05-25 09:20:00+00:00,False,,,BREAK_DURING_K1,2020-05-25 09:25:00+00:00
SHORT_2000,SHORT,external,2020-05-25 20:00:00+00:00,2020-05-26 01:30:00+00:00,205.08,202.53,2020-05-26 06:30:00+00:00,False,,,BREAK_DURING_K1,2020-05-26 06:40:00+00:00
RAW_2330,LONG,external,2020-05-26 23:30:00+00:00,2020-05-27 05:00:00+00:00,202.49,200.29,2020-05-27 05:45:00+00:00,False,,,BREAK_DURING_K1,2020-05-27 05:55:00+00:00
RAW_0530,LONG,external,2020-05-27 05:30:00+00:00,2020-05-27 11:00:00+00:00,207.16,202.01,2020-05-27 12:00:00+00:00,True,2020-05-27 12:05:00+00:00,2020-05-27 12:10:00+00:00,H2,2020-05-27 12:10:00+00:00
LONDON,LONG,external,2020-06-01 08:00:00+00:00,2020-06-01 13:30:00+00:00,240.7,234.72,2020-06-01 14:45:00+00:00,True,2020-06-01 14:50:00+00:00,2020-06-01 14:55:00+00:00,NO_H2,
RAW_2330,LONG,external,2020-06-01 23:30:00+00:00,2020-06-02 05:00:00+00:00,251.72,246.21,2020-06-02 10:35:00+00:00,False,,,BREAK_DURING_K1,2020-06-02 10:40:00+00:00
SHORT_2000,SHORT,external,2020-06-02 20:00:00+00:00,2020-06-03 01:30:00+00:00,239.46,234.6,2020-06-03 02:05:00+00:00,True,2020-06-03 02:10:00+00:00,2020-06-03 02:15:00+00:00,H2,2020-06-03 05:15:00+00:00
ALT_0330,LONG,external,2020-06-08 03:30:00+00:00,2020-06-08 09:00:00+00:00,244.89,242.5,2020-06-08 09:20:00+00:00,True,2020-06-08 09:25:00+00:00,2020-06-08 09:30:00+00:00,OPPOSITE,2020-06-08 14:00:00+00:00
RAW_2330,LONG,external,2020-06-09 23:30:00+00:00,2020-06-10 05:00:00+00:00,244.92,243.1,2020-06-10 05:45:00+00:00,True,2020-06-10 05:50:00+00:00,2020-06-10 05:55:00+00:00,OPPOSITE,2020-06-10 09:05:00+00:00
LONDON,LONG,external,2020-06-10 08:00:00+00:00,2020-06-10 13:30:00+00:00,243.96,242.5,2020-06-10 13:35:00+00:00,True,2020-06-10 13:40:00+00:00,2020-06-10 13:45:00+00:00,H2,2020-06-10 18:10:00+00:00
ALT_0330,LONG,external,2020-06-12 03:30:00+00:00,2020-06-12 09:00:00+00:00,237.71,232.63,2020-06-12 11:55:00+00:00,True,2020-06-12 12:05:00+00:00,2020-06-12 12:10:00+00:00,H2,2020-06-12 13:40:00+00:00
RAW_0530,LONG,external,2020-06-12 05:30:00+00:00,2020-06-12 11:00:00+00:00,237.71,233.35,2020-06-12 11:55:00+00:00,True,2020-06-12 12:05:00+00:00,2020-06-12 12:10:00+00:00,H2,2020-06-12 13:40:00+00:00
LONDON,LONG,external,2020-06-12 08:00:00+00:00,2020-06-12 13:30:00+00:00,237.89,235.42,2020-06-12 13:40:00+00:00,True,2020-06-12 13:50:00+00:00,2020-06-12 13:55:00+00:00,H2,2020-06-12 13:55:00+00:00
RAW_0530,LONG,external,2020-06-15 05:30:00+00:00,2020-06-15 11:00:00+00:00,225.7,218.02,2020-06-15 15:10:00+00:00,False,,,BREAK_DURING_K1,2020-06-15 15:20:00+00:00
SHORT_2000,SHORT,external,2020-06-15 20:00:00+00:00,2020-06-16 01:30:00+00:00,233.36,229.0,2020-06-16 02:20:00+00:00,True,2020-06-16 02:25:00+00:00,2020-06-16 02:30:00+00:00,OPPOSITE,2020-06-16 03:45:00+00:00
ALT_0330,LONG,external,2020-06-18 03:30:00+00:00,2020-06-18 09:00:00+00:00,234.0,232.5,2020-06-18 09:50:00+00:00,True,2020-06-18 09:55:00+00:00,2020-06-18 10:00:00+00:00,OPPOSITE,2020-06-18 13:15:00+00:00
ALT_0330,LONG,external,2020-06-19 03:30:00+00:00,2020-06-19 09:00:00+00:00,229.48,226.71,2020-06-19 09:00:00+00:00,True,2020-06-19 09:10:00+00:00,2020-06-19 09:15:00+00:00,H2,2020-06-19 09:15:00+00:00
RAW_0530,LONG,external,2020-06-19 05:30:00+00:00,2020-06-19 11:00:00+00:00,231.51,227.45,2020-06-19 12:20:00+00:00,False,,,BREAK_DURING_K1,2020-06-19 12:25:00+00:00
RAW_2330,LONG,external,2020-06-21 23:30:00+00:00,2020-06-22 05:00:00+00:00,235.46,227.5,2020-06-22 05:00:00+00:00,False,,,BREAK_DURING_K1,2020-06-22 05:05:00+00:00
ALT_0330,LONG,external,2020-06-22 03:30:00+00:00,2020-06-22 09:00:00+00:00,235.89,233.65,2020-06-22 09:00:00+00:00,True,2020-06-22 09:05:00+00:00,2020-06-22 09:10:00+00:00,H2,2020-06-22 11:45:00+00:00
SHORT_2000,SHORT,external,2020-06-22 20:00:00+00:00,2020-06-23 01:30:00+00:00,247.0,241.3,2020-06-23 01:35:00+00:00,False,,,BREAK_DURING_K1,2020-06-23 01:40:00+00:00
RAW_0530,LONG,external,2020-06-23 05:30:00+00:00,2020-06-23 11:00:00+00:00,244.56,241.26,2020-06-23 15:55:00+00:00,True,2020-06-23 16:05:00+00:00,2020-06-23 16:10:00+00:00,NO_H2,
LONDON,LONG,external,2020-06-23 08:00:00+00:00,2020-06-23 13:30:00+00:00,244.2,241.41,2020-06-23 15:35:00+00:00,True,2020-06-23 15:45:00+00:00,2020-06-23 15:50:00+00:00,H2,2020-06-23 15:55:00+00:00
SHORT_2000,SHORT,external,2020-06-25 20:00:00+00:00,2020-06-26 01:30:00+00:00,234.82,230.77,2020-06-26 06:00:00+00:00,True,2020-06-26 06:05:00+00:00,2020-06-26 06:10:00+00:00,H2,2020-06-26 07:00:00+00:00
LONDON,LONG,external,2020-06-29 08:00:00+00:00,2020-06-29 13:30:00+00:00,225.3,221.11,2020-06-29 17:25:00+00:00,False,,,BREAK_DURING_K1,2020-06-29 17:30:00+00:00
SHORT_2000,SHORT,external,2020-06-29 20:00:00+00:00,2020-06-30 01:30:00+00:00,230.13,226.03,2020-06-30 05:20:00+00:00,True,2020-06-30 05:25:00+00:00,2020-06-30 05:30:00+00:00,H2,2020-06-30 05:35:00+00:00
ALT_0330,LONG,external,2020-06-30 03:30:00+00:00,2020-06-30 09:00:00+00:00,227.67,225.76,2020-06-30 09:45:00+00:00,True,2020-06-30 09:50:00+00:00,2020-06-30 09:55:00+00:00,H2,2020-06-30 11:40:00+00:00
RAW_0530,LONG,external,2020-06-30 05:30:00+00:00,2020-06-30 11:00:00+00:00,227.71,225.87,2020-06-30 11:40:00+00:00,True,2020-06-30 12:00:00+00:00,2020-06-30 12:05:00+00:00,OPPOSITE,2020-06-30 12:30:00+00:00
RAW_2330,LONG,external,2020-06-30 23:30:00+00:00,2020-07-01 05:00:00+00:00,226.0,224.01,2020-07-01 05:30:00+00:00,True,2020-07-01 05:45:00+00:00,2020-07-01 05:50:00+00:00,H2,2020-07-01 07:15:00+00:00
ALT_0330,LONG,external,2020-07-01 03:30:00+00:00,2020-07-01 09:00:00+00:00,229.13,224.27,2020-07-01 13:40:00+00:00,True,2020-07-01 13:45:00+00:00,2020-07-01 13:50:00+00:00,H2,2020-07-01 14:30:00+00:00
RAW_0530,LONG,external,2020-07-01 05:30:00+00:00,2020-07-01 11:00:00+00:00,229.13,224.73,2020-07-01 13:40:00+00:00,True,2020-07-01 13:45:00+00:00,2020-07-01 13:50:00+00:00,H2,2020-07-01 14:30:00+00:00
LONDON,LONG,external,2020-07-01 08:00:00+00:00,2020-07-01 13:30:00+00:00,229.13,225.49,2020-07-01 13:40:00+00:00,True,2020-07-01 13:45:00+00:00,2020-07-01 13:50:00+00:00,H2,2020-07-01 14:30:00+00:00
RAW_2330,LONG,external,2020-07-02 23:30:00+00:00,2020-07-03 05:00:00+00:00,228.13,225.33,2020-07-03 08:05:00+00:00,True,2020-07-03 08:10:00+00:00,2020-07-03 08:15:00+00:00,NO_H2,
RAW_0530,LONG,external,2020-07-08 05:30:00+00:00,2020-07-08 11:00:00+00:00,244.57,238.3,2020-07-08 11:00:00+00:00,True,2020-07-08 11:05:00+00:00,2020-07-08 11:10:00+00:00,H2,2020-07-08 12:00:00+00:00
LONDON,LONG,external,2020-07-08 08:00:00+00:00,2020-07-08 13:30:00+00:00,244.78,240.13,2020-07-08 13:45:00+00:00,False,,,BREAK_DURING_K1,2020-07-08 13:50:00+00:00
SHORT_2000,SHORT,external,2020-07-08 20:00:00+00:00,2020-07-09 01:30:00+00:00,249.0,244.82,2020-07-09 01:50:00+00:00,False,,,BREAK_DURING_K1,2020-07-09 01:55:00+00:00
ALT_0330,LONG,external,2020-07-09 03:30:00+00:00,2020-07-09 09:00:00+00:00,247.85,244.0,2020-07-09 12:55:00+00:00,True,2020-07-09 13:00:00+00:00,2020-07-09 13:05:00+00:00,OPPOSITE,2020-07-09 14:50:00+00:00
RAW_0530,LONG,external,2020-07-10 05:30:00+00:00,2020-07-10 11:00:00+00:00,240.45,236.5,2020-07-10 15:15:00+00:00,False,,,BREAK_DURING_K1,2020-07-10 15:20:00+00:00
LONDON,LONG,external,2020-07-10 08:00:00+00:00,2020-07-10 13:30:00+00:00,240.45,237.89,2020-07-10 15:15:00+00:00,False,,,BREAK_DURING_K1,2020-07-10 15:20:00+00:00
ALT_0330,LONG,external,2020-07-13 03:30:00+00:00,2020-07-13 09:00:00+00:00,245.03,241.4,2020-07-13 11:50:00+00:00,True,2020-07-13 11:55:00+00:00,2020-07-13 12:00:00+00:00,H2,2020-07-13 12:00:00+00:00
RAW_0530,LONG,external,2020-07-13 05:30:00+00:00,2020-07-13 11:00:00+00:00,245.03,241.67,2020-07-13 11:50:00+00:00,True,2020-07-13 11:55:00+00:00,2020-07-13 12:00:00+00:00,H2,2020-07-13 12:00:00+00:00
RAW_2330,LONG,external,2020-07-13 23:30:00+00:00,2020-07-14 05:00:00+00:00,240.37,236.74,2020-07-14 11:25:00+00:00,False,,,NO_LEAVE,
RAW_0530,LONG,external,2020-07-14 05:30:00+00:00,2020-07-14 11:00:00+00:00,239.22,237.85,2020-07-14 11:15:00+00:00,False,,,BREAK_DURING_K1,2020-07-14 11:25:00+00:00
LONDON,LONG,external,2020-07-14 08:00:00+00:00,2020-07-14 13:30:00+00:00,241.55,237.73,2020-07-14 17:45:00+00:00,True,2020-07-14 17:50:00+00:00,2020-07-14 17:55:00+00:00,H2,2020-07-14 19:50:00+00:00
SHORT_2000,SHORT,external,2020-07-14 20:00:00+00:00,2020-07-15 01:30:00+00:00,242.24,239.94,2020-07-15 01:30:00+00:00,True,2020-07-15 01:35:00+00:00,2020-07-15 01:40:00+00:00,H2,2020-07-15 02:15:00+00:00
LONDON,LONG,external,2020-07-16 08:00:00+00:00,2020-07-16 13:30:00+00:00,233.29,230.17,2020-07-16 15:20:00+00:00,True,2020-07-16 15:35:00+00:00,2020-07-16 15:40:00+00:00,H2,2020-07-16 16:05:00+00:00
ALT_0330,LONG,external,2020-07-20 03:30:00+00:00,2020-07-20 09:00:00+00:00,239.38,238.27,2020-07-20 09:05:00+00:00,True,2020-07-20 09:10:00+00:00,2020-07-20 09:15:00+00:00,OPPOSITE,2020-07-20 10:45:00+00:00
ALT_0330,LONG,external,2020-07-22 03:30:00+00:00,2020-07-22 09:00:00+00:00,244.65,241.52,2020-07-22 14:55:00+00:00,False,,,BREAK_DURING_K1,2020-07-22 15:00:00+00:00
RAW_0530,LONG,external,2020-07-22 05:30:00+00:00,2020-07-22 11:00:00+00:00,244.62,241.52,2020-07-22 14:55:00+00:00,False,,,BREAK_DURING_K1,2020-07-22 15:00:00+00:00
ALT_0330,LONG,external,2020-07-23 03:30:00+00:00,2020-07-23 09:00:00+00:00,264.93,259.86,2020-07-23 09:00:00+00:00,True,2020-07-23 09:05:00+00:00,2020-07-23 09:10:00+00:00,H2,2020-07-23 12:00:00+00:00
SHORT_2000,SHORT,external,2020-07-23 20:00:00+00:00,2020-07-24 01:30:00+00:00,276.36,271.66,2020-07-24 04:50:00+00:00,False,,,BREAK_DURING_K1,2020-07-24 04:55:00+00:00
SHORT_2000,SHORT,external,2020-07-27 20:00:00+00:00,2020-07-28 01:30:00+00:00,335.0,315.85,2020-07-28 07:50:00+00:00,False,,,NO_LEAVE,
RAW_0530,LONG,external,2020-07-28 05:30:00+00:00,2020-07-28 11:00:00+00:00,319.59,306.02,2020-07-28 14:25:00+00:00,False,,,BREAK_DURING_K1,2020-07-28 14:35:00+00:00
RAW_2330,LONG,external,2020-07-28 23:30:00+00:00,2020-07-29 05:00:00+00:00,319.44,313.0,2020-07-29 05:30:00+00:00,True,2020-07-29 05:35:00+00:00,2020-07-29 05:40:00+00:00,H2,2020-07-29 05:40:00+00:00
RAW_0530,LONG,external,2020-07-31 05:30:00+00:00,2020-07-31 11:00:00+00:00,344.55,332.1,2020-07-31 11:10:00+00:00,True,2020-07-31 11:15:00+00:00,2020-07-31 11:20:00+00:00,H2,2020-07-31 11:45:00+00:00
LONDON,LONG,external,2020-07-31 08:00:00+00:00,2020-07-31 13:30:00+00:00,347.15,336.5,2020-07-31 14:50:00+00:00,False,,,BREAK_DURING_K1,2020-07-31 14:55:00+00:00
RAW_2330,LONG,external,2020-08-04 23:30:00+00:00,2020-08-05 05:00:00+00:00,392.56,384.31,2020-08-05 06:00:00+00:00,False,,,BREAK_DURING_K1,2020-08-05 06:05:00+00:00
ALT_0330,LONG,external,2020-08-05 03:30:00+00:00,2020-08-05 09:00:00+00:00,394.5,387.57,2020-08-05 09:55:00+00:00,True,2020-08-05 10:00:00+00:00,2020-08-05 10:05:00+00:00,H2,2020-08-05 11:05:00+00:00
LONDON,LONG,external,2020-08-05 08:00:00+00:00,2020-08-05 13:30:00+00:00,402.11,389.5,2020-08-05 16:20:00+00:00,True,2020-08-05 16:25:00+00:00,2020-08-05 16:30:00+00:00,NO_H2,
ALT_0330,LONG,external,2020-08-07 03:30:00+00:00,2020-08-07 09:00:00+00:00,397.99,392.58,2020-08-07 09:20:00+00:00,True,2020-08-07 09:25:00+00:00,2020-08-07 09:30:00+00:00,OPPOSITE,2020-08-07 14:05:00+00:00
SHORT_2000,SHORT,external,2020-08-11 20:00:00+00:00,2020-08-12 01:30:00+00:00,382.0,367.0,2020-08-12 06:00:00+00:00,True,2020-08-12 06:05:00+00:00,2020-08-12 06:10:00+00:00,NO_H2,
RAW_0530,LONG,external,2020-08-12 05:30:00+00:00,2020-08-12 11:00:00+00:00,385.0,366.05,2020-08-12 11:20:00+00:00,True,2020-08-12 11:25:00+00:00,2020-08-12 11:30:00+00:00,H2,2020-08-12 13:45:00+00:00
RAW_0530,LONG,external,2020-08-13 05:30:00+00:00,2020-08-13 11:00:00+00:00,393.45,376.77,2020-08-13 11:00:00+00:00,False,,,BREAK_DURING_K1,2020-08-13 11:05:00+00:00
RAW_0530,LONG,external,2020-08-14 05:30:00+00:00,2020-08-14 11:00:00+00:00,428.83,419.18,2020-08-14 11:50:00+00:00,False,,,BREAK_DURING_K1,2020-08-14 11:55:00+00:00
ALT_0330,LONG,external,2020-08-17 03:30:00+00:00,2020-08-17 09:00:00+00:00,430.78,421.01,2020-08-17 12:30:00+00:00,True,2020-08-17 12:35:00+00:00,2020-08-17 12:40:00+00:00,H2,2020-08-17 12:45:00+00:00
RAW_0530,LONG,external,2020-08-17 05:30:00+00:00,2020-08-17 11:00:00+00:00,430.78,421.01,2020-08-17 12:30:00+00:00,True,2020-08-17 12:35:00+00:00,2020-08-17 12:40:00+00:00,H2,2020-08-17 12:45:00+00:00
LONDON,LONG,external,2020-08-17 08:00:00+00:00,2020-08-17 13:30:00+00:00,433.22,422.6,2020-08-17 14:00:00+00:00,True,2020-08-17 14:05:00+00:00,2020-08-17 14:10:00+00:00,H2,2020-08-17 15:45:00+00:00
SHORT_2000,SHORT,external,2020-08-17 20:00:00+00:00,2020-08-18 01:30:00+00:00,440.46,428.01,2020-08-18 04:15:00+00:00,True,2020-08-18 04:20:00+00:00,2020-08-18 04:25:00+00:00,H2,2020-08-18 04:55:00+00:00
ALT_0330,LONG,external,2020-08-18 03:30:00+00:00,2020-08-18 09:00:00+00:00,431.8,426.23,2020-08-18 10:45:00+00:00,False,,,BREAK_DURING_K1,2020-08-18 10:50:00+00:00
RAW_0530,LONG,external,2020-08-18 05:30:00+00:00,2020-08-18 11:00:00+00:00,432.33,426.84,2020-08-18 11:10:00+00:00,True,2020-08-18 11:20:00+00:00,2020-08-18 11:25:00+00:00,OPPOSITE,2020-08-18 13:40:00+00:00
LONDON,LONG,external,2020-08-20 08:00:00+00:00,2020-08-20 13:30:00+00:00,412.23,403.5,2020-08-20 13:35:00+00:00,True,2020-08-20 13:40:00+00:00,2020-08-20 13:45:00+00:00,H2,2020-08-20 13:55:00+00:00
SHORT_2000,SHORT,external,2020-08-24 20:00:00+00:00,2020-08-25 01:30:00+00:00,410.7,401.2,2020-08-25 02:50:00+00:00,True,2020-08-25 03:05:00+00:00,2020-08-25 03:10:00+00:00,H2,2020-08-25 03:25:00+00:00
SHORT_2000,SHORT,external,2020-08-26 20:00:00+00:00,2020-08-27 01:30:00+00:00,390.67,385.35,2020-08-27 01:55:00+00:00,False,,,BREAK_DURING_K1,2020-08-27 02:05:00+00:00
ALT_0330,LONG,external,2020-08-27 03:30:00+00:00,2020-08-27 09:00:00+00:00,387.0,380.62,2020-08-27 09:35:00+00:00,False,,,BREAK_DURING_K1,2020-08-27 09:50:00+00:00
RAW_0530,LONG,external,2020-08-27 05:30:00+00:00,2020-08-27 11:00:00+00:00,388.3,380.62,2020-08-27 13:05:00+00:00,False,,,BREAK_DURING_K1,2020-08-27 13:10:00+00:00
LONDON,LONG,external,2020-08-27 08:00:00+00:00,2020-08-27 13:30:00+00:00,395.49,381.02,2020-08-27 13:30:00+00:00,True,2020-08-27 13:35:00+00:00,2020-08-27 13:40:00+00:00,OPPOSITE,2020-08-27 16:55:00+00:00
RAW_2330,LONG,external,2020-08-27 23:30:00+00:00,2020-08-28 05:00:00+00:00,388.8,379.94,2020-08-28 05:00:00+00:00,True,2020-08-28 05:05:00+00:00,2020-08-28 05:10:00+00:00,H2,2020-08-28 05:55:00+00:00
RAW_0530,LONG,external,2020-08-28 05:30:00+00:00,2020-08-28 11:00:00+00:00,392.6,386.04,2020-08-28 11:35:00+00:00,False,,,BREAK_DURING_K1,2020-08-28 11:40:00+00:00
SHORT_2000,SHORT,external,2020-08-30 20:00:00+00:00,2020-08-31 01:30:00+00:00,430.86,420.6,2020-08-31 06:05:00+00:00,True,2020-08-31 06:10:00+00:00,2020-08-31 06:15:00+00:00,H2,2020-08-31 07:35:00+00:00
ALT_0330,LONG,external,2020-09-04 03:30:00+00:00,2020-09-04 09:00:00+00:00,398.4,375.2,2020-09-04 09:40:00+00:00,False,,,BREAK_DURING_K1,2020-09-04 09:50:00+00:00
SHORT_2000,SHORT,external,2020-09-06 20:00:00+00:00,2020-09-07 01:30:00+00:00,360.0,347.89,2020-09-07 03:00:00+00:00,True,2020-09-07 03:05:00+00:00,2020-09-07 03:10:00+00:00,H2,2020-09-07 03:15:00+00:00
RAW_0530,LONG,external,2020-09-09 05:30:00+00:00,2020-09-09 11:00:00+00:00,347.61,334.3,2020-09-09 11:00:00+00:00,False,,,BREAK_DURING_K1,2020-09-09 11:10:00+00:00
RAW_0530,LONG,external,2020-09-10 05:30:00+00:00,2020-09-10 11:00:00+00:00,373.2,361.07,2020-09-10 12:50:00+00:00,True,2020-09-10 13:10:00+00:00,2020-09-10 13:15:00+00:00,H2,2020-09-10 13:35:00+00:00
SHORT_2000,SHORT,external,2020-09-10 20:00:00+00:00,2020-09-11 01:30:00+00:00,371.8,362.5,2020-09-11 02:50:00+00:00,True,2020-09-11 03:05:00+00:00,2020-09-11 03:10:00+00:00,H2,2020-09-11 03:10:00+00:00
LONDON,LONG,external,2020-09-14 08:00:00+00:00,2020-09-14 13:30:00+00:00,375.95,361.42,2020-09-14 13:30:00+00:00,True,2020-09-14 13:35:00+00:00,2020-09-14 13:40:00+00:00,H2,2020-09-14 14:00:00+00:00
RAW_0530,LONG,external,2020-09-15 05:30:00+00:00,2020-09-15 11:00:00+00:00,379.25,367.5,2020-09-15 11:15:00+00:00,True,2020-09-15 11:20:00+00:00,2020-09-15 11:25:00+00:00,OPPOSITE,2020-09-15 14:45:00+00:00
RAW_2330,LONG,external,2020-09-15 23:30:00+00:00,2020-09-16 05:00:00+00:00,364.76,354.75,2020-09-16 06:50:00+00:00,True,2020-09-16 07:00:00+00:00,2020-09-16 07:05:00+00:00,H2,2020-09-16 07:50:00+00:00
ALT_0330,LONG,external,2020-09-16 03:30:00+00:00,2020-09-16 09:00:00+00:00,366.37,358.63,2020-09-16 12:00:00+00:00,True,2020-09-16 12:05:00+00:00,2020-09-16 12:10:00+00:00,H2,2020-09-16 12:25:00+00:00
RAW_0530,LONG,external,2020-09-16 05:30:00+00:00,2020-09-16 11:00:00+00:00,366.37,360.64,2020-09-16 12:00:00+00:00,True,2020-09-16 12:05:00+00:00,2020-09-16 12:10:00+00:00,H2,2020-09-16 12:25:00+00:00
LONDON,LONG,external,2020-09-16 08:00:00+00:00,2020-09-16 13:30:00+00:00,370.6,360.75,2020-09-16 15:35:00+00:00,True,2020-09-16 15:40:00+00:00,2020-09-16 15:45:00+00:00,H2,2020-09-16 16:00:00+00:00
RAW_0530,LONG,external,2020-09-17 05:30:00+00:00,2020-09-17 11:00:00+00:00,382.85,374.15,2020-09-17 11:35:00+00:00,True,2020-09-17 11:40:00+00:00,2020-09-17 11:45:00+00:00,H2,2020-09-17 11:45:00+00:00
LONDON,LONG,external,2020-09-17 08:00:00+00:00,2020-09-17 13:30:00+00:00,384.34,374.15,2020-09-17 18:05:00+00:00,False,,,BREAK_DURING_K1,2020-09-17 18:10:00+00:00
ALT_0330,LONG,external,2020-09-18 03:30:00+00:00,2020-09-18 09:00:00+00:00,388.89,381.69,2020-09-18 09:40:00+00:00,True,2020-09-18 09:50:00+00:00,2020-09-18 09:55:00+00:00,OPPOSITE,2020-09-18 15:25:00+00:00
SHORT_2000,SHORT,external,2020-09-22 20:00:00+00:00,2020-09-23 01:30:00+00:00,346.75,340.2,2020-09-23 04:15:00+00:00,False,,,BREAK_DURING_K1,2020-09-23 04:20:00+00:00
ALT_0330,LONG,external,2020-09-23 03:30:00+00:00,2020-09-23 09:00:00+00:00,342.3,332.6,2020-09-23 13:30:00+00:00,False,,,BREAK_DURING_K1,2020-09-23 13:35:00+00:00
RAW_0530,LONG,external,2020-09-23 05:30:00+00:00,2020-09-23 11:00:00+00:00,341.64,332.6,2020-09-23 12:35:00+00:00,True,2020-09-23 12:45:00+00:00,2020-09-23 12:50:00+00:00,H2,2020-09-23 13:15:00+00:00
ALT_0330,LONG,external,2020-09-24 03:30:00+00:00,2020-09-24 09:00:00+00:00,328.9,323.4,2020-09-24 09:55:00+00:00,True,2020-09-24 10:05:00+00:00,2020-09-24 10:10:00+00:00,H2,2020-09-24 10:10:00+00:00
SHORT_2000,SHORT,external,2020-09-24 20:00:00+00:00,2020-09-25 01:30:00+00:00,353.09,344.57,2020-09-25 03:55:00+00:00,True,2020-09-25 04:10:00+00:00,2020-09-25 04:15:00+00:00,H2,2020-09-25 04:15:00+00:00
ALT_0330,LONG,external,2020-09-25 03:30:00+00:00,2020-09-25 09:00:00+00:00,348.1,337.5,2020-09-25 12:15:00+00:00,True,2020-09-25 12:20:00+00:00,2020-09-25 12:25:00+00:00,NO_H2,
RAW_0530,LONG,external,2020-09-25 05:30:00+00:00,2020-09-25 11:00:00+00:00,344.79,337.5,2020-09-25 11:35:00+00:00,True,2020-09-25 11:40:00+00:00,2020-09-25 11:45:00+00:00,H2,2020-09-25 12:00:00+00:00
LONDON,LONG,external,2020-09-25 08:00:00+00:00,2020-09-25 13:30:00+00:00,348.67,337.5,2020-09-25 16:10:00+00:00,True,2020-09-25 16:15:00+00:00,2020-09-25 16:20:00+00:00,H2,2020-09-25 17:40:00+00:00
LONDON,LONG,external,2020-09-28 08:00:00+00:00,2020-09-28 13:30:00+00:00,367.65,355.88,2020-09-28 17:30:00+00:00,True,2020-09-28 17:35:00+00:00,2020-09-28 17:40:00+00:00,NO_H2,
SHORT_2000,SHORT,external,2020-09-28 20:00:00+00:00,2020-09-29 01:30:00+00:00,363.81,351.27,2020-09-29 05:55:00+00:00,True,2020-09-29 06:10:00+00:00,2020-09-29 06:15:00+00:00,NO_H2,
ALT_0330,LONG,external,2020-09-29 03:30:00+00:00,2020-09-29 09:00:00+00:00,356.0,350.07,2020-09-29 09:05:00+00:00,True,2020-09-29 09:20:00+00:00,2020-09-29 09:25:00+00:00,H2,2020-09-29 10:10:00+00:00
LONDON,LONG,external,2020-09-29 08:00:00+00:00,2020-09-29 13:30:00+00:00,358.98,353.9,2020-09-29 14:10:00+00:00,True,2020-09-29 14:15:00+00:00,2020-09-29 14:20:00+00:00,H2,2020-09-29 14:20:00+00:00
LONDON,LONG,external,2020-09-30 08:00:00+00:00,2020-09-30 13:30:00+00:00,356.1,351.02,2020-09-30 13:30:00+00:00,True,2020-09-30 13:35:00+00:00,2020-09-30 13:40:00+00:00,H2,2020-09-30 14:00:00+00:00
RAW_2330,LONG,external,2020-09-30 23:30:00+00:00,2020-10-01 05:00:00+00:00,364.23,358.56,2020-10-01 08:00:00+00:00,False,,,BREAK_DURING_K1,2020-10-01 08:05:00+00:00
RAW_0530,LONG,external,2020-10-02 05:30:00+00:00,2020-10-02 11:00:00+00:00,344.67,334.01,2020-10-02 14:55:00+00:00,True,2020-10-02 15:10:00+00:00,2020-10-02 15:15:00+00:00,H2,2020-10-02 15:20:00+00:00
LONDON,LONG,external,2020-10-02 08:00:00+00:00,2020-10-02 13:30:00+00:00,343.4,334.01,2020-10-02 13:45:00+00:00,True,2020-10-02 13:50:00+00:00,2020-10-02 13:55:00+00:00,H2,2020-10-02 14:05:00+00:00
SHORT_2000,SHORT,external,2020-10-04 20:00:00+00:00,2020-10-05 01:30:00+00:00,356.51,350.84,2020-10-05 04:10:00+00:00,True,2020-10-05 04:15:00+00:00,2020-10-05 04:20:00+00:00,H2,2020-10-05 04:45:00+00:00
ALT_0330,LONG,external,2020-10-05 03:30:00+00:00,2020-10-05 09:00:00+00:00,352.54,348.2,2020-10-05 12:55:00+00:00,True,2020-10-05 13:05:00+00:00,2020-10-05 13:10:00+00:00,H2,2020-10-05 13:30:00+00:00
RAW_0530,LONG,external,2020-10-05 05:30:00+00:00,2020-10-05 11:00:00+00:00,352.32,348.2,2020-10-05 11:05:00+00:00,True,2020-10-05 11:10:00+00:00,2020-10-05 11:15:00+00:00,H2,2020-10-05 12:55:00+00:00
LONDON,LONG,external,2020-10-05 08:00:00+00:00,2020-10-05 13:30:00+00:00,354.2,349.5,2020-10-05 14:00:00+00:00,True,2020-10-05 14:05:00+00:00,2020-10-05 14:10:00+00:00,NO_H2,
SHORT_2000,SHORT,external,2020-10-05 20:00:00+00:00,2020-10-06 01:30:00+00:00,354.95,350.8,2020-10-06 07:45:00+00:00,True,2020-10-06 07:50:00+00:00,2020-10-06 07:55:00+00:00,H2,2020-10-06 07:55:00+00:00
RAW_2330,LONG,external,2020-10-06 23:30:00+00:00,2020-10-07 05:00:00+00:00,340.89,332.22,2020-10-07 06:20:00+00:00,True,2020-10-07 06:25:00+00:00,2020-10-07 06:30:00+00:00,H2,2020-10-07 06:55:00+00:00
ALT_0330,LONG,external,2020-10-07 03:30:00+00:00,2020-10-07 09:00:00+00:00,342.21,335.72,2020-10-07 13:00:00+00:00,True,2020-10-07 13:05:00+00:00,2020-10-07 13:10:00+00:00,H2,2020-10-07 15:20:00+00:00
RAW_0530,LONG,external,2020-10-07 05:30:00+00:00,2020-10-07 11:00:00+00:00,342.21,336.52,2020-10-07 13:00:00+00:00,True,2020-10-07 13:05:00+00:00,2020-10-07 13:10:00+00:00,H2,2020-10-07 15:20:00+00:00
LONDON,LONG,external,2020-10-07 08:00:00+00:00,2020-10-07 13:30:00+00:00,342.3,336.52,2020-10-07 15:20:00+00:00,True,2020-10-07 15:25:00+00:00,2020-10-07 15:30:00+00:00,H2,2020-10-07 15:30:00+00:00
SHORT_2000,SHORT,external,2020-10-07 20:00:00+00:00,2020-10-08 01:30:00+00:00,342.33,338.6,2020-10-08 01:30:00+00:00,True,2020-10-08 01:45:00+00:00,2020-10-08 01:50:00+00:00,H2,2020-10-08 02:15:00+00:00
SHORT_2000,SHORT,external,2020-10-08 20:00:00+00:00,2020-10-09 01:30:00+00:00,353.43,348.23,2020-10-09 06:00:00+00:00,False,,,BREAK_DURING_K1,2020-10-09 06:05:00+00:00
SHORT_2000,SHORT,external,2020-10-12 20:00:00+00:00,2020-10-13 01:30:00+00:00,395.43,383.11,2020-10-13 02:25:00+00:00,True,2020-10-13 02:35:00+00:00,2020-10-13 02:40:00+00:00,H2,2020-10-13 03:00:00+00:00
RAW_0530,LONG,external,2020-10-14 05:30:00+00:00,2020-10-14 11:00:00+00:00,383.4,377.63,2020-10-14 13:35:00+00:00,False,,,BREAK_DURING_K1,2020-10-14 13:40:00+00:00
RAW_2330,LONG,external,2020-10-14 23:30:00+00:00,2020-10-15 05:00:00+00:00,379.7,375.36,2020-10-15 05:50:00+00:00,True,2020-10-15 05:55:00+00:00,2020-10-15 06:00:00+00:00,H2,2020-10-15 06:35:00+00:00
RAW_0530,LONG,external,2020-10-16 05:30:00+00:00,2020-10-16 11:00:00+00:00,371.1,360.53,2020-10-16 11:50:00+00:00,True,2020-10-16 11:55:00+00:00,2020-10-16 12:00:00+00:00,NO_H2,
SHORT_2000,SHORT,external,2020-10-18 20:00:00+00:00,2020-10-19 01:30:00+00:00,379.99,373.12,2020-10-19 03:55:00+00:00,True,2020-10-19 04:05:00+00:00,2020-10-19 04:10:00+00:00,NO_H2,
RAW_2330,LONG,external,2020-10-20 23:30:00+00:00,2020-10-21 05:00:00+00:00,382.0,367.45,2020-10-21 05:00:00+00:00,True,2020-10-21 05:05:00+00:00,2020-10-21 05:10:00+00:00,H2,2020-10-21 06:25:00+00:00
RAW_0530,LONG,external,2020-10-21 05:30:00+00:00,2020-10-21 11:00:00+00:00,382.76,376.2,2020-10-21 12:55:00+00:00,True,2020-10-21 13:00:00+00:00,2020-10-21 13:05:00+00:00,H2,2020-10-21 13:10:00+00:00
RAW_0530,LONG,external,2020-10-27 05:30:00+00:00,2020-10-27 11:00:00+00:00,397.0,390.0,2020-10-27 11:00:00+00:00,True,2020-10-27 11:10:00+00:00,2020-10-27 11:15:00+00:00,H2,2020-10-27 11:15:00+00:00
SHORT_2000,SHORT,external,2020-10-29 20:00:00+00:00,2020-10-30 01:30:00+00:00,392.1,383.06,2020-10-30 05:20:00+00:00,False,,,BREAK_DURING_K1,2020-10-30 05:35:00+00:00
LONDON,LONG,external,2020-10-30 08:00:00+00:00,2020-10-30 13:30:00+00:00,384.0,373.03,2020-10-30 18:20:00+00:00,True,2020-10-30 18:25:00+00:00,2020-10-30 18:30:00+00:00,H2,2020-10-30 19:00:00+00:00
SHORT_2000,SHORT,external,2020-11-02 20:00:00+00:00,2020-11-03 01:30:00+00:00,388.77,381.1,2020-11-03 02:40:00+00:00,False,,,BREAK_DURING_K1,2020-11-03 02:45:00+00:00
RAW_0530,LONG,external,2020-11-04 05:30:00+00:00,2020-11-04 11:00:00+00:00,385.55,375.71,2020-11-04 16:00:00+00:00,False,,,BREAK_DURING_K1,2020-11-04 16:05:00+00:00
LONDON,LONG,external,2020-11-04 08:00:00+00:00,2020-11-04 13:30:00+00:00,384.29,376.65,2020-11-04 13:40:00+00:00,True,2020-11-04 13:50:00+00:00,2020-11-04 13:55:00+00:00,H2,2020-11-04 16:00:00+00:00
RAW_0530,LONG,external,2020-11-05 05:30:00+00:00,2020-11-05 11:00:00+00:00,411.49,395.89,2020-11-05 13:40:00+00:00,True,2020-11-05 13:45:00+00:00,2020-11-05 13:50:00+00:00,H2,2020-11-05 14:10:00+00:00
LONDON,LONG,external,2020-11-05 08:00:00+00:00,2020-11-05 13:30:00+00:00,411.49,395.89,2020-11-05 13:40:00+00:00,True,2020-11-05 13:45:00+00:00,2020-11-05 13:50:00+00:00,H2,2020-11-05 14:10:00+00:00
SHORT_2000,SHORT,external,2020-11-08 20:00:00+00:00,2020-11-09 01:30:00+00:00,458.6,446.5,2020-11-09 07:50:00+00:00,False,,,BREAK_DURING_K1,2020-11-09 07:55:00+00:00
RAW_2330,LONG,external,2020-11-09 23:30:00+00:00,2020-11-10 05:00:00+00:00,452.75,439.07,2020-11-10 05:00:00+00:00,True,2020-11-10 05:05:00+00:00,2020-11-10 05:10:00+00:00,H2,2020-11-10 05:25:00+00:00
RAW_0530,LONG,external,2020-11-11 05:30:00+00:00,2020-11-11 11:00:00+00:00,465.0,455.67,2020-11-11 16:05:00+00:00,False,,,BREAK_DURING_K1,2020-11-11 16:15:00+00:00
LONDON,LONG,external,2020-11-11 08:00:00+00:00,2020-11-11 13:30:00+00:00,465.0,455.67,2020-11-11 16:05:00+00:00,False,,,BREAK_DURING_K1,2020-11-11 16:15:00+00:00
RAW_0530,LONG,external,2020-11-13 05:30:00+00:00,2020-11-13 11:00:00+00:00,469.46,457.25,2020-11-13 13:30:00+00:00,False,,,BREAK_DURING_K1,2020-11-13 13:35:00+00:00
LONDON,LONG,external,2020-11-13 08:00:00+00:00,2020-11-13 13:30:00+00:00,469.46,458.21,2020-11-13 13:30:00+00:00,False,,,BREAK_DURING_K1,2020-11-13 13:35:00+00:00
ALT_0330,LONG,external,2020-11-16 03:30:00+00:00,2020-11-16 09:00:00+00:00,456.63,448.43,2020-11-16 11:00:00+00:00,True,2020-11-16 11:05:00+00:00,2020-11-16 11:10:00+00:00,H2,2020-11-16 13:40:00+00:00
RAW_0530,LONG,external,2020-11-16 05:30:00+00:00,2020-11-16 11:00:00+00:00,456.63,449.65,2020-11-16 11:00:00+00:00,True,2020-11-16 11:05:00+00:00,2020-11-16 11:10:00+00:00,H2,2020-11-16 13:40:00+00:00
LONDON,LONG,external,2020-11-16 08:00:00+00:00,2020-11-16 13:30:00+00:00,456.63,449.65,2020-11-16 13:40:00+00:00,True,2020-11-16 13:45:00+00:00,2020-11-16 13:50:00+00:00,H2,2020-11-16 13:50:00+00:00
LONDON,LONG,external,2020-11-19 08:00:00+00:00,2020-11-19 13:30:00+00:00,477.0,465.15,2020-11-19 13:30:00+00:00,True,2020-11-19 13:35:00+00:00,2020-11-19 13:40:00+00:00,H2,2020-11-19 13:50:00+00:00
ALT_0330,LONG,external,2020-11-20 03:30:00+00:00,2020-11-20 09:00:00+00:00,503.0,482.0,2020-11-20 09:00:00+00:00,True,2020-11-20 09:05:00+00:00,2020-11-20 09:10:00+00:00,H2,2020-11-20 10:40:00+00:00
RAW_0530,LONG,external,2020-11-20 05:30:00+00:00,2020-11-20 11:00:00+00:00,508.94,482.0,2020-11-20 11:50:00+00:00,True,2020-11-20 11:55:00+00:00,2020-11-20 12:00:00+00:00,H2,2020-11-20 12:00:00+00:00
LONDON,LONG,external,2020-11-20 08:00:00+00:00,2020-11-20 13:30:00+00:00,511.21,490.62,2020-11-20 14:10:00+00:00,True,2020-11-20 14:20:00+00:00,2020-11-20 14:25:00+00:00,H2,2020-11-20 17:35:00+00:00
RAW_2330,LONG,external,2020-11-22 23:30:00+00:00,2020-11-23 05:00:00+00:00,587.7,550.81,2020-11-23 07:00:00+00:00,True,2020-11-23 07:05:00+00:00,2020-11-23 07:10:00+00:00,H2,2020-11-23 08:20:00+00:00
RAW_0530,LONG,external,2020-11-23 05:30:00+00:00,2020-11-23 11:00:00+00:00,598.0,574.94,2020-11-23 11:05:00+00:00,True,2020-11-23 11:15:00+00:00,2020-11-23 11:20:00+00:00,H2,2020-11-23 13:00:00+00:00
ALT_0330,LONG,external,2020-11-25 03:30:00+00:00,2020-11-25 09:00:00+00:00,599.8,580.0,2020-11-25 10:10:00+00:00,False,,,BREAK_DURING_K1,2020-11-25 10:15:00+00:00
SHORT_2000,SHORT,external,2020-11-25 20:00:00+00:00,2020-11-26 01:30:00+00:00,589.85,555.0,2020-11-26 02:45:00+00:00,False,,,BREAK_DURING_K1,2020-11-26 03:00:00+00:00
SHORT_2000,SHORT,external,2020-12-02 20:00:00+00:00,2020-12-03 01:30:00+00:00,601.96,589.31,2020-12-03 01:40:00+00:00,True,2020-12-03 01:45:00+00:00,2020-12-03 01:50:00+00:00,H2,2020-12-03 05:40:00+00:00
RAW_0530,LONG,external,2020-12-03 05:30:00+00:00,2020-12-03 11:00:00+00:00,616.41,585.95,2020-12-03 11:05:00+00:00,True,2020-12-03 11:10:00+00:00,2020-12-03 11:15:00+00:00,H2,2020-12-03 11:20:00+00:00
LONDON,LONG,external,2020-12-03 08:00:00+00:00,2020-12-03 13:30:00+00:00,617.0,595.9,2020-12-03 15:45:00+00:00,False,,,BREAK_DURING_K1,2020-12-03 15:50:00+00:00
SHORT_2000,SHORT,external,2020-12-10 20:00:00+00:00,2020-12-11 01:30:00+00:00,569.0,542.93,2020-12-11 01:30:00+00:00,True,2020-12-11 01:35:00+00:00,2020-12-11 01:40:00+00:00,H2,2020-12-11 01:50:00+00:00
LONDON,LONG,external,2020-12-15 08:00:00+00:00,2020-12-15 13:30:00+00:00,589.55,580.0,2020-12-15 18:55:00+00:00,False,,,BREAK_DURING_K1,2020-12-15 19:00:00+00:00
SHORT_2000,SHORT,external,2020-12-15 20:00:00+00:00,2020-12-16 01:30:00+00:00,593.37,583.44,2020-12-16 01:35:00+00:00,False,,,BREAK_DURING_K1,2020-12-16 01:40:00+00:00
ALT_0330,LONG,external,2020-12-16 03:30:00+00:00,2020-12-16 09:00:00+00:00,588.5,581.04,2020-12-16 09:15:00+00:00,True,2020-12-16 09:20:00+00:00,2020-12-16 09:25:00+00:00,H2,2020-12-16 09:55:00+00:00
RAW_0530,LONG,external,2020-12-16 05:30:00+00:00,2020-12-16 11:00:00+00:00,595.73,583.13,2020-12-16 11:00:00+00:00,True,2020-12-16 11:05:00+00:00,2020-12-16 11:10:00+00:00,H2,2020-12-16 11:25:00+00:00
ALT_0330,LONG,external,2020-12-17 03:30:00+00:00,2020-12-17 09:00:00+00:00,657.08,636.22,2020-12-17 09:15:00+00:00,True,2020-12-17 09:20:00+00:00,2020-12-17 09:25:00+00:00,H2,2020-12-17 10:10:00+00:00
RAW_0530,LONG,external,2020-12-17 05:30:00+00:00,2020-12-17 11:00:00+00:00,674.24,636.42,2020-12-17 16:05:00+00:00,False,,,BREAK_DURING_K1,2020-12-17 16:20:00+00:00
LONDON,LONG,external,2020-12-17 08:00:00+00:00,2020-12-17 13:30:00+00:00,674.24,636.42,2020-12-17 16:05:00+00:00,False,,,BREAK_DURING_K1,2020-12-17 16:20:00+00:00
ALT_0330,LONG,external,2020-12-18 03:30:00+00:00,2020-12-18 09:00:00+00:00,654.34,640.64,2020-12-18 09:25:00+00:00,True,2020-12-18 09:30:00+00:00,2020-12-18 09:35:00+00:00,H2,2020-12-18 09:45:00+00:00
RAW_2330,LONG,external,2020-12-20 23:30:00+00:00,2020-12-21 05:00:00+00:00,648.76,633.88,2020-12-21 08:00:00+00:00,True,2020-12-21 08:05:00+00:00,2020-12-21 08:10:00+00:00,OPPOSITE,2020-12-21 09:05:00+00:00
SHORT_2000,SHORT,external,2020-12-21 20:00:00+00:00,2020-12-22 01:30:00+00:00,619.0,602.24,2020-12-22 07:00:00+00:00,True,2020-12-22 07:05:00+00:00,2020-12-22 07:10:00+00:00,H2,2020-12-22 07:25:00+00:00
ALT_0330,LONG,external,2020-12-22 03:30:00+00:00,2020-12-22 09:00:00+00:00,616.0,588.41,2020-12-22 13:45:00+00:00,False,,,BREAK_DURING_K1,2020-12-22 13:50:00+00:00
RAW_0530,LONG,external,2020-12-22 05:30:00+00:00,2020-12-22 11:00:00+00:00,610.37,588.41,2020-12-22 11:15:00+00:00,True,2020-12-22 11:20:00+00:00,2020-12-22 11:25:00+00:00,H2,2020-12-22 11:50:00+00:00
SHORT_2000,SHORT,external,2020-12-22 20:00:00+00:00,2020-12-23 01:30:00+00:00,639.54,619.0,2020-12-23 04:05:00+00:00,True,2020-12-23 04:10:00+00:00,2020-12-23 04:15:00+00:00,H2,2020-12-23 04:50:00+00:00
ALT_0330,LONG,external,2020-12-24 03:30:00+00:00,2020-12-24 09:00:00+00:00,585.46,570.02,2020-12-24 10:00:00+00:00,True,2020-12-24 10:05:00+00:00,2020-12-24 10:10:00+00:00,H2,2020-12-24 13:30:00+00:00
RAW_2330,LONG,external,2020-12-24 23:30:00+00:00,2020-12-25 05:00:00+00:00,616.29,604.5,2020-12-25 06:40:00+00:00,True,2020-12-25 06:45:00+00:00,2020-12-25 06:50:00+00:00,H2,2020-12-25 08:00:00+00:00
SHORT_2000,SHORT,external,2020-12-28 20:00:00+00:00,2020-12-29 01:30:00+00:00,748.47,707.7,2020-12-29 03:35:00+00:00,False,,,BREAK_DURING_K1,2020-12-29 03:45:00+00:00
ALT_0330,LONG,external,2020-12-29 03:30:00+00:00,2020-12-29 09:00:00+00:00,718.0,690.1,2020-12-29 09:20:00+00:00,False,,,BREAK_DURING_K1,2020-12-29 09:25:00+00:00
RAW_0530,LONG,external,2020-12-29 05:30:00+00:00,2020-12-29 11:00:00+00:00,734.65,696.82,2020-12-29 11:05:00+00:00,True,2020-12-29 11:10:00+00:00,2020-12-29 11:15:00+00:00,H2,2020-12-29 12:00:00+00:00
LONDON,LONG,external,2020-12-30 08:00:00+00:00,2020-12-30 13:30:00+00:00,738.46,717.52,2020-12-30 16:00:00+00:00,True,2020-12-30 16:05:00+00:00,2020-12-30 16:10:00+00:00,H2,2020-12-30 17:35:00+00:00
RAW_2330,LONG,external,2020-12-30 23:30:00+00:00,2020-12-31 05:00:00+00:00,757.0,727.53,2020-12-31 07:10:00+00:00,True,2020-12-31 07:15:00+00:00,2020-12-31 07:20:00+00:00,NO_H2,
RAW_0530,LONG,external,2021-01-01 05:30:00+00:00,2021-01-01 11:00:00+00:00,744.09,725.59,2021-01-01 12:30:00+00:00,True,2021-01-01 12:40:00+00:00,2021-01-01 12:45:00+00:00,NO_H2,
SHORT_2000,SHORT,external,2021-01-04 20:00:00+00:00,2021-01-05 01:30:00+00:00,1138.92,993.02,2021-01-05 04:10:00+00:00,True,2021-01-05 04:20:00+00:00,2021-01-05 04:25:00+00:00,H2,2021-01-05 05:45:00+00:00
RAW_0530,LONG,external,2021-01-07 05:30:00+00:00,2021-01-07 11:00:00+00:00,1221.99,1160.0,2021-01-07 12:25:00+00:00,True,2021-01-07 12:35:00+00:00,2021-01-07 12:40:00+00:00,H2,2021-01-07 12:50:00+00:00
RAW_0530,LONG,external,2021-01-08 05:30:00+00:00,2021-01-08 11:00:00+00:00,1275.25,1125.75,2021-01-08 12:25:00+00:00,True,2021-01-08 12:30:00+00:00,2021-01-08 12:35:00+00:00,NO_H2,
LONDON,LONG,external,2021-01-13 08:00:00+00:00,2021-01-13 13:30:00+00:00,1098.7,1045.54,2021-01-13 18:35:00+00:00,False,,,BREAK_DURING_K1,2021-01-13 18:40:00+00:00
SHORT_2000,SHORT,external,2021-01-13 20:00:00+00:00,2021-01-14 01:30:00+00:00,1150.0,1092.8,2021-01-14 04:05:00+00:00,True,2021-01-14 04:15:00+00:00,2021-01-14 04:20:00+00:00,OPPOSITE,2021-01-14 07:25:00+00:00
LONDON,LONG,external,2021-01-14 08:00:00+00:00,2021-01-14 13:30:00+00:00,1192.0,1143.67,2021-01-14 13:30:00+00:00,True,2021-01-14 13:35:00+00:00,2021-01-14 13:40:00+00:00,H2,2021-01-14 13:40:00+00:00
ALT_0330,LONG,external,2021-01-18 03:30:00+00:00,2021-01-18 09:00:00+00:00,1229.89,1183.2,2021-01-18 09:00:00+00:00,True,2021-01-18 09:05:00+00:00,2021-01-18 09:10:00+00:00,H2,2021-01-18 09:10:00+00:00
LONDON,LONG,external,2021-01-18 08:00:00+00:00,2021-01-18 13:30:00+00:00,1257.76,1210.97,2021-01-18 14:10:00+00:00,True,2021-01-18 14:15:00+00:00,2021-01-18 14:20:00+00:00,NO_H2,
ALT_0330,LONG,external,2021-01-19 03:30:00+00:00,2021-01-19 09:00:00+00:00,1397.0,1307.0,2021-01-19 09:40:00+00:00,True,2021-01-19 09:55:00+00:00,2021-01-19 10:00:00+00:00,H2,2021-01-19 10:15:00+00:00
RAW_0530,LONG,external,2021-01-19 05:30:00+00:00,2021-01-19 11:00:00+00:00,1405.79,1317.26,2021-01-19 11:25:00+00:00,True,2021-01-19 11:30:00+00:00,2021-01-19 11:35:00+00:00,H2,2021-01-19 11:35:00+00:00
SHORT_2000,SHORT,external,2021-01-19 20:00:00+00:00,2021-01-20 01:30:00+00:00,1428.98,1352.0,2021-01-20 03:35:00+00:00,True,2021-01-20 03:45:00+00:00,2021-01-20 03:50:00+00:00,H2,2021-01-20 03:55:00+00:00
LONDON,LONG,external,2021-01-22 08:00:00+00:00,2021-01-22 13:30:00+00:00,1227.3,1113.76,2021-01-22 13:30:00+00:00,True,2021-01-22 13:35:00+00:00,2021-01-22 13:40:00+00:00,H2,2021-01-22 14:00:00+00:00
SHORT_2000,SHORT,external,2021-01-26 20:00:00+00:00,2021-01-27 01:30:00+00:00,1377.9,1325.09,2021-01-27 01:40:00+00:00,False,,,BREAK_DURING_K1,2021-01-27 01:45:00+00:00
ALT_0330,LONG,external,2021-01-29 03:30:00+00:00,2021-01-29 09:00:00+00:00,1393.39,1285.46,2021-01-29 09:00:00+00:00,True,2021-01-29 09:05:00+00:00,2021-01-29 09:10:00+00:00,H2,2021-01-29 09:35:00+00:00
LONDON,LONG,external,2021-01-29 08:00:00+00:00,2021-01-29 13:30:00+00:00,1436.97,1295.92,2021-01-29 14:00:00+00:00,True,2021-01-29 14:05:00+00:00,2021-01-29 14:10:00+00:00,NO_H2,
RAW_2330,LONG,external,2021-01-31 23:30:00+00:00,2021-02-01 05:00:00+00:00,1331.54,1270.0,2021-02-01 06:40:00+00:00,True,2021-02-01 06:45:00+00:00,2021-02-01 06:50:00+00:00,H2,2021-02-01 08:55:00+00:00
ALT_0330,LONG,external,2021-02-01 03:30:00+00:00,2021-02-01 09:00:00+00:00,1339.91,1302.71,2021-02-01 09:05:00+00:00,True,2021-02-01 09:10:00+00:00,2021-02-01 09:15:00+00:00,H2,2021-02-01 10:05:00+00:00
ALT_0330,LONG,external,2021-02-02 03:30:00+00:00,2021-02-02 09:00:00+00:00,1462.04,1370.01,2021-02-02 09:00:00+00:00,True,2021-02-02 09:10:00+00:00,2021-02-02 09:15:00+00:00,NO_H2,
RAW_2330,LONG,external,2021-02-02 23:30:00+00:00,2021-02-03 05:00:00+00:00,1565.18,1510.76,2021-02-03 06:30:00+00:00,False,,,BREAK_DURING_K1,2021-02-03 06:35:00+00:00
LONDON,LONG,external,2021-02-03 08:00:00+00:00,2021-02-03 13:30:00+00:00,1569.58,1515.5,2021-02-03 13:30:00+00:00,True,2021-02-03 13:35:00+00:00,2021-02-03 13:40:00+00:00,H2,2021-02-03 15:15:00+00:00
RAW_2330,LONG,external,2021-02-04 23:30:00+00:00,2021-02-05 05:00:00+00:00,1659.0,1588.01,2021-02-05 06:25:00+00:00,False,,,BREAK_DURING_K1,2021-02-05 06:30:00+00:00
ALT_0330,LONG,external,2021-02-05 03:30:00+00:00,2021-02-05 09:00:00+00:00,1681.1,1625.3,2021-02-05 09:10:00+00:00,True,2021-02-05 09:15:00+00:00,2021-02-05 09:20:00+00:00,H2,2021-02-05 12:25:00+00:00
RAW_2330,LONG,external,2021-02-07 23:30:00+00:00,2021-02-08 05:00:00+00:00,1632.73,1566.22,2021-02-08 06:15:00+00:00,False,,,BREAK_DURING_K1,2021-02-08 06:25:00+00:00
LONDON,LONG,external,2021-02-08 08:00:00+00:00,2021-02-08 13:30:00+00:00,1758.24,1627.11,2021-02-08 15:40:00+00:00,True,2021-02-08 15:50:00+00:00,2021-02-08 15:55:00+00:00,H2,2021-02-08 16:00:00+00:00
ALT_0330,LONG,external,2021-02-09 03:30:00+00:00,2021-02-09 09:00:00+00:00,1820.17,1731.39,2021-02-09 09:05:00+00:00,True,2021-02-09 09:25:00+00:00,2021-02-09 09:30:00+00:00,OPPOSITE,2021-02-09 12:45:00+00:00
RAW_2330,LONG,external,2021-02-10 23:30:00+00:00,2021-02-11 05:00:00+00:00,1760.78,1704.21,2021-02-11 09:30:00+00:00,False,,,BREAK_DURING_K1,2021-02-11 09:35:00+00:00
ALT_0330,LONG,external,2021-02-11 03:30:00+00:00,2021-02-11 09:00:00+00:00,1756.99,1718.86,2021-02-11 09:00:00+00:00,True,2021-02-11 09:05:00+00:00,2021-02-11 09:10:00+00:00,H2,2021-02-11 09:30:00+00:00
RAW_0530,LONG,external,2021-02-11 05:30:00+00:00,2021-02-11 11:00:00+00:00,1792.09,1719.0,2021-02-11 12:10:00+00:00,True,2021-02-11 12:20:00+00:00,2021-02-11 12:25:00+00:00,H2,2021-02-11 13:05:00+00:00
ALT_0330,LONG,external,2021-02-15 03:30:00+00:00,2021-02-15 09:00:00+00:00,1771.53,1688.63,2021-02-15 09:10:00+00:00,True,2021-02-15 09:15:00+00:00,2021-02-15 09:20:00+00:00,H2,2021-02-15 10:55:00+00:00
ALT_0330,LONG,external,2021-02-17 03:30:00+00:00,2021-02-17 09:00:00+00:00,1813.04,1735.66,2021-02-17 09:15:00+00:00,False,,,BREAK_DURING_K1,2021-02-17 09:20:00+00:00
ALT_0330,LONG,external,2021-02-19 03:30:00+00:00,2021-02-19 09:00:00+00:00,1931.46,1902.0,2021-02-19 09:00:00+00:00,False,,,BREAK_DURING_K1,2021-02-19 09:05:00+00:00
LONDON,LONG,external,2021-02-23 08:00:00+00:00,2021-02-23 13:30:00+00:00,1601.51,1348.17,2021-02-23 15:45:00+00:00,True,2021-02-23 15:50:00+00:00,2021-02-23 15:55:00+00:00,H2,2021-02-23 16:00:00+00:00
RAW_2330,LONG,external,2021-02-23 23:30:00+00:00,2021-02-24 05:00:00+00:00,1654.79,1501.09,2021-02-24 05:05:00+00:00,True,2021-02-24 05:10:00+00:00,2021-02-24 05:15:00+00:00,H2,2021-02-24 08:05:00+00:00
ALT_0330,LONG,external,2021-02-24 03:30:00+00:00,2021-02-24 09:00:00+00:00,1680.59,1610.0,2021-02-24 09:05:00+00:00,False,,,BREAK_DURING_K1,2021-02-24 09:10:00+00:00
ALT_0330,LONG,external,2021-02-26 03:30:00+00:00,2021-02-26 09:00:00+00:00,1530.26,1401.01,2021-02-26 14:40:00+00:00,True,2021-02-26 14:45:00+00:00,2021-02-26 14:50:00+00:00,NO_H2,
RAW_0530,LONG,external,2021-02-26 05:30:00+00:00,2021-02-26 11:00:00+00:00,1495.0,1401.01,2021-02-26 11:05:00+00:00,True,2021-02-26 11:10:00+00:00,2021-02-26 11:15:00+00:00,H2,2021-02-26 12:00:00+00:00
RAW_0530,LONG,external,2021-03-01 05:30:00+00:00,2021-03-01 11:00:00+00:00,1532.28,1421.67,2021-03-01 12:00:00+00:00,True,2021-03-01 12:10:00+00:00,2021-03-01 12:15:00+00:00,H2,2021-03-01 12:45:00+00:00
LONDON,LONG,external,2021-03-01 08:00:00+00:00,2021-03-01 13:30:00+00:00,1541.0,1438.85,2021-03-01 14:30:00+00:00,True,2021-03-01 14:35:00+00:00,2021-03-01 14:40:00+00:00,H2,2021-03-01 15:10:00+00:00
ALT_0330,LONG,external,2021-03-02 03:30:00+00:00,2021-03-02 09:00:00+00:00,1584.99,1531.32,2021-03-02 14:10:00+00:00,False,,,BREAK_DURING_K1,2021-03-02 14:20:00+00:00
RAW_2330,LONG,external,2021-03-02 23:30:00+00:00,2021-03-03 05:00:00+00:00,1548.0,1475.0,2021-03-03 05:10:00+00:00,True,2021-03-03 05:20:00+00:00,2021-03-03 05:25:00+00:00,H2,2021-03-03 05:25:00+00:00
ALT_0330,LONG,external,2021-03-03 03:30:00+00:00,2021-03-03 09:00:00+00:00,1595.79,1514.5,2021-03-03 09:00:00+00:00,True,2021-03-03 09:05:00+00:00,2021-03-03 09:10:00+00:00,H2,2021-03-03 09:20:00+00:00
ALT_0330,LONG,external,2021-03-05 03:30:00+00:00,2021-03-05 09:00:00+00:00,1488.44,1441.57,2021-03-05 12:40:00+00:00,True,2021-03-05 12:50:00+00:00,2021-03-05 12:55:00+00:00,H2,2021-03-05 13:00:00+00:00
LONDON,LONG,external,2021-03-05 08:00:00+00:00,2021-03-05 13:30:00+00:00,1497.8,1441.57,2021-03-05 13:30:00+00:00,True,2021-03-05 13:35:00+00:00,2021-03-05 13:40:00+00:00,H2,2021-03-05 14:00:00+00:00
RAW_2330,LONG,external,2021-03-07 23:30:00+00:00,2021-03-08 05:00:00+00:00,1755.36,1708.43,2021-03-08 05:50:00+00:00,True,2021-03-08 05:55:00+00:00,2021-03-08 06:00:00+00:00,H2,2021-03-08 06:00:00+00:00
LONDON,LONG,external,2021-03-08 08:00:00+00:00,2021-03-08 13:30:00+00:00,1734.29,1667.86,2021-03-08 13:30:00+00:00,True,2021-03-08 13:35:00+00:00,2021-03-08 13:40:00+00:00,H2,2021-03-08 13:50:00+00:00
LONDON,LONG,external,2021-03-09 08:00:00+00:00,2021-03-09 13:30:00+00:00,1843.6,1801.0,2021-03-09 13:45:00+00:00,True,2021-03-09 14:05:00+00:00,2021-03-09 14:10:00+00:00,H2,2021-03-09 16:00:00+00:00
ALT_0330,LONG,external,2021-03-10 03:30:00+00:00,2021-03-10 09:00:00+00:00,1828.23,1760.0,2021-03-10 09:00:00+00:00,True,2021-03-10 09:05:00+00:00,2021-03-10 09:10:00+00:00,H2,2021-03-10 09:25:00+00:00
ALT_0330,LONG,external,2021-03-11 03:30:00+00:00,2021-03-11 09:00:00+00:00,1818.77,1725.96,2021-03-11 13:50:00+00:00,True,2021-03-11 13:55:00+00:00,2021-03-11 14:00:00+00:00,H2,2021-03-11 14:00:00+00:00
RAW_0530,LONG,external,2021-03-11 05:30:00+00:00,2021-03-11 11:00:00+00:00,1794.68,1725.96,2021-03-11 12:45:00+00:00,True,2021-03-11 12:55:00+00:00,2021-03-11 13:00:00+00:00,H2,2021-03-11 13:00:00+00:00
SHORT_2000,SHORT,external,2021-03-11 20:00:00+00:00,2021-03-12 01:30:00+00:00,1850.07,1793.54,2021-03-12 07:10:00+00:00,False,,,BREAK_DURING_K1,2021-03-12 07:20:00+00:00
LONDON,LONG,external,2021-03-18 08:00:00+00:00,2021-03-18 13:30:00+00:00,1824.7,1782.07,2021-03-18 15:45:00+00:00,True,2021-03-18 15:55:00+00:00,2021-03-18 16:00:00+00:00,H2,2021-03-18 16:00:00+00:00
RAW_0530,LONG,external,2021-03-19 05:30:00+00:00,2021-03-19 11:00:00+00:00,1821.19,1781.9,2021-03-19 11:15:00+00:00,True,2021-03-19 11:20:00+00:00,2021-03-19 11:25:00+00:00,H2,2021-03-19 11:55:00+00:00
LONDON,LONG,external,2021-03-19 08:00:00+00:00,2021-03-19 13:30:00+00:00,1830.0,1786.26,2021-03-19 16:00:00+00:00,True,2021-03-19 16:05:00+00:00,2021-03-19 16:10:00+00:00,H2,2021-03-19 16:15:00+00:00
SHORT_2000,SHORT,external,2021-03-22 20:00:00+00:00,2021-03-23 01:30:00+00:00,1747.27,1653.67,2021-03-23 06:20:00+00:00,True,2021-03-23 06:25:00+00:00,2021-03-23 06:30:00+00:00,NO_H2,
ALT_0330,LONG,external,2021-03-24 03:30:00+00:00,2021-03-24 09:00:00+00:00,1719.0,1660.29,2021-03-24 09:00:00+00:00,True,2021-03-24 09:05:00+00:00,2021-03-24 09:10:00+00:00,H2,2021-03-24 10:40:00+00:00
RAW_0530,LONG,external,2021-03-24 05:30:00+00:00,2021-03-24 11:00:00+00:00,1719.84,1660.29,2021-03-24 12:00:00+00:00,False,,,BREAK_DURING_K1,2021-03-24 12:05:00+00:00
RAW_2330,LONG,external,2021-03-24 23:30:00+00:00,2021-03-25 05:00:00+00:00,1598.14,1548.56,2021-03-25 06:10:00+00:00,True,2021-03-25 06:15:00+00:00,2021-03-25 06:20:00+00:00,H2,2021-03-25 06:50:00+00:00
ALT_0330,LONG,external,2021-03-26 03:30:00+00:00,2021-03-26 09:00:00+00:00,1639.49,1610.98,2021-03-26 13:00:00+00:00,True,2021-03-26 13:05:00+00:00,2021-03-26 13:10:00+00:00,H2,2021-03-26 13:40:00+00:00
RAW_0530,LONG,external,2021-03-26 05:30:00+00:00,2021-03-26 11:00:00+00:00,1639.49,1610.98,2021-03-26 13:00:00+00:00,True,2021-03-26 13:05:00+00:00,2021-03-26 13:10:00+00:00,H2,2021-03-26 13:40:00+00:00
ALT_0330,LONG,external,2021-03-29 03:30:00+00:00,2021-03-29 09:00:00+00:00,1743.51,1687.19,2021-03-29 09:00:00+00:00,False,,,BREAK_DURING_K1,2021-03-29 09:10:00+00:00
RAW_0530,LONG,external,2021-03-29 05:30:00+00:00,2021-03-29 11:00:00+00:00,1774.44,1687.19,2021-03-29 11:00:00+00:00,True,2021-03-29 11:05:00+00:00,2021-03-29 11:10:00+00:00,H2,2021-03-29 11:30:00+00:00
LONDON,LONG,external,2021-03-29 08:00:00+00:00,2021-03-29 13:30:00+00:00,1791.99,1705.69,2021-03-29 15:55:00+00:00,False,,,BREAK_DURING_K1,2021-03-29 16:00:00+00:00
RAW_2330,LONG,external,2021-03-29 23:30:00+00:00,2021-03-30 05:00:00+00:00,1830.9,1788.3,2021-03-30 09:35:00+00:00,False,,,BREAK_DURING_K1,2021-03-30 09:40:00+00:00
ALT_0330,LONG,external,2021-03-30 03:30:00+00:00,2021-03-30 09:00:00+00:00,1826.83,1789.51,2021-03-30 09:30:00+00:00,False,,,BREAK_DURING_K1,2021-03-30 09:35:00+00:00
RAW_0530,LONG,external,2021-03-30 05:30:00+00:00,2021-03-30 11:00:00+00:00,1851.56,1802.9,2021-03-30 11:55:00+00:00,True,2021-03-30 12:00:00+00:00,2021-03-30 12:05:00+00:00,NO_H2,
LONDON,LONG,external,2021-03-30 08:00:00+00:00,2021-03-30 13:30:00+00:00,1852.24,1806.0,2021-03-30 19:30:00+00:00,False,,,BREAK_DURING_K1,2021-03-30 19:35:00+00:00
RAW_0530,LONG,external,2021-03-31 05:30:00+00:00,2021-03-31 11:00:00+00:00,1860.0,1771.85,2021-03-31 16:00:00+00:00,True,2021-03-31 16:05:00+00:00,2021-03-31 16:10:00+00:00,H2,2021-03-31 16:30:00+00:00
LONDON,LONG,external,2021-03-31 08:00:00+00:00,2021-03-31 13:30:00+00:00,1825.47,1771.85,2021-03-31 13:30:00+00:00,False,,,BREAK_DURING_K1,2021-03-31 13:35:00+00:00
ALT_0330,LONG,external,2021-04-02 03:30:00+00:00,2021-04-02 09:00:00+00:00,2012.88,1981.43,2021-04-02 12:00:00+00:00,True,2021-04-02 12:05:00+00:00,2021-04-02 12:10:00+00:00,H2,2021-04-02 14:00:00+00:00
RAW_0530,LONG,external,2021-04-02 05:30:00+00:00,2021-04-02 11:00:00+00:00,2012.88,1981.43,2021-04-02 12:00:00+00:00,True,2021-04-02 12:05:00+00:00,2021-04-02 12:10:00+00:00,H2,2021-04-02 14:00:00+00:00
ALT_0330,LONG,external,2021-04-05 03:30:00+00:00,2021-04-05 09:00:00+00:00,2051.41,2002.16,2021-04-05 11:00:00+00:00,True,2021-04-05 11:05:00+00:00,2021-04-05 11:10:00+00:00,H2,2021-04-05 11:25:00+00:00
RAW_0530,LONG,external,2021-04-05 05:30:00+00:00,2021-04-05 11:00:00+00:00,2051.06,2002.16,2021-04-05 11:00:00+00:00,True,2021-04-05 11:05:00+00:00,2021-04-05 11:10:00+00:00,H2,2021-04-05 11:15:00+00:00
SHORT_2000,SHORT,external,2021-04-06 20:00:00+00:00,2021-04-07 01:30:00+00:00,2133.02,2082.5,2021-04-07 04:30:00+00:00,True,2021-04-07 04:35:00+00:00,2021-04-07 04:40:00+00:00,H2,2021-04-07 05:35:00+00:00
RAW_2330,LONG,external,2021-04-07 23:30:00+00:00,2021-04-08 05:00:00+00:00,2029.02,1950.0,2021-04-08 07:50:00+00:00,False,,,BREAK_DURING_K1,2021-04-08 07:55:00+00:00
RAW_0530,LONG,external,2021-04-08 05:30:00+00:00,2021-04-08 11:00:00+00:00,2039.1,1985.64,2021-04-08 13:35:00+00:00,True,2021-04-08 13:40:00+00:00,2021-04-08 13:45:00+00:00,H2,2021-04-08 14:10:00+00:00
LONDON,LONG,external,2021-04-08 08:00:00+00:00,2021-04-08 13:30:00+00:00,2039.1,1985.64,2021-04-08 13:35:00+00:00,True,2021-04-08 13:40:00+00:00,2021-04-08 13:45:00+00:00,H2,2021-04-08 14:10:00+00:00
ALT_0330,LONG,external,2021-04-13 03:30:00+00:00,2021-04-13 09:00:00+00:00,2231.82,2152.52,2021-04-13 09:00:00+00:00,True,2021-04-13 09:05:00+00:00,2021-04-13 09:10:00+00:00,H2,2021-04-13 09:50:00+00:00
RAW_0530,LONG,external,2021-04-13 05:30:00+00:00,2021-04-13 11:00:00+00:00,2234.0,2152.52,2021-04-13 11:40:00+00:00,True,2021-04-13 11:45:00+00:00,2021-04-13 11:50:00+00:00,H2,2021-04-13 11:55:00+00:00
RAW_2330,LONG,external,2021-04-13 23:30:00+00:00,2021-04-14 05:00:00+00:00,2384.79,2286.04,2021-04-14 05:00:00+00:00,True,2021-04-14 05:05:00+00:00,2021-04-14 05:10:00+00:00,H2,2021-04-14 05:15:00+00:00
RAW_2330,LONG,external,2021-04-14 23:30:00+00:00,2021-04-15 05:00:00+00:00,2485.13,2403.14,2021-04-15 06:00:00+00:00,True,2021-04-15 06:05:00+00:00,2021-04-15 06:10:00+00:00,H2,2021-04-15 08:05:00+00:00
SHORT_2000,SHORT,external,2021-04-15 20:00:00+00:00,2021-04-16 01:30:00+00:00,2553.0,2484.01,2021-04-16 01:45:00+00:00,True,2021-04-16 01:50:00+00:00,2021-04-16 01:55:00+00:00,H2,2021-04-16 04:10:00+00:00
RAW_2330,LONG,external,2021-04-19 23:30:00+00:00,2021-04-20 05:00:00+00:00,2178.87,2052.42,2021-04-20 10:30:00+00:00,False,,,BREAK_DURING_K1,2021-04-20 10:35:00+00:00
ALT_0330,LONG,external,2021-04-20 03:30:00+00:00,2021-04-20 09:00:00+00:00,2156.13,2057.17,2021-04-20 09:15:00+00:00,True,2021-04-20 09:20:00+00:00,2021-04-20 09:25:00+00:00,H2,2021-04-20 09:30:00+00:00
SHORT_2000,SHORT,external,2021-04-20 20:00:00+00:00,2021-04-21 01:30:00+00:00,2364.29,2280.45,2021-04-21 04:15:00+00:00,True,2021-04-21 04:20:00+00:00,2021-04-21 04:25:00+00:00,NO_H2,
LONDON,LONG,external,2021-04-21 08:00:00+00:00,2021-04-21 13:30:00+00:00,2381.06,2238.96,2021-04-21 13:30:00+00:00,True,2021-04-21 13:35:00+00:00,2021-04-21 13:40:00+00:00,H2,2021-04-21 13:55:00+00:00
RAW_2330,LONG,external,2021-04-21 23:30:00+00:00,2021-04-22 05:00:00+00:00,2452.83,2316.0,2021-04-22 05:00:00+00:00,True,2021-04-22 05:05:00+00:00,2021-04-22 05:10:00+00:00,H2,2021-04-22 05:50:00+00:00
ALT_0330,LONG,external,2021-04-22 03:30:00+00:00,2021-04-22 09:00:00+00:00,2497.69,2379.8,2021-04-22 09:55:00+00:00,True,2021-04-22 10:05:00+00:00,2021-04-22 10:10:00+00:00,H2,2021-04-22 10:20:00+00:00
ALT_0330,LONG,external,2021-04-23 03:30:00+00:00,2021-04-23 09:00:00+00:00,2297.39,2110.0,2021-04-23 11:15:00+00:00,False,,,BREAK_DURING_K1,2021-04-23 11:20:00+00:00
RAW_0530,LONG,external,2021-04-23 05:30:00+00:00,2021-04-23 11:00:00+00:00,2288.0,2110.0,2021-04-23 11:10:00+00:00,False,,,BREAK_DURING_K1,2021-04-23 11:15:00+00:00
LONDON,LONG,external,2021-04-23 08:00:00+00:00,2021-04-23 13:30:00+00:00,2315.0,2110.0,2021-04-23 15:40:00+00:00,False,,,BREAK_DURING_K1,2021-04-23 15:45:00+00:00
RAW_0530,LONG,external,2021-04-26 05:30:00+00:00,2021-04-26 11:00:00+00:00,2499.0,2423.41,2021-04-26 11:05:00+00:00,False,,,BREAK_DURING_K1,2021-04-26 11:20:00+00:00
LONDON,LONG,external,2021-04-26 08:00:00+00:00,2021-04-26 13:30:00+00:00,2527.36,2423.41,2021-04-26 16:00:00+00:00,True,2021-04-26 16:05:00+00:00,2021-04-26 16:10:00+00:00,H2,2021-04-26 17:20:00+00:00
ALT_0330,LONG,external,2021-04-27 03:30:00+00:00,2021-04-27 09:00:00+00:00,2568.0,2489.58,2021-04-27 11:15:00+00:00,True,2021-04-27 11:25:00+00:00,2021-04-27 11:30:00+00:00,H2,2021-04-27 11:35:00+00:00
RAW_0530,LONG,external,2021-04-27 05:30:00+00:00,2021-04-27 11:00:00+00:00,2568.0,2522.17,2021-04-27 11:15:00+00:00,True,2021-04-27 11:25:00+00:00,2021-04-27 11:30:00+00:00,H2,2021-04-27 11:35:00+00:00
LONDON,LONG,external,2021-04-28 08:00:00+00:00,2021-04-28 13:30:00+00:00,2737.64,2580.0,2021-04-28 18:10:00+00:00,True,2021-04-28 18:25:00+00:00,2021-04-28 18:30:00+00:00,H2,2021-04-28 19:25:00+00:00
RAW_2330,LONG,external,2021-04-29 23:30:00+00:00,2021-04-30 05:00:00+00:00,2771.28,2727.46,2021-04-30 05:00:00+00:00,True,2021-04-30 05:05:00+00:00,2021-04-30 05:10:00+00:00,H2,2021-04-30 05:25:00+00:00
SHORT_2000,SHORT,external,2021-05-03 20:00:00+00:00,2021-05-04 01:30:00+00:00,3459.8,3210.55,2021-05-04 03:00:00+00:00,True,2021-05-04 03:05:00+00:00,2021-05-04 03:10:00+00:00,NO_H2,
LONDON,LONG,external,2021-05-04 08:00:00+00:00,2021-05-04 13:30:00+00:00,3521.39,3279.0,2021-05-04 13:30:00+00:00,True,2021-05-04 13:35:00+00:00,2021-05-04 13:40:00+00:00,OPPOSITE,2021-05-04 15:20:00+00:00
RAW_0530,LONG,external,2021-05-05 05:30:00+00:00,2021-05-05 11:00:00+00:00,3415.5,3224.12,2021-05-05 16:30:00+00:00,True,2021-05-05 16:35:00+00:00,2021-05-05 16:40:00+00:00,H2,2021-05-05 16:40:00+00:00
SHORT_2000,SHORT,external,2021-05-05 20:00:00+00:00,2021-05-06 01:30:00+00:00,3552.74,3421.22,2021-05-06 06:15:00+00:00,True,2021-05-06 06:20:00+00:00,2021-05-06 06:25:00+00:00,H2,2021-05-06 06:30:00+00:00
ALT_0330,LONG,external,2021-05-07 03:30:00+00:00,2021-05-07 09:00:00+00:00,3480.0,3355.0,2021-05-07 10:00:00+00:00,True,2021-05-07 10:05:00+00:00,2021-05-07 10:10:00+00:00,H2,2021-05-07 12:35:00+00:00
ALT_0330,LONG,external,2021-05-10 03:30:00+00:00,2021-05-10 09:00:00+00:00,4174.0,4026.0,2021-05-10 09:00:00+00:00,True,2021-05-10 09:05:00+00:00,2021-05-10 09:10:00+00:00,OPPOSITE,2021-05-10 11:20:00+00:00
RAW_0530,LONG,external,2021-05-12 05:30:00+00:00,2021-05-12 11:00:00+00:00,4375.0,4226.0,2021-05-12 14:30:00+00:00,True,2021-05-12 14:35:00+00:00,2021-05-12 14:40:00+00:00,OPPOSITE,2021-05-12 15:30:00+00:00
ALT_0330,LONG,external,2021-05-14 03:30:00+00:00,2021-05-14 09:00:00+00:00,3936.29,3756.16,2021-05-14 09:00:00+00:00,True,2021-05-14 09:05:00+00:00,2021-05-14 09:10:00+00:00,H2,2021-05-14 09:10:00+00:00
RAW_2330,LONG,external,2021-05-17 23:30:00+00:00,2021-05-18 05:00:00+00:00,3533.0,3240.06,2021-05-18 05:10:00+00:00,False,,,BREAK_DURING_K1,2021-05-18 05:15:00+00:00
SHORT_2000,SHORT,external,2021-05-18 20:00:00+00:00,2021-05-19 01:30:00+00:00,3466.7,3232.88,2021-05-19 01:35:00+00:00,False,,,BREAK_DURING_K1,2021-05-19 01:40:00+00:00
LONDON,LONG,external,2021-05-24 08:00:00+00:00,2021-05-24 13:30:00+00:00,2468.09,2222.29,2021-05-24 14:25:00+00:00,True,2021-05-24 14:30:00+00:00,2021-05-24 14:35:00+00:00,H2,2021-05-24 15:20:00+00:00
SHORT_2000,SHORT,external,2021-05-24 20:00:00+00:00,2021-05-25 01:30:00+00:00,2750.0,2530.0,2021-05-25 04:20:00+00:00,True,2021-05-25 04:30:00+00:00,2021-05-25 04:35:00+00:00,NO_H2,
RAW_2330,LONG,external,2021-05-25 23:30:00+00:00,2021-05-26 05:00:00+00:00,2850.52,2642.87,2021-05-26 06:20:00+00:00,False,,,BREAK_DURING_K1,2021-05-26 06:25:00+00:00
ALT_0330,LONG,external,2021-05-27 03:30:00+00:00,2021-05-27 09:00:00+00:00,2782.76,2645.83,2021-05-27 09:05:00+00:00,False,,,BREAK_DURING_K1,2021-05-27 09:15:00+00:00
RAW_0530,LONG,external,2021-05-27 05:30:00+00:00,2021-05-27 11:00:00+00:00,2817.0,2668.69,2021-05-27 11:25:00+00:00,True,2021-05-27 11:40:00+00:00,2021-05-27 11:45:00+00:00,H2,2021-05-27 11:45:00+00:00
LONDON,LONG,external,2021-05-27 08:00:00+00:00,2021-05-27 13:30:00+00:00,2867.37,2684.0,2021-05-27 14:25:00+00:00,True,2021-05-27 14:30:00+00:00,2021-05-27 14:35:00+00:00,NO_H2,
ALT_0330,LONG,external,2021-05-31 03:30:00+00:00,2021-05-31 09:00:00+00:00,2509.11,2281.0,2021-05-31 09:25:00+00:00,False,,,BREAK_DURING_K1,2021-05-31 09:30:00+00:00
RAW_0530,LONG,external,2021-05-31 05:30:00+00:00,2021-05-31 11:00:00+00:00,2563.0,2313.57,2021-05-31 11:00:00+00:00,False,,,BREAK_DURING_K1,2021-05-31 11:10:00+00:00
RAW_2330,LONG,external,2021-06-01 23:30:00+00:00,2021-06-02 05:00:00+00:00,2652.96,2551.03,2021-06-02 06:00:00+00:00,True,2021-06-02 06:05:00+00:00,2021-06-02 06:10:00+00:00,H2,2021-06-02 06:15:00+00:00
ALT_0330,LONG,external,2021-06-02 03:30:00+00:00,2021-06-02 09:00:00+00:00,2717.63,2608.56,2021-06-02 09:00:00+00:00,True,2021-06-02 09:10:00+00:00,2021-06-02 09:15:00+00:00,H2,2021-06-02 12:10:00+00:00
LONDON,LONG,external,2021-06-02 08:00:00+00:00,2021-06-02 13:30:00+00:00,2749.44,2661.0,2021-06-02 13:30:00+00:00,True,2021-06-02 13:35:00+00:00,2021-06-02 13:40:00+00:00,H2,2021-06-02 14:30:00+00:00
SHORT_2000,SHORT,external,2021-06-02 20:00:00+00:00,2021-06-03 01:30:00+00:00,2765.0,2673.0,2021-06-03 01:50:00+00:00,False,,,BREAK_DURING_K1,2021-06-03 01:55:00+00:00
SHORT_2000,SHORT,external,2021-06-03 20:00:00+00:00,2021-06-04 01:30:00+00:00,2873.47,2696.84,2021-06-04 02:10:00+00:00,True,2021-06-04 02:20:00+00:00,2021-06-04 02:25:00+00:00,H2,2021-06-04 05:10:00+00:00
RAW_0530,LONG,external,2021-06-07 05:30:00+00:00,2021-06-07 11:00:00+00:00,2838.0,2733.8,2021-06-07 12:35:00+00:00,True,2021-06-07 12:40:00+00:00,2021-06-07 12:45:00+00:00,H2,2021-06-07 13:00:00+00:00
SHORT_2000,SHORT,external,2021-06-07 20:00:00+00:00,2021-06-08 01:30:00+00:00,2740.48,2557.26,2021-06-08 02:40:00+00:00,False,,,BREAK_DURING_K1,2021-06-08 02:45:00+00:00
ALT_0330,LONG,external,2021-06-09 03:30:00+00:00,2021-06-09 09:00:00+00:00,2541.21,2404.01,2021-06-09 11:55:00+00:00,False,,,BREAK_DURING_K1,2021-06-09 12:00:00+00:00
RAW_0530,LONG,external,2021-06-09 05:30:00+00:00,2021-06-09 11:00:00+00:00,2541.21,2463.21,2021-06-09 11:55:00+00:00,False,,,BREAK_DURING_K1,2021-06-09 12:00:00+00:00
SHORT_2000,SHORT,external,2021-06-23 20:00:00+00:00,2021-06-24 01:30:00+00:00,1981.32,1907.21,2021-06-24 01:45:00+00:00,False,,,BREAK_DURING_K1,2021-06-24 01:55:00+00:00
ALT_0330,LONG,external,2021-06-24 03:30:00+00:00,2021-06-24 09:00:00+00:00,1953.99,1890.21,2021-06-24 09:00:00+00:00,True,2021-06-24 09:05:00+00:00,2021-06-24 09:10:00+00:00,H2,2021-06-24 09:35:00+00:00
ALT_0330,LONG,external,2021-06-28 03:30:00+00:00,2021-06-28 09:00:00+00:00,2083.63,1962.3,2021-06-28 15:05:00+00:00,True,2021-06-28 15:15:00+00:00,2021-06-28 15:20:00+00:00,H2,2021-06-28 15:20:00+00:00
RAW_0530,LONG,external,2021-06-28 05:30:00+00:00,2021-06-28 11:00:00+00:00,2083.63,1963.5,2021-06-28 15:05:00+00:00,True,2021-06-28 15:15:00+00:00,2021-06-28 15:20:00+00:00,H2,2021-06-28 15:20:00+00:00
LONDON,LONG,external,2021-06-28 08:00:00+00:00,2021-06-28 13:30:00+00:00,2083.63,1975.45,2021-06-28 15:05:00+00:00,True,2021-06-28 15:15:00+00:00,2021-06-28 15:20:00+00:00,H2,2021-06-28 15:20:00+00:00
ALT_0330,LONG,external,2021-06-29 03:30:00+00:00,2021-06-29 09:00:00+00:00,2170.0,2093.85,2021-06-29 10:35:00+00:00,True,2021-06-29 10:45:00+00:00,2021-06-29 10:50:00+00:00,H2,2021-06-29 10:50:00+00:00
LONDON,LONG,external,2021-06-29 08:00:00+00:00,2021-06-29 13:30:00+00:00,2216.78,2111.94,2021-06-29 13:30:00+00:00,False,,,BREAK_DURING_K1,2021-06-29 13:35:00+00:00
SHORT_2000,SHORT,external,2021-07-01 20:00:00+00:00,2021-07-02 01:30:00+00:00,2140.0,2094.02,2021-07-02 01:30:00+00:00,False,,,BREAK_DURING_K1,2021-07-02 01:40:00+00:00
RAW_0530,LONG,external,2021-07-02 05:30:00+00:00,2021-07-02 11:00:00+00:00,2079.0,2016.43,2021-07-02 14:20:00+00:00,False,,,BREAK_DURING_K1,2021-07-02 14:25:00+00:00
LONDON,LONG,external,2021-07-02 08:00:00+00:00,2021-07-02 13:30:00+00:00,2079.0,2016.43,2021-07-02 14:20:00+00:00,False,,,BREAK_DURING_K1,2021-07-02 14:25:00+00:00
RAW_2330,LONG,external,2021-07-05 23:30:00+00:00,2021-07-06 05:00:00+00:00,2320.0,2191.24,2021-07-06 05:00:00+00:00,True,2021-07-06 05:05:00+00:00,2021-07-06 05:10:00+00:00,H2,2021-07-06 05:15:00+00:00
RAW_2330,LONG,external,2021-07-06 23:30:00+00:00,2021-07-07 05:00:00+00:00,2401.88,2292.94,2021-07-07 07:50:00+00:00,True,2021-07-07 07:55:00+00:00,2021-07-07 08:00:00+00:00,NO_H2,
RAW_2330,LONG,external,2021-07-08 23:30:00+00:00,2021-07-09 05:00:00+00:00,2153.15,2045.0,2021-07-09 05:05:00+00:00,True,2021-07-09 05:10:00+00:00,2021-07-09 05:15:00+00:00,H2,2021-07-09 05:15:00+00:00
LONDON,LONG,external,2021-07-09 08:00:00+00:00,2021-07-09 13:30:00+00:00,2143.0,2063.3,2021-07-09 13:30:00+00:00,True,2021-07-09 13:35:00+00:00,2021-07-09 13:40:00+00:00,H2,2021-07-09 14:00:00+00:00
RAW_2330,LONG,external,2021-07-13 23:30:00+00:00,2021-07-14 05:00:00+00:00,1950.35,1862.32,2021-07-14 09:15:00+00:00,True,2021-07-14 09:20:00+00:00,2021-07-14 09:25:00+00:00,H2,2021-07-14 10:25:00+00:00
LONDON,LONG,external,2021-07-14 08:00:00+00:00,2021-07-14 13:30:00+00:00,1990.08,1870.11,2021-07-14 13:30:00+00:00,False,,,BREAK_DURING_K1,2021-07-14 13:40:00+00:00
RAW_0530,LONG,external,2021-07-16 05:30:00+00:00,2021-07-16 11:00:00+00:00,1939.4,1846.0,2021-07-16 16:00:00+00:00,True,2021-07-16 16:05:00+00:00,2021-07-16 16:10:00+00:00,NO_H2,
LONDON,LONG,external,2021-07-16 08:00:00+00:00,2021-07-16 13:30:00+00:00,1913.62,1846.0,2021-07-16 13:30:00+00:00,True,2021-07-16 13:35:00+00:00,2021-07-16 13:40:00+00:00,H2,2021-07-16 14:40:00+00:00
RAW_0530,LONG,external,2021-07-20 05:30:00+00:00,2021-07-20 11:00:00+00:00,1768.5,1716.0,2021-07-20 14:05:00+00:00,True,2021-07-20 14:10:00+00:00,2021-07-20 14:15:00+00:00,H2,2021-07-20 15:00:00+00:00
LONDON,LONG,external,2021-07-20 08:00:00+00:00,2021-07-20 13:30:00+00:00,1763.03,1716.0,2021-07-20 14:05:00+00:00,True,2021-07-20 14:10:00+00:00,2021-07-20 14:15:00+00:00,H2,2021-07-20 14:25:00+00:00
RAW_2330,LONG,external,2021-07-20 23:30:00+00:00,2021-07-21 05:00:00+00:00,1871.6,1752.35,2021-07-21 06:45:00+00:00,False,,,BREAK_DURING_K1,2021-07-21 06:50:00+00:00
LONDON,LONG,external,2021-07-21 08:00:00+00:00,2021-07-21 13:30:00+00:00,1920.0,1859.9,2021-07-21 14:10:00+00:00,False,,,BREAK_DURING_K1,2021-07-21 14:15:00+00:00
LONDON,LONG,external,2021-07-22 08:00:00+00:00,2021-07-22 13:30:00+00:00,2018.2,1945.0,2021-07-22 15:25:00+00:00,True,2021-07-22 15:35:00+00:00,2021-07-22 15:40:00+00:00,H2,2021-07-22 15:40:00+00:00
RAW_2330,LONG,external,2021-07-22 23:30:00+00:00,2021-07-23 05:00:00+00:00,2086.0,2010.85,2021-07-23 05:10:00+00:00,True,2021-07-23 05:15:00+00:00,2021-07-23 05:20:00+00:00,H2,2021-07-23 05:30:00+00:00
LONDON,LONG,external,2021-07-23 08:00:00+00:00,2021-07-23 13:30:00+00:00,2072.78,2037.24,2021-07-23 13:45:00+00:00,False,,,BREAK_DURING_K1,2021-07-23 13:50:00+00:00
RAW_2330,LONG,external,2021-07-26 23:30:00+00:00,2021-07-27 05:00:00+00:00,2249.29,2150.0,2021-07-27 10:50:00+00:00,True,2021-07-27 10:55:00+00:00,2021-07-27 11:00:00+00:00,NO_H2,
ALT_0330,LONG,external,2021-07-27 03:30:00+00:00,2021-07-27 09:00:00+00:00,2220.0,2165.36,2021-07-27 09:05:00+00:00,True,2021-07-27 09:15:00+00:00,2021-07-27 09:20:00+00:00,H2,2021-07-27 09:25:00+00:00
LONDON,LONG,external,2021-07-27 08:00:00+00:00,2021-07-27 13:30:00+00:00,2317.36,2192.0,2021-07-27 13:35:00+00:00,True,2021-07-27 13:45:00+00:00,2021-07-27 13:50:00+00:00,NO_H2,
ALT_0330,LONG,external,2021-07-28 03:30:00+00:00,2021-07-28 09:00:00+00:00,2315.0,2242.2,2021-07-28 11:10:00+00:00,True,2021-07-28 11:15:00+00:00,2021-07-28 11:20:00+00:00,H2,2021-07-28 11:20:00+00:00
RAW_0530,LONG,external,2021-07-28 05:30:00+00:00,2021-07-28 11:00:00+00:00,2315.0,2242.2,2021-07-28 11:10:00+00:00,True,2021-07-28 11:15:00+00:00,2021-07-28 11:20:00+00:00,H2,2021-07-28 11:20:00+00:00
RAW_2330,LONG,external,2021-07-28 23:30:00+00:00,2021-07-29 05:00:00+00:00,2307.62,2263.33,2021-07-29 09:10:00+00:00,False,,,BREAK_DURING_K1,2021-07-29 09:15:00+00:00
ALT_0330,LONG,external,2021-07-29 03:30:00+00:00,2021-07-29 09:00:00+00:00,2305.81,2270.0,2021-07-29 09:10:00+00:00,False,,,BREAK_DURING_K1,2021-07-29 09:15:00+00:00
LONDON,LONG,external,2021-07-29 08:00:00+00:00,2021-07-29 13:30:00+00:00,2328.0,2280.54,2021-07-29 15:10:00+00:00,True,2021-07-29 15:15:00+00:00,2021-07-29 15:20:00+00:00,H2,2021-07-29 16:00:00+00:00
LONDON,LONG,external,2021-08-02 08:00:00+00:00,2021-08-02 13:30:00+00:00,2624.35,2556.0,2021-08-02 13:55:00+00:00,False,,,BREAK_DURING_K1,2021-08-02 14:00:00+00:00
SHORT_2000,SHORT,external,2021-08-02 20:00:00+00:00,2021-08-03 01:30:00+00:00,2638.31,2574.74,2021-08-03 01:40:00+00:00,False,,,BREAK_DURING_K1,2021-08-03 01:45:00+00:00
ALT_0330,LONG,external,2021-08-04 03:30:00+00:00,2021-08-04 09:00:00+00:00,2516.5,2456.83,2021-08-04 12:00:00+00:00,False,,,BREAK_DURING_K1,2021-08-04 12:05:00+00:00
RAW_0530,LONG,external,2021-08-04 05:30:00+00:00,2021-08-04 11:00:00+00:00,2516.5,2456.83,2021-08-04 12:00:00+00:00,False,,,BREAK_DURING_K1,2021-08-04 12:05:00+00:00
LONDON,LONG,external,2021-08-04 08:00:00+00:00,2021-08-04 13:30:00+00:00,2619.23,2456.83,2021-08-04 13:30:00+00:00,False,,,BREAK_DURING_K1,2021-08-04 13:35:00+00:00
SHORT_2000,SHORT,external,2021-08-05 20:00:00+00:00,2021-08-06 01:30:00+00:00,2846.63,2760.0,2021-08-06 03:45:00+00:00,True,2021-08-06 03:55:00+00:00,2021-08-06 04:00:00+00:00,H2,2021-08-06 04:00:00+00:00
SHORT_2000,SHORT,external,2021-08-08 20:00:00+00:00,2021-08-09 01:30:00+00:00,3066.0,2903.17,2021-08-09 06:15:00+00:00,True,2021-08-09 06:25:00+00:00,2021-08-09 06:30:00+00:00,H2,2021-08-09 06:30:00+00:00
RAW_0530,LONG,external,2021-08-09 05:30:00+00:00,2021-08-09 11:00:00+00:00,3109.99,2890.03,2021-08-09 11:00:00+00:00,False,,,BREAK_DURING_K1,2021-08-09 11:05:00+00:00
LONDON,LONG,external,2021-08-09 08:00:00+00:00,2021-08-09 13:30:00+00:00,3155.92,2933.92,2021-08-09 14:05:00+00:00,True,2021-08-09 14:10:00+00:00,2021-08-09 14:15:00+00:00,H2,2021-08-09 14:20:00+00:00
RAW_2330,LONG,external,2021-08-10 23:30:00+00:00,2021-08-11 05:00:00+00:00,3191.0,3120.69,2021-08-11 06:00:00+00:00,True,2021-08-11 06:05:00+00:00,2021-08-11 06:10:00+00:00,H2,2021-08-11 06:20:00+00:00
SHORT_2000,SHORT,external,2021-08-10 20:00:00+00:00,2021-08-11 01:30:00+00:00,3200.0,3123.83,2021-08-11 02:45:00+00:00,True,2021-08-11 02:50:00+00:00,2021-08-11 02:55:00+00:00,OPPOSITE,2021-08-11 06:20:00+00:00
RAW_0530,LONG,external,2021-08-17 05:30:00+00:00,2021-08-17 11:00:00+00:00,3251.7,3135.0,2021-08-17 11:25:00+00:00,True,2021-08-17 11:35:00+00:00,2021-08-17 11:40:00+00:00,H2,2021-08-17 11:40:00+00:00
RAW_2330,LONG,external,2021-08-17 23:30:00+00:00,2021-08-18 05:00:00+00:00,3060.0,2950.0,2021-08-18 05:15:00+00:00,False,,,BREAK_DURING_K1,2021-08-18 05:20:00+00:00
RAW_2330,LONG,external,2021-08-22 23:30:00+00:00,2021-08-23 05:00:00+00:00,3365.25,3233.07,2021-08-23 10:05:00+00:00,True,2021-08-23 10:10:00+00:00,2021-08-23 10:15:00+00:00,NO_H2,
ALT_0330,LONG,external,2021-08-23 03:30:00+00:00,2021-08-23 09:00:00+00:00,3365.25,3315.01,2021-08-23 10:05:00+00:00,True,2021-08-23 10:10:00+00:00,2021-08-23 10:15:00+00:00,H2,2021-08-23 14:15:00+00:00
RAW_2330,LONG,external,2021-08-23 23:30:00+00:00,2021-08-24 05:00:00+00:00,3353.64,3285.0,2021-08-24 06:55:00+00:00,True,2021-08-24 07:00:00+00:00,2021-08-24 07:05:00+00:00,H2,2021-08-24 07:05:00+00:00
RAW_2330,LONG,external,2021-08-24 23:30:00+00:00,2021-08-25 05:00:00+00:00,3219.49,3161.0,2021-08-25 06:00:00+00:00,True,2021-08-25 06:05:00+00:00,2021-08-25 06:10:00+00:00,H2,2021-08-25 06:45:00+00:00
RAW_0530,LONG,external,2021-08-25 05:30:00+00:00,2021-08-25 11:00:00+00:00,3224.74,3078.52,2021-08-25 15:50:00+00:00,True,2021-08-25 15:55:00+00:00,2021-08-25 16:00:00+00:00,H2,2021-08-25 16:00:00+00:00
LONDON,LONG,external,2021-08-25 08:00:00+00:00,2021-08-25 13:30:00+00:00,3191.55,3078.52,2021-08-25 14:50:00+00:00,True,2021-08-25 15:00:00+00:00,2021-08-25 15:05:00+00:00,H2,2021-08-25 15:05:00+00:00
ALT_0330,LONG,external,2021-08-27 03:30:00+00:00,2021-08-27 09:00:00+00:00,3133.42,3077.31,2021-08-27 11:10:00+00:00,True,2021-08-27 11:15:00+00:00,2021-08-27 11:20:00+00:00,H2,2021-08-27 11:20:00+00:00
RAW_0530,LONG,external,2021-08-27 05:30:00+00:00,2021-08-27 11:00:00+00:00,3133.42,3092.06,2021-08-27 11:10:00+00:00,True,2021-08-27 11:15:00+00:00,2021-08-27 11:20:00+00:00,H2,2021-08-27 11:20:00+00:00
SHORT_2000,SHORT,external,2021-08-29 20:00:00+00:00,2021-08-30 01:30:00+00:00,3259.1,3181.34,2021-08-30 03:20:00+00:00,False,,,BREAK_DURING_K1,2021-08-30 03:25:00+00:00
RAW_2330,LONG,external,2021-08-30 23:30:00+00:00,2021-08-31 05:00:00+00:00,3260.72,3187.85,2021-08-31 07:15:00+00:00,False,,,BREAK_DURING_K1,2021-08-31 07:20:00+00:00
RAW_2330,LONG,external,2021-08-31 23:30:00+00:00,2021-09-01 05:00:00+00:00,3462.41,3381.23,2021-09-01 05:00:00+00:00,False,,,BREAK_DURING_K1,2021-09-01 05:05:00+00:00
ALT_0330,LONG,external,2021-09-01 03:30:00+00:00,2021-09-01 09:00:00+00:00,3548.0,3409.23,2021-09-01 09:10:00+00:00,False,,,BREAK_DURING_K1,2021-09-01 09:15:00+00:00
RAW_0530,LONG,external,2021-09-01 05:30:00+00:00,2021-09-01 11:00:00+00:00,3564.0,3483.92,2021-09-01 14:30:00+00:00,True,2021-09-01 14:35:00+00:00,2021-09-01 14:40:00+00:00,H2,2021-09-01 15:40:00+00:00
LONDON,LONG,external,2021-09-01 08:00:00+00:00,2021-09-01 13:30:00+00:00,3564.0,3514.01,2021-09-01 14:30:00+00:00,True,2021-09-01 14:35:00+00:00,2021-09-01 14:40:00+00:00,H2,2021-09-01 15:40:00+00:00
LONDON,LONG,external,2021-09-02 08:00:00+00:00,2021-09-02 13:30:00+00:00,3800.0,3730.03,2021-09-02 13:45:00+00:00,True,2021-09-02 13:50:00+00:00,2021-09-02 13:55:00+00:00,H2,2021-09-02 14:05:00+00:00
SHORT_2000,SHORT,external,2021-09-02 20:00:00+00:00,2021-09-03 01:30:00+00:00,3834.8,3720.28,2021-09-03 01:30:00+00:00,True,2021-09-03 01:35:00+00:00,2021-09-03 01:40:00+00:00,NO_H2,
RAW_0530,LONG,external,2021-09-03 05:30:00+00:00,2021-09-03 11:00:00+00:00,3989.0,3781.33,2021-09-03 12:30:00+00:00,True,2021-09-03 12:35:00+00:00,2021-09-03 12:40:00+00:00,H2,2021-09-03 14:15:00+00:00
LONDON,LONG,external,2021-09-03 08:00:00+00:00,2021-09-03 13:30:00+00:00,3989.33,3793.89,2021-09-03 14:15:00+00:00,False,,,BREAK_DURING_K1,2021-09-03 14:20:00+00:00
RAW_2330,LONG,external,2021-09-05 23:30:00+00:00,2021-09-06 05:00:00+00:00,3967.92,3900.03,2021-09-06 08:45:00+00:00,True,2021-09-06 09:05:00+00:00,2021-09-06 09:10:00+00:00,NO_H2,
SHORT_2000,SHORT,external,2021-09-06 20:00:00+00:00,2021-09-07 01:30:00+00:00,3975.0,3891.0,2021-09-07 07:10:00+00:00,True,2021-09-07 07:20:00+00:00,2021-09-07 07:25:00+00:00,H2,2021-09-07 07:45:00+00:00
RAW_0530,LONG,external,2021-09-08 05:30:00+00:00,2021-09-08 11:00:00+00:00,3483.47,3217.01,2021-09-08 16:40:00+00:00,True,2021-09-08 16:45:00+00:00,2021-09-08 16:50:00+00:00,H2,2021-09-08 16:50:00+00:00
SHORT_2000,SHORT,external,2021-09-12 20:00:00+00:00,2021-09-13 01:30:00+00:00,3451.0,3303.4,2021-09-13 02:25:00+00:00,True,2021-09-13 02:35:00+00:00,2021-09-13 02:40:00+00:00,H2,2021-09-13 02:40:00+00:00
ALT_0330,LONG,external,2021-09-13 03:30:00+00:00,2021-09-13 09:00:00+00:00,3299.07,3165.84,2021-09-13 13:30:00+00:00,False,,,BREAK_DURING_K1,2021-09-13 13:35:00+00:00
RAW_0530,LONG,external,2021-09-13 05:30:00+00:00,2021-09-13 11:00:00+00:00,3298.0,3165.84,2021-09-13 13:30:00+00:00,False,,,BREAK_DURING_K1,2021-09-13 13:35:00+00:00
ALT_0330,LONG,external,2021-09-14 03:30:00+00:00,2021-09-14 09:00:00+00:00,3359.92,3273.11,2021-09-14 09:00:00+00:00,True,2021-09-14 09:05:00+00:00,2021-09-14 09:10:00+00:00,H2,2021-09-14 13:05:00+00:00
RAW_0530,LONG,external,2021-09-14 05:30:00+00:00,2021-09-14 11:00:00+00:00,3364.0,3280.5,2021-09-14 13:30:00+00:00,False,,,BREAK_DURING_K1,2021-09-14 13:35:00+00:00
LONDON,LONG,external,2021-09-14 08:00:00+00:00,2021-09-14 13:30:00+00:00,3364.0,3291.25,2021-09-14 13:30:00+00:00,False,,,BREAK_DURING_K1,2021-09-14 13:35:00+00:00
LONDON,LONG,external,2021-09-15 08:00:00+00:00,2021-09-15 13:30:00+00:00,3445.0,3379.45,2021-09-15 14:10:00+00:00,True,2021-09-15 14:15:00+00:00,2021-09-15 14:20:00+00:00,H2,2021-09-15 15:00:00+00:00
SHORT_2000,SHORT,external,2021-09-15 20:00:00+00:00,2021-09-16 01:30:00+00:00,3622.77,3534.66,2021-09-16 03:20:00+00:00,True,2021-09-16 03:30:00+00:00,2021-09-16 03:35:00+00:00,OPPOSITE,2021-09-16 04:15:00+00:00
RAW_2330,LONG,external,2021-09-21 23:30:00+00:00,2021-09-22 05:00:00+00:00,2895.82,2721.44,2021-09-22 06:30:00+00:00,False,,,BREAK_DURING_K1,2021-09-22 06:35:00+00:00
RAW_2330,LONG,external,2021-09-22 23:30:00+00:00,2021-09-23 05:00:00+00:00,3134.08,3032.77,2021-09-23 05:15:00+00:00,True,2021-09-23 05:20:00+00:00,2021-09-23 05:25:00+00:00,H2,2021-09-23 06:55:00+00:00
SHORT_2000,SHORT,external,2021-09-27 20:00:00+00:00,2021-09-28 01:30:00+00:00,3026.55,2891.04,2021-09-28 07:20:00+00:00,False,,,BREAK_DURING_K1,2021-09-28 07:25:00+00:00
RAW_0530,LONG,external,2021-09-28 05:30:00+00:00,2021-09-28 11:00:00+00:00,2951.78,2874.1,2021-09-28 13:05:00+00:00,True,2021-09-28 13:10:00+00:00,2021-09-28 13:15:00+00:00,OPPOSITE,2021-09-28 14:15:00+00:00
ALT_0330,LONG,external,2021-10-01 03:30:00+00:00,2021-10-01 09:00:00+00:00,3125.0,2967.1,2021-10-01 09:00:00+00:00,True,2021-10-01 09:05:00+00:00,2021-10-01 09:10:00+00:00,H2,2021-10-01 09:35:00+00:00
LONDON,LONG,external,2021-10-01 08:00:00+00:00,2021-10-01 13:30:00+00:00,3279.91,3089.77,2021-10-01 17:00:00+00:00,True,2021-10-01 17:05:00+00:00,2021-10-01 17:10:00+00:00,H2,2021-10-01 17:45:00+00:00
RAW_2330,LONG,external,2021-10-04 23:30:00+00:00,2021-10-05 05:00:00+00:00,3419.71,3363.56,2021-10-05 08:55:00+00:00,True,2021-10-05 09:05:00+00:00,2021-10-05 09:10:00+00:00,H2,2021-10-05 09:40:00+00:00
ALT_0330,LONG,external,2021-10-05 03:30:00+00:00,2021-10-05 09:00:00+00:00,3421.0,3365.0,2021-10-05 09:00:00+00:00,True,2021-10-05 09:05:00+00:00,2021-10-05 09:10:00+00:00,H2,2021-10-05 09:40:00+00:00
LONDON,LONG,external,2021-10-05 08:00:00+00:00,2021-10-05 13:30:00+00:00,3475.79,3381.0,2021-10-05 19:15:00+00:00,True,2021-10-05 19:20:00+00:00,2021-10-05 19:25:00+00:00,H2,2021-10-05 19:40:00+00:00
LONDON,LONG,external,2021-10-06 08:00:00+00:00,2021-10-06 13:30:00+00:00,3598.19,3339.67,2021-10-06 13:45:00+00:00,True,2021-10-06 13:55:00+00:00,2021-10-06 14:00:00+00:00,H2,2021-10-06 14:55:00+00:00
SHORT_2000,SHORT,external,2021-10-07 20:00:00+00:00,2021-10-08 01:30:00+00:00,3659.98,3559.91,2021-10-08 03:10:00+00:00,True,2021-10-08 03:20:00+00:00,2021-10-08 03:25:00+00:00,H2,2021-10-08 03:25:00+00:00
RAW_2330,LONG,external,2021-10-10 23:30:00+00:00,2021-10-11 05:00:00+00:00,3542.95,3368.0,2021-10-11 07:25:00+00:00,False,,,BREAK_DURING_K1,2021-10-11 07:30:00+00:00
RAW_2330,LONG,external,2021-10-13 23:30:00+00:00,2021-10-14 05:00:00+00:00,3662.27,3588.0,2021-10-14 05:00:00+00:00,True,2021-10-14 05:05:00+00:00,2021-10-14 05:10:00+00:00,H2,2021-10-14 11:10:00+00:00
RAW_0530,LONG,external,2021-10-14 05:30:00+00:00,2021-10-14 11:00:00+00:00,3654.5,3615.02,2021-10-14 11:05:00+00:00,False,,,BREAK_DURING_K1,2021-10-14 11:10:00+00:00
LONDON,LONG,external,2021-10-14 08:00:00+00:00,2021-10-14 13:30:00+00:00,3766.54,3622.63,2021-10-14 13:30:00+00:00,False,,,BREAK_DURING_K1,2021-10-14 13:35:00+00:00
ALT_0330,LONG,external,2021-10-19 03:30:00+00:00,2021-10-19 09:00:00+00:00,3848.48,3769.83,2021-10-19 13:30:00+00:00,True,2021-10-19 13:40:00+00:00,2021-10-19 13:45:00+00:00,OPPOSITE,2021-10-19 14:25:00+00:00
ALT_0330,LONG,external,2021-10-20 03:30:00+00:00,2021-10-20 09:00:00+00:00,3876.19,3830.0,2021-10-20 09:55:00+00:00,True,2021-10-20 10:00:00+00:00,2021-10-20 10:05:00+00:00,H2,2021-10-20 12:00:00+00:00
RAW_0530,LONG,external,2021-10-20 05:30:00+00:00,2021-10-20 11:00:00+00:00,3876.95,3830.0,2021-10-20 12:05:00+00:00,False,,,BREAK_DURING_K1,2021-10-20 12:10:00+00:00
RAW_0530,LONG,external,2021-10-21 05:30:00+00:00,2021-10-21 11:00:00+00:00,4328.16,4112.18,2021-10-21 11:05:00+00:00,False,,,BREAK_DURING_K1,2021-10-21 11:10:00+00:00
LONDON,LONG,external,2021-10-25 08:00:00+00:00,2021-10-25 13:30:00+00:00,4166.19,4110.0,2021-10-25 14:00:00+00:00,True,2021-10-25 14:05:00+00:00,2021-10-25 14:10:00+00:00,H2,2021-10-25 15:40:00+00:00
RAW_2330,LONG,external,2021-10-27 23:30:00+00:00,2021-10-28 05:00:00+00:00,4026.0,3887.75,2021-10-28 06:00:00+00:00,True,2021-10-28 06:05:00+00:00,2021-10-28 06:10:00+00:00,H2,2021-10-28 06:25:00+00:00
LONDON,LONG,external,2021-10-28 08:00:00+00:00,2021-10-28 13:30:00+00:00,4199.32,4011.59,2021-10-28 13:30:00+00:00,True,2021-10-28 13:35:00+00:00,2021-10-28 13:40:00+00:00,H2,2021-10-28 17:00:00+00:00
ALT_0330,LONG,external,2021-11-01 03:30:00+00:00,2021-11-01 09:00:00+00:00,4343.99,4145.0,2021-11-01 09:15:00+00:00,True,2021-11-01 09:20:00+00:00,2021-11-01 09:25:00+00:00,H2,2021-11-01 11:00:00+00:00
RAW_0530,LONG,external,2021-11-01 05:30:00+00:00,2021-11-01 11:00:00+00:00,4350.0,4198.95,2021-11-01 11:00:00+00:00,False,,,BREAK_DURING_K1,2021-11-01 11:05:00+00:00
RAW_2330,LONG,external,2021-11-01 23:30:00+00:00,2021-11-02 05:00:00+00:00,4377.01,4286.67,2021-11-02 06:00:00+00:00,True,2021-11-02 06:05:00+00:00,2021-11-02 06:10:00+00:00,H2,2021-11-02 06:30:00+00:00
ALT_0330,LONG,external,2021-11-03 03:30:00+00:00,2021-11-03 09:00:00+00:00,4619.95,4538.89,2021-11-03 09:25:00+00:00,True,2021-11-03 09:30:00+00:00,2021-11-03 09:35:00+00:00,OPPOSITE,2021-11-03 12:40:00+00:00
RAW_0530,LONG,external,2021-11-04 05:30:00+00:00,2021-11-04 11:00:00+00:00,4585.0,4484.16,2021-11-04 14:00:00+00:00,True,2021-11-04 14:05:00+00:00,2021-11-04 14:10:00+00:00,OPPOSITE,2021-11-04 15:20:00+00:00
RAW_2330,LONG,external,2021-11-07 23:30:00+00:00,2021-11-08 05:00:00+00:00,4744.0,4598.66,2021-11-08 06:15:00+00:00,False,,,BREAK_DURING_K1,2021-11-08 06:20:00+00:00
RAW_2330,LONG,external,2021-11-08 23:30:00+00:00,2021-11-09 05:00:00+00:00,4830.66,4781.0,2021-11-09 06:00:00+00:00,True,2021-11-09 06:05:00+00:00,2021-11-09 06:10:00+00:00,OPPOSITE,2021-11-09 08:10:00+00:00
RAW_2330,LONG,external,2021-11-10 23:30:00+00:00,2021-11-11 05:00:00+00:00,4660.71,4580.9,2021-11-11 05:25:00+00:00,True,2021-11-11 05:35:00+00:00,2021-11-11 05:40:00+00:00,H2,2021-11-11 06:00:00+00:00
ALT_0330,LONG,external,2021-11-11 03:30:00+00:00,2021-11-11 09:00:00+00:00,4725.0,4622.35,2021-11-11 09:00:00+00:00,True,2021-11-11 09:05:00+00:00,2021-11-11 09:10:00+00:00,H2,2021-11-11 09:15:00+00:00
RAW_0530,LONG,external,2021-11-15 05:30:00+00:00,2021-11-15 11:00:00+00:00,4750.0,4662.26,2021-11-15 12:55:00+00:00,False,,,BREAK_DURING_K1,2021-11-15 13:00:00+00:00
LONDON,LONG,external,2021-11-16 08:00:00+00:00,2021-11-16 13:30:00+00:00,4345.0,4077.0,2021-11-16 14:45:00+00:00,True,2021-11-16 14:50:00+00:00,2021-11-16 14:55:00+00:00,NO_H2,
LONDON,LONG,external,2021-11-17 08:00:00+00:00,2021-11-17 13:30:00+00:00,4262.45,4100.67,2021-11-17 19:00:00+00:00,False,,,BREAK_DURING_K1,2021-11-17 19:05:00+00:00
ALT_0330,LONG,external,2021-11-19 03:30:00+00:00,2021-11-19 09:00:00+00:00,4169.97,3981.01,2021-11-19 09:15:00+00:00,True,2021-11-19 09:25:00+00:00,2021-11-19 09:30:00+00:00,H2,2021-11-19 12:25:00+00:00
SHORT_2000,SHORT,external,2021-11-21 20:00:00+00:00,2021-11-22 01:30:00+00:00,4389.99,4166.82,2021-11-22 02:25:00+00:00,True,2021-11-22 02:30:00+00:00,2021-11-22 02:35:00+00:00,H2,2021-11-22 03:30:00+00:00
SHORT_2000,SHORT,external,2021-11-23 20:00:00+00:00,2021-11-24 01:30:00+00:00,4387.0,4312.04,2021-11-24 01:50:00+00:00,False,,,BREAK_DURING_K1,2021-11-24 01:55:00+00:00
LONDON,LONG,external,2021-11-25 08:00:00+00:00,2021-11-25 13:30:00+00:00,4472.53,4274.07,2021-11-25 13:30:00+00:00,True,2021-11-25 13:35:00+00:00,2021-11-25 13:40:00+00:00,H2,2021-11-25 14:15:00+00:00
RAW_0530,LONG,external,2021-11-29 05:30:00+00:00,2021-11-29 11:00:00+00:00,4368.31,4280.0,2021-11-29 13:45:00+00:00,True,2021-11-29 13:55:00+00:00,2021-11-29 14:00:00+00:00,H2,2021-11-29 14:00:00+00:00
LONDON,LONG,external,2021-11-29 08:00:00+00:00,2021-11-29 13:30:00+00:00,4361.0,4280.0,2021-11-29 13:40:00+00:00,False,,,BREAK_DURING_K1,2021-11-29 13:45:00+00:00
SHORT_2000,SHORT,external,2021-11-29 20:00:00+00:00,2021-11-30 01:30:00+00:00,4505.68,4385.74,2021-11-30 06:00:00+00:00,False,,,BREAK_DURING_K1,2021-11-30 06:10:00+00:00
ALT_0330,LONG,external,2021-11-30 03:30:00+00:00,2021-11-30 09:00:00+00:00,4480.0,4347.9,2021-11-30 10:50:00+00:00,False,,,BREAK_DURING_K1,2021-11-30 10:55:00+00:00
RAW_0530,LONG,external,2021-11-30 05:30:00+00:00,2021-11-30 11:00:00+00:00,4497.71,4347.9,2021-11-30 11:10:00+00:00,False,,,BREAK_DURING_K1,2021-11-30 11:15:00+00:00
LONDON,LONG,external,2021-11-30 08:00:00+00:00,2021-11-30 13:30:00+00:00,4644.0,4392.89,2021-11-30 13:45:00+00:00,False,,,BREAK_DURING_K1,2021-11-30 13:55:00+00:00
RAW_2330,LONG,external,2021-11-30 23:30:00+00:00,2021-12-01 05:00:00+00:00,4775.27,4603.2,2021-12-01 07:15:00+00:00,True,2021-12-01 07:20:00+00:00,2021-12-01 07:25:00+00:00,H2,2021-12-01 07:45:00+00:00
ALT_0330,LONG,external,2021-12-02 03:30:00+00:00,2021-12-02 09:00:00+00:00,4602.0,4466.02,2021-12-02 09:10:00+00:00,True,2021-12-02 09:15:00+00:00,2021-12-02 09:20:00+00:00,H2,2021-12-02 15:00:00+00:00
SHORT_2000,SHORT,external,2021-12-02 20:00:00+00:00,2021-12-03 01:30:00+00:00,4560.0,4473.59,2021-12-03 02:45:00+00:00,True,2021-12-03 02:50:00+00:00,2021-12-03 02:55:00+00:00,OPPOSITE,2021-12-03 05:40:00+00:00
RAW_2330,LONG,external,2021-12-06 23:30:00+00:00,2021-12-07 05:00:00+00:00,4385.0,4302.9,2021-12-07 08:20:00+00:00,False,,,BREAK_DURING_K1,2021-12-07 08:25:00+00:00
ALT_0330,LONG,external,2021-12-07 03:30:00+00:00,2021-12-07 09:00:00+00:00,4417.63,4326.24,2021-12-07 09:05:00+00:00,True,2021-12-07 09:10:00+00:00,2021-12-07 09:15:00+00:00,H2,2021-12-07 09:30:00+00:00
RAW_0530,LONG,external,2021-12-07 05:30:00+00:00,2021-12-07 11:00:00+00:00,4420.52,4331.0,2021-12-07 11:10:00+00:00,True,2021-12-07 11:15:00+00:00,2021-12-07 11:20:00+00:00,OPPOSITE,2021-12-07 17:05:00+00:00
SHORT_2000,SHORT,external,2021-12-08 20:00:00+00:00,2021-12-09 01:30:00+00:00,4490.97,4372.59,2021-12-09 02:20:00+00:00,True,2021-12-09 02:25:00+00:00,2021-12-09 02:30:00+00:00,H2,2021-12-09 03:45:00+00:00
RAW_0530,LONG,external,2021-12-10 05:30:00+00:00,2021-12-10 11:00:00+00:00,4140.0,4018.05,2021-12-10 11:40:00+00:00,False,,,BREAK_DURING_K1,2021-12-10 11:45:00+00:00
LONDON,LONG,external,2021-12-10 08:00:00+00:00,2021-12-10 13:30:00+00:00,4189.71,4019.0,2021-12-10 13:30:00+00:00,False,,,BREAK_DURING_K1,2021-12-10 13:35:00+00:00
SHORT_2000,SHORT,external,2021-12-12 20:00:00+00:00,2021-12-13 01:30:00+00:00,4173.37,3980.12,2021-12-13 01:40:00+00:00,False,,,BREAK_DURING_K1,2021-12-13 01:50:00+00:00
SHORT_2000,SHORT,external,2021-12-13 20:00:00+00:00,2021-12-14 01:30:00+00:00,3830.55,3712.57,2021-12-14 06:15:00+00:00,False,,,BREAK_DURING_K1,2021-12-14 06:25:00+00:00
RAW_2330,LONG,external,2021-12-14 23:30:00+00:00,2021-12-15 05:00:00+00:00,3893.15,3802.0,2021-12-15 08:30:00+00:00,False,,,BREAK_DURING_K1,2021-12-15 08:35:00+00:00
LONDON,LONG,external,2021-12-16 08:00:00+00:00,2021-12-16 13:30:00+00:00,4083.9,4006.11,2021-12-16 13:50:00+00:00,True,2021-12-16 13:55:00+00:00,2021-12-16 14:00:00+00:00,H2,2021-12-16 14:35:00+00:00
SHORT_2000,SHORT,external,2021-12-16 20:00:00+00:00,2021-12-17 01:30:00+00:00,4046.96,3932.37,2021-12-17 06:55:00+00:00,False,,,BREAK_DURING_K1,2021-12-17 07:00:00+00:00
SHORT_2000,SHORT,external,2021-12-19 20:00:00+00:00,2021-12-20 01:30:00+00:00,3990.0,3891.21,2021-12-20 03:35:00+00:00,True,2021-12-20 03:40:00+00:00,2021-12-20 03:45:00+00:00,H2,2021-12-20 05:40:00+00:00
SHORT_2000,SHORT,external,2021-12-22 20:00:00+00:00,2021-12-23 01:30:00+00:00,4018.62,3906.79,2021-12-23 07:55:00+00:00,False,,,NO_LEAVE,
RAW_0530,LONG,external,2021-12-23 05:30:00+00:00,2021-12-23 11:00:00+00:00,3962.08,3888.87,2021-12-23 13:00:00+00:00,True,2021-12-23 13:05:00+00:00,2021-12-23 13:10:00+00:00,H2,2021-12-23 13:20:00+00:00
LONDON,LONG,external,2021-12-23 08:00:00+00:00,2021-12-23 13:30:00+00:00,3964.47,3888.87,2021-12-23 16:05:00+00:00,True,2021-12-23 16:25:00+00:00,2021-12-23 16:30:00+00:00,H2,2021-12-23 16:40:00+00:00
SHORT_2000,SHORT,external,2021-12-23 20:00:00+00:00,2021-12-24 01:30:00+00:00,4143.97,4086.01,2021-12-24 03:05:00+00:00,True,2021-12-24 03:10:00+00:00,2021-12-24 03:15:00+00:00,H2,2021-12-24 03:45:00+00:00
ALT_0330,LONG,external,2021-12-24 03:30:00+00:00,2021-12-24 09:00:00+00:00,4118.15,4060.13,2021-12-24 11:25:00+00:00,True,2021-12-24 11:30:00+00:00,2021-12-24 11:35:00+00:00,OPPOSITE,2021-12-24 15:00:00+00:00
RAW_0530,LONG,external,2021-12-24 05:30:00+00:00,2021-12-24 11:00:00+00:00,4118.15,4060.13,2021-12-24 11:25:00+00:00,True,2021-12-24 11:30:00+00:00,2021-12-24 11:35:00+00:00,OPPOSITE,2021-12-24 15:00:00+00:00
LONDON,LONG,external,2021-12-27 08:00:00+00:00,2021-12-27 13:30:00+00:00,4095.03,4033.0,2021-12-27 13:30:00+00:00,True,2021-12-27 13:35:00+00:00,2021-12-27 13:40:00+00:00,H2,2021-12-27 13:50:00+00:00
RAW_2330,LONG,development,2022-01-02 23:30:00+00:00,2022-01-03 05:00:00+00:00,3838.25,3772.85,2022-01-03 11:05:00+00:00,True,2022-01-03 11:10:00+00:00,2022-01-03 11:15:00+00:00,H2,2022-01-03 11:20:00+00:00
SHORT_2000,SHORT,development,2022-01-02 20:00:00+00:00,2022-01-03 01:30:00+00:00,3838.25,3792.09,2022-01-03 02:05:00+00:00,False,,,BREAK_DURING_K1,2022-01-03 02:10:00+00:00
ALT_0330,LONG,development,2022-01-03 03:30:00+00:00,2022-01-03 09:00:00+00:00,3821.99,3772.85,2022-01-03 10:10:00+00:00,True,2022-01-03 10:20:00+00:00,2022-01-03 10:25:00+00:00,H2,2022-01-03 10:35:00+00:00
LONDON,LONG,development,2022-01-03 08:00:00+00:00,2022-01-03 13:30:00+00:00,3844.67,3790.01,2022-01-03 14:35:00+00:00,True,2022-01-03 14:40:00+00:00,2022-01-03 14:45:00+00:00,OPPOSITE,2022-01-03 15:05:00+00:00
RAW_2330,LONG,development,2022-01-03 23:30:00+00:00,2022-01-04 05:00:00+00:00,3775.86,3711.0,2022-01-04 08:05:00+00:00,True,2022-01-04 08:20:00+00:00,2022-01-04 08:25:00+00:00,H2,2022-01-04 08:35:00+00:00
RAW_2330,LONG,development,2022-01-04 23:30:00+00:00,2022-01-05 05:00:00+00:00,3827.0,3767.0,2022-01-05 08:45:00+00:00,True,2022-01-05 08:50:00+00:00,2022-01-05 08:55:00+00:00,H2,2022-01-05 09:20:00+00:00
LONDON,LONG,development,2022-01-06 08:00:00+00:00,2022-01-06 13:30:00+00:00,3454.95,3292.31,2022-01-06 18:45:00+00:00,True,2022-01-06 18:50:00+00:00,2022-01-06 18:55:00+00:00,H2,2022-01-06 18:55:00+00:00
RAW_2330,LONG,development,2022-01-10 23:30:00+00:00,2022-01-11 05:00:00+00:00,3127.74,3050.58,2022-01-11 07:55:00+00:00,False,,,BREAK_DURING_K1,2022-01-11 08:00:00+00:00
RAW_2330,LONG,development,2022-01-11 23:30:00+00:00,2022-01-12 05:00:00+00:00,3257.27,3214.97,2022-01-12 06:30:00+00:00,True,2022-01-12 06:35:00+00:00,2022-01-12 06:40:00+00:00,OPPOSITE,2022-01-12 07:15:00+00:00
RAW_0530,LONG,development,2022-01-12 05:30:00+00:00,2022-01-12 11:00:00+00:00,3277.0,3203.85,2022-01-12 11:40:00+00:00,False,,,BREAK_DURING_K1,2022-01-12 11:45:00+00:00
RAW_2330,LONG,development,2022-01-13 23:30:00+00:00,2022-01-14 05:00:00+00:00,3283.91,3222.0,2022-01-14 05:25:00+00:00,False,,,BREAK_DURING_K1,2022-01-14 05:35:00+00:00
SHORT_2000,SHORT,development,2022-01-18 20:00:00+00:00,2022-01-19 01:30:00+00:00,3193.35,3099.89,2022-01-19 03:35:00+00:00,False,,,BREAK_DURING_K1,2022-01-19 03:45:00+00:00
LONDON,LONG,development,2022-01-19 08:00:00+00:00,2022-01-19 13:30:00+00:00,3142.84,3045.0,2022-01-19 14:30:00+00:00,False,,,BREAK_DURING_K1,2022-01-19 14:35:00+00:00
ALT_0330,LONG,development,2022-01-20 03:30:00+00:00,2022-01-20 09:00:00+00:00,3153.24,3111.84,2022-01-20 11:55:00+00:00,True,2022-01-20 12:00:00+00:00,2022-01-20 12:05:00+00:00,H2,2022-01-20 13:30:00+00:00
RAW_0530,LONG,development,2022-01-20 05:30:00+00:00,2022-01-20 11:00:00+00:00,3153.24,3111.84,2022-01-20 11:55:00+00:00,True,2022-01-20 12:00:00+00:00,2022-01-20 12:05:00+00:00,H2,2022-01-20 13:30:00+00:00
SHORT_2000,SHORT,development,2022-01-24 20:00:00+00:00,2022-01-25 01:30:00+00:00,2480.0,2366.45,2022-01-25 06:20:00+00:00,True,2022-01-25 06:25:00+00:00,2022-01-25 06:30:00+00:00,H2,2022-01-25 06:30:00+00:00
RAW_0530,LONG,development,2022-01-25 05:30:00+00:00,2022-01-25 11:00:00+00:00,2454.24,2349.6,2022-01-25 12:40:00+00:00,True,2022-01-25 12:45:00+00:00,2022-01-25 12:50:00+00:00,H2,2022-01-25 14:20:00+00:00
LONDON,LONG,development,2022-01-25 08:00:00+00:00,2022-01-25 13:30:00+00:00,2460.7,2371.63,2022-01-25 14:35:00+00:00,True,2022-01-25 14:45:00+00:00,2022-01-25 14:50:00+00:00,H2,2022-01-25 17:20:00+00:00
RAW_0530,LONG,development,2022-01-26 05:30:00+00:00,2022-01-26 11:00:00+00:00,2539.0,2443.29,2022-01-26 11:00:00+00:00,True,2022-01-26 11:05:00+00:00,2022-01-26 11:10:00+00:00,H2,2022-01-26 11:40:00+00:00
LONDON,LONG,development,2022-01-26 08:00:00+00:00,2022-01-26 13:30:00+00:00,2592.36,2459.01,2022-01-26 13:30:00+00:00,False,,,BREAK_DURING_K1,2022-01-26 13:40:00+00:00
ALT_0330,LONG,development,2022-01-27 03:30:00+00:00,2022-01-27 09:00:00+00:00,2444.0,2351.58,2022-01-27 09:20:00+00:00,False,,,BREAK_DURING_K1,2022-01-27 09:40:00+00:00
RAW_2330,LONG,development,2022-01-27 23:30:00+00:00,2022-01-28 05:00:00+00:00,2461.17,2361.91,2022-01-28 06:00:00+00:00,False,,,BREAK_DURING_K1,2022-01-28 06:05:00+00:00
ALT_0330,LONG,development,2022-01-31 03:30:00+00:00,2022-01-31 09:00:00+00:00,2533.0,2475.33,2022-01-31 09:00:00+00:00,True,2022-01-31 09:10:00+00:00,2022-01-31 09:15:00+00:00,H2,2022-01-31 09:35:00+00:00
RAW_0530,LONG,development,2022-02-01 05:30:00+00:00,2022-02-01 11:00:00+00:00,2795.0,2716.53,2022-02-01 13:25:00+00:00,True,2022-02-01 13:30:00+00:00,2022-02-01 13:35:00+00:00,H2,2022-02-01 13:40:00+00:00
LONDON,LONG,development,2022-02-01 08:00:00+00:00,2022-02-01 13:30:00+00:00,2795.0,2716.59,2022-02-01 13:40:00+00:00,True,2022-02-01 13:45:00+00:00,2022-02-01 13:50:00+00:00,H2,2022-02-01 13:50:00+00:00
SHORT_2000,SHORT,development,2022-02-01 20:00:00+00:00,2022-02-02 01:30:00+00:00,2804.88,2748.5,2022-02-02 01:30:00+00:00,True,2022-02-02 01:40:00+00:00,2022-02-02 01:45:00+00:00,H2,2022-02-02 02:00:00+00:00
ALT_0330,LONG,development,2022-02-02 03:30:00+00:00,2022-02-02 09:00:00+00:00,2789.04,2739.2,2022-02-02 12:10:00+00:00,True,2022-02-02 12:20:00+00:00,2022-02-02 12:25:00+00:00,H2,2022-02-02 12:40:00+00:00
ALT_0330,LONG,development,2022-02-04 03:30:00+00:00,2022-02-04 09:00:00+00:00,2860.58,2674.44,2022-02-04 10:05:00+00:00,True,2022-02-04 10:10:00+00:00,2022-02-04 10:15:00+00:00,H2,2022-02-04 15:05:00+00:00
RAW_0530,LONG,development,2022-02-04 05:30:00+00:00,2022-02-04 11:00:00+00:00,2872.89,2753.86,2022-02-04 15:10:00+00:00,False,,,BREAK_DURING_K1,2022-02-04 15:15:00+00:00
ALT_0330,LONG,development,2022-02-07 03:30:00+00:00,2022-02-07 09:00:00+00:00,3111.96,3045.2,2022-02-07 14:35:00+00:00,False,,,BREAK_DURING_K1,2022-02-07 14:40:00+00:00
RAW_0530,LONG,development,2022-02-07 05:30:00+00:00,2022-02-07 11:00:00+00:00,3104.38,3046.72,2022-02-07 14:30:00+00:00,False,,,BREAK_DURING_K1,2022-02-07 14:35:00+00:00
ALT_0330,LONG,development,2022-02-09 03:30:00+00:00,2022-02-09 09:00:00+00:00,3111.99,3052.5,2022-02-09 09:05:00+00:00,True,2022-02-09 09:20:00+00:00,2022-02-09 09:25:00+00:00,H2,2022-02-09 09:25:00+00:00
LONDON,LONG,development,2022-02-09 08:00:00+00:00,2022-02-09 13:30:00+00:00,3208.26,3066.48,2022-02-09 14:40:00+00:00,True,2022-02-09 14:50:00+00:00,2022-02-09 14:55:00+00:00,H2,2022-02-09 16:45:00+00:00
SHORT_2000,SHORT,development,2022-02-09 20:00:00+00:00,2022-02-10 01:30:00+00:00,3269.16,3207.21,2022-02-10 01:30:00+00:00,True,2022-02-10 01:35:00+00:00,2022-02-10 01:40:00+00:00,H2,2022-02-10 02:45:00+00:00
ALT_0330,LONG,development,2022-02-10 03:30:00+00:00,2022-02-10 09:00:00+00:00,3206.57,3155.11,2022-02-10 09:20:00+00:00,True,2022-02-10 09:30:00+00:00,2022-02-10 09:35:00+00:00,H2,2022-02-10 09:55:00+00:00
ALT_0330,LONG,development,2022-02-11 03:30:00+00:00,2022-02-11 09:00:00+00:00,3111.06,3039.0,2022-02-11 10:55:00+00:00,True,2022-02-11 11:00:00+00:00,2022-02-11 11:05:00+00:00,H2,2022-02-11 12:20:00+00:00
SHORT_2000,SHORT,development,2022-02-13 20:00:00+00:00,2022-02-14 01:30:00+00:00,2908.0,2840.72,2022-02-14 01:30:00+00:00,False,,,BREAK_DURING_K1,2022-02-14 01:35:00+00:00
LONDON,LONG,development,2022-02-14 08:00:00+00:00,2022-02-14 13:30:00+00:00,2943.33,2845.07,2022-02-14 13:30:00+00:00,True,2022-02-14 13:35:00+00:00,2022-02-14 13:40:00+00:00,H2,2022-02-14 14:05:00+00:00
RAW_2330,LONG,development,2022-02-14 23:30:00+00:00,2022-02-15 05:00:00+00:00,3037.7,2911.85,2022-02-15 07:30:00+00:00,False,,,BREAK_DURING_K1,2022-02-15 07:35:00+00:00
ALT_0330,LONG,development,2022-02-15 03:30:00+00:00,2022-02-15 09:00:00+00:00,3086.0,3005.58,2022-02-15 09:35:00+00:00,False,,,BREAK_DURING_K1,2022-02-15 09:40:00+00:00
SHORT_2000,SHORT,development,2022-02-16 20:00:00+00:00,2022-02-17 01:30:00+00:00,3178.0,3114.98,2022-02-17 03:15:00+00:00,True,2022-02-17 03:20:00+00:00,2022-02-17 03:25:00+00:00,H2,2022-02-17 03:25:00+00:00
RAW_2330,LONG,development,2022-02-17 23:30:00+00:00,2022-02-18 05:00:00+00:00,2917.97,2860.1,2022-02-18 08:15:00+00:00,True,2022-02-18 08:20:00+00:00,2022-02-18 08:25:00+00:00,H2,2022-02-18 08:40:00+00:00
RAW_2330,LONG,development,2022-02-20 23:30:00+00:00,2022-02-21 05:00:00+00:00,2749.0,2603.11,2022-02-21 05:25:00+00:00,True,2022-02-21 05:30:00+00:00,2022-02-21 05:35:00+00:00,H2,2022-02-21 07:25:00+00:00
ALT_0330,LONG,development,2022-02-22 03:30:00+00:00,2022-02-22 09:00:00+00:00,2553.93,2495.0,2022-02-22 09:35:00+00:00,True,2022-02-22 09:40:00+00:00,2022-02-22 09:45:00+00:00,H2,2022-02-22 10:10:00+00:00
LONDON,LONG,development,2022-02-22 08:00:00+00:00,2022-02-22 13:30:00+00:00,2622.62,2512.67,2022-02-22 13:55:00+00:00,True,2022-02-22 14:00:00+00:00,2022-02-22 14:05:00+00:00,H2,2022-02-22 14:45:00+00:00
ALT_0330,LONG,development,2022-02-23 03:30:00+00:00,2022-02-23 09:00:00+00:00,2721.0,2611.38,2022-02-23 09:10:00+00:00,True,2022-02-23 09:15:00+00:00,2022-02-23 09:20:00+00:00,H2,2022-02-23 09:40:00+00:00
RAW_0530,LONG,development,2022-02-23 05:30:00+00:00,2022-02-23 11:00:00+00:00,2723.32,2641.62,2022-02-23 11:20:00+00:00,False,,,BREAK_DURING_K1,2022-02-23 11:25:00+00:00
SHORT_2000,SHORT,development,2022-02-23 20:00:00+00:00,2022-02-24 01:30:00+00:00,2639.99,2542.97,2022-02-24 02:50:00+00:00,False,,,BREAK_DURING_K1,2022-02-24 02:55:00+00:00
ALT_0330,LONG,development,2022-02-24 03:30:00+00:00,2022-02-24 09:00:00+00:00,2442.21,2298.72,2022-02-24 14:50:00+00:00,True,2022-02-24 15:00:00+00:00,2022-02-24 15:05:00+00:00,H2,2022-02-24 15:10:00+00:00
RAW_0530,LONG,development,2022-02-24 05:30:00+00:00,2022-02-24 11:00:00+00:00,2422.0,2298.72,2022-02-24 14:30:00+00:00,False,,,BREAK_DURING_K1,2022-02-24 14:35:00+00:00
LONDON,LONG,development,2022-02-24 08:00:00+00:00,2022-02-24 13:30:00+00:00,2422.0,2329.05,2022-02-24 14:30:00+00:00,False,,,BREAK_DURING_K1,2022-02-24 14:35:00+00:00
ALT_0330,LONG,development,2022-02-28 03:30:00+00:00,2022-02-28 09:00:00+00:00,2658.0,2565.0,2022-02-28 12:20:00+00:00,True,2022-02-28 12:45:00+00:00,2022-02-28 12:50:00+00:00,H2,2022-02-28 14:15:00+00:00
RAW_0530,LONG,development,2022-02-28 05:30:00+00:00,2022-02-28 11:00:00+00:00,2658.0,2565.0,2022-02-28 12:20:00+00:00,True,2022-02-28 12:45:00+00:00,2022-02-28 12:50:00+00:00,H2,2022-02-28 14:15:00+00:00
RAW_0530,LONG,development,2022-03-02 05:30:00+00:00,2022-03-02 11:00:00+00:00,3027.33,2950.0,2022-03-02 12:15:00+00:00,True,2022-03-02 12:20:00+00:00,2022-03-02 12:25:00+00:00,OPPOSITE,2022-03-02 13:15:00+00:00
RAW_0530,LONG,development,2022-03-03 05:30:00+00:00,2022-03-03 11:00:00+00:00,2920.0,2870.0,2022-03-03 11:15:00+00:00,True,2022-03-03 11:20:00+00:00,2022-03-03 11:25:00+00:00,H2,2022-03-03 11:25:00+00:00
LONDON,LONG,development,2022-03-03 08:00:00+00:00,2022-03-03 13:30:00+00:00,2934.48,2877.35,2022-03-03 14:00:00+00:00,True,2022-03-03 14:05:00+00:00,2022-03-03 14:10:00+00:00,OPPOSITE,2022-03-03 15:05:00+00:00
ALT_0330,LONG,development,2022-03-08 03:30:00+00:00,2022-03-08 09:00:00+00:00,2587.94,2493.66,2022-03-08 09:35:00+00:00,True,2022-03-08 09:40:00+00:00,2022-03-08 09:45:00+00:00,H2,2022-03-08 10:35:00+00:00
RAW_0530,LONG,development,2022-03-10 05:30:00+00:00,2022-03-10 11:00:00+00:00,2608.63,2570.0,2022-03-10 12:25:00+00:00,True,2022-03-10 12:35:00+00:00,2022-03-10 12:40:00+00:00,H2,2022-03-10 13:30:00+00:00
RAW_2330,LONG,development,2022-03-10 23:30:00+00:00,2022-03-11 05:00:00+00:00,2615.0,2520.5,2022-03-11 07:25:00+00:00,True,2022-03-11 07:30:00+00:00,2022-03-11 07:35:00+00:00,H2,2022-03-11 11:20:00+00:00
ALT_0330,LONG,development,2022-03-11 03:30:00+00:00,2022-03-11 09:00:00+00:00,2619.0,2531.87,2022-03-11 11:20:00+00:00,False,,,BREAK_DURING_K1,2022-03-11 11:30:00+00:00
RAW_0530,LONG,development,2022-03-11 05:30:00+00:00,2022-03-11 11:00:00+00:00,2619.0,2546.28,2022-03-11 11:20:00+00:00,False,,,BREAK_DURING_K1,2022-03-11 11:30:00+00:00
RAW_2330,LONG,development,2022-03-13 23:30:00+00:00,2022-03-14 05:00:00+00:00,2606.07,2496.85,2022-03-14 09:55:00+00:00,True,2022-03-14 10:00:00+00:00,2022-03-14 10:05:00+00:00,NO_H2,
ALT_0330,LONG,development,2022-03-14 03:30:00+00:00,2022-03-14 09:00:00+00:00,2606.07,2524.28,2022-03-14 09:55:00+00:00,True,2022-03-14 10:00:00+00:00,2022-03-14 10:05:00+00:00,NO_H2,
ALT_0330,LONG,development,2022-03-15 03:30:00+00:00,2022-03-15 09:00:00+00:00,2563.16,2504.5,2022-03-15 14:30:00+00:00,True,2022-03-15 14:35:00+00:00,2022-03-15 14:40:00+00:00,H2,2022-03-15 14:50:00+00:00
RAW_0530,LONG,development,2022-03-15 05:30:00+00:00,2022-03-15 11:00:00+00:00,2563.16,2504.5,2022-03-15 14:30:00+00:00,True,2022-03-15 14:35:00+00:00,2022-03-15 14:40:00+00:00,H2,2022-03-15 14:50:00+00:00
ALT_0330,LONG,development,2022-03-16 03:30:00+00:00,2022-03-16 09:00:00+00:00,2684.13,2605.0,2022-03-16 09:05:00+00:00,True,2022-03-16 09:10:00+00:00,2022-03-16 09:15:00+00:00,H2,2022-03-16 09:15:00+00:00
LONDON,LONG,development,2022-03-16 08:00:00+00:00,2022-03-16 13:30:00+00:00,2703.25,2642.94,2022-03-16 14:15:00+00:00,False,,,BREAK_DURING_K1,2022-03-16 14:20:00+00:00
LONDON,LONG,development,2022-03-17 08:00:00+00:00,2022-03-17 13:30:00+00:00,2818.49,2750.5,2022-03-17 13:55:00+00:00,False,,,BREAK_DURING_K1,2022-03-17 14:00:00+00:00
ALT_0330,LONG,development,2022-03-18 03:30:00+00:00,2022-03-18 09:00:00+00:00,2814.0,2768.55,2022-03-18 12:35:00+00:00,False,,,BREAK_DURING_K1,2022-03-18 12:40:00+00:00
RAW_2330,LONG,development,2022-03-20 23:30:00+00:00,2022-03-21 05:00:00+00:00,2876.41,2830.5,2022-03-21 07:10:00+00:00,True,2022-03-21 07:15:00+00:00,2022-03-21 07:20:00+00:00,H2,2022-03-21 07:40:00+00:00
RAW_0530,LONG,development,2022-03-21 05:30:00+00:00,2022-03-21 11:00:00+00:00,2920.0,2851.37,2022-03-21 11:15:00+00:00,False,,,BREAK_DURING_K1,2022-03-21 11:20:00+00:00
LONDON,LONG,development,2022-03-21 08:00:00+00:00,2022-03-21 13:30:00+00:00,2938.5,2873.0,2022-03-21 13:40:00+00:00,True,2022-03-21 13:45:00+00:00,2022-03-21 13:50:00+00:00,H2,2022-03-21 15:15:00+00:00
RAW_0530,LONG,development,2022-03-22 05:30:00+00:00,2022-03-22 11:00:00+00:00,3028.68,2964.0,2022-03-22 14:35:00+00:00,True,2022-03-22 14:40:00+00:00,2022-03-22 14:45:00+00:00,NO_H2,
LONDON,LONG,development,2022-03-22 08:00:00+00:00,2022-03-22 13:30:00+00:00,3027.92,2984.71,2022-03-22 14:35:00+00:00,True,2022-03-22 14:40:00+00:00,2022-03-22 14:45:00+00:00,OPPOSITE,2022-03-22 19:55:00+00:00
SHORT_2000,SHORT,development,2022-03-22 20:00:00+00:00,2022-03-23 01:30:00+00:00,3015.0,2922.25,2022-03-23 04:25:00+00:00,True,2022-03-23 04:35:00+00:00,2022-03-23 04:40:00+00:00,NO_H2,
ALT_0330,LONG,development,2022-03-23 03:30:00+00:00,2022-03-23 09:00:00+00:00,2969.27,2915.51,2022-03-23 10:25:00+00:00,True,2022-03-23 10:30:00+00:00,2022-03-23 10:35:00+00:00,H2,2022-03-23 14:05:00+00:00
ALT_0330,LONG,development,2022-03-25 03:30:00+00:00,2022-03-25 09:00:00+00:00,3147.41,3092.0,2022-03-25 10:55:00+00:00,True,2022-03-25 11:05:00+00:00,2022-03-25 11:10:00+00:00,H2,2022-03-25 11:10:00+00:00
RAW_2330,LONG,development,2022-03-27 23:30:00+00:00,2022-03-28 05:00:00+00:00,3337.64,3274.3,2022-03-28 05:10:00+00:00,True,2022-03-28 05:15:00+00:00,2022-03-28 05:20:00+00:00,H2,2022-03-28 09:45:00+00:00
RAW_0530,LONG,development,2022-03-28 05:30:00+00:00,2022-03-28 11:00:00+00:00,3357.76,3303.24,2022-03-28 11:00:00+00:00,True,2022-03-28 11:05:00+00:00,2022-03-28 11:10:00+00:00,H2,2022-03-28 13:25:00+00:00
RAW_2330,LONG,development,2022-03-29 23:30:00+00:00,2022-03-30 05:00:00+00:00,3405.57,3332.0,2022-03-30 05:55:00+00:00,False,,,BREAK_DURING_K1,2022-03-30 06:00:00+00:00
SHORT_2000,SHORT,development,2022-03-29 20:00:00+00:00,2022-03-30 01:30:00+00:00,3429.45,3336.0,2022-03-30 01:40:00+00:00,True,2022-03-30 01:45:00+00:00,2022-03-30 01:50:00+00:00,NO_H2,
ALT_0330,LONG,development,2022-03-30 03:30:00+00:00,2022-03-30 09:00:00+00:00,3417.35,3360.63,2022-03-30 11:30:00+00:00,True,2022-03-30 11:35:00+00:00,2022-03-30 11:40:00+00:00,OPPOSITE,2022-03-30 14:05:00+00:00
RAW_0530,LONG,development,2022-03-30 05:30:00+00:00,2022-03-30 11:00:00+00:00,3417.35,3379.52,2022-03-30 11:30:00+00:00,True,2022-03-30 11:35:00+00:00,2022-03-30 11:40:00+00:00,OPPOSITE,2022-03-30 13:35:00+00:00
RAW_2330,LONG,development,2022-03-30 23:30:00+00:00,2022-03-31 05:00:00+00:00,3423.24,3376.11,2022-03-31 10:00:00+00:00,True,2022-03-31 10:10:00+00:00,2022-03-31 10:15:00+00:00,NO_H2,
ALT_0330,LONG,development,2022-04-01 03:30:00+00:00,2022-04-01 09:00:00+00:00,3292.47,3228.82,2022-04-01 11:15:00+00:00,False,,,BREAK_DURING_K1,2022-04-01 11:20:00+00:00
RAW_0530,LONG,development,2022-04-01 05:30:00+00:00,2022-04-01 11:00:00+00:00,3292.47,3243.33,2022-04-01 11:15:00+00:00,False,,,BREAK_DURING_K1,2022-04-01 11:20:00+00:00
ALT_0330,LONG,development,2022-04-07 03:30:00+00:00,2022-04-07 09:00:00+00:00,3232.69,3167.0,2022-04-07 11:05:00+00:00,True,2022-04-07 11:15:00+00:00,2022-04-07 11:20:00+00:00,H2,2022-04-07 11:30:00+00:00
RAW_0530,LONG,development,2022-04-07 05:30:00+00:00,2022-04-07 11:00:00+00:00,3232.69,3193.09,2022-04-07 11:05:00+00:00,True,2022-04-07 11:15:00+00:00,2022-04-07 11:20:00+00:00,H2,2022-04-07 11:30:00+00:00
SHORT_2000,SHORT,development,2022-04-10 20:00:00+00:00,2022-04-11 01:30:00+00:00,3296.0,3172.59,2022-04-11 02:00:00+00:00,True,2022-04-11 02:05:00+00:00,2022-04-11 02:10:00+00:00,H2,2022-04-11 02:20:00+00:00
RAW_2330,LONG,development,2022-04-12 23:30:00+00:00,2022-04-13 05:00:00+00:00,3065.8,3004.19,2022-04-13 05:55:00+00:00,True,2022-04-13 06:05:00+00:00,2022-04-13 06:10:00+00:00,NO_H2,
LONDON,LONG,development,2022-04-13 08:00:00+00:00,2022-04-13 13:30:00+00:00,3058.34,2995.23,2022-04-13 13:45:00+00:00,False,,,BREAK_DURING_K1,2022-04-13 13:50:00+00:00
LONDON,LONG,development,2022-04-18 08:00:00+00:00,2022-04-18 13:30:00+00:00,2947.0,2887.0,2022-04-18 13:30:00+00:00,True,2022-04-18 13:35:00+00:00,2022-04-18 13:40:00+00:00,H2,2022-04-18 17:10:00+00:00
ALT_0330,LONG,development,2022-04-19 03:30:00+00:00,2022-04-19 09:00:00+00:00,3050.73,3027.66,2022-04-19 10:25:00+00:00,True,2022-04-19 10:35:00+00:00,2022-04-19 10:40:00+00:00,H2,2022-04-19 10:40:00+00:00
RAW_0530,LONG,development,2022-04-19 05:30:00+00:00,2022-04-19 11:00:00+00:00,3054.58,3027.66,2022-04-19 11:20:00+00:00,True,2022-04-19 11:30:00+00:00,2022-04-19 11:35:00+00:00,H2,2022-04-19 11:50:00+00:00
RAW_2330,LONG,development,2022-04-19 23:30:00+00:00,2022-04-20 05:00:00+00:00,3106.2,3066.0,2022-04-20 06:05:00+00:00,True,2022-04-20 06:10:00+00:00,2022-04-20 06:15:00+00:00,H2,2022-04-20 07:05:00+00:00
ALT_0330,LONG,development,2022-04-20 03:30:00+00:00,2022-04-20 09:00:00+00:00,3113.99,3074.88,2022-04-20 09:45:00+00:00,True,2022-04-20 09:50:00+00:00,2022-04-20 09:55:00+00:00,H2,2022-04-20 10:25:00+00:00
RAW_0530,LONG,development,2022-04-21 05:30:00+00:00,2022-04-21 11:00:00+00:00,3138.47,3064.6,2022-04-21 11:05:00+00:00,False,,,BREAK_DURING_K1,2022-04-21 11:25:00+00:00
ALT_0330,LONG,development,2022-04-25 03:30:00+00:00,2022-04-25 09:00:00+00:00,2877.33,2791.3,2022-04-25 13:35:00+00:00,True,2022-04-25 13:45:00+00:00,2022-04-25 13:50:00+00:00,H2,2022-04-25 13:50:00+00:00
SHORT_2000,SHORT,development,2022-04-25 20:00:00+00:00,2022-04-26 01:30:00+00:00,3043.0,2988.31,2022-04-26 02:40:00+00:00,True,2022-04-26 02:45:00+00:00,2022-04-26 02:50:00+00:00,H2,2022-04-26 07:05:00+00:00
RAW_2330,LONG,development,2022-04-26 23:30:00+00:00,2022-04-27 05:00:00+00:00,2847.77,2780.79,2022-04-27 05:10:00+00:00,True,2022-04-27 05:20:00+00:00,2022-04-27 05:25:00+00:00,H2,2022-04-27 05:30:00+00:00
RAW_2330,LONG,development,2022-04-27 23:30:00+00:00,2022-04-28 05:00:00+00:00,2914.64,2866.95,2022-04-28 07:45:00+00:00,True,2022-04-28 07:50:00+00:00,2022-04-28 07:55:00+00:00,H2,2022-04-28 08:15:00+00:00
RAW_2330,LONG,development,2022-05-01 23:30:00+00:00,2022-05-02 05:00:00+00:00,2868.0,2820.95,2022-05-02 06:00:00+00:00,True,2022-05-02 06:10:00+00:00,2022-05-02 06:15:00+00:00,OPPOSITE,2022-05-02 09:45:00+00:00
ALT_0330,LONG,development,2022-05-04 03:30:00+00:00,2022-05-04 09:00:00+00:00,2848.0,2788.0,2022-05-04 10:15:00+00:00,False,,,BREAK_DURING_K1,2022-05-04 10:25:00+00:00
SHORT_2000,SHORT,development,2022-05-08 20:00:00+00:00,2022-05-09 01:30:00+00:00,2564.09,2507.0,2022-05-09 01:45:00+00:00,False,,,BREAK_DURING_K1,2022-05-09 01:55:00+00:00
RAW_2330,LONG,development,2022-05-10 23:30:00+00:00,2022-05-11 05:00:00+00:00,2392.45,2318.7,2022-05-11 05:10:00+00:00,False,,,BREAK_DURING_K1,2022-05-11 05:15:00+00:00
SHORT_2000,SHORT,development,2022-05-11 20:00:00+00:00,2022-05-12 01:30:00+00:00,2193.7,2002.0,2022-05-12 03:30:00+00:00,True,2022-05-12 03:35:00+00:00,2022-05-12 03:40:00+00:00,H2,2022-05-12 03:50:00+00:00
RAW_0530,LONG,development,2022-05-12 05:30:00+00:00,2022-05-12 11:00:00+00:00,1991.99,1775.43,2022-05-12 11:05:00+00:00,True,2022-05-12 11:10:00+00:00,2022-05-12 11:15:00+00:00,H2,2022-05-12 11:20:00+00:00
RAW_2330,LONG,development,2022-05-12 23:30:00+00:00,2022-05-13 05:00:00+00:00,2110.59,1939.33,2022-05-13 05:05:00+00:00,False,,,BREAK_DURING_K1,2022-05-13 05:15:00+00:00
ALT_0330,LONG,development,2022-05-13 03:30:00+00:00,2022-05-13 09:00:00+00:00,2144.66,2047.03,2022-05-13 14:25:00+00:00,True,2022-05-13 14:30:00+00:00,2022-05-13 14:35:00+00:00,H2,2022-05-13 14:35:00+00:00
RAW_0530,LONG,development,2022-05-13 05:30:00+00:00,2022-05-13 11:00:00+00:00,2144.66,2047.03,2022-05-13 14:25:00+00:00,True,2022-05-13 14:30:00+00:00,2022-05-13 14:35:00+00:00,H2,2022-05-13 14:35:00+00:00
LONDON,LONG,development,2022-05-13 08:00:00+00:00,2022-05-13 13:30:00+00:00,2135.56,2047.57,2022-05-13 14:00:00+00:00,True,2022-05-13 14:15:00+00:00,2022-05-13 14:20:00+00:00,H2,2022-05-13 14:20:00+00:00
SHORT_2000,SHORT,development,2022-05-17 20:00:00+00:00,2022-05-18 01:30:00+00:00,2110.89,2040.02,2022-05-18 03:35:00+00:00,False,,,BREAK_DURING_K1,2022-05-18 03:40:00+00:00
RAW_2330,LONG,development,2022-05-18 23:30:00+00:00,2022-05-19 05:00:00+00:00,1970.0,1901.7,2022-05-19 06:55:00+00:00,True,2022-05-19 07:00:00+00:00,2022-05-19 07:05:00+00:00,NO_H2,
SHORT_2000,SHORT,development,2022-05-18 20:00:00+00:00,2022-05-19 01:30:00+00:00,1980.69,1906.61,2022-05-19 01:55:00+00:00,True,2022-05-19 02:05:00+00:00,2022-05-19 02:10:00+00:00,H2,2022-05-19 02:10:00+00:00
LONDON,LONG,development,2022-05-19 08:00:00+00:00,2022-05-19 13:30:00+00:00,1985.99,1912.39,2022-05-19 13:35:00+00:00,True,2022-05-19 13:40:00+00:00,2022-05-19 13:45:00+00:00,H2,2022-05-19 14:20:00+00:00
RAW_2330,LONG,development,2022-05-22 23:30:00+00:00,2022-05-23 05:00:00+00:00,2058.5,2018.83,2022-05-23 06:40:00+00:00,True,2022-05-23 06:50:00+00:00,2022-05-23 06:55:00+00:00,H2,2022-05-23 07:00:00+00:00
LONDON,LONG,development,2022-05-25 08:00:00+00:00,2022-05-25 13:30:00+00:00,1981.87,1933.0,2022-05-25 13:35:00+00:00,True,2022-05-25 13:40:00+00:00,2022-05-25 13:45:00+00:00,H2,2022-05-25 13:45:00+00:00
SHORT_2000,SHORT,development,2022-05-26 20:00:00+00:00,2022-05-27 01:30:00+00:00,1847.69,1748.0,2022-05-27 01:50:00+00:00,False,,,BREAK_DURING_K1,2022-05-27 01:55:00+00:00
RAW_2330,LONG,development,2022-05-29 23:30:00+00:00,2022-05-30 05:00:00+00:00,1889.85,1801.52,2022-05-30 05:40:00+00:00,True,2022-05-30 05:45:00+00:00,2022-05-30 05:50:00+00:00,H2,2022-05-30 05:50:00+00:00
ALT_0330,LONG,development,2022-05-30 03:30:00+00:00,2022-05-30 09:00:00+00:00,1920.0,1868.46,2022-05-30 14:10:00+00:00,True,2022-05-30 14:25:00+00:00,2022-05-30 14:30:00+00:00,NO_H2,
LONDON,LONG,development,2022-05-30 08:00:00+00:00,2022-05-30 13:30:00+00:00,1915.0,1872.22,2022-05-30 14:10:00+00:00,False,,,BREAK_DURING_K1,2022-05-30 14:15:00+00:00
SHORT_2000,SHORT,development,2022-05-31 20:00:00+00:00,2022-06-01 01:30:00+00:00,1959.69,1929.0,2022-06-01 03:15:00+00:00,True,2022-06-01 03:20:00+00:00,2022-06-01 03:25:00+00:00,H2,2022-06-01 03:30:00+00:00
LONDON,LONG,development,2022-06-01 08:00:00+00:00,2022-06-01 13:30:00+00:00,1967.86,1924.0,2022-06-01 13:30:00+00:00,True,2022-06-01 13:40:00+00:00,2022-06-01 13:45:00+00:00,OPPOSITE,2022-06-01 14:25:00+00:00
RAW_2330,LONG,development,2022-06-01 23:30:00+00:00,2022-06-02 05:00:00+00:00,1838.07,1801.12,2022-06-02 10:45:00+00:00,True,2022-06-02 10:50:00+00:00,2022-06-02 10:55:00+00:00,NO_H2,
ALT_0330,LONG,development,2022-06-02 03:30:00+00:00,2022-06-02 09:00:00+00:00,1836.62,1801.12,2022-06-02 10:45:00+00:00,True,2022-06-02 10:50:00+00:00,2022-06-02 10:55:00+00:00,H2,2022-06-02 11:45:00+00:00
ALT_0330,LONG,development,2022-06-06 03:30:00+00:00,2022-06-06 09:00:00+00:00,1905.0,1866.49,2022-06-06 09:00:00+00:00,True,2022-06-06 09:05:00+00:00,2022-06-06 09:10:00+00:00,H2,2022-06-06 09:20:00+00:00
LONDON,LONG,development,2022-06-07 08:00:00+00:00,2022-06-07 13:30:00+00:00,1779.26,1735.45,2022-06-07 14:30:00+00:00,False,,,BREAK_DURING_K1,2022-06-07 14:35:00+00:00
RAW_2330,LONG,development,2022-06-08 23:30:00+00:00,2022-06-09 05:00:00+00:00,1803.53,1776.32,2022-06-09 05:05:00+00:00,False,,,BREAK_DURING_K1,2022-06-09 05:20:00+00:00
ALT_0330,LONG,development,2022-06-09 03:30:00+00:00,2022-06-09 09:00:00+00:00,1819.41,1793.0,2022-06-09 09:05:00+00:00,False,,,BREAK_DURING_K1,2022-06-09 09:10:00+00:00
SHORT_2000,SHORT,development,2022-06-12 20:00:00+00:00,2022-06-13 01:30:00+00:00,1488.18,1341.0,2022-06-13 02:15:00+00:00,True,2022-06-13 02:20:00+00:00,2022-06-13 02:25:00+00:00,H2,2022-06-13 02:50:00+00:00
RAW_2330,LONG,development,2022-06-13 23:30:00+00:00,2022-06-14 05:00:00+00:00,1224.78,1073.0,2022-06-14 05:15:00+00:00,False,,,BREAK_DURING_K1,2022-06-14 05:40:00+00:00
RAW_0530,LONG,development,2022-06-15 05:30:00+00:00,2022-06-15 11:00:00+00:00,1142.0,1012.42,2022-06-15 12:15:00+00:00,True,2022-06-15 12:20:00+00:00,2022-06-15 12:25:00+00:00,H2,2022-06-15 13:20:00+00:00
LONDON,LONG,development,2022-06-15 08:00:00+00:00,2022-06-15 13:30:00+00:00,1150.0,1012.42,2022-06-15 13:45:00+00:00,True,2022-06-15 14:00:00+00:00,2022-06-15 14:05:00+00:00,H2,2022-06-15 14:05:00+00:00
RAW_2330,LONG,development,2022-06-16 23:30:00+00:00,2022-06-17 05:00:00+00:00,1116.7,1050.0,2022-06-17 07:20:00+00:00,True,2022-06-17 07:25:00+00:00,2022-06-17 07:30:00+00:00,NO_H2,
RAW_2330,LONG,development,2022-06-19 23:30:00+00:00,2022-06-20 05:00:00+00:00,1132.2,1052.05,2022-06-20 09:05:00+00:00,True,2022-06-20 09:20:00+00:00,2022-06-20 09:25:00+00:00,H2,2022-06-20 09:30:00+00:00
ALT_0330,LONG,development,2022-06-20 03:30:00+00:00,2022-06-20 09:00:00+00:00,1131.0,1059.7,2022-06-20 09:05:00+00:00,False,,,BREAK_DURING_K1,2022-06-20 09:10:00+00:00
RAW_2330,LONG,development,2022-06-20 23:30:00+00:00,2022-06-21 05:00:00+00:00,1143.8,1105.7,2022-06-21 05:20:00+00:00,True,2022-06-21 05:25:00+00:00,2022-06-21 05:30:00+00:00,H2,2022-06-21 05:40:00+00:00
ALT_0330,LONG,development,2022-06-21 03:30:00+00:00,2022-06-21 09:00:00+00:00,1180.0,1114.46,2022-06-21 13:45:00+00:00,True,2022-06-21 13:50:00+00:00,2022-06-21 13:55:00+00:00,H2,2022-06-21 13:55:00+00:00
RAW_0530,LONG,development,2022-06-21 05:30:00+00:00,2022-06-21 11:00:00+00:00,1180.0,1131.88,2022-06-21 13:45:00+00:00,True,2022-06-21 13:50:00+00:00,2022-06-21 13:55:00+00:00,H2,2022-06-21 13:55:00+00:00
LONDON,LONG,development,2022-06-21 08:00:00+00:00,2022-06-21 13:30:00+00:00,1180.0,1134.65,2022-06-21 13:45:00+00:00,True,2022-06-21 13:50:00+00:00,2022-06-21 13:55:00+00:00,H2,2022-06-21 13:55:00+00:00
ALT_0330,LONG,development,2022-06-23 03:30:00+00:00,2022-06-23 09:00:00+00:00,1110.0,1071.0,2022-06-23 09:20:00+00:00,True,2022-06-23 09:25:00+00:00,2022-06-23 09:30:00+00:00,H2,2022-06-23 09:55:00+00:00
RAW_0530,LONG,development,2022-06-23 05:30:00+00:00,2022-06-23 11:00:00+00:00,1117.25,1082.04,2022-06-23 12:10:00+00:00,False,,,BREAK_DURING_K1,2022-06-23 12:20:00+00:00
ALT_0330,LONG,development,2022-06-24 03:30:00+00:00,2022-06-24 09:00:00+00:00,1162.87,1131.36,2022-06-24 10:55:00+00:00,False,,,BREAK_DURING_K1,2022-06-24 11:05:00+00:00
LONDON,LONG,development,2022-06-24 08:00:00+00:00,2022-06-24 13:30:00+00:00,1227.33,1142.15,2022-06-24 19:40:00+00:00,True,2022-06-24 19:45:00+00:00,2022-06-24 19:50:00+00:00,H2,2022-06-24 19:55:00+00:00
RAW_2330,LONG,development,2022-06-26 23:30:00+00:00,2022-06-27 05:00:00+00:00,1228.35,1193.54,2022-06-27 07:20:00+00:00,False,,,BREAK_DURING_K1,2022-06-27 07:25:00+00:00
ALT_0330,LONG,development,2022-06-27 03:30:00+00:00,2022-06-27 09:00:00+00:00,1237.06,1211.78,2022-06-27 10:15:00+00:00,True,2022-06-27 10:25:00+00:00,2022-06-27 10:30:00+00:00,OPPOSITE,2022-06-27 12:50:00+00:00
SHORT_2000,SHORT,development,2022-06-27 20:00:00+00:00,2022-06-28 01:30:00+00:00,1218.7,1175.65,2022-06-28 01:30:00+00:00,True,2022-06-28 01:35:00+00:00,2022-06-28 01:40:00+00:00,H2,2022-06-28 01:50:00+00:00
ALT_0330,LONG,development,2022-06-28 03:30:00+00:00,2022-06-28 09:00:00+00:00,1228.38,1176.5,2022-06-28 09:00:00+00:00,False,,,BREAK_DURING_K1,2022-06-28 09:05:00+00:00
RAW_0530,LONG,development,2022-06-28 05:30:00+00:00,2022-06-28 11:00:00+00:00,1234.0,1183.28,2022-06-28 11:30:00+00:00,True,2022-06-28 11:35:00+00:00,2022-06-28 11:40:00+00:00,H2,2022-06-28 13:30:00+00:00
LONDON,LONG,development,2022-06-28 08:00:00+00:00,2022-06-28 13:30:00+00:00,1234.0,1203.32,2022-06-28 13:30:00+00:00,True,2022-06-28 13:35:00+00:00,2022-06-28 13:40:00+00:00,OPPOSITE,2022-06-28 14:30:00+00:00
SHORT_2000,SHORT,development,2022-06-29 20:00:00+00:00,2022-06-30 01:30:00+00:00,1122.71,1077.41,2022-06-30 01:30:00+00:00,True,2022-06-30 01:35:00+00:00,2022-06-30 01:40:00+00:00,H2,2022-06-30 06:25:00+00:00
RAW_0530,LONG,development,2022-07-04 05:30:00+00:00,2022-07-04 11:00:00+00:00,1079.74,1044.33,2022-07-04 11:15:00+00:00,True,2022-07-04 11:20:00+00:00,2022-07-04 11:25:00+00:00,H2,2022-07-04 11:30:00+00:00
RAW_2330,LONG,development,2022-07-04 23:30:00+00:00,2022-07-05 05:00:00+00:00,1164.54,1141.3,2022-07-05 05:20:00+00:00,True,2022-07-05 05:30:00+00:00,2022-07-05 05:35:00+00:00,H2,2022-07-05 06:10:00+00:00
RAW_2330,LONG,development,2022-07-05 23:30:00+00:00,2022-07-06 05:00:00+00:00,1153.66,1111.03,2022-07-06 09:20:00+00:00,True,2022-07-06 09:25:00+00:00,2022-07-06 09:30:00+00:00,NO_H2,
ALT_0330,LONG,development,2022-07-06 03:30:00+00:00,2022-07-06 09:00:00+00:00,1150.36,1118.12,2022-07-06 09:20:00+00:00,True,2022-07-06 09:30:00+00:00,2022-07-06 09:35:00+00:00,NO_H2,
LONDON,LONG,development,2022-07-06 08:00:00+00:00,2022-07-06 13:30:00+00:00,1155.4,1122.22,2022-07-06 18:30:00+00:00,False,,,BREAK_DURING_K1,2022-07-06 18:40:00+00:00
ALT_0330,LONG,development,2022-07-07 03:30:00+00:00,2022-07-07 09:00:00+00:00,1190.61,1162.93,2022-07-07 09:45:00+00:00,True,2022-07-07 09:50:00+00:00,2022-07-07 09:55:00+00:00,H2,2022-07-07 12:15:00+00:00
RAW_0530,LONG,development,2022-07-07 05:30:00+00:00,2022-07-07 11:00:00+00:00,1194.08,1162.93,2022-07-07 13:35:00+00:00,False,,,BREAK_DURING_K1,2022-07-07 13:40:00+00:00
LONDON,LONG,development,2022-07-07 08:00:00+00:00,2022-07-07 13:30:00+00:00,1194.08,1172.3,2022-07-07 13:35:00+00:00,False,,,BREAK_DURING_K1,2022-07-07 13:40:00+00:00
SHORT_2000,SHORT,development,2022-07-10 20:00:00+00:00,2022-07-11 01:30:00+00:00,1184.0,1145.58,2022-07-11 02:10:00+00:00,True,2022-07-11 02:15:00+00:00,2022-07-11 02:20:00+00:00,H2,2022-07-11 03:00:00+00:00
ALT_0330,LONG,development,2022-07-11 03:30:00+00:00,2022-07-11 09:00:00+00:00,1155.7,1136.69,2022-07-11 13:00:00+00:00,True,2022-07-11 13:05:00+00:00,2022-07-11 13:10:00+00:00,H2,2022-07-11 13:30:00+00:00
LONDON,LONG,development,2022-07-11 08:00:00+00:00,2022-07-11 13:30:00+00:00,1156.45,1138.4,2022-07-11 13:30:00+00:00,True,2022-07-11 13:35:00+00:00,2022-07-11 13:40:00+00:00,OPPOSITE,2022-07-11 13:45:00+00:00
SHORT_2000,SHORT,development,2022-07-11 20:00:00+00:00,2022-07-12 01:30:00+00:00,1144.55,1082.8,2022-07-12 03:05:00+00:00,True,2022-07-12 03:10:00+00:00,2022-07-12 03:15:00+00:00,H2,2022-07-12 03:20:00+00:00
LONDON,LONG,development,2022-07-12 08:00:00+00:00,2022-07-12 13:30:00+00:00,1076.97,1052.63,2022-07-12 13:30:00+00:00,False,,,BREAK_DURING_K1,2022-07-12 13:35:00+00:00
ALT_0330,LONG,development,2022-07-13 03:30:00+00:00,2022-07-13 09:00:00+00:00,1079.25,1048.33,2022-07-13 11:45:00+00:00,True,2022-07-13 11:50:00+00:00,2022-07-13 11:55:00+00:00,H2,2022-07-13 11:55:00+00:00
RAW_0530,LONG,development,2022-07-13 05:30:00+00:00,2022-07-13 11:00:00+00:00,1079.25,1054.51,2022-07-13 11:45:00+00:00,True,2022-07-13 11:50:00+00:00,2022-07-13 11:55:00+00:00,H2,2022-07-13 11:55:00+00:00
LONDON,LONG,development,2022-07-14 08:00:00+00:00,2022-07-14 13:30:00+00:00,1100.28,1070.57,2022-07-14 14:55:00+00:00,False,,,BREAK_DURING_K1,2022-07-14 15:00:00+00:00
LONDON,LONG,development,2022-07-15 08:00:00+00:00,2022-07-15 13:30:00+00:00,1235.35,1202.75,2022-07-15 14:25:00+00:00,True,2022-07-15 14:35:00+00:00,2022-07-15 14:40:00+00:00,H2,2022-07-15 15:05:00+00:00
LONDON,LONG,development,2022-07-19 08:00:00+00:00,2022-07-19 13:30:00+00:00,1574.53,1505.2,2022-07-19 13:30:00+00:00,True,2022-07-19 13:35:00+00:00,2022-07-19 13:40:00+00:00,H2,2022-07-19 16:25:00+00:00
RAW_0530,LONG,development,2022-07-20 05:30:00+00:00,2022-07-20 11:00:00+00:00,1609.5,1525.59,2022-07-20 11:10:00+00:00,True,2022-07-20 11:15:00+00:00,2022-07-20 11:20:00+00:00,H2,2022-07-20 12:05:00+00:00
LONDON,LONG,development,2022-07-20 08:00:00+00:00,2022-07-20 13:30:00+00:00,1616.0,1525.59,2022-07-20 13:35:00+00:00,True,2022-07-20 13:40:00+00:00,2022-07-20 13:45:00+00:00,NO_H2,
ALT_0330,LONG,development,2022-07-21 03:30:00+00:00,2022-07-21 09:00:00+00:00,1497.86,1462.3,2022-07-21 09:05:00+00:00,False,,,BREAK_DURING_K1,2022-07-21 09:10:00+00:00
RAW_2330,LONG,development,2022-07-21 23:30:00+00:00,2022-07-22 05:00:00+00:00,1595.86,1552.0,2022-07-22 06:00:00+00:00,True,2022-07-22 06:10:00+00:00,2022-07-22 06:15:00+00:00,H2,2022-07-22 06:30:00+00:00
ALT_0330,LONG,development,2022-07-25 03:30:00+00:00,2022-07-25 09:00:00+00:00,1542.0,1497.5,2022-07-25 09:05:00+00:00,True,2022-07-25 09:10:00+00:00,2022-07-25 09:15:00+00:00,H2,2022-07-25 10:15:00+00:00
RAW_0530,LONG,development,2022-07-25 05:30:00+00:00,2022-07-25 11:00:00+00:00,1548.88,1510.52,2022-07-25 11:05:00+00:00,True,2022-07-25 11:10:00+00:00,2022-07-25 11:15:00+00:00,OPPOSITE,2022-07-25 14:10:00+00:00
SHORT_2000,SHORT,development,2022-07-25 20:00:00+00:00,2022-07-26 01:30:00+00:00,1539.44,1410.71,2022-07-26 03:10:00+00:00,True,2022-07-26 03:15:00+00:00,2022-07-26 03:20:00+00:00,H2,2022-07-26 07:50:00+00:00
LONDON,LONG,development,2022-07-28 08:00:00+00:00,2022-07-28 13:30:00+00:00,1659.0,1595.0,2022-07-28 13:30:00+00:00,True,2022-07-28 13:40:00+00:00,2022-07-28 13:45:00+00:00,H2,2022-07-28 15:15:00+00:00
RAW_2330,LONG,development,2022-07-28 23:30:00+00:00,2022-07-29 05:00:00+00:00,1743.74,1695.34,2022-07-29 06:35:00+00:00,True,2022-07-29 06:45:00+00:00,2022-07-29 06:50:00+00:00,OPPOSITE,2022-07-29 11:25:00+00:00
LONDON,LONG,development,2022-07-29 08:00:00+00:00,2022-07-29 13:30:00+00:00,1732.43,1656.0,2022-07-29 14:10:00+00:00,False,,,BREAK_DURING_K1,2022-07-29 14:15:00+00:00
RAW_0530,LONG,development,2022-08-02 05:30:00+00:00,2022-08-02 11:00:00+00:00,1595.0,1557.8,2022-08-02 11:40:00+00:00,True,2022-08-02 11:45:00+00:00,2022-08-02 11:50:00+00:00,H2,2022-08-02 11:50:00+00:00
RAW_2330,LONG,development,2022-08-02 23:30:00+00:00,2022-08-03 05:00:00+00:00,1647.83,1588.5,2022-08-03 08:45:00+00:00,True,2022-08-03 08:50:00+00:00,2022-08-03 08:55:00+00:00,H2,2022-08-03 08:55:00+00:00
RAW_2330,LONG,development,2022-08-03 23:30:00+00:00,2022-08-04 05:00:00+00:00,1659.11,1610.15,2022-08-04 05:00:00+00:00,True,2022-08-04 05:05:00+00:00,2022-08-04 05:10:00+00:00,NO_H2,
ALT_0330,LONG,development,2022-08-05 03:30:00+00:00,2022-08-05 09:00:00+00:00,1678.83,1645.59,2022-08-05 11:10:00+00:00,False,,,BREAK_DURING_K1,2022-08-05 11:15:00+00:00
RAW_0530,LONG,development,2022-08-05 05:30:00+00:00,2022-08-05 11:00:00+00:00,1678.83,1648.35,2022-08-05 11:10:00+00:00,False,,,BREAK_DURING_K1,2022-08-05 11:15:00+00:00
ALT_0330,LONG,development,2022-08-08 03:30:00+00:00,2022-08-08 09:00:00+00:00,1777.0,1707.3,2022-08-08 09:00:00+00:00,True,2022-08-08 09:10:00+00:00,2022-08-08 09:15:00+00:00,H2,2022-08-08 09:20:00+00:00
RAW_2330,LONG,development,2022-08-08 23:30:00+00:00,2022-08-09 05:00:00+00:00,1786.6,1759.0,2022-08-09 07:05:00+00:00,False,,,BREAK_DURING_K1,2022-08-09 07:15:00+00:00
RAW_2330,LONG,development,2022-08-09 23:30:00+00:00,2022-08-10 05:00:00+00:00,1705.83,1655.0,2022-08-10 09:00:00+00:00,True,2022-08-10 09:05:00+00:00,2022-08-10 09:10:00+00:00,H2,2022-08-10 11:20:00+00:00
ALT_0330,LONG,development,2022-08-10 03:30:00+00:00,2022-08-10 09:00:00+00:00,1705.0,1666.69,2022-08-10 09:00:00+00:00,True,2022-08-10 09:05:00+00:00,2022-08-10 09:10:00+00:00,H2,2022-08-10 11:20:00+00:00
LONDON,LONG,development,2022-08-10 08:00:00+00:00,2022-08-10 13:30:00+00:00,1849.99,1683.5,2022-08-10 14:45:00+00:00,True,2022-08-10 14:50:00+00:00,2022-08-10 14:55:00+00:00,H2,2022-08-10 15:05:00+00:00
ALT_0330,LONG,development,2022-08-11 03:30:00+00:00,2022-08-11 09:00:00+00:00,1905.25,1870.0,2022-08-11 11:50:00+00:00,False,,,BREAK_DURING_K1,2022-08-11 12:00:00+00:00
LONDON,LONG,development,2022-08-12 08:00:00+00:00,2022-08-12 13:30:00+00:00,1903.13,1852.0,2022-08-12 15:30:00+00:00,True,2022-08-12 15:35:00+00:00,2022-08-12 15:40:00+00:00,H2,2022-08-12 16:00:00+00:00
ALT_0330,LONG,development,2022-08-16 03:30:00+00:00,2022-08-16 09:00:00+00:00,1894.0,1855.89,2022-08-16 09:20:00+00:00,True,2022-08-16 09:30:00+00:00,2022-08-16 09:35:00+00:00,H2,2022-08-16 09:40:00+00:00
RAW_2330,LONG,development,2022-08-17 23:30:00+00:00,2022-08-18 05:00:00+00:00,1865.0,1820.11,2022-08-18 10:05:00+00:00,True,2022-08-18 10:10:00+00:00,2022-08-18 10:15:00+00:00,NO_H2,
RAW_0530,LONG,development,2022-08-18 05:30:00+00:00,2022-08-18 11:00:00+00:00,1865.98,1833.34,2022-08-18 12:20:00+00:00,True,2022-08-18 12:35:00+00:00,2022-08-18 12:40:00+00:00,H2,2022-08-18 12:40:00+00:00
SHORT_2000,SHORT,development,2022-08-18 20:00:00+00:00,2022-08-19 01:30:00+00:00,1879.34,1805.75,2022-08-19 06:25:00+00:00,False,,,BREAK_DURING_K1,2022-08-19 06:30:00+00:00
SHORT_2000,SHORT,development,2022-08-21 20:00:00+00:00,2022-08-22 01:30:00+00:00,1648.7,1578.66,2022-08-22 06:40:00+00:00,True,2022-08-22 06:50:00+00:00,2022-08-22 06:55:00+00:00,H2,2022-08-22 07:10:00+00:00
LONDON,LONG,development,2022-08-22 08:00:00+00:00,2022-08-22 13:30:00+00:00,1580.0,1528.0,2022-08-22 14:05:00+00:00,True,2022-08-22 14:10:00+00:00,2022-08-22 14:15:00+00:00,H2,2022-08-22 15:40:00+00:00
SHORT_2000,SHORT,development,2022-08-22 20:00:00+00:00,2022-08-23 01:30:00+00:00,1638.75,1563.0,2022-08-23 06:10:00+00:00,True,2022-08-23 06:15:00+00:00,2022-08-23 06:20:00+00:00,NO_H2,
ALT_0330,LONG,development,2022-08-23 03:30:00+00:00,2022-08-23 09:00:00+00:00,1627.85,1562.41,2022-08-23 13:35:00+00:00,False,,,BREAK_DURING_K1,2022-08-23 13:50:00+00:00
RAW_0530,LONG,development,2022-08-23 05:30:00+00:00,2022-08-23 11:00:00+00:00,1624.95,1562.41,2022-08-23 12:05:00+00:00,True,2022-08-23 12:10:00+00:00,2022-08-23 12:15:00+00:00,H2,2022-08-23 13:25:00+00:00
LONDON,LONG,development,2022-08-23 08:00:00+00:00,2022-08-23 13:30:00+00:00,1626.84,1586.85,2022-08-23 13:35:00+00:00,False,,,BREAK_DURING_K1,2022-08-23 13:45:00+00:00
LONDON,LONG,development,2022-08-24 08:00:00+00:00,2022-08-24 13:30:00+00:00,1660.25,1625.18,2022-08-24 14:25:00+00:00,True,2022-08-24 14:30:00+00:00,2022-08-24 14:35:00+00:00,H2,2022-08-24 15:15:00+00:00
ALT_0330,LONG,development,2022-08-25 03:30:00+00:00,2022-08-25 09:00:00+00:00,1715.5,1663.03,2022-08-25 12:00:00+00:00,True,2022-08-25 12:05:00+00:00,2022-08-25 12:10:00+00:00,H2,2022-08-25 14:25:00+00:00
RAW_0530,LONG,development,2022-08-25 05:30:00+00:00,2022-08-25 11:00:00+00:00,1715.5,1672.1,2022-08-25 12:00:00+00:00,True,2022-08-25 12:05:00+00:00,2022-08-25 12:10:00+00:00,H2,2022-08-25 14:25:00+00:00
LONDON,LONG,development,2022-08-25 08:00:00+00:00,2022-08-25 13:30:00+00:00,1716.86,1692.7,2022-08-25 14:30:00+00:00,False,,,BREAK_DURING_K1,2022-08-25 14:35:00+00:00
LONDON,LONG,development,2022-08-29 08:00:00+00:00,2022-08-29 13:30:00+00:00,1495.0,1441.1,2022-08-29 13:35:00+00:00,False,,,BREAK_DURING_K1,2022-08-29 13:40:00+00:00
SHORT_2000,SHORT,development,2022-08-29 20:00:00+00:00,2022-08-30 01:30:00+00:00,1559.79,1527.88,2022-08-30 01:35:00+00:00,False,,,BREAK_DURING_K1,2022-08-30 01:40:00+00:00
SHORT_2000,SHORT,development,2022-08-31 20:00:00+00:00,2022-09-01 01:30:00+00:00,1584.41,1533.06,2022-09-01 07:30:00+00:00,True,2022-09-01 07:35:00+00:00,2022-09-01 07:40:00+00:00,NO_H2,
RAW_0530,LONG,development,2022-09-01 05:30:00+00:00,2022-09-01 11:00:00+00:00,1567.59,1530.24,2022-09-01 11:00:00+00:00,True,2022-09-01 11:10:00+00:00,2022-09-01 11:15:00+00:00,H2,2022-09-01 11:15:00+00:00
ALT_0330,LONG,development,2022-09-02 03:30:00+00:00,2022-09-02 09:00:00+00:00,1611.06,1577.28,2022-09-02 12:30:00+00:00,False,,,BREAK_DURING_K1,2022-09-02 12:35:00+00:00
RAW_0530,LONG,development,2022-09-02 05:30:00+00:00,2022-09-02 11:00:00+00:00,1602.59,1577.28,2022-09-02 12:25:00+00:00,False,,,BREAK_DURING_K1,2022-09-02 12:30:00+00:00
LONDON,LONG,development,2022-09-02 08:00:00+00:00,2022-09-02 13:30:00+00:00,1644.8,1581.33,2022-09-02 14:35:00+00:00,True,2022-09-02 14:45:00+00:00,2022-09-02 14:50:00+00:00,OPPOSITE,2022-09-02 18:10:00+00:00
ALT_0330,LONG,development,2022-09-05 03:30:00+00:00,2022-09-05 09:00:00+00:00,1579.55,1555.72,2022-09-05 13:20:00+00:00,True,2022-09-05 13:25:00+00:00,2022-09-05 13:30:00+00:00,H2,2022-09-05 14:10:00+00:00
LONDON,LONG,development,2022-09-05 08:00:00+00:00,2022-09-05 13:30:00+00:00,1582.59,1556.54,2022-09-05 14:10:00+00:00,False,,,BREAK_DURING_K1,2022-09-05 14:15:00+00:00
RAW_2330,LONG,development,2022-09-05 23:30:00+00:00,2022-09-06 05:00:00+00:00,1675.4,1599.96,2022-09-06 06:45:00+00:00,True,2022-09-06 06:50:00+00:00,2022-09-06 06:55:00+00:00,H2,2022-09-06 11:20:00+00:00
ALT_0330,LONG,development,2022-09-06 03:30:00+00:00,2022-09-06 09:00:00+00:00,1677.61,1634.26,2022-09-06 11:20:00+00:00,True,2022-09-06 11:25:00+00:00,2022-09-06 11:30:00+00:00,H2,2022-09-06 12:10:00+00:00
RAW_0530,LONG,development,2022-09-06 05:30:00+00:00,2022-09-06 11:00:00+00:00,1677.61,1645.25,2022-09-06 11:20:00+00:00,True,2022-09-06 11:25:00+00:00,2022-09-06 11:30:00+00:00,H2,2022-09-06 12:10:00+00:00
SHORT_2000,SHORT,development,2022-09-06 20:00:00+00:00,2022-09-07 01:30:00+00:00,1588.0,1520.2,2022-09-07 02:05:00+00:00,False,,,BREAK_DURING_K1,2022-09-07 02:10:00+00:00
ALT_0330,LONG,development,2022-09-08 03:30:00+00:00,2022-09-08 09:00:00+00:00,1646.94,1594.0,2022-09-08 13:40:00+00:00,True,2022-09-08 13:50:00+00:00,2022-09-08 13:55:00+00:00,H2,2022-09-08 15:05:00+00:00
LONDON,LONG,development,2022-09-08 08:00:00+00:00,2022-09-08 13:30:00+00:00,1646.6,1597.0,2022-09-08 13:40:00+00:00,True,2022-09-08 13:50:00+00:00,2022-09-08 13:55:00+00:00,H2,2022-09-08 15:05:00+00:00
RAW_2330,LONG,development,2022-09-12 23:30:00+00:00,2022-09-13 05:00:00+00:00,1724.13,1672.79,2022-09-13 06:40:00+00:00,True,2022-09-13 06:45:00+00:00,2022-09-13 06:50:00+00:00,H2,2022-09-13 09:40:00+00:00
RAW_2330,LONG,development,2022-09-13 23:30:00+00:00,2022-09-14 05:00:00+00:00,1618.0,1548.0,2022-09-14 05:10:00+00:00,True,2022-09-14 05:15:00+00:00,2022-09-14 05:20:00+00:00,NO_H2,
LONDON,LONG,development,2022-09-20 08:00:00+00:00,2022-09-20 13:30:00+00:00,1366.4,1328.76,2022-09-20 15:05:00+00:00,True,2022-09-20 15:10:00+00:00,2022-09-20 15:15:00+00:00,H2,2022-09-20 15:50:00+00:00
RAW_0530,LONG,development,2022-09-21 05:30:00+00:00,2022-09-21 11:00:00+00:00,1348.8,1315.02,2022-09-21 11:00:00+00:00,True,2022-09-21 11:05:00+00:00,2022-09-21 11:10:00+00:00,H2,2022-09-21 11:35:00+00:00
ALT_0330,LONG,development,2022-09-22 03:30:00+00:00,2022-09-22 09:00:00+00:00,1297.5,1253.22,2022-09-22 10:25:00+00:00,False,,,BREAK_DURING_K1,2022-09-22 10:30:00+00:00
RAW_0530,LONG,development,2022-09-22 05:30:00+00:00,2022-09-22 11:00:00+00:00,1303.0,1254.18,2022-09-22 11:45:00+00:00,False,,,BREAK_DURING_K1,2022-09-22 11:50:00+00:00
ALT_0330,LONG,development,2022-09-26 03:30:00+00:00,2022-09-26 09:00:00+00:00,1322.29,1277.55,2022-09-26 09:00:00+00:00,True,2022-09-26 09:05:00+00:00,2022-09-26 09:10:00+00:00,H2,2022-09-26 13:35:00+00:00
RAW_0530,LONG,development,2022-09-26 05:30:00+00:00,2022-09-26 11:00:00+00:00,1324.61,1277.55,2022-09-26 13:35:00+00:00,True,2022-09-26 13:40:00+00:00,2022-09-26 13:45:00+00:00,H2,2022-09-26 13:50:00+00:00
LONDON,LONG,development,2022-09-26 08:00:00+00:00,2022-09-26 13:30:00+00:00,1324.61,1288.16,2022-09-26 13:35:00+00:00,True,2022-09-26 13:40:00+00:00,2022-09-26 13:45:00+00:00,H2,2022-09-26 13:50:00+00:00
RAW_0530,LONG,development,2022-09-28 05:30:00+00:00,2022-09-28 11:00:00+00:00,1312.5,1250.0,2022-09-28 13:20:00+00:00,True,2022-09-28 13:25:00+00:00,2022-09-28 13:30:00+00:00,H2,2022-09-28 13:30:00+00:00
LONDON,LONG,development,2022-09-28 08:00:00+00:00,2022-09-28 13:30:00+00:00,1313.0,1250.0,2022-09-28 13:30:00+00:00,True,2022-09-28 13:35:00+00:00,2022-09-28 13:40:00+00:00,H2,2022-09-28 13:40:00+00:00
RAW_0530,LONG,development,2022-09-29 05:30:00+00:00,2022-09-29 11:00:00+00:00,1344.21,1312.65,2022-09-29 11:20:00+00:00,True,2022-09-29 11:25:00+00:00,2022-09-29 11:30:00+00:00,OPPOSITE,2022-09-29 13:40:00+00:00
SHORT_2000,SHORT,development,2022-09-29 20:00:00+00:00,2022-09-30 01:30:00+00:00,1352.99,1323.22,2022-09-30 03:00:00+00:00,True,2022-09-30 03:05:00+00:00,2022-09-30 03:10:00+00:00,H2,2022-09-30 03:30:00+00:00
LONDON,LONG,development,2022-09-30 08:00:00+00:00,2022-09-30 13:30:00+00:00,1348.98,1307.53,2022-09-30 14:35:00+00:00,True,2022-09-30 14:40:00+00:00,2022-09-30 14:45:00+00:00,H2,2022-09-30 14:45:00+00:00
RAW_2330,LONG,development,2022-10-02 23:30:00+00:00,2022-10-03 05:00:00+00:00,1300.0,1260.48,2022-10-03 06:05:00+00:00,True,2022-10-03 06:10:00+00:00,2022-10-03 06:15:00+00:00,NO_H2,
ALT_0330,LONG,development,2022-10-03 03:30:00+00:00,2022-10-03 09:00:00+00:00,1301.64,1283.45,2022-10-03 12:50:00+00:00,False,,,BREAK_DURING_K1,2022-10-03 13:00:00+00:00
RAW_0530,LONG,development,2022-10-03 05:30:00+00:00,2022-10-03 11:00:00+00:00,1301.64,1283.61,2022-10-03 12:50:00+00:00,False,,,BREAK_DURING_K1,2022-10-03 13:00:00+00:00
ALT_0330,LONG,development,2022-10-04 03:30:00+00:00,2022-10-04 09:00:00+00:00,1359.8,1323.06,2022-10-04 14:00:00+00:00,True,2022-10-04 14:10:00+00:00,2022-10-04 14:15:00+00:00,NO_H2,
RAW_0530,LONG,development,2022-10-04 05:30:00+00:00,2022-10-04 11:00:00+00:00,1359.8,1323.87,2022-10-04 14:00:00+00:00,True,2022-10-04 14:10:00+00:00,2022-10-04 14:15:00+00:00,NO_H2,
LONDON,LONG,development,2022-10-04 08:00:00+00:00,2022-10-04 13:30:00+00:00,1359.8,1341.51,2022-10-04 14:00:00+00:00,True,2022-10-04 14:10:00+00:00,2022-10-04 14:15:00+00:00,OPPOSITE,2022-10-04 17:15:00+00:00
SHORT_2000,SHORT,development,2022-10-04 20:00:00+00:00,2022-10-05 01:30:00+00:00,1370.0,1350.52,2022-10-05 04:15:00+00:00,False,,,BREAK_DURING_K1,2022-10-05 04:20:00+00:00
RAW_0530,LONG,development,2022-10-06 05:30:00+00:00,2022-10-06 11:00:00+00:00,1377.59,1354.0,2022-10-06 12:30:00+00:00,True,2022-10-06 12:35:00+00:00,2022-10-06 12:40:00+00:00,H2,2022-10-06 13:40:00+00:00
LONDON,LONG,development,2022-10-06 08:00:00+00:00,2022-10-06 13:30:00+00:00,1378.0,1354.0,2022-10-06 13:40:00+00:00,True,2022-10-06 13:45:00+00:00,2022-10-06 13:50:00+00:00,OPPOSITE,2022-10-06 14:05:00+00:00
ALT_0330,LONG,development,2022-10-07 03:30:00+00:00,2022-10-07 09:00:00+00:00,1359.64,1345.2,2022-10-07 09:20:00+00:00,True,2022-10-07 09:25:00+00:00,2022-10-07 09:30:00+00:00,OPPOSITE,2022-10-07 12:30:00+00:00
SHORT_2000,SHORT,development,2022-10-09 20:00:00+00:00,2022-10-10 01:30:00+00:00,1337.93,1313.37,2022-10-10 06:00:00+00:00,True,2022-10-10 06:05:00+00:00,2022-10-10 06:10:00+00:00,H2,2022-10-10 06:50:00+00:00
ALT_0330,LONG,development,2022-10-11 03:30:00+00:00,2022-10-11 09:00:00+00:00,1288.45,1271.2,2022-10-11 12:10:00+00:00,False,,,BREAK_DURING_K1,2022-10-11 12:15:00+00:00
RAW_0530,LONG,development,2022-10-11 05:30:00+00:00,2022-10-11 11:00:00+00:00,1288.45,1271.2,2022-10-11 12:10:00+00:00,False,,,BREAK_DURING_K1,2022-10-11 12:15:00+00:00
RAW_2330,LONG,development,2022-10-11 23:30:00+00:00,2022-10-12 05:00:00+00:00,1292.82,1274.35,2022-10-12 05:40:00+00:00,False,,,BREAK_DURING_K1,2022-10-12 05:45:00+00:00
SHORT_2000,SHORT,development,2022-10-12 20:00:00+00:00,2022-10-13 01:30:00+00:00,1302.47,1291.98,2022-10-13 01:40:00+00:00,True,2022-10-13 01:45:00+00:00,2022-10-13 01:50:00+00:00,H2,2022-10-13 01:55:00+00:00
LONDON,LONG,development,2022-10-13 08:00:00+00:00,2022-10-13 13:30:00+00:00,1284.0,1176.0,2022-10-13 18:45:00+00:00,False,,,BREAK_DURING_K1,2022-10-13 18:55:00+00:00
RAW_0530,LONG,development,2022-10-14 05:30:00+00:00,2022-10-14 11:00:00+00:00,1333.98,1315.63,2022-10-14 11:20:00+00:00,True,2022-10-14 11:25:00+00:00,2022-10-14 11:30:00+00:00,H2,2022-10-14 12:35:00+00:00
RAW_2330,LONG,development,2022-10-16 23:30:00+00:00,2022-10-17 05:00:00+00:00,1308.78,1295.0,2022-10-17 05:55:00+00:00,False,,,BREAK_DURING_K1,2022-10-17 06:00:00+00:00
LONDON,LONG,development,2022-10-17 08:00:00+00:00,2022-10-17 13:30:00+00:00,1325.45,1306.66,2022-10-17 13:30:00+00:00,False,,,BREAK_DURING_K1,2022-10-17 13:35:00+00:00
ALT_0330,LONG,development,2022-10-19 03:30:00+00:00,2022-10-19 09:00:00+00:00,1306.26,1292.0,2022-10-19 09:50:00+00:00,True,2022-10-19 10:15:00+00:00,2022-10-19 10:20:00+00:00,NO_H2,
RAW_2330,LONG,development,2022-10-19 23:30:00+00:00,2022-10-20 05:00:00+00:00,1291.43,1270.0,2022-10-20 05:00:00+00:00,False,,,BREAK_DURING_K1,2022-10-20 05:10:00+00:00
RAW_0530,LONG,development,2022-10-20 05:30:00+00:00,2022-10-20 11:00:00+00:00,1301.0,1287.85,2022-10-20 11:15:00+00:00,True,2022-10-20 11:25:00+00:00,2022-10-20 11:30:00+00:00,H2,2022-10-20 12:20:00+00:00
ALT_0330,LONG,development,2022-10-24 03:30:00+00:00,2022-10-24 09:00:00+00:00,1349.46,1331.63,2022-10-24 10:20:00+00:00,False,,,BREAK_DURING_K1,2022-10-24 10:25:00+00:00
RAW_2330,LONG,development,2022-10-25 23:30:00+00:00,2022-10-26 05:00:00+00:00,1499.0,1456.56,2022-10-26 06:35:00+00:00,False,,,BREAK_DURING_K1,2022-10-26 06:40:00+00:00
SHORT_2000,SHORT,development,2022-10-26 20:00:00+00:00,2022-10-27 01:30:00+00:00,1584.98,1542.0,2022-10-27 03:00:00+00:00,True,2022-10-27 03:10:00+00:00,2022-10-27 03:15:00+00:00,NO_H2,
RAW_0530,LONG,development,2022-10-27 05:30:00+00:00,2022-10-27 11:00:00+00:00,1571.85,1532.02,2022-10-27 12:30:00+00:00,True,2022-10-27 12:35:00+00:00,2022-10-27 12:40:00+00:00,H2,2022-10-27 12:45:00+00:00
SHORT_2000,SHORT,development,2022-10-27 20:00:00+00:00,2022-10-28 01:30:00+00:00,1562.89,1497.72,2022-10-28 02:55:00+00:00,True,2022-10-28 03:00:00+00:00,2022-10-28 03:05:00+00:00,H2,2022-10-28 07:25:00+00:00
RAW_2330,LONG,development,2022-10-31 23:30:00+00:00,2022-11-01 05:00:00+00:00,1604.5,1566.19,2022-11-01 09:45:00+00:00,True,2022-11-01 09:55:00+00:00,2022-11-01 10:00:00+00:00,H2,2022-11-01 10:10:00+00:00
RAW_0530,LONG,development,2022-11-07 05:30:00+00:00,2022-11-07 11:00:00+00:00,1594.49,1545.0,2022-11-07 16:00:00+00:00,True,2022-11-07 16:05:00+00:00,2022-11-07 16:10:00+00:00,NO_H2,
SHORT_2000,SHORT,development,2022-11-08 20:00:00+00:00,2022-11-09 01:30:00+00:00,1343.69,1278.0,2022-11-09 07:35:00+00:00,False,,,BREAK_DURING_K1,2022-11-09 07:40:00+00:00
ALT_0330,LONG,development,2022-11-10 03:30:00+00:00,2022-11-10 09:00:00+00:00,1220.0,1157.62,2022-11-10 12:15:00+00:00,True,2022-11-10 12:20:00+00:00,2022-11-10 12:25:00+00:00,H2,2022-11-10 13:00:00+00:00
RAW_0530,LONG,development,2022-11-10 05:30:00+00:00,2022-11-10 11:00:00+00:00,1220.0,1170.62,2022-11-10 12:15:00+00:00,True,2022-11-10 12:20:00+00:00,2022-11-10 12:25:00+00:00,H2,2022-11-10 13:00:00+00:00
RAW_2330,LONG,development,2022-11-13 23:30:00+00:00,2022-11-14 05:00:00+00:00,1230.86,1170.5,2022-11-14 06:50:00+00:00,False,,,BREAK_DURING_K1,2022-11-14 06:55:00+00:00
ALT_0330,LONG,development,2022-11-14 03:30:00+00:00,2022-11-14 09:00:00+00:00,1275.9,1174.53,2022-11-14 13:05:00+00:00,False,,,BREAK_DURING_K1,2022-11-14 13:10:00+00:00
RAW_0530,LONG,development,2022-11-14 05:30:00+00:00,2022-11-14 11:00:00+00:00,1275.9,1174.53,2022-11-14 13:05:00+00:00,False,,,BREAK_DURING_K1,2022-11-14 13:10:00+00:00
RAW_0530,LONG,development,2022-11-17 05:30:00+00:00,2022-11-17 11:00:00+00:00,1215.09,1181.0,2022-11-17 15:20:00+00:00,True,2022-11-17 15:30:00+00:00,2022-11-17 15:35:00+00:00,H2,2022-11-17 17:00:00+00:00
ALT_0330,LONG,development,2022-11-18 03:30:00+00:00,2022-11-18 09:00:00+00:00,1225.7,1202.34,2022-11-18 13:20:00+00:00,True,2022-11-18 13:25:00+00:00,2022-11-18 13:30:00+00:00,NO_H2,
RAW_0530,LONG,development,2022-11-18 05:30:00+00:00,2022-11-18 11:00:00+00:00,1224.95,1202.34,2022-11-18 13:20:00+00:00,True,2022-11-18 13:25:00+00:00,2022-11-18 13:30:00+00:00,H2,2022-11-18 13:35:00+00:00
RAW_0530,LONG,development,2022-11-21 05:30:00+00:00,2022-11-21 11:00:00+00:00,1137.99,1104.8,2022-11-21 13:15:00+00:00,False,,,BREAK_DURING_K1,2022-11-21 13:20:00+00:00
SHORT_2000,SHORT,development,2022-11-21 20:00:00+00:00,2022-11-22 01:30:00+00:00,1123.0,1081.0,2022-11-22 07:00:00+00:00,True,2022-11-22 07:05:00+00:00,2022-11-22 07:10:00+00:00,NO_H2,
ALT_0330,LONG,development,2022-11-22 03:30:00+00:00,2022-11-22 09:00:00+00:00,1107.92,1071.52,2022-11-22 13:05:00+00:00,False,,,BREAK_DURING_K1,2022-11-22 13:10:00+00:00
LONDON,LONG,development,2022-11-22 08:00:00+00:00,2022-11-22 13:30:00+00:00,1120.0,1071.52,2022-11-22 13:30:00+00:00,True,2022-11-22 13:35:00+00:00,2022-11-22 13:40:00+00:00,H2,2022-11-22 13:50:00+00:00
RAW_2330,LONG,development,2022-11-22 23:30:00+00:00,2022-11-23 05:00:00+00:00,1171.0,1127.01,2022-11-23 08:00:00+00:00,True,2022-11-23 08:05:00+00:00,2022-11-23 08:10:00+00:00,H2,2022-11-23 10:50:00+00:00
ALT_0330,LONG,development,2022-11-25 03:30:00+00:00,2022-11-25 09:00:00+00:00,1187.64,1170.99,2022-11-25 10:35:00+00:00,True,2022-11-25 10:40:00+00:00,2022-11-25 10:45:00+00:00,H2,2022-11-25 10:45:00+00:00
LONDON,LONG,development,2022-11-30 08:00:00+00:00,2022-11-30 13:30:00+00:00,1276.93,1253.37,2022-11-30 16:40:00+00:00,True,2022-11-30 16:45:00+00:00,2022-11-30 16:50:00+00:00,H2,2022-11-30 18:30:00+00:00
SHORT_2000,SHORT,development,2022-11-30 20:00:00+00:00,2022-12-01 01:30:00+00:00,1312.99,1282.0,2022-12-01 02:30:00+00:00,True,2022-12-01 02:35:00+00:00,2022-12-01 02:40:00+00:00,H2,2022-12-01 04:55:00+00:00
ALT_0330,LONG,development,2022-12-01 03:30:00+00:00,2022-12-01 09:00:00+00:00,1288.98,1275.0,2022-12-01 12:40:00+00:00,True,2022-12-01 12:50:00+00:00,2022-12-01 12:55:00+00:00,H2,2022-12-01 13:05:00+00:00
SHORT_2000,SHORT,development,2022-12-01 20:00:00+00:00,2022-12-02 01:30:00+00:00,1284.66,1266.18,2022-12-02 01:50:00+00:00,True,2022-12-02 01:55:00+00:00,2022-12-02 02:00:00+00:00,H2,2022-12-02 02:10:00+00:00
ALT_0330,LONG,development,2022-12-02 03:30:00+00:00,2022-12-02 09:00:00+00:00,1279.69,1267.31,2022-12-02 09:35:00+00:00,True,2022-12-02 09:40:00+00:00,2022-12-02 09:45:00+00:00,H2,2022-12-02 10:55:00+00:00
RAW_2330,LONG,development,2022-12-04 23:30:00+00:00,2022-12-05 05:00:00+00:00,1303.86,1275.44,2022-12-05 05:05:00+00:00,True,2022-12-05 05:10:00+00:00,2022-12-05 05:15:00+00:00,H2,2022-12-05 08:25:00+00:00
SHORT_2000,SHORT,development,2022-12-06 20:00:00+00:00,2022-12-07 01:30:00+00:00,1278.3,1247.0,2022-12-07 06:55:00+00:00,True,2022-12-07 07:00:00+00:00,2022-12-07 07:05:00+00:00,H2,2022-12-07 07:05:00+00:00
LONDON,LONG,development,2022-12-07 08:00:00+00:00,2022-12-07 13:30:00+00:00,1233.33,1217.02,2022-12-07 13:30:00+00:00,True,2022-12-07 13:40:00+00:00,2022-12-07 13:45:00+00:00,H2,2022-12-07 13:50:00+00:00
ALT_0330,LONG,development,2022-12-08 03:30:00+00:00,2022-12-08 09:00:00+00:00,1235.57,1224.0,2022-12-08 11:25:00+00:00,True,2022-12-08 11:30:00+00:00,2022-12-08 11:35:00+00:00,H2,2022-12-08 11:45:00+00:00
RAW_0530,LONG,development,2022-12-08 05:30:00+00:00,2022-12-08 11:00:00+00:00,1235.57,1224.0,2022-12-08 11:25:00+00:00,True,2022-12-08 11:30:00+00:00,2022-12-08 11:35:00+00:00,H2,2022-12-08 11:45:00+00:00
LONDON,LONG,development,2022-12-08 08:00:00+00:00,2022-12-08 13:30:00+00:00,1247.33,1227.36,2022-12-08 14:00:00+00:00,True,2022-12-08 14:05:00+00:00,2022-12-08 14:10:00+00:00,H2,2022-12-08 14:55:00+00:00
ALT_0330,LONG,development,2022-12-09 03:30:00+00:00,2022-12-09 09:00:00+00:00,1285.74,1276.75,2022-12-09 09:55:00+00:00,False,,,BREAK_DURING_K1,2022-12-09 10:00:00+00:00
RAW_0530,LONG,development,2022-12-09 05:30:00+00:00,2022-12-09 11:00:00+00:00,1293.78,1276.75,2022-12-09 12:40:00+00:00,True,2022-12-09 12:45:00+00:00,2022-12-09 12:50:00+00:00,OPPOSITE,2022-12-09 13:30:00+00:00
RAW_0530,LONG,development,2022-12-13 05:30:00+00:00,2022-12-13 11:00:00+00:00,1288.96,1254.32,2022-12-13 11:15:00+00:00,True,2022-12-13 11:25:00+00:00,2022-12-13 11:30:00+00:00,H2,2022-12-13 12:20:00+00:00
ALT_0330,LONG,development,2022-12-19 03:30:00+00:00,2022-12-19 09:00:00+00:00,1183.98,1172.75,2022-12-19 09:20:00+00:00,False,,,BREAK_DURING_K1,2022-12-19 09:25:00+00:00
RAW_0530,LONG,development,2022-12-20 05:30:00+00:00,2022-12-20 11:00:00+00:00,1213.63,1203.5,2022-12-20 11:15:00+00:00,False,,,BREAK_DURING_K1,2022-12-20 11:20:00+00:00
SHORT_2000,SHORT,development,2022-12-20 20:00:00+00:00,2022-12-21 01:30:00+00:00,1221.0,1206.12,2022-12-21 03:10:00+00:00,True,2022-12-21 03:15:00+00:00,2022-12-21 03:20:00+00:00,H2,2022-12-21 04:20:00+00:00
ALT_0330,LONG,development,2022-12-21 03:30:00+00:00,2022-12-21 09:00:00+00:00,1218.75,1202.06,2022-12-21 10:55:00+00:00,True,2022-12-21 11:00:00+00:00,2022-12-21 11:05:00+00:00,H2,2022-12-21 14:45:00+00:00
RAW_0530,LONG,development,2022-12-21 05:30:00+00:00,2022-12-21 11:00:00+00:00,1218.99,1206.63,2022-12-21 14:45:00+00:00,True,2022-12-21 14:50:00+00:00,2022-12-21 14:55:00+00:00,NO_H2,
LONDON,LONG,development,2022-12-21 08:00:00+00:00,2022-12-21 13:30:00+00:00,1218.99,1206.63,2022-12-21 14:45:00+00:00,True,2022-12-21 14:50:00+00:00,2022-12-21 14:55:00+00:00,NO_H2,
ALT_0330,LONG,development,2022-12-22 03:30:00+00:00,2022-12-22 09:00:00+00:00,1218.92,1208.9,2022-12-22 09:35:00+00:00,False,,,BREAK_DURING_K1,2022-12-22 09:40:00+00:00
ALT_0330,LONG,development,2022-12-23 03:30:00+00:00,2022-12-23 09:00:00+00:00,1225.26,1214.8,2022-12-23 10:35:00+00:00,True,2022-12-23 10:40:00+00:00,2022-12-23 10:45:00+00:00,H2,2022-12-23 13:15:00+00:00
RAW_0530,LONG,development,2022-12-23 05:30:00+00:00,2022-12-23 11:00:00+00:00,1226.0,1214.8,2022-12-23 13:15:00+00:00,True,2022-12-23 13:20:00+00:00,2022-12-23 13:25:00+00:00,H2,2022-12-23 13:30:00+00:00
RAW_2330,LONG,development,2022-12-28 23:30:00+00:00,2022-12-29 05:00:00+00:00,1199.44,1186.24,2022-12-29 09:20:00+00:00,True,2022-12-29 09:30:00+00:00,2022-12-29 09:35:00+00:00,H2,2022-12-29 09:45:00+00:00
ALT_0330,LONG,development,2022-12-29 03:30:00+00:00,2022-12-29 09:00:00+00:00,1199.44,1189.58,2022-12-29 09:20:00+00:00,True,2022-12-29 09:30:00+00:00,2022-12-29 09:35:00+00:00,H2,2022-12-29 09:45:00+00:00
RAW_0530,LONG,development,2022-12-29 05:30:00+00:00,2022-12-29 11:00:00+00:00,1203.85,1189.58,2022-12-29 13:30:00+00:00,True,2022-12-29 13:35:00+00:00,2022-12-29 13:40:00+00:00,H2,2022-12-29 14:30:00+00:00
LONDON,LONG,development,2022-12-29 08:00:00+00:00,2022-12-29 13:30:00+00:00,1203.85,1189.58,2022-12-29 13:30:00+00:00,True,2022-12-29 13:35:00+00:00,2022-12-29 13:40:00+00:00,H2,2022-12-29 14:30:00+00:00
RAW_2330,LONG,development,2023-01-01 23:30:00+00:00,2023-01-02 05:00:00+00:00,1203.32,1191.5,2023-01-02 06:10:00+00:00,True,2023-01-02 06:15:00+00:00,2023-01-02 06:20:00+00:00,H2,2023-01-02 06:20:00+00:00
ALT_0330,LONG,development,2023-01-02 03:30:00+00:00,2023-01-02 09:00:00+00:00,1222.0,1196.31,2023-01-02 10:05:00+00:00,True,2023-01-02 10:10:00+00:00,2023-01-02 10:15:00+00:00,NO_H2,
RAW_2330,LONG,development,2023-01-02 23:30:00+00:00,2023-01-03 05:00:00+00:00,1216.28,1210.64,2023-01-03 05:35:00+00:00,False,,,BREAK_DURING_K1,2023-01-03 05:45:00+00:00
LONDON,LONG,development,2023-01-03 08:00:00+00:00,2023-01-03 13:30:00+00:00,1218.2,1213.32,2023-01-03 14:30:00+00:00,True,2023-01-03 14:35:00+00:00,2023-01-03 14:40:00+00:00,H2,2023-01-03 14:40:00+00:00
RAW_2330,LONG,development,2023-01-03 23:30:00+00:00,2023-01-04 05:00:00+00:00,1258.53,1212.16,2023-01-04 08:20:00+00:00,True,2023-01-04 08:25:00+00:00,2023-01-04 08:30:00+00:00,NO_H2,
SHORT_2000,SHORT,development,2023-01-05 20:00:00+00:00,2023-01-06 01:30:00+00:00,1258.98,1247.38,2023-01-06 05:40:00+00:00,True,2023-01-06 05:45:00+00:00,2023-01-06 05:50:00+00:00,H2,2023-01-06 06:15:00+00:00
RAW_2330,LONG,development,2023-01-08 23:30:00+00:00,2023-01-09 05:00:00+00:00,1314.61,1281.55,2023-01-09 08:50:00+00:00,True,2023-01-09 08:55:00+00:00,2023-01-09 09:00:00+00:00,H2,2023-01-09 09:20:00+00:00
ALT_0330,LONG,development,2023-01-09 03:30:00+00:00,2023-01-09 09:00:00+00:00,1320.0,1305.8,2023-01-09 09:35:00+00:00,True,2023-01-09 09:40:00+00:00,2023-01-09 09:45:00+00:00,H2,2023-01-09 09:45:00+00:00
RAW_0530,LONG,development,2023-01-09 05:30:00+00:00,2023-01-09 11:00:00+00:00,1328.0,1306.69,2023-01-09 14:55:00+00:00,True,2023-01-09 15:10:00+00:00,2023-01-09 15:15:00+00:00,H2,2023-01-09 15:40:00+00:00
LONDON,LONG,development,2023-01-09 08:00:00+00:00,2023-01-09 13:30:00+00:00,1328.0,1307.5,2023-01-09 14:55:00+00:00,True,2023-01-09 15:10:00+00:00,2023-01-09 15:15:00+00:00,H2,2023-01-09 15:40:00+00:00
RAW_2330,LONG,development,2023-01-09 23:30:00+00:00,2023-01-10 05:00:00+00:00,1329.64,1316.74,2023-01-10 08:25:00+00:00,True,2023-01-10 08:35:00+00:00,2023-01-10 08:40:00+00:00,H2,2023-01-10 08:55:00+00:00
ALT_0330,LONG,development,2023-01-10 03:30:00+00:00,2023-01-10 09:00:00+00:00,1336.27,1321.27,2023-01-10 14:05:00+00:00,True,2023-01-10 14:10:00+00:00,2023-01-10 14:15:00+00:00,H2,2023-01-10 14:30:00+00:00
RAW_0530,LONG,development,2023-01-10 05:30:00+00:00,2023-01-10 11:00:00+00:00,1336.27,1321.27,2023-01-10 14:05:00+00:00,True,2023-01-10 14:10:00+00:00,2023-01-10 14:15:00+00:00,H2,2023-01-10 14:30:00+00:00
LONDON,LONG,development,2023-01-10 08:00:00+00:00,2023-01-10 13:30:00+00:00,1336.27,1321.27,2023-01-10 14:05:00+00:00,True,2023-01-10 14:10:00+00:00,2023-01-10 14:15:00+00:00,H2,2023-01-10 14:30:00+00:00
RAW_2330,LONG,development,2023-01-12 23:30:00+00:00,2023-01-13 05:00:00+00:00,1418.96,1400.7,2023-01-13 10:45:00+00:00,True,2023-01-13 10:50:00+00:00,2023-01-13 10:55:00+00:00,NO_H2,
RAW_0530,LONG,development,2023-01-17 05:30:00+00:00,2023-01-17 11:00:00+00:00,1572.33,1557.45,2023-01-17 12:05:00+00:00,True,2023-01-17 12:10:00+00:00,2023-01-17 12:15:00+00:00,H2,2023-01-17 12:15:00+00:00
RAW_0530,LONG,development,2023-01-18 05:30:00+00:00,2023-01-18 11:00:00+00:00,1589.55,1570.81,2023-01-18 13:30:00+00:00,True,2023-01-18 13:35:00+00:00,2023-01-18 13:40:00+00:00,H2,2023-01-18 13:45:00+00:00
LONDON,LONG,development,2023-01-18 08:00:00+00:00,2023-01-18 13:30:00+00:00,1585.48,1570.81,2023-01-18 13:30:00+00:00,True,2023-01-18 13:35:00+00:00,2023-01-18 13:40:00+00:00,H2,2023-01-18 13:40:00+00:00
SHORT_2000,SHORT,development,2023-01-19 20:00:00+00:00,2023-01-20 01:30:00+00:00,1565.0,1544.1,2023-01-20 05:00:00+00:00,True,2023-01-20 05:05:00+00:00,2023-01-20 05:10:00+00:00,H2,2023-01-20 06:00:00+00:00
ALT_0330,LONG,development,2023-01-20 03:30:00+00:00,2023-01-20 09:00:00+00:00,1556.88,1541.6,2023-01-20 12:40:00+00:00,False,,,BREAK_DURING_K1,2023-01-20 12:45:00+00:00
RAW_0530,LONG,development,2023-01-20 05:30:00+00:00,2023-01-20 11:00:00+00:00,1556.09,1541.6,2023-01-20 12:35:00+00:00,False,,,BREAK_DURING_K1,2023-01-20 12:45:00+00:00
LONDON,LONG,development,2023-01-20 08:00:00+00:00,2023-01-20 13:30:00+00:00,1562.7,1544.92,2023-01-20 14:40:00+00:00,True,2023-01-20 14:55:00+00:00,2023-01-20 15:00:00+00:00,H2,2023-01-20 15:00:00+00:00
RAW_2330,LONG,development,2023-01-24 23:30:00+00:00,2023-01-25 05:00:00+00:00,1557.21,1512.3,2023-01-25 07:05:00+00:00,True,2023-01-25 07:15:00+00:00,2023-01-25 07:20:00+00:00,H2,2023-01-25 07:20:00+00:00
LONDON,LONG,development,2023-01-26 08:00:00+00:00,2023-01-26 13:30:00+00:00,1618.59,1591.25,2023-01-26 14:00:00+00:00,True,2023-01-26 14:20:00+00:00,2023-01-26 14:25:00+00:00,H2,2023-01-26 14:30:00+00:00
SHORT_2000,SHORT,development,2023-01-29 20:00:00+00:00,2023-01-30 01:30:00+00:00,1656.71,1626.91,2023-01-30 06:40:00+00:00,True,2023-01-30 06:45:00+00:00,2023-01-30 06:50:00+00:00,H2,2023-01-30 07:15:00+00:00
ALT_0330,LONG,development,2023-01-31 03:30:00+00:00,2023-01-31 09:00:00+00:00,1584.04,1561.04,2023-01-31 13:30:00+00:00,False,,,BREAK_DURING_K1,2023-01-31 13:35:00+00:00
RAW_0530,LONG,development,2023-01-31 05:30:00+00:00,2023-01-31 11:00:00+00:00,1584.04,1561.04,2023-01-31 13:30:00+00:00,False,,,BREAK_DURING_K1,2023-01-31 13:35:00+00:00
LONDON,LONG,development,2023-01-31 08:00:00+00:00,2023-01-31 13:30:00+00:00,1584.04,1565.1,2023-01-31 13:30:00+00:00,False,,,BREAK_DURING_K1,2023-01-31 13:35:00+00:00
RAW_0530,LONG,development,2023-02-01 05:30:00+00:00,2023-02-01 11:00:00+00:00,1585.65,1565.87,2023-02-01 13:15:00+00:00,True,2023-02-01 13:40:00+00:00,2023-02-01 13:45:00+00:00,H2,2023-02-01 14:20:00+00:00
RAW_0530,LONG,development,2023-02-02 05:30:00+00:00,2023-02-02 11:00:00+00:00,1675.89,1660.6,2023-02-02 12:45:00+00:00,False,,,BREAK_DURING_K1,2023-02-02 12:50:00+00:00
ALT_0330,LONG,development,2023-02-03 03:30:00+00:00,2023-02-03 09:00:00+00:00,1647.83,1630.0,2023-02-03 11:30:00+00:00,True,2023-02-03 11:35:00+00:00,2023-02-03 11:40:00+00:00,H2,2023-02-03 11:40:00+00:00
RAW_0530,LONG,development,2023-02-03 05:30:00+00:00,2023-02-03 11:00:00+00:00,1647.83,1630.0,2023-02-03 11:30:00+00:00,True,2023-02-03 11:35:00+00:00,2023-02-03 11:40:00+00:00,H2,2023-02-03 11:40:00+00:00
SHORT_2000,SHORT,development,2023-02-05 20:00:00+00:00,2023-02-06 01:30:00+00:00,1642.52,1611.18,2023-02-06 05:25:00+00:00,True,2023-02-06 05:35:00+00:00,2023-02-06 05:40:00+00:00,NO_H2,
ALT_0330,LONG,development,2023-02-06 03:30:00+00:00,2023-02-06 09:00:00+00:00,1637.99,1607.43,2023-02-06 12:00:00+00:00,True,2023-02-06 12:05:00+00:00,2023-02-06 12:10:00+00:00,NO_H2,
RAW_0530,LONG,development,2023-02-06 05:30:00+00:00,2023-02-06 11:00:00+00:00,1637.99,1607.43,2023-02-06 12:00:00+00:00,True,2023-02-06 12:05:00+00:00,2023-02-06 12:10:00+00:00,H2,2023-02-06 15:55:00+00:00
ALT_0330,LONG,development,2023-02-09 03:30:00+00:00,2023-02-09 09:00:00+00:00,1637.6,1610.16,2023-02-09 11:50:00+00:00,True,2023-02-09 11:55:00+00:00,2023-02-09 12:00:00+00:00,H2,2023-02-09 12:45:00+00:00
RAW_0530,LONG,development,2023-02-09 05:30:00+00:00,2023-02-09 11:00:00+00:00,1637.6,1622.5,2023-02-09 11:50:00+00:00,True,2023-02-09 11:55:00+00:00,2023-02-09 12:00:00+00:00,H2,2023-02-09 12:45:00+00:00
LONDON,LONG,development,2023-02-09 08:00:00+00:00,2023-02-09 13:30:00+00:00,1643.55,1625.44,2023-02-09 14:25:00+00:00,False,,,BREAK_DURING_K1,2023-02-09 14:30:00+00:00
RAW_2330,LONG,development,2023-02-12 23:30:00+00:00,2023-02-13 05:00:00+00:00,1524.2,1495.65,2023-02-13 07:20:00+00:00,True,2023-02-13 07:30:00+00:00,2023-02-13 07:35:00+00:00,H2,2023-02-13 07:35:00+00:00
RAW_0530,LONG,development,2023-02-14 05:30:00+00:00,2023-02-14 11:00:00+00:00,1519.37,1496.28,2023-02-14 13:25:00+00:00,True,2023-02-14 13:40:00+00:00,2023-02-14 13:45:00+00:00,H2,2023-02-14 14:45:00+00:00
RAW_2330,LONG,development,2023-02-14 23:30:00+00:00,2023-02-15 05:00:00+00:00,1558.64,1541.77,2023-02-15 10:50:00+00:00,True,2023-02-15 10:55:00+00:00,2023-02-15 11:00:00+00:00,NO_H2,
SHORT_2000,SHORT,development,2023-02-14 20:00:00+00:00,2023-02-15 01:30:00+00:00,1563.58,1546.24,2023-02-15 02:30:00+00:00,True,2023-02-15 02:35:00+00:00,2023-02-15 02:40:00+00:00,H2,2023-02-15 02:45:00+00:00
RAW_0530,LONG,development,2023-02-15 05:30:00+00:00,2023-02-15 11:00:00+00:00,1559.69,1543.4,2023-02-15 11:30:00+00:00,False,,,BREAK_DURING_K1,2023-02-15 11:35:00+00:00
LONDON,LONG,development,2023-02-15 08:00:00+00:00,2023-02-15 13:30:00+00:00,1595.0,1543.4,2023-02-15 18:45:00+00:00,True,2023-02-15 18:50:00+00:00,2023-02-15 18:55:00+00:00,H2,2023-02-15 19:10:00+00:00
RAW_0530,LONG,development,2023-02-16 05:30:00+00:00,2023-02-16 11:00:00+00:00,1697.71,1675.55,2023-02-16 13:35:00+00:00,True,2023-02-16 13:40:00+00:00,2023-02-16 13:45:00+00:00,OPPOSITE,2023-02-16 13:45:00+00:00
RAW_2330,LONG,development,2023-02-16 23:30:00+00:00,2023-02-17 05:00:00+00:00,1670.48,1631.31,2023-02-17 09:00:00+00:00,True,2023-02-17 09:05:00+00:00,2023-02-17 09:10:00+00:00,NO_H2,
ALT_0330,LONG,development,2023-02-17 03:30:00+00:00,2023-02-17 09:00:00+00:00,1670.48,1647.77,2023-02-17 09:00:00+00:00,True,2023-02-17 09:05:00+00:00,2023-02-17 09:10:00+00:00,H2,2023-02-17 14:20:00+00:00
RAW_2330,LONG,development,2023-02-19 23:30:00+00:00,2023-02-20 05:00:00+00:00,1695.0,1650.0,2023-02-20 06:10:00+00:00,True,2023-02-20 06:15:00+00:00,2023-02-20 06:20:00+00:00,H2,2023-02-20 06:55:00+00:00
ALT_0330,LONG,development,2023-02-20 03:30:00+00:00,2023-02-20 09:00:00+00:00,1699.94,1682.0,2023-02-20 09:35:00+00:00,False,,,BREAK_DURING_K1,2023-02-20 09:40:00+00:00
RAW_0530,LONG,development,2023-02-20 05:30:00+00:00,2023-02-20 11:00:00+00:00,1718.0,1685.51,2023-02-20 11:25:00+00:00,True,2023-02-20 11:30:00+00:00,2023-02-20 11:35:00+00:00,H2,2023-02-20 11:40:00+00:00
SHORT_2000,SHORT,development,2023-02-21 20:00:00+00:00,2023-02-22 01:30:00+00:00,1674.26,1635.0,2023-02-22 01:55:00+00:00,True,2023-02-22 02:10:00+00:00,2023-02-22 02:15:00+00:00,H2,2023-02-22 02:30:00+00:00
RAW_0530,LONG,development,2023-02-22 05:30:00+00:00,2023-02-22 11:00:00+00:00,1645.86,1624.81,2023-02-22 11:15:00+00:00,True,2023-02-22 11:20:00+00:00,2023-02-22 11:25:00+00:00,H2,2023-02-22 12:05:00+00:00
ALT_0330,LONG,development,2023-02-27 03:30:00+00:00,2023-02-27 09:00:00+00:00,1643.21,1630.29,2023-02-27 13:05:00+00:00,False,,,BREAK_DURING_K1,2023-02-27 13:10:00+00:00
RAW_0530,LONG,development,2023-02-27 05:30:00+00:00,2023-02-27 11:00:00+00:00,1641.72,1630.29,2023-02-27 11:35:00+00:00,True,2023-02-27 11:40:00+00:00,2023-02-27 11:45:00+00:00,H2,2023-02-27 11:45:00+00:00
ALT_0330,LONG,development,2023-02-28 03:30:00+00:00,2023-02-28 09:00:00+00:00,1634.43,1615.6,2023-02-28 12:15:00+00:00,False,,,BREAK_DURING_K1,2023-02-28 12:20:00+00:00
RAW_0530,LONG,development,2023-02-28 05:30:00+00:00,2023-02-28 11:00:00+00:00,1629.59,1615.6,2023-02-28 11:40:00+00:00,False,,,BREAK_DURING_K1,2023-02-28 11:45:00+00:00
LONDON,LONG,development,2023-02-28 08:00:00+00:00,2023-02-28 13:30:00+00:00,1641.92,1615.6,2023-02-28 14:40:00+00:00,True,2023-02-28 14:50:00+00:00,2023-02-28 14:55:00+00:00,H2,2023-02-28 15:00:00+00:00
RAW_2330,LONG,development,2023-02-28 23:30:00+00:00,2023-03-01 05:00:00+00:00,1660.31,1593.03,2023-03-01 05:00:00+00:00,True,2023-03-01 05:05:00+00:00,2023-03-01 05:10:00+00:00,H2,2023-03-01 08:50:00+00:00
ALT_0330,LONG,development,2023-03-01 03:30:00+00:00,2023-03-01 09:00:00+00:00,1669.76,1633.09,2023-03-01 14:45:00+00:00,True,2023-03-01 14:55:00+00:00,2023-03-01 15:00:00+00:00,NO_H2,
SHORT_2000,SHORT,development,2023-03-05 20:00:00+00:00,2023-03-06 01:30:00+00:00,1578.0,1555.01,2023-03-06 02:05:00+00:00,True,2023-03-06 02:10:00+00:00,2023-03-06 02:15:00+00:00,H2,2023-03-06 05:05:00+00:00
ALT_0330,LONG,development,2023-03-06 03:30:00+00:00,2023-03-06 09:00:00+00:00,1565.88,1553.29,2023-03-06 10:10:00+00:00,False,,,BREAK_DURING_K1,2023-03-06 10:15:00+00:00
RAW_0530,LONG,development,2023-03-08 05:30:00+00:00,2023-03-08 11:00:00+00:00,1560.33,1547.1,2023-03-08 11:00:00+00:00,True,2023-03-08 11:05:00+00:00,2023-03-08 11:10:00+00:00,OPPOSITE,2023-03-08 14:30:00+00:00
LONDON,LONG,development,2023-03-09 08:00:00+00:00,2023-03-09 13:30:00+00:00,1538.66,1523.55,2023-03-09 13:50:00+00:00,False,,,BREAK_DURING_K1,2023-03-09 14:05:00+00:00
RAW_0530,LONG,development,2023-03-10 05:30:00+00:00,2023-03-10 11:00:00+00:00,1422.97,1367.51,2023-03-10 13:40:00+00:00,False,,,BREAK_DURING_K1,2023-03-10 13:45:00+00:00
LONDON,LONG,development,2023-03-10 08:00:00+00:00,2023-03-10 13:30:00+00:00,1412.51,1367.51,2023-03-10 13:30:00+00:00,True,2023-03-10 13:35:00+00:00,2023-03-10 13:40:00+00:00,H2,2023-03-10 13:40:00+00:00
RAW_0530,LONG,development,2023-03-14 05:30:00+00:00,2023-03-14 11:00:00+00:00,1683.85,1655.0,2023-03-14 11:15:00+00:00,True,2023-03-14 11:20:00+00:00,2023-03-14 11:25:00+00:00,H2,2023-03-14 11:25:00+00:00
LONDON,LONG,development,2023-03-14 08:00:00+00:00,2023-03-14 13:30:00+00:00,1770.89,1655.0,2023-03-14 14:55:00+00:00,True,2023-03-14 15:00:00+00:00,2023-03-14 15:05:00+00:00,H2,2023-03-14 15:05:00+00:00
RAW_2330,LONG,development,2023-03-15 23:30:00+00:00,2023-03-16 05:00:00+00:00,1659.49,1632.0,2023-03-16 07:40:00+00:00,True,2023-03-16 07:45:00+00:00,2023-03-16 07:50:00+00:00,H2,2023-03-16 09:40:00+00:00
RAW_2330,LONG,development,2023-03-16 23:30:00+00:00,2023-03-17 05:00:00+00:00,1725.0,1661.57,2023-03-17 06:55:00+00:00,True,2023-03-17 07:00:00+00:00,2023-03-17 07:05:00+00:00,H2,2023-03-17 09:55:00+00:00
SHORT_2000,SHORT,development,2023-03-20 20:00:00+00:00,2023-03-21 01:30:00+00:00,1761.55,1722.1,2023-03-21 07:05:00+00:00,False,,,BREAK_DURING_K1,2023-03-21 07:10:00+00:00
ALT_0330,LONG,development,2023-03-21 03:30:00+00:00,2023-03-21 09:00:00+00:00,1753.71,1716.0,2023-03-21 09:45:00+00:00,True,2023-03-21 09:50:00+00:00,2023-03-21 09:55:00+00:00,H2,2023-03-21 10:15:00+00:00
RAW_0530,LONG,development,2023-03-21 05:30:00+00:00,2023-03-21 11:00:00+00:00,1767.99,1716.0,2023-03-21 12:15:00+00:00,True,2023-03-21 12:20:00+00:00,2023-03-21 12:25:00+00:00,H2,2023-03-21 12:30:00+00:00
LONDON,LONG,development,2023-03-21 08:00:00+00:00,2023-03-21 13:30:00+00:00,1819.9,1723.8,2023-03-21 13:30:00+00:00,True,2023-03-21 13:35:00+00:00,2023-03-21 13:40:00+00:00,H2,2023-03-21 14:00:00+00:00
RAW_2330,LONG,development,2023-03-21 23:30:00+00:00,2023-03-22 05:00:00+00:00,1806.86,1776.66,2023-03-22 05:25:00+00:00,True,2023-03-22 05:30:00+00:00,2023-03-22 05:35:00+00:00,NO_H2,
RAW_0530,LONG,development,2023-03-22 05:30:00+00:00,2023-03-22 11:00:00+00:00,1806.47,1780.02,2023-03-22 14:30:00+00:00,True,2023-03-22 14:35:00+00:00,2023-03-22 14:40:00+00:00,H2,2023-03-22 14:45:00+00:00
LONDON,LONG,development,2023-03-22 08:00:00+00:00,2023-03-22 13:30:00+00:00,1802.55,1780.02,2023-03-22 13:30:00+00:00,True,2023-03-22 13:45:00+00:00,2023-03-22 13:50:00+00:00,H2,2023-03-22 14:30:00+00:00
ALT_0330,LONG,development,2023-03-23 03:30:00+00:00,2023-03-23 09:00:00+00:00,1756.2,1729.09,2023-03-23 10:10:00+00:00,True,2023-03-23 10:15:00+00:00,2023-03-23 10:20:00+00:00,H2,2023-03-23 11:55:00+00:00
SHORT_2000,SHORT,development,2023-03-23 20:00:00+00:00,2023-03-24 01:30:00+00:00,1820.96,1802.71,2023-03-24 04:55:00+00:00,True,2023-03-24 05:00:00+00:00,2023-03-24 05:05:00+00:00,NO_H2,
ALT_0330,LONG,development,2023-03-27 03:30:00+00:00,2023-03-27 09:00:00+00:00,1767.11,1745.19,2023-03-27 11:05:00+00:00,True,2023-03-27 11:15:00+00:00,2023-03-27 11:20:00+00:00,H2,2023-03-27 11:20:00+00:00
RAW_0530,LONG,development,2023-03-27 05:30:00+00:00,2023-03-27 11:00:00+00:00,1766.63,1745.19,2023-03-27 11:05:00+00:00,False,,,BREAK_DURING_K1,2023-03-27 11:15:00+00:00
ALT_0330,LONG,development,2023-03-28 03:30:00+00:00,2023-03-28 09:00:00+00:00,1736.35,1708.12,2023-03-28 11:20:00+00:00,True,2023-03-28 11:25:00+00:00,2023-03-28 11:30:00+00:00,H2,2023-03-28 11:45:00+00:00
RAW_0530,LONG,development,2023-03-28 05:30:00+00:00,2023-03-28 11:00:00+00:00,1736.35,1708.61,2023-03-28 11:20:00+00:00,True,2023-03-28 11:25:00+00:00,2023-03-28 11:30:00+00:00,H2,2023-03-28 11:45:00+00:00
SHORT_2000,SHORT,development,2023-03-30 20:00:00+00:00,2023-03-31 01:30:00+00:00,1817.21,1777.59,2023-03-31 07:40:00+00:00,True,2023-03-31 07:45:00+00:00,2023-03-31 07:50:00+00:00,NO_H2,
ALT_0330,LONG,development,2023-03-31 03:30:00+00:00,2023-03-31 09:00:00+00:00,1808.33,1777.0,2023-03-31 12:30:00+00:00,True,2023-03-31 12:35:00+00:00,2023-03-31 12:40:00+00:00,H2,2023-03-31 12:40:00+00:00
RAW_2330,LONG,development,2023-04-03 23:30:00+00:00,2023-04-04 05:00:00+00:00,1816.0,1800.69,2023-04-04 06:35:00+00:00,True,2023-04-04 06:40:00+00:00,2023-04-04 06:45:00+00:00,H2,2023-04-04 06:45:00+00:00
ALT_0330,LONG,development,2023-04-04 03:30:00+00:00,2023-04-04 09:00:00+00:00,1825.0,1802.02,2023-04-04 09:00:00+00:00,False,,,BREAK_DURING_K1,2023-04-04 09:05:00+00:00
ALT_0330,LONG,development,2023-04-05 03:30:00+00:00,2023-04-05 09:00:00+00:00,1917.8,1902.0,2023-04-05 11:25:00+00:00,True,2023-04-05 11:30:00+00:00,2023-04-05 11:35:00+00:00,H2,2023-04-05 11:35:00+00:00
RAW_0530,LONG,development,2023-04-05 05:30:00+00:00,2023-04-05 11:00:00+00:00,1917.8,1902.0,2023-04-05 11:25:00+00:00,True,2023-04-05 11:30:00+00:00,2023-04-05 11:35:00+00:00,H2,2023-04-05 11:35:00+00:00
SHORT_2000,SHORT,development,2023-04-05 20:00:00+00:00,2023-04-06 01:30:00+00:00,1914.0,1886.43,2023-04-06 01:30:00+00:00,True,2023-04-06 01:35:00+00:00,2023-04-06 01:40:00+00:00,H2,2023-04-06 05:40:00+00:00
SHORT_2000,SHORT,development,2023-04-06 20:00:00+00:00,2023-04-07 01:30:00+00:00,1881.94,1858.28,2023-04-07 07:30:00+00:00,False,,,BREAK_DURING_K1,2023-04-07 07:40:00+00:00
RAW_2330,LONG,development,2023-04-09 23:30:00+00:00,2023-04-10 05:00:00+00:00,1862.61,1845.04,2023-04-10 05:40:00+00:00,True,2023-04-10 05:50:00+00:00,2023-04-10 05:55:00+00:00,NO_H2,
SHORT_2000,SHORT,development,2023-04-11 20:00:00+00:00,2023-04-12 01:30:00+00:00,1896.48,1880.67,2023-04-12 01:45:00+00:00,True,2023-04-12 01:50:00+00:00,2023-04-12 01:55:00+00:00,H2,2023-04-12 02:05:00+00:00
LONDON,LONG,development,2023-04-12 08:00:00+00:00,2023-04-12 13:30:00+00:00,1904.85,1862.81,2023-04-12 14:05:00+00:00,False,,,BREAK_DURING_K1,2023-04-12 14:20:00+00:00
SHORT_2000,SHORT,development,2023-04-12 20:00:00+00:00,2023-04-13 01:30:00+00:00,1930.0,1899.26,2023-04-13 01:30:00+00:00,True,2023-04-13 01:35:00+00:00,2023-04-13 01:40:00+00:00,H2,2023-04-13 02:05:00+00:00
RAW_0530,LONG,development,2023-04-13 05:30:00+00:00,2023-04-13 11:00:00+00:00,1996.0,1907.0,2023-04-13 11:10:00+00:00,True,2023-04-13 11:15:00+00:00,2023-04-13 11:20:00+00:00,H2,2023-04-13 12:20:00+00:00
LONDON,LONG,development,2023-04-13 08:00:00+00:00,2023-04-13 13:30:00+00:00,2011.49,1918.77,2023-04-13 17:05:00+00:00,True,2023-04-13 17:15:00+00:00,2023-04-13 17:20:00+00:00,H2,2023-04-13 17:20:00+00:00
ALT_0330,LONG,development,2023-04-14 03:30:00+00:00,2023-04-14 09:00:00+00:00,2125.0,2101.01,2023-04-14 12:10:00+00:00,True,2023-04-14 12:15:00+00:00,2023-04-14 12:20:00+00:00,OPPOSITE,2023-04-14 12:50:00+00:00
RAW_0530,LONG,development,2023-04-14 05:30:00+00:00,2023-04-14 11:00:00+00:00,2125.0,2101.01,2023-04-14 12:10:00+00:00,True,2023-04-14 12:15:00+00:00,2023-04-14 12:20:00+00:00,OPPOSITE,2023-04-14 12:50:00+00:00
SHORT_2000,SHORT,development,2023-04-18 20:00:00+00:00,2023-04-19 01:30:00+00:00,2108.09,2073.33,2023-04-19 06:25:00+00:00,True,2023-04-19 06:30:00+00:00,2023-04-19 06:35:00+00:00,H2,2023-04-19 06:45:00+00:00
LONDON,LONG,development,2023-04-20 08:00:00+00:00,2023-04-20 13:30:00+00:00,1975.98,1935.17,2023-04-20 13:50:00+00:00,True,2023-04-20 13:55:00+00:00,2023-04-20 14:00:00+00:00,H2,2023-04-20 14:10:00+00:00
SHORT_2000,SHORT,development,2023-04-20 20:00:00+00:00,2023-04-21 01:30:00+00:00,1956.82,1922.05,2023-04-21 06:30:00+00:00,False,,,BREAK_DURING_K1,2023-04-21 06:40:00+00:00
SHORT_2000,SHORT,development,2023-04-23 20:00:00+00:00,2023-04-24 01:30:00+00:00,1891.3,1837.0,2023-04-24 07:10:00+00:00,True,2023-04-24 07:15:00+00:00,2023-04-24 07:20:00+00:00,H2,2023-04-24 07:20:00+00:00
ALT_0330,LONG,development,2023-04-24 03:30:00+00:00,2023-04-24 09:00:00+00:00,1869.2,1825.55,2023-04-24 13:35:00+00:00,True,2023-04-24 13:40:00+00:00,2023-04-24 13:45:00+00:00,H2,2023-04-24 13:50:00+00:00
LONDON,LONG,development,2023-04-24 08:00:00+00:00,2023-04-24 13:30:00+00:00,1855.9,1829.88,2023-04-24 13:30:00+00:00,False,,,BREAK_DURING_K1,2023-04-24 13:35:00+00:00
SHORT_2000,SHORT,development,2023-04-24 20:00:00+00:00,2023-04-25 01:30:00+00:00,1850.02,1826.59,2023-04-25 03:45:00+00:00,True,2023-04-25 03:55:00+00:00,2023-04-25 04:00:00+00:00,H2,2023-04-25 05:10:00+00:00
RAW_0530,LONG,development,2023-04-25 05:30:00+00:00,2023-04-25 11:00:00+00:00,1832.72,1804.44,2023-04-25 13:30:00+00:00,True,2023-04-25 13:35:00+00:00,2023-04-25 13:40:00+00:00,NO_H2,
LONDON,LONG,development,2023-04-25 08:00:00+00:00,2023-04-25 13:30:00+00:00,1831.22,1804.44,2023-04-25 13:30:00+00:00,True,2023-04-25 13:35:00+00:00,2023-04-25 13:40:00+00:00,H2,2023-04-25 17:40:00+00:00
ALT_0330,LONG,development,2023-04-26 03:30:00+00:00,2023-04-26 09:00:00+00:00,1879.82,1857.29,2023-04-26 09:00:00+00:00,True,2023-04-26 09:05:00+00:00,2023-04-26 09:10:00+00:00,H2,2023-04-26 09:20:00+00:00
RAW_0530,LONG,development,2023-04-26 05:30:00+00:00,2023-04-26 11:00:00+00:00,1919.0,1857.29,2023-04-26 11:00:00+00:00,True,2023-04-26 11:10:00+00:00,2023-04-26 11:15:00+00:00,H2,2023-04-26 12:15:00+00:00
LONDON,LONG,development,2023-04-27 08:00:00+00:00,2023-04-27 13:30:00+00:00,1895.0,1858.55,2023-04-27 14:00:00+00:00,True,2023-04-27 14:05:00+00:00,2023-04-27 14:10:00+00:00,H2,2023-04-27 15:20:00+00:00
RAW_2330,LONG,development,2023-04-27 23:30:00+00:00,2023-04-28 05:00:00+00:00,1917.0,1901.17,2023-04-28 05:35:00+00:00,True,2023-04-28 05:50:00+00:00,2023-04-28 05:55:00+00:00,H2,2023-04-28 07:10:00+00:00
RAW_2330,LONG,development,2023-05-01 23:30:00+00:00,2023-05-02 05:00:00+00:00,1836.54,1821.25,2023-05-02 07:15:00+00:00,True,2023-05-02 07:20:00+00:00,2023-05-02 07:25:00+00:00,H2,2023-05-02 07:25:00+00:00
RAW_2330,LONG,development,2023-05-02 23:30:00+00:00,2023-05-03 05:00:00+00:00,1870.15,1852.81,2023-05-03 08:25:00+00:00,True,2023-05-03 08:30:00+00:00,2023-05-03 08:35:00+00:00,H2,2023-05-03 08:35:00+00:00
SHORT_2000,SHORT,development,2023-05-02 20:00:00+00:00,2023-05-03 01:30:00+00:00,1876.42,1855.58,2023-05-03 02:05:00+00:00,True,2023-05-03 02:10:00+00:00,2023-05-03 02:15:00+00:00,H2,2023-05-03 02:20:00+00:00
LONDON,LONG,development,2023-05-03 08:00:00+00:00,2023-05-03 13:30:00+00:00,1871.75,1841.71,2023-05-03 17:25:00+00:00,True,2023-05-03 17:30:00+00:00,2023-05-03 17:35:00+00:00,H2,2023-05-03 17:35:00+00:00
RAW_2330,LONG,development,2023-05-04 23:30:00+00:00,2023-05-05 05:00:00+00:00,1908.9,1873.22,2023-05-05 11:10:00+00:00,True,2023-05-05 11:15:00+00:00,2023-05-05 11:20:00+00:00,NO_H2,
ALT_0330,LONG,development,2023-05-05 03:30:00+00:00,2023-05-05 09:00:00+00:00,1907.31,1891.72,2023-05-05 11:10:00+00:00,True,2023-05-05 11:15:00+00:00,2023-05-05 11:20:00+00:00,H2,2023-05-05 11:50:00+00:00
RAW_0530,LONG,development,2023-05-05 05:30:00+00:00,2023-05-05 11:00:00+00:00,1907.31,1891.72,2023-05-05 11:10:00+00:00,True,2023-05-05 11:15:00+00:00,2023-05-05 11:20:00+00:00,H2,2023-05-05 11:50:00+00:00
ALT_0330,LONG,development,2023-05-08 03:30:00+00:00,2023-05-08 09:00:00+00:00,1869.82,1833.0,2023-05-08 13:15:00+00:00,True,2023-05-08 13:20:00+00:00,2023-05-08 13:25:00+00:00,H2,2023-05-08 15:00:00+00:00
LONDON,LONG,development,2023-05-08 08:00:00+00:00,2023-05-08 13:30:00+00:00,1873.5,1833.5,2023-05-08 15:00:00+00:00,True,2023-05-08 15:05:00+00:00,2023-05-08 15:10:00+00:00,H2,2023-05-08 15:20:00+00:00
ALT_0330,LONG,development,2023-05-09 03:30:00+00:00,2023-05-09 09:00:00+00:00,1849.45,1830.05,2023-05-09 12:00:00+00:00,True,2023-05-09 12:05:00+00:00,2023-05-09 12:10:00+00:00,H2,2023-05-09 12:10:00+00:00
RAW_0530,LONG,development,2023-05-09 05:30:00+00:00,2023-05-09 11:00:00+00:00,1849.45,1830.05,2023-05-09 12:00:00+00:00,True,2023-05-09 12:05:00+00:00,2023-05-09 12:10:00+00:00,H2,2023-05-09 12:10:00+00:00
LONDON,LONG,development,2023-05-09 08:00:00+00:00,2023-05-09 13:30:00+00:00,1853.83,1833.03,2023-05-09 17:00:00+00:00,True,2023-05-09 17:05:00+00:00,2023-05-09 17:10:00+00:00,NO_H2,
SHORT_2000,SHORT,development,2023-05-09 20:00:00+00:00,2023-05-10 01:30:00+00:00,1863.0,1840.21,2023-05-10 04:20:00+00:00,True,2023-05-10 04:25:00+00:00,2023-05-10 04:30:00+00:00,H2,2023-05-10 06:00:00+00:00
SHORT_2000,SHORT,development,2023-05-10 20:00:00+00:00,2023-05-11 01:30:00+00:00,1862.39,1825.0,2023-05-11 03:00:00+00:00,False,,,BREAK_DURING_K1,2023-05-11 03:10:00+00:00
ALT_0330,LONG,development,2023-05-11 03:30:00+00:00,2023-05-11 09:00:00+00:00,1834.75,1805.78,2023-05-11 12:30:00+00:00,True,2023-05-11 12:35:00+00:00,2023-05-11 12:40:00+00:00,OPPOSITE,2023-05-11 14:00:00+00:00
RAW_0530,LONG,development,2023-05-11 05:30:00+00:00,2023-05-11 11:00:00+00:00,1834.75,1805.78,2023-05-11 12:30:00+00:00,True,2023-05-11 12:35:00+00:00,2023-05-11 12:40:00+00:00,OPPOSITE,2023-05-11 14:00:00+00:00
ALT_0330,LONG,development,2023-05-12 03:30:00+00:00,2023-05-12 09:00:00+00:00,1770.66,1735.37,2023-05-12 10:20:00+00:00,True,2023-05-12 10:25:00+00:00,2023-05-12 10:30:00+00:00,H2,2023-05-12 12:30:00+00:00
LONDON,LONG,development,2023-05-12 08:00:00+00:00,2023-05-12 13:30:00+00:00,1776.68,1754.26,2023-05-12 13:30:00+00:00,True,2023-05-12 13:35:00+00:00,2023-05-12 13:40:00+00:00,H2,2023-05-12 14:10:00+00:00
RAW_2330,LONG,development,2023-05-15 23:30:00+00:00,2023-05-16 05:00:00+00:00,1822.22,1795.0,2023-05-16 07:40:00+00:00,True,2023-05-16 07:50:00+00:00,2023-05-16 07:55:00+00:00,H2,2023-05-16 08:10:00+00:00
RAW_0530,LONG,development,2023-05-16 05:30:00+00:00,2023-05-16 11:00:00+00:00,1826.92,1805.01,2023-05-16 16:55:00+00:00,True,2023-05-16 17:00:00+00:00,2023-05-16 17:05:00+00:00,NO_H2,
LONDON,LONG,development,2023-05-16 08:00:00+00:00,2023-05-16 13:30:00+00:00,1826.92,1808.93,2023-05-16 16:55:00+00:00,True,2023-05-16 17:00:00+00:00,2023-05-16 17:05:00+00:00,H2,2023-05-16 17:45:00+00:00
RAW_2330,LONG,development,2023-05-18 23:30:00+00:00,2023-05-19 05:00:00+00:00,1806.65,1795.72,2023-05-19 06:00:00+00:00,False,,,BREAK_DURING_K1,2023-05-19 06:15:00+00:00
ALT_0330,LONG,development,2023-05-19 03:30:00+00:00,2023-05-19 09:00:00+00:00,1809.87,1798.03,2023-05-19 09:00:00+00:00,True,2023-05-19 09:10:00+00:00,2023-05-19 09:15:00+00:00,H2,2023-05-19 10:25:00+00:00
SHORT_2000,SHORT,development,2023-05-21 20:00:00+00:00,2023-05-22 01:30:00+00:00,1810.9,1791.0,2023-05-22 02:00:00+00:00,True,2023-05-22 02:05:00+00:00,2023-05-22 02:10:00+00:00,OPPOSITE,2023-05-22 06:20:00+00:00
ALT_0330,LONG,development,2023-05-22 03:30:00+00:00,2023-05-22 09:00:00+00:00,1816.86,1799.8,2023-05-22 09:15:00+00:00,True,2023-05-22 09:25:00+00:00,2023-05-22 09:30:00+00:00,H2,2023-05-22 09:50:00+00:00
RAW_0530,LONG,development,2023-05-22 05:30:00+00:00,2023-05-22 11:00:00+00:00,1819.75,1802.08,2023-05-22 13:30:00+00:00,False,,,BREAK_DURING_K1,2023-05-22 13:35:00+00:00
LONDON,LONG,development,2023-05-22 08:00:00+00:00,2023-05-22 13:30:00+00:00,1819.75,1808.11,2023-05-22 13:30:00+00:00,False,,,BREAK_DURING_K1,2023-05-22 13:35:00+00:00
SHORT_2000,SHORT,development,2023-05-23 20:00:00+00:00,2023-05-24 01:30:00+00:00,1856.75,1845.06,2023-05-24 01:50:00+00:00,False,,,BREAK_DURING_K1,2023-05-24 01:55:00+00:00
ALT_0330,LONG,development,2023-05-25 03:30:00+00:00,2023-05-25 09:00:00+00:00,1786.93,1772.3,2023-05-25 09:25:00+00:00,True,2023-05-25 09:35:00+00:00,2023-05-25 09:40:00+00:00,H2,2023-05-25 09:45:00+00:00
RAW_0530,LONG,development,2023-05-25 05:30:00+00:00,2023-05-25 11:00:00+00:00,1789.73,1776.19,2023-05-25 11:55:00+00:00,False,,,BREAK_DURING_K1,2023-05-25 12:00:00+00:00
ALT_0330,LONG,development,2023-05-26 03:30:00+00:00,2023-05-26 09:00:00+00:00,1818.0,1800.77,2023-05-26 12:30:00+00:00,True,2023-05-26 12:35:00+00:00,2023-05-26 12:40:00+00:00,H2,2023-05-26 13:00:00+00:00
RAW_0530,LONG,development,2023-05-26 05:30:00+00:00,2023-05-26 11:00:00+00:00,1818.0,1800.77,2023-05-26 12:30:00+00:00,True,2023-05-26 12:35:00+00:00,2023-05-26 12:40:00+00:00,H2,2023-05-26 13:00:00+00:00
LONDON,LONG,development,2023-05-26 08:00:00+00:00,2023-05-26 13:30:00+00:00,1826.0,1807.81,2023-05-26 13:35:00+00:00,True,2023-05-26 13:45:00+00:00,2023-05-26 13:50:00+00:00,H2,2023-05-26 14:00:00+00:00
RAW_0530,LONG,development,2023-06-01 05:30:00+00:00,2023-06-01 11:00:00+00:00,1865.38,1850.02,2023-06-01 12:50:00+00:00,True,2023-06-01 12:55:00+00:00,2023-06-01 13:00:00+00:00,H2,2023-06-01 13:00:00+00:00
LONDON,LONG,development,2023-06-01 08:00:00+00:00,2023-06-01 13:30:00+00:00,1866.01,1851.21,2023-06-01 16:20:00+00:00,True,2023-06-01 16:25:00+00:00,2023-06-01 16:30:00+00:00,H2,2023-06-01 16:50:00+00:00
RAW_2330,LONG,development,2023-06-01 23:30:00+00:00,2023-06-02 05:00:00+00:00,1888.45,1846.0,2023-06-02 05:05:00+00:00,True,2023-06-02 05:10:00+00:00,2023-06-02 05:15:00+00:00,H2,2023-06-02 05:20:00+00:00
ALT_0330,LONG,development,2023-06-02 03:30:00+00:00,2023-06-02 09:00:00+00:00,1897.12,1874.57,2023-06-02 11:45:00+00:00,True,2023-06-02 11:50:00+00:00,2023-06-02 11:55:00+00:00,H2,2023-06-02 12:10:00+00:00
RAW_0530,LONG,development,2023-06-02 05:30:00+00:00,2023-06-02 11:00:00+00:00,1897.12,1884.24,2023-06-02 11:45:00+00:00,True,2023-06-02 11:50:00+00:00,2023-06-02 11:55:00+00:00,H2,2023-06-02 12:10:00+00:00
SHORT_2000,SHORT,development,2023-06-04 20:00:00+00:00,2023-06-05 01:30:00+00:00,1912.57,1873.97,2023-06-05 02:55:00+00:00,False,,,BREAK_DURING_K1,2023-06-05 03:00:00+00:00
RAW_2330,LONG,development,2023-06-05 23:30:00+00:00,2023-06-06 05:00:00+00:00,1818.2,1801.76,2023-06-06 09:55:00+00:00,True,2023-06-06 10:00:00+00:00,2023-06-06 10:05:00+00:00,H2,2023-06-06 10:05:00+00:00
ALT_0330,LONG,development,2023-06-06 03:30:00+00:00,2023-06-06 09:00:00+00:00,1818.2,1809.34,2023-06-06 09:55:00+00:00,True,2023-06-06 10:00:00+00:00,2023-06-06 10:05:00+00:00,H2,2023-06-06 10:05:00+00:00
ALT_0330,LONG,development,2023-06-08 03:30:00+00:00,2023-06-08 09:00:00+00:00,1845.99,1828.13,2023-06-08 11:00:00+00:00,True,2023-06-08 11:05:00+00:00,2023-06-08 11:10:00+00:00,H2,2023-06-08 12:35:00+00:00
RAW_0530,LONG,development,2023-06-08 05:30:00+00:00,2023-06-08 11:00:00+00:00,1845.99,1831.39,2023-06-08 11:00:00+00:00,True,2023-06-08 11:05:00+00:00,2023-06-08 11:10:00+00:00,H2,2023-06-08 12:35:00+00:00
LONDON,LONG,development,2023-06-08 08:00:00+00:00,2023-06-08 13:30:00+00:00,1857.0,1836.68,2023-06-08 14:30:00+00:00,True,2023-06-08 14:40:00+00:00,2023-06-08 14:45:00+00:00,H2,2023-06-08 14:50:00+00:00
SHORT_2000,SHORT,development,2023-06-08 20:00:00+00:00,2023-06-09 01:30:00+00:00,1853.7,1841.34,2023-06-09 02:00:00+00:00,False,,,BREAK_DURING_K1,2023-06-09 02:05:00+00:00
RAW_0530,LONG,development,2023-06-09 05:30:00+00:00,2023-06-09 11:00:00+00:00,1847.14,1830.0,2023-06-09 12:30:00+00:00,False,,,BREAK_DURING_K1,2023-06-09 12:50:00+00:00
ALT_0330,LONG,development,2023-06-13 03:30:00+00:00,2023-06-13 09:00:00+00:00,1758.8,1740.0,2023-06-13 12:30:00+00:00,True,2023-06-13 12:45:00+00:00,2023-06-13 12:50:00+00:00,OPPOSITE,2023-06-13 13:10:00+00:00
ALT_0330,LONG,development,2023-06-14 03:30:00+00:00,2023-06-14 09:00:00+00:00,1746.54,1735.8,2023-06-14 09:35:00+00:00,True,2023-06-14 09:40:00+00:00,2023-06-14 09:45:00+00:00,H2,2023-06-14 09:45:00+00:00
RAW_0530,LONG,development,2023-06-14 05:30:00+00:00,2023-06-14 11:00:00+00:00,1746.83,1735.8,2023-06-14 11:00:00+00:00,True,2023-06-14 11:05:00+00:00,2023-06-14 11:10:00+00:00,H2,2023-06-14 11:20:00+00:00
RAW_2330,LONG,development,2023-06-15 23:30:00+00:00,2023-06-16 05:00:00+00:00,1673.33,1658.54,2023-06-16 06:10:00+00:00,True,2023-06-16 06:15:00+00:00,2023-06-16 06:20:00+00:00,H2,2023-06-16 06:35:00+00:00
ALT_0330,LONG,development,2023-06-20 03:30:00+00:00,2023-06-20 09:00:00+00:00,1734.07,1722.69,2023-06-20 11:50:00+00:00,True,2023-06-20 11:55:00+00:00,2023-06-20 12:00:00+00:00,H2,2023-06-20 12:00:00+00:00
RAW_0530,LONG,development,2023-06-20 05:30:00+00:00,2023-06-20 11:00:00+00:00,1732.76,1722.69,2023-06-20 11:50:00+00:00,False,,,BREAK_DURING_K1,2023-06-20 11:55:00+00:00
LONDON,LONG,development,2023-06-21 08:00:00+00:00,2023-06-21 13:30:00+00:00,1839.0,1806.58,2023-06-21 13:55:00+00:00,True,2023-06-21 14:00:00+00:00,2023-06-21 14:05:00+00:00,H2,2023-06-21 14:25:00+00:00
RAW_2330,LONG,development,2023-06-22 23:30:00+00:00,2023-06-23 05:00:00+00:00,1883.69,1861.77,2023-06-23 05:15:00+00:00,True,2023-06-23 05:40:00+00:00,2023-06-23 05:45:00+00:00,H2,2023-06-23 06:00:00+00:00
SHORT_2000,SHORT,development,2023-06-22 20:00:00+00:00,2023-06-23 01:30:00+00:00,1891.0,1865.0,2023-06-23 02:10:00+00:00,True,2023-06-23 02:15:00+00:00,2023-06-23 02:20:00+00:00,NO_H2,
ALT_0330,LONG,development,2023-06-23 03:30:00+00:00,2023-06-23 09:00:00+00:00,1887.7,1873.86,2023-06-23 09:50:00+00:00,True,2023-06-23 09:55:00+00:00,2023-06-23 10:00:00+00:00,OPPOSITE,2023-06-23 12:20:00+00:00
RAW_2330,LONG,development,2023-06-25 23:30:00+00:00,2023-06-26 05:00:00+00:00,1904.0,1864.0,2023-06-26 07:10:00+00:00,True,2023-06-26 07:20:00+00:00,2023-06-26 07:25:00+00:00,NO_H2,
ALT_0330,LONG,development,2023-06-26 03:30:00+00:00,2023-06-26 09:00:00+00:00,1905.0,1869.69,2023-06-26 13:55:00+00:00,True,2023-06-26 14:05:00+00:00,2023-06-26 14:10:00+00:00,NO_H2,
RAW_0530,LONG,development,2023-06-26 05:30:00+00:00,2023-06-26 11:00:00+00:00,1905.0,1871.27,2023-06-26 13:55:00+00:00,True,2023-06-26 14:05:00+00:00,2023-06-26 14:10:00+00:00,OPPOSITE,2023-06-26 16:40:00+00:00
LONDON,LONG,development,2023-06-26 08:00:00+00:00,2023-06-26 13:30:00+00:00,1893.65,1871.27,2023-06-26 13:40:00+00:00,True,2023-06-26 13:45:00+00:00,2023-06-26 13:50:00+00:00,H2,2023-06-26 13:55:00+00:00
RAW_2330,LONG,development,2023-06-26 23:30:00+00:00,2023-06-27 05:00:00+00:00,1878.95,1854.13,2023-06-27 08:00:00+00:00,True,2023-06-27 08:10:00+00:00,2023-06-27 08:15:00+00:00,H2,2023-06-27 08:15:00+00:00
RAW_2330,LONG,development,2023-06-28 23:30:00+00:00,2023-06-29 05:00:00+00:00,1842.44,1826.75,2023-06-29 05:20:00+00:00,True,2023-06-29 05:25:00+00:00,2023-06-29 05:30:00+00:00,H2,2023-06-29 07:10:00+00:00
SHORT_2000,SHORT,development,2023-06-29 20:00:00+00:00,2023-06-30 01:30:00+00:00,1858.8,1841.7,2023-06-30 01:45:00+00:00,True,2023-06-30 01:55:00+00:00,2023-06-30 02:00:00+00:00,OPPOSITE,2023-06-30 02:35:00+00:00
ALT_0330,LONG,development,2023-06-30 03:30:00+00:00,2023-06-30 09:00:00+00:00,1908.53,1867.16,2023-06-30 12:50:00+00:00,True,2023-06-30 13:05:00+00:00,2023-06-30 13:10:00+00:00,OPPOSITE,2023-06-30 13:40:00+00:00
LONDON,LONG,development,2023-07-04 08:00:00+00:00,2023-07-04 13:30:00+00:00,1961.8,1945.98,2023-07-04 16:25:00+00:00,False,,,BREAK_DURING_K1,2023-07-04 16:35:00+00:00
ALT_0330,LONG,development,2023-07-06 03:30:00+00:00,2023-07-06 09:00:00+00:00,1950.83,1908.87,2023-07-06 09:00:00+00:00,False,,,BREAK_DURING_K1,2023-07-06 09:05:00+00:00
LONDON,LONG,development,2023-07-07 08:00:00+00:00,2023-07-07 13:30:00+00:00,1872.97,1850.0,2023-07-07 13:50:00+00:00,False,,,BREAK_DURING_K1,2023-07-07 14:00:00+00:00
ALT_0330,LONG,development,2023-07-10 03:30:00+00:00,2023-07-10 09:00:00+00:00,1863.29,1848.0,2023-07-10 09:30:00+00:00,True,2023-07-10 09:35:00+00:00,2023-07-10 09:40:00+00:00,H2,2023-07-10 10:45:00+00:00
RAW_2330,LONG,development,2023-07-10 23:30:00+00:00,2023-07-11 05:00:00+00:00,1884.07,1874.27,2023-07-11 06:25:00+00:00,False,,,BREAK_DURING_K1,2023-07-11 06:30:00+00:00
RAW_2330,LONG,development,2023-07-11 23:30:00+00:00,2023-07-12 05:00:00+00:00,1889.17,1875.73,2023-07-12 06:25:00+00:00,False,,,BREAK_DURING_K1,2023-07-12 06:35:00+00:00
ALT_0330,LONG,development,2023-07-12 03:30:00+00:00,2023-07-12 09:00:00+00:00,1896.43,1877.59,2023-07-12 12:30:00+00:00,True,2023-07-12 12:40:00+00:00,2023-07-12 12:45:00+00:00,H2,2023-07-12 14:40:00+00:00
RAW_0530,LONG,development,2023-07-12 05:30:00+00:00,2023-07-12 11:00:00+00:00,1896.43,1880.33,2023-07-12 12:30:00+00:00,True,2023-07-12 12:40:00+00:00,2023-07-12 12:45:00+00:00,H2,2023-07-12 14:40:00+00:00
SHORT_2000,SHORT,development,2023-07-12 20:00:00+00:00,2023-07-13 01:30:00+00:00,1875.85,1863.15,2023-07-13 04:10:00+00:00,True,2023-07-13 04:15:00+00:00,2023-07-13 04:20:00+00:00,H2,2023-07-13 05:00:00+00:00
LONDON,LONG,development,2023-07-14 08:00:00+00:00,2023-07-14 13:30:00+00:00,2004.0,1984.07,2023-07-14 15:30:00+00:00,True,2023-07-14 15:35:00+00:00,2023-07-14 15:40:00+00:00,OPPOSITE,2023-07-14 17:10:00+00:00
RAW_0530,LONG,development,2023-07-18 05:30:00+00:00,2023-07-18 11:00:00+00:00,1908.74,1892.3,2023-07-18 11:20:00+00:00,True,2023-07-18 11:25:00+00:00,2023-07-18 11:30:00+00:00,OPPOSITE,2023-07-18 12:00:00+00:00
RAW_0530,LONG,development,2023-07-19 05:30:00+00:00,2023-07-19 11:00:00+00:00,1914.4,1901.37,2023-07-19 13:40:00+00:00,True,2023-07-19 13:50:00+00:00,2023-07-19 13:55:00+00:00,OPPOSITE,2023-07-19 14:35:00+00:00
ALT_0330,LONG,development,2023-07-20 03:30:00+00:00,2023-07-20 09:00:00+00:00,1916.64,1891.32,2023-07-20 09:10:00+00:00,False,,,BREAK_DURING_K1,2023-07-20 09:15:00+00:00
LONDON,LONG,development,2023-07-21 08:00:00+00:00,2023-07-21 13:30:00+00:00,1895.97,1883.52,2023-07-21 17:25:00+00:00,True,2023-07-21 17:30:00+00:00,2023-07-21 17:35:00+00:00,H2,2023-07-21 17:35:00+00:00
RAW_0530,LONG,development,2023-07-26 05:30:00+00:00,2023-07-26 11:00:00+00:00,1860.35,1846.9,2023-07-26 15:10:00+00:00,True,2023-07-26 15:20:00+00:00,2023-07-26 15:25:00+00:00,H2,2023-07-26 15:30:00+00:00
LONDON,LONG,development,2023-07-26 08:00:00+00:00,2023-07-26 13:30:00+00:00,1858.52,1846.9,2023-07-26 14:00:00+00:00,True,2023-07-26 14:05:00+00:00,2023-07-26 14:10:00+00:00,H2,2023-07-26 14:20:00+00:00
RAW_2330,LONG,development,2023-07-26 23:30:00+00:00,2023-07-27 05:00:00+00:00,1879.43,1866.0,2023-07-27 05:00:00+00:00,False,,,BREAK_DURING_K1,2023-07-27 05:05:00+00:00
SHORT_2000,SHORT,development,2023-07-26 20:00:00+00:00,2023-07-27 01:30:00+00:00,1887.79,1865.41,2023-07-27 07:50:00+00:00,True,2023-07-27 07:55:00+00:00,2023-07-27 08:00:00+00:00,NO_H2,
RAW_0530,LONG,development,2023-07-28 05:30:00+00:00,2023-07-28 11:00:00+00:00,1868.36,1855.57,2023-07-28 12:05:00+00:00,False,,,BREAK_DURING_K1,2023-07-28 12:10:00+00:00
RAW_0530,LONG,development,2023-07-31 05:30:00+00:00,2023-07-31 11:00:00+00:00,1869.24,1862.29,2023-07-31 11:15:00+00:00,True,2023-07-31 11:20:00+00:00,2023-07-31 11:25:00+00:00,H2,2023-07-31 12:30:00+00:00
ALT_0330,LONG,development,2023-08-01 03:30:00+00:00,2023-08-01 09:00:00+00:00,1836.5,1820.41,2023-08-01 09:00:00+00:00,True,2023-08-01 09:05:00+00:00,2023-08-01 09:10:00+00:00,NO_H2,
RAW_0530,LONG,development,2023-08-03 05:30:00+00:00,2023-08-03 11:00:00+00:00,1840.43,1825.0,2023-08-03 14:00:00+00:00,True,2023-08-03 14:05:00+00:00,2023-08-03 14:10:00+00:00,H2,2023-08-03 14:35:00+00:00
LONDON,LONG,development,2023-08-03 08:00:00+00:00,2023-08-03 13:30:00+00:00,1838.5,1825.0,2023-08-03 13:35:00+00:00,True,2023-08-03 13:40:00+00:00,2023-08-03 13:45:00+00:00,H2,2023-08-03 13:55:00+00:00
RAW_2330,LONG,development,2023-08-03 23:30:00+00:00,2023-08-04 05:00:00+00:00,1838.51,1826.5,2023-08-04 08:05:00+00:00,False,,,BREAK_DURING_K1,2023-08-04 08:15:00+00:00
ALT_0330,LONG,development,2023-08-04 03:30:00+00:00,2023-08-04 09:00:00+00:00,1840.3,1830.3,2023-08-04 12:30:00+00:00,True,2023-08-04 12:35:00+00:00,2023-08-04 12:40:00+00:00,H2,2023-08-04 12:50:00+00:00
RAW_0530,LONG,development,2023-08-04 05:30:00+00:00,2023-08-04 11:00:00+00:00,1840.3,1830.66,2023-08-04 12:30:00+00:00,True,2023-08-04 12:35:00+00:00,2023-08-04 12:40:00+00:00,H2,2023-08-04 12:50:00+00:00
LONDON,LONG,development,2023-08-04 08:00:00+00:00,2023-08-04 13:30:00+00:00,1845.0,1830.5,2023-08-04 13:35:00+00:00,False,,,BREAK_DURING_K1,2023-08-04 13:45:00+00:00
RAW_2330,LONG,development,2023-08-07 23:30:00+00:00,2023-08-08 05:00:00+00:00,1835.0,1825.35,2023-08-08 05:20:00+00:00,False,,,BREAK_DURING_K1,2023-08-08 05:25:00+00:00
ALT_0330,LONG,development,2023-08-08 03:30:00+00:00,2023-08-08 09:00:00+00:00,1838.79,1828.0,2023-08-08 12:00:00+00:00,True,2023-08-08 12:05:00+00:00,2023-08-08 12:10:00+00:00,H2,2023-08-08 12:25:00+00:00
RAW_0530,LONG,development,2023-08-08 05:30:00+00:00,2023-08-08 11:00:00+00:00,1838.79,1829.12,2023-08-08 12:00:00+00:00,True,2023-08-08 12:05:00+00:00,2023-08-08 12:10:00+00:00,H2,2023-08-08 12:25:00+00:00
RAW_2330,LONG,development,2023-08-08 23:30:00+00:00,2023-08-09 05:00:00+00:00,1860.0,1850.68,2023-08-09 07:40:00+00:00,False,,,BREAK_DURING_K1,2023-08-09 07:45:00+00:00
SHORT_2000,SHORT,development,2023-08-08 20:00:00+00:00,2023-08-09 01:30:00+00:00,1878.0,1852.05,2023-08-09 02:30:00+00:00,True,2023-08-09 02:35:00+00:00,2023-08-09 02:40:00+00:00,NO_H2,
ALT_0330,LONG,development,2023-08-09 03:30:00+00:00,2023-08-09 09:00:00+00:00,1863.83,1852.48,2023-08-09 10:55:00+00:00,True,2023-08-09 11:05:00+00:00,2023-08-09 11:10:00+00:00,H2,2023-08-09 12:30:00+00:00
ALT_0330,LONG,development,2023-08-11 03:30:00+00:00,2023-08-11 09:00:00+00:00,1850.86,1843.65,2023-08-11 11:50:00+00:00,True,2023-08-11 11:55:00+00:00,2023-08-11 12:00:00+00:00,H2,2023-08-11 12:00:00+00:00
RAW_0530,LONG,development,2023-08-11 05:30:00+00:00,2023-08-11 11:00:00+00:00,1850.86,1844.8,2023-08-11 11:50:00+00:00,True,2023-08-11 11:55:00+00:00,2023-08-11 12:00:00+00:00,H2,2023-08-11 12:00:00+00:00
LONDON,LONG,development,2023-08-11 08:00:00+00:00,2023-08-11 13:30:00+00:00,1852.0,1844.8,2023-08-11 13:55:00+00:00,False,,,BREAK_DURING_K1,2023-08-11 14:00:00+00:00
RAW_2330,LONG,development,2023-08-13 23:30:00+00:00,2023-08-14 05:00:00+00:00,1848.17,1834.28,2023-08-14 05:15:00+00:00,True,2023-08-14 05:20:00+00:00,2023-08-14 05:25:00+00:00,H2,2023-08-14 05:30:00+00:00
SHORT_2000,SHORT,development,2023-08-15 20:00:00+00:00,2023-08-16 01:30:00+00:00,1831.44,1824.0,2023-08-16 05:20:00+00:00,True,2023-08-16 05:25:00+00:00,2023-08-16 05:30:00+00:00,H2,2023-08-16 05:30:00+00:00
RAW_0530,LONG,development,2023-08-16 05:30:00+00:00,2023-08-16 11:00:00+00:00,1827.84,1818.98,2023-08-16 12:45:00+00:00,True,2023-08-16 12:50:00+00:00,2023-08-16 12:55:00+00:00,OPPOSITE,2023-08-16 16:05:00+00:00
RAW_2330,LONG,development,2023-08-20 23:30:00+00:00,2023-08-21 05:00:00+00:00,1685.12,1674.0,2023-08-21 05:30:00+00:00,True,2023-08-21 05:35:00+00:00,2023-08-21 05:40:00+00:00,OPPOSITE,2023-08-21 06:35:00+00:00
RAW_2330,LONG,development,2023-08-22 23:30:00+00:00,2023-08-23 05:00:00+00:00,1642.0,1627.46,2023-08-23 06:25:00+00:00,True,2023-08-23 06:30:00+00:00,2023-08-23 06:35:00+00:00,H2,2023-08-23 06:45:00+00:00
ALT_0330,LONG,development,2023-08-23 03:30:00+00:00,2023-08-23 09:00:00+00:00,1658.37,1629.92,2023-08-23 14:50:00+00:00,True,2023-08-23 14:55:00+00:00,2023-08-23 15:00:00+00:00,H2,2023-08-23 15:20:00+00:00
RAW_0530,LONG,development,2023-08-23 05:30:00+00:00,2023-08-23 11:00:00+00:00,1658.37,1633.01,2023-08-23 14:50:00+00:00,True,2023-08-23 14:55:00+00:00,2023-08-23 15:00:00+00:00,H2,2023-08-23 15:20:00+00:00
LONDON,LONG,development,2023-08-23 08:00:00+00:00,2023-08-23 13:30:00+00:00,1648.16,1633.19,2023-08-23 13:50:00+00:00,False,,,BREAK_DURING_K1,2023-08-23 13:55:00+00:00
LONDON,LONG,development,2023-08-25 08:00:00+00:00,2023-08-25 13:30:00+00:00,1663.97,1650.22,2023-08-25 13:30:00+00:00,True,2023-08-25 13:40:00+00:00,2023-08-25 13:45:00+00:00,H2,2023-08-25 14:15:00+00:00
RAW_0530,LONG,development,2023-08-29 05:30:00+00:00,2023-08-29 11:00:00+00:00,1651.58,1639.01,2023-08-29 14:00:00+00:00,False,,,BREAK_DURING_K1,2023-08-29 14:10:00+00:00
LONDON,LONG,development,2023-08-29 08:00:00+00:00,2023-08-29 13:30:00+00:00,1647.24,1639.01,2023-08-29 13:45:00+00:00,True,2023-08-29 13:50:00+00:00,2023-08-29 13:55:00+00:00,H2,2023-08-29 14:00:00+00:00
SHORT_2000,SHORT,development,2023-08-29 20:00:00+00:00,2023-08-30 01:30:00+00:00,1741.47,1712.35,2023-08-30 03:20:00+00:00,True,2023-08-30 03:30:00+00:00,2023-08-30 03:35:00+00:00,NO_H2,
RAW_2330,LONG,development,2023-08-30 23:30:00+00:00,2023-08-31 05:00:00+00:00,1705.73,1696.16,2023-08-31 06:50:00+00:00,True,2023-08-31 07:00:00+00:00,2023-08-31 07:05:00+00:00,H2,2023-08-31 07:25:00+00:00
SHORT_2000,SHORT,development,2023-08-30 20:00:00+00:00,2023-08-31 01:30:00+00:00,1708.0,1699.31,2023-08-31 01:50:00+00:00,False,,,BREAK_DURING_K1,2023-08-31 01:55:00+00:00
SHORT_2000,SHORT,development,2023-09-03 20:00:00+00:00,2023-09-04 01:30:00+00:00,1648.24,1632.0,2023-09-04 01:30:00+00:00,False,,,BREAK_DURING_K1,2023-09-04 01:35:00+00:00
RAW_2330,LONG,development,2023-09-04 23:30:00+00:00,2023-09-05 05:00:00+00:00,1634.0,1608.45,2023-09-05 09:45:00+00:00,True,2023-09-05 09:55:00+00:00,2023-09-05 10:00:00+00:00,H2,2023-09-05 10:15:00+00:00
SHORT_2000,SHORT,development,2023-09-04 20:00:00+00:00,2023-09-05 01:30:00+00:00,1634.0,1614.76,2023-09-05 03:00:00+00:00,False,,,BREAK_DURING_K1,2023-09-05 03:05:00+00:00
RAW_0530,LONG,development,2023-09-05 05:30:00+00:00,2023-09-05 11:00:00+00:00,1638.47,1620.0,2023-09-05 12:50:00+00:00,True,2023-09-05 13:00:00+00:00,2023-09-05 13:05:00+00:00,H2,2023-09-05 15:10:00+00:00
ALT_0330,LONG,development,2023-09-06 03:30:00+00:00,2023-09-06 09:00:00+00:00,1635.66,1626.98,2023-09-06 11:35:00+00:00,True,2023-09-06 11:40:00+00:00,2023-09-06 11:45:00+00:00,OPPOSITE,2023-09-06 14:00:00+00:00
ALT_0330,LONG,development,2023-09-13 03:30:00+00:00,2023-09-13 09:00:00+00:00,1602.77,1580.46,2023-09-13 10:00:00+00:00,True,2023-09-13 10:05:00+00:00,2023-09-13 10:10:00+00:00,H2,2023-09-13 11:30:00+00:00
RAW_0530,LONG,development,2023-09-13 05:30:00+00:00,2023-09-13 11:00:00+00:00,1603.84,1580.57,2023-09-13 11:40:00+00:00,False,,,BREAK_DURING_K1,2023-09-13 11:50:00+00:00
LONDON,LONG,development,2023-09-13 08:00:00+00:00,2023-09-13 13:30:00+00:00,1606.91,1582.0,2023-09-13 14:35:00+00:00,False,,,BREAK_DURING_K1,2023-09-13 14:40:00+00:00
ALT_0330,LONG,development,2023-09-14 03:30:00+00:00,2023-09-14 09:00:00+00:00,1625.21,1611.36,2023-09-14 11:30:00+00:00,True,2023-09-14 11:35:00+00:00,2023-09-14 11:40:00+00:00,H2,2023-09-14 11:55:00+00:00
RAW_0530,LONG,development,2023-09-14 05:30:00+00:00,2023-09-14 11:00:00+00:00,1625.21,1611.36,2023-09-14 11:30:00+00:00,True,2023-09-14 11:35:00+00:00,2023-09-14 11:40:00+00:00,H2,2023-09-14 11:55:00+00:00
LONDON,LONG,development,2023-09-14 08:00:00+00:00,2023-09-14 13:30:00+00:00,1635.8,1615.85,2023-09-14 14:55:00+00:00,True,2023-09-14 15:05:00+00:00,2023-09-14 15:10:00+00:00,H2,2023-09-14 17:05:00+00:00
RAW_2330,LONG,development,2023-09-17 23:30:00+00:00,2023-09-18 05:00:00+00:00,1636.05,1598.58,2023-09-18 07:25:00+00:00,True,2023-09-18 07:35:00+00:00,2023-09-18 07:40:00+00:00,H2,2023-09-18 09:10:00+00:00
ALT_0330,LONG,development,2023-09-18 03:30:00+00:00,2023-09-18 09:00:00+00:00,1638.0,1625.9,2023-09-18 09:35:00+00:00,False,,,BREAK_DURING_K1,2023-09-18 09:45:00+00:00
RAW_0530,LONG,development,2023-09-18 05:30:00+00:00,2023-09-18 11:00:00+00:00,1651.69,1627.55,2023-09-18 11:15:00+00:00,False,,,BREAK_DURING_K1,2023-09-18 11:25:00+00:00
RAW_2330,LONG,development,2023-09-18 23:30:00+00:00,2023-09-19 05:00:00+00:00,1639.4,1625.02,2023-09-19 08:25:00+00:00,True,2023-09-19 08:30:00+00:00,2023-09-19 08:35:00+00:00,H2,2023-09-19 08:35:00+00:00
ALT_0330,LONG,development,2023-09-19 03:30:00+00:00,2023-09-19 09:00:00+00:00,1643.97,1631.51,2023-09-19 09:00:00+00:00,False,,,BREAK_DURING_K1,2023-09-19 09:10:00+00:00
LONDON,LONG,development,2023-09-20 08:00:00+00:00,2023-09-20 13:30:00+00:00,1637.51,1616.33,2023-09-20 18:30:00+00:00,True,2023-09-20 18:40:00+00:00,2023-09-20 18:45:00+00:00,OPPOSITE,2023-09-20 19:15:00+00:00
SHORT_2000,SHORT,development,2023-09-20 20:00:00+00:00,2023-09-21 01:30:00+00:00,1629.36,1613.19,2023-09-21 01:40:00+00:00,True,2023-09-21 01:45:00+00:00,2023-09-21 01:50:00+00:00,NO_H2,
RAW_2330,LONG,development,2023-09-25 23:30:00+00:00,2023-09-26 05:00:00+00:00,1593.97,1585.32,2023-09-26 06:10:00+00:00,True,2023-09-26 06:15:00+00:00,2023-09-26 06:20:00+00:00,H2,2023-09-26 09:35:00+00:00
ALT_0330,LONG,development,2023-09-26 03:30:00+00:00,2023-09-26 09:00:00+00:00,1594.56,1586.0,2023-09-26 09:40:00+00:00,False,,,BREAK_DURING_K1,2023-09-26 09:45:00+00:00
RAW_2330,LONG,development,2023-09-26 23:30:00+00:00,2023-09-27 05:00:00+00:00,1597.71,1588.54,2023-09-27 09:30:00+00:00,True,2023-09-27 09:35:00+00:00,2023-09-27 09:40:00+00:00,H2,2023-09-27 09:40:00+00:00
ALT_0330,LONG,development,2023-09-27 03:30:00+00:00,2023-09-27 09:00:00+00:00,1597.71,1589.35,2023-09-27 09:30:00+00:00,True,2023-09-27 09:35:00+00:00,2023-09-27 09:40:00+00:00,H2,2023-09-27 09:40:00+00:00
RAW_0530,LONG,development,2023-09-27 05:30:00+00:00,2023-09-27 11:00:00+00:00,1620.17,1589.35,2023-09-27 11:05:00+00:00,True,2023-09-27 11:10:00+00:00,2023-09-27 11:15:00+00:00,H2,2023-09-27 11:15:00+00:00
RAW_2330,LONG,development,2023-09-27 23:30:00+00:00,2023-09-28 05:00:00+00:00,1614.99,1594.86,2023-09-28 06:45:00+00:00,True,2023-09-28 06:50:00+00:00,2023-09-28 06:55:00+00:00,H2,2023-09-28 06:55:00+00:00
ALT_0330,LONG,development,2023-09-28 03:30:00+00:00,2023-09-28 09:00:00+00:00,1621.2,1603.65,2023-09-28 10:10:00+00:00,True,2023-09-28 10:15:00+00:00,2023-09-28 10:20:00+00:00,H2,2023-09-28 10:25:00+00:00
ALT_0330,LONG,development,2023-10-04 03:30:00+00:00,2023-10-04 09:00:00+00:00,1647.92,1635.05,2023-10-04 09:15:00+00:00,True,2023-10-04 09:20:00+00:00,2023-10-04 09:25:00+00:00,H2,2023-10-04 09:35:00+00:00
SHORT_2000,SHORT,development,2023-10-04 20:00:00+00:00,2023-10-05 01:30:00+00:00,1655.13,1639.68,2023-10-05 05:50:00+00:00,False,,,BREAK_DURING_K1,2023-10-05 05:55:00+00:00
LONDON,LONG,development,2023-10-05 08:00:00+00:00,2023-10-05 13:30:00+00:00,1648.43,1630.5,2023-10-05 13:35:00+00:00,True,2023-10-05 13:40:00+00:00,2023-10-05 13:45:00+00:00,OPPOSITE,2023-10-05 15:00:00+00:00
ALT_0330,LONG,development,2023-10-06 03:30:00+00:00,2023-10-06 09:00:00+00:00,1637.34,1618.0,2023-10-06 10:25:00+00:00,True,2023-10-06 10:35:00+00:00,2023-10-06 10:40:00+00:00,OPPOSITE,2023-10-06 12:55:00+00:00
RAW_2330,LONG,development,2023-10-09 23:30:00+00:00,2023-10-10 05:00:00+00:00,1592.34,1575.27,2023-10-10 07:15:00+00:00,False,,,BREAK_DURING_K1,2023-10-10 07:20:00+00:00
RAW_0530,LONG,development,2023-10-11 05:30:00+00:00,2023-10-11 11:00:00+00:00,1577.84,1547.2,2023-10-11 11:00:00+00:00,True,2023-10-11 11:05:00+00:00,2023-10-11 11:10:00+00:00,NO_H2,
LONDON,LONG,development,2023-10-16 08:00:00+00:00,2023-10-16 13:30:00+00:00,1627.69,1574.14,2023-10-16 13:30:00+00:00,True,2023-10-16 13:35:00+00:00,2023-10-16 13:40:00+00:00,OPPOSITE,2023-10-16 13:45:00+00:00
ALT_0330,LONG,development,2023-10-17 03:30:00+00:00,2023-10-17 09:00:00+00:00,1592.6,1581.73,2023-10-17 10:20:00+00:00,True,2023-10-17 10:25:00+00:00,2023-10-17 10:30:00+00:00,OPPOSITE,2023-10-17 12:10:00+00:00
RAW_2330,LONG,development,2023-10-17 23:30:00+00:00,2023-10-18 05:00:00+00:00,1581.97,1561.3,2023-10-18 09:30:00+00:00,False,,,BREAK_DURING_K1,2023-10-18 09:35:00+00:00
ALT_0330,LONG,development,2023-10-18 03:30:00+00:00,2023-10-18 09:00:00+00:00,1581.97,1563.55,2023-10-18 09:30:00+00:00,False,,,BREAK_DURING_K1,2023-10-18 09:35:00+00:00
RAW_0530,LONG,development,2023-10-18 05:30:00+00:00,2023-10-18 11:00:00+00:00,1583.42,1565.44,2023-10-18 11:20:00+00:00,True,2023-10-18 11:25:00+00:00,2023-10-18 11:30:00+00:00,NO_H2,
RAW_0530,LONG,development,2023-10-19 05:30:00+00:00,2023-10-19 11:00:00+00:00,1554.11,1540.53,2023-10-19 11:10:00+00:00,True,2023-10-19 11:15:00+00:00,2023-10-19 11:20:00+00:00,H2,2023-10-19 12:00:00+00:00
LONDON,LONG,development,2023-10-19 08:00:00+00:00,2023-10-19 13:30:00+00:00,1558.67,1540.53,2023-10-19 13:30:00+00:00,True,2023-10-19 13:35:00+00:00,2023-10-19 13:40:00+00:00,H2,2023-10-19 14:50:00+00:00
LONDON,LONG,development,2023-10-23 08:00:00+00:00,2023-10-23 13:30:00+00:00,1683.72,1661.2,2023-10-23 14:45:00+00:00,True,2023-10-23 14:50:00+00:00,2023-10-23 14:55:00+00:00,H2,2023-10-23 15:50:00+00:00
ALT_0330,LONG,development,2023-10-24 03:30:00+00:00,2023-10-24 09:00:00+00:00,1837.0,1800.02,2023-10-24 09:40:00+00:00,True,2023-10-24 09:50:00+00:00,2023-10-24 09:55:00+00:00,H2,2023-10-24 11:15:00+00:00
ALT_0330,LONG,development,2023-10-25 03:30:00+00:00,2023-10-25 09:00:00+00:00,1795.27,1759.16,2023-10-25 13:20:00+00:00,True,2023-10-25 13:30:00+00:00,2023-10-25 13:35:00+00:00,H2,2023-10-25 14:20:00+00:00
RAW_0530,LONG,development,2023-10-25 05:30:00+00:00,2023-10-25 11:00:00+00:00,1790.44,1759.16,2023-10-25 11:15:00+00:00,True,2023-10-25 11:20:00+00:00,2023-10-25 11:25:00+00:00,H2,2023-10-25 12:10:00+00:00
LONDON,LONG,development,2023-10-25 08:00:00+00:00,2023-10-25 13:30:00+00:00,1798.63,1759.16,2023-10-25 14:20:00+00:00,False,,,BREAK_DURING_K1,2023-10-25 14:30:00+00:00
SHORT_2000,SHORT,development,2023-10-29 20:00:00+00:00,2023-10-30 01:30:00+00:00,1813.1,1789.6,2023-10-30 02:00:00+00:00,True,2023-10-30 02:10:00+00:00,2023-10-30 02:15:00+00:00,H2,2023-10-30 02:15:00+00:00
ALT_0330,LONG,development,2023-10-30 03:30:00+00:00,2023-10-30 09:00:00+00:00,1824.5,1778.03,2023-10-30 09:00:00+00:00,True,2023-10-30 09:15:00+00:00,2023-10-30 09:20:00+00:00,H2,2023-10-30 09:20:00+00:00
SHORT_2000,SHORT,development,2023-10-30 20:00:00+00:00,2023-10-31 01:30:00+00:00,1820.91,1797.37,2023-10-31 03:10:00+00:00,True,2023-10-31 03:20:00+00:00,2023-10-31 03:25:00+00:00,H2,2023-10-31 03:35:00+00:00
SHORT_2000,SHORT,development,2023-10-31 20:00:00+00:00,2023-11-01 01:30:00+00:00,1831.28,1802.68,2023-11-01 05:40:00+00:00,True,2023-11-01 05:45:00+00:00,2023-11-01 05:50:00+00:00,H2,2023-11-01 05:50:00+00:00
RAW_0530,LONG,development,2023-11-02 05:30:00+00:00,2023-11-02 11:00:00+00:00,1843.28,1821.1,2023-11-02 12:45:00+00:00,True,2023-11-02 12:55:00+00:00,2023-11-02 13:00:00+00:00,OPPOSITE,2023-11-02 14:05:00+00:00
RAW_0530,LONG,development,2023-11-03 05:30:00+00:00,2023-11-03 11:00:00+00:00,1804.82,1780.51,2023-11-03 13:50:00+00:00,False,,,BREAK_DURING_K1,2023-11-03 13:55:00+00:00
LONDON,LONG,development,2023-11-03 08:00:00+00:00,2023-11-03 13:30:00+00:00,1804.82,1780.51,2023-11-03 13:50:00+00:00,False,,,BREAK_DURING_K1,2023-11-03 13:55:00+00:00
ALT_0330,LONG,development,2023-11-06 03:30:00+00:00,2023-11-06 09:00:00+00:00,1890.54,1869.13,2023-11-06 09:45:00+00:00,True,2023-11-06 09:50:00+00:00,2023-11-06 09:55:00+00:00,H2,2023-11-06 10:10:00+00:00
RAW_0530,LONG,development,2023-11-06 05:30:00+00:00,2023-11-06 11:00:00+00:00,1899.87,1871.0,2023-11-06 12:00:00+00:00,True,2023-11-06 12:05:00+00:00,2023-11-06 12:10:00+00:00,H2,2023-11-06 12:25:00+00:00
LONDON,LONG,development,2023-11-06 08:00:00+00:00,2023-11-06 13:30:00+00:00,1912.7,1873.43,2023-11-06 14:25:00+00:00,True,2023-11-06 14:35:00+00:00,2023-11-06 14:40:00+00:00,H2,2023-11-06 14:50:00+00:00
SHORT_2000,SHORT,development,2023-11-06 20:00:00+00:00,2023-11-07 01:30:00+00:00,1907.87,1881.3,2023-11-07 02:55:00+00:00,True,2023-11-07 03:05:00+00:00,2023-11-07 03:10:00+00:00,NO_H2,
RAW_0530,LONG,development,2023-11-08 05:30:00+00:00,2023-11-08 11:00:00+00:00,1889.82,1873.13,2023-11-08 13:55:00+00:00,False,,,BREAK_DURING_K1,2023-11-08 14:05:00+00:00
LONDON,LONG,development,2023-11-08 08:00:00+00:00,2023-11-08 13:30:00+00:00,1889.82,1874.04,2023-11-08 13:55:00+00:00,False,,,BREAK_DURING_K1,2023-11-08 14:05:00+00:00
LONDON,LONG,development,2023-11-09 08:00:00+00:00,2023-11-09 13:30:00+00:00,1920.64,1904.49,2023-11-09 13:50:00+00:00,False,,,BREAK_DURING_K1,2023-11-09 13:55:00+00:00
ALT_0330,LONG,development,2023-11-13 03:30:00+00:00,2023-11-13 09:00:00+00:00,2062.72,2030.0,2023-11-13 14:05:00+00:00,True,2023-11-13 14:10:00+00:00,2023-11-13 14:15:00+00:00,H2,2023-11-13 14:15:00+00:00
RAW_0530,LONG,development,2023-11-13 05:30:00+00:00,2023-11-13 11:00:00+00:00,2062.72,2030.0,2023-11-13 14:05:00+00:00,True,2023-11-13 14:10:00+00:00,2023-11-13 14:15:00+00:00,H2,2023-11-13 14:15:00+00:00
LONDON,LONG,development,2023-11-13 08:00:00+00:00,2023-11-13 13:30:00+00:00,2062.72,2040.0,2023-11-13 14:05:00+00:00,True,2023-11-13 14:10:00+00:00,2023-11-13 14:15:00+00:00,H2,2023-11-13 14:15:00+00:00
RAW_2330,LONG,development,2023-11-14 23:30:00+00:00,2023-11-15 05:00:00+00:00,1992.63,1967.85,2023-11-15 08:55:00+00:00,True,2023-11-15 09:05:00+00:00,2023-11-15 09:10:00+00:00,H2,2023-11-15 09:10:00+00:00
SHORT_2000,SHORT,development,2023-11-14 20:00:00+00:00,2023-11-15 01:30:00+00:00,1995.83,1969.03,2023-11-15 02:40:00+00:00,True,2023-11-15 02:45:00+00:00,2023-11-15 02:50:00+00:00,H2,2023-11-15 03:55:00+00:00
ALT_0330,LONG,development,2023-11-15 03:30:00+00:00,2023-11-15 09:00:00+00:00,1992.97,1968.18,2023-11-15 09:00:00+00:00,True,2023-11-15 09:05:00+00:00,2023-11-15 09:10:00+00:00,H2,2023-11-15 09:10:00+00:00
LONDON,LONG,development,2023-11-15 08:00:00+00:00,2023-11-15 13:30:00+00:00,2024.68,1982.01,2023-11-15 16:00:00+00:00,True,2023-11-15 16:05:00+00:00,2023-11-15 16:10:00+00:00,H2,2023-11-15 18:10:00+00:00
ALT_0330,LONG,development,2023-11-20 03:30:00+00:00,2023-11-20 09:00:00+00:00,2028.2,1993.85,2023-11-20 09:30:00+00:00,True,2023-11-20 09:35:00+00:00,2023-11-20 09:40:00+00:00,H2,2023-11-20 09:50:00+00:00
RAW_0530,LONG,development,2023-11-22 05:30:00+00:00,2023-11-22 11:00:00+00:00,2030.0,1982.44,2023-11-22 13:05:00+00:00,True,2023-11-22 13:10:00+00:00,2023-11-22 13:15:00+00:00,H2,2023-11-22 13:30:00+00:00
ALT_0330,LONG,development,2023-11-23 03:30:00+00:00,2023-11-23 09:00:00+00:00,2084.4,2058.2,2023-11-23 09:00:00+00:00,True,2023-11-23 09:05:00+00:00,2023-11-23 09:10:00+00:00,H2,2023-11-23 09:55:00+00:00
ALT_0330,LONG,development,2023-11-24 03:30:00+00:00,2023-11-24 09:00:00+00:00,2086.44,2062.54,2023-11-24 09:15:00+00:00,False,,,BREAK_DURING_K1,2023-11-24 09:20:00+00:00
RAW_0530,LONG,development,2023-11-24 05:30:00+00:00,2023-11-24 11:00:00+00:00,2129.96,2064.81,2023-11-24 15:40:00+00:00,True,2023-11-24 15:45:00+00:00,2023-11-24 15:50:00+00:00,NO_H2,
LONDON,LONG,development,2023-11-24 08:00:00+00:00,2023-11-24 13:30:00+00:00,2129.96,2075.14,2023-11-24 15:40:00+00:00,True,2023-11-24 15:45:00+00:00,2023-11-24 15:50:00+00:00,NO_H2,
RAW_0530,LONG,development,2023-11-28 05:30:00+00:00,2023-11-28 11:00:00+00:00,2021.39,1994.85,2023-11-28 11:00:00+00:00,True,2023-11-28 11:05:00+00:00,2023-11-28 11:10:00+00:00,H2,2023-11-28 11:15:00+00:00
ALT_0330,LONG,development,2023-11-29 03:30:00+00:00,2023-11-29 09:00:00+00:00,2072.0,2047.18,2023-11-29 09:50:00+00:00,True,2023-11-29 09:55:00+00:00,2023-11-29 10:00:00+00:00,OPPOSITE,2023-11-29 10:40:00+00:00
ALT_0330,LONG,development,2023-12-01 03:30:00+00:00,2023-12-01 09:00:00+00:00,2108.83,2086.73,2023-12-01 09:15:00+00:00,True,2023-12-01 09:20:00+00:00,2023-12-01 09:25:00+00:00,OPPOSITE,2023-12-01 12:45:00+00:00
ALT_0330,LONG,development,2023-12-04 03:30:00+00:00,2023-12-04 09:00:00+00:00,2267.0,2210.37,2023-12-04 09:35:00+00:00,True,2023-12-04 09:40:00+00:00,2023-12-04 09:45:00+00:00,H2,2023-12-04 10:40:00+00:00
SHORT_2000,SHORT,development,2023-12-04 20:00:00+00:00,2023-12-05 01:30:00+00:00,2254.8,2220.2,2023-12-05 07:05:00+00:00,False,,,BREAK_DURING_K1,2023-12-05 07:10:00+00:00
RAW_2330,LONG,development,2023-12-06 23:30:00+00:00,2023-12-07 05:00:00+00:00,2267.12,2228.93,2023-12-07 05:05:00+00:00,True,2023-12-07 05:10:00+00:00,2023-12-07 05:15:00+00:00,H2,2023-12-07 05:20:00+00:00
RAW_0530,LONG,development,2023-12-07 05:30:00+00:00,2023-12-07 11:00:00+00:00,2269.92,2222.08,2023-12-07 14:55:00+00:00,False,,,BREAK_DURING_K1,2023-12-07 15:00:00+00:00
LONDON,LONG,development,2023-12-07 08:00:00+00:00,2023-12-07 13:30:00+00:00,2269.79,2222.08,2023-12-07 14:55:00+00:00,False,,,BREAK_DURING_K1,2023-12-07 15:00:00+00:00
SHORT_2000,SHORT,development,2023-12-12 20:00:00+00:00,2023-12-13 01:30:00+00:00,2208.47,2164.82,2023-12-13 02:25:00+00:00,True,2023-12-13 02:35:00+00:00,2023-12-13 02:40:00+00:00,H2,2023-12-13 03:50:00+00:00
LONDON,LONG,development,2023-12-13 08:00:00+00:00,2023-12-13 13:30:00+00:00,2193.53,2168.9,2023-12-13 13:30:00+00:00,True,2023-12-13 13:35:00+00:00,2023-12-13 13:40:00+00:00,H2,2023-12-13 13:40:00+00:00
RAW_2330,LONG,development,2023-12-13 23:30:00+00:00,2023-12-14 05:00:00+00:00,2265.31,2246.13,2023-12-14 06:00:00+00:00,False,,,BREAK_DURING_K1,2023-12-14 06:10:00+00:00
ALT_0330,LONG,development,2023-12-14 03:30:00+00:00,2023-12-14 09:00:00+00:00,2289.98,2246.89,2023-12-14 10:55:00+00:00,True,2023-12-14 11:00:00+00:00,2023-12-14 11:05:00+00:00,H2,2023-12-14 11:15:00+00:00
SHORT_2000,SHORT,development,2023-12-14 20:00:00+00:00,2023-12-15 01:30:00+00:00,2333.29,2283.27,2023-12-15 03:15:00+00:00,True,2023-12-15 03:20:00+00:00,2023-12-15 03:25:00+00:00,H2,2023-12-15 03:25:00+00:00
ALT_0330,LONG,development,2023-12-15 03:30:00+00:00,2023-12-15 09:00:00+00:00,2288.0,2256.75,2023-12-15 09:10:00+00:00,True,2023-12-15 09:15:00+00:00,2023-12-15 09:20:00+00:00,OPPOSITE,2023-12-15 13:00:00+00:00
RAW_2330,LONG,development,2023-12-18 23:30:00+00:00,2023-12-19 05:00:00+00:00,2255.48,2212.69,2023-12-19 08:10:00+00:00,True,2023-12-19 08:20:00+00:00,2023-12-19 08:25:00+00:00,NO_H2,
ALT_0330,LONG,development,2023-12-20 03:30:00+00:00,2023-12-20 09:00:00+00:00,2224.69,2182.36,2023-12-20 10:10:00+00:00,True,2023-12-20 10:20:00+00:00,2023-12-20 10:25:00+00:00,H2,2023-12-20 13:05:00+00:00
RAW_0530,LONG,development,2023-12-21 05:30:00+00:00,2023-12-21 11:00:00+00:00,2249.0,2193.81,2023-12-21 11:00:00+00:00,False,,,BREAK_DURING_K1,2023-12-21 11:05:00+00:00
RAW_2330,LONG,development,2023-12-21 23:30:00+00:00,2023-12-22 05:00:00+00:00,2263.81,2232.35,2023-12-22 05:00:00+00:00,True,2023-12-22 05:05:00+00:00,2023-12-22 05:10:00+00:00,H2,2023-12-22 05:25:00+00:00
RAW_2330,LONG,development,2023-12-24 23:30:00+00:00,2023-12-25 05:00:00+00:00,2284.0,2254.38,2023-12-25 05:30:00+00:00,False,,,BREAK_DURING_K1,2023-12-25 05:35:00+00:00
RAW_0530,LONG,development,2023-12-25 05:30:00+00:00,2023-12-25 11:00:00+00:00,2291.98,2264.96,2023-12-25 12:45:00+00:00,False,,,BREAK_DURING_K1,2023-12-25 12:55:00+00:00
SHORT_2000,SHORT,development,2023-12-25 20:00:00+00:00,2023-12-26 01:30:00+00:00,2289.14,2258.04,2023-12-26 05:20:00+00:00,False,,,BREAK_DURING_K1,2023-12-26 05:25:00+00:00
LONDON,LONG,development,2023-12-26 08:00:00+00:00,2023-12-26 13:30:00+00:00,2251.21,2216.86,2023-12-26 13:40:00+00:00,True,2023-12-26 13:55:00+00:00,2023-12-26 14:00:00+00:00,H2,2023-12-26 14:25:00+00:00
RAW_0530,LONG,development,2023-12-27 05:30:00+00:00,2023-12-27 11:00:00+00:00,2282.6,2219.11,2023-12-27 11:00:00+00:00,True,2023-12-27 11:05:00+00:00,2023-12-27 11:10:00+00:00,H2,2023-12-27 11:10:00+00:00
LONDON,LONG,development,2023-12-27 08:00:00+00:00,2023-12-27 13:30:00+00:00,2299.44,2228.72,2023-12-27 13:30:00+00:00,True,2023-12-27 13:35:00+00:00,2023-12-27 13:40:00+00:00,H2,2023-12-27 14:00:00+00:00
RAW_2330,LONG,development,2023-12-28 23:30:00+00:00,2023-12-29 05:00:00+00:00,2366.61,2311.07,2023-12-29 09:30:00+00:00,True,2023-12-29 09:35:00+00:00,2023-12-29 09:40:00+00:00,H2,2023-12-29 09:55:00+00:00
SHORT_2000,SHORT,development,2023-12-28 20:00:00+00:00,2023-12-29 01:30:00+00:00,2366.61,2319.8,2023-12-29 01:35:00+00:00,True,2023-12-29 01:50:00+00:00,2023-12-29 01:55:00+00:00,NO_H2,
RAW_0530,LONG,development,2023-12-29 05:30:00+00:00,2023-12-29 11:00:00+00:00,2376.0,2333.45,2023-12-29 11:10:00+00:00,False,,,BREAK_DURING_K1,2023-12-29 11:15:00+00:00
LONDON,LONG,development,2023-12-29 08:00:00+00:00,2023-12-29 13:30:00+00:00,2381.05,2334.1,2023-12-29 14:40:00+00:00,True,2023-12-29 14:50:00+00:00,2023-12-29 14:55:00+00:00,H2,2023-12-29 14:55:00+00:00
RAW_2330,LONG,development,2024-01-01 23:30:00+00:00,2024-01-02 05:00:00+00:00,2402.64,2347.62,2024-01-02 08:15:00+00:00,False,,,BREAK_DURING_K1,2024-01-02 08:20:00+00:00
RAW_2330,LONG,development,2024-01-02 23:30:00+00:00,2024-01-03 05:00:00+00:00,2387.28,2348.46,2024-01-03 09:35:00+00:00,True,2024-01-03 09:40:00+00:00,2024-01-03 09:45:00+00:00,OPPOSITE,2024-01-03 11:10:00+00:00
RAW_2330,LONG,development,2024-01-03 23:30:00+00:00,2024-01-04 05:00:00+00:00,2241.19,2202.1,2024-01-04 05:05:00+00:00,True,2024-01-04 05:10:00+00:00,2024-01-04 05:15:00+00:00,H2,2024-01-04 05:15:00+00:00
RAW_0530,LONG,development,2024-01-04 05:30:00+00:00,2024-01-04 11:00:00+00:00,2245.94,2205.42,2024-01-04 13:50:00+00:00,True,2024-01-04 14:00:00+00:00,2024-01-04 14:05:00+00:00,H2,2024-01-04 14:40:00+00:00
SHORT_2000,SHORT,development,2024-01-04 20:00:00+00:00,2024-01-05 01:30:00+00:00,2295.55,2253.8,2024-01-05 01:30:00+00:00,True,2024-01-05 01:35:00+00:00,2024-01-05 01:40:00+00:00,H2,2024-01-05 01:40:00+00:00
ALT_0330,LONG,development,2024-01-05 03:30:00+00:00,2024-01-05 09:00:00+00:00,2265.95,2234.34,2024-01-05 09:00:00+00:00,True,2024-01-05 09:10:00+00:00,2024-01-05 09:15:00+00:00,H2,2024-01-05 09:35:00+00:00
LONDON,LONG,development,2024-01-08 08:00:00+00:00,2024-01-08 13:30:00+00:00,2274.95,2204.16,2024-01-08 15:40:00+00:00,True,2024-01-08 15:50:00+00:00,2024-01-08 15:55:00+00:00,H2,2024-01-08 16:00:00+00:00
RAW_2330,LONG,development,2024-01-09 23:30:00+00:00,2024-01-10 05:00:00+00:00,2402.6,2333.6,2024-01-10 09:15:00+00:00,False,,,BREAK_DURING_K1,2024-01-10 09:25:00+00:00
RAW_2330,LONG,development,2024-01-11 23:30:00+00:00,2024-01-12 05:00:00+00:00,2625.83,2581.09,2024-01-12 06:20:00+00:00,True,2024-01-12 06:25:00+00:00,2024-01-12 06:30:00+00:00,H2,2024-01-12 11:00:00+00:00
LONDON,LONG,development,2024-01-12 08:00:00+00:00,2024-01-12 13:30:00+00:00,2686.0,2585.01,2024-01-12 13:35:00+00:00,True,2024-01-12 13:50:00+00:00,2024-01-12 13:55:00+00:00,H2,2024-01-12 14:25:00+00:00
RAW_2330,LONG,development,2024-01-14 23:30:00+00:00,2024-01-15 05:00:00+00:00,2515.05,2470.0,2024-01-15 05:00:00+00:00,False,,,BREAK_DURING_K1,2024-01-15 05:10:00+00:00
LONDON,LONG,development,2024-01-15 08:00:00+00:00,2024-01-15 13:30:00+00:00,2548.8,2507.93,2024-01-15 13:50:00+00:00,True,2024-01-15 13:55:00+00:00,2024-01-15 14:00:00+00:00,H2,2024-01-15 18:30:00+00:00
RAW_2330,LONG,development,2024-01-15 23:30:00+00:00,2024-01-16 05:00:00+00:00,2540.0,2505.01,2024-01-16 05:40:00+00:00,True,2024-01-16 05:50:00+00:00,2024-01-16 05:55:00+00:00,H2,2024-01-16 08:45:00+00:00
ALT_0330,LONG,development,2024-01-16 03:30:00+00:00,2024-01-16 09:00:00+00:00,2545.5,2521.5,2024-01-16 09:00:00+00:00,True,2024-01-16 09:05:00+00:00,2024-01-16 09:10:00+00:00,H2,2024-01-16 09:20:00+00:00
SHORT_2000,SHORT,development,2024-01-16 20:00:00+00:00,2024-01-17 01:30:00+00:00,2613.8,2571.46,2024-01-17 03:50:00+00:00,True,2024-01-17 04:00:00+00:00,2024-01-17 04:05:00+00:00,H2,2024-01-17 04:05:00+00:00
RAW_2330,LONG,development,2024-01-17 23:30:00+00:00,2024-01-18 05:00:00+00:00,2540.0,2509.25,2024-01-18 08:00:00+00:00,True,2024-01-18 08:05:00+00:00,2024-01-18 08:10:00+00:00,H2,2024-01-18 08:20:00+00:00
RAW_2330,LONG,development,2024-01-18 23:30:00+00:00,2024-01-19 05:00:00+00:00,2474.96,2442.98,2024-01-19 08:55:00+00:00,False,,,BREAK_DURING_K1,2024-01-19 09:00:00+00:00
ALT_0330,LONG,development,2024-01-24 03:30:00+00:00,2024-01-24 09:00:00+00:00,2245.0,2211.57,2024-01-24 09:15:00+00:00,True,2024-01-24 09:20:00+00:00,2024-01-24 09:25:00+00:00,H2,2024-01-24 10:25:00+00:00
ALT_0330,LONG,development,2024-01-25 03:30:00+00:00,2024-01-25 09:00:00+00:00,2232.5,2202.41,2024-01-25 10:40:00+00:00,False,,,BREAK_DURING_K1,2024-01-25 10:45:00+00:00
RAW_0530,LONG,development,2024-01-25 05:30:00+00:00,2024-01-25 11:00:00+00:00,2239.81,2204.88,2024-01-25 11:10:00+00:00,True,2024-01-25 11:20:00+00:00,2024-01-25 11:25:00+00:00,OPPOSITE,2024-01-25 13:00:00+00:00
ALT_0330,LONG,development,2024-01-30 03:30:00+00:00,2024-01-30 09:00:00+00:00,2313.74,2299.57,2024-01-30 10:40:00+00:00,False,,,BREAK_DURING_K1,2024-01-30 10:55:00+00:00
RAW_0530,LONG,development,2024-01-30 05:30:00+00:00,2024-01-30 11:00:00+00:00,2316.64,2299.57,2024-01-30 11:00:00+00:00,True,2024-01-30 11:05:00+00:00,2024-01-30 11:10:00+00:00,H2,2024-01-30 12:05:00+00:00
ALT_0330,LONG,development,2024-02-01 03:30:00+00:00,2024-02-01 09:00:00+00:00,2276.88,2250.65,2024-02-01 10:25:00+00:00,True,2024-02-01 10:30:00+00:00,2024-02-01 10:35:00+00:00,H2,2024-02-01 14:15:00+00:00
ALT_0330,LONG,development,2024-02-05 03:30:00+00:00,2024-02-05 09:00:00+00:00,2324.96,2284.8,2024-02-05 09:00:00+00:00,True,2024-02-05 09:05:00+00:00,2024-02-05 09:10:00+00:00,H2,2024-02-05 10:00:00+00:00
RAW_0530,LONG,development,2024-02-05 05:30:00+00:00,2024-02-05 11:00:00+00:00,2332.62,2288.48,2024-02-05 13:35:00+00:00,True,2024-02-05 13:50:00+00:00,2024-02-05 13:55:00+00:00,H2,2024-02-05 14:00:00+00:00
LONDON,LONG,development,2024-02-05 08:00:00+00:00,2024-02-05 13:30:00+00:00,2332.62,2309.73,2024-02-05 13:35:00+00:00,True,2024-02-05 13:50:00+00:00,2024-02-05 13:55:00+00:00,H2,2024-02-05 14:00:00+00:00
LONDON,LONG,development,2024-02-06 08:00:00+00:00,2024-02-06 13:30:00+00:00,2344.45,2308.16,2024-02-06 13:30:00+00:00,True,2024-02-06 13:35:00+00:00,2024-02-06 13:40:00+00:00,H2,2024-02-06 14:35:00+00:00
RAW_0530,LONG,development,2024-02-07 05:30:00+00:00,2024-02-07 11:00:00+00:00,2377.11,2352.06,2024-02-07 14:00:00+00:00,True,2024-02-07 14:05:00+00:00,2024-02-07 14:10:00+00:00,H2,2024-02-07 14:45:00+00:00
LONDON,LONG,development,2024-02-07 08:00:00+00:00,2024-02-07 13:30:00+00:00,2377.11,2352.06,2024-02-07 14:00:00+00:00,True,2024-02-07 14:05:00+00:00,2024-02-07 14:10:00+00:00,H2,2024-02-07 14:45:00+00:00
SHORT_2000,SHORT,development,2024-02-07 20:00:00+00:00,2024-02-08 01:30:00+00:00,2445.0,2418.66,2024-02-08 06:55:00+00:00,False,,,BREAK_DURING_K1,2024-02-08 07:00:00+00:00
ALT_0330,LONG,development,2024-02-08 03:30:00+00:00,2024-02-08 09:00:00+00:00,2435.78,2410.16,2024-02-08 14:00:00+00:00,True,2024-02-08 14:15:00+00:00,2024-02-08 14:20:00+00:00,H2,2024-02-08 14:50:00+00:00
RAW_2330,LONG,development,2024-02-08 23:30:00+00:00,2024-02-09 05:00:00+00:00,2466.0,2417.68,2024-02-09 08:30:00+00:00,True,2024-02-09 08:40:00+00:00,2024-02-09 08:45:00+00:00,H2,2024-02-09 08:45:00+00:00
ALT_0330,LONG,development,2024-02-09 03:30:00+00:00,2024-02-09 09:00:00+00:00,2476.3,2438.44,2024-02-09 09:00:00+00:00,True,2024-02-09 09:10:00+00:00,2024-02-09 09:15:00+00:00,H2,2024-02-09 11:30:00+00:00
SHORT_2000,SHORT,development,2024-02-11 20:00:00+00:00,2024-02-12 01:30:00+00:00,2525.0,2492.16,2024-02-12 02:45:00+00:00,True,2024-02-12 02:50:00+00:00,2024-02-12 02:55:00+00:00,H2,2024-02-12 06:40:00+00:00
RAW_0530,LONG,development,2024-02-12 05:30:00+00:00,2024-02-12 11:00:00+00:00,2504.83,2470.05,2024-02-12 14:40:00+00:00,False,,,BREAK_DURING_K1,2024-02-12 14:45:00+00:00
LONDON,LONG,development,2024-02-12 08:00:00+00:00,2024-02-12 13:30:00+00:00,2504.83,2470.05,2024-02-12 14:40:00+00:00,False,,,BREAK_DURING_K1,2024-02-12 14:45:00+00:00
RAW_2330,LONG,development,2024-02-13 23:30:00+00:00,2024-02-14 05:00:00+00:00,2645.21,2619.12,2024-02-14 06:10:00+00:00,False,,,BREAK_DURING_K1,2024-02-14 06:15:00+00:00
ALT_0330,LONG,development,2024-02-15 03:30:00+00:00,2024-02-15 09:00:00+00:00,2805.96,2758.57,2024-02-15 12:00:00+00:00,True,2024-02-15 12:05:00+00:00,2024-02-15 12:10:00+00:00,H2,2024-02-15 13:10:00+00:00
RAW_0530,LONG,development,2024-02-15 05:30:00+00:00,2024-02-15 11:00:00+00:00,2804.0,2758.57,2024-02-15 12:00:00+00:00,True,2024-02-15 12:10:00+00:00,2024-02-15 12:15:00+00:00,H2,2024-02-15 13:10:00+00:00
LONDON,LONG,development,2024-02-15 08:00:00+00:00,2024-02-15 13:30:00+00:00,2816.13,2770.02,2024-02-15 13:55:00+00:00,True,2024-02-15 14:00:00+00:00,2024-02-15 14:05:00+00:00,H2,2024-02-15 14:10:00+00:00
SHORT_2000,SHORT,development,2024-02-19 20:00:00+00:00,2024-02-20 01:30:00+00:00,2988.22,2905.14,2024-02-20 04:00:00+00:00,True,2024-02-20 04:05:00+00:00,2024-02-20 04:10:00+00:00,NO_H2,
RAW_0530,LONG,development,2024-02-20 05:30:00+00:00,2024-02-20 11:00:00+00:00,2937.25,2873.6,2024-02-20 11:05:00+00:00,True,2024-02-20 11:10:00+00:00,2024-02-20 11:15:00+00:00,H2,2024-02-20 11:20:00+00:00
SHORT_2000,SHORT,development,2024-02-20 20:00:00+00:00,2024-02-21 01:30:00+00:00,3036.83,2967.83,2024-02-21 06:05:00+00:00,True,2024-02-21 06:10:00+00:00,2024-02-21 06:15:00+00:00,H2,2024-02-21 06:35:00+00:00
ALT_0330,LONG,development,2024-02-22 03:30:00+00:00,2024-02-22 09:00:00+00:00,3025.32,2921.19,2024-02-22 09:05:00+00:00,True,2024-02-22 09:10:00+00:00,2024-02-22 09:15:00+00:00,H2,2024-02-22 09:45:00+00:00
RAW_0530,LONG,development,2024-02-27 05:30:00+00:00,2024-02-27 11:00:00+00:00,3272.79,3213.01,2024-02-27 12:25:00+00:00,False,,,BREAK_DURING_K1,2024-02-27 12:30:00+00:00
SHORT_2000,SHORT,development,2024-02-27 20:00:00+00:00,2024-02-28 01:30:00+00:00,3273.0,3235.69,2024-02-28 01:55:00+00:00,True,2024-02-28 02:00:00+00:00,2024-02-28 02:05:00+00:00,H2,2024-02-28 02:05:00+00:00
RAW_0530,LONG,development,2024-02-28 05:30:00+00:00,2024-02-28 11:00:00+00:00,3375.61,3253.18,2024-02-28 15:15:00+00:00,True,2024-02-28 15:20:00+00:00,2024-02-28 15:25:00+00:00,H2,2024-02-28 15:25:00+00:00
LONDON,LONG,development,2024-02-28 08:00:00+00:00,2024-02-28 13:30:00+00:00,3375.61,3280.0,2024-02-28 15:15:00+00:00,True,2024-02-28 15:20:00+00:00,2024-02-28 15:25:00+00:00,H2,2024-02-28 15:25:00+00:00
RAW_2330,LONG,development,2024-02-28 23:30:00+00:00,2024-02-29 05:00:00+00:00,3475.68,3366.13,2024-02-29 05:55:00+00:00,False,,,BREAK_DURING_K1,2024-02-29 06:05:00+00:00
ALT_0330,LONG,development,2024-03-04 03:30:00+00:00,2024-03-04 09:00:00+00:00,3549.0,3457.64,2024-03-04 14:45:00+00:00,True,2024-03-04 14:50:00+00:00,2024-03-04 14:55:00+00:00,H2,2024-03-04 14:55:00+00:00
RAW_0530,LONG,development,2024-03-04 05:30:00+00:00,2024-03-04 11:00:00+00:00,3549.0,3457.64,2024-03-04 14:45:00+00:00,True,2024-03-04 14:50:00+00:00,2024-03-04 14:55:00+00:00,H2,2024-03-04 14:55:00+00:00
LONDON,LONG,development,2024-03-05 08:00:00+00:00,2024-03-05 13:30:00+00:00,3784.0,3656.0,2024-03-05 13:45:00+00:00,True,2024-03-05 13:50:00+00:00,2024-03-05 13:55:00+00:00,H2,2024-03-05 13:55:00+00:00
ALT_0330,LONG,development,2024-03-07 03:30:00+00:00,2024-03-07 09:00:00+00:00,3818.7,3736.44,2024-03-07 11:05:00+00:00,True,2024-03-07 11:10:00+00:00,2024-03-07 11:15:00+00:00,H2,2024-03-07 14:00:00+00:00
RAW_0530,LONG,development,2024-03-07 05:30:00+00:00,2024-03-07 11:00:00+00:00,3818.7,3736.44,2024-03-07 11:05:00+00:00,True,2024-03-07 11:10:00+00:00,2024-03-07 11:15:00+00:00,H2,2024-03-07 14:00:00+00:00
RAW_2330,LONG,development,2024-03-07 23:30:00+00:00,2024-03-08 05:00:00+00:00,3947.36,3858.22,2024-03-08 07:35:00+00:00,True,2024-03-08 07:45:00+00:00,2024-03-08 07:50:00+00:00,H2,2024-03-08 08:30:00+00:00
ALT_0330,LONG,development,2024-03-08 03:30:00+00:00,2024-03-08 09:00:00+00:00,3958.4,3883.11,2024-03-08 10:50:00+00:00,True,2024-03-08 10:55:00+00:00,2024-03-08 11:00:00+00:00,H2,2024-03-08 13:05:00+00:00
RAW_0530,LONG,development,2024-03-11 05:30:00+00:00,2024-03-11 11:00:00+00:00,4059.4,3836.12,2024-03-11 11:45:00+00:00,True,2024-03-11 11:50:00+00:00,2024-03-11 11:55:00+00:00,H2,2024-03-11 12:35:00+00:00
SHORT_2000,SHORT,development,2024-03-11 20:00:00+00:00,2024-03-12 01:30:00+00:00,4098.64,4032.18,2024-03-12 03:50:00+00:00,False,,,BREAK_DURING_K1,2024-03-12 04:00:00+00:00
RAW_2330,LONG,development,2024-03-12 23:30:00+00:00,2024-03-13 05:00:00+00:00,4050.0,3969.29,2024-03-13 06:15:00+00:00,True,2024-03-13 06:20:00+00:00,2024-03-13 06:25:00+00:00,H2,2024-03-13 06:30:00+00:00
SHORT_2000,SHORT,development,2024-03-13 20:00:00+00:00,2024-03-14 01:30:00+00:00,4025.84,3955.62,2024-03-14 04:50:00+00:00,True,2024-03-14 05:00:00+00:00,2024-03-14 05:05:00+00:00,H2,2024-03-14 05:10:00+00:00
SHORT_2000,SHORT,development,2024-03-14 20:00:00+00:00,2024-03-15 01:30:00+00:00,3938.16,3784.4,2024-03-15 02:35:00+00:00,False,,,BREAK_DURING_K1,2024-03-15 02:40:00+00:00
LONDON,LONG,development,2024-03-19 08:00:00+00:00,2024-03-19 13:30:00+00:00,3361.66,3205.03,2024-03-19 19:25:00+00:00,True,2024-03-19 19:30:00+00:00,2024-03-19 19:35:00+00:00,NO_H2,
ALT_0330,LONG,development,2024-03-20 03:30:00+00:00,2024-03-20 09:00:00+00:00,3265.99,3055.0,2024-03-20 11:20:00+00:00,False,,,BREAK_DURING_K1,2024-03-20 11:25:00+00:00
LONDON,LONG,development,2024-03-20 08:00:00+00:00,2024-03-20 13:30:00+00:00,3359.38,3207.02,2024-03-20 13:35:00+00:00,False,,,BREAK_DURING_K1,2024-03-20 13:40:00+00:00
RAW_2330,LONG,development,2024-03-21 23:30:00+00:00,2024-03-22 05:00:00+00:00,3532.77,3455.17,2024-03-22 05:50:00+00:00,False,,,BREAK_DURING_K1,2024-03-22 05:55:00+00:00
SHORT_2000,SHORT,development,2024-03-26 20:00:00+00:00,2024-03-27 01:30:00+00:00,3631.0,3561.21,2024-03-27 07:50:00+00:00,True,2024-03-27 07:55:00+00:00,2024-03-27 08:00:00+00:00,NO_H2,
LONDON,LONG,development,2024-03-27 08:00:00+00:00,2024-03-27 13:30:00+00:00,3666.0,3535.0,2024-03-27 13:30:00+00:00,True,2024-03-27 13:35:00+00:00,2024-03-27 13:40:00+00:00,OPPOSITE,2024-03-27 14:10:00+00:00
ALT_0330,LONG,development,2024-03-28 03:30:00+00:00,2024-03-28 09:00:00+00:00,3595.63,3478.0,2024-03-28 09:05:00+00:00,True,2024-03-28 09:10:00+00:00,2024-03-28 09:15:00+00:00,H2,2024-03-28 10:55:00+00:00
RAW_0530,LONG,development,2024-03-28 05:30:00+00:00,2024-03-28 11:00:00+00:00,3597.61,3520.68,2024-03-28 13:30:00+00:00,True,2024-03-28 13:55:00+00:00,2024-03-28 14:00:00+00:00,H2,2024-03-28 14:05:00+00:00
LONDON,LONG,development,2024-03-28 08:00:00+00:00,2024-03-28 13:30:00+00:00,3597.61,3554.95,2024-03-28 13:30:00+00:00,True,2024-03-28 13:55:00+00:00,2024-03-28 14:00:00+00:00,H2,2024-03-28 14:05:00+00:00
SHORT_2000,SHORT,development,2024-03-31 20:00:00+00:00,2024-04-01 01:30:00+00:00,3654.91,3612.83,2024-04-01 01:35:00+00:00,True,2024-04-01 02:10:00+00:00,2024-04-01 02:15:00+00:00,H2,2024-04-01 02:15:00+00:00
SHORT_2000,SHORT,development,2024-04-01 20:00:00+00:00,2024-04-02 01:30:00+00:00,3518.75,3472.7,2024-04-02 02:20:00+00:00,False,,,BREAK_DURING_K1,2024-04-02 02:25:00+00:00
ALT_0330,LONG,development,2024-04-03 03:30:00+00:00,2024-04-03 09:00:00+00:00,3359.36,3280.88,2024-04-03 14:05:00+00:00,False,,,BREAK_DURING_K1,2024-04-03 14:10:00+00:00
RAW_0530,LONG,development,2024-04-03 05:30:00+00:00,2024-04-03 11:00:00+00:00,3359.36,3280.88,2024-04-03 14:05:00+00:00,False,,,BREAK_DURING_K1,2024-04-03 14:10:00+00:00
LONDON,LONG,development,2024-04-03 08:00:00+00:00,2024-04-03 13:30:00+00:00,3359.36,3291.04,2024-04-03 14:05:00+00:00,False,,,BREAK_DURING_K1,2024-04-03 14:10:00+00:00
RAW_2330,LONG,development,2024-04-03 23:30:00+00:00,2024-04-04 05:00:00+00:00,3335.64,3252.59,2024-04-04 07:15:00+00:00,True,2024-04-04 07:20:00+00:00,2024-04-04 07:25:00+00:00,H2,2024-04-04 08:10:00+00:00
RAW_0530,LONG,development,2024-04-04 05:30:00+00:00,2024-04-04 11:00:00+00:00,3358.0,3284.3,2024-04-04 13:05:00+00:00,False,,,BREAK_DURING_K1,2024-04-04 13:10:00+00:00
LONDON,LONG,development,2024-04-04 08:00:00+00:00,2024-04-04 13:30:00+00:00,3383.0,3320.91,2024-04-04 14:05:00+00:00,True,2024-04-04 14:15:00+00:00,2024-04-04 14:20:00+00:00,H2,2024-04-04 14:40:00+00:00
SHORT_2000,SHORT,development,2024-04-04 20:00:00+00:00,2024-04-05 01:30:00+00:00,3372.0,3277.55,2024-04-05 02:15:00+00:00,True,2024-04-05 02:20:00+00:00,2024-04-05 02:25:00+00:00,H2,2024-04-05 02:35:00+00:00
ALT_0330,LONG,development,2024-04-08 03:30:00+00:00,2024-04-08 09:00:00+00:00,3619.94,3414.5,2024-04-08 09:20:00+00:00,False,,,BREAK_DURING_K1,2024-04-08 09:25:00+00:00
LONDON,LONG,development,2024-04-08 08:00:00+00:00,2024-04-08 13:30:00+00:00,3675.42,3472.09,2024-04-08 17:55:00+00:00,False,,,BREAK_DURING_K1,2024-04-08 18:00:00+00:00
RAW_2330,LONG,development,2024-04-09 23:30:00+00:00,2024-04-10 05:00:00+00:00,3541.0,3467.56,2024-04-10 05:35:00+00:00,True,2024-04-10 05:40:00+00:00,2024-04-10 05:45:00+00:00,H2,2024-04-10 05:45:00+00:00
LONDON,LONG,development,2024-04-10 08:00:00+00:00,2024-04-10 13:30:00+00:00,3543.94,3413.2,2024-04-10 17:20:00+00:00,True,2024-04-10 17:30:00+00:00,2024-04-10 17:35:00+00:00,NO_H2,
RAW_2330,LONG,development,2024-04-10 23:30:00+00:00,2024-04-11 05:00:00+00:00,3584.99,3525.97,2024-04-11 06:45:00+00:00,True,2024-04-11 06:50:00+00:00,2024-04-11 06:55:00+00:00,H2,2024-04-11 07:00:00+00:00
RAW_2330,LONG,development,2024-04-14 23:30:00+00:00,2024-04-15 05:00:00+00:00,3162.5,3097.95,2024-04-15 06:00:00+00:00,False,,,BREAK_DURING_K1,2024-04-15 06:05:00+00:00
ALT_0330,LONG,development,2024-04-15 03:30:00+00:00,2024-04-15 09:00:00+00:00,3264.81,3120.88,2024-04-15 10:55:00+00:00,False,,,BREAK_DURING_K1,2024-04-15 11:00:00+00:00
RAW_2330,LONG,development,2024-04-15 23:30:00+00:00,2024-04-16 05:00:00+00:00,3119.52,2976.43,2024-04-16 07:30:00+00:00,True,2024-04-16 07:40:00+00:00,2024-04-16 07:45:00+00:00,NO_H2,
SHORT_2000,SHORT,development,2024-04-15 20:00:00+00:00,2024-04-16 01:30:00+00:00,3127.19,3055.0,2024-04-16 02:25:00+00:00,True,2024-04-16 02:30:00+00:00,2024-04-16 02:35:00+00:00,H2,2024-04-16 03:45:00+00:00
RAW_0530,LONG,development,2024-04-18 05:30:00+00:00,2024-04-18 11:00:00+00:00,3020.67,2952.0,2024-04-18 11:00:00+00:00,False,,,BREAK_DURING_K1,2024-04-18 11:10:00+00:00
SHORT_2000,SHORT,development,2024-04-21 20:00:00+00:00,2024-04-22 01:30:00+00:00,3190.51,3127.75,2024-04-22 02:05:00+00:00,True,2024-04-22 02:10:00+00:00,2024-04-22 02:15:00+00:00,OPPOSITE,2024-04-22 03:45:00+00:00
SHORT_2000,SHORT,development,2024-04-22 20:00:00+00:00,2024-04-23 01:30:00+00:00,3223.0,3182.06,2024-04-23 03:30:00+00:00,True,2024-04-23 03:40:00+00:00,2024-04-23 03:45:00+00:00,H2,2024-04-23 03:45:00+00:00
ALT_0330,LONG,development,2024-04-23 03:30:00+00:00,2024-04-23 09:00:00+00:00,3195.18,3150.31,2024-04-23 13:40:00+00:00,False,,,BREAK_DURING_K1,2024-04-23 13:50:00+00:00
RAW_0530,LONG,development,2024-04-25 05:30:00+00:00,2024-04-25 11:00:00+00:00,3166.48,3070.16,2024-04-25 15:55:00+00:00,True,2024-04-25 16:00:00+00:00,2024-04-25 16:05:00+00:00,H2,2024-04-25 17:05:00+00:00
LONDON,LONG,development,2024-05-01 08:00:00+00:00,2024-05-01 13:30:00+00:00,2932.7,2814.44,2024-05-01 17:55:00+00:00,False,,,BREAK_DURING_K1,2024-05-01 18:00:00+00:00
SHORT_2000,SHORT,development,2024-05-01 20:00:00+00:00,2024-05-02 01:30:00+00:00,2983.98,2912.34,2024-05-02 01:30:00+00:00,False,,,BREAK_DURING_K1,2024-05-02 01:35:00+00:00
LONDON,LONG,development,2024-05-03 08:00:00+00:00,2024-05-03 13:30:00+00:00,3057.8,2956.86,2024-05-03 13:30:00+00:00,True,2024-05-03 13:40:00+00:00,2024-05-03 13:45:00+00:00,H2,2024-05-03 13:45:00+00:00
RAW_2330,LONG,development,2024-05-05 23:30:00+00:00,2024-05-06 05:00:00+00:00,3165.0,3123.0,2024-05-06 05:35:00+00:00,False,,,BREAK_DURING_K1,2024-05-06 05:40:00+00:00
SHORT_2000,SHORT,development,2024-05-07 20:00:00+00:00,2024-05-08 01:30:00+00:00,3060.98,2993.0,2024-05-08 06:30:00+00:00,True,2024-05-08 06:35:00+00:00,2024-05-08 06:40:00+00:00,H2,2024-05-08 07:50:00+00:00
RAW_0530,LONG,development,2024-05-08 05:30:00+00:00,2024-05-08 11:00:00+00:00,3029.69,2976.14,2024-05-08 13:55:00+00:00,True,2024-05-08 14:00:00+00:00,2024-05-08 14:05:00+00:00,H2,2024-05-08 14:45:00+00:00
ALT_0330,LONG,development,2024-05-13 03:30:00+00:00,2024-05-13 09:00:00+00:00,2987.8,2867.7,2024-05-13 09:25:00+00:00,True,2024-05-13 09:30:00+00:00,2024-05-13 09:35:00+00:00,H2,2024-05-13 09:55:00+00:00
RAW_2330,LONG,development,2024-05-14 23:30:00+00:00,2024-05-15 05:00:00+00:00,2903.87,2861.71,2024-05-15 05:00:00+00:00,True,2024-05-15 05:05:00+00:00,2024-05-15 05:10:00+00:00,H2,2024-05-15 05:10:00+00:00
LONDON,LONG,development,2024-05-15 08:00:00+00:00,2024-05-15 13:30:00+00:00,2971.15,2885.25,2024-05-15 13:30:00+00:00,False,,,BREAK_DURING_K1,2024-05-15 13:35:00+00:00
SHORT_2000,SHORT,development,2024-05-15 20:00:00+00:00,2024-05-16 01:30:00+00:00,3039.95,3008.32,2024-05-16 01:45:00+00:00,True,2024-05-16 01:50:00+00:00,2024-05-16 01:55:00+00:00,H2,2024-05-16 02:35:00+00:00
LONDON,LONG,development,2024-05-17 08:00:00+00:00,2024-05-17 13:30:00+00:00,3087.62,3016.15,2024-05-17 14:25:00+00:00,True,2024-05-17 14:35:00+00:00,2024-05-17 14:40:00+00:00,H2,2024-05-17 14:40:00+00:00
SHORT_2000,SHORT,development,2024-05-19 20:00:00+00:00,2024-05-20 01:30:00+00:00,3083.98,3051.3,2024-05-20 01:30:00+00:00,True,2024-05-20 01:40:00+00:00,2024-05-20 01:45:00+00:00,OPPOSITE,2024-05-20 02:15:00+00:00
RAW_0530,LONG,development,2024-05-20 05:30:00+00:00,2024-05-20 11:00:00+00:00,3131.61,3061.44,2024-05-20 16:05:00+00:00,True,2024-05-20 16:10:00+00:00,2024-05-20 16:15:00+00:00,H2,2024-05-20 16:35:00+00:00
LONDON,LONG,development,2024-05-21 08:00:00+00:00,2024-05-21 13:30:00+00:00,3830.53,3651.59,2024-05-21 13:45:00+00:00,True,2024-05-21 13:50:00+00:00,2024-05-21 13:55:00+00:00,H2,2024-05-21 14:35:00+00:00
LONDON,LONG,development,2024-05-22 08:00:00+00:00,2024-05-22 13:30:00+00:00,3782.34,3655.0,2024-05-22 16:10:00+00:00,True,2024-05-22 16:15:00+00:00,2024-05-22 16:20:00+00:00,H2,2024-05-22 17:15:00+00:00
RAW_2330,LONG,development,2024-05-22 23:30:00+00:00,2024-05-23 05:00:00+00:00,3798.99,3738.2,2024-05-23 06:50:00+00:00,True,2024-05-23 06:55:00+00:00,2024-05-23 07:00:00+00:00,H2,2024-05-23 07:30:00+00:00
ALT_0330,LONG,development,2024-05-23 03:30:00+00:00,2024-05-23 09:00:00+00:00,3838.0,3761.16,2024-05-23 09:15:00+00:00,True,2024-05-23 09:35:00+00:00,2024-05-23 09:40:00+00:00,H2,2024-05-23 10:30:00+00:00
RAW_0530,LONG,development,2024-05-23 05:30:00+00:00,2024-05-23 11:00:00+00:00,3852.17,3761.16,2024-05-23 11:05:00+00:00,True,2024-05-23 11:10:00+00:00,2024-05-23 11:15:00+00:00,H2,2024-05-23 11:15:00+00:00
LONDON,LONG,development,2024-05-24 08:00:00+00:00,2024-05-24 13:30:00+00:00,3728.58,3627.0,2024-05-24 14:30:00+00:00,True,2024-05-24 14:45:00+00:00,2024-05-24 14:50:00+00:00,H2,2024-05-24 15:00:00+00:00
ALT_0330,LONG,development,2024-05-28 03:30:00+00:00,2024-05-28 09:00:00+00:00,3882.5,3823.0,2024-05-28 09:10:00+00:00,True,2024-05-28 09:15:00+00:00,2024-05-28 09:20:00+00:00,H2,2024-05-28 09:30:00+00:00
RAW_0530,LONG,development,2024-05-31 05:30:00+00:00,2024-05-31 11:00:00+00:00,3788.0,3726.93,2024-05-31 11:00:00+00:00,False,,,BREAK_DURING_K1,2024-05-31 11:10:00+00:00
ALT_0330,LONG,development,2024-06-03 03:30:00+00:00,2024-06-03 09:00:00+00:00,3847.42,3797.33,2024-06-03 13:30:00+00:00,True,2024-06-03 13:40:00+00:00,2024-06-03 13:45:00+00:00,H2,2024-06-03 13:45:00+00:00
RAW_0530,LONG,development,2024-06-04 05:30:00+00:00,2024-06-04 11:00:00+00:00,3785.5,3743.15,2024-06-04 13:40:00+00:00,False,,,BREAK_DURING_K1,2024-06-04 13:50:00+00:00
LONDON,LONG,development,2024-06-04 08:00:00+00:00,2024-06-04 13:30:00+00:00,3785.5,3743.15,2024-06-04 13:40:00+00:00,False,,,BREAK_DURING_K1,2024-06-04 13:50:00+00:00
ALT_0330,LONG,development,2024-06-05 03:30:00+00:00,2024-06-05 09:00:00+00:00,3823.4,3778.91,2024-06-05 12:45:00+00:00,True,2024-06-05 13:00:00+00:00,2024-06-05 13:05:00+00:00,H2,2024-06-05 13:05:00+00:00
RAW_0530,LONG,development,2024-06-05 05:30:00+00:00,2024-06-05 11:00:00+00:00,3823.4,3778.91,2024-06-05 12:45:00+00:00,True,2024-06-05 13:00:00+00:00,2024-06-05 13:05:00+00:00,H2,2024-06-05 13:05:00+00:00
RAW_2330,LONG,development,2024-06-06 23:30:00+00:00,2024-06-07 05:00:00+00:00,3822.53,3793.1,2024-06-07 05:25:00+00:00,True,2024-06-07 05:30:00+00:00,2024-06-07 05:35:00+00:00,H2,2024-06-07 05:35:00+00:00
RAW_0530,LONG,development,2024-06-07 05:30:00+00:00,2024-06-07 11:00:00+00:00,3828.32,3803.51,2024-06-07 11:40:00+00:00,False,,,BREAK_DURING_K1,2024-06-07 11:45:00+00:00
ALT_0330,LONG,development,2024-06-10 03:30:00+00:00,2024-06-10 09:00:00+00:00,3694.38,3642.6,2024-06-10 15:15:00+00:00,True,2024-06-10 15:25:00+00:00,2024-06-10 15:30:00+00:00,NO_H2,
RAW_0530,LONG,development,2024-06-10 05:30:00+00:00,2024-06-10 11:00:00+00:00,3689.82,3642.6,2024-06-10 15:10:00+00:00,False,,,BREAK_DURING_K1,2024-06-10 15:15:00+00:00
SHORT_2000,SHORT,development,2024-06-11 20:00:00+00:00,2024-06-12 01:30:00+00:00,3510.0,3473.52,2024-06-12 01:30:00+00:00,True,2024-06-12 01:35:00+00:00,2024-06-12 01:40:00+00:00,H2,2024-06-12 01:40:00+00:00
RAW_0530,LONG,development,2024-06-13 05:30:00+00:00,2024-06-13 11:00:00+00:00,3515.61,3472.21,2024-06-13 12:30:00+00:00,True,2024-06-13 12:40:00+00:00,2024-06-13 12:45:00+00:00,H2,2024-06-13 13:30:00+00:00
SHORT_2000,SHORT,development,2024-06-16 20:00:00+00:00,2024-06-17 01:30:00+00:00,3653.73,3587.38,2024-06-17 02:25:00+00:00,True,2024-06-17 02:40:00+00:00,2024-06-17 02:45:00+00:00,H2,2024-06-17 03:15:00+00:00
ALT_0330,LONG,development,2024-06-21 03:30:00+00:00,2024-06-21 09:00:00+00:00,3520.55,3443.8,2024-06-21 09:35:00+00:00,True,2024-06-21 09:45:00+00:00,2024-06-21 09:50:00+00:00,H2,2024-06-21 09:50:00+00:00
LONDON,LONG,development,2024-06-21 08:00:00+00:00,2024-06-21 13:30:00+00:00,3531.5,3443.8,2024-06-21 19:50:00+00:00,False,,,BREAK_DURING_K1,2024-06-21 19:55:00+00:00
SHORT_2000,SHORT,development,2024-06-23 20:00:00+00:00,2024-06-24 01:30:00+00:00,3479.11,3397.87,2024-06-24 02:55:00+00:00,True,2024-06-24 03:00:00+00:00,2024-06-24 03:05:00+00:00,H2,2024-06-24 04:05:00+00:00
RAW_2330,LONG,development,2024-06-24 23:30:00+00:00,2024-06-25 05:00:00+00:00,3393.38,3335.58,2024-06-25 05:00:00+00:00,True,2024-06-25 05:10:00+00:00,2024-06-25 05:15:00+00:00,H2,2024-06-25 09:50:00+00:00
ALT_0330,LONG,development,2024-06-25 03:30:00+00:00,2024-06-25 09:00:00+00:00,3393.98,3345.0,2024-06-25 09:50:00+00:00,True,2024-06-25 09:55:00+00:00,2024-06-25 10:00:00+00:00,H2,2024-06-25 14:25:00+00:00
RAW_0530,LONG,development,2024-06-27 05:30:00+00:00,2024-06-27 11:00:00+00:00,3412.0,3364.53,2024-06-27 12:00:00+00:00,False,,,BREAK_DURING_K1,2024-06-27 12:05:00+00:00
ALT_0330,LONG,development,2024-06-28 03:30:00+00:00,2024-06-28 09:00:00+00:00,3466.3,3417.39,2024-06-28 12:25:00+00:00,True,2024-06-28 12:35:00+00:00,2024-06-28 12:40:00+00:00,H2,2024-06-28 13:40:00+00:00
RAW_0530,LONG,development,2024-07-02 05:30:00+00:00,2024-07-02 11:00:00+00:00,3460.35,3431.68,2024-07-02 13:40:00+00:00,True,2024-07-02 13:45:00+00:00,2024-07-02 13:50:00+00:00,OPPOSITE,2024-07-02 14:10:00+00:00
LONDON,LONG,development,2024-07-02 08:00:00+00:00,2024-07-02 13:30:00+00:00,3459.6,3431.68,2024-07-02 13:40:00+00:00,True,2024-07-02 13:45:00+00:00,2024-07-02 13:50:00+00:00,OPPOSITE,2024-07-02 14:10:00+00:00
SHORT_2000,SHORT,development,2024-07-03 20:00:00+00:00,2024-07-04 01:30:00+00:00,3312.59,3250.1,2024-07-04 01:35:00+00:00,False,,,BREAK_DURING_K1,2024-07-04 01:45:00+00:00
RAW_0530,LONG,development,2024-07-05 05:30:00+00:00,2024-07-05 11:00:00+00:00,2929.0,2821.84,2024-07-05 11:05:00+00:00,False,,,BREAK_DURING_K1,2024-07-05 11:10:00+00:00
LONDON,LONG,development,2024-07-05 08:00:00+00:00,2024-07-05 13:30:00+00:00,2998.76,2821.84,2024-07-05 15:05:00+00:00,True,2024-07-05 15:10:00+00:00,2024-07-05 15:15:00+00:00,H2,2024-07-05 15:30:00+00:00
RAW_2330,LONG,development,2024-07-07 23:30:00+00:00,2024-07-08 05:00:00+00:00,2951.07,2821.26,2024-07-08 08:05:00+00:00,False,,,BREAK_DURING_K1,2024-07-08 08:10:00+00:00
RAW_2330,LONG,development,2024-07-08 23:30:00+00:00,2024-07-09 05:00:00+00:00,3084.75,3002.56,2024-07-09 06:30:00+00:00,True,2024-07-09 06:40:00+00:00,2024-07-09 06:45:00+00:00,H2,2024-07-09 08:20:00+00:00
RAW_2330,LONG,development,2024-07-10 23:30:00+00:00,2024-07-11 05:00:00+00:00,3129.15,3052.75,2024-07-11 08:25:00+00:00,True,2024-07-11 08:30:00+00:00,2024-07-11 08:35:00+00:00,H2,2024-07-11 09:40:00+00:00
RAW_0530,LONG,development,2024-07-11 05:30:00+00:00,2024-07-11 11:00:00+00:00,3156.0,3085.0,2024-07-11 12:10:00+00:00,True,2024-07-11 12:15:00+00:00,2024-07-11 12:20:00+00:00,H2,2024-07-11 12:25:00+00:00
RAW_2330,LONG,development,2024-07-14 23:30:00+00:00,2024-07-15 05:00:00+00:00,3341.95,3231.03,2024-07-15 05:05:00+00:00,True,2024-07-15 05:10:00+00:00,2024-07-15 05:15:00+00:00,H2,2024-07-15 06:15:00+00:00
ALT_0330,LONG,development,2024-07-15 03:30:00+00:00,2024-07-15 09:00:00+00:00,3371.98,3318.36,2024-07-15 14:55:00+00:00,False,,,BREAK_DURING_K1,2024-07-15 15:00:00+00:00
LONDON,LONG,development,2024-07-15 08:00:00+00:00,2024-07-15 13:30:00+00:00,3371.98,3325.69,2024-07-15 14:55:00+00:00,False,,,BREAK_DURING_K1,2024-07-15 15:00:00+00:00
ALT_0330,LONG,development,2024-07-18 03:30:00+00:00,2024-07-18 09:00:00+00:00,3458.92,3407.56,2024-07-18 09:25:00+00:00,True,2024-07-18 09:30:00+00:00,2024-07-18 09:35:00+00:00,H2,2024-07-18 12:00:00+00:00
RAW_0530,LONG,development,2024-07-18 05:30:00+00:00,2024-07-18 11:00:00+00:00,3459.76,3413.46,2024-07-18 12:00:00+00:00,True,2024-07-18 12:05:00+00:00,2024-07-18 12:10:00+00:00,H2,2024-07-18 12:10:00+00:00
ALT_0330,LONG,development,2024-07-23 03:30:00+00:00,2024-07-23 09:00:00+00:00,3532.93,3423.36,2024-07-23 09:25:00+00:00,False,,,BREAK_DURING_K1,2024-07-23 09:30:00+00:00
SHORT_2000,SHORT,development,2024-07-24 20:00:00+00:00,2024-07-25 01:30:00+00:00,3375.39,3183.84,2024-07-25 01:40:00+00:00,True,2024-07-25 01:45:00+00:00,2024-07-25 01:50:00+00:00,H2,2024-07-25 02:25:00+00:00
RAW_2330,LONG,development,2024-07-25 23:30:00+00:00,2024-07-26 05:00:00+00:00,3258.35,3169.0,2024-07-26 05:30:00+00:00,False,,,BREAK_DURING_K1,2024-07-26 05:50:00+00:00
LONDON,LONG,development,2024-07-26 08:00:00+00:00,2024-07-26 13:30:00+00:00,3262.72,3227.7,2024-07-26 14:10:00+00:00,True,2024-07-26 14:20:00+00:00,2024-07-26 14:25:00+00:00,OPPOSITE,2024-07-26 14:30:00+00:00
ALT_0330,LONG,development,2024-07-29 03:30:00+00:00,2024-07-29 09:00:00+00:00,3388.0,3338.35,2024-07-29 09:30:00+00:00,True,2024-07-29 09:35:00+00:00,2024-07-29 09:40:00+00:00,H2,2024-07-29 09:55:00+00:00
RAW_2330,LONG,development,2024-07-29 23:30:00+00:00,2024-07-30 05:00:00+00:00,3336.95,3280.17,2024-07-30 07:10:00+00:00,False,,,BREAK_DURING_K1,2024-07-30 07:15:00+00:00
RAW_2330,LONG,development,2024-07-30 23:30:00+00:00,2024-07-31 05:00:00+00:00,3303.64,3260.22,2024-07-31 05:50:00+00:00,True,2024-07-31 05:55:00+00:00,2024-07-31 06:00:00+00:00,H2,2024-07-31 06:00:00+00:00
ALT_0330,LONG,development,2024-07-31 03:30:00+00:00,2024-07-31 09:00:00+00:00,3331.42,3261.21,2024-07-31 13:20:00+00:00,False,,,BREAK_DURING_K1,2024-07-31 13:30:00+00:00
RAW_0530,LONG,development,2024-07-31 05:30:00+00:00,2024-07-31 11:00:00+00:00,3331.42,3273.87,2024-07-31 13:20:00+00:00,False,,,BREAK_DURING_K1,2024-07-31 13:30:00+00:00
ALT_0330,LONG,development,2024-08-01 03:30:00+00:00,2024-08-01 09:00:00+00:00,3191.35,3134.03,2024-08-01 09:10:00+00:00,True,2024-08-01 09:15:00+00:00,2024-08-01 09:20:00+00:00,H2,2024-08-01 09:20:00+00:00
RAW_2330,LONG,development,2024-08-06 23:30:00+00:00,2024-08-07 05:00:00+00:00,2533.56,2423.5,2024-08-07 09:20:00+00:00,True,2024-08-07 09:30:00+00:00,2024-08-07 09:35:00+00:00,H2,2024-08-07 09:40:00+00:00
ALT_0330,LONG,development,2024-08-07 03:30:00+00:00,2024-08-07 09:00:00+00:00,2533.56,2483.53,2024-08-07 09:20:00+00:00,True,2024-08-07 09:30:00+00:00,2024-08-07 09:35:00+00:00,H2,2024-08-07 09:40:00+00:00
ALT_0330,LONG,development,2024-08-08 03:30:00+00:00,2024-08-08 09:00:00+00:00,2452.41,2407.08,2024-08-08 11:25:00+00:00,True,2024-08-08 11:30:00+00:00,2024-08-08 11:35:00+00:00,H2,2024-08-08 11:35:00+00:00
RAW_0530,LONG,development,2024-08-08 05:30:00+00:00,2024-08-08 11:00:00+00:00,2451.51,2407.08,2024-08-08 11:25:00+00:00,True,2024-08-08 11:30:00+00:00,2024-08-08 11:35:00+00:00,H2,2024-08-08 11:35:00+00:00
LONDON,LONG,development,2024-08-08 08:00:00+00:00,2024-08-08 13:30:00+00:00,2526.0,2407.08,2024-08-08 16:00:00+00:00,False,,,BREAK_DURING_K1,2024-08-08 16:05:00+00:00
RAW_2330,LONG,development,2024-08-11 23:30:00+00:00,2024-08-12 05:00:00+00:00,2577.25,2506.13,2024-08-12 07:40:00+00:00,True,2024-08-12 07:45:00+00:00,2024-08-12 07:50:00+00:00,H2,2024-08-12 08:00:00+00:00
ALT_0330,LONG,development,2024-08-12 03:30:00+00:00,2024-08-12 09:00:00+00:00,2595.78,2514.68,2024-08-12 09:55:00+00:00,False,,,BREAK_DURING_K1,2024-08-12 10:05:00+00:00
LONDON,LONG,development,2024-08-12 08:00:00+00:00,2024-08-12 13:30:00+00:00,2698.85,2556.62,2024-08-12 13:35:00+00:00,True,2024-08-12 13:40:00+00:00,2024-08-12 13:45:00+00:00,H2,2024-08-12 14:35:00+00:00
SHORT_2000,SHORT,development,2024-08-12 20:00:00+00:00,2024-08-13 01:30:00+00:00,2749.97,2657.0,2024-08-13 03:10:00+00:00,True,2024-08-13 03:20:00+00:00,2024-08-13 03:25:00+00:00,H2,2024-08-13 03:45:00+00:00
SHORT_2000,SHORT,development,2024-08-14 20:00:00+00:00,2024-08-15 01:30:00+00:00,2678.79,2639.69,2024-08-15 01:55:00+00:00,False,,,BREAK_DURING_K1,2024-08-15 02:05:00+00:00
LONDON,LONG,development,2024-08-15 08:00:00+00:00,2024-08-15 13:30:00+00:00,2666.65,2604.29,2024-08-15 13:35:00+00:00,True,2024-08-15 13:40:00+00:00,2024-08-15 13:45:00+00:00,H2,2024-08-15 14:00:00+00:00
RAW_2330,LONG,development,2024-08-15 23:30:00+00:00,2024-08-16 05:00:00+00:00,2609.04,2551.0,2024-08-16 06:15:00+00:00,True,2024-08-16 06:25:00+00:00,2024-08-16 06:30:00+00:00,H2,2024-08-16 06:30:00+00:00
RAW_2330,LONG,development,2024-08-21 23:30:00+00:00,2024-08-22 05:00:00+00:00,2639.28,2582.27,2024-08-22 07:55:00+00:00,True,2024-08-22 08:00:00+00:00,2024-08-22 08:05:00+00:00,H2,2024-08-22 08:40:00+00:00
SHORT_2000,SHORT,development,2024-08-21 20:00:00+00:00,2024-08-22 01:30:00+00:00,2663.55,2618.0,2024-08-22 02:15:00+00:00,False,,,BREAK_DURING_K1,2024-08-22 02:20:00+00:00
ALT_0330,LONG,development,2024-08-22 03:30:00+00:00,2024-08-22 09:00:00+00:00,2641.95,2605.13,2024-08-22 10:55:00+00:00,True,2024-08-22 11:00:00+00:00,2024-08-22 11:05:00+00:00,H2,2024-08-22 11:50:00+00:00
SHORT_2000,SHORT,development,2024-08-25 20:00:00+00:00,2024-08-26 01:30:00+00:00,2791.66,2738.0,2024-08-26 01:50:00+00:00,True,2024-08-26 01:55:00+00:00,2024-08-26 02:00:00+00:00,H2,2024-08-26 02:05:00+00:00
RAW_2330,LONG,development,2024-08-28 23:30:00+00:00,2024-08-29 05:00:00+00:00,2536.87,2509.12,2024-08-29 05:40:00+00:00,False,,,BREAK_DURING_K1,2024-08-29 05:45:00+00:00
LONDON,LONG,development,2024-08-29 08:00:00+00:00,2024-08-29 13:30:00+00:00,2580.8,2536.16,2024-08-29 15:15:00+00:00,True,2024-08-29 15:20:00+00:00,2024-08-29 15:25:00+00:00,H2,2024-08-29 15:25:00+00:00
SHORT_2000,SHORT,development,2024-08-29 20:00:00+00:00,2024-08-30 01:30:00+00:00,2542.79,2504.11,2024-08-30 03:10:00+00:00,True,2024-08-30 03:15:00+00:00,2024-08-30 03:20:00+00:00,H2,2024-08-30 05:15:00+00:00
ALT_0330,LONG,development,2024-08-30 03:30:00+00:00,2024-08-30 09:00:00+00:00,2531.89,2502.84,2024-08-30 12:30:00+00:00,True,2024-08-30 12:35:00+00:00,2024-08-30 12:40:00+00:00,H2,2024-08-30 14:00:00+00:00
RAW_0530,LONG,development,2024-08-30 05:30:00+00:00,2024-08-30 11:00:00+00:00,2531.89,2505.08,2024-08-30 12:30:00+00:00,True,2024-08-30 12:35:00+00:00,2024-08-30 12:40:00+00:00,H2,2024-08-30 14:00:00+00:00
RAW_2330,LONG,development,2024-09-01 23:30:00+00:00,2024-09-02 05:00:00+00:00,2454.66,2421.8,2024-09-02 05:40:00+00:00,False,,,BREAK_DURING_K1,2024-09-02 05:45:00+00:00
SHORT_2000,SHORT,development,2024-09-04 20:00:00+00:00,2024-09-05 01:30:00+00:00,2468.4,2442.0,2024-09-05 03:00:00+00:00,False,,,BREAK_DURING_K1,2024-09-05 03:05:00+00:00
RAW_2330,LONG,development,2024-09-09 23:30:00+00:00,2024-09-10 05:00:00+00:00,2365.84,2325.83,2024-09-10 07:25:00+00:00,True,2024-09-10 07:30:00+00:00,2024-09-10 07:35:00+00:00,H2,2024-09-10 08:05:00+00:00
SHORT_2000,SHORT,development,2024-09-09 20:00:00+00:00,2024-09-10 01:30:00+00:00,2382.51,2335.58,2024-09-10 01:40:00+00:00,False,,,BREAK_DURING_K1,2024-09-10 01:45:00+00:00
RAW_0530,LONG,development,2024-09-13 05:30:00+00:00,2024-09-13 11:00:00+00:00,2370.46,2336.2,2024-09-13 11:00:00+00:00,True,2024-09-13 11:05:00+00:00,2024-09-13 11:10:00+00:00,H2,2024-09-13 11:10:00+00:00
LONDON,LONG,development,2024-09-17 08:00:00+00:00,2024-09-17 13:30:00+00:00,2327.6,2301.15,2024-09-17 13:30:00+00:00,True,2024-09-17 13:35:00+00:00,2024-09-17 13:40:00+00:00,H2,2024-09-17 14:10:00+00:00
LONDON,LONG,development,2024-09-18 08:00:00+00:00,2024-09-18 13:30:00+00:00,2328.66,2275.25,2024-09-18 18:00:00+00:00,True,2024-09-18 18:10:00+00:00,2024-09-18 18:15:00+00:00,H2,2024-09-18 18:15:00+00:00
RAW_2330,LONG,development,2024-09-19 23:30:00+00:00,2024-09-20 05:00:00+00:00,2546.64,2436.11,2024-09-20 05:10:00+00:00,False,,,BREAK_DURING_K1,2024-09-20 05:15:00+00:00
SHORT_2000,SHORT,development,2024-09-23 20:00:00+00:00,2024-09-24 01:30:00+00:00,2681.52,2620.45,2024-09-24 01:30:00+00:00,True,2024-09-24 01:40:00+00:00,2024-09-24 01:45:00+00:00,H2,2024-09-24 02:05:00+00:00
RAW_0530,LONG,development,2024-09-26 05:30:00+00:00,2024-09-26 11:00:00+00:00,2638.77,2604.08,2024-09-26 12:30:00+00:00,True,2024-09-26 12:35:00+00:00,2024-09-26 12:40:00+00:00,H2,2024-09-26 14:15:00+00:00
RAW_2330,LONG,development,2024-09-26 23:30:00+00:00,2024-09-27 05:00:00+00:00,2648.87,2614.22,2024-09-27 05:10:00+00:00,True,2024-09-27 05:15:00+00:00,2024-09-27 05:20:00+00:00,H2,2024-09-27 05:50:00+00:00
SHORT_2000,SHORT,development,2024-09-26 20:00:00+00:00,2024-09-27 01:30:00+00:00,2654.36,2616.0,2024-09-27 02:25:00+00:00,True,2024-09-27 02:30:00+00:00,2024-09-27 02:35:00+00:00,H2,2024-09-27 02:55:00+00:00
RAW_2330,LONG,development,2024-09-30 23:30:00+00:00,2024-10-01 05:00:00+00:00,2646.57,2575.54,2024-10-01 06:25:00+00:00,True,2024-10-01 06:40:00+00:00,2024-10-01 06:45:00+00:00,H2,2024-10-01 06:45:00+00:00
ALT_0330,LONG,development,2024-10-04 03:30:00+00:00,2024-10-04 09:00:00+00:00,2392.44,2360.0,2024-10-04 12:30:00+00:00,True,2024-10-04 12:35:00+00:00,2024-10-04 12:40:00+00:00,H2,2024-10-04 12:55:00+00:00
RAW_0530,LONG,development,2024-10-04 05:30:00+00:00,2024-10-04 11:00:00+00:00,2392.44,2369.32,2024-10-04 12:30:00+00:00,True,2024-10-04 12:35:00+00:00,2024-10-04 12:40:00+00:00,H2,2024-10-04 12:55:00+00:00
LONDON,LONG,development,2024-10-07 08:00:00+00:00,2024-10-07 13:30:00+00:00,2489.18,2436.48,2024-10-07 14:10:00+00:00,False,,,BREAK_DURING_K1,2024-10-07 14:15:00+00:00
ALT_0330,LONG,development,2024-10-08 03:30:00+00:00,2024-10-08 09:00:00+00:00,2445.0,2409.11,2024-10-08 13:50:00+00:00,False,,,BREAK_DURING_K1,2024-10-08 13:55:00+00:00
RAW_0530,LONG,development,2024-10-08 05:30:00+00:00,2024-10-08 11:00:00+00:00,2438.42,2409.11,2024-10-08 11:40:00+00:00,False,,,BREAK_DURING_K1,2024-10-08 11:50:00+00:00
LONDON,LONG,development,2024-10-08 08:00:00+00:00,2024-10-08 13:30:00+00:00,2441.97,2416.36,2024-10-08 13:35:00+00:00,True,2024-10-08 13:45:00+00:00,2024-10-08 13:50:00+00:00,H2,2024-10-08 13:50:00+00:00
RAW_2330,LONG,development,2024-10-10 23:30:00+00:00,2024-10-11 05:00:00+00:00,2416.33,2380.04,2024-10-11 06:35:00+00:00,True,2024-10-11 06:40:00+00:00,2024-10-11 06:45:00+00:00,H2,2024-10-11 09:50:00+00:00
RAW_0530,LONG,development,2024-10-11 05:30:00+00:00,2024-10-11 11:00:00+00:00,2425.24,2401.45,2024-10-11 12:30:00+00:00,True,2024-10-11 12:40:00+00:00,2024-10-11 12:45:00+00:00,H2,2024-10-11 13:30:00+00:00
ALT_0330,LONG,development,2024-10-14 03:30:00+00:00,2024-10-14 09:00:00+00:00,2547.99,2476.08,2024-10-14 12:10:00+00:00,False,,,BREAK_DURING_K1,2024-10-14 12:15:00+00:00
RAW_0530,LONG,development,2024-10-14 05:30:00+00:00,2024-10-14 11:00:00+00:00,2545.0,2509.28,2024-10-14 11:05:00+00:00,True,2024-10-14 11:10:00+00:00,2024-10-14 11:15:00+00:00,H2,2024-10-14 11:30:00+00:00
SHORT_2000,SHORT,development,2024-10-14 20:00:00+00:00,2024-10-15 01:30:00+00:00,2653.44,2615.2,2024-10-15 03:30:00+00:00,True,2024-10-15 03:45:00+00:00,2024-10-15 03:50:00+00:00,H2,2024-10-15 03:50:00+00:00
LONDON,LONG,development,2024-10-15 08:00:00+00:00,2024-10-15 13:30:00+00:00,2622.23,2580.0,2024-10-15 13:40:00+00:00,False,,,BREAK_DURING_K1,2024-10-15 13:45:00+00:00
RAW_2330,LONG,development,2024-10-15 23:30:00+00:00,2024-10-16 05:00:00+00:00,2629.68,2588.01,2024-10-16 10:15:00+00:00,True,2024-10-16 10:20:00+00:00,2024-10-16 10:25:00+00:00,H2,2024-10-16 11:25:00+00:00
ALT_0330,LONG,development,2024-10-16 03:30:00+00:00,2024-10-16 09:00:00+00:00,2623.78,2597.6,2024-10-16 10:10:00+00:00,False,,,BREAK_DURING_K1,2024-10-16 10:20:00+00:00
RAW_0530,LONG,development,2024-10-16 05:30:00+00:00,2024-10-16 11:00:00+00:00,2629.83,2597.6,2024-10-16 11:25:00+00:00,True,2024-10-16 11:35:00+00:00,2024-10-16 11:40:00+00:00,H2,2024-10-16 11:45:00+00:00
RAW_2330,LONG,development,2024-10-23 23:30:00+00:00,2024-10-24 05:00:00+00:00,2561.04,2507.76,2024-10-24 06:05:00+00:00,True,2024-10-24 06:10:00+00:00,2024-10-24 06:15:00+00:00,NO_H2,
RAW_0530,LONG,development,2024-10-25 05:30:00+00:00,2024-10-25 11:00:00+00:00,2544.99,2460.98,2024-10-25 11:20:00+00:00,True,2024-10-25 11:30:00+00:00,2024-10-25 11:35:00+00:00,H2,2024-10-25 11:45:00+00:00
LONDON,LONG,development,2024-10-25 08:00:00+00:00,2024-10-25 13:30:00+00:00,2553.2,2476.79,2024-10-25 13:55:00+00:00,True,2024-10-25 14:05:00+00:00,2024-10-25 14:10:00+00:00,H2,2024-10-25 14:10:00+00:00
RAW_2330,LONG,development,2024-10-28 23:30:00+00:00,2024-10-29 05:00:00+00:00,2631.78,2560.3,2024-10-29 10:35:00+00:00,False,,,BREAK_DURING_K1,2024-10-29 10:40:00+00:00
RAW_0530,LONG,development,2024-10-29 05:30:00+00:00,2024-10-29 11:00:00+00:00,2638.67,2608.36,2024-10-29 14:00:00+00:00,True,2024-10-29 14:05:00+00:00,2024-10-29 14:10:00+00:00,H2,2024-10-29 15:40:00+00:00
RAW_2330,LONG,development,2024-10-29 23:30:00+00:00,2024-10-30 05:00:00+00:00,2653.0,2599.9,2024-10-30 05:50:00+00:00,False,,,BREAK_DURING_K1,2024-10-30 05:55:00+00:00
SHORT_2000,SHORT,development,2024-10-30 20:00:00+00:00,2024-10-31 01:30:00+00:00,2688.12,2634.03,2024-10-31 06:45:00+00:00,True,2024-10-31 06:50:00+00:00,2024-10-31 06:55:00+00:00,H2,2024-10-31 07:00:00+00:00
SHORT_2000,SHORT,development,2024-10-31 20:00:00+00:00,2024-11-01 01:30:00+00:00,2533.0,2502.5,2024-11-01 01:30:00+00:00,True,2024-11-01 01:35:00+00:00,2024-11-01 01:40:00+00:00,H2,2024-11-01 01:55:00+00:00
ALT_0330,LONG,development,2024-11-01 03:30:00+00:00,2024-11-01 09:00:00+00:00,2517.76,2485.32,2024-11-01 10:15:00+00:00,False,,,BREAK_DURING_K1,2024-11-01 10:25:00+00:00
RAW_0530,LONG,development,2024-11-01 05:30:00+00:00,2024-11-01 11:00:00+00:00,2525.0,2485.32,2024-11-01 11:20:00+00:00,True,2024-11-01 11:25:00+00:00,2024-11-01 11:30:00+00:00,H2,2024-11-01 12:30:00+00:00
RAW_2330,LONG,development,2024-11-04 23:30:00+00:00,2024-11-05 05:00:00+00:00,2433.5,2379.48,2024-11-05 05:50:00+00:00,True,2024-11-05 05:55:00+00:00,2024-11-05 06:00:00+00:00,H2,2024-11-05 07:40:00+00:00
RAW_0530,LONG,development,2024-11-05 05:30:00+00:00,2024-11-05 11:00:00+00:00,2447.31,2420.96,2024-11-05 12:45:00+00:00,True,2024-11-05 12:55:00+00:00,2024-11-05 13:00:00+00:00,H2,2024-11-05 14:20:00+00:00
RAW_2330,LONG,development,2024-11-05 23:30:00+00:00,2024-11-06 05:00:00+00:00,2637.32,2419.1,2024-11-06 07:30:00+00:00,True,2024-11-06 07:40:00+00:00,2024-11-06 07:45:00+00:00,NO_H2,
RAW_0530,LONG,development,2024-11-08 05:30:00+00:00,2024-11-08 11:00:00+00:00,2933.0,2892.61,2024-11-08 12:35:00+00:00,False,,,BREAK_DURING_K1,2024-11-08 12:45:00+00:00
LONDON,LONG,development,2024-11-08 08:00:00+00:00,2024-11-08 13:30:00+00:00,2943.38,2893.63,2024-11-08 13:45:00+00:00,False,,,BREAK_DURING_K1,2024-11-08 13:50:00+00:00
RAW_2330,LONG,development,2024-11-14 23:30:00+00:00,2024-11-15 05:00:00+00:00,3095.31,3016.11,2024-11-15 09:05:00+00:00,False,,,BREAK_DURING_K1,2024-11-15 09:20:00+00:00
ALT_0330,LONG,development,2024-11-15 03:30:00+00:00,2024-11-15 09:00:00+00:00,3092.39,3016.11,2024-11-15 09:05:00+00:00,False,,,BREAK_DURING_K1,2024-11-15 09:10:00+00:00
RAW_2330,LONG,development,2024-11-17 23:30:00+00:00,2024-11-18 05:00:00+00:00,3127.0,3061.3,2024-11-18 06:00:00+00:00,True,2024-11-18 06:10:00+00:00,2024-11-18 06:15:00+00:00,H2,2024-11-18 06:20:00+00:00
LONDON,LONG,development,2024-11-18 08:00:00+00:00,2024-11-18 13:30:00+00:00,3143.55,3051.5,2024-11-18 15:40:00+00:00,False,,,BREAK_DURING_K1,2024-11-18 15:50:00+00:00
SHORT_2000,SHORT,development,2024-11-18 20:00:00+00:00,2024-11-19 01:30:00+00:00,3228.0,3124.47,2024-11-19 04:55:00+00:00,True,2024-11-19 05:00:00+00:00,2024-11-19 05:05:00+00:00,H2,2024-11-19 05:25:00+00:00
RAW_0530,LONG,development,2024-11-19 05:30:00+00:00,2024-11-19 11:00:00+00:00,3138.2,3093.01,2024-11-19 12:05:00+00:00,False,,,BREAK_DURING_K1,2024-11-19 12:10:00+00:00
RAW_2330,LONG,development,2024-11-19 23:30:00+00:00,2024-11-20 05:00:00+00:00,3134.89,3073.56,2024-11-20 09:20:00+00:00,True,2024-11-20 09:25:00+00:00,2024-11-20 09:30:00+00:00,NO_H2,
ALT_0330,LONG,development,2024-11-20 03:30:00+00:00,2024-11-20 09:00:00+00:00,3131.93,3073.76,2024-11-20 09:10:00+00:00,True,2024-11-20 09:25:00+00:00,2024-11-20 09:30:00+00:00,H2,2024-11-20 14:05:00+00:00
RAW_2330,LONG,development,2024-11-20 23:30:00+00:00,2024-11-21 05:00:00+00:00,3141.99,3033.32,2024-11-21 05:00:00+00:00,False,,,BREAK_DURING_K1,2024-11-21 05:05:00+00:00
LONDON,LONG,development,2024-11-21 08:00:00+00:00,2024-11-21 13:30:00+00:00,3370.0,3120.14,2024-11-21 14:05:00+00:00,True,2024-11-21 14:20:00+00:00,2024-11-21 14:25:00+00:00,H2,2024-11-21 18:55:00+00:00
ALT_0330,LONG,development,2024-11-25 03:30:00+00:00,2024-11-25 09:00:00+00:00,3422.45,3347.8,2024-11-25 09:05:00+00:00,False,,,BREAK_DURING_K1,2024-11-25 09:10:00+00:00
SHORT_2000,SHORT,development,2024-11-27 20:00:00+00:00,2024-11-28 01:30:00+00:00,3688.0,3590.38,2024-11-28 03:20:00+00:00,False,,,BREAK_DURING_K1,2024-11-28 03:25:00+00:00
ALT_0330,LONG,development,2024-11-29 03:30:00+00:00,2024-11-29 09:00:00+00:00,3598.48,3535.52,2024-11-29 11:45:00+00:00,False,,,BREAK_DURING_K1,2024-11-29 11:50:00+00:00
LONDON,LONG,development,2024-11-29 08:00:00+00:00,2024-11-29 13:30:00+00:00,3618.0,3547.58,2024-11-29 14:00:00+00:00,True,2024-11-29 14:05:00+00:00,2024-11-29 14:10:00+00:00,H2,2024-11-29 14:35:00+00:00
RAW_2330,LONG,development,2024-12-03 23:30:00+00:00,2024-12-04 05:00:00+00:00,3711.8,3615.46,2024-12-04 07:25:00+00:00,True,2024-12-04 07:30:00+00:00,2024-12-04 07:35:00+00:00,H2,2024-12-04 07:40:00+00:00
ALT_0330,LONG,development,2024-12-04 03:30:00+00:00,2024-12-04 09:00:00+00:00,3724.77,3663.01,2024-12-04 09:15:00+00:00,True,2024-12-04 09:20:00+00:00,2024-12-04 09:25:00+00:00,H2,2024-12-04 09:40:00+00:00
RAW_0530,LONG,development,2024-12-04 05:30:00+00:00,2024-12-04 11:00:00+00:00,3744.41,3666.2,2024-12-04 11:25:00+00:00,True,2024-12-04 11:40:00+00:00,2024-12-04 11:45:00+00:00,H2,2024-12-04 12:05:00+00:00
RAW_0530,LONG,development,2024-12-05 05:30:00+00:00,2024-12-05 11:00:00+00:00,3939.0,3822.42,2024-12-05 11:20:00+00:00,True,2024-12-05 11:25:00+00:00,2024-12-05 11:30:00+00:00,H2,2024-12-05 11:30:00+00:00
RAW_2330,LONG,development,2024-12-05 23:30:00+00:00,2024-12-06 05:00:00+00:00,3917.8,3776.78,2024-12-06 06:15:00+00:00,False,,,BREAK_DURING_K1,2024-12-06 06:25:00+00:00
SHORT_2000,SHORT,development,2024-12-08 20:00:00+00:00,2024-12-09 01:30:00+00:00,4019.57,3955.12,2024-12-09 01:40:00+00:00,False,,,BREAK_DURING_K1,2024-12-09 01:45:00+00:00
ALT_0330,LONG,development,2024-12-10 03:30:00+00:00,2024-12-10 09:00:00+00:00,3753.58,3637.61,2024-12-10 09:05:00+00:00,False,,,BREAK_DURING_K1,2024-12-10 09:10:00+00:00
RAW_2330,LONG,development,2024-12-10 23:30:00+00:00,2024-12-11 05:00:00+00:00,3681.21,3562.65,2024-12-11 07:05:00+00:00,True,2024-12-11 07:10:00+00:00,2024-12-11 07:15:00+00:00,H2,2024-12-11 08:20:00+00:00
SHORT_2000,SHORT,development,2024-12-10 20:00:00+00:00,2024-12-11 01:30:00+00:00,3673.26,3566.07,2024-12-11 01:55:00+00:00,True,2024-12-11 02:05:00+00:00,2024-12-11 02:10:00+00:00,OPPOSITE,2024-12-11 06:35:00+00:00
ALT_0330,LONG,development,2024-12-11 03:30:00+00:00,2024-12-11 09:00:00+00:00,3707.0,3646.61,2024-12-11 10:50:00+00:00,False,,,BREAK_DURING_K1,2024-12-11 10:55:00+00:00
RAW_0530,LONG,development,2024-12-13 05:30:00+00:00,2024-12-13 11:00:00+00:00,3926.0,3870.0,2024-12-13 12:40:00+00:00,False,,,BREAK_DURING_K1,2024-12-13 12:55:00+00:00
LONDON,LONG,development,2024-12-13 08:00:00+00:00,2024-12-13 13:30:00+00:00,3931.47,3870.85,2024-12-13 13:50:00+00:00,True,2024-12-13 13:55:00+00:00,2024-12-13 14:00:00+00:00,H2,2024-12-13 14:05:00+00:00
LONDON,LONG,development,2024-12-16 08:00:00+00:00,2024-12-16 13:30:00+00:00,3975.29,3882.22,2024-12-16 17:05:00+00:00,False,,,BREAK_DURING_K1,2024-12-16 17:10:00+00:00
ALT_0330,LONG,development,2024-12-18 03:30:00+00:00,2024-12-18 09:00:00+00:00,3862.75,3802.35,2024-12-18 09:10:00+00:00,False,,,BREAK_DURING_K1,2024-12-18 09:20:00+00:00
RAW_2330,LONG,development,2024-12-18 23:30:00+00:00,2024-12-19 05:00:00+00:00,3675.0,3540.0,2024-12-19 05:15:00+00:00,True,2024-12-19 05:20:00+00:00,2024-12-19 05:25:00+00:00,H2,2024-12-19 05:45:00+00:00
ALT_0330,LONG,development,2024-12-19 03:30:00+00:00,2024-12-19 09:00:00+00:00,3695.0,3647.55,2024-12-19 10:20:00+00:00,True,2024-12-19 10:25:00+00:00,2024-12-19 10:30:00+00:00,H2,2024-12-19 10:30:00+00:00
LONDON,LONG,development,2024-12-20 08:00:00+00:00,2024-12-20 13:30:00+00:00,3390.45,3100.0,2024-12-20 15:20:00+00:00,True,2024-12-20 15:25:00+00:00,2024-12-20 15:30:00+00:00,H2,2024-12-20 15:30:00+00:00
RAW_0530,LONG,development,2024-12-23 05:30:00+00:00,2024-12-23 11:00:00+00:00,3352.31,3258.0,2024-12-23 11:00:00+00:00,True,2024-12-23 11:05:00+00:00,2024-12-23 11:10:00+00:00,H2,2024-12-23 12:45:00+00:00
RAW_2330,LONG,development,2024-12-23 23:30:00+00:00,2024-12-24 05:00:00+00:00,3433.05,3356.01,2024-12-24 05:30:00+00:00,True,2024-12-24 05:35:00+00:00,2024-12-24 05:40:00+00:00,NO_H2,
SHORT_2000,SHORT,development,2024-12-25 20:00:00+00:00,2024-12-26 01:30:00+00:00,3514.32,3448.32,2024-12-26 03:45:00+00:00,True,2024-12-26 03:50:00+00:00,2024-12-26 03:55:00+00:00,H2,2024-12-26 04:00:00+00:00
ALT_0330,LONG,development,2024-12-31 03:30:00+00:00,2024-12-31 09:00:00+00:00,3409.31,3326.96,2024-12-31 12:25:00+00:00,False,,,BREAK_DURING_K1,2024-12-31 12:30:00+00:00
RAW_0530,LONG,development,2024-12-31 05:30:00+00:00,2024-12-31 11:00:00+00:00,3409.31,3337.39,2024-12-31 12:25:00+00:00,False,,,BREAK_DURING_K1,2024-12-31 12:30:00+00:00
LONDON,LONG,development,2024-12-31 08:00:00+00:00,2024-12-31 13:30:00+00:00,3433.73,3351.53,2024-12-31 13:45:00+00:00,False,,,BREAK_DURING_K1,2024-12-31 13:50:00+00:00
RAW_0530,LONG,reference_validation,2025-01-01 05:30:00+00:00,2025-01-01 11:00:00+00:00,3350.56,3312.62,2025-01-01 12:20:00+00:00,True,2025-01-01 12:35:00+00:00,2025-01-01 12:40:00+00:00,H2,2025-01-01 12:40:00+00:00
LONDON,LONG,reference_validation,2025-01-01 08:00:00+00:00,2025-01-01 13:30:00+00:00,3352.78,3312.62,2025-01-01 14:00:00+00:00,True,2025-01-01 14:10:00+00:00,2025-01-01 14:15:00+00:00,H2,2025-01-01 15:45:00+00:00
ALT_0330,LONG,reference_validation,2025-01-02 03:30:00+00:00,2025-01-02 09:00:00+00:00,3442.85,3386.72,2025-01-02 09:15:00+00:00,False,,,BREAK_DURING_K1,2025-01-02 09:25:00+00:00
LONDON,LONG,reference_validation,2025-01-02 08:00:00+00:00,2025-01-02 13:30:00+00:00,3484.54,3414.18,2025-01-02 14:30:00+00:00,True,2025-01-02 14:35:00+00:00,2025-01-02 14:40:00+00:00,H2,2025-01-02 14:40:00+00:00
ALT_0330,LONG,reference_validation,2025-01-03 03:30:00+00:00,2025-01-03 09:00:00+00:00,3471.96,3421.56,2025-01-03 12:10:00+00:00,True,2025-01-03 12:15:00+00:00,2025-01-03 12:20:00+00:00,H2,2025-01-03 12:25:00+00:00
LONDON,LONG,reference_validation,2025-01-03 08:00:00+00:00,2025-01-03 13:30:00+00:00,3496.74,3421.56,2025-01-03 14:10:00+00:00,False,,,BREAK_DURING_K1,2025-01-03 14:15:00+00:00
SHORT_2000,SHORT,reference_validation,2025-01-07 20:00:00+00:00,2025-01-08 01:30:00+00:00,3413.55,3353.59,2025-01-08 03:45:00+00:00,False,,,BREAK_DURING_K1,2025-01-08 03:50:00+00:00
ALT_0330,LONG,reference_validation,2025-01-08 03:30:00+00:00,2025-01-08 09:00:00+00:00,3378.7,3306.01,2025-01-08 14:30:00+00:00,True,2025-01-08 14:40:00+00:00,2025-01-08 14:45:00+00:00,H2,2025-01-08 15:00:00+00:00
SHORT_2000,SHORT,reference_validation,2025-01-15 20:00:00+00:00,2025-01-16 01:30:00+00:00,3472.93,3386.44,2025-01-16 02:45:00+00:00,False,,,BREAK_DURING_K1,2025-01-16 02:50:00+00:00
RAW_2330,LONG,reference_validation,2025-01-16 23:30:00+00:00,2025-01-17 05:00:00+00:00,3396.65,3293.6,2025-01-17 08:35:00+00:00,True,2025-01-17 08:40:00+00:00,2025-01-17 08:45:00+00:00,H2,2025-01-17 08:50:00+00:00
ALT_0330,LONG,reference_validation,2025-01-17 03:30:00+00:00,2025-01-17 09:00:00+00:00,3413.23,3346.44,2025-01-17 09:10:00+00:00,True,2025-01-17 09:15:00+00:00,2025-01-17 09:20:00+00:00,H2,2025-01-17 10:10:00+00:00
SHORT_2000,SHORT,reference_validation,2025-01-20 20:00:00+00:00,2025-01-21 01:30:00+00:00,3344.32,3209.35,2025-01-21 01:30:00+00:00,True,2025-01-21 01:35:00+00:00,2025-01-21 01:40:00+00:00,NO_H2,
RAW_0530,LONG,reference_validation,2025-01-21 05:30:00+00:00,2025-01-21 11:00:00+00:00,3308.8,3210.09,2025-01-21 11:10:00+00:00,True,2025-01-21 11:20:00+00:00,2025-01-21 11:25:00+00:00,H2,2025-01-21 11:25:00+00:00
LONDON,LONG,reference_validation,2025-01-21 08:00:00+00:00,2025-01-21 13:30:00+00:00,3326.56,3233.34,2025-01-21 14:20:00+00:00,False,,,BREAK_DURING_K1,2025-01-21 14:25:00+00:00
SHORT_2000,SHORT,reference_validation,2025-01-21 20:00:00+00:00,2025-01-22 01:30:00+00:00,3365.97,3301.0,2025-01-22 07:20:00+00:00,False,,,BREAK_DURING_K1,2025-01-22 07:25:00+00:00
SHORT_2000,SHORT,reference_validation,2025-01-22 20:00:00+00:00,2025-01-23 01:30:00+00:00,3276.25,3220.82,2025-01-23 01:50:00+00:00,True,2025-01-23 01:55:00+00:00,2025-01-23 02:00:00+00:00,H2,2025-01-23 02:05:00+00:00
ALT_0330,LONG,reference_validation,2025-01-23 03:30:00+00:00,2025-01-23 09:00:00+00:00,3242.35,3177.0,2025-01-23 13:55:00+00:00,True,2025-01-23 14:00:00+00:00,2025-01-23 14:05:00+00:00,H2,2025-01-23 14:30:00+00:00
RAW_0530,LONG,reference_validation,2025-01-23 05:30:00+00:00,2025-01-23 11:00:00+00:00,3232.43,3187.2,2025-01-23 13:40:00+00:00,False,,,BREAK_DURING_K1,2025-01-23 13:45:00+00:00
LONDON,LONG,reference_validation,2025-01-23 08:00:00+00:00,2025-01-23 13:30:00+00:00,3232.43,3187.2,2025-01-23 13:40:00+00:00,False,,,BREAK_DURING_K1,2025-01-23 13:45:00+00:00
RAW_2330,LONG,reference_validation,2025-01-29 23:30:00+00:00,2025-01-30 05:00:00+00:00,3214.85,3089.0,2025-01-30 09:20:00+00:00,True,2025-01-30 09:25:00+00:00,2025-01-30 09:30:00+00:00,H2,2025-01-30 09:35:00+00:00
ALT_0330,LONG,reference_validation,2025-01-30 03:30:00+00:00,2025-01-30 09:00:00+00:00,3214.85,3160.75,2025-01-30 09:20:00+00:00,True,2025-01-30 09:25:00+00:00,2025-01-30 09:30:00+00:00,H2,2025-01-30 09:35:00+00:00
LONDON,LONG,reference_validation,2025-01-30 08:00:00+00:00,2025-01-30 13:30:00+00:00,3261.66,3180.0,2025-01-30 13:30:00+00:00,True,2025-01-30 13:35:00+00:00,2025-01-30 13:40:00+00:00,H2,2025-01-30 13:55:00+00:00
LONDON,LONG,reference_validation,2025-01-31 08:00:00+00:00,2025-01-31 13:30:00+00:00,3364.38,3232.05,2025-01-31 14:20:00+00:00,True,2025-01-31 14:25:00+00:00,2025-01-31 14:30:00+00:00,H2,2025-01-31 14:30:00+00:00
SHORT_2000,SHORT,reference_validation,2025-02-02 20:00:00+00:00,2025-02-03 01:30:00+00:00,2987.32,2736.01,2025-02-03 01:40:00+00:00,False,,,BREAK_DURING_K1,2025-02-03 01:45:00+00:00
ALT_0330,LONG,reference_validation,2025-02-03 03:30:00+00:00,2025-02-03 09:00:00+00:00,2629.91,2445.31,2025-02-03 12:20:00+00:00,True,2025-02-03 12:25:00+00:00,2025-02-03 12:30:00+00:00,H2,2025-02-03 14:30:00+00:00
RAW_0530,LONG,reference_validation,2025-02-03 05:30:00+00:00,2025-02-03 11:00:00+00:00,2629.91,2467.03,2025-02-03 12:20:00+00:00,True,2025-02-03 12:25:00+00:00,2025-02-03 12:30:00+00:00,H2,2025-02-03 14:30:00+00:00
ALT_0330,LONG,reference_validation,2025-02-04 03:30:00+00:00,2025-02-04 09:00:00+00:00,2835.75,2661.22,2025-02-04 14:30:00+00:00,True,2025-02-04 14:50:00+00:00,2025-02-04 14:55:00+00:00,NO_H2,
LONDON,LONG,reference_validation,2025-02-04 08:00:00+00:00,2025-02-04 13:30:00+00:00,2832.7,2675.28,2025-02-04 13:30:00+00:00,True,2025-02-04 13:35:00+00:00,2025-02-04 13:40:00+00:00,H2,2025-02-04 14:30:00+00:00
RAW_0530,LONG,reference_validation,2025-02-05 05:30:00+00:00,2025-02-05 11:00:00+00:00,2792.61,2710.51,2025-02-05 11:00:00+00:00,False,,,BREAK_DURING_K1,2025-02-05 11:05:00+00:00
RAW_2330,LONG,reference_validation,2025-02-05 23:30:00+00:00,2025-02-06 05:00:00+00:00,2831.24,2753.65,2025-02-06 05:10:00+00:00,True,2025-02-06 05:15:00+00:00,2025-02-06 05:20:00+00:00,H2,2025-02-06 05:35:00+00:00
ALT_0330,LONG,reference_validation,2025-02-06 03:30:00+00:00,2025-02-06 09:00:00+00:00,2854.95,2802.0,2025-02-06 09:55:00+00:00,True,2025-02-06 10:00:00+00:00,2025-02-06 10:05:00+00:00,OPPOSITE,2025-02-06 11:30:00+00:00
RAW_2330,LONG,reference_validation,2025-02-06 23:30:00+00:00,2025-02-07 05:00:00+00:00,2738.99,2663.16,2025-02-07 08:45:00+00:00,True,2025-02-07 08:50:00+00:00,2025-02-07 08:55:00+00:00,H2,2025-02-07 09:20:00+00:00
ALT_0330,LONG,reference_validation,2025-02-07 03:30:00+00:00,2025-02-07 09:00:00+00:00,2744.81,2666.7,2025-02-07 10:00:00+00:00,True,2025-02-07 10:05:00+00:00,2025-02-07 10:10:00+00:00,H2,2025-02-07 10:20:00+00:00
RAW_0530,LONG,reference_validation,2025-02-07 05:30:00+00:00,2025-02-07 11:00:00+00:00,2752.62,2666.7,2025-02-07 11:10:00+00:00,True,2025-02-07 11:15:00+00:00,2025-02-07 11:20:00+00:00,H2,2025-02-07 11:25:00+00:00
LONDON,LONG,reference_validation,2025-02-07 08:00:00+00:00,2025-02-07 13:30:00+00:00,2770.08,2703.69,2025-02-07 13:40:00+00:00,False,,,BREAK_DURING_K1,2025-02-07 13:55:00+00:00
RAW_2330,LONG,reference_validation,2025-02-09 23:30:00+00:00,2025-02-10 05:00:00+00:00,2657.73,2556.91,2025-02-10 05:50:00+00:00,True,2025-02-10 05:55:00+00:00,2025-02-10 06:00:00+00:00,H2,2025-02-10 10:10:00+00:00
ALT_0330,LONG,reference_validation,2025-02-10 03:30:00+00:00,2025-02-10 09:00:00+00:00,2659.92,2612.37,2025-02-10 10:10:00+00:00,True,2025-02-10 10:15:00+00:00,2025-02-10 10:20:00+00:00,H2,2025-02-10 12:25:00+00:00
RAW_0530,LONG,reference_validation,2025-02-10 05:30:00+00:00,2025-02-10 11:00:00+00:00,2661.12,2625.08,2025-02-10 12:25:00+00:00,True,2025-02-10 12:30:00+00:00,2025-02-10 12:35:00+00:00,H2,2025-02-10 13:45:00+00:00
ALT_0330,LONG,reference_validation,2025-02-12 03:30:00+00:00,2025-02-12 09:00:00+00:00,2636.52,2575.97,2025-02-12 11:45:00+00:00,True,2025-02-12 11:50:00+00:00,2025-02-12 11:55:00+00:00,H2,2025-02-12 12:20:00+00:00
RAW_0530,LONG,reference_validation,2025-02-12 05:30:00+00:00,2025-02-12 11:00:00+00:00,2636.52,2596.01,2025-02-12 11:45:00+00:00,True,2025-02-12 11:50:00+00:00,2025-02-12 11:55:00+00:00,H2,2025-02-12 12:20:00+00:00
LONDON,LONG,reference_validation,2025-02-14 08:00:00+00:00,2025-02-14 13:30:00+00:00,2715.76,2676.33,2025-02-14 14:45:00+00:00,False,,,BREAK_DURING_K1,2025-02-14 14:50:00+00:00
SHORT_2000,SHORT,reference_validation,2025-02-16 20:00:00+00:00,2025-02-17 01:30:00+00:00,2688.53,2643.75,2025-02-17 05:00:00+00:00,True,2025-02-17 05:05:00+00:00,2025-02-17 05:10:00+00:00,OPPOSITE,2025-02-17 07:05:00+00:00
ALT_0330,LONG,reference_validation,2025-02-17 03:30:00+00:00,2025-02-17 09:00:00+00:00,2717.06,2632.81,2025-02-17 09:00:00+00:00,False,,,BREAK_DURING_K1,2025-02-17 09:10:00+00:00
RAW_0530,LONG,reference_validation,2025-02-17 05:30:00+00:00,2025-02-17 11:00:00+00:00,2773.93,2652.66,2025-02-17 12:35:00+00:00,True,2025-02-17 12:45:00+00:00,2025-02-17 12:50:00+00:00,H2,2025-02-17 13:15:00+00:00
LONDON,LONG,reference_validation,2025-02-17 08:00:00+00:00,2025-02-17 13:30:00+00:00,2779.59,2675.39,2025-02-17 13:50:00+00:00,False,,,BREAK_DURING_K1,2025-02-17 14:00:00+00:00
SHORT_2000,SHORT,reference_validation,2025-02-17 20:00:00+00:00,2025-02-18 01:30:00+00:00,2777.2,2713.78,2025-02-18 02:40:00+00:00,False,,,BREAK_DURING_K1,2025-02-18 02:50:00+00:00
ALT_0330,LONG,reference_validation,2025-02-18 03:30:00+00:00,2025-02-18 09:00:00+00:00,2718.8,2650.31,2025-02-18 14:10:00+00:00,True,2025-02-18 14:15:00+00:00,2025-02-18 14:20:00+00:00,H2,2025-02-18 14:20:00+00:00
LONDON,LONG,reference_validation,2025-02-18 08:00:00+00:00,2025-02-18 13:30:00+00:00,2710.0,2651.42,2025-02-18 14:00:00+00:00,False,,,BREAK_DURING_K1,2025-02-18 14:10:00+00:00
RAW_0530,LONG,reference_validation,2025-02-19 05:30:00+00:00,2025-02-19 11:00:00+00:00,2735.99,2678.52,2025-02-19 11:15:00+00:00,True,2025-02-19 11:20:00+00:00,2025-02-19 11:25:00+00:00,NO_H2,
RAW_0530,LONG,reference_validation,2025-02-20 05:30:00+00:00,2025-02-20 11:00:00+00:00,2744.89,2721.0,2025-02-20 11:00:00+00:00,True,2025-02-20 11:05:00+00:00,2025-02-20 11:10:00+00:00,H2,2025-02-20 12:05:00+00:00
LONDON,LONG,reference_validation,2025-02-20 08:00:00+00:00,2025-02-20 13:30:00+00:00,2746.0,2723.72,2025-02-20 13:30:00+00:00,True,2025-02-20 13:35:00+00:00,2025-02-20 13:40:00+00:00,H2,2025-02-20 14:00:00+00:00
LONDON,LONG,reference_validation,2025-02-21 08:00:00+00:00,2025-02-21 13:30:00+00:00,2843.75,2746.55,2025-02-21 13:40:00+00:00,True,2025-02-21 13:45:00+00:00,2025-02-21 13:50:00+00:00,OPPOSITE,2025-02-21 15:35:00+00:00
LONDON,LONG,reference_validation,2025-02-25 08:00:00+00:00,2025-02-25 13:30:00+00:00,2448.0,2355.36,2025-02-25 19:40:00+00:00,False,,,BREAK_DURING_K1,2025-02-25 19:45:00+00:00
RAW_2330,LONG,reference_validation,2025-02-26 23:30:00+00:00,2025-02-27 05:00:00+00:00,2370.36,2302.01,2025-02-27 07:35:00+00:00,True,2025-02-27 07:40:00+00:00,2025-02-27 07:45:00+00:00,H2,2025-02-27 10:05:00+00:00
ALT_0330,LONG,reference_validation,2025-02-27 03:30:00+00:00,2025-02-27 09:00:00+00:00,2373.16,2302.01,2025-02-27 10:35:00+00:00,True,2025-02-27 10:45:00+00:00,2025-02-27 10:50:00+00:00,H2,2025-02-27 10:55:00+00:00
RAW_0530,LONG,reference_validation,2025-02-27 05:30:00+00:00,2025-02-27 11:00:00+00:00,2378.0,2318.53,2025-02-27 11:00:00+00:00,True,2025-02-27 11:05:00+00:00,2025-02-27 11:10:00+00:00,H2,2025-02-27 11:15:00+00:00
RAW_0530,LONG,reference_validation,2025-02-28 05:30:00+00:00,2025-02-28 11:00:00+00:00,2151.06,2070.0,2025-02-28 13:30:00+00:00,False,,,BREAK_DURING_K1,2025-02-28 13:40:00+00:00
LONDON,LONG,reference_validation,2025-02-28 08:00:00+00:00,2025-02-28 13:30:00+00:00,2151.06,2074.61,2025-02-28 13:30:00+00:00,False,,,BREAK_DURING_K1,2025-02-28 13:40:00+00:00
SHORT_2000,SHORT,reference_validation,2025-03-02 20:00:00+00:00,2025-03-03 01:30:00+00:00,2550.0,2450.35,2025-03-03 01:35:00+00:00,True,2025-03-03 01:40:00+00:00,2025-03-03 01:45:00+00:00,H2,2025-03-03 02:05:00+00:00
LONDON,LONG,reference_validation,2025-03-03 08:00:00+00:00,2025-03-03 13:30:00+00:00,2386.99,2321.0,2025-03-03 13:40:00+00:00,True,2025-03-03 13:45:00+00:00,2025-03-03 13:50:00+00:00,OPPOSITE,2025-03-03 14:50:00+00:00
SHORT_2000,SHORT,reference_validation,2025-03-03 20:00:00+00:00,2025-03-04 01:30:00+00:00,2172.71,2095.12,2025-03-04 01:30:00+00:00,False,,,BREAK_DURING_K1,2025-03-04 01:35:00+00:00
RAW_0530,LONG,reference_validation,2025-03-04 05:30:00+00:00,2025-03-04 11:00:00+00:00,2110.84,2067.28,2025-03-04 11:10:00+00:00,True,2025-03-04 11:15:00+00:00,2025-03-04 11:20:00+00:00,H2,2025-03-04 11:30:00+00:00
RAW_2330,LONG,reference_validation,2025-03-04 23:30:00+00:00,2025-03-05 05:00:00+00:00,2192.0,2153.7,2025-03-05 06:55:00+00:00,False,,,BREAK_DURING_K1,2025-03-05 07:00:00+00:00
RAW_0530,LONG,reference_validation,2025-03-07 05:30:00+00:00,2025-03-07 11:00:00+00:00,2209.94,2164.31,2025-03-07 13:30:00+00:00,False,,,BREAK_DURING_K1,2025-03-07 13:35:00+00:00
LONDON,LONG,reference_validation,2025-03-07 08:00:00+00:00,2025-03-07 13:30:00+00:00,2209.94,2164.37,2025-03-07 13:30:00+00:00,False,,,BREAK_DURING_K1,2025-03-07 13:35:00+00:00
ALT_0330,LONG,reference_validation,2025-03-11 03:30:00+00:00,2025-03-11 09:00:00+00:00,1919.19,1844.89,2025-03-11 09:10:00+00:00,True,2025-03-11 09:15:00+00:00,2025-03-11 09:20:00+00:00,H2,2025-03-11 09:25:00+00:00
RAW_2330,LONG,reference_validation,2025-03-11 23:30:00+00:00,2025-03-12 05:00:00+00:00,1932.0,1851.33,2025-03-12 08:50:00+00:00,True,2025-03-12 08:55:00+00:00,2025-03-12 09:00:00+00:00,H2,2025-03-12 09:00:00+00:00
SHORT_2000,SHORT,reference_validation,2025-03-11 20:00:00+00:00,2025-03-12 01:30:00+00:00,1954.6,1904.41,2025-03-12 02:05:00+00:00,True,2025-03-12 02:10:00+00:00,2025-03-12 02:15:00+00:00,H2,2025-03-12 02:20:00+00:00
ALT_0330,LONG,reference_validation,2025-03-13 03:30:00+00:00,2025-03-13 09:00:00+00:00,1892.99,1852.18,2025-03-13 09:00:00+00:00,True,2025-03-13 09:05:00+00:00,2025-03-13 09:10:00+00:00,H2,2025-03-13 09:45:00+00:00
RAW_0530,LONG,reference_validation,2025-03-13 05:30:00+00:00,2025-03-13 11:00:00+00:00,1904.7,1852.18,2025-03-13 12:20:00+00:00,False,,,BREAK_DURING_K1,2025-03-13 12:25:00+00:00
ALT_0330,LONG,reference_validation,2025-03-14 03:30:00+00:00,2025-03-14 09:00:00+00:00,1904.94,1883.33,2025-03-14 10:40:00+00:00,True,2025-03-14 10:55:00+00:00,2025-03-14 11:00:00+00:00,H2,2025-03-14 11:35:00+00:00
RAW_0530,LONG,reference_validation,2025-03-14 05:30:00+00:00,2025-03-14 11:00:00+00:00,1908.2,1887.37,2025-03-14 13:30:00+00:00,True,2025-03-14 13:40:00+00:00,2025-03-14 13:45:00+00:00,H2,2025-03-14 13:50:00+00:00
LONDON,LONG,reference_validation,2025-03-14 08:00:00+00:00,2025-03-14 13:30:00+00:00,1908.2,1888.45,2025-03-14 13:30:00+00:00,True,2025-03-14 13:40:00+00:00,2025-03-14 13:45:00+00:00,H2,2025-03-14 13:50:00+00:00
ALT_0330,LONG,reference_validation,2025-03-17 03:30:00+00:00,2025-03-17 09:00:00+00:00,1912.38,1878.66,2025-03-17 09:55:00+00:00,True,2025-03-17 10:05:00+00:00,2025-03-17 10:10:00+00:00,H2,2025-03-17 10:20:00+00:00
RAW_0530,LONG,reference_validation,2025-03-17 05:30:00+00:00,2025-03-17 11:00:00+00:00,1918.0,1878.66,2025-03-17 12:00:00+00:00,True,2025-03-17 12:05:00+00:00,2025-03-17 12:10:00+00:00,H2,2025-03-17 12:30:00+00:00
ALT_0330,LONG,reference_validation,2025-03-19 03:30:00+00:00,2025-03-19 09:00:00+00:00,1943.92,1929.39,2025-03-19 09:30:00+00:00,True,2025-03-19 09:40:00+00:00,2025-03-19 09:45:00+00:00,H2,2025-03-19 10:00:00+00:00
SHORT_2000,SHORT,reference_validation,2025-03-20 20:00:00+00:00,2025-03-21 01:30:00+00:00,1995.8,1970.39,2025-03-21 05:30:00+00:00,True,2025-03-21 05:35:00+00:00,2025-03-21 05:40:00+00:00,H2,2025-03-21 05:45:00+00:00
SHORT_2000,SHORT,reference_validation,2025-03-23 20:00:00+00:00,2025-03-24 01:30:00+00:00,2020.96,1978.78,2025-03-24 01:55:00+00:00,True,2025-03-24 02:05:00+00:00,2025-03-24 02:10:00+00:00,OPPOSITE,2025-03-24 04:35:00+00:00
ALT_0330,LONG,reference_validation,2025-03-24 03:30:00+00:00,2025-03-24 09:00:00+00:00,2096.33,2005.0,2025-03-24 10:00:00+00:00,True,2025-03-24 10:05:00+00:00,2025-03-24 10:10:00+00:00,H2,2025-03-24 10:50:00+00:00
RAW_0530,LONG,reference_validation,2025-03-24 05:30:00+00:00,2025-03-24 11:00:00+00:00,2098.74,2043.37,2025-03-24 11:15:00+00:00,True,2025-03-24 11:20:00+00:00,2025-03-24 11:25:00+00:00,H2,2025-03-24 14:15:00+00:00
RAW_0530,LONG,reference_validation,2025-03-25 05:30:00+00:00,2025-03-25 11:00:00+00:00,2074.53,2041.8,2025-03-25 13:30:00+00:00,True,2025-03-25 13:35:00+00:00,2025-03-25 13:40:00+00:00,H2,2025-03-25 14:30:00+00:00
LONDON,LONG,reference_validation,2025-03-25 08:00:00+00:00,2025-03-25 13:30:00+00:00,2074.53,2052.33,2025-03-25 13:30:00+00:00,True,2025-03-25 13:35:00+00:00,2025-03-25 13:40:00+00:00,H2,2025-03-25 14:30:00+00:00
LONDON,LONG,reference_validation,2025-03-31 08:00:00+00:00,2025-03-31 13:30:00+00:00,1845.78,1776.56,2025-03-31 14:50:00+00:00,True,2025-03-31 14:55:00+00:00,2025-03-31 15:00:00+00:00,H2,2025-03-31 15:00:00+00:00
ALT_0330,LONG,reference_validation,2025-04-01 03:30:00+00:00,2025-04-01 09:00:00+00:00,1891.42,1831.23,2025-04-01 15:00:00+00:00,True,2025-04-01 15:05:00+00:00,2025-04-01 15:10:00+00:00,H2,2025-04-01 15:10:00+00:00
RAW_0530,LONG,reference_validation,2025-04-01 05:30:00+00:00,2025-04-01 11:00:00+00:00,1891.42,1838.51,2025-04-01 15:00:00+00:00,True,2025-04-01 15:05:00+00:00,2025-04-01 15:10:00+00:00,H2,2025-04-01 15:10:00+00:00
ALT_0330,LONG,reference_validation,2025-04-02 03:30:00+00:00,2025-04-02 09:00:00+00:00,1883.07,1850.69,2025-04-02 09:05:00+00:00,False,,,BREAK_DURING_K1,2025-04-02 09:10:00+00:00
RAW_0530,LONG,reference_validation,2025-04-02 05:30:00+00:00,2025-04-02 11:00:00+00:00,1887.23,1850.69,2025-04-02 13:45:00+00:00,True,2025-04-02 13:55:00+00:00,2025-04-02 14:00:00+00:00,H2,2025-04-02 15:05:00+00:00
SHORT_2000,SHORT,reference_validation,2025-04-03 20:00:00+00:00,2025-04-04 01:30:00+00:00,1822.69,1778.64,2025-04-04 01:55:00+00:00,True,2025-04-04 02:00:00+00:00,2025-04-04 02:05:00+00:00,NO_H2,
RAW_0530,LONG,reference_validation,2025-04-07 05:30:00+00:00,2025-04-07 11:00:00+00:00,1554.56,1410.0,2025-04-07 13:55:00+00:00,True,2025-04-07 14:05:00+00:00,2025-04-07 14:10:00+00:00,H2,2025-04-07 14:10:00+00:00
RAW_0530,LONG,reference_validation,2025-04-08 05:30:00+00:00,2025-04-08 11:00:00+00:00,1591.68,1553.48,2025-04-08 12:00:00+00:00,True,2025-04-08 12:05:00+00:00,2025-04-08 12:10:00+00:00,OPPOSITE,2025-04-08 14:40:00+00:00
ALT_0330,LONG,reference_validation,2025-04-09 03:30:00+00:00,2025-04-09 09:00:00+00:00,1491.68,1406.79,2025-04-09 10:55:00+00:00,True,2025-04-09 11:00:00+00:00,2025-04-09 11:05:00+00:00,H2,2025-04-09 13:30:00+00:00
LONDON,LONG,reference_validation,2025-04-09 08:00:00+00:00,2025-04-09 13:30:00+00:00,1496.0,1439.03,2025-04-09 13:50:00+00:00,True,2025-04-09 13:55:00+00:00,2025-04-09 14:00:00+00:00,H2,2025-04-09 14:00:00+00:00
RAW_2330,LONG,reference_validation,2025-04-10 23:30:00+00:00,2025-04-11 05:00:00+00:00,1557.74,1503.63,2025-04-11 06:10:00+00:00,True,2025-04-11 06:20:00+00:00,2025-04-11 06:25:00+00:00,H2,2025-04-11 06:45:00+00:00
RAW_2330,LONG,reference_validation,2025-04-13 23:30:00+00:00,2025-04-14 05:00:00+00:00,1659.81,1586.46,2025-04-14 10:20:00+00:00,False,,,BREAK_DURING_K1,2025-04-14 10:25:00+00:00
RAW_0530,LONG,reference_validation,2025-04-14 05:30:00+00:00,2025-04-14 11:00:00+00:00,1684.47,1611.51,2025-04-14 11:05:00+00:00,False,,,BREAK_DURING_K1,2025-04-14 11:10:00+00:00
RAW_2330,LONG,reference_validation,2025-04-14 23:30:00+00:00,2025-04-15 05:00:00+00:00,1643.21,1613.65,2025-04-15 05:00:00+00:00,True,2025-04-15 05:10:00+00:00,2025-04-15 05:15:00+00:00,H2,2025-04-15 05:20:00+00:00
ALT_0330,LONG,reference_validation,2025-04-16 03:30:00+00:00,2025-04-16 09:00:00+00:00,1595.85,1550.0,2025-04-16 14:30:00+00:00,True,2025-04-16 14:40:00+00:00,2025-04-16 14:45:00+00:00,H2,2025-04-16 14:50:00+00:00
RAW_0530,LONG,reference_validation,2025-04-16 05:30:00+00:00,2025-04-16 11:00:00+00:00,1582.75,1555.72,2025-04-16 11:00:00+00:00,False,,,BREAK_DURING_K1,2025-04-16 11:05:00+00:00
RAW_2330,LONG,reference_validation,2025-04-16 23:30:00+00:00,2025-04-17 05:00:00+00:00,1594.9,1572.0,2025-04-17 05:10:00+00:00,False,,,BREAK_DURING_K1,2025-04-17 05:15:00+00:00
ALT_0330,LONG,reference_validation,2025-04-22 03:30:00+00:00,2025-04-22 09:00:00+00:00,1634.07,1573.07,2025-04-22 11:40:00+00:00,True,2025-04-22 11:45:00+00:00,2025-04-22 11:50:00+00:00,H2,2025-04-22 12:15:00+00:00
RAW_0530,LONG,reference_validation,2025-04-22 05:30:00+00:00,2025-04-22 11:00:00+00:00,1634.07,1573.84,2025-04-22 11:40:00+00:00,True,2025-04-22 11:45:00+00:00,2025-04-22 11:50:00+00:00,H2,2025-04-22 12:15:00+00:00
ALT_0330,LONG,reference_validation,2025-04-23 03:30:00+00:00,2025-04-23 09:00:00+00:00,1817.98,1773.1,2025-04-23 12:10:00+00:00,True,2025-04-23 12:20:00+00:00,2025-04-23 12:25:00+00:00,H2,2025-04-23 12:25:00+00:00
RAW_0530,LONG,reference_validation,2025-04-23 05:30:00+00:00,2025-04-23 11:00:00+00:00,1809.0,1773.1,2025-04-23 11:20:00+00:00,True,2025-04-23 11:25:00+00:00,2025-04-23 11:30:00+00:00,H2,2025-04-23 12:10:00+00:00
RAW_0530,LONG,reference_validation,2025-04-24 05:30:00+00:00,2025-04-24 11:00:00+00:00,1775.39,1721.22,2025-04-24 14:50:00+00:00,True,2025-04-24 14:55:00+00:00,2025-04-24 15:00:00+00:00,H2,2025-04-24 15:10:00+00:00
LONDON,LONG,reference_validation,2025-04-24 08:00:00+00:00,2025-04-24 13:30:00+00:00,1759.88,1721.22,2025-04-24 13:30:00+00:00,True,2025-04-24 13:35:00+00:00,2025-04-24 13:40:00+00:00,H2,2025-04-24 14:00:00+00:00
RAW_2330,LONG,reference_validation,2025-04-24 23:30:00+00:00,2025-04-25 05:00:00+00:00,1789.88,1737.4,2025-04-25 09:55:00+00:00,True,2025-04-25 10:05:00+00:00,2025-04-25 10:10:00+00:00,NO_H2,
RAW_2330,LONG,reference_validation,2025-04-27 23:30:00+00:00,2025-04-28 05:00:00+00:00,1795.45,1750.99,2025-04-28 05:25:00+00:00,True,2025-04-28 05:35:00+00:00,2025-04-28 05:40:00+00:00,H2,2025-04-28 05:50:00+00:00
ALT_0330,LONG,reference_validation,2025-04-28 03:30:00+00:00,2025-04-28 09:00:00+00:00,1811.82,1777.49,2025-04-28 09:00:00+00:00,True,2025-04-28 09:05:00+00:00,2025-04-28 09:10:00+00:00,H2,2025-04-28 09:25:00+00:00
RAW_0530,LONG,reference_validation,2025-04-28 05:30:00+00:00,2025-04-28 11:00:00+00:00,1823.7,1787.1,2025-04-28 11:40:00+00:00,True,2025-04-28 11:45:00+00:00,2025-04-28 11:50:00+00:00,OPPOSITE,2025-04-28 13:55:00+00:00
ALT_0330,LONG,reference_validation,2025-04-29 03:30:00+00:00,2025-04-29 09:00:00+00:00,1836.84,1787.37,2025-04-29 10:10:00+00:00,True,2025-04-29 10:25:00+00:00,2025-04-29 10:30:00+00:00,H2,2025-04-29 11:15:00+00:00
RAW_2330,LONG,reference_validation,2025-04-30 23:30:00+00:00,2025-05-01 05:00:00+00:00,1818.18,1791.26,2025-05-01 08:30:00+00:00,True,2025-05-01 08:35:00+00:00,2025-05-01 08:40:00+00:00,H2,2025-05-01 08:50:00+00:00
ALT_0330,LONG,reference_validation,2025-05-01 03:30:00+00:00,2025-05-01 09:00:00+00:00,1820.0,1801.24,2025-05-01 09:30:00+00:00,False,,,BREAK_DURING_K1,2025-05-01 09:35:00+00:00
RAW_0530,LONG,reference_validation,2025-05-01 05:30:00+00:00,2025-05-01 11:00:00+00:00,1850.84,1801.24,2025-05-01 11:00:00+00:00,True,2025-05-01 11:15:00+00:00,2025-05-01 11:20:00+00:00,H2,2025-05-01 12:10:00+00:00
ALT_0330,LONG,reference_validation,2025-05-02 03:30:00+00:00,2025-05-02 09:00:00+00:00,1850.86,1812.0,2025-05-02 14:55:00+00:00,True,2025-05-02 15:05:00+00:00,2025-05-02 15:10:00+00:00,NO_H2,
RAW_0530,LONG,reference_validation,2025-05-02 05:30:00+00:00,2025-05-02 11:00:00+00:00,1838.48,1812.0,2025-05-02 12:30:00+00:00,True,2025-05-02 12:35:00+00:00,2025-05-02 12:40:00+00:00,H2,2025-05-02 12:55:00+00:00
RAW_2330,LONG,reference_validation,2025-05-04 23:30:00+00:00,2025-05-05 05:00:00+00:00,1817.6,1780.02,2025-05-05 05:55:00+00:00,True,2025-05-05 06:05:00+00:00,2025-05-05 06:10:00+00:00,H2,2025-05-05 06:35:00+00:00
ALT_0330,LONG,reference_validation,2025-05-07 03:30:00+00:00,2025-05-07 09:00:00+00:00,1843.75,1822.12,2025-05-07 09:40:00+00:00,True,2025-05-07 09:50:00+00:00,2025-05-07 09:55:00+00:00,H2,2025-05-07 09:55:00+00:00
ALT_0330,LONG,reference_validation,2025-05-08 03:30:00+00:00,2025-05-08 09:00:00+00:00,1948.51,1859.93,2025-05-08 10:25:00+00:00,True,2025-05-08 10:35:00+00:00,2025-05-08 10:40:00+00:00,H2,2025-05-08 10:45:00+00:00
LONDON,LONG,reference_validation,2025-05-08 08:00:00+00:00,2025-05-08 13:30:00+00:00,1976.56,1925.0,2025-05-08 13:35:00+00:00,True,2025-05-08 13:40:00+00:00,2025-05-08 13:45:00+00:00,H2,2025-05-08 13:55:00+00:00
ALT_0330,LONG,reference_validation,2025-05-13 03:30:00+00:00,2025-05-13 09:00:00+00:00,2479.45,2417.73,2025-05-13 09:20:00+00:00,False,,,BREAK_DURING_K1,2025-05-13 09:25:00+00:00
RAW_0530,LONG,reference_validation,2025-05-13 05:30:00+00:00,2025-05-13 11:00:00+00:00,2486.88,2438.01,2025-05-13 11:15:00+00:00,False,,,BREAK_DURING_K1,2025-05-13 11:20:00+00:00
LONDON,LONG,reference_validation,2025-05-13 08:00:00+00:00,2025-05-13 13:30:00+00:00,2550.0,2450.57,2025-05-13 13:30:00+00:00,False,,,BREAK_DURING_K1,2025-05-13 13:35:00+00:00
SHORT_2000,SHORT,reference_validation,2025-05-14 20:00:00+00:00,2025-05-15 01:30:00+00:00,2646.1,2582.31,2025-05-15 01:45:00+00:00,False,,,BREAK_DURING_K1,2025-05-15 01:50:00+00:00
RAW_2330,LONG,reference_validation,2025-05-15 23:30:00+00:00,2025-05-16 05:00:00+00:00,2588.7,2529.55,2025-05-16 05:20:00+00:00,True,2025-05-16 05:30:00+00:00,2025-05-16 05:35:00+00:00,H2,2025-05-16 05:35:00+00:00
ALT_0330,LONG,reference_validation,2025-05-16 03:30:00+00:00,2025-05-16 09:00:00+00:00,2619.39,2556.65,2025-05-16 10:10:00+00:00,True,2025-05-16 10:25:00+00:00,2025-05-16 10:30:00+00:00,H2,2025-05-16 10:30:00+00:00
RAW_0530,LONG,reference_validation,2025-05-16 05:30:00+00:00,2025-05-16 11:00:00+00:00,2627.65,2556.65,2025-05-16 11:00:00+00:00,False,,,BREAK_DURING_K1,2025-05-16 11:10:00+00:00
LONDON,LONG,reference_validation,2025-05-21 08:00:00+00:00,2025-05-21 13:30:00+00:00,2561.48,2513.21,2025-05-21 14:20:00+00:00,True,2025-05-21 14:25:00+00:00,2025-05-21 14:30:00+00:00,H2,2025-05-21 14:50:00+00:00
ALT_0330,LONG,reference_validation,2025-05-27 03:30:00+00:00,2025-05-27 09:00:00+00:00,2643.44,2547.38,2025-05-27 09:45:00+00:00,True,2025-05-27 09:50:00+00:00,2025-05-27 09:55:00+00:00,H2,2025-05-27 11:30:00+00:00
RAW_0530,LONG,reference_validation,2025-05-27 05:30:00+00:00,2025-05-27 11:00:00+00:00,2649.13,2552.77,2025-05-27 11:40:00+00:00,True,2025-05-27 11:45:00+00:00,2025-05-27 11:50:00+00:00,H2,2025-05-27 11:55:00+00:00
LONDON,LONG,reference_validation,2025-05-27 08:00:00+00:00,2025-05-27 13:30:00+00:00,2683.76,2606.7,2025-05-27 16:45:00+00:00,True,2025-05-27 16:50:00+00:00,2025-05-27 16:55:00+00:00,H2,2025-05-27 17:05:00+00:00
SHORT_2000,SHORT,reference_validation,2025-05-27 20:00:00+00:00,2025-05-28 01:30:00+00:00,2693.63,2636.61,2025-05-28 01:30:00+00:00,True,2025-05-28 01:35:00+00:00,2025-05-28 01:40:00+00:00,H2,2025-05-28 01:55:00+00:00
RAW_2330,LONG,reference_validation,2025-05-29 23:30:00+00:00,2025-05-30 05:00:00+00:00,2644.12,2556.0,2025-05-30 05:35:00+00:00,False,,,BREAK_DURING_K1,2025-05-30 05:40:00+00:00
SHORT_2000,SHORT,reference_validation,2025-06-01 20:00:00+00:00,2025-06-02 01:30:00+00:00,2546.35,2518.19,2025-06-02 02:05:00+00:00,False,,,BREAK_DURING_K1,2025-06-02 02:10:00+00:00
ALT_0330,LONG,reference_validation,2025-06-03 03:30:00+00:00,2025-06-03 09:00:00+00:00,2619.44,2588.05,2025-06-03 10:30:00+00:00,True,2025-06-03 10:35:00+00:00,2025-06-03 10:40:00+00:00,H2,2025-06-03 13:15:00+00:00
LONDON,LONG,reference_validation,2025-06-03 08:00:00+00:00,2025-06-03 13:30:00+00:00,2627.89,2593.47,2025-06-03 13:45:00+00:00,True,2025-06-03 13:50:00+00:00,2025-06-03 13:55:00+00:00,H2,2025-06-03 13:55:00+00:00
ALT_0330,LONG,reference_validation,2025-06-04 03:30:00+00:00,2025-06-04 09:00:00+00:00,2645.0,2618.33,2025-06-04 09:50:00+00:00,True,2025-06-04 10:00:00+00:00,2025-06-04 10:05:00+00:00,H2,2025-06-04 10:05:00+00:00
RAW_2330,LONG,reference_validation,2025-06-05 23:30:00+00:00,2025-06-06 05:00:00+00:00,2463.0,2379.62,2025-06-06 05:05:00+00:00,True,2025-06-06 05:20:00+00:00,2025-06-06 05:25:00+00:00,H2,2025-06-06 06:10:00+00:00
RAW_0530,LONG,reference_validation,2025-06-06 05:30:00+00:00,2025-06-06 11:00:00+00:00,2486.53,2445.49,2025-06-06 11:05:00+00:00,True,2025-06-06 11:10:00+00:00,2025-06-06 11:15:00+00:00,H2,2025-06-06 11:15:00+00:00
LONDON,LONG,reference_validation,2025-06-06 08:00:00+00:00,2025-06-06 13:30:00+00:00,2499.94,2452.71,2025-06-06 13:40:00+00:00,False,,,BREAK_DURING_K1,2025-06-06 13:45:00+00:00
RAW_0530,LONG,reference_validation,2025-06-09 05:30:00+00:00,2025-06-09 11:00:00+00:00,2540.35,2475.83,2025-06-09 11:30:00+00:00,False,,,BREAK_DURING_K1,2025-06-09 11:35:00+00:00
SHORT_2000,SHORT,reference_validation,2025-06-11 20:00:00+00:00,2025-06-12 01:30:00+00:00,2830.0,2742.57,2025-06-12 07:40:00+00:00,False,,,BREAK_DURING_K1,2025-06-12 07:50:00+00:00
LONDON,LONG,reference_validation,2025-06-12 08:00:00+00:00,2025-06-12 13:30:00+00:00,2760.94,2710.78,2025-06-12 14:10:00+00:00,False,,,BREAK_DURING_K1,2025-06-12 14:15:00+00:00
SHORT_2000,SHORT,reference_validation,2025-06-12 20:00:00+00:00,2025-06-13 01:30:00+00:00,2702.38,2450.25,2025-06-13 02:40:00+00:00,True,2025-06-13 02:50:00+00:00,2025-06-13 02:55:00+00:00,NO_H2,
ALT_0330,LONG,reference_validation,2025-06-13 03:30:00+00:00,2025-06-13 09:00:00+00:00,2541.11,2490.78,2025-06-13 11:50:00+00:00,False,,,BREAK_DURING_K1,2025-06-13 11:55:00+00:00
RAW_0530,LONG,reference_validation,2025-06-13 05:30:00+00:00,2025-06-13 11:00:00+00:00,2541.11,2490.78,2025-06-13 11:50:00+00:00,False,,,BREAK_DURING_K1,2025-06-13 11:55:00+00:00
RAW_2330,LONG,reference_validation,2025-06-17 23:30:00+00:00,2025-06-18 05:00:00+00:00,2545.1,2505.0,2025-06-18 08:10:00+00:00,True,2025-06-18 08:15:00+00:00,2025-06-18 08:20:00+00:00,OPPOSITE,2025-06-18 10:45:00+00:00
ALT_0330,LONG,reference_validation,2025-06-19 03:30:00+00:00,2025-06-19 09:00:00+00:00,2530.17,2513.01,2025-06-19 09:35:00+00:00,False,,,BREAK_DURING_K1,2025-06-19 09:45:00+00:00
RAW_2330,LONG,reference_validation,2025-06-22 23:30:00+00:00,2025-06-23 05:00:00+00:00,2259.37,2220.59,2025-06-23 07:00:00+00:00,False,,,BREAK_DURING_K1,2025-06-23 07:05:00+00:00
RAW_2330,LONG,reference_validation,2025-06-23 23:30:00+00:00,2025-06-24 05:00:00+00:00,2428.83,2388.05,2025-06-24 06:40:00+00:00,False,,,BREAK_DURING_K1,2025-06-24 06:45:00+00:00
ALT_0330,LONG,reference_validation,2025-06-24 03:30:00+00:00,2025-06-24 09:00:00+00:00,2434.1,2374.9,2025-06-24 09:25:00+00:00,True,2025-06-24 09:30:00+00:00,2025-06-24 09:35:00+00:00,H2,2025-06-24 14:05:00+00:00
RAW_0530,LONG,reference_validation,2025-06-24 05:30:00+00:00,2025-06-24 11:00:00+00:00,2450.0,2374.9,2025-06-24 15:50:00+00:00,True,2025-06-24 15:55:00+00:00,2025-06-24 16:00:00+00:00,H2,2025-06-24 16:40:00+00:00
LONDON,LONG,reference_validation,2025-06-24 08:00:00+00:00,2025-06-24 13:30:00+00:00,2450.0,2374.9,2025-06-24 15:50:00+00:00,True,2025-06-24 15:55:00+00:00,2025-06-24 16:00:00+00:00,H2,2025-06-24 16:40:00+00:00
RAW_2330,LONG,reference_validation,2025-07-01 23:30:00+00:00,2025-07-02 05:00:00+00:00,2440.74,2367.53,2025-07-02 05:15:00+00:00,True,2025-07-02 05:30:00+00:00,2025-07-02 05:35:00+00:00,H2,2025-07-02 05:40:00+00:00
SHORT_2000,SHORT,reference_validation,2025-07-02 20:00:00+00:00,2025-07-03 01:30:00+00:00,2618.2,2562.2,2025-07-03 02:25:00+00:00,False,,,BREAK_DURING_K1,2025-07-03 02:30:00+00:00
ALT_0330,LONG,reference_validation,2025-07-03 03:30:00+00:00,2025-07-03 09:00:00+00:00,2607.39,2558.27,2025-07-03 09:35:00+00:00,False,,,BREAK_DURING_K1,2025-07-03 09:40:00+00:00
RAW_2330,LONG,reference_validation,2025-07-07 23:30:00+00:00,2025-07-08 05:00:00+00:00,2553.82,2522.07,2025-07-08 06:05:00+00:00,True,2025-07-08 06:10:00+00:00,2025-07-08 06:15:00+00:00,H2,2025-07-08 06:15:00+00:00
RAW_2330,LONG,reference_validation,2025-07-09 23:30:00+00:00,2025-07-10 05:00:00+00:00,2798.0,2754.08,2025-07-10 06:35:00+00:00,True,2025-07-10 06:40:00+00:00,2025-07-10 06:45:00+00:00,H2,2025-07-10 07:00:00+00:00
ALT_0330,LONG,reference_validation,2025-07-14 03:30:00+00:00,2025-07-14 09:00:00+00:00,3066.0,3010.13,2025-07-14 09:40:00+00:00,True,2025-07-14 09:50:00+00:00,2025-07-14 09:55:00+00:00,H2,2025-07-14 10:30:00+00:00
RAW_0530,LONG,reference_validation,2025-07-14 05:30:00+00:00,2025-07-14 11:00:00+00:00,3079.72,3015.88,2025-07-14 11:10:00+00:00,True,2025-07-14 11:15:00+00:00,2025-07-14 11:20:00+00:00,OPPOSITE,2025-07-14 15:05:00+00:00
SHORT_2000,SHORT,reference_validation,2025-07-14 20:00:00+00:00,2025-07-15 01:30:00+00:00,3022.5,2961.64,2025-07-15 02:15:00+00:00,True,2025-07-15 02:35:00+00:00,2025-07-15 02:40:00+00:00,H2,2025-07-15 03:00:00+00:00
LONDON,LONG,reference_validation,2025-07-15 08:00:00+00:00,2025-07-15 13:30:00+00:00,3033.95,2958.0,2025-07-15 13:30:00+00:00,True,2025-07-15 13:35:00+00:00,2025-07-15 13:40:00+00:00,H2,2025-07-15 13:40:00+00:00
ALT_0330,LONG,reference_validation,2025-07-16 03:30:00+00:00,2025-07-16 09:00:00+00:00,3174.0,3099.6,2025-07-16 12:45:00+00:00,True,2025-07-16 12:50:00+00:00,2025-07-16 12:55:00+00:00,H2,2025-07-16 13:05:00+00:00
RAW_0530,LONG,reference_validation,2025-07-16 05:30:00+00:00,2025-07-16 11:00:00+00:00,3174.0,3131.26,2025-07-16 12:45:00+00:00,True,2025-07-16 12:50:00+00:00,2025-07-16 12:55:00+00:00,H2,2025-07-16 13:05:00+00:00
LONDON,LONG,reference_validation,2025-07-16 08:00:00+00:00,2025-07-16 13:30:00+00:00,3188.69,3143.0,2025-07-16 13:45:00+00:00,False,,,BREAK_DURING_K1,2025-07-16 13:55:00+00:00
SHORT_2000,SHORT,reference_validation,2025-07-16 20:00:00+00:00,2025-07-17 01:30:00+00:00,3423.47,3342.24,2025-07-17 01:30:00+00:00,True,2025-07-17 01:35:00+00:00,2025-07-17 01:40:00+00:00,H2,2025-07-17 01:45:00+00:00
LONDON,LONG,reference_validation,2025-07-18 08:00:00+00:00,2025-07-18 13:30:00+00:00,3654.99,3584.0,2025-07-18 13:45:00+00:00,True,2025-07-18 13:55:00+00:00,2025-07-18 14:00:00+00:00,H2,2025-07-18 14:05:00+00:00
RAW_2330,LONG,reference_validation,2025-07-20 23:30:00+00:00,2025-07-21 05:00:00+00:00,3781.01,3700.19,2025-07-21 05:50:00+00:00,False,,,BREAK_DURING_K1,2025-07-21 05:55:00+00:00
RAW_0530,LONG,reference_validation,2025-07-22 05:30:00+00:00,2025-07-22 11:00:00+00:00,3718.68,3616.53,2025-07-22 11:45:00+00:00,True,2025-07-22 11:50:00+00:00,2025-07-22 11:55:00+00:00,H2,2025-07-22 15:15:00+00:00
RAW_0530,LONG,reference_validation,2025-07-24 05:30:00+00:00,2025-07-24 11:00:00+00:00,3660.0,3505.0,2025-07-24 11:55:00+00:00,True,2025-07-24 12:00:00+00:00,2025-07-24 12:05:00+00:00,H2,2025-07-24 14:30:00+00:00
RAW_2330,LONG,reference_validation,2025-07-24 23:30:00+00:00,2025-07-25 05:00:00+00:00,3719.32,3570.13,2025-07-25 09:30:00+00:00,True,2025-07-25 09:35:00+00:00,2025-07-25 09:40:00+00:00,H2,2025-07-25 09:55:00+00:00
RAW_2330,LONG,reference_validation,2025-07-27 23:30:00+00:00,2025-07-28 05:00:00+00:00,3907.88,3841.69,2025-07-28 05:05:00+00:00,False,,,BREAK_DURING_K1,2025-07-28 05:10:00+00:00
RAW_2330,LONG,reference_validation,2025-07-28 23:30:00+00:00,2025-07-29 05:00:00+00:00,3819.99,3727.21,2025-07-29 06:20:00+00:00,True,2025-07-29 06:35:00+00:00,2025-07-29 06:40:00+00:00,H2,2025-07-29 06:40:00+00:00
SHORT_2000,SHORT,reference_validation,2025-07-28 20:00:00+00:00,2025-07-29 01:30:00+00:00,3819.99,3734.0,2025-07-29 02:15:00+00:00,True,2025-07-29 02:25:00+00:00,2025-07-29 02:30:00+00:00,OPPOSITE,2025-07-29 06:40:00+00:00
RAW_2330,LONG,reference_validation,2025-07-29 23:30:00+00:00,2025-07-30 05:00:00+00:00,3827.99,3753.69,2025-07-30 06:50:00+00:00,True,2025-07-30 06:55:00+00:00,2025-07-30 07:00:00+00:00,H2,2025-07-30 07:00:00+00:00
LONDON,LONG,reference_validation,2025-07-30 08:00:00+00:00,2025-07-30 13:30:00+00:00,3824.26,3742.0,2025-07-30 14:50:00+00:00,True,2025-07-30 15:00:00+00:00,2025-07-30 15:05:00+00:00,OPPOSITE,2025-07-30 18:55:00+00:00
RAW_2330,LONG,reference_validation,2025-07-30 23:30:00+00:00,2025-07-31 05:00:00+00:00,3870.0,3786.7,2025-07-31 06:40:00+00:00,False,,,BREAK_DURING_K1,2025-07-31 06:45:00+00:00
RAW_0530,LONG,reference_validation,2025-08-04 05:30:00+00:00,2025-08-04 11:00:00+00:00,3573.63,3518.36,2025-08-04 13:00:00+00:00,True,2025-08-04 13:05:00+00:00,2025-08-04 13:10:00+00:00,H2,2025-08-04 13:35:00+00:00
RAW_2330,LONG,reference_validation,2025-08-06 23:30:00+00:00,2025-08-07 05:00:00+00:00,3716.38,3645.78,2025-08-07 08:00:00+00:00,False,,,BREAK_DURING_K1,2025-08-07 08:15:00+00:00
RAW_0530,LONG,reference_validation,2025-08-08 05:30:00+00:00,2025-08-08 11:00:00+00:00,3927.0,3883.11,2025-08-08 13:35:00+00:00,False,,,BREAK_DURING_K1,2025-08-08 13:40:00+00:00
LONDON,LONG,reference_validation,2025-08-08 08:00:00+00:00,2025-08-08 13:30:00+00:00,3926.89,3883.11,2025-08-08 13:35:00+00:00,False,,,BREAK_DURING_K1,2025-08-08 13:40:00+00:00
LONDON,LONG,reference_validation,2025-08-12 08:00:00+00:00,2025-08-12 13:30:00+00:00,4428.39,4255.56,2025-08-12 13:30:00+00:00,True,2025-08-12 13:35:00+00:00,2025-08-12 13:40:00+00:00,H2,2025-08-12 15:00:00+00:00
RAW_2330,LONG,reference_validation,2025-08-13 23:30:00+00:00,2025-08-14 05:00:00+00:00,4788.78,4706.0,2025-08-14 06:35:00+00:00,True,2025-08-14 06:40:00+00:00,2025-08-14 06:45:00+00:00,OPPOSITE,2025-08-14 10:40:00+00:00
SHORT_2000,SHORT,reference_validation,2025-08-17 20:00:00+00:00,2025-08-18 01:30:00+00:00,4532.15,4409.68,2025-08-18 01:30:00+00:00,False,,,BREAK_DURING_K1,2025-08-18 01:35:00+00:00
RAW_0530,LONG,reference_validation,2025-08-18 05:30:00+00:00,2025-08-18 11:00:00+00:00,4322.0,4224.1,2025-08-18 12:35:00+00:00,False,,,BREAK_DURING_K1,2025-08-18 12:40:00+00:00
LONDON,LONG,reference_validation,2025-08-18 08:00:00+00:00,2025-08-18 13:30:00+00:00,4366.91,4224.1,2025-08-18 13:35:00+00:00,True,2025-08-18 13:40:00+00:00,2025-08-18 13:45:00+00:00,H2,2025-08-18 17:30:00+00:00
SHORT_2000,SHORT,reference_validation,2025-08-18 20:00:00+00:00,2025-08-19 01:30:00+00:00,4386.21,4265.0,2025-08-19 03:05:00+00:00,True,2025-08-19 03:10:00+00:00,2025-08-19 03:15:00+00:00,H2,2025-08-19 03:20:00+00:00
ALT_0330,LONG,reference_validation,2025-08-19 03:30:00+00:00,2025-08-19 09:00:00+00:00,4267.38,4192.01,2025-08-19 09:05:00+00:00,True,2025-08-19 09:15:00+00:00,2025-08-19 09:20:00+00:00,H2,2025-08-19 09:20:00+00:00
RAW_0530,LONG,reference_validation,2025-08-19 05:30:00+00:00,2025-08-19 11:00:00+00:00,4305.18,4202.29,2025-08-19 11:20:00+00:00,True,2025-08-19 11:35:00+00:00,2025-08-19 11:40:00+00:00,H2,2025-08-19 11:45:00+00:00
LONDON,LONG,reference_validation,2025-08-19 08:00:00+00:00,2025-08-19 13:30:00+00:00,4315.71,4216.31,2025-08-19 13:30:00+00:00,True,2025-08-19 13:35:00+00:00,2025-08-19 13:40:00+00:00,OPPOSITE,2025-08-19 14:25:00+00:00
SHORT_2000,SHORT,reference_validation,2025-08-19 20:00:00+00:00,2025-08-20 01:30:00+00:00,4164.03,4064.96,2025-08-20 01:35:00+00:00,True,2025-08-20 01:40:00+00:00,2025-08-20 01:45:00+00:00,OPPOSITE,2025-08-20 04:30:00+00:00
RAW_2330,LONG,reference_validation,2025-08-21 23:30:00+00:00,2025-08-22 05:00:00+00:00,4313.51,4207.52,2025-08-22 06:15:00+00:00,True,2025-08-22 06:25:00+00:00,2025-08-22 06:30:00+00:00,H2,2025-08-22 07:05:00+00:00
SHORT_2000,SHORT,reference_validation,2025-08-24 20:00:00+00:00,2025-08-25 01:30:00+00:00,4823.0,4667.24,2025-08-25 06:15:00+00:00,True,2025-08-25 06:20:00+00:00,2025-08-25 06:25:00+00:00,H2,2025-08-25 06:30:00+00:00
RAW_2330,LONG,reference_validation,2025-08-25 23:30:00+00:00,2025-08-26 05:00:00+00:00,4449.55,4310.0,2025-08-26 07:35:00+00:00,True,2025-08-26 07:40:00+00:00,2025-08-26 07:45:00+00:00,H2,2025-08-26 11:05:00+00:00
RAW_2330,LONG,reference_validation,2025-08-26 23:30:00+00:00,2025-08-27 05:00:00+00:00,4641.77,4538.0,2025-08-27 05:15:00+00:00,True,2025-08-27 05:20:00+00:00,2025-08-27 05:25:00+00:00,NO_H2,
ALT_0330,LONG,reference_validation,2025-08-27 03:30:00+00:00,2025-08-27 09:00:00+00:00,4643.93,4552.47,2025-08-27 13:40:00+00:00,True,2025-08-27 13:45:00+00:00,2025-08-27 13:50:00+00:00,H2,2025-08-27 14:30:00+00:00
RAW_0530,LONG,reference_validation,2025-08-27 05:30:00+00:00,2025-08-27 11:00:00+00:00,4626.0,4553.0,2025-08-27 13:40:00+00:00,True,2025-08-27 13:55:00+00:00,2025-08-27 14:00:00+00:00,H2,2025-08-27 14:25:00+00:00
SHORT_2000,SHORT,reference_validation,2025-08-28 20:00:00+00:00,2025-08-29 01:30:00+00:00,4514.66,4425.0,2025-08-29 07:00:00+00:00,False,,,BREAK_DURING_K1,2025-08-29 07:05:00+00:00
RAW_2330,LONG,reference_validation,2025-08-31 23:30:00+00:00,2025-09-01 05:00:00+00:00,4429.91,4356.61,2025-09-01 07:30:00+00:00,True,2025-09-01 07:35:00+00:00,2025-09-01 07:40:00+00:00,H2,2025-09-01 07:45:00+00:00
RAW_2330,LONG,reference_validation,2025-09-02 23:30:00+00:00,2025-09-03 05:00:00+00:00,4354.0,4281.0,2025-09-03 10:00:00+00:00,True,2025-09-03 10:05:00+00:00,2025-09-03 10:10:00+00:00,H2,2025-09-03 10:10:00+00:00
ALT_0330,LONG,reference_validation,2025-09-03 03:30:00+00:00,2025-09-03 09:00:00+00:00,4340.9,4285.0,2025-09-03 09:45:00+00:00,False,,,BREAK_DURING_K1,2025-09-03 09:50:00+00:00
RAW_0530,LONG,reference_validation,2025-09-03 05:30:00+00:00,2025-09-03 11:00:00+00:00,4375.88,4285.0,2025-09-03 11:05:00+00:00,True,2025-09-03 11:20:00+00:00,2025-09-03 11:25:00+00:00,H2,2025-09-03 11:35:00+00:00
SHORT_2000,SHORT,reference_validation,2025-09-03 20:00:00+00:00,2025-09-04 01:30:00+00:00,4480.99,4437.1,2025-09-04 02:30:00+00:00,False,,,BREAK_DURING_K1,2025-09-04 02:35:00+00:00
ALT_0330,LONG,reference_validation,2025-09-04 03:30:00+00:00,2025-09-04 09:00:00+00:00,4413.22,4353.36,2025-09-04 10:20:00+00:00,True,2025-09-04 10:25:00+00:00,2025-09-04 10:30:00+00:00,H2,2025-09-04 10:30:00+00:00
RAW_2330,LONG,reference_validation,2025-09-07 23:30:00+00:00,2025-09-08 05:00:00+00:00,4329.5,4276.21,2025-09-08 09:15:00+00:00,True,2025-09-08 09:20:00+00:00,2025-09-08 09:25:00+00:00,H2,2025-09-08 10:20:00+00:00
SHORT_2000,SHORT,reference_validation,2025-09-07 20:00:00+00:00,2025-09-08 01:30:00+00:00,4336.05,4279.02,2025-09-08 02:20:00+00:00,True,2025-09-08 02:30:00+00:00,2025-09-08 02:35:00+00:00,NO_H2,
ALT_0330,LONG,reference_validation,2025-09-08 03:30:00+00:00,2025-09-08 09:00:00+00:00,4329.5,4284.77,2025-09-08 09:15:00+00:00,True,2025-09-08 09:20:00+00:00,2025-09-08 09:25:00+00:00,H2,2025-09-08 10:20:00+00:00
LONDON,LONG,reference_validation,2025-09-08 08:00:00+00:00,2025-09-08 13:30:00+00:00,4362.02,4285.78,2025-09-08 15:10:00+00:00,False,,,BREAK_DURING_K1,2025-09-08 15:15:00+00:00
SHORT_2000,SHORT,reference_validation,2025-09-08 20:00:00+00:00,2025-09-09 01:30:00+00:00,4331.0,4280.22,2025-09-09 01:35:00+00:00,True,2025-09-09 01:40:00+00:00,2025-09-09 01:45:00+00:00,H2,2025-09-09 02:05:00+00:00
RAW_2330,LONG,reference_validation,2025-09-10 23:30:00+00:00,2025-09-11 05:00:00+00:00,4417.45,4336.59,2025-09-11 05:35:00+00:00,False,,,BREAK_DURING_K1,2025-09-11 05:50:00+00:00
ALT_0330,LONG,reference_validation,2025-09-12 03:30:00+00:00,2025-09-12 09:00:00+00:00,4562.0,4486.05,2025-09-12 14:05:00+00:00,True,2025-09-12 14:10:00+00:00,2025-09-12 14:15:00+00:00,H2,2025-09-12 14:15:00+00:00
SHORT_2000,SHORT,reference_validation,2025-09-15 20:00:00+00:00,2025-09-16 01:30:00+00:00,4536.31,4486.04,2025-09-16 04:15:00+00:00,True,2025-09-16 04:20:00+00:00,2025-09-16 04:25:00+00:00,NO_H2,
RAW_2330,LONG,reference_validation,2025-09-16 23:30:00+00:00,2025-09-17 05:00:00+00:00,4551.49,4461.38,2025-09-17 07:20:00+00:00,True,2025-09-17 07:25:00+00:00,2025-09-17 07:30:00+00:00,NO_H2,
RAW_0530,LONG,reference_validation,2025-09-18 05:30:00+00:00,2025-09-18 11:00:00+00:00,4606.49,4551.75,2025-09-18 14:10:00+00:00,False,,,BREAK_DURING_K1,2025-09-18 14:15:00+00:00
SHORT_2000,SHORT,reference_validation,2025-09-21 20:00:00+00:00,2025-09-22 01:30:00+00:00,4492.92,4318.38,2025-09-22 02:00:00+00:00,True,2025-09-22 02:05:00+00:00,2025-09-22 02:10:00+00:00,H2,2025-09-22 02:20:00+00:00
LONDON,LONG,reference_validation,2025-09-22 08:00:00+00:00,2025-09-22 13:30:00+00:00,4215.25,4135.0,2025-09-22 14:20:00+00:00,True,2025-09-22 14:35:00+00:00,2025-09-22 14:40:00+00:00,OPPOSITE,2025-09-22 19:55:00+00:00
RAW_2330,LONG,reference_validation,2025-09-22 23:30:00+00:00,2025-09-23 05:00:00+00:00,4209.99,4112.43,2025-09-23 06:35:00+00:00,True,2025-09-23 06:40:00+00:00,2025-09-23 06:45:00+00:00,H2,2025-09-23 06:45:00+00:00
RAW_2330,LONG,reference_validation,2025-09-23 23:30:00+00:00,2025-09-24 05:00:00+00:00,4193.0,4070.0,2025-09-24 11:10:00+00:00,True,2025-09-24 11:20:00+00:00,2025-09-24 11:25:00+00:00,NO_H2,
ALT_0330,LONG,reference_validation,2025-09-24 03:30:00+00:00,2025-09-24 09:00:00+00:00,4182.72,4070.0,2025-09-24 09:35:00+00:00,True,2025-09-24 09:40:00+00:00,2025-09-24 09:45:00+00:00,H2,2025-09-24 11:10:00+00:00
SHORT_2000,SHORT,reference_validation,2025-09-24 20:00:00+00:00,2025-09-25 01:30:00+00:00,4169.6,4094.27,2025-09-25 01:30:00+00:00,False,,,BREAK_DURING_K1,2025-09-25 01:35:00+00:00
LONDON,LONG,reference_validation,2025-09-26 08:00:00+00:00,2025-09-26 13:30:00+00:00,3961.0,3871.0,2025-09-26 13:45:00+00:00,False,,,BREAK_DURING_K1,2025-09-26 13:50:00+00:00
ALT_0330,LONG,reference_validation,2025-09-29 03:30:00+00:00,2025-09-29 09:00:00+00:00,4135.0,4086.23,2025-09-29 09:25:00+00:00,True,2025-09-29 09:30:00+00:00,2025-09-29 09:35:00+00:00,H2,2025-09-29 09:35:00+00:00
SHORT_2000,SHORT,reference_validation,2025-09-29 20:00:00+00:00,2025-09-30 01:30:00+00:00,4246.87,4179.41,2025-09-30 05:10:00+00:00,False,,,BREAK_DURING_K1,2025-09-30 05:15:00+00:00
ALT_0330,LONG,reference_validation,2025-10-01 03:30:00+00:00,2025-10-01 09:00:00+00:00,4329.0,4121.33,2025-10-01 14:30:00+00:00,False,,,BREAK_DURING_K1,2025-10-01 14:35:00+00:00
RAW_0530,LONG,reference_validation,2025-10-01 05:30:00+00:00,2025-10-01 11:00:00+00:00,4329.0,4121.33,2025-10-01 14:30:00+00:00,False,,,BREAK_DURING_K1,2025-10-01 14:35:00+00:00
LONDON,LONG,reference_validation,2025-10-01 08:00:00+00:00,2025-10-01 13:30:00+00:00,4329.0,4141.37,2025-10-01 14:30:00+00:00,False,,,BREAK_DURING_K1,2025-10-01 14:35:00+00:00
LONDON,LONG,reference_validation,2025-10-02 08:00:00+00:00,2025-10-02 13:30:00+00:00,4416.96,4366.34,2025-10-02 14:00:00+00:00,True,2025-10-02 14:10:00+00:00,2025-10-02 14:15:00+00:00,H2,2025-10-02 14:25:00+00:00
RAW_0530,LONG,reference_validation,2025-10-03 05:30:00+00:00,2025-10-03 11:00:00+00:00,4493.08,4426.0,2025-10-03 13:30:00+00:00,True,2025-10-03 13:35:00+00:00,2025-10-03 13:40:00+00:00,H2,2025-10-03 15:20:00+00:00
LONDON,LONG,reference_validation,2025-10-03 08:00:00+00:00,2025-10-03 13:30:00+00:00,4493.08,4426.0,2025-10-03 13:30:00+00:00,True,2025-10-03 13:35:00+00:00,2025-10-03 13:40:00+00:00,H2,2025-10-03 15:20:00+00:00
RAW_2330,LONG,reference_validation,2025-10-05 23:30:00+00:00,2025-10-06 05:00:00+00:00,4551.74,4486.05,2025-10-06 06:15:00+00:00,True,2025-10-06 06:20:00+00:00,2025-10-06 06:25:00+00:00,H2,2025-10-06 06:25:00+00:00
ALT_0330,LONG,reference_validation,2025-10-06 03:30:00+00:00,2025-10-06 09:00:00+00:00,4576.58,4507.63,2025-10-06 10:00:00+00:00,True,2025-10-06 10:05:00+00:00,2025-10-06 10:10:00+00:00,H2,2025-10-06 11:25:00+00:00
RAW_2330,LONG,reference_validation,2025-10-07 23:30:00+00:00,2025-10-08 05:00:00+00:00,4497.05,4408.69,2025-10-08 10:35:00+00:00,True,2025-10-08 10:45:00+00:00,2025-10-08 10:50:00+00:00,H2,2025-10-08 10:55:00+00:00
SHORT_2000,SHORT,reference_validation,2025-10-07 20:00:00+00:00,2025-10-08 01:30:00+00:00,4514.66,4422.44,2025-10-08 04:10:00+00:00,True,2025-10-08 04:15:00+00:00,2025-10-08 04:20:00+00:00,H2,2025-10-08 05:25:00+00:00
ALT_0330,LONG,reference_validation,2025-10-08 03:30:00+00:00,2025-10-08 09:00:00+00:00,4494.38,4408.69,2025-10-08 10:35:00+00:00,False,,,BREAK_DURING_K1,2025-10-08 10:45:00+00:00
RAW_0530,LONG,reference_validation,2025-10-08 05:30:00+00:00,2025-10-08 11:00:00+00:00,4502.97,4418.58,2025-10-08 11:10:00+00:00,True,2025-10-08 11:15:00+00:00,2025-10-08 11:20:00+00:00,H2,2025-10-08 14:00:00+00:00
SHORT_2000,SHORT,reference_validation,2025-10-08 20:00:00+00:00,2025-10-09 01:30:00+00:00,4537.73,4469.36,2025-10-09 01:30:00+00:00,False,,,BREAK_DURING_K1,2025-10-09 01:35:00+00:00
SHORT_2000,SHORT,reference_validation,2025-10-09 20:00:00+00:00,2025-10-10 01:30:00+00:00,4392.0,4325.3,2025-10-10 05:05:00+00:00,True,2025-10-10 05:10:00+00:00,2025-10-10 05:15:00+00:00,H2,2025-10-10 06:45:00+00:00
RAW_0530,LONG,reference_validation,2025-10-14 05:30:00+00:00,2025-10-14 11:00:00+00:00,4102.48,3885.09,2025-10-14 16:15:00+00:00,False,,,BREAK_DURING_K1,2025-10-14 16:20:00+00:00
LONDON,LONG,reference_validation,2025-10-14 08:00:00+00:00,2025-10-14 13:30:00+00:00,4013.42,3885.09,2025-10-14 14:15:00+00:00,True,2025-10-14 14:20:00+00:00,2025-10-14 14:25:00+00:00,H2,2025-10-14 15:40:00+00:00
RAW_2330,LONG,reference_validation,2025-10-14 23:30:00+00:00,2025-10-15 05:00:00+00:00,4144.49,4059.0,2025-10-15 08:20:00+00:00,False,,,BREAK_DURING_K1,2025-10-15 08:25:00+00:00
RAW_0530,LONG,reference_validation,2025-10-16 05:30:00+00:00,2025-10-16 11:00:00+00:00,4077.54,3937.3,2025-10-16 12:00:00+00:00,True,2025-10-16 12:05:00+00:00,2025-10-16 12:10:00+00:00,OPPOSITE,2025-10-16 15:45:00+00:00
SHORT_2000,SHORT,reference_validation,2025-10-20 20:00:00+00:00,2025-10-21 01:30:00+00:00,4001.96,3952.14,2025-10-21 01:35:00+00:00,True,2025-10-21 01:40:00+00:00,2025-10-21 01:45:00+00:00,H2,2025-10-21 01:45:00+00:00
ALT_0330,LONG,reference_validation,2025-10-24 03:30:00+00:00,2025-10-24 09:00:00+00:00,3988.0,3876.8,2025-10-24 12:30:00+00:00,True,2025-10-24 12:35:00+00:00,2025-10-24 12:40:00+00:00,NO_H2,
SHORT_2000,SHORT,reference_validation,2025-10-29 20:00:00+00:00,2025-10-30 01:30:00+00:00,3962.55,3871.17,2025-10-30 04:15:00+00:00,False,,,BREAK_DURING_K1,2025-10-30 04:20:00+00:00
ALT_0330,LONG,reference_validation,2025-10-31 03:30:00+00:00,2025-10-31 09:00:00+00:00,3872.0,3815.53,2025-10-31 11:50:00+00:00,False,,,BREAK_DURING_K1,2025-10-31 11:55:00+00:00
SHORT_2000,SHORT,reference_validation,2025-11-02 20:00:00+00:00,2025-11-03 01:30:00+00:00,3915.0,3838.41,2025-11-03 01:35:00+00:00,False,,,BREAK_DURING_K1,2025-11-03 01:50:00+00:00
LONDON,LONG,reference_validation,2025-11-03 08:00:00+00:00,2025-11-03 13:30:00+00:00,3739.98,3650.13,2025-11-03 14:05:00+00:00,True,2025-11-03 14:10:00+00:00,2025-11-03 14:15:00+00:00,OPPOSITE,2025-11-03 15:25:00+00:00
RAW_0530,LONG,reference_validation,2025-11-04 05:30:00+00:00,2025-11-04 11:00:00+00:00,3560.98,3460.0,2025-11-04 14:55:00+00:00,False,,,BREAK_DURING_K1,2025-11-04 15:00:00+00:00
RAW_2330,LONG,reference_validation,2025-11-04 23:30:00+00:00,2025-11-05 05:00:00+00:00,3347.75,3165.41,2025-11-05 05:10:00+00:00,True,2025-11-05 05:20:00+00:00,2025-11-05 05:25:00+00:00,NO_H2,
LONDON,LONG,reference_validation,2025-11-05 08:00:00+00:00,2025-11-05 13:30:00+00:00,3359.02,3272.24,2025-11-05 13:40:00+00:00,False,,,BREAK_DURING_K1,2025-11-05 13:50:00+00:00
RAW_2330,LONG,reference_validation,2025-11-06 23:30:00+00:00,2025-11-07 05:00:00+00:00,3364.0,3273.04,2025-11-07 05:50:00+00:00,False,,,BREAK_DURING_K1,2025-11-07 05:55:00+00:00
RAW_2330,LONG,reference_validation,2025-11-11 23:30:00+00:00,2025-11-12 05:00:00+00:00,3454.68,3407.45,2025-11-12 05:25:00+00:00,True,2025-11-12 05:30:00+00:00,2025-11-12 05:35:00+00:00,H2,2025-11-12 06:15:00+00:00
LONDON,LONG,reference_validation,2025-11-14 08:00:00+00:00,2025-11-14 13:30:00+00:00,3217.8,3068.0,2025-11-14 14:45:00+00:00,True,2025-11-14 14:55:00+00:00,2025-11-14 15:00:00+00:00,H2,2025-11-14 15:45:00+00:00
ALT_0330,LONG,reference_validation,2025-11-17 03:30:00+00:00,2025-11-17 09:00:00+00:00,3209.77,3165.0,2025-11-17 09:15:00+00:00,True,2025-11-17 09:20:00+00:00,2025-11-17 09:25:00+00:00,H2,2025-11-17 11:30:00+00:00
SHORT_2000,SHORT,reference_validation,2025-11-17 20:00:00+00:00,2025-11-18 01:30:00+00:00,3049.0,2958.0,2025-11-18 03:00:00+00:00,True,2025-11-18 03:10:00+00:00,2025-11-18 03:15:00+00:00,H2,2025-11-18 03:30:00+00:00
ALT_0330,LONG,reference_validation,2025-11-18 03:30:00+00:00,2025-11-18 09:00:00+00:00,3066.89,2951.69,2025-11-18 10:15:00+00:00,True,2025-11-18 10:20:00+00:00,2025-11-18 10:25:00+00:00,H2,2025-11-18 10:30:00+00:00
RAW_0530,LONG,reference_validation,2025-11-18 05:30:00+00:00,2025-11-18 11:00:00+00:00,3071.98,2972.28,2025-11-18 11:20:00+00:00,True,2025-11-18 11:25:00+00:00,2025-11-18 11:30:00+00:00,H2,2025-11-18 14:30:00+00:00
SHORT_2000,SHORT,reference_validation,2025-11-18 20:00:00+00:00,2025-11-19 01:30:00+00:00,3149.46,3075.22,2025-11-19 03:35:00+00:00,False,,,BREAK_DURING_K1,2025-11-19 03:45:00+00:00
RAW_2330,LONG,reference_validation,2025-11-19 23:30:00+00:00,2025-11-20 05:00:00+00:00,3057.0,3003.41,2025-11-20 05:05:00+00:00,True,2025-11-20 05:10:00+00:00,2025-11-20 05:15:00+00:00,OPPOSITE,2025-11-20 09:45:00+00:00
RAW_0530,LONG,reference_validation,2025-11-20 05:30:00+00:00,2025-11-20 11:00:00+00:00,3043.81,2990.47,2025-11-20 13:30:00+00:00,True,2025-11-20 13:35:00+00:00,2025-11-20 13:40:00+00:00,OPPOSITE,2025-11-20 14:00:00+00:00
LONDON,LONG,reference_validation,2025-11-20 08:00:00+00:00,2025-11-20 13:30:00+00:00,3043.68,2990.47,2025-11-20 13:30:00+00:00,True,2025-11-20 13:35:00+00:00,2025-11-20 13:40:00+00:00,OPPOSITE,2025-11-20 14:00:00+00:00
LONDON,LONG,reference_validation,2025-11-21 08:00:00+00:00,2025-11-21 13:30:00+00:00,2760.87,2620.0,2025-11-21 13:45:00+00:00,True,2025-11-21 13:55:00+00:00,2025-11-21 14:00:00+00:00,H2,2025-11-21 14:30:00+00:00
LONDON,LONG,reference_validation,2025-11-24 08:00:00+00:00,2025-11-24 13:30:00+00:00,2841.92,2786.01,2025-11-24 14:35:00+00:00,True,2025-11-24 14:40:00+00:00,2025-11-24 14:45:00+00:00,H2,2025-11-24 15:30:00+00:00
LONDON,LONG,reference_validation,2025-11-26 08:00:00+00:00,2025-11-26 13:30:00+00:00,2949.25,2887.09,2025-11-26 16:15:00+00:00,False,,,BREAK_DURING_K1,2025-11-26 16:20:00+00:00
SHORT_2000,SHORT,reference_validation,2025-11-27 20:00:00+00:00,2025-11-28 01:30:00+00:00,3043.5,2993.1,2025-11-28 01:50:00+00:00,True,2025-11-28 01:55:00+00:00,2025-11-28 02:00:00+00:00,NO_H2,
ALT_0330,LONG,reference_validation,2025-11-28 03:30:00+00:00,2025-11-28 09:00:00+00:00,3080.0,2998.4,2025-11-28 13:45:00+00:00,True,2025-11-28 13:50:00+00:00,2025-11-28 13:55:00+00:00,H2,2025-11-28 14:20:00+00:00
RAW_0530,LONG,reference_validation,2025-11-28 05:30:00+00:00,2025-11-28 11:00:00+00:00,3080.0,2998.4,2025-11-28 13:45:00+00:00,True,2025-11-28 13:50:00+00:00,2025-11-28 13:55:00+00:00,H2,2025-11-28 14:20:00+00:00
LONDON,LONG,reference_validation,2025-11-28 08:00:00+00:00,2025-11-28 13:30:00+00:00,3080.0,2999.7,2025-11-28 13:45:00+00:00,True,2025-11-28 13:50:00+00:00,2025-11-28 13:55:00+00:00,H2,2025-11-28 14:20:00+00:00
SHORT_2000,SHORT,reference_validation,2025-11-30 20:00:00+00:00,2025-12-01 01:30:00+00:00,3040.0,2830.0,2025-12-01 02:35:00+00:00,True,2025-12-01 02:40:00+00:00,2025-12-01 02:45:00+00:00,H2,2025-12-01 03:05:00+00:00
ALT_0330,LONG,reference_validation,2025-12-01 03:30:00+00:00,2025-12-01 09:00:00+00:00,2844.72,2805.55,2025-12-01 09:00:00+00:00,True,2025-12-01 09:10:00+00:00,2025-12-01 09:15:00+00:00,H2,2025-12-01 10:05:00+00:00
LONDON,LONG,reference_validation,2025-12-02 08:00:00+00:00,2025-12-02 13:30:00+00:00,2843.85,2780.6,2025-12-02 13:55:00+00:00,False,,,BREAK_DURING_K1,2025-12-02 14:05:00+00:00
ALT_0330,LONG,reference_validation,2025-12-03 03:30:00+00:00,2025-12-03 09:00:00+00:00,3084.34,3028.05,2025-12-03 12:20:00+00:00,True,2025-12-03 12:25:00+00:00,2025-12-03 12:30:00+00:00,H2,2025-12-03 13:00:00+00:00
RAW_0530,LONG,reference_validation,2025-12-03 05:30:00+00:00,2025-12-03 11:00:00+00:00,3084.34,3041.95,2025-12-03 12:20:00+00:00,True,2025-12-03 12:25:00+00:00,2025-12-03 12:30:00+00:00,H2,2025-12-03 13:00:00+00:00
RAW_2330,LONG,reference_validation,2025-12-07 23:30:00+00:00,2025-12-08 05:00:00+00:00,3137.02,3034.32,2025-12-08 05:35:00+00:00,True,2025-12-08 05:40:00+00:00,2025-12-08 05:45:00+00:00,H2,2025-12-08 05:50:00+00:00
SHORT_2000,SHORT,reference_validation,2025-12-08 20:00:00+00:00,2025-12-09 01:30:00+00:00,3152.0,3103.61,2025-12-09 01:30:00+00:00,True,2025-12-09 01:40:00+00:00,2025-12-09 01:45:00+00:00,H2,2025-12-09 01:45:00+00:00
RAW_2330,LONG,reference_validation,2025-12-09 23:30:00+00:00,2025-12-10 05:00:00+00:00,3333.78,3286.58,2025-12-10 05:15:00+00:00,True,2025-12-10 05:20:00+00:00,2025-12-10 05:25:00+00:00,H2,2025-12-10 09:45:00+00:00
ALT_0330,LONG,reference_validation,2025-12-10 03:30:00+00:00,2025-12-10 09:00:00+00:00,3334.92,3305.15,2025-12-10 09:45:00+00:00,False,,,BREAK_DURING_K1,2025-12-10 09:50:00+00:00
LONDON,LONG,reference_validation,2025-12-10 08:00:00+00:00,2025-12-10 13:30:00+00:00,3374.93,3295.56,2025-12-10 17:15:00+00:00,False,,,BREAK_DURING_K1,2025-12-10 17:20:00+00:00
SHORT_2000,SHORT,reference_validation,2025-12-15 20:00:00+00:00,2025-12-16 01:30:00+00:00,2976.94,2915.18,2025-12-16 04:25:00+00:00,False,,,BREAK_DURING_K1,2025-12-16 04:30:00+00:00
LONDON,LONG,reference_validation,2025-12-16 08:00:00+00:00,2025-12-16 13:30:00+00:00,2975.65,2918.25,2025-12-16 13:30:00+00:00,True,2025-12-16 13:35:00+00:00,2025-12-16 13:40:00+00:00,OPPOSITE,2025-12-16 13:55:00+00:00
SHORT_2000,SHORT,reference_validation,2025-12-16 20:00:00+00:00,2025-12-17 01:30:00+00:00,2973.52,2936.46,2025-12-17 04:20:00+00:00,True,2025-12-17 04:25:00+00:00,2025-12-17 04:30:00+00:00,H2,2025-12-17 04:30:00+00:00
RAW_0530,LONG,reference_validation,2025-12-17 05:30:00+00:00,2025-12-17 11:00:00+00:00,2953.12,2905.29,2025-12-17 13:45:00+00:00,True,2025-12-17 13:50:00+00:00,2025-12-17 13:55:00+00:00,OPPOSITE,2025-12-17 14:45:00+00:00
LONDON,LONG,reference_validation,2025-12-17 08:00:00+00:00,2025-12-17 13:30:00+00:00,2946.59,2905.29,2025-12-17 13:45:00+00:00,True,2025-12-17 13:50:00+00:00,2025-12-17 13:55:00+00:00,H2,2025-12-17 13:55:00+00:00
ALT_0330,LONG,reference_validation,2025-12-18 03:30:00+00:00,2025-12-18 09:00:00+00:00,2851.75,2821.0,2025-12-18 09:30:00+00:00,False,,,BREAK_DURING_K1,2025-12-18 09:40:00+00:00
LONDON,LONG,reference_validation,2025-12-18 08:00:00+00:00,2025-12-18 13:30:00+00:00,2910.0,2830.26,2025-12-18 13:30:00+00:00,False,,,BREAK_DURING_K1,2025-12-18 13:35:00+00:00
ALT_0330,LONG,reference_validation,2025-12-19 03:30:00+00:00,2025-12-19 09:00:00+00:00,2984.0,2883.29,2025-12-19 14:15:00+00:00,True,2025-12-19 14:20:00+00:00,2025-12-19 14:25:00+00:00,H2,2025-12-19 14:40:00+00:00
RAW_0530,LONG,reference_validation,2025-12-19 05:30:00+00:00,2025-12-19 11:00:00+00:00,2984.0,2911.06,2025-12-19 14:15:00+00:00,True,2025-12-19 14:20:00+00:00,2025-12-19 14:25:00+00:00,H2,2025-12-19 14:40:00+00:00
SHORT_2000,SHORT,reference_validation,2025-12-21 20:00:00+00:00,2025-12-22 01:30:00+00:00,3060.39,2969.45,2025-12-22 02:05:00+00:00,True,2025-12-22 02:10:00+00:00,2025-12-22 02:15:00+00:00,NO_H2,
ALT_0330,LONG,reference_validation,2025-12-22 03:30:00+00:00,2025-12-22 09:00:00+00:00,3055.0,3016.88,2025-12-22 11:45:00+00:00,True,2025-12-22 11:50:00+00:00,2025-12-22 11:55:00+00:00,H2,2025-12-22 12:15:00+00:00
RAW_0530,LONG,reference_validation,2025-12-22 05:30:00+00:00,2025-12-22 11:00:00+00:00,3055.0,3021.0,2025-12-22 11:45:00+00:00,True,2025-12-22 11:50:00+00:00,2025-12-22 11:55:00+00:00,H2,2025-12-22 12:15:00+00:00
SHORT_2000,SHORT,reference_validation,2025-12-23 20:00:00+00:00,2025-12-24 01:30:00+00:00,2987.74,2939.19,2025-12-24 02:30:00+00:00,False,,,BREAK_DURING_K1,2025-12-24 02:35:00+00:00
SHORT_2000,SHORT,reference_validation,2025-12-29 20:00:00+00:00,2025-12-30 01:30:00+00:00,2943.2,2924.5,2025-12-30 01:35:00+00:00,True,2025-12-30 01:40:00+00:00,2025-12-30 01:45:00+00:00,H2,2025-12-30 02:30:00+00:00
ALT_0330,LONG,reference_validation,2025-12-30 03:30:00+00:00,2025-12-30 09:00:00+00:00,3003.0,2935.7,2025-12-30 14:50:00+00:00,True,2025-12-30 15:00:00+00:00,2025-12-30 15:05:00+00:00,NO_H2,
RAW_0530,LONG,reference_validation,2025-12-30 05:30:00+00:00,2025-12-30 11:00:00+00:00,3003.0,2935.88,2025-12-30 14:50:00+00:00,True,2025-12-30 15:00:00+00:00,2025-12-30 15:05:00+00:00,NO_H2,
LONDON,LONG,reference_validation,2025-12-30 08:00:00+00:00,2025-12-30 13:30:00+00:00,3003.0,2948.81,2025-12-30 14:50:00+00:00,True,2025-12-30 15:00:00+00:00,2025-12-30 15:05:00+00:00,NO_H2,
ALT_0330,LONG,reference_validation,2025-12-31 03:30:00+00:00,2025-12-31 09:00:00+00:00,2978.58,2962.21,2025-12-31 10:10:00+00:00,False,,,BREAK_DURING_K1,2025-12-31 10:15:00+00:00
RAW_2330,LONG,reference_validation,2025-12-31 23:30:00+00:00,2026-01-01 05:00:00+00:00,2988.48,2969.01,2026-01-01 11:15:00+00:00,True,2026-01-01 11:20:00+00:00,2026-01-01 11:25:00+00:00,NO_H2,
RAW_2330,LONG,reference_validation,2026-01-01 23:30:00+00:00,2026-01-02 05:00:00+00:00,3034.36,2990.67,2026-01-02 06:40:00+00:00,True,2026-01-02 06:50:00+00:00,2026-01-02 06:55:00+00:00,H2,2026-01-02 09:05:00+00:00
RAW_0530,LONG,reference_validation,2026-01-05 05:30:00+00:00,2026-01-05 11:00:00+00:00,3177.9,3131.47,2026-01-05 11:20:00+00:00,True,2026-01-05 11:30:00+00:00,2026-01-05 11:35:00+00:00,H2,2026-01-05 11:45:00+00:00
ALT_0330,LONG,reference_validation,2026-01-06 03:30:00+00:00,2026-01-06 09:00:00+00:00,3254.94,3210.02,2026-01-06 14:05:00+00:00,False,,,BREAK_DURING_K1,2026-01-06 14:10:00+00:00
RAW_0530,LONG,reference_validation,2026-01-06 05:30:00+00:00,2026-01-06 11:00:00+00:00,3254.94,3210.02,2026-01-06 14:05:00+00:00,False,,,BREAK_DURING_K1,2026-01-06 14:10:00+00:00
LONDON,LONG,reference_validation,2026-01-09 08:00:00+00:00,2026-01-09 13:30:00+00:00,3114.32,3066.0,2026-01-09 13:30:00+00:00,True,2026-01-09 13:35:00+00:00,2026-01-09 13:40:00+00:00,OPPOSITE,2026-01-09 14:45:00+00:00
ALT_0330,LONG,reference_validation,2026-01-13 03:30:00+00:00,2026-01-13 09:00:00+00:00,3145.71,3109.1,2026-01-13 09:20:00+00:00,True,2026-01-13 09:25:00+00:00,2026-01-13 09:30:00+00:00,H2,2026-01-13 13:30:00+00:00
SHORT_2000,SHORT,reference_validation,2026-01-15 20:00:00+00:00,2026-01-16 01:30:00+00:00,3325.34,3275.0,2026-01-16 04:40:00+00:00,True,2026-01-16 04:45:00+00:00,2026-01-16 04:50:00+00:00,NO_H2,
ALT_0330,LONG,reference_validation,2026-01-19 03:30:00+00:00,2026-01-19 09:00:00+00:00,3221.0,3184.15,2026-01-19 11:15:00+00:00,False,,,BREAK_DURING_K1,2026-01-19 11:20:00+00:00
RAW_0530,LONG,reference_validation,2026-01-19 05:30:00+00:00,2026-01-19 11:00:00+00:00,3221.0,3184.15,2026-01-19 11:15:00+00:00,False,,,BREAK_DURING_K1,2026-01-19 11:20:00+00:00
LONDON,LONG,reference_validation,2026-01-21 08:00:00+00:00,2026-01-21 13:30:00+00:00,2973.62,2900.31,2026-01-21 14:10:00+00:00,False,,,BREAK_DURING_K1,2026-01-21 14:20:00+00:00
RAW_2330,LONG,reference_validation,2026-01-25 23:30:00+00:00,2026-01-26 05:00:00+00:00,2898.02,2796.51,2026-01-26 07:15:00+00:00,False,,,BREAK_DURING_K1,2026-01-26 07:20:00+00:00
LONDON,LONG,reference_validation,2026-01-27 08:00:00+00:00,2026-01-27 13:30:00+00:00,2931.46,2898.89,2026-01-27 14:15:00+00:00,False,,,BREAK_DURING_K1,2026-01-27 14:20:00+00:00
RAW_0530,LONG,reference_validation,2026-01-28 05:30:00+00:00,2026-01-28 11:00:00+00:00,3038.86,2985.33,2026-01-28 11:45:00+00:00,False,,,BREAK_DURING_K1,2026-01-28 11:50:00+00:00
LONDON,LONG,reference_validation,2026-02-02 08:00:00+00:00,2026-02-02 13:30:00+00:00,2328.0,2227.56,2026-02-02 13:50:00+00:00,True,2026-02-02 14:05:00+00:00,2026-02-02 14:10:00+00:00,H2,2026-02-02 14:30:00+00:00
SHORT_2000,SHORT,reference_validation,2026-02-04 20:00:00+00:00,2026-02-05 01:30:00+00:00,2192.3,2086.0,2026-02-05 04:10:00+00:00,True,2026-02-05 04:20:00+00:00,2026-02-05 04:25:00+00:00,H2,2026-02-05 04:25:00+00:00
ALT_0330,LONG,reference_validation,2026-02-06 03:30:00+00:00,2026-02-06 09:00:00+00:00,1974.83,1865.24,2026-02-06 14:30:00+00:00,False,,,BREAK_DURING_K1,2026-02-06 14:35:00+00:00
RAW_0530,LONG,reference_validation,2026-02-06 05:30:00+00:00,2026-02-06 11:00:00+00:00,1974.83,1865.24,2026-02-06 14:30:00+00:00,False,,,BREAK_DURING_K1,2026-02-06 14:35:00+00:00
RAW_0530,LONG,reference_validation,2026-02-11 05:30:00+00:00,2026-02-11 11:00:00+00:00,1979.55,1930.39,2026-02-11 14:00:00+00:00,False,,,BREAK_DURING_K1,2026-02-11 14:10:00+00:00
LONDON,LONG,reference_validation,2026-02-11 08:00:00+00:00,2026-02-11 13:30:00+00:00,1966.73,1930.39,2026-02-11 13:30:00+00:00,True,2026-02-11 13:35:00+00:00,2026-02-11 13:40:00+00:00,H2,2026-02-11 14:00:00+00:00
ALT_0330,LONG,reference_validation,2026-02-12 03:30:00+00:00,2026-02-12 09:00:00+00:00,1982.36,1952.24,2026-02-12 09:55:00+00:00,False,,,BREAK_DURING_K1,2026-02-12 10:00:00+00:00
ALT_0330,LONG,reference_validation,2026-02-13 03:30:00+00:00,2026-02-13 09:00:00+00:00,1964.5,1923.29,2026-02-13 09:30:00+00:00,True,2026-02-13 09:35:00+00:00,2026-02-13 09:40:00+00:00,H2,2026-02-13 09:45:00+00:00
RAW_0530,LONG,reference_validation,2026-02-13 05:30:00+00:00,2026-02-13 11:00:00+00:00,1968.49,1923.29,2026-02-13 13:25:00+00:00,False,,,BREAK_DURING_K1,2026-02-13 13:30:00+00:00
RAW_0530,LONG,reference_validation,2026-02-16 05:30:00+00:00,2026-02-16 11:00:00+00:00,1992.23,1951.59,2026-02-16 12:25:00+00:00,False,,,BREAK_DURING_K1,2026-02-16 12:30:00+00:00
RAW_2330,LONG,reference_validation,2026-02-17 23:30:00+00:00,2026-02-18 05:00:00+00:00,2001.69,1967.27,2026-02-18 05:25:00+00:00,True,2026-02-18 05:30:00+00:00,2026-02-18 05:35:00+00:00,H2,2026-02-18 06:20:00+00:00
RAW_2330,LONG,reference_validation,2026-02-19 23:30:00+00:00,2026-02-20 05:00:00+00:00,1963.56,1928.52,2026-02-20 05:35:00+00:00,True,2026-02-20 05:40:00+00:00,2026-02-20 05:45:00+00:00,H2,2026-02-20 07:35:00+00:00
ALT_0330,LONG,reference_validation,2026-02-20 03:30:00+00:00,2026-02-20 09:00:00+00:00,1967.96,1928.52,2026-02-20 09:00:00+00:00,True,2026-02-20 09:05:00+00:00,2026-02-20 09:10:00+00:00,H2,2026-02-20 09:10:00+00:00
ALT_0330,LONG,reference_validation,2026-02-25 03:30:00+00:00,2026-02-25 09:00:00+00:00,1913.82,1877.06,2026-02-25 09:10:00+00:00,True,2026-02-25 09:15:00+00:00,2026-02-25 09:20:00+00:00,H2,2026-02-25 09:20:00+00:00
LONDON,LONG,reference_validation,2026-02-25 08:00:00+00:00,2026-02-25 13:30:00+00:00,1966.46,1889.24,2026-02-25 13:40:00+00:00,False,,,BREAK_DURING_K1,2026-02-25 13:45:00+00:00
ALT_0330,LONG,reference_validation,2026-03-02 03:30:00+00:00,2026-03-02 09:00:00+00:00,1984.45,1916.0,2026-03-02 14:50:00+00:00,True,2026-03-02 14:55:00+00:00,2026-03-02 15:00:00+00:00,H2,2026-03-02 15:00:00+00:00
RAW_0530,LONG,reference_validation,2026-03-02 05:30:00+00:00,2026-03-02 11:00:00+00:00,1984.45,1916.0,2026-03-02 14:50:00+00:00,True,2026-03-02 14:55:00+00:00,2026-03-02 15:00:00+00:00,H2,2026-03-02 15:00:00+00:00
SHORT_2000,SHORT,reference_validation,2026-03-02 20:00:00+00:00,2026-03-03 01:30:00+00:00,2058.58,2018.12,2026-03-03 01:55:00+00:00,False,,,BREAK_DURING_K1,2026-03-03 02:00:00+00:00
ALT_0330,LONG,reference_validation,2026-03-04 03:30:00+00:00,2026-03-04 09:00:00+00:00,2066.63,1943.4,2026-03-04 09:00:00+00:00,False,,,BREAK_DURING_K1,2026-03-04 09:10:00+00:00
ALT_0330,LONG,reference_validation,2026-03-05 03:30:00+00:00,2026-03-05 09:00:00+00:00,2144.37,2092.43,2026-03-05 10:25:00+00:00,False,,,BREAK_DURING_K1,2026-03-05 10:30:00+00:00
SHORT_2000,SHORT,reference_validation,2026-03-05 20:00:00+00:00,2026-03-06 01:30:00+00:00,2099.3,2060.6,2026-03-06 04:40:00+00:00,True,2026-03-06 04:45:00+00:00,2026-03-06 04:50:00+00:00,H2,2026-03-06 05:35:00+00:00
RAW_2330,LONG,reference_validation,2026-03-08 23:30:00+00:00,2026-03-09 05:00:00+00:00,2004.84,1928.2,2026-03-09 05:40:00+00:00,False,,,BREAK_DURING_K1,2026-03-09 05:45:00+00:00
RAW_2330,LONG,reference_validation,2026-03-09 23:30:00+00:00,2026-03-10 05:00:00+00:00,2053.93,1988.18,2026-03-10 07:20:00+00:00,True,2026-03-10 07:25:00+00:00,2026-03-10 07:30:00+00:00,H2,2026-03-10 08:00:00+00:00
SHORT_2000,SHORT,reference_validation,2026-03-10 20:00:00+00:00,2026-03-11 01:30:00+00:00,2048.0,2015.78,2026-03-11 05:40:00+00:00,False,,,BREAK_DURING_K1,2026-03-11 05:55:00+00:00
RAW_0530,LONG,reference_validation,2026-03-12 05:30:00+00:00,2026-03-12 11:00:00+00:00,2074.68,2019.63,2026-03-12 11:40:00+00:00,True,2026-03-12 11:50:00+00:00,2026-03-12 11:55:00+00:00,H2,2026-03-12 13:35:00+00:00
LONDON,LONG,reference_validation,2026-03-12 08:00:00+00:00,2026-03-12 13:30:00+00:00,2075.65,2036.75,2026-03-12 13:35:00+00:00,True,2026-03-12 13:40:00+00:00,2026-03-12 13:45:00+00:00,H2,2026-03-12 14:00:00+00:00
ALT_0330,LONG,reference_validation,2026-03-13 03:30:00+00:00,2026-03-13 09:00:00+00:00,2123.45,2088.52,2026-03-13 10:00:00+00:00,True,2026-03-13 10:05:00+00:00,2026-03-13 10:10:00+00:00,H2,2026-03-13 10:10:00+00:00
RAW_0530,LONG,reference_validation,2026-03-13 05:30:00+00:00,2026-03-13 11:00:00+00:00,2133.0,2088.52,2026-03-13 12:20:00+00:00,True,2026-03-13 12:25:00+00:00,2026-03-13 12:30:00+00:00,H2,2026-03-13 12:30:00+00:00
LONDON,LONG,reference_validation,2026-03-13 08:00:00+00:00,2026-03-13 13:30:00+00:00,2205.58,2090.09,2026-03-13 14:25:00+00:00,True,2026-03-13 14:30:00+00:00,2026-03-13 14:35:00+00:00,NO_H2,
RAW_2330,LONG,reference_validation,2026-03-15 23:30:00+00:00,2026-03-16 05:00:00+00:00,2279.97,2163.32,2026-03-16 05:55:00+00:00,True,2026-03-16 06:05:00+00:00,2026-03-16 06:10:00+00:00,NO_H2,
ALT_0330,LONG,reference_validation,2026-03-16 03:30:00+00:00,2026-03-16 09:00:00+00:00,2288.0,2199.9,2026-03-16 12:00:00+00:00,True,2026-03-16 12:05:00+00:00,2026-03-16 12:10:00+00:00,H2,2026-03-16 12:20:00+00:00
RAW_0530,LONG,reference_validation,2026-03-16 05:30:00+00:00,2026-03-16 11:00:00+00:00,2288.0,2233.0,2026-03-16 12:00:00+00:00,True,2026-03-16 12:05:00+00:00,2026-03-16 12:10:00+00:00,H2,2026-03-16 12:20:00+00:00
LONDON,LONG,reference_validation,2026-03-16 08:00:00+00:00,2026-03-16 13:30:00+00:00,2302.99,2233.0,2026-03-16 13:40:00+00:00,True,2026-03-16 13:45:00+00:00,2026-03-16 13:50:00+00:00,H2,2026-03-16 14:10:00+00:00
SHORT_2000,SHORT,reference_validation,2026-03-16 20:00:00+00:00,2026-03-17 01:30:00+00:00,2385.78,2322.37,2026-03-17 03:30:00+00:00,False,,,BREAK_DURING_K1,2026-03-17 03:40:00+00:00
ALT_0330,LONG,reference_validation,2026-03-17 03:30:00+00:00,2026-03-17 09:00:00+00:00,2337.5,2292.57,2026-03-17 13:30:00+00:00,False,,,BREAK_DURING_K1,2026-03-17 13:35:00+00:00
RAW_0530,LONG,reference_validation,2026-03-17 05:30:00+00:00,2026-03-17 11:00:00+00:00,2337.5,2296.67,2026-03-17 13:30:00+00:00,False,,,BREAK_DURING_K1,2026-03-17 13:35:00+00:00
LONDON,LONG,reference_validation,2026-03-17 08:00:00+00:00,2026-03-17 13:30:00+00:00,2334.73,2301.04,2026-03-17 13:30:00+00:00,False,,,BREAK_DURING_K1,2026-03-17 13:35:00+00:00
SHORT_2000,SHORT,reference_validation,2026-03-22 20:00:00+00:00,2026-03-23 01:30:00+00:00,2074.71,2024.11,2026-03-23 07:05:00+00:00,True,2026-03-23 07:10:00+00:00,2026-03-23 07:15:00+00:00,NO_H2,
SHORT_2000,SHORT,reference_validation,2026-03-23 20:00:00+00:00,2026-03-24 01:30:00+00:00,2165.87,2127.62,2026-03-24 01:40:00+00:00,True,2026-03-24 01:45:00+00:00,2026-03-24 01:50:00+00:00,NO_H2,
ALT_0330,LONG,reference_validation,2026-03-25 03:30:00+00:00,2026-03-25 09:00:00+00:00,2189.99,2151.48,2026-03-25 11:20:00+00:00,False,,,BREAK_DURING_K1,2026-03-25 11:25:00+00:00
RAW_0530,LONG,reference_validation,2026-03-25 05:30:00+00:00,2026-03-25 11:00:00+00:00,2189.99,2158.15,2026-03-25 11:20:00+00:00,False,,,BREAK_DURING_K1,2026-03-25 11:25:00+00:00
SHORT_2000,SHORT,reference_validation,2026-03-25 20:00:00+00:00,2026-03-26 01:30:00+00:00,2184.99,2158.01,2026-03-26 02:05:00+00:00,False,,,BREAK_DURING_K1,2026-03-26 02:15:00+00:00
SHORT_2000,SHORT,reference_validation,2026-03-26 20:00:00+00:00,2026-03-27 01:30:00+00:00,2080.25,2045.17,2026-03-27 04:00:00+00:00,False,,,BREAK_DURING_K1,2026-03-27 04:05:00+00:00
ALT_0330,LONG,reference_validation,2026-03-30 03:30:00+00:00,2026-03-30 09:00:00+00:00,2075.0,2032.37,2026-03-30 11:25:00+00:00,True,2026-03-30 11:30:00+00:00,2026-03-30 11:35:00+00:00,H2,2026-03-30 12:05:00+00:00
RAW_0530,LONG,reference_validation,2026-03-30 05:30:00+00:00,2026-03-30 11:00:00+00:00,2075.0,2040.08,2026-03-30 11:25:00+00:00,True,2026-03-30 11:30:00+00:00,2026-03-30 11:35:00+00:00,H2,2026-03-30 12:05:00+00:00
RAW_0530,LONG,reference_validation,2026-03-31 05:30:00+00:00,2026-03-31 11:00:00+00:00,2068.38,2011.25,2026-03-31 13:40:00+00:00,False,,,BREAK_DURING_K1,2026-03-31 13:45:00+00:00
LONDON,LONG,reference_validation,2026-03-31 08:00:00+00:00,2026-03-31 13:30:00+00:00,2064.31,2011.25,2026-03-31 13:30:00+00:00,False,,,BREAK_DURING_K1,2026-03-31 13:45:00+00:00
RAW_2330,LONG,reference_validation,2026-04-02 23:30:00+00:00,2026-04-03 05:00:00+00:00,2061.88,2038.35,2026-04-03 05:30:00+00:00,True,2026-04-03 05:45:00+00:00,2026-04-03 05:50:00+00:00,H2,2026-04-03 06:20:00+00:00
ALT_0330,LONG,reference_validation,2026-04-03 03:30:00+00:00,2026-04-03 09:00:00+00:00,2074.6,2046.16,2026-04-03 12:30:00+00:00,True,2026-04-03 12:35:00+00:00,2026-04-03 12:40:00+00:00,OPPOSITE,2026-04-03 13:05:00+00:00
RAW_0530,LONG,reference_validation,2026-04-03 05:30:00+00:00,2026-04-03 11:00:00+00:00,2074.6,2052.02,2026-04-03 12:30:00+00:00,True,2026-04-03 12:35:00+00:00,2026-04-03 12:40:00+00:00,OPPOSITE,2026-04-03 12:45:00+00:00
RAW_2330,LONG,reference_validation,2026-04-05 23:30:00+00:00,2026-04-06 05:00:00+00:00,2147.73,2106.75,2026-04-06 09:10:00+00:00,False,,,BREAK_DURING_K1,2026-04-06 09:15:00+00:00
ALT_0330,LONG,reference_validation,2026-04-08 03:30:00+00:00,2026-04-08 09:00:00+00:00,2259.72,2232.67,2026-04-08 09:05:00+00:00,True,2026-04-08 09:15:00+00:00,2026-04-08 09:20:00+00:00,H2,2026-04-08 13:05:00+00:00
RAW_2330,LONG,reference_validation,2026-04-08 23:30:00+00:00,2026-04-09 05:00:00+00:00,2193.23,2160.0,2026-04-09 09:55:00+00:00,True,2026-04-09 10:00:00+00:00,2026-04-09 10:05:00+00:00,H2,2026-04-09 10:40:00+00:00
RAW_0530,LONG,reference_validation,2026-04-10 05:30:00+00:00,2026-04-10 11:00:00+00:00,2201.32,2175.25,2026-04-10 11:00:00+00:00,False,,,BREAK_DURING_K1,2026-04-10 11:05:00+00:00
LONDON,LONG,reference_validation,2026-04-10 08:00:00+00:00,2026-04-10 13:30:00+00:00,2227.85,2176.04,2026-04-10 14:05:00+00:00,False,,,BREAK_DURING_K1,2026-04-10 14:10:00+00:00
SHORT_2000,SHORT,reference_validation,2026-04-12 20:00:00+00:00,2026-04-13 01:30:00+00:00,2217.7,2182.65,2026-04-13 05:35:00+00:00,True,2026-04-13 05:40:00+00:00,2026-04-13 05:45:00+00:00,H2,2026-04-13 07:20:00+00:00
ALT_0330,LONG,reference_validation,2026-04-14 03:30:00+00:00,2026-04-14 09:00:00+00:00,2395.3,2353.87,2026-04-14 14:30:00+00:00,True,2026-04-14 14:35:00+00:00,2026-04-14 14:40:00+00:00,OPPOSITE,2026-04-14 14:55:00+00:00
RAW_0530,LONG,reference_validation,2026-04-14 05:30:00+00:00,2026-04-14 11:00:00+00:00,2395.3,2353.87,2026-04-14 14:30:00+00:00,True,2026-04-14 14:35:00+00:00,2026-04-14 14:40:00+00:00,OPPOSITE,2026-04-14 14:55:00+00:00
LONDON,LONG,reference_validation,2026-04-14 08:00:00+00:00,2026-04-14 13:30:00+00:00,2395.3,2366.62,2026-04-14 14:30:00+00:00,True,2026-04-14 14:35:00+00:00,2026-04-14 14:40:00+00:00,OPPOSITE,2026-04-14 14:45:00+00:00
SHORT_2000,SHORT,reference_validation,2026-04-14 20:00:00+00:00,2026-04-15 01:30:00+00:00,2342.07,2307.42,2026-04-15 07:15:00+00:00,True,2026-04-15 07:20:00+00:00,2026-04-15 07:25:00+00:00,NO_H2,
ALT_0330,LONG,reference_validation,2026-04-15 03:30:00+00:00,2026-04-15 09:00:00+00:00,2337.19,2306.8,2026-04-15 11:45:00+00:00,True,2026-04-15 11:50:00+00:00,2026-04-15 11:55:00+00:00,H2,2026-04-15 12:00:00+00:00
RAW_0530,LONG,reference_validation,2026-04-15 05:30:00+00:00,2026-04-15 11:00:00+00:00,2332.76,2306.8,2026-04-15 11:45:00+00:00,False,,,BREAK_DURING_K1,2026-04-15 11:50:00+00:00
LONDON,LONG,reference_validation,2026-04-15 08:00:00+00:00,2026-04-15 13:30:00+00:00,2340.0,2310.93,2026-04-15 14:15:00+00:00,False,,,BREAK_DURING_K1,2026-04-15 14:20:00+00:00
SHORT_2000,SHORT,reference_validation,2026-04-16 20:00:00+00:00,2026-04-17 01:30:00+00:00,2363.67,2325.3,2026-04-17 02:30:00+00:00,True,2026-04-17 02:35:00+00:00,2026-04-17 02:40:00+00:00,H2,2026-04-17 03:40:00+00:00
RAW_0530,LONG,reference_validation,2026-04-17 05:30:00+00:00,2026-04-17 11:00:00+00:00,2376.96,2316.52,2026-04-17 12:50:00+00:00,True,2026-04-17 12:55:00+00:00,2026-04-17 13:00:00+00:00,H2,2026-04-17 13:00:00+00:00
RAW_2330,LONG,reference_validation,2026-04-20 23:30:00+00:00,2026-04-21 05:00:00+00:00,2325.42,2297.51,2026-04-21 06:35:00+00:00,True,2026-04-21 06:40:00+00:00,2026-04-21 06:45:00+00:00,H2,2026-04-21 08:40:00+00:00
SHORT_2000,SHORT,reference_validation,2026-04-20 20:00:00+00:00,2026-04-21 01:30:00+00:00,2346.84,2306.01,2026-04-21 02:25:00+00:00,True,2026-04-21 02:30:00+00:00,2026-04-21 02:35:00+00:00,H2,2026-04-21 02:45:00+00:00
ALT_0330,LONG,reference_validation,2026-04-22 03:30:00+00:00,2026-04-22 09:00:00+00:00,2414.35,2357.24,2026-04-22 13:20:00+00:00,True,2026-04-22 13:25:00+00:00,2026-04-22 13:30:00+00:00,H2,2026-04-22 13:30:00+00:00
RAW_0530,LONG,reference_validation,2026-04-22 05:30:00+00:00,2026-04-22 11:00:00+00:00,2414.35,2382.14,2026-04-22 13:20:00+00:00,True,2026-04-22 13:25:00+00:00,2026-04-22 13:30:00+00:00,H2,2026-04-22 13:30:00+00:00
LONDON,LONG,reference_validation,2026-04-22 08:00:00+00:00,2026-04-22 13:30:00+00:00,2414.99,2382.15,2026-04-22 13:30:00+00:00,True,2026-04-22 13:35:00+00:00,2026-04-22 13:40:00+00:00,H2,2026-04-22 13:45:00+00:00
ALT_0330,LONG,reference_validation,2026-04-24 03:30:00+00:00,2026-04-24 09:00:00+00:00,2321.94,2298.44,2026-04-24 11:00:00+00:00,False,,,BREAK_DURING_K1,2026-04-24 11:05:00+00:00
RAW_0530,LONG,reference_validation,2026-04-24 05:30:00+00:00,2026-04-24 11:00:00+00:00,2321.94,2301.66,2026-04-24 11:00:00+00:00,False,,,BREAK_DURING_K1,2026-04-24 11:05:00+00:00
LONDON,LONG,reference_validation,2026-04-28 08:00:00+00:00,2026-04-28 13:30:00+00:00,2290.32,2256.03,2026-04-28 17:35:00+00:00,True,2026-04-28 17:55:00+00:00,2026-04-28 18:00:00+00:00,H2,2026-04-28 18:00:00+00:00
RAW_2330,LONG,reference_validation,2026-04-28 23:30:00+00:00,2026-04-29 05:00:00+00:00,2342.15,2278.02,2026-04-29 09:45:00+00:00,False,,,BREAK_DURING_K1,2026-04-29 10:10:00+00:00
SHORT_2000,SHORT,reference_validation,2026-04-28 20:00:00+00:00,2026-04-29 01:30:00+00:00,2304.83,2278.57,2026-04-29 01:30:00+00:00,True,2026-04-29 01:35:00+00:00,2026-04-29 01:40:00+00:00,OPPOSITE,2026-04-29 03:35:00+00:00
ALT_0330,LONG,reference_validation,2026-04-29 03:30:00+00:00,2026-04-29 09:00:00+00:00,2342.15,2297.3,2026-04-29 09:45:00+00:00,False,,,BREAK_DURING_K1,2026-04-29 10:10:00+00:00
RAW_0530,LONG,reference_validation,2026-04-30 05:30:00+00:00,2026-04-30 11:00:00+00:00,2270.0,2235.3,2026-04-30 11:10:00+00:00,True,2026-04-30 11:15:00+00:00,2026-04-30 11:20:00+00:00,H2,2026-04-30 13:40:00+00:00
ALT_0330,LONG,reference_validation,2026-05-01 03:30:00+00:00,2026-05-01 09:00:00+00:00,2287.49,2270.62,2026-05-01 11:20:00+00:00,True,2026-05-01 11:25:00+00:00,2026-05-01 11:30:00+00:00,H2,2026-05-01 12:00:00+00:00
RAW_0530,LONG,reference_validation,2026-05-01 05:30:00+00:00,2026-05-01 11:00:00+00:00,2287.49,2270.62,2026-05-01 11:20:00+00:00,True,2026-05-01 11:25:00+00:00,2026-05-01 11:30:00+00:00,H2,2026-05-01 12:00:00+00:00
LONDON,LONG,reference_validation,2026-05-01 08:00:00+00:00,2026-05-01 13:30:00+00:00,2314.68,2275.68,2026-05-01 13:30:00+00:00,True,2026-05-01 13:40:00+00:00,2026-05-01 13:45:00+00:00,H2,2026-05-01 13:50:00+00:00
RAW_0530,LONG,reference_validation,2026-05-04 05:30:00+00:00,2026-05-04 11:00:00+00:00,2380.76,2313.05,2026-05-04 14:55:00+00:00,True,2026-05-04 15:00:00+00:00,2026-05-04 15:05:00+00:00,NO_H2,
LONDON,LONG,reference_validation,2026-05-04 08:00:00+00:00,2026-05-04 13:30:00+00:00,2369.82,2313.05,2026-05-04 14:45:00+00:00,False,,,BREAK_DURING_K1,2026-05-04 14:50:00+00:00
RAW_2330,LONG,reference_validation,2026-05-04 23:30:00+00:00,2026-05-05 05:00:00+00:00,2388.42,2343.61,2026-05-05 05:35:00+00:00,True,2026-05-05 05:40:00+00:00,2026-05-05 05:45:00+00:00,NO_H2,
ALT_0330,LONG,reference_validation,2026-05-06 03:30:00+00:00,2026-05-06 09:00:00+00:00,2395.99,2352.5,2026-05-06 09:05:00+00:00,True,2026-05-06 09:10:00+00:00,2026-05-06 09:15:00+00:00,H2,2026-05-06 09:30:00+00:00
RAW_0530,LONG,reference_validation,2026-05-06 05:30:00+00:00,2026-05-06 11:00:00+00:00,2417.9,2352.5,2026-05-06 11:15:00+00:00,True,2026-05-06 11:30:00+00:00,2026-05-06 11:35:00+00:00,OPPOSITE,2026-05-06 16:25:00+00:00
RAW_2330,LONG,reference_validation,2026-05-07 23:30:00+00:00,2026-05-08 05:00:00+00:00,2293.28,2263.43,2026-05-08 11:20:00+00:00,False,,,NO_LEAVE,
RAW_0530,LONG,reference_validation,2026-05-08 05:30:00+00:00,2026-05-08 11:00:00+00:00,2291.18,2266.0,2026-05-08 11:00:00+00:00,True,2026-05-08 11:05:00+00:00,2026-05-08 11:10:00+00:00,H2,2026-05-08 11:20:00+00:00
RAW_2330,LONG,reference_validation,2026-05-13 23:30:00+00:00,2026-05-14 05:00:00+00:00,2268.75,2237.05,2026-05-14 05:50:00+00:00,False,,,BREAK_DURING_K1,2026-05-14 06:00:00+00:00
SHORT_2000,SHORT,reference_validation,2026-05-13 20:00:00+00:00,2026-05-14 01:30:00+00:00,2268.75,2249.63,2026-05-14 02:50:00+00:00,True,2026-05-14 02:55:00+00:00,2026-05-14 03:00:00+00:00,H2,2026-05-14 03:00:00+00:00
SHORT_2000,SHORT,reference_validation,2026-05-14 20:00:00+00:00,2026-05-15 01:30:00+00:00,2300.59,2278.87,2026-05-15 01:30:00+00:00,True,2026-05-15 01:35:00+00:00,2026-05-15 01:40:00+00:00,H2,2026-05-15 01:50:00+00:00
ALT_0330,LONG,reference_validation,2026-05-20 03:30:00+00:00,2026-05-20 09:00:00+00:00,2138.0,2106.01,2026-05-20 12:55:00+00:00,True,2026-05-20 13:00:00+00:00,2026-05-20 13:05:00+00:00,H2,2026-05-20 14:15:00+00:00
SHORT_2000,SHORT,reference_validation,2026-05-21 20:00:00+00:00,2026-05-22 01:30:00+00:00,2142.56,2125.9,2026-05-22 01:35:00+00:00,True,2026-05-22 01:40:00+00:00,2026-05-22 01:45:00+00:00,H2,2026-05-22 06:25:00+00:00
ALT_0330,LONG,reference_validation,2026-05-25 03:30:00+00:00,2026-05-25 09:00:00+00:00,2117.6,2090.84,2026-05-25 09:00:00+00:00,False,,,BREAK_DURING_K1,2026-05-25 09:05:00+00:00
RAW_2330,LONG,reference_validation,2026-05-25 23:30:00+00:00,2026-05-26 05:00:00+00:00,2112.95,2083.39,2026-05-26 10:20:00+00:00,False,,,BREAK_DURING_K1,2026-05-26 10:25:00+00:00
SHORT_2000,SHORT,reference_validation,2026-05-25 20:00:00+00:00,2026-05-26 01:30:00+00:00,2122.45,2083.43,2026-05-26 02:45:00+00:00,True,2026-05-26 02:50:00+00:00,2026-05-26 02:55:00+00:00,NO_H2,
RAW_0530,LONG,reference_validation,2026-05-26 05:30:00+00:00,2026-05-26 11:00:00+00:00,2136.84,2088.63,2026-05-26 14:15:00+00:00,False,,,BREAK_DURING_K1,2026-05-26 14:25:00+00:00
LONDON,LONG,reference_validation,2026-05-26 08:00:00+00:00,2026-05-26 13:30:00+00:00,2136.84,2092.94,2026-05-26 14:15:00+00:00,False,,,BREAK_DURING_K1,2026-05-26 14:25:00+00:00
ALT_0330,LONG,reference_validation,2026-05-27 03:30:00+00:00,2026-05-27 09:00:00+00:00,2096.13,2055.0,2026-05-27 12:20:00+00:00,True,2026-05-27 12:25:00+00:00,2026-05-27 12:30:00+00:00,OPPOSITE,2026-05-27 13:40:00+00:00
RAW_0530,LONG,reference_validation,2026-05-27 05:30:00+00:00,2026-05-27 11:00:00+00:00,2096.13,2071.79,2026-05-27 12:20:00+00:00,True,2026-05-27 12:25:00+00:00,2026-05-27 12:30:00+00:00,OPPOSITE,2026-05-27 13:25:00+00:00
SHORT_2000,SHORT,reference_validation,2026-05-27 20:00:00+00:00,2026-05-28 01:30:00+00:00,2065.99,2010.25,2026-05-28 03:10:00+00:00,False,,,BREAK_DURING_K1,2026-05-28 03:15:00+00:00
ALT_0330,LONG,reference_validation,2026-05-28 03:30:00+00:00,2026-05-28 09:00:00+00:00,1995.59,1965.48,2026-05-28 10:10:00+00:00,True,2026-05-28 10:15:00+00:00,2026-05-28 10:20:00+00:00,H2,2026-05-28 14:15:00+00:00
RAW_2330,LONG,reference_validation,2026-05-28 23:30:00+00:00,2026-05-29 05:00:00+00:00,2016.29,1995.74,2026-05-29 06:15:00+00:00,False,,,BREAK_DURING_K1,2026-05-29 06:20:00+00:00
RAW_2330,LONG,reference_validation,2026-06-02 23:30:00+00:00,2026-06-03 05:00:00+00:00,1873.72,1816.0,2026-06-03 05:15:00+00:00,True,2026-06-03 05:20:00+00:00,2026-06-03 05:25:00+00:00,H2,2026-06-03 05:55:00+00:00
SHORT_2000,SHORT,reference_validation,2026-06-02 20:00:00+00:00,2026-06-03 01:30:00+00:00,1918.0,1837.01,2026-06-03 03:30:00+00:00,False,,,BREAK_DURING_K1,2026-06-03 03:35:00+00:00
ALT_0330,LONG,reference_validation,2026-06-03 03:30:00+00:00,2026-06-03 09:00:00+00:00,1883.64,1816.0,2026-06-03 09:50:00+00:00,True,2026-06-03 09:55:00+00:00,2026-06-03 10:00:00+00:00,H2,2026-06-03 10:05:00+00:00
LONDON,LONG,reference_validation,2026-06-08 08:00:00+00:00,2026-06-08 13:30:00+00:00,1698.0,1656.07,2026-06-08 15:00:00+00:00,False,,,BREAK_DURING_K1,2026-06-08 15:10:00+00:00
SHORT_2000,SHORT,reference_validation,2026-06-09 20:00:00+00:00,2026-06-10 01:30:00+00:00,1662.98,1628.63,2026-06-10 02:15:00+00:00,False,,,BREAK_DURING_K1,2026-06-10 02:20:00+00:00
RAW_0530,LONG,reference_validation,2026-06-10 05:30:00+00:00,2026-06-10 11:00:00+00:00,1642.99,1605.0,2026-06-10 12:30:00+00:00,True,2026-06-10 12:35:00+00:00,2026-06-10 12:40:00+00:00,H2,2026-06-10 13:30:00+00:00
RAW_2330,LONG,reference_validation,2026-06-10 23:30:00+00:00,2026-06-11 05:00:00+00:00,1662.07,1618.38,2026-06-11 06:40:00+00:00,True,2026-06-11 06:45:00+00:00,2026-06-11 06:50:00+00:00,H2,2026-06-11 08:35:00+00:00
ALT_0330,LONG,reference_validation,2026-06-11 03:30:00+00:00,2026-06-11 09:00:00+00:00,1663.94,1638.79,2026-06-11 11:15:00+00:00,True,2026-06-11 11:20:00+00:00,2026-06-11 11:25:00+00:00,H2,2026-06-11 11:30:00+00:00
RAW_0530,LONG,reference_validation,2026-06-11 05:30:00+00:00,2026-06-11 11:00:00+00:00,1663.94,1645.36,2026-06-11 11:15:00+00:00,True,2026-06-11 11:20:00+00:00,2026-06-11 11:25:00+00:00,H2,2026-06-11 11:30:00+00:00
SHORT_2000,SHORT,reference_validation,2026-06-11 20:00:00+00:00,2026-06-12 01:30:00+00:00,1682.79,1658.88,2026-06-12 06:15:00+00:00,False,,,BREAK_DURING_K1,2026-06-12 06:30:00+00:00
ALT_0330,LONG,reference_validation,2026-06-12 03:30:00+00:00,2026-06-12 09:00:00+00:00,1681.84,1651.17,2026-06-12 09:30:00+00:00,False,,,BREAK_DURING_K1,2026-06-12 09:45:00+00:00
RAW_0530,LONG,reference_validation,2026-06-12 05:30:00+00:00,2026-06-12 11:00:00+00:00,1684.99,1651.17,2026-06-12 14:55:00+00:00,False,,,BREAK_DURING_K1,2026-06-12 15:10:00+00:00
SHORT_2000,SHORT,reference_validation,2026-06-15 20:00:00+00:00,2026-06-16 01:30:00+00:00,1825.87,1781.87,2026-06-16 02:15:00+00:00,True,2026-06-16 02:20:00+00:00,2026-06-16 02:25:00+00:00,H2,2026-06-16 02:25:00+00:00
RAW_2330,LONG,reference_validation,2026-06-25 23:30:00+00:00,2026-06-26 05:00:00+00:00,1579.0,1510.87,2026-06-26 07:15:00+00:00,True,2026-06-26 07:20:00+00:00,2026-06-26 07:25:00+00:00,H2,2026-06-26 07:25:00+00:00
SHORT_2000,SHORT,reference_validation,2026-06-25 20:00:00+00:00,2026-06-26 01:30:00+00:00,1583.0,1556.0,2026-06-26 01:30:00+00:00,True,2026-06-26 01:45:00+00:00,2026-06-26 01:50:00+00:00,H2,2026-06-26 02:05:00+00:00
LONDON,LONG,reference_validation,2026-06-26 08:00:00+00:00,2026-06-26 13:30:00+00:00,1581.34,1520.34,2026-06-26 15:25:00+00:00,False,,,BREAK_DURING_K1,2026-06-26 15:35:00+00:00
ALT_0330,LONG,reference_validation,2026-06-29 03:30:00+00:00,2026-06-29 09:00:00+00:00,1588.58,1561.16,2026-06-29 12:05:00+00:00,False,,,BREAK_DURING_K1,2026-06-29 12:10:00+00:00
SHORT_2000,SHORT,reference_validation,2026-06-29 20:00:00+00:00,2026-06-30 01:30:00+00:00,1626.0,1589.27,2026-06-30 01:40:00+00:00,True,2026-06-30 01:45:00+00:00,2026-06-30 01:50:00+00:00,H2,2026-06-30 02:10:00+00:00
RAW_0530,LONG,reference_validation,2026-07-02 05:30:00+00:00,2026-07-02 11:00:00+00:00,1652.0,1613.99,2026-07-02 11:10:00+00:00,True,2026-07-02 11:15:00+00:00,2026-07-02 11:20:00+00:00,H2,2026-07-02 11:50:00+00:00
RAW_2330,LONG,reference_validation,2026-07-02 23:30:00+00:00,2026-07-03 05:00:00+00:00,1718.39,1693.68,2026-07-03 05:35:00+00:00,True,2026-07-03 05:40:00+00:00,2026-07-03 05:45:00+00:00,H2,2026-07-03 06:00:00+00:00
ALT_0330,LONG,reference_validation,2026-07-03 03:30:00+00:00,2026-07-03 09:00:00+00:00,1737.34,1701.63,2026-07-03 10:10:00+00:00,True,2026-07-03 10:15:00+00:00,2026-07-03 10:20:00+00:00,H2,2026-07-03 10:20:00+00:00
RAW_0530,LONG,reference_validation,2026-07-03 05:30:00+00:00,2026-07-03 11:00:00+00:00,1748.67,1709.0,2026-07-03 13:40:00+00:00,True,2026-07-03 13:55:00+00:00,2026-07-03 14:00:00+00:00,NO_H2,
LONDON,LONG,reference_validation,2026-07-03 08:00:00+00:00,2026-07-03 13:30:00+00:00,1748.67,1714.9,2026-07-03 13:40:00+00:00,True,2026-07-03 13:55:00+00:00,2026-07-03 14:00:00+00:00,H2,2026-07-03 19:30:00+00:00
ALT_0330,LONG,reference_validation,2026-07-07 03:30:00+00:00,2026-07-07 09:00:00+00:00,1782.23,1756.62,2026-07-07 09:45:00+00:00,True,2026-07-07 09:50:00+00:00,2026-07-07 09:55:00+00:00,H2,2026-07-07 10:00:00+00:00
RAW_0530,LONG,reference_validation,2026-07-07 05:30:00+00:00,2026-07-07 11:00:00+00:00,1784.0,1760.57,2026-07-07 11:45:00+00:00,True,2026-07-07 11:50:00+00:00,2026-07-07 11:55:00+00:00,H2,2026-07-07 12:05:00+00:00
SHORT_2000,SHORT,reference_validation,2026-07-08 20:00:00+00:00,2026-07-09 01:30:00+00:00,1755.28,1730.52,2026-07-09 01:50:00+00:00,True,2026-07-09 02:05:00+00:00,2026-07-09 02:10:00+00:00,H2,2026-07-09 02:30:00+00:00
LONDON,LONG,reference_validation,2026-07-10 08:00:00+00:00,2026-07-10 13:30:00+00:00,1806.82,1771.66,2026-07-10 13:50:00+00:00,True,2026-07-10 13:55:00+00:00,2026-07-10 14:00:00+00:00,NO_H2,
RAW_2330,LONG,reference_validation,2026-07-13 23:30:00+00:00,2026-07-14 05:00:00+00:00,1793.9,1764.85,2026-07-14 10:40:00+00:00,False,,,BREAK_DURING_K1,2026-07-14 10:45:00+00:00
LONDON,LONG,reference_validation,2026-07-14 08:00:00+00:00,2026-07-14 13:30:00+00:00,1882.65,1777.61,2026-07-14 14:55:00+00:00,True,2026-07-14 15:00:00+00:00,2026-07-14 15:05:00+00:00,H2,2026-07-14 15:25:00+00:00
ALT_0330,LONG,reference_validation,2026-07-15 03:30:00+00:00,2026-07-15 09:00:00+00:00,1891.54,1863.57,2026-07-15 12:30:00+00:00,False,,,BREAK_DURING_K1,2026-07-15 12:35:00+00:00
RAW_0530,LONG,reference_validation,2026-07-15 05:30:00+00:00,2026-07-15 11:00:00+00:00,1891.54,1863.57,2026-07-15 12:30:00+00:00,False,,,BREAK_DURING_K1,2026-07-15 12:35:00+00:00
RAW_2330,LONG,reference_validation,2026-07-15 23:30:00+00:00,2026-07-16 05:00:00+00:00,1928.34,1907.07,2026-07-16 06:05:00+00:00,True,2026-07-16 06:10:00+00:00,2026-07-16 06:15:00+00:00,OPPOSITE,2026-07-16 07:40:00+00:00
SHORT_2000,SHORT,reference_validation,2026-07-19 20:00:00+00:00,2026-07-20 01:30:00+00:00,1891.2,1856.01,2026-07-20 05:10:00+00:00,True,2026-07-20 05:15:00+00:00,2026-07-20 05:20:00+00:00,H2,2026-07-20 05:20:00+00:00
ALT_0330,LONG,reference_validation,2026-07-22 03:30:00+00:00,2026-07-22 09:00:00+00:00,1938.5,1909.32,2026-07-22 13:40:00+00:00,False,,,BREAK_DURING_K1,2026-07-22 13:45:00+00:00
RAW_0530,LONG,reference_validation,2026-07-22 05:30:00+00:00,2026-07-22 11:00:00+00:00,1932.9,1909.32,2026-07-22 13:35:00+00:00,False,,,BREAK_DURING_K1,2026-07-22 13:40:00+00:00
LONDON,LONG,reference_validation,2026-07-22 08:00:00+00:00,2026-07-22 13:30:00+00:00,1932.9,1912.28,2026-07-22 13:35:00+00:00,False,,,BREAK_DURING_K1,2026-07-22 13:40:00+00:00
SHORT_2000,SHORT,reference_validation,2026-07-22 20:00:00+00:00,2026-07-23 01:30:00+00:00,1940.66,1921.63,2026-07-23 02:25:00+00:00,True,2026-07-23 02:30:00+00:00,2026-07-23 02:35:00+00:00,H2,2026-07-23 03:10:00+00:00
SHORT_2000,SHORT,august,2026-08-02 20:00:00+00:00,2026-08-03 01:30:00+00:00,1898.5,1867.6,2026-08-03 01:35:00+00:00,True,2026-08-03 01:40:00+00:00,2026-08-03 01:45:00+00:00,H2,2026-08-03 01:45:00+00:00
ALT_0330,LONG,august,2026-08-04 03:30:00+00:00,2026-08-04 09:00:00+00:00,1874.08,1852.55,2026-08-04 11:50:00+00:00,True,2026-08-04 11:55:00+00:00,2026-08-04 12:00:00+00:00,H2,2026-08-04 12:30:00+00:00
RAW_0530,LONG,august,2026-08-04 05:30:00+00:00,2026-08-04 11:00:00+00:00,1872.49,1852.55,2026-08-04 11:40:00+00:00,False,,,BREAK_DURING_K1,2026-08-04 11:45:00+00:00
SHORT_2000,SHORT,august,2026-08-05 20:00:00+00:00,2026-08-06 01:30:00+00:00,1923.94,1903.14,2026-08-06 01:30:00+00:00,True,2026-08-06 01:35:00+00:00,2026-08-06 01:40:00+00:00,H2,2026-08-06 02:10:00+00:00
SHORT_2000,SHORT,august,2026-08-06 20:00:00+00:00,2026-08-07 01:30:00+00:00,1909.84,1897.82,2026-08-07 02:10:00+00:00,True,2026-08-07 02:15:00+00:00,2026-08-07 02:20:00+00:00,H2,2026-08-07 03:20:00+00:00
ALT_0330,LONG,august,2026-08-07 03:30:00+00:00,2026-08-07 09:00:00+00:00,1914.61,1893.37,2026-08-07 09:30:00+00:00,False,,,BREAK_DURING_K1,2026-08-07 09:35:00+00:00
RAW_0530,LONG,august,2026-08-12 05:30:00+00:00,2026-08-12 11:00:00+00:00,1915.0,1884.44,2026-08-12 11:50:00+00:00,False,,,BREAK_DURING_K1,2026-08-12 12:00:00+00:00
LONDON,LONG,august,2026-08-13 08:00:00+00:00,2026-08-13 13:30:00+00:00,1896.19,1874.43,2026-08-13 14:35:00+00:00,True,2026-08-13 14:40:00+00:00,2026-08-13 14:45:00+00:00,OPPOSITE,2026-08-13 16:35:00+00:00
SHORT_2000,SHORT,august,2026-08-13 20:00:00+00:00,2026-08-14 01:30:00+00:00,1892.4,1882.46,2026-08-14 03:05:00+00:00,True,2026-08-14 03:15:00+00:00,2026-08-14 03:20:00+00:00,H2,2026-08-14 03:45:00+00:00
RAW_0530,LONG,august,2026-08-17 05:30:00+00:00,2026-08-17 11:00:00+00:00,1911.66,1890.6,2026-08-17 15:45:00+00:00,False,,,BREAK_DURING_K1,2026-08-17 15:50:00+00:00
LONDON,LONG,august,2026-08-17 08:00:00+00:00,2026-08-17 13:30:00+00:00,1908.75,1890.6,2026-08-17 14:50:00+00:00,False,,,BREAK_DURING_K1,2026-08-17 14:55:00+00:00
SHORT_2000,SHORT,august,2026-08-18 20:00:00+00:00,2026-08-19 01:30:00+00:00,1919.63,1910.11,2026-08-19 02:10:00+00:00,False,,,BREAK_DURING_K1,2026-08-19 02:15:00+00:00
LONDON,LONG,august,2026-08-20 08:00:00+00:00,2026-08-20 13:30:00+00:00,2318.78,2248.84,2026-08-20 15:30:00+00:00,True,2026-08-20 15:35:00+00:00,2026-08-20 15:40:00+00:00,H2,2026-08-20 15:45:00+00:00
RAW_2330,LONG,august,2026-08-20 23:30:00+00:00,2026-08-21 05:00:00+00:00,2381.52,2322.24,2026-08-21 06:45:00+00:00,True,2026-08-21 06:50:00+00:00,2026-08-21 06:55:00+00:00,H2,2026-08-21 07:10:00+00:00
RAW_2330,LONG,august,2026-08-23 23:30:00+00:00,2026-08-24 05:00:00+00:00,2470.7,2423.05,2026-08-24 07:10:00+00:00,True,2026-08-24 07:15:00+00:00,2026-08-24 07:20:00+00:00,H2,2026-08-24 10:00:00+00:00
SHORT_2000,SHORT,august,2026-08-23 20:00:00+00:00,2026-08-24 01:30:00+00:00,2484.66,2435.21,2026-08-24 01:35:00+00:00,True,2026-08-24 01:40:00+00:00,2026-08-24 01:45:00+00:00,H2,2026-08-24 01:45:00+00:00
RAW_0530,LONG,august,2026-08-24 05:30:00+00:00,2026-08-24 11:00:00+00:00,2492.84,2435.01,2026-08-24 11:35:00+00:00,False,,,BREAK_DURING_K1,2026-08-24 11:40:00+00:00
LONDON,LONG,august,2026-08-24 08:00:00+00:00,2026-08-24 13:30:00+00:00,2520.0,2435.01,2026-08-24 14:20:00+00:00,True,2026-08-24 14:25:00+00:00,2026-08-24 14:30:00+00:00,H2,2026-08-24 14:30:00+00:00
