structure_id,raid_i_h1,raid_time,reclaim_i_h1,reclaim_time,reclaim_close_time,raid_year,liquidity_low,liquidity_pivot_i,liquidity_confirm_i,significant_high,significant_high_pivot_i,significant_high_confirm_i,raid_extreme,raid_depth_pct,reclaim_delay_h1_bars,reclaim_close,median_prior_h1_range,bos_i_h1,bos_time,bos_close_time,bos_close,bos_high,bars_reclaim_to_bos,displacement_range_units,bull_path_efficiency,bos_extension_range_units,origin_i_h1,origin_time,origin_open,origin_high,origin_low,origin_close,zone_low,zone_high,zone_width_range_units,first_return_i_5m,first_return_time,return_year,bos_to_return_min,return_open,return_high,return_low,return_close,return_penetration_zone_width,pre_return_structural_high
2020-09-17 09:00:00+00:00__L69__H71,74,2020-09-17 09:00:00+00:00,74,2020-09-17 09:00:00+00:00,2020-09-17 10:00:00+00:00,2020,2.4677,69,71,2.6025,71,73,2.3912,3.1000526806337803,0,2.4895,0.09110000000000018,80,2020-09-17 15:00:00+00:00,2020-09-17 16:00:00+00:00,2.6094,2.63,6,2.395170142700324,0.765156349712825,0.07574094401756194,77,2020-09-17 12:00:00+00:00,2.5395,2.5601,2.5056,2.5246,2.5056,2.5601,0.5982436882546639,2045,2020-09-21 09:25:00+00:00,2020,5365.0,2.6195,2.6261,2.5322,2.573,0.5119266055045838,3.2509
2020-09-17 10:00:00+00:00__L59__H71,75,2020-09-17 10:00:00+00:00,76,2020-09-17 11:00:00+00:00,2020-09-17 12:00:00+00:00,2020,2.4901,59,61,2.6025,71,73,2.3569,5.349182763744428,1,2.5396,0.09385000000000021,80,2020-09-17 15:00:00+00:00,2020-09-17 16:00:00+00:00,2.6094,2.63,4,2.6904635055940265,0.6993987975951882,0.07352157698454864,77,2020-09-17 12:00:00+00:00,2.5395,2.5601,2.5056,2.5246,2.5056,2.5601,0.5807139051678196,2045,2020-09-21 09:25:00+00:00,2020,5365.0,2.6195,2.6261,2.5322,2.573,0.5119266055045838,3.2509
2020-09-18 15:00:00+00:00__L98__H100,104,2020-09-18 15:00:00+00:00,105,2020-09-18 16:00:00+00:00,2020-09-18 17:00:00+00:00,2020,2.908,98,100,3.15,100,102,2.7989,3.7517193947730316,1,2.9306,0.1117499999999998,114,2020-09-19 01:00:00+00:00,2020-09-19 02:00:00+00:00,3.1804,3.2431,9,3.413870246085017,0.4454350927246784,0.27203579418344753,113,2020-09-19 00:00:00+00:00,3.108,3.1107,3.0647,3.0919,3.0647,3.1107,0.41163310961968597,1396,2020-09-19 03:20:00+00:00,2020,80.0,3.1263,3.1263,3.103,3.103,0.1673913043478228,3.2509
2020-09-22 07:00:00+00:00__L185__H189,192,2020-09-22 07:00:00+00:00,193,2020-09-22 08:00:00+00:00,2020-09-22 09:00:00+00:00,2020,2.7184,185,187,2.9813,189,191,2.6094,4.009711595055915,1,2.7689,0.08994999999999997,209,2020-09-23 00:00:00+00:00,2020-09-23 01:00:00+00:00,3.0682,3.0935,16,5.100611450806006,0.4989164860810127,0.9660922734852696,207,2020-09-22 22:00:00+00:00,2.965,2.9877,2.8888,2.8953,2.8888,2.9877,1.0994997220678155,2533,2020-09-23 02:05:00+00:00,2020,65.0,3.0296,3.0364,2.8276,2.9844,1.0,3.0935
2020-09-27 08:00:00+00:00__L300__H309,313,2020-09-27 08:00:00+00:00,313,2020-09-27 08:00:00+00:00,2020-09-27 09:00:00+00:00,2020,3.0248,300,302,3.1495,309,311,2.977,1.5802697699021446,0,3.0459,0.053400000000000114,327,2020-09-27 22:00:00+00:00,2020-09-27 23:00:00+00:00,3.1601,3.1775,14,3.428838951310855,0.41227436823104424,0.19850187265917038,326,2020-09-27 21:00:00+00:00,3.1234,3.1269,3.084,3.1029,3.084,3.1269,0.803370786516851,3985,2020-09-28 03:05:00+00:00,2020,245.0,3.1484,3.1514,3.114,3.1253,0.30069930069930423,3.2116
2020-09-27 09:00:00+00:00__L295__H309,314,2020-09-27 09:00:00+00:00,315,2020-09-27 10:00:00+00:00,2020-09-27 11:00:00+00:00,2020,3.017,295,297,3.1495,309,311,3.0,0.5634736493205139,1,3.0468,0.053400000000000114,327,2020-09-27 22:00:00+00:00,2020-09-27 23:00:00+00:00,3.1601,3.1775,12,2.998127340823962,0.575418994413403,0.19850187265917038,326,2020-09-27 21:00:00+00:00,3.1234,3.1269,3.084,3.1029,3.084,3.1269,0.803370786516851,3985,2020-09-28 03:05:00+00:00,2020,245.0,3.1484,3.1514,3.114,3.1253,0.30069930069930423,3.2116
2020-10-18 11:00:00+00:00__L812__H817,820,2020-10-18 11:00:00+00:00,822,2020-10-18 13:00:00+00:00,2020-10-18 14:00:00+00:00,2020,2.2069,812,814,2.2494,817,819,2.1992,0.34890570483484806,2,2.2124,0.014800000000000146,826,2020-10-18 17:00:00+00:00,2020-10-18 18:00:00+00:00,2.2532,2.2649,4,3.648648648648631,1.0,0.25675675675675597,821,2020-10-18 12:00:00+00:00,2.2041,2.2116,2.2015,2.2029,2.2015,2.2116,0.6824324324324256,9969,2020-10-18 21:45:00+00:00,2020,225.0,2.2155,2.2156,2.1964,2.1966,1.0,2.2649
2020-10-24 07:00:00+00:00__L953__H957,960,2020-10-24 07:00:00+00:00,962,2020-10-24 09:00:00+00:00,2020-10-24 10:00:00+00:00,2020,1.916,953,955,1.9624,957,959,1.9032,0.6680584551148185,2,1.9246,0.022299999999999986,970,2020-10-24 17:00:00+00:00,2020-10-24 18:00:00+00:00,1.9625,1.9734,8,2.6591928251121053,0.42441209406495006,0.004484304932734935,969,2020-10-24 16:00:00+00:00,1.9359,1.938,1.9206,1.9352,1.9206,1.938,0.7802690582959583,11672,2020-10-24 19:40:00+00:00,2020,100.0,1.9429,1.9432,1.9347,1.9395,0.18965517241378652,1.9734
2020-11-01 10:00:00+00:00__L1151__H1152,1155,2020-11-01 10:00:00+00:00,1155,2020-11-01 10:00:00+00:00,2020-11-01 11:00:00+00:00,2020,1.5228,1151,1153,1.554,1152,1154,1.5152,0.49908064092460136,0,1.5378,0.019649999999999945,1160,2020-11-01 15:00:00+00:00,2020-11-01 16:00:00+00:00,1.5668,1.5758,5,2.6259541984732833,0.5197132616487433,0.6513994910941454,1159,2020-11-01 14:00:00+00:00,1.5427,1.5465,1.5363,1.541,1.5363,1.5465,0.5190839694656496,14131,2020-11-02 08:35:00+00:00,2020,995.0,1.5755,1.5768,1.5453,1.5476,0.11764705882353838,1.6465
2020-11-04 15:00:00+00:00__L1224__H1227,1232,2020-11-04 15:00:00+00:00,1234,2020-11-04 17:00:00+00:00,2020-11-04 18:00:00+00:00,2020,1.3432,1224,1226,1.4001,1227,1229,1.2737,5.174210839785579,2,1.3852,0.021949999999999914,1243,2020-11-05 02:00:00+00:00,2020-11-05 03:00:00+00:00,1.4035,1.408,9,5.913439635535327,0.40043763676148697,0.15489749430524297,1240,2020-11-04 23:00:00+00:00,1.3973,1.3997,1.3892,1.391,1.3892,1.3997,0.4783599088838266,14928,2020-11-05 03:00:00+00:00,2020,0.0,1.4034,1.4043,1.3986,1.3997,0.10476190476189369,1.408
2020-11-04 16:00:00+00:00__L1219__H1227,1233,2020-11-04 16:00:00+00:00,1234,2020-11-04 17:00:00+00:00,2020-11-04 18:00:00+00:00,2020,1.3459,1219,1221,1.4001,1227,1229,1.2737,5.364440151571442,1,1.3852,0.02210000000000001,1243,2020-11-05 02:00:00+00:00,2020-11-05 03:00:00+00:00,1.4035,1.408,9,5.873303167420809,0.40043763676148697,0.15384615384615694,1240,2020-11-04 23:00:00+00:00,1.3973,1.3997,1.3892,1.391,1.3892,1.3997,0.4751131221719434,14928,2020-11-05 03:00:00+00:00,2020,0.0,1.4034,1.4043,1.3986,1.3997,0.10476190476189369,1.408
2020-11-09 14:00:00+00:00__L1345__H1348,1351,2020-11-09 14:00:00+00:00,1353,2020-11-09 16:00:00+00:00,2020-11-09 17:00:00+00:00,2020,2.022,1345,1347,2.19,1348,1350,1.9517,3.476755687438171,2,2.0386,0.0682999999999998,1369,2020-11-10 08:00:00+00:00,2020-11-10 09:00:00+00:00,2.1959,2.2095,16,3.575402635431928,0.41957855428114027,0.0863836017569551,1367,2020-11-10 06:00:00+00:00,2.143,2.1535,2.09,2.1039,2.09,2.1535,0.9297218155197733,16466,2020-11-10 11:10:00+00:00,2020,130.0,2.1595,2.1736,2.1533,2.1618,0.003149606299212235,2.2455
2020-11-09 15:00:00+00:00__L1341__H1348,1352,2020-11-09 15:00:00+00:00,1354,2020-11-09 17:00:00+00:00,2020-11-09 18:00:00+00:00,2020,2.05,1341,1343,2.19,1348,1350,1.9517,4.795121951219505,2,2.0521,0.0682999999999998,1369,2020-11-10 08:00:00+00:00,2020-11-10 09:00:00+00:00,2.1959,2.2095,15,3.575402635431928,0.3978970669618144,0.0863836017569551,1367,2020-11-10 06:00:00+00:00,2.143,2.1535,2.09,2.1039,2.09,2.1535,0.9297218155197733,16466,2020-11-10 11:10:00+00:00,2020,130.0,2.1595,2.1736,2.1533,2.1618,0.003149606299212235,2.2455
2020-11-09 16:00:00+00:00__L1334__H1348,1353,2020-11-09 16:00:00+00:00,1354,2020-11-09 17:00:00+00:00,2020-11-09 18:00:00+00:00,2020,2.0444,1334,1336,2.19,1348,1350,1.9517,4.534337702993543,1,2.0521,0.06679999999999997,1369,2020-11-10 08:00:00+00:00,2020-11-10 09:00:00+00:00,2.1959,2.2095,15,3.655688622754492,0.3978970669618144,0.08832335329341345,1367,2020-11-10 06:00:00+00:00,2.143,2.1535,2.09,2.1039,2.09,2.1535,0.950598802395215,16466,2020-11-10 11:10:00+00:00,2020,130.0,2.1595,2.1736,2.1533,2.1618,0.003149606299212235,2.2455
2020-11-21 03:00:00+00:00__L1623__H1625,1628,2020-11-21 03:00:00+00:00,1630,2020-11-21 05:00:00+00:00,2020-11-21 06:00:00+00:00,2020,2.0788,1623,1625,2.1508,1625,1627,2.0313,2.284972099288066,2,2.0977,0.04354999999999998,1632,2020-11-21 07:00:00+00:00,2020-11-21 08:00:00+00:00,2.1666,2.1682,2,3.106773823191735,1.0,0.36280137772675186,1628,2020-11-21 03:00:00+00:00,2.0728,2.0879,2.0578,2.0656,2.0578,2.0879,0.6911595866819754,19929,2020-11-22 11:45:00+00:00,2020,1665.0,2.106,2.1108,2.0563,2.076,1.0,2.5204
2020-11-22 12:00:00+00:00__L1656__H1658,1661,2020-11-22 12:00:00+00:00,1661,2020-11-22 12:00:00+00:00,2020-11-22 13:00:00+00:00,2020,2.1,1656,1658,2.246,1658,1660,2.0755,1.1666666666666756,0,2.1067,0.09845000000000015,1668,2020-11-22 19:00:00+00:00,2020-11-22 20:00:00+00:00,2.2716,2.2735,7,1.991874047739966,0.8575143005720224,0.26003047232097315,1663,2020-11-22 14:00:00+00:00,2.1764,2.212,2.1509,2.1639,2.1509,2.212,0.620619603859828,20039,2020-11-22 20:55:00+00:00,2020,55.0,2.2215,2.2231,2.2104,2.2105,0.026186579378073057,2.2806
2020-11-22 23:00:00+00:00__L1665__H1667,1672,2020-11-22 23:00:00+00:00,1672,2020-11-22 23:00:00+00:00,2020-11-23 00:00:00+00:00,2020,2.1268,1665,1667,2.2816,1667,1669,2.1258,0.04701899567424722,0,2.1502,0.06744999999999979,1679,2020-11-23 06:00:00+00:00,2020-11-23 07:00:00+00:00,2.3119,2.3154,7,2.759080800593043,0.817905918057665,0.44922164566345574,1673,2020-11-23 00:00:00+00:00,2.1488,2.1835,2.1201,2.1322,2.1201,2.1835,0.939955522609345,20267,2020-11-23 15:55:00+00:00,2020,535.0,2.1902,2.2024,2.1815,2.1996,0.0315457413249176,2.3611
2020-11-25 04:00:00+00:00__L1718__H1722,1725,2020-11-25 04:00:00+00:00,1726,2020-11-25 05:00:00+00:00,2020-11-25 06:00:00+00:00,2020,2.215,1718,1720,2.38,1722,1724,2.1772,1.7065462753950262,1,2.2249,0.07525000000000004,1735,2020-11-25 14:00:00+00:00,2020-11-25 15:00:00+00:00,2.4493,2.4738,9,3.615946843853819,0.6496815286624213,0.9209302325581409,1734,2020-11-25 13:00:00+00:00,2.3603,2.44,2.3,2.3328,2.3,2.44,1.8604651162790704,20832,2020-11-25 15:00:00+00:00,2020,0.0,2.4489,2.4521,2.4,2.416,0.2857142857142857,2.4738
2020-11-29 02:00:00+00:00__L1813__H1816,1819,2020-11-29 02:00:00+00:00,1819,2020-11-29 02:00:00+00:00,2020-11-29 03:00:00+00:00,2020,1.8542,1813,1815,1.8952,1816,1818,1.8439,0.555495631539207,0,1.8773,0.025399999999999978,1825,2020-11-29 08:00:00+00:00,2020-11-29 09:00:00+00:00,1.9231,1.9321,6,3.1181102362204727,0.4780793319415439,1.098425196850396,1823,2020-11-29 06:00:00+00:00,1.8682,1.8689,1.8526,1.8619,1.8526,1.8689,0.6417322834645668,22037,2020-11-29 19:25:00+00:00,2020,625.0,1.878,1.8803,1.8633,1.865,0.34355828220859236,1.9418
2020-11-29 18:00:00+00:00__L1829__H1831,1835,2020-11-29 18:00:00+00:00,1837,2020-11-29 20:00:00+00:00,2020-11-29 21:00:00+00:00,2020,1.8903,1829,1831,1.9324,1831,1833,1.8628,1.4547955351002528,2,1.8906,0.021500000000000075,1841,2020-11-30 00:00:00+00:00,2020-11-30 01:00:00+00:00,1.9617,1.9639,4,4.599999999999984,0.6701225259189433,1.3627906976744186,1839,2020-11-29 22:00:00+00:00,1.9085,1.9108,1.8813,1.8921,1.8813,1.9108,1.372093023255813,22189,2020-11-30 08:05:00+00:00,2020,425.0,1.9287,1.9313,1.8979,1.9085,0.43728813559322366,1.9766
2020-12-07 10:00:00+00:00__L2012__H2016,2019,2020-12-07 10:00:00+00:00,2021,2020-12-07 12:00:00+00:00,2020-12-07 13:00:00+00:00,2020,1.838,2012,2014,1.8585,2016,2018,1.8221,0.8650707290533202,2,1.8679,0.012149999999999994,2022,2020-12-07 13:00:00+00:00,2020-12-07 14:00:00+00:00,1.8671,1.8716,1,3.7037037037036997,-1.0,0.7078189300411477,2019,2020-12-07 10:00:00+00:00,1.8426,1.8431,1.8221,1.8244,1.8221,1.8431,1.7283950617283883,24328,2020-12-07 18:20:00+00:00,2020,260.0,1.8507,1.8559,1.8382,1.8444,0.2333333333333298,1.9006
2020-12-11 23:00:00+00:00__L2122__H2125,2128,2020-12-11 23:00:00+00:00,2129,2020-12-12 00:00:00+00:00,2020-12-12 01:00:00+00:00,2020,1.4517,2122,2124,1.4994,2125,2127,1.4362,1.0677137149548852,1,1.5128,0.02364999999999995,2130,2020-12-12 01:00:00+00:00,2020-12-12 02:00:00+00:00,1.5024,1.5157,1,2.7991543340380627,-1.0,0.12684989429175045,2128,2020-12-11 23:00:00+00:00,1.4841,1.485,1.4363,1.4406,1.4363,1.485,2.0591966173361644,25589,2020-12-12 03:25:00+00:00,2020,85.0,1.4894,1.4897,1.4814,1.4817,0.07392197125256743,1.5157
2020-12-13 04:00:00+00:00__L2144__H2149,2157,2020-12-13 04:00:00+00:00,2157,2020-12-13 04:00:00+00:00,2020-12-13 05:00:00+00:00,2020,1.4625,2144,2146,1.5124,2149,2151,1.454,0.581196581196578,0,1.4652,0.014349999999999974,2160,2020-12-13 07:00:00+00:00,2020-12-13 08:00:00+00:00,1.5175,1.5191,3,4.425087108013953,1.0,0.3554006968641194,2157,2020-12-13 04:00:00+00:00,1.4677,1.4681,1.454,1.4652,1.454,1.4681,0.9825783972125455,28742,2020-12-23 02:10:00+00:00,2020,14050.0,1.4781,1.4792,1.4657,1.471,0.1702127659574438,1.8167
2020-12-14 12:00:00+00:00__L2177__H2186,2189,2020-12-14 12:00:00+00:00,2190,2020-12-14 13:00:00+00:00,2020-12-14 14:00:00+00:00,2020,1.535,2177,2179,1.6244,2186,2188,1.5198,0.9902280130293082,1,1.5484,0.02070000000000005,2203,2020-12-15 02:00:00+00:00,2020-12-15 03:00:00+00:00,1.6569,1.659,13,6.623188405797085,0.6751711263223379,1.5700483091787387,2202,2020-12-15 01:00:00+00:00,1.5963,1.599,1.5858,1.5916,1.5858,1.599,0.6376811594202824,28081,2020-12-20 19:05:00+00:00,2020,8165.0,1.6022,1.6022,1.585,1.5863,1.0,1.8167
2020-12-14 13:00:00+00:00__L2168__H2186,2190,2020-12-14 13:00:00+00:00,2192,2020-12-14 15:00:00+00:00,2020-12-14 16:00:00+00:00,2020,1.5588,2168,2170,1.6244,2186,2188,1.5204,2.463433410315627,2,1.5615,0.02070000000000005,2203,2020-12-15 02:00:00+00:00,2020-12-15 03:00:00+00:00,1.6569,1.659,11,6.594202898550711,0.646341463414632,1.5700483091787387,2202,2020-12-15 01:00:00+00:00,1.5963,1.599,1.5858,1.5916,1.5858,1.599,0.6376811594202824,28081,2020-12-20 19:05:00+00:00,2020,8165.0,1.6022,1.6022,1.585,1.5863,1.0,1.8167
2020-12-18 14:00:00+00:00__L2277__H2283,2287,2020-12-18 14:00:00+00:00,2287,2020-12-18 14:00:00+00:00,2020-12-18 15:00:00+00:00,2020,1.6504,2277,2279,1.7104,2283,2285,1.6424,0.48473097430925877,0,1.6552,0.025050000000000017,2297,2020-12-19 00:00:00+00:00,2020-12-19 01:00:00+00:00,1.716,1.72,10,2.9381237524950037,0.5812619502868064,0.22355289421157867,2292,2020-12-18 19:00:00+00:00,1.675,1.6763,1.658,1.6696,1.658,1.6763,0.7305389221556875,27788,2020-12-19 18:40:00+00:00,2020,1060.0,1.6829,1.6829,1.6759,1.6789,0.021857923497265373,1.7695
2020-12-23 23:00:00+00:00__L2409__H2413,2416,2020-12-23 23:00:00+00:00,2418,2020-12-24 01:00:00+00:00,2020-12-24 02:00:00+00:00,2020,1.2768,2409,2411,1.3065,2413,2415,1.1574,9.351503759398492,2,1.2827,0.03159999999999996,2430,2020-12-24 13:00:00+00:00,2020-12-24 14:00:00+00:00,1.3135,1.3195,12,4.939873417721522,0.1205007824726132,0.2215189873417691,2429,2020-12-24 12:00:00+00:00,1.2854,1.3002,1.2683,1.2801,1.2683,1.3002,1.0094936708860784,29179,2020-12-24 14:35:00+00:00,2020,35.0,1.3056,1.3091,1.2999,1.3056,0.009404388714732495,1.3195
2020-12-26 15:00:00+00:00__L2476__H2477,2480,2020-12-26 15:00:00+00:00,2480,2020-12-26 15:00:00+00:00,2020-12-26 16:00:00+00:00,2020,1.3375,2476,2478,1.3801,2477,2479,1.3362,0.09719626168223229,0,1.3584,0.019650000000000056,2481,2020-12-26 16:00:00+00:00,2020-12-26 17:00:00+00:00,1.3859,1.3941,1,2.52926208651398,1.0,0.2951653944020249,2480,2020-12-26 15:00:00+00:00,1.3654,1.3669,1.3362,1.3584,1.3362,1.3669,1.5623409669211126,29800,2020-12-26 18:20:00+00:00,2020,80.0,1.3731,1.3732,1.3611,1.3632,0.18892508143322595,1.3941
2020-12-27 09:00:00+00:00__L2490__H2495,2498,2020-12-27 09:00:00+00:00,2500,2020-12-27 11:00:00+00:00,2020-12-27 12:00:00+00:00,2020,1.2922,2490,2492,1.3205,2495,2497,1.273,1.4858381055564236,2,1.2949,0.019999999999999907,2502,2020-12-27 13:00:00+00:00,2020-12-27 14:00:00+00:00,1.3259,1.3304,2,2.645000000000021,1.0,0.27000000000000485,2499,2020-12-27 10:00:00+00:00,1.2891,1.2924,1.2792,1.2806,1.2792,1.2924,0.6600000000000081,30117,2020-12-27 20:45:00+00:00,2020,405.0,1.3089,1.3092,1.2912,1.2925,0.09090909090909703,1.4148
2020-12-31 14:00:00+00:00__L2586__H2592,2599,2020-12-31 14:00:00+00:00,2601,2020-12-31 16:00:00+00:00,2020-12-31 17:00:00+00:00,2020,1.467,2586,2588,1.5393,2592,2594,1.4238,2.9447852760736284,2,1.4738,0.029550000000000076,2604,2020-12-31 19:00:00+00:00,2020-12-31 20:00:00+00:00,1.541,1.5435,3,3.9661590524534573,0.8772845953002627,0.057529610829104245,2603,2020-12-31 18:00:00+00:00,1.5239,1.5445,1.5071,1.5192,1.5071,1.5445,1.2656514382402633,31260,2020-12-31 20:00:00+00:00,2020,0.0,1.5404,1.543,1.536,1.537,0.22727272727272674,1.5435
2021-01-09 16:00:00+00:00__L2812__H2814,2817,2021-01-09 16:00:00+00:00,2818,2021-01-09 17:00:00+00:00,2021-01-09 18:00:00+00:00,2021,3.1245,2812,2814,3.2518,2814,2816,2.91,6.86509841574651,1,3.2458,0.11785000000000001,2819,2021-01-09 18:00:00+00:00,2021-01-09 19:00:00+00:00,3.3928,3.5231,1,4.096733135341533,1.0,1.1964361476453118,2817,2021-01-09 16:00:00+00:00,3.1081,3.123,2.91,2.9864,2.91,3.123,1.8073822655918546,34231,2021-01-11 03:35:00+00:00,2021,1955.0,3.2057,3.2057,3.06,3.1179,0.2957746478873246,3.764
2021-01-10 20:00:00+00:00__L2840__H2841,2845,2021-01-10 20:00:00+00:00,2845,2021-01-10 20:00:00+00:00,2021-01-10 21:00:00+00:00,2021,3.2236,2840,2842,3.454,2841,2843,3.15,2.283161682590889,0,3.3118,0.12294999999999967,2846,2021-01-10 21:00:00+00:00,2021-01-10 22:00:00+00:00,3.4725,3.475,1,2.623017486783254,1.0,0.15046766978446532,2845,2021-01-10 20:00:00+00:00,3.3214,3.3362,3.15,3.3118,3.15,3.3362,1.514436762911756,34212,2021-01-11 02:00:00+00:00,2021,240.0,3.3581,3.3709,3.3297,3.3361,0.03490870032223391,3.5257
2021-01-11 16:00:00+00:00__L2856__H2859,2865,2021-01-11 16:00:00+00:00,2867,2021-01-11 18:00:00+00:00,2021-01-11 19:00:00+00:00,2021,2.846,2856,2858,3.1497,2859,2861,2.5833,9.230498945888971,2,2.8567,0.15460000000000007,2875,2021-01-12 02:00:00+00:00,2021-01-12 03:00:00+00:00,3.2051,3.2147,8,4.021992238033633,1.0,0.3583441138421711,2865,2021-01-11 16:00:00+00:00,2.7682,2.7934,2.5833,2.6746,2.5833,2.7934,1.358990944372575,37361,2021-01-22 00:25:00+00:00,2021,14245.0,2.8334,2.8352,2.78,2.8169,0.06377915278438977,4.1747
2021-01-12 15:00:00+00:00__L2883__H2885,2888,2021-01-12 15:00:00+00:00,2889,2021-01-12 16:00:00+00:00,2021-01-12 17:00:00+00:00,2021,3.305,2883,2885,3.4844,2885,2887,3.2305,2.2541603630862332,1,3.4545,0.09894999999999987,2891,2021-01-12 18:00:00+00:00,2021-01-12 19:00:00+00:00,3.7759,3.904,2,5.511874684183938,0.8418019905709806,2.9459322890348707,2890,2021-01-12 17:00:00+00:00,3.4538,3.473,3.3607,3.4243,3.3607,3.473,1.1349166245578575,34753,2021-01-12 23:05:00+00:00,2021,245.0,3.505,3.5083,3.4638,3.4705,0.08192341941228751,3.904
2021-01-13 11:00:00+00:00__L2902__H2904,2908,2021-01-13 11:00:00+00:00,2908,2021-01-13 11:00:00+00:00,2021-01-13 12:00:00+00:00,2021,3.2759,2902,2904,3.4968,2904,2906,3.2472,0.8760951188986285,0,3.3702,0.13565000000000005,2912,2021-01-13 15:00:00+00:00,2021-01-13 16:00:00+00:00,3.5435,3.5753,4,2.184297825285661,0.6657702650787557,0.34426833763361553,2911,2021-01-13 14:00:00+00:00,3.4339,3.4418,3.3828,3.3881,3.3828,3.4418,0.4349428676741625,35021,2021-01-13 21:25:00+00:00,2021,325.0,3.486,3.4917,3.3872,3.4026,0.9254237288135602,3.6249
2021-01-16 11:00:00+00:00__L2974__H2975,2980,2021-01-16 11:00:00+00:00,2980,2021-01-16 11:00:00+00:00,2021-01-16 12:00:00+00:00,2021,3.3625,2974,2976,3.5244,2975,2977,3.1236,7.104832713754637,0,3.4108,0.07245000000000013,2988,2021-01-16 19:00:00+00:00,2021-01-16 20:00:00+00:00,3.5853,3.6796,8,6.372670807453405,0.34022226554884005,0.8405797101449285,2987,2021-01-16 18:00:00+00:00,3.4869,3.5545,3.4397,3.445,3.4397,3.5545,1.5845410628019267,35868,2021-01-16 20:00:00+00:00,2021,0.0,3.5809,3.5809,3.5,3.5397,0.47473867595818897,3.6796
2021-01-20 11:00:00+00:00__L3068__H3073,3076,2021-01-20 11:00:00+00:00,3078,2021-01-20 13:00:00+00:00,2021-01-20 14:00:00+00:00,2021,3.528,3068,3070,3.625,3073,3075,3.324,5.782312925170073,2,3.5734,0.06329999999999991,3084,2021-01-20 19:00:00+00:00,2021-01-20 20:00:00+00:00,3.6643,3.678,6,5.3759873617693605,0.3224547711954595,0.6208530805687195,3083,2021-01-20 18:00:00+00:00,3.6142,3.6212,3.5615,3.5968,3.5615,3.6212,0.9431279620853072,37074,2021-01-21 00:30:00+00:00,2021,270.0,3.6605,3.6621,3.5954,3.6168,0.43216080402009854,3.7397
2021-01-20 14:00:00+00:00__L3065__H3073,3079,2021-01-20 14:00:00+00:00,3081,2021-01-20 16:00:00+00:00,2021-01-20 17:00:00+00:00,2021,3.6019,3065,3067,3.625,3073,3075,3.4436,4.394902690246817,2,3.6225,0.07214999999999994,3084,2021-01-20 19:00:00+00:00,2021-01-20 20:00:00+00:00,3.6643,3.678,3,3.05890505890506,0.44849785407725173,0.5446985446985436,3083,2021-01-20 18:00:00+00:00,3.6142,3.6212,3.5615,3.5968,3.5615,3.6212,0.8274428274428263,37074,2021-01-21 00:30:00+00:00,2021,270.0,3.6605,3.6621,3.5954,3.6168,0.43216080402009854,3.7397
2021-01-27 15:00:00+00:00__L3244__H3245,3248,2021-01-27 15:00:00+00:00,3248,2021-01-27 15:00:00+00:00,2021-01-27 16:00:00+00:00,2021,3.6115,3244,3246,3.7466,3245,3247,3.6027,0.24366606673127286,0,3.7237,0.08184999999999976,3253,2021-01-27 20:00:00+00:00,2021-01-27 21:00:00+00:00,3.7586,3.7622,5,1.9047037263286548,0.18957088538837513,0.14660965180207752,3251,2021-01-27 18:00:00+00:00,3.6961,3.7072,3.6336,3.6491,3.6336,3.7072,0.8992058643860734,39067,2021-01-27 22:35:00+00:00,2021,95.0,3.7384,3.7498,3.7068,3.7132,0.005434782608695062,3.77
2021-01-28 01:00:00+00:00__L3251__H3255,3258,2021-01-28 01:00:00+00:00,3258,2021-01-28 01:00:00+00:00,2021-01-28 02:00:00+00:00,2021,3.6336,3251,3253,3.77,3255,3257,3.6083,0.6962791721708527,0,3.6518,0.07929999999999993,3262,2021-01-28 05:00:00+00:00,2021-01-28 06:00:00+00:00,3.779,3.7801,4,2.1525851197982373,1.0,0.11349306431273525,3258,2021-01-28 01:00:00+00:00,3.6587,3.6639,3.6083,3.6518,3.6083,3.6639,0.7011349306431292,39441,2021-01-29 05:45:00+00:00,2021,1425.0,3.6767,3.6846,3.6582,3.6642,0.1025179856115113,3.9681
2021-02-14 13:00:00+00:00__L3671__H3675,3678,2021-02-14 13:00:00+00:00,3678,2021-02-14 13:00:00+00:00,2021-02-14 14:00:00+00:00,2021,8.6372,3671,3673,8.7739,3675,3677,8.5616,0.8752836567406065,0,8.6618,0.16279999999999983,3681,2021-02-14 16:00:00+00:00,2021-02-14 17:00:00+00:00,8.8747,8.9077,3,1.9232186732186776,0.7694253704372963,0.619164619164628,3679,2021-02-14 14:00:00+00:00,8.6628,8.7181,8.6146,8.6299,8.6146,8.7181,0.6357493857493887,44267,2021-02-14 23:55:00+00:00,2021,415.0,8.7511,8.7547,8.7172,8.7306,0.008695652173909909,9.0
2021-02-17 05:00:00+00:00__L3733__H3736,3742,2021-02-17 05:00:00+00:00,3744,2021-02-17 07:00:00+00:00,2021-02-17 08:00:00+00:00,2021,7.9613,3733,3735,8.3176,3736,3738,7.5713,4.898697448909093,2,7.9681,0.1581999999999999,3754,2021-02-17 17:00:00+00:00,2021-02-17 18:00:00+00:00,8.3262,8.3489,10,4.771807838179524,0.45197526189574644,0.054361567635900776,3753,2021-02-17 16:00:00+00:00,8.2536,8.3449,8.135,8.1612,8.135,8.3449,1.3268015170670115,45060,2021-02-17 18:00:00+00:00,2021,0.0,8.3211,8.3348,8.3,8.3089,0.2139113863744637,8.3489
2021-02-20 22:00:00+00:00__L3824__H3826,3831,2021-02-20 22:00:00+00:00,3831,2021-02-20 22:00:00+00:00,2021-02-20 23:00:00+00:00,2021,10.0712,3824,3826,10.6253,3826,3828,9.8815,1.8835888474064504,0,10.1061,0.21814999999999962,3844,2021-02-21 11:00:00+00:00,2021-02-21 12:00:00+00:00,10.7361,10.7565,13,3.917487966995192,0.42944785276073655,0.5079074031629672,3840,2021-02-21 07:00:00+00:00,10.2167,10.2669,10.0333,10.0476,10.0333,10.2669,1.0708228283291292,46405,2021-02-22 10:05:00+00:00,2021,1325.0,10.3612,10.3672,10.215,10.247,0.22217465753424667,11.6436
2021-02-26 07:00:00+00:00__L3953__H3957,3960,2021-02-26 07:00:00+00:00,3961,2021-02-26 08:00:00+00:00,2021-02-26 09:00:00+00:00,2021,13.3615,3953,3955,14.7091,3957,3959,13.1035,1.930920929536348,1,13.5905,0.4361500000000005,3969,2021-02-26 16:00:00+00:00,2021-02-26 17:00:00+00:00,15.0435,15.0758,8,4.448011005388048,0.5968126180892137,0.7667087011349308,3966,2021-02-26 13:00:00+00:00,14.0351,14.0808,13.7804,13.8317,13.7804,14.0808,0.6887538690817366,47695,2021-02-26 21:35:00+00:00,2021,275.0,14.1486,14.1974,14.0501,14.0659,0.10219707057256834,15.5453
2021-02-28 16:00:00+00:00__L4008__H4010,4017,2021-02-28 16:00:00+00:00,4019,2021-02-28 18:00:00+00:00,2021-02-28 19:00:00+00:00,2021,11.9432,4008,4010,12.5483,4010,4012,11.4245,4.343057137115673,2,12.3183,0.3233499999999996,4020,2021-02-28 19:00:00+00:00,2021-02-28 20:00:00+00:00,13.2761,13.3514,1,5.726302767898567,1.0,2.250811813824033,4018,2021-02-28 17:00:00+00:00,11.8201,11.9185,11.709,11.7367,11.709,11.9185,0.6479047471779821,49899,2021-03-06 13:15:00+00:00,2021,8235.0,11.9703,11.9738,11.91,11.9443,0.04057279236276716,15.5512
2021-02-28 17:00:00+00:00__L4004__H4010,4018,2021-02-28 17:00:00+00:00,4019,2021-02-28 18:00:00+00:00,2021-02-28 19:00:00+00:00,2021,12.0614,4004,4006,12.5483,4010,4012,11.709,2.921717213590471,1,12.3183,0.33254999999999946,4020,2021-02-28 19:00:00+00:00,2021-02-28 20:00:00+00:00,13.2761,13.3514,1,4.712374079085859,1.0,2.1885430762291427,4018,2021-02-28 17:00:00+00:00,11.8201,11.9185,11.709,11.7367,11.709,11.9185,0.6299804540670594,49899,2021-03-06 13:15:00+00:00,2021,8235.0,11.9703,11.9738,11.91,11.9443,0.04057279236276716,15.5512
2021-03-11 08:00:00+00:00__L4265__H4269,4273,2021-03-11 08:00:00+00:00,4275,2021-03-11 10:00:00+00:00,2021-03-11 11:00:00+00:00,2021,13.867,4265,4267,14.1804,4269,4271,13.6708,1.4148698348597464,2,14.0543,0.1592999999999991,4278,2021-03-11 13:00:00+00:00,2021-03-11 14:00:00+00:00,14.5715,14.59,3,5.654111738857536,0.954595791805095,2.4551161330822473,4277,2021-03-11 12:00:00+00:00,14.1047,14.1781,14.0271,14.0982,14.0271,14.1781,0.9478970495919689,51366,2021-03-11 15:30:00+00:00,2021,90.0,14.2938,14.2982,14.1128,14.1904,0.4324503311258322,14.65
2021-03-11 09:00:00+00:00__L4262__H4269,4274,2021-03-11 09:00:00+00:00,4276,2021-03-11 11:00:00+00:00,2021-03-11 12:00:00+00:00,2021,14.06,4262,4264,14.1804,4269,4271,13.762,2.1194879089615934,2,14.1105,0.16860000000000053,4278,2021-03-11 13:00:00+00:00,2021-03-11 14:00:00+00:00,14.5715,14.59,2,4.801304863582428,0.949341021416805,2.3196915776986864,4277,2021-03-11 12:00:00+00:00,14.1047,14.1781,14.0271,14.0982,14.0271,14.1781,0.8956109134045037,51366,2021-03-11 15:30:00+00:00,2021,90.0,14.2938,14.2982,14.1128,14.1904,0.4324503311258322,14.65
2021-03-13 02:00:00+00:00__L4309__H4312,4315,2021-03-13 02:00:00+00:00,4315,2021-03-13 02:00:00+00:00,2021-03-13 03:00:00+00:00,2021,14.0713,4309,4311,14.6684,4312,4314,13.9093,1.151279554838578,0,14.1586,0.27725000000000044,4322,2021-03-13 09:00:00+00:00,2021-03-13 10:00:00+00:00,14.6945,14.7019,7,2.832100991884575,0.8891654222664719,0.09413886384129676,4320,2021-03-13 07:00:00+00:00,14.4224,14.4494,14.2577,14.3932,14.2577,14.4494,0.691433724075746,52180,2021-03-14 11:20:00+00:00,2021,1520.0,14.5031,14.5516,14.4312,14.4477,0.09494001043296887,15.4449
2021-03-18 13:00:00+00:00__L4437__H4440,4446,2021-03-18 13:00:00+00:00,4448,2021-03-18 15:00:00+00:00,2021-03-18 16:00:00+00:00,2021,14.1316,4437,4439,14.3799,4440,4442,13.9803,1.070650174077959,2,14.2274,0.17304999999999993,4449,2021-03-18 16:00:00+00:00,2021-03-18 17:00:00+00:00,14.3893,14.407,1,2.363478763363195,1.0,0.05431956082057896,4446,2021-03-18 13:00:00+00:00,14.0947,14.11,14.0275,14.0421,14.0275,14.11,0.4767408263507634,53486,2021-03-19 00:10:00+00:00,2021,430.0,14.1533,14.1665,14.1,14.1062,0.12121212121211926,14.78
2021-03-19 23:00:00+00:00__L4471__H4475,4480,2021-03-19 23:00:00+00:00,4480,2021-03-19 23:00:00+00:00,2021-03-20 00:00:00+00:00,2021,14.12,4471,4473,14.4608,4475,4477,14.0398,0.567988668555238,0,14.1535,0.11960000000000015,4487,2021-03-20 06:00:00+00:00,2021-03-20 07:00:00+00:00,14.4745,14.5806,7,3.63461538461539,1.0,0.11454849498327783,4480,2021-03-19 23:00:00+00:00,14.205,14.2131,14.0398,14.1535,14.0398,14.2131,1.4489966555184022,54057,2021-03-20 23:45:00+00:00,2021,1005.0,14.2358,14.2514,14.206,14.2514,0.0409694171956213,14.9722
2021-03-21 11:00:00+00:00__L4511__H4513,4516,2021-03-21 11:00:00+00:00,4518,2021-03-21 13:00:00+00:00,2021-03-21 14:00:00+00:00,2021,13.8215,4511,4513,14.0407,4513,4515,13.634,1.3565821365264261,2,13.9023,0.14344999999999963,4523,2021-03-21 18:00:00+00:00,2021-03-21 19:00:00+00:00,14.2413,14.2784,5,4.233530846985026,0.8977754237288164,1.3983966538863852,4520,2021-03-21 15:00:00+00:00,13.9454,14.041,13.9146,13.9261,13.9146,14.041,0.8811432554897219,54927,2021-03-24 00:15:00+00:00,2021,3195.0,14.092,14.0925,13.9562,13.9589,0.6708860759493619,16.612
2021-03-21 12:00:00+00:00__L4507__H4513,4517,2021-03-21 12:00:00+00:00,4518,2021-03-21 13:00:00+00:00,2021-03-21 14:00:00+00:00,2021,13.856,4507,4509,14.0407,4513,4515,13.634,1.6021939953810589,1,13.9023,0.14344999999999963,4523,2021-03-21 18:00:00+00:00,2021-03-21 19:00:00+00:00,14.2413,14.2784,5,4.233530846985026,0.8977754237288164,1.3983966538863852,4520,2021-03-21 15:00:00+00:00,13.9454,14.041,13.9146,13.9261,13.9146,14.041,0.8811432554897219,54927,2021-03-24 00:15:00+00:00,2021,3195.0,14.092,14.0925,13.9562,13.9589,0.6708860759493619,16.612
2021-03-29 05:00:00+00:00__L4696__H4699,4702,2021-03-29 05:00:00+00:00,4704,2021-03-29 07:00:00+00:00,2021-03-29 08:00:00+00:00,2021,17.9699,4696,4698,18.9126,4699,4701,17.6614,1.7167596925970579,2,18.1188,0.4711500000000015,4714,2021-03-29 17:00:00+00:00,2021-03-29 18:00:00+00:00,19.0157,19.047,10,2.8744561180091144,0.5236760670286669,0.2188262761328609,4712,2021-03-29 15:00:00+00:00,18.5104,18.5727,18.0394,18.1731,18.0394,18.5727,1.131911280908413,56615,2021-03-29 20:55:00+00:00,2021,175.0,18.611,18.626,18.5025,18.5853,0.1316332270766918,19.047
2021-03-29 06:00:00+00:00__L4692__H4699,4703,2021-03-29 06:00:00+00:00,4703,2021-03-29 06:00:00+00:00,2021-03-29 07:00:00+00:00,2021,17.8595,4692,4694,18.9126,4699,4701,17.7407,0.6651921946303101,0,17.8975,0.4814500000000024,4714,2021-03-29 17:00:00+00:00,2021-03-29 18:00:00+00:00,19.0157,19.047,11,2.648250077889692,0.578179937952429,0.21414477100425225,4712,2021-03-29 15:00:00+00:00,18.5104,18.5727,18.0394,18.1731,18.0394,18.5727,1.1076955031675104,56615,2021-03-29 20:55:00+00:00,2021,175.0,18.611,18.626,18.5025,18.5853,0.1316332270766918,19.047
2021-04-02 03:00:00+00:00__L4790__H4792,4796,2021-04-02 03:00:00+00:00,4798,2021-04-02 05:00:00+00:00,2021-04-02 06:00:00+00:00,2021,18.9934,4790,4792,19.2752,4792,4794,18.6388,1.866964313919579,2,19.0408,0.2581500000000023,4805,2021-04-02 12:00:00+00:00,2021-04-02 13:00:00+00:00,19.2945,19.5016,7,2.539996126283144,0.6296847853065256,0.07476273484407313,4803,2021-04-02 10:00:00+00:00,19.1997,19.1997,19.0879,19.1434,19.0879,19.1997,0.43308154173929025,57673,2021-04-02 13:05:00+00:00,2021,5.0,19.3103,19.3198,19.1944,19.2128,0.047406082289788584,19.5016
2021-04-06 11:00:00+00:00__L4890__H4897,4900,2021-04-06 11:00:00+00:00,4900,2021-04-06 11:00:00+00:00,2021-04-06 12:00:00+00:00,2021,22.52,4890,4892,23.85,4897,4899,22.25,1.1989342806394296,0,22.8498,0.4060000000000006,4906,2021-04-06 17:00:00+00:00,2021-04-06 18:00:00+00:00,24.1371,24.3083,6,4.64802955665024,0.49255787258465694,0.7071428571428532,4903,2021-04-06 14:00:00+00:00,22.9261,22.9268,21.6509,22.3966,21.6509,22.9268,3.1426108374384194,59094,2021-04-07 11:30:00+00:00,2021,1050.0,23.5276,23.5666,22.8753,23.1315,0.040363664864018156,26.459
2021-04-07 11:00:00+00:00__L4915__H4919,4924,2021-04-07 11:00:00+00:00,4924,2021-04-07 11:00:00+00:00,2021-04-07 12:00:00+00:00,2021,23.8019,4915,4917,26.459,4919,4921,22.8753,3.89296652788223,0,23.9822,0.7713999999999999,4927,2021-04-07 14:00:00+00:00,2021-04-07 15:00:00+00:00,27.0708,27.5648,3,5.438812548612911,1.0,0.7931034482758607,4924,2021-04-07 11:00:00+00:00,24.3334,24.6355,22.8753,23.9822,22.8753,24.6355,2.281825252787142,61142,2021-04-14 14:10:00+00:00,2021,10030.0,24.9641,25.2249,24.5888,24.7504,0.02653107601409003,29.9394
2021-04-08 14:00:00+00:00__L4940__H4946,4951,2021-04-08 14:00:00+00:00,4951,2021-04-08 14:00:00+00:00,2021-04-08 15:00:00+00:00,2021,25.9203,4940,4942,28.0273,4946,4948,25.8142,0.4093316821178822,0,25.9862,0.7863499999999988,4965,2021-04-09 04:00:00+00:00,2021-04-09 05:00:00+00:00,28.2894,28.3581,14,3.147707763718452,0.7957435046987285,0.3333121383607816,4962,2021-04-09 01:00:00+00:00,27.1742,27.423,27.0762,27.1484,27.0762,27.423,0.44102498887263786,59616,2021-04-09 07:00:00+00:00,2021,120.0,27.5726,27.585,27.3834,27.5239,0.11418685121106324,28.3581
2021-04-12 16:00:00+00:00__L5043__H5046,5049,2021-04-12 16:00:00+00:00,5049,2021-04-12 16:00:00+00:00,2021-04-12 17:00:00+00:00,2021,27.438,5043,5045,28.4929,5046,5048,26.9941,1.617829287848966,0,27.5031,0.5440999999999985,5056,2021-04-12 23:00:00+00:00,2021-04-13 00:00:00+00:00,28.585,28.6906,7,2.923911045763657,0.9150807747610586,0.16927035471421123,5052,2021-04-12 19:00:00+00:00,27.6566,27.7224,27.4985,27.6068,27.4985,27.7224,0.4115052380077211,60740,2021-04-13 04:40:00+00:00,2021,280.0,27.8452,27.8452,27.6967,27.7431,0.11478338543993055,28.8639
2021-04-20 15:00:00+00:00__L5232__H5235,5240,2021-04-20 15:00:00+00:00,5240,2021-04-20 15:00:00+00:00,2021-04-20 16:00:00+00:00,2021,29.2,5232,5234,31.6915,5235,5237,29.016,0.6301369863013735,0,29.7548,1.4876499999999986,5244,2021-04-20 19:00:00+00:00,2021-04-20 20:00:00+00:00,31.7782,31.9546,4,1.856753940779083,0.9450723960765983,0.0582798373273263,5242,2021-04-20 17:00:00+00:00,30.385,30.8031,30.193,30.3173,30.193,30.8031,0.410109904883541,62997,2021-04-21 00:45:00+00:00,2021,285.0,31.1353,31.3314,30.7086,30.7817,0.15489264055072963,32.488
2021-04-21 10:00:00+00:00__L5250__H5252,5259,2021-04-21 10:00:00+00:00,5259,2021-04-21 10:00:00+00:00,2021-04-21 11:00:00+00:00,2021,30.4385,5250,5252,33.8436,5252,5254,30.3351,0.3397013650475569,0,30.6341,0.9479500000000023,5263,2021-04-21 14:00:00+00:00,2021-04-21 15:00:00+00:00,34.7762,35.1789,4,4.684951737960854,1.0,0.983807162825042,5259,2021-04-21 10:00:00+00:00,31.512,31.5301,30.3351,30.6341,30.3351,31.5301,1.2606150113402579,63662,2021-04-23 08:10:00+00:00,2021,2470.0,31.6819,32.4046,31.4618,32.35,0.057154811715481736,41.5553
2021-04-28 06:00:00+00:00__L5417__H5419,5423,2021-04-28 06:00:00+00:00,5424,2021-04-28 07:00:00+00:00,2021-04-28 08:00:00+00:00,2021,42.0,5417,5419,45.1379,5419,5421,40.65,3.2142857142857175,1,42.4784,0.9984000000000002,5430,2021-04-28 13:00:00+00:00,2021-04-28 14:00:00+00:00,46.5023,46.5802,6,5.861678685897434,0.7242570960600446,1.3665865384615346,5426,2021-04-28 09:00:00+00:00,42.8009,42.8852,41.5494,42.0456,41.5494,42.8852,1.337940705128204,65400,2021-04-29 09:00:00+00:00,2021,1140.0,43.0416,43.0803,42.73,42.9028,0.11618505764336037,46.988
2021-04-28 07:00:00+00:00__L5407__H5419,5424,2021-04-28 07:00:00+00:00,5425,2021-04-28 08:00:00+00:00,2021-04-28 09:00:00+00:00,2021,42.567,5407,5409,45.1379,5419,5421,41.7025,2.030915967768458,1,42.8116,1.0530500000000025,5430,2021-04-28 13:00:00+00:00,2021-04-28 14:00:00+00:00,46.5023,46.5802,5,4.55799819571719,0.7066651348919146,1.295664973173157,5426,2021-04-28 09:00:00+00:00,42.8009,42.8852,41.5494,42.0456,41.5494,42.8852,1.2685057689568358,65400,2021-04-29 09:00:00+00:00,2021,1140.0,43.0416,43.0803,42.73,42.9028,0.11618505764336037,46.988
2021-05-07 04:00:00+00:00__L5585__H5631,5637,2021-05-07 04:00:00+00:00,5639,2021-05-07 06:00:00+00:00,2021-05-07 07:00:00+00:00,2021,42.3507,5585,5587,43.9409,5631,5633,41.465,2.091346778211458,2,42.7088,0.6079000000000008,5648,2021-05-07 15:00:00+00:00,2021-05-07 16:00:00+00:00,45.0171,45.13,9,5.843230794538561,0.5009005490093967,1.7703569666063474,5647,2021-05-07 14:00:00+00:00,43.0787,43.119,42.4127,42.5366,42.4127,43.119,1.1618687284092744,67859,2021-05-07 21:55:00+00:00,2021,355.0,43.3264,43.3353,42.8065,43.092,0.442446552456464,46.2986
2021-05-07 05:00:00+00:00__L5577__H5631,5638,2021-05-07 05:00:00+00:00,5639,2021-05-07 06:00:00+00:00,2021-05-07 07:00:00+00:00,2021,42.2502,5577,5579,43.9409,5631,5633,41.5686,1.6132468011985646,1,42.7088,0.61205,5648,2021-05-07 15:00:00+00:00,2021-05-07 16:00:00+00:00,45.0171,45.13,9,5.634343599379129,0.5009005490093967,1.7583530757291073,5647,2021-05-07 14:00:00+00:00,43.0787,43.119,42.4127,42.5366,42.4127,43.119,1.153990687035371,67859,2021-05-07 21:55:00+00:00,2021,355.0,43.3264,43.3353,42.8065,43.092,0.442446552456464,46.2986
2021-05-12 18:00:00+00:00__L5766__H5768,5771,2021-05-12 18:00:00+00:00,5773,2021-05-12 20:00:00+00:00,2021-05-12 21:00:00+00:00,2021,45.014,5766,5768,48.2,5768,5770,42.689,5.165059759186037,2,45.671,1.1054999999999957,5774,2021-05-12 21:00:00+00:00,2021-05-12 22:00:00+00:00,48.848,48.862,1,5.571234735413861,1.0,0.586160108548167,5771,2021-05-12 18:00:00+00:00,45.348,45.872,43.501,44.587,43.501,45.872,2.144730890999558,69301,2021-05-12 22:05:00+00:00,2021,5.0,48.817,48.852,45.327,45.96,0.22986081822016077,49.201
2021-05-25 11:00:00+00:00__L6070__H6072,6076,2021-05-25 11:00:00+00:00,6078,2021-05-25 13:00:00+00:00,2021-05-25 14:00:00+00:00,2021,27.69,6070,6072,30.168,6072,6074,26.101,5.738533766702789,2,27.846,1.5739999999999998,6087,2021-05-25 22:00:00+00:00,2021-05-25 23:00:00+00:00,30.935,31.346,9,3.071156289707751,0.5790065604498599,0.4872935196950442,6084,2021-05-25 19:00:00+00:00,28.924,29.335,28.18,28.414,28.18,29.335,0.7337992376111825,73072,2021-05-26 00:20:00+00:00,2021,80.0,29.65,29.666,29.281,29.496,0.046753246753248476,31.346
2021-05-26 19:00:00+00:00__L6102__H6105,6108,2021-05-26 19:00:00+00:00,6108,2021-05-26 19:00:00+00:00,2021-05-26 20:00:00+00:00,2021,33.347,6102,6104,35.254,6105,6107,32.724,1.8682340240501534,0,33.568,1.3974999999999973,6111,2021-05-26 22:00:00+00:00,2021-05-26 23:00:00+00:00,35.311,35.435,3,1.8511627906976804,1.0,0.040787119856888925,6108,2021-05-26 19:00:00+00:00,34.324,34.334,32.724,33.568,32.724,34.334,1.1520572450805078,73364,2021-05-27 00:40:00+00:00,2021,100.0,34.737,34.758,34.307,34.622,0.016770186335404294,35.813
2021-06-04 06:00:00+00:00__L6307__H6308,6311,2021-06-04 06:00:00+00:00,6313,2021-06-04 08:00:00+00:00,2021-06-04 09:00:00+00:00,2021,36.901,6307,6309,39.615,6308,6310,34.874,5.493076068399232,2,37.353,1.2449999999999974,6329,2021-06-05 00:00:00+00:00,2021-06-05 01:00:00+00:00,39.778,39.902,16,3.938955823293178,0.23809523809523778,0.13092369477911409,6328,2021-06-04 23:00:00+00:00,38.103,38.336,36.694,37.37,36.694,38.336,1.3188755020080316,76205,2021-06-05 21:25:00+00:00,2021,1225.0,38.552,38.763,37.885,37.911,0.2746650426309389,42.786
2021-06-04 12:00:00+00:00__L6312__H6313,6317,2021-06-04 12:00:00+00:00,6317,2021-06-04 12:00:00+00:00,2021-06-04 13:00:00+00:00,2021,34.874,6312,6314,38.048,6313,6315,34.225,1.8609852612261308,0,36.856,1.378499999999999,6320,2021-06-04 15:00:00+00:00,2021-06-04 16:00:00+00:00,38.131,38.475,3,2.833514689880306,0.585130793942176,0.06021037359448565,6319,2021-06-04 14:00:00+00:00,36.612,36.863,35.506,36.404,35.506,36.863,0.9844033369604646,75938,2021-06-04 23:10:00+00:00,2021,430.0,37.401,37.511,36.694,37.053,0.12453942520265071,39.159
2021-06-05 22:00:00+00:00__L6344__H6348,6351,2021-06-05 22:00:00+00:00,6352,2021-06-05 23:00:00+00:00,2021-06-06 00:00:00+00:00,2021,39.164,6344,6346,40.618,6348,6350,37.769,3.5619446430395336,1,39.658,1.185500000000001,6362,2021-06-06 09:00:00+00:00,2021-06-06 10:00:00+00:00,41.232,41.435,10,2.9211303247574842,0.3290133779264206,0.5179249261914776,6359,2021-06-06 06:00:00+00:00,40.276,40.466,39.505,39.663,39.505,40.466,0.8106284268241228,76371,2021-06-06 11:15:00+00:00,2021,75.0,40.844,40.854,40.423,40.562,0.044745057232049246,41.468
2021-06-08 14:00:00+00:00__L6411__H6412,6415,2021-06-08 14:00:00+00:00,6416,2021-06-08 15:00:00+00:00,2021-06-08 16:00:00+00:00,2021,35.406,6411,6413,37.439,6412,6414,33.55,5.2420493701632545,1,36.659,1.509999999999998,6418,2021-06-08 17:00:00+00:00,2021-06-08 18:00:00+00:00,37.961,37.997,2,2.921192052980137,1.0,0.34569536423841,6415,2021-06-08 14:00:00+00:00,35.807,36.43,34.388,34.876,34.388,36.43,1.3523178807947047,77926,2021-06-11 20:50:00+00:00,2021,4490.0,36.692,36.695,36.249,36.289,0.0886385896180202,44.018
2021-06-13 14:00:00+00:00__L6527__H6531,6535,2021-06-13 14:00:00+00:00,6537,2021-06-13 16:00:00+00:00,2021-06-13 17:00:00+00:00,2021,35.299,6527,6529,36.364,6531,6533,34.708,1.6742683928723225,2,36.014,0.6524999999999999,6538,2021-06-13 17:00:00+00:00,2021-06-13 18:00:00+00:00,36.95,37.247,1,3.4360153256705055,1.0,0.8980842911877482,6535,2021-06-13 14:00:00+00:00,35.471,35.612,34.708,34.8,34.708,35.612,1.3854406130268255,79877,2021-06-18 15:25:00+00:00,2021,7045.0,35.95,35.977,35.6,35.714,0.013274336283186293,41.74
2021-06-16 13:00:00+00:00__L6590__H6600,6606,2021-06-16 13:00:00+00:00,6608,2021-06-16 15:00:00+00:00,2021-06-16 16:00:00+00:00,2021,39.119,6590,6592,39.9,6600,6602,37.48,4.189779902349249,2,39.55,0.6479999999999997,6614,2021-06-16 21:00:00+00:00,2021-06-16 22:00:00+00:00,40.22,40.473,6,4.2283950617284,0.2789342214821005,0.49382716049382785,6613,2021-06-16 20:00:00+00:00,39.498,39.675,39.159,39.295,39.159,39.675,0.796296296296294,79385,2021-06-16 22:25:00+00:00,2021,25.0,39.82,39.91,39.501,39.529,0.33720930232558155,40.473
2021-06-22 14:00:00+00:00__L6730__H6738,6751,2021-06-22 14:00:00+00:00,6753,2021-06-22 16:00:00+00:00,2021-06-22 17:00:00+00:00,2021,27.449,6730,6732,28.771,6738,6740,20.855,24.02273306859995,2,28.026,1.6425,6761,2021-06-23 00:00:00+00:00,2021-06-23 01:00:00+00:00,29.316,29.633,8,5.151293759512937,0.20392032880177033,0.3318112633181115,6760,2021-06-22 23:00:00+00:00,26.978,27.243,25.72,26.956,25.72,27.243,0.9272450532724503,82087,2021-06-26 07:35:00+00:00,2021,4715.0,28.009,28.055,27.201,27.492,0.027577150361128067,32.99
2021-06-30 15:00:00+00:00__L6938__H6941,6944,2021-06-30 15:00:00+00:00,6946,2021-06-30 17:00:00+00:00,2021-06-30 18:00:00+00:00,2021,32.062,6938,6940,33.299,6941,6943,31.543,1.6187386937807948,2,32.621,0.8509999999999991,6947,2021-06-30 18:00:00+00:00,2021-06-30 19:00:00+00:00,33.393,33.418,1,2.1739130434782648,1.0,0.11045828437132937,6945,2021-06-30 16:00:00+00:00,31.918,32.25,31.597,31.8,31.597,32.25,0.7673325499412449,83561,2021-07-01 10:25:00+00:00,2021,925.0,32.328,32.497,32.141,32.483,0.16692189892802753,36.0
2021-06-30 16:00:00+00:00__L6934__H6941,6945,2021-06-30 16:00:00+00:00,6945,2021-06-30 16:00:00+00:00,2021-06-30 17:00:00+00:00,2021,31.78,6934,6936,33.299,6941,6943,31.597,0.5758338577721832,0,31.8,0.8509999999999991,6947,2021-06-30 18:00:00+00:00,2021-06-30 19:00:00+00:00,33.393,33.418,2,2.1104582843713295,1.0,0.11045828437132937,6945,2021-06-30 16:00:00+00:00,31.918,32.25,31.597,31.8,31.597,32.25,0.7673325499412449,83561,2021-07-01 10:25:00+00:00,2021,925.0,32.328,32.497,32.141,32.483,0.16692189892802753,36.0
2021-07-04 03:00:00+00:00__L7023__H7025,7028,2021-07-04 03:00:00+00:00,7029,2021-07-04 04:00:00+00:00,2021-07-04 05:00:00+00:00,2021,33.889,7023,7025,34.563,7025,7027,33.739,0.4426214996016574,1,34.52,0.47850000000000037,7030,2021-07-04 05:00:00+00:00,2021-07-04 06:00:00+00:00,35.023,35.187,1,2.6833855799373145,1.0,0.961337513061652,7028,2021-07-04 03:00:00+00:00,33.932,34.114,33.821,33.821,33.821,34.114,0.612330198537093,84576,2021-07-04 23:00:00+00:00,2021,1020.0,34.258,34.373,34.061,34.342,0.18088737201364302,35.55
2021-07-06 17:00:00+00:00__L7083__H7086,7090,2021-07-06 17:00:00+00:00,7090,2021-07-06 17:00:00+00:00,2021-07-06 18:00:00+00:00,2021,33.31,7083,7085,34.581,7086,7088,33.202,0.3242269588712221,0,33.466,0.5614999999999988,7098,2021-07-07 01:00:00+00:00,2021-07-07 02:00:00+00:00,34.69,34.754,8,2.650044523597512,0.6496815286624209,0.19412288512910933,7094,2021-07-06 21:00:00+00:00,33.51,33.537,33.208,33.368,33.208,33.537,0.585930543187892,85683,2021-07-08 19:15:00+00:00,2021,2475.0,33.632,33.701,33.501,33.701,0.10942249240121975,38.117
2021-07-11 04:00:00+00:00__L7193__H7194,7197,2021-07-11 04:00:00+00:00,7197,2021-07-11 04:00:00+00:00,2021-07-11 05:00:00+00:00,2021,31.544,7193,7195,32.2,7194,7196,31.359,0.5864823738270312,0,31.566,0.4780000000000051,7208,2021-07-11 15:00:00+00:00,2021-07-11 16:00:00+00:00,32.385,32.57,11,2.1464435146443206,0.5083798882681556,0.38702928870291464,7207,2021-07-11 14:00:00+00:00,32.09,32.179,31.931,32.039,31.931,32.179,0.518828451882842,86511,2021-07-11 16:15:00+00:00,2021,15.0,32.226,32.285,32.057,32.119,0.4919354838709651,32.57
2021-07-14 07:00:00+00:00__L7261__H7263,7272,2021-07-14 07:00:00+00:00,7274,2021-07-14 09:00:00+00:00,2021-07-14 10:00:00+00:00,2021,28.8,7261,7263,29.52,7263,7265,27.528,4.416666666666673,2,28.839,0.5440000000000023,7278,2021-07-14 13:00:00+00:00,2021-07-14 14:00:00+00:00,30.419,30.499,4,5.314338235294099,0.9415971394517288,1.6525735294117596,7277,2021-07-14 12:00:00+00:00,28.996,29.108,28.76,28.936,28.76,29.108,0.6397058823529367,87611,2021-07-15 11:55:00+00:00,2021,1315.0,29.206,29.21,29.098,29.133,0.028735632183912622,31.49
2021-07-17 11:00:00+00:00__L7339__H7345,7348,2021-07-17 11:00:00+00:00,7348,2021-07-17 11:00:00+00:00,2021-07-17 12:00:00+00:00,2021,25.976,7339,7341,27.172,7345,7347,25.937,0.15013858946719252,0,26.448,0.5240000000000009,7361,2021-07-18 00:00:00+00:00,2021-07-18 01:00:00+00:00,27.392,27.543,13,2.7767175572519003,0.4916666666666648,0.4198473282442719,7360,2021-07-17 23:00:00+00:00,26.991,26.991,26.53,26.79,26.53,26.991,0.8797709923664079,88412,2021-07-18 06:40:00+00:00,2021,340.0,27.055,27.11,26.95,27.108,0.08893709327548915,27.746
2021-07-25 15:00:00+00:00__L7533__H7536,7544,2021-07-25 15:00:00+00:00,7546,2021-07-25 17:00:00+00:00,2021-07-25 18:00:00+00:00,2021,27.633,7533,7535,28.779,7536,7538,26.904,2.638150037998043,2,27.666,0.5469999999999988,7553,2021-07-26 00:00:00+00:00,2021-07-26 01:00:00+00:00,29.3,29.307,7,4.3802559414990965,0.7840690978886746,0.9524680073126177,7549,2021-07-25 20:00:00+00:00,27.526,27.57,27.35,27.464,27.35,27.57,0.4021937842778781,90940,2021-07-27 01:20:00+00:00,2021,1460.0,27.659,27.736,27.54,27.6,0.13636363636364224,31.125
2021-07-28 06:00:00+00:00__L7602__H7603,7607,2021-07-28 06:00:00+00:00,7608,2021-07-28 07:00:00+00:00,2021-07-28 08:00:00+00:00,2021,27.529,7602,7604,28.59,7603,7605,27.337,0.6974463293254393,1,28.049,0.538000000000002,7612,2021-07-28 11:00:00+00:00,2021-07-28 12:00:00+00:00,28.599,28.717,4,2.345724907063189,0.6806930693069347,0.016728624535316556,7609,2021-07-28 08:00:00+00:00,28.053,28.33,27.716,27.92,27.716,28.33,1.1412639405204366,91364,2021-07-28 12:40:00+00:00,2021,40.0,28.497,28.506,28.064,28.121,0.4332247557003248,28.747
2021-08-06 03:00:00+00:00__L7805__H7814,7820,2021-08-06 03:00:00+00:00,7821,2021-08-06 04:00:00+00:00,2021-08-06 05:00:00+00:00,2021,35.997,7805,7807,37.831,7814,7816,35.675,0.8945189876934264,1,36.043,0.6950000000000003,7830,2021-08-06 13:00:00+00:00,2021-08-06 14:00:00+00:00,37.93,38.18,9,3.244604316546765,0.6879329201604097,0.14244604316546275,7828,2021-08-06 11:00:00+00:00,37.116,37.14,36.888,36.991,36.888,37.14,0.3625899280575573,94600,2021-08-08 18:20:00+00:00,2021,3140.0,37.275,37.291,37.125,37.208,0.0595238095238112,40.557
2021-08-06 04:00:00+00:00__L7802__H7814,7821,2021-08-06 04:00:00+00:00,7821,2021-08-06 04:00:00+00:00,2021-08-06 05:00:00+00:00,2021,35.9,7802,7804,37.831,7814,7816,35.675,0.6267409470752129,0,36.043,0.7270000000000003,7830,2021-08-06 13:00:00+00:00,2021-08-06 14:00:00+00:00,37.93,38.18,9,3.101788170563964,0.6879329201604097,0.1361760660247546,7828,2021-08-06 11:00:00+00:00,37.116,37.14,36.888,36.991,36.888,37.14,0.34662998624484503,94600,2021-08-08 18:20:00+00:00,2021,3140.0,37.275,37.291,37.125,37.208,0.0595238095238112,40.557
2021-08-10 16:00:00+00:00__L7924__H7925,7929,2021-08-10 16:00:00+00:00,7930,2021-08-10 17:00:00+00:00,2021-08-10 18:00:00+00:00,2021,39.612,7924,7926,41.722,7925,7927,39.149,1.1688377259416363,1,39.957,0.8775000000000013,7938,2021-08-11 01:00:00+00:00,2021-08-11 02:00:00+00:00,41.767,41.9,8,2.9834757834757815,0.6364275668073126,0.051282051282053154,7935,2021-08-10 22:00:00+00:00,41.128,41.407,40.523,40.61,40.523,41.407,1.0074074074073982,95276,2021-08-11 02:40:00+00:00,2021,40.0,41.548,41.559,41.319,41.382,0.09954751131221101,42.0
2021-08-17 20:00:00+00:00__L8081__H8096,8101,2021-08-17 20:00:00+00:00,8101,2021-08-17 20:00:00+00:00,2021-08-17 21:00:00+00:00,2021,61.356,8081,8083,70.666,8096,8098,58.672,4.374470304452709,0,66.775,2.863500000000002,8114,2021-08-18 09:00:00+00:00,2021-08-18 10:00:00+00:00,71.101,72.258,13,4.340492404400207,0.16247277097573765,0.15191199580932493,8112,2021-08-18 07:00:00+00:00,69.118,70.453,67.0,67.503,67.0,70.453,1.20586694604505,97519,2021-08-18 21:35:00+00:00,2021,695.0,71.121,71.475,70.142,70.432,0.09006660874601992,80.5
2021-09-06 12:00:00+00:00__L8565__H8568,8573,2021-09-06 12:00:00+00:00,8573,2021-09-06 12:00:00+00:00,2021-09-06 13:00:00+00:00,2021,140.311,8565,8567,147.171,8568,8570,135.721,3.271304459379523,0,141.978,2.385000000000005,8576,2021-09-06 15:00:00+00:00,2021-09-06 16:00:00+00:00,151.463,151.79,3,6.6004192872117216,0.804290680912406,1.7995807127882568,8575,2021-09-06 14:00:00+00:00,145.981,146.2,143.759,144.827,143.759,146.2,1.0234800838574412,103201,2021-09-07 15:05:00+00:00,2021,1385.0,156.995,158.751,130.0,134.678,1.0,195.522
2021-09-08 07:00:00+00:00__L8603__H8608,8616,2021-09-08 07:00:00+00:00,8617,2021-09-08 08:00:00+00:00,2021-09-08 09:00:00+00:00,2021,160.87,8603,8605,180.554,8608,8610,146.717,8.797787033008014,1,162.133,9.759,8627,2021-09-08 18:00:00+00:00,2021-09-08 19:00:00+00:00,182.984,185.0,10,3.7162619120811553,0.5317911703945515,0.24900092222563858,8623,2021-09-08 14:00:00+00:00,156.997,159.737,152.3,156.855,152.3,159.737,0.7620657854288332,104774,2021-09-13 02:10:00+00:00,2021,6190.0,162.318,162.364,158.949,161.465,0.10595670297162622,216.39
2021-09-10 14:00:00+00:00__L8665__H8667,8671,2021-09-10 14:00:00+00:00,8672,2021-09-10 15:00:00+00:00,2021-09-10 16:00:00+00:00,2021,175.15,8665,8667,185.896,8667,8669,168.12,4.013702540679418,1,179.496,6.738000000000014,8682,2021-09-11 01:00:00+00:00,2021-09-11 02:00:00+00:00,188.885,191.312,10,3.081775007420591,0.2680350566673325,0.44360344315820693,8678,2021-09-10 21:00:00+00:00,175.042,177.175,170.475,174.102,170.475,177.175,0.9943603443158212,104237,2021-09-11 05:25:00+00:00,2021,205.0,178.336,178.82,176.64,178.29,0.07985074626866025,193.544
2021-09-13 08:00:00+00:00__L8732__H8734,8737,2021-09-13 08:00:00+00:00,8738,2021-09-13 09:00:00+00:00,2021-09-13 10:00:00+00:00,2021,154.2,8732,8734,163.363,8734,8736,150.349,2.497405966277561,1,156.503,3.3510000000000133,8747,2021-09-13 18:00:00+00:00,2021-09-13 19:00:00+00:00,164.85,166.038,9,4.327364965681871,0.3219920533888824,0.4437481348851056,8743,2021-09-13 14:00:00+00:00,163.254,163.882,150.2,155.498,150.2,163.882,4.082960310355107,104976,2021-09-13 19:00:00+00:00,2021,0.0,164.856,165.01,163.469,163.928,0.03018564537348417,166.038
2021-09-21 01:00:00+00:00__L8916__H8919,8922,2021-09-21 01:00:00+00:00,8922,2021-09-21 01:00:00+00:00,2021-09-21 02:00:00+00:00,2021,133.282,8916,8918,142.48,8919,8921,131.231,1.5388424543449348,0,138.866,5.720500000000001,8928,2021-09-21 07:00:00+00:00,2021-09-21 08:00:00+00:00,143.397,143.875,6,2.1267371733240092,0.35164920450135745,0.16030067301809306,8925,2021-09-21 04:00:00+00:00,136.501,138.3,134.505,135.34,134.505,138.3,0.6634035486408557,107221,2021-09-21 14:05:00+00:00,2021,365.0,138.899,138.992,137.008,137.687,0.3404479578392612,144.695
2021-09-28 19:00:00+00:00__L9096__H9102,9108,2021-09-28 19:00:00+00:00,9110,2021-09-28 21:00:00+00:00,2021-09-28 22:00:00+00:00,2021,132.332,9096,9098,136.449,9102,9104,128.852,2.62974941813015,2,133.937,2.6270000000000095,9115,2021-09-29 02:00:00+00:00,2021-09-29 03:00:00+00:00,137.325,138.3,5,3.2253521126760387,0.3798206278026849,0.3334602207841542,9114,2021-09-29 01:00:00+00:00,136.319,137.53,134.33,135.331,134.33,137.53,1.218119527978674,109392,2021-09-29 03:00:00+00:00,2021,0.0,137.338,137.624,136.414,136.504,0.34875000000000556,138.3
2021-10-08 05:00:00+00:00__L9328__H9330,9334,2021-10-08 05:00:00+00:00,9334,2021-10-08 05:00:00+00:00,2021-10-08 06:00:00+00:00,2021,153.073,9328,9330,157.2,9330,9332,152.408,0.4344332442690875,0,155.231,2.4825000000000017,9336,2021-10-08 07:00:00+00:00,2021-10-08 08:00:00+00:00,158.839,159.299,2,2.5905337361530743,0.7796024200518615,0.6602215508559955,9335,2021-10-08 06:00:00+00:00,155.234,155.375,153.601,154.721,153.601,155.375,0.7146022155085598,112476,2021-10-09 20:00:00+00:00,2021,2160.0,156.537,156.538,155.0,155.269,0.21138669673055233,169.0
2021-10-08 06:00:00+00:00__L9319__H9330,9335,2021-10-08 06:00:00+00:00,9335,2021-10-08 06:00:00+00:00,2021-10-08 07:00:00+00:00,2021,153.602,9319,9321,157.2,9330,9332,153.601,0.000651033189675118,0,154.721,2.4825000000000017,9336,2021-10-08 07:00:00+00:00,2021-10-08 08:00:00+00:00,158.839,159.299,1,2.109969788519636,1.0,0.6602215508559955,9335,2021-10-08 06:00:00+00:00,155.234,155.375,153.601,154.721,153.601,155.375,0.7146022155085598,112476,2021-10-09 20:00:00+00:00,2021,2160.0,156.537,156.538,155.0,155.269,0.21138669673055233,169.0
2021-10-12 12:00:00+00:00__L9428__H9433,9437,2021-10-12 12:00:00+00:00,9438,2021-10-12 13:00:00+00:00,2021-10-12 14:00:00+00:00,2021,140.802,9428,9430,145.311,9433,9435,137.696,2.205934574792968,1,143.536,2.957499999999982,9441,2021-10-12 16:00:00+00:00,2021-10-12 17:00:00+00:00,149.377,149.88,3,3.949619611158101,0.6269185360094455,1.3748098055790456,9439,2021-10-12 14:00:00+00:00,143.549,145.429,140.736,141.798,140.736,145.429,1.5868131868132007,113470,2021-10-13 06:50:00+00:00,2021,830.0,145.781,146.004,145.333,145.791,0.020455998295334198,155.6
2021-10-12 13:00:00+00:00__L9425__H9433,9438,2021-10-12 13:00:00+00:00,9438,2021-10-12 13:00:00+00:00,2021-10-12 14:00:00+00:00,2021,141.339,9425,9427,145.311,9433,9435,138.652,1.901103021812813,0,143.536,3.0444999999999993,9441,2021-10-12 16:00:00+00:00,2021-10-12 17:00:00+00:00,149.377,149.88,3,3.52274593529316,0.6269185360094455,1.3355230743964537,9439,2021-10-12 14:00:00+00:00,143.549,145.429,140.736,141.798,140.736,145.429,1.5414682213828257,113470,2021-10-13 06:50:00+00:00,2021,830.0,145.781,146.004,145.333,145.791,0.020455998295334198,155.6
2021-10-19 20:00:00+00:00__L9607__H9610,9613,2021-10-19 20:00:00+00:00,9615,2021-10-19 22:00:00+00:00,2021-10-19 23:00:00+00:00,2021,154.8,9607,9609,156.662,9610,9612,153.231,1.013565891472879,2,156.818,1.3899999999999864,9625,2021-10-20 08:00:00+00:00,2021-10-20 09:00:00+00:00,156.918,157.148,10,2.6525179856115453,0.020576131687241452,0.18417266187050557,9622,2021-10-20 05:00:00+00:00,156.349,157.336,155.193,155.764,155.193,157.336,1.5417266187050516,115512,2021-10-20 09:00:00+00:00,2021,0.0,156.906,157.691,156.902,157.2,0.2025198320112113,157.148
2021-10-19 21:00:00+00:00__L9602__H9610,9614,2021-10-19 21:00:00+00:00,9615,2021-10-19 22:00:00+00:00,2021-10-19 23:00:00+00:00,2021,156.366,9602,9604,156.662,9610,9612,153.779,1.6544517350319234,1,156.818,1.3899999999999864,9625,2021-10-20 08:00:00+00:00,2021-10-20 09:00:00+00:00,156.918,157.148,10,2.2582733812949933,0.020576131687241452,0.18417266187050557,9622,2021-10-20 05:00:00+00:00,156.349,157.336,155.193,155.764,155.193,157.336,1.5417266187050516,115512,2021-10-20 09:00:00+00:00,2021,0.0,156.906,157.691,156.902,157.2,0.2025198320112113,157.148
2021-10-21 15:00:00+00:00__L9645__H9652,9656,2021-10-21 15:00:00+00:00,9656,2021-10-21 15:00:00+00:00,2021-10-21 16:00:00+00:00,2021,180.105,9645,9647,194.719,9652,9654,177.948,1.1976347130840246,0,182.748,4.573499999999996,9665,2021-10-22 00:00:00+00:00,2021-10-22 01:00:00+00:00,200.266,202.45,9,4.879851317371817,0.6046945115636866,1.2128566743194495,9663,2021-10-21 22:00:00+00:00,188.149,189.0,184.0,184.236,184.0,189.0,1.0932546190007664,116696,2021-10-24 11:40:00+00:00,2021,3520.0,190.036,191.4,188.649,190.098,0.07019999999999982,215.781
2021-10-31 10:00:00+00:00__L9879__H9881,9891,2021-10-31 10:00:00+00:00,9891,2021-10-31 10:00:00+00:00,2021-10-31 11:00:00+00:00,2021,187.288,9879,9881,197.806,9881,9883,186.072,0.6492674383836702,0,187.657,2.2409999999999997,9901,2021-10-31 20:00:00+00:00,2021-10-31 21:00:00+00:00,198.245,199.062,10,5.43195002231147,0.6414637101659999,0.19589468987059036,9900,2021-10-31 19:00:00+00:00,196.758,197.9,195.026,196.191,195.026,197.9,1.2824631860776419,118909,2021-11-01 04:05:00+00:00,2021,425.0,198.32,199.424,197.556,198.516,0.11969380654140385,210.123
2021-10-31 12:00:00+00:00__L9871__H9881,9893,2021-10-31 12:00:00+00:00,9895,2021-10-31 14:00:00+00:00,2021-10-31 15:00:00+00:00,2021,190.3,9871,9873,197.806,9881,9883,185.47,2.5380977404098854,2,194.559,2.3075000000000045,9901,2021-10-31 20:00:00+00:00,2021-10-31 21:00:00+00:00,198.245,199.062,6,5.53629469122426,0.5045168354776898,0.19024918743228258,9900,2021-10-31 19:00:00+00:00,196.758,197.9,195.026,196.191,195.026,197.9,1.2455037919826606,118909,2021-11-01 04:05:00+00:00,2021,425.0,198.32,199.424,197.556,198.516,0.11969380654140385,210.123
2021-10-31 13:00:00+00:00__L9865__H9881,9894,2021-10-31 13:00:00+00:00,9896,2021-10-31 15:00:00+00:00,2021-10-31 16:00:00+00:00,2021,195.033,9865,9867,197.806,9881,9883,185.47,4.903272779478339,2,195.098,2.3774999999999977,9901,2021-10-31 20:00:00+00:00,2021-10-31 21:00:00+00:00,198.245,199.062,5,5.3732912723449076,0.46505098271021034,0.18464773922186892,9900,2021-10-31 19:00:00+00:00,196.758,197.9,195.026,196.191,195.026,197.9,1.208832807570977,118909,2021-11-01 04:05:00+00:00,2021,425.0,198.32,199.424,197.556,198.516,0.11969380654140385,210.123
2021-10-31 14:00:00+00:00__L9859__H9881,9895,2021-10-31 14:00:00+00:00,9897,2021-10-31 16:00:00+00:00,2021-10-31 17:00:00+00:00,2021,196.602,9859,9861,197.806,9881,9883,188.18,4.283781446780805,2,197.168,2.3774999999999977,9901,2021-10-31 20:00:00+00:00,2021-10-31 21:00:00+00:00,198.245,199.062,4,4.233438485804419,0.22929529486906483,0.18464773922186892,9900,2021-10-31 19:00:00+00:00,196.758,197.9,195.026,196.191,195.026,197.9,1.208832807570977,118909,2021-11-01 04:05:00+00:00,2021,425.0,198.32,199.424,197.556,198.516,0.11969380654140385,210.123
2021-11-04 15:00:00+00:00__L9986__H9988,9992,2021-11-04 15:00:00+00:00,9992,2021-11-04 15:00:00+00:00,2021-11-04 16:00:00+00:00,2021,236.891,9986,9988,244.178,9988,9990,236.0,0.37612235163007085,0,238.674,5.135999999999996,9997,2021-11-04 20:00:00+00:00,2021-11-04 21:00:00+00:00,248.745,249.19,5,2.4815031152648004,0.5468911213684498,0.8892133956386314,9994,2021-11-04 17:00:00+00:00,241.6,242.4,237.263,237.436,237.263,242.4,1.0001947040498451,120022,2021-11-05 00:50:00+00:00,2021,230.0,243.366,243.9,242.182,242.469,0.042437220167416335,250.52
2021-11-06 11:00:00+00:00__L10032__H10033,10036,2021-11-06 11:00:00+00:00,10036,2021-11-06 11:00:00+00:00,2021-11-06 12:00:00+00:00,2021,241.239,10032,10034,249.853,10033,10035,240.0,0.5135985474985406,0,242.3,3.2815000000000083,10040,2021-11-06 15:00:00+00:00,2021-11-06 16:00:00+00:00,253.299,254.749,4,4.052719792777685,0.992062776224405,1.0501295139417917,10037,2021-11-06 12:00:00+00:00,242.307,243.574,237.532,242.256,237.532,243.574,1.8412311442937639,120881,2021-11-08 00:25:00+00:00,2021,1945.0,245.216,245.583,243.111,244.264,0.07663025488249291,260.064
2021-11-06 12:00:00+00:00__L10028__H10033,10037,2021-11-06 12:00:00+00:00,10037,2021-11-06 12:00:00+00:00,2021-11-06 13:00:00+00:00,2021,238.023,10028,10030,249.853,10033,10035,237.532,0.20628258613662773,0,242.256,3.2815000000000083,10040,2021-11-06 15:00:00+00:00,2021-11-06 16:00:00+00:00,253.299,254.749,3,4.804814871247891,1.0,1.0501295139417917,10037,2021-11-06 12:00:00+00:00,242.307,243.574,237.532,242.256,237.532,243.574,1.8412311442937639,120881,2021-11-08 00:25:00+00:00,2021,1945.0,245.216,245.583,243.111,244.264,0.07663025488249291,260.064
2021-11-10 00:00:00+00:00__L10112__H10115,10121,2021-11-10 00:00:00+00:00,10121,2021-11-10 00:00:00+00:00,2021-11-10 01:00:00+00:00,2021,237.333,10112,10114,243.7,10115,10117,236.0,0.561658092216421,0,238.234,2.5575000000000045,10136,2021-11-10 15:00:00+00:00,2021-11-10 16:00:00+00:00,245.295,248.18,15,3.6344086021505264,0.26574084528245084,0.6236559139784931,10133,2021-11-10 12:00:00+00:00,240.803,242.085,237.057,237.41,237.057,242.085,1.9659824046920864,121669,2021-11-10 18:05:00+00:00,2021,125.0,242.736,242.78,242.019,242.726,0.013126491646778489,248.18
2021-11-14 17:00:00+00:00__L10226__H10231,10234,2021-11-14 17:00:00+00:00,10234,2021-11-14 17:00:00+00:00,2021-11-14 18:00:00+00:00,2021,233.632,10226,10228,238.797,10231,10233,230.364,1.3987809889056295,0,233.732,2.424500000000009,10241,2021-11-15 00:00:00+00:00,2021-11-15 01:00:00+00:00,240.906,241.847,7,4.348113012992354,0.827260147601477,0.8698700763043931,10238,2021-11-14 21:00:00+00:00,236.914,236.995,235.421,236.165,235.421,236.995,0.6492060218601801,123143,2021-11-15 20:55:00+00:00,2021,1195.0,237.395,237.452,236.038,236.284,0.6080050825921132,246.495
2021-11-14 18:00:00+00:00__L10218__H10231,10235,2021-11-14 18:00:00+00:00,10237,2021-11-14 20:00:00+00:00,2021-11-14 21:00:00+00:00,2021,236.442,10218,10220,238.797,10231,10233,231.4,2.132446858003232,2,236.914,2.424500000000009,10241,2021-11-15 00:00:00+00:00,2021-11-15 01:00:00+00:00,240.906,241.847,4,3.920808414105987,0.7271402550091096,0.8698700763043931,10238,2021-11-14 21:00:00+00:00,236.914,236.995,235.421,236.165,235.421,236.995,0.6492060218601801,123143,2021-11-15 20:55:00+00:00,2021,1195.0,237.395,237.452,236.038,236.284,0.6080050825921132,246.495
2021-11-19 03:00:00+00:00__L10335__H10337,10340,2021-11-19 03:00:00+00:00,10341,2021-11-19 04:00:00+00:00,2021-11-19 05:00:00+00:00,2021,192.327,10335,10337,202.749,10337,10339,189.13,1.6622731077799804,1,196.466,5.165500000000009,10345,2021-11-19 08:00:00+00:00,2021-11-19 09:00:00+00:00,203.07,205.132,4,2.6986738941051156,0.5478679276588684,0.06214306456296533,10344,2021-11-19 07:00:00+00:00,196.498,197.931,194.171,196.455,194.171,197.931,0.7279063014229045,126157,2021-11-26 08:05:00+00:00,2021,10025.0,200.122,200.206,195.306,196.202,0.6981382978723368,235.499
2021-11-20 16:00:00+00:00__L10369__H10372,10377,2021-11-20 16:00:00+00:00,10379,2021-11-20 18:00:00+00:00,2021-11-20 19:00:00+00:00,2021,212.282,10369,10371,216.999,10372,10374,206.056,2.9328911542193867,2,216.353,2.941500000000005,10382,2021-11-20 21:00:00+00:00,2021-11-20 22:00:00+00:00,218.043,218.677,3,4.0751317355090855,0.49852507374630567,0.3549209586945468,10380,2021-11-20 19:00:00+00:00,216.383,217.299,214.52,215.503,214.52,217.299,0.9447560768315457,124597,2021-11-20 22:05:00+00:00,2021,5.0,217.853,217.856,217.271,217.326,0.010075566750636936,218.677
2021-11-21 10:00:00+00:00__L10387__H10392,10395,2021-11-21 10:00:00+00:00,10395,2021-11-21 10:00:00+00:00,2021-11-21 11:00:00+00:00,2021,211.014,10387,10389,215.395,10392,10394,210.803,0.09999336536912846,0,212.387,2.484499999999997,10401,2021-11-21 16:00:00+00:00,2021-11-21 17:00:00+00:00,217.673,218.463,6,2.765143892131219,0.515506143943826,0.9168846850472909,10398,2021-11-21 13:00:00+00:00,212.998,213.751,211.026,211.195,211.026,213.751,1.096800160998188,125146,2021-11-22 19:50:00+00:00,2021,1610.0,215.061,215.298,213.364,213.9,0.14201834862385368,235.499
2021-11-28 16:00:00+00:00__L10562__H10563,10569,2021-11-28 16:00:00+00:00,10569,2021-11-28 16:00:00+00:00,2021-11-28 17:00:00+00:00,2021,187.39,10562,10564,191.579,10563,10565,185.692,0.9061315972036817,0,187.458,2.8384999999999962,10573,2021-11-28 20:00:00+00:00,2021-11-28 21:00:00+00:00,192.373,192.737,4,2.353707944336795,0.5899651902532708,0.2797252069755095,10571,2021-11-28 18:00:00+00:00,185.971,186.683,180.782,185.75,180.782,186.683,2.078914919852031,128424,2021-12-04 05:00:00+00:00,2021,7680.0,192.928,194.42,180.787,187.179,0.999152685985427,243.161
2021-11-28 17:00:00+00:00__L10555__H10563,10570,2021-11-28 17:00:00+00:00,10570,2021-11-28 17:00:00+00:00,2021-11-28 18:00:00+00:00,2021,184.681,10555,10557,191.579,10563,10565,184.54,0.07634786469643307,0,186.027,2.8384999999999962,10573,2021-11-28 20:00:00+00:00,2021-11-28 21:00:00+00:00,192.373,192.737,3,2.7595561035758354,0.9197101449275398,0.2797252069755095,10571,2021-11-28 18:00:00+00:00,185.971,186.683,180.782,185.75,180.782,186.683,2.078914919852031,128424,2021-12-04 05:00:00+00:00,2021,7680.0,192.928,194.42,180.787,187.179,0.999152685985427,243.161
2021-11-28 18:00:00+00:00__L10550__H10563,10571,2021-11-28 18:00:00+00:00,10573,2021-11-28 20:00:00+00:00,2021-11-28 21:00:00+00:00,2021,190.626,10550,10552,191.579,10563,10565,180.782,5.164038483732541,2,192.373,2.8384999999999962,10574,2021-11-28 21:00:00+00:00,2021-11-28 22:00:00+00:00,198.254,198.726,1,6.1553637484586945,1.0,2.351594151840758,10571,2021-11-28 18:00:00+00:00,185.971,186.683,180.782,185.75,180.782,186.683,2.078914919852031,128424,2021-12-04 05:00:00+00:00,2021,7620.0,192.928,194.42,180.787,187.179,0.999152685985427,243.161
2021-11-30 08:00:00+00:00__L10604__H10606,10609,2021-11-30 08:00:00+00:00,10609,2021-11-30 08:00:00+00:00,2021-11-30 09:00:00+00:00,2021,201.308,10604,10606,206.196,10606,10608,199.595,0.8509348858465604,0,201.7,2.862000000000009,10612,2021-11-30 11:00:00+00:00,2021-11-30 12:00:00+00:00,207.256,207.691,3,2.6767994409503766,0.952348303051086,0.37037037037037,10610,2021-11-30 09:00:00+00:00,201.695,202.562,200.415,201.561,200.415,202.562,0.7501747030048962,128373,2021-12-04 00:45:00+00:00,2021,5085.0,204.196,205.029,201.978,204.15,0.272007452258965,243.161
2021-11-30 09:00:00+00:00__L10586__H10606,10610,2021-11-30 09:00:00+00:00,10610,2021-11-30 09:00:00+00:00,2021-11-30 10:00:00+00:00,2021,201.0,10586,10588,206.196,10606,10608,200.415,0.29104477611940693,0,201.561,3.200000000000003,10612,2021-11-30 11:00:00+00:00,2021-11-30 12:00:00+00:00,207.256,207.691,2,2.137812500000001,1.0,0.33125000000000043,10610,2021-11-30 09:00:00+00:00,201.695,202.562,200.415,201.561,200.415,202.562,0.6709375000000056,128373,2021-12-04 00:45:00+00:00,2021,5085.0,204.196,205.029,201.978,204.15,0.272007452258965,243.161
2021-12-01 00:00:00+00:00__L10617__H10619,10625,2021-12-01 00:00:00+00:00,10625,2021-12-01 00:00:00+00:00,2021-12-01 01:00:00+00:00,2021,208.0,10617,10619,216.293,10619,10621,207.977,0.01105769230769045,0,211.39,3.7420000000000044,10631,2021-12-01 06:00:00+00:00,2021-12-01 07:00:00+00:00,217.803,218.901,6,2.6258685195082796,0.7428472141781516,0.4035275253874904,10630,2021-12-01 05:00:00+00:00,215.778,217.819,214.523,215.391,214.523,217.819,0.8808123997862075,127584,2021-12-01 07:00:00+00:00,2021,0.0,217.808,218.732,217.661,218.699,0.04793689320387968,218.901
2021-12-08 10:00:00+00:00__L10796__H10799,10803,2021-12-08 10:00:00+00:00,10804,2021-12-08 11:00:00+00:00,2021-12-08 12:00:00+00:00,2021,186.0,10796,10798,190.926,10799,10801,183.289,1.457526881720437,1,186.316,3.3105000000000047,10807,2021-12-08 14:00:00+00:00,2021-12-08 15:00:00+00:00,194.068,194.559,3,3.256003624830089,0.8550628722700233,0.9491013442078297,10806,2021-12-08 13:00:00+00:00,188.139,189.523,187.283,187.472,187.283,189.523,0.6766349494034152,129716,2021-12-08 16:40:00+00:00,2021,100.0,190.121,191.212,189.458,190.81,0.02901785714285601,196.243
2021-12-23 00:00:00+00:00__L11148__H11150,11153,2021-12-23 00:00:00+00:00,11154,2021-12-23 01:00:00+00:00,2021-12-23 02:00:00+00:00,2021,179.53,11148,11150,181.79,11150,11152,175.58,2.200189383389956,1,180.06,2.559999999999988,11169,2021-12-23 16:00:00+00:00,2021-12-23 17:00:00+00:00,184.22,184.4,15,3.37500000000001,0.25427872860635786,0.9492187500000071,11167,2021-12-23 14:00:00+00:00,179.72,181.12,178.53,179.04,178.53,181.12,1.011718750000006,135472,2021-12-28 16:20:00+00:00,2021,7160.0,183.13,183.19,181.03,182.25,0.03474903474903602,204.81
2021-12-25 11:00:00+00:00__L11204__H11208,11212,2021-12-25 11:00:00+00:00,11214,2021-12-25 13:00:00+00:00,2021-12-25 14:00:00+00:00,2021,191.37,11204,11206,194.92,11208,11210,189.2,1.133929037989244,2,191.94,3.0400000000000063,11225,2021-12-26 00:00:00+00:00,2021-12-26 01:00:00+00:00,195.36,196.16,11,2.026315789473688,0.3263358778625964,0.14473684210527146,11223,2021-12-25 22:00:00+00:00,192.74,193.77,191.12,191.43,191.12,193.77,0.8717105263157896,134730,2021-12-26 02:30:00+00:00,2021,90.0,195.18,195.46,193.59,193.68,0.06792452830188922,196.84
2021-12-27 08:00:00+00:00__L11250__H11253,11257,2021-12-27 08:00:00+00:00,11258,2021-12-27 09:00:00+00:00,2021-12-27 10:00:00+00:00,2021,196.63,11250,11252,201.77,11253,11255,194.66,1.0018817067588865,1,197.8,1.6550000000000011,11262,2021-12-27 13:00:00+00:00,2021-12-27 14:00:00+00:00,202.42,202.64,4,4.688821752265852,0.9788135593220291,0.39274924471297695,11260,2021-12-27 11:00:00+00:00,200.34,201.1,199.46,200.28,199.46,201.1,0.9909365558912298,135181,2021-12-27 16:05:00+00:00,2021,125.0,201.48,201.5,200.62,201.0,0.2926829268292645,203.43
2022-01-04 04:00:00+00:00__L11437__H11440,11445,2022-01-04 04:00:00+00:00,11445,2022-01-04 04:00:00+00:00,2022-01-04 05:00:00+00:00,2022,166.66,11437,11439,171.12,11440,11442,166.38,0.16800672026881144,0,166.81,1.5400000000000063,11452,2022-01-04 11:00:00+00:00,2022-01-04 12:00:00+00:00,171.61,172.32,7,3.3961038961038943,0.6611570247933908,0.3181818181818228,11450,2022-01-04 09:00:00+00:00,168.72,169.06,167.52,167.83,167.52,169.06,0.9999999999999908,137514,2022-01-04 18:30:00+00:00,2022,390.0,169.48,169.57,168.68,169.44,0.2467532467532451,173.9
2022-01-04 05:00:00+00:00__L11433__H11440,11446,2022-01-04 05:00:00+00:00,11448,2022-01-04 07:00:00+00:00,2022-01-04 08:00:00+00:00,2022,168.82,11433,11435,171.12,11440,11442,166.59,1.3209335386802452,2,169.06,1.6950000000000074,11452,2022-01-04 11:00:00+00:00,2022-01-04 12:00:00+00:00,171.61,172.32,4,2.9616519174041227,0.508982035928147,0.289085545722718,11450,2022-01-04 09:00:00+00:00,168.72,169.06,167.52,167.83,167.52,169.06,0.9085545722713778,137514,2022-01-04 18:30:00+00:00,2022,390.0,169.48,169.57,168.68,169.44,0.2467532467532451,173.9
2022-01-06 11:00:00+00:00__L11493__H11497,11500,2022-01-06 11:00:00+00:00,11500,2022-01-06 11:00:00+00:00,2022-01-06 12:00:00+00:00,2022,147.02,11493,11495,150.96,11497,11499,146.62,0.2720718269623219,0,147.55,2.8499999999999943,11506,2022-01-06 17:00:00+00:00,2022-01-06 18:00:00+00:00,152.2,152.7,6,1.9578947368421036,0.7034795763993961,0.4350877192982397,11503,2022-01-06 14:00:00+00:00,149.54,151.09,148.0,148.53,148.0,151.09,1.0842105263157928,138119,2022-01-06 20:55:00+00:00,2022,175.0,151.49,151.77,151.09,151.69,0.0,154.32
2022-01-07 16:00:00+00:00__L11520__H11526,11529,2022-01-07 16:00:00+00:00,11529,2022-01-07 16:00:00+00:00,2022-01-07 17:00:00+00:00,2022,134.44,11520,11522,142.78,11526,11528,134.42,0.0148765248438041,0,139.43,3.049999999999997,11543,2022-01-08 06:00:00+00:00,2022-01-08 07:00:00+00:00,143.6,143.75,14,3.0098360655737757,0.28858131487889266,0.26885245901639143,11540,2022-01-08 03:00:00+00:00,139.85,139.87,138.18,139.4,138.18,139.87,0.5540983606557375,138647,2022-01-08 16:55:00+00:00,2022,595.0,141.64,141.78,139.66,140.7,0.12426035502959068,147.98
2022-01-11 11:00:00+00:00__L11614__H11617,11620,2022-01-11 11:00:00+00:00,11620,2022-01-11 11:00:00+00:00,2022-01-11 12:00:00+00:00,2022,135.01,11614,11616,138.38,11617,11619,134.41,0.4444115250722127,0,135.35,1.9399999999999977,11625,2022-01-11 16:00:00+00:00,2022-01-11 17:00:00+00:00,140.49,141.41,5,3.134020618556711,0.8509933774834393,1.0876288659793898,11623,2022-01-11 14:00:00+00:00,136.82,137.73,135.01,136.38,135.01,137.73,1.402061855670104,141293,2022-01-17 21:25:00+00:00,2022,8905.0,138.27,138.53,137.5,137.78,0.08455882352940804,157.75
2022-01-12 07:00:00+00:00__L11634__H11636,11640,2022-01-12 07:00:00+00:00,11641,2022-01-12 08:00:00+00:00,2022-01-12 09:00:00+00:00,2022,139.09,11634,11636,141.07,11636,11638,138.17,0.6614422316485843,1,139.84,1.4800000000000182,11642,2022-01-12 09:00:00+00:00,2022-01-12 10:00:00+00:00,141.91,144.14,1,2.5270270270270023,1.0,0.5675675675675629,11640,2022-01-12 07:00:00+00:00,139.7,139.84,138.17,138.96,138.17,139.84,1.1283783783783752,141242,2022-01-17 17:10:00+00:00,2022,7630.0,140.34,140.35,139.37,139.52,0.2814371257484996,157.75
2022-01-18 15:00:00+00:00__L11786__H11789,11792,2022-01-18 15:00:00+00:00,11792,2022-01-18 15:00:00+00:00,2022-01-18 16:00:00+00:00,2022,135.81,11786,11788,138.23,11789,11791,135.54,0.1988071570576616,0,136.58,1.5649999999999977,11798,2022-01-18 21:00:00+00:00,2022-01-18 22:00:00+00:00,140.47,140.82,6,3.1501597444089544,0.5993836671802744,1.4313099041533626,11795,2022-01-18 18:00:00+00:00,136.31,136.72,135.59,135.94,135.59,136.72,0.722044728434503,141697,2022-01-19 07:05:00+00:00,2022,545.0,137.02,137.14,136.16,136.27,0.49557522123894204,142.66
2022-01-20 01:00:00+00:00__L11821__H11823,11826,2022-01-20 01:00:00+00:00,11826,2022-01-20 01:00:00+00:00,2022-01-20 02:00:00+00:00,2022,135.0,11821,11823,137.43,11823,11825,134.43,0.42222222222221717,0,135.14,1.7249999999999943,11831,2022-01-20 06:00:00+00:00,2022-01-20 07:00:00+00:00,137.47,137.85,5,1.7623188405797114,0.8291814946619172,0.02318840579709691,11829,2022-01-20 04:00:00+00:00,137.02,137.28,136.52,136.78,136.52,137.28,0.4405797101449237,141984,2022-01-20 07:00:00+00:00,2022,0.0,137.48,137.58,137.2,137.3,0.10526315789475456,137.85
2022-01-20 02:00:00+00:00__L11817__H11823,11827,2022-01-20 02:00:00+00:00,11827,2022-01-20 02:00:00+00:00,2022-01-20 03:00:00+00:00,2022,135.25,11817,11819,137.43,11823,11825,135.09,0.11829944547134684,0,136.21,1.8800000000000097,11831,2022-01-20 06:00:00+00:00,2022-01-20 07:00:00+00:00,137.47,137.85,4,1.2659574468085018,0.7241379310344738,0.02127659574467651,11829,2022-01-20 04:00:00+00:00,137.02,137.28,136.52,136.78,136.52,137.28,0.40425531914892926,141984,2022-01-20 07:00:00+00:00,2022,0.0,137.48,137.58,137.2,137.3,0.10526315789475456,137.85
2022-02-03 11:00:00+00:00__L12164__H12169,12172,2022-02-03 11:00:00+00:00,12172,2022-02-03 11:00:00+00:00,2022-02-03 12:00:00+00:00,2022,96.65,12164,12166,99.94,12169,12171,94.1,2.6383859286083924,0,97.33,2.1850000000000023,12182,2022-02-03 21:00:00+00:00,2022-02-03 22:00:00+00:00,100.52,101.19,10,2.938215102974826,0.31243878550440696,0.26544622425629183,12181,2022-02-03 20:00:00+00:00,96.73,97.37,95.76,96.63,95.76,97.37,0.7368421052631569,148479,2022-02-11 20:15:00+00:00,2022,11415.0,97.79,98.23,97.35,97.74,0.012422360248453565,121.88
2022-02-06 15:00:00+00:00__L12237__H12243,12248,2022-02-06 15:00:00+00:00,12248,2022-02-06 15:00:00+00:00,2022-02-06 16:00:00+00:00,2022,112.1,12237,12239,116.06,12243,12245,111.11,0.8831400535236351,0,112.99,1.4450000000000003,12260,2022-02-07 03:00:00+00:00,2022-02-07 04:00:00+00:00,119.11,119.59,12,5.5363321799307945,0.4707692307692301,2.1107266435986136,12257,2022-02-07 00:00:00+00:00,115.2,115.63,112.62,113.64,112.62,115.63,2.083044982698955,147199,2022-02-07 09:35:00+00:00,2022,335.0,116.0,116.01,115.37,115.87,0.08637873754152547,119.98
2022-02-14 01:00:00+00:00__L12419__H12423,12426,2022-02-14 01:00:00+00:00,12427,2022-02-14 02:00:00+00:00,2022-02-14 03:00:00+00:00,2022,91.24,12419,12421,94.09,12423,12425,90.49,0.8220078912757562,1,91.56,1.2249999999999943,12431,2022-02-14 06:00:00+00:00,2022-02-14 07:00:00+00:00,94.56,94.9,4,3.3224489795918584,0.6302521008403373,0.3836734693877559,12430,2022-02-14 05:00:00+00:00,93.72,94.01,92.73,92.84,92.73,94.01,1.0448979591836793,149189,2022-02-14 07:25:00+00:00,2022,25.0,94.11,94.2,93.89,93.94,0.09375000000000347,94.9
2022-03-08 15:00:00+00:00__L12892__H12893,12896,2022-03-08 15:00:00+00:00,12898,2022-03-08 17:00:00+00:00,2022-03-08 18:00:00+00:00,2022,83.11,12892,12894,84.54,12893,12895,81.3,2.1778366020936133,2,83.36,1.2850000000000037,12908,2022-03-09 03:00:00+00:00,2022-03-09 04:00:00+00:00,88.08,88.46,10,5.276264591439674,0.5501165501165491,2.7548638132295578,12902,2022-03-08 21:00:00+00:00,81.76,82.09,81.42,81.57,81.42,82.09,0.5214007782101165,155218,2022-03-10 05:50:00+00:00,2022,1550.0,82.36,82.88,82.02,82.78,0.10447761194030927,89.92
2022-03-08 16:00:00+00:00__L12887__H12893,12897,2022-03-08 16:00:00+00:00,12898,2022-03-08 17:00:00+00:00,2022-03-08 18:00:00+00:00,2022,82.43,12887,12889,84.54,12893,12895,81.3,1.370860123741368,1,83.36,1.2850000000000037,12908,2022-03-09 03:00:00+00:00,2022-03-09 04:00:00+00:00,88.08,88.46,10,5.276264591439674,0.5501165501165491,2.7548638132295578,12902,2022-03-08 21:00:00+00:00,81.76,82.09,81.42,81.57,81.42,82.09,0.5214007782101165,155218,2022-03-10 05:50:00+00:00,2022,1550.0,82.36,82.88,82.02,82.78,0.10447761194030927,89.92
2022-03-10 13:00:00+00:00__L12937__H12938,12942,2022-03-10 13:00:00+00:00,12943,2022-03-10 14:00:00+00:00,2022-03-10 15:00:00+00:00,2022,81.8,12937,12939,83.14,12938,12940,80.56,1.515892420537891,1,82.09,1.0600000000000023,12949,2022-03-10 20:00:00+00:00,2022-03-10 21:00:00+00:00,83.19,83.33,6,2.4811320754716886,0.5499999999999972,0.04716981132075194,12947,2022-03-10 18:00:00+00:00,82.18,82.35,81.65,81.97,81.65,82.35,0.6603773584905539,155412,2022-03-10 22:00:00+00:00,2022,60.0,82.76,82.76,81.9,82.08,0.642857142857137,83.33
2022-03-16 18:00:00+00:00__L13086__H13087,13091,2022-03-16 18:00:00+00:00,13091,2022-03-16 18:00:00+00:00,2022-03-16 19:00:00+00:00,2022,82.73,13086,13088,84.97,13087,13089,82.14,0.7131633023087192,0,83.51,1.0399999999999991,13092,2022-03-16 19:00:00+00:00,2022-03-16 20:00:00+00:00,85.78,86.1,1,3.5000000000000036,1.0,0.7788461538461566,13091,2022-03-16 18:00:00+00:00,84.02,84.35,82.14,83.51,82.14,84.35,2.1249999999999956,157585,2022-03-18 11:05:00+00:00,2022,2345.0,84.95,85.04,84.35,84.53,0.0,91.04
2022-03-19 07:00:00+00:00__L13148__H13149,13152,2022-03-19 07:00:00+00:00,13152,2022-03-19 07:00:00+00:00,2022-03-19 08:00:00+00:00,2022,89.27,13148,13150,90.83,13149,13151,89.25,0.022403943093980083,0,89.37,1.0400000000000063,13157,2022-03-19 12:00:00+00:00,2022-03-19 13:00:00+00:00,91.62,91.79,5,2.2788461538461444,1.0,0.759615384615386,13152,2022-03-19 07:00:00+00:00,90.05,90.05,89.25,89.37,89.25,90.05,0.7692307692307618,158141,2022-03-20 09:25:00+00:00,2022,1225.0,90.13,90.2,89.74,89.77,0.38750000000000423,94.59
2022-03-23 01:00:00+00:00__L13223__H13231,13242,2022-03-23 01:00:00+00:00,13242,2022-03-23 01:00:00+00:00,2022-03-23 02:00:00+00:00,2022,89.46,13223,13225,93.95,13231,13233,89.12,0.38005812653698773,0,90.42,1.0799999999999912,13255,2022-03-23 14:00:00+00:00,2022-03-23 15:00:00+00:00,94.75,94.95,13,5.212962962963001,0.5558408215661097,0.7407407407407441,13254,2022-03-23 13:00:00+00:00,92.49,92.96,91.8,92.25,91.8,92.96,1.0740740740740797,159119,2022-03-23 18:55:00+00:00,2022,235.0,93.12,93.19,92.53,92.66,0.37068965517240854,96.35
2022-03-29 00:00:00+00:00__L13377__H13382,13385,2022-03-29 00:00:00+00:00,13386,2022-03-29 01:00:00+00:00,2022-03-29 02:00:00+00:00,2022,108.76,13377,13379,113.04,13382,13384,105.43,3.0617874218462653,1,109.66,2.0849999999999937,13396,2022-03-29 11:00:00+00:00,2022-03-29 12:00:00+00:00,113.35,113.67,10,3.798561151079142,0.47984395318595563,0.14868105515587002,13395,2022-03-29 10:00:00+00:00,111.52,111.73,110.66,111.39,110.66,111.73,0.5131894484412521,160809,2022-03-29 15:45:00+00:00,2022,225.0,112.53,112.91,111.28,111.66,0.42056074766355117,115.67
2022-04-07 15:00:00+00:00__L13562__H13565,13568,2022-04-07 15:00:00+00:00,13569,2022-04-07 16:00:00+00:00,2022-04-07 17:00:00+00:00,2022,113.65,13562,13564,118.49,13565,13567,111.66,1.7509898812142624,1,114.86,2.3349999999999937,13577,2022-04-08 00:00:00+00:00,2022-04-08 01:00:00+00:00,119.65,121.82,8,3.4218415417559016,0.6606896551724134,0.49678800856531646,13576,2022-04-07 23:00:00+00:00,118.5,119.95,118.17,118.41,118.17,119.95,0.762312633832979,162936,2022-04-08 01:00:00+00:00,2022,0.0,119.65,120.21,119.3,120.07,0.36516853932584564,121.82
2022-04-13 13:00:00+00:00__L13692__H13706,13710,2022-04-13 13:00:00+00:00,13710,2022-04-13 13:00:00+00:00,2022-04-13 14:00:00+00:00,2022,100.27,13692,13694,104.27,13706,13708,100.02,0.24932681759250028,0,103.91,1.6550000000000011,13712,2022-04-13 15:00:00+00:00,2022-04-13 16:00:00+00:00,105.03,105.97,2,3.027190332326285,0.5090909090909138,0.4592145015105768,13711,2022-04-13 14:00:00+00:00,103.92,104.86,102.46,103.37,102.46,104.86,1.450151057401815,164556,2022-04-13 16:00:00+00:00,2022,0.0,105.04,105.33,104.35,105.13,0.21250000000000163,105.97
2022-04-17 03:00:00+00:00__L13790__H13791,13796,2022-04-17 03:00:00+00:00,13798,2022-04-17 05:00:00+00:00,2022-04-17 06:00:00+00:00,2022,101.68,13790,13792,102.87,13791,13793,101.0,0.6687647521636573,2,101.9,0.7749999999999915,13806,2022-04-17 13:00:00+00:00,2022-04-17 14:00:00+00:00,103.54,104.5,8,3.277419354838754,0.7735849056603812,0.8645161290322698,13802,2022-04-17 09:00:00+00:00,101.98,102.47,101.8,101.93,101.8,102.47,0.8645161290322698,165770,2022-04-17 21:10:00+00:00,2022,430.0,102.88,102.9,102.46,102.51,0.014925373134335956,105.45
2022-04-23 04:00:00+00:00__L13929__H13932,13941,2022-04-23 04:00:00+00:00,13941,2022-04-23 04:00:00+00:00,2022-04-23 05:00:00+00:00,2022,99.17,13929,13931,101.96,13932,13934,98.25,0.9276999092467496,0,99.77,1.2700000000000031,13952,2022-04-23 15:00:00+00:00,2022-04-23 16:00:00+00:00,102.08,102.17,11,3.015748031496054,0.5877862595419885,0.0944881889763813,13951,2022-04-23 14:00:00+00:00,101.91,102.27,101.52,101.76,101.52,102.27,0.5905511811023607,167436,2022-04-23 16:00:00+00:00,2022,0.0,102.08,102.13,101.64,101.74,0.839999999999994,102.17
2022-04-23 05:00:00+00:00__L13911__H13932,13942,2022-04-23 05:00:00+00:00,13942,2022-04-23 05:00:00+00:00,2022-04-23 06:00:00+00:00,2022,99.76,13911,13913,101.96,13932,13934,99.59,0.17040898155573547,0,100.18,1.2700000000000031,13952,2022-04-23 15:00:00+00:00,2022-04-23 16:00:00+00:00,102.08,102.17,10,1.9606299212598337,0.5397727272727298,0.0944881889763813,13951,2022-04-23 14:00:00+00:00,101.91,102.27,101.52,101.76,101.52,102.27,0.5905511811023607,167436,2022-04-23 16:00:00+00:00,2022,0.0,102.08,102.13,101.64,101.74,0.839999999999994,102.17
2022-05-09 23:00:00+00:00__L14339__H14341,14344,2022-05-09 23:00:00+00:00,14345,2022-05-10 00:00:00+00:00,2022-05-10 01:00:00+00:00,2022,62.77,14339,14341,68.42,14341,14343,60.0,4.412936115978976,1,64.96,2.030000000000001,14350,2022-05-10 05:00:00+00:00,2022-05-10 06:00:00+00:00,70.93,71.9,5,5.384236453201971,0.6468039003250282,1.2364532019704453,14348,2022-05-10 03:00:00+00:00,65.3,65.73,64.38,64.44,64.38,65.73,0.6650246305418758,172387,2022-05-10 20:35:00+00:00,2022,875.0,66.18,66.58,65.71,66.2,0.0148148148148223,73.99
2022-05-16 16:00:00+00:00__L14499__H14502,14505,2022-05-16 16:00:00+00:00,14505,2022-05-16 16:00:00+00:00,2022-05-16 17:00:00+00:00,2022,52.51,14499,14501,55.53,14502,14504,52.17,0.6474957151018783,0,52.68,1.8000000000000007,14516,2022-05-17 03:00:00+00:00,2022-05-17 04:00:00+00:00,55.72,56.14,11,1.9722222222222199,0.3989501312335958,0.10555555555555425,14514,2022-05-17 01:00:00+00:00,54.86,55.02,53.79,54.6,53.79,55.02,0.6833333333333352,174334,2022-05-17 14:50:00+00:00,2022,650.0,55.39,55.6,54.64,54.89,0.3089430894308954,58.2
2022-05-17 00:00:00+00:00__L14509__H14510,14513,2022-05-17 00:00:00+00:00,14513,2022-05-17 00:00:00+00:00,2022-05-17 01:00:00+00:00,2022,53.73,14509,14511,55.79,14510,14512,53.64,0.16750418760468325,0,54.86,1.4999999999999964,14517,2022-05-17 04:00:00+00:00,2022-05-17 05:00:00+00:00,56.53,56.95,4,1.9266666666666716,0.7625570776255723,0.49333333333333584,14514,2022-05-17 01:00:00+00:00,54.86,55.02,53.79,54.6,53.79,55.02,0.8200000000000046,174334,2022-05-17 14:50:00+00:00,2022,590.0,55.39,55.6,54.64,54.89,0.3089430894308954,58.2
2022-05-21 11:00:00+00:00__L14615__H14616,14620,2022-05-21 11:00:00+00:00,14620,2022-05-21 11:00:00+00:00,2022-05-21 12:00:00+00:00,2022,49.4,14615,14617,50.38,14616,14618,48.92,0.9716599190283337,0,49.41,0.9800000000000004,14623,2022-05-21 14:00:00+00:00,2022-05-21 15:00:00+00:00,50.66,50.7,3,1.7755102040816266,1.0,0.2857142857142795,14620,2022-05-21 11:00:00+00:00,49.75,49.78,48.92,49.41,48.92,49.78,0.8775510204081624,175555,2022-05-21 20:35:00+00:00,2022,335.0,50.03,50.05,49.74,49.86,0.046511627906975786,51.2
2022-05-24 14:00:00+00:00__L14690__H14692,14695,2022-05-24 14:00:00+00:00,14696,2022-05-24 15:00:00+00:00,2022-05-24 16:00:00+00:00,2022,48.61,14690,14692,49.88,14692,14694,47.04,3.2297881094425023,1,50.02,0.75,14707,2022-05-25 02:00:00+00:00,2022-05-25 03:00:00+00:00,50.34,50.53,11,4.400000000000006,0.09411764705882365,0.6133333333333345,14705,2022-05-25 00:00:00+00:00,49.65,49.86,49.09,49.29,49.09,49.86,1.0266666666666613,176502,2022-05-25 03:30:00+00:00,2022,30.0,50.09,50.15,49.79,49.84,0.09090909090909174,50.53
2022-05-24 15:00:00+00:00__L14680__H14692,14696,2022-05-24 15:00:00+00:00,14696,2022-05-24 15:00:00+00:00,2022-05-24 16:00:00+00:00,2022,48.56,14680,14682,49.88,14692,14694,48.23,0.6795716639209337,0,50.02,0.75,14707,2022-05-25 02:00:00+00:00,2022-05-25 03:00:00+00:00,50.34,50.53,11,2.813333333333342,0.09411764705882365,0.6133333333333345,14705,2022-05-25 00:00:00+00:00,49.65,49.86,49.09,49.29,49.09,49.86,1.0266666666666613,176502,2022-05-25 03:30:00+00:00,2022,30.0,50.09,50.15,49.79,49.84,0.09090909090909174,50.53
2022-05-30 12:00:00+00:00__L14829__H14832,14837,2022-05-30 12:00:00+00:00,14838,2022-05-30 13:00:00+00:00,2022-05-30 14:00:00+00:00,2022,45.51,14829,14831,47.39,14832,14834,44.92,1.2964183695890932,1,45.55,0.6950000000000003,14846,2022-05-30 21:00:00+00:00,2022-05-30 22:00:00+00:00,47.43,48.58,8,3.6115107913669022,0.5766871165644183,0.05755395683453112,14844,2022-05-30 19:00:00+00:00,45.92,46.21,45.37,45.64,45.37,46.21,1.2086330935251843,178207,2022-05-31 01:35:00+00:00,2022,215.0,46.76,46.76,46.19,46.4,0.023809523809527434,48.58
2022-06-05 23:00:00+00:00__L14983__H14989,14992,2022-06-05 23:00:00+00:00,14993,2022-06-06 00:00:00+00:00,2022-06-06 01:00:00+00:00,2022,38.72,14983,14985,40.09,14989,14991,38.31,1.0588842975206525,1,39.72,0.5749999999999993,14994,2022-06-06 01:00:00+00:00,2022-06-06 02:00:00+00:00,40.9,41.19,1,4.504347826086955,1.0,1.4086956521739065,14992,2022-06-05 23:00:00+00:00,39.13,39.21,38.38,38.51,38.38,39.21,1.443478260869564,180224,2022-06-07 01:40:00+00:00,2022,1420.0,39.44,39.46,39.18,39.34,0.036144578313254454,44.99
2022-06-07 12:00:00+00:00__L15023__H15025,15029,2022-06-07 12:00:00+00:00,15031,2022-06-07 14:00:00+00:00,2022-06-07 15:00:00+00:00,2022,38.81,15023,15025,39.64,15025,15027,37.63,3.0404534913682033,2,39.32,0.7899999999999991,15036,2022-06-07 19:00:00+00:00,2022-06-07 20:00:00+00:00,40.43,41.17,5,3.5443037974683547,0.7070063694267543,1.0,15033,2022-06-07 16:00:00+00:00,39.11,39.26,38.6,39.09,38.6,39.26,0.8354430379746801,180476,2022-06-07 22:40:00+00:00,2022,160.0,39.71,39.74,39.25,39.37,0.015151515151512215,41.35
2022-06-08 18:00:00+00:00__L15053__H15054,15059,2022-06-08 18:00:00+00:00,15059,2022-06-08 18:00:00+00:00,2022-06-08 19:00:00+00:00,2022,38.7,15053,15055,40.15,15054,15056,38.38,0.8268733850129205,0,38.93,0.7449999999999974,15073,2022-06-09 08:00:00+00:00,2022-06-09 09:00:00+00:00,40.48,40.68,14,2.818791946308727,0.42936288088642416,0.44295302013422744,15071,2022-06-09 06:00:00+00:00,39.06,39.14,38.88,38.98,38.88,39.14,0.3489932885906026,181071,2022-06-10 00:15:00+00:00,2022,915.0,39.71,39.72,38.96,39.16,0.6923076923076965,41.96
2022-06-14 02:00:00+00:00__L15174__H15181,15187,2022-06-14 02:00:00+00:00,15187,2022-06-14 02:00:00+00:00,2022-06-14 03:00:00+00:00,2022,26.07,15174,15176,29.86,15181,15183,25.81,0.9973149213655602,0,27.0,1.4100000000000001,15190,2022-06-14 05:00:00+00:00,2022-06-14 06:00:00+00:00,30.34,31.34,3,3.212765957446809,0.7422222222222216,0.3404255319148939,15189,2022-06-14 04:00:00+00:00,28.9,29.39,28.04,28.33,28.04,29.39,0.9574468085106392,182340,2022-06-14 10:00:00+00:00,2022,240.0,29.48,29.61,29.29,29.32,0.07407407407407506,32.21
2022-06-28 02:00:00+00:00__L15515__H15519,15523,2022-06-28 02:00:00+00:00,15525,2022-06-28 04:00:00+00:00,2022-06-28 05:00:00+00:00,2022,37.8,15515,15517,39.14,15519,15521,36.94,2.2751322751322736,2,37.85,0.6799999999999997,15529,2022-06-28 08:00:00+00:00,2022-06-28 09:00:00+00:00,39.15,39.28,4,3.2500000000000027,0.8024691358024651,0.014705882352938257,15526,2022-06-28 05:00:00+00:00,37.85,38.1,37.62,37.69,37.62,38.1,0.7058823529411826,186430,2022-06-28 14:50:00+00:00,2022,350.0,38.27,38.31,38.1,38.28,0.0,39.88
2022-07-03 14:00:00+00:00__L15649__H15651,15655,2022-07-03 14:00:00+00:00,15657,2022-07-03 16:00:00+00:00,2022-07-03 17:00:00+00:00,2022,32.46,15649,15651,33.12,15651,15653,32.12,1.0474430067775828,2,32.63,0.4399999999999977,15660,2022-07-03 19:00:00+00:00,2022-07-03 20:00:00+00:00,33.42,33.58,3,2.9545454545454795,1.0,0.681818181818195,15656,2022-07-03 15:00:00+00:00,32.4,32.5,32.28,32.31,32.28,32.5,0.5,188029,2022-07-04 04:05:00+00:00,2022,485.0,32.56,32.64,32.5,32.51,0.0,33.88
2022-07-03 15:00:00+00:00__L15645__H15651,15656,2022-07-03 15:00:00+00:00,15657,2022-07-03 16:00:00+00:00,2022-07-03 17:00:00+00:00,2022,32.31,15645,15647,33.12,15651,15653,32.26,0.1547508511296944,1,32.63,0.4399999999999977,15660,2022-07-03 19:00:00+00:00,2022-07-03 20:00:00+00:00,33.42,33.58,3,2.6363636363636584,1.0,0.681818181818195,15656,2022-07-03 15:00:00+00:00,32.4,32.5,32.28,32.31,32.28,32.5,0.5,188029,2022-07-04 04:05:00+00:00,2022,485.0,32.56,32.64,32.5,32.51,0.0,33.88
2022-07-12 08:00:00+00:00__L15860__H15862,15865,2022-07-12 08:00:00+00:00,15865,2022-07-12 08:00:00+00:00,2022-07-12 09:00:00+00:00,2022,33.42,15860,15862,34.11,15862,15864,33.29,0.38898862956314345,0,33.61,0.4799999999999969,15872,2022-07-12 15:00:00+00:00,2022-07-12 16:00:00+00:00,34.2,34.6,7,1.8958333333333535,0.4125874125874171,0.18750000000000833,15870,2022-07-12 13:00:00+00:00,33.98,34.32,33.75,33.82,33.75,34.32,1.1875000000000084,190476,2022-07-12 16:00:00+00:00,2022,0.0,34.2,34.35,34.17,34.26,0.2631578947368395,34.6
2022-07-12 09:00:00+00:00__L15856__H15862,15866,2022-07-12 09:00:00+00:00,15866,2022-07-12 09:00:00+00:00,2022-07-12 10:00:00+00:00,2022,33.22,15856,15858,34.11,15862,15864,33.11,0.33112582781456784,0,33.35,0.4499999999999993,15872,2022-07-12 15:00:00+00:00,2022-07-12 16:00:00+00:00,34.2,34.6,6,2.4222222222222336,0.726495726495731,0.2000000000000079,15870,2022-07-12 13:00:00+00:00,33.98,34.32,33.75,33.82,33.75,34.32,1.2666666666666693,190476,2022-07-12 16:00:00+00:00,2022,0.0,34.2,34.35,34.17,34.26,0.2631578947368395,34.6
2022-07-13 12:00:00+00:00__L15881__H15889,15893,2022-07-13 12:00:00+00:00,15893,2022-07-13 12:00:00+00:00,2022-07-13 13:00:00+00:00,2022,32.33,15881,15883,34.16,15889,15891,31.7,1.9486545004639624,0,32.36,0.38500000000000156,15904,2022-07-13 23:00:00+00:00,2022-07-14 00:00:00+00:00,34.93,35.08,11,8.389610389610356,0.6745406824146966,2.0,15901,2022-07-13 20:00:00+00:00,33.63,33.9,33.45,33.54,33.45,33.9,1.168831168831153,190966,2022-07-14 08:50:00+00:00,2022,530.0,34.04,34.06,33.9,33.91,0.0,35.31
2022-07-13 13:00:00+00:00__L15876__H15889,15894,2022-07-13 13:00:00+00:00,15895,2022-07-13 14:00:00+00:00,2022-07-13 15:00:00+00:00,2022,32.68,15876,15878,34.16,15889,15891,31.86,2.5091799265605883,1,33.46,0.3949999999999996,15904,2022-07-13 23:00:00+00:00,2022-07-14 00:00:00+00:00,34.93,35.08,9,7.772151898734187,0.5424354243542415,1.9493670886076049,15901,2022-07-13 20:00:00+00:00,33.63,33.9,33.45,33.54,33.45,33.9,1.1392405063291045,190966,2022-07-14 08:50:00+00:00,2022,530.0,34.04,34.06,33.9,33.91,0.0,35.31
2022-07-15 16:00:00+00:00__L15941__H15942,15945,2022-07-15 16:00:00+00:00,15947,2022-07-15 18:00:00+00:00,2022-07-15 19:00:00+00:00,2022,37.34,15941,15943,38.56,15942,15944,37.03,0.8302088912694221,2,38.11,0.5999999999999979,15948,2022-07-15 19:00:00+00:00,2022-07-15 20:00:00+00:00,38.8,38.87,1,2.9500000000000037,1.0,0.3999999999999929,15946,2022-07-15 17:00:00+00:00,37.28,37.76,37.03,37.1,37.03,37.76,1.2166666666666657,191399,2022-07-15 20:55:00+00:00,2022,55.0,37.85,37.88,37.74,37.76,0.02739726027396727,39.09
2022-07-22 02:00:00+00:00__L16095__H16096,16099,2022-07-22 02:00:00+00:00,16099,2022-07-22 02:00:00+00:00,2022-07-22 03:00:00+00:00,2022,42.54,16095,16097,43.57,16096,16098,42.52,0.047014574518091254,0,42.69,0.8100000000000023,16106,2022-07-22 09:00:00+00:00,2022-07-22 10:00:00+00:00,43.9,44.34,7,1.7037037037036933,0.6914285714285747,0.40740740740740417,16104,2022-07-22 07:00:00+00:00,43.15,43.45,42.73,43.05,42.73,43.45,0.8888888888888937,193324,2022-07-22 13:20:00+00:00,2022,200.0,43.79,43.83,43.3,43.3,0.2083333333333395,44.34
2022-07-23 18:00:00+00:00__L16133__H16136,16139,2022-07-23 18:00:00+00:00,16141,2022-07-23 20:00:00+00:00,2022-07-23 21:00:00+00:00,2022,39.36,16133,16135,40.48,16136,16138,38.59,1.9563008130081199,2,39.6,0.6049999999999969,16150,2022-07-24 05:00:00+00:00,2022-07-24 06:00:00+00:00,41.0,41.18,9,3.9834710743801804,0.4268292682926814,0.8595041322314145,16148,2022-07-24 03:00:00+00:00,40.04,40.06,39.44,39.58,39.44,40.06,1.0247933884297649,193895,2022-07-24 12:55:00+00:00,2022,415.0,40.27,40.3,40.06,40.24,0.0,41.38
2022-08-02 09:00:00+00:00__L16365__H16367,16370,2022-08-02 09:00:00+00:00,16370,2022-08-02 09:00:00+00:00,2022-08-02 10:00:00+00:00,2022,39.89,16365,16367,40.63,16367,16369,39.77,0.30082727500626083,0,39.99,0.5850000000000009,16375,2022-08-02 14:00:00+00:00,2022-08-02 15:00:00+00:00,41.46,41.53,5,2.888888888888881,0.6202531645569603,1.4188034188034138,16373,2022-08-02 12:00:00+00:00,40.52,40.62,39.87,40.08,39.87,40.62,1.2820512820512802,196617,2022-08-02 23:45:00+00:00,2022,525.0,40.92,40.92,40.39,40.43,0.3066666666666625,42.43
2022-08-04 16:00:00+00:00__L16421__H16422,16425,2022-08-04 16:00:00+00:00,16426,2022-08-04 17:00:00+00:00,2022-08-04 18:00:00+00:00,2022,38.3,16421,16423,39.83,16422,16424,37.9,1.0443864229764976,1,38.42,0.5399999999999956,16436,2022-08-05 03:00:00+00:00,2022-08-05 04:00:00+00:00,40.09,40.15,10,4.055555555555598,0.6987447698744734,0.4814814814814949,16433,2022-08-05 00:00:00+00:00,38.81,39.14,38.65,38.68,38.65,39.14,0.9074074074074185,198668,2022-08-10 02:40:00+00:00,2022,7120.0,39.2,39.31,39.13,39.28,0.02040816326530198,43.72
2022-08-13 16:00:00+00:00__L16637__H16638,16641,2022-08-13 16:00:00+00:00,16641,2022-08-13 16:00:00+00:00,2022-08-13 17:00:00+00:00,2022,46.18,16637,16639,47.17,16638,16640,46.05,0.28150714595063353,0,46.19,0.735000000000003,16655,2022-08-14 06:00:00+00:00,2022-08-14 07:00:00+00:00,47.43,47.6,14,1.8775510204081591,0.40789473684210414,0.3537414965986353,16652,2022-08-14 03:00:00+00:00,46.79,46.85,46.47,46.72,46.47,46.85,0.5170068027210898,199916,2022-08-14 10:40:00+00:00,2022,220.0,46.89,46.94,46.84,46.91,0.026315789473678797,48.05
2022-09-03 19:00:00+00:00__L17143__H17145,17148,2022-09-03 19:00:00+00:00,17149,2022-09-03 20:00:00+00:00,2022-09-03 21:00:00+00:00,2022,30.98,17143,17145,31.19,17145,17147,30.78,0.6455777921239486,1,30.99,0.19500000000000028,17154,2022-09-04 01:00:00+00:00,2022-09-04 02:00:00+00:00,31.2,31.25,5,2.1538461538461413,0.8399999999999795,0.051282051282041004,17153,2022-09-04 00:00:00+00:00,31.1,31.26,31.05,31.08,31.05,31.26,1.0769230769230798,205860,2022-09-04 02:00:00+00:00,2022,0.0,31.21,31.45,31.21,31.35,0.23809523809524052,31.25
2022-09-07 02:00:00+00:00__L17221__H17222,17227,2022-09-07 02:00:00+00:00,17227,2022-09-07 02:00:00+00:00,2022-09-07 03:00:00+00:00,2022,30.39,17221,17223,31.31,17222,17224,30.27,0.394866732477792,0,30.53,0.42499999999999893,17239,2022-09-07 14:00:00+00:00,2022-09-07 15:00:00+00:00,31.33,31.57,12,2.4941176470588267,0.7017543859649182,0.04705882352941088,17237,2022-09-07 12:00:00+00:00,31.14,31.2,30.82,31.12,30.82,31.2,0.8941176470588235,206885,2022-09-07 15:25:00+00:00,2022,25.0,31.33,31.33,31.2,31.21,0.0,31.57
2022-09-08 07:00:00+00:00__L17252__H17253,17256,2022-09-08 07:00:00+00:00,17256,2022-09-08 07:00:00+00:00,2022-09-08 08:00:00+00:00,2022,32.23,17252,17254,32.76,17253,17255,31.99,0.7446478436239481,0,32.36,0.365000000000002,17257,2022-09-08 08:00:00+00:00,2022-09-08 09:00:00+00:00,32.88,32.88,1,2.43835616438356,1.0,0.3287671232876819,17256,2022-09-08 07:00:00+00:00,32.38,32.48,31.99,32.36,31.99,32.48,1.342465753424646,207140,2022-09-08 12:40:00+00:00,2022,220.0,32.55,32.56,32.33,32.34,0.3061224489795899,33.4
2022-09-11 06:00:00+00:00__L17313__H17323,17327,2022-09-11 06:00:00+00:00,17327,2022-09-11 06:00:00+00:00,2022-09-11 07:00:00+00:00,2022,34.27,17313,17315,35.29,17323,17325,34.02,0.7295010213014297,0,34.35,0.3349999999999973,17337,2022-09-11 16:00:00+00:00,2022-09-11 17:00:00+00:00,35.75,36.02,10,5.164179104477644,0.7142857142857133,1.3731343283582225,17335,2022-09-11 14:00:00+00:00,34.78,34.84,34.66,34.74,34.66,34.84,0.5373134328358455,208099,2022-09-11 20:35:00+00:00,2022,215.0,35.27,35.27,34.68,34.91,0.8888888888888757,36.02
2022-09-11 21:00:00+00:00__L17334__H17337,17342,2022-09-11 21:00:00+00:00,17342,2022-09-11 21:00:00+00:00,2022-09-11 22:00:00+00:00,2022,34.5,17334,17336,36.02,17337,17339,34.25,0.7246376811594203,0,34.51,0.3000000000000007,17353,2022-09-12 08:00:00+00:00,2022-09-12 09:00:00+00:00,36.07,36.18,11,6.066666666666653,0.32098765432098814,0.1666666666666568,17350,2022-09-12 05:00:00+00:00,34.83,34.89,34.55,34.76,34.55,34.89,1.133333333333342,208605,2022-09-13 14:45:00+00:00,2022,1785.0,34.98,35.02,34.69,34.73,0.5882352941176495,38.93
2022-09-13 00:00:00+00:00__L17361__H17364,17369,2022-09-13 00:00:00+00:00,17369,2022-09-13 00:00:00+00:00,2022-09-13 01:00:00+00:00,2022,36.78,17361,17363,37.85,17364,17366,36.68,0.27188689505166236,0,37.03,0.5700000000000038,17371,2022-09-13 02:00:00+00:00,2022-09-13 03:00:00+00:00,37.9,38.19,2,2.140350877192966,1.0,0.08771929824560847,17369,2022-09-13 00:00:00+00:00,37.42,37.47,36.68,37.03,36.68,37.47,1.385964912280691,208578,2022-09-13 12:30:00+00:00,2022,570.0,38.75,38.85,36.0,37.38,1.0,38.93
2022-09-14 18:00:00+00:00__L17404__H17408,17411,2022-09-14 18:00:00+00:00,17411,2022-09-14 18:00:00+00:00,2022-09-14 19:00:00+00:00,2022,32.9,17404,17406,33.67,17408,17410,32.68,0.6686930091185376,0,33.08,0.3999999999999986,17414,2022-09-14 21:00:00+00:00,2022-09-14 22:00:00+00:00,34.01,34.17,3,3.3250000000000077,0.8378378378378434,0.8499999999999938,17413,2022-09-14 20:00:00+00:00,33.46,33.53,33.29,33.38,33.29,33.53,0.6000000000000071,209017,2022-09-15 01:05:00+00:00,2022,185.0,33.84,33.89,33.52,33.54,0.04166666666665803,34.33
2022-09-19 03:00:00+00:00__L17510__H17513,17516,2022-09-19 03:00:00+00:00,17516,2022-09-19 03:00:00+00:00,2022-09-19 04:00:00+00:00,2022,30.78,17510,17512,31.75,17513,17515,30.6,0.5847953216374259,0,30.87,0.4100000000000037,17526,2022-09-19 13:00:00+00:00,2022-09-19 14:00:00+00:00,31.85,31.89,10,3.0487804878048506,0.4049586776859485,0.24390243902439152,17524,2022-09-19 11:00:00+00:00,31.34,31.36,31.01,31.23,31.01,31.36,0.853658536585353,210721,2022-09-20 23:05:00+00:00,2022,1985.0,31.59,31.6,31.3,31.39,0.17142857142856882,33.08
2022-09-21 15:00:00+00:00__L17568__H17573,17576,2022-09-21 15:00:00+00:00,17576,2022-09-21 15:00:00+00:00,2022-09-21 16:00:00+00:00,2022,31.39,17568,17570,32.34,17573,17575,31.19,0.6371455877668024,0,31.48,0.3500000000000014,17579,2022-09-21 18:00:00+00:00,2022-09-21 19:00:00+00:00,33.03,33.48,3,5.257142857142836,1.0,1.9714285714285569,17576,2022-09-21 15:00:00+00:00,31.68,31.72,31.19,31.48,31.19,31.72,1.5142857142857011,210967,2022-09-21 19:35:00+00:00,2022,35.0,32.11,32.15,31.63,31.72,0.1698113207547175,33.48
2022-09-28 02:00:00+00:00__L17723__H17728,17731,2022-09-28 02:00:00+00:00,17731,2022-09-28 02:00:00+00:00,2022-09-28 03:00:00+00:00,2022,32.05,17723,17725,32.92,17728,17730,31.62,1.341653666146634,0,32.18,0.384999999999998,17743,2022-09-28 14:00:00+00:00,2022-09-28 15:00:00+00:00,32.99,33.14,12,3.5584415584415794,0.37327188940092,0.1818181818181835,17740,2022-09-28 11:00:00+00:00,32.51,32.57,32.25,32.47,32.25,32.57,0.8311688311688362,213812,2022-10-01 16:40:00+00:00,2022,4420.0,32.8,32.8,32.57,32.71,0.0,35.19
2022-10-02 23:00:00+00:00__L17835__H17844,17848,2022-10-02 23:00:00+00:00,17849,2022-10-03 00:00:00+00:00,2022-10-03 01:00:00+00:00,2022,32.05,17835,17837,32.84,17844,17846,31.69,1.1232449297971792,1,32.18,0.21000000000000085,17865,2022-10-03 16:00:00+00:00,2022-10-03 17:00:00+00:00,32.93,33.03,16,5.904761904761873,0.3886010362694344,0.42857142857140923,17862,2022-10-03 13:00:00+00:00,32.66,32.87,32.43,32.57,32.43,32.87,2.095238095238076,214413,2022-10-03 18:45:00+00:00,2022,105.0,32.98,33.01,32.86,32.91,0.02272727272726832,33.21
2022-10-03 00:00:00+00:00__L17818__H17844,17849,2022-10-03 00:00:00+00:00,17850,2022-10-03 01:00:00+00:00,2022-10-03 02:00:00+00:00,2022,32.31,17818,17820,32.84,17844,17846,31.69,1.91891055400805,1,32.44,0.22000000000000242,17865,2022-10-03 16:00:00+00:00,2022-10-03 17:00:00+00:00,32.93,33.03,15,5.636363636363567,0.29341317365269926,0.4090909090908878,17862,2022-10-03 13:00:00+00:00,32.66,32.87,32.43,32.57,32.43,32.87,1.9999999999999678,214413,2022-10-03 18:45:00+00:00,2022,105.0,32.98,33.01,32.86,32.91,0.02272727272726832,33.21
2022-10-25 01:00:00+00:00__L18370__H18372,18378,2022-10-25 01:00:00+00:00,18378,2022-10-25 01:00:00+00:00,2022-10-25 02:00:00+00:00,2022,28.14,18370,18372,28.58,18372,18374,28.05,0.3198294243070357,0,28.27,0.25,18390,2022-10-25 13:00:00+00:00,2022-10-25 14:00:00+00:00,28.89,29.01,12,3.3599999999999994,0.4558823529411762,1.240000000000009,18386,2022-10-25 09:00:00+00:00,28.28,28.29,28.12,28.16,28.12,28.29,0.6799999999999926,224537,2022-11-07 22:25:00+00:00,2022,19225.0,28.99,29.0,28.0,28.77,1.0,38.79
2022-10-28 07:00:00+00:00__L18449__H18450,18456,2022-10-28 07:00:00+00:00,18457,2022-10-28 08:00:00+00:00,2022-10-28 09:00:00+00:00,2022,30.35,18449,18451,30.85,18450,18452,30.08,0.8896210873146725,1,30.45,0.33500000000000085,18462,2022-10-28 13:00:00+00:00,2022-10-28 14:00:00+00:00,31.03,31.29,5,2.835820895522389,0.783783783783788,0.5373134328358187,18460,2022-10-28 11:00:00+00:00,30.45,30.6,30.33,30.41,30.33,30.6,0.8059701492537387,223070,2022-11-02 20:10:00+00:00,2022,7570.0,30.78,30.8,30.51,30.51,0.33333333333332893,34.39
2022-10-28 08:00:00+00:00__L18445__H18450,18457,2022-10-28 08:00:00+00:00,18457,2022-10-28 08:00:00+00:00,2022-10-28 09:00:00+00:00,2022,30.44,18445,18447,30.85,18450,18452,30.18,0.8541392904073639,0,30.45,0.34500000000000064,18462,2022-10-28 13:00:00+00:00,2022-10-28 14:00:00+00:00,31.03,31.29,5,2.4637681159420284,0.783783783783788,0.5217391304347808,18460,2022-10-28 11:00:00+00:00,30.45,30.6,30.33,30.41,30.33,30.6,0.7826086956521815,223070,2022-11-02 20:10:00+00:00,2022,7570.0,30.78,30.8,30.51,30.51,0.33333333333332893,34.39
2022-11-03 23:00:00+00:00__L18611__H18613,18616,2022-11-03 23:00:00+00:00,18617,2022-11-04 00:00:00+00:00,2022-11-04 01:00:00+00:00,2022,31.13,18611,18613,31.42,18613,18615,30.58,1.7667844522968223,1,31.17,0.37499999999999645,18620,2022-11-04 03:00:00+00:00,2022-11-04 04:00:00+00:00,31.92,31.93,3,3.5733333333333763,0.8064516129032199,1.333333333333346,18618,2022-11-04 01:00:00+00:00,31.17,31.27,30.97,31.08,30.97,31.27,0.8000000000000095,224353,2022-11-07 07:05:00+00:00,2022,4505.0,31.69,31.73,31.23,31.43,0.13333333333333017,38.79
2022-11-04 00:00:00+00:00__L18607__H18613,18617,2022-11-04 00:00:00+00:00,18617,2022-11-04 00:00:00+00:00,2022-11-04 01:00:00+00:00,2022,30.84,18607,18609,31.42,18613,18615,30.63,0.6809338521400806,0,31.17,0.3899999999999988,18620,2022-11-04 03:00:00+00:00,2022-11-04 04:00:00+00:00,31.92,31.93,3,3.307692307692325,0.8064516129032199,1.282051282051286,18618,2022-11-04 01:00:00+00:00,31.17,31.27,30.97,31.08,30.97,31.27,0.7692307692307734,224353,2022-11-07 07:05:00+00:00,2022,4505.0,31.69,31.73,31.23,31.43,0.13333333333333017,38.79
2022-11-19 14:00:00+00:00__L18982__H18987,18991,2022-11-19 14:00:00+00:00,18992,2022-11-19 15:00:00+00:00,2022-11-19 16:00:00+00:00,2022,12.676,18982,18984,13.0,18987,18989,12.564,0.8835594824865897,1,12.715,0.15449999999999964,19005,2022-11-20 04:00:00+00:00,2022-11-20 05:00:00+00:00,13.23,13.585,13,4.310679611650498,0.5508021390374345,1.4886731391585823,19003,2022-11-20 02:00:00+00:00,12.759,12.776,12.712,12.748,12.712,12.776,0.4142394822006486,228116,2022-11-20 08:40:00+00:00,2022,220.0,12.924,12.938,12.75,12.788,0.40624999999999656,13.585
2022-11-21 09:00:00+00:00__L19027__H19030,19034,2022-11-21 09:00:00+00:00,19034,2022-11-21 09:00:00+00:00,2022-11-21 10:00:00+00:00,2022,11.531,19027,19029,11.991,19030,19032,11.517,0.12141184632730138,0,11.744,0.25,19038,2022-11-21 13:00:00+00:00,2022-11-21 14:00:00+00:00,12.017,12.14,4,2.0,0.7867435158501402,0.1039999999999992,19036,2022-11-21 11:00:00+00:00,11.833,11.888,11.754,11.795,11.754,11.888,0.5360000000000014,228484,2022-11-21 15:20:00+00:00,2022,80.0,11.93,11.936,11.867,11.895,0.15671641791044005,12.14
2022-11-24 11:00:00+00:00__L19102__H19104,19108,2022-11-24 11:00:00+00:00,19110,2022-11-24 13:00:00+00:00,2022-11-24 14:00:00+00:00,2022,14.155,19102,19104,14.582,19104,19106,13.865,2.0487460261391677,2,14.35,0.3229999999999995,19113,2022-11-24 16:00:00+00:00,2022-11-24 17:00:00+00:00,14.64,14.732,3,2.399380804953565,0.7250000000000016,0.179566563467492,19111,2022-11-24 14:00:00+00:00,14.349,14.395,14.125,14.295,14.125,14.395,0.8359133126934984,229385,2022-11-24 18:25:00+00:00,2022,85.0,14.404,14.427,14.381,14.391,0.05185185185184951,14.748
2022-12-05 15:00:00+00:00__L19368__H19371,19376,2022-12-05 15:00:00+00:00,19378,2022-12-05 17:00:00+00:00,2022-12-05 18:00:00+00:00,2022,13.834,19368,19370,14.092,19371,19373,13.653,1.3083706809310334,2,13.9,0.12499999999999911,19388,2022-12-06 03:00:00+00:00,2022-12-06 04:00:00+00:00,14.155,14.291,10,4.0160000000000196,0.22586359610274537,0.5039999999999942,19387,2022-12-06 02:00:00+00:00,14.055,14.124,13.973,14.008,13.973,14.124,1.208000000000007,232671,2022-12-06 04:15:00+00:00,2022,15.0,14.238,14.238,14.118,14.189,0.0397350993377499,14.373
2022-12-05 16:00:00+00:00__L19365__H19371,19377,2022-12-05 16:00:00+00:00,19378,2022-12-05 17:00:00+00:00,2022-12-05 18:00:00+00:00,2022,13.856,19365,19367,14.092,19371,19373,13.666,1.3712471131639687,1,13.9,0.12650000000000006,19388,2022-12-06 03:00:00+00:00,2022-12-06 04:00:00+00:00,14.155,14.291,10,3.865612648221334,0.22586359610274537,0.49802371541501034,19387,2022-12-06 02:00:00+00:00,14.055,14.124,13.973,14.008,13.973,14.124,1.1936758893280612,232671,2022-12-06 04:15:00+00:00,2022,15.0,14.238,14.238,14.118,14.189,0.0397350993377499,14.373
2022-12-05 20:00:00+00:00__L19376__H19378,19381,2022-12-05 20:00:00+00:00,19381,2022-12-05 20:00:00+00:00,2022-12-05 21:00:00+00:00,2022,13.653,19376,19378,14.0,19378,19380,13.641,0.08789277081960342,0,13.721,0.13099999999999934,19386,2022-12-06 01:00:00+00:00,2022-12-06 02:00:00+00:00,14.056,14.091,5,3.1679389312977193,0.5037593984962412,0.4274809160305301,19384,2022-12-05 23:00:00+00:00,13.857,13.88,13.717,13.81,13.717,13.88,1.2442748091603135,232756,2022-12-06 11:20:00+00:00,2022,560.0,13.92,13.967,13.874,13.955,0.03680981595092158,14.373
2022-12-13 03:00:00+00:00__L19546__H19553,19556,2022-12-13 03:00:00+00:00,19557,2022-12-13 04:00:00+00:00,2022-12-13 05:00:00+00:00,2022,13.089,19546,19548,13.388,19553,19555,12.953,1.0390404156161739,1,13.115,0.0909999999999993,19566,2022-12-13 13:00:00+00:00,2022-12-13 14:00:00+00:00,14.073,14.149,9,12.307692307692413,0.620466321243524,7.52747252747259,19565,2022-12-13 12:00:00+00:00,13.343,13.38,13.202,13.208,13.202,13.38,1.95604395604398,235614,2022-12-16 09:30:00+00:00,2022,4050.0,13.44,13.441,13.374,13.383,0.03370786516854045,14.96
2022-12-13 04:00:00+00:00__L19541__H19553,19557,2022-12-13 04:00:00+00:00,19557,2022-12-13 04:00:00+00:00,2022-12-13 05:00:00+00:00,2022,13.0,19541,19543,13.388,19553,19555,12.953,0.36153846153846614,0,13.115,0.0909999999999993,19566,2022-12-13 13:00:00+00:00,2022-12-13 14:00:00+00:00,14.073,14.149,9,12.307692307692413,0.620466321243524,7.52747252747259,19565,2022-12-13 12:00:00+00:00,13.343,13.38,13.202,13.208,13.202,13.38,1.95604395604398,235614,2022-12-16 09:30:00+00:00,2022,4050.0,13.44,13.441,13.374,13.383,0.03370786516854045,14.96
2022-12-17 18:00:00+00:00__L19661__H19664,19667,2022-12-17 18:00:00+00:00,19667,2022-12-17 18:00:00+00:00,2022-12-17 19:00:00+00:00,2022,12.203,19661,19663,12.359,19664,19666,12.142,0.4998770794067028,0,12.258,0.1435000000000004,19671,2022-12-17 22:00:00+00:00,2022-12-17 23:00:00+00:00,12.431,12.462,4,2.0139372822299575,0.9251336898395754,0.5017421602787385,19668,2022-12-17 19:00:00+00:00,12.258,12.33,12.233,12.251,12.233,12.33,0.6759581881533049,236189,2022-12-18 09:25:00+00:00,2022,625.0,12.371,12.384,12.277,12.293,0.5463917525773307,12.59
2022-12-31 04:00:00+00:00__L19983__H19986,19989,2022-12-31 04:00:00+00:00,19990,2022-12-31 05:00:00+00:00,2022-12-31 06:00:00+00:00,2022,9.678,19983,19985,10.05,19986,19988,9.64,0.39264310808018443,1,9.711,0.19450000000000056,20000,2022-12-31 15:00:00+00:00,2022-12-31 16:00:00+00:00,10.13,10.157,10,2.519280205655521,0.7495527728085815,0.411311053984575,19996,2022-12-31 11:00:00+00:00,9.886,9.902,9.828,9.841,9.828,9.902,0.38046272493573075,240092,2022-12-31 22:40:00+00:00,2022,400.0,9.957,9.959,9.89,9.957,0.16216216216214466,10.169
2023-01-05 09:00:00+00:00__L20106__H20109,20114,2023-01-05 09:00:00+00:00,20115,2023-01-05 10:00:00+00:00,2023-01-05 11:00:00+00:00,2023,13.031,20106,20108,13.482,20109,20111,12.927,0.7980968459826642,1,13.192,0.2370000000000001,20125,2023-01-05 20:00:00+00:00,2023-01-05 21:00:00+00:00,13.641,13.781,10,3.0126582278481018,0.3827791986359748,0.6708860759493698,20122,2023-01-05 17:00:00+00:00,13.167,13.195,13.048,13.088,13.048,13.195,0.6202531645569628,241572,2023-01-06 02:00:00+00:00,2023,300.0,13.373,13.397,13.186,13.233,0.061224489795920586,13.781
2023-01-10 13:00:00+00:00__L20233__H20234,20238,2023-01-10 13:00:00+00:00,20238,2023-01-10 13:00:00+00:00,2023-01-10 14:00:00+00:00,2023,15.819,20233,20235,16.352,20234,20236,15.805,0.08850116947974664,0,15.94,0.3229999999999986,20242,2023-01-10 17:00:00+00:00,2023-01-10 18:00:00+00:00,16.354,16.388,4,1.6996904024767858,0.6142433234421316,0.00619195046439288,20241,2023-01-10 16:00:00+00:00,16.232,16.233,16.02,16.101,16.02,16.233,0.6594427244582102,242941,2023-01-10 20:05:00+00:00,2023,125.0,16.305,16.314,16.23,16.31,0.014084507042253992,16.464
2023-01-11 17:00:00+00:00__L20257__H20258,20266,2023-01-11 17:00:00+00:00,20268,2023-01-11 19:00:00+00:00,2023-01-11 20:00:00+00:00,2023,15.945,20257,20259,16.128,20258,20260,15.27,4.233301975540926,2,15.999,0.20699999999999985,20271,2023-01-11 22:00:00+00:00,2023-01-11 23:00:00+00:00,16.189,16.298,3,4.439613526570054,0.4797979797979797,0.29468599033816417,20270,2023-01-11 21:00:00+00:00,15.957,15.999,15.807,15.896,15.807,15.999,0.9275362318840594,243396,2023-01-12 10:00:00+00:00,2023,660.0,16.103,16.106,15.957,16.002,0.21874999999999883,17.0
2023-01-11 18:00:00+00:00__L20253__H20258,20267,2023-01-11 18:00:00+00:00,20268,2023-01-11 19:00:00+00:00,2023-01-11 20:00:00+00:00,2023,15.813,20253,20255,16.128,20258,20260,15.541,1.7201037121355862,1,15.999,0.20699999999999985,20271,2023-01-11 22:00:00+00:00,2023-01-11 23:00:00+00:00,16.189,16.298,3,3.1304347826086962,0.4797979797979797,0.29468599033816417,20270,2023-01-11 21:00:00+00:00,15.957,15.999,15.807,15.896,15.807,15.999,0.9275362318840594,243396,2023-01-12 10:00:00+00:00,2023,660.0,16.103,16.106,15.957,16.002,0.21874999999999883,17.0
2023-01-23 13:00:00+00:00__L20545__H20547,20550,2023-01-23 13:00:00+00:00,20550,2023-01-23 13:00:00+00:00,2023-01-23 14:00:00+00:00,2023,24.142,20545,20547,24.836,20547,20549,23.9,1.0024024521580683,0,24.143,0.37049999999999983,20563,2023-01-24 02:00:00+00:00,2023-01-24 03:00:00+00:00,24.864,25.3,13,2.6018893387314512,0.3122563880467734,0.07557354925776588,20561,2023-01-24 00:00:00+00:00,24.346,24.449,24.056,24.266,24.056,24.449,1.0607287449392735,246840,2023-01-24 09:00:00+00:00,2023,360.0,24.81,24.817,24.388,24.629,0.15521628498727694,25.3
2023-02-01 16:00:00+00:00__L20762__H20766,20769,2023-02-01 16:00:00+00:00,20771,2023-02-01 18:00:00+00:00,2023-02-01 19:00:00+00:00,2023,23.145,20762,20764,23.679,20766,20768,22.45,3.0028083819399454,2,23.183,0.31900000000000084,20772,2023-02-01 19:00:00+00:00,2023-02-01 20:00:00+00:00,24.216,24.45,1,5.536050156739803,1.0,1.6833855799373079,20770,2023-02-01 17:00:00+00:00,22.838,22.914,22.45,22.655,22.45,22.914,1.4545454545454575,250541,2023-02-06 05:25:00+00:00,2023,6325.0,23.129,23.13,22.82,22.991,0.20258620689655335,26.173
2023-02-01 17:00:00+00:00__L20750__H20766,20770,2023-02-01 17:00:00+00:00,20772,2023-02-01 19:00:00+00:00,2023-02-01 20:00:00+00:00,2023,23.575,20750,20752,23.679,20766,20768,22.45,4.7720042417815485,2,24.216,0.31900000000000084,20773,2023-02-01 20:00:00+00:00,2023-02-01 21:00:00+00:00,24.574,24.949,1,6.658307210031338,1.0,2.8056426332288424,20770,2023-02-01 17:00:00+00:00,22.838,22.914,22.45,22.655,22.45,22.914,1.4545454545454575,250541,2023-02-06 05:25:00+00:00,2023,6265.0,23.129,23.13,22.82,22.991,0.20258620689655335,26.173
2023-02-06 23:00:00+00:00__L20888__H20892,20896,2023-02-06 23:00:00+00:00,20898,2023-02-07 01:00:00+00:00,2023-02-07 02:00:00+00:00,2023,22.801,20888,20890,23.466,20892,20894,22.471,1.4473049427656608,2,22.947,0.22300000000000075,20914,2023-02-07 17:00:00+00:00,2023-02-07 18:00:00+00:00,23.665,23.7,16,5.354260089686076,0.40610859728506854,0.8923766816143381,20913,2023-02-07 16:00:00+00:00,23.01,23.124,22.855,22.995,22.855,23.124,1.2062780269058182,250985,2023-02-07 18:25:00+00:00,2023,25.0,23.166,23.175,22.739,22.8,1.0,23.85
2023-02-07 00:00:00+00:00__L20878__H20892,20897,2023-02-07 00:00:00+00:00,20898,2023-02-07 01:00:00+00:00,2023-02-07 02:00:00+00:00,2023,22.82,20878,20880,23.466,20892,20894,22.526,1.2883435582822107,1,22.947,0.25,20914,2023-02-07 17:00:00+00:00,2023-02-07 18:00:00+00:00,23.665,23.7,16,4.555999999999997,0.40610859728506854,0.7959999999999923,20913,2023-02-07 16:00:00+00:00,23.01,23.124,22.855,22.995,22.855,23.124,1.0759999999999934,250985,2023-02-07 18:25:00+00:00,2023,25.0,23.166,23.175,22.739,22.8,1.0,23.85
2023-02-07 15:00:00+00:00__L20905__H20908,20912,2023-02-07 15:00:00+00:00,20914,2023-02-07 17:00:00+00:00,2023-02-07 18:00:00+00:00,2023,23.08,20905,20907,23.448,20908,20910,22.742,1.464471403812814,2,23.665,0.20800000000000018,20917,2023-02-07 20:00:00+00:00,2023-02-07 21:00:00+00:00,23.528,23.583,3,3.77884615384614,-0.10628394103956637,0.3846153846153761,20915,2023-02-07 18:00:00+00:00,23.665,23.85,22.55,22.952,22.55,23.85,6.249999999999998,251016,2023-02-07 21:00:00+00:00,2023,0.0,23.527,23.615,23.519,23.596,0.25461538461538685,23.583
2023-02-15 03:00:00+00:00__L21087__H21089,21092,2023-02-15 03:00:00+00:00,21092,2023-02-15 03:00:00+00:00,2023-02-15 04:00:00+00:00,2023,21.522,21087,21089,21.924,21089,21091,21.493,0.13474584146454752,0,21.599,0.2685000000000013,21100,2023-02-15 11:00:00+00:00,2023-02-15 12:00:00+00:00,22.097,22.215,8,2.2495344506517685,0.6029055690072623,0.6443202979515865,21096,2023-02-15 07:00:00+00:00,21.584,21.654,21.462,21.517,21.462,21.654,0.7150837988826787,256181,2023-02-25 19:25:00+00:00,2023,14845.0,21.923,21.976,21.603,21.726,0.26562499999999134,27.15
2023-02-19 01:00:00+00:00__L21181__H21183,21186,2023-02-19 01:00:00+00:00,21186,2023-02-19 01:00:00+00:00,2023-02-19 02:00:00+00:00,2023,23.268,21181,21183,23.69,21183,21185,23.207,0.26216262678356517,0,23.291,0.21950000000000003,21190,2023-02-19 05:00:00+00:00,2023-02-19 06:00:00+00:00,23.975,24.03,4,3.4988610478359936,0.8361858190709045,1.2984054669703877,21188,2023-02-19 03:00:00+00:00,23.377,23.415,23.259,23.309,23.259,23.415,0.7107061503416802,255167,2023-02-22 06:55:00+00:00,2023,4375.0,23.83,23.869,23.409,23.545,0.03846153846154021,27.15
2023-03-14 08:00:00+00:00__L21738__H21742,21745,2023-03-14 08:00:00+00:00,21747,2023-03-14 10:00:00+00:00,2023-03-14 11:00:00+00:00,2023,20.146,21738,21740,20.678,21742,21744,19.758,1.9259406333763611,2,20.18,0.2984999999999971,21749,2023-03-14 12:00:00+00:00,2023-03-14 13:00:00+00:00,21.408,21.691,2,5.527638190954835,0.9082840236686376,2.445561139028501,21748,2023-03-14 11:00:00+00:00,20.18,20.229,19.973,20.118,19.973,20.229,0.8576214405360225,261268,2023-03-15 11:20:00+00:00,2023,1340.0,20.285,20.326,20.224,20.289,0.019531249999996097,22.152
2023-03-17 14:00:00+00:00__L21817__H21820,21823,2023-03-17 14:00:00+00:00,21823,2023-03-17 14:00:00+00:00,2023-03-17 15:00:00+00:00,2023,19.912,21817,21819,20.72,21820,21822,19.8,0.5624748895138526,0,19.998,0.28699999999999903,21831,2023-03-17 22:00:00+00:00,2023-03-17 23:00:00+00:00,21.197,21.461,8,4.867595818815342,0.7780661907852048,1.6620209059233517,21829,2023-03-17 20:00:00+00:00,20.524,20.7,20.303,20.391,20.303,20.7,1.383275261324041,263931,2023-03-24 17:15:00+00:00,2023,9735.0,20.849,20.916,20.6,20.655,0.2518891687657387,23.91
2023-03-18 23:00:00+00:00__L21849__H21853,21856,2023-03-18 23:00:00+00:00,21857,2023-03-19 00:00:00+00:00,2023-03-19 01:00:00+00:00,2023,21.23,21849,21851,22.191,21853,21855,21.054,0.8290155440414599,1,21.486,0.39149999999999885,21873,2023-03-19 16:00:00+00:00,2023-03-19 17:00:00+00:00,22.265,22.439,16,3.0932311621966937,0.3648711943793908,0.18901660280971094,21869,2023-03-19 12:00:00+00:00,21.701,21.895,21.581,21.609,21.581,21.895,0.8020434227330804,262531,2023-03-19 20:35:00+00:00,2023,215.0,22.173,22.181,21.76,21.844,0.42993630573247765,22.439
2023-03-21 08:00:00+00:00__L21905__H21910,21913,2023-03-21 08:00:00+00:00,21914,2023-03-21 09:00:00+00:00,2023-03-21 10:00:00+00:00,2023,21.996,21905,21907,22.637,21910,21912,21.516,2.182214948172397,1,22.082,0.5654999999999983,21917,2023-03-21 12:00:00+00:00,2023-03-21 13:00:00+00:00,22.865,23.0,3,2.3854995579133584,1.0,0.4031830238726767,21913,2023-03-21 08:00:00+00:00,21.92,22.032,21.516,21.663,21.516,22.032,0.9124668435013321,263155,2023-03-22 00:35:00+00:00,2023,695.0,22.126,22.166,22.006,22.127,0.05038759689922424,23.333
2023-03-22 01:00:00+00:00__L21923__H21927,21930,2023-03-22 01:00:00+00:00,21930,2023-03-22 01:00:00+00:00,2023-03-22 02:00:00+00:00,2023,22.107,21923,21925,22.667,21927,21929,22.03,0.3483059664359623,0,22.193,0.41199999999999903,21943,2023-03-22 14:00:00+00:00,2023-03-22 15:00:00+00:00,22.705,22.949,13,1.6383495145631037,0.3731778425655945,0.09223300970873008,21941,2023-03-22 12:00:00+00:00,22.473,22.649,22.402,22.453,22.402,22.649,0.5995145631067973,263337,2023-03-22 15:45:00+00:00,2023,45.0,22.798,22.799,22.534,22.573,0.46558704453442123,23.094
2023-04-08 01:00:00+00:00__L22333__H22335,22338,2023-04-08 01:00:00+00:00,22339,2023-04-08 02:00:00+00:00,2023-04-08 03:00:00+00:00,2023,20.324,22333,22335,20.522,22335,22337,20.272,0.25585514662469566,1,20.386,0.13149999999999906,22342,2023-04-08 05:00:00+00:00,2023-04-08 06:00:00+00:00,20.68,20.702,3,3.1026615969582068,0.9187499999999905,1.2015209125475466,22341,2023-04-08 04:00:00+00:00,20.472,20.519,20.427,20.459,20.427,20.519,0.6996197718631133,268177,2023-04-08 11:05:00+00:00,2023,305.0,20.524,20.526,20.519,20.524,0.0,20.726
2023-04-13 22:00:00+00:00__L22473__H22476,22479,2023-04-13 22:00:00+00:00,22479,2023-04-13 22:00:00+00:00,2023-04-13 23:00:00+00:00,2023,24.374,22473,22475,24.894,22476,22478,24.35,0.09846557807498711,0,24.397,0.28749999999999964,22482,2023-04-14 01:00:00+00:00,2023-04-14 02:00:00+00:00,25.023,25.336,3,2.340869565217388,1.0,0.44869565217391827,22479,2023-04-13 22:00:00+00:00,24.546,24.679,24.35,24.397,24.35,24.679,1.1443478260869477,269805,2023-04-14 02:45:00+00:00,2023,45.0,24.793,24.809,24.623,24.743,0.17021276595744037,25.336
2023-04-23 01:00:00+00:00__L22691__H22695,22698,2023-04-23 01:00:00+00:00,22699,2023-04-23 02:00:00+00:00,2023-04-23 03:00:00+00:00,2023,21.608,22691,22693,21.99,22695,22697,21.524,0.38874490929285277,1,21.633,0.17900000000000027,22704,2023-04-23 07:00:00+00:00,2023-04-23 08:00:00+00:00,22.069,22.145,5,3.044692737430153,0.7956204379562016,0.44134078212290784,22703,2023-04-23 06:00:00+00:00,21.944,21.986,21.862,21.889,21.862,21.986,0.6927374301676097,272461,2023-04-23 08:05:00+00:00,2023,5.0,22.032,22.078,21.981,22.074,0.04032258064515251,22.145
2023-04-25 03:00:00+00:00__L22738__H22745,22748,2023-04-25 03:00:00+00:00,22749,2023-04-25 04:00:00+00:00,2023-04-25 05:00:00+00:00,2023,20.974,22738,22740,21.457,22745,22747,20.8,0.8295985505864378,1,21.061,0.23300000000000054,22765,2023-04-25 20:00:00+00:00,2023-04-25 21:00:00+00:00,21.478,21.528,16,2.9098712446351898,0.28156650911546466,0.09012875536481008,22763,2023-04-25 18:00:00+00:00,21.197,21.282,21.092,21.113,21.092,21.282,0.8154506437768276,273465,2023-04-26 19:45:00+00:00,2023,1365.0,21.441,21.443,20.687,21.044,1.0,22.977
2023-04-25 04:00:00+00:00__L22715__H22745,22749,2023-04-25 04:00:00+00:00,22749,2023-04-25 04:00:00+00:00,2023-04-25 05:00:00+00:00,2023,20.9,22715,22717,21.457,22745,22747,20.847,0.25358851674639843,0,21.061,0.23300000000000054,22765,2023-04-25 20:00:00+00:00,2023-04-25 21:00:00+00:00,21.478,21.528,16,2.708154506437763,0.28156650911546466,0.09012875536481008,22763,2023-04-25 18:00:00+00:00,21.197,21.282,21.092,21.113,21.092,21.282,0.8154506437768276,273465,2023-04-26 19:45:00+00:00,2023,1365.0,21.441,21.443,20.687,21.044,1.0,22.977
2023-04-28 13:00:00+00:00__L22820__H22827,22830,2023-04-28 13:00:00+00:00,22830,2023-04-28 13:00:00+00:00,2023-04-28 14:00:00+00:00,2023,22.182,22820,22822,22.866,22827,22829,22.15,0.14426111261383118,0,22.365,0.2829999999999977,22833,2023-04-28 16:00:00+00:00,2023-04-28 17:00:00+00:00,23.004,23.057,3,3.0176678445230025,0.7671068427370998,0.48763250883393217,22831,2023-04-28 14:00:00+00:00,22.367,22.548,22.2,22.268,22.2,22.548,1.2296819787985929,274687,2023-05-01 01:35:00+00:00,2023,3395.0,22.759,22.775,21.74,22.259,1.0,24.0
2023-04-29 06:00:00+00:00__L22838__H22844,22847,2023-04-29 06:00:00+00:00,22847,2023-04-29 06:00:00+00:00,2023-04-29 07:00:00+00:00,2023,23.114,22838,22840,23.421,22844,22846,23.11,0.017305529116558516,0,23.164,0.2699999999999996,22853,2023-04-29 12:00:00+00:00,2023-04-29 13:00:00+00:00,23.559,23.901,6,1.6629629629629716,0.8077709611452039,0.5111111111111182,22852,2023-04-29 11:00:00+00:00,23.281,23.325,23.164,23.28,23.164,23.325,0.5962962962962891,274278,2023-04-29 15:30:00+00:00,2023,150.0,23.505,23.512,23.234,23.351,0.5652173913043401,23.901
2023-05-09 06:00:00+00:00__L23081__H23082,23087,2023-05-09 06:00:00+00:00,23088,2023-05-09 07:00:00+00:00,2023-05-09 08:00:00+00:00,2023,20.5,23081,23083,20.789,23082,23084,20.403,0.4731707317073235,1,20.672,0.1949999999999985,23092,2023-05-09 11:00:00+00:00,2023-05-09 12:00:00+00:00,20.797,20.805,4,2.0205128205128458,0.37091988130563436,0.04102564102563682,23089,2023-05-09 08:00:00+00:00,20.673,20.692,20.53,20.566,20.53,20.692,0.8307692307692321,277142,2023-05-09 14:10:00+00:00,2023,130.0,20.703,20.737,20.665,20.707,0.16666666666667398,20.981
2023-05-14 00:00:00+00:00__L23192__H23195,23201,2023-05-14 00:00:00+00:00,23203,2023-05-14 02:00:00+00:00,2023-05-14 03:00:00+00:00,2023,20.759,23192,23194,21.13,23195,23197,20.611,0.7129437834192384,2,20.851,0.15499999999999936,23216,2023-05-14 15:00:00+00:00,2023-05-14 16:00:00+00:00,21.171,21.29,13,3.612903225806458,0.4597701149425305,0.2645161290322615,23215,2023-05-14 14:00:00+00:00,21.121,21.141,21.025,21.114,21.025,21.141,0.7483870967741945,278605,2023-05-14 16:05:00+00:00,2023,5.0,21.152,21.177,21.139,21.177,0.01724137931033532,21.29
2023-05-14 02:00:00+00:00__L23183__H23195,23203,2023-05-14 02:00:00+00:00,23205,2023-05-14 04:00:00+00:00,2023-05-14 05:00:00+00:00,2023,20.977,23183,23185,21.13,23195,23197,20.691,1.3633980073413803,2,21.04,0.15499999999999936,23216,2023-05-14 15:00:00+00:00,2023-05-14 16:00:00+00:00,21.171,21.29,11,3.0967741935484026,0.25838264299802916,0.2645161290322615,23215,2023-05-14 14:00:00+00:00,21.121,21.141,21.025,21.114,21.025,21.141,0.7483870967741945,278605,2023-05-14 16:05:00+00:00,2023,5.0,21.152,21.177,21.139,21.177,0.01724137931033532,21.29
2023-05-16 19:00:00+00:00__L23263__H23265,23268,2023-05-16 19:00:00+00:00,23270,2023-05-16 21:00:00+00:00,2023-05-16 22:00:00+00:00,2023,20.629,23263,23265,20.82,23265,23267,20.427,0.9792040331572142,2,20.705,0.14800000000000146,23274,2023-05-17 01:00:00+00:00,2023-05-17 02:00:00+00:00,21.011,21.07,4,3.9459459459459043,0.6860986547085309,1.2905405405405206,23271,2023-05-16 22:00:00+00:00,20.705,20.72,20.609,20.635,20.609,20.72,0.749999999999973,279347,2023-05-17 05:55:00+00:00,2023,235.0,20.752,20.757,20.71,20.721,0.09009009009007451,21.07
2023-05-22 23:00:00+00:00__L23408__H23411,23416,2023-05-22 23:00:00+00:00,23418,2023-05-23 01:00:00+00:00,2023-05-23 02:00:00+00:00,2023,19.561,23408,23410,19.758,23411,23413,19.402,0.8128418792495216,2,19.78,0.11700000000000088,23419,2023-05-23 02:00:00+00:00,2023-05-23 03:00:00+00:00,19.877,19.884,1,4.059829059829011,1.0,1.0170940170940075,23417,2023-05-23 00:00:00+00:00,19.514,19.645,19.402,19.445,19.402,19.645,2.0769230769230487,281332,2023-05-24 03:20:00+00:00,2023,1460.0,19.837,19.841,19.637,19.703,0.032921810699585045,20.17
2023-06-03 20:00:00+00:00__L23696__H23697,23701,2023-06-03 20:00:00+00:00,23703,2023-06-03 22:00:00+00:00,2023-06-03 23:00:00+00:00,2023,21.08,23696,23698,21.34,23697,23699,20.95,0.6166982922201092,2,21.128,0.10049999999999848,23711,2023-06-04 06:00:00+00:00,2023-06-04 07:00:00+00:00,21.669,21.84,8,7.154228855721513,0.7127799736495424,3.273631840796076,23708,2023-06-04 03:00:00+00:00,21.269,21.308,21.238,21.254,21.238,21.308,0.6965174129353368,284928,2023-06-05 15:00:00+00:00,2023,1920.0,21.495,21.5,21.161,21.293,1.0,22.297
2023-06-03 21:00:00+00:00__L23686__H23697,23702,2023-06-03 21:00:00+00:00,23702,2023-06-03 21:00:00+00:00,2023-06-03 22:00:00+00:00,2023,21.024,23686,23688,21.34,23697,23699,20.95,0.3519786910197946,0,21.039,0.09699999999999953,23711,2023-06-04 06:00:00+00:00,2023-06-04 07:00:00+00:00,21.669,21.84,9,7.412371134020667,0.7429245283018896,3.3917525773196107,23708,2023-06-04 03:00:00+00:00,21.269,21.308,21.238,21.254,21.238,21.308,0.7216494845360889,284928,2023-06-05 15:00:00+00:00,2023,1920.0,21.495,21.5,21.161,21.293,1.0,22.297
2023-06-03 22:00:00+00:00__L23682__H23697,23703,2023-06-03 22:00:00+00:00,23703,2023-06-03 22:00:00+00:00,2023-06-03 23:00:00+00:00,2023,21.067,23682,23684,21.34,23697,23699,21.028,0.18512365310676165,0,21.128,0.09699999999999953,23711,2023-06-04 06:00:00+00:00,2023-06-04 07:00:00+00:00,21.669,21.84,8,6.608247422680463,0.7127799736495424,3.3917525773196107,23708,2023-06-04 03:00:00+00:00,21.269,21.308,21.238,21.254,21.238,21.308,0.7216494845360889,284928,2023-06-05 15:00:00+00:00,2023,1920.0,21.495,21.5,21.161,21.293,1.0,22.297
2023-06-06 13:00:00+00:00__L23759__H23763,23766,2023-06-06 13:00:00+00:00,23767,2023-06-06 14:00:00+00:00,2023-06-06 15:00:00+00:00,2023,19.901,23759,23761,20.112,23763,23765,19.229,3.3767147379528697,1,19.938,0.14400000000000013,23770,2023-06-06 17:00:00+00:00,2023-06-06 18:00:00+00:00,20.16,20.33,3,6.465277777777779,0.9736842105263149,0.3333333333333457,23768,2023-06-06 15:00:00+00:00,19.937,20.006,19.774,19.935,19.774,20.006,1.611111111111105,285366,2023-06-07 03:30:00+00:00,2023,570.0,20.129,20.129,20.002,20.01,0.017241379310350635,20.698
2023-06-08 04:00:00+00:00__L23798__H23802,23805,2023-06-08 04:00:00+00:00,23805,2023-06-08 04:00:00+00:00,2023-06-08 05:00:00+00:00,2023,18.499,23798,23800,18.87,23802,23804,18.436,0.3405589491323793,0,18.605,0.26399999999999935,23815,2023-06-08 14:00:00+00:00,2023-06-08 15:00:00+00:00,18.937,18.98,10,1.897727272727282,0.40193704600484326,0.25378787878788006,23814,2023-06-08 13:00:00+00:00,18.843,18.899,18.72,18.796,18.72,18.899,0.6780303030303124,285792,2023-06-08 15:00:00+00:00,2023,0.0,18.937,18.958,18.866,18.869,0.18435754189944623,18.98
2023-06-11 14:00:00+00:00__L23882__H23883,23887,2023-06-11 14:00:00+00:00,23889,2023-06-11 16:00:00+00:00,2023-06-11 17:00:00+00:00,2023,15.28,23882,23884,15.704,23883,23885,15.101,1.1714659685863775,2,15.404,0.2789999999999999,23892,2023-06-11 19:00:00+00:00,2023-06-11 20:00:00+00:00,15.977,16.18,3,3.139784946236558,1.0,0.9784946236559131,23888,2023-06-11 15:00:00+00:00,15.22,15.35,15.172,15.211,15.172,15.35,0.6379928315412154,286748,2023-06-11 22:40:00+00:00,2023,160.0,15.553,15.584,15.348,15.409,0.011235955056173608,16.18
2023-06-11 15:00:00+00:00__L23877__H23883,23888,2023-06-11 15:00:00+00:00,23889,2023-06-11 16:00:00+00:00,2023-06-11 17:00:00+00:00,2023,15.249,23877,23879,15.704,23883,23885,15.125,0.8131680765951901,1,15.404,0.2789999999999999,23892,2023-06-11 19:00:00+00:00,2023-06-11 20:00:00+00:00,15.977,16.18,3,3.0537634408602172,1.0,0.9784946236559131,23888,2023-06-11 15:00:00+00:00,15.22,15.35,15.172,15.211,15.172,15.35,0.6379928315412154,286748,2023-06-11 22:40:00+00:00,2023,160.0,15.553,15.584,15.348,15.409,0.011235955056173608,16.18
2023-06-15 17:00:00+00:00__L23981__H23983,23986,2023-06-15 17:00:00+00:00,23986,2023-06-15 17:00:00+00:00,2023-06-15 18:00:00+00:00,2023,14.346,23981,23983,14.807,23983,23985,14.161,1.2895580649658476,0,14.463,0.2135000000000007,23990,2023-06-15 21:00:00+00:00,2023-06-15 22:00:00+00:00,14.851,15.069,4,3.2318501170960143,1.0,0.20608899297424046,23986,2023-06-15 17:00:00+00:00,14.466,14.486,14.161,14.463,14.161,14.486,1.522248243559719,288093,2023-06-16 14:45:00+00:00,2023,1005.0,14.579,14.582,14.315,14.517,0.526153846153848,15.069
2023-06-23 13:00:00+00:00__L24163__H24167,24174,2023-06-23 13:00:00+00:00,24176,2023-06-23 15:00:00+00:00,2023-06-23 16:00:00+00:00,2023,16.504,24163,24165,16.858,24167,24169,16.129,2.2721764420746484,2,16.961,0.15200000000000102,24177,2023-06-23 16:00:00+00:00,2023-06-23 17:00:00+00:00,17.019,17.29,1,5.855263157894678,1.0,1.0592105263157678,24174,2023-06-23 13:00:00+00:00,16.397,16.448,16.129,16.263,16.129,16.448,2.0986842105262955,290406,2023-06-24 15:30:00+00:00,2023,1350.0,16.931,16.934,16.4,16.692,0.15047021943574282,17.535
2023-06-27 15:00:00+00:00__L24263__H24267,24272,2023-06-27 15:00:00+00:00,24272,2023-06-27 15:00:00+00:00,2023-06-27 16:00:00+00:00,2023,16.34,24263,24265,16.77,24267,24269,16.321,0.11627906976743177,0,16.392,0.1739999999999995,24278,2023-06-27 21:00:00+00:00,2023-06-27 22:00:00+00:00,16.906,16.938,6,3.3620689655172358,0.8831615120274946,0.7816091954022968,24277,2023-06-27 20:00:00+00:00,16.716,16.756,16.626,16.702,16.626,16.756,0.7471264367816057,291356,2023-06-27 22:40:00+00:00,2023,40.0,16.776,16.786,16.732,16.753,0.18461538461539304,16.938
2023-07-06 14:00:00+00:00__L24478__H24483,24487,2023-07-06 14:00:00+00:00,24488,2023-07-06 15:00:00+00:00,2023-07-06 16:00:00+00:00,2023,19.328,24478,24480,20.35,24483,24485,18.803,2.7162665562913837,1,19.689,0.2789999999999999,24491,2023-07-06 18:00:00+00:00,2023-07-06 19:00:00+00:00,20.754,20.907,3,6.992831541218642,0.9048428207306699,1.4480286738351256,24489,2023-07-06 16:00:00+00:00,19.689,19.878,19.488,19.633,19.488,19.878,1.397849462365594,293959,2023-07-06 23:35:00+00:00,2023,275.0,19.944,19.99,19.84,19.95,0.09743589743589795,20.98
2023-07-10 09:00:00+00:00__L24569__H24572,24578,2023-07-10 09:00:00+00:00,24580,2023-07-10 11:00:00+00:00,2023-07-10 12:00:00+00:00,2023,20.763,24569,24571,21.362,24572,24574,20.494,1.295573857342397,2,20.781,0.25400000000000134,24588,2023-07-10 19:00:00+00:00,2023-07-10 20:00:00+00:00,21.568,21.619,8,4.228346456692898,0.6134060795011722,0.8110236220472519,24586,2023-07-10 17:00:00+00:00,21.06,21.207,21.0,21.013,21.0,21.207,0.8149606299212585,295092,2023-07-10 22:00:00+00:00,2023,120.0,21.392,21.493,21.205,21.244,0.009661835748804044,21.788
2023-07-16 03:00:00+00:00__L24711__H24713,24716,2023-07-16 03:00:00+00:00,24717,2023-07-16 04:00:00+00:00,2023-07-16 05:00:00+00:00,2023,27.205,24711,24713,27.944,24713,24715,26.895,1.139496416099977,1,27.374,0.554000000000002,24722,2023-07-16 09:00:00+00:00,2023-07-16 10:00:00+00:00,27.998,28.184,5,1.9909747292418727,0.8478260869565201,0.09747292418772896,24720,2023-07-16 07:00:00+00:00,27.754,27.805,27.614,27.698,27.614,27.805,0.34476534296028566,296683,2023-07-16 10:35:00+00:00,2023,35.0,27.9,27.938,27.748,27.842,0.2984293193717221,28.341
2023-07-23 13:00:00+00:00__L24888__H24890,24894,2023-07-23 13:00:00+00:00,24896,2023-07-23 15:00:00+00:00,2023-07-23 16:00:00+00:00,2023,24.614,24888,24890,24.844,24890,24892,24.513,0.41033558137644877,2,24.674,0.19849999999999923,24897,2023-07-23 16:00:00+00:00,2023-07-23 17:00:00+00:00,24.975,25.049,1,2.3274559193954736,1.0,0.6599496221662505,24894,2023-07-23 13:00:00+00:00,24.613,24.625,24.513,24.596,24.513,24.625,0.5642317380352582,298832,2023-07-23 21:40:00+00:00,2023,280.0,24.665,24.689,24.567,24.634,0.5178571428571491,25.249
2023-07-25 13:00:00+00:00__L24936__H24938,24942,2023-07-25 13:00:00+00:00,24942,2023-07-25 13:00:00+00:00,2023-07-25 14:00:00+00:00,2023,22.944,24936,24938,23.39,24938,24940,22.7,1.0634588563458847,0,23.333,0.21749999999999936,24954,2023-07-26 01:00:00+00:00,2023-07-26 02:00:00+00:00,23.405,23.496,12,3.2413793103448456,0.06260869565217636,0.06896551724138213,24953,2023-07-26 00:00:00+00:00,23.264,23.334,23.158,23.258,23.158,23.334,0.8091954022988455,299462,2023-07-26 02:10:00+00:00,2023,10.0,23.379,23.389,23.319,23.335,0.08522727272727675,23.496
2023-08-03 23:00:00+00:00__L25161__H25165,25168,2023-08-03 23:00:00+00:00,25169,2023-08-04 00:00:00+00:00,2023-08-04 01:00:00+00:00,2023,22.685,25161,25163,23.1,25165,25167,22.502,0.8067004628609206,1,22.713,0.21550000000000047,25181,2023-08-04 12:00:00+00:00,2023-08-04 13:00:00+00:00,23.123,23.22,12,2.8816705336426955,0.391221374045805,0.10672853828306096,25179,2023-08-04 10:00:00+00:00,22.944,22.978,22.846,22.859,22.846,22.978,0.612529002320191,302252,2023-08-04 18:40:00+00:00,2023,340.0,23.046,23.049,22.912,23.005,0.5000000000000134,23.55
2023-08-05 17:00:00+00:00__L25194__H25207,25210,2023-08-05 17:00:00+00:00,25210,2023-08-05 17:00:00+00:00,2023-08-05 18:00:00+00:00,2023,22.46,25194,25196,22.8,25207,25209,22.386,0.32947462154942836,0,22.56,0.16199999999999903,25219,2023-08-06 02:00:00+00:00,2023-08-06 03:00:00+00:00,22.824,22.9,9,2.7037037037037344,0.44897959183673347,0.14814814814815463,25218,2023-08-06 01:00:00+00:00,22.696,22.718,22.64,22.647,22.64,22.718,0.4814814814814807,303060,2023-08-07 14:00:00+00:00,2023,2100.0,22.817,22.828,22.711,22.8,0.08974358974360902,23.671
2023-08-14 01:00:00+00:00__L25401__H25404,25410,2023-08-14 01:00:00+00:00,25412,2023-08-14 03:00:00+00:00,2023-08-14 04:00:00+00:00,2023,24.368,25401,25403,24.686,25404,25406,24.044,1.3296126066973,2,24.384,0.14599999999999902,25424,2023-08-14 15:00:00+00:00,2023-08-14 16:00:00+00:00,24.803,24.88,12,5.198630136986338,0.546284224250327,0.80136986301371,25422,2023-08-14 13:00:00+00:00,24.495,24.497,24.307,24.436,24.307,24.497,1.301369863013716,305425,2023-08-15 19:05:00+00:00,2023,1625.0,24.564,24.564,23.477,24.017,1.0,25.5
2023-08-14 13:00:00+00:00__L25416__H25418,25422,2023-08-14 13:00:00+00:00,25422,2023-08-14 13:00:00+00:00,2023-08-14 14:00:00+00:00,2023,24.364,25416,25418,24.58,25418,25420,24.307,0.2339517320637094,0,24.436,0.1324999999999985,25423,2023-08-14 14:00:00+00:00,2023-08-14 15:00:00+00:00,24.624,24.704,1,2.3924528301887076,1.0,0.3320754716981206,25422,2023-08-14 13:00:00+00:00,24.495,24.497,24.307,24.436,24.307,24.497,1.4339622641509693,305425,2023-08-15 19:05:00+00:00,2023,1685.0,24.564,24.564,23.477,24.017,1.0,25.5
2023-08-23 13:00:00+00:00__L25630__H25634,25638,2023-08-23 13:00:00+00:00,25638,2023-08-23 13:00:00+00:00,2023-08-23 14:00:00+00:00,2023,20.472,25630,25632,20.924,25634,25636,20.283,0.9232121922626029,0,20.756,0.1844999999999981,25641,2023-08-23 16:00:00+00:00,2023-08-23 17:00:00+00:00,21.217,21.35,3,5.062330623306272,0.9664570230608001,1.5880758807588198,25639,2023-08-23 14:00:00+00:00,20.757,20.873,20.618,20.748,20.618,20.873,1.3821138211382393,307999,2023-08-24 17:35:00+00:00,2023,1475.0,20.935,20.958,20.668,20.899,0.8039215686274501,21.999
2023-09-05 03:00:00+00:00__L25934__H25937,25940,2023-09-05 03:00:00+00:00,25940,2023-09-05 03:00:00+00:00,2023-09-05 04:00:00+00:00,2023,19.138,25934,25936,19.555,25937,25939,19.018,0.6270247674783206,0,19.211,0.15700000000000003,25949,2023-09-05 12:00:00+00:00,2023-09-05 13:00:00+00:00,19.675,19.723,9,4.184713375796178,0.7891156462585106,0.764331210191089,25945,2023-09-05 08:00:00+00:00,19.395,19.458,19.244,19.366,19.244,19.458,1.3630573248407554,311700,2023-09-06 14:00:00+00:00,2023,1500.0,19.585,19.585,19.417,19.455,0.1915887850467153,20.6
2023-09-05 04:00:00+00:00__L25928__H25937,25941,2023-09-05 04:00:00+00:00,25941,2023-09-05 04:00:00+00:00,2023-09-05 05:00:00+00:00,2023,19.214,25928,25930,19.555,25937,25939,19.201,0.06765899864681027,0,19.275,0.1634999999999991,25949,2023-09-05 12:00:00+00:00,2023-09-05 13:00:00+00:00,19.675,19.723,8,2.8990825688073567,0.7633587786259621,0.7339449541284505,25945,2023-09-05 08:00:00+00:00,19.395,19.458,19.244,19.366,19.244,19.458,1.3088685015290509,311700,2023-09-06 14:00:00+00:00,2023,1500.0,19.585,19.585,19.417,19.455,0.1915887850467153,20.6
2023-09-17 20:00:00+00:00__L26226__H26235,26245,2023-09-17 20:00:00+00:00,26246,2023-09-17 21:00:00+00:00,2023-09-17 22:00:00+00:00,2023,18.712,26226,26228,19.095,26235,26237,18.6,0.5985463873450103,1,18.784,0.10249999999999915,26251,2023-09-18 02:00:00+00:00,2023-09-18 03:00:00+00:00,19.096,19.253,5,4.83902439024393,0.5148514851485244,0.009756097560987614,26249,2023-09-18 00:00:00+00:00,18.799,18.828,18.56,18.652,18.56,18.828,2.614634146341492,317548,2023-09-26 21:20:00+00:00,2023,12620.0,19.127,19.127,18.812,18.971,0.05970149253730671,20.547
2023-09-20 05:00:00+00:00__L26297__H26299,26302,2023-09-20 05:00:00+00:00,26304,2023-09-20 07:00:00+00:00,2023-09-20 08:00:00+00:00,2023,19.885,26297,26299,20.238,26299,26301,19.776,0.5481518732713189,2,19.944,0.18799999999999883,26311,2023-09-20 14:00:00+00:00,2023-09-20 15:00:00+00:00,20.243,20.38,7,2.484042553191498,0.3686806411837232,0.026595744680845936,26309,2023-09-20 12:00:00+00:00,20.048,20.119,19.873,19.968,19.873,20.119,1.3085106382978733,315760,2023-09-20 16:20:00+00:00,2023,80.0,20.155,20.174,20.119,20.16,0.0,20.38
2023-09-20 06:00:00+00:00__L26292__H26299,26303,2023-09-20 06:00:00+00:00,26303,2023-09-20 06:00:00+00:00,2023-09-20 07:00:00+00:00,2023,19.814,26292,26294,20.238,26299,26301,19.776,0.19178358736247228,0,19.861,0.17999999999999972,26311,2023-09-20 14:00:00+00:00,2023-09-20 15:00:00+00:00,20.243,20.38,8,2.5944444444444414,0.42729306487695595,0.027777777777772295,26309,2023-09-20 12:00:00+00:00,20.048,20.119,19.873,19.968,19.873,20.119,1.3666666666666614,315760,2023-09-20 16:20:00+00:00,2023,80.0,20.155,20.174,20.119,20.16,0.0,20.38
2023-09-25 01:00:00+00:00__L26413__H26415,26418,2023-09-25 01:00:00+00:00,26419,2023-09-25 02:00:00+00:00,2023-09-25 03:00:00+00:00,2023,19.337,26413,26415,19.52,26415,26417,19.32,0.08791436106944955,1,19.488,0.09699999999999953,26428,2023-09-25 11:00:00+00:00,2023-09-25 12:00:00+00:00,19.531,19.575,9,2.1752577319587583,0.12684365781710746,0.11340206185566273,26426,2023-09-25 09:00:00+00:00,19.442,19.481,19.401,19.416,19.401,19.481,0.8247422680412602,317151,2023-09-25 12:15:00+00:00,2023,15.0,19.504,19.525,19.472,19.501,0.11250000000000167,19.596
2023-09-29 11:00:00+00:00__L26519__H26520,26524,2023-09-29 11:00:00+00:00,26524,2023-09-29 11:00:00+00:00,2023-09-29 12:00:00+00:00,2023,20.042,26519,26521,20.35,26520,26522,20.026,0.07983235206068151,0,20.071,0.17549999999999955,26537,2023-09-30 00:00:00+00:00,2023-09-30 01:00:00+00:00,20.372,20.439,13,1.971509971509977,0.31650893796004376,0.12535612535611693,26534,2023-09-29 21:00:00+00:00,20.248,20.292,20.195,20.201,20.195,20.292,0.5527065527065615,318459,2023-09-30 01:15:00+00:00,2023,15.0,20.303,20.33,20.279,20.325,0.13402061855671651,20.439
2023-10-01 02:00:00+00:00__L26558__H26560,26563,2023-10-01 02:00:00+00:00,26565,2023-10-01 04:00:00+00:00,2023-10-01 05:00:00+00:00,2023,21.22,26558,26560,21.44,26560,26562,21.118,0.4806786050895397,2,21.252,0.14450000000000074,26569,2023-10-01 08:00:00+00:00,2023-10-01 09:00:00+00:00,21.483,21.576,4,2.5259515570934266,1.0,0.2975778546712736,26564,2023-10-01 03:00:00+00:00,21.21,21.227,21.118,21.194,21.118,21.227,0.7543252595155793,322019,2023-10-12 09:55:00+00:00,2023,15895.0,21.354,21.378,21.08,21.259,1.0,24.83
2023-10-01 03:00:00+00:00__L26555__H26560,26564,2023-10-01 03:00:00+00:00,26565,2023-10-01 04:00:00+00:00,2023-10-01 05:00:00+00:00,2023,21.244,26555,26557,21.44,26560,26562,21.118,0.5931086424402242,1,21.252,0.1695000000000011,26569,2023-10-01 08:00:00+00:00,2023-10-01 09:00:00+00:00,21.483,21.576,4,2.1533923303834785,1.0,0.2536873156342123,26564,2023-10-01 03:00:00+00:00,21.21,21.227,21.118,21.194,21.118,21.227,0.6430678466076759,322019,2023-10-12 09:55:00+00:00,2023,15895.0,21.354,21.378,21.08,21.259,1.0,24.83
2023-10-06 13:00:00+00:00__L26686__H26691,26694,2023-10-06 13:00:00+00:00,26695,2023-10-06 14:00:00+00:00,2023-10-06 15:00:00+00:00,2023,22.932,26686,26688,23.562,26691,26693,22.72,0.9244723530437806,1,23.05,0.23249999999999993,26698,2023-10-06 17:00:00+00:00,2023-10-06 18:00:00+00:00,23.648,23.749,3,3.9913978494623703,0.7531486146095734,0.36989247311827333,26697,2023-10-06 16:00:00+00:00,23.487,23.68,23.315,23.389,23.315,23.68,1.5698924731182733,320388,2023-10-06 18:00:00+00:00,2023,0.0,23.649,23.708,23.606,23.611,0.20273972602739285,23.749
2023-10-13 03:00:00+00:00__L26846__H26849,26852,2023-10-13 03:00:00+00:00,26852,2023-10-13 03:00:00+00:00,2023-10-13 04:00:00+00:00,2023,21.115,26846,26848,21.465,26849,26851,21.11,0.02367984844896522,0,21.12,0.18299999999999983,26861,2023-10-13 12:00:00+00:00,2023-10-13 13:00:00+00:00,21.566,21.599,9,2.4918032786885242,0.7483221476510077,0.5519125683060064,26858,2023-10-13 09:00:00+00:00,21.346,21.401,21.29,21.302,21.29,21.401,0.6065573770491844,322366,2023-10-13 14:50:00+00:00,2023,110.0,21.431,21.431,21.359,21.389,0.37837837837835847,21.6
2023-10-15 15:00:00+00:00__L26905__H26906,26912,2023-10-15 15:00:00+00:00,26914,2023-10-15 17:00:00+00:00,2023-10-15 18:00:00+00:00,2023,21.875,26905,26907,22.01,26906,26908,21.64,1.0742857142857116,2,21.895,0.09550000000000125,26917,2023-10-15 20:00:00+00:00,2023-10-15 21:00:00+00:00,22.068,22.094,3,4.481675392670107,0.8606965174129118,0.6073298429319275,26916,2023-10-15 19:00:00+00:00,21.915,21.976,21.854,21.9,21.854,21.976,1.2774869109947464,323018,2023-10-15 21:10:00+00:00,2023,10.0,21.983,21.988,21.916,21.923,0.4918032786885146,22.094
2023-10-15 16:00:00+00:00__L26901__H26906,26913,2023-10-15 16:00:00+00:00,26914,2023-10-15 17:00:00+00:00,2023-10-15 18:00:00+00:00,2023,21.854,26901,26903,22.01,26906,26908,21.69,0.7504347030291842,1,21.895,0.10200000000000209,26917,2023-10-15 20:00:00+00:00,2023-10-15 21:00:00+00:00,22.068,22.094,3,3.7058823529411016,0.8606965174129118,0.5686274509803788,26916,2023-10-15 19:00:00+00:00,21.915,21.976,21.854,21.9,21.854,21.976,1.1960784313725235,323018,2023-10-15 21:10:00+00:00,2023,10.0,21.983,21.988,21.916,21.923,0.4918032786885146,22.094
2023-10-17 06:00:00+00:00__L26945__H26946,26951,2023-10-17 06:00:00+00:00,26951,2023-10-17 06:00:00+00:00,2023-10-17 07:00:00+00:00,2023,23.756,26945,26947,24.337,26946,26948,23.73,0.10944603468597323,0,23.902,0.3459999999999983,26953,2023-10-17 08:00:00+00:00,2023-10-17 09:00:00+00:00,24.413,24.566,2,1.9739884393063676,1.0,0.219653179190754,26951,2023-10-17 06:00:00+00:00,23.919,23.957,23.73,23.902,23.73,23.957,0.6560693641618538,323491,2023-10-17 12:35:00+00:00,2023,215.0,24.006,24.046,23.927,23.976,0.13215859030837487,24.566
2023-10-23 15:00:00+00:00__L27098__H27101,27104,2023-10-23 15:00:00+00:00,27105,2023-10-23 16:00:00+00:00,2023-10-23 17:00:00+00:00,2023,29.31,27098,27100,29.864,27101,27103,28.775,1.8253155919481412,1,29.57,0.5764999999999993,27108,2023-10-23 19:00:00+00:00,2023-10-23 20:00:00+00:00,29.891,29.997,3,1.935819601040765,0.40175219023779496,0.046834345186465745,27106,2023-10-23 17:00:00+00:00,29.565,29.655,28.925,29.331,28.925,29.655,1.266261925411971,325609,2023-10-24 21:05:00+00:00,2023,1505.0,29.885,29.947,29.54,29.55,0.1575342465753451,32.929
2023-10-26 18:00:00+00:00__L27172__H27174,27179,2023-10-26 18:00:00+00:00,27181,2023-10-26 20:00:00+00:00,2023-10-26 21:00:00+00:00,2023,31.567,27172,27174,32.393,27174,27176,31.161,1.2861532613171947,2,32.4,0.5984999999999996,27183,2023-10-26 22:00:00+00:00,2023-10-26 23:00:00+00:00,32.827,32.899,2,2.7836257309941486,0.5955369595537023,0.7251461988304057,27182,2023-10-26 21:00:00+00:00,32.399,32.622,32.151,32.255,32.151,32.622,0.7869674185463607,326221,2023-10-27 00:05:00+00:00,2023,65.0,32.661,32.687,32.527,32.554,0.2016985138004237,33.25
2023-11-05 21:00:00+00:00__L27414__H27418,27422,2023-11-05 21:00:00+00:00,27422,2023-11-05 21:00:00+00:00,2023-11-05 22:00:00+00:00,2023,40.44,27414,27416,41.636,27418,27420,40.0,1.0880316518298658,0,40.443,0.509999999999998,27427,2023-11-06 02:00:00+00:00,2023-11-06 03:00:00+00:00,41.751,41.871,5,3.433333333333342,0.6950053134962813,0.22549019607842222,27426,2023-11-06 01:00:00+00:00,41.512,41.795,41.058,41.222,41.058,41.795,1.4450980392156956,329136,2023-11-06 03:00:00+00:00,2023,0.0,41.749,41.801,41.571,41.585,0.30393487109905454,41.871
2023-11-05 22:00:00+00:00__L27409__H27418,27423,2023-11-05 22:00:00+00:00,27424,2023-11-05 23:00:00+00:00,2023-11-06 00:00:00+00:00,2023,41.103,27409,27411,41.636,27418,27420,40.418,1.6665450210446981,1,41.167,0.5320000000000036,27427,2023-11-06 02:00:00+00:00,2023-11-06 03:00:00+00:00,41.751,41.871,3,2.505639097744341,0.5043177892918818,0.2161654135338235,27426,2023-11-06 01:00:00+00:00,41.512,41.795,41.058,41.222,41.058,41.795,1.3853383458646558,329136,2023-11-06 03:00:00+00:00,2023,0.0,41.749,41.801,41.571,41.585,0.30393487109905454,41.871
2023-11-27 20:00:00+00:00__L27945__H27946,27949,2023-11-27 20:00:00+00:00,27949,2023-11-27 20:00:00+00:00,2023-11-27 21:00:00+00:00,2023,53.857,27945,27947,55.137,27946,27948,53.668,0.3509293128098484,0,54.029,0.7970000000000041,27953,2023-11-28 00:00:00+00:00,2023-11-28 01:00:00+00:00,55.197,55.396,4,1.9184441656210733,1.0,0.07528230865746796,27949,2023-11-27 20:00:00+00:00,54.124,54.456,53.668,54.029,53.668,54.456,0.9887076537013798,335496,2023-11-28 05:00:00+00:00,2023,240.0,54.662,54.767,54.374,54.452,0.1040609137055842,55.396
2023-12-01 00:00:00+00:00__L28018__H28021,28025,2023-12-01 00:00:00+00:00,28026,2023-12-01 01:00:00+00:00,2023-12-01 02:00:00+00:00,2023,58.902,28018,28020,60.163,28021,28023,58.585,0.5381820651251233,1,60.252,0.6120000000000019,28027,2023-12-01 02:00:00+00:00,2023-12-01 03:00:00+00:00,60.771,61.066,1,3.5718954248365904,1.0,0.9934640522875854,28025,2023-12-01 00:00:00+00:00,59.309,59.404,58.585,58.896,58.585,59.404,1.3382352941176472,337298,2023-12-04 11:10:00+00:00,2023,4810.0,62.529,62.676,59.0,61.002,0.4932844932844959,65.622
2023-12-01 23:00:00+00:00__L28040__H28041,28048,2023-12-01 23:00:00+00:00,28049,2023-12-02 00:00:00+00:00,2023-12-02 01:00:00+00:00,2023,59.756,28040,28042,61.116,28041,28043,59.587,0.2828167882723023,1,60.169,0.5824999999999996,28053,2023-12-02 04:00:00+00:00,2023-12-02 05:00:00+00:00,61.314,61.368,4,2.9648068669527863,1.0,0.3399141630901297,28048,2023-12-01 23:00:00+00:00,60.102,60.2,59.587,59.75,59.587,60.2,1.0523605150214592,337298,2023-12-04 11:10:00+00:00,2023,3250.0,62.529,62.676,59.0,61.002,1.0,65.622
2023-12-06 23:00:00+00:00__L28160__H28165,28168,2023-12-06 23:00:00+00:00,28169,2023-12-07 00:00:00+00:00,2023-12-07 01:00:00+00:00,2023,62.401,28160,28162,64.666,28165,28167,61.456,1.5143988077114152,1,63.097,1.0344999999999978,28184,2023-12-07 15:00:00+00:00,2023-12-07 16:00:00+00:00,65.917,66.311,15,4.312228129531182,0.46063377981051895,1.2092798453359184,28182,2023-12-07 13:00:00+00:00,64.404,64.717,63.65,64.05,63.65,64.717,1.0314161430642848,338264,2023-12-07 19:40:00+00:00,2023,220.0,64.915,64.95,64.526,64.59,0.17900656044986174,67.735
2023-12-07 00:00:00+00:00__L28156__H28165,28169,2023-12-07 00:00:00+00:00,28169,2023-12-07 00:00:00+00:00,2023-12-07 01:00:00+00:00,2023,61.849,28156,28158,64.666,28165,28167,61.657,0.310433475076396,0,63.097,1.0344999999999978,28184,2023-12-07 15:00:00+00:00,2023-12-07 16:00:00+00:00,65.917,66.311,15,4.1179313678105505,0.46063377981051895,1.2092798453359184,28182,2023-12-07 13:00:00+00:00,64.404,64.717,63.65,64.05,63.65,64.717,1.0314161430642848,338264,2023-12-07 19:40:00+00:00,2023,220.0,64.915,64.95,64.526,64.59,0.17900656044986174,67.735
2023-12-07 09:00:00+00:00__L28172__H28173,28178,2023-12-07 09:00:00+00:00,28178,2023-12-07 09:00:00+00:00,2023-12-07 10:00:00+00:00,2023,62.332,28172,28174,63.8,28173,28175,61.696,1.0203426811268734,0,63.239,0.9044999999999987,28180,2023-12-07 11:00:00+00:00,2023-12-07 12:00:00+00:00,64.289,64.41,2,2.8667772249861883,0.8076923076923084,0.5406301824212327,28179,2023-12-07 10:00:00+00:00,63.238,63.848,62.5,63.114,62.5,63.848,1.490326147042566,338172,2023-12-07 12:00:00+00:00,2023,0.0,64.288,64.467,63.677,63.905,0.12685459940652782,64.41
2023-12-10 09:00:00+00:00__L28240__H28245,28250,2023-12-10 09:00:00+00:00,28251,2023-12-10 10:00:00+00:00,2023-12-10 11:00:00+00:00,2023,71.472,28240,28242,73.699,28245,28247,70.728,1.040967092008059,1,71.87,1.1240000000000023,28256,2023-12-10 15:00:00+00:00,2023-12-10 16:00:00+00:00,73.767,74.695,5,2.703736654804266,0.7172022684309959,0.06049822064056735,28252,2023-12-10 11:00:00+00:00,71.871,72.077,71.478,71.496,71.478,72.077,0.5329181494661944,339204,2023-12-11 02:00:00+00:00,2023,600.0,73.012,73.012,72.0,72.384,0.12854757929882754,75.024
2023-12-11 14:00:00+00:00__L28273__H28276,28279,2023-12-11 14:00:00+00:00,28280,2023-12-11 15:00:00+00:00,2023-12-11 16:00:00+00:00,2023,67.805,28273,28275,70.014,28276,28278,66.936,1.2816163999705033,1,69.272,1.3085000000000022,28281,2023-12-11 16:00:00+00:00,2023-12-11 17:00:00+00:00,70.373,70.96,1,2.626671761559031,1.0,0.27435995414597497,28279,2023-12-11 14:00:00+00:00,67.973,68.495,66.936,67.367,66.936,68.495,1.1914405808177262,339401,2023-12-11 18:25:00+00:00,2023,85.0,68.851,69.179,68.019,68.492,0.30532392559332894,70.96
2023-12-17 13:00:00+00:00__L28417__H28418,28422,2023-12-17 13:00:00+00:00,28422,2023-12-17 13:00:00+00:00,2023-12-17 14:00:00+00:00,2023,71.755,28417,28419,73.35,28418,28420,71.5,0.35537593199079576,0,71.852,1.018499999999996,28425,2023-12-17 16:00:00+00:00,2023-12-17 17:00:00+00:00,73.966,74.047,3,2.421207658321064,1.0,0.604810996563576,28422,2023-12-17 13:00:00+00:00,72.943,73.082,71.5,71.852,71.5,73.082,1.5532646048109964,341178,2023-12-17 22:30:00+00:00,2023,330.0,73.306,73.306,72.481,72.492,0.3798988621997481,75.149
2023-12-31 03:00:00+00:00__L28730__H28745,28748,2023-12-31 03:00:00+00:00,28748,2023-12-31 03:00:00+00:00,2023-12-31 04:00:00+00:00,2023,100.698,28730,28732,103.1,28745,28747,99.635,1.0556316907982166,0,100.743,1.3419999999999987,28752,2023-12-31 07:00:00+00:00,2023-12-31 08:00:00+00:00,104.069,105.0,4,3.304023845007453,0.7277899343544862,0.7220566318927043,28750,2023-12-31 05:00:00+00:00,101.982,102.576,101.27,101.366,101.27,102.576,0.9731743666169885,345126,2023-12-31 15:30:00+00:00,2023,450.0,102.994,102.994,102.168,102.514,0.3124042879019815,105.338
2024-01-01 00:00:00+00:00__L28760__H28766,28769,2024-01-01 00:00:00+00:00,28770,2024-01-01 01:00:00+00:00,2024-01-01 02:00:00+00:00,2024,102.168,28760,28762,105.2,28766,28768,101.6,0.5559470675749862,1,104.222,1.4044999999999987,28782,2024-01-01 13:00:00+00:00,2024-01-01 14:00:00+00:00,105.4,105.9,12,2.7055891776433,0.19142021449463917,0.14239943040228054,28774,2024-01-01 05:00:00+00:00,102.714,102.892,101.53,101.734,101.53,102.892,0.969740121039513,345947,2024-01-03 11:55:00+00:00,2024,2755.0,103.963,104.105,102.194,103.499,0.5124816446402319,117.1
2024-01-04 08:00:00+00:00__L28842__H28844,28849,2024-01-04 08:00:00+00:00,28849,2024-01-04 08:00:00+00:00,2024-01-04 09:00:00+00:00,2024,97.566,28842,28844,102.0,28844,28846,97.109,0.4684008773548243,0,98.074,2.526999999999994,28855,2024-01-04 14:00:00+00:00,2024-01-04 15:00:00+00:00,102.32,102.357,6,2.062129006727349,0.9262652705061094,0.12663237039968103,28851,2024-01-04 10:00:00+00:00,98.498,99.051,96.588,98.328,96.588,99.051,0.9746735259200688,346401,2024-01-05 01:45:00+00:00,2024,645.0,103.493,103.493,98.139,100.97,0.37028014616321686,108.3
2024-01-08 04:00:00+00:00__L28936__H28938,28941,2024-01-08 04:00:00+00:00,28941,2024-01-08 04:00:00+00:00,2024-01-08 05:00:00+00:00,2024,87.5,28936,28938,90.863,28938,28940,86.912,0.671999999999993,0,89.057,1.7665000000000006,28948,2024-01-08 11:00:00+00:00,2024-01-08 12:00:00+00:00,92.191,92.199,7,2.988395131616187,0.6375101708706251,0.7517690348146066,28946,2024-01-08 09:00:00+00:00,90.038,90.575,88.646,89.271,88.646,90.575,1.0919898103594687,348661,2024-01-12 22:05:00+00:00,2024,6365.0,91.685,91.718,89.578,90.864,0.5168481078278895,108.0
2024-01-11 07:00:00+00:00__L29011__H29013,29016,2024-01-11 07:00:00+00:00,29016,2024-01-11 07:00:00+00:00,2024-01-11 08:00:00+00:00,2024,99.2,29011,29013,101.77,29013,29015,99.049,0.1522177419354801,0,99.745,2.216000000000001,29019,2024-01-11 10:00:00+00:00,2024-01-11 11:00:00+00:00,103.921,104.037,3,2.198555956678699,0.9617687701520045,0.9706678700361053,29018,2024-01-11 09:00:00+00:00,100.607,101.25,100.259,100.524,100.259,101.25,0.4472021660649816,348296,2024-01-11 15:40:00+00:00,2024,280.0,102.23,102.624,100.613,101.593,0.6427850655903135,107.341
2024-01-15 14:00:00+00:00__L29114__H29115,29119,2024-01-15 14:00:00+00:00,29121,2024-01-15 16:00:00+00:00,2024-01-15 17:00:00+00:00,2024,94.427,29114,29116,95.99,29115,29117,93.0,1.511220307750968,2,94.465,1.2564999999999955,29124,2024-01-15 19:00:00+00:00,2024-01-15 20:00:00+00:00,96.031,96.454,3,2.412256267409484,1.0,0.03263032232392453,29120,2024-01-15 15:00:00+00:00,93.647,94.492,93.0,93.522,93.0,94.492,1.1874253879824987,349526,2024-01-15 22:10:00+00:00,2024,130.0,94.554,94.707,94.0,94.127,0.3297587131367312,96.544
2024-01-16 14:00:00+00:00__L29135__H29137,29143,2024-01-16 14:00:00+00:00,29143,2024-01-16 14:00:00+00:00,2024-01-16 15:00:00+00:00,2024,95.319,29135,29137,98.31,29137,29139,94.187,1.1875911413254492,0,96.075,1.062499999999993,29150,2024-01-16 21:00:00+00:00,2024-01-16 22:00:00+00:00,98.392,98.637,7,3.957647058823554,0.6610556348074196,0.07717647058822982,29147,2024-01-16 18:00:00+00:00,97.035,97.149,96.105,96.665,96.105,97.149,0.9825882352941213,349930,2024-01-17 07:50:00+00:00,2024,590.0,97.565,97.68,97.134,97.204,0.014367816091954609,101.182
2024-01-17 07:00:00+00:00__L29153__H29155,29160,2024-01-17 07:00:00+00:00,29160,2024-01-17 07:00:00+00:00,2024-01-17 08:00:00+00:00,2024,97.342,29153,29155,101.182,29155,29157,97.096,0.25271722380883394,0,97.366,1.231499999999997,29163,2024-01-17 10:00:00+00:00,2024-01-17 11:00:00+00:00,101.93,102.229,3,3.9252943564758547,1.0,0.6073893625659817,29160,2024-01-17 07:00:00+00:00,98.472,98.864,97.096,97.366,97.096,98.864,1.4356475842468575,350029,2024-01-17 16:05:00+00:00,2024,305.0,99.185,99.42,98.786,99.242,0.044117647058825184,102.864
2024-01-20 15:00:00+00:00__L29225__H29235,29240,2024-01-20 15:00:00+00:00,29242,2024-01-20 17:00:00+00:00,2024-01-20 18:00:00+00:00,2024,92.054,29225,29227,92.388,29235,29237,90.176,2.040106893779738,2,92.109,0.892000000000003,29245,2024-01-20 20:00:00+00:00,2024-01-20 21:00:00+00:00,92.774,93.158,3,2.9125560538116484,0.7463524130190822,0.4327354260089623,29244,2024-01-20 19:00:00+00:00,92.136,92.5,91.761,92.029,91.761,92.5,0.828475336322872,350982,2024-01-20 23:30:00+00:00,2024,150.0,92.598,92.623,92.454,92.48,0.06224627875508283,93.48
2024-01-27 07:00:00+00:00__L29391__H29394,29400,2024-01-27 07:00:00+00:00,29402,2024-01-27 09:00:00+00:00,2024-01-27 10:00:00+00:00,2024,91.645,29391,29393,93.8,29394,29396,90.636,1.1009875061378147,2,91.863,1.0675000000000026,29416,2024-01-27 23:00:00+00:00,2024-01-28 00:00:00+00:00,94.238,94.48,14,3.374238875878216,0.7323465926611173,0.4103044496487132,29409,2024-01-27 16:00:00+00:00,92.783,93.393,92.144,92.352,92.144,93.393,1.1700234192037398,353013,2024-01-28 00:45:00+00:00,2024,45.0,93.604,93.604,93.155,93.511,0.19055244195356322,94.48
2024-01-29 14:00:00+00:00__L29449__H29452,29455,2024-01-29 14:00:00+00:00,29456,2024-01-29 15:00:00+00:00,2024-01-29 16:00:00+00:00,2024,96.246,29449,29451,97.974,29452,29454,95.48,0.7958772312615497,1,99.87,1.2890000000000015,29457,2024-01-29 16:00:00+00:00,2024-01-29 17:00:00+00:00,101.035,101.7,1,4.3095422808378485,1.0,2.3747090768037156,29455,2024-01-29 14:00:00+00:00,96.233,97.0,95.48,96.034,95.48,97.0,1.1792086889061244,354124,2024-01-31 21:20:00+00:00,2024,3140.0,98.564,98.579,96.78,96.983,0.14473684210526278,106.5
2024-01-31 11:00:00+00:00__L29489__H29497,29500,2024-01-31 11:00:00+00:00,29500,2024-01-31 11:00:00+00:00,2024-01-31 12:00:00+00:00,2024,98.5,29489,29491,101.909,29497,29499,97.242,1.2771573604060869,0,99.103,1.2865000000000038,29506,2024-01-31 17:00:00+00:00,2024-01-31 18:00:00+00:00,102.587,102.719,6,4.1546832491255214,0.802395209580838,0.527011270890008,29505,2024-01-31 16:00:00+00:00,101.536,102.4,100.5,101.108,100.5,102.4,1.4768752429071124,354084,2024-01-31 18:00:00+00:00,2024,0.0,102.589,102.647,102.101,102.218,0.15736842105263457,102.719
2024-02-09 15:00:00+00:00__L29716__H29717,29720,2024-02-09 15:00:00+00:00,29720,2024-02-09 15:00:00+00:00,2024-02-09 16:00:00+00:00,2024,104.06,29716,29718,107.0,29717,29719,104.05,0.009609840476653003,0,105.62,1.0274999999999963,29726,2024-02-09 21:00:00+00:00,2024-02-09 22:00:00+00:00,108.908,109.0,6,4.727980535279826,0.5386631716906941,1.8569343065693509,29724,2024-02-09 19:00:00+00:00,105.726,105.933,104.819,104.963,104.819,105.933,1.0841849148418572,357355,2024-02-12 02:35:00+00:00,2024,3155.0,107.512,107.521,105.0,106.115,0.8375224416517085,110.839
2024-02-12 12:00:00+00:00__L29783__H29784,29789,2024-02-12 12:00:00+00:00,29791,2024-02-12 14:00:00+00:00,2024-02-12 15:00:00+00:00,2024,104.58,29783,29785,106.386,29784,29786,103.807,0.7391470644482655,2,106.645,1.0224999999999937,29792,2024-02-12 15:00:00+00:00,2024-02-12 16:00:00+00:00,108.834,108.994,1,4.91638141809294,1.0,2.3941320293398753,29790,2024-02-12 13:00:00+00:00,104.494,104.711,104.103,104.47,104.103,104.711,0.5946210268948732,359813,2024-02-20 15:25:00+00:00,2024,11485.0,107.11,107.18,102.625,104.962,1.0,118.837
2024-02-19 10:00:00+00:00__L29950__H29952,29955,2024-02-19 10:00:00+00:00,29955,2024-02-19 10:00:00+00:00,2024-02-19 11:00:00+00:00,2024,111.204,29950,29952,113.737,29952,29954,110.785,0.376785007733532,0,112.008,1.112000000000009,29960,2024-02-19 15:00:00+00:00,2024-02-19 16:00:00+00:00,113.78,115.022,5,2.6933453237409894,0.5455665024630552,0.038669064748206854,29957,2024-02-19 12:00:00+00:00,112.739,112.866,111.86,111.998,111.86,112.866,0.9046762589927987,359542,2024-02-19 16:50:00+00:00,2024,50.0,113.05,113.419,112.398,113.041,0.4652087475149139,115.022
2024-02-21 19:00:00+00:00__L30007__H30009,30012,2024-02-21 19:00:00+00:00,30012,2024-02-21 19:00:00+00:00,2024-02-21 20:00:00+00:00,2024,101.052,30007,30009,104.582,30009,30011,100.752,0.29687685548035797,0,102.102,1.5820000000000007,30014,2024-02-21 21:00:00+00:00,2024-02-21 22:00:00+00:00,104.653,104.7,2,2.4658659924146704,0.7487525682418563,0.04487989886220742,30013,2024-02-21 20:00:00+00:00,102.102,102.281,101.47,101.674,101.47,102.281,0.5126422250316098,360226,2024-02-22 01:50:00+00:00,2024,230.0,102.456,102.464,102.122,102.208,0.196054254007404,105.802
2024-02-24 01:00:00+00:00__L30057__H30061,30066,2024-02-24 01:00:00+00:00,30066,2024-02-24 01:00:00+00:00,2024-02-24 02:00:00+00:00,2024,98.674,30057,30059,101.849,30061,30063,98.5,0.17633824513043617,0,98.782,1.2639999999999958,30072,2024-02-24 07:00:00+00:00,2024-02-24 08:00:00+00:00,102.313,102.354,6,3.016613924050645,1.0,0.36708860759493683,30066,2024-02-24 01:00:00+00:00,100.629,100.629,98.5,98.782,98.5,100.629,1.6843354430379842,361498,2024-02-26 11:50:00+00:00,2024,3110.0,100.852,101.02,100.621,100.998,0.003757632691408999,105.2
2024-02-25 10:00:00+00:00__L30092__H30095,30099,2024-02-25 10:00:00+00:00,30099,2024-02-25 10:00:00+00:00,2024-02-25 11:00:00+00:00,2024,102.227,30092,30094,103.795,30095,30097,102.033,0.18977373883612217,0,102.525,0.741500000000002,30113,2024-02-26 00:00:00+00:00,2024-02-26 01:00:00+00:00,104.091,104.143,14,2.775455158462558,0.3147106109324727,0.3991908293998536,30112,2024-02-25 23:00:00+00:00,103.64,103.784,103.148,103.569,103.148,103.784,0.8577208361429645,361370,2024-02-26 01:10:00+00:00,2024,10.0,104.035,104.04,103.705,103.784,0.12421383647799765,104.34
2024-03-03 07:00:00+00:00__L30259__H30261,30264,2024-03-03 07:00:00+00:00,30266,2024-03-03 09:00:00+00:00,2024-03-03 10:00:00+00:00,2024,128.35,30259,30261,130.78,30261,30263,123.053,4.126996493961821,2,130.106,1.5740000000000052,30279,2024-03-03 22:00:00+00:00,2024-03-03 23:00:00+00:00,131.127,132.386,13,5.129606099110537,0.16620543708286173,0.22045743329098302,30277,2024-03-03 20:00:00+00:00,130.317,130.66,129.753,129.894,129.753,130.66,0.576238881829738,363360,2024-03-03 23:00:00+00:00,2024,0.0,131.124,131.3,130.566,130.769,0.1036383682469603,132.386
2024-03-03 08:00:00+00:00__L30255__H30261,30265,2024-03-03 08:00:00+00:00,30266,2024-03-03 09:00:00+00:00,2024-03-03 10:00:00+00:00,2024,128.333,30255,30257,130.78,30261,30263,125.2,2.441305042350756,1,130.106,1.7355000000000018,30279,2024-03-03 22:00:00+00:00,2024-03-03 23:00:00+00:00,131.127,132.386,13,3.4151541342552583,0.16620543708286173,0.19994237971766526,30277,2024-03-03 20:00:00+00:00,130.317,130.66,129.753,129.894,129.753,130.66,0.5226159608182136,363360,2024-03-03 23:00:00+00:00,2024,0.0,131.124,131.3,130.566,130.769,0.1036383682469603,132.386
2024-03-15 09:00:00+00:00__L30548__H30551,30554,2024-03-15 09:00:00+00:00,30554,2024-03-15 09:00:00+00:00,2024-03-15 10:00:00+00:00,2024,169.227,30548,30550,182.181,30551,30553,164.675,2.6898780927393338,0,173.182,6.202999999999989,30558,2024-03-15 13:00:00+00:00,2024-03-15 14:00:00+00:00,182.331,184.655,4,2.846364662260198,0.5873403094305708,0.024181847493144854,30555,2024-03-15 10:00:00+00:00,173.181,173.304,169.779,169.968,169.779,173.304,0.5682734160889912,367801,2024-03-19 09:05:00+00:00,2024,5465.0,176.769,177.011,171.841,173.629,0.4150354609929054,210.425
2024-03-20 06:00:00+00:00__L30663__H30668,30671,2024-03-20 06:00:00+00:00,30671,2024-03-20 06:00:00+00:00,2024-03-20 07:00:00+00:00,2024,166.18,30663,30665,177.131,30668,30670,165.393,0.4735828619569179,0,167.936,5.3929999999999865,30683,2024-03-20 18:00:00+00:00,2024-03-20 19:00:00+00:00,184.015,184.799,12,3.4529946226590083,0.39741466669962155,1.2764694974967556,30681,2024-03-20 16:00:00+00:00,170.672,172.499,165.55,168.033,165.55,172.499,1.2885221583534214,368699,2024-03-22 11:55:00+00:00,2024,2455.0,172.895,172.97,171.666,172.25,0.11987336307382362,195.933
2024-03-20 16:00:00+00:00__L30675__H30677,30681,2024-03-20 16:00:00+00:00,30682,2024-03-20 17:00:00+00:00,2024-03-20 18:00:00+00:00,2024,169.506,30675,30677,176.961,30677,30679,165.55,2.3338406900050668,1,172.222,4.9754999999999825,30683,2024-03-20 18:00:00+00:00,2024-03-20 19:00:00+00:00,184.015,184.799,1,3.711184805547189,1.0,1.4177469601045118,30681,2024-03-20 16:00:00+00:00,170.672,172.499,165.55,168.033,165.55,172.499,1.396643553411719,368699,2024-03-22 11:55:00+00:00,2024,2455.0,172.895,172.97,171.666,172.25,0.11987336307382362,195.933
2024-03-24 03:00:00+00:00__L30760__H30761,30764,2024-03-24 03:00:00+00:00,30765,2024-03-24 04:00:00+00:00,2024-03-24 05:00:00+00:00,2024,172.53,30760,30762,177.708,30761,30763,171.394,0.658436213991767,1,172.923,2.211999999999989,30781,2024-03-24 20:00:00+00:00,2024-03-24 21:00:00+00:00,179.074,179.8,16,3.471971066907796,0.3360284075389242,0.6175406871609497,30780,2024-03-24 19:00:00+00:00,176.528,176.999,176.034,176.237,176.034,176.999,0.43625678119349376,371886,2024-04-02 13:30:00+00:00,2024,12510.0,177.315,177.996,176.474,177.046,0.544041450777206,204.755
2024-03-24 17:00:00+00:00__L30772__H30775,30778,2024-03-24 17:00:00+00:00,30778,2024-03-24 17:00:00+00:00,2024-03-24 18:00:00+00:00,2024,173.713,30772,30774,177.5,30775,30777,172.519,0.6873406135407186,0,174.287,1.954499999999996,30781,2024-03-24 20:00:00+00:00,2024-03-24 21:00:00+00:00,179.074,179.8,3,3.353798925556419,0.8912679203127906,0.8053210539780075,30780,2024-03-24 19:00:00+00:00,176.528,176.999,176.034,176.237,176.034,176.999,0.4937324123816861,371886,2024-04-02 13:30:00+00:00,2024,12510.0,177.315,177.996,176.474,177.046,0.544041450777206,204.755
2024-03-29 07:00:00+00:00__L30874__H30880,30888,2024-03-29 07:00:00+00:00,30889,2024-03-29 08:00:00+00:00,2024-03-29 09:00:00+00:00,2024,184.65,30874,30876,191.18,30880,30882,183.547,0.5973463308962949,1,185.606,2.4025000000000034,30903,2024-03-29 22:00:00+00:00,2024-03-29 23:00:00+00:00,192.399,192.55,14,3.6844953173777277,0.3381452536213852,0.5073881373569167,30902,2024-03-29 21:00:00+00:00,189.848,190.032,187.5,188.668,187.5,190.032,1.0539021852237282,371617,2024-04-01 15:05:00+00:00,2024,3845.0,190.898,191.015,188.627,188.693,0.5548973143759854,204.755
2024-04-04 03:00:00+00:00__L31022__H31025,31028,2024-04-04 03:00:00+00:00,31030,2024-04-04 05:00:00+00:00,2024-04-04 06:00:00+00:00,2024,182.2,31022,31024,187.519,31025,31027,180.33,1.0263446761800088,2,182.877,2.8644999999999925,31038,2024-04-04 13:00:00+00:00,2024-04-04 14:00:00+00:00,188.307,189.692,8,2.784779193576539,0.9095477386934638,0.27509163902949363,31034,2024-04-04 09:00:00+00:00,185.68,186.116,184.936,185.41,184.936,186.116,0.4119392564147355,372526,2024-04-04 18:50:00+00:00,2024,290.0,187.3,187.35,186.016,186.107,0.08474576271188318,190.295
2024-04-08 03:00:00+00:00__L31119__H31120,31124,2024-04-08 03:00:00+00:00,31126,2024-04-08 05:00:00+00:00,2024-04-08 06:00:00+00:00,2024,176.958,31119,31121,180.245,31120,31122,175.401,0.8798697996134608,2,177.259,1.7109999999999985,31128,2024-04-08 07:00:00+00:00,2024-04-08 08:00:00+00:00,180.283,181.256,2,2.8533021624780717,0.8852459016393454,0.0222092343658577,31127,2024-04-08 06:00:00+00:00,177.259,177.635,176.374,177.063,176.374,177.635,0.7369959088252465,373784,2024-04-09 03:40:00+00:00,2024,1180.0,177.995,178.043,177.56,177.638,0.05947660586834964,184.799
2024-04-18 07:00:00+00:00__L31361__H31365,31368,2024-04-18 07:00:00+00:00,31369,2024-04-18 08:00:00+00:00,2024-04-18 09:00:00+00:00,2024,129.59,31361,31363,136.808,31365,31367,127.514,1.601975461069533,1,130.085,3.492500000000007,31375,2024-04-18 14:00:00+00:00,2024-04-18 15:00:00+00:00,138.793,139.799,6,3.229491768074442,0.638042203985932,0.5683607730851853,31373,2024-04-18 12:00:00+00:00,135.721,136.15,131.909,133.251,131.909,136.15,1.2143163922691498,376550,2024-04-18 18:10:00+00:00,2024,190.0,136.48,136.594,135.556,135.632,0.14006130629568314,141.481
2024-04-19 01:00:00+00:00__L31379__H31383,31386,2024-04-19 01:00:00+00:00,31388,2024-04-19 03:00:00+00:00,2024-04-19 04:00:00+00:00,2024,135.556,31379,31381,143.88,31383,31385,128.401,5.278261382749565,2,136.431,3.350500000000011,31391,2024-04-19 06:00:00+00:00,2024-04-19 07:00:00+00:00,144.958,146.3,3,4.941650499925364,0.9132483667130766,0.32174302342933875,31390,2024-04-19 05:00:00+00:00,139.302,140.769,136.89,138.897,136.89,140.769,1.1577376510968531,376896,2024-04-19 23:00:00+00:00,2024,960.0,143.575,143.787,140.554,141.215,0.05542665635473121,147.491
2024-04-19 02:00:00+00:00__L31374__H31383,31387,2024-04-19 02:00:00+00:00,31387,2024-04-19 02:00:00+00:00,2024-04-19 03:00:00+00:00,2024,131.87,31374,31376,143.88,31383,31385,128.401,2.6306210662015572,0,132.87,3.3930000000000007,31391,2024-04-19 06:00:00+00:00,2024-04-19 07:00:00+00:00,144.958,146.3,4,4.879752431476565,0.9371995658241586,0.3177129384025944,31390,2024-04-19 05:00:00+00:00,139.302,140.769,136.89,138.897,136.89,140.769,1.1432360742705625,376896,2024-04-19 23:00:00+00:00,2024,960.0,143.575,143.787,140.554,141.215,0.05542665635473121,147.491
2024-04-22 02:00:00+00:00__L31453__H31454,31459,2024-04-22 02:00:00+00:00,31460,2024-04-22 03:00:00+00:00,2024-04-22 04:00:00+00:00,2024,147.395,31453,31455,150.8,31454,31456,146.544,0.5773601546863862,1,150.27,1.9415000000000049,31461,2024-04-22 04:00:00+00:00,2024-04-22 05:00:00+00:00,150.818,151.683,1,2.2013906773113523,1.0,0.009271182075714982,31459,2024-04-22 02:00:00+00:00,147.977,148.479,146.544,147.356,146.544,148.479,0.9966520731393239,378288,2024-04-24 19:00:00+00:00,2024,3720.0,148.61,148.884,147.388,148.76,0.5638242894056883,159.987
2024-04-22 15:00:00+00:00__L31468__H31469,31472,2024-04-22 15:00:00+00:00,31472,2024-04-22 15:00:00+00:00,2024-04-22 16:00:00+00:00,2024,152.341,31468,31470,154.9,31469,31471,151.453,0.582902829835701,0,153.372,2.010000000000005,31478,2024-04-22 21:00:00+00:00,2024-04-22 22:00:00+00:00,155.464,155.688,6,1.9955223880596942,0.5549071618037121,0.2805970149253689,31475,2024-04-22 18:00:00+00:00,154.895,155.235,153.694,154.058,153.694,155.235,0.7666666666666773,377828,2024-04-23 04:40:00+00:00,2024,400.0,155.818,155.818,155.174,155.189,0.03958468526930957,159.222
2024-04-29 17:00:00+00:00__L31637__H31639,31642,2024-04-29 17:00:00+00:00,31642,2024-04-29 17:00:00+00:00,2024-04-29 18:00:00+00:00,2024,133.871,31637,31639,137.5,31639,31641,133.475,0.2958071576368407,0,135.0,2.048500000000004,31647,2024-04-29 22:00:00+00:00,2024-04-29 23:00:00+00:00,137.553,138.115,5,1.990724920673661,0.6802557953637005,0.02587258969977894,31646,2024-04-29 21:00:00+00:00,134.906,135.171,133.953,134.814,133.953,135.171,0.5945814010251339,379812,2024-04-30 02:00:00+00:00,2024,180.0,136.449,136.567,134.858,135.379,0.2569786535303702,139.721
2024-05-05 20:00:00+00:00__L31782__H31783,31789,2024-05-05 20:00:00+00:00,31789,2024-05-05 20:00:00+00:00,2024-05-05 21:00:00+00:00,2024,145.3,31782,31784,147.976,31783,31785,144.896,0.27804542326223314,0,145.378,1.2275000000000063,31798,2024-05-06 05:00:00+00:00,2024-05-06 06:00:00+00:00,148.66,148.933,9,3.066395112016286,0.5222788033099937,0.5572301425661865,31795,2024-05-06 02:00:00+00:00,146.77,147.503,145.943,145.987,145.943,147.503,1.2708757637474264,382098,2024-05-08 00:30:00+00:00,2024,2550.0,148.751,148.842,147.1,148.66,0.25833333333333225,159.194
2024-05-09 10:00:00+00:00__L31868__H31871,31875,2024-05-09 10:00:00+00:00,31877,2024-05-09 12:00:00+00:00,2024-05-09 13:00:00+00:00,2024,143.128,31868,31870,145.772,31871,31873,140.535,1.81166508300262,2,144.106,1.7494999999999976,31880,2024-05-09 15:00:00+00:00,2024-05-09 16:00:00+00:00,146.401,147.8,3,3.3529579879965827,0.4826498422712972,0.3595312946556273,31878,2024-05-09 13:00:00+00:00,144.108,144.682,141.55,142.876,141.55,144.682,1.7902257787939302,382937,2024-05-10 22:25:00+00:00,2024,1825.0,145.957,145.957,144.177,144.88,0.16123882503192824,155.7
2024-05-11 11:00:00+00:00__L31916__H31919,31924,2024-05-11 11:00:00+00:00,31924,2024-05-11 11:00:00+00:00,2024-05-11 12:00:00+00:00,2024,143.2,31916,31918,146.372,31919,31921,143.068,0.09217877094970432,0,144.197,1.757000000000005,31939,2024-05-12 02:00:00+00:00,2024-05-12 03:00:00+00:00,146.669,146.921,15,2.0495162208309554,0.4305120167189155,0.1690381331815573,31938,2024-05-12 01:00:00+00:00,145.577,146.249,145.415,145.566,145.415,146.249,0.47467273762094525,383281,2024-05-12 03:05:00+00:00,2024,5.0,146.396,146.61,146.234,146.507,0.017985611510774942,146.921
2024-05-14 03:00:00+00:00__L31979__H31985,31988,2024-05-14 03:00:00+00:00,31988,2024-05-14 03:00:00+00:00,2024-05-14 04:00:00+00:00,2024,145.738,31979,31981,148.265,31985,31987,145.595,0.09812128614362808,0,146.275,1.899499999999989,31990,2024-05-14 05:00:00+00:00,2024-05-14 06:00:00+00:00,148.583,149.036,2,1.5730455382995614,1.0,0.16741247696763037,31988,2024-05-14 03:00:00+00:00,146.582,146.861,145.595,146.275,145.595,146.861,0.6664911818899703,383893,2024-05-14 06:05:00+00:00,2024,5.0,147.964,148.25,146.69,146.869,0.1350710900473882,149.036
2024-05-15 00:00:00+00:00__L32001__H32004,32009,2024-05-15 00:00:00+00:00,32010,2024-05-15 01:00:00+00:00,2024-05-15 02:00:00+00:00,2024,141.762,32001,32003,144.706,32004,32006,141.1,0.46697986766552824,1,142.82,1.468500000000006,32018,2024-05-15 09:00:00+00:00,2024-05-15 10:00:00+00:00,144.994,146.051,8,2.65168539325842,0.5803523758675924,0.19611848825332637,32017,2024-05-15 08:00:00+00:00,144.197,144.601,143.465,144.141,143.465,144.601,0.7735784814436439,384228,2024-05-15 10:00:00+00:00,2024,0.0,144.994,145.6,144.54,144.574,0.05369718309859796,146.051
2024-05-20 14:00:00+00:00__L32139__H32140,32143,2024-05-20 14:00:00+00:00,32143,2024-05-20 14:00:00+00:00,2024-05-20 15:00:00+00:00,2024,176.219,32139,32141,178.889,32140,32142,175.2,0.5782577361124541,0,176.231,2.0060000000000144,32144,2024-05-20 15:00:00+00:00,2024-05-20 16:00:00+00:00,178.911,179.5,1,1.849950149551339,1.0,0.01096709870388395,32143,2024-05-20 14:00:00+00:00,177.052,177.282,175.2,176.231,175.2,177.282,1.0378863409770722,386014,2024-05-21 14:50:00+00:00,2024,1370.0,178.11,178.297,177.114,177.501,0.08069164265129904,188.955
2024-05-26 19:00:00+00:00__L32285__H32288,32292,2024-05-26 19:00:00+00:00,32294,2024-05-26 21:00:00+00:00,2024-05-26 22:00:00+00:00,2024,162.861,32285,32287,165.937,32288,32290,161.002,1.141464193391899,2,163.403,1.490000000000009,32307,2024-05-27 10:00:00+00:00,2024-05-27 11:00:00+00:00,166.488,166.531,13,3.6818791946308433,0.35084726486978457,0.3697986577181103,32303,2024-05-27 06:00:00+00:00,164.746,165.616,164.537,164.693,164.537,165.616,0.7241610738255041,387905,2024-05-28 04:25:00+00:00,2024,1045.0,166.001,166.352,165.564,165.843,0.04819277108435639,172.412
2024-06-14 01:00:00+00:00__L32726__H32727,32730,2024-06-14 01:00:00+00:00,32730,2024-06-14 01:00:00+00:00,2024-06-14 02:00:00+00:00,2024,146.0,32726,32728,148.35,32727,32729,145.743,0.1760273972602774,0,147.916,1.6885000000000048,32734,2024-06-14 05:00:00+00:00,2024-06-14 06:00:00+00:00,148.599,149.711,4,1.6914421083802111,0.23922942206654585,0.14746816701213772,32733,2024-06-14 04:00:00+00:00,147.454,148.008,147.004,147.004,147.004,148.008,0.5946106011252688,392820,2024-06-14 06:00:00+00:00,2024,0.0,148.599,148.775,147.9,147.965,0.10756972111553988,149.711
2024-06-16 04:00:00+00:00__L32773__H32776,32781,2024-06-16 04:00:00+00:00,32782,2024-06-16 05:00:00+00:00,2024-06-16 06:00:00+00:00,2024,143.778,32773,32775,145.633,32776,32778,143.02,0.5272016581117983,1,144.369,0.873500000000007,32790,2024-06-16 13:00:00+00:00,2024-06-16 14:00:00+00:00,145.759,145.971,8,3.1356611333714413,0.38935574229691566,0.1442472810532059,32788,2024-06-16 11:00:00+00:00,145.382,145.529,144.818,144.947,144.818,145.529,0.8139668002289394,393492,2024-06-16 14:00:00+00:00,2024,0.0,145.759,145.78,145.505,145.715,0.0337552742616054,145.971
2024-06-20 04:00:00+00:00__L32872__H32874,32877,2024-06-20 04:00:00+00:00,32878,2024-06-20 05:00:00+00:00,2024-06-20 06:00:00+00:00,2024,134.402,32872,32874,137.2,32874,32876,132.482,1.42855017038436,1,135.934,1.5584999999999951,32881,2024-06-20 08:00:00+00:00,2024-06-20 09:00:00+00:00,137.582,137.622,3,3.272377285851787,0.6442533229085298,0.24510747513635303,32879,2024-06-20 06:00:00+00:00,135.933,136.9,135.272,135.479,135.272,136.9,1.0445941610523064,394597,2024-06-20 10:05:00+00:00,2024,65.0,137.016,137.125,136.868,136.968,0.019656019656026046,137.973
2024-06-20 05:00:00+00:00__L32860__H32874,32878,2024-06-20 05:00:00+00:00,32880,2024-06-20 07:00:00+00:00,2024-06-20 08:00:00+00:00,2024,136.85,32860,32862,137.2,32874,32876,134.208,1.9305809280233805,2,137.141,1.5584999999999951,32881,2024-06-20 08:00:00+00:00,2024-06-20 09:00:00+00:00,137.582,137.622,1,2.1649021495027307,1.0,0.24510747513635303,32879,2024-06-20 06:00:00+00:00,135.933,136.9,135.272,135.479,135.272,136.9,1.0445941610523064,394597,2024-06-20 10:05:00+00:00,2024,65.0,137.016,137.125,136.868,136.968,0.019656019656026046,137.973
2024-06-21 13:00:00+00:00__L32905__H32907,32910,2024-06-21 13:00:00+00:00,32910,2024-06-21 13:00:00+00:00,2024-06-21 14:00:00+00:00,2024,129.522,32905,32907,132.772,32907,32909,129.31,0.16367875727674763,0,130.123,1.483000000000004,32911,2024-06-21 14:00:00+00:00,2024-06-21 15:00:00+00:00,132.871,133.451,1,2.4012137559002005,1.0,0.06675657451113802,32910,2024-06-21 13:00:00+00:00,131.194,131.215,129.31,130.123,129.31,131.215,1.2845583277140902,394951,2024-06-21 15:35:00+00:00,2024,35.0,131.568,131.591,130.442,130.863,0.40577427821522083,133.69
2024-06-27 06:00:00+00:00__L33043__H33044,33047,2024-06-27 06:00:00+00:00,33047,2024-06-27 06:00:00+00:00,2024-06-27 07:00:00+00:00,2024,135.582,33043,33045,137.916,33044,33046,135.179,0.2972370963697184,0,135.779,1.380500000000012,33050,2024-06-27 09:00:00+00:00,2024-06-27 10:00:00+00:00,138.28,138.432,3,2.2462875769648476,1.0,0.2636725823976828,33047,2024-06-27 06:00:00+00:00,136.141,136.296,135.179,135.779,135.179,136.296,0.8091271278522133,398526,2024-07-04 01:30:00+00:00,2024,9570.0,138.706,138.723,134.12,135.694,1.0,154.915
2024-07-20 13:00:00+00:00__L33590__H33602,33606,2024-07-20 13:00:00+00:00,33606,2024-07-20 13:00:00+00:00,2024-07-20 14:00:00+00:00,2024,167.856,33590,33592,169.787,33602,33604,167.187,0.398555905061471,0,168.14,1.468999999999994,33610,2024-07-20 17:00:00+00:00,2024-07-20 18:00:00+00:00,174.214,174.6,4,4.78352620830498,1.0,3.0136147038801977,33606,2024-07-20 13:00:00+00:00,168.33,168.659,167.187,168.14,167.187,168.659,1.002042205582019,404589,2024-07-25 02:45:00+00:00,2024,6285.0,169.221,170.14,168.103,169.745,0.3777173913043415,185.32
2024-07-25 10:00:00+00:00__L33715__H33718,33723,2024-07-25 10:00:00+00:00,33724,2024-07-25 11:00:00+00:00,2024-07-25 12:00:00+00:00,2024,168.103,33715,33717,172.88,33718,33720,167.0,0.6561453394645,1,168.739,2.718999999999994,33738,2024-07-26 01:00:00+00:00,2024-07-26 02:00:00+00:00,173.967,174.2,14,2.562339095255619,0.31505363384355745,0.39977933063627064,33736,2024-07-25 23:00:00+00:00,172.22,172.842,171.087,171.759,171.087,172.842,0.6454578889297637,406541,2024-07-31 21:25:00+00:00,2024,8365.0,174.425,174.425,172.7,172.701,0.08091168091169368,193.893
2024-07-25 20:00:00+00:00__L33727__H33729,33733,2024-07-25 20:00:00+00:00,33733,2024-07-25 20:00:00+00:00,2024-07-25 21:00:00+00:00,2024,165.679,33727,33729,172.449,33729,33731,165.304,0.2263412985351191,0,170.599,2.5805000000000007,33737,2024-07-26 00:00:00+00:00,2024-07-26 01:00:00+00:00,172.78,173.488,4,2.897112962604145,0.7028681920721835,0.12826971517147404,33736,2024-07-25 23:00:00+00:00,172.22,172.842,171.087,171.759,171.087,172.842,0.6801007556675154,404856,2024-07-26 01:00:00+00:00,2024,0.0,172.78,173.56,172.736,173.428,0.06039886039887266,173.488
2024-07-28 22:00:00+00:00__L33802__H33804,33807,2024-07-28 22:00:00+00:00,33807,2024-07-28 22:00:00+00:00,2024-07-28 23:00:00+00:00,2024,183.03,33802,33804,185.488,33804,33806,182.5,0.28957001584439773,0,183.39,1.4749999999999943,33809,2024-07-29 00:00:00+00:00,2024-07-29 01:00:00+00:00,188.025,189.367,2,3.745762711864425,1.0,1.7200000000000109,33807,2024-07-28 22:00:00+00:00,184.492,185.0,182.5,183.39,182.5,185.0,1.6949152542372947,405905,2024-07-29 16:25:00+00:00,2024,925.0,185.963,186.127,185.0,185.903,0.0,193.893
2024-08-06 09:00:00+00:00__L34005__H34007,34010,2024-08-06 09:00:00+00:00,34010,2024-08-06 09:00:00+00:00,2024-08-06 10:00:00+00:00,2024,137.425,34005,34007,143.913,34007,34009,136.3,0.8186283427323995,0,138.809,4.4879999999999995,34015,2024-08-06 14:00:00+00:00,2024-08-06 15:00:00+00:00,144.732,146.313,5,1.8787878787878762,0.6538249254884628,0.1824866310160402,34013,2024-08-06 12:00:00+00:00,139.347,140.484,137.467,137.78,137.467,140.484,0.6722370766488405,410820,2024-08-15 18:00:00+00:00,2024,13140.0,143.145,143.182,139.771,141.507,0.23632747762678927,163.712
2024-08-08 00:00:00+00:00__L34045__H34046,34049,2024-08-08 00:00:00+00:00,34049,2024-08-08 00:00:00+00:00,2024-08-08 01:00:00+00:00,2024,142.223,34045,34047,147.485,34046,34048,141.315,0.6384340085640264,0,144.062,2.8804999999999836,34050,2024-08-08 01:00:00+00:00,2024-08-08 02:00:00+00:00,152.658,152.964,1,3.937858010762039,1.0,1.795868772782504,34049,2024-08-08 00:00:00+00:00,144.732,145.829,141.315,144.062,141.315,145.829,1.5670890470404568,409685,2024-08-11 19:25:00+00:00,2024,5365.0,146.048,146.315,145.6,145.775,0.050731058927783096,163.712
2024-08-14 01:00:00+00:00__L34188__H34190,34194,2024-08-14 01:00:00+00:00,34195,2024-08-14 02:00:00+00:00,2024-08-14 03:00:00+00:00,2024,144.8,34188,34190,147.8,34190,34192,143.51,0.8908839779005665,1,144.901,1.9905000000000115,34204,2024-08-14 11:00:00+00:00,2024-08-14 12:00:00+00:00,147.943,148.93,9,2.2270786234614395,0.7005988023952079,0.07184124591811096,34201,2024-08-14 08:00:00+00:00,145.654,145.864,144.727,145.537,144.727,145.864,0.5712132629992434,410486,2024-08-14 14:10:00+00:00,2024,130.0,147.528,147.531,145.208,146.479,0.57695690413369,152.13
2024-08-14 02:00:00+00:00__L34183__H34190,34195,2024-08-14 02:00:00+00:00,34195,2024-08-14 02:00:00+00:00,2024-08-14 03:00:00+00:00,2024,144.566,34183,34185,147.8,34190,34192,143.661,0.6260116486587449,0,144.901,2.043500000000023,34204,2024-08-14 11:00:00+00:00,2024-08-14 12:00:00+00:00,147.943,148.93,9,2.0954245167604415,0.7005988023952079,0.06997797895767022,34201,2024-08-14 08:00:00+00:00,145.654,145.864,144.727,145.537,144.727,145.864,0.5563983361879069,410486,2024-08-14 14:10:00+00:00,2024,130.0,147.528,147.531,145.208,146.479,0.57695690413369,152.13
2024-08-19 09:00:00+00:00__L34318__H34319,34322,2024-08-19 09:00:00+00:00,34324,2024-08-19 11:00:00+00:00,2024-08-19 12:00:00+00:00,2024,141.823,34318,34320,143.477,34319,34321,140.252,1.1077187762210627,2,142.275,1.3019999999999783,34327,2024-08-19 14:00:00+00:00,2024-08-19 15:00:00+00:00,144.229,144.284,3,3.054531490015415,0.6827393431166988,0.5775729646697558,34326,2024-08-19 13:00:00+00:00,143.099,144.578,142.338,142.646,142.338,144.578,1.7204301075269175,411936,2024-08-19 15:00:00+00:00,2024,0.0,144.228,144.417,143.693,144.056,0.39508928571428004,144.284
2024-08-19 10:00:00+00:00__L34315__H34319,34323,2024-08-19 10:00:00+00:00,34324,2024-08-19 11:00:00+00:00,2024-08-19 12:00:00+00:00,2024,141.479,34315,34317,143.477,34319,34321,140.252,0.8672665201195964,1,142.275,1.3019999999999783,34327,2024-08-19 14:00:00+00:00,2024-08-19 15:00:00+00:00,144.229,144.284,3,3.054531490015415,0.6827393431166988,0.5775729646697558,34326,2024-08-19 13:00:00+00:00,143.099,144.578,142.338,142.646,142.338,144.578,1.7204301075269175,411936,2024-08-19 15:00:00+00:00,2024,0.0,144.228,144.417,143.693,144.056,0.39508928571428004,144.284
2024-08-25 08:00:00+00:00__L34460__H34462,34465,2024-08-25 08:00:00+00:00,34466,2024-08-25 09:00:00+00:00,2024-08-25 10:00:00+00:00,2024,157.269,34460,34462,159.021,34462,34464,155.66,1.0230878304052349,1,157.301,1.6855000000000047,34471,2024-08-25 14:00:00+00:00,2024-08-25 15:00:00+00:00,159.027,159.784,5,1.9976268169682474,0.5976454293628853,0.0035597745476121097,34467,2024-08-25 10:00:00+00:00,157.3,157.45,156.216,156.72,156.216,157.45,0.7321269652921846,413800,2024-08-26 02:20:00+00:00,2024,680.0,158.001,158.233,157.381,158.233,0.0559157212317581,161.89
2024-09-02 05:00:00+00:00__L34648__H34651,34654,2024-09-02 05:00:00+00:00,34654,2024-09-02 05:00:00+00:00,2024-09-02 06:00:00+00:00,2024,127.6,34648,34650,130.668,34651,34653,127.257,0.26880877742945875,0,129.016,1.8234999999999957,34658,2024-09-02 09:00:00+00:00,2024-09-02 10:00:00+00:00,131.592,131.779,4,2.3772964080065906,0.47422680412371393,0.5067178502879127,34656,2024-09-02 07:00:00+00:00,128.75,129.338,126.756,127.588,126.756,129.338,1.4159583219084177,416260,2024-09-03 15:20:00+00:00,2024,1760.0,130.298,130.349,129.265,129.514,0.02827265685515402,137.5
2024-09-06 07:00:00+00:00__L34740__H34748,34752,2024-09-06 07:00:00+00:00,34752,2024-09-06 07:00:00+00:00,2024-09-06 08:00:00+00:00,2024,127.777,34740,34742,131.493,34748,34750,127.39,0.3028714087824886,0,128.054,1.3955000000000126,34757,2024-09-06 12:00:00+00:00,2024-09-06 13:00:00+00:00,133.451,134.0,5,4.343246148333886,0.9284362635472222,1.4030813328555936,34756,2024-09-06 11:00:00+00:00,130.393,130.642,129.733,130.185,129.733,130.642,0.6513794338946497,417107,2024-09-06 13:55:00+00:00,2024,55.0,131.486,131.798,130.564,130.758,0.08580858085808983,134.22
2024-09-06 08:00:00+00:00__L34737__H34748,34753,2024-09-06 08:00:00+00:00,34755,2024-09-06 10:00:00+00:00,2024-09-06 11:00:00+00:00,2024,129.348,34737,34739,131.493,34748,34750,127.962,1.0715279710548364,2,130.393,1.5160000000000053,34757,2024-09-06 12:00:00+00:00,2024-09-06 13:00:00+00:00,133.451,134.0,2,3.6207124010553895,0.8802533103051243,1.2915567282321845,34756,2024-09-06 11:00:00+00:00,130.393,130.642,129.733,130.185,129.733,130.642,0.5996042216358763,417107,2024-09-06 13:55:00+00:00,2024,55.0,131.486,131.798,130.564,130.758,0.08580858085808983,134.22
2024-09-07 18:00:00+00:00__L34780__H34784,34787,2024-09-07 18:00:00+00:00,34787,2024-09-07 18:00:00+00:00,2024-09-07 19:00:00+00:00,2024,126.666,34780,34782,129.4,34784,34786,126.19,0.3757914515339547,0,127.564,1.0504999999999995,34800,2024-09-08 07:00:00+00:00,2024-09-08 08:00:00+00:00,129.549,130.08,13,3.197524988100914,0.30190114068441193,0.1418372203712527,34798,2024-09-08 05:00:00+00:00,128.433,128.453,127.801,127.815,127.801,128.453,0.6206568300809151,417673,2024-09-08 13:05:00+00:00,2024,305.0,128.704,128.704,128.366,128.37,0.13343558282206894,130.926
2024-09-09 14:00:00+00:00__L34822__H34826,34831,2024-09-09 14:00:00+00:00,34832,2024-09-09 15:00:00+00:00,2024-09-09 16:00:00+00:00,2024,127.432,34822,34824,130.955,34826,34828,126.847,0.4590683658735702,1,128.339,1.115499999999983,34833,2024-09-09 16:00:00+00:00,2024-09-09 17:00:00+00:00,132.611,133.217,1,5.167189601075825,1.0,1.484536082474229,34831,2024-09-09 14:00:00+00:00,129.65,129.999,126.847,127.088,126.847,129.999,2.825638727028282,418546,2024-09-11 13:50:00+00:00,2024,2690.0,130.723,130.776,129.642,129.696,0.1132614213197967,137.983
2024-09-17 13:00:00+00:00__L35018__H35019,35022,2024-09-17 13:00:00+00:00,35023,2024-09-17 14:00:00+00:00,2024-09-17 15:00:00+00:00,2024,131.666,35018,35020,133.299,35019,35021,130.806,0.6531678641410731,1,133.456,1.1824999999999903,35024,2024-09-17 15:00:00+00:00,2024-09-17 16:00:00+00:00,134.605,135.5,1,3.2126849894291833,1.0,1.1044397463002062,35022,2024-09-17 13:00:00+00:00,132.323,132.61,130.806,131.064,130.806,132.61,1.5255813953488515,420306,2024-09-17 16:30:00+00:00,2024,30.0,133.567,133.573,131.784,131.982,0.4578713968957987,135.5
2024-09-21 04:00:00+00:00__L35099__H35105,35109,2024-09-21 04:00:00+00:00,35109,2024-09-21 04:00:00+00:00,2024-09-21 05:00:00+00:00,2024,144.77,35099,35101,147.957,35105,35107,144.54,0.15887269461906348,0,145.305,1.443000000000012,35118,2024-09-21 13:00:00+00:00,2024-09-21 14:00:00+00:00,148.461,148.57,9,2.717255717255709,0.6202830188679229,0.3492723492723596,35115,2024-09-21 10:00:00+00:00,147.424,147.455,146.377,146.77,146.377,147.455,0.7470547470547428,421442,2024-09-21 15:10:00+00:00,2024,70.0,147.986,147.986,147.413,147.644,0.038961038961040334,149.355
2024-09-21 05:00:00+00:00__L35095__H35105,35110,2024-09-21 05:00:00+00:00,35111,2024-09-21 06:00:00+00:00,2024-09-21 07:00:00+00:00,2024,145.9,35095,35097,147.957,35105,35107,145.112,0.540095956134346,1,146.755,1.443000000000012,35118,2024-09-21 13:00:00+00:00,2024-09-21 14:00:00+00:00,148.461,148.57,7,2.320859320859314,0.46893897746014335,0.3492723492723596,35115,2024-09-21 10:00:00+00:00,147.424,147.455,146.377,146.77,146.377,147.455,0.7470547470547428,421442,2024-09-21 15:10:00+00:00,2024,70.0,147.986,147.986,147.413,147.644,0.038961038961040334,149.355
2024-09-22 21:00:00+00:00__L35145__H35146,35150,2024-09-22 21:00:00+00:00,35151,2024-09-22 22:00:00+00:00,2024-09-22 23:00:00+00:00,2024,142.372,35145,35147,145.4,35146,35148,140.935,1.0093276767903883,1,145.382,1.2044999999999817,35153,2024-09-23 00:00:00+00:00,2024-09-23 01:00:00+00:00,145.539,146.4,2,3.822332918223375,0.08986834573553577,0.11540058115399228,35152,2024-09-22 23:00:00+00:00,145.376,145.708,144.111,144.587,144.111,145.708,1.3258613532586407,421848,2024-09-23 01:00:00+00:00,2024,0.0,145.538,145.905,145.275,145.905,0.2711333750782658,146.4
2024-09-22 23:00:00+00:00__L35135__H35146,35152,2024-09-22 23:00:00+00:00,35154,2024-09-23 01:00:00+00:00,2024-09-23 02:00:00+00:00,2024,146.3,35135,35137,145.4,35146,35148,142.024,2.9227614490772456,2,146.617,1.2884999999999849,35155,2024-09-23 02:00:00+00:00,2024-09-23 03:00:00+00:00,146.67,146.956,1,3.605743112145938,1.0,0.9856422196352322,35152,2024-09-22 23:00:00+00:00,145.376,145.708,144.111,144.587,144.111,145.708,1.2394256887854305,421923,2024-09-23 07:15:00+00:00,2024,255.0,146.329,146.329,145.53,145.551,0.11145898559799394,149.0
2024-09-23 21:00:00+00:00__L35166__H35167,35174,2024-09-23 21:00:00+00:00,35174,2024-09-23 21:00:00+00:00,2024-09-23 22:00:00+00:00,2024,142.535,35166,35168,145.453,35167,35169,142.303,0.16276703967446543,0,144.073,1.3064999999999998,35179,2024-09-24 02:00:00+00:00,2024-09-24 03:00:00+00:00,146.566,146.74,5,3.2629161882893274,0.6132841328413275,0.8518943742824338,35177,2024-09-24 00:00:00+00:00,144.691,145.139,143.006,143.905,143.006,145.139,1.6326061997703867,422296,2024-09-24 14:20:00+00:00,2024,680.0,145.82,146.084,145.134,145.372,0.0023441162681780833,148.72
2024-09-29 06:00:00+00:00__L35294__H35299,35303,2024-09-29 06:00:00+00:00,35305,2024-09-29 08:00:00+00:00,2024-09-29 09:00:00+00:00,2024,155.537,35294,35296,158.499,35299,35301,155.0,0.34525546975961097,2,155.891,0.9429999999999836,35316,2024-09-29 19:00:00+00:00,2024-09-29 20:00:00+00:00,159.4,159.701,11,4.665959703075378,0.6480147737765468,0.9554612937433999,35311,2024-09-29 14:00:00+00:00,157.27,157.472,156.648,156.84,156.648,157.472,0.8738069989395828,423858,2024-09-30 00:30:00+00:00,2024,270.0,157.637,157.68,156.8,156.827,0.8155339805825085,161.761
2024-10-01 00:00:00+00:00__L35339__H35342,35345,2024-10-01 00:00:00+00:00,35345,2024-10-01 00:00:00+00:00,2024-10-01 01:00:00+00:00,2024,153.89,35339,35341,156.9,35342,35344,151.414,1.6089414516862692,0,154.107,1.3889999999999958,35355,2024-10-01 10:00:00+00:00,2024-10-01 11:00:00+00:00,157.032,157.238,10,4.044636429085703,0.5578867060842996,0.09503239740821123,35353,2024-10-01 08:00:00+00:00,156.757,156.922,155.89,156.327,155.89,156.922,0.7429805615550855,424273,2024-10-01 11:05:00+00:00,2024,5.0,157.001,157.044,156.727,156.788,0.18895348837208445,157.288
2024-10-03 14:00:00+00:00__L35402__H35404,35407,2024-10-03 14:00:00+00:00,35408,2024-10-03 15:00:00+00:00,2024-10-03 16:00:00+00:00,2024,135.114,35402,35404,138.43,35404,35406,133.002,1.5631244726675213,1,135.499,1.7490000000000094,35422,2024-10-04 05:00:00+00:00,2024-10-04 06:00:00+00:00,139.18,139.4,14,3.532304173813587,0.33411999636924783,0.4288164665523133,35420,2024-10-04 03:00:00+00:00,137.513,137.628,136.695,137.262,136.695,137.628,0.5334476843910736,426739,2024-10-10 00:35:00+00:00,2024,8315.0,137.942,138.228,137.544,137.883,0.09003215434080966,152.28
2024-10-12 03:00:00+00:00__L35608__H35609,35612,2024-10-12 03:00:00+00:00,35613,2024-10-12 04:00:00+00:00,2024-10-12 05:00:00+00:00,2024,145.091,35608,35610,146.543,35609,35611,144.639,0.31152862686176136,1,145.315,0.9639999999999986,35619,2024-10-12 10:00:00+00:00,2024-10-12 11:00:00+00:00,146.712,147.0,6,2.1504149377593174,0.6605200945626408,0.1753112033194844,35616,2024-10-12 07:00:00+00:00,145.69,145.866,145.316,145.482,145.316,145.866,0.5705394190871496,427452,2024-10-12 12:00:00+00:00,2024,60.0,146.173,146.293,145.71,145.775,0.2836363636363685,147.154
2024-10-13 03:00:00+00:00__L35628__H35630,35636,2024-10-13 03:00:00+00:00,35638,2024-10-13 05:00:00+00:00,2024-10-13 06:00:00+00:00,2024,146.142,35628,35630,147.146,35630,35632,145.067,0.7355859369654094,2,146.444,0.8094999999999999,35642,2024-10-13 09:00:00+00:00,2024-10-13 10:00:00+00:00,147.619,147.886,4,3.1525633106855997,0.8697261287934953,0.5843113032736421,35639,2024-10-13 06:00:00+00:00,146.445,146.921,146.205,146.356,146.205,146.921,0.8844966028412352,427730,2024-10-13 11:10:00+00:00,2024,70.0,147.397,147.425,146.909,146.91,0.01675977653631396,148.349
2024-10-13 04:00:00+00:00__L35624__H35630,35637,2024-10-13 04:00:00+00:00,35637,2024-10-13 04:00:00+00:00,2024-10-13 05:00:00+00:00,2024,145.607,35624,35626,147.146,35630,35632,145.208,0.2740252872458061,0,145.859,0.8360000000000127,35642,2024-10-13 09:00:00+00:00,2024-10-13 10:00:00+00:00,147.619,147.886,5,2.8839712918659863,0.9090909090909144,0.5657894736842177,35639,2024-10-13 06:00:00+00:00,146.445,146.921,146.205,146.356,146.205,146.921,0.8564593301435034,427730,2024-10-13 11:10:00+00:00,2024,70.0,147.397,147.425,146.909,146.91,0.01675977653631396,148.349
2024-10-23 09:00:00+00:00__L35878__H35879,35882,2024-10-23 09:00:00+00:00,35882,2024-10-23 09:00:00+00:00,2024-10-23 10:00:00+00:00,2024,164.24,35878,35880,166.36,35879,35881,164.1,0.08524111056990671,0,165.69,1.75,35885,2024-10-23 12:00:00+00:00,2024-10-23 13:00:00+00:00,166.42,167.16,3,1.3257142857142818,0.7373737373737415,0.03428571428569934,35883,2024-10-23 10:00:00+00:00,165.68,166.78,165.41,165.56,165.41,166.78,0.7828571428571455,430632,2024-10-23 13:00:00+00:00,2024,0.0,166.42,166.43,166.12,166.33,0.48175182481751416,167.16
2024-10-23 10:00:00+00:00__L35873__H35879,35883,2024-10-23 10:00:00+00:00,35884,2024-10-23 11:00:00+00:00,2024-10-23 12:00:00+00:00,2024,165.81,35873,35875,166.36,35879,35881,165.41,0.24123997346360634,1,166.35,1.75,35885,2024-10-23 12:00:00+00:00,2024-10-23 13:00:00+00:00,166.42,167.16,1,0.577142857142852,1.0,0.03428571428569934,35883,2024-10-23 10:00:00+00:00,165.68,166.78,165.41,165.56,165.41,166.78,0.7828571428571455,430632,2024-10-23 13:00:00+00:00,2024,0.0,166.42,166.43,166.12,166.33,0.48175182481751416,167.16
2024-10-29 12:00:00+00:00__L36024__H36025,36029,2024-10-29 12:00:00+00:00,36030,2024-10-29 13:00:00+00:00,2024-10-29 14:00:00+00:00,2024,179.41,36024,36026,181.64,36025,36027,178.33,0.6019731341619665,1,179.79,1.6350000000000051,36033,2024-10-29 16:00:00+00:00,2024-10-29 17:00:00+00:00,182.4,183.34,3,2.489296636085615,0.7435897435897494,0.46483180428135595,36031,2024-10-29 14:00:00+00:00,179.78,180.65,178.31,179.34,178.31,180.65,1.4311926605504564,432417,2024-10-29 17:45:00+00:00,2024,45.0,181.15,181.17,180.14,180.49,0.2179487179487259,183.34
2024-11-09 16:00:00+00:00__L36283__H36291,36297,2024-11-09 16:00:00+00:00,36298,2024-11-09 17:00:00+00:00,2024-11-09 18:00:00+00:00,2024,197.24,36283,36285,203.56,36291,36293,195.02,1.125532346380044,1,198.02,1.9500000000000028,36309,2024-11-10 04:00:00+00:00,2024-11-10 05:00:00+00:00,205.16,205.65,11,5.199999999999985,0.5578125000000034,0.8205128205128164,36308,2024-11-10 03:00:00+00:00,202.47,203.37,201.43,201.43,201.43,203.37,0.9948717948717922,435911,2024-11-10 20:55:00+00:00,2024,955.0,203.78,204.35,202.54,202.72,0.4278350515463987,215.64
2024-11-09 17:00:00+00:00__L36278__H36291,36298,2024-11-09 17:00:00+00:00,36298,2024-11-09 17:00:00+00:00,2024-11-09 18:00:00+00:00,2024,197.12,36278,36280,203.56,36291,36293,195.02,1.0653409090909063,0,198.02,1.9500000000000028,36309,2024-11-10 04:00:00+00:00,2024-11-10 05:00:00+00:00,205.16,205.65,11,5.199999999999985,0.5578125000000034,0.8205128205128164,36308,2024-11-10 03:00:00+00:00,202.47,203.37,201.43,201.43,201.43,203.37,0.9948717948717922,435911,2024-11-10 20:55:00+00:00,2024,955.0,203.78,204.35,202.54,202.72,0.4278350515463987,215.64
2024-11-10 20:00:00+00:00__L36317__H36322,36325,2024-11-10 20:00:00+00:00,36326,2024-11-10 21:00:00+00:00,2024-11-10 22:00:00+00:00,2024,203.6,36317,36319,215.64,36322,36324,200.0,1.7681728880157142,1,207.47,3.089999999999989,36339,2024-11-11 10:00:00+00:00,2024-11-11 11:00:00+00:00,215.87,217.04,13,5.135922330097107,0.4073714839961199,0.07443365695793495,36334,2024-11-11 05:00:00+00:00,208.0,208.28,204.26,206.23,204.26,208.28,1.3009708737864156,436388,2024-11-12 12:40:00+00:00,2024,1540.0,209.83,210.21,208.26,208.41,0.004975124378111985,225.69
2024-11-10 21:00:00+00:00__L36313__H36322,36326,2024-11-10 21:00:00+00:00,36326,2024-11-10 21:00:00+00:00,2024-11-10 22:00:00+00:00,2024,204.07,36313,36315,215.64,36322,36324,200.0,1.9944136815798468,0,207.47,3.4200000000000017,36339,2024-11-11 10:00:00+00:00,2024-11-11 11:00:00+00:00,215.87,217.04,13,4.640350877192981,0.4073714839961199,0.06725146198830938,36334,2024-11-11 05:00:00+00:00,208.0,208.28,204.26,206.23,204.26,208.28,1.1754385964912304,436388,2024-11-12 12:40:00+00:00,2024,1540.0,209.83,210.21,208.26,208.41,0.004975124378111985,225.69
2024-11-12 00:00:00+00:00__L36348__H36349,36353,2024-11-12 00:00:00+00:00,36353,2024-11-12 00:00:00+00:00,2024-11-12 01:00:00+00:00,2024,216.4,36348,36350,223.65,36349,36351,215.3,0.5083179297597016,0,220.66,3.6200000000000045,36361,2024-11-12 08:00:00+00:00,2024-11-12 09:00:00+00:00,225.22,225.37,8,2.7403314917127,0.28252788104089255,0.4337016574585611,36358,2024-11-12 05:00:00+00:00,218.68,220.49,216.37,217.97,216.37,220.49,1.1381215469613257,436345,2024-11-12 09:05:00+00:00,2024,5.0,224.47,224.54,220.46,221.24,0.007281553398058521,225.69
2024-11-13 03:00:00+00:00__L36366__H36375,36380,2024-11-13 03:00:00+00:00,36381,2024-11-13 04:00:00+00:00,2024-11-13 05:00:00+00:00,2024,205.01,36366,36368,215.71,36375,36377,200.85,2.0291693088142027,1,205.38,4.239999999999995,36391,2024-11-13 14:00:00+00:00,2024-11-13 15:00:00+00:00,216.88,217.56,10,3.7806603773584952,0.6467941507311596,0.27594339622641245,36389,2024-11-13 12:00:00+00:00,207.81,208.6,206.04,207.58,206.04,208.6,0.6037735849056617,436764,2024-11-13 20:00:00+00:00,2024,300.0,211.02,211.2,208.38,208.4,0.08593749999999949,220.77
2024-11-21 02:00:00+00:00__L36564__H36566,36571,2024-11-21 02:00:00+00:00,36571,2024-11-21 02:00:00+00:00,2024-11-21 03:00:00+00:00,2024,231.03,36564,36566,238.0,36566,36568,229.35,0.7271782885339596,0,232.07,3.2749999999999915,36573,2024-11-21 04:00:00+00:00,2024-11-21 05:00:00+00:00,240.38,241.79,2,3.367938931297719,1.0,0.7267175572519089,36571,2024-11-21 02:00:00+00:00,236.34,236.52,229.35,232.07,229.35,236.52,2.189312977099247,440162,2024-11-25 15:10:00+00:00,2024,6370.0,240.12,240.19,235.25,239.46,0.17712691771269282,264.64
2024-11-26 19:00:00+00:00__L36703__H36705,36708,2024-11-26 19:00:00+00:00,36708,2024-11-26 19:00:00+00:00,2024-11-26 20:00:00+00:00,2024,225.8,36703,36705,232.58,36705,36707,225.35,0.19929140832595973,0,229.09,3.9650000000000034,36715,2024-11-27 02:00:00+00:00,2024-11-27 03:00:00+00:00,233.71,233.81,7,2.108448928121061,0.5486935866983368,0.284993694829759,36713,2024-11-27 00:00:00+00:00,230.72,232.79,229.3,229.64,229.3,232.79,0.8802017654476615,440595,2024-11-27 03:15:00+00:00,2024,15.0,233.38,233.5,232.73,232.87,0.017191977077364643,233.81
2024-11-27 05:00:00+00:00__L36714__H36715,36718,2024-11-27 05:00:00+00:00,36718,2024-11-27 05:00:00+00:00,2024-11-27 06:00:00+00:00,2024,228.07,36714,36716,233.81,36715,36717,227.45,0.2718463629587427,0,228.79,3.9650000000000034,36720,2024-11-27 07:00:00+00:00,2024-11-27 08:00:00+00:00,234.31,234.99,2,1.730138713745273,1.0,0.12610340479192927,36718,2024-11-27 05:00:00+00:00,230.06,230.13,227.45,228.79,227.45,230.13,0.6759142496847427,442043,2024-12-02 03:55:00+00:00,2024,6955.0,230.44,231.08,228.0,228.57,0.7947761194029813,246.88
2024-12-05 01:00:00+00:00__L36898__H36901,36906,2024-12-05 01:00:00+00:00,36906,2024-12-05 01:00:00+00:00,2024-12-05 02:00:00+00:00,2024,224.82,36898,36900,236.5,36901,36903,223.11,0.7606084867894224,0,225.96,3.3700000000000045,36909,2024-12-05 04:00:00+00:00,2024-12-05 05:00:00+00:00,237.04,238.55,3,4.133531157270018,1.0,0.16023738872403304,36906,2024-12-05 01:00:00+00:00,226.42,227.0,223.11,225.96,223.11,227.0,1.1543026706231398,443129,2024-12-05 22:25:00+00:00,2024,1045.0,231.86,231.87,224.0,227.5,0.7712082262210824,245.12
2024-12-05 02:00:00+00:00__L36889__H36901,36907,2024-12-05 02:00:00+00:00,36909,2024-12-05 04:00:00+00:00,2024-12-05 05:00:00+00:00,2024,235.15,36889,36891,236.5,36901,36903,225.6,4.0612375079736385,2,237.04,3.5400000000000063,36914,2024-12-05 09:00:00+00:00,2024-12-05 10:00:00+00:00,237.83,237.93,5,3.4548022598870047,0.10807113543091931,0.3757062146892684,36911,2024-12-05 06:00:00+00:00,235.23,235.76,231.61,233.78,231.61,235.76,1.1723163841807824,443088,2024-12-05 19:00:00+00:00,2024,540.0,236.68,236.79,235.67,236.41,0.021686746987952747,245.12
2024-12-10 17:00:00+00:00__L37037__H37039,37042,2024-12-10 17:00:00+00:00,37044,2024-12-10 19:00:00+00:00,2024-12-10 20:00:00+00:00,2024,210.17,37037,37039,218.56,37039,37041,203.17,3.3306371032973305,2,212.04,4.220000000000013,37052,2024-12-11 03:00:00+00:00,2024-12-11 04:00:00+00:00,219.31,219.33,8,3.824644549763025,0.4723846653671252,0.17772511848341177,37050,2024-12-11 01:00:00+00:00,214.95,216.45,211.68,212.0,211.68,216.45,1.1303317535544946,445698,2024-12-14 20:30:00+00:00,2024,5310.0,216.68,216.93,216.21,216.29,0.05031446540880117,234.66
2024-12-10 18:00:00+00:00__L37028__H37039,37043,2024-12-10 18:00:00+00:00,37043,2024-12-10 18:00:00+00:00,2024-12-10 19:00:00+00:00,2024,206.95,37028,37030,218.56,37039,37041,203.17,1.826528146895386,0,209.25,4.220000000000013,37052,2024-12-11 03:00:00+00:00,2024-12-11 04:00:00+00:00,219.31,219.33,9,3.824644549763025,0.5533553355335568,0.17772511848341177,37050,2024-12-11 01:00:00+00:00,214.95,216.45,211.68,212.0,211.68,216.45,1.1303317535544946,445698,2024-12-14 20:30:00+00:00,2024,5310.0,216.68,216.93,216.21,216.29,0.05031446540880117,234.66
2024-12-15 21:00:00+00:00__L37157__H37161,37166,2024-12-15 21:00:00+00:00,37167,2024-12-15 22:00:00+00:00,2024-12-15 23:00:00+00:00,2024,217.25,37157,37159,222.39,37161,37163,216.09,0.5339470655926336,1,219.25,1.8399999999999892,37168,2024-12-15 23:00:00+00:00,2024-12-16 00:00:00+00:00,224.21,225.51,1,4.413043478260898,1.0,0.9891304347826262,37166,2024-12-15 21:00:00+00:00,220.36,220.52,216.46,216.74,216.46,220.52,2.206521739130449,446073,2024-12-16 03:45:00+00:00,2024,225.0,221.33,221.5,220.32,220.93,0.04926108374384654,227.41
2024-12-23 01:00:00+00:00__L37333__H37334,37338,2024-12-23 01:00:00+00:00,37338,2024-12-23 01:00:00+00:00,2024-12-23 02:00:00+00:00,2024,176.77,37333,37335,182.29,37334,37336,176.36,0.23193980879108253,0,178.24,2.9499999999999886,37340,2024-12-23 03:00:00+00:00,2024-12-23 04:00:00+00:00,186.12,187.3,2,3.308474576271196,1.0,1.298305084745772,37338,2024-12-23 01:00:00+00:00,179.02,181.99,176.36,178.24,176.36,181.99,1.9084745762711923,448123,2024-12-23 06:35:00+00:00,2024,155.0,182.61,182.64,181.61,181.63,0.06749555950266355,187.64
2024-12-26 14:00:00+00:00__L37419__H37420,37423,2024-12-26 14:00:00+00:00,37423,2024-12-26 14:00:00+00:00,2024-12-26 15:00:00+00:00,2024,188.1,37419,37421,190.8,37420,37422,187.44,0.35087719298245434,0,188.56,1.75,37439,2024-12-27 06:00:00+00:00,2024-12-27 07:00:00+00:00,190.82,190.85,16,1.9314285714285688,0.1808000000000009,0.011428571428561034,37438,2024-12-27 05:00:00+00:00,189.66,189.96,187.8,189.11,187.8,189.96,1.2342857142857124,449283,2024-12-27 07:15:00+00:00,2024,15.0,190.02,190.02,189.14,189.34,0.37962962962964025,191.1
2024-12-27 07:00:00+00:00__L37430__H37431,37440,2024-12-27 07:00:00+00:00,37440,2024-12-27 07:00:00+00:00,2024-12-27 08:00:00+00:00,2024,186.53,37430,37432,189.99,37431,37433,185.64,0.4771350453010319,0,186.54,2.0049999999999955,37442,2024-12-27 09:00:00+00:00,2024-12-27 10:00:00+00:00,192.95,194.29,2,3.645885286783052,1.0,1.4763092269326614,37440,2024-12-27 07:00:00+00:00,190.83,191.1,185.64,186.54,185.64,191.1,2.723192019950135,449320,2024-12-27 10:20:00+00:00,2024,20.0,191.44,191.5,190.1,190.3,0.1831501831501829,194.29
2024-12-29 01:00:00+00:00__L37477__H37479,37482,2024-12-29 01:00:00+00:00,37483,2024-12-29 02:00:00+00:00,2024-12-29 03:00:00+00:00,2024,192.61,37477,37479,195.98,37479,37481,192.34,0.14017963760968288,1,193.6,1.529999999999987,37487,2024-12-29 06:00:00+00:00,2024-12-29 07:00:00+00:00,196.2,196.21,4,2.522875816993476,0.8074534161490811,0.1437908496732031,37485,2024-12-29 04:00:00+00:00,194.64,194.77,194.07,194.33,194.07,194.77,0.4575163398692961,449944,2024-12-29 14:20:00+00:00,2024,440.0,195.18,195.24,194.48,194.61,0.4142857142857334,197.68
2024-12-30 15:00:00+00:00__L37510__H37517,37520,2024-12-30 15:00:00+00:00,37522,2024-12-30 17:00:00+00:00,2024-12-30 18:00:00+00:00,2024,189.52,37510,37512,194.77,37517,37519,185.81,1.9575770367243603,2,191.51,2.269999999999996,37524,2024-12-30 19:00:00+00:00,2024-12-30 20:00:00+00:00,196.11,196.2,2,4.5374449339207175,1.0,0.5903083700440555,37521,2024-12-30 16:00:00+00:00,187.23,188.19,185.81,187.21,185.81,188.19,1.0484581497797356,450411,2024-12-31 05:15:00+00:00,2024,555.0,188.96,189.04,187.91,188.13,0.11764705882353012,196.4
2024-12-30 16:00:00+00:00__L37504__H37517,37521,2024-12-30 16:00:00+00:00,37522,2024-12-30 17:00:00+00:00,2024-12-30 18:00:00+00:00,2024,188.5,37504,37506,194.77,37517,37519,185.81,1.4270557029177706,1,191.51,2.3149999999999977,37524,2024-12-30 19:00:00+00:00,2024-12-30 20:00:00+00:00,196.11,196.2,2,4.449244060475171,1.0,0.5788336933045377,37521,2024-12-30 16:00:00+00:00,187.23,188.19,185.81,187.21,185.81,188.19,1.0280777537796966,450411,2024-12-31 05:15:00+00:00,2024,555.0,188.96,189.04,187.91,188.13,0.11764705882353012,196.4
