partition,dev_block,entry_ts,breakout_confirmation_ts,measurement_start_ts,warning_ts,warning_known_ts,outcome,H,R,prewarning_mfe_R,low_mfe
development,0.0,2022-01-01 15:25:00+00:00,2022-01-01 15:25:00+00:00,2022-01-01 15:25:00+00:00,2022-01-01 15:25:00+00:00,2022-01-01 15:30:00+00:00,FAILED_BREAK,173.37,2.8499999999999943,0.024561403508769585,True
development,0.0,2022-01-04 15:00:00+00:00,2022-01-04 15:00:00+00:00,2022-01-04 15:00:00+00:00,2022-01-04 15:00:00+00:00,2022-01-04 15:05:00+00:00,FAILED_BREAK,173.43,6.110000000000014,0.0736497545008163,True
development,0.0,2022-01-12 15:15:00+00:00,2022-01-12 15:25:00+00:00,2022-01-12 15:25:00+00:00,2022-01-12 15:25:00+00:00,2022-01-12 15:30:00+00:00,FAILED_BREAK,147.67,8.169999999999987,0.1138310893512862,False
development,0.0,2022-01-14 15:05:00+00:00,2022-01-14 15:05:00+00:00,2022-01-14 15:05:00+00:00,2022-01-14 15:05:00+00:00,2022-01-14 15:10:00+00:00,FAILED_BREAK,147.32,5.409999999999997,0.029574861367836727,True
development,0.0,2022-01-28 15:50:00+00:00,2022-01-28 15:50:00+00:00,2022-01-28 15:50:00+00:00,2022-01-28 15:55:00+00:00,2022-01-28 16:00:00+00:00,FAILED_BREAK,90.92,3.820000000000008,0.10994764397905782,False
development,0.0,2022-01-31 15:00:00+00:00,2022-01-31 15:00:00+00:00,2022-01-31 15:00:00+00:00,2022-01-31 15:00:00+00:00,2022-01-31 15:05:00+00:00,RECOVER_E40,92.6,2.7299999999999898,0.08058608058608047,True
development,0.0,2022-02-01 16:30:00+00:00,2022-02-01 16:30:00+00:00,2022-02-01 16:30:00+00:00,2022-02-01 16:30:00+00:00,2022-02-01 16:35:00+00:00,FAILED_BREAK,111.04,7.290000000000006,0.1028806584362139,False
development,0.0,2022-02-07 15:35:00+00:00,2022-02-07 15:35:00+00:00,2022-02-07 15:35:00+00:00,2022-02-07 15:35:00+00:00,2022-02-07 15:40:00+00:00,FAILED_BREAK,121.09,5.719999999999999,0.11188811188811201,False
development,0.0,2022-02-09 00:45:00+00:00,2022-02-09 00:55:00+00:00,2022-02-09 00:55:00+00:00,2022-02-09 00:55:00+00:00,2022-02-09 01:00:00+00:00,FAILED_BREAK,114.72,3.5999999999999943,0.055555555555556434,True
development,0.0,2022-02-15 01:25:00+00:00,2022-02-15 01:25:00+00:00,2022-02-15 01:25:00+00:00,2022-02-15 01:25:00+00:00,2022-02-15 01:30:00+00:00,RECOVER_E40,97.92,6.140000000000001,0.08794788273615504,True
development,0.0,2022-02-20 17:40:00+00:00,2022-02-20 17:40:00+00:00,2022-02-20 17:40:00+00:00,2022-02-20 17:50:00+00:00,2022-02-20 17:55:00+00:00,FAILED_BREAK,90.98,3.61,0.1440443213296388,False
development,0.0,2022-02-23 00:15:00+00:00,2022-02-23 00:15:00+00:00,2022-02-23 00:15:00+00:00,2022-02-23 00:15:00+00:00,2022-02-23 00:20:00+00:00,FAILED_BREAK,87.6,4.549999999999997,0.1582417582417581,False
development,0.0,2022-03-05 16:15:00+00:00,2022-03-05 16:20:00+00:00,2022-03-05 16:20:00+00:00,2022-03-05 16:20:00+00:00,2022-03-05 16:25:00+00:00,RECOVER_E40,89.82,2.1099999999999994,0.07109004739336765,True
development,0.0,2022-03-15 15:15:00+00:00,2022-03-15 15:15:00+00:00,2022-03-15 15:15:00+00:00,2022-03-15 15:15:00+00:00,2022-03-15 15:20:00+00:00,FAILED_BREAK,80.84,1.9000000000000057,0.026315789473682637,True
development,0.0,2022-03-17 19:45:00+00:00,2022-03-17 19:55:00+00:00,2022-03-17 19:55:00+00:00,2022-03-17 19:55:00+00:00,2022-03-17 20:00:00+00:00,FAILED_BREAK,90.76,4.219999999999999,0.01658767772511687,True
development,0.0,2022-03-23 15:00:00+00:00,2022-03-23 15:10:00+00:00,2022-03-23 15:10:00+00:00,2022-03-23 15:15:00+00:00,2022-03-23 15:20:00+00:00,FAILED_BREAK,94.95,4.38000000000001,0.1598173515981738,False
development,0.0,2022-03-24 15:40:00+00:00,2022-03-24 15:40:00+00:00,2022-03-24 15:40:00+00:00,2022-03-24 15:40:00+00:00,2022-03-24 15:45:00+00:00,FAILED_BREAK,101.85,4.579999999999998,0.07641921397380101,True
development,0.0,2022-03-30 15:15:00+00:00,2022-03-30 15:15:00+00:00,2022-03-30 15:15:00+00:00,2022-03-30 15:15:00+00:00,2022-03-30 15:20:00+00:00,FAILED_BREAK,120.11,9.409999999999997,0.041445270988310384,True
development,0.0,2022-04-13 15:20:00+00:00,2022-04-13 15:20:00+00:00,2022-04-13 15:20:00+00:00,2022-04-13 15:35:00+00:00,2022-04-13 15:40:00+00:00,FAILED_BREAK,104.86,4.840000000000003,0.22933884297520632,False
development,0.0,2022-04-17 15:15:00+00:00,2022-04-17 15:15:00+00:00,2022-04-17 15:15:00+00:00,2022-04-17 15:20:00+00:00,2022-04-17 15:25:00+00:00,FAILED_BREAK,104.61,2.8100000000000023,0.12811387900355842,False
development,0.0,2022-04-23 16:35:00+00:00,2022-04-23 16:35:00+00:00,2022-04-23 16:35:00+00:00,2022-04-23 16:35:00+00:00,2022-04-23 16:40:00+00:00,FAILED_BREAK,102.5,1.7999999999999972,0.044444444444443565,True
development,0.0,2022-04-25 16:15:00+00:00,2022-04-25 16:30:00+00:00,2022-04-25 16:30:00+00:00,2022-04-25 16:30:00+00:00,2022-04-25 16:35:00+00:00,RECOVER_E40,98.19,3.8100000000000014,0.06299212598425433,True
development,0.0,2022-05-01 15:25:00+00:00,2022-05-01 15:25:00+00:00,2022-05-01 15:25:00+00:00,2022-05-01 15:25:00+00:00,2022-05-01 15:30:00+00:00,FAILED_BREAK,89.76,2.75,0.05090909090909112,True
development,0.0,2022-05-12 15:00:00+00:00,2022-05-12 15:00:00+00:00,2022-05-12 15:00:00+00:00,2022-05-12 15:00:00+00:00,2022-05-12 15:05:00+00:00,FAILED_BREAK,47.92,6.5,0.02461538461538409,True
development,0.0,2022-05-14 21:40:00+00:00,2022-05-14 21:40:00+00:00,2022-05-14 21:40:00+00:00,2022-05-14 21:50:00+00:00,2022-05-14 21:55:00+00:00,FAILED_BREAK,51.24,5.190000000000005,0.20423892100192567,False
development,0.0,2022-05-15 15:05:00+00:00,2022-05-15 15:05:00+00:00,2022-05-15 15:05:00+00:00,2022-05-15 15:05:00+00:00,2022-05-15 15:10:00+00:00,FAILED_BREAK,54.05,3.299999999999997,0.1333333333333349,False
development,0.0,2022-05-19 15:20:00+00:00,2022-05-19 15:20:00+00:00,2022-05-19 15:20:00+00:00,2022-05-19 15:25:00+00:00,2022-05-19 15:30:00+00:00,FAILED_BREAK,52.81,4.609999999999999,0.12581344902386082,False
development,0.0,2022-05-21 15:00:00+00:00,2022-05-21 15:00:00+00:00,2022-05-21 15:00:00+00:00,2022-05-21 15:00:00+00:00,2022-05-21 15:05:00+00:00,FAILED_BREAK,50.7,1.7800000000000011,0.07303370786516594,True
development,0.0,2022-05-24 15:45:00+00:00,2022-05-24 15:45:00+00:00,2022-05-24 15:45:00+00:00,2022-05-24 15:55:00+00:00,2022-05-24 16:00:00+00:00,FAILED_BREAK,49.88,2.8400000000000034,0.25,False
development,0.0,2022-05-26 15:00:00+00:00,2022-05-26 15:00:00+00:00,2022-05-26 15:00:00+00:00,2022-05-26 15:00:00+00:00,2022-05-26 15:05:00+00:00,FAILED_BREAK,45.43,3.869999999999997,0.03359173126615056,True
development,0.0,2022-05-30 01:35:00+00:00,2022-05-30 01:50:00+00:00,2022-05-30 01:50:00+00:00,2022-05-30 01:50:00+00:00,2022-05-30 01:55:00+00:00,UNRESOLVED_TIME,45.66,3.3799999999999955,0.06213017751479324,True
development,0.0,2022-06-07 18:10:00+00:00,2022-06-07 18:10:00+00:00,2022-06-07 18:10:00+00:00,2022-06-07 18:10:00+00:00,2022-06-07 18:15:00+00:00,FAILED_BREAK,39.64,2.5799999999999983,0.06976744186046505,True
development,0.0,2022-06-12 15:05:00+00:00,2022-06-12 15:15:00+00:00,2022-06-12 15:15:00+00:00,2022-06-12 15:15:00+00:00,2022-06-12 15:20:00+00:00,FAILED_BREAK,34.04,2.68,0.08208955223880554,True
development,0.0,2022-06-19 15:50:00+00:00,2022-06-19 15:50:00+00:00,2022-06-19 15:50:00+00:00,2022-06-19 15:50:00+00:00,2022-06-19 15:55:00+00:00,FAILED_BREAK,33.08,3.7799999999999976,0.08994708994709091,True
development,0.0,2022-06-23 15:10:00+00:00,2022-06-23 15:10:00+00:00,2022-06-23 15:10:00+00:00,2022-06-23 15:10:00+00:00,2022-06-23 15:15:00+00:00,FAILED_BREAK,37.49,1.7899999999999991,0.16201117318435715,False
development,0.0,2022-06-24 20:00:00+00:00,2022-06-24 20:00:00+00:00,2022-06-24 20:00:00+00:00,2022-06-24 20:15:00+00:00,2022-06-24 20:20:00+00:00,FAILED_BREAK,41.38,3.3400000000000034,0.32934131736526745,False
development,1.0,2022-07-02 18:50:00+00:00,2022-07-02 18:50:00+00:00,2022-07-02 18:50:00+00:00,2022-07-02 18:50:00+00:00,2022-07-02 18:55:00+00:00,FAILED_BREAK,33.38,1.5500000000000045,0.0709677419354833,True
development,1.0,2022-07-04 15:05:00+00:00,2022-07-04 15:05:00+00:00,2022-07-04 15:05:00+00:00,2022-07-04 15:05:00+00:00,2022-07-04 15:10:00+00:00,FAILED_BREAK,34.58,1.7299999999999969,0.20809248554913298,False
development,1.0,2022-07-08 15:00:00+00:00,2022-07-08 15:00:00+00:00,2022-07-08 15:00:00+00:00,2022-07-08 15:00:00+00:00,2022-07-08 15:05:00+00:00,RECOVER_E40,37.79,1.3699999999999974,0.21897810218978453,False
development,1.0,2022-07-12 15:10:00+00:00,2022-07-12 15:10:00+00:00,2022-07-12 15:10:00+00:00,2022-07-12 15:10:00+00:00,2022-07-12 15:15:00+00:00,FAILED_BREAK,34.32,1.2100000000000009,0.12396694214875907,False
development,1.0,2022-07-13 23:15:00+00:00,2022-07-13 23:15:00+00:00,2022-07-13 23:15:00+00:00,2022-07-14 00:45:00+00:00,2022-07-14 00:50:00+00:00,UNRESOLVED_TIME,34.51,2.8099999999999987,0.2846975088967988,False
development,1.0,2022-07-18 02:40:00+00:00,2022-07-18 02:40:00+00:00,2022-07-18 02:40:00+00:00,2022-07-18 02:40:00+00:00,2022-07-18 02:45:00+00:00,UNRESOLVED_TIME,40.24,1.230000000000004,0.1382113821138163,False
development,1.0,2022-07-18 23:40:00+00:00,2022-07-18 23:40:00+00:00,2022-07-18 23:40:00+00:00,2022-07-18 23:40:00+00:00,2022-07-18 23:45:00+00:00,RECOVER_E40,42.72,1.509999999999998,0.026490066225165032,True
development,1.0,2022-07-27 16:20:00+00:00,2022-07-27 16:20:00+00:00,2022-07-27 16:20:00+00:00,2022-07-27 16:20:00+00:00,2022-07-27 16:25:00+00:00,FAILED_BREAK,37.44,1.2800000000000011,0.023437500000000867,True
development,1.0,2022-07-28 15:20:00+00:00,2022-07-28 15:20:00+00:00,2022-07-28 15:20:00+00:00,2022-07-28 15:20:00+00:00,2022-07-28 15:25:00+00:00,RECOVER_E40,40.98,1.7899999999999991,0.05027932960894048,True
development,1.0,2022-07-31 18:10:00+00:00,2022-07-31 18:10:00+00:00,2022-07-31 18:10:00+00:00,2022-07-31 18:15:00+00:00,2022-07-31 18:20:00+00:00,FAILED_BREAK,44.76,1.5,0.28000000000000114,False
development,1.0,2022-08-02 15:00:00+00:00,2022-08-02 15:00:00+00:00,2022-08-02 15:00:00+00:00,2022-08-02 15:00:00+00:00,2022-08-02 15:05:00+00:00,FAILED_BREAK,41.53,1.759999999999998,0.07386363636363387,True
development,1.0,2022-08-15 15:55:00+00:00,2022-08-15 15:55:00+00:00,2022-08-15 15:55:00+00:00,2022-08-15 15:55:00+00:00,2022-08-15 16:00:00+00:00,FAILED_BREAK,44.48,1.2299999999999969,0.06504065040650862,True
development,1.0,2022-08-19 16:25:00+00:00,2022-08-19 16:25:00+00:00,2022-08-19 16:25:00+00:00,2022-08-19 16:25:00+00:00,2022-08-19 16:30:00+00:00,FAILED_BREAK,37.2,1.7000000000000028,0.11176470588235142,False
development,1.0,2022-08-28 16:15:00+00:00,2022-08-28 16:15:00+00:00,2022-08-28 16:15:00+00:00,2022-08-28 16:15:00+00:00,2022-08-28 16:20:00+00:00,FAILED_BREAK,32.02,0.8500000000000014,0.04705882352941068,True
development,1.0,2022-08-29 23:25:00+00:00,2022-08-29 23:30:00+00:00,2022-08-29 23:30:00+00:00,2022-08-29 23:30:00+00:00,2022-08-29 23:35:00+00:00,FAILED_BREAK,32.29,1.9699999999999989,0.055837563451776394,True
development,1.0,2022-09-01 22:00:00+00:00,2022-09-01 22:00:00+00:00,2022-09-01 22:00:00+00:00,2022-09-01 22:15:00+00:00,2022-09-01 22:20:00+00:00,FAILED_BREAK,31.57,1.1999999999999993,0.17500000000000082,False
development,1.0,2022-09-02 15:00:00+00:00,2022-09-02 15:00:00+00:00,2022-09-02 15:00:00+00:00,2022-09-02 15:00:00+00:00,2022-09-02 15:05:00+00:00,FAILED_BREAK,32.35,1.110000000000003,0.018018018018014385,True
development,1.0,2022-09-05 15:00:00+00:00,2022-09-05 15:10:00+00:00,2022-09-05 15:10:00+00:00,2022-09-05 15:10:00+00:00,2022-09-05 15:15:00+00:00,FAILED_BREAK,31.77,0.6499999999999986,0.09230769230769054,False
development,1.0,2022-09-17 15:40:00+00:00,2022-09-17 15:50:00+00:00,2022-09-17 15:50:00+00:00,2022-09-17 15:50:00+00:00,2022-09-17 15:55:00+00:00,RECOVER_E40,33.24,0.740000000000002,0.05405405405405276,True
development,1.0,2022-09-19 19:00:00+00:00,2022-09-19 19:00:00+00:00,2022-09-19 19:00:00+00:00,2022-09-19 19:00:00+00:00,2022-09-19 19:05:00+00:00,FAILED_BREAK,32.5,1.9200000000000017,0.046875000000001735,True
development,1.0,2022-09-28 15:55:00+00:00,2022-09-28 16:00:00+00:00,2022-09-28 16:00:00+00:00,2022-09-28 16:00:00+00:00,2022-09-28 16:05:00+00:00,FAILED_BREAK,33.14,1.3200000000000005,0.007575757575756066,True
development,1.0,2022-09-29 15:50:00+00:00,2022-09-29 15:50:00+00:00,2022-09-29 15:50:00+00:00,2022-09-29 15:50:00+00:00,2022-09-29 15:55:00+00:00,FAILED_BREAK,34.06,1.4400000000000048,0.0972222222222223,False
development,1.0,2022-09-30 15:00:00+00:00,2022-09-30 15:05:00+00:00,2022-09-30 15:05:00+00:00,2022-09-30 15:05:00+00:00,2022-09-30 15:10:00+00:00,FAILED_BREAK,35.06,2.0600000000000023,0.06310679611650258,True
development,1.0,2022-10-05 16:05:00+00:00,2022-10-05 16:10:00+00:00,2022-10-05 16:10:00+00:00,2022-10-05 16:10:00+00:00,2022-10-05 16:15:00+00:00,FAILED_BREAK,33.78,0.6300000000000026,0.12698412698412376,False
development,1.0,2022-10-11 16:45:00+00:00,2022-10-11 16:50:00+00:00,2022-10-11 16:50:00+00:00,2022-10-11 16:55:00+00:00,2022-10-11 17:00:00+00:00,FAILED_BREAK,31.71,0.6600000000000001,0.21212121212121293,False
development,1.0,2022-10-17 23:35:00+00:00,2022-10-17 23:35:00+00:00,2022-10-17 23:35:00+00:00,2022-10-17 23:35:00+00:00,2022-10-17 23:40:00+00:00,FAILED_BREAK,31.19,1.0300000000000011,0.0679611650485439,True
development,1.0,2022-10-25 15:00:00+00:00,2022-10-25 15:00:00+00:00,2022-10-25 15:00:00+00:00,2022-10-25 15:00:00+00:00,2022-10-25 15:05:00+00:00,RECOVER_E40,29.08,1.0499999999999972,0.04761904761904842,True
development,1.0,2022-11-04 23:00:00+00:00,2022-11-04 23:05:00+00:00,2022-11-04 23:05:00+00:00,2022-11-04 23:05:00+00:00,2022-11-04 23:10:00+00:00,FAILED_BREAK,34.01,2.18,0.0871559633027545,True
development,1.0,2022-11-10 15:00:00+00:00,2022-11-10 15:05:00+00:00,2022-11-10 15:05:00+00:00,2022-11-10 15:05:00+00:00,2022-11-10 15:10:00+00:00,FAILED_BREAK,17.265,4.865,0.03720452209660862,True
development,1.0,2022-11-26 01:20:00+00:00,2022-11-26 01:20:00+00:00,2022-11-26 01:20:00+00:00,2022-11-26 01:20:00+00:00,2022-11-26 01:25:00+00:00,FAILED_BREAK,14.485,0.5119999999999987,0.21484375000000291,False
development,1.0,2022-11-28 16:55:00+00:00,2022-11-28 16:55:00+00:00,2022-11-28 16:55:00+00:00,2022-11-28 16:55:00+00:00,2022-11-28 17:00:00+00:00,RECOVER_E40,13.519,0.3209999999999997,0.3644859813084088,False
development,1.0,2022-11-30 19:10:00+00:00,2022-11-30 19:15:00+00:00,2022-11-30 19:15:00+00:00,2022-11-30 19:20:00+00:00,2022-11-30 19:25:00+00:00,FAILED_BREAK,13.758,0.2999999999999989,0.2666666666666679,False
development,1.0,2022-12-06 23:00:00+00:00,2022-12-06 23:00:00+00:00,2022-12-06 23:00:00+00:00,2022-12-06 23:00:00+00:00,2022-12-06 23:05:00+00:00,FAILED_BREAK,14.149,0.2749999999999986,0.029090909090912498,True
development,1.0,2022-12-12 19:55:00+00:00,2022-12-12 19:55:00+00:00,2022-12-12 19:55:00+00:00,2022-12-12 20:20:00+00:00,2022-12-12 20:25:00+00:00,FAILED_BREAK,13.212,0.2119999999999997,0.2783018867924582,False
development,1.0,2022-12-14 15:00:00+00:00,2022-12-14 15:00:00+00:00,2022-12-14 15:00:00+00:00,2022-12-14 15:00:00+00:00,2022-12-14 15:05:00+00:00,RECOVER_E40,14.245,0.3349999999999991,0.09253731343283782,False
development,1.0,2022-12-17 23:45:00+00:00,2022-12-17 23:45:00+00:00,2022-12-17 23:45:00+00:00,2022-12-17 23:50:00+00:00,2022-12-17 23:55:00+00:00,FAILED_BREAK,12.499,0.2960000000000011,0.11148648648648429,False
development,1.0,2022-12-18 18:00:00+00:00,2022-12-18 18:00:00+00:00,2022-12-18 18:00:00+00:00,2022-12-18 18:25:00+00:00,2022-12-18 18:30:00+00:00,FAILED_BREAK,12.44,0.1899999999999995,0.47368421052631626,False
development,1.0,2022-12-20 15:30:00+00:00,2022-12-20 15:30:00+00:00,2022-12-20 15:30:00+00:00,2022-12-20 15:30:00+00:00,2022-12-20 15:35:00+00:00,FAILED_BREAK,12.435,0.2520000000000006,0.15873015873015497,False
development,1.0,2022-12-24 16:25:00+00:00,2022-12-24 16:25:00+00:00,2022-12-24 16:25:00+00:00,2022-12-24 16:25:00+00:00,2022-12-24 16:30:00+00:00,FAILED_BREAK,11.386,0.2379999999999995,0.21008403361344882,False
development,2.0,2023-01-01 18:05:00+00:00,2023-01-01 18:05:00+00:00,2023-01-01 18:05:00+00:00,2023-01-01 18:05:00+00:00,2023-01-01 18:10:00+00:00,FAILED_BREAK,9.975,0.2579999999999991,0.1705426356589172,False
development,2.0,2023-01-03 15:10:00+00:00,2023-01-03 15:20:00+00:00,2023-01-03 15:20:00+00:00,2023-01-03 15:20:00+00:00,2023-01-03 15:25:00+00:00,RECOVER_E40,12.432,0.7260000000000009,0.03168044077134939,True
development,2.0,2023-01-10 15:10:00+00:00,2023-01-10 15:15:00+00:00,2023-01-10 15:15:00+00:00,2023-01-10 15:15:00+00:00,2023-01-10 15:20:00+00:00,FAILED_BREAK,16.352,0.5470000000000006,0.2504570383912254,False
development,2.0,2023-01-12 17:35:00+00:00,2023-01-12 17:35:00+00:00,2023-01-12 17:35:00+00:00,2023-01-12 17:35:00+00:00,2023-01-12 17:40:00+00:00,FAILED_BREAK,16.498,1.0980000000000008,0.051001821493622354,True
development,2.0,2023-01-16 18:55:00+00:00,2023-01-16 19:00:00+00:00,2023-01-16 19:00:00+00:00,2023-01-16 19:00:00+00:00,2023-01-16 19:05:00+00:00,FAILED_BREAK,23.683,1.0530000000000008,0.055080721747388206,True
development,2.0,2023-01-18 15:05:00+00:00,2023-01-18 15:05:00+00:00,2023-01-18 15:05:00+00:00,2023-01-18 15:10:00+00:00,2023-01-18 15:15:00+00:00,FAILED_BREAK,23.362,1.1749999999999972,0.26553191489361866,False
development,2.0,2023-01-20 15:00:00+00:00,2023-01-20 15:30:00+00:00,2023-01-20 15:30:00+00:00,2023-01-20 15:30:00+00:00,2023-01-20 15:35:00+00:00,FAILED_BREAK,21.468,0.4879999999999995,0.053278688524589814,True
development,2.0,2023-01-22 15:00:00+00:00,2023-01-22 15:00:00+00:00,2023-01-22 15:00:00+00:00,2023-01-22 15:00:00+00:00,2023-01-22 15:05:00+00:00,FAILED_BREAK,25.292,0.6560000000000024,0.0685975609756067,True
development,2.0,2023-02-13 23:25:00+00:00,2023-02-13 23:25:00+00:00,2023-02-13 23:25:00+00:00,2023-02-13 23:25:00+00:00,2023-02-13 23:30:00+00:00,FAILED_BREAK,20.747,0.7169999999999987,0.05857740585774291,True
development,2.0,2023-02-14 15:10:00+00:00,2023-02-14 15:10:00+00:00,2023-02-14 15:10:00+00:00,2023-02-14 15:20:00+00:00,2023-02-14 15:25:00+00:00,FAILED_BREAK,22.075,1.306000000000001,0.22817764165390628,False
development,2.0,2023-02-15 19:10:00+00:00,2023-02-15 19:10:00+00:00,2023-02-15 19:10:00+00:00,2023-02-15 19:20:00+00:00,2023-02-15 19:25:00+00:00,RECOVER_E40,22.745,1.231999999999999,0.12337662337662142,False
development,2.0,2023-02-22 18:05:00+00:00,2023-02-22 18:05:00+00:00,2023-02-22 18:05:00+00:00,2023-02-22 18:05:00+00:00,2023-02-22 18:10:00+00:00,FAILED_BREAK,23.8,0.6000000000000014,0.06833333333333379,True
development,2.0,2023-03-02 19:00:00+00:00,2023-03-02 19:00:00+00:00,2023-03-02 19:00:00+00:00,2023-03-02 19:00:00+00:00,2023-03-02 19:05:00+00:00,FAILED_BREAK,22.096,0.4420000000000001,0.11764705882352848,False
development,2.0,2023-03-12 17:25:00+00:00,2023-03-12 17:25:00+00:00,2023-03-12 17:25:00+00:00,2023-03-12 17:25:00+00:00,2023-03-12 17:30:00+00:00,RECOVER_E40,18.277,0.5010000000000012,0.2654690618762451,False
development,2.0,2023-03-16 19:20:00+00:00,2023-03-16 19:20:00+00:00,2023-03-16 19:20:00+00:00,2023-03-16 19:20:00+00:00,2023-03-16 19:25:00+00:00,FAILED_BREAK,19.85,0.8320000000000007,0.07211538461538301,True
development,2.0,2023-03-17 21:40:00+00:00,2023-03-17 21:40:00+00:00,2023-03-17 21:40:00+00:00,2023-03-17 21:40:00+00:00,2023-03-17 21:45:00+00:00,FAILED_BREAK,20.72,0.9199999999999982,0.09891304347826224,False
development,2.0,2023-03-22 15:15:00+00:00,2023-03-22 15:15:00+00:00,2023-03-22 15:15:00+00:00,2023-03-22 15:15:00+00:00,2023-03-22 15:20:00+00:00,FAILED_BREAK,22.949,0.8540000000000028,0.16978922716627529,False
development,2.0,2023-03-31 15:00:00+00:00,2023-03-31 15:00:00+00:00,2023-03-31 15:00:00+00:00,2023-03-31 15:00:00+00:00,2023-03-31 15:05:00+00:00,FAILED_BREAK,20.917,0.7110000000000021,0.04781997187060312,True
development,2.0,2023-04-01 20:30:00+00:00,2023-04-01 20:40:00+00:00,2023-04-01 20:40:00+00:00,2023-04-01 20:40:00+00:00,2023-04-01 20:45:00+00:00,FAILED_BREAK,21.111,0.2510000000000012,0.023904382470120313,True
development,2.0,2023-04-03 18:35:00+00:00,2023-04-03 18:50:00+00:00,2023-04-03 18:50:00+00:00,2023-04-03 18:50:00+00:00,2023-04-03 18:55:00+00:00,RECOVER_E40,20.599,0.4969999999999999,0.12676056338027938,False
development,2.0,2023-04-05 00:55:00+00:00,2023-04-05 01:05:00+00:00,2023-04-05 01:05:00+00:00,2023-04-05 01:05:00+00:00,2023-04-05 01:10:00+00:00,FAILED_BREAK,21.269,0.7189999999999976,0.03337969401947286,True
development,2.0,2023-04-06 15:25:00+00:00,2023-04-06 15:35:00+00:00,2023-04-06 15:35:00+00:00,2023-04-06 15:35:00+00:00,2023-04-06 15:40:00+00:00,FAILED_BREAK,20.765,0.4200000000000017,0.02619047619047426,True
development,2.0,2023-04-14 01:45:00+00:00,2023-04-14 01:45:00+00:00,2023-04-14 01:45:00+00:00,2023-04-14 01:45:00+00:00,2023-04-14 01:50:00+00:00,FAILED_BREAK,25.29,1.3230000000000004,0.007558578987151595,True
development,2.0,2023-04-27 15:00:00+00:00,2023-04-27 15:00:00+00:00,2023-04-27 15:00:00+00:00,2023-04-27 15:00:00+00:00,2023-04-27 15:05:00+00:00,RECOVER_E40,21.878,0.593,0.03204047217537665,True
development,2.0,2023-04-28 16:55:00+00:00,2023-04-28 16:55:00+00:00,2023-04-28 16:55:00+00:00,2023-04-28 17:00:00+00:00,2023-04-28 17:05:00+00:00,FAILED_BREAK,22.866,0.7160000000000011,0.3072625698324002,False
development,2.0,2023-05-02 15:40:00+00:00,2023-05-02 15:40:00+00:00,2023-05-02 15:40:00+00:00,2023-05-02 15:40:00+00:00,2023-05-02 15:45:00+00:00,FAILED_BREAK,22.269,0.5189999999999984,0.04431599229287729,True
development,2.0,2023-05-05 16:00:00+00:00,2023-05-05 16:00:00+00:00,2023-05-05 16:00:00+00:00,2023-05-05 16:00:00+00:00,2023-05-05 16:05:00+00:00,FAILED_BREAK,22.481,0.9810000000000016,0.07543323139653205,True
development,2.0,2023-05-07 15:00:00+00:00,2023-05-07 15:00:00+00:00,2023-05-07 15:00:00+00:00,2023-05-07 15:00:00+00:00,2023-05-07 15:05:00+00:00,FAILED_BREAK,22.4,0.4770000000000003,0.17190775681341863,False
development,2.0,2023-05-17 01:45:00+00:00,2023-05-17 01:45:00+00:00,2023-05-17 01:45:00+00:00,2023-05-17 01:45:00+00:00,2023-05-17 01:50:00+00:00,FAILED_BREAK,21.062,0.4329999999999998,0.01847575057736518,True
development,2.0,2023-05-23 15:05:00+00:00,2023-05-23 15:05:00+00:00,2023-05-23 15:05:00+00:00,2023-05-23 15:30:00+00:00,2023-05-23 15:35:00+00:00,FAILED_BREAK,19.973,0.2109999999999985,0.3981042654028447,False
development,2.0,2023-05-31 22:45:00+00:00,2023-05-31 22:50:00+00:00,2023-05-31 22:50:00+00:00,2023-05-31 22:50:00+00:00,2023-05-31 22:55:00+00:00,FAILED_BREAK,20.77,0.4499999999999993,0.06444444444444436,True
development,2.0,2023-06-03 15:55:00+00:00,2023-06-03 16:00:00+00:00,2023-06-03 16:00:00+00:00,2023-06-03 16:00:00+00:00,2023-06-03 16:05:00+00:00,FAILED_BREAK,21.238,0.1550000000000011,0.30322580645161457,False
development,2.0,2023-06-04 17:05:00+00:00,2023-06-04 17:05:00+00:00,2023-06-04 17:05:00+00:00,2023-06-04 17:20:00+00:00,2023-06-04 17:25:00+00:00,FAILED_BREAK,22.149,0.6479999999999997,0.2283950617283947,False
development,2.0,2023-06-11 18:15:00+00:00,2023-06-11 18:15:00+00:00,2023-06-11 18:15:00+00:00,2023-06-11 18:15:00+00:00,2023-06-11 18:20:00+00:00,FAILED_BREAK,15.704,0.6029999999999998,0.2205638474295177,False
development,2.0,2023-06-20 16:30:00+00:00,2023-06-20 16:30:00+00:00,2023-06-20 16:30:00+00:00,2023-06-20 16:40:00+00:00,2023-06-20 16:45:00+00:00,FAILED_BREAK,16.09,0.375,0.25066666666666987,False
development,2.0,2023-06-27 21:35:00+00:00,2023-06-27 21:35:00+00:00,2023-06-27 21:35:00+00:00,2023-06-27 21:35:00+00:00,2023-06-27 21:40:00+00:00,FAILED_BREAK,16.83,0.3299999999999983,0.11818181818182327,False
development,2.0,2023-06-30 01:05:00+00:00,2023-06-30 01:05:00+00:00,2023-06-30 01:05:00+00:00,2023-06-30 01:05:00+00:00,2023-06-30 01:10:00+00:00,FAILED_BREAK,18.283,1.971,0.058853373921866896,True
development,2.0,2023-06-30 17:15:00+00:00,2023-06-30 17:15:00+00:00,2023-06-30 17:15:00+00:00,2023-06-30 17:20:00+00:00,2023-06-30 17:25:00+00:00,FAILED_BREAK,19.6,2.6090000000000018,0.16788041395170508,False
development,3.0,2023-07-01 23:45:00+00:00,2023-07-01 23:45:00+00:00,2023-07-01 23:45:00+00:00,2023-07-01 23:45:00+00:00,2023-07-01 23:50:00+00:00,RECOVER_E40,18.555,0.3689999999999998,0.08943089430894653,True
development,3.0,2023-07-07 15:00:00+00:00,2023-07-07 15:00:00+00:00,2023-07-07 15:00:00+00:00,2023-07-07 15:00:00+00:00,2023-07-07 15:05:00+00:00,FAILED_BREAK,21.3,1.9480000000000004,0.22587268993839715,False
development,3.0,2023-07-10 18:40:00+00:00,2023-07-10 18:40:00+00:00,2023-07-10 18:40:00+00:00,2023-07-10 18:40:00+00:00,2023-07-10 18:45:00+00:00,FAILED_BREAK,21.3,0.8060000000000009,0.07692307692307387,True
development,3.0,2023-07-26 15:20:00+00:00,2023-07-26 15:20:00+00:00,2023-07-26 15:20:00+00:00,2023-07-26 15:20:00+00:00,2023-07-26 15:25:00+00:00,FAILED_BREAK,24.706,1.2779999999999987,0.10250391236306758,False
development,3.0,2023-08-06 20:55:00+00:00,2023-08-06 21:00:00+00:00,2023-08-06 21:00:00+00:00,2023-08-06 21:25:00+00:00,2023-08-06 21:30:00+00:00,FAILED_BREAK,23.281,0.4369999999999976,0.2540045766590418,False
development,3.0,2023-08-16 18:20:00+00:00,2023-08-16 18:35:00+00:00,2023-08-16 18:35:00+00:00,2023-08-16 18:35:00+00:00,2023-08-16 18:40:00+00:00,FAILED_BREAK,23.565,0.6610000000000014,0.04689863842662442,True
development,3.0,2023-08-23 15:55:00+00:00,2023-08-23 16:00:00+00:00,2023-08-23 16:00:00+00:00,2023-08-23 16:00:00+00:00,2023-08-23 16:05:00+00:00,FAILED_BREAK,20.924,0.6409999999999982,0.04836193447737737,True
development,3.0,2023-08-26 15:00:00+00:00,2023-08-26 15:00:00+00:00,2023-08-26 15:00:00+00:00,2023-08-26 15:00:00+00:00,2023-08-26 15:05:00+00:00,FAILED_BREAK,20.366,0.1930000000000014,0.09326424870466607,False
development,3.0,2023-09-15 23:00:00+00:00,2023-09-15 23:00:00+00:00,2023-09-15 23:00:00+00:00,2023-09-15 23:15:00+00:00,2023-09-15 23:20:00+00:00,FAILED_BREAK,19.232,0.5180000000000007,0.5077220077220103,False
development,3.0,2023-09-30 15:45:00+00:00,2023-09-30 15:45:00+00:00,2023-09-30 15:45:00+00:00,2023-09-30 15:45:00+00:00,2023-09-30 15:50:00+00:00,FAILED_BREAK,21.49,1.25,0.12560000000000002,False
development,3.0,2023-10-06 15:45:00+00:00,2023-10-06 15:45:00+00:00,2023-10-06 15:45:00+00:00,2023-10-06 15:45:00+00:00,2023-10-06 15:50:00+00:00,FAILED_BREAK,23.562,0.8960000000000008,0.024553571428569693,True
development,3.0,2023-10-08 16:00:00+00:00,2023-10-08 16:00:00+00:00,2023-10-08 16:00:00+00:00,2023-10-08 16:00:00+00:00,2023-10-08 16:05:00+00:00,FAILED_BREAK,23.52,0.4740000000000002,0.03375527426160714,True
development,3.0,2023-10-13 20:00:00+00:00,2023-10-13 20:00:00+00:00,2023-10-13 20:00:00+00:00,2023-10-13 20:00:00+00:00,2023-10-13 20:05:00+00:00,FAILED_BREAK,21.6,0.3100000000000023,0.07419354838709522,True
development,3.0,2023-10-15 20:40:00+00:00,2023-10-15 20:40:00+00:00,2023-10-15 20:40:00+00:00,2023-10-15 20:40:00+00:00,2023-10-15 20:45:00+00:00,FAILED_BREAK,22.01,0.3300000000000018,0.14848484848484614,False
development,3.0,2023-10-19 15:00:00+00:00,2023-10-19 15:00:00+00:00,2023-10-19 15:00:00+00:00,2023-10-19 15:05:00+00:00,2023-10-19 15:10:00+00:00,RECOVER_E40,24.494,0.8189999999999991,0.25030525030525286,False
development,3.0,2023-11-01 15:05:00+00:00,2023-11-01 15:05:00+00:00,2023-11-01 15:05:00+00:00,2023-11-01 15:05:00+00:00,2023-11-01 15:10:00+00:00,FAILED_BREAK,40.872,2.511000000000003,0.44882516925527727,False
development,3.0,2023-11-04 01:40:00+00:00,2023-11-04 01:40:00+00:00,2023-11-04 01:40:00+00:00,2023-11-04 01:40:00+00:00,2023-11-04 01:45:00+00:00,FAILED_BREAK,40.315,2.2149999999999963,0.06546275395034012,True
development,3.0,2023-11-05 02:05:00+00:00,2023-11-05 02:05:00+00:00,2023-11-05 02:05:00+00:00,2023-11-05 02:05:00+00:00,2023-11-05 02:10:00+00:00,FAILED_BREAK,42.785,1.587999999999994,0.06989924433249661,True
development,3.0,2023-11-18 15:05:00+00:00,2023-11-18 15:05:00+00:00,2023-11-18 15:05:00+00:00,2023-11-18 15:05:00+00:00,2023-11-18 15:10:00+00:00,RECOVER_E40,57.699,2.1939999999999955,0.12762078395624507,False
development,3.0,2023-11-22 18:15:00+00:00,2023-11-22 18:15:00+00:00,2023-11-22 18:15:00+00:00,2023-11-22 18:15:00+00:00,2023-11-22 18:20:00+00:00,RECOVER_E40,55.798,1.568000000000005,0.2716836734693836,False
development,3.0,2023-12-03 22:35:00+00:00,2023-12-03 22:35:00+00:00,2023-12-03 22:35:00+00:00,2023-12-03 22:35:00+00:00,2023-12-03 22:40:00+00:00,FAILED_BREAK,63.956,1.5100000000000051,0.07615894039734734,True
development,3.0,2023-12-07 15:30:00+00:00,2023-12-07 15:35:00+00:00,2023-12-07 15:35:00+00:00,2023-12-07 16:05:00+00:00,2023-12-07 16:10:00+00:00,RECOVER_E40,65.249,3.5529999999999973,0.2989023360540424,False
development,3.0,2023-12-08 23:40:00+00:00,2023-12-08 23:40:00+00:00,2023-12-08 23:40:00+00:00,2023-12-09 00:15:00+00:00,2023-12-09 00:20:00+00:00,FAILED_BREAK,74.5,3.968000000000004,0.27721774193548215,False
development,3.0,2023-12-10 15:00:00+00:00,2023-12-10 15:00:00+00:00,2023-12-10 15:00:00+00:00,2023-12-10 15:00:00+00:00,2023-12-10 15:05:00+00:00,FAILED_BREAK,73.605,2.877000000000009,0.11296489398679242,False
development,3.0,2023-12-11 16:35:00+00:00,2023-12-11 16:35:00+00:00,2023-12-11 16:35:00+00:00,2023-12-11 16:45:00+00:00,2023-12-11 16:50:00+00:00,FAILED_BREAK,70.014,3.0779999999999887,0.3073424301494482,False
development,3.0,2023-12-13 15:00:00+00:00,2023-12-13 15:00:00+00:00,2023-12-13 15:00:00+00:00,2023-12-13 15:25:00+00:00,2023-12-13 15:30:00+00:00,FAILED_BREAK,67.568,2.414000000000001,0.2651201325600664,False
development,3.0,2023-12-17 16:35:00+00:00,2023-12-17 16:35:00+00:00,2023-12-17 16:35:00+00:00,2023-12-17 16:40:00+00:00,2023-12-17 16:45:00+00:00,FAILED_BREAK,73.35,1.9609999999999983,0.09790922998470548,False
development,3.0,2023-12-18 17:15:00+00:00,2023-12-18 17:15:00+00:00,2023-12-18 17:15:00+00:00,2023-12-18 17:15:00+00:00,2023-12-18 17:20:00+00:00,FAILED_BREAK,71.857,5.006,0.024970035956851776,True
development,3.0,2023-12-23 16:45:00+00:00,2023-12-23 16:45:00+00:00,2023-12-23 16:45:00+00:00,2023-12-23 16:45:00+00:00,2023-12-23 16:50:00+00:00,FAILED_BREAK,97.645,2.894999999999996,0.07668393782383721,True
development,3.0,2023-12-30 15:50:00+00:00,2023-12-30 15:55:00+00:00,2023-12-30 15:55:00+00:00,2023-12-30 15:55:00+00:00,2023-12-30 16:00:00+00:00,FAILED_BREAK,104.33,3.632000000000005,0.018997797356828886,True
development,4.0,2024-01-06 17:35:00+00:00,2024-01-06 17:40:00+00:00,2024-01-06 17:40:00+00:00,2024-01-06 17:40:00+00:00,2024-01-06 17:45:00+00:00,FAILED_BREAK,96.496,3.677999999999997,0.13431212615551935,False
development,4.0,2024-01-15 18:25:00+00:00,2024-01-15 18:25:00+00:00,2024-01-15 18:25:00+00:00,2024-01-15 18:45:00+00:00,2024-01-15 18:50:00+00:00,FAILED_BREAK,95.99,2.8219999999999885,0.26470588235294223,False
development,4.0,2024-01-16 21:55:00+00:00,2024-01-16 21:55:00+00:00,2024-01-16 21:55:00+00:00,2024-01-16 22:00:00+00:00,2024-01-16 22:05:00+00:00,FAILED_BREAK,98.185,3.9980000000000047,0.11405702851425777,False
development,4.0,2024-01-24 23:30:00+00:00,2024-01-24 23:35:00+00:00,2024-01-24 23:35:00+00:00,2024-01-24 23:35:00+00:00,2024-01-24 23:40:00+00:00,FAILED_BREAK,88.52,3.292999999999992,0.04372912238080953,True
development,4.0,2024-01-26 15:55:00+00:00,2024-01-26 16:05:00+00:00,2024-01-26 16:05:00+00:00,2024-01-26 17:20:00+00:00,2024-01-26 17:25:00+00:00,FAILED_BREAK,92.411,5.105000000000004,0.2280117531831539,False
development,4.0,2024-01-31 15:40:00+00:00,2024-01-31 15:45:00+00:00,2024-01-31 15:45:00+00:00,2024-01-31 15:45:00+00:00,2024-01-31 15:50:00+00:00,FAILED_BREAK,101.119,3.8769999999999953,0.12354913592984261,False
development,4.0,2024-02-01 15:05:00+00:00,2024-02-01 15:05:00+00:00,2024-02-01 15:05:00+00:00,2024-02-01 15:05:00+00:00,2024-02-01 15:10:00+00:00,FAILED_BREAK,97.123,2.51100000000001,0.0704898446833898,True
development,4.0,2024-02-06 18:50:00+00:00,2024-02-06 18:50:00+00:00,2024-02-06 18:50:00+00:00,2024-02-06 18:55:00+00:00,2024-02-06 19:00:00+00:00,FAILED_BREAK,96.29,3.1740000000000066,0.09766855702583095,False
development,4.0,2024-02-07 15:25:00+00:00,2024-02-07 15:25:00+00:00,2024-02-07 15:25:00+00:00,2024-02-07 15:35:00+00:00,2024-02-07 15:40:00+00:00,FAILED_BREAK,96.201,1.6409999999999911,0.2931139549055523,False
development,4.0,2024-02-09 21:35:00+00:00,2024-02-09 21:35:00+00:00,2024-02-09 21:35:00+00:00,2024-02-09 21:35:00+00:00,2024-02-09 21:40:00+00:00,RECOVER_E40,107.0,2.9399999999999977,0.05510204081632866,True
development,4.0,2024-02-25 15:10:00+00:00,2024-02-25 15:10:00+00:00,2024-02-25 15:10:00+00:00,2024-02-25 15:10:00+00:00,2024-02-25 15:15:00+00:00,FAILED_BREAK,103.747,1.7139999999999986,0.0717619603267239,True
development,4.0,2024-02-26 15:25:00+00:00,2024-02-26 15:30:00+00:00,2024-02-26 15:30:00+00:00,2024-02-26 15:35:00+00:00,2024-02-26 15:40:00+00:00,FAILED_BREAK,104.15,3.8000000000000114,0.1613157894736836,False
development,4.0,2024-03-02 19:50:00+00:00,2024-03-02 19:55:00+00:00,2024-03-02 19:55:00+00:00,2024-03-02 19:55:00+00:00,2024-03-02 20:00:00+00:00,FAILED_BREAK,130.737,3.536999999999992,0.025162567147299645,True
development,4.0,2024-03-03 22:35:00+00:00,2024-03-03 22:35:00+00:00,2024-03-03 22:35:00+00:00,2024-03-03 22:40:00+00:00,2024-03-03 22:45:00+00:00,FAILED_BREAK,131.503,4.8419999999999845,0.18236266005782995,False
development,4.0,2024-03-05 15:00:00+00:00,2024-03-05 15:10:00+00:00,2024-03-05 15:10:00+00:00,2024-03-05 15:10:00+00:00,2024-03-05 15:15:00+00:00,FAILED_BREAK,138.884,9.412999999999982,0.07606501646658977,True
development,4.0,2024-03-07 00:35:00+00:00,2024-03-07 00:35:00+00:00,2024-03-07 00:35:00+00:00,2024-03-07 00:35:00+00:00,2024-03-07 00:40:00+00:00,FAILED_BREAK,133.044,6.781000000000006,0.011060315587669749,True
development,4.0,2024-03-14 23:10:00+00:00,2024-03-14 23:10:00+00:00,2024-03-14 23:10:00+00:00,2024-03-14 23:10:00+00:00,2024-03-14 23:15:00+00:00,FAILED_BREAK,174.599,10.048999999999978,0.1025972733605342,False
development,4.0,2024-03-17 15:35:00+00:00,2024-03-17 15:35:00+00:00,2024-03-17 15:35:00+00:00,2024-03-17 15:40:00+00:00,2024-03-17 15:45:00+00:00,FAILED_BREAK,194.597,9.512,0.10355340622371585,False
development,4.0,2024-03-24 20:15:00+00:00,2024-03-24 20:15:00+00:00,2024-03-24 20:15:00+00:00,2024-03-24 20:15:00+00:00,2024-03-24 20:20:00+00:00,RECOVER_E40,177.5,3.787000000000006,0.082387113810407,True
development,4.0,2024-03-28 22:50:00+00:00,2024-03-28 22:50:00+00:00,2024-03-28 22:50:00+00:00,2024-03-28 22:50:00+00:00,2024-03-28 22:55:00+00:00,FAILED_BREAK,189.689,6.888999999999982,0.02438670344026808,True
development,4.0,2024-04-04 18:00:00+00:00,2024-04-04 18:00:00+00:00,2024-04-04 18:00:00+00:00,2024-04-04 18:00:00+00:00,2024-04-04 18:05:00+00:00,FAILED_BREAK,189.692,4.920000000000016,0.12256097560975168,False
development,4.0,2024-04-06 16:00:00+00:00,2024-04-06 16:05:00+00:00,2024-04-06 16:05:00+00:00,2024-04-06 16:05:00+00:00,2024-04-06 16:10:00+00:00,FAILED_BREAK,178.616,4.76600000000002,0.08057070919009326,True
development,4.0,2024-04-18 15:05:00+00:00,2024-04-18 15:05:00+00:00,2024-04-18 15:05:00+00:00,2024-04-18 15:10:00+00:00,2024-04-18 15:15:00+00:00,FAILED_BREAK,139.799,10.348000000000011,0.16254348666408833,False
development,4.0,2024-04-19 15:30:00+00:00,2024-04-19 15:45:00+00:00,2024-04-19 15:45:00+00:00,2024-04-19 15:45:00+00:00,2024-04-19 15:50:00+00:00,FAILED_BREAK,146.922,5.299999999999983,0.0764150943396231,True
development,4.0,2024-04-25 15:50:00+00:00,2024-04-25 15:50:00+00:00,2024-04-25 15:50:00+00:00,2024-04-25 15:55:00+00:00,2024-04-25 16:00:00+00:00,FAILED_BREAK,147.5,5.459000000000003,0.15369115222568203,False
development,4.0,2024-05-01 16:25:00+00:00,2024-05-01 16:25:00+00:00,2024-05-01 16:25:00+00:00,2024-05-01 16:25:00+00:00,2024-05-01 16:30:00+00:00,FAILED_BREAK,125.027,4.694000000000003,0.08500213037920765,True
development,4.0,2024-05-02 15:00:00+00:00,2024-05-02 15:00:00+00:00,2024-05-02 15:00:00+00:00,2024-05-02 15:00:00+00:00,2024-05-02 15:05:00+00:00,FAILED_BREAK,139.303,6.936999999999983,0.02825428859737616,True
development,4.0,2024-05-03 20:25:00+00:00,2024-05-03 20:25:00+00:00,2024-05-03 20:25:00+00:00,2024-05-03 20:25:00+00:00,2024-05-03 20:30:00+00:00,FAILED_BREAK,143.976,8.135999999999996,0.06760078662733673,True
development,4.0,2024-05-07 01:45:00+00:00,2024-05-07 01:45:00+00:00,2024-05-07 01:45:00+00:00,2024-05-07 01:45:00+00:00,2024-05-07 01:50:00+00:00,FAILED_BREAK,156.85,7.347000000000008,0.12631005852728955,False
development,4.0,2024-05-11 15:00:00+00:00,2024-05-11 15:05:00+00:00,2024-05-11 15:05:00+00:00,2024-05-11 15:05:00+00:00,2024-05-11 15:10:00+00:00,RECOVER_E40,145.45,2.3819999999999766,0.09655751469354343,False
development,4.0,2024-05-13 15:40:00+00:00,2024-05-13 15:45:00+00:00,2024-05-13 15:45:00+00:00,2024-05-13 15:45:00+00:00,2024-05-13 15:50:00+00:00,FAILED_BREAK,147.444,3.343999999999994,0.08791866028708482,True
development,4.0,2024-05-15 15:05:00+00:00,2024-05-15 15:10:00+00:00,2024-05-15 15:10:00+00:00,2024-05-15 15:10:00+00:00,2024-05-15 15:15:00+00:00,FAILED_BREAK,153.118,10.097000000000008,0.06378132118451074,True
development,4.0,2024-05-20 15:50:00+00:00,2024-05-20 15:50:00+00:00,2024-05-20 15:50:00+00:00,2024-05-20 15:50:00+00:00,2024-05-20 15:55:00+00:00,FAILED_BREAK,178.889,3.689000000000021,0.16562754133911264,False
development,4.0,2024-05-26 15:00:00+00:00,2024-05-26 15:00:00+00:00,2024-05-26 15:00:00+00:00,2024-05-26 15:00:00+00:00,2024-05-26 15:05:00+00:00,FAILED_BREAK,165.527,3.350999999999999,0.12235153685467774,False
development,4.0,2024-05-30 16:45:00+00:00,2024-05-30 16:45:00+00:00,2024-05-30 16:45:00+00:00,2024-05-30 16:45:00+00:00,2024-05-30 16:50:00+00:00,FAILED_BREAK,169.791,5.082999999999998,0.025575447570331596,True
development,4.0,2024-06-09 15:10:00+00:00,2024-06-09 15:15:00+00:00,2024-06-09 15:15:00+00:00,2024-06-09 15:15:00+00:00,2024-06-09 15:20:00+00:00,FAILED_BREAK,161.589,2.712999999999994,0.07040176925912382,True
development,4.0,2024-06-15 15:15:00+00:00,2024-06-15 15:15:00+00:00,2024-06-15 15:15:00+00:00,2024-06-15 15:25:00+00:00,2024-06-15 15:30:00+00:00,FAILED_BREAK,144.934,2.055000000000007,0.2170316301703146,False
development,4.0,2024-06-16 15:10:00+00:00,2024-06-16 15:10:00+00:00,2024-06-16 15:10:00+00:00,2024-06-16 15:20:00+00:00,2024-06-16 15:25:00+00:00,RECOVER_E40,146.867,3.1239999999999952,0.17701664532650388,False
development,4.0,2024-06-19 01:00:00+00:00,2024-06-19 01:00:00+00:00,2024-06-19 01:00:00+00:00,2024-06-19 01:20:00+00:00,2024-06-19 01:25:00+00:00,FAILED_BREAK,138.689,5.888999999999982,0.16114790286975977,False
development,4.0,2024-06-21 15:00:00+00:00,2024-06-21 15:00:00+00:00,2024-06-21 15:00:00+00:00,2024-06-21 15:00:00+00:00,2024-06-21 15:05:00+00:00,FAILED_BREAK,133.451,4.140999999999991,0.05771552765032718,True
development,4.0,2024-06-25 15:20:00+00:00,2024-06-25 15:30:00+00:00,2024-06-25 15:30:00+00:00,2024-06-25 15:40:00+00:00,2024-06-25 15:45:00+00:00,FAILED_BREAK,139.168,5.170000000000016,0.1332688588007719,False
development,5.0,2024-07-06 15:30:00+00:00,2024-07-06 15:30:00+00:00,2024-07-06 15:30:00+00:00,2024-07-06 15:30:00+00:00,2024-07-06 15:35:00+00:00,RECOVER_E40,140.564,3.879999999999996,0.16391752577319493,False
development,5.0,2024-07-14 21:20:00+00:00,2024-07-14 21:20:00+00:00,2024-07-14 21:20:00+00:00,2024-07-14 21:25:00+00:00,2024-07-14 21:30:00+00:00,FAILED_BREAK,146.881,3.5759999999999934,0.2533557046979887,False
development,5.0,2024-07-20 16:00:00+00:00,2024-07-20 16:10:00+00:00,2024-07-20 16:10:00+00:00,2024-07-20 16:15:00+00:00,2024-07-20 16:20:00+00:00,FAILED_BREAK,169.787,2.5999999999999943,0.17730769230768667,False
development,5.0,2024-07-22 18:00:00+00:00,2024-07-22 18:00:00+00:00,2024-07-22 18:00:00+00:00,2024-07-22 18:10:00+00:00,2024-07-22 18:15:00+00:00,FAILED_BREAK,181.837,5.169999999999988,0.21121856866538016,False
development,5.0,2024-07-24 17:40:00+00:00,2024-07-24 17:40:00+00:00,2024-07-24 17:40:00+00:00,2024-07-24 17:40:00+00:00,2024-07-24 17:45:00+00:00,FAILED_BREAK,181.988,6.193999999999988,0.057152082660641604,True
development,5.0,2024-08-06 16:00:00+00:00,2024-08-06 16:10:00+00:00,2024-08-06 16:10:00+00:00,2024-08-06 16:10:00+00:00,2024-08-06 16:15:00+00:00,FAILED_BREAK,146.313,10.260999999999996,0.04736380469739973,True
development,5.0,2024-08-08 15:55:00+00:00,2024-08-08 15:55:00+00:00,2024-08-08 15:55:00+00:00,2024-08-08 15:55:00+00:00,2024-08-08 16:00:00+00:00,FAILED_BREAK,160.375,7.875,0.0603174603174596,True
development,5.0,2024-08-15 16:00:00+00:00,2024-08-15 16:00:00+00:00,2024-08-15 16:00:00+00:00,2024-08-15 16:05:00+00:00,2024-08-15 16:10:00+00:00,FAILED_BREAK,146.589,5.405000000000001,0.0727104532839964,True
development,5.0,2024-08-21 18:20:00+00:00,2024-08-21 18:20:00+00:00,2024-08-21 18:20:00+00:00,2024-08-21 18:20:00+00:00,2024-08-21 18:25:00+00:00,FAILED_BREAK,142.42,3.7309999999999945,0.027070490485124426,True
development,5.0,2024-08-23 17:45:00+00:00,2024-08-23 17:45:00+00:00,2024-08-23 17:45:00+00:00,2024-08-23 17:45:00+00:00,2024-08-23 17:50:00+00:00,RECOVER_E40,147.076,4.486999999999995,0.005348785379986837,True
development,5.0,2024-09-19 15:15:00+00:00,2024-09-19 15:20:00+00:00,2024-09-19 15:20:00+00:00,2024-09-19 15:20:00+00:00,2024-09-19 15:25:00+00:00,FAILED_BREAK,141.922,3.7150000000000034,0.00592193808882674,True
development,5.0,2024-09-21 23:40:00+00:00,2024-09-21 23:40:00+00:00,2024-09-21 23:40:00+00:00,2024-09-21 23:40:00+00:00,2024-09-21 23:45:00+00:00,FAILED_BREAK,149.355,2.97799999999998,0.029885829415714986,True
development,5.0,2024-09-23 01:35:00+00:00,2024-09-23 01:35:00+00:00,2024-09-23 01:35:00+00:00,2024-09-23 01:35:00+00:00,2024-09-23 01:40:00+00:00,FAILED_BREAK,147.252,4.650000000000006,0.04516129032257619,True
development,5.0,2024-09-25 15:00:00+00:00,2024-09-25 15:00:00+00:00,2024-09-25 15:00:00+00:00,2024-09-25 15:10:00+00:00,2024-09-25 15:15:00+00:00,RECOVER_E40,151.88,2.509999999999991,0.1577689243027954,False
development,5.0,2024-10-04 16:20:00+00:00,2024-10-04 16:20:00+00:00,2024-10-04 16:20:00+00:00,2024-10-04 17:35:00+00:00,2024-10-04 17:40:00+00:00,FAILED_BREAK,142.598,4.556000000000012,0.38718173836698355,False
development,5.0,2024-10-11 02:50:00+00:00,2024-10-11 02:50:00+00:00,2024-10-11 02:50:00+00:00,2024-10-11 02:50:00+00:00,2024-10-11 02:55:00+00:00,UNRESOLVED_TIME,140.7,4.579999999999984,0.052401746724893,True
development,5.0,2024-10-13 22:00:00+00:00,2024-10-13 22:00:00+00:00,2024-10-13 22:00:00+00:00,2024-10-13 22:10:00+00:00,2024-10-13 22:15:00+00:00,FAILED_BREAK,148.349,3.1709999999999923,0.15137180700095218,False
development,5.0,2024-10-19 15:00:00+00:00,2024-10-19 15:05:00+00:00,2024-10-19 15:05:00+00:00,2024-10-19 15:05:00+00:00,2024-10-19 15:10:00+00:00,FAILED_BREAK,157.0,3.490000000000009,0.0659025787965585,True
development,5.0,2024-10-21 19:50:00+00:00,2024-10-21 19:50:00+00:00,2024-10-21 19:50:00+00:00,2024-10-21 19:50:00+00:00,2024-10-21 19:55:00+00:00,FAILED_BREAK,167.79,6.439999999999998,0.038819875776397526,True
development,5.0,2024-10-23 18:45:00+00:00,2024-10-23 18:55:00+00:00,2024-10-23 18:55:00+00:00,2024-10-23 18:55:00+00:00,2024-10-23 19:00:00+00:00,FAILED_BREAK,169.5,5.400000000000006,0.06296296296296353,True
development,5.0,2024-10-28 22:05:00+00:00,2024-10-28 22:05:00+00:00,2024-10-28 22:05:00+00:00,2024-10-28 22:05:00+00:00,2024-10-28 22:10:00+00:00,FAILED_BREAK,178.47,5.310000000000002,0.09981167608286269,False
development,5.0,2024-11-06 21:30:00+00:00,2024-11-06 21:30:00+00:00,2024-11-06 21:30:00+00:00,2024-11-06 21:55:00+00:00,2024-11-06 22:00:00+00:00,FAILED_BREAK,188.72,5.490000000000009,0.2659380692167588,False
development,5.0,2024-11-15 20:50:00+00:00,2024-11-15 20:50:00+00:00,2024-11-15 20:50:00+00:00,2024-11-15 21:00:00+00:00,2024-11-15 21:05:00+00:00,RECOVER_E40,215.44,5.189999999999998,0.16570327552986783,False
development,5.0,2024-11-21 16:50:00+00:00,2024-11-21 16:50:00+00:00,2024-11-21 16:50:00+00:00,2024-11-21 17:00:00+00:00,2024-11-21 17:05:00+00:00,RECOVER_E40,253.47,13.52000000000001,0.15606508875739733,False
development,5.0,2024-11-27 15:35:00+00:00,2024-11-27 15:35:00+00:00,2024-11-27 15:35:00+00:00,2024-11-27 15:35:00+00:00,2024-11-27 15:40:00+00:00,FAILED_BREAK,239.85,7.810000000000002,0.01920614596671007,True
development,5.0,2024-12-02 15:20:00+00:00,2024-12-02 15:20:00+00:00,2024-12-02 15:20:00+00:00,2024-12-02 15:20:00+00:00,2024-12-02 15:25:00+00:00,FAILED_BREAK,228.14,6.429999999999978,0.06842923794712716,True
development,5.0,2024-12-03 18:45:00+00:00,2024-12-03 18:45:00+00:00,2024-12-03 18:45:00+00:00,2024-12-03 18:45:00+00:00,2024-12-03 18:50:00+00:00,FAILED_BREAK,227.12,12.009999999999993,0.051623646960866354,True
development,5.0,2024-12-06 01:25:00+00:00,2024-12-06 01:25:00+00:00,2024-12-06 01:25:00+00:00,2024-12-06 01:30:00+00:00,2024-12-06 01:35:00+00:00,FAILED_BREAK,245.12,10.27000000000001,0.21421616358325088,False
development,5.0,2024-12-06 15:30:00+00:00,2024-12-06 15:30:00+00:00,2024-12-06 15:30:00+00:00,2024-12-06 15:30:00+00:00,2024-12-06 15:35:00+00:00,FAILED_BREAK,238.22,7.189999999999998,0.026425591098747953,True
development,5.0,2024-12-11 15:00:00+00:00,2024-12-11 15:00:00+00:00,2024-12-11 15:00:00+00:00,2024-12-11 15:00:00+00:00,2024-12-11 15:05:00+00:00,RECOVER_E40,227.51,7.090000000000003,0.062059238363892454,True
development,5.0,2024-12-12 17:30:00+00:00,2024-12-12 17:30:00+00:00,2024-12-12 17:30:00+00:00,2024-12-12 17:30:00+00:00,2024-12-12 17:35:00+00:00,FAILED_BREAK,233.48,5.189999999999998,0.06165703275530284,True
development,5.0,2024-12-15 16:05:00+00:00,2024-12-15 16:05:00+00:00,2024-12-15 16:05:00+00:00,2024-12-15 16:05:00+00:00,2024-12-15 16:10:00+00:00,FAILED_BREAK,221.44,4.189999999999998,0.016706443914079525,True
development,5.0,2024-12-20 15:15:00+00:00,2024-12-20 15:15:00+00:00,2024-12-20 15:15:00+00:00,2024-12-20 15:20:00+00:00,2024-12-20 15:25:00+00:00,FAILED_BREAK,189.44,14.240000000000007,0.11797752808988805,False
development,5.0,2024-12-28 15:00:00+00:00,2024-12-28 15:00:00+00:00,2024-12-28 15:00:00+00:00,2024-12-28 15:45:00+00:00,2024-12-28 15:50:00+00:00,FAILED_BREAK,190.1,4.680000000000007,0.23504273504273349,False
development,5.0,2024-12-30 19:00:00+00:00,2024-12-30 19:05:00+00:00,2024-12-30 19:05:00+00:00,2024-12-30 19:05:00+00:00,2024-12-30 19:10:00+00:00,FAILED_BREAK,194.77,7.630000000000024,0.04718217562254051,True
external,,2020-09-17 17:30:00+00:00,2020-09-17 17:30:00+00:00,2020-09-17 17:30:00+00:00,2020-09-17 17:30:00+00:00,2020-09-17 17:35:00+00:00,RECOVER_E40,2.6855,0.3286000000000002,0.031040779062689462,True
external,,2020-09-19 01:20:00+00:00,2020-09-19 01:20:00+00:00,2020-09-19 01:20:00+00:00,2020-09-19 01:30:00+00:00,2020-09-19 01:35:00+00:00,RECOVER_E40,3.15,0.242,0.38471074380165365,False
external,,2020-09-21 18:10:00+00:00,2020-09-21 18:10:00+00:00,2020-09-21 18:10:00+00:00,2020-09-21 18:10:00+00:00,2020-09-21 18:15:00+00:00,FAILED_BREAK,2.7324,0.2748000000000004,0.06404657933042145,True
external,,2020-09-23 00:15:00+00:00,2020-09-23 00:20:00+00:00,2020-09-23 00:20:00+00:00,2020-09-23 00:30:00+00:00,2020-09-23 00:35:00+00:00,FAILED_BREAK,3.01,0.2927999999999997,0.28517759562841677,False
external,,2020-09-26 15:30:00+00:00,2020-09-26 15:30:00+00:00,2020-09-26 15:30:00+00:00,2020-09-26 15:30:00+00:00,2020-09-26 15:35:00+00:00,FAILED_BREAK,3.1542,0.1372,0.01457725947522029,True
external,,2020-10-01 01:20:00+00:00,2020-10-01 01:20:00+00:00,2020-10-01 01:20:00+00:00,2020-10-01 01:20:00+00:00,2020-10-01 01:25:00+00:00,UNRESOLVED_TIME,2.9264,0.0979000000000001,0.021450459652706727,True
external,,2020-10-02 16:40:00+00:00,2020-10-02 16:50:00+00:00,2020-10-02 16:50:00+00:00,2020-10-02 16:50:00+00:00,2020-10-02 16:55:00+00:00,FAILED_BREAK,2.6598,0.2374,0.021903959561920268,True
external,,2020-10-05 01:30:00+00:00,2020-10-05 01:30:00+00:00,2020-10-05 01:30:00+00:00,2020-10-05 01:30:00+00:00,2020-10-05 01:35:00+00:00,FAILED_BREAK,2.5659,0.0685000000000002,0.08467153284671224,True
external,,2020-10-05 16:00:00+00:00,2020-10-05 16:00:00+00:00,2020-10-05 16:00:00+00:00,2020-10-05 16:05:00+00:00,2020-10-05 16:10:00+00:00,FAILED_BREAK,2.6291,0.1630000000000002,0.07055214723926276,True
external,,2020-10-12 16:25:00+00:00,2020-10-12 16:25:00+00:00,2020-10-12 16:25:00+00:00,2020-10-12 16:25:00+00:00,2020-10-12 16:30:00+00:00,FAILED_BREAK,2.59,0.1376999999999997,0.017429193899783476,True
external,,2020-10-18 16:00:00+00:00,2020-10-18 16:15:00+00:00,2020-10-18 16:15:00+00:00,2020-10-18 16:15:00+00:00,2020-10-18 16:20:00+00:00,FAILED_BREAK,2.2435,0.0495999999999998,0.040322580645157015,True
external,,2020-10-22 15:05:00+00:00,2020-10-22 15:05:00+00:00,2020-10-22 15:05:00+00:00,2020-10-22 15:20:00+00:00,2020-10-22 15:25:00+00:00,FAILED_BREAK,2.0794,0.0994000000000001,0.1116700201207231,False
external,,2020-10-27 15:10:00+00:00,2020-10-27 15:10:00+00:00,2020-10-27 15:10:00+00:00,2020-10-27 15:10:00+00:00,2020-10-27 15:15:00+00:00,FAILED_BREAK,1.7347,0.1158999999999998,0.054357204486628175,True
external,,2020-10-30 15:05:00+00:00,2020-10-30 15:05:00+00:00,2020-10-30 15:05:00+00:00,2020-10-30 15:05:00+00:00,2020-10-30 15:10:00+00:00,RECOVER_E40,1.4238,0.0831999999999999,0.055288461538460856,True
external,,2020-10-31 15:55:00+00:00,2020-10-31 15:55:00+00:00,2020-10-31 15:55:00+00:00,2020-10-31 18:00:00+00:00,2020-10-31 18:05:00+00:00,FAILED_BREAK,1.5145,0.054,0.35185185185185425,False
external,,2020-11-01 15:10:00+00:00,2020-11-01 15:10:00+00:00,2020-11-01 15:10:00+00:00,2020-11-01 15:15:00+00:00,2020-11-01 15:20:00+00:00,FAILED_BREAK,1.553,0.0397999999999998,0.12562814070352113,False
external,,2020-11-04 18:35:00+00:00,2020-11-04 18:35:00+00:00,2020-11-04 18:35:00+00:00,2020-11-04 18:35:00+00:00,2020-11-04 18:40:00+00:00,FAILED_BREAK,1.4001,0.0988,0.04655870445344291,True
external,,2020-11-05 15:00:00+00:00,2020-11-05 15:00:00+00:00,2020-11-05 15:00:00+00:00,2020-11-05 15:00:00+00:00,2020-11-05 15:05:00+00:00,FAILED_BREAK,1.4525,0.1504999999999998,0.04518272425249268,True
external,,2020-11-08 15:10:00+00:00,2020-11-08 15:10:00+00:00,2020-11-08 15:10:00+00:00,2020-11-08 15:15:00+00:00,2020-11-08 15:20:00+00:00,FAILED_BREAK,2.2193,0.2518,0.22835583796664058,False
external,,2020-11-10 16:25:00+00:00,2020-11-10 16:25:00+00:00,2020-11-10 16:25:00+00:00,2020-11-10 16:25:00+00:00,2020-11-10 16:30:00+00:00,FAILED_BREAK,2.2455,0.1395999999999997,0.07091690544412638,True
external,,2020-11-22 18:00:00+00:00,2020-11-22 18:00:00+00:00,2020-11-22 18:00:00+00:00,2020-11-22 18:05:00+00:00,2020-11-22 18:10:00+00:00,FAILED_BREAK,2.246,0.2158000000000002,0.13438368860055555,False
external,,2020-11-26 21:30:00+00:00,2020-11-26 21:30:00+00:00,2020-11-26 21:30:00+00:00,2020-11-26 21:30:00+00:00,2020-11-26 21:35:00+00:00,FAILED_BREAK,1.8908,0.1287,0.06915306915306843,True
external,,2020-11-28 16:00:00+00:00,2020-11-28 16:10:00+00:00,2020-11-28 16:10:00+00:00,2020-11-28 16:10:00+00:00,2020-11-28 16:15:00+00:00,FAILED_BREAK,1.928,0.1368,0.007309941520468654,True
external,,2020-11-30 00:30:00+00:00,2020-11-30 00:30:00+00:00,2020-11-30 00:30:00+00:00,2020-11-30 00:30:00+00:00,2020-11-30 00:35:00+00:00,RECOVER_E40,1.9418,0.0514999999999998,0.11456310679611727,False
external,,2020-12-05 15:00:00+00:00,2020-12-05 15:00:00+00:00,2020-12-05 15:00:00+00:00,2020-12-05 15:00:00+00:00,2020-12-05 15:05:00+00:00,FAILED_BREAK,1.9337,0.0488999999999999,0.09815950920245245,False
external,,2020-12-08 17:25:00+00:00,2020-12-08 17:30:00+00:00,2020-12-08 17:30:00+00:00,2020-12-08 17:30:00+00:00,2020-12-08 17:35:00+00:00,FAILED_BREAK,1.7521,0.1001,0.08291708291708266,True
external,,2020-12-24 16:10:00+00:00,2020-12-24 16:10:00+00:00,2020-12-24 16:10:00+00:00,2020-12-24 16:10:00+00:00,2020-12-24 16:15:00+00:00,FAILED_BREAK,1.3195,0.0681999999999998,0.0806451612903237,True
external,,2020-12-26 16:35:00+00:00,2020-12-26 16:35:00+00:00,2020-12-26 16:35:00+00:00,2020-12-26 16:35:00+00:00,2020-12-26 16:40:00+00:00,FAILED_BREAK,1.3909,0.0534000000000001,0.05992509363295625,True
external,,2020-12-27 15:00:00+00:00,2020-12-27 15:05:00+00:00,2020-12-27 15:05:00+00:00,2020-12-27 15:05:00+00:00,2020-12-27 15:10:00+00:00,FAILED_BREAK,1.3776,0.1231999999999999,0.04383116883116944,True
external,,2021-01-01 15:20:00+00:00,2021-01-01 15:20:00+00:00,2021-01-01 15:20:00+00:00,2021-01-01 15:20:00+00:00,2021-01-01 15:25:00+00:00,FAILED_BREAK,1.64,0.0723999999999998,0.08149171270718278,True
external,,2021-01-02 17:05:00+00:00,2021-01-02 17:05:00+00:00,2021-01-02 17:05:00+00:00,2021-01-02 17:30:00+00:00,2021-01-02 17:35:00+00:00,RECOVER_E40,1.8396,0.1257999999999999,0.18600953895071626,False
external,,2021-01-04 02:05:00+00:00,2021-01-04 02:05:00+00:00,2021-01-04 02:05:00+00:00,2021-01-04 02:05:00+00:00,2021-01-04 02:10:00+00:00,FAILED_BREAK,2.3589,0.4199000000000001,0.09764229578471044,False
external,,2021-01-04 15:05:00+00:00,2021-01-04 15:05:00+00:00,2021-01-04 15:05:00+00:00,2021-01-04 15:05:00+00:00,2021-01-04 15:10:00+00:00,FAILED_BREAK,2.2528,0.4346000000000001,0.036585365853658076,True
external,,2021-01-09 18:05:00+00:00,2021-01-09 18:05:00+00:00,2021-01-09 18:05:00+00:00,2021-01-09 18:05:00+00:00,2021-01-09 18:10:00+00:00,RECOVER_E40,3.35,0.2255000000000002,0.00266075388026578,True
external,,2021-01-12 16:10:00+00:00,2021-01-12 16:15:00+00:00,2021-01-12 16:15:00+00:00,2021-01-12 16:20:00+00:00,2021-01-12 16:25:00+00:00,FAILED_BREAK,3.4844,0.3336999999999999,0.15762661072819897,False
external,,2021-01-13 15:35:00+00:00,2021-01-13 15:40:00+00:00,2021-01-13 15:40:00+00:00,2021-01-13 15:40:00+00:00,2021-01-13 15:45:00+00:00,RECOVER_E40,3.4658,0.2186000000000003,0.048490393412624455,True
external,,2021-01-17 16:30:00+00:00,2021-01-17 16:30:00+00:00,2021-01-17 16:30:00+00:00,2021-01-17 16:30:00+00:00,2021-01-17 16:35:00+00:00,RECOVER_E40,3.6216,0.3155000000000001,0.010776545166402753,True
external,,2021-01-20 15:10:00+00:00,2021-01-20 15:10:00+00:00,2021-01-20 15:10:00+00:00,2021-01-20 15:10:00+00:00,2021-01-20 15:15:00+00:00,FAILED_BREAK,3.6035,0.2795000000000001,0.010733452593918114,True
external,,2021-01-22 15:05:00+00:00,2021-01-22 15:05:00+00:00,2021-01-22 15:05:00+00:00,2021-01-22 15:10:00+00:00,2021-01-22 15:15:00+00:00,FAILED_BREAK,3.4016,0.2863000000000002,0.11386657352427501,False
external,,2021-01-26 20:00:00+00:00,2021-01-26 20:00:00+00:00,2021-01-26 20:00:00+00:00,2021-01-26 20:00:00+00:00,2021-01-26 20:05:00+00:00,FAILED_BREAK,4.0645,0.4021999999999996,0.06340129288911014,True
external,,2021-01-27 16:05:00+00:00,2021-01-27 16:05:00+00:00,2021-01-27 16:05:00+00:00,2021-01-27 16:05:00+00:00,2021-01-27 16:10:00+00:00,FAILED_BREAK,3.7466,0.2282999999999999,0.028909329829172863,True
external,,2021-01-29 15:15:00+00:00,2021-01-29 15:20:00+00:00,2021-01-29 15:20:00+00:00,2021-01-29 15:25:00+00:00,2021-01-29 15:30:00+00:00,FAILED_BREAK,3.8542,0.1802999999999999,0.08097615085967683,True
external,,2021-01-30 15:20:00+00:00,2021-01-30 15:20:00+00:00,2021-01-30 15:20:00+00:00,2021-01-30 15:20:00+00:00,2021-01-30 15:25:00+00:00,RECOVER_E40,4.0085,0.1811999999999995,0.018211920529803045,True
external,,2021-02-01 18:05:00+00:00,2021-02-01 18:05:00+00:00,2021-02-01 18:05:00+00:00,2021-02-01 18:15:00+00:00,2021-02-01 18:20:00+00:00,FAILED_BREAK,4.409,0.2626999999999997,0.1149600304529875,False
external,,2021-02-04 20:05:00+00:00,2021-02-04 20:05:00+00:00,2021-02-04 20:05:00+00:00,2021-02-04 20:05:00+00:00,2021-02-04 20:10:00+00:00,RECOVER_E40,5.9662,0.3849,0.056378280072746305,True
external,,2021-02-06 21:20:00+00:00,2021-02-06 21:25:00+00:00,2021-02-06 21:25:00+00:00,2021-02-06 21:25:00+00:00,2021-02-06 21:30:00+00:00,FAILED_BREAK,6.2795,0.4295,0.019557625145517957,True
external,,2021-02-10 01:50:00+00:00,2021-02-10 01:50:00+00:00,2021-02-10 01:50:00+00:00,2021-02-10 01:50:00+00:00,2021-02-10 01:55:00+00:00,FAILED_BREAK,8.3954,0.8279000000000005,0.03164633409832023,True
external,,2021-02-10 20:05:00+00:00,2021-02-10 20:05:00+00:00,2021-02-10 20:05:00+00:00,2021-02-10 20:05:00+00:00,2021-02-10 20:10:00+00:00,FAILED_BREAK,8.4551,1.1672000000000002,0.03846812885538053,True
external,,2021-02-17 15:05:00+00:00,2021-02-17 15:05:00+00:00,2021-02-17 15:05:00+00:00,2021-02-17 15:05:00+00:00,2021-02-17 15:10:00+00:00,FAILED_BREAK,8.2938,0.4474999999999989,0.02122905027933179,True
external,,2021-02-21 17:15:00+00:00,2021-02-21 17:15:00+00:00,2021-02-21 17:15:00+00:00,2021-02-21 17:15:00+00:00,2021-02-21 17:20:00+00:00,RECOVER_E40,10.9061,0.7030000000000012,0.057183499288763,True
external,,2021-02-24 01:20:00+00:00,2021-02-24 01:20:00+00:00,2021-02-24 01:20:00+00:00,2021-02-24 01:20:00+00:00,2021-02-24 01:25:00+00:00,UNRESOLVED_TIME,15.8026,4.402699999999999,0.042564789788084645,True
external,,2021-02-25 15:00:00+00:00,2021-02-25 15:00:00+00:00,2021-02-25 15:00:00+00:00,2021-02-25 15:00:00+00:00,2021-02-25 15:05:00+00:00,FAILED_BREAK,16.398,0.8917999999999999,0.03341556402781073,True
external,,2021-03-01 15:00:00+00:00,2021-03-01 15:10:00+00:00,2021-03-01 15:10:00+00:00,2021-03-01 15:10:00+00:00,2021-03-01 15:15:00+00:00,FAILED_BREAK,15.3207,0.9089000000000008,0.027835845527560386,True
external,,2021-03-05 15:05:00+00:00,2021-03-05 15:05:00+00:00,2021-03-05 15:05:00+00:00,2021-03-05 15:05:00+00:00,2021-03-05 15:10:00+00:00,FAILED_BREAK,12.9171,0.7271000000000001,0.04015953789025061,True
external,,2021-03-07 17:40:00+00:00,2021-03-07 17:45:00+00:00,2021-03-07 17:45:00+00:00,2021-03-07 18:00:00+00:00,2021-03-07 18:05:00+00:00,FAILED_BREAK,13.9344,1.1135000000000002,0.09546475078580975,False
external,,2021-03-08 15:20:00+00:00,2021-03-08 15:20:00+00:00,2021-03-08 15:20:00+00:00,2021-03-08 15:20:00+00:00,2021-03-08 15:25:00+00:00,FAILED_BREAK,13.6351,0.5350999999999999,0.022051952906000604,True
external,,2021-03-13 17:50:00+00:00,2021-03-13 17:55:00+00:00,2021-03-13 17:55:00+00:00,2021-03-13 17:55:00+00:00,2021-03-13 18:00:00+00:00,FAILED_BREAK,15.1755,0.7992999999999988,0.045289628424872955,True
external,,2021-03-14 18:55:00+00:00,2021-03-14 19:00:00+00:00,2021-03-14 19:00:00+00:00,2021-03-14 19:00:00+00:00,2021-03-14 19:05:00+00:00,FAILED_BREAK,14.8807,0.5145,0.07288629737609606,True
external,,2021-03-15 20:10:00+00:00,2021-03-15 20:10:00+00:00,2021-03-15 20:10:00+00:00,2021-03-15 20:10:00+00:00,2021-03-15 20:15:00+00:00,FAILED_BREAK,14.3665,0.7544000000000004,0.03751325556733796,True
external,,2021-03-16 16:00:00+00:00,2021-03-16 16:05:00+00:00,2021-03-16 16:05:00+00:00,2021-03-16 16:05:00+00:00,2021-03-16 16:10:00+00:00,FAILED_BREAK,13.867,0.3863000000000003,0.034170333937352894,True
external,,2021-03-21 15:10:00+00:00,2021-03-21 15:10:00+00:00,2021-03-21 15:10:00+00:00,2021-03-21 15:10:00+00:00,2021-03-21 15:15:00+00:00,FAILED_BREAK,13.9971,0.3630999999999993,0.03552740291930641,True
external,,2021-03-24 15:15:00+00:00,2021-03-24 15:15:00+00:00,2021-03-24 15:15:00+00:00,2021-03-24 15:15:00+00:00,2021-03-24 15:20:00+00:00,FAILED_BREAK,14.9,0.2934000000000001,0.07191547375596039,True
external,,2021-03-28 17:10:00+00:00,2021-03-28 17:10:00+00:00,2021-03-28 17:10:00+00:00,2021-03-28 17:10:00+00:00,2021-03-28 17:15:00+00:00,FAILED_BREAK,19.2854,1.705400000000001,0.025272663304795946,True
external,,2021-03-29 17:45:00+00:00,2021-03-29 17:45:00+00:00,2021-03-29 17:45:00+00:00,2021-03-29 18:30:00+00:00,2021-03-29 18:35:00+00:00,FAILED_BREAK,18.78,0.7038000000000011,0.37936913895993046,False
external,,2021-03-31 19:15:00+00:00,2021-03-31 19:15:00+00:00,2021-03-31 19:15:00+00:00,2021-03-31 19:15:00+00:00,2021-03-31 19:20:00+00:00,FAILED_BREAK,19.75,1.246500000000001,0.026714801444043743,True
external,,2021-04-02 15:30:00+00:00,2021-04-02 15:30:00+00:00,2021-04-02 15:30:00+00:00,2021-04-02 15:40:00+00:00,2021-04-02 15:45:00+00:00,RECOVER_E40,19.5016,0.5413999999999994,0.38234207609900434,False
external,,2021-04-06 17:00:00+00:00,2021-04-06 17:00:00+00:00,2021-04-06 17:00:00+00:00,2021-04-06 17:00:00+00:00,2021-04-06 17:05:00+00:00,FAILED_BREAK,23.5388,1.8878999999999984,0.07304412309974152,True
external,,2021-04-14 16:35:00+00:00,2021-04-14 16:40:00+00:00,2021-04-14 16:40:00+00:00,2021-04-14 16:40:00+00:00,2021-04-14 16:45:00+00:00,FAILED_BREAK,26.3513,1.7624999999999993,0.05486524822695152,True
external,,2021-04-15 15:00:00+00:00,2021-04-15 15:15:00+00:00,2021-04-15 15:15:00+00:00,2021-04-15 15:15:00+00:00,2021-04-15 15:20:00+00:00,FAILED_BREAK,27.6487,1.3032000000000004,0.058471454880294677,True
external,,2021-04-18 15:30:00+00:00,2021-04-18 15:30:00+00:00,2021-04-18 15:30:00+00:00,2021-04-18 15:30:00+00:00,2021-04-18 15:35:00+00:00,FAILED_BREAK,27.7968,2.889300000000002,0.017789776070327556,True
external,,2021-04-19 17:40:00+00:00,2021-04-19 17:40:00+00:00,2021-04-19 17:40:00+00:00,2021-04-19 17:45:00+00:00,2021-04-19 17:50:00+00:00,FAILED_BREAK,34.9967,5.0959999999999965,0.11787676609105255,False
external,,2021-04-20 19:40:00+00:00,2021-04-20 19:40:00+00:00,2021-04-20 19:40:00+00:00,2021-04-20 19:45:00+00:00,2021-04-20 19:50:00+00:00,FAILED_BREAK,31.6915,2.165800000000001,0.12147936097515827,False
external,,2021-04-22 01:05:00+00:00,2021-04-22 01:05:00+00:00,2021-04-22 01:05:00+00:00,2021-04-22 01:05:00+00:00,2021-04-22 01:10:00+00:00,FAILED_BREAK,35.1789,5.043299999999999,0.03232010786588223,True
external,,2021-04-22 15:00:00+00:00,2021-04-22 15:00:00+00:00,2021-04-22 15:00:00+00:00,2021-04-22 15:05:00+00:00,2021-04-22 15:10:00+00:00,RECOVER_E40,37.9925,1.9046999999999985,0.13855200294009545,False
external,,2021-04-23 20:20:00+00:00,2021-04-23 20:20:00+00:00,2021-04-23 20:20:00+00:00,2021-04-23 20:20:00+00:00,2021-04-23 20:25:00+00:00,FAILED_BREAK,36.7278,3.544699999999999,0.019663159082573264,True
external,,2021-04-25 15:25:00+00:00,2021-04-25 15:25:00+00:00,2021-04-25 15:25:00+00:00,2021-04-25 15:25:00+00:00,2021-04-25 15:30:00+00:00,FAILED_BREAK,45.3,4.486899999999999,0.08914840981524122,True
external,,2021-04-28 16:40:00+00:00,2021-04-28 16:45:00+00:00,2021-04-28 16:45:00+00:00,2021-04-28 16:45:00+00:00,2021-04-28 16:50:00+00:00,FAILED_BREAK,46.5802,5.030799999999999,0.08106066629561934,True
external,,2021-04-29 15:30:00+00:00,2021-04-29 15:35:00+00:00,2021-04-29 15:35:00+00:00,2021-04-29 15:35:00+00:00,2021-04-29 15:40:00+00:00,FAILED_BREAK,44.6,1.8700000000000043,0.08187165775401158,True
external,,2021-05-01 15:40:00+00:00,2021-05-01 15:40:00+00:00,2021-05-01 15:40:00+00:00,2021-05-01 16:10:00+00:00,2021-05-01 16:15:00+00:00,RECOVER_E40,46.9781,4.589799999999997,0.20671924702601557,False
external,,2021-05-02 17:50:00+00:00,2021-05-02 17:50:00+00:00,2021-05-02 17:50:00+00:00,2021-05-02 17:50:00+00:00,2021-05-02 17:55:00+00:00,FAILED_BREAK,47.731,1.6030000000000015,0.09295071740486635,False
external,,2021-05-05 19:20:00+00:00,2021-05-05 19:20:00+00:00,2021-05-05 19:20:00+00:00,2021-05-05 19:20:00+00:00,2021-05-05 19:25:00+00:00,FAILED_BREAK,45.8675,1.8675,0.04171352074966513,True
external,,2021-05-11 18:15:00+00:00,2021-05-11 18:15:00+00:00,2021-05-11 18:15:00+00:00,2021-05-11 18:20:00+00:00,2021-05-11 18:25:00+00:00,FAILED_BREAK,42.288,2.2479999999999976,0.1881672597864779,False
external,,2021-05-14 15:00:00+00:00,2021-05-14 15:00:00+00:00,2021-05-14 15:00:00+00:00,2021-05-14 15:05:00+00:00,2021-05-14 15:10:00+00:00,RECOVER_E40,43.843,2.041000000000004,0.1205291523762835,False
external,,2021-05-15 15:00:00+00:00,2021-05-15 15:00:00+00:00,2021-05-15 15:00:00+00:00,2021-05-15 15:05:00+00:00,2021-05-15 15:10:00+00:00,FAILED_BREAK,41.579,1.4750000000000014,0.14305084745762597,False
external,,2021-05-18 16:15:00+00:00,2021-05-18 16:15:00+00:00,2021-05-18 16:15:00+00:00,2021-05-18 16:15:00+00:00,2021-05-18 16:20:00+00:00,RECOVER_E40,55.148,4.009,0.004739336492890584,True
external,,2021-05-20 15:10:00+00:00,2021-05-20 15:10:00+00:00,2021-05-20 15:10:00+00:00,2021-05-20 15:10:00+00:00,2021-05-20 15:15:00+00:00,FAILED_BREAK,45.001,5.6669999999999945,0.033527439562379566,True
external,,2021-05-24 19:45:00+00:00,2021-05-24 19:45:00+00:00,2021-05-24 19:45:00+00:00,2021-05-24 19:45:00+00:00,2021-05-24 19:50:00+00:00,FAILED_BREAK,31.423,4.357999999999997,0.05461220743460378,True
external,,2021-05-25 15:55:00+00:00,2021-05-25 15:55:00+00:00,2021-05-25 15:55:00+00:00,2021-05-25 15:55:00+00:00,2021-05-25 16:00:00+00:00,FAILED_BREAK,29.5,3.561,0.05447907891041816,True
external,,2021-05-27 20:30:00+00:00,2021-05-27 20:30:00+00:00,2021-05-27 20:30:00+00:00,2021-05-27 20:30:00+00:00,2021-05-27 20:35:00+00:00,FAILED_BREAK,35.266,1.5409999999999968,0.11810512654120865,False
external,,2021-05-31 15:35:00+00:00,2021-05-31 15:35:00+00:00,2021-05-31 15:35:00+00:00,2021-05-31 17:00:00+00:00,2021-05-31 17:05:00+00:00,FAILED_BREAK,32.409,1.8639999999999968,0.3261802575107324,False
external,,2021-06-03 17:00:00+00:00,2021-06-03 17:00:00+00:00,2021-06-03 17:00:00+00:00,2021-06-03 17:00:00+00:00,2021-06-03 17:05:00+00:00,FAILED_BREAK,39.757,3.6229999999999976,0.03394976538780148,True
external,,2021-06-04 15:50:00+00:00,2021-06-04 15:50:00+00:00,2021-06-04 15:50:00+00:00,2021-06-04 16:15:00+00:00,2021-06-04 16:20:00+00:00,FAILED_BREAK,37.798,3.5730000000000004,0.2395745871816405,False
external,,2021-06-06 15:00:00+00:00,2021-06-06 15:00:00+00:00,2021-06-06 15:00:00+00:00,2021-06-06 15:05:00+00:00,2021-06-06 15:10:00+00:00,RECOVER_E40,42.02,1.791000000000004,0.21217197096593782,False
external,,2021-06-08 16:00:00+00:00,2021-06-08 16:00:00+00:00,2021-06-08 16:00:00+00:00,2021-06-08 16:20:00+00:00,2021-06-08 16:25:00+00:00,FAILED_BREAK,37.439,3.051000000000002,0.3549655850540799,False
external,,2021-06-15 17:55:00+00:00,2021-06-15 17:55:00+00:00,2021-06-15 17:55:00+00:00,2021-06-15 18:15:00+00:00,2021-06-15 18:20:00+00:00,FAILED_BREAK,41.137,1.615000000000002,0.23529411764706012,False
external,,2021-06-20 19:35:00+00:00,2021-06-20 19:40:00+00:00,2021-06-20 19:40:00+00:00,2021-06-20 19:40:00+00:00,2021-06-20 19:45:00+00:00,FAILED_BREAK,35.123,3.881999999999998,0.054353426069038056,True
external,,2021-06-27 22:15:00+00:00,2021-06-27 22:25:00+00:00,2021-06-27 22:25:00+00:00,2021-06-27 22:25:00+00:00,2021-06-27 22:30:00+00:00,FAILED_BREAK,31.159,1.4239999999999997,0.04283707865168536,True
external,,2021-07-07 18:00:00+00:00,2021-07-07 18:05:00+00:00,2021-07-07 18:05:00+00:00,2021-07-07 18:10:00+00:00,2021-07-07 18:15:00+00:00,FAILED_BREAK,37.58,2.9849999999999994,0.1306532663316585,False
external,,2021-07-14 18:30:00+00:00,2021-07-14 18:30:00+00:00,2021-07-14 18:30:00+00:00,2021-07-14 18:30:00+00:00,2021-07-14 18:35:00+00:00,FAILED_BREAK,31.18,3.652000000000001,0.017250821467688613,True
external,,2021-07-17 19:25:00+00:00,2021-07-17 19:35:00+00:00,2021-07-17 19:35:00+00:00,2021-07-17 19:35:00+00:00,2021-07-17 19:40:00+00:00,RECOVER_E40,26.928,0.9909999999999995,0.04843592330978636,True
external,,2021-07-20 15:00:00+00:00,2021-07-20 15:15:00+00:00,2021-07-20 15:15:00+00:00,2021-07-20 15:20:00+00:00,2021-07-20 15:25:00+00:00,RECOVER_E40,23.385,1.3340000000000032,0.12593703148425703,False
external,,2021-07-24 16:40:00+00:00,2021-07-24 16:40:00+00:00,2021-07-24 16:40:00+00:00,2021-07-24 16:40:00+00:00,2021-07-24 16:45:00+00:00,FAILED_BREAK,29.141,0.8769999999999989,0.052451539338657906,True
external,,2021-07-26 00:20:00+00:00,2021-07-26 00:20:00+00:00,2021-07-26 00:20:00+00:00,2021-07-26 00:20:00+00:00,2021-07-26 00:25:00+00:00,FAILED_BREAK,28.444,1.9179999999999997,0.027111574556829828,True
external,,2021-07-26 16:25:00+00:00,2021-07-26 16:25:00+00:00,2021-07-26 16:25:00+00:00,2021-07-26 16:25:00+00:00,2021-07-26 16:30:00+00:00,FAILED_BREAK,30.499,1.0599999999999987,0.003773584905661642,True
external,,2021-07-29 16:00:00+00:00,2021-07-29 16:05:00+00:00,2021-07-29 16:05:00+00:00,2021-07-29 16:05:00+00:00,2021-07-29 16:10:00+00:00,RECOVER_E40,29.782,1.8709999999999989,0.05558524853019736,True
external,,2021-07-30 17:55:00+00:00,2021-07-30 17:55:00+00:00,2021-07-30 17:55:00+00:00,2021-07-30 18:00:00+00:00,2021-07-30 18:05:00+00:00,FAILED_BREAK,31.474,1.5940000000000012,0.09159347553325012,False
external,,2021-08-04 15:00:00+00:00,2021-08-04 15:00:00+00:00,2021-08-04 15:00:00+00:00,2021-08-04 15:00:00+00:00,2021-08-04 15:05:00+00:00,FAILED_BREAK,35.358,2.088999999999998,0.03255146002872427,True
external,,2021-08-06 15:00:00+00:00,2021-08-06 15:00:00+00:00,2021-08-06 15:00:00+00:00,2021-08-06 15:00:00+00:00,2021-08-06 15:05:00+00:00,RECOVER_E40,39.034,2.293999999999997,0.07236268526591288,True
external,,2021-08-09 15:10:00+00:00,2021-08-09 15:10:00+00:00,2021-08-09 15:10:00+00:00,2021-08-09 15:10:00+00:00,2021-08-09 15:15:00+00:00,FAILED_BREAK,39.776,1.2250000000000014,0.07428571428570928,True
external,,2021-08-11 20:00:00+00:00,2021-08-11 20:00:00+00:00,2021-08-11 20:00:00+00:00,2021-08-11 20:00:00+00:00,2021-08-11 20:05:00+00:00,FAILED_BREAK,43.483,1.5409999999999968,0.03698896820246741,True
external,,2021-08-13 01:15:00+00:00,2021-08-13 01:30:00+00:00,2021-08-13 01:30:00+00:00,2021-08-13 01:35:00+00:00,2021-08-13 01:40:00+00:00,UNRESOLVED_TIME,41.935,2.5720000000000027,0.17107309486780609,False
external,,2021-08-13 23:45:00+00:00,2021-08-13 23:45:00+00:00,2021-08-13 23:45:00+00:00,2021-08-13 23:45:00+00:00,2021-08-13 23:50:00+00:00,FAILED_BREAK,44.7,1.4840000000000018,0.17587601078166804,False
external,,2021-08-15 15:15:00+00:00,2021-08-15 15:15:00+00:00,2021-08-15 15:15:00+00:00,2021-08-15 15:20:00+00:00,2021-08-15 15:25:00+00:00,RECOVER_E40,47.611,3.2919999999999945,0.14550425273390252,False
external,,2021-08-19 15:35:00+00:00,2021-08-19 15:35:00+00:00,2021-08-19 15:35:00+00:00,2021-08-19 15:35:00+00:00,2021-08-19 15:40:00+00:00,FAILED_BREAK,73.15,4.865000000000009,0.05364850976361669,True
external,,2021-08-25 15:45:00+00:00,2021-08-25 15:50:00+00:00,2021-08-25 15:50:00+00:00,2021-08-25 15:50:00+00:00,2021-08-25 15:55:00+00:00,FAILED_BREAK,71.229,4.771000000000001,0.07273108363026497,True
external,,2021-08-27 00:35:00+00:00,2021-08-27 00:40:00+00:00,2021-08-27 00:40:00+00:00,2021-08-27 01:45:00+00:00,2021-08-27 01:50:00+00:00,RECOVER_E40,78.18,11.680000000000009,0.2238013698630127,False
external,,2021-08-28 16:00:00+00:00,2021-08-28 16:00:00+00:00,2021-08-28 16:00:00+00:00,2021-08-28 16:00:00+00:00,2021-08-28 16:05:00+00:00,FAILED_BREAK,95.0,7.302000000000007,0.2054231717337714,False
external,,2021-08-30 15:10:00+00:00,2021-08-30 15:10:00+00:00,2021-08-30 15:10:00+00:00,2021-08-30 15:10:00+00:00,2021-08-30 15:15:00+00:00,RECOVER_E40,103.989,5.719999999999999,0.15209790209790044,False
external,,2021-09-03 20:05:00+00:00,2021-09-03 20:05:00+00:00,2021-09-03 20:05:00+00:00,2021-09-03 20:05:00+00:00,2021-09-03 20:10:00+00:00,FAILED_BREAK,144.868,8.462999999999994,0.015597305919887167,True
external,,2021-09-05 22:05:00+00:00,2021-09-05 22:05:00+00:00,2021-09-05 22:05:00+00:00,2021-09-05 22:05:00+00:00,2021-09-05 22:10:00+00:00,RECOVER_E40,142.088,4.671999999999997,0.054580479452053854,True
external,,2021-09-06 15:10:00+00:00,2021-09-06 15:10:00+00:00,2021-09-06 15:10:00+00:00,2021-09-06 15:10:00+00:00,2021-09-06 15:15:00+00:00,FAILED_BREAK,146.347,10.626000000000005,0.14313946922642443,False
external,,2021-09-08 15:35:00+00:00,2021-09-08 15:35:00+00:00,2021-09-08 15:35:00+00:00,2021-09-08 15:35:00+00:00,2021-09-08 15:40:00+00:00,FAILED_BREAK,166.603,14.302999999999995,0.08963154582954504,True
external,,2021-09-13 20:25:00+00:00,2021-09-13 20:30:00+00:00,2021-09-13 20:30:00+00:00,2021-09-13 20:30:00+00:00,2021-09-13 20:35:00+00:00,RECOVER_E40,167.8,17.600000000000023,0.039034090909089915,True
external,,2021-09-15 16:10:00+00:00,2021-09-15 16:10:00+00:00,2021-09-15 16:10:00+00:00,2021-09-15 16:10:00+00:00,2021-09-15 16:15:00+00:00,FAILED_BREAK,162.706,7.600999999999999,0.05722931193264075,True
external,,2021-09-17 15:30:00+00:00,2021-09-17 15:30:00+00:00,2021-09-17 15:30:00+00:00,2021-09-17 15:30:00+00:00,2021-09-17 15:35:00+00:00,FAILED_BREAK,144.529,10.528999999999996,0.043403931997340085,True
external,,2021-09-23 15:05:00+00:00,2021-09-23 15:10:00+00:00,2021-09-23 15:10:00+00:00,2021-09-23 15:10:00+00:00,2021-09-23 15:15:00+00:00,FAILED_BREAK,149.499,6.489000000000004,0.061796887039607055,True
external,,2021-09-26 15:35:00+00:00,2021-09-26 15:40:00+00:00,2021-09-26 15:40:00+00:00,2021-09-26 15:40:00+00:00,2021-09-26 15:45:00+00:00,FAILED_BREAK,138.272,10.931999999999988,0.0610135382363705,True
external,,2021-10-02 15:40:00+00:00,2021-10-02 15:45:00+00:00,2021-10-02 15:45:00+00:00,2021-10-02 15:45:00+00:00,2021-10-02 15:50:00+00:00,RECOVER_E40,169.117,11.85899999999998,0.07445821738763903,True
external,,2021-10-08 15:05:00+00:00,2021-10-08 15:05:00+00:00,2021-10-08 15:05:00+00:00,2021-10-08 15:05:00+00:00,2021-10-08 15:10:00+00:00,FAILED_BREAK,168.596,9.925000000000011,0.040705289672543665,True
external,,2021-10-12 16:40:00+00:00,2021-10-12 16:40:00+00:00,2021-10-12 16:40:00+00:00,2021-10-12 16:40:00+00:00,2021-10-12 16:45:00+00:00,RECOVER_E40,145.429,7.733000000000004,0.060002586318375586,True
external,,2021-10-22 15:00:00+00:00,2021-10-22 15:00:00+00:00,2021-10-22 15:00:00+00:00,2021-10-22 15:00:00+00:00,2021-10-22 15:05:00+00:00,FAILED_BREAK,214.3,13.070999999999998,0.0459031443653886,True
external,,2021-10-25 15:00:00+00:00,2021-10-25 15:00:00+00:00,2021-10-25 15:00:00+00:00,2021-10-25 15:00:00+00:00,2021-10-25 15:05:00+00:00,RECOVER_E40,214.607,9.50200000000001,0.05840875605135827,True
external,,2021-10-31 15:00:00+00:00,2021-10-31 15:00:00+00:00,2021-10-31 15:00:00+00:00,2021-10-31 15:00:00+00:00,2021-10-31 15:05:00+00:00,RECOVER_E40,195.0,9.53,0.08992654774396636,True
external,,2021-11-03 18:45:00+00:00,2021-11-03 18:45:00+00:00,2021-11-03 18:45:00+00:00,2021-11-03 18:45:00+00:00,2021-11-03 18:50:00+00:00,FAILED_BREAK,235.269,12.277000000000015,0.05131546794819538,True
external,,2021-11-18 00:50:00+00:00,2021-11-18 00:50:00+00:00,2021-11-18 00:50:00+00:00,2021-11-18 00:50:00+00:00,2021-11-18 00:55:00+00:00,FAILED_BREAK,222.33,12.765000000000017,0.037054445750096685,True
external,,2021-11-20 18:40:00+00:00,2021-11-20 18:45:00+00:00,2021-11-20 18:45:00+00:00,2021-11-20 18:50:00+00:00,2021-11-20 18:55:00+00:00,FAILED_BREAK,216.999,4.097999999999985,0.1830161054172774,False
external,,2021-11-25 15:05:00+00:00,2021-11-25 15:05:00+00:00,2021-11-25 15:05:00+00:00,2021-11-25 15:05:00+00:00,2021-11-25 15:10:00+00:00,FAILED_BREAK,214.685,12.673000000000002,0.014597964175807011,True
external,,2021-11-28 20:35:00+00:00,2021-11-28 20:45:00+00:00,2021-11-28 20:45:00+00:00,2021-11-28 20:45:00+00:00,2021-11-28 20:50:00+00:00,RECOVER_E40,191.579,4.189000000000021,0.18620195750775773,False
external,,2021-11-29 17:10:00+00:00,2021-11-29 17:10:00+00:00,2021-11-29 17:10:00+00:00,2021-11-29 17:10:00+00:00,2021-11-29 17:15:00+00:00,FAILED_BREAK,210.898,9.897999999999996,0.06233582541927566,True
external,,2021-12-04 15:00:00+00:00,2021-12-04 15:05:00+00:00,2021-12-04 15:05:00+00:00,2021-12-04 15:05:00+00:00,2021-12-04 15:10:00+00:00,FAILED_BREAK,205.145,19.712000000000018,0.0433745941558436,True
external,,2021-12-08 15:00:00+00:00,2021-12-08 15:05:00+00:00,2021-12-08 15:05:00+00:00,2021-12-08 15:05:00+00:00,2021-12-08 15:10:00+00:00,FAILED_BREAK,194.559,11.27000000000001,0.0352262644188102,True
external,,2021-12-11 16:20:00+00:00,2021-12-11 16:20:00+00:00,2021-12-11 16:20:00+00:00,2021-12-11 16:45:00+00:00,2021-12-11 16:50:00+00:00,FAILED_BREAK,172.326,4.74199999999999,0.2897511598481649,False
external,,2021-12-17 16:10:00+00:00,2021-12-17 16:25:00+00:00,2021-12-17 16:25:00+00:00,2021-12-17 16:35:00+00:00,2021-12-17 16:40:00+00:00,FAILED_BREAK,178.59,10.550000000000011,0.2900473933649288,False
external,,2021-12-18 15:15:00+00:00,2021-12-18 15:15:00+00:00,2021-12-18 15:15:00+00:00,2021-12-18 15:15:00+00:00,2021-12-18 15:20:00+00:00,FAILED_BREAK,182.82,5.759999999999991,0.1388888888888911,False
external,,2021-12-23 16:00:00+00:00,2021-12-23 16:00:00+00:00,2021-12-23 16:00:00+00:00,2021-12-23 16:10:00+00:00,2021-12-23 16:15:00+00:00,FAILED_BREAK,181.12,3.5999999999999943,0.22222222222221782,False
external,,2021-12-24 15:35:00+00:00,2021-12-24 15:35:00+00:00,2021-12-24 15:35:00+00:00,2021-12-24 15:40:00+00:00,2021-12-24 15:45:00+00:00,RECOVER_E40,193.04,5.349999999999994,0.18317757009346153,False
external,,2021-12-25 21:35:00+00:00,2021-12-25 21:35:00+00:00,2021-12-25 21:35:00+00:00,2021-12-25 21:35:00+00:00,2021-12-25 21:40:00+00:00,FAILED_BREAK,193.27,4.070000000000022,0.05159705159704629,True
external,,2021-12-26 15:30:00+00:00,2021-12-26 15:30:00+00:00,2021-12-26 15:30:00+00:00,2021-12-26 15:30:00+00:00,2021-12-26 15:35:00+00:00,FAILED_BREAK,199.27,6.200000000000017,0.056451612903224736,True
reference_validation,,2025-01-01 15:45:00+00:00,2025-01-01 15:45:00+00:00,2025-01-01 15:45:00+00:00,2025-01-01 15:45:00+00:00,2025-01-01 15:50:00+00:00,FAILED_BREAK,191.74,3.920000000000016,0.06632653061224231,True
reference_validation,,2025-01-03 16:20:00+00:00,2025-01-03 16:20:00+00:00,2025-01-03 16:20:00+00:00,2025-01-03 16:20:00+00:00,2025-01-03 16:25:00+00:00,FAILED_BREAK,218.56,9.590000000000003,0.07403545359749819,True
reference_validation,,2025-01-06 16:05:00+00:00,2025-01-06 16:05:00+00:00,2025-01-06 16:05:00+00:00,2025-01-06 16:05:00+00:00,2025-01-06 16:10:00+00:00,FAILED_BREAK,222.0,8.900000000000006,0.025842696629212316,True
reference_validation,,2025-01-08 15:05:00+00:00,2025-01-08 15:05:00+00:00,2025-01-08 15:05:00+00:00,2025-01-08 15:05:00+00:00,2025-01-08 15:10:00+00:00,FAILED_BREAK,199.21,4.8300000000000125,0.05590062111800851,True
reference_validation,,2025-01-09 15:50:00+00:00,2025-01-09 15:50:00+00:00,2025-01-09 15:50:00+00:00,2025-01-09 15:50:00+00:00,2025-01-09 15:55:00+00:00,FAILED_BREAK,192.75,7.72999999999999,0.01940491591203181,True
reference_validation,,2025-01-13 20:45:00+00:00,2025-01-13 20:45:00+00:00,2025-01-13 20:45:00+00:00,2025-01-13 20:45:00+00:00,2025-01-13 20:50:00+00:00,FAILED_BREAK,180.8,13.090000000000003,0.02673796791443806,True
reference_validation,,2025-01-18 15:15:00+00:00,2025-01-18 15:20:00+00:00,2025-01-18 15:20:00+00:00,2025-01-18 15:20:00+00:00,2025-01-18 15:25:00+00:00,RECOVER_E40,244.88,8.75,0.05142857142857338,True
reference_validation,,2025-01-22 19:50:00+00:00,2025-01-22 19:50:00+00:00,2025-01-22 19:50:00+00:00,2025-01-22 19:50:00+00:00,2025-01-22 19:55:00+00:00,FAILED_BREAK,264.9,12.819999999999965,0.10998439937597729,False
reference_validation,,2025-01-23 16:10:00+00:00,2025-01-23 16:10:00+00:00,2025-01-23 16:10:00+00:00,2025-01-23 16:10:00+00:00,2025-01-23 16:15:00+00:00,FAILED_BREAK,254.55,12.54000000000002,0.009569377990428703,True
reference_validation,,2025-01-30 15:00:00+00:00,2025-01-30 15:00:00+00:00,2025-01-30 15:00:00+00:00,2025-01-30 15:00:00+00:00,2025-01-30 15:05:00+00:00,RECOVER_E40,242.7,3.6999999999999886,0.035135135135141694,True
reference_validation,,2025-02-04 15:50:00+00:00,2025-02-04 16:00:00+00:00,2025-02-04 16:00:00+00:00,2025-02-04 16:15:00+00:00,2025-02-04 16:20:00+00:00,FAILED_BREAK,216.05,12.640000000000017,0.14398734177215117,False
reference_validation,,2025-02-10 00:05:00+00:00,2025-02-10 00:05:00+00:00,2025-02-10 00:05:00+00:00,2025-02-10 00:10:00+00:00,2025-02-10 00:15:00+00:00,FAILED_BREAK,203.0,6.699999999999989,0.14925373134328385,False
reference_validation,,2025-02-25 16:35:00+00:00,2025-02-25 16:40:00+00:00,2025-02-25 16:40:00+00:00,2025-02-25 18:10:00+00:00,2025-02-25 18:15:00+00:00,FAILED_BREAK,141.76,10.039999999999992,0.3227091633466147,False
reference_validation,,2025-03-04 19:00:00+00:00,2025-03-04 19:00:00+00:00,2025-03-04 19:00:00+00:00,2025-03-04 19:00:00+00:00,2025-03-04 19:05:00+00:00,FAILED_BREAK,143.26,10.70999999999998,0.13912231559290494,False
reference_validation,,2025-03-14 15:00:00+00:00,2025-03-14 15:05:00+00:00,2025-03-14 15:05:00+00:00,2025-03-14 15:05:00+00:00,2025-03-14 15:10:00+00:00,FAILED_BREAK,132.14,6.989999999999981,0.10014306151645479,False
reference_validation,,2025-03-19 18:55:00+00:00,2025-03-19 18:55:00+00:00,2025-03-19 18:55:00+00:00,2025-03-19 18:55:00+00:00,2025-03-19 19:00:00+00:00,FAILED_BREAK,132.71,6.740000000000009,0.10682492581602343,False
reference_validation,,2025-03-27 21:30:00+00:00,2025-03-27 21:30:00+00:00,2025-03-27 21:30:00+00:00,2025-03-27 21:30:00+00:00,2025-03-27 21:35:00+00:00,FAILED_BREAK,139.75,4.25,0.032941176470585025,True
reference_validation,,2025-03-31 15:00:00+00:00,2025-03-31 15:00:00+00:00,2025-03-31 15:00:00+00:00,2025-03-31 15:00:00+00:00,2025-03-31 15:05:00+00:00,FAILED_BREAK,127.2,4.260000000000005,0.1431924882629105,False
reference_validation,,2025-04-04 15:10:00+00:00,2025-04-04 15:10:00+00:00,2025-04-04 15:10:00+00:00,2025-04-04 15:10:00+00:00,2025-04-04 15:15:00+00:00,FAILED_BREAK,119.87,6.680000000000007,0.02844311377245472,True
reference_validation,,2025-04-09 16:30:00+00:00,2025-04-09 16:30:00+00:00,2025-04-09 16:30:00+00:00,2025-04-09 16:30:00+00:00,2025-04-09 16:35:00+00:00,FAILED_BREAK,107.55,5.329999999999998,0.018761726078800854,True
reference_validation,,2025-04-11 17:35:00+00:00,2025-04-11 17:35:00+00:00,2025-04-11 17:35:00+00:00,2025-04-11 17:35:00+00:00,2025-04-11 17:40:00+00:00,FAILED_BREAK,121.54,4.660000000000011,0.09656652360514754,False
reference_validation,,2025-04-19 15:20:00+00:00,2025-04-19 15:20:00+00:00,2025-04-19 15:20:00+00:00,2025-04-19 15:25:00+00:00,2025-04-19 15:30:00+00:00,FAILED_BREAK,139.89,1.5,0.5466666666666811,False
reference_validation,,2025-04-22 15:00:00+00:00,2025-04-22 15:10:00+00:00,2025-04-22 15:10:00+00:00,2025-04-22 15:10:00+00:00,2025-04-22 15:15:00+00:00,FAILED_BREAK,144.84,5.960000000000008,0.04362416107382392,True
reference_validation,,2025-04-27 18:25:00+00:00,2025-04-27 18:30:00+00:00,2025-04-27 18:30:00+00:00,2025-04-27 18:30:00+00:00,2025-04-27 18:35:00+00:00,FAILED_BREAK,149.71,2.8400000000000034,0.0880281690140844,True
reference_validation,,2025-05-03 15:05:00+00:00,2025-05-03 15:05:00+00:00,2025-05-03 15:05:00+00:00,2025-05-03 15:05:00+00:00,2025-05-03 15:10:00+00:00,FAILED_BREAK,148.76,2.1599999999999966,0.11111111111111549,False
reference_validation,,2025-05-04 15:00:00+00:00,2025-05-04 15:00:00+00:00,2025-05-04 15:00:00+00:00,2025-05-04 15:35:00+00:00,2025-05-04 15:40:00+00:00,FAILED_BREAK,146.6,2.030000000000001,0.2857142857142917,False
reference_validation,,2025-05-05 18:35:00+00:00,2025-05-05 18:45:00+00:00,2025-05-05 18:45:00+00:00,2025-05-05 18:45:00+00:00,2025-05-05 18:50:00+00:00,FAILED_BREAK,146.73,3.4199999999999875,0.10526315789474122,False
reference_validation,,2025-05-06 18:25:00+00:00,2025-05-06 18:25:00+00:00,2025-05-06 18:25:00+00:00,2025-05-06 18:25:00+00:00,2025-05-06 18:30:00+00:00,FAILED_BREAK,144.53,3.2299999999999898,0.08049535603714915,True
reference_validation,,2025-05-10 16:35:00+00:00,2025-05-10 16:35:00+00:00,2025-05-10 16:35:00+00:00,2025-05-10 16:35:00+00:00,2025-05-10 16:40:00+00:00,FAILED_BREAK,172.27,3.5900000000000034,0.05013927576601065,True
reference_validation,,2025-05-12 00:30:00+00:00,2025-05-12 00:30:00+00:00,2025-05-12 00:30:00+00:00,2025-05-12 00:30:00+00:00,2025-05-12 00:35:00+00:00,FAILED_BREAK,175.19,4.469999999999999,0.07829977628635222,True
reference_validation,,2025-05-13 15:55:00+00:00,2025-05-13 15:55:00+00:00,2025-05-13 15:55:00+00:00,2025-05-13 16:00:00+00:00,2025-05-13 16:05:00+00:00,RECOVER_E40,175.74,3.700000000000017,0.12972972972972638,False
reference_validation,,2025-05-15 16:40:00+00:00,2025-05-15 16:40:00+00:00,2025-05-15 16:40:00+00:00,2025-05-15 16:40:00+00:00,2025-05-15 16:45:00+00:00,FAILED_BREAK,172.79,5.949999999999989,0.02352941176470841,True
reference_validation,,2025-05-19 15:05:00+00:00,2025-05-19 15:05:00+00:00,2025-05-19 15:05:00+00:00,2025-05-19 15:10:00+00:00,2025-05-19 15:15:00+00:00,FAILED_BREAK,164.03,3.9799999999999898,0.1256281407035179,False
reference_validation,,2025-05-23 00:10:00+00:00,2025-05-23 00:10:00+00:00,2025-05-23 00:10:00+00:00,2025-05-23 00:20:00+00:00,2025-05-23 00:25:00+00:00,FAILED_BREAK,180.82,3.9000000000000057,0.25641025641025605,False
reference_validation,,2025-05-31 15:15:00+00:00,2025-05-31 15:25:00+00:00,2025-05-31 15:25:00+00:00,2025-05-31 15:35:00+00:00,2025-05-31 15:40:00+00:00,FAILED_BREAK,155.95,3.4399999999999977,0.20930232558139517,False
reference_validation,,2025-06-01 15:20:00+00:00,2025-06-01 15:25:00+00:00,2025-06-01 15:25:00+00:00,2025-06-01 15:45:00+00:00,2025-06-01 15:50:00+00:00,RECOVER_E40,153.85,3.3700000000000045,0.19584569732937557,False
reference_validation,,2025-06-08 16:10:00+00:00,2025-06-08 16:15:00+00:00,2025-06-08 16:15:00+00:00,2025-06-08 16:15:00+00:00,2025-06-08 16:20:00+00:00,RECOVER_E40,151.36,3.77000000000001,0.061007957559678826,True
reference_validation,,2025-06-16 16:15:00+00:00,2025-06-16 16:20:00+00:00,2025-06-16 16:20:00+00:00,2025-06-16 16:20:00+00:00,2025-06-16 16:25:00+00:00,FAILED_BREAK,157.71,3.1299999999999955,0.14057507987220394,False
reference_validation,,2025-06-19 22:05:00+00:00,2025-06-19 22:05:00+00:00,2025-06-19 22:05:00+00:00,2025-06-19 22:05:00+00:00,2025-06-19 22:10:00+00:00,FAILED_BREAK,146.45,3.609999999999985,0.02770083102493716,True
reference_validation,,2025-07-06 16:40:00+00:00,2025-07-06 16:45:00+00:00,2025-07-06 16:45:00+00:00,2025-07-06 16:45:00+00:00,2025-07-06 16:50:00+00:00,FAILED_BREAK,152.03,5.3700000000000045,0.02979515828677774,True
reference_validation,,2025-07-10 17:05:00+00:00,2025-07-10 17:05:00+00:00,2025-07-10 17:05:00+00:00,2025-07-10 17:05:00+00:00,2025-07-10 17:10:00+00:00,RECOVER_E40,159.01,2.9199999999999875,0.02054794520548032,True
reference_validation,,2025-07-14 02:25:00+00:00,2025-07-14 02:25:00+00:00,2025-07-14 02:25:00+00:00,2025-07-14 02:25:00+00:00,2025-07-14 02:30:00+00:00,FAILED_BREAK,164.12,2.6200000000000045,0.10687022900763384,False
reference_validation,,2025-07-15 17:45:00+00:00,2025-07-15 17:45:00+00:00,2025-07-15 17:45:00+00:00,2025-07-15 18:05:00+00:00,2025-07-15 18:10:00+00:00,FAILED_BREAK,162.13,5.019999999999982,0.16733067729083795,False
reference_validation,,2025-07-16 15:05:00+00:00,2025-07-16 15:05:00+00:00,2025-07-16 15:05:00+00:00,2025-07-16 15:05:00+00:00,2025-07-16 15:10:00+00:00,FAILED_BREAK,168.01,2.530000000000001,0.06324110671936621,True
reference_validation,,2025-07-24 15:00:00+00:00,2025-07-24 15:00:00+00:00,2025-07-24 15:00:00+00:00,2025-07-24 15:00:00+00:00,2025-07-24 15:05:00+00:00,FAILED_BREAK,190.04,7.1200000000000045,0.054775280898878446,True
reference_validation,,2025-08-04 16:20:00+00:00,2025-08-04 16:20:00+00:00,2025-08-04 16:20:00+00:00,2025-08-04 16:25:00+00:00,2025-08-04 16:30:00+00:00,RECOVER_E40,166.81,5.27000000000001,0.1878557874762822,False
reference_validation,,2025-08-07 21:20:00+00:00,2025-08-07 21:25:00+00:00,2025-08-07 21:25:00+00:00,2025-08-07 21:25:00+00:00,2025-08-07 21:30:00+00:00,FAILED_BREAK,173.43,4.430000000000007,0.0744920993227954,True
reference_validation,,2025-08-12 15:00:00+00:00,2025-08-12 15:15:00+00:00,2025-08-12 15:15:00+00:00,2025-08-12 15:15:00+00:00,2025-08-12 15:20:00+00:00,RECOVER_E40,179.66,6.060000000000002,0.033003300330035804,True
reference_validation,,2025-08-14 02:40:00+00:00,2025-08-14 02:40:00+00:00,2025-08-14 02:40:00+00:00,2025-08-14 02:40:00+00:00,2025-08-14 02:45:00+00:00,UNRESOLVED_TIME,205.07,9.019999999999982,0.029933481152994542,True
reference_validation,,2025-08-18 16:00:00+00:00,2025-08-18 16:00:00+00:00,2025-08-18 16:00:00+00:00,2025-08-18 16:00:00+00:00,2025-08-18 16:05:00+00:00,FAILED_BREAK,183.23,3.3899999999999864,0.03539823008849706,True
reference_validation,,2025-08-22 15:10:00+00:00,2025-08-22 15:15:00+00:00,2025-08-22 15:15:00+00:00,2025-08-22 15:15:00+00:00,2025-08-22 15:20:00+00:00,RECOVER_E40,193.26,16.120000000000005,0.05272952853598154,True
reference_validation,,2025-08-23 23:15:00+00:00,2025-08-23 23:15:00+00:00,2025-08-23 23:15:00+00:00,2025-08-23 23:15:00+00:00,2025-08-23 23:20:00+00:00,FAILED_BREAK,204.79,4.139999999999986,0.05072463768116151,True
reference_validation,,2025-08-31 19:00:00+00:00,2025-08-31 19:00:00+00:00,2025-08-31 19:00:00+00:00,2025-08-31 19:00:00+00:00,2025-08-31 19:05:00+00:00,FAILED_BREAK,205.74,4.350000000000023,0.052873563218388174,True
reference_validation,,2025-09-07 15:20:00+00:00,2025-09-07 15:25:00+00:00,2025-09-07 15:25:00+00:00,2025-09-07 15:25:00+00:00,2025-09-07 15:30:00+00:00,RECOVER_E40,203.95,1.299999999999983,0.11538461538462128,False
reference_validation,,2025-09-08 15:20:00+00:00,2025-09-08 15:25:00+00:00,2025-09-08 15:25:00+00:00,2025-09-08 15:25:00+00:00,2025-09-08 15:30:00+00:00,FAILED_BREAK,216.29,7.7099999999999795,0.04409857328145322,True
reference_validation,,2025-09-10 02:25:00+00:00,2025-09-10 02:40:00+00:00,2025-09-10 02:40:00+00:00,2025-09-10 02:40:00+00:00,2025-09-10 02:45:00+00:00,FAILED_BREAK,219.26,6.139999999999986,0.03420195439739551,True
reference_validation,,2025-09-12 00:20:00+00:00,2025-09-12 00:20:00+00:00,2025-09-12 00:20:00+00:00,2025-09-12 00:20:00+00:00,2025-09-12 00:25:00+00:00,RECOVER_E40,229.0,7.0,0.028571428571426947,True
reference_validation,,2025-09-12 22:10:00+00:00,2025-09-12 22:10:00+00:00,2025-09-12 22:10:00+00:00,2025-09-12 22:10:00+00:00,2025-09-12 22:15:00+00:00,RECOVER_E40,241.76,4.449999999999989,0.04494382022472305,True
reference_validation,,2025-09-14 17:45:00+00:00,2025-09-14 17:50:00+00:00,2025-09-14 17:50:00+00:00,2025-09-14 17:50:00+00:00,2025-09-14 17:55:00+00:00,FAILED_BREAK,247.97,6.550000000000011,0.05954198473282658,True
reference_validation,,2025-09-16 15:45:00+00:00,2025-09-16 15:45:00+00:00,2025-09-16 15:45:00+00:00,2025-09-16 15:45:00+00:00,2025-09-16 15:50:00+00:00,RECOVER_E40,236.24,5.060000000000002,0.017786561264822802,True
reference_validation,,2025-09-26 16:10:00+00:00,2025-09-26 16:15:00+00:00,2025-09-26 16:15:00+00:00,2025-09-26 16:25:00+00:00,2025-09-26 16:30:00+00:00,FAILED_BREAK,198.18,7.460000000000008,0.14209115281501355,False
reference_validation,,2025-09-27 21:40:00+00:00,2025-09-27 21:45:00+00:00,2025-09-27 21:45:00+00:00,2025-09-27 21:45:00+00:00,2025-09-27 21:50:00+00:00,FAILED_BREAK,203.66,3.8899999999999855,0.07455012853470261,True
reference_validation,,2025-09-29 15:00:00+00:00,2025-09-29 15:00:00+00:00,2025-09-29 15:00:00+00:00,2025-09-29 15:00:00+00:00,2025-09-29 15:05:00+00:00,FAILED_BREAK,212.79,8.329999999999984,0.028811524609845086,True
reference_validation,,2025-09-30 20:45:00+00:00,2025-09-30 20:50:00+00:00,2025-09-30 20:50:00+00:00,2025-09-30 20:55:00+00:00,2025-09-30 21:00:00+00:00,FAILED_BREAK,209.58,4.140000000000015,0.13526570048308498,False
reference_validation,,2025-10-02 16:00:00+00:00,2025-10-02 16:05:00+00:00,2025-10-02 16:05:00+00:00,2025-10-02 16:05:00+00:00,2025-10-02 16:10:00+00:00,RECOVER_E40,227.34,4.340000000000003,0.09447004608294844,False
reference_validation,,2025-10-03 15:15:00+00:00,2025-10-03 15:20:00+00:00,2025-10-03 15:20:00+00:00,2025-10-03 15:20:00+00:00,2025-10-03 15:25:00+00:00,FAILED_BREAK,231.7,4.699999999999989,0.08510638297872482,True
reference_validation,,2025-10-05 02:30:00+00:00,2025-10-05 02:30:00+00:00,2025-10-05 02:30:00+00:00,2025-10-05 02:35:00+00:00,2025-10-05 02:40:00+00:00,FAILED_BREAK,229.81,3.3799999999999955,0.45857988165680874,False
reference_validation,,2025-10-06 15:15:00+00:00,2025-10-06 15:25:00+00:00,2025-10-06 15:25:00+00:00,2025-10-06 15:30:00+00:00,2025-10-06 15:35:00+00:00,FAILED_BREAK,235.65,4.010000000000019,0.16708229426433524,False
reference_validation,,2025-10-12 15:05:00+00:00,2025-10-12 15:10:00+00:00,2025-10-12 15:10:00+00:00,2025-10-12 15:10:00+00:00,2025-10-12 15:15:00+00:00,FAILED_BREAK,188.82,10.799999999999985,0.04351851851851848,True
reference_validation,,2025-10-13 16:20:00+00:00,2025-10-13 16:20:00+00:00,2025-10-13 16:20:00+00:00,2025-10-13 16:20:00+00:00,2025-10-13 16:25:00+00:00,FAILED_BREAK,198.06,8.060000000000002,0.10049627791563301,False
reference_validation,,2025-10-17 15:55:00+00:00,2025-10-17 15:55:00+00:00,2025-10-17 15:55:00+00:00,2025-10-17 15:55:00+00:00,2025-10-17 16:00:00+00:00,FAILED_BREAK,182.63,8.629999999999995,0.012746234067209004,True
reference_validation,,2025-10-19 17:05:00+00:00,2025-10-19 17:05:00+00:00,2025-10-19 17:05:00+00:00,2025-10-19 17:05:00+00:00,2025-10-19 17:10:00+00:00,FAILED_BREAK,191.65,8.590000000000003,0.039580908032596424,True
reference_validation,,2025-10-23 17:35:00+00:00,2025-10-23 17:35:00+00:00,2025-10-23 17:35:00+00:00,2025-10-23 17:40:00+00:00,2025-10-23 17:45:00+00:00,FAILED_BREAK,192.52,6.02000000000001,0.1528239202657784,False
reference_validation,,2025-10-26 22:00:00+00:00,2025-10-26 22:00:00+00:00,2025-10-26 22:00:00+00:00,2025-10-26 22:05:00+00:00,2025-10-26 22:10:00+00:00,FAILED_BREAK,199.83,6.0,0.45333333333333314,False
reference_validation,,2025-11-01 16:05:00+00:00,2025-11-01 16:05:00+00:00,2025-11-01 16:05:00+00:00,2025-11-01 16:05:00+00:00,2025-11-01 16:10:00+00:00,FAILED_BREAK,186.66,3.079999999999984,0.11038961038961206,False
reference_validation,,2025-11-02 23:55:00+00:00,2025-11-03 00:05:00+00:00,2025-11-03 00:05:00+00:00,2025-11-03 00:20:00+00:00,2025-11-03 00:25:00+00:00,FAILED_BREAK,187.84,4.5800000000000125,0.2751091703056741,False
reference_validation,,2025-11-05 15:40:00+00:00,2025-11-05 15:45:00+00:00,2025-11-05 15:45:00+00:00,2025-11-05 15:45:00+00:00,2025-11-05 15:50:00+00:00,FAILED_BREAK,159.84,5.25,0.04190476190476169,True
reference_validation,,2025-11-07 16:20:00+00:00,2025-11-07 16:25:00+00:00,2025-11-07 16:25:00+00:00,2025-11-07 16:25:00+00:00,2025-11-07 16:30:00+00:00,FAILED_BREAK,157.24,7.550000000000011,0.05033112582781389,True
reference_validation,,2025-11-15 15:10:00+00:00,2025-11-15 15:10:00+00:00,2025-11-15 15:10:00+00:00,2025-11-15 15:10:00+00:00,2025-11-15 15:15:00+00:00,FAILED_BREAK,141.88,2.030000000000001,0.02463054187192677,True
reference_validation,,2025-11-21 17:05:00+00:00,2025-11-21 17:05:00+00:00,2025-11-21 17:05:00+00:00,2025-11-21 17:05:00+00:00,2025-11-21 17:10:00+00:00,FAILED_BREAK,129.5,7.950000000000003,0.07547169811320681,True
reference_validation,,2025-11-24 15:30:00+00:00,2025-11-24 15:30:00+00:00,2025-11-24 15:30:00+00:00,2025-11-24 15:30:00+00:00,2025-11-24 15:35:00+00:00,RECOVER_E40,131.54,3.1999999999999886,0.05625000000000233,True
reference_validation,,2025-11-28 15:30:00+00:00,2025-11-28 15:30:00+00:00,2025-11-28 15:30:00+00:00,2025-11-28 15:30:00+00:00,2025-11-28 15:35:00+00:00,FAILED_BREAK,143.49,3.730000000000018,0.018766756032169662,True
reference_validation,,2025-12-07 17:15:00+00:00,2025-12-07 17:15:00+00:00,2025-12-07 17:15:00+00:00,2025-12-07 17:15:00+00:00,2025-12-07 17:20:00+00:00,RECOVER_E40,133.0,5.450000000000003,0.04770642201834693,True
reference_validation,,2025-12-09 15:00:00+00:00,2025-12-09 15:15:00+00:00,2025-12-09 15:15:00+00:00,2025-12-09 15:15:00+00:00,2025-12-09 15:20:00+00:00,RECOVER_E40,133.51,1.989999999999981,0.08040201005025031,True
reference_validation,,2025-12-15 02:15:00+00:00,2025-12-15 02:15:00+00:00,2025-12-15 02:15:00+00:00,2025-12-15 02:15:00+00:00,2025-12-15 02:20:00+00:00,FAILED_BREAK,132.72,2.6999999999999886,0.1370370370370393,False
reference_validation,,2025-12-17 15:00:00+00:00,2025-12-17 15:00:00+00:00,2025-12-17 15:00:00+00:00,2025-12-17 15:00:00+00:00,2025-12-17 15:05:00+00:00,FAILED_BREAK,132.62,6.719999999999999,0.11458333333333065,False
reference_validation,,2025-12-18 15:25:00+00:00,2025-12-18 15:25:00+00:00,2025-12-18 15:25:00+00:00,2025-12-18 15:30:00+00:00,2025-12-18 15:35:00+00:00,FAILED_BREAK,127.91,5.340000000000003,0.16666666666666932,False
reference_validation,,2025-12-22 15:05:00+00:00,2025-12-22 15:05:00+00:00,2025-12-22 15:05:00+00:00,2025-12-22 15:05:00+00:00,2025-12-22 15:10:00+00:00,FAILED_BREAK,128.28,2.9000000000000057,0.03793103448275345,True
reference_validation,,2025-12-23 20:40:00+00:00,2025-12-23 20:40:00+00:00,2025-12-23 20:40:00+00:00,2025-12-23 20:40:00+00:00,2025-12-23 20:45:00+00:00,FAILED_BREAK,125.16,3.1199999999999903,0.06410256410256521,True
reference_validation,,2025-12-24 15:40:00+00:00,2025-12-24 15:40:00+00:00,2025-12-24 15:40:00+00:00,2025-12-24 15:40:00+00:00,2025-12-24 15:45:00+00:00,RECOVER_E40,122.49,1.8799999999999957,0.06382978723404512,True
reference_validation,,2025-12-27 15:10:00+00:00,2025-12-27 15:10:00+00:00,2025-12-27 15:10:00+00:00,2025-12-27 15:10:00+00:00,2025-12-27 15:15:00+00:00,FAILED_BREAK,123.31,0.8599999999999994,0.05813953488371766,True
reference_validation,,2026-01-01 17:30:00+00:00,2026-01-01 17:30:00+00:00,2026-01-01 17:30:00+00:00,2026-01-01 17:30:00+00:00,2026-01-01 17:35:00+00:00,FAILED_BREAK,125.22,0.8799999999999955,0.45454545454546336,False
reference_validation,,2026-01-04 15:00:00+00:00,2026-01-04 15:00:00+00:00,2026-01-04 15:00:00+00:00,2026-01-04 15:30:00+00:00,2026-01-04 15:35:00+00:00,FAILED_BREAK,134.93,1.260000000000019,0.309523809523794,False
reference_validation,,2026-01-05 15:40:00+00:00,2026-01-05 15:40:00+00:00,2026-01-05 15:40:00+00:00,2026-01-05 15:40:00+00:00,2026-01-05 15:45:00+00:00,FAILED_BREAK,135.97,2.8799999999999955,0.15972222222222524,False
reference_validation,,2026-01-18 18:45:00+00:00,2026-01-18 18:45:00+00:00,2026-01-18 18:45:00+00:00,2026-01-18 18:45:00+00:00,2026-01-18 18:50:00+00:00,RECOVER_E40,142.67,1.1499999999999773,0.0695652173913166,True
reference_validation,,2026-01-26 15:10:00+00:00,2026-01-26 15:10:00+00:00,2026-01-26 15:10:00+00:00,2026-01-26 15:20:00+00:00,2026-01-26 15:25:00+00:00,FAILED_BREAK,124.25,2.5400000000000063,0.3543307086614187,False
reference_validation,,2026-01-27 15:45:00+00:00,2026-01-27 15:45:00+00:00,2026-01-27 15:45:00+00:00,2026-01-27 15:50:00+00:00,2026-01-27 15:55:00+00:00,RECOVER_E40,124.46,1.3999999999999917,0.14285714285714574,False
reference_validation,,2026-01-30 16:25:00+00:00,2026-01-30 16:40:00+00:00,2026-01-30 16:40:00+00:00,2026-01-30 16:40:00+00:00,2026-01-30 16:45:00+00:00,FAILED_BREAK,117.6,3.019999999999996,0.11589403973510232,False
reference_validation,,2026-02-07 16:05:00+00:00,2026-02-07 16:05:00+00:00,2026-02-07 16:05:00+00:00,2026-02-07 16:05:00+00:00,2026-02-07 16:10:00+00:00,FAILED_BREAK,87.15,2.710000000000008,0.3136531365313623,False
reference_validation,,2026-02-13 15:05:00+00:00,2026-02-13 15:05:00+00:00,2026-02-13 15:05:00+00:00,2026-02-13 15:05:00+00:00,2026-02-13 15:10:00+00:00,RECOVER_E40,81.93,2.5700000000000074,0.011673151750967642,True
reference_validation,,2026-02-14 15:15:00+00:00,2026-02-14 15:20:00+00:00,2026-02-14 15:20:00+00:00,2026-02-14 15:20:00+00:00,2026-02-14 15:25:00+00:00,FAILED_BREAK,87.49,1.8299999999999983,0.049180327868854366,True
reference_validation,,2026-02-25 15:00:00+00:00,2026-02-25 15:00:00+00:00,2026-02-25 15:00:00+00:00,2026-02-25 15:00:00+00:00,2026-02-25 15:05:00+00:00,FAILED_BREAK,85.75,3.569999999999993,0.07563025210083936,True
reference_validation,,2026-03-03 16:00:00+00:00,2026-03-03 16:00:00+00:00,2026-03-03 16:00:00+00:00,2026-03-03 16:00:00+00:00,2026-03-03 16:05:00+00:00,RECOVER_E40,85.32,2.9199999999999875,0.03424657534246882,True
reference_validation,,2026-03-14 22:00:00+00:00,2026-03-14 22:00:00+00:00,2026-03-14 22:00:00+00:00,2026-03-14 22:00:00+00:00,2026-03-14 22:05:00+00:00,FAILED_BREAK,87.31,0.9000000000000057,0.05555555555555205,True
reference_validation,,2026-03-15 20:35:00+00:00,2026-03-15 20:35:00+00:00,2026-03-15 20:35:00+00:00,2026-03-15 20:35:00+00:00,2026-03-15 20:40:00+00:00,FAILED_BREAK,88.83,1.519999999999996,0.10526315789473488,False
reference_validation,,2026-03-23 15:00:00+00:00,2026-03-23 15:00:00+00:00,2026-03-23 15:00:00+00:00,2026-03-23 15:00:00+00:00,2026-03-23 15:05:00+00:00,FAILED_BREAK,91.93,6.810000000000002,0.03524229074889792,True
reference_validation,,2026-03-30 00:15:00+00:00,2026-03-30 00:15:00+00:00,2026-03-30 00:15:00+00:00,2026-03-30 00:15:00+00:00,2026-03-30 00:20:00+00:00,FAILED_BREAK,82.79,1.1700000000000017,0.017094017094013668,True
reference_validation,,2026-04-12 20:40:00+00:00,2026-04-12 20:40:00+00:00,2026-04-12 20:40:00+00:00,2026-04-12 20:45:00+00:00,2026-04-12 20:50:00+00:00,FAILED_BREAK,82.5,1.2600000000000051,0.27777777777777213,False
reference_validation,,2026-04-15 16:15:00+00:00,2026-04-15 16:15:00+00:00,2026-04-15 16:15:00+00:00,2026-04-15 16:20:00+00:00,2026-04-15 16:25:00+00:00,FAILED_BREAK,84.47,1.6500000000000057,0.09696969696969457,False
reference_validation,,2026-04-20 15:55:00+00:00,2026-04-20 15:55:00+00:00,2026-04-20 15:55:00+00:00,2026-04-20 15:55:00+00:00,2026-04-20 16:00:00+00:00,FAILED_BREAK,85.8,1.3400000000000034,0.03731343283581868,True
reference_validation,,2026-04-22 02:15:00+00:00,2026-04-22 02:15:00+00:00,2026-04-22 02:15:00+00:00,2026-04-22 02:15:00+00:00,2026-04-22 02:20:00+00:00,UNRESOLVED_TIME,86.87,1.75,0.18285714285713897,False
reference_validation,,2026-04-24 20:35:00+00:00,2026-04-24 20:35:00+00:00,2026-04-24 20:35:00+00:00,2026-04-24 20:35:00+00:00,2026-04-24 20:40:00+00:00,FAILED_BREAK,86.75,1.9599999999999935,0.08673469387755217,True
reference_validation,,2026-04-28 23:50:00+00:00,2026-04-28 23:50:00+00:00,2026-04-28 23:50:00+00:00,2026-04-28 23:50:00+00:00,2026-04-28 23:55:00+00:00,FAILED_BREAK,84.04,1.1300000000000097,0.0973451327433615,False
reference_validation,,2026-05-02 16:15:00+00:00,2026-05-02 16:15:00+00:00,2026-05-02 16:15:00+00:00,2026-05-02 16:15:00+00:00,2026-05-02 16:20:00+00:00,FAILED_BREAK,84.11,0.6400000000000006,0.046875000000001735,True
reference_validation,,2026-05-05 19:15:00+00:00,2026-05-05 19:15:00+00:00,2026-05-05 19:15:00+00:00,2026-05-05 19:15:00+00:00,2026-05-05 19:20:00+00:00,FAILED_BREAK,86.08,1.6899999999999975,0.059171597633141226,True
reference_validation,,2026-05-08 15:50:00+00:00,2026-05-08 15:50:00+00:00,2026-05-08 15:50:00+00:00,2026-05-08 16:00:00+00:00,2026-05-08 16:05:00+00:00,RECOVER_E40,89.34,1.3900000000000006,0.18705035971222359,False
reference_validation,,2026-05-11 15:25:00+00:00,2026-05-11 15:25:00+00:00,2026-05-11 15:25:00+00:00,2026-05-11 15:40:00+00:00,2026-05-11 15:45:00+00:00,RECOVER_E40,95.86,1.6099999999999994,0.3850931677018663,False
reference_validation,,2026-05-19 00:20:00+00:00,2026-05-19 00:25:00+00:00,2026-05-19 00:25:00+00:00,2026-05-19 00:25:00+00:00,2026-05-19 00:30:00+00:00,FAILED_BREAK,85.75,2.0999999999999943,0.038095238095237384,True
reference_validation,,2026-05-21 17:15:00+00:00,2026-05-21 17:15:00+00:00,2026-05-21 17:15:00+00:00,2026-05-21 17:15:00+00:00,2026-05-21 17:20:00+00:00,RECOVER_E40,87.0,1.7399999999999949,0.11494252873563415,False
reference_validation,,2026-05-28 16:20:00+00:00,2026-05-28 16:30:00+00:00,2026-05-28 16:30:00+00:00,2026-05-28 16:30:00+00:00,2026-05-28 16:35:00+00:00,RECOVER_E40,81.64,1.7199999999999989,0.01162790697674188,True
reference_validation,,2026-05-30 15:10:00+00:00,2026-05-30 15:10:00+00:00,2026-05-30 15:10:00+00:00,2026-05-30 15:15:00+00:00,2026-05-30 15:20:00+00:00,FAILED_BREAK,82.73,0.5799999999999983,0.2758620689655122,False
reference_validation,,2026-06-01 19:35:00+00:00,2026-06-01 19:35:00+00:00,2026-06-01 19:35:00+00:00,2026-06-01 19:35:00+00:00,2026-06-01 19:40:00+00:00,FAILED_BREAK,81.24,2.039999999999992,0.024509803921574296,True
reference_validation,,2026-06-07 01:25:00+00:00,2026-06-07 01:25:00+00:00,2026-06-07 01:25:00+00:00,2026-06-07 01:30:00+00:00,2026-06-07 01:35:00+00:00,FAILED_BREAK,63.53,2.3999999999999986,0.09166666666666624,False
reference_validation,,2026-06-10 15:45:00+00:00,2026-06-10 15:50:00+00:00,2026-06-10 15:50:00+00:00,2026-06-10 15:50:00+00:00,2026-06-10 15:55:00+00:00,FAILED_BREAK,65.52,2.6099999999999994,0.08429118773946319,True
reference_validation,,2026-06-13 15:05:00+00:00,2026-06-13 15:10:00+00:00,2026-06-13 15:10:00+00:00,2026-06-13 15:10:00+00:00,2026-06-13 15:15:00+00:00,FAILED_BREAK,68.41,1.1599999999999966,0.07758620689655489,True
reference_validation,,2026-06-15 15:35:00+00:00,2026-06-15 15:35:00+00:00,2026-06-15 15:35:00+00:00,2026-06-15 15:35:00+00:00,2026-06-15 15:40:00+00:00,RECOVER_E40,74.23,3.510000000000005,0.07692307692307568,True
reference_validation,,2026-06-17 15:10:00+00:00,2026-06-17 15:10:00+00:00,2026-06-17 15:10:00+00:00,2026-06-17 15:10:00+00:00,2026-06-17 15:15:00+00:00,RECOVER_E40,72.73,1.1899999999999975,0.025210084033614452,True
reference_validation,,2026-06-19 23:55:00+00:00,2026-06-19 23:55:00+00:00,2026-06-19 23:55:00+00:00,2026-06-20 00:05:00+00:00,2026-06-20 00:10:00+00:00,FAILED_BREAK,69.55,1.6899999999999975,0.17159763313609863,False
reference_validation,,2026-06-20 15:15:00+00:00,2026-06-20 15:15:00+00:00,2026-06-20 15:15:00+00:00,2026-06-20 15:20:00+00:00,2026-06-20 15:25:00+00:00,FAILED_BREAK,72.15,1.730000000000004,0.2716763005780334,False
reference_validation,,2026-06-26 15:35:00+00:00,2026-06-26 15:35:00+00:00,2026-06-26 15:35:00+00:00,2026-06-26 15:35:00+00:00,2026-06-26 15:40:00+00:00,FAILED_BREAK,71.95,3.820000000000008,0.04450261780104747,True
reference_validation,,2026-07-08 23:50:00+00:00,2026-07-08 23:50:00+00:00,2026-07-08 23:50:00+00:00,2026-07-09 00:00:00+00:00,2026-07-09 00:05:00+00:00,FAILED_BREAK,77.67,1.0900000000000034,0.2477064220183442,False
reference_validation,,2026-07-11 15:20:00+00:00,2026-07-11 15:20:00+00:00,2026-07-11 15:20:00+00:00,2026-07-11 15:20:00+00:00,2026-07-11 15:25:00+00:00,FAILED_BREAK,78.73,1.0300000000000011,0.12621359223300516,False
reference_validation,,2026-07-14 15:45:00+00:00,2026-07-14 15:45:00+00:00,2026-07-14 15:45:00+00:00,2026-07-14 15:45:00+00:00,2026-07-14 15:50:00+00:00,FAILED_BREAK,77.71,2.890000000000001,0.013840830449829148,True
reference_validation,,2026-07-17 16:40:00+00:00,2026-07-17 16:40:00+00:00,2026-07-17 16:40:00+00:00,2026-07-17 16:40:00+00:00,2026-07-17 16:45:00+00:00,FAILED_BREAK,74.97,1.6500000000000057,0.05454545454545642,True
reference_validation,,2026-07-18 16:50:00+00:00,2026-07-18 16:50:00+00:00,2026-07-18 16:50:00+00:00,2026-07-18 16:50:00+00:00,2026-07-18 16:55:00+00:00,FAILED_BREAK,75.15,0.6900000000000119,0.14492753623187332,False
reference_validation,,2026-07-20 15:40:00+00:00,2026-07-20 15:40:00+00:00,2026-07-20 15:40:00+00:00,2026-07-20 15:40:00+00:00,2026-07-20 15:45:00+00:00,RECOVER_E40,77.21,1.4799999999999898,0.1013513513513559,False
reference_validation,,2026-07-22 15:10:00+00:00,2026-07-22 15:25:00+00:00,2026-07-22 15:25:00+00:00,2026-07-22 15:35:00+00:00,2026-07-22 15:40:00+00:00,FAILED_BREAK,78.4,1.4300000000000068,0.31468531468530525,False
reference_validation,,2026-07-25 15:10:00+00:00,2026-07-25 15:15:00+00:00,2026-07-25 15:15:00+00:00,2026-07-25 15:20:00+00:00,2026-07-25 15:25:00+00:00,FAILED_BREAK,74.17,0.4600000000000079,0.23913043478260335,False
