role,partition,ref_min,hour,dev_block,execution_start,entry_ts,exit_ts,H,L,R,pnl,pnl_5bps,loss_class,mfe_R,mae_R,hold_min,entry_to_break_min,break_to_fail_min,latent_class,latent_target_recovered,latent_recovery_min,latent_target_visit,latent_target_visit_entry_eligible,post_exit_reclaim,reclaim_min,target_after_reclaim,reclaim_to_target_min,visit_count,break_ts,failure_ts,failure_close_ts,prebreak_last_close_distance_H_R,prebreak_return15_R,prebreak_return30_R,prebreak_return60_R,prebreak_range30_R,prebreak_range60_R,prebreak_upper80_close_fraction60,prebreak_nearH10_high_fraction60,break_close_excess_R,break_high_excess_R,break_body_R,break_range_R,break_upper_wick_R,break_lower_wick_R,break_close_location,fail_close_R,fail_low_R,fail_depth_below_H_R,fail_body_R,fail_range_R,fail_upper_wick_R,fail_lower_wick_R,fail_close_location,breakclose_to_failclose_drop_R,breakhigh_to_faillow_excursion_R,max_excess_H_by_fail_R,max_depth_H_by_fail_R,entry_to_failure_close_min
CENTRAL,development,360,15,0.0,2022-01-02 15:00:00+00:00,2022-01-02 16:10:00+00:00,2022-01-02 16:20:00+00:00,176.75,174.66,2.0900000000000034,-0.622347949080615,-0.872347949080615,L2_BREAK_FAST_FAIL_5M,0.133971291866029,0.157894736842111,10.0,0.0,5.0,LATENT_RECOVERABLE,True,30.0,2.0,True,True,10.0,True,20.0,3,2022-01-02 16:10:00+00:00,2022-01-02 16:15:00+00:00,2022-01-02 16:20:00+00:00,0.07177033492823227,0.2583732057416226,0.47368421052630577,,0.5502392344497626,0.6555023923444987,0.08333333333333333,0.08333333333333333,0.09090909090908968,0.09569377990430063,0.16267942583732195,0.20095693779903676,0.0047846889952109515,0.03349282296650386,0.9761904761904971,-0.10047846889952518,-0.157894736842111,0.10047846889952518,-0.19138755980861485,0.29186602870814005,0.04306220095693936,0.057416267942585815,0.19672131147541289,0.19138755980861485,0.25358851674641164,0.13397129186602905,0.157894736842111,10.0
CENTRAL,development,360,15,0.0,2022-01-06 15:00:00+00:00,2022-01-06 17:05:00+00:00,2022-01-06 17:15:00+00:00,151.09,146.22,4.8700000000000045,-1.0920643325170731,-1.3420643325170731,L2_BREAK_FAST_FAIL_5M,0.094455852156059,0.1416837782340856,10.0,0.0,5.0,LATENT_RECOVERABLE,True,55.0,1.0,False,True,5.0,True,50.0,3,2022-01-06 17:05:00+00:00,2022-01-06 17:10:00+00:00,2022-01-06 17:15:00+00:00,0.08829568788501159,0.10061601642710649,0.29158110882956595,,0.30800821355236113,0.39425051334701966,0.4166666666666667,0.08333333333333333,0.08008213552361108,0.09445585215605905,0.1724845995893229,0.21560574948665512,0.014373716632447953,0.028747433264884235,0.9333333333333135,-0.06776180698152201,-0.07392197125256947,0.06776180698152201,-0.14989733059548613,0.1581108829568808,0.0020533880903472065,0.006160164271047455,0.03896103896103992,0.1478439425051331,0.1683778234086285,0.09445585215605905,0.12114989733059607,10.0
CENTRAL,development,360,15,0.0,2022-01-12 15:00:00+00:00,2022-01-12 15:15:00+00:00,2022-01-12 15:35:00+00:00,147.67,139.5,8.169999999999987,-1.4898083564705011,-1.7398083564705011,L2_BREAK_FAST_FAIL_5M,0.1260709914320688,0.1272949816401461,20.0,10.0,5.0,LATENT_RECOVERABLE,True,55.0,2.0,True,True,10.0,True,45.0,2,2022-01-12 15:25:00+00:00,2022-01-12 15:30:00+00:00,2022-01-12 15:35:00+00:00,0.030599755201958432,0.07588739290085399,0.11015911872704758,,0.3011015911872685,0.3892288861689086,0.8333333333333334,0.8333333333333334,0.04895960832313419,0.1138310893512862,0.07955936352509262,0.16768665850673276,0.06487148102815202,0.02325581395348813,0.6131386861313873,-0.05507955936352379,-0.11260709914320549,0.05507955936352379,-0.10526315789473867,0.18971848225214366,0.02692778457772328,0.05752753977968171,0.30322580645160996,0.10403916768665797,0.22643818849449168,0.12607099143206887,0.11260709914320549,20.0
CENTRAL,development,360,15,0.0,2022-01-21 15:00:00+00:00,2022-01-21 17:00:00+00:00,2022-01-21 17:15:00+00:00,125.69,115.5,10.189999999999998,-1.869679369878252,-2.119679369878252,L2_BREAK_FAST_FAIL_5M,0.1059862610402353,0.2522080471050043,15.0,5.0,5.0,TRUE_FAILURE_PROXY,False,,,False,False,,False,,1,2022-01-21 17:05:00+00:00,2022-01-21 17:10:00+00:00,2022-01-21 17:15:00+00:00,0.021589793915603426,0.2669283611383709,0.21000981354268902,,0.3719332679097147,0.4504416094210014,0.3333333333333333,0.3333333333333333,0.08537782139352353,0.10598626104023538,0.11089303238469045,0.16192345436702568,0.020608439646711853,0.03042198233562339,0.8727272727272759,-0.04710500490677175,-0.0677134445534836,0.04710500490677175,-0.13248282630029526,0.17075564278704566,0.017664376840038534,0.020608439646711853,0.12068965517241055,0.13248282630029526,0.17369970559371897,0.10598626104023538,0.17173699705593723,15.0
CENTRAL,development,360,15,0.0,2022-01-26 15:00:00+00:00,2022-01-26 19:00:00+00:00,2022-01-26 19:15:00+00:00,101.97,95.16,6.810000000000002,-14.71020888496616,-14.96020888496616,L2_BREAK_FAST_FAIL_5M,0.3641703377386201,0.66079295154185,15.0,5.0,5.0,TRUE_FAILURE_PROXY,False,,,False,False,,False,,1,2022-01-26 19:05:00+00:00,2022-01-26 19:10:00+00:00,2022-01-26 19:15:00+00:00,0.046989720998530556,0.7591776798825257,0.7606461086637305,,0.9456681350954472,0.9515418502202625,0.08333333333333333,0.08333333333333333,0.25256975036710694,0.3641703377386201,0.3010279001468424,0.49779735682819376,0.1116005873715132,0.08516886930983819,0.7758112094395265,-0.44493392070484583,-0.4552129221732736,0.44493392070484583,-0.6975036710719528,0.7268722466960333,0.019089574155652777,0.010279001468427777,0.014141414141412796,0.6975036710719528,0.8193832599118938,0.3641703377386201,0.6226138032305424,15.0
CENTRAL,development,360,15,0.0,2022-02-05 15:00:00+00:00,2022-02-05 15:30:00+00:00,2022-02-05 15:45:00+00:00,116.37,114.2,2.1700000000000017,-0.644496004124806,-0.894496004124806,L2_BREAK_FAST_FAIL_5M,0.391705069124421,0.368663594470051,15.0,5.0,5.0,TRUE_FAILURE_PROXY,False,,,False,False,,False,,1,2022-02-05 15:35:00+00:00,2022-02-05 15:40:00+00:00,2022-02-05 15:45:00+00:00,0.05990783410138689,0.09677419354838414,0.7004608294930852,,0.9308755760368703,1.055299539170509,0.16666666666666666,0.16666666666666666,0.10599078341013345,0.1520737327188931,0.1612903225806424,0.2304147465437786,0.046082949308759655,0.023041474654376552,0.799999999999983,-0.0691244239631362,-0.11981566820276723,0.0691244239631362,-0.17972350230414758,0.5115207373271883,0.28110599078340964,0.050691244239631034,0.09909909909909864,0.17511520737326966,0.27188940092166036,0.39170506912442105,0.262672811059911,15.0
CENTRAL,development,360,15,0.0,2022-02-07 15:00:00+00:00,2022-02-07 15:35:00+00:00,2022-02-07 15:45:00+00:00,121.09,115.37,5.719999999999999,-0.8258320257659713,-1.0758320257659713,L2_BREAK_FAST_FAIL_5M,0.111888111888112,0.2045454545454549,10.0,0.0,5.0,TRUE_FAILURE_PROXY,False,,,False,True,10.0,False,,4,2022-02-07 15:35:00+00:00,2022-02-07 15:40:00+00:00,2022-02-07 15:45:00+00:00,0.1730769230769247,0.15734265734265587,-0.03321678321678531,,0.4353146853146845,0.4562937062937063,0.5,0.4166666666666667,0.03146853146853018,0.11188811188811201,0.20629370629370505,0.3164335664335669,0.08041958041958183,0.029720279720280025,0.7458563535911561,-0.03846153846153827,-0.12412587412587554,0.03846153846153827,-0.0681818181818183,0.22552447552447666,0.0716783216783211,0.08566433566433727,0.3798449612403153,0.06993006993006845,0.23601398601398754,0.11188811188811201,0.2045454545454549,10.0
CENTRAL,development,360,15,0.0,2022-02-08 15:00:00+00:00,2022-02-09 00:45:00+00:00,2022-02-09 01:05:00+00:00,114.72,111.12,3.5999999999999943,-0.3486750348675183,-0.5986750348675183,L2_BREAK_FAST_FAIL_5M,0.0777777777777782,0.2361111111111099,20.0,10.0,5.0,TRUE_FAILURE_PROXY,False,,,False,True,690.0,False,,3,2022-02-09 00:55:00+00:00,2022-02-09 01:00:00+00:00,2022-02-09 01:05:00+00:00,0.027777777777776243,0.3083333333333337,0.2916666666666703,,0.7555555555555564,0.7555555555555564,0.25,0.25,0.027777777777776243,0.055555555555556434,0.05833333333333169,0.14444444444444357,0.02777777777778019,0.05833333333333169,0.8076923076922898,-0.025000000000000987,-0.04722222222222277,0.025000000000000987,-0.05000000000000197,0.11666666666666732,0.044444444444443565,0.022222222222221782,0.19047619047618564,0.05277777777777723,0.1027777777777792,0.07777777777777822,0.2361111111111099,20.0
CENTRAL,development,360,15,0.0,2022-02-22 15:00:00+00:00,2022-02-23 00:15:00+00:00,2022-02-23 00:25:00+00:00,87.6,83.05,4.549999999999997,-0.5136986301369495,-0.7636986301369495,L2_BREAK_FAST_FAIL_5M,0.1582417582417581,0.1736263736263719,10.0,0.0,5.0,LATENT_RECOVERABLE,True,330.0,5.0,True,True,95.0,True,235.0,5,2022-02-23 00:15:00+00:00,2022-02-23 00:20:00+00:00,2022-02-23 00:25:00+00:00,0.16923076923076846,0.10769230769230663,0.01098901098901037,,0.23956043956043735,0.38681318681318505,0.3333333333333333,0.0,0.010989010989013495,0.1582417582417581,0.18241758241758527,0.3318681318681301,0.1472527472527446,0.0021978021978002003,0.5562913907284824,-0.02197802197802074,-0.06813186813186554,0.02197802197802074,-0.03296703296703424,0.11208791208791016,0.032967032967031115,0.04615384615384481,0.41176470588234804,0.03296703296703424,0.22637362637362365,0.1582417582417581,0.17362637362637198,10.0
CENTRAL,development,360,15,0.0,2022-03-08 15:00:00+00:00,2022-03-08 18:05:00+00:00,2022-03-08 18:25:00+00:00,84.54,83.11,1.4300000000000068,-2.188313224509131,-2.4383132245091312,L2_BREAK_FAST_FAIL_5M,0.3636363636363591,0.5734265734265759,20.0,10.0,5.0,LATENT_RECOVERABLE,True,535.0,2.0,True,True,520.0,True,15.0,2,2022-03-08 18:15:00+00:00,2022-03-08 18:20:00+00:00,2022-03-08 18:25:00+00:00,0.05594405594406442,0.7692307692307616,0.8461538461538377,,1.1538461538461424,1.6573426573426526,0.16666666666666666,0.16666666666666666,0.11888111888110957,0.13286713286713064,0.16783216783216345,0.18181818181818452,0.013986013986021074,0.0,0.9230769230768853,-0.2587412587412607,-0.30069930069930406,0.2587412587412607,-0.3776223776223703,0.6643356643356632,0.24475524475524954,0.04195804195804335,0.06315789473684431,0.3776223776223703,0.4335664335664347,0.3636363636363591,0.44055944055944524,20.0
CENTRAL,development,360,15,0.0,2022-03-15 15:00:00+00:00,2022-03-15 15:15:00+00:00,2022-03-15 15:25:00+00:00,80.84,78.94,1.9000000000000057,-0.5566551212271564,-0.8066551212271564,L2_BREAK_FAST_FAIL_5M,0.0421052631578937,0.1315789473684206,10.0,0.0,5.0,LATENT_RECOVERABLE,True,50.0,1.0,False,True,0.0,True,50.0,1,2022-03-15 15:15:00+00:00,2022-03-15 15:20:00+00:00,2022-03-15 15:25:00+00:00,0.06842105263158382,0.12105263157894162,0.0,,0.26842105263158084,0.4947368421052605,0.5833333333333334,0.5833333333333334,0.021052631578943118,0.026315789473682637,0.08947368421052694,0.15789473684210328,0.005263157894739519,0.06315789473683683,0.9666666666666492,-0.042105263157893716,-0.05789473684210479,0.042105263157893716,-0.06842105263157634,0.0999999999999985,0.01578947368421108,0.01578947368421108,0.15789473684211314,0.06315789473683683,0.08421052631578743,0.042105263157893716,0.13157894736842066,10.0
CENTRAL,development,360,15,0.0,2022-03-17 15:00:00+00:00,2022-03-17 19:45:00+00:00,2022-03-17 20:05:00+00:00,90.76,86.54,4.219999999999999,-1.7078007933010175,-1.9578007933010175,L2_BREAK_FAST_FAIL_5M,0.0663507109004742,0.0995260663507113,20.0,10.0,5.0,TRUE_FAILURE_PROXY,False,,,False,False,,False,,1,2022-03-17 19:55:00+00:00,2022-03-17 20:00:00+00:00,2022-03-17 20:05:00+00:00,0.05687203791469411,0.13270142180094843,0.2630331753554502,,0.33649289099526114,0.4454976303317526,0.3333333333333333,0.25,0.01658767772511687,0.01658767772511687,0.07345971563981099,0.10663507109004809,0.0,0.03317535545023711,1.0,-0.07582938388625769,-0.07819905213270104,0.07582938388625769,-0.09004739336492786,0.14454976303317527,0.05213270142180406,0.0023696682464433433,0.016393442622935926,0.09241706161137457,0.09478672985781791,0.06635071090047422,0.09952606635071133,20.0
CENTRAL,development,360,15,0.0,2022-03-24 15:00:00+00:00,2022-03-24 15:40:00+00:00,2022-03-24 15:50:00+00:00,101.85,97.27,4.579999999999998,-3.190967108492815,-3.4409671084928157,L2_BREAK_FAST_FAIL_5M,0.076419213973801,0.2139737991266354,10.0,0.0,5.0,LATENT_RECOVERABLE,True,225.0,5.0,True,True,30.0,True,195.0,8,2022-03-24 15:40:00+00:00,2022-03-24 15:45:00+00:00,2022-03-24 15:50:00+00:00,0.06331877729257471,0.04585152838428123,0.20960698689956514,,0.275109170305675,0.42576419213973876,0.75,0.4166666666666667,0.026200873362446416,0.07641921397380101,0.08733624454148599,0.14847161572052556,0.0502183406113546,0.010917030567684973,0.6617647058823505,-0.13973799126637573,-0.15065502183406068,0.13973799126637573,-0.1637554585152839,0.18777292576419208,0.013100436681223208,0.010917030567684973,0.05813953488371766,0.16593886462882215,0.2270742358078617,0.07641921397380101,0.15065502183406068,10.0
CENTRAL,development,360,15,0.0,2022-04-10 15:00:00+00:00,2022-04-10 15:05:00+00:00,2022-04-10 15:15:00+00:00,112.18,109.61,2.5700000000000074,0.0,-0.25,L2_BREAK_FAST_FAIL_5M,0.1712062256809324,0.1517509727626457,10.0,0.0,5.0,LATENT_RECOVERABLE,True,120.0,3.0,True,True,15.0,True,105.0,4,2022-04-10 15:05:00+00:00,2022-04-10 15:10:00+00:00,2022-04-10 15:15:00+00:00,0.07392996108949859,0.07392996108949307,0.10116731517509345,,0.24513618677043106,0.5252918287937761,0.5833333333333334,0.25,0.10116731517509345,0.17120622568093247,0.1789883268482461,0.2840466926070046,0.07003891050583903,0.03501945525291952,0.7534246575342386,0.0,-0.07003891050583903,0.0,-0.10116731517509345,0.18287937743190566,0.011673151750973172,0.07003891050583903,0.38297872340427075,0.10116731517509345,0.2412451361867715,0.17120622568093247,0.11284046692607215,10.0
CENTRAL,development,360,15,0.0,2022-04-16 15:00:00+00:00,2022-04-16 15:00:00+00:00,2022-04-16 15:10:00+00:00,102.98,101.19,1.7900000000000065,-0.2427655855505861,-0.4927655855505861,L2_BREAK_FAST_FAIL_5M,0.2681564245809989,0.6871508379888266,10.0,0.0,5.0,TRUE_FAILURE_PROXY,False,,,False,False,,False,,1,2022-04-16 15:00:00+00:00,2022-04-16 15:05:00+00:00,2022-04-16 15:10:00+00:00,0.09497206703910675,-0.02793296089385306,0.21229050279329278,,0.4301675977653673,0.5474860335195533,0.4166666666666667,0.3333333333333333,0.07262569832401955,0.2681564245809989,0.15642458100558665,0.3575418994413398,0.19553072625697937,0.005586592178773788,0.4531250000000094,-0.03351955307262685,-0.13966480446927323,0.03351955307262685,-0.1005586592178726,0.29050279329608614,0.08379888268156711,0.10614525139664639,0.3653846153846138,0.10614525139664639,0.4078212290502721,0.2681564245809989,0.13966480446927323,10.0
CENTRAL,development,360,15,0.0,2022-04-19 15:00:00+00:00,2022-04-19 15:10:00+00:00,2022-04-19 15:20:00+00:00,107.46,101.43,6.029999999999987,-0.651405174018238,-0.901405174018238,L2_BREAK_FAST_FAIL_5M,0.1824212271973484,0.1227197346600325,10.0,0.0,5.0,TRUE_FAILURE_PROXY,False,,,False,True,335.0,False,,3,2022-04-19 15:10:00+00:00,2022-04-19 15:15:00+00:00,2022-04-19 15:20:00+00:00,0.10116086235489233,0.026533996683249905,0.03648424543946921,,0.12271973466003494,0.19402985074626936,1.0,0.6666666666666666,0.08291873963515772,0.1824212271973484,0.18242122719734605,0.28358208955224073,0.09950248756219068,0.001658374792704003,0.6491228070175405,-0.023217247097844257,-0.05140961857379581,0.023217247097844257,-0.10613598673300198,0.15588723051409614,0.021558872305142612,0.028192371475951553,0.18085106382977437,0.10613598673300198,0.2338308457711442,0.1824212271973484,0.10116086235489233,10.0
CENTRAL,development,360,15,0.0,2022-05-01 15:00:00+00:00,2022-05-01 15:25:00+00:00,2022-05-01 15:35:00+00:00,89.76,87.01,2.75,-1.336898395721986,-1.586898395721986,L2_BREAK_FAST_FAIL_5M,0.2109090909090903,0.2727272727272727,10.0,0.0,5.0,LATENT_RECOVERABLE,True,35.0,2.0,True,True,15.0,True,20.0,7,2022-05-01 15:25:00+00:00,2022-05-01 15:30:00+00:00,2022-05-01 15:35:00+00:00,0.2690909090909124,0.4181818181818151,0.46181818181818035,,0.5999999999999969,0.7490909090909047,0.0,0.0,0.003636363636360329,0.05090909090909112,0.2690909090909072,0.32363636363636383,0.04727272727273079,0.007272727272725826,0.8539325842696521,-0.08363636363636508,-0.14181818181818204,0.08363636363636508,-0.09090909090909091,0.35272727272727233,0.20363636363636448,0.05818181818181694,0.1649484536082441,0.0872727272727254,0.19272727272727314,0.2109090909090903,0.2727272727272727,10.0
CENTRAL,development,360,15,0.0,2022-05-21 15:00:00+00:00,2022-05-21 15:00:00+00:00,2022-05-21 15:10:00+00:00,50.7,48.92,1.7800000000000011,-0.9861932938856066,-1.2361932938856066,L2_BREAK_FAST_FAIL_5M,0.0730337078651659,0.3033707865168572,10.0,0.0,5.0,TRUE_FAILURE_PROXY,False,,,False,True,50.0,False,,5,2022-05-21 15:00:00+00:00,2022-05-21 15:05:00+00:00,2022-05-21 15:10:00+00:00,0.02247191011236305,0.1573033707865134,0.5168539325842663,,0.5561797752808997,0.5730337078651699,0.3333333333333333,0.16666666666666666,0.044943820224718115,0.07303370786516594,0.07303370786516993,0.24157303370786484,0.028089887640447824,0.1404494382022471,0.8837209302325647,-0.05617977528089964,-0.07303370786516993,0.05617977528089964,-0.10112359550561775,0.14606741573033588,0.028089887640447824,0.01685393258427029,0.11538461538462064,0.10112359550561775,0.14606741573033588,0.07303370786516594,0.16853932584269893,10.0
CENTRAL,development,360,15,0.0,2022-05-26 15:00:00+00:00,2022-05-26 15:00:00+00:00,2022-05-26 15:10:00+00:00,45.43,41.56,3.869999999999997,-0.9905348888399336,-1.2405348888399337,L2_BREAK_FAST_FAIL_5M,0.1162790697674426,0.1162790697674426,10.0,0.0,5.0,TRUE_FAILURE_PROXY,False,,,False,True,55.0,False,,3,2022-05-26 15:00:00+00:00,2022-05-26 15:05:00+00:00,2022-05-26 15:10:00+00:00,0.09043927648578855,-0.01808785529715771,0.09043927648578855,,0.22222222222222224,0.37467700258398035,0.8333333333333334,0.5,0.010335917312661286,0.03359173126615056,0.10077519379844983,0.14987080103359324,0.02325581395348927,0.025839793281654134,0.8448275862068921,-0.025839793281654134,-0.03617571059431542,0.025839793281654134,-0.03617571059431542,0.1524547803617581,0.10594315245478139,0.010335917312661286,0.0677966101694897,0.03617571059431542,0.06976744186046598,0.11627906976744269,0.11627906976744269,10.0
CENTRAL,development,360,15,0.0,2022-06-07 15:00:00+00:00,2022-06-07 18:10:00+00:00,2022-06-07 18:20:00+00:00,39.64,37.06,2.5799999999999983,-0.6306760847628046,-0.8806760847628046,L2_BREAK_FAST_FAIL_5M,0.069767441860465,0.1434108527131774,10.0,0.0,5.0,LATENT_RECOVERABLE,True,85.0,2.0,True,True,0.0,True,85.0,8,2022-06-07 18:10:00+00:00,2022-06-07 18:15:00+00:00,2022-06-07 18:20:00+00:00,0.1434108527131774,0.06201550387597046,0.09302325581395432,,0.1434108527131774,0.1434108527131774,0.16666666666666666,0.0,0.031007751937983857,0.06976744186046505,0.17441860465116124,0.21317829457364246,0.038759689922481196,0.0,0.8181818181818147,-0.02325581395348927,-0.054263565891473124,0.02325581395348927,-0.058139534883720416,0.10852713178294625,0.019379844961241975,0.031007751937983857,0.2857142857142785,0.054263565891473124,0.12403100775193818,0.06976744186046505,0.1434108527131774,10.0
CENTRAL,development,360,15,0.0,2022-06-12 15:00:00+00:00,2022-06-12 15:05:00+00:00,2022-06-12 15:25:00+00:00,34.04,31.36,2.68,-3.378378378378344,-3.628378378378344,L2_BREAK_FAST_FAIL_5M,0.1716417910447764,0.1641791044776111,20.0,10.0,5.0,TRUE_FAILURE_PROXY,False,,,False,True,5.0,False,,3,2022-06-12 15:15:00+00:00,2022-06-12 15:20:00+00:00,2022-06-12 15:25:00+00:00,0.13805970149253635,0.0671641791044775,0.35447761194029953,,0.7164179104477618,1.1716417910447763,0.3333333333333333,0.4166666666666667,0.029850746268656077,0.08208955223880554,0.17164179104477642,0.24253731343283527,0.05223880597014946,0.018656716417909384,0.7846153846153833,-0.08208955223880554,-0.11567164179104562,0.08208955223880554,-0.11194029850746162,0.19029850746268848,0.04477611940298677,0.033582089552240076,0.17647058823529904,0.11194029850746162,0.19776119402985115,0.17164179104477642,0.16417910447761108,20.0
CENTRAL,development,360,15,0.0,2022-06-23 15:00:00+00:00,2022-06-23 15:10:00+00:00,2022-06-23 15:20:00+00:00,37.49,35.7,1.7899999999999991,-4.6679114430515085,-4.917911443051509,L2_BREAK_FAST_FAIL_5M,0.1620111731843571,0.3687150837988849,10.0,0.0,5.0,LATENT_RECOVERABLE,True,150.0,3.0,True,True,150.0,True,340.0,6,2022-06-23 15:10:00+00:00,2022-06-23 15:15:00+00:00,2022-06-23 15:20:00+00:00,0.27932960893854764,0.08379888268156349,0.46368715083799206,,0.6424581005586587,0.6815642458100556,0.16666666666666666,0.0,0.03351955307262301,0.16201117318435715,0.31284916201117063,0.4748603351955317,0.12849162011173412,0.03351955307262698,0.7294117647058781,-0.18994413407821428,-0.21229050279329761,0.18994413407821428,-0.21787709497206745,0.25139664804469447,0.011173184357543652,0.022346368715083335,0.08888888888888644,0.2234636871508373,0.37430167597765474,0.16201117318435715,0.31284916201117463,10.0
CENTRAL,development,360,15,1.0,2022-07-02 15:00:00+00:00,2022-07-02 18:50:00+00:00,2022-07-02 19:00:00+00:00,33.38,31.83,1.5500000000000045,-2.246854403834708,-2.4968544038347087,L2_BREAK_FAST_FAIL_5M,0.0709677419354833,0.1354838709677421,10.0,0.0,5.0,LATENT_RECOVERABLE,True,175.0,2.0,True,True,170.0,True,5.0,5,2022-07-02 18:50:00+00:00,2022-07-02 18:55:00+00:00,2022-07-02 19:00:00+00:00,0.116129032258064,-0.012903225806449009,-0.019354838709673514,,0.232258064516128,0.2580645161290352,1.0,0.5,0.0064516129032245045,0.0709677419354833,0.1290322580645176,0.2064516129032254,0.0645161290322588,0.012903225806449009,0.6874999999999959,-0.0903225806451614,-0.10322580645161498,0.0903225806451614,-0.0967741935483859,0.14838709677419568,0.038709677419356193,0.012903225806453592,0.08695652173914252,0.0967741935483859,0.17419354838709827,0.0709677419354833,0.1354838709677421,10.0
CENTRAL,development,360,15,1.0,2022-07-04 15:00:00+00:00,2022-07-04 15:05:00+00:00,2022-07-04 15:15:00+00:00,34.58,32.85,1.7299999999999969,-1.5905147484094884,-1.8405147484094884,L2_BREAK_FAST_FAIL_5M,0.2080924855491329,0.2023121387283248,10.0,0.0,5.0,LATENT_RECOVERABLE,True,335.0,2.0,True,True,115.0,True,220.0,2,2022-07-04 15:05:00+00:00,2022-07-04 15:10:00+00:00,2022-07-04 15:15:00+00:00,0.13294797687861115,0.3005780346820833,0.21965317919075333,,0.3583815028901767,0.3583815028901767,0.08333333333333333,0.0,0.040462427745664976,0.20809248554913298,0.17341040462427612,0.3526011560693645,0.167630057803468,0.011560693641620325,0.5245901639344271,-0.06358381502890152,-0.07514450867051774,0.06358381502890152,-0.09826589595375838,0.10982658959537461,0.0,0.011560693641616219,0.10526315789471716,0.10404624277456649,0.2832369942196507,0.20809248554913298,0.14450867052023147,10.0
CENTRAL,development,360,15,1.0,2022-07-05 15:00:00+00:00,2022-07-05 19:10:00+00:00,2022-07-05 19:20:00+00:00,35.06,33.13,1.93,-0.7130633200228553,-0.9630633200228552,L2_BREAK_FAST_FAIL_5M,0.0984455958549211,0.1088082901554408,10.0,0.0,5.0,LATENT_RECOVERABLE,True,15.0,1.0,False,True,0.0,True,15.0,8,2022-07-05 19:10:00+00:00,2022-07-05 19:15:00+00:00,2022-07-05 19:20:00+00:00,0.04145077720207534,0.1450777202072508,0.26943005181346946,,0.3575129533678745,0.6321243523316057,0.3333333333333333,0.16666666666666666,0.07253886010362724,0.0984455958549211,0.11917098445596061,0.20725388601036196,0.025906735751293864,0.06217616580310748,0.8750000000000067,-0.025906735751297545,-0.046632124352333375,0.025906735751297545,-0.08808290155440503,0.11917098445596061,0.010362694300519755,0.02072538860103583,0.17391304347825415,0.09844559585492478,0.14507772020725448,0.0984455958549211,0.10880829015544086,10.0
CENTRAL,development,360,15,1.0,2022-07-12 15:00:00+00:00,2022-07-12 15:10:00+00:00,2022-07-12 15:20:00+00:00,34.32,33.11,1.2100000000000009,-0.7284382284382107,-0.9784382284382108,L2_BREAK_FAST_FAIL_5M,0.148760330578512,0.099173553719006,10.0,0.0,5.0,TRUE_FAILURE_PROXY,False,,,False,True,0.0,False,,2,2022-07-12 15:10:00+00:00,2022-07-12 15:15:00+00:00,2022-07-12 15:20:00+00:00,0.09090909090909037,0.12396694214875907,0.19008264462810232,,0.2809917355371927,0.3801652892561988,0.3333333333333333,0.25,0.033057851239668694,0.12396694214875907,0.12396694214875907,0.22314049586776516,0.09090909090909037,0.008264462809915706,0.5925925925925887,-0.0413223140495844,-0.09917355371900607,0.0413223140495844,-0.0826446280991688,0.14876033057851207,0.008264462809921578,0.057851239669421683,0.38888888888889106,0.07438016528925309,0.22314049586776516,0.12396694214875907,0.09917355371900607,10.0
CENTRAL,development,360,15,1.0,2022-07-27 15:00:00+00:00,2022-07-27 16:20:00+00:00,2022-07-27 16:30:00+00:00,37.44,36.16,1.2800000000000011,-1.869658119658113,-2.119658119658113,L2_BREAK_FAST_FAIL_5M,0.0546875000000001,0.1171874999999987,10.0,0.0,5.0,LATENT_RECOVERABLE,True,90.0,2.0,True,True,90.0,True,5.0,2,2022-07-27 16:20:00+00:00,2022-07-27 16:25:00+00:00,2022-07-27 16:30:00+00:00,0.09374999999999792,0.23437499999999759,0.19531249999999983,,0.35156249999999634,0.35156249999999634,0.16666666666666666,0.08333333333333333,0.00781250000000399,0.023437500000000867,0.09375000000000347,0.11718749999999879,0.015624999999996877,0.007812499999998439,0.8666666666666919,-0.11718749999999879,-0.11718749999999879,0.11718749999999879,-0.12500000000000278,0.17187499999999897,0.046874999999996184,0.0,0.0,0.12500000000000278,0.14062499999999967,0.054687500000000173,0.11718749999999879,10.0
CENTRAL,development,360,15,1.0,2022-08-02 15:00:00+00:00,2022-08-02 15:00:00+00:00,2022-08-02 15:10:00+00:00,41.53,39.77,1.759999999999998,-1.565133638333771,-1.815133638333771,L2_BREAK_FAST_FAIL_5M,0.0738636363636338,0.2954545454545476,10.0,0.0,5.0,LATENT_RECOVERABLE,True,75.0,3.0,True,True,50.0,True,25.0,3,2022-08-02 15:00:00+00:00,2022-08-02 15:05:00+00:00,2022-08-02 15:10:00+00:00,0.03977272727272748,0.22159090909090967,0.22159090909090967,,0.7159090909090906,0.8750000000000006,0.25,0.25,0.02272727272727227,0.07386363636363387,0.06249999999999975,0.164772727272727,0.05113636363636159,0.05113636363636563,0.6896551724138049,-0.07954545454545496,-0.14772727272727176,0.07954545454545496,-0.09659090909091017,0.1761363636363611,0.011363636363634116,0.0681818181818168,0.38709677419354616,0.10227272727272722,0.22159090909090562,0.07386363636363387,0.14772727272727176,10.0
CENTRAL,development,360,15,1.0,2022-08-07 15:00:00+00:00,2022-08-07 16:30:00+00:00,2022-08-07 16:40:00+00:00,40.62,39.66,0.9600000000000009,-0.6154603643525047,-0.8654603643525047,L2_BREAK_FAST_FAIL_5M,0.0729166666666669,0.0729166666666669,10.0,0.0,5.0,LATENT_RECOVERABLE,True,235.0,2.0,True,True,30.0,True,205.0,3,2022-08-07 16:30:00+00:00,2022-08-07 16:35:00+00:00,2022-08-07 16:40:00+00:00,0.062499999999994914,0.010416666666671986,0.25000000000000183,,0.39583333333333565,0.39583333333333565,0.3333333333333333,0.3333333333333333,0.0729166666666669,0.0729166666666669,0.1458333333333338,0.1458333333333338,0.0,0.0,1.0,-0.052083333333330324,-0.062499999999994914,0.052083333333330324,-0.11458333333333263,0.1354166666666618,0.010416666666664584,0.010416666666664584,0.07692307692306431,0.12499999999999722,0.1354166666666618,0.0729166666666669,0.0729166666666669,10.0
CENTRAL,development,360,15,1.0,2022-08-21 15:00:00+00:00,2022-08-21 16:45:00+00:00,2022-08-21 17:00:00+00:00,36.27,35.48,0.7900000000000063,0.0,-0.25,L2_BREAK_FAST_FAIL_5M,0.3417721518987264,0.1518987341772197,15.0,5.0,5.0,LATENT_RECOVERABLE,True,230.0,4.0,True,True,0.0,True,230.0,11,2022-08-21 16:50:00+00:00,2022-08-21 16:55:00+00:00,2022-08-21 17:00:00+00:00,0.07594936708860987,0.40506329113923767,0.40506329113923767,,0.6708860759493632,0.6708860759493632,0.16666666666666666,0.16666666666666666,0.2531645569620179,0.34177215189872645,0.34177215189872645,0.43037974683543495,0.08860759493670851,0.0,0.7941176470588205,-0.01265822784810764,-0.10126582278481616,0.01265822784810764,-0.26582278481012556,0.40506329113923767,0.050632911392403585,0.08860759493670851,0.2187500000000007,0.26582278481012556,0.4430379746835426,0.34177215189872645,0.15189873417721975,15.0
CENTRAL,development,360,15,1.0,2022-09-02 15:00:00+00:00,2022-09-02 15:00:00+00:00,2022-09-02 15:10:00+00:00,32.35,31.24,1.110000000000003,-0.7727975270479526,-1.0227975270479526,L2_BREAK_FAST_FAIL_5M,0.0180180180180143,0.1261261261261263,10.0,0.0,5.0,TRUE_FAILURE_PROXY,False,,,False,False,,False,,1,2022-09-02 15:00:00+00:00,2022-09-02 15:05:00+00:00,2022-09-02 15:10:00+00:00,0.11711711711711911,-0.02702702702702798,0.07207207207207034,,0.18918918918918945,0.45945945945945965,0.5833333333333334,0.5,0.018018018018014385,0.018018018018014385,0.1351351351351335,0.14414414414414067,0.0,0.009009009009007193,1.0,-0.03603603603603517,-0.07207207207207034,0.03603603603603517,-0.045045045045042365,0.08108108108107753,0.0,0.03603603603603517,0.4444444444444532,0.054054054054049554,0.09009009009008473,0.018018018018014385,0.1261261261261263,10.0
CENTRAL,development,360,15,1.0,2022-09-19 15:00:00+00:00,2022-09-19 19:00:00+00:00,2022-09-19 19:10:00+00:00,32.5,30.58,1.9200000000000017,-1.230769230769202,-1.480769230769202,L2_BREAK_FAST_FAIL_5M,0.1197916666666649,0.0781249999999992,10.0,0.0,5.0,TRUE_FAILURE_PROXY,False,,,False,True,0.0,False,,6,2022-09-19 19:00:00+00:00,2022-09-19 19:05:00+00:00,2022-09-19 19:10:00+00:00,0.05729166666666632,0.10937500000000035,0.24479166666666585,,0.27083333333333104,0.33854166666666563,0.3333333333333333,0.16666666666666666,0.03645833333333345,0.046875000000001735,0.09374999999999976,0.11458333333333634,0.010416666666668286,0.010416666666668286,0.9090909090908973,-0.04166666666666574,-0.0781249999999992,0.04166666666666574,-0.08333333333333148,0.12500000000000092,0.005208333333335993,0.03645833333333345,0.2916666666666654,0.0781249999999992,0.12500000000000092,0.046875000000001735,0.0781249999999992,10.0
CENTRAL,development,360,15,1.0,2022-09-22 15:00:00+00:00,2022-09-22 19:10:00+00:00,2022-09-22 19:20:00+00:00,32.48,31.61,0.8699999999999974,-0.3078817733989658,-0.5578817733989658,L2_BREAK_FAST_FAIL_5M,0.1264367816092033,0.160919540229878,10.0,0.0,5.0,LATENT_RECOVERABLE,True,25.0,2.0,True,True,20.0,True,5.0,8,2022-09-22 19:10:00+00:00,2022-09-22 19:15:00+00:00,2022-09-22 19:20:00+00:00,0.11494252873562599,0.27586206896552035,0.06896551724138213,,0.4712643678160935,0.5862068965517235,0.16666666666666666,0.08333333333333333,0.09195402298851223,0.1264367816092033,0.2068965517241382,0.28735632183908133,0.03448275862069106,0.045977011494252026,0.8799999999999955,-0.011494252873560965,-0.06896551724137395,0.011494252873560965,-0.09195402298850405,0.17241379310344715,0.022988505747130097,0.057471264367812996,0.33333333333331755,0.1034482758620732,0.19540229885057725,0.1264367816092033,0.160919540229878,10.0
CENTRAL,development,360,15,1.0,2022-09-28 15:00:00+00:00,2022-09-28 15:55:00+00:00,2022-09-28 16:10:00+00:00,33.14,31.82,1.3200000000000005,-2.5648762824381777,-2.8148762824381777,L2_BREAK_FAST_FAIL_5M,0.0303030303030296,0.1590909090909097,15.0,5.0,5.0,LATENT_RECOVERABLE,True,215.0,4.0,True,True,5.0,True,210.0,5,2022-09-28 16:00:00+00:00,2022-09-28 16:05:00+00:00,2022-09-28 16:10:00+00:00,0.030303030303029645,0.23484848484848647,0.20454545454545683,,0.3333333333333315,0.3333333333333315,0.5,0.16666666666666666,0.007575757575756066,0.007575757575756066,0.03787878787878571,0.10606060606060645,0.0,0.06818181818182074,1.0,-0.1363636363636361,-0.1363636363636361,0.1363636363636361,-0.14393939393939217,0.16666666666666574,0.02272727272727358,0.0,0.0,0.14393939393939217,0.14393939393939217,0.030303030303029645,0.15909090909090967,15.0
CENTRAL,development,360,15,1.0,2022-09-30 15:00:00+00:00,2022-09-30 15:00:00+00:00,2022-09-30 15:15:00+00:00,35.06,33.0,2.0600000000000023,-0.2852253280091754,-0.5352253280091754,L2_BREAK_FAST_FAIL_5M,0.0631067961165025,0.0679611650485439,15.0,5.0,5.0,TRUE_FAILURE_PROXY,False,,,False,False,,False,,1,2022-09-30 15:05:00+00:00,2022-09-30 15:10:00+00:00,2022-09-30 15:15:00+00:00,0.0,0.05339805825242685,0.35922330097087435,,0.4320388349514561,0.5825242718446575,0.4166666666666667,0.3333333333333333,0.014563106796117041,0.06310679611650258,0.014563106796117041,0.0873786407766988,0.04854368932038554,0.024271844660196218,0.4444444444444752,-0.014563106796117041,-0.06310679611650602,0.014563106796117041,-0.03398058252427195,0.09223300970873666,0.009708737864075728,0.04854368932038899,0.526315789473698,0.029126213592234083,0.1262135922330086,0.06310679611650258,0.06310679611650602,15.0
CENTRAL,development,360,15,1.0,2022-10-03 15:00:00+00:00,2022-10-03 15:05:00+00:00,2022-10-03 15:15:00+00:00,32.97,32.12,0.8500000000000014,0.0,-0.25,L2_BREAK_FAST_FAIL_5M,0.1764705882352921,0.1882352941176427,10.0,0.0,5.0,TRUE_FAILURE_PROXY,False,,,False,True,0.0,False,,12,2022-10-03 15:05:00+00:00,2022-10-03 15:10:00+00:00,2022-10-03 15:15:00+00:00,0.16470588235294156,-0.04705882352941068,-0.1058823529411803,,0.24705882352941236,0.3411764705882337,0.6666666666666666,0.5,0.1058823529411803,0.12941176470588148,0.28235294117647247,0.3176470588235242,0.02352941176470116,0.01176470588235058,0.9259259259259396,0.0,-0.0352941176470601,0.0,-0.1058823529411803,0.21176470588235224,0.07058823529411185,0.0352941176470601,0.16666666666667324,0.1058823529411803,0.16470588235294156,0.17647058823529216,0.18823529411764273,10.0
CENTRAL,development,360,15,1.0,2022-11-04 15:00:00+00:00,2022-11-04 23:00:00+00:00,2022-11-04 23:15:00+00:00,34.01,31.83,2.18,-2.6462805057336225,-2.896280505733623,L2_BREAK_FAST_FAIL_5M,0.0871559633027545,0.1330275229357794,15.0,5.0,5.0,LATENT_RECOVERABLE,True,100.0,2.0,True,True,75.0,True,25.0,2,2022-11-04 23:05:00+00:00,2022-11-04 23:10:00+00:00,2022-11-04 23:15:00+00:00,0.009174311926603678,0.07339449541284572,0.09174311926605634,,0.11926605504587064,0.17431192660550573,1.0,1.0,0.022935779816515716,0.0871559633027545,0.03211009174311939,0.09633027522935818,0.06422018348623879,0.0,0.3333333333333333,-0.08256880733944941,-0.09174311926605308,0.08256880733944941,-0.10091743119266001,0.1146788990825688,0.004587155963305099,0.009174311926603678,0.07999999999998408,0.10550458715596513,0.1788990825688076,0.0871559633027545,0.09174311926605308,15.0
CENTRAL,development,360,15,1.0,2022-11-10 15:00:00+00:00,2022-11-10 15:00:00+00:00,2022-11-10 15:15:00+00:00,17.265,12.4,4.865,-7.674485954242693,-7.924485954242693,L2_BREAK_FAST_FAIL_5M,0.0894141829393625,0.1654676258992805,15.0,5.0,5.0,TRUE_FAILURE_PROXY,False,,,False,True,0.0,False,,5,2022-11-10 15:05:00+00:00,2022-11-10 15:10:00+00:00,2022-11-10 15:15:00+00:00,0.02631038026721482,0.17040082219938346,0.20678314491264135,,0.33504624871531324,0.33504624871531324,0.5833333333333334,0.08333333333333333,0.01829393627954751,0.03720452209660862,0.042959917780061585,0.1541623843782117,0.01891058581706111,0.09229188078108902,0.8773333333333303,-0.054470709146968256,-0.060637204522096956,0.054470709146968256,-0.07194244604316576,0.10894141829393651,0.03083247687564205,0.006166495375128702,0.05660377358490768,0.07276464542651577,0.09784172661870558,0.04830421377183955,0.16546762589928052,15.0
CENTRAL,development,360,15,1.0,2022-11-22 15:00:00+00:00,2022-11-22 15:20:00+00:00,2022-11-22 15:30:00+00:00,11.962,10.901,1.061,-1.3793679986623952,-1.6293679986623952,L2_BREAK_FAST_FAIL_5M,0.1112158341187562,0.1526861451460877,10.0,0.0,5.0,LATENT_RECOVERABLE,True,455.0,6.0,True,True,20.0,True,435.0,6,2022-11-22 15:20:00+00:00,2022-11-22 15:25:00+00:00,2022-11-22 15:30:00+00:00,0.14137606032045275,0.05466540999057477,0.1592836946277085,,0.2714420358152672,0.3034872761545704,0.25,0.16666666666666666,0.06032045240339308,0.1112158341187562,0.2026390197926483,0.25353440150801143,0.05089538171536312,0.0,0.7992565055762073,-0.031102733270499033,-0.04147031102733316,0.031102733270499033,-0.09236569274269461,0.13854853911404358,0.03581526861451485,0.010367577756834128,0.07482993197279586,0.09142318567389211,0.15268614514608936,0.1112158341187562,0.14231856738925525,10.0
CENTRAL,development,360,15,1.0,2022-12-03 15:00:00+00:00,2022-12-03 17:15:00+00:00,2022-12-03 17:25:00+00:00,13.584,13.428,0.1559999999999988,-0.7361601884570135,-0.9861601884570136,L2_BREAK_FAST_FAIL_5M,0.2115384615384711,0.5128205128205172,10.0,0.0,5.0,TRUE_FAILURE_PROXY,False,,,False,False,,False,,1,2022-12-03 17:15:00+00:00,2022-12-03 17:20:00+00:00,2022-12-03 17:25:00+00:00,0.44871794871795395,0.019230769230770106,-0.03205128205128731,,0.24358974358974708,0.40384615384616085,0.08333333333333333,0.0,0.10897435897436773,0.18589743589743676,0.5576923076923217,0.698717948717954,0.07692307692306904,0.06410256410256322,0.889908256880746,-0.12820512820512645,-0.3333333333333333,0.12820512820512645,-0.2307692307692299,0.5448717948718045,0.10897435897436773,0.20512820512820687,0.37647058823529067,0.2371794871794942,0.5192307692307702,0.21153846153847117,0.5128205128205172,10.0
CENTRAL,development,360,15,1.0,2022-12-06 15:00:00+00:00,2022-12-06 23:00:00+00:00,2022-12-06 23:10:00+00:00,14.149,13.874,0.2749999999999986,-0.2120291186655798,-0.4620291186655798,L2_BREAK_FAST_FAIL_5M,0.3490909090909112,0.2654545454545418,10.0,0.0,5.0,LATENT_RECOVERABLE,True,15.0,1.0,False,True,0.0,True,15.0,1,2022-12-06 23:00:00+00:00,2022-12-06 23:05:00+00:00,2022-12-06 23:10:00+00:00,0.2399999999999974,-0.01818181818181466,-0.11272727272727542,,0.2254545454545444,0.29090909090909267,0.4166666666666667,0.3333333333333333,0.014545454545459479,0.029090909090912498,0.2581818181818185,0.29454545454545433,0.014545454545453019,0.021818181818182757,0.9506172839506224,-0.025454545454544397,-0.04363636363635905,0.025454545454544397,-0.03636363636363578,0.11272727272726897,0.058181818181818536,0.01818181818181466,0.1612903225806193,0.04000000000000387,0.07272727272727156,0.06909090909090991,0.26545454545454183,10.0
CENTRAL,development,360,15,1.0,2022-12-20 15:00:00+00:00,2022-12-20 15:30:00+00:00,2022-12-20 15:40:00+00:00,12.435,12.183,0.2520000000000006,-1.6485725774025295,-1.8985725774025293,L2_BREAK_FAST_FAIL_5M,0.1587301587301549,0.297619047619051,10.0,0.0,5.0,TRUE_FAILURE_PROXY,False,,,False,False,,False,,1,2022-12-20 15:30:00+00:00,2022-12-20 15:35:00+00:00,2022-12-20 15:40:00+00:00,0.23412698412698774,0.1547619047619032,0.12301587301586799,,0.47222222222222016,0.9404761904761886,0.08333333333333333,0.25,0.023809523809524655,0.15873015873015497,0.25396825396825357,0.3888888888888839,0.1349206349206303,0.0,0.6530612244898033,-0.17063492063492433,-0.2063492063492113,0.17063492063492433,-0.194444444444449,0.25396825396825357,0.023809523809517605,0.03571428571428698,0.1406250000000052,0.194444444444449,0.3650793650793663,0.15873015873015497,0.23015873015872892,10.0
CENTRAL,development,360,15,1.0,2022-12-21 15:00:00+00:00,2022-12-21 23:10:00+00:00,2022-12-21 23:20:00+00:00,12.13,11.92,0.2100000000000008,-1.3190436933223637,-1.5690436933223637,L2_BREAK_FAST_FAIL_5M,0.395238095238086,0.4285714285714346,10.0,0.0,5.0,TRUE_FAILURE_PROXY,False,,,False,True,90.0,False,,6,2022-12-21 23:10:00+00:00,2022-12-21 23:15:00+00:00,2022-12-21 23:20:00+00:00,0.4285714285714347,0.0,-0.08095238095238654,,0.39999999999999675,0.676190476190471,0.08333333333333333,0.08333333333333333,0.16190476190475614,0.3952380952380862,0.5904761904761908,0.8238095238095209,0.23333333333333,0.0,0.7167630057803498,-0.14761904761904984,-0.18095238095238148,0.14761904761904984,-0.309523809523806,0.3619047619047545,0.019047619047616877,0.033333333333331654,0.09210526315789197,0.309523809523806,0.5761904761904676,0.3952380952380862,0.4285714285714347,10.0
CENTRAL,development,360,15,2.0,2023-01-10 15:00:00+00:00,2023-01-10 15:10:00+00:00,2023-01-10 15:25:00+00:00,16.352,15.805,0.5470000000000006,-0.2140410958904604,-0.4640410958904604,L2_BREAK_FAST_FAIL_5M,0.2504570383912254,0.2870201096892136,15.0,5.0,5.0,LATENT_RECOVERABLE,True,325.0,6.0,True,True,150.0,True,175.0,7,2023-01-10 15:15:00+00:00,2023-01-10 15:20:00+00:00,2023-01-10 15:25:00+00:00,0.031078610603289654,0.38391224862888595,0.30530164533821097,,0.8336380255941513,0.8336380255941513,0.16666666666666666,0.25,0.01645338208409567,0.2504570383912254,0.04936014625228701,0.34003656307129754,0.23400365630712974,0.056672760511880756,0.3118279569892465,-0.01645338208409567,-0.1261425959780603,0.01645338208409567,-0.034734917733086526,0.23765996343692664,0.09323583180987546,0.10968921389396463,0.46153846153845524,0.03290676416819134,0.37659963436928573,0.2504570383912254,0.28702010968921365,15.0
CENTRAL,development,360,15,2.0,2023-01-12 15:00:00+00:00,2023-01-12 17:35:00+00:00,2023-01-12 17:45:00+00:00,16.498,15.4,1.0980000000000008,-4.818765911019596,-5.068765911019596,L2_BREAK_FAST_FAIL_5M,0.0510018214936223,0.2550091074681247,10.0,0.0,5.0,LATENT_RECOVERABLE,True,615.0,8.0,True,True,10.0,True,605.0,8,2023-01-12 17:35:00+00:00,2023-01-12 17:40:00+00:00,2023-01-12 17:45:00+00:00,0.20582877959927368,0.09289617486338496,0.19216757741347756,,0.22768670309653902,0.33606557377049134,0.0,0.0,0.025500910746811177,0.051001821493622354,0.22950819672131031,0.3060109289617471,0.025500910746811177,0.051001821493625595,0.9166666666666702,-0.14389799635701378,-0.1666666666666664,0.14389799635701378,-0.16939890710382496,0.20491803278688317,0.012750455373405589,0.022768670309652607,0.11111111111110585,0.16939890710382496,0.21766848816028875,0.051001821493622354,0.2550091074681247,10.0
CENTRAL,development,360,15,2.0,2023-01-16 15:00:00+00:00,2023-01-16 18:55:00+00:00,2023-01-16 19:10:00+00:00,23.683,22.63,1.0530000000000008,-0.4433559937507825,-0.6933559937507825,L2_BREAK_FAST_FAIL_5M,0.1680911680911676,0.1737891737891735,15.0,5.0,5.0,LATENT_RECOVERABLE,True,185.0,4.0,True,True,0.0,True,185.0,9,2023-01-16 19:00:00+00:00,2023-01-16 19:05:00+00:00,2023-01-16 19:10:00+00:00,0.03323836657170001,0.22222222222222035,0.3922127255460588,,0.6429249762583087,0.7217473884140526,0.25,0.16666666666666666,0.029439696106361615,0.055080721747388206,0.06932573599240298,0.17853751187084396,0.025641025641026594,0.08357075023741438,0.856382978723398,-0.01994301994302068,-0.073124406457738,0.01994301994302068,-0.04558404558404727,0.2032288698955351,0.1044634377967705,0.05318138651471732,0.26168224299064363,0.0493827160493823,0.12820512820512622,0.1680911680911676,0.1737891737891735,15.0
CENTRAL,development,360,15,2.0,2023-01-20 15:00:00+00:00,2023-01-20 15:00:00+00:00,2023-01-20 15:40:00+00:00,21.468,20.98,0.4879999999999995,-0.3027762250792376,-0.5527762250792376,L2_BREAK_FAST_FAIL_5M,0.1680327868852475,0.1905737704918034,40.0,30.0,5.0,LATENT_RECOVERABLE,True,50.0,2.0,True,True,30.0,True,20.0,2,2023-01-20 15:30:00+00:00,2023-01-20 15:35:00+00:00,2023-01-20 15:40:00+00:00,0.07991803278688836,-0.053278688524589814,0.0020491803278640786,,0.358606557377051,0.6762295081967258,0.75,0.8333333333333334,0.004098360655735438,0.053278688524589814,0.08606557377048787,0.21926229508196604,0.04918032786885437,0.0840163934426238,0.7757009345794293,-0.028688524590162624,-0.06147540983606797,0.028688524590162624,-0.03278688524589806,0.12909836065574273,0.06352459016393933,0.03278688524590534,0.2539682539682728,0.03278688524589806,0.11475409836065778,0.1680327868852476,0.1905737704918034,40.0
CENTRAL,development,360,15,2.0,2023-02-02 15:00:00+00:00,2023-02-02 17:00:00+00:00,2023-02-02 17:10:00+00:00,25.285,24.59,0.6950000000000003,-0.4943642475775944,-0.7443642475775945,L2_BREAK_FAST_FAIL_5M,0.5827338129496417,0.1438848920863329,10.0,0.0,5.0,LATENT_RECOVERABLE,True,50.0,1.0,False,True,0.0,True,50.0,1,2023-02-02 17:00:00+00:00,2023-02-02 17:05:00+00:00,2023-02-02 17:10:00+00:00,0.12230215827338248,0.07482014388489149,0.020143884892085382,,0.3280575539568366,0.401438848920863,0.5833333333333334,0.3333333333333333,0.30647482014388616,0.5827338129496417,0.42877697841726864,0.7266187050359746,0.27625899280575555,0.02158273381295045,0.6198019801980214,-0.03453237410072072,-0.03884892086331081,0.03453237410072072,-0.3395683453237418,0.351079136690647,0.0071942446043151125,0.00431654676259009,0.012295081967213592,0.3410071942446069,0.6215827338129525,0.5827338129496417,0.14388489208633293,10.0
CENTRAL,development,360,15,2.0,2023-02-13 15:00:00+00:00,2023-02-13 23:25:00+00:00,2023-02-13 23:35:00+00:00,20.747,20.03,0.7169999999999987,-0.4096977876319463,-0.6596977876319463,L2_BREAK_FAST_FAIL_5M,0.0585774058577429,0.1464435146443523,10.0,0.0,5.0,LATENT_RECOVERABLE,True,45.0,1.0,False,True,5.0,True,40.0,2,2023-02-13 23:25:00+00:00,2023-02-13 23:30:00+00:00,2023-02-13 23:35:00+00:00,0.1422594142259421,0.3110181311018122,0.26638772663877164,,0.36541143654114494,0.6276150627615064,0.08333333333333333,0.0,0.029288702928871455,0.05857740585774291,0.1729428172942853,0.20502092050209522,0.029288702928871455,0.002789400278938487,0.8571428571428537,-0.023709902370989525,-0.0836820083681992,0.023709902370989525,-0.05299860529986098,0.1408647140864704,0.027894002789399734,0.059972105997209674,0.42574257425742223,0.05299860529986098,0.1422594142259421,0.05857740585774291,0.14644351464435232,10.0
CENTRAL,development,360,15,2.0,2023-02-16 15:00:00+00:00,2023-02-16 16:00:00+00:00,2023-02-16 16:10:00+00:00,23.925,23.074,0.8509999999999991,-8.92371995820268,-9.17371995820268,L2_BREAK_FAST_FAIL_5M,0.2761457109283192,0.6650998824911863,10.0,0.0,5.0,TRUE_FAILURE_PROXY,False,,,False,True,155.0,False,,2,2023-02-16 16:00:00+00:00,2023-02-16 16:05:00+00:00,2023-02-16 16:10:00+00:00,0.07638072855464319,0.12103407755581444,0.4253819036427717,,0.49588719153936667,0.7920094007050531,0.3333333333333333,0.25,0.237367802585192,0.27614571092831924,0.3137485311398352,0.3924794359576968,0.03877790834312725,0.03995299647473438,0.9011976047904153,-0.4947121034077554,-0.6650998824911863,0.4947121034077554,-0.73443008225617,0.9283196239717979,0.02350176263219694,0.17038777908343095,0.183544303797468,0.7320799059929474,0.9412455934195055,0.27614571092831924,0.6650998824911863,10.0
CENTRAL,development,360,15,2.0,2023-03-16 15:00:00+00:00,2023-03-16 19:20:00+00:00,2023-03-16 19:30:00+00:00,19.85,19.018,0.8320000000000007,-1.4609571788413156,-1.7109571788413156,L2_BREAK_FAST_FAIL_5M,0.072115384615383,0.2331730769230798,10.0,0.0,5.0,LATENT_RECOVERABLE,True,400.0,2.0,True,True,365.0,True,35.0,2,2023-03-16 19:20:00+00:00,2023-03-16 19:25:00+00:00,2023-03-16 19:30:00+00:00,0.16466346153846192,0.11418269230769511,0.32692307692307904,,0.39182692307692335,0.39182692307692335,0.08333333333333333,0.0,0.003605769230769364,0.07211538461538301,0.1682692307692313,0.252403846153847,0.06850961538461366,0.015625000000002002,0.7285714285714363,-0.07211538461538729,-0.1382211538461561,0.07211538461538729,-0.07572115384615664,0.18269230769230876,0.040865384615383284,0.06610576923076883,0.3618421052631536,0.07572115384615664,0.21033653846153913,0.07211538461538301,0.18028846153846395,10.0
CENTRAL,development,360,15,2.0,2023-03-17 15:00:00+00:00,2023-03-17 21:40:00+00:00,2023-03-17 21:50:00+00:00,20.72,19.8,0.9199999999999982,-5.839768339768292,-6.089768339768292,L2_BREAK_FAST_FAIL_5M,0.0989130434782622,0.3347826086956527,10.0,0.0,5.0,LATENT_RECOVERABLE,True,50.0,2.0,True,True,15.0,True,35.0,2,2023-03-17 21:40:00+00:00,2023-03-17 21:45:00+00:00,2023-03-17 21:50:00+00:00,0.2163043478260853,0.09456521739130426,0.1771739130434789,,0.3032608695652179,0.3032608695652179,0.0,0.0,0.04673913043478576,0.09891304347826224,0.2641304347826115,0.3217391304347826,0.05217391304347648,0.005434782608694582,0.8378378378378434,-0.26413043478260767,-0.3347826086956527,0.26413043478260767,-0.3108695652173934,0.4032608695652206,0.02173913043478219,0.07065217391304501,0.1752021563342342,0.3108695652173934,0.4336956521739149,0.09891304347826224,0.3347826086956527,10.0
CENTRAL,development,360,15,2.0,2023-04-01 15:00:00+00:00,2023-04-01 20:30:00+00:00,2023-04-01 20:50:00+00:00,21.111,20.86,0.2510000000000012,-0.1421060110842753,-0.3921060110842753,L2_BREAK_FAST_FAIL_5M,0.083665338645421,0.338645418326695,20.0,10.0,5.0,LATENT_RECOVERABLE,True,130.0,3.0,True,True,80.0,True,50.0,5,2023-04-01 20:40:00+00:00,2023-04-01 20:45:00+00:00,2023-04-01 20:50:00+00:00,0.0318725099601557,0.3505976095617551,0.31872509960159945,,0.6812749003984148,1.0079681274900354,0.16666666666666666,0.16666666666666666,0.01593625498007077,0.023904382470120313,0.05577689243027601,0.1075697211155414,0.00796812749004954,0.04382470119521585,0.9259259259258382,-0.023904382470120313,-0.12749003984063695,0.023904382470120313,-0.035856573705180465,0.15537848605576787,0.01593625498007077,0.10358565737051663,0.666666666666697,0.039840637450191084,0.15139442231075725,0.08366533864542108,0.338645418326695,20.0
CENTRAL,development,360,15,2.0,2023-04-13 15:00:00+00:00,2023-04-14 01:45:00+00:00,2023-04-14 01:55:00+00:00,25.29,23.967,1.3230000000000004,-2.37247924080658,-2.62247924080658,L2_BREAK_FAST_FAIL_5M,0.0347694633408914,0.2328042328042326,10.0,0.0,5.0,TRUE_FAILURE_PROXY,False,,,False,True,190.0,False,,6,2023-04-14 01:45:00+00:00,2023-04-14 01:50:00+00:00,2023-04-14 01:55:00+00:00,0.045351473922901515,0.06273620559334991,0.19954648526077043,,0.28495842781556974,0.5207860922146635,0.3333333333333333,0.3333333333333333,0.00377928949357714,0.007558578987151595,0.04913076341647865,0.09070294784580571,0.0037792894935744547,0.0377928949357526,0.9583333333333419,-0.09070294784580303,-0.09977324263038387,0.09070294784580303,-0.0937263794406642,0.1345427059712753,0.03174603174603025,0.009070294784580839,0.06741573033708224,0.09448223733938017,0.10733182161753546,0.03476946334089143,0.09977324263038387,10.0
CENTRAL,development,360,15,2.0,2023-04-25 15:00:00+00:00,2023-04-25 17:55:00+00:00,2023-04-25 18:05:00+00:00,21.163,20.726,0.4370000000000011,-1.1576808581014175,-1.4076808581014175,L2_BREAK_FAST_FAIL_5M,0.2379862700228808,0.1990846681922185,10.0,0.0,5.0,LATENT_RECOVERABLE,True,120.0,2.0,True,True,5.0,True,115.0,2,2023-04-25 17:55:00+00:00,2023-04-25 18:00:00+00:00,2023-04-25 18:05:00+00:00,0.19221967963386594,0.20366132723112576,0.5034324942791724,,0.6704805491990894,0.6842105263157947,0.25,0.08333333333333333,0.07780320366132457,0.17620137299770705,0.27002288329519053,0.37528604118992565,0.0983981693363825,0.006864988558352645,0.7378048780487817,-0.10983981693364232,-0.13272311212814572,0.10983981693364232,-0.1876430205949669,0.3707093821510266,0.1601830663615563,0.022883295194503397,0.061728395061716484,0.1876430205949669,0.3089244851258528,0.23798627002288086,0.1990846681922186,10.0
CENTRAL,development,360,15,2.0,2023-04-30 15:00:00+00:00,2023-04-30 15:00:00+00:00,2023-04-30 15:10:00+00:00,23.68,23.325,0.3550000000000004,-0.3378378378378066,-0.5878378378378066,L2_BREAK_FAST_FAIL_5M,0.3352112676056327,0.2985915492957689,10.0,0.0,5.0,LATENT_RECOVERABLE,True,5.0,1.0,False,True,0.0,True,5.0,2,2023-04-30 15:00:00+00:00,2023-04-30 15:05:00+00:00,2023-04-30 15:10:00+00:00,0.29577464788732477,0.25352112676056265,0.5605633802816841,,0.6591549295774689,0.6788732394366179,0.0,0.0,0.10140845070422908,0.33521126760563275,0.399999999999998,0.6338028169014017,0.2338028169014037,0.0,0.6311111111111147,-0.04225352112676212,-0.12112676056337805,0.04225352112676212,-0.14084507042253705,0.30140845070422306,0.08169014084507008,0.07887323943661594,0.26168224299064363,0.1436619718309912,0.4563380281690108,0.33521126760563275,0.2985915492957689,10.0
CENTRAL,development,360,15,2.0,2023-05-02 15:00:00+00:00,2023-05-02 15:40:00+00:00,2023-05-02 15:50:00+00:00,22.269,21.75,0.5189999999999984,-0.9205622165341376,-1.1705622165341376,L2_BREAK_FAST_FAIL_5M,0.0443159922928772,0.2292870905587671,10.0,0.0,5.0,TRUE_FAILURE_PROXY,False,,,False,True,175.0,False,,5,2023-05-02 15:40:00+00:00,2023-05-02 15:45:00+00:00,2023-05-02 15:50:00+00:00,0.10019267822735986,0.16184971098265877,0.314065510597304,,0.33526011560693647,0.48747591522158173,0.3333333333333333,0.25,0.042389210019271845,0.04431599229287729,0.14065510597302627,0.15221579961464524,0.0019267822736054438,0.009633911368013528,0.9873417721518833,-0.08092485549132596,-0.09248554913294493,0.08092485549132596,-0.12138728323699235,0.1368015414258222,0.0038535645472108876,0.011560693641618972,0.08450704225352254,0.1233140655105978,0.1368015414258222,0.04431599229287729,0.10789980732176795,10.0
CENTRAL,development,360,15,2.0,2023-05-05 15:00:00+00:00,2023-05-05 16:00:00+00:00,2023-05-05 16:10:00+00:00,22.481,21.5,0.9810000000000016,-1.2454961967884317,-1.4954961967884317,L2_BREAK_FAST_FAIL_5M,0.075433231396532,0.1763506625891962,10.0,0.0,5.0,LATENT_RECOVERABLE,True,220.0,3.0,True,True,5.0,True,215.0,3,2023-05-05 16:00:00+00:00,2023-05-05 16:05:00+00:00,2023-05-05 16:10:00+00:00,0.17533129459734995,0.05402650356778872,0.006116207951070558,,0.12436289500509652,0.25280326197757463,0.25,0.16666666666666666,0.005096839959224258,0.07543323139653205,0.18144750254842051,0.2517838939857283,0.0703363914373078,0.0,0.7206477732793559,-0.0581039755351703,-0.061162079510705576,0.0581039755351703,-0.06218144750254826,0.10295616717634956,0.03771661569826602,0.003058103975535279,0.029702970297031096,0.06320081549439456,0.13659531090723764,0.07543323139653205,0.17635066258919627,10.0
CENTRAL,development,360,15,2.0,2023-05-16 15:00:00+00:00,2023-05-17 01:45:00+00:00,2023-05-17 01:55:00+00:00,21.062,20.629,0.4329999999999998,-1.0682746177951286,-1.3182746177951286,L2_BREAK_FAST_FAIL_5M,0.0184757505773651,0.1778290993071634,10.0,0.0,5.0,TRUE_FAILURE_PROXY,False,,,False,False,,False,,2,2023-05-17 01:45:00+00:00,2023-05-17 01:50:00+00:00,2023-05-17 01:55:00+00:00,0.14549653579677232,0.38106235565819685,0.3787528868360231,,0.568129330254047,0.928406466512705,0.16666666666666666,0.16666666666666666,0.01847575057736518,0.01847575057736518,0.16397228637413752,0.19630484988452862,0.0,0.03233256351039112,1.0,-0.10623556581986825,-0.12702078521939894,0.10623556581986825,-0.1224018475750597,0.1431870669745904,0.0,0.0207852193995307,0.14516129032253444,0.12471131639723343,0.14549653579676414,0.01847575057736518,0.17782909930716345,10.0
CENTRAL,development,360,15,2.0,2023-05-31 15:00:00+00:00,2023-05-31 22:45:00+00:00,2023-05-31 23:00:00+00:00,20.77,20.32,0.4499999999999993,-0.0962927298989169,-0.3462927298989169,L2_BREAK_FAST_FAIL_5M,0.0644444444444443,0.1333333333333307,15.0,5.0,5.0,LATENT_RECOVERABLE,True,85.0,4.0,True,True,5.0,True,80.0,4,2023-05-31 22:50:00+00:00,2023-05-31 22:55:00+00:00,2023-05-31 23:00:00+00:00,0.01333333333333386,0.040000000000001576,0.028888888888884766,,0.1444444444444475,0.33777777777778056,0.6666666666666666,0.5833333333333334,0.008888888888891871,0.06444444444444436,0.020000000000000788,0.07777777777777822,0.055555555555552485,0.0022222222222249414,0.2857142857143292,-0.00666666666666693,-0.1333333333333307,0.00666666666666693,-0.0155555555555588,0.16666666666666535,0.024444444444442777,0.12666666666666376,0.7599999999999887,0.0155555555555588,0.19777777777777505,0.06444444444444436,0.1333333333333307,15.0
CENTRAL,development,360,15,2.0,2023-06-03 15:00:00+00:00,2023-06-03 15:55:00+00:00,2023-06-03 16:10:00+00:00,21.238,21.083,0.1550000000000011,-0.5650249552688891,-0.8150249552688891,L2_BREAK_FAST_FAIL_5M,0.3032258064516145,0.3806451612903265,15.0,5.0,5.0,LATENT_RECOVERABLE,True,20.0,1.0,False,True,0.0,True,20.0,3,2023-06-03 16:00:00+00:00,2023-06-03 16:05:00+00:00,2023-06-03 16:10:00+00:00,0.0,0.5161290322580498,0.40645161290321535,,0.6193548387096736,1.0709677419354786,0.08333333333333333,0.08333333333333333,0.012903225806444369,0.30322580645161457,0.006451612903210724,0.3225806451612926,0.2903225806451702,0.02580645161291166,0.09999999999997869,-0.16129032258063483,-0.19999999999999088,0.16129032258063483,-0.18064516129031286,0.2387096774193469,0.019354838709678013,0.03870967741935603,0.16216216216217255,0.1741935483870792,0.5032258064516054,0.30322580645161457,0.38064516129032666,15.0
CENTRAL,development,360,15,2.0,2023-06-27 15:00:00+00:00,2023-06-27 21:35:00+00:00,2023-06-27 21:45:00+00:00,16.83,16.5,0.3299999999999983,-0.2376708259060889,-0.4876708259060889,L2_BREAK_FAST_FAIL_5M,0.3272727272727306,0.1181818181818125,10.0,0.0,5.0,TRUE_FAILURE_PROXY,False,,,False,True,0.0,False,,1,2023-06-27 21:35:00+00:00,2023-06-27 21:40:00+00:00,2023-06-27 21:45:00+00:00,0.09393939393939081,0.24242424242423852,0.3969696969696997,,0.4484848484848499,0.5333333333333312,0.08333333333333333,0.08333333333333333,0.012121212121216232,0.11818181818182327,0.1030303030303003,0.23636363636363578,0.10606060606060703,0.027272727272728448,0.551282051282046,-0.0242424242424217,-0.1181818181818125,0.0242424242424217,-0.03333333333333118,0.13030303030302873,0.0030303030303067495,0.09393939393939081,0.7209302325581242,0.03636363636363793,0.23636363636363578,0.11818181818182327,0.1181818181818125,10.0
CENTRAL,development,360,15,3.0,2023-07-10 15:00:00+00:00,2023-07-10 18:40:00+00:00,2023-07-10 18:50:00+00:00,21.3,20.494,0.8060000000000009,-1.220657276995274,-1.470657276995274,L2_BREAK_FAST_FAIL_5M,0.0769230769230738,0.0880893300248156,10.0,0.0,5.0,LATENT_RECOVERABLE,True,70.0,1.0,False,True,0.0,True,70.0,5,2023-07-10 18:40:00+00:00,2023-07-10 18:45:00+00:00,2023-07-10 18:50:00+00:00,0.08436724565756987,0.1228287841191068,0.3200992555831251,,0.34615384615384565,0.34615384615384565,0.25,0.16666666666666666,0.01736972704714557,0.07692307692307387,0.10173697270471543,0.16501240694788954,0.0595533498759283,0.003722084367245794,0.6390977443609129,-0.0645161290322575,-0.08312655086848647,0.0645161290322575,-0.08188585607940306,0.13895781637716897,0.03846153846153694,0.01861042183622897,0.1339285714285785,0.08188585607940306,0.16004962779156034,0.07692307692307387,0.08808933002481566,10.0
CENTRAL,development,360,15,3.0,2023-08-16 15:00:00+00:00,2023-08-16 18:20:00+00:00,2023-08-16 18:45:00+00:00,23.565,22.904,0.6610000000000014,-0.1060895395714744,-0.3560895395714745,L2_BREAK_FAST_FAIL_5M,0.0847201210287402,0.1255673222390344,25.0,15.0,5.0,TRUE_FAILURE_PROXY,False,,,False,False,,False,,1,2023-08-16 18:35:00+00:00,2023-08-16 18:40:00+00:00,2023-08-16 18:45:00+00:00,0.019667170953103857,0.10590015128593062,0.166414523449318,,0.37670196671709266,0.41301059001512724,0.4166666666666667,0.25,0.024205748865352806,0.04689863842662442,0.04538577912254323,0.0892586989409999,0.022692889561271613,0.02118003025718505,0.7457627118644017,-0.0075642965204274545,-0.04689863842662979,0.0075642965204274545,-0.030257186081693695,0.13161875945537,0.06202723146747396,0.039334341906202344,0.29885057471264226,0.03177004538578026,0.09379727685325422,0.0847201210287402,0.12556732223903447,25.0
CENTRAL,development,360,15,3.0,2023-08-23 15:00:00+00:00,2023-08-23 15:55:00+00:00,2023-08-23 16:10:00+00:00,20.924,20.283,0.6409999999999982,-0.1194800229401549,-0.3694800229401549,L2_BREAK_FAST_FAIL_5M,0.215288611544465,0.0811232449297967,15.0,5.0,5.0,LATENT_RECOVERABLE,True,5.0,1.0,False,True,0.0,True,5.0,1,2023-08-23 16:00:00+00:00,2023-08-23 16:05:00+00:00,2023-08-23 16:10:00+00:00,0.03588143525740991,0.14352574102963964,0.17004680187207255,,0.3525741029641181,0.42433697347893795,0.6666666666666666,0.16666666666666666,0.0015600624024980107,0.04836193447737737,0.03744149765990792,0.11388455538221068,0.046801872074879354,0.029641185647423407,0.5890410958904263,-0.007800312012478969,-0.056162246489856335,0.007800312012478969,-0.007800312012478969,0.0748829953198103,0.01872074882995396,0.04836193447737737,0.6458333333333318,0.00936037441497698,0.1045241809672337,0.11856474258970472,0.08112324492979679,15.0
CENTRAL,development,360,15,3.0,2023-08-26 15:00:00+00:00,2023-08-26 15:00:00+00:00,2023-08-26 15:10:00+00:00,20.366,20.173,0.1930000000000014,-0.4173622704507496,-0.6673622704507496,L2_BREAK_FAST_FAIL_5M,0.093264248704666,0.1761658031088014,10.0,0.0,5.0,TRUE_FAILURE_PROXY,False,,,False,True,60.0,False,,5,2023-08-26 15:00:00+00:00,2023-08-26 15:05:00+00:00,2023-08-26 15:10:00+00:00,0.005181347150265362,0.29015544041449215,0.637305699481848,,0.6373056994818664,0.6891191709844464,0.16666666666666666,0.16666666666666666,0.005181347150265362,0.09326424870466607,0.010362694300530724,0.1658031088082891,0.08808290155440071,0.06735751295335766,0.4687500000000173,-0.08808290155440071,-0.17616580310880142,0.08808290155440071,-0.09326424870466607,0.1917098445595791,0.010362694300512317,0.08808290155440071,0.4594594594594569,0.09326424870466607,0.2694300518134675,0.09326424870466607,0.17616580310880142,10.0
CENTRAL,development,360,15,3.0,2023-09-23 15:00:00+00:00,2023-09-24 00:20:00+00:00,2023-09-24 00:35:00+00:00,19.52,19.341,0.1789999999999985,-0.5379098360656087,-0.7879098360656087,L2_BREAK_FAST_FAIL_5M,0.2513966480447044,0.2458100558659265,15.0,5.0,5.0,LATENT_RECOVERABLE,True,45.0,2.0,True,True,35.0,True,10.0,4,2023-09-24 00:25:00+00:00,2023-09-24 00:30:00+00:00,2023-09-24 00:35:00+00:00,0.05586592178769885,0.09497206703912378,0.2513966480447044,,0.5139664804469247,0.8044692737430144,0.4166666666666667,0.3333333333333333,0.13966480446928684,0.14525139664804482,0.2011173184357635,0.24581005586592655,0.005586592178757977,0.03910614525140507,0.9772727272727805,-0.12290502793295335,-0.134078212290509,0.12290502793295335,-0.26815642458099814,0.3854748603352134,0.10614525139665958,0.01117318435755565,0.02898550724641114,0.2625698324022402,0.2793296089385538,0.2513966480447044,0.134078212290509,15.0
CENTRAL,development,360,15,3.0,2023-09-25 15:00:00+00:00,2023-09-25 16:15:00+00:00,2023-09-25 16:25:00+00:00,19.666,19.401,0.2650000000000005,-0.9152852639072728,-1.1652852639072728,L2_BREAK_FAST_FAIL_5M,0.2415094339622638,0.2037735849056676,10.0,0.0,5.0,TRUE_FAILURE_PROXY,False,,,False,False,,False,,1,2023-09-25 16:15:00+00:00,2023-09-25 16:20:00+00:00,2023-09-25 16:25:00+00:00,0.045283018867926156,0.3584905660377309,0.3245283018867863,,0.4792452830188628,0.7811320754716994,0.25,0.08333333333333333,0.16981132075470967,0.2415094339622639,0.21509433962263583,0.3849056603773589,0.07169811320755422,0.09811320754716887,0.8137254901960603,-0.13584905660377847,-0.13584905660377847,0.13584905660377847,-0.30566037735848817,0.31320754716981813,0.0075471698113299636,0.0,0.0,0.30566037735848817,0.37735849056604237,0.2415094339622639,0.14339622641509503,10.0
CENTRAL,development,360,15,3.0,2023-09-30 15:00:00+00:00,2023-09-30 15:45:00+00:00,2023-09-30 15:55:00+00:00,21.49,20.24,1.25,-1.442531409958092,-1.692531409958092,L2_BREAK_FAST_FAIL_5M,0.1256,0.1071999999999974,10.0,0.0,5.0,TRUE_FAILURE_PROXY,False,,,False,True,10.0,False,,4,2023-09-30 15:45:00+00:00,2023-09-30 15:50:00+00:00,2023-09-30 15:55:00+00:00,0.0695999999999998,0.03439999999999941,0.05199999999999818,,0.16159999999999855,0.39519999999999983,0.9166666666666666,0.75,0.016800000000000637,0.12560000000000002,0.08719999999999857,0.2127999999999986,0.10879999999999938,0.016800000000000637,0.48872180451127767,-0.048799999999999955,-0.0711999999999989,0.048799999999999955,-0.06640000000000157,0.09279999999999973,0.003999999999999204,0.022399999999998955,0.24137931034481702,0.06560000000000059,0.19679999999999892,0.12560000000000002,0.08719999999999857,10.0
CENTRAL,development,360,15,3.0,2023-10-06 15:00:00+00:00,2023-10-06 15:45:00+00:00,2023-10-06 15:55:00+00:00,23.562,22.666,0.8960000000000008,-2.631355572532079,-2.88135557253208,L2_BREAK_FAST_FAIL_5M,0.1138392857142859,0.1875000000000029,10.0,0.0,5.0,TRUE_FAILURE_PROXY,False,,,False,True,10.0,False,,8,2023-10-06 15:45:00+00:00,2023-10-06 15:50:00+00:00,2023-10-06 15:55:00+00:00,0.1595982142857149,0.14397321428571566,0.1897321428571446,,0.4051339285714277,0.5468749999999978,0.08333333333333333,0.08333333333333333,0.007812499999997646,0.024553571428569693,0.16629464285713977,0.21205357142857267,0.01674107142857205,0.02901785714286086,0.9210526315789449,-0.13727678571428684,-0.14620535714285726,0.13727678571428684,-0.14508928571428448,0.26004464285714324,0.10602678571428832,0.008928571428570438,0.034334763948493996,0.14508928571428448,0.17075892857142697,0.11383928571428596,0.18750000000000297,10.0
CENTRAL,development,360,15,3.0,2023-10-08 15:00:00+00:00,2023-10-08 16:00:00+00:00,2023-10-08 16:10:00+00:00,23.52,23.046,0.4740000000000002,-0.7440476190476164,-0.9940476190476164,L2_BREAK_FAST_FAIL_5M,0.0632911392405087,0.1962025316455694,10.0,0.0,5.0,TRUE_FAILURE_PROXY,False,,,False,False,,False,,1,2023-10-08 16:00:00+00:00,2023-10-08 16:05:00+00:00,2023-10-08 16:10:00+00:00,0.10126582278480642,0.14345991561181723,0.26160337552743096,,0.3628691983122374,0.3628691983122374,0.16666666666666666,0.08333333333333333,0.01898734177215261,0.03375527426160714,0.12025316455695903,0.22362869198312574,0.014767932489454528,0.08860759493671218,0.9339622641509308,-0.07383966244725765,-0.13713080168776634,0.07383966244725765,-0.09282700421941026,0.20042194092827506,0.04430379746835609,0.0632911392405087,0.31578947368421445,0.09282700421941026,0.1708860759493735,0.0632911392405087,0.1898734177215186,10.0
CENTRAL,development,360,15,3.0,2023-10-13 15:00:00+00:00,2023-10-13 20:00:00+00:00,2023-10-13 20:10:00+00:00,21.6,21.29,0.3100000000000023,-0.092592592592644,-0.3425925925926441,L2_BREAK_FAST_FAIL_5M,0.0741935483870952,0.1677419354838799,10.0,0.0,5.0,LATENT_RECOVERABLE,True,40.0,2.0,True,True,30.0,True,10.0,2,2023-10-13 20:00:00+00:00,2023-10-13 20:05:00+00:00,2023-10-13 20:10:00+00:00,0.11935483870968489,0.15161290322580726,-0.012903225806455827,,0.20645161290322447,0.23225806451612466,0.75,0.5833333333333334,0.022580645161283372,0.07419354838709522,0.14516129032257363,0.24193548387097513,0.05161290322581185,0.04516129032258966,0.7866666666666509,-0.016129032258072648,-0.04516129032258966,0.016129032258072648,-0.03548387096775066,0.09677419354839005,0.03225806451612238,0.029032258064517015,0.3,0.03870967741935602,0.11935483870968489,0.07419354838709522,0.16774193548387992,10.0
CENTRAL,development,360,15,3.0,2023-11-01 15:00:00+00:00,2023-11-01 15:05:00+00:00,2023-11-01 15:15:00+00:00,40.872,38.361,2.511000000000003,-1.3945977686435351,-1.6445977686435351,L2_BREAK_FAST_FAIL_5M,0.4488251692552772,0.1501393866985272,10.0,0.0,5.0,LATENT_RECOVERABLE,True,120.0,2.0,True,True,0.0,True,120.0,2,2023-11-01 15:05:00+00:00,2023-11-01 15:10:00+00:00,2023-11-01 15:15:00+00:00,0.055754679410593554,0.19115890083631873,0.09796893667861488,,0.4030266825965748,0.5272799681401819,0.5,0.4166666666666667,0.024293110314615642,0.44882516925527727,0.0808442851453615,0.5615292712066914,0.4245320589406616,0.05615292712066829,0.24397163120567397,-0.04500199123855015,-0.15013938669852728,0.04500199123855015,-0.06849860613301348,0.22500995619275357,0.05137395459976294,0.10513739545997715,0.46725663716814275,0.06929510155316579,0.5989645559538046,0.44882516925527727,0.15013938669852728,10.0
CENTRAL,development,360,15,3.0,2023-11-03 15:00:00+00:00,2023-11-04 01:40:00+00:00,2023-11-04 01:50:00+00:00,40.315,38.1,2.2149999999999963,-1.785935755922119,-2.035935755922119,L2_BREAK_FAST_FAIL_5M,0.1051918735891668,0.1304740406320518,10.0,0.0,5.0,LATENT_RECOVERABLE,True,125.0,2.0,True,True,0.0,True,125.0,2,2023-11-04 01:40:00+00:00,2023-11-04 01:45:00+00:00,2023-11-04 01:50:00+00:00,0.10790067720090185,0.09571106094808292,0.18645598194131127,,0.2347629796839715,0.4383747178329563,0.16666666666666666,0.0,0.008126410835214768,0.06546275395034012,0.11557562076749466,0.19593679458239197,0.05733634311512535,0.02302483069977197,0.7073732718893936,-0.06365688487584581,-0.09616252821670489,0.06365688487584581,-0.07178329571106058,0.1485327313769757,0.04424379232505605,0.03250564334085907,0.2188449848024395,0.07178329571106058,0.161625282167045,0.06546275395034012,0.13047404063205184,10.0
CENTRAL,development,360,15,3.0,2023-11-04 15:00:00+00:00,2023-11-05 02:05:00+00:00,2023-11-05 02:15:00+00:00,42.785,41.197,1.587999999999994,-0.5609442561644862,-0.8109442561644862,L2_BREAK_FAST_FAIL_5M,0.0698992443324966,0.3217884130982353,10.0,0.0,5.0,TRUE_FAILURE_PROXY,False,,,False,True,5.0,False,,2,2023-11-05 02:05:00+00:00,2023-11-05 02:10:00+00:00,2023-11-05 02:15:00+00:00,0.293450881612088,0.11397984886650199,0.18010075566750783,,0.21536523929471035,0.2764483627204041,0.0,0.0,0.038413098236775925,0.06989924433249661,0.3324937027707813,0.39168765743073186,0.03148614609572069,0.02770780856422991,0.919614147909961,-0.02959697732997306,-0.07808564231737763,0.02959697732997306,-0.06738035264483609,0.14042821158690164,0.024559193954660972,0.048488664987404576,0.34529147982062125,0.06801007556674898,0.14798488664987425,0.06989924433249661,0.32178841309823525,10.0
CENTRAL,development,360,15,3.0,2023-11-19 15:00:00+00:00,2023-11-19 23:05:00+00:00,2023-11-19 23:15:00+00:00,61.8,59.087,2.712999999999994,-0.2669902912620925,-0.5169902912620925,L2_BREAK_FAST_FAIL_5M,0.129377073350537,0.1334316255068174,10.0,0.0,5.0,TRUE_FAILURE_PROXY,False,,,False,True,0.0,False,,1,2023-11-19 23:05:00+00:00,2023-11-19 23:10:00+00:00,2023-11-19 23:15:00+00:00,0.07777368227054884,0.3158864725396245,0.2823442683376336,,0.40398083302617255,0.40398083302617255,0.08333333333333333,0.08333333333333333,0.060081091043127234,0.07371913011426587,0.13785477331367607,0.20715075562108326,0.013638039071138636,0.055657943236268555,0.9341637010676171,-0.012532252119424622,-0.03501658680427537,0.012532252119424622,-0.07113896056026738,0.1643936601548124,0.0707703649096943,0.022484334684850747,0.1367713004484288,0.07261334316255186,0.10873571691854124,0.12937707335053705,0.1334316255068174,10.0
CENTRAL,development,360,15,3.0,2023-11-26 15:00:00+00:00,2023-11-26 20:45:00+00:00,2023-11-26 20:55:00+00:00,58.48,56.663,1.817,-2.7359781121751303,-2.9859781121751308,L2_BREAK_FAST_FAIL_5M,0.1535498073747955,0.5019262520638409,10.0,0.0,5.0,TRUE_FAILURE_PROXY,False,,,False,False,,False,,1,2023-11-26 20:45:00+00:00,2023-11-26 20:50:00+00:00,2023-11-26 20:55:00+00:00,0.4722069345074282,0.20473307649972478,0.31590533847000446,,0.3494771601540991,0.44799119427627965,0.0,0.0,0.0990643918547054,0.15354980737479554,0.5712713263621336,0.6554760594386365,0.054485415520090126,0.029719317556412796,0.9168765743073019,-0.17556411667583682,-0.20363236103467114,0.17556411667583682,-0.2746285085305422,0.31865712713263655,0.015960374243260026,0.028068244358834305,0.08808290155440739,0.2746285085305422,0.35718216840946665,0.15354980737479554,0.501926252063841,10.0
CENTRAL,development,360,15,3.0,2023-12-03 15:00:00+00:00,2023-12-03 22:35:00+00:00,2023-12-03 22:45:00+00:00,63.956,62.446,1.5100000000000051,-5.175433110263361,-5.425433110263361,L2_BREAK_FAST_FAIL_5M,0.0761589403973473,0.5781456953642395,10.0,0.0,5.0,LATENT_RECOVERABLE,True,170.0,3.0,True,True,20.0,True,150.0,4,2023-12-03 22:35:00+00:00,2023-12-03 22:40:00+00:00,2023-12-03 22:45:00+00:00,0.23377483443708633,0.1403973509933792,0.3052980132450311,,0.3708609271523181,0.5754966887417198,0.0,0.0,0.015231788079467587,0.07615894039734734,0.2483443708609263,0.3304635761589361,0.06092715231787976,0.021192052980130046,0.8156312625250508,-0.4384105960264926,-0.5781456953642395,0.4384105960264926,-0.44966887417218526,0.5960264900662222,0.006622516556290051,0.1397350993377469,0.23444444444444318,0.45364238410596025,0.6543046357615869,0.07615894039734734,0.5781456953642395,10.0
CENTRAL,development,360,15,3.0,2023-12-21 15:00:00+00:00,2023-12-21 16:05:00+00:00,2023-12-21 16:15:00+00:00,88.89,85.183,3.7069999999999936,-1.5131060861739432,-1.7631060861739432,L2_BREAK_FAST_FAIL_5M,0.2160776908551398,0.3193957377933638,10.0,0.0,5.0,LATENT_RECOVERABLE,True,65.0,1.0,False,True,0.0,True,65.0,1,2023-12-21 16:05:00+00:00,2023-12-21 16:10:00+00:00,2023-12-21 16:15:00+00:00,0.31777717831130275,0.07067709738332908,0.08092797410304765,,0.24925816023739092,0.5057998381440527,0.0,0.0,0.05314270299433587,0.2160776908551398,0.37091988130563863,0.5354734286485036,0.16293498786080396,0.0016185594820610299,0.6957178841309827,-0.0728351766927425,-0.08605341246290886,0.0728351766927425,-0.12570811977340027,0.17507418397626168,0.03614782843269505,0.013218235770166354,0.0755007704160347,0.12597787968707838,0.3021311033180487,0.2160776908551398,0.3193957377933638,10.0
CENTRAL,development,360,15,3.0,2023-12-25 15:00:00+00:00,2023-12-25 15:00:00+00:00,2023-12-25 15:10:00+00:00,119.603,109.625,9.977999999999994,-1.7558088007825212,-2.005808800782521,L2_BREAK_FAST_FAIL_5M,0.0806774904790546,0.1606534375626373,10.0,0.0,5.0,LATENT_RECOVERABLE,True,30.0,2.0,True,True,10.0,True,20.0,7,2023-12-25 15:00:00+00:00,2023-12-25 15:05:00+00:00,2023-12-25 15:10:00+00:00,0.02194828622970477,0.2550611344958913,0.38785327720986235,,0.4454800561234712,0.5709561034275398,0.16666666666666666,0.08333333333333333,0.05462016436159571,0.08067749047905465,0.07646823010623285,0.18861495289637262,0.026057326117458937,0.08608939667268083,0.8618490967056299,-0.04199238324313461,-0.10553217077570634,0.04199238324313461,-0.09591100420926121,0.17939466827019515,0.019943876528362214,0.06353978753257172,0.3541899441340772,0.09661254760473033,0.186209661254761,0.08067749047905465,0.10793746241731798,10.0
CENTRAL,development,360,15,3.0,2023-12-30 15:00:00+00:00,2023-12-30 15:50:00+00:00,2023-12-30 16:05:00+00:00,104.33,100.698,3.632000000000005,-0.8243074858621524,-1.0743074858621524,L2_BREAK_FAST_FAIL_5M,0.072136563876652,0.2720264317180612,15.0,5.0,5.0,TRUE_FAILURE_PROXY,False,,,False,True,10.0,False,,3,2023-12-30 15:55:00+00:00,2023-12-30 16:00:00+00:00,2023-12-30 16:05:00+00:00,0.03827092511013095,0.36921806167401056,0.427863436123348,,0.52863436123348,0.5333149779735669,0.4166666666666667,0.4166666666666667,0.0011013215859044282,0.018997797356828886,0.03964757709251246,0.17373348017621126,0.017896475770924458,0.11618942731277436,0.8969889064976264,-0.04735682819383172,-0.09884361233480016,0.04735682819383172,-0.046255506607927294,0.17098017621145217,0.07323788546255644,0.05148678414096843,0.30112721417069094,0.04845814977973615,0.11784140969162904,0.072136563876652,0.2720264317180612,15.0
CENTRAL,development,360,15,4.0,2024-01-13 15:00:00+00:00,2024-01-13 15:30:00+00:00,2024-01-13 15:40:00+00:00,93.051,91.092,1.9590000000000032,-0.7791426207133245,-1.0291426207133243,L2_BREAK_FAST_FAIL_5M,0.1781521184277709,0.2409392547218007,10.0,0.0,5.0,LATENT_RECOVERABLE,True,200.0,4.0,True,True,130.0,True,70.0,4,2024-01-13 15:30:00+00:00,2024-01-13 15:35:00+00:00,2024-01-13 15:40:00+00:00,0.21898928024502365,0.1980602348136828,0.4441041347626356,,0.5028075548749351,0.8157223072996408,0.0,0.0,0.07912200102092949,0.1781521184277709,0.29555895865237714,0.4190913731495716,0.0990301174068414,0.02450229709035311,0.7637028014616325,-0.07401735579377018,-0.21643695763144763,0.07401735579377018,-0.15364982133741054,0.3563042368555418,0.06023481368045381,0.14241960183767743,0.39971346704872146,0.15313935681469967,0.3945890760592185,0.1781521184277709,0.24093925472180075,10.0
CENTRAL,development,360,15,4.0,2024-01-23 15:00:00+00:00,2024-01-23 15:00:00+00:00,2024-01-23 15:10:00+00:00,81.744,78.96,2.784000000000006,-0.8502153063221773,-1.1002153063221771,L2_BREAK_FAST_FAIL_5M,0.2640086206896544,0.2507183908045947,10.0,0.0,5.0,LATENT_RECOVERABLE,True,25.0,1.0,False,True,0.0,True,25.0,4,2024-01-23 15:00:00+00:00,2024-01-23 15:05:00+00:00,2024-01-23 15:10:00+00:00,0.24568965517241237,0.289511494252872,0.2902298850574731,,0.5739942528735617,0.8254310344827575,0.0,0.0,0.21479885057471182,0.2640086206896544,0.4612068965517202,0.5147270114942492,0.04920977011494258,0.004310344827586361,0.9043963712491269,-0.04992816091953861,-0.10955459770115164,0.04992816091953861,-0.2679597701149402,0.3566810344827612,0.029094827586207937,0.05962643678161303,0.16717019133938518,0.26472701149425043,0.37356321839080603,0.2640086206896544,0.25071839080459474,10.0
CENTRAL,development,360,15,4.0,2024-01-31 15:00:00+00:00,2024-01-31 15:40:00+00:00,2024-01-31 15:55:00+00:00,101.119,97.242,3.8769999999999953,-0.7021430196105238,-0.9521430196105238,L2_BREAK_FAST_FAIL_5M,0.2014444157854028,0.1581119422233686,15.0,5.0,5.0,LATENT_RECOVERABLE,True,120.0,1.0,False,True,0.0,True,120.0,3,2024-01-31 15:45:00+00:00,2024-01-31 15:50:00+00:00,2024-01-31 15:55:00+00:00,0.004642765024503664,0.4356461181325754,0.4996131029146247,,1.134898117100854,1.134898117100854,0.25,0.16666666666666666,0.04565385607428603,0.12354913592984261,0.05029662109878969,0.2816610781532113,0.07789527985555658,0.153469177198865,0.72344322344323,-0.036626257415526456,-0.09001805519731859,0.036626257415526456,-0.08202218209956105,0.14366778436935848,0.00825380448800529,0.05339179778179213,0.37163375224417783,0.08228011348981248,0.2135671911271612,0.20144441578540284,0.15811194222336866,15.0
CENTRAL,development,360,15,4.0,2024-02-25 15:00:00+00:00,2024-02-25 15:10:00+00:00,2024-02-25 15:20:00+00:00,103.747,102.033,1.7139999999999986,-1.4361861065862458,-1.6861861065862458,L2_BREAK_FAST_FAIL_5M,0.0717619603267239,0.1936989498249672,10.0,0.0,5.0,LATENT_RECOVERABLE,True,295.0,3.0,True,True,0.0,True,295.0,8,2024-02-25 15:10:00+00:00,2024-02-25 15:15:00+00:00,2024-02-25 15:20:00+00:00,0.04025670945157682,0.0915985997666258,0.056592765460906816,,0.2701283547257843,0.6365227537922957,0.5833333333333334,0.5833333333333334,0.007001166861143795,0.0717619603267239,0.04667444574095587,0.11668611435239382,0.0647607934655801,0.005250875145857846,0.44499999999998685,-0.17444574095683013,-0.19078179696616013,0.17444574095683013,-0.18203033838973867,0.20245040840139703,0.004084014002328353,0.016336056009329993,0.08069164265127393,0.18144690781797393,0.26254375729288404,0.0717619603267239,0.19078179696616013,10.0
CENTRAL,development,360,15,4.0,2024-03-05 15:00:00+00:00,2024-03-05 15:00:00+00:00,2024-03-05 15:20:00+00:00,138.884,129.471,9.412999999999982,-0.8820310474927928,-1.1320310474927928,L2_BREAK_FAST_FAIL_5M,0.1185594390736232,0.4537341973865924,20.0,10.0,5.0,LATENT_RECOVERABLE,True,15.0,2.0,True,True,15.0,True,5.0,2,2024-03-05 15:10:00+00:00,2024-03-05 15:15:00+00:00,2024-03-05 15:20:00+00:00,0.015616700308083676,0.0011685966216929459,0.44895357484330256,,0.5658132370126454,0.8548815467969872,0.3333333333333333,0.4166666666666667,0.04047593753319887,0.07606501646658977,0.056092637841282544,0.27621374694571327,0.0355890789333909,0.18453203017103983,0.8711538461538428,-0.02592159779029005,-0.08382024859237105,0.02592159779029005,-0.06597259109741958,0.20237968766599435,0.07850844576649375,0.05789865080208101,0.2860892388451376,0.06639753532348891,0.15988526505896083,0.11855943907362328,0.45373419738659243,20.0
CENTRAL,development,360,15,4.0,2024-03-14 15:00:00+00:00,2024-03-14 23:10:00+00:00,2024-03-14 23:20:00+00:00,174.599,164.55,10.048999999999978,-0.7474269612082196,-0.9974269612082196,L2_BREAK_FAST_FAIL_5M,0.1025972733605342,0.117225594586526,10.0,0.0,5.0,LATENT_RECOVERABLE,True,25.0,1.0,False,True,0.0,True,25.0,2,2024-03-14 23:10:00+00:00,2024-03-14 23:15:00+00:00,2024-03-14 23:20:00+00:00,0.05811523534680112,0.07672405214449082,0.11523534680067564,,0.17265399542243182,0.30192058911334446,0.75,0.4166666666666667,0.04229276544929966,0.1025972733605342,0.10030848840680784,0.2198228679470602,0.06030450791123454,0.05920987162901783,0.7256677229515647,-0.026072245994626434,-0.04408398845656131,0.026072245994626434,-0.0683650114439261,0.1235943875012432,0.03721763359538223,0.018011742461934876,0.14573268921093768,0.0683650114439261,0.1466812618170955,0.1025972733605342,0.11722559458652601,10.0
CENTRAL,development,360,15,4.0,2024-03-20 15:00:00+00:00,2024-03-20 18:00:00+00:00,2024-03-20 18:20:00+00:00,176.961,169.506,7.4550000000000125,-6.843315758839563,-7.093315758839563,L2_BREAK_FAST_FAIL_5M,0.1652582159624409,0.638765928906773,20.0,10.0,5.0,LATENT_RECOVERABLE,True,30.0,2.0,True,True,15.0,True,15.0,2,2024-03-20 18:10:00+00:00,2024-03-20 18:15:00+00:00,2024-03-20 18:20:00+00:00,0.10382293762575448,0.5945003353454069,0.40643863179074396,,0.9604292421193809,1.2806170355466104,0.16666666666666666,0.16666666666666666,0.10918846411804045,0.16525821596244095,0.21126760563380476,0.32085848423876867,0.056069751844400495,0.05352112676056341,0.8252508361204004,-0.32434607645875285,-0.3625754527162976,0.32434607645875285,-0.43340040241448546,0.4716297786720302,0.0,0.03822937625754475,0.08105802047781493,0.4335345405767933,0.5278336686787385,0.16525821596244095,0.638765928906773,20.0
CENTRAL,development,360,15,4.0,2024-04-04 15:00:00+00:00,2024-04-04 18:00:00+00:00,2024-04-04 18:10:00+00:00,189.692,184.772,4.920000000000016,-1.6684941905826811,-1.918494190582681,L2_BREAK_FAST_FAIL_5M,0.1225609756097516,0.2873983739837421,10.0,0.0,5.0,TRUE_FAILURE_PROXY,False,,,False,False,,False,,1,2024-04-04 18:00:00+00:00,2024-04-04 18:05:00+00:00,2024-04-04 18:10:00+00:00,0.09817073170731759,0.32012195121951464,0.3272357723577253,,0.47215447154471546,0.5081300813008114,0.16666666666666666,0.16666666666666666,0.025406504065040567,0.12256097560975168,0.12540650406504403,0.22804878048780122,0.09715447154471112,0.005487804878046083,0.5739750445632921,-0.1286585365853674,-0.15894308943089597,0.1286585365853674,-0.154065040650408,0.20508130081301043,0.02073170731707389,0.030284552845528542,0.14767096134786795,0.154065040650408,0.2815040650406476,0.12256097560975168,0.15894308943089597,10.0
CENTRAL,development,360,15,4.0,2024-04-06 15:00:00+00:00,2024-04-06 16:00:00+00:00,2024-04-06 16:15:00+00:00,178.616,173.85,4.76600000000002,-4.683231065526039,-4.933231065526039,L2_BREAK_FAST_FAIL_5M,0.1726814939152278,0.4305497272345809,15.0,5.0,5.0,LATENT_RECOVERABLE,True,545.0,6.0,True,True,290.0,True,255.0,6,2024-04-06 16:05:00+00:00,2024-04-06 16:10:00+00:00,2024-04-06 16:15:00+00:00,0.09567771716324283,0.39865715484683123,0.4861519093579516,,0.783046579941247,0.9425094418799771,0.08333333333333333,0.08333333333333333,0.03692824171212484,0.08057070919009326,0.13260595887536766,0.20688208140998443,0.043642467477968426,0.030633655056648335,0.7890466531440157,-0.3512379353755769,-0.4305497272345808,0.3512379353755769,-0.38837599664288525,0.4790180444817469,0.011330255979857703,0.07931179185900393,0.16557161629435468,0.38816617708770174,0.5111204364246741,0.17268149391522777,0.4305497272345808,15.0
CENTRAL,development,360,15,4.0,2024-04-10 15:00:00+00:00,2024-04-10 17:15:00+00:00,2024-04-10 17:30:00+00:00,172.3,162.29,10.01000000000002,-0.8473592571097144,-1.0973592571097144,L2_BREAK_FAST_FAIL_5M,0.0955044955044942,0.0837162837162857,15.0,5.0,5.0,TRUE_FAILURE_PROXY,False,,,False,True,260.0,False,,5,2024-04-10 17:20:00+00:00,2024-04-10 17:25:00+00:00,2024-04-10 17:30:00+00:00,0.0035964035964037256,0.10839160839160898,0.1664335664335658,,0.21308691308691366,0.5275724275724272,0.5833333333333334,0.5,0.05894105894105633,0.0955044955044942,0.062437562437562315,0.11778221778221776,0.03656343656343788,0.018781218781217565,0.6895674300254341,-0.02897102897103096,-0.04445554445554653,0.02897102897103096,-0.0885114885114879,0.1119880119880127,0.007992007992009225,0.015484515484515567,0.13826940231935758,0.0879120879120873,0.13996003996004072,0.0955044955044942,0.08371628371628578,15.0
CENTRAL,development,360,15,4.0,2024-04-19 15:00:00+00:00,2024-04-19 15:30:00+00:00,2024-04-19 15:55:00+00:00,146.922,141.622,5.299999999999983,-0.7248744231632687,-0.9748744231632688,L2_BREAK_FAST_FAIL_5M,0.1073584905660412,0.2086792452830185,25.0,15.0,5.0,TRUE_FAILURE_PROXY,False,,,False,True,5.0,False,,2,2024-04-19 15:45:00+00:00,2024-04-19 15:50:00+00:00,2024-04-19 15:55:00+00:00,0.04358490566037647,0.0011320754716981597,0.14622641509434117,,0.4335849056603791,0.565660377358496,0.6666666666666666,0.5833333333333334,0.00622641509434256,0.0764150943396231,0.05000000000000295,0.142075471698111,0.07018867924528054,0.021886792452827514,0.5059760956175396,-0.04018867924528199,-0.09207547169811342,0.04018867924528199,-0.04641509433962455,0.13603773584905773,0.03773584905660175,0.051886792452831426,0.38141470180305725,0.04641509433962455,0.16849056603773652,0.10735849056604126,0.128679245283017,25.0
CENTRAL,development,360,15,4.0,2024-05-02 15:00:00+00:00,2024-05-02 15:00:00+00:00,2024-05-02 15:10:00+00:00,139.303,132.366,6.936999999999983,-0.1184468389050508,-0.3684468389050508,L2_BREAK_FAST_FAIL_5M,0.1277209168228337,0.1626063139685726,10.0,0.0,5.0,TRUE_FAILURE_PROXY,False,,,False,True,0.0,False,,7,2024-05-02 15:00:00+00:00,2024-05-02 15:05:00+00:00,2024-05-02 15:10:00+00:00,0.09240305607611253,-0.004468790543463455,0.2985440392100336,,0.4369323915237153,0.6250540579501218,0.3333333333333333,0.25,0.005333717745423992,0.02825428859737616,0.09586276488395468,0.19086060256594883,0.02292057085195217,0.07207726683004198,0.8799093655589171,-0.0038921724088203657,-0.13161308923165824,0.0038921724088203657,-0.009225890154244357,0.14891163327086895,0.01196482629378674,0.12772091682283787,0.8576960309777453,0.009225890154244357,0.15986737782903437,0.02825428859737616,0.16260631396857267,10.0
CENTRAL,development,360,15,4.0,2024-05-24 15:00:00+00:00,2024-05-24 15:10:00+00:00,2024-05-24 15:25:00+00:00,168.488,164.425,4.062999999999988,-1.68854755234793,-1.9385475523479296,L2_BREAK_FAST_FAIL_5M,0.148412503076547,0.202313561407828,15.0,5.0,5.0,LATENT_RECOVERABLE,True,165.0,2.0,True,True,150.0,True,15.0,5,2024-05-24 15:15:00+00:00,2024-05-24 15:20:00+00:00,2024-05-24 15:25:00+00:00,0.05193206989909263,0.1954221018951477,0.21018951513659548,,0.5889736647797214,0.921240462712283,0.4166666666666667,0.4166666666666667,0.14275166133399317,0.14816637952252168,0.19812946098941894,0.2955943883829675,0.005414718188528532,0.09205020920502001,0.9816819317235708,-0.1400443022397219,-0.18705390105832959,0.1400443022397219,-0.2830420871277334,0.33546640413487655,0.005414718188535527,0.047009598818607695,0.14013206162876196,0.28279596357371506,0.3352202805808513,0.148412503076547,0.18705390105832959,15.0
CENTRAL,development,360,15,4.0,2024-05-26 15:00:00+00:00,2024-05-26 15:00:00+00:00,2024-05-26 15:10:00+00:00,165.527,162.176,3.350999999999999,-0.921299848363033,-1.171299848363033,L2_BREAK_FAST_FAIL_5M,0.1223515368546777,0.2515666965085018,10.0,0.0,5.0,TRUE_FAILURE_PROXY,False,,,False,True,20.0,False,,4,2024-05-26 15:00:00+00:00,2024-05-26 15:05:00+00:00,2024-05-26 15:10:00+00:00,0.06296627872276465,0.11041480155177698,0.3521336914353945,,0.49567293345269275,0.5108922709638882,0.5,0.3333333333333333,0.042076991942709516,0.12235153685467774,0.10504327066547417,0.1918830199940319,0.08027454491196823,0.006565204416589486,0.5816485225505362,-0.09071918830199156,-0.09071918830199156,0.09071918830199156,-0.13279618024470108,0.15995225305878039,0.027156072814079318,0.0,0.0,0.13279618024470108,0.2130707251566693,0.12235153685467774,0.09071918830199156,10.0
CENTRAL,development,360,15,4.0,2024-06-06 15:00:00+00:00,2024-06-06 15:05:00+00:00,2024-06-06 15:15:00+00:00,173.659,172.4,1.258999999999986,-0.2360948755895098,-0.4860948755895098,L2_BREAK_FAST_FAIL_5M,0.1437648927720521,0.2263701350277996,10.0,0.0,5.0,TRUE_FAILURE_PROXY,False,,,False,True,0.0,False,,1,2024-06-06 15:05:00+00:00,2024-06-06 15:10:00+00:00,2024-06-06 15:15:00+00:00,0.13185067513899815,0.1517077045274064,0.22239872915012254,,0.3772835583796661,0.7482128673550579,0.08333333333333333,0.08333333333333333,0.07625099285147316,0.14376489277205212,0.2081016679904713,0.3701350277998518,0.06751389992057896,0.09451945988880152,0.8175965665235913,-0.0643367752184192,-0.14614773629864938,0.0643367752184192,-0.14058776806989234,0.22239872915012254,0.0,0.08181096108023017,0.36785714285717225,0.14058776806989234,0.2899126290707015,0.14376489277205212,0.22637013502779968,10.0
CENTRAL,development,360,15,4.0,2024-06-09 15:00:00+00:00,2024-06-09 15:10:00+00:00,2024-06-09 15:25:00+00:00,161.589,158.876,2.712999999999994,-0.3001441929834647,-0.5501441929834647,L2_BREAK_FAST_FAIL_5M,0.0704017692591238,0.1404349428676745,15.0,5.0,5.0,LATENT_RECOVERABLE,True,210.0,5.0,True,True,5.0,True,205.0,10,2024-06-09 15:15:00+00:00,2024-06-09 15:20:00+00:00,2024-06-09 15:25:00+00:00,0.06081828234426554,0.026907482491709423,0.045705860670842424,,0.23553262071507977,0.508293402137863,0.6666666666666666,0.5833333333333334,0.012163656468859394,0.07040176925912382,0.07261334316255186,0.14375230372282186,0.05823811279026443,0.012900847770005563,0.5948717948718435,-0.03575377810542154,-0.053814964983408375,0.03575377810542154,-0.04865462587541662,0.11315886472539205,0.04644305197198859,0.018061186877986836,0.15960912052110782,0.04791743457428093,0.1242167342425322,0.07040176925912382,0.1271654994471064,15.0
CENTRAL,development,360,15,4.0,2024-06-21 15:00:00+00:00,2024-06-21 15:00:00+00:00,2024-06-21 15:10:00+00:00,133.451,129.31,4.140999999999991,-1.8321331425017464,-2.082133142501746,L2_BREAK_FAST_FAIL_5M,0.0577155276503271,0.1929485631489998,10.0,0.0,5.0,LATENT_RECOVERABLE,True,470.0,5.0,True,True,270.0,True,200.0,6,2024-06-21 15:00:00+00:00,2024-06-21 15:05:00+00:00,2024-06-21 15:10:00+00:00,0.140062786766478,0.17145617000724692,0.21299203091040977,,0.3900024148756301,0.928519681236418,0.25,0.16666666666666666,0.0014489253803429704,0.05771552765032718,0.14054576189326126,0.1980198019801968,0.05626660226998421,0.0012074378169513315,0.715853658536578,-0.11760444337116538,-0.13040328423086048,0.11760444337116538,-0.11881188118811671,0.13788939869596695,0.006278676648155159,0.012798840859695093,0.09281961471102883,0.11905336875150835,0.18811881188118765,0.05771552765032718,0.1403042743298696,10.0
CENTRAL,development,360,15,4.0,2024-06-22 15:00:00+00:00,2024-06-22 17:00:00+00:00,2024-06-22 17:10:00+00:00,134.73,133.65,1.079999999999984,-0.5789356490758513,-0.8289356490758513,L2_BREAK_FAST_FAIL_5M,0.2361111111111367,0.4657407407407345,10.0,0.0,5.0,TRUE_FAILURE_PROXY,False,,,False,True,440.0,False,,7,2024-06-22 17:00:00+00:00,2024-06-22 17:05:00+00:00,2024-06-22 17:10:00+00:00,0.10462962962963075,0.18611111111110776,0.3870370370370223,,0.490740740740749,0.6685185185185099,0.08333333333333333,0.08333333333333333,0.06388888888890541,0.2361111111111367,0.16851851851853616,0.34074074074076743,0.1722222222222313,0.0,0.49456521739131737,-0.1518518518518423,-0.25925925925926413,0.1518518518518423,-0.2157407407407477,0.32314814814816956,0.0,0.10740740740742183,0.33237822349572466,0.2157407407407477,0.4953703703704008,0.2361111111111367,0.25925925925926413,10.0
CENTRAL,development,360,15,4.0,2024-06-24 15:00:00+00:00,2024-06-24 18:55:00+00:00,2024-06-24 19:05:00+00:00,129.772,121.4,8.371999999999986,-0.7590235181703653,-1.0090235181703653,L2_BREAK_FAST_FAIL_5M,0.0666507405637866,0.069636884854276,10.0,0.0,5.0,LATENT_RECOVERABLE,True,460.0,2.0,True,True,125.0,True,335.0,2,2024-06-24 18:55:00+00:00,2024-06-24 19:00:00+00:00,2024-06-24 19:05:00+00:00,0.06963688485427609,0.03738652651695995,0.16423793597706668,,0.22312470138557072,0.3662207357859524,0.6666666666666666,0.5,0.05470616340181548,0.06282847587195549,0.12422360248447131,0.13246536072623158,0.00812231247014001,0.0001194457716202552,0.9386834986474197,-0.02341137123745799,-0.029383659818440197,0.02341137123745799,-0.07978977544195025,0.09603440038222688,0.010272336359294419,0.005972288580982207,0.06218905472634679,0.07811753463927347,0.09221213569039569,0.06665074056378668,0.06963688485427609,10.0
CENTRAL,development,360,15,5.0,2024-07-16 15:00:00+00:00,2024-07-16 15:15:00+00:00,2024-07-16 15:25:00+00:00,157.922,153.867,4.055000000000007,-1.624219551424111,-1.874219551424111,L2_BREAK_FAST_FAIL_5M,0.1403205918619028,0.2429099876695397,10.0,0.0,5.0,LATENT_RECOVERABLE,True,25.0,1.0,False,True,5.0,True,20.0,1,2024-07-16 15:15:00+00:00,2024-07-16 15:20:00+00:00,2024-07-16 15:25:00+00:00,0.163995067817507,0.3526510480887804,0.436251541307029,,0.5662145499383449,0.5662145499383449,0.08333333333333333,0.0,0.05499383477188972,0.09173859432799346,0.21898890258939674,0.33464858199753317,0.03674475955610374,0.07891491985203271,0.8901989683124533,-0.12626387176325515,-0.21085080147965188,0.12626387176325515,-0.18125770653514486,0.35117139334155467,0.08532675709001308,0.08458692971639672,0.24087078651684532,0.18125770653514486,0.3025893958076453,0.1403205918619028,0.24290998766953972,10.0
CENTRAL,development,360,15,5.0,2024-07-21 15:00:00+00:00,2024-07-21 15:00:00+00:00,2024-07-21 15:10:00+00:00,174.49,171.207,3.2830000000000155,-1.2952031635050654,-1.5452031635050654,L2_BREAK_FAST_FAIL_5M,0.2482485531526024,0.1824550715808757,10.0,0.0,5.0,LATENT_RECOVERABLE,True,20.0,2.0,True,True,20.0,True,5.0,3,2024-07-21 15:00:00+00:00,2024-07-21 15:05:00+00:00,2024-07-21 15:10:00+00:00,0.17392628693268208,-0.07889125799573102,0.2823636917453599,,0.5452330185805703,1.0,0.3333333333333333,0.3333333333333333,0.09107523606456801,0.24824855315260247,0.2598233323179946,0.4173012488577515,0.15717331708803445,0.0003045994517224399,0.6233576642335636,-0.13798355162960732,-0.18245507158087576,0.13798355162960732,-0.22936338714589777,0.3825769113615578,0.10874200426439161,0.04447151995126845,0.11624203821657243,0.22905878769417531,0.43070362473347823,0.24824855315260247,0.18245507158087576,10.0
CENTRAL,development,360,15,5.0,2024-07-24 15:00:00+00:00,2024-07-24 17:40:00+00:00,2024-07-24 17:50:00+00:00,181.988,175.794,6.193999999999988,-1.631975734663782,-1.881975734663782,L2_BREAK_FAST_FAIL_5M,0.0826606393283825,0.1528898934452703,10.0,0.0,5.0,TRUE_FAILURE_PROXY,False,,,False,False,,False,,1,2024-07-24 17:40:00+00:00,2024-07-24 17:45:00+00:00,2024-07-24 17:50:00+00:00,0.04181465934775373,0.06296415886341872,0.1501453019050708,,0.23425896028414533,0.5729738456570851,0.4166666666666667,0.3333333333333333,0.04956409428478988,0.057152082660641604,0.09154020019373263,0.10090410074265437,0.00758798837585172,0.0017759121730700194,0.9247999999999592,-0.09670649015175826,-0.11866322247336374,0.09670649015175826,-0.1461091378753637,0.20132386180174627,0.03325799160477708,0.02195673232160548,0.1090617481956877,0.14627058443654814,0.17581530513400534,0.08266063932838254,0.11866322247336374,10.0
CENTRAL,development,360,15,5.0,2024-08-06 15:00:00+00:00,2024-08-06 16:00:00+00:00,2024-08-06 16:20:00+00:00,146.313,136.052,10.260999999999996,-0.3588197904492163,-0.6088197904492163,L2_BREAK_FAST_FAIL_5M,0.0481434558035279,0.1203586395088184,20.0,10.0,5.0,LATENT_RECOVERABLE,True,605.0,6.0,True,True,25.0,True,580.0,6,2024-08-06 16:10:00+00:00,2024-08-06 16:15:00+00:00,2024-08-06 16:20:00+00:00,0.03284280284572549,0.06627034402105127,0.17912484163336853,,0.2769710554526863,0.30201734723711327,0.8333333333333334,0.5,0.04141896501315774,0.04736380469739973,0.07435922424714994,0.11821459896696174,0.0059448396842419916,0.037910535035569806,0.9497114591920797,-0.012279504921545309,-0.046486697202999284,0.012279504921545309,-0.05369846993470304,0.0946301530065272,0.006724490790370181,0.034207192281453976,0.3614830072090711,0.05369846993470304,0.09385050190039901,0.04814345580352792,0.12035863950881841,20.0
CENTRAL,development,360,15,5.0,2024-08-22 15:00:00+00:00,2024-08-23 00:35:00+00:00,2024-08-23 00:45:00+00:00,144.828,142.063,2.765000000000015,-0.4971414367387905,-0.7471414367387905,L2_BREAK_FAST_FAIL_5M,0.20253164556962,0.2032549728752292,10.0,0.0,5.0,TRUE_FAILURE_PROXY,False,,,False,True,85.0,False,,5,2024-08-23 00:35:00+00:00,2024-08-23 00:40:00+00:00,2024-08-23 00:45:00+00:00,0.20036166365280256,0.14032549728752375,0.3916817359855308,,0.44918625678118757,0.4896925858951095,0.08333333333333333,0.0,0.10777576853526229,0.12766726943942378,0.30777576853526023,0.330922242314653,0.01989150090416149,0.003254972875231285,0.9398907103825076,-0.05207956600361833,-0.12585895117541096,0.05207956600361833,-0.15985533453888062,0.32839059674503096,0.0947558770343577,0.07377938517179264,0.22466960352423376,0.15985533453888062,0.25352622061483476,0.20253164556962,0.20325497287522923,10.0
CENTRAL,development,360,15,5.0,2024-09-08 15:00:00+00:00,2024-09-08 22:20:00+00:00,2024-09-08 22:35:00+00:00,130.926,127.555,3.370999999999981,-2.333379160747273,-2.583379160747273,L2_BREAK_FAST_FAIL_5M,0.2215959655888514,0.3705132008306147,15.0,5.0,5.0,TRUE_FAILURE_PROXY,False,,,False,False,,False,,3,2024-09-08 22:25:00+00:00,2024-09-08 22:30:00+00:00,2024-09-08 22:35:00+00:00,0.02343518243843956,0.6155443488579142,0.46722040937408066,,0.6736873331355764,0.6736873331355764,0.08333333333333333,0.08333333333333333,0.14832393948383354,0.22159596558885147,0.17205576980124218,0.29724117472560524,0.07327202610501794,0.05191337881934511,0.7534930139720442,-0.1812518540492416,-0.37051320083061473,0.1812518540492416,-0.3292791456541145,0.5354494215366411,0.016908929101153446,0.18926134678137313,0.3534626038781179,0.32957579353307515,0.5921091664194662,0.22159596558885147,0.37051320083061473,15.0
CENTRAL,development,360,15,5.0,2024-09-22 15:00:00+00:00,2024-09-23 01:35:00+00:00,2024-09-23 01:45:00+00:00,147.252,142.602,4.650000000000006,-1.8539646320593903,-2.103964632059391,L2_BREAK_FAST_FAIL_5M,0.045376344086018,0.1761290322580679,10.0,0.0,5.0,TRUE_FAILURE_PROXY,False,,,False,True,80.0,False,,3,2024-09-23 01:35:00+00:00,2024-09-23 01:40:00+00:00,2024-09-23 01:45:00+00:00,0.027311827956991268,0.1608602150537612,0.2623655913978489,,0.28795698924731117,0.644946236559138,0.3333333333333333,0.16666666666666666,0.017849462365591033,0.04516129032257619,0.04537634408602419,0.09827956989247164,0.027311827956985155,0.025591397849462287,0.7221006564551796,-0.11763440860214976,-0.12451612903225957,0.11763440860214976,-0.13548387096774078,0.16989247311827765,0.02752688172042704,0.006881720430109817,0.040506329113937985,0.13548387096774078,0.16967741935483577,0.045376344086018074,0.12451612903225957,10.0
CENTRAL,development,360,15,5.0,2024-10-21 15:00:00+00:00,2024-10-21 19:50:00+00:00,2024-10-21 20:00:00+00:00,167.79,161.35,6.439999999999998,-0.1191966148161305,-0.3691966148161305,L2_BREAK_FAST_FAIL_5M,0.0388198757763975,0.1354037267080723,10.0,0.0,5.0,TRUE_FAILURE_PROXY,False,,,False,True,145.0,False,,7,2024-10-21 19:50:00+00:00,2024-10-21 19:55:00+00:00,2024-10-21 20:00:00+00:00,0.062111801242236926,0.18322981366459298,0.19099378881987425,,0.259316770186338,0.3136645962732936,0.25,0.08333333333333333,0.0232919254658394,0.038819875776397526,0.08695652173913082,0.14130434782608647,0.015527950310558128,0.038819875776397526,0.8901098901098959,-0.006211180124222369,-0.04347826086956541,0.006211180124222369,-0.02950310559006177,0.0683229813664593,0.0015527950310544889,0.03726708074534304,0.545454545454569,0.02950310559006177,0.08229813664596294,0.038819875776397526,0.10248447204968895,10.0
CENTRAL,development,360,15,5.0,2024-11-11 15:00:00+00:00,2024-11-11 16:20:00+00:00,2024-11-11 16:30:00+00:00,221.39,208.126,13.263999999999982,-3.771624734631162,-4.021624734631163,L2_BREAK_FAST_FAIL_5M,0.0867008443908328,0.2254221954161629,10.0,0.0,5.0,TRUE_FAILURE_PROXY,False,,,False,True,245.0,False,,7,2024-11-11 16:20:00+00:00,2024-11-11 16:25:00+00:00,2024-11-11 16:30:00+00:00,0.2126055488540408,-0.06408323281061486,0.03618817852834669,,0.1402291917973474,0.24728588661037437,0.6666666666666666,0.3333333333333333,0.08217732207478927,0.08670084439083288,0.29478287092883004,0.3121230398069958,0.004523522316043604,0.012816646562122115,0.985507246376811,-0.12665862484921447,-0.19300361881785114,0.12665862484921447,-0.20958986731001245,0.2781966224366709,0.002261761158021802,0.06634499396863666,0.23848238482384715,0.20883594692400376,0.27970446320868403,0.08670084439083288,0.2254221954161629,10.0
CENTRAL,development,360,15,5.0,2024-11-13 15:00:00+00:00,2024-11-13 16:10:00+00:00,2024-11-13 16:20:00+00:00,217.56,205.31,12.25,-1.1720904578046976,-1.4220904578046976,L2_BREAK_FAST_FAIL_5M,0.0873469387755096,0.199999999999999,10.0,0.0,5.0,TRUE_FAILURE_PROXY,False,,,False,True,40.0,False,,4,2024-11-13 16:10:00+00:00,2024-11-13 16:15:00+00:00,2024-11-13 16:20:00+00:00,0.03346938775510176,0.11346938775510325,0.2604081632653059,,0.31510204081632764,0.3297959183673486,0.75,0.5833333333333334,0.053877551020407886,0.08734693877550964,0.08734693877550964,0.15102040816326484,0.03346938775510176,0.030204081632653434,0.7783783783783795,-0.04081632653061224,-0.11918367346938841,0.04081632653061224,-0.09469387755102013,0.18612244897959193,0.01306122448979564,0.07836734693877616,0.4210526315789507,0.09469387755102013,0.20653061224489805,0.08734693877550964,0.11918367346938841,10.0
CENTRAL,development,360,15,5.0,2024-11-28 15:00:00+00:00,2024-11-29 02:05:00+00:00,2024-11-29 02:20:00+00:00,238.9,234.03,4.8700000000000045,-0.6278777731268392,-0.8778777731268392,L2_BREAK_FAST_FAIL_5M,0.119096509240243,0.1314168377823437,15.0,5.0,5.0,LATENT_RECOVERABLE,True,25.0,1.0,False,True,0.0,True,25.0,4,2024-11-29 02:10:00+00:00,2024-11-29 02:15:00+00:00,2024-11-29 02:20:00+00:00,0.03901437371663194,0.19917864476385996,0.35318275154004053,,0.44969199178644675,0.5092402464065683,0.25,0.16666666666666666,0.08829568788501159,0.11909650924024302,0.12320328542094912,0.15400410677618057,0.03080082135523144,0.0,0.8000000000000304,-0.06160164271047456,-0.13141683778234378,0.06160164271047456,-0.1478439425051331,0.24229979466119214,0.02464065708418982,0.06981519507186922,0.2881355932203402,0.14989733059548613,0.2505133470225868,0.11909650924024302,0.13141683778234378,15.0
CENTRAL,development,360,15,5.0,2024-12-02 15:00:00+00:00,2024-12-02 15:20:00+00:00,2024-12-02 15:30:00+00:00,228.14,221.71,6.429999999999978,-0.6794073814324064,-0.9294073814324064,L2_BREAK_FAST_FAIL_5M,0.0684292379471271,0.1244167962674938,10.0,0.0,5.0,TRUE_FAILURE_PROXY,False,,,False,True,5.0,False,,3,2024-12-02 15:20:00+00:00,2024-12-02 15:25:00+00:00,2024-12-02 15:30:00+00:00,0.12441679626749388,0.28149300155521123,0.046656298600312965,,0.5458786936236396,0.5458786936236396,0.3333333333333333,0.16666666666666666,0.046656298600312965,0.06842923794712716,0.17107309486780684,0.19284603421462104,0.02177293934681419,0.0,0.8870967741935373,-0.046656298600308545,-0.05598755832037114,0.046656298600308545,-0.09486780715396381,0.11664074650077799,0.012441679626751597,0.009331259720062593,0.08000000000000303,0.09331259720062152,0.1244167962674983,0.06842923794712716,0.12441679626749388,10.0
CENTRAL,development,360,15,5.0,2024-12-12 15:00:00+00:00,2024-12-12 17:30:00+00:00,2024-12-12 17:40:00+00:00,233.48,228.29,5.189999999999998,-0.3854719890354352,-0.6354719890354352,L2_BREAK_FAST_FAIL_5M,0.0809248554913325,0.1213872832369934,10.0,0.0,5.0,TRUE_FAILURE_PROXY,False,,,False,True,0.0,False,,1,2024-12-12 17:30:00+00:00,2024-12-12 17:35:00+00:00,2024-12-12 17:40:00+00:00,0.10211946050096365,0.1387283236994218,0.443159922928706,,0.5144508670520264,0.5491329479768833,0.16666666666666666,0.16666666666666666,0.04431599229287443,0.06165703275530284,0.14643545279383807,0.18304431599229623,0.01734104046242841,0.01926782273602974,0.905263157894735,-0.034682080924851345,-0.05394990366088656,0.034682080924851345,-0.08092485549132711,0.13487475915221914,0.03468208092485682,0.01926782273603522,0.14285714285717185,0.07899807321772577,0.1156069364161894,0.08092485549133258,0.1213872832369934,10.0
CENTRAL,development,360,15,5.0,2024-12-16 15:00:00+00:00,2024-12-16 17:40:00+00:00,2024-12-16 17:50:00+00:00,220.29,213.12,7.169999999999988,-2.042761813972505,-2.292761813972505,L2_BREAK_FAST_FAIL_5M,0.0976290097629035,0.2426778242677801,10.0,0.0,5.0,TRUE_FAILURE_PROXY,False,,,False,True,55.0,False,,2,2024-12-16 17:40:00+00:00,2024-12-16 17:45:00+00:00,2024-12-16 17:50:00+00:00,0.08228730822873143,0.008368200836820414,0.11297071129707163,,0.17433751743375203,0.2719665271966516,0.8333333333333334,0.3333333333333333,0.07531380753138373,0.07670850767085248,0.15760111576011515,0.16039051603905266,0.0013947001394687478,0.0013947001394687478,0.9913043478260949,-0.12552301255230225,-0.1297071129707085,0.12552301255230225,-0.20083682008368597,0.227336122733612,0.022315202231519785,0.004184100418406243,0.018404907975443436,0.20083682008368597,0.20641562064156097,0.09762900976290351,0.1297071129707085,10.0
CENTRAL,development,360,15,5.0,2024-12-17 15:00:00+00:00,2024-12-17 17:05:00+00:00,2024-12-17 17:15:00+00:00,227.5,216.77,10.72999999999999,-3.0329670329670155,-3.282967032967016,L2_BREAK_FAST_FAIL_5M,0.0736253494874177,0.1696178937558243,10.0,0.0,5.0,TRUE_FAILURE_PROXY,False,,,False,True,45.0,False,,5,2024-12-17 17:05:00+00:00,2024-12-17 17:10:00+00:00,2024-12-17 17:15:00+00:00,0.02702702702702631,0.16589002795899374,0.206896551724138,,0.21435228331780182,0.4948741845293576,0.6666666666666666,0.5,0.05964585274929981,0.07362534948741778,0.08760484622553576,0.10810810810810789,0.01397949673811797,0.00652376514445417,0.8706896551724085,-0.12767940354147306,-0.13140726933830363,0.12767940354147306,-0.18732525629077287,0.19291705498602005,0.0018639328984166124,0.003727865796830576,0.019323671497580762,0.18732525629077287,0.2050326188257214,0.07362534948741778,0.13140726933830363,10.0
CENTRAL,external,360,15,,2020-09-26 15:00:00+00:00,2020-09-26 15:30:00+00:00,2020-09-26 15:40:00+00:00,3.1542,3.017,0.1372,-3.0277090862976253,-3.2777090862976257,L2_BREAK_FAST_FAIL_5M,0.0145772594752202,0.2303206997084553,10.0,0.0,5.0,TRUE_FAILURE_PROXY,False,,,False,True,525.0,False,,2,2020-09-26 15:30:00+00:00,2020-09-26 15:35:00+00:00,2020-09-26 15:40:00+00:00,0.19096209912536283,0.11297376093294674,0.17055393586005896,,0.34839650145772644,0.34839650145772644,0.08333333333333333,0.08333333333333333,0.008017492711370998,0.01457725947522029,0.20043731778425555,0.20699708454810484,0.006559766763849293,0.0,0.9683098591549252,-0.13119533527696645,-0.16253644314868795,0.13119533527696645,-0.10641399416909421,0.16909620991253727,0.03134110787172152,0.03134110787172152,0.18534482758621432,0.13921282798833745,0.17711370262390824,0.01457725947522029,0.19241982507288455,10.0
CENTRAL,external,360,15,,2020-10-04 15:00:00+00:00,2020-10-05 01:30:00+00:00,2020-10-05 01:40:00+00:00,2.5659,2.4974,0.0685000000000002,-0.2533224209829154,-0.5033224209829155,L2_BREAK_FAST_FAIL_5M,0.0846715328467122,0.1226277372262764,10.0,0.0,5.0,LATENT_RECOVERABLE,True,675.0,3.0,True,True,665.0,True,10.0,3,2020-10-05 01:30:00+00:00,2020-10-05 01:35:00+00:00,2020-10-05 01:40:00+00:00,0.040875912408760984,0.19708029197080332,0.2364963503649627,,0.4000000000000002,0.4000000000000002,0.25,0.16666666666666666,0.03357664233576587,0.08467153284671224,0.05255474452554799,0.13722627737226023,0.05109489051094637,0.03357664233576587,0.6276595744680966,-0.013138686131388617,-0.08029197080292036,0.013138686131388617,-0.04817518248174962,0.1416058394160586,0.026277372262777234,0.06715328467153174,0.4742268041237028,0.04671532846715449,0.1649635036496326,0.08467153284671224,0.08029197080292036,10.0
CENTRAL,external,360,15,,2020-10-12 15:00:00+00:00,2020-10-12 16:25:00+00:00,2020-10-12 16:35:00+00:00,2.59,2.4523,0.1376999999999997,-2.200772200772194,-2.450772200772194,L2_BREAK_FAST_FAIL_5M,0.0174291938997834,0.1735657225853294,10.0,0.0,5.0,LATENT_RECOVERABLE,True,100.0,4.0,True,True,5.0,True,95.0,6,2020-10-12 16:25:00+00:00,2020-10-12 16:30:00+00:00,2020-10-12 16:35:00+00:00,0.08932461873638185,0.10820624546114702,0.3021060275962265,,0.3282498184458969,0.38416848220769995,0.4166666666666667,0.25,0.017429193899783476,0.017429193899783476,0.10675381263616533,0.12636165577341973,0.0,0.019607843137254395,1.0,-0.1111111111111104,-0.11546840958605546,0.1111111111111104,-0.12200435729847467,0.12999273783587556,0.0036310820624558316,0.004357298474945063,0.03351955307262196,0.12854030501089386,0.13289760348583893,0.017429193899783476,0.11546840958605546,10.0
CENTRAL,external,360,15,,2020-10-18 15:00:00+00:00,2020-10-18 16:00:00+00:00,2020-10-18 16:25:00+00:00,2.2435,2.1939,0.0495999999999998,-0.6017383552484601,-0.8517383552484601,L2_BREAK_FAST_FAIL_5M,0.0403225806451569,0.2016129032258116,25.0,15.0,5.0,LATENT_RECOVERABLE,True,90.0,4.0,True,True,10.0,True,80.0,4,2020-10-18 16:15:00+00:00,2020-10-18 16:20:00+00:00,2020-10-18 16:25:00+00:00,0.028225806451609912,0.12500000000000466,0.17338709677420203,,0.27016129032257885,0.3830645161290275,0.5,0.3333333333333333,0.006048387096769075,0.040322580645157015,0.01814516129031618,0.06653225806451354,0.03427419354838794,0.014112903225809431,0.4848484848484522,-0.056451612903228775,-0.11491935483871092,0.056451612903228775,-0.056451612903228775,0.15524193548386794,0.040322580645157015,0.05846774193548215,0.37662337662337286,0.06249999999999785,0.15524193548386794,0.040322580645157015,0.20161290322581193,25.0
CENTRAL,external,360,15,,2020-11-04 15:00:00+00:00,2020-11-04 18:35:00+00:00,2020-11-04 18:45:00+00:00,1.4001,1.3013,0.0988,-0.5713877580172388,-0.8213877580172388,L2_BREAK_FAST_FAIL_5M,0.0799595141700406,0.0485829959514161,10.0,0.0,5.0,TRUE_FAILURE_PROXY,False,,,False,True,160.0,False,,6,2020-11-04 18:35:00+00:00,2020-11-04 18:40:00+00:00,2020-11-04 18:45:00+00:00,0.011133603238865171,0.07489878542510196,0.12348178137651811,,0.14068825910931199,0.4240890688259114,0.8333333333333334,0.6666666666666666,0.013157894736842904,0.04655870445344291,0.024291497975708076,0.0759109311740897,0.033400809716600005,0.018218623481781618,0.559999999999993,-0.01821862348177937,-0.04858299595141615,0.01821862348177937,-0.029352226720646787,0.12854251012145682,0.06882591093117325,0.030364372469636778,0.23622047244095506,0.03137651821862227,0.09514170040485906,0.07995951417004067,0.04858299595141615,10.0
CENTRAL,external,360,15,,2020-11-10 15:00:00+00:00,2020-11-10 16:25:00+00:00,2020-11-10 16:35:00+00:00,2.2455,2.1059,0.1395999999999997,-1.692273435760394,-1.942273435760394,L2_BREAK_FAST_FAIL_5M,0.0709169054441263,0.1002865329512881,10.0,0.0,5.0,LATENT_RECOVERABLE,True,365.0,4.0,True,True,10.0,True,355.0,4,2020-11-10 16:25:00+00:00,2020-11-10 16:30:00+00:00,2020-11-10 16:35:00+00:00,0.06446991404011401,0.12893982808022802,0.3517191977077382,,0.4269340974212051,0.752865329512897,0.3333333333333333,0.16666666666666666,0.021489971346705734,0.07091690544412638,0.07736389684813873,0.15472779369627426,0.04942693409742064,0.027936962750714906,0.6805555555555576,-0.05802292263610166,-0.10028653295128812,0.05802292263610166,-0.08810888252148841,0.14111747851002773,0.010744985673352867,0.04226361031518645,0.2994923857868055,0.07951289398280739,0.1712034383954145,0.07091690544412638,0.10028653295128812,10.0
CENTRAL,external,360,15,,2020-11-15 15:00:00+00:00,2020-11-15 16:00:00+00:00,2020-11-15 16:10:00+00:00,2.2059,2.0669,0.1390000000000002,-3.921301962917678,-4.171301962917679,L2_BREAK_FAST_FAIL_5M,0.1388489208633082,0.3856115107913685,10.0,0.0,5.0,TRUE_FAILURE_PROXY,False,,,False,False,,False,,1,2020-11-15 16:00:00+00:00,2020-11-15 16:05:00+00:00,2020-11-15 16:10:00+00:00,0.04028776978417455,0.23525179856114878,0.2208633093525173,,0.30575539568345267,0.335971223021582,0.5833333333333334,0.08333333333333333,0.09928057553956685,0.13884892086330822,0.13597122302158193,0.1755395683453233,0.039568345323741386,0.0,0.7745901639344236,-0.12877697841726618,-0.15755395683453235,0.12877697841726618,-0.22805755395683303,0.28273381294963906,0.025899280575539873,0.02877697841726617,0.10178117048346093,0.22805755395683303,0.29640287769784057,0.13884892086330822,0.15755395683453235,10.0
CENTRAL,external,360,15,,2020-11-28 15:00:00+00:00,2020-11-28 16:00:00+00:00,2020-11-28 16:20:00+00:00,1.928,1.7912,0.1368,-1.167012448132776,-1.417012448132776,L2_BREAK_FAST_FAIL_5M,0.0745614035087718,0.1301169590643277,20.0,10.0,5.0,TRUE_FAILURE_PROXY,False,,,False,True,10.0,False,,2,2020-11-28 16:10:00+00:00,2020-11-28 16:15:00+00:00,2020-11-28 16:20:00+00:00,0.0,0.085526315789474,0.0862573099415207,,0.2434210526315781,0.26900584795321597,1.0,0.75,0.005847953216375248,0.007309941520468654,0.011695906432748872,0.11988304093567229,0.0014619883040934063,0.10672514619883001,0.9878048780487818,-0.0372807017543851,-0.045321637426900464,0.0372807017543851,-0.045321637426900464,0.08771929824561411,0.034356725146198294,0.008040935672515357,0.09166666666667499,0.04312865497076035,0.05263157894736911,0.07456140350877183,0.11257309941520363,20.0
CENTRAL,external,360,15,,2020-12-08 15:00:00+00:00,2020-12-08 17:25:00+00:00,2020-12-08 17:40:00+00:00,1.7521,1.652,0.1001,-1.5695451172878516,-1.819545117287852,L2_BREAK_FAST_FAIL_5M,0.0829170829170826,0.1798201798201798,15.0,5.0,5.0,TRUE_FAILURE_PROXY,False,,,False,True,15.0,False,,4,2020-12-08 17:30:00+00:00,2020-12-08 17:35:00+00:00,2020-12-08 17:40:00+00:00,0.005994005994005334,0.16283716283716265,0.2387612387612391,,0.3046953046953044,0.33966033966034,0.5833333333333334,0.25,0.012987012987013775,0.08291708291708266,0.01798201798201822,0.14985014985014888,0.06993006993006888,0.06193806193806178,0.5333333333333373,-0.04995004995004889,-0.05994005994006,0.04995004995004889,-0.06493506493506444,0.07592407592407643,0.000999000999000889,0.009990009990011109,0.1315789473684349,0.06293706293706267,0.14285714285714265,0.08291708291708266,0.17982017982017998,15.0
CENTRAL,external,360,15,,2020-12-24 15:00:00+00:00,2020-12-24 16:10:00+00:00,2020-12-24 16:20:00+00:00,1.3195,1.2513,0.0681999999999998,-1.0231148162182513,-1.2731148162182513,L2_BREAK_FAST_FAIL_5M,0.0806451612903236,0.1803519061583579,10.0,0.0,5.0,LATENT_RECOVERABLE,True,330.0,4.0,True,True,160.0,True,170.0,4,2020-12-24 16:10:00+00:00,2020-12-24 16:15:00+00:00,2020-12-24 16:20:00+00:00,0.14662756598240198,0.002932551319651035,0.1275659824046947,,0.2683284457478011,0.39002932551319697,0.4166666666666667,0.16666666666666666,0.010263929618770484,0.0806451612903237,0.1612903225806474,0.2609970674486817,0.07038123167155322,0.029325513196481048,0.7303370786516907,-0.03519061583577661,-0.039589442815248274,0.03519061583577661,-0.05425219941349043,0.11436950146627642,0.055718475073314316,0.004398826979471669,0.038461538461534085,0.04545454545454709,0.12023460410557198,0.0806451612903237,0.18035190615835797,10.0
CENTRAL,external,360,15,,2020-12-26 15:00:00+00:00,2020-12-26 16:35:00+00:00,2020-12-26 16:45:00+00:00,1.3909,1.3375,0.0534000000000001,-2.228772737076723,-2.4787727370767234,L2_BREAK_FAST_FAIL_5M,0.0599250936329562,0.1310861423220992,10.0,0.0,5.0,TRUE_FAILURE_PROXY,False,,,False,False,,False,,2,2020-12-26 16:35:00+00:00,2020-12-26 16:40:00+00:00,2020-12-26 16:45:00+00:00,0.12921348314606956,0.3314606741572995,0.5692883895131072,,0.9250936329587977,1.0074906367041152,0.25,0.25,0.0074906367041190115,0.05992509363295625,0.13857677902621834,0.19101123595505556,0.052434456928837234,0.0,0.7254901960784395,-0.12734082397003565,-0.12734082397003565,0.12734082397003565,-0.13108614232209517,0.1722846441947539,0.04119850187265872,0.0,0.0,0.13483146067415466,0.1872659176029919,0.05992509363295625,0.13108614232209934,10.0
CENTRAL,external,360,15,,2020-12-27 15:00:00+00:00,2020-12-27 15:00:00+00:00,2020-12-27 15:15:00+00:00,1.3776,1.2544,0.1231999999999999,-1.3792102206736656,-1.6292102206736656,L2_BREAK_FAST_FAIL_5M,0.1152597402597402,0.0771103896103883,15.0,5.0,5.0,TRUE_FAILURE_PROXY,False,,,False,True,0.0,False,,4,2020-12-27 15:05:00+00:00,2020-12-27 15:10:00+00:00,2020-12-27 15:15:00+00:00,0.029220779220777825,0.06655844155844329,0.013798701298701591,,0.23863636363636276,0.41801948051947985,0.6666666666666666,0.5833333333333334,0.034090909090908963,0.04383116883116944,0.06249999999999857,0.0949675324675329,0.009740259740260477,0.022727272727273845,0.8974358974358901,-0.04139610389610297,-0.05681818181818101,0.04139610389610297,-0.07873376623376663,0.10146103896103868,0.007305194805194006,0.015422077922078038,0.15200000000000155,0.07548701298701194,0.10064935064935046,0.044642857142857664,0.07711038961038838,15.0
CENTRAL,external,360,15,,2021-01-03 15:00:00+00:00,2021-01-04 02:05:00+00:00,2021-01-04 02:15:00+00:00,2.3589,1.939,0.4199000000000001,-4.345245665352548,-4.595245665352548,L2_BREAK_FAST_FAIL_5M,0.0976422957847104,0.090021433674685,10.0,0.0,5.0,TRUE_FAILURE_PROXY,False,,,False,True,0.0,False,,2,2021-01-04 02:05:00+00:00,2021-01-04 02:10:00+00:00,2021-01-04 02:15:00+00:00,0.08287687544653526,0.020719218861634078,0.32079066444391524,,0.3229340319123604,0.4098594903548461,0.4166666666666667,0.16666666666666666,0.036913550845439014,0.09764229578471044,0.12360085734698802,0.18766372945939552,0.060728744939271426,0.003334127173136093,0.6763959390862943,-0.05191712312455408,-0.0745415575136945,0.05191712312455408,-0.09645153608001951,0.12860204810669268,0.009526077637532751,0.022624434389140417,0.17592592592592624,0.0888306739699931,0.17218385329840494,0.09764229578471044,0.09002143367468508,10.0
CENTRAL,external,360,15,,2021-01-20 15:00:00+00:00,2021-01-20 15:10:00+00:00,2021-01-20 15:20:00+00:00,3.6035,3.324,0.2795000000000001,-2.2200638268350392,-2.4700638268350392,L2_BREAK_FAST_FAIL_5M,0.0697674418604661,0.1348837209302327,10.0,0.0,5.0,LATENT_RECOVERABLE,True,485.0,5.0,True,True,85.0,True,400.0,6,2021-01-20 15:10:00+00:00,2021-01-20 15:15:00+00:00,2021-01-20 15:20:00+00:00,0.11914132379248693,-0.04722719141323906,0.044007155635061725,,0.13094812164579592,0.1409660107334529,1.0,0.9166666666666666,0.005008944543829301,0.010733452593918114,0.11914132379248693,0.13309481216457922,0.005724508050088813,0.008228980322003464,0.9569892473118325,-0.05581395348837229,-0.08622540250447149,0.05581395348837229,-0.06082289803220159,0.15599284436493763,0.06475849731663685,0.030411449016099205,0.19495412844036042,0.06082289803220159,0.0969588550983896,0.06976744186046616,0.12236135957066109,10.0
CENTRAL,external,360,15,,2021-02-02 15:00:00+00:00,2021-02-02 22:25:00+00:00,2021-02-02 22:35:00+00:00,5.3747,5.0943,0.2804000000000002,-1.7489348242692435,-1.998934824269244,L2_BREAK_FAST_FAIL_5M,0.2906562054208276,0.1815263908701835,10.0,0.0,5.0,TRUE_FAILURE_PROXY,False,,,False,False,,False,,2,2021-02-02 22:25:00+00:00,2021-02-02 22:30:00+00:00,2021-02-02 22:35:00+00:00,0.18152639087018355,0.24500713266761984,0.21611982881597697,,0.40228245363766024,0.4079885877318108,0.16666666666666666,0.0,0.11198288159771938,0.29065620542082765,0.2935092724679029,0.47218259629101117,0.17867332382310824,0.0,0.6216012084592165,-0.046362339514978215,-0.0723965763195426,0.046362339514978215,-0.1583452211126976,0.27425106990014314,0.08987161198288114,0.026034236804564397,0.09492847854356104,0.1583452211126976,0.36305278174037026,0.29065620542082765,0.18152639087018355,10.0
CENTRAL,external,360,15,,2021-02-14 15:00:00+00:00,2021-02-14 15:10:00+00:00,2021-02-14 15:30:00+00:00,8.7739,8.5616,0.212299999999999,-0.0284936003372981,-0.2784936003372982,L2_BREAK_FAST_FAIL_5M,0.3198304286387195,0.3316062176165787,20.0,10.0,5.0,LATENT_RECOVERABLE,True,80.0,2.0,True,True,0.0,True,80.0,5,2021-02-14 15:20:00+00:00,2021-02-14 15:25:00+00:00,2021-02-14 15:30:00+00:00,0.16344795101271423,-0.0009420631182267303,0.44653791804051607,,0.8577484691474376,0.8577484691474376,0.3333333333333333,0.16666666666666666,0.16203485633537412,0.31983042863871963,0.3306641544983521,0.6043334903438532,0.15779557230334548,0.11587376354215558,0.7388932190179249,-0.0037682524729152882,-0.19642016015072508,0.0037682524729152882,-0.17710786622704366,0.4154498351389503,0.04569006123409682,0.1926519076778098,0.46371882086167143,0.1658031088082894,0.5162505887894447,0.31983042863871963,0.28450306170513356,20.0
CENTRAL,external,360,15,,2021-02-17 15:00:00+00:00,2021-02-17 15:05:00+00:00,2021-02-17 15:15:00+00:00,8.2938,7.8463,0.4474999999999989,-0.0180857990305649,-0.2680857990305649,L2_BREAK_FAST_FAIL_5M,0.0471508379888281,0.1818994413407794,10.0,0.0,5.0,LATENT_RECOVERABLE,True,625.0,8.0,True,True,0.0,True,625.0,8,2021-02-17 15:05:00+00:00,2021-02-17 15:10:00+00:00,2021-02-17 15:15:00+00:00,0.1758659217877089,0.09810055865921576,0.027262569832402276,,0.24357541899441398,0.3224581005586627,0.6666666666666666,0.4166666666666667,0.012960893854750185,0.02122905027933179,0.18793296089385386,0.2031284916201112,0.008268156424581605,0.006927374301675728,0.9592959295929563,-0.008268156424577634,-0.03441340782122832,0.008268156424577634,-0.010949720670389386,0.06726256983240442,0.030167597765364346,0.02614525139665069,0.3887043189369037,0.02122905027932782,0.05564245810056011,0.032849162011176096,0.1818994413407794,10.0
CENTRAL,external,360,15,,2021-03-01 15:00:00+00:00,2021-03-01 15:00:00+00:00,2021-03-01 15:20:00+00:00,15.3207,14.4118,0.9089000000000008,-0.930114159274742,-1.180114159274742,L2_BREAK_FAST_FAIL_5M,0.0569919683133458,0.0847177907360544,20.0,10.0,5.0,TRUE_FAILURE_PROXY,False,,,False,True,0.0,False,,1,2021-03-01 15:10:00+00:00,2021-03-01 15:15:00+00:00,2021-03-01 15:20:00+00:00,0.004951039718341035,0.0787765430740456,0.3872813290791066,,0.4391022114644059,0.7337440862581136,0.5,0.3333333333333333,0.02486522169655498,0.027835845527560386,0.02992628451974778,0.06326328528990996,0.0029706238310054024,0.030366376939156784,0.9530434782608548,-0.031356584882826555,-0.08471779073605445,0.031356584882826555,-0.0567719221036423,0.11926504565958798,0.009131917702717778,0.05336120585322789,0.447416974169733,0.056221806579381535,0.11255363626361484,0.0432390802068423,0.08471779073605445,20.0
CENTRAL,external,360,15,,2021-03-08 15:00:00+00:00,2021-03-08 15:20:00+00:00,2021-03-08 15:30:00+00:00,13.6351,13.1,0.5350999999999999,-0.9754237225982898,-1.2254237225982898,L2_BREAK_FAST_FAIL_5M,0.0519529059988804,0.0790506447392994,10.0,0.0,5.0,LATENT_RECOVERABLE,True,165.0,1.0,False,True,5.0,True,160.0,7,2021-03-08 15:20:00+00:00,2021-03-08 15:25:00+00:00,2021-03-08 15:30:00+00:00,0.05737245374696227,0.3098486264249689,0.21715567183703832,,0.37563072322930396,0.6236217529433757,0.3333333333333333,0.25,0.011399738366660429,0.022051952906000604,0.0687721921136227,0.09512240702672473,0.010652214539340175,0.015698000373761848,0.8880157170923205,-0.04429078676882795,-0.07905064473929943,0.04429078676882795,-0.06185759671089707,0.1310035507381799,0.03438609605681135,0.03475985797047148,0.26533523537802095,0.05569052513548838,0.10110259764530002,0.05195290599888047,0.07905064473929943,10.0
CENTRAL,external,360,15,,2021-03-27 15:00:00+00:00,2021-03-27 16:55:00+00:00,2021-03-27 17:25:00+00:00,16.2284,15.3948,0.8336000000000006,-0.4529097138350479,-0.702909713835048,L2_BREAK_FAST_FAIL_5M,0.1643474088291751,0.1259596928982729,30.0,20.0,5.0,LATENT_RECOVERABLE,True,335.0,2.0,True,True,330.0,True,5.0,2,2021-03-27 17:15:00+00:00,2021-03-27 17:20:00+00:00,2021-03-27 17:25:00+00:00,0.02807101727447492,0.008397312859882308,0.08601247600767734,,0.1799424184261061,0.339371401151633,0.9166666666666666,0.5,0.06465930902111167,0.1643474088291751,0.09273032629558658,0.195417466410749,0.09968809980806342,0.002999040307098998,0.48987108655616035,-0.018474088291746193,-0.018474088291746193,0.018474088291746193,-0.08745201535508706,0.10748560460652679,0.020033589251439717,0.0,0.0,0.08313339731285786,0.1828214971209213,0.1643474088291751,0.06837811900192194,30.0
CENTRAL,external,360,15,,2021-04-04 15:00:00+00:00,2021-04-04 16:00:00+00:00,2021-04-04 16:10:00+00:00,25.0326,23.3189,1.7136999999999991,-0.8628748112460838,-1.1128748112460838,L2_BREAK_FAST_FAIL_5M,0.0976833751531777,0.199801598879616,10.0,0.0,5.0,TRUE_FAILURE_PROXY,False,,,False,True,10.0,False,,2,2021-04-04 16:00:00+00:00,2021-04-04 16:05:00+00:00,2021-04-04 16:10:00+00:00,0.1655482289782341,0.08531248176460314,0.04714944272626482,,0.22851140806442236,0.25885510882885,0.4166666666666667,0.25,0.06967380521678383,0.09768337515317776,0.23913170333197223,0.2974849740327938,0.028009569936393936,0.03034370076442763,0.9058454295802306,-0.028067923207094624,-0.05829491743012088,0.028067923207094624,-0.09774172842387846,0.1279687226469047,0.0,0.030226994223026257,0.23620611035111697,0.09774172842387846,0.15597829258329865,0.09768337515317776,0.19980159887961604,10.0
CENTRAL,external,360,15,,2021-04-15 15:00:00+00:00,2021-04-15 15:00:00+00:00,2021-04-15 15:25:00+00:00,27.6487,26.3455,1.3032000000000004,-2.638460397776432,-2.8884603977764325,L2_BREAK_FAST_FAIL_5M,0.0957642725598502,0.1812461632903622,25.0,15.0,5.0,LATENT_RECOVERABLE,True,405.0,2.0,True,True,310.0,True,95.0,3,2021-04-15 15:15:00+00:00,2021-04-15 15:20:00+00:00,2021-04-15 15:25:00+00:00,0.04404542664211265,0.04028545119705492,0.06100368324125187,,0.24178944137507474,0.4337016574585613,0.75,0.75,0.0458870472682621,0.058471454880294677,0.0912369551872314,0.10758133824432171,0.012584407612032576,0.0037599754450577325,0.8830242510698941,-0.0992940454266424,-0.15062922038060217,0.0992940454266424,-0.1458717004297095,0.1972068753836693,0.0,0.05133517495395978,0.2603112840466963,0.1451810926949045,0.20910067526089685,0.09576427255985027,0.15062922038060217,25.0
CENTRAL,external,360,15,,2021-04-18 15:00:00+00:00,2021-04-18 15:30:00+00:00,2021-04-18 15:40:00+00:00,27.7968,24.9075,2.889300000000002,-11.470744833937784,-11.720744833937784,L2_BREAK_FAST_FAIL_5M,0.0201086768421415,0.2335167687675218,10.0,0.0,5.0,LATENT_RECOVERABLE,True,180.0,3.0,True,True,5.0,True,175.0,3,2021-04-18 15:30:00+00:00,2021-04-18 15:35:00+00:00,2021-04-18 15:40:00+00:00,0.09888208216523098,0.0870106946319178,0.15709687467552588,,0.2844633648288509,0.3483196622019169,0.4166666666666667,0.25,0.015055549787145005,0.017789776070327556,0.11120340566919343,0.15512407849652152,0.0027342262831825514,0.04118644654414553,0.9823739402052669,-0.219707195514485,-0.22635240369639684,0.219707195514485,-0.23694320423631993,0.24646108053853838,0.002872668120306637,0.006645208181911837,0.02696250526611136,0.23476274530163002,0.2441421797667244,0.02010867684214154,0.22635240369639684,10.0
CENTRAL,external,360,15,,2021-04-29 15:00:00+00:00,2021-04-29 15:30:00+00:00,2021-04-29 15:45:00+00:00,44.6,42.73,1.8700000000000043,-0.6647982062780167,-0.9147982062780168,L2_BREAK_FAST_FAIL_5M,0.0818716577540115,0.274598930481283,15.0,5.0,5.0,TRUE_FAILURE_PROXY,False,,,False,False,,False,,2,2021-04-29 15:35:00+00:00,2021-04-29 15:40:00+00:00,2021-04-29 15:45:00+00:00,0.03320855614973304,0.30224598930481067,0.4442245989304804,,0.519358288770054,0.658556149732621,0.08333333333333333,0.08333333333333333,0.012139037433155258,0.08187165775401158,0.04529411764706145,0.2059358288770056,0.06973262032085632,0.09090909090908782,0.6613866528174469,-0.03716577540106831,-0.0381818181818203,0.03716577540106831,-0.05096256684491678,0.07283422459893155,0.020855614973262774,0.0010160427807519923,0.013950073421484565,0.04930481283422357,0.12005347593583188,0.08187165775401158,0.2745989304812831,15.0
CENTRAL,external,360,15,,2021-05-05 15:00:00+00:00,2021-05-05 19:20:00+00:00,2021-05-05 19:30:00+00:00,45.8675,44.0,1.8675,-0.0392434730473456,-0.2892434730473456,L2_BREAK_FAST_FAIL_5M,0.1030789825970562,0.1711914323962503,10.0,0.0,5.0,TRUE_FAILURE_PROXY,False,,,False,True,25.0,False,,2,2021-05-05 19:20:00+00:00,2021-05-05 19:25:00+00:00,2021-05-05 19:30:00+00:00,0.16074966532797683,0.0991164658634568,-0.08337349397590145,,0.28755020080321236,0.3931459170013394,0.3333333333333333,0.16666666666666666,0.0317536813922358,0.04171352074966513,0.19095046854083012,0.21290495314591543,0.009959839357429336,0.011994645247655976,0.9532193158953737,-0.005515394912985737,-0.023453815261042784,0.005515394912985737,-0.037322623828650356,0.12653279785809904,0.07127175368139164,0.017938420348057045,0.14176893779092906,0.037269076305221534,0.06516733601070791,0.10307898259705627,0.17119143239625031,10.0
CENTRAL,external,360,15,,2021-05-17 15:00:00+00:00,2021-05-17 16:30:00+00:00,2021-05-17 16:40:00+00:00,51.459,47.741,3.718000000000004,-11.88324685672093,-12.13324685672093,L2_BREAK_FAST_FAIL_5M,0.152501344809037,0.4833243679397532,10.0,0.0,5.0,TRUE_FAILURE_PROXY,False,,,False,False,,False,,2,2021-05-17 16:30:00+00:00,2021-05-17 16:35:00+00:00,2021-05-17 16:40:00+00:00,0.06213017751479328,0.6013986013986019,0.7132867132867128,,0.8235610543302836,0.8429263044647652,0.08333333333333333,0.08333333333333333,0.12076385153308165,0.14470145239375903,0.18208714362560485,0.24556213017751363,0.02393760086067739,0.03953738569123139,0.9025191675794096,-0.33808499193114677,-0.3897256589564292,0.33808499193114677,-0.4671866594943518,0.5422270037654662,0.023399677245831953,0.0516406670252824,0.09523809523809507,0.45884884346422844,0.5344271113501882,0.152501344809037,0.3897256589564292,10.0
CENTRAL,external,360,15,,2021-05-20 15:00:00+00:00,2021-05-20 15:10:00+00:00,2021-05-20 15:20:00+00:00,45.001,39.334,5.6669999999999945,-0.9666451856624736,-1.2166451856624736,L2_BREAK_FAST_FAIL_5M,0.0476442562202229,0.130580554085053,10.0,0.0,5.0,LATENT_RECOVERABLE,True,100.0,3.0,True,True,5.0,True,95.0,4,2021-05-20 15:10:00+00:00,2021-05-20 15:15:00+00:00,2021-05-20 15:20:00+00:00,0.10852302805717232,0.11381683430386515,0.08099523557437861,,0.19075348508911313,0.25463208046585606,0.4166666666666667,0.16666666666666666,0.01711664019763568,0.033527439562379566,0.12740427033703935,0.16410799364743262,0.016410799364743888,0.020292923945649372,0.8999999999999961,-0.019057702488088423,-0.034762661019939266,0.019057702488088423,-0.027704252691017582,0.0824069172401622,0.03899770601729378,0.015704958531850843,0.1905781584582417,0.0361743426857241,0.06829010058231884,0.04764425622022294,0.13058055408505304,10.0
CENTRAL,external,360,15,,2021-05-25 15:00:00+00:00,2021-05-25 15:55:00+00:00,2021-05-25 16:05:00+00:00,29.5,25.939,3.561,-5.203389830508442,-5.453389830508443,L2_BREAK_FAST_FAIL_5M,0.0544790789104181,0.1589441168211173,10.0,0.0,5.0,LATENT_RECOVERABLE,True,360.0,2.0,True,True,5.0,True,355.0,4,2021-05-25 15:55:00+00:00,2021-05-25 16:00:00+00:00,2021-05-25 16:05:00+00:00,0.01432181971356315,0.034540859309183124,0.10446503791069921,,0.2844706543105864,0.38977815220443646,0.5833333333333334,0.75,0.010390339792192933,0.05447907891041816,0.024431339511373138,0.10783487784330253,0.04408873911822522,0.03931479921370418,0.5911458333333336,-0.0909856781802869,-0.15894411682111736,0.0909856781802869,-0.10081437798371294,0.18365627632687445,0.014883459702331037,0.06795843864083048,0.37003058103975134,0.10137601797247983,0.21342319573153554,0.05447907891041816,0.15894411682111736,10.0
CENTRAL,external,360,15,,2021-05-27 15:00:00+00:00,2021-05-27 20:30:00+00:00,2021-05-27 20:40:00+00:00,35.266,33.725,1.5409999999999968,-2.920660125900254,-3.1706601259002545,L2_BREAK_FAST_FAIL_5M,0.1181051265412086,0.1959766385463986,10.0,0.0,5.0,TRUE_FAILURE_PROXY,False,,,False,False,,False,,1,2021-05-27 20:30:00+00:00,2021-05-27 20:35:00+00:00,2021-05-27 20:40:00+00:00,0.1778066190785214,0.20311486048020502,0.3251135626216734,,0.5009733939000649,0.7495133030499699,0.08333333333333333,0.0,0.0123296560674876,0.11810512654120865,0.19143413367942583,0.3062946138870878,0.10577547047372106,0.009085009733940901,0.6546610169491455,-0.13367942894224294,-0.17650876054509995,0.13367942894224294,-0.14341336794289228,0.19208306294613886,0.005840363400389591,0.042829331602857,0.22297297297298188,0.14600908500973056,0.2946138870863086,0.11810512654120865,0.18818948734587915,10.0
CENTRAL,external,360,15,,2021-06-02 15:00:00+00:00,2021-06-02 15:10:00+00:00,2021-06-02 15:20:00+00:00,34.028,31.473,2.555,-0.3820383213823386,-0.6320383213823386,L2_BREAK_FAST_FAIL_5M,0.0868884540117422,0.0661448140900183,10.0,0.0,5.0,LATENT_RECOVERABLE,True,655.0,9.0,True,True,0.0,True,655.0,9,2021-06-02 15:10:00+00:00,2021-06-02 15:15:00+00:00,2021-06-02 15:20:00+00:00,0.06418786692759353,0.06575342465753395,0.13737769080234796,,0.2195694716242661,0.3933463796477477,0.5,0.4166666666666667,0.05714285714285745,0.06340508806262193,0.12015655577299497,0.12954990215264028,0.006262230919764476,0.0031311154598808477,0.9516616314199443,-0.009784735812132515,-0.035616438356164806,0.009784735812132515,-0.07240704500978562,0.11389432485323049,0.015655577299412582,0.02583170254403229,0.22680412371134576,0.06692759295498997,0.09902152641878673,0.07827788649706569,0.06614481409001836,10.0
CENTRAL,external,360,15,,2021-06-03 15:00:00+00:00,2021-06-03 17:00:00+00:00,2021-06-03 17:10:00+00:00,39.757,36.134,3.6229999999999976,-1.018688532836931,-1.268688532836931,L2_BREAK_FAST_FAIL_5M,0.0394700524427272,0.1700248412917472,10.0,0.0,5.0,LATENT_RECOVERABLE,True,185.0,4.0,True,True,175.0,True,10.0,4,2021-06-03 17:00:00+00:00,2021-06-03 17:05:00+00:00,2021-06-03 17:10:00+00:00,0.163124482473089,0.08639249240960406,-0.004140215291195301,,0.16367651117858237,0.3480540988131393,0.16666666666666666,0.0,0.03229367927132335,0.03394976538780148,0.19321004692244087,0.20397460667954867,0.0016560861164781207,0.009108473640629665,0.9918809201623814,-0.02318520563069173,-0.09853712393044427,0.02318520563069173,-0.05630692796025415,0.1380071763731715,0.006348330113164822,0.07535191829975253,0.5460000000000065,0.05547888490201509,0.13248688931824573,0.039470052442727235,0.1700248412917472,10.0
CENTRAL,external,360,15,,2021-06-20 15:00:00+00:00,2021-06-20 19:35:00+00:00,2021-06-20 19:50:00+00:00,35.123,31.241,3.881999999999998,-0.156592546194767,-0.406592546194767,L2_BREAK_FAST_FAIL_5M,0.0808861411643483,0.1287995878413189,15.0,5.0,5.0,TRUE_FAILURE_PROXY,False,,,False,True,15.0,False,,6,2021-06-20 19:40:00+00:00,2021-06-20 19:45:00+00:00,2021-06-20 19:50:00+00:00,0.012879958784131165,0.11463163317877396,0.20324574961360173,,0.329211746522411,0.3670788253477584,0.5,0.25,0.03323029366306156,0.054353426069038056,0.05048943843379834,0.09453889747552927,0.021123132405976502,0.022926326635754425,0.7765667574931887,-0.0018031942297779238,-0.028593508500772066,0.0018031942297779238,-0.034518289541473575,0.08578052550231803,0.024471921689850313,0.026790314270994143,0.31231231231231144,0.03503348789283948,0.08294693456981013,0.08088614116434834,0.12879958784131898,15.0
CENTRAL,external,360,15,,2021-06-30 15:00:00+00:00,2021-06-30 18:55:00+00:00,2021-06-30 19:05:00+00:00,33.299,32.062,1.237000000000002,-0.9009279557944948,-1.150927955794495,L2_BREAK_FAST_FAIL_5M,0.1147938561034784,0.2021018593371056,10.0,0.0,5.0,LATENT_RECOVERABLE,True,45.0,2.0,True,True,20.0,True,25.0,2,2021-06-30 18:55:00+00:00,2021-06-30 19:00:00+00:00,2021-06-30 19:05:00+00:00,0.18350848827808922,0.15359741309620414,0.4858528698464068,,0.6297493936944237,0.6297493936944237,0.16666666666666666,0.08333333333333333,0.07599029911075265,0.09620048504446206,0.26192400970088725,0.2983023443815676,0.020210185933709407,0.01616814874697097,0.9322493224932288,-0.04850444624090717,-0.10832659660468885,0.04850444624090717,-0.12530315278900636,0.22312045270816724,0.0379951495553792,0.05982215036378168,0.26811594202897526,0.12449474535165983,0.20452708164915093,0.11479385610347839,0.20210185933710556,10.0
CENTRAL,external,360,15,,2021-07-22 15:00:00+00:00,2021-07-22 15:40:00+00:00,2021-07-22 15:50:00+00:00,27.558,26.299,1.2590000000000003,-0.0725742071268076,-0.3225742071268076,L2_BREAK_FAST_FAIL_5M,0.0992851469420174,0.1278792692613195,10.0,0.0,5.0,LATENT_RECOVERABLE,True,105.0,1.0,False,True,0.0,True,105.0,6,2021-07-22 15:40:00+00:00,2021-07-22 15:45:00+00:00,2021-07-22 15:50:00+00:00,0.07545671167593236,0.06671961874503543,0.15965051628276447,,0.23510722795869682,0.4662430500397137,0.3333333333333333,0.3333333333333333,0.06274821286735552,0.08339952343129499,0.1374106433677536,0.21127879269261454,0.02065131056393947,0.05321683876092149,0.9022556390977458,-0.006354249404288417,-0.0889594916600463,0.006354249404288417,-0.06910246227164395,0.17394757744241268,0.02223987291501087,0.08260524225575788,0.4748858447488599,0.06910246227164395,0.1723590150913413,0.0849880857823664,0.12787926926131957,10.0
CENTRAL,external,360,15,,2021-07-24 15:00:00+00:00,2021-07-24 16:40:00+00:00,2021-07-24 16:50:00+00:00,29.141,28.264,0.8769999999999989,-1.1152671493771529,-1.3652671493771529,L2_BREAK_FAST_FAIL_5M,0.1630558722919052,0.153933865450397,10.0,0.0,5.0,LATENT_RECOVERABLE,True,30.0,1.0,False,True,0.0,True,30.0,1,2021-07-24 16:40:00+00:00,2021-07-24 16:45:00+00:00,2021-07-24 16:50:00+00:00,0.11972633979475143,0.3557582668187019,0.7491448118586099,,0.8677309007981798,0.8677309007981798,0.16666666666666666,0.0,0.04789053591790381,0.052451539338657906,0.16647662485746975,0.1927023945267967,0.004561003420754095,0.021664766248572834,0.9763313609467378,-0.08893956670467446,-0.153933865450397,0.08893956670467446,-0.12200684150513455,0.3169897377423022,0.12998859749144512,0.06499429874572256,0.20503597122301753,0.13683010262257828,0.20638540478905493,0.1630558722919052,0.153933865450397,10.0
CENTRAL,external,360,15,,2021-07-25 15:00:00+00:00,2021-07-26 00:20:00+00:00,2021-07-26 00:30:00+00:00,28.444,26.526,1.9179999999999997,-0.3339895935873804,-0.5839895935873805,L2_BREAK_FAST_FAIL_5M,0.0990615224191873,0.0651720542231491,10.0,0.0,5.0,LATENT_RECOVERABLE,True,25.0,1.0,False,True,0.0,True,25.0,1,2021-07-26 00:20:00+00:00,2021-07-26 00:25:00+00:00,2021-07-26 00:30:00+00:00,0.04066736183524474,0.1491136600625659,0.1845672575599579,,0.2226277372262772,0.36027111574556964,0.5,0.25,0.009384775808133829,0.027111574556829828,0.04535974973931166,0.09228362877997895,0.017726798748696,0.029197080291971298,0.8079096045197797,-0.011470281543273446,-0.04118873826903057,0.011470281543273446,-0.021376433785193105,0.07455683003128295,0.023461939520332722,0.029718456725757125,0.3986013986014118,0.020855057351407275,0.0683003128258604,0.03336809176225238,0.06517205422314912,10.0
CENTRAL,external,360,15,,2021-07-26 15:00:00+00:00,2021-07-26 16:25:00+00:00,2021-07-26 16:35:00+00:00,30.499,29.439,1.0599999999999987,-0.6885471654807795,-0.9385471654807797,L2_BREAK_FAST_FAIL_5M,0.0103773584905686,0.2971698113207529,10.0,0.0,5.0,TRUE_FAILURE_PROXY,False,,,False,True,90.0,False,,4,2021-07-26 16:25:00+00:00,2021-07-26 16:30:00+00:00,2021-07-26 16:35:00+00:00,0.29622641509434006,-0.04716981132075544,0.08867924528301675,,0.38679245283018926,0.39716981132075463,0.08333333333333333,0.0,0.003773584905661642,0.003773584905661642,0.3009433962264146,0.3009433962264146,0.0,0.0,1.0,-0.041509433962264655,-0.18490566037735678,0.041509433962264655,-0.04622641509434255,0.19528301886792546,0.005660377358490788,0.14339622641509212,0.7342995169081977,0.0452830188679263,0.18867924528301844,0.010377358490568677,0.29716981132075293,10.0
CENTRAL,external,360,15,,2021-08-09 15:00:00+00:00,2021-08-09 15:10:00+00:00,2021-08-09 15:20:00+00:00,39.776,38.551,1.2250000000000014,-0.9176387771520632,-1.167638777152063,L2_BREAK_FAST_FAIL_5M,0.0742857142857092,0.2138775510204082,10.0,0.0,5.0,LATENT_RECOVERABLE,True,670.0,8.0,True,True,0.0,True,670.0,8,2021-08-09 15:10:00+00:00,2021-08-09 15:15:00+00:00,2021-08-09 15:20:00+00:00,0.19020408163265617,0.08244897959183589,0.11918367346938827,,0.27346938775510243,0.4342857142857167,0.3333333333333333,0.25,0.014693877551015148,0.07428571428570928,0.2081632653061185,0.2881632653061176,0.059591836734694134,0.020408163265304938,0.7932011331444715,-0.05714285714285731,-0.08734693877551535,0.05714285714285731,-0.06857142857142529,0.1257142857142884,0.02693877551020507,0.030204081632658038,0.2402597402597747,0.07183673469387246,0.16163265306122462,0.07428571428570928,0.21387755102040829,10.0
CENTRAL,external,360,15,,2021-09-03 15:00:00+00:00,2021-09-03 20:05:00+00:00,2021-09-03 20:15:00+00:00,144.868,136.405,8.462999999999994,-1.2356075875969983,-1.4856075875969983,L2_BREAK_FAST_FAIL_5M,0.0155973059198871,0.1778329197684032,10.0,0.0,5.0,LATENT_RECOVERABLE,True,90.0,2.0,True,True,85.0,True,5.0,3,2021-09-03 20:05:00+00:00,2021-09-03 20:10:00+00:00,2021-09-03 20:15:00+00:00,0.09925558312655135,0.32636181023277827,0.2319508448540701,,0.401748788845564,0.6046319272125716,0.08333333333333333,0.08333333333333333,0.006617038875104766,0.015597305919887167,0.10551813777620245,0.17712395131749928,0.008980267044782402,0.06262554649651442,0.9492995330220189,-0.04230178423726862,-0.10126432707077868,0.04230178423726862,-0.04844617747843517,0.11331679073614603,0.005908070424200804,0.05896254283351005,0.5203336809176158,0.04891882311237339,0.11686163299066585,0.015597305919887167,0.1615266453976121,10.0
CENTRAL,external,360,15,,2021-09-06 15:00:00+00:00,2021-09-06 15:10:00+00:00,2021-09-06 15:20:00+00:00,146.347,135.721,10.626000000000005,-0.9805462360007456,-1.2305462360007455,L2_BREAK_FAST_FAIL_5M,0.1431394692264244,0.1051195181629981,10.0,0.0,5.0,LATENT_RECOVERABLE,True,35.0,1.0,False,True,5.0,True,30.0,1,2021-09-06 15:10:00+00:00,2021-09-06 15:15:00+00:00,2021-09-06 15:20:00+00:00,0.0759457933370992,0.10389610389610243,0.14633916807829642,,0.1791831357048744,0.1874647092038413,0.8333333333333334,0.25,0.03425559947299117,0.14313946922642443,0.11029550159985177,0.24825898738942256,0.10888386975343325,0.029079616036137526,0.5614101592115315,-0.02700922266139714,-0.049971767363072246,0.02700922266139714,-0.0611707133446269,0.084133258046302,0.0,0.022962544701675105,0.272930648769573,0.06126482213438831,0.19311123658949667,0.14313946922642443,0.10511951816299814,10.0
CENTRAL,external,360,15,,2021-09-17 15:00:00+00:00,2021-09-17 15:30:00+00:00,2021-09-17 15:40:00+00:00,144.529,134.0,10.528999999999996,-1.0240159414373062,-1.2740159414373062,L2_BREAK_FAST_FAIL_5M,0.1112166397568613,0.1123563491309709,10.0,0.0,5.0,LATENT_RECOVERABLE,True,485.0,6.0,True,True,0.0,True,485.0,6,2021-09-17 15:30:00+00:00,2021-09-17 15:35:00+00:00,2021-09-17 15:40:00+00:00,0.10456833507455594,0.13847468895431655,0.20305822015386132,,0.3176939880330516,0.4264412574793438,0.25,0.16666666666666666,0.027448000759807748,0.043403931997340085,0.1307816506790778,0.15576028112831103,0.01595593123753234,0.00902269921170091,0.8975609756097687,-0.028112831228036126,-0.09298128977110698,0.028112831228036126,-0.055560831987843874,0.18007408110931591,0.05964479057840119,0.06486845854307084,0.36023206751054726,0.055560831987843874,0.13638522176844706,0.08709279133820894,0.11235634913097095,10.0
CENTRAL,external,360,15,,2021-10-08 15:00:00+00:00,2021-10-08 15:05:00+00:00,2021-10-08 15:15:00+00:00,168.596,158.671,9.925000000000011,-3.3541721037272376,-3.6041721037272376,L2_BREAK_FAST_FAIL_5M,0.0407052896725436,0.1676574307304799,10.0,0.0,5.0,TRUE_FAILURE_PROXY,False,,,False,False,,False,,1,2021-10-08 15:05:00+00:00,2021-10-08 15:10:00+00:00,2021-10-08 15:15:00+00:00,0.1619143576826194,0.0674055415617139,-0.02387909319899189,,0.1914357682619651,0.3552644836272047,0.75,0.5,0.023677581863978333,0.040705289672543665,0.1850881612090667,0.20836272040302364,0.017027707808565336,0.006246851385391612,0.9182785299806527,-0.11395465994962206,-0.12010075566750689,0.11395465994962206,-0.1374307304785897,0.15758186397984797,0.014005037783373444,0.006146095717884834,0.039002557544761715,0.1376322418136004,0.16080604534005055,0.040705289672543665,0.16765743073047998,10.0
CENTRAL,external,360,15,,2021-10-15 15:00:00+00:00,2021-10-15 23:30:00+00:00,2021-10-15 23:40:00+00:00,163.227,157.1,6.1270000000000095,-1.5836840718753686,-1.8336840718753689,L2_BREAK_FAST_FAIL_5M,0.1984658070834023,0.2058103476415854,10.0,0.0,5.0,TRUE_FAILURE_PROXY,False,,,False,True,15.0,False,,4,2021-10-15 23:30:00+00:00,2021-10-15 23:35:00+00:00,2021-10-15 23:40:00+00:00,0.1646809205157521,0.21397094826178825,0.04798433164680631,,0.2897013220173009,0.3385017137261271,0.08333333333333333,0.0,0.05761384037865319,0.19846580708340236,0.21805124857189662,0.40427615472498774,0.14085196670474917,0.045372939448341955,0.6515946709729519,-0.07932103802839713,-0.11033132038518281,0.07932103802839713,-0.13693487840705032,0.23241390566345754,0.06446874489962154,0.031010282356785678,0.1334269662921526,0.13693487840705032,0.3087971274685852,0.19846580708340236,0.2058103476415854,10.0
CENTRAL,external,360,15,,2021-10-22 15:00:00+00:00,2021-10-22 15:00:00+00:00,2021-10-22 15:10:00+00:00,214.3,201.229,13.070999999999998,-4.804013065795587,-5.054013065795587,L2_BREAK_FAST_FAIL_5M,0.1133042613419015,0.3487108866957403,10.0,0.0,5.0,TRUE_FAILURE_PROXY,False,,,False,False,,False,,1,2021-10-22 15:00:00+00:00,2021-10-22 15:05:00+00:00,2021-10-22 15:10:00+00:00,0.32407619921964803,0.35903909417795,0.2684568892969158,,0.5648381914161107,0.5648381914161107,0.0,0.0,0.036799020732919796,0.0459031443653886,0.3626348404865741,0.3946140310611289,0.009104123632468809,0.02287506694208604,0.9769290422644437,-0.16196159436921576,-0.2142146737051497,0.16196159436921576,-0.19524137403412298,0.3275189350470512,0.08002448167699429,0.05225307933593396,0.15954216304601537,0.19876061510213552,0.2601178180705383,0.11330426134190152,0.34871088669574035,10.0
CENTRAL,external,360,15,,2021-10-28 15:00:00+00:00,2021-10-29 01:25:00+00:00,2021-10-29 01:35:00+00:00,201.55,194.043,7.507000000000005,-2.331927561399161,-2.581927561399161,L2_BREAK_FAST_FAIL_5M,0.1416011722392417,0.1733049154122839,10.0,0.0,5.0,LATENT_RECOVERABLE,True,35.0,1.0,False,True,0.0,True,35.0,1,2021-10-29 01:25:00+00:00,2021-10-29 01:30:00+00:00,2021-10-29 01:35:00+00:00,0.08432130011988935,0.3564672971892881,0.30438257626215465,,0.41627814040229094,0.7442387105368303,0.08333333333333333,0.08333333333333333,0.0920474224057549,0.1416011722392417,0.1765019315305736,0.2542959904089504,0.0495537498334868,0.02824030904488996,0.8051335777894252,-0.12095377647529171,-0.13187691487944697,0.12095377647529171,-0.21286798987611724,0.2237911282802725,0.0,0.010923138404155265,0.04880952380951982,0.2130011988810466,0.27347808711868865,0.1416011722392417,0.13187691487944697,10.0
CENTRAL,external,360,15,,2021-11-10 15:00:00+00:00,2021-11-10 15:05:00+00:00,2021-11-10 15:15:00+00:00,244.427,236.709,7.717999999999989,-0.1268272326706565,-0.3768272326706565,L2_BREAK_FAST_FAIL_5M,0.3743197719616499,0.1151852811609202,10.0,0.0,5.0,LATENT_RECOVERABLE,True,15.0,1.0,False,True,0.0,True,15.0,2,2021-11-10 15:05:00+00:00,2021-11-10 15:10:00+00:00,2021-11-10 15:15:00+00:00,0.10443119979269037,0.08344130603783446,0.1392847888053924,,0.29606115573982894,0.4634620367970981,0.4166666666666667,0.25,0.08590308370044206,0.09264058046125996,0.1855402954133219,0.20782586162218025,0.0067374967608179025,0.015548069448040464,0.9675810473815505,-0.007385332987819127,-0.030707437159885345,0.007385332987819127,-0.09160404249805579,0.17569318476289147,0.06076703809276947,0.02332210417206622,0.13274336283186397,0.09328841668826118,0.1233480176211453,0.14498574760300614,0.11518528116092029,10.0
CENTRAL,external,360,15,,2021-11-12 15:00:00+00:00,2021-11-12 18:00:00+00:00,2021-11-12 18:15:00+00:00,231.403,224.2,7.203000000000003,-1.8560692817292117,-2.1060692817292117,L2_BREAK_FAST_FAIL_5M,0.1647924475912829,0.2827988338192387,15.0,5.0,5.0,TRUE_FAILURE_PROXY,False,,,False,True,0.0,False,,5,2021-11-12 18:05:00+00:00,2021-11-12 18:10:00+00:00,2021-11-12 18:15:00+00:00,0.0006941552131050188,0.3158406219630716,0.5903095932250462,,0.5997501041232847,0.8006386227960602,0.16666666666666666,0.08333333333333333,0.09412744689712578,0.16479244759128298,0.0959322504512012,0.2124114952103291,0.07066500069415721,0.0458142440649707,0.6673202614378992,-0.12231014854921558,-0.15632375399139306,0.12231014854921558,-0.2154657781479967,0.25211717339997247,0.0026377898097982824,0.03401360544217749,0.13491189427313008,0.21643759544634136,0.32111620158267606,0.16479244759128298,0.28279883381923876,15.0
CENTRAL,external,360,15,,2021-11-17 15:00:00+00:00,2021-11-18 00:50:00+00:00,2021-11-18 01:00:00+00:00,222.33,209.565,12.765000000000017,-0.2383843835740418,-0.4883843835740418,L2_BREAK_FAST_FAIL_5M,0.0372111241676454,0.0839012925969467,10.0,0.0,5.0,TRUE_FAILURE_PROXY,False,,,False,False,,False,,2,2021-11-18 00:50:00+00:00,2021-11-18 00:55:00+00:00,2021-11-18 01:00:00+00:00,0.05828437132784949,0.0925186055620846,0.11962397179788588,,0.2205248726987853,0.3668625146886006,0.5833333333333334,0.25,0.02499020759890231,0.037054445750096685,0.08296122209165657,0.1135135135135121,0.012064238151194373,0.018488053270661158,0.8937198067632863,-0.00822561692127051,-0.010184097140620737,0.00822561692127051,-0.03313748531139846,0.04739522130826615,0.012299255777517469,0.0019584802193502275,0.04132231404959493,0.03321582452017282,0.04723854289071742,0.03721112416764542,0.07645906776341542,10.0
CENTRAL,external,360,15,,2021-11-25 15:00:00+00:00,2021-11-25 15:05:00+00:00,2021-11-25 15:15:00+00:00,214.685,202.012,12.673000000000002,-1.674546428488244,-1.924546428488244,L2_BREAK_FAST_FAIL_5M,0.014597964175807,0.0618638049396347,10.0,0.0,5.0,TRUE_FAILURE_PROXY,False,,,False,True,45.0,False,,4,2021-11-25 15:05:00+00:00,2021-11-25 15:10:00+00:00,2021-11-25 15:15:00+00:00,0.04829164365185786,0.08679870591020233,0.14227096977826853,,0.18385544070070325,0.2604750256450712,0.6666666666666666,0.4166666666666667,0.003393040321944793,0.014597964175807011,0.05073778900023677,0.06612483232068127,0.011204923853862217,0.004182119466582282,0.8305489260143234,-0.0579973171309093,-0.058865304190010986,0.0579973171309093,-0.061784897025172834,0.07078039927404874,0.008127515189774216,0.000867987059101687,0.012263099219615872,0.061390357452854094,0.073463268365818,0.014597964175807011,0.058865304190010986,10.0
CENTRAL,external,360,15,,2021-12-18 15:00:00+00:00,2021-12-18 15:15:00+00:00,2021-12-18 15:25:00+00:00,182.82,177.06,5.759999999999991,-0.8751777704846253,-1.1251777704846253,L2_BREAK_FAST_FAIL_5M,0.1388888888888911,0.121527777777776,10.0,0.0,5.0,TRUE_FAILURE_PROXY,False,,,False,True,340.0,False,,8,2021-12-18 15:15:00+00:00,2021-12-18 15:20:00+00:00,2021-12-18 15:25:00+00:00,0.052083333333330456,0.125,0.21354166666667015,,0.25,0.39583333333333415,0.4166666666666667,0.16666666666666666,0.03298611111111077,0.1388888888888911,0.07986111111110769,0.19444444444444553,0.10590277777778032,0.008680555555557542,0.4553571428571329,-0.053819444444444926,-0.07812499999999815,0.053819444444444926,-0.08506944444444615,0.1319444444444431,0.02256944444444369,0.024305555555553224,0.18421052631577373,0.08680555555555569,0.21701388888888923,0.1388888888888911,0.07812499999999815,10.0
CENTRAL,external,360,15,,2021-12-26 15:00:00+00:00,2021-12-26 15:30:00+00:00,2021-12-26 15:40:00+00:00,199.27,193.07,6.200000000000017,-0.9283886184573986,-1.1783886184573986,L2_BREAK_FAST_FAIL_5M,0.0564516129032247,0.1774193548387128,10.0,0.0,5.0,TRUE_FAILURE_PROXY,False,,,False,True,40.0,False,,10,2021-12-26 15:30:00+00:00,2021-12-26 15:35:00+00:00,2021-12-26 15:40:00+00:00,0.051612903225809796,0.24999999999999656,0.11774193548386899,,0.2903225806451623,0.4145161290322558,0.5,0.25,0.014516129032258575,0.056451612903224736,0.06612903225806836,0.1693548387096788,0.04193548387096616,0.061290322580644256,0.7523809523809637,-0.06129032258064884,-0.07580645161290284,0.06129032258064884,-0.07419354838709785,0.10322580645161042,0.014516129032258575,0.01451612903225399,0.14062499999996392,0.07580645161290742,0.13225806451612757,0.056451612903224736,0.11290322580645405,10.0
CENTRAL,reference_validation,360,15,,2025-01-01 15:00:00+00:00,2025-01-01 15:45:00+00:00,2025-01-01 15:55:00+00:00,191.74,187.82,3.920000000000016,-0.3390007301554143,-0.5890007301554143,L2_BREAK_FAST_FAIL_5M,0.0892857142857124,0.1071428571428607,10.0,0.0,5.0,LATENT_RECOVERABLE,True,230.0,2.0,True,True,0.0,True,230.0,2,2025-01-01 15:45:00+00:00,2025-01-01 15:50:00+00:00,2025-01-01 15:55:00+00:00,0.07908163265306148,0.25765306122449366,0.3392857142857161,,0.4030612244897902,0.42602040816326037,0.08333333333333333,0.08333333333333333,0.028061224489792033,0.06632653061224231,0.10714285714285351,0.17346938775510307,0.03826530612245027,0.028061224489799284,0.7794117647058763,-0.03571428571428934,-0.06122448979592044,0.03571428571428934,-0.06377551020408137,0.10969387755102171,0.02040816326530923,0.0255102040816311,0.23255813953486681,0.06377551020408137,0.12755102040816274,0.06632653061224231,0.10714285714286077,10.0
CENTRAL,reference_validation,360,15,,2025-01-03 15:00:00+00:00,2025-01-03 16:20:00+00:00,2025-01-03 16:30:00+00:00,218.56,208.97,9.590000000000003,-0.983711566617862,-1.233711566617862,L2_BREAK_FAST_FAIL_5M,0.1115745568300305,0.1105318039624611,10.0,0.0,5.0,TRUE_FAILURE_PROXY,False,,,False,True,0.0,False,,1,2025-01-03 16:20:00+00:00,2025-01-03 16:25:00+00:00,2025-01-03 16:30:00+00:00,0.08342022940563203,0.05943691345151126,-0.01876955161626765,,0.17935349322210617,0.18561001042752873,0.9166666666666666,0.5,0.0364963503649629,0.07403545359749819,0.11991657977059492,0.18456725755995929,0.0375391032325353,0.027111574556829072,0.7966101694915189,-0.045881126173096726,-0.06569343065693381,0.045881126173096726,-0.08133472367049019,0.10427528675703855,0.003128258602711275,0.019812304483837088,0.18999999999999773,0.08237747653805962,0.139728884254432,0.07403545359749819,0.1105318039624611,10.0
CENTRAL,reference_validation,360,15,,2025-01-08 15:00:00+00:00,2025-01-08 15:05:00+00:00,2025-01-08 15:15:00+00:00,199.21,194.38,4.8300000000000125,-4.417448923246859,-4.667448923246859,L2_BREAK_FAST_FAIL_5M,0.0559006211180085,0.4927536231884036,10.0,0.0,5.0,TRUE_FAILURE_PROXY,False,,,False,False,,False,,1,2025-01-08 15:05:00+00:00,2025-01-08 15:10:00+00:00,2025-01-08 15:15:00+00:00,0.15527950310558966,0.2028985507246409,-0.11387163561076222,,0.5010351966873726,0.5279503105590072,0.16666666666666666,0.16666666666666666,0.0020703933747393123,0.05590062111800851,0.15942028985507417,0.21532091097308267,0.0538302277432692,0.0020703933747393123,0.7500000000000069,-0.36645962732919374,-0.40372670807453664,0.36645962732919374,-0.37060041407867234,0.43478260869565577,0.026915113871640483,0.03726708074534293,0.08571428571428803,0.36853002070393304,0.4596273291925452,0.05590062111800851,0.40372670807453664,10.0
CENTRAL,reference_validation,360,15,,2025-01-09 15:00:00+00:00,2025-01-09 15:50:00+00:00,2025-01-09 16:00:00+00:00,192.75,185.02,7.72999999999999,-1.7120622568093102,-1.9620622568093105,L2_BREAK_FAST_FAIL_5M,0.0194049159120318,0.1371280724450198,10.0,0.0,5.0,TRUE_FAILURE_PROXY,False,,,False,False,,False,,1,2025-01-09 15:50:00+00:00,2025-01-09 15:55:00+00:00,2025-01-09 16:00:00+00:00,0.13065976714100805,0.029754204398449998,0.29624838292367706,,0.3428201811125497,0.5950840879689522,0.3333333333333333,0.0,0.005174644243207256,0.01940491591203181,0.13583441138421531,0.15135834411384444,0.014230271668824552,0.0012936610608045719,0.9059829059828955,-0.08538163001293628,-0.10996119016817535,0.08538163001293628,-0.09184993531694811,0.11642949547218717,0.0,0.024579560155239065,0.21111111111110725,0.09055627425614354,0.12936610608020715,0.01940491591203181,0.13195342820181263,10.0
CENTRAL,reference_validation,360,15,,2025-01-11 15:00:00+00:00,2025-01-11 15:00:00+00:00,2025-01-11 15:10:00+00:00,187.84,184.01,3.830000000000013,-0.1330919931857299,-0.3830919931857299,L2_BREAK_FAST_FAIL_5M,0.075718015665794,0.1592689295039195,10.0,0.0,5.0,LATENT_RECOVERABLE,True,335.0,4.0,True,True,295.0,True,40.0,7,2025-01-11 15:00:00+00:00,2025-01-11 15:05:00+00:00,2025-01-11 15:10:00+00:00,0.01827676240208693,0.13315926892950852,0.4255874673629291,,0.443864229765016,0.545691906005221,0.3333333333333333,0.16666666666666666,0.05744125326370708,0.07571801566579402,0.07310704960835514,0.16187989556135834,0.01827676240208693,0.07049608355091627,0.8870967741935603,-0.01305483028720919,-0.04438642297650531,0.01305483028720919,-0.07310704960835514,0.12010443864229932,0.01566579634464806,0.03133159268929612,0.2608695652173967,0.07049608355091627,0.12010443864229932,0.07571801566579402,0.08616187989556433,10.0
CENTRAL,reference_validation,360,15,,2025-01-23 15:00:00+00:00,2025-01-23 16:10:00+00:00,2025-01-23 16:20:00+00:00,254.55,242.01,12.54000000000002,-2.5338833235121205,-2.7838833235121205,L2_BREAK_FAST_FAIL_5M,0.1267942583732035,0.2751196172248813,10.0,0.0,5.0,TRUE_FAILURE_PROXY,False,,,False,True,245.0,False,,4,2025-01-23 16:10:00+00:00,2025-01-23 16:15:00+00:00,2025-01-23 16:20:00+00:00,0.147527910685807,0.2910685805422625,0.3285486443381156,,0.46570972886762085,0.6993620414673021,0.08333333333333333,0.0,0.0015948963317369837,0.009569377990428703,0.14832535885167322,0.17543859649122687,0.00797448165869172,0.019138755980861937,0.9545454545454569,-0.10287081339713065,-0.10765550239234614,0.10287081339713065,-0.10446570972886764,0.2344497607655497,0.12519936204146656,0.004784688995215484,0.020408163265306912,0.10446570972886764,0.11722488038277484,0.12679425837320354,0.16586921850079817,10.0
CENTRAL,reference_validation,360,15,,2025-03-01 15:00:00+00:00,2025-03-02 00:05:00+00:00,2025-03-02 00:15:00+00:00,144.17,138.5,5.669999999999988,-0.8323506970936423,-1.0823506970936425,L2_BREAK_FAST_FAIL_5M,0.077601410934749,0.1746031746031715,10.0,0.0,5.0,TRUE_FAILURE_PROXY,False,,,False,True,20.0,False,,10,2025-03-02 00:05:00+00:00,2025-03-02 00:10:00+00:00,2025-03-02 00:15:00+00:00,0.04409171075837751,0.14109347442680503,0.16578483245149905,,0.2469135802469151,0.4744268077601417,0.3333333333333333,0.16666666666666666,0.05820105820106053,0.06701940035273804,0.10229276895943804,0.13051146384479906,0.008818342151677509,0.0194003527336835,0.9324324324324179,-0.04232804232803901,-0.05820105820105551,0.04232804232803901,-0.10052910052909954,0.13580246913580454,0.019400352733688512,0.015873015873016507,0.11688311688311975,0.10052910052909954,0.12522045855379355,0.07760141093474904,0.06349206349206102,10.0
CENTRAL,reference_validation,360,15,,2025-03-04 15:00:00+00:00,2025-03-04 19:00:00+00:00,2025-03-04 19:10:00+00:00,143.26,132.55,10.70999999999998,-0.1396063102052092,-0.3896063102052092,L2_BREAK_FAST_FAIL_5M,0.1391223155929049,0.1195144724556492,10.0,0.0,5.0,TRUE_FAILURE_PROXY,False,,,False,True,0.0,False,,8,2025-03-04 19:00:00+00:00,2025-03-04 19:05:00+00:00,2025-03-04 19:10:00+00:00,0.06535947712418207,0.17927170868347522,0.2035480859010281,,0.2885154061624632,0.2885154061624632,0.25,0.16666666666666666,0.031746031746032126,0.13912231559290494,0.0980392156862731,0.2268907563025221,0.10737628384687282,0.021475256769376155,0.5267489711934146,-0.004668534080297203,-0.11951447245564926,0.004668534080297203,-0.03641456582632933,0.15312791783380186,0.0018674136321204734,0.11484593837535206,0.7500000000000043,0.03641456582632933,0.2586367880485542,0.13912231559290494,0.11951447245564926,10.0
CENTRAL,reference_validation,360,15,,2025-03-14 15:00:00+00:00,2025-03-14 15:00:00+00:00,2025-03-14 15:15:00+00:00,132.14,125.15,6.989999999999981,-0.9459663992735234,-1.1959663992735234,L2_BREAK_FAST_FAIL_5M,0.2203147353361981,0.2288984263233188,15.0,5.0,5.0,LATENT_RECOVERABLE,True,405.0,2.0,True,True,0.0,True,405.0,2,2025-03-14 15:05:00+00:00,2025-03-14 15:10:00+00:00,2025-03-14 15:15:00+00:00,0.0,0.20743919885550682,0.35765379113018697,,0.4706723891273249,0.6494992846924184,0.16666666666666666,0.25,0.0028612303290429597,0.10014306151645479,0.0028612303290429597,0.14163090128755534,0.09728183118741184,0.04148783977110055,0.31313131313131254,-0.0357653791130187,-0.04577968526466296,0.0357653791130187,-0.03862660944206166,0.08726752503576757,0.03862660944206166,0.010014306151644259,0.11475409836064199,0.03862660944206166,0.14592274678111775,0.10014306151645479,0.22889842632331886,15.0
CENTRAL,reference_validation,360,15,,2025-03-19 15:00:00+00:00,2025-03-19 18:55:00+00:00,2025-03-19 19:05:00+00:00,132.71,125.97,6.740000000000009,-0.5651420390325179,-0.8151420390325179,L2_BREAK_FAST_FAIL_5M,0.2418397626112749,0.1439169139465871,10.0,0.0,5.0,LATENT_RECOVERABLE,True,270.0,2.0,True,True,0.0,True,270.0,2,2025-03-19 18:55:00+00:00,2025-03-19 19:00:00+00:00,2025-03-19 19:05:00+00:00,0.10979228486647004,0.28635014836795314,0.2715133531157285,,0.41839762611275805,0.6335311572700261,0.08333333333333333,0.16666666666666666,0.026706231454002693,0.10682492581602343,0.13649851632047275,0.2507418397626106,0.08011869436202074,0.03412462908011713,0.6804733727810526,-0.023738872403560294,-0.026706231454006912,0.023738872403560294,-0.051928783382788404,0.19584569732937557,0.14094955489614056,0.002967359050446618,0.01515151515152298,0.050445103857562984,0.13353115727003034,0.16913946587536866,0.14391691394658718,10.0
CENTRAL,reference_validation,360,15,,2025-03-21 15:00:00+00:00,2025-03-21 18:30:00+00:00,2025-03-21 18:45:00+00:00,129.05,125.28,3.77000000000001,-0.3487020534676532,-0.5987020534676533,L2_BREAK_FAST_FAIL_5M,0.352785145888589,0.7108753315649866,15.0,5.0,5.0,TRUE_FAILURE_PROXY,False,,,False,True,145.0,False,,8,2025-03-21 18:35:00+00:00,2025-03-21 18:40:00+00:00,2025-03-21 18:45:00+00:00,0.2254641909814378,0.5225464190981378,0.4535809018567611,,1.1671087533156446,1.1671087533156446,0.0,0.08333333333333333,0.10610079575596186,0.169761273209545,0.33156498673739965,0.46684350132625635,0.06366047745358315,0.07161803713527351,0.8636363636363578,-0.02387267904509368,-0.08222811671087572,0.02387267904509368,-0.12466843501326197,0.1856763925729408,0.002652519893896785,0.058355437665782044,0.3142857142857178,0.12997347480105553,0.25198938992042075,0.352785145888589,0.7108753315649867,15.0
CENTRAL,reference_validation,360,15,,2025-03-27 15:00:00+00:00,2025-03-27 21:30:00+00:00,2025-03-27 21:40:00+00:00,139.75,135.5,4.25,-0.9660107334526492,-1.216010733452649,L2_BREAK_FAST_FAIL_5M,0.032941176470585,0.1388235294117655,10.0,0.0,5.0,TRUE_FAILURE_PROXY,False,,,False,False,,False,,2,2025-03-27 21:30:00+00:00,2025-03-27 21:35:00+00:00,2025-03-27 21:40:00+00:00,0.09647058823529331,0.10823529411764893,0.06823529411764519,,0.17411764705882568,0.17411764705882568,0.8333333333333334,0.25,0.021176470588236098,0.032941176470585025,0.11764705882352941,0.17176470588235054,0.011764705882348929,0.042352941176472196,0.9315068493150909,-0.06352941176470829,-0.11529411764706096,0.06352941176470829,-0.08235294117647594,0.13647058823529706,0.0023529411764684482,0.05176470588235267,0.3793103448275761,0.08470588235294439,0.148235294117646,0.032941176470585025,0.1388235294117655,10.0
CENTRAL,reference_validation,360,15,,2025-03-31 15:00:00+00:00,2025-03-31 15:00:00+00:00,2025-03-31 15:10:00+00:00,127.2,122.94,4.260000000000005,-1.3757861635220192,-1.6257861635220192,L2_BREAK_FAST_FAIL_5M,0.1431924882629105,0.1291079812206564,10.0,0.0,5.0,TRUE_FAILURE_PROXY,False,,,False,True,10.0,False,,3,2025-03-31 15:00:00+00:00,2025-03-31 15:05:00+00:00,2025-03-31 15:10:00+00:00,0.12910798122065645,0.08920187793427446,0.18779342723004938,,0.31455399061032907,0.43427230046948506,0.5,0.5,0.030516431924881526,0.1431924882629105,0.159624413145538,0.27230046948356695,0.11267605633802896,0.0,0.5862068965517195,-0.08215962441314745,-0.08450704225352089,0.08215962441314745,-0.11267605633802896,0.17840375586854226,0.06338028169013983,0.002347417840373449,0.013157894736830296,0.11267605633802896,0.22769953051643138,0.1431924882629105,0.12910798122065645,10.0
CENTRAL,reference_validation,360,15,,2025-04-09 15:00:00+00:00,2025-04-09 16:30:00+00:00,2025-04-09 16:40:00+00:00,107.55,102.22,5.329999999999998,-0.4649000464899688,-0.7149000464899689,L2_BREAK_FAST_FAIL_5M,0.037523452157599,0.1744840525328317,10.0,0.0,5.0,LATENT_RECOVERABLE,True,40.0,2.0,True,True,5.0,True,35.0,2,2025-04-09 16:30:00+00:00,2025-04-09 16:35:00+00:00,2025-04-09 16:40:00+00:00,0.14821763602251262,-0.04315196998123637,0.05065666041275991,,0.20825515947467163,0.21013133208255252,0.8333333333333334,0.4166666666666667,0.013133208255160865,0.018761726078800854,0.1613508442776735,0.19324577861163256,0.00562851782363999,0.026266416510319066,0.9708737864077659,-0.020637898686679073,-0.0769230769230763,0.020637898686679073,-0.03377110694183994,0.11444652908067535,0.02439024390243818,0.05628517823639723,0.49180327868852036,0.03377110694183994,0.09568480300187716,0.037523452157599044,0.1744840525328317,10.0
CENTRAL,reference_validation,360,15,,2025-04-13 15:00:00+00:00,2025-04-13 17:20:00+00:00,2025-04-13 17:30:00+00:00,131.53,126.72,4.810000000000002,-1.7486504979852824,-1.9986504979852824,L2_BREAK_FAST_FAIL_5M,0.2203742203742207,0.2058212058212076,10.0,0.0,5.0,LATENT_RECOVERABLE,True,535.0,6.0,True,True,15.0,True,520.0,6,2025-04-13 17:20:00+00:00,2025-04-13 17:25:00+00:00,2025-04-13 17:30:00+00:00,0.09771309771309743,0.26403326403326605,0.37214137214137033,,0.4158004158004156,0.4282744282744285,0.08333333333333333,0.08333333333333333,0.06652806652806507,0.22037422037422075,0.1642411642411625,0.32016632016631835,0.15384615384615566,0.002079002079000187,0.5194805194805111,-0.09563409563409725,-0.1413721413721427,0.09563409563409725,-0.1642411642411684,0.2099792099792139,0.0,0.04573804573804548,0.21782178217821252,0.1621621621621623,0.3617463617463635,0.22037422037422075,0.1413721413721427,10.0
CENTRAL,reference_validation,360,15,,2025-04-27 15:00:00+00:00,2025-04-27 18:25:00+00:00,2025-04-27 18:40:00+00:00,149.71,146.87,2.8400000000000034,-0.0667958052234518,-0.3167958052234518,L2_BREAK_FAST_FAIL_5M,0.1830985915492891,0.0774647887323938,15.0,5.0,5.0,TRUE_FAILURE_PROXY,False,,,False,True,0.0,False,,4,2025-04-27 18:30:00+00:00,2025-04-27 18:35:00+00:00,2025-04-27 18:40:00+00:00,0.024647887323951238,0.09507042253520474,0.1901408450704195,,0.3380281690140869,0.419014084507041,0.4166666666666667,0.3333333333333333,0.01056338028169053,0.0880281690140844,0.03873239436620194,0.15140845070422757,0.07746478873239387,0.03521126760563176,0.48837209302326656,-0.0035211267605701813,-0.024647887323951238,0.0035211267605701813,-0.01056338028169053,0.04577464788733229,0.01408450704226071,0.02112676056338106,0.4615384615383943,0.01408450704226071,0.11267605633803564,0.0880281690140844,0.07746478873239387,15.0
CENTRAL,reference_validation,360,15,,2025-05-03 15:00:00+00:00,2025-05-03 15:05:00+00:00,2025-05-03 15:15:00+00:00,148.76,146.6,2.1599999999999966,-0.3361118580263444,-0.5861118580263445,L2_BREAK_FAST_FAIL_5M,0.1111111111111154,0.1111111111111023,10.0,0.0,5.0,TRUE_FAILURE_PROXY,False,,,False,False,,False,,2,2025-05-03 15:05:00+00:00,2025-05-03 15:10:00+00:00,2025-05-03 15:15:00+00:00,0.04629629629629374,0.17129629629629867,0.23611111111110727,,0.2870370370370396,0.3703703703703631,0.3333333333333333,0.25,0.027777777777778873,0.11111111111111549,0.07407407407407261,0.20370370370370297,0.08333333333333662,0.04629629629629374,0.5909090909090733,-0.050925925925919165,-0.07870370370369804,0.050925925925919165,-0.07870370370369804,0.10648148148147692,0.0,0.027777777777778873,0.2608695652174128,0.07870370370369804,0.18981481481481355,0.11111111111111549,0.09259259259258748,10.0
CENTRAL,reference_validation,360,15,,2025-05-05 15:00:00+00:00,2025-05-05 18:35:00+00:00,2025-05-05 18:55:00+00:00,146.73,143.31,3.4199999999999875,-0.5452191099297732,-0.7952191099297732,L2_BREAK_FAST_FAIL_5M,0.1052631578947412,0.0877192982456093,20.0,10.0,5.0,TRUE_FAILURE_PROXY,False,,,False,True,5.0,False,,5,2025-05-05 18:45:00+00:00,2025-05-05 18:50:00+00:00,2025-05-05 18:55:00+00:00,0.020467836257308022,0.21929824561403588,0.21345029239765861,,0.4035087719298247,0.4590643274853798,0.25,0.25,0.046783625730993324,0.10526315789474122,0.06725146198830134,0.12865497076023372,0.05847953216374789,0.002923976608184486,0.5454545454545043,-0.046783625730993324,-0.06140350877192407,0.046783625730993324,-0.09356725146198665,0.11111111111111019,0.0029239766081927965,0.01461988304093074,0.13157894736837775,0.09356725146198665,0.16666666666666527,0.10526315789474122,0.08771929824560937,20.0
CENTRAL,reference_validation,360,15,,2025-05-06 15:00:00+00:00,2025-05-06 18:25:00+00:00,2025-05-06 18:35:00+00:00,144.53,141.3,3.2299999999999898,-1.0032519200166012,-1.2532519200166012,L2_BREAK_FAST_FAIL_5M,0.0804953560371491,0.1021671826625428,10.0,0.0,5.0,LATENT_RECOVERABLE,True,205.0,3.0,True,True,20.0,True,185.0,3,2025-05-06 18:25:00+00:00,2025-05-06 18:30:00+00:00,2025-05-06 18:35:00+00:00,0.061919504643959525,0.09597523219814343,0.2662538699690453,,0.33746130030959964,0.340557275541795,0.25,0.25,0.030959752321979762,0.08049535603714915,0.09287925696593928,0.14241486068110867,0.04953560371516938,0.0,0.6521739130434702,-0.08978328173374395,-0.08978328173374395,0.08978328173374395,-0.12074303405572372,0.12074303405572372,0.0,0.0,0.0,0.12074303405572372,0.17027863777089308,0.08049535603714915,0.08978328173374395,10.0
CENTRAL,reference_validation,360,15,,2025-05-10 15:00:00+00:00,2025-05-10 16:35:00+00:00,2025-05-10 16:45:00+00:00,172.27,168.68,3.5900000000000034,-1.2190166598943786,-1.4690166598943786,L2_BREAK_FAST_FAIL_5M,0.0501392757660106,0.2256267409470756,10.0,0.0,5.0,LATENT_RECOVERABLE,True,50.0,2.0,True,True,25.0,True,25.0,7,2025-05-10 16:35:00+00:00,2025-05-10 16:40:00+00:00,2025-05-10 16:45:00+00:00,0.13370473537604952,0.07520891364901994,0.16991643454038569,,0.34261838440111897,0.38718662952646615,0.16666666666666666,0.08333333333333333,0.008356545961003095,0.05013927576601065,0.13927576601671296,0.19498607242339497,0.04178272980500755,0.013927576601674463,0.7857142857143147,-0.11699164345404332,-0.15598885793871914,0.11699164345404332,-0.1253481894150464,0.17270194986072535,0.008356545961003095,0.03899721448467583,0.22580645161287957,0.1253481894150464,0.2061281337047298,0.05013927576601065,0.15598885793871914,10.0
CENTRAL,reference_validation,360,15,,2025-05-11 15:00:00+00:00,2025-05-12 00:30:00+00:00,2025-05-12 00:40:00+00:00,175.19,170.72,4.469999999999999,-1.0274559050173493,-1.2774559050173493,L2_BREAK_FAST_FAIL_5M,0.1163310961968703,0.2259507829977609,10.0,0.0,5.0,LATENT_RECOVERABLE,True,380.0,7.0,True,True,25.0,True,355.0,11,2025-05-12 00:30:00+00:00,2025-05-12 00:35:00+00:00,2025-05-12 00:40:00+00:00,0.09395973154362139,0.10067114093960115,0.3713646532438472,,0.40715883668903663,0.5950782997762858,0.16666666666666666,0.08333333333333333,0.0357941834451894,0.07829977628635222,0.12975391498881078,0.17673378076062465,0.042505592841162815,0.004474272930651059,0.7594936708860764,-0.08277404921700328,-0.09172259507829904,0.08277404921700328,-0.12080536912752139,0.20805369127516937,0.07829977628635222,0.00894854586129576,0.04301075268816317,0.11856823266219267,0.17002237136465126,0.11633109619687033,0.09843400447427245,10.0
CENTRAL,reference_validation,360,15,,2025-05-21 15:00:00+00:00,2025-05-21 15:00:00+00:00,2025-05-21 15:15:00+00:00,172.74,167.28,5.460000000000008,-2.0551117286095044,-2.3051117286095044,L2_BREAK_FAST_FAIL_5M,0.1684981684981659,0.2490842490842512,15.0,5.0,5.0,LATENT_RECOVERABLE,True,490.0,5.0,True,True,5.0,True,485.0,5,2025-05-21 15:05:00+00:00,2025-05-21 15:10:00+00:00,2025-05-21 15:15:00+00:00,0.062271062271062806,0.25274725274725157,0.6025641025641002,,0.7014652014652027,0.7271062271062259,0.16666666666666666,0.25,0.08424908424908038,0.16849816849816596,0.1465201465201432,0.24725274725274585,0.08424908424908559,0.016483516483517084,0.6592592592592519,-0.13186813186813146,-0.16849816849817117,0.13186813186813146,-0.21611721611721185,0.2857142857142857,0.03296703296703417,0.0366300366300397,0.12820512820513896,0.21611721611721185,0.33699633699633713,0.16849816849816596,0.24908424908425122,15.0
CENTRAL,reference_validation,360,15,,2025-06-16 15:00:00+00:00,2025-06-16 16:15:00+00:00,2025-06-16 16:30:00+00:00,157.71,154.58,3.1299999999999955,-1.1096316023080366,-1.3596316023080366,L2_BREAK_FAST_FAIL_5M,0.1405750798722039,0.1341853035143822,15.0,5.0,5.0,TRUE_FAILURE_PROXY,False,,,False,True,30.0,False,,8,2025-06-16 16:20:00+00:00,2025-06-16 16:25:00+00:00,2025-06-16 16:30:00+00:00,0.0223642172524031,0.3610223642172515,0.18849840255590283,,0.559105431309905,0.559105431309905,0.3333333333333333,0.25,0.03514376996804645,0.14057507987220394,0.057507987220449544,0.17571884984025948,0.1054313099041575,0.012779552715652428,0.39999999999998964,-0.11501597444089909,-0.13418530351438226,0.11501597444089909,-0.15335463258786547,0.17252396166134865,0.0,0.019169329073483184,0.1111111111111111,0.15015974440894553,0.2747603833865862,0.14057507987220394,0.13418530351438226,15.0
CENTRAL,reference_validation,360,15,,2025-06-27 15:00:00+00:00,2025-06-27 15:50:00+00:00,2025-06-27 16:00:00+00:00,143.45,141.06,2.3899999999999864,-0.1045660508888213,-0.3545660508888213,L2_BREAK_FAST_FAIL_5M,0.1464435146443618,0.1966527196652726,10.0,0.0,5.0,LATENT_RECOVERABLE,True,30.0,2.0,True,True,30.0,True,5.0,4,2025-06-27 15:50:00+00:00,2025-06-27 15:55:00+00:00,2025-06-27 16:00:00+00:00,0.17154811715481127,0.2175732217573158,0.35146443514644693,,0.5313807531380826,0.7782426778242779,0.16666666666666666,0.16666666666666666,0.1087866108786698,0.1464435146443618,0.2845188284518873,0.34309623430963443,0.037656903765692015,0.020920502092055086,0.8902439024390231,-0.012552301255230673,-0.06276150627614147,0.012552301255230673,-0.11715481171548231,0.19665271966527262,0.029288702928879497,0.0502092050209108,0.25531914893612,0.12133891213390047,0.20920502092050328,0.1464435146443618,0.19665271966527262,10.0
CENTRAL,reference_validation,360,15,,2025-07-13 15:00:00+00:00,2025-07-14 02:25:00+00:00,2025-07-14 02:35:00+00:00,164.12,161.5,2.6200000000000045,-0.4265171825493796,-0.6765171825493796,L2_BREAK_FAST_FAIL_5M,0.141221374045803,0.1335877862595395,10.0,0.0,5.0,LATENT_RECOVERABLE,True,10.0,1.0,False,True,0.0,True,10.0,1,2025-07-14 02:25:00+00:00,2025-07-14 02:30:00+00:00,2025-07-14 02:35:00+00:00,0.07633587786260179,0.3664122137404496,0.4694656488549571,,0.5534351145038114,0.874045801526713,0.08333333333333333,0.08333333333333333,0.003816793893126293,0.10687022900763384,0.08015267175572809,0.19465648854962536,0.10305343511450754,0.011450381679389728,0.47058823529411764,-0.049618320610685204,-0.13358778625953957,0.049618320610685204,-0.05343511450381149,0.2748091603053426,0.13740458015267673,0.08396946564885438,0.30555555555555447,0.05343511450381149,0.24045801526717342,0.141221374045803,0.13358778625953957,10.0
CENTRAL,reference_validation,360,15,,2025-07-16 15:00:00+00:00,2025-07-16 15:05:00+00:00,2025-07-16 15:15:00+00:00,168.01,165.48,2.530000000000001,-1.4284863996190666,-1.6784863996190666,L2_BREAK_FAST_FAIL_5M,0.0632411067193662,0.5375494071146184,10.0,0.0,5.0,LATENT_RECOVERABLE,True,45.0,2.0,True,True,40.0,True,5.0,2,2025-07-16 15:05:00+00:00,2025-07-16 15:10:00+00:00,2025-07-16 15:15:00+00:00,0.17786561264821676,-0.09881422924901181,-0.05533596837944122,,0.3715415019762835,0.5533596837944572,0.4166666666666667,0.4166666666666667,0.035573122529645604,0.06324110671936621,0.20948616600790548,0.2648221343873467,0.02766798418972061,0.02766798418972061,0.8955223880597097,-0.18972332015809865,-0.2450592885375511,0.18972332015809865,-0.22529644268774424,0.2885375494071217,0.00790513833992499,0.055335968379452455,0.1917808219178237,0.22529644268774424,0.3083003952569173,0.06324110671936621,0.2450592885375511,10.0
CENTRAL,reference_validation,360,15,,2025-08-03 15:00:00+00:00,2025-08-03 23:15:00+00:00,2025-08-03 23:25:00+00:00,162.78,160.27,2.509999999999991,-0.7986239095711944,-1.0486239095711944,L2_BREAK_FAST_FAIL_5M,0.1155378486055749,0.2071713147410407,10.0,0.0,5.0,LATENT_RECOVERABLE,True,75.0,2.0,True,True,65.0,True,10.0,6,2025-08-03 23:15:00+00:00,2025-08-03 23:20:00+00:00,2025-08-03 23:25:00+00:00,0.11952191235060257,0.27091633466134696,0.29482071713146746,,0.35059760956175245,0.6852589641434284,0.25,0.0,0.10358565737051469,0.11553784860557494,0.22310756972111725,0.29083665338645115,0.011952191235060257,0.05577689243027365,0.9589041095890389,-0.10358565737051469,-0.20318725099601304,0.10358565737051469,-0.20318725099601304,0.3027888446215114,0.0,0.09960159362549836,0.32894736842105654,0.20717131474102937,0.318725099601588,0.11553784860557494,0.20318725099601304,10.0
CENTRAL,reference_validation,360,15,,2025-08-07 15:00:00+00:00,2025-08-07 21:20:00+00:00,2025-08-07 21:35:00+00:00,173.43,169.0,4.430000000000007,-0.2306406042784092,-0.4806406042784092,L2_BREAK_FAST_FAIL_5M,0.1218961625282147,0.1196388261851016,15.0,5.0,5.0,LATENT_RECOVERABLE,True,125.0,1.0,False,True,0.0,True,125.0,1,2025-08-07 21:25:00+00:00,2025-08-07 21:30:00+00:00,2025-08-07 21:35:00+00:00,0.0,0.18735891647855785,0.17832957110609915,,0.23702031602709023,0.2979683972912008,1.0,0.5833333333333334,0.009029345372458687,0.0744920993227954,0.009029345372458687,0.0902934537245997,0.0654627539503367,0.015801354401804305,0.2749999999999787,-0.018058690744923788,-0.022573363431149924,0.018058690744923788,-0.029345372460495543,0.14446952595936463,0.11060948081264296,0.004514672686226135,0.031249999999972244,0.027088036117382475,0.09706546275394531,0.12189616252821472,0.11963882618510165,15.0
CENTRAL,reference_validation,360,15,,2025-08-08 15:00:00+00:00,2025-08-08 17:55:00+00:00,2025-08-08 18:05:00+00:00,179.04,174.91,4.129999999999996,-0.1675603217158316,-0.4175603217158317,L2_BREAK_FAST_FAIL_5M,0.1234866828087215,0.2154963680387378,10.0,0.0,5.0,LATENT_RECOVERABLE,True,670.0,2.0,True,True,10.0,True,660.0,2,2025-08-08 17:55:00+00:00,2025-08-08 18:00:00+00:00,2025-08-08 18:05:00+00:00,0.20096852300241763,0.0774818401937099,0.319612590799037,,0.4503631961259048,0.6900726392251808,0.0,0.0,0.060532687651331775,0.06295399515738972,0.25907990314769835,0.27845036319612754,0.0024213075060579505,0.016949152542371244,0.9913043478260702,-0.012106537530262225,-0.07263922518159399,0.012106537530262225,-0.07506053268765195,0.19612590799031548,0.060532687651331775,0.060532687651331775,0.3086419753086411,0.07263922518159399,0.13559322033898372,0.12348668280872149,0.2154963680387378,10.0
CENTRAL,reference_validation,360,15,,2025-08-28 15:00:00+00:00,2025-08-29 00:25:00+00:00,2025-08-29 00:35:00+00:00,216.87,211.34,5.530000000000001,-3.804122285240019,-4.05412228524002,L2_BREAK_FAST_FAIL_5M,0.1952983725135594,0.363471971066906,10.0,0.0,5.0,TRUE_FAILURE_PROXY,False,,,False,True,190.0,False,,4,2025-08-29 00:25:00+00:00,2025-08-29 00:30:00+00:00,2025-08-29 00:35:00+00:00,0.36166365280289325,0.05967450271247964,0.07775768535262328,,0.36708860759493683,0.4303797468354421,0.0,0.0,0.07775768535262328,0.19529837251355947,0.43942133815551654,0.5587703435804655,0.11754068716093619,0.0018083182640128215,0.7896440129449894,-0.2983725135623879,-0.31464737793851877,0.2983725135623879,-0.3761301989150112,0.43218806509946006,0.03978300180831805,0.016274864376130814,0.03765690376569157,0.3761301989150112,0.5099457504520782,0.19529837251355947,0.36347197106690604,10.0
CENTRAL,reference_validation,360,15,,2025-08-31 15:00:00+00:00,2025-08-31 19:00:00+00:00,2025-08-31 19:10:00+00:00,205.74,201.39,4.350000000000023,-0.9477981918927236,-1.1977981918927236,L2_BREAK_FAST_FAIL_5M,0.0528735632183881,0.2068965517241381,10.0,0.0,5.0,TRUE_FAILURE_PROXY,False,,,False,False,,False,,1,2025-08-31 19:00:00+00:00,2025-08-31 19:05:00+00:00,2025-08-31 19:10:00+00:00,0.04137931034482894,0.08965517241379603,0.1287356321839079,,0.18620689655172368,0.2413793103448224,0.9166666666666666,0.4166666666666667,0.013793103448276313,0.052873563218388174,0.05747126436781579,0.14712643678160528,0.03908045977011186,0.05057471264367763,0.7343750000000139,-0.08965517241379603,-0.14482758620689476,0.08965517241379603,-0.10344827586207235,0.15862068965517107,0.0,0.055172413793098715,0.34782608695649486,0.10344827586207235,0.1977011494252829,0.052873563218388174,0.14482758620689476,10.0
CENTRAL,reference_validation,360,15,,2025-09-08 15:00:00+00:00,2025-09-08 15:20:00+00:00,2025-09-08 15:35:00+00:00,216.29,208.58,7.7099999999999795,-0.8090988950020805,-1.0590988950020803,L2_BREAK_FAST_FAIL_5M,0.0440985732814532,0.1128404669260709,15.0,5.0,5.0,TRUE_FAILURE_PROXY,False,,,False,True,105.0,False,,3,2025-09-08 15:25:00+00:00,2025-09-08 15:30:00+00:00,2025-09-08 15:35:00+00:00,0.041504539559013495,0.14785992217898694,0.14267185473411118,,0.21919584954604437,0.3035019455252931,0.9166666666666666,0.4166666666666667,0.033722438391701685,0.04409857328145322,0.0765239948119332,0.11413748378728895,0.01037613488975153,0.027237354085604217,0.9090909090909267,-0.04669260700388926,-0.05447470817120475,0.04669260700388926,-0.08041504539559094,0.08949416342412446,0.0012970168612180197,0.007782101167315491,0.08695652173913401,0.08041504539559094,0.09857328145265797,0.04409857328145322,0.1024643320363157,15.0
CENTRAL,reference_validation,360,15,,2025-09-09 15:00:00+00:00,2025-09-10 02:25:00+00:00,2025-09-10 02:50:00+00:00,219.26,213.12,6.139999999999986,-0.0912159080543317,-0.3412159080543318,L2_BREAK_FAST_FAIL_5M,0.0521172638436518,0.118892508143321,25.0,15.0,5.0,LATENT_RECOVERABLE,True,275.0,4.0,True,True,230.0,True,45.0,4,2025-09-10 02:40:00+00:00,2025-09-10 02:45:00+00:00,2025-09-10 02:50:00+00:00,0.048859934853417525,0.013029315960914117,0.27035830618892515,,0.3794788273615664,0.6547231270358337,0.3333333333333333,0.3333333333333333,0.016286644951143806,0.03420195439739551,0.06514657980456133,0.09934853420195221,0.017915309446251703,0.016286644951139177,0.8196721311475609,-0.008143322475567273,-0.037459283387620564,0.008143322475567273,-0.024429967426711077,0.08957654723127241,0.035830618892508034,0.029315960912053293,0.32727272727273293,0.024429967426711077,0.07166123778501607,0.05211726384365184,0.11889250814332107,25.0
CENTRAL,reference_validation,360,15,,2025-09-14 15:00:00+00:00,2025-09-14 17:45:00+00:00,2025-09-14 18:00:00+00:00,247.97,241.42,6.550000000000011,-0.3427834012178499,-0.5927834012178499,L2_BREAK_FAST_FAIL_5M,0.0595419847328265,0.1679389312977087,15.0,5.0,5.0,TRUE_FAILURE_PROXY,False,,,False,False,,False,,1,2025-09-14 17:50:00+00:00,2025-09-14 17:55:00+00:00,2025-09-14 18:00:00+00:00,0.027480916030535346,0.1038167938931263,0.38473282442747747,,0.4290076335877859,0.5496183206106852,0.4166666666666667,0.3333333333333333,0.022900763358779455,0.05954198473282658,0.048854961832059944,0.09007633587786296,0.03664122137404713,0.004580152671755891,0.5932203389830378,-0.02595419847328049,-0.03664122137404713,0.02595419847328049,-0.048854961832059944,0.07786259541985015,0.018320610687023564,0.010687022900766638,0.13725490196082146,0.048854961832059944,0.09618320610687371,0.05954198473282658,0.09465648854961885,15.0
CENTRAL,reference_validation,360,15,,2025-09-29 15:00:00+00:00,2025-09-29 15:00:00+00:00,2025-09-29 15:10:00+00:00,212.79,204.46,8.329999999999984,-0.8928991024014232,-1.1428991024014232,L2_BREAK_FAST_FAIL_5M,0.0732292917166884,0.186074429771907,10.0,0.0,5.0,TRUE_FAILURE_PROXY,False,,,False,True,285.0,False,,5,2025-09-29 15:00:00+00:00,2025-09-29 15:05:00+00:00,2025-09-29 15:10:00+00:00,0.06602641056422377,0.13685474189676075,0.21968787515006194,,0.3277310924369742,0.5126050420168056,0.25,0.3333333333333333,0.02160864345738381,0.028811524609845086,0.08763505402160758,0.12605042016806883,0.007202881152461271,0.031212484993999978,0.9428571428571413,-0.04561824729891911,-0.056422569027611016,0.04561824729891911,-0.06722689075630292,0.12965186074429946,0.05162064825930464,0.010804321728691906,0.08333333333333552,0.06722689075630292,0.0852340936374561,0.07322929171668845,0.09723889555822375,10.0
CENTRAL,reference_validation,360,15,,2025-10-03 15:00:00+00:00,2025-10-03 15:15:00+00:00,2025-10-03 15:30:00+00:00,231.7,227.0,4.699999999999989,-1.273198100992634,-1.523198100992634,L2_BREAK_FAST_FAIL_5M,0.4191489361702135,0.4170212765957413,15.0,5.0,5.0,LATENT_RECOVERABLE,True,0.0,1.0,False,True,0.0,True,5.0,2,2025-10-03 15:20:00+00:00,2025-10-03 15:25:00+00:00,2025-10-03 15:30:00+00:00,0.08936170212765714,0.3382978723404271,0.27021276595744964,,0.5021276595744723,0.987234042553191,0.08333333333333333,0.08333333333333333,0.0021276595744722025,0.08510638297872482,0.09361702127659549,0.1765957446808481,0.08297872340425262,0.0,0.5301204819277183,-0.125531914893612,-0.18723404255319098,0.125531914893612,-0.1276595744680842,0.18936170212766318,0.0,0.06170212765957897,0.32584269662923104,0.1276595744680842,0.2723404255319158,0.08510638297872482,0.41702127659574134,15.0
CENTRAL,reference_validation,360,15,,2025-10-13 15:00:00+00:00,2025-10-13 16:20:00+00:00,2025-10-13 16:30:00+00:00,198.06,190.0,8.060000000000002,-0.02524487529032,-0.27524487529032,L2_BREAK_FAST_FAIL_5M,0.1352357320099259,0.2071960297766768,10.0,0.0,5.0,LATENT_RECOVERABLE,True,30.0,1.0,False,True,0.0,True,30.0,1,2025-10-13 16:20:00+00:00,2025-10-13 16:25:00+00:00,2025-10-13 16:30:00+00:00,0.0831265508684883,0.07444168734491242,0.023573200992555544,,0.1836228287841178,0.280397022332505,0.5,0.3333333333333333,0.04342431761786529,0.10049627791563301,0.12655086848635358,0.3076923076923099,0.05707196029776772,0.12406947890818855,0.8145161290322562,-0.0012406947890807572,-0.05955334987592924,0.0012406947890807572,-0.04466501240694604,0.15880893300248147,0.055831265508686966,0.05831265508684848,0.3671874999999988,0.04466501240694604,0.16004962779156223,0.10049627791563301,0.20719602977667687,10.0
CENTRAL,reference_validation,360,15,,2025-11-01 15:00:00+00:00,2025-11-01 16:05:00+00:00,2025-11-01 16:15:00+00:00,186.66,183.58,3.079999999999984,-1.7679202828672635,-2.017920282867264,L2_BREAK_FAST_FAIL_5M,0.110389610389612,0.2662337662337654,10.0,0.0,5.0,TRUE_FAILURE_PROXY,False,,,False,True,20.0,False,,3,2025-11-01 16:05:00+00:00,2025-11-01 16:10:00+00:00,2025-11-01 16:15:00+00:00,0.06818181818182112,0.25324675324675494,0.25974025974025555,,0.4383116883116887,0.47402597402597907,0.25,0.08333333333333333,0.01948051948052032,0.11038961038961206,0.09090909090909174,0.18831168831169334,0.09090909090909174,0.006493506493509849,0.5172413793103533,-0.21103896103896397,-0.21103896103896397,0.21103896103896397,-0.22727272727273398,0.2305194805194843,0.0032467532467503105,0.0,0.0,0.2305194805194843,0.32142857142857606,0.11038961038961206,0.21103896103896397,10.0
CENTRAL,reference_validation,360,15,,2025-11-15 15:00:00+00:00,2025-11-15 15:10:00+00:00,2025-11-15 15:20:00+00:00,141.88,139.85,2.030000000000001,-0.8105441217930442,-1.0605441217930442,L2_BREAK_FAST_FAIL_5M,0.0246305418719267,0.2019704433497519,10.0,0.0,5.0,LATENT_RECOVERABLE,True,95.0,3.0,True,True,80.0,True,15.0,4,2025-11-15 15:10:00+00:00,2025-11-15 15:15:00+00:00,2025-11-15 15:20:00+00:00,0.07881773399014606,0.22660098522167868,0.23645320197043818,,0.4926108374384234,0.5270935960591097,0.16666666666666666,0.08333333333333333,0.004926108374379753,0.02463054187192677,0.08374384236452581,0.14285714285715287,0.019704433497547014,0.03940886699508003,0.8620689655171806,-0.11330049261083233,-0.14778325123151861,0.11330049261083233,-0.11330049261083233,0.17241379310344537,0.02463054187192677,0.034482758620686275,0.19999999999998375,0.1182266009852121,0.17241379310344537,0.02463054187192677,0.14778325123151861,10.0
CENTRAL,reference_validation,360,15,,2025-11-28 15:00:00+00:00,2025-11-28 15:30:00+00:00,2025-11-28 15:40:00+00:00,143.49,139.76,3.730000000000018,-3.623945919576321,-3.8739459195763217,L2_BREAK_FAST_FAIL_5M,0.0187667560321696,0.4369973190348492,10.0,0.0,5.0,TRUE_FAILURE_PROXY,False,,,False,False,,False,,1,2025-11-28 15:30:00+00:00,2025-11-28 15:35:00+00:00,2025-11-28 15:40:00+00:00,0.22252010723860816,0.10187667560321544,0.037533512064339324,,0.2975871313672944,0.4879356568364569,0.16666666666666666,0.16666666666666666,0.008042895442359515,0.018766756032169662,0.2305630026809677,0.3083109919571046,0.010723860589810147,0.06702412868632675,0.9652173913043549,-0.2815013404825754,-0.30563002680965395,0.2815013404825754,-0.2895442359249349,0.3136729222520135,0.0,0.024128686327078545,0.07692307692307879,0.2895442359249349,0.3243967828418236,0.018766756032169662,0.30563002680965395,10.0
CENTRAL,reference_validation,360,15,,2025-12-14 15:00:00+00:00,2025-12-15 02:15:00+00:00,2025-12-15 02:25:00+00:00,132.72,130.02,2.6999999999999886,-0.2260397830018412,-0.4760397830018412,L2_BREAK_FAST_FAIL_5M,0.1777777777777747,0.3592592592592603,10.0,0.0,5.0,LATENT_RECOVERABLE,True,705.0,7.0,True,True,480.0,True,225.0,7,2025-12-15 02:15:00+00:00,2025-12-15 02:20:00+00:00,2025-12-15 02:25:00+00:00,0.34074074074073757,0.2666666666666674,0.3666666666666716,,0.566666666666659,0.8962962962962955,0.0,0.0,0.007407407407411228,0.1370370370370393,0.34814814814814876,0.4962962962962996,0.12962962962962807,0.018518518518522806,0.7388059701492586,-0.022222222222223156,-0.04814814814814666,0.022222222222223156,-0.029629629629634387,0.2259259259259214,0.1703703703703635,0.02592592592592351,0.11475409836064733,0.029629629629634387,0.18518518518518595,0.17777777777777473,0.35925925925926033,10.0
CENTRAL,reference_validation,360,15,,2025-12-22 15:00:00+00:00,2025-12-22 15:05:00+00:00,2025-12-22 15:15:00+00:00,128.28,125.38,2.9000000000000057,-2.9622700342999964,-3.212270034299997,L2_BREAK_FAST_FAIL_5M,0.1586206896551748,0.300000000000001,10.0,0.0,5.0,TRUE_FAILURE_PROXY,False,,,False,False,,False,,3,2025-12-22 15:05:00+00:00,2025-12-22 15:10:00+00:00,2025-12-22 15:15:00+00:00,0.1344827586206896,0.07241379310344598,0.23793103448275738,,0.5689655172413752,0.6310344827586188,0.25,0.25,0.020689655172414535,0.03793103448275345,0.1517241379310334,0.20344827586206485,0.017241379310338912,0.03448275862069253,0.9152542372881629,-0.2620689655172426,-0.26551724137930843,0.2620689655172426,-0.2827586206896572,0.4241379310344833,0.1379310344827603,0.0034482758620658226,0.008130081300805588,0.2827586206896572,0.3034482758620619,0.15862068965517484,0.26551724137930843,10.0
CENTRAL,reference_validation,360,15,,2025-12-23 15:00:00+00:00,2025-12-23 20:40:00+00:00,2025-12-23 20:50:00+00:00,125.16,122.04,3.1199999999999903,-0.1997443272611088,-0.4497443272611088,L2_BREAK_FAST_FAIL_5M,0.1410256410256407,0.2724358974358964,10.0,0.0,5.0,TRUE_FAILURE_PROXY,False,,,False,False,,False,,1,2025-12-23 20:40:00+00:00,2025-12-23 20:45:00+00:00,2025-12-23 20:50:00+00:00,0.27243589743589647,0.05128205128205035,0.23717948717949083,,0.25961538461538614,0.3012820512820515,0.0,0.0,0.016025641025640164,0.06410256410256521,0.2852564102564113,0.3365384615384617,0.04807692307692505,0.0032051282051253002,0.8571428571428513,-0.016025641025640164,-0.06730769230769051,0.016025641025640164,-0.03205128205128033,0.20833333333333123,0.12500000000000058,0.05128205128205035,0.24615384615384414,0.03205128205128033,0.13141025641025572,0.14102564102564075,0.27243589743589647,10.0
CENTRAL,reference_validation,360,15,,2025-12-27 15:00:00+00:00,2025-12-27 15:10:00+00:00,2025-12-27 15:20:00+00:00,123.31,122.45,0.8599999999999994,-0.608223177357925,-0.858223177357925,L2_BREAK_FAST_FAIL_5M,0.0581395348837176,0.2441860465116373,10.0,0.0,5.0,LATENT_RECOVERABLE,True,285.0,8.0,True,True,5.0,True,280.0,8,2025-12-27 15:10:00+00:00,2025-12-27 15:15:00+00:00,2025-12-27 15:20:00+00:00,0.06976744186046781,0.1046511627907017,0.22093023255813704,,0.3139534883720886,0.5465116279069758,0.3333333333333333,0.25,0.02325581395348376,0.05813953488371766,0.09302325581395157,0.15116279069766922,0.034883720930233904,0.02325581395348376,0.7692307692307524,-0.16279069767441937,-0.22093023255813704,0.16279069767441937,-0.18604651162790314,0.2441860465116208,0.0,0.05813953488371766,0.23809523809523164,0.18604651162790314,0.2790697674418547,0.05813953488371766,0.22093023255813704,10.0
CENTRAL,reference_validation,360,15,,2026-01-23 15:00:00+00:00,2026-01-23 15:45:00+00:00,2026-01-23 15:55:00+00:00,127.68,125.22,2.460000000000008,-0.5090852130326118,-0.7590852130326118,L2_BREAK_FAST_FAIL_5M,0.150406504065042,0.2926829268292726,10.0,0.0,5.0,LATENT_RECOVERABLE,True,10.0,1.0,False,True,0.0,True,10.0,6,2026-01-23 15:45:00+00:00,2026-01-23 15:50:00+00:00,2026-01-23 15:55:00+00:00,0.29268292682927266,0.22764227642275864,0.467479674796743,,0.6747967479674761,0.7601626016260157,0.0,0.0,0.10569105691056507,0.15040650406504202,0.39430894308942915,0.4430894308943147,0.044715447154476944,0.0040650406504085706,0.8990825688073286,-0.04878048780487974,-0.1138211382113822,0.04878048780487974,-0.1544715447154448,0.21951219512194728,0.0,0.06504065040650246,0.29629629629629434,0.1544715447154448,0.2642276422764242,0.15040650406504202,0.29268292682927266,10.0
CENTRAL,reference_validation,360,15,,2026-01-30 15:00:00+00:00,2026-01-30 16:25:00+00:00,2026-01-30 16:50:00+00:00,117.6,114.58,3.019999999999996,-2.2534013605442493,-2.5034013605442498,L2_BREAK_FAST_FAIL_5M,0.1158940397351023,0.4867549668874175,25.0,15.0,5.0,LATENT_RECOVERABLE,True,135.0,3.0,True,True,120.0,True,15.0,7,2026-01-30 16:40:00+00:00,2026-01-30 16:45:00+00:00,2026-01-30 16:50:00+00:00,0.03642384105960251,0.38741721854304745,0.1258278145695351,,0.5993377483443724,0.5993377483443724,0.3333333333333333,0.25,0.03642384105960251,0.11589403973510232,0.0761589403973477,0.16556291390728498,0.0794701986754998,0.009933774834437475,0.5199999999999818,-0.17549668874172247,-0.18874172185430263,0.17549668874172247,-0.21523178807947235,0.22847682119205254,0.0,0.013245033112580164,0.05797101449274228,0.21192052980132497,0.3046357615894049,0.11589403973510232,0.4867549668874175,25.0
CENTRAL,reference_validation,360,15,,2026-02-02 15:00:00+00:00,2026-02-02 15:15:00+00:00,2026-02-02 15:30:00+00:00,105.11,101.36,3.75,0.0,-0.25,L2_BREAK_FAST_FAIL_5M,0.1839999999999994,0.1786666666666671,15.0,5.0,5.0,TRUE_FAILURE_PROXY,False,,,False,True,5.0,False,,4,2026-02-02 15:20:00+00:00,2026-02-02 15:25:00+00:00,2026-02-02 15:30:00+00:00,0.032000000000001215,0.22666666666666516,0.27466666666666695,,0.4853333333333315,0.6959999999999998,0.25,0.3333333333333333,0.08266666666666728,0.14400000000000165,0.11466666666666848,0.18933333333333546,0.06133333333333439,0.013333333333332576,0.676056338028167,0.0,-0.013333333333332576,0.0,-0.07999999999999924,0.19733333333333197,0.10400000000000015,0.013333333333332576,0.0675675675675642,0.08266666666666728,0.15733333333333424,0.1839999999999994,0.1786666666666671,15.0
CENTRAL,reference_validation,360,15,,2026-02-14 15:00:00+00:00,2026-02-14 15:15:00+00:00,2026-02-14 15:30:00+00:00,87.49,85.66,1.8299999999999983,-0.6857926620184585,-0.9357926620184585,L2_BREAK_FAST_FAIL_5M,0.087431693989077,0.2131147540983611,15.0,5.0,5.0,LATENT_RECOVERABLE,True,110.0,3.0,True,True,60.0,True,50.0,3,2026-02-14 15:20:00+00:00,2026-02-14 15:25:00+00:00,2026-02-14 15:30:00+00:00,0.016393442622951455,0.10382513661202071,0.2513661202185761,,0.31147540983606214,0.5737704918032777,0.4166666666666667,0.3333333333333333,0.010928961748639481,0.049180327868854366,0.027322404371590937,0.14754098360655535,0.03825136612021489,0.08196721311474951,0.7407407407407622,-0.06557377049179806,-0.0710382513661178,0.06557377049179806,-0.0710382513661178,0.15846994535519482,0.08196721311475728,0.005464480874319741,0.03448275862070655,0.07650273224043753,0.12021857923497217,0.08743169398907702,0.21311475409836117,15.0
CENTRAL,reference_validation,360,15,,2026-02-16 15:00:00+00:00,2026-02-17 00:45:00+00:00,2026-02-17 00:55:00+00:00,86.88,83.39,3.489999999999995,-0.6906077348065587,-0.9406077348065588,L2_BREAK_FAST_FAIL_5M,0.0659025787965628,0.1318051575931216,10.0,0.0,5.0,TRUE_FAILURE_PROXY,False,,,False,True,15.0,False,,4,2026-02-17 00:45:00+00:00,2026-02-17 00:50:00+00:00,2026-02-17 00:55:00+00:00,0.09169054441260563,0.008595988538682287,0.01146131805157774,,0.1404011461318039,0.15759312320916846,1.0,0.8333333333333334,0.06303724928366738,0.06590257879656285,0.154727793696273,0.1719197707736376,0.002865329512895453,0.01432664756446912,0.9833333333333246,-0.034383954154725074,-0.04297994269340736,0.034383954154725074,-0.09455587392550108,0.10601719197707475,0.002865329512891381,0.008595988538682287,0.08108108108108628,0.09742120343839246,0.1088825214899702,0.06590257879656285,0.10601719197707475,10.0
CENTRAL,reference_validation,360,15,,2026-02-25 15:00:00+00:00,2026-02-25 15:00:00+00:00,2026-02-25 15:10:00+00:00,85.75,82.18,3.569999999999993,-3.556851311953324,-3.806851311953325,L2_BREAK_FAST_FAIL_5M,0.0756302521008393,0.2240896358543413,10.0,0.0,5.0,LATENT_RECOVERABLE,True,70.0,2.0,True,True,25.0,True,45.0,2,2026-02-25 15:00:00+00:00,2026-02-25 15:05:00+00:00,2026-02-25 15:10:00+00:00,0.04481792717086748,0.32212885154061843,0.3501400560224096,,0.5126050420168072,0.5602240896358555,0.25,0.25,0.005602240896357439,0.07563025210083936,0.050420168067224914,0.12605042016806825,0.07002801120448193,0.0056022408963614205,0.444444444444448,-0.16806722689075504,-0.22408963585434136,0.16806722689075504,-0.17647058823529319,0.23809523809523694,0.005602240896357439,0.05602240896358634,0.23529411764706373,0.17366946778711248,0.29971988795518073,0.07563025210083936,0.22408963585434136,10.0
CENTRAL,reference_validation,360,15,,2026-03-10 15:00:00+00:00,2026-03-10 15:00:00+00:00,2026-03-10 15:10:00+00:00,88.2,84.86,3.3400000000000034,-2.4943310657596363,-2.7443310657596367,L2_BREAK_FAST_FAIL_5M,0.1137724550898188,0.2455089820359301,10.0,0.0,5.0,TRUE_FAILURE_PROXY,False,,,False,True,45.0,False,,4,2026-03-10 15:00:00+00:00,2026-03-10 15:05:00+00:00,2026-03-10 15:10:00+00:00,0.03892215568862561,0.4251497005987982,0.7035928143712551,,0.7485029940119753,1.0,0.16666666666666666,0.08333333333333333,0.10479041916167484,0.10479041916167484,0.14670658682634563,0.17664670658682718,0.0,0.029940119760481564,1.0,-0.1347305389221564,-0.15269461077844448,0.1347305389221564,-0.24251497005988068,0.26646706586826335,0.005988023952094611,0.017964071856288087,0.06741573033708116,0.23952095808383125,0.25748502994011935,0.11377245508981888,0.15269461077844448,10.0
CENTRAL,reference_validation,360,15,,2026-03-11 15:00:00+00:00,2026-03-11 17:25:00+00:00,2026-03-11 17:35:00+00:00,87.35,84.3,3.049999999999997,-0.4579278763594541,-0.7079278763594541,L2_BREAK_FAST_FAIL_5M,0.1508196721311503,0.2196721311475371,10.0,0.0,5.0,TRUE_FAILURE_PROXY,False,,,False,True,25.0,False,,6,2026-03-11 17:25:00+00:00,2026-03-11 17:30:00+00:00,2026-03-11 17:35:00+00:00,0.04262295081967068,0.15737704918032933,0.26885245901639143,,0.34098360655737475,0.501639344262296,0.3333333333333333,0.08333333333333333,0.08852459016393786,0.14754098360655846,0.13442622950820038,0.2032786885245872,0.059016393442620586,0.009836065573766215,0.7096774193548461,-0.026229508196720777,-0.03278688524589981,0.026229508196720777,-0.11803278688524582,0.1836065573770501,0.05901639344262524,0.006557377049179029,0.03571428571427846,0.11475409836065864,0.18032786885245825,0.1508196721311503,0.055737704918028735,10.0
CENTRAL,reference_validation,360,15,,2026-03-15 15:00:00+00:00,2026-03-15 20:35:00+00:00,2026-03-15 20:45:00+00:00,88.83,87.31,1.519999999999996,-0.2814364516491863,-0.5314364516491863,L2_BREAK_FAST_FAIL_5M,0.1052631578947348,0.2171052631578942,10.0,0.0,5.0,LATENT_RECOVERABLE,True,45.0,3.0,True,True,45.0,True,5.0,3,2026-03-15 20:35:00+00:00,2026-03-15 20:40:00+00:00,2026-03-15 20:45:00+00:00,0.2171052631578942,0.3223684210526291,0.23684210526315813,,0.4605263157894768,0.4605263157894768,0.0,0.0,0.03289473684210348,0.10526315789473488,0.24999999999999767,0.3223684210526291,0.07236842105263139,0.0,0.7755102040816315,-0.03289473684210348,-0.10526315789473488,0.03289473684210348,-0.06578947368420696,0.1907894736842058,0.05263157894736744,0.07236842105263139,0.3793103448275947,0.06578947368420696,0.21052631578946976,0.10526315789473488,0.2171052631578942,10.0
CENTRAL,reference_validation,360,15,,2026-03-29 15:00:00+00:00,2026-03-30 00:15:00+00:00,2026-03-30 00:25:00+00:00,82.79,81.62,1.1700000000000017,-3.5028385070661194,-3.75283850706612,L2_BREAK_FAST_FAIL_5M,0.1367521367521336,1.470085470085479,10.0,0.0,5.0,LATENT_RECOVERABLE,True,140.0,4.0,True,True,105.0,True,35.0,4,2026-03-30 00:15:00+00:00,2026-03-30 00:20:00+00:00,2026-03-30 00:25:00+00:00,1.3846153846153866,-0.14529914529914653,-0.12820512820512073,,0.47008547008546697,0.5042735042735065,0.0,0.0,0.00854700854700076,0.017094017094013668,1.4017094017094,1.4871794871794928,0.008547008547012907,0.07692307692307973,0.9942528735632155,-0.5042735042735065,-0.5042735042735065,0.5042735042735065,-0.5128205128205072,0.6410256410256401,0.12820512820513288,0.0,0.0,0.5128205128205072,0.5213675213675201,0.13675213675213363,1.470085470085479,10.0
CENTRAL,reference_validation,360,15,,2026-04-16 15:00:00+00:00,2026-04-16 15:10:00+00:00,2026-04-16 15:30:00+00:00,86.25,83.7,2.549999999999997,-0.2898550724637627,-0.5398550724637627,L2_BREAK_FAST_FAIL_5M,0.1333333333333348,0.1176470588235284,20.0,10.0,5.0,LATENT_RECOVERABLE,True,165.0,2.0,True,True,5.0,True,160.0,2,2026-04-16 15:20:00+00:00,2026-04-16 15:25:00+00:00,2026-04-16 15:30:00+00:00,0.0235294117647068,0.2823529411764705,0.3450980392156849,,0.4431372549019595,0.8901960784313719,0.25,0.25,0.09019607843137421,0.13333333333333483,0.11372549019608101,0.15686274509804163,0.04313725490196061,0.0,0.7250000000000053,-0.01568627450980639,-0.01960784313725381,0.01568627450980639,-0.10980392156862802,0.15294117647058864,0.03921568627451319,0.003921568627447418,0.025641025641002284,0.1058823529411806,0.15294117647058864,0.13333333333333483,0.11764705882352842,20.0
CENTRAL,reference_validation,360,15,,2026-04-20 15:00:00+00:00,2026-04-20 15:55:00+00:00,2026-04-20 16:05:00+00:00,85.8,84.46,1.3400000000000034,-1.5151515151514694,-1.7651515151514694,L2_BREAK_FAST_FAIL_5M,0.0447761194029866,0.2611940298507413,10.0,0.0,5.0,TRUE_FAILURE_PROXY,False,,,False,True,70.0,False,,5,2026-04-20 15:55:00+00:00,2026-04-20 16:00:00+00:00,2026-04-20 16:05:00+00:00,0.179104477611936,0.044776119402986654,0.14925373134328532,,0.29104477611940266,1.0447761194029868,0.16666666666666666,0.16666666666666666,0.014925373134325352,0.03731343283581868,0.19402985074626136,0.2164179104477547,0.022388059701493327,0.0,0.8965517241379243,-0.19402985074626136,-0.2164179104477547,0.19402985074626136,-0.20895522388058674,0.26119402985074136,0.029850746268661306,0.022388059701493327,0.08571428571429035,0.20895522388058674,0.2537313432835734,0.044776119402986654,0.2164179104477547,10.0
CENTRAL,reference_validation,360,15,,2026-04-24 15:00:00+00:00,2026-04-24 20:35:00+00:00,2026-04-24 20:45:00+00:00,86.75,84.79,1.9599999999999935,-0.5187319884726316,-0.7687319884726316,L2_BREAK_FAST_FAIL_5M,0.0867346938775521,0.1020408163265323,10.0,0.0,5.0,TRUE_FAILURE_PROXY,False,,,False,True,0.0,False,,2,2026-04-24 20:35:00+00:00,2026-04-24 20:40:00+00:00,2026-04-24 20:45:00+00:00,0.1020408163265324,0.12244897959183453,0.030612244897960446,,0.2142857142857086,0.2142857142857086,0.3333333333333333,0.08333333333333333,0.0051020408163291574,0.08673469387755217,0.10714285714286156,0.1887755102040846,0.08163265306122303,0.0,0.5675675675675821,-0.05102040816326257,-0.05612244897959173,0.05102040816326257,-0.05612244897959173,0.06122448979592089,0.0,0.0051020408163291574,0.08333333333337281,0.05612244897959173,0.1428571428571439,0.08673469387755217,0.1020408163265324,10.0
CENTRAL,reference_validation,360,15,,2026-04-28 15:00:00+00:00,2026-04-28 23:50:00+00:00,2026-04-29 00:00:00+00:00,84.04,82.91,1.1300000000000097,-0.1189909566873259,-0.3689909566873259,L2_BREAK_FAST_FAIL_5M,0.0973451327433615,0.1504424778761064,10.0,0.0,5.0,LATENT_RECOVERABLE,True,195.0,5.0,True,True,50.0,True,145.0,5,2026-04-28 23:50:00+00:00,2026-04-28 23:55:00+00:00,2026-04-29 00:00:00+00:00,0.07079646017700161,0.15929203539822218,0.16814159292035052,,0.22123893805309544,0.3274336283185727,0.25,0.16666666666666666,0.044247787610616575,0.0973451327433615,0.11504424778761818,0.17699115044247887,0.05309734513274492,0.00884955752211577,0.6999999999999929,-0.01769911504425669,-0.15044247787610643,0.01769911504425669,-0.061946902654873265,0.21238938053096712,0.017699115044244117,0.13274336283184973,0.6249999999999778,0.061946902654873265,0.2477876106194679,0.0973451327433615,0.15044247787610643,10.0
CENTRAL,reference_validation,360,15,,2026-05-02 15:00:00+00:00,2026-05-02 16:15:00+00:00,2026-05-02 16:25:00+00:00,84.11,83.47,0.6400000000000006,-0.1783378908571942,-0.4283378908571942,L2_BREAK_FAST_FAIL_5M,0.0937500000000034,0.1406250000000052,10.0,0.0,5.0,LATENT_RECOVERABLE,True,305.0,3.0,True,True,25.0,True,280.0,4,2026-05-02 16:15:00+00:00,2026-05-02 16:20:00+00:00,2026-05-02 16:25:00+00:00,0.09375000000000347,0.09375000000000347,0.17187499999999897,,0.24999999999999445,0.29687499999999617,0.4166666666666667,0.08333333333333333,0.01562500000000798,0.046875000000001735,0.10937500000001145,0.17187499999999897,0.031249999999993755,0.031249999999993755,0.8181818181818534,-0.046875000000001735,-0.06250000000000971,0.046875000000001735,-0.07812499999999549,0.15625000000001318,0.06250000000000971,0.01562500000000798,0.10000000000004264,0.06250000000000971,0.10937500000001145,0.09375000000000347,0.12499999999999722,10.0
CENTRAL,reference_validation,360,15,,2026-05-18 15:00:00+00:00,2026-05-19 00:20:00+00:00,2026-05-19 00:35:00+00:00,85.75,83.65,2.0999999999999943,-0.2915451895043608,-0.5415451895043608,L2_BREAK_FAST_FAIL_5M,0.0904761904761896,0.0857142857142892,15.0,5.0,5.0,TRUE_FAILURE_PROXY,False,,,False,False,,False,,2,2026-05-19 00:25:00+00:00,2026-05-19 00:30:00+00:00,2026-05-19 00:35:00+00:00,0.014285714285714866,0.1476190476190491,0.22380952380952387,,0.3333333333333356,0.34761904761905044,0.8333333333333334,0.25,0.009523809523807655,0.038095238095237384,0.02380952380952252,0.057142857142859466,0.028571428571429733,0.004761904761907211,0.5,-0.028571428571429733,-0.033333333333330176,0.028571428571429733,-0.038095238095237384,0.06190476190475991,0.019047619047622078,0.004761904761900444,0.07692307692300965,0.038095238095237384,0.07142857142856757,0.09047619047618964,0.0857142857142892,15.0
CENTRAL,reference_validation,360,15,,2026-06-01 15:00:00+00:00,2026-06-01 19:35:00+00:00,2026-06-01 19:45:00+00:00,81.24,79.2,2.039999999999992,0.0,-0.25,L2_BREAK_FAST_FAIL_5M,0.0294117647058835,0.1323529411764691,10.0,0.0,5.0,TRUE_FAILURE_PROXY,False,,,False,True,185.0,False,,3,2026-06-01 19:35:00+00:00,2026-06-01 19:40:00+00:00,2026-06-01 19:45:00+00:00,0.07352941176470199,0.18627450980392704,0.17647058823529452,,0.2647058823529453,0.3039215686274544,0.5,0.3333333333333333,0.01470588235294179,0.024509803921574296,0.09313725490196004,0.15686274509804346,0.009803921568632504,0.053921568627450914,0.9374999999999695,0.0,-0.06372549019607646,0.0,-0.019607843137258045,0.09313725490196004,0.00980392156862554,0.06372549019607646,0.6842105263157737,0.01470588235294179,0.08823529411765074,0.02941176470588358,0.13235294117646915,10.0
CENTRAL,reference_validation,360,15,,2026-06-10 15:00:00+00:00,2026-06-10 15:45:00+00:00,2026-06-10 16:00:00+00:00,65.52,62.91,2.6099999999999994,-0.8394383394383365,-1.0894383394383365,L2_BREAK_FAST_FAIL_5M,0.0842911877394631,0.3065134099616848,15.0,5.0,5.0,TRUE_FAILURE_PROXY,False,,,False,False,,False,,1,2026-06-10 15:50:00+00:00,2026-06-10 15:55:00+00:00,2026-06-10 16:00:00+00:00,0.21072796934865795,-0.12260536398467718,0.03831417624520856,,0.33716475095785275,0.4214559386973159,0.5833333333333334,0.5833333333333334,0.034482758620690966,0.08429118773946319,0.24521072796934892,0.356321839080457,0.049808429118772216,0.06130268199233587,0.8602150537634446,-0.04597701149424918,-0.07662835249042256,0.04597701149424918,-0.08045977011494015,0.12260536398467718,0.011494252873563657,0.03065134099617338,0.2500000000000333,0.08045977011494015,0.16091954022988575,0.08429118773946319,0.3065134099616848,15.0
CENTRAL,reference_validation,360,15,,2026-06-21 15:00:00+00:00,2026-06-21 16:50:00+00:00,2026-06-21 17:00:00+00:00,74.4,72.86,1.5400000000000065,-0.7392473118279508,-0.9892473118279508,L2_BREAK_FAST_FAIL_5M,0.2597402597402531,0.1688311688311714,10.0,0.0,5.0,TRUE_FAILURE_PROXY,False,,,False,True,10.0,False,,8,2026-06-21 16:50:00+00:00,2026-06-21 16:55:00+00:00,2026-06-21 17:00:00+00:00,0.12987012987013116,0.28571428571428303,0.22077922077922207,,0.3766233766233739,0.3766233766233739,0.16666666666666666,0.08333333333333333,0.06493506493506097,0.2597402597402531,0.19480519480519215,0.3896103896103843,0.19480519480519215,0.0,0.5,-0.07142857142857076,-0.0909090909090909,0.07142857142857076,-0.14285714285714152,0.19480519480519215,0.03246753246753049,0.019480519480520136,0.10000000000000474,0.13636363636363172,0.350649350649344,0.2597402597402531,0.12987012987013116,10.0
CENTRAL,reference_validation,360,15,,2026-06-27 15:00:00+00:00,2026-06-27 15:05:00+00:00,2026-06-27 15:20:00+00:00,72.87,71.49,1.3800000000000097,0.0,-0.25,L2_BREAK_FAST_FAIL_5M,0.2101449275362246,0.1666666666666683,15.0,5.0,5.0,TRUE_FAILURE_PROXY,False,,,False,True,0.0,False,,2,2026-06-27 15:10:00+00:00,2026-06-27 15:15:00+00:00,2026-06-27 15:20:00+00:00,0.007246376811597859,0.15217391304347266,0.07971014492753527,,0.2173913043478225,0.3913043478260784,0.8333333333333334,0.5833333333333334,0.09420289855072068,0.21014492753622466,0.10144927536231854,0.25362318840579123,0.11594202898550396,0.0362318840579687,0.5428571428571451,0.0,-0.02898550724638114,0.0,-0.08695652173912283,0.12318840579710182,0.007246376811597859,0.02898550724638114,0.23529411764709324,0.09420289855072068,0.2391304347826058,0.21014492753622466,0.16666666666666838,15.0
CENTRAL,reference_validation,360,15,,2026-07-07 15:00:00+00:00,2026-07-07 15:25:00+00:00,2026-07-07 15:45:00+00:00,81.96,80.45,1.509999999999991,0.0,-0.25,L2_BREAK_FAST_FAIL_5M,0.2251655629139109,0.112582781456946,20.0,10.0,5.0,LATENT_RECOVERABLE,True,100.0,1.0,False,True,0.0,True,100.0,1,2026-07-07 15:35:00+00:00,2026-07-07 15:40:00+00:00,2026-07-07 15:45:00+00:00,0.026490066225160452,0.178807947019866,0.19867549668874104,,0.41721854304635714,1.0794701986755002,0.4166666666666667,0.4166666666666667,0.0927152317880804,0.2185430463576255,0.11258278145694604,0.29139072847683084,0.1258278145695451,0.05298013245033973,0.5681818181818028,0.0,-0.08609271523178559,0.0,-0.086092715231795,0.1854304635761608,0.013245033112580226,0.08609271523178559,0.46428571428569615,0.0927152317880804,0.3046357615894111,0.2185430463576255,0.11258278145694604,20.0
CENTRAL,reference_validation,360,15,,2026-07-11 15:00:00+00:00,2026-07-11 15:20:00+00:00,2026-07-11 15:30:00+00:00,78.73,77.7,1.0300000000000011,-0.127016385113754,-0.377016385113754,L2_BREAK_FAST_FAIL_5M,0.1262135922330051,0.1844660194174733,10.0,0.0,5.0,TRUE_FAILURE_PROXY,False,,,False,False,,False,,1,2026-07-11 15:20:00+00:00,2026-07-11 15:25:00+00:00,2026-07-11 15:30:00+00:00,0.19417475728155595,-0.029126213592234083,0.058252427184468165,,0.27184466019416176,0.4271844660194148,0.4166666666666667,0.16666666666666666,0.029126213592234083,0.12621359223300516,0.2135922330097074,0.31067961165047847,0.09708737864077108,0.0,0.6875000000000111,-0.009708737864082627,-0.07766990291261962,0.009708737864082627,-0.038834951456316706,0.11650485436892252,0.009708737864068829,0.067961165048537,0.5833333333333235,0.038834951456316706,0.20388349514562476,0.12621359223300516,0.18446601941747331,10.0
CENTRAL,reference_validation,360,15,,2026-07-14 15:00:00+00:00,2026-07-14 15:45:00+00:00,2026-07-14 15:55:00+00:00,77.71,74.82,2.890000000000001,-2.187620640844101,-2.437620640844101,L2_BREAK_FAST_FAIL_5M,0.1003460207612478,0.1557093425605496,10.0,0.0,5.0,TRUE_FAILURE_PROXY,False,,,False,True,395.0,False,,7,2026-07-14 15:45:00+00:00,2026-07-14 15:50:00+00:00,2026-07-14 15:55:00+00:00,0.08650519031141865,0.006920415224912116,0.06574394463667739,,0.18685121107266153,0.2733564013840802,0.9166666666666666,0.5833333333333334,0.006920415224917033,0.013840830449829148,0.09688581314878929,0.10726643598615992,0.006920415224912116,0.0034602076124585165,0.9354838709677552,-0.11418685121107204,-0.12110726643598416,0.11418685121107204,-0.11764705882353055,0.22145328719723195,0.09688581314878929,0.006920415224912116,0.031249999999993755,0.12110726643598907,0.1349480968858133,0.10034602076124781,0.12110726643598416,10.0
CENTRAL,reference_validation,360,15,,2026-07-18 15:00:00+00:00,2026-07-18 16:50:00+00:00,2026-07-18 17:00:00+00:00,75.15,74.46,0.6900000000000119,-0.1996007984031989,-0.4496007984031989,L2_BREAK_FAST_FAIL_5M,0.1449275362318733,0.2173913043478305,10.0,0.0,5.0,LATENT_RECOVERABLE,True,60.0,3.0,True,True,15.0,True,45.0,3,2026-07-18 16:50:00+00:00,2026-07-18 16:55:00+00:00,2026-07-18 17:00:00+00:00,0.07246376811595726,0.11594202898550277,0.15942028985506887,,0.3043478260869422,0.4492753623188361,0.16666666666666666,0.16666666666666666,0.028985507246370543,0.14492753623187332,0.11594202898550277,0.36231884057970387,0.11594202898550277,0.13043478260869834,0.6800000000000068,-0.04347826086956611,-0.08695652173913222,0.04347826086956611,-0.057971014492741085,0.11594202898550277,0.014492753623195569,0.04347826086956611,0.3750000000000222,0.07246376811593666,0.23188405797100553,0.14492753623187332,0.21739130434783058,10.0
